gridID,EcotypeID,EcotypeFrac
1,-999,1.0000
2,-999,1.0000
3,-999,1.0000
4,-999,1.0000
5,-999,1.0000
6,-999,1.0000
7,-999,.9187
7,5254,.0813
8,-999,.5133
8,5254,.4867
9,-999,.2456
9,5254,.7544
10,-999,.0244
10,5254,.9756
11,5254,1.0000
12,5254,.8909
12,5274,.1091
13,5254,.9911
13,5274,.0089
14,5254,1.0000
15,5254,1.0000
16,5254,1.0000
17,5254,.7636
17,-999,.2364
18,-999,.5614
18,5254,.4386
19,-999,.6198
19,5254,.3802
20,-999,.5207
20,5254,.4793
21,-999,.8621
21,5254,.1379
22,-999,1.0000
23,-999,1.0000
24,-999,1.0000
25,-999,1.0000
26,-999,1.0000
27,-999,1.0000
28,-999,1.0000
29,-999,1.0000
30,-999,1.0000
31,-999,1.0000
32,-999,1.0000
33,-999,1.0000
34,-999,1.0000
35,-999,1.0000
36,-999,1.0000
37,-999,1.0000
38,-999,1.0000
39,-999,1.0000
40,-999,1.0000
41,-999,1.0000
42,-999,1.0000
43,-999,1.0000
44,-999,1.0000
45,-999,1.0000
46,-999,1.0000
47,-999,1.0000
48,-999,1.0000
49,-999,1.0000
50,-999,1.0000
51,-999,1.0000
52,-999,1.0000
53,-999,1.0000
54,-999,1.0000
55,-999,1.0000
56,-999,1.0000
57,-999,1.0000
58,-999,1.0000
59,-999,1.0000
60,-999,1.0000
61,-999,1.0000
62,-999,1.0000
63,-999,1.0000
64,-999,1.0000
65,-999,1.0000
66,-999,1.0000
67,-999,1.0000
68,-999,1.0000
69,-999,1.0000
70,-999,1.0000
71,-999,1.0000
72,-999,1.0000
73,-999,1.0000
74,-999,1.0000
75,-999,1.0000
76,-999,1.0000
77,-999,1.0000
78,-999,1.0000
79,-999,1.0000
80,-999,1.0000
81,-999,1.0000
82,-999,1.0000
83,-999,1.0000
84,-999,1.0000
85,-999,1.0000
86,-999,1.0000
87,-999,1.0000
88,-999,1.0000
89,-999,1.0000
90,-999,1.0000
91,-999,1.0000
92,-999,1.0000
93,-999,1.0000
94,-999,1.0000
95,-999,1.0000
96,-999,1.0000
97,-999,1.0000
98,-999,1.0000
99,-999,1.0000
100,-999,1.0000
101,-999,1.0000
102,-999,1.0000
103,-999,1.0000
104,-999,1.0000
105,-999,1.0000
106,-999,1.0000
107,-999,1.0000
108,-999,1.0000
109,-999,1.0000
110,-999,1.0000
111,-999,1.0000
112,-999,1.0000
113,-999,1.0000
114,-999,1.0000
115,-999,1.0000
116,-999,1.0000
117,-999,1.0000
118,-999,1.0000
119,-999,1.0000
120,-999,1.0000
121,-999,1.0000
122,-999,1.0000
123,-999,1.0000
124,-999,1.0000
125,-999,1.0000
126,-999,1.0000
127,-999,1.0000
128,-999,1.0000
129,-999,1.0000
130,-999,1.0000
131,-999,1.0000
132,-999,1.0000
133,-999,1.0000
134,-999,1.0000
135,-999,1.0000
136,-999,1.0000
137,-999,1.0000
138,-999,.9174
138,5254,.0826
139,-999,.6106
139,5254,.3894
140,-999,.1081
140,5254,.8919
141,5254,.9256
141,5274,.0744
142,5254,.9167
142,5274,.0833
143,5254,.9730
143,5274,.0270
144,5254,.4483
144,5274,.5517
145,5254,.0325
145,5274,.9675
146,5274,.6967
146,5254,.3033
147,5254,.8761
147,5274,.1239
148,5254,1.0000
149,5254,1.0000
150,5254,1.0000
151,5254,1.0000
152,5254,1.0000
153,5254,.9909
153,-999,.0091
154,5254,.4530
154,-999,.5470
155,-999,1.0000
156,-999,1.0000
157,-999,1.0000
158,-999,1.0000
159,-999,1.0000
160,-999,1.0000
161,-999,1.0000
162,-999,1.0000
163,-999,1.0000
164,-999,1.0000
165,-999,1.0000
166,-999,1.0000
167,-999,1.0000
168,-999,1.0000
169,-999,1.0000
170,-999,1.0000
171,-999,1.0000
172,-999,1.0000
173,-999,1.0000
174,-999,1.0000
175,-999,1.0000
176,-999,1.0000
177,-999,1.0000
178,-999,1.0000
179,-999,1.0000
180,-999,1.0000
181,-999,1.0000
182,-999,1.0000
183,-999,1.0000
184,-999,1.0000
185,-999,1.0000
186,-999,1.0000
187,-999,1.0000
188,-999,1.0000
189,-999,1.0000
190,-999,1.0000
191,-999,1.0000
192,-999,1.0000
193,-999,1.0000
194,-999,1.0000
195,-999,1.0000
196,-999,1.0000
197,-999,1.0000
198,-999,1.0000
199,-999,1.0000
200,-999,1.0000
201,-999,1.0000
202,-999,1.0000
203,-999,1.0000
204,-999,1.0000
205,-999,1.0000
206,-999,1.0000
207,-999,1.0000
208,-999,1.0000
209,-999,1.0000
210,-999,1.0000
211,-999,1.0000
212,-999,1.0000
213,-999,1.0000
214,-999,1.0000
215,-999,1.0000
216,-999,1.0000
217,-999,1.0000
218,-999,1.0000
219,-999,1.0000
220,-999,1.0000
221,-999,1.0000
222,-999,1.0000
223,-999,1.0000
224,-999,1.0000
225,-999,1.0000
226,-999,1.0000
227,-999,1.0000
228,-999,1.0000
229,-999,1.0000
230,-999,1.0000
231,-999,1.0000
232,-999,1.0000
233,-999,1.0000
234,-999,1.0000
235,-999,1.0000
236,-999,1.0000
237,-999,1.0000
238,-999,1.0000
239,-999,1.0000
240,-999,1.0000
241,-999,1.0000
242,-999,1.0000
243,-999,1.0000
244,-999,1.0000
245,-999,1.0000
246,-999,1.0000
247,-999,1.0000
248,-999,1.0000
249,-999,1.0000
250,-999,1.0000
251,-999,1.0000
252,-999,1.0000
253,-999,1.0000
254,-999,1.0000
255,-999,1.0000
256,-999,1.0000
257,-999,1.0000
258,-999,1.0000
259,-999,1.0000
260,-999,1.0000
261,-999,1.0000
262,-999,1.0000
263,-999,1.0000
264,-999,1.0000
265,-999,1.0000
266,-999,1.0000
267,-999,1.0000
268,-999,1.0000
269,-999,1.0000
270,-999,.8190
270,5254,.1810
271,-999,.0182
271,5254,.9818
272,5254,1.0000
273,5254,1.0000
274,5254,.4818
274,5274,.5182
275,5274,.9381
275,5254,.0619
276,5254,.1405
276,5274,.8595
277,5274,1.0000
278,5274,1.0000
279,5274,1.0000
280,5274,.8678
280,5254,.1322
281,5254,.7521
281,5274,.2479
282,5254,1.0000
283,5254,1.0000
284,5254,1.0000
285,5254,1.0000
286,5254,1.0000
287,5254,.9328
287,-999,.0672
288,-999,.7168
288,5254,.2832
289,-999,1.0000
290,-999,1.0000
291,-999,1.0000
292,-999,1.0000
293,-999,1.0000
294,-999,1.0000
295,-999,1.0000
296,-999,1.0000
297,-999,1.0000
298,-999,1.0000
299,-999,1.0000
300,-999,1.0000
301,-999,1.0000
302,-999,1.0000
303,-999,1.0000
304,-999,1.0000
305,-999,1.0000
306,-999,1.0000
307,-999,1.0000
308,-999,1.0000
309,-999,1.0000
310,-999,1.0000
311,-999,1.0000
312,-999,1.0000
313,-999,1.0000
314,-999,1.0000
315,-999,1.0000
316,-999,1.0000
317,-999,1.0000
318,-999,1.0000
319,-999,1.0000
320,-999,1.0000
321,-999,1.0000
322,-999,1.0000
323,-999,1.0000
324,-999,1.0000
325,-999,1.0000
326,-999,1.0000
327,-999,1.0000
328,-999,1.0000
329,-999,1.0000
330,-999,1.0000
331,-999,1.0000
332,-999,1.0000
333,-999,1.0000
334,-999,1.0000
335,-999,1.0000
336,-999,1.0000
337,-999,1.0000
338,-999,1.0000
339,-999,1.0000
340,-999,1.0000
341,-999,1.0000
342,-999,1.0000
343,-999,1.0000
344,-999,1.0000
345,-999,1.0000
346,-999,1.0000
347,-999,1.0000
348,-999,1.0000
349,-999,1.0000
350,-999,1.0000
351,-999,1.0000
352,-999,1.0000
353,-999,1.0000
354,-999,1.0000
355,-999,1.0000
356,-999,1.0000
357,-999,1.0000
358,-999,1.0000
359,-999,1.0000
360,-999,1.0000
361,-999,1.0000
362,-999,1.0000
363,-999,1.0000
364,-999,1.0000
365,-999,1.0000
366,-999,1.0000
367,-999,1.0000
368,-999,1.0000
369,-999,1.0000
370,-999,1.0000
371,-999,1.0000
372,-999,1.0000
373,-999,1.0000
374,-999,1.0000
375,-999,1.0000
376,-999,1.0000
377,-999,1.0000
378,-999,1.0000
379,-999,1.0000
380,-999,1.0000
381,-999,1.0000
382,-999,1.0000
383,-999,1.0000
384,-999,1.0000
385,-999,1.0000
386,-999,1.0000
387,-999,1.0000
388,-999,1.0000
389,-999,1.0000
390,-999,1.0000
391,-999,1.0000
392,-999,1.0000
393,-999,1.0000
394,-999,1.0000
395,-999,1.0000
396,-999,1.0000
397,-999,1.0000
398,-999,1.0000
399,-999,1.0000
400,-999,1.0000
401,-999,1.0000
402,-999,1.0000
403,-999,.9000
403,5254,.1000
404,5254,.9435
404,-999,.0565
405,5254,1.0000
406,5254,1.0000
407,5254,.2727
407,5274,.7273
408,5274,1.0000
409,5274,1.0000
410,5274,1.0000
411,5274,1.0000
412,5274,1.0000
413,5274,1.0000
414,5274,.9820
414,5254,.0180
415,5254,.4132
415,5274,.5868
416,5254,.9008
416,5274,.0992
417,5254,1.0000
418,5254,1.0000
419,5254,1.0000
420,5254,1.0000
421,5254,.9672
421,-999,.0328
422,-999,.4960
422,5254,.5040
423,-999,.8729
423,5254,.1271
424,-999,1.0000
425,-999,1.0000
426,-999,1.0000
427,-999,1.0000
428,-999,1.0000
429,-999,1.0000
430,-999,1.0000
431,-999,1.0000
432,-999,1.0000
433,-999,1.0000
434,-999,1.0000
435,-999,1.0000
436,-999,1.0000
437,-999,1.0000
438,-999,1.0000
439,-999,1.0000
440,-999,1.0000
441,-999,1.0000
442,-999,1.0000
443,-999,1.0000
444,-999,1.0000
445,-999,1.0000
446,-999,1.0000
447,-999,1.0000
448,-999,1.0000
449,-999,1.0000
450,-999,1.0000
451,-999,1.0000
452,-999,1.0000
453,-999,1.0000
454,-999,1.0000
455,-999,1.0000
456,-999,1.0000
457,-999,1.0000
458,-999,1.0000
459,-999,1.0000
460,-999,1.0000
461,-999,1.0000
462,-999,1.0000
463,-999,1.0000
464,-999,1.0000
465,-999,1.0000
466,-999,1.0000
467,-999,1.0000
468,-999,1.0000
469,-999,1.0000
470,-999,1.0000
471,-999,1.0000
472,-999,1.0000
473,-999,1.0000
474,-999,1.0000
475,-999,1.0000
476,-999,1.0000
477,-999,1.0000
478,-999,1.0000
479,-999,1.0000
480,-999,1.0000
481,-999,1.0000
482,-999,1.0000
483,-999,1.0000
484,-999,1.0000
485,-999,1.0000
486,-999,1.0000
487,-999,1.0000
488,-999,1.0000
489,-999,1.0000
490,-999,1.0000
491,-999,1.0000
492,-999,1.0000
493,-999,1.0000
494,-999,1.0000
495,-999,1.0000
496,-999,1.0000
497,-999,1.0000
498,-999,1.0000
499,-999,1.0000
500,-999,1.0000
501,-999,1.0000
502,-999,1.0000
503,-999,1.0000
504,-999,1.0000
505,-999,1.0000
506,-999,1.0000
507,-999,1.0000
508,-999,1.0000
509,-999,1.0000
510,-999,1.0000
511,-999,1.0000
512,-999,1.0000
513,-999,1.0000
514,-999,1.0000
515,-999,1.0000
516,-999,1.0000
517,-999,1.0000
518,-999,1.0000
519,-999,1.0000
520,-999,1.0000
521,-999,1.0000
522,-999,1.0000
523,-999,1.0000
524,-999,1.0000
525,-999,1.0000
526,-999,1.0000
527,-999,1.0000
528,-999,1.0000
529,-999,1.0000
530,-999,1.0000
531,-999,1.0000
532,-999,1.0000
533,-999,1.0000
534,-999,1.0000
535,-999,1.0000
536,-999,1.0000
537,-999,.1339
537,5254,.8661
538,5254,1.0000
539,5254,1.0000
540,5254,.2124
540,5274,.7876
541,5274,1.0000
542,5274,1.0000
543,5274,1.0000
544,5274,1.0000
545,5274,1.0000
546,5274,1.0000
547,5274,1.0000
548,5274,1.0000
549,5274,.9182
549,5254,.0818
550,5254,.3559
550,5274,.6441
551,5254,.4959
551,5274,.5041
552,5254,.6694
552,5274,.3306
553,5254,.9292
553,5274,.0708
554,5254,1.0000
555,5254,1.0000
556,5254,.9750
556,-999,.0250
557,-999,.3197
557,5254,.6803
558,-999,.9520
558,5254,.0480
559,-999,1.0000
560,-999,1.0000
561,-999,1.0000
562,-999,1.0000
563,-999,1.0000
564,-999,1.0000
565,-999,1.0000
566,-999,1.0000
567,-999,1.0000
568,-999,1.0000
569,-999,1.0000
570,-999,1.0000
571,-999,1.0000
572,-999,1.0000
573,-999,1.0000
574,-999,1.0000
575,-999,1.0000
576,-999,1.0000
577,-999,1.0000
578,-999,1.0000
579,-999,1.0000
580,-999,1.0000
581,-999,1.0000
582,-999,1.0000
583,-999,1.0000
584,-999,1.0000
585,-999,1.0000
586,-999,1.0000
587,-999,1.0000
588,-999,1.0000
589,-999,1.0000
590,-999,1.0000
591,-999,1.0000
592,-999,1.0000
593,-999,1.0000
594,-999,1.0000
595,-999,1.0000
596,-999,1.0000
597,-999,1.0000
598,-999,1.0000
599,-999,1.0000
600,-999,1.0000
601,-999,1.0000
602,-999,1.0000
603,-999,1.0000
604,-999,1.0000
605,-999,1.0000
606,-999,1.0000
607,-999,1.0000
608,-999,1.0000
609,-999,1.0000
610,-999,1.0000
611,-999,1.0000
612,-999,1.0000
613,-999,1.0000
614,-999,1.0000
615,-999,1.0000
616,-999,1.0000
617,-999,1.0000
618,-999,1.0000
619,-999,1.0000
620,-999,1.0000
621,-999,1.0000
622,-999,1.0000
623,-999,1.0000
624,-999,1.0000
625,-999,1.0000
626,-999,1.0000
627,-999,1.0000
628,-999,1.0000
629,-999,1.0000
630,-999,1.0000
631,-999,1.0000
632,-999,1.0000
633,-999,1.0000
634,-999,1.0000
635,-999,1.0000
636,-999,1.0000
637,-999,1.0000
638,-999,1.0000
639,-999,1.0000
640,-999,1.0000
641,-999,1.0000
642,-999,1.0000
643,-999,1.0000
644,-999,1.0000
645,-999,1.0000
646,-999,1.0000
647,-999,1.0000
648,-999,1.0000
649,-999,1.0000
650,-999,1.0000
651,-999,1.0000
652,-999,1.0000
653,-999,1.0000
654,-999,1.0000
655,-999,1.0000
656,-999,1.0000
657,-999,1.0000
658,-999,1.0000
659,-999,1.0000
660,-999,1.0000
661,-999,1.0000
662,-999,1.0000
663,-999,1.0000
664,-999,1.0000
665,-999,1.0000
666,-999,1.0000
667,-999,1.0000
668,-999,1.0000
669,-999,.9076
669,5254,.0924
670,-999,.0248
670,5254,.9752
671,5254,1.0000
672,5254,.8684
672,5274,.1316
673,5254,.0661
673,5274,.9339
674,5274,1.0000
675,5274,1.0000
676,5274,1.0000
677,5274,1.0000
678,5274,1.0000
679,5274,1.0000
680,5274,1.0000
681,5274,1.0000
682,5274,1.0000
683,5274,1.0000
684,5274,1.0000
685,5274,1.0000
686,5274,.8595
686,5254,.1405
687,5254,.8264
687,5274,.1736
688,5254,1.0000
689,5254,1.0000
690,5254,.9364
690,-999,.0636
691,5254,.3818
691,-999,.6182
692,-999,1.0000
693,-999,1.0000
694,-999,1.0000
695,-999,1.0000
696,-999,1.0000
697,-999,1.0000
698,-999,1.0000
699,-999,1.0000
700,-999,1.0000
701,-999,1.0000
702,-999,1.0000
703,-999,1.0000
704,-999,1.0000
705,-999,1.0000
706,-999,1.0000
707,-999,1.0000
708,-999,1.0000
709,-999,1.0000
710,-999,1.0000
711,-999,1.0000
712,-999,1.0000
713,-999,1.0000
714,-999,1.0000
715,-999,1.0000
716,-999,1.0000
717,-999,1.0000
718,-999,1.0000
719,-999,1.0000
720,-999,1.0000
721,-999,1.0000
722,-999,1.0000
723,-999,1.0000
724,-999,1.0000
725,-999,1.0000
726,-999,1.0000
727,-999,1.0000
728,-999,1.0000
729,-999,1.0000
730,-999,1.0000
731,-999,1.0000
732,-999,1.0000
733,-999,1.0000
734,-999,1.0000
735,-999,1.0000
736,-999,1.0000
737,-999,1.0000
738,-999,1.0000
739,-999,1.0000
740,-999,1.0000
741,-999,1.0000
742,-999,1.0000
743,-999,1.0000
744,-999,1.0000
745,-999,1.0000
746,-999,1.0000
747,-999,1.0000
748,-999,1.0000
749,-999,1.0000
750,-999,1.0000
751,-999,1.0000
752,-999,1.0000
753,-999,1.0000
754,-999,1.0000
755,-999,1.0000
756,-999,1.0000
757,-999,1.0000
758,-999,1.0000
759,-999,1.0000
760,-999,1.0000
761,-999,1.0000
762,-999,1.0000
763,-999,1.0000
764,-999,1.0000
765,-999,1.0000
766,-999,1.0000
767,-999,1.0000
768,-999,1.0000
769,-999,1.0000
770,-999,1.0000
771,-999,1.0000
772,-999,1.0000
773,-999,1.0000
774,-999,1.0000
775,-999,1.0000
776,-999,1.0000
777,-999,1.0000
778,-999,1.0000
779,-999,1.0000
780,-999,1.0000
781,-999,1.0000
782,-999,1.0000
783,-999,1.0000
784,-999,1.0000
785,-999,1.0000
786,-999,1.0000
787,-999,1.0000
788,-999,1.0000
789,-999,1.0000
790,-999,1.0000
791,-999,1.0000
792,-999,1.0000
793,-999,1.0000
794,-999,1.0000
795,-999,1.0000
796,-999,1.0000
797,-999,1.0000
798,-999,1.0000
799,-999,1.0000
800,-999,1.0000
801,-999,1.0000
802,-999,.7759
802,5254,.2241
803,5254,1.0000
804,5254,.7851
804,5274,.2149
805,5254,.0339
805,5274,.9661
806,5274,1.0000
807,5274,1.0000
808,5274,1.0000
809,5274,1.0000
810,5274,1.0000
811,5274,1.0000
812,5274,1.0000
813,5274,1.0000
814,5274,1.0000
815,5274,1.0000
816,5274,1.0000
817,5274,1.0000
818,5274,1.0000
819,5274,1.0000
820,5274,.8545
820,5254,.1455
821,5254,.7456
821,5274,.2544
822,5254,1.0000
823,5254,1.0000
824,5254,.4298
824,-999,.5702
825,-999,1.0000
826,-999,1.0000
827,-999,1.0000
828,-999,1.0000
829,-999,1.0000
830,-999,1.0000
831,-999,1.0000
832,-999,1.0000
833,-999,1.0000
834,-999,1.0000
835,-999,1.0000
836,-999,1.0000
837,-999,1.0000
838,-999,1.0000
839,-999,1.0000
840,-999,1.0000
841,-999,1.0000
842,-999,1.0000
843,-999,1.0000
844,-999,1.0000
845,-999,1.0000
846,-999,1.0000
847,-999,1.0000
848,-999,1.0000
849,-999,1.0000
850,-999,1.0000
851,-999,1.0000
852,-999,1.0000
853,-999,1.0000
854,-999,1.0000
855,-999,1.0000
856,-999,1.0000
857,-999,1.0000
858,-999,1.0000
859,-999,1.0000
860,-999,1.0000
861,-999,1.0000
862,-999,1.0000
863,-999,1.0000
864,-999,1.0000
865,-999,1.0000
866,-999,1.0000
867,-999,1.0000
868,-999,1.0000
869,-999,1.0000
870,-999,1.0000
871,-999,1.0000
872,-999,1.0000
873,-999,1.0000
874,-999,1.0000
875,-999,1.0000
876,-999,1.0000
877,-999,1.0000
878,-999,1.0000
879,-999,1.0000
880,-999,1.0000
881,-999,1.0000
882,-999,1.0000
883,-999,1.0000
884,-999,1.0000
885,-999,1.0000
886,-999,1.0000
887,-999,1.0000
888,-999,1.0000
889,-999,1.0000
890,-999,1.0000
891,-999,1.0000
892,-999,1.0000
893,-999,1.0000
894,-999,1.0000
895,-999,1.0000
896,-999,1.0000
897,-999,1.0000
898,-999,1.0000
899,-999,1.0000
900,-999,1.0000
901,-999,1.0000
902,-999,1.0000
903,-999,1.0000
904,-999,1.0000
905,-999,1.0000
906,-999,1.0000
907,-999,1.0000
908,-999,1.0000
909,-999,1.0000
910,-999,1.0000
911,-999,1.0000
912,-999,1.0000
913,-999,1.0000
914,-999,1.0000
915,-999,1.0000
916,-999,1.0000
917,-999,1.0000
918,-999,1.0000
919,-999,1.0000
920,-999,1.0000
921,-999,1.0000
922,-999,1.0000
923,-999,1.0000
924,-999,1.0000
925,-999,1.0000
926,-999,1.0000
927,-999,1.0000
928,-999,1.0000
929,-999,1.0000
930,-999,1.0000
931,-999,1.0000
932,-999,1.0000
933,-999,1.0000
934,-999,1.0000
935,-999,.6942
935,5254,.3058
936,5254,1.0000
937,5254,.6726
937,5274,.3274
938,5274,1.0000
939,5274,1.0000
940,5274,1.0000
941,5274,1.0000
942,5274,1.0000
943,5274,1.0000
944,5274,1.0000
945,5274,1.0000
946,5274,1.0000
947,5274,1.0000
948,5274,1.0000
949,5274,1.0000
950,5274,1.0000
951,5274,1.0000
952,5274,1.0000
953,5274,1.0000
954,5274,.9831
954,5254,.0169
955,5254,.6818
955,5274,.3182
956,5254,1.0000
957,5254,.7411
957,-999,.2589
958,-999,1.0000
959,-999,1.0000
960,-999,1.0000
961,-999,1.0000
962,-999,1.0000
963,-999,1.0000
964,-999,1.0000
965,-999,1.0000
966,-999,1.0000
967,-999,1.0000
968,-999,1.0000
969,-999,1.0000
970,-999,1.0000
971,-999,1.0000
972,-999,1.0000
973,-999,1.0000
974,-999,1.0000
975,-999,1.0000
976,-999,1.0000
977,-999,1.0000
978,-999,1.0000
979,-999,1.0000
980,-999,1.0000
981,-999,1.0000
982,-999,1.0000
983,-999,1.0000
984,-999,1.0000
985,-999,1.0000
986,-999,1.0000
987,-999,1.0000
988,-999,1.0000
989,-999,1.0000
990,-999,1.0000
991,-999,1.0000
992,-999,1.0000
993,-999,1.0000
994,-999,1.0000
995,-999,1.0000
996,-999,1.0000
997,-999,1.0000
998,-999,1.0000
999,-999,1.0000
1000,-999,1.0000
1001,-999,1.0000
1002,-999,1.0000
1003,-999,1.0000
1004,-999,1.0000
1005,-999,1.0000
1006,-999,1.0000
1007,-999,1.0000
1008,-999,1.0000
1009,-999,1.0000
1010,-999,1.0000
1011,-999,1.0000
1012,-999,1.0000
1013,-999,1.0000
1014,-999,1.0000
1015,-999,1.0000
1016,-999,1.0000
1017,-999,1.0000
1018,-999,1.0000
1019,-999,1.0000
1020,-999,1.0000
1021,-999,1.0000
1022,-999,1.0000
1023,-999,1.0000
1024,-999,1.0000
1025,-999,1.0000
1026,-999,1.0000
1027,-999,1.0000
1028,-999,1.0000
1029,-999,1.0000
1030,-999,1.0000
1031,-999,1.0000
1032,-999,1.0000
1033,-999,1.0000
1034,-999,1.0000
1035,-999,1.0000
1036,-999,1.0000
1037,-999,1.0000
1038,-999,1.0000
1039,-999,1.0000
1040,-999,1.0000
1041,-999,1.0000
1042,-999,1.0000
1043,-999,1.0000
1044,-999,1.0000
1045,-999,1.0000
1046,-999,1.0000
1047,-999,1.0000
1048,-999,1.0000
1049,-999,1.0000
1050,-999,1.0000
1051,-999,1.0000
1052,-999,1.0000
1053,-999,1.0000
1054,-999,1.0000
1055,-999,1.0000
1056,-999,1.0000
1057,-999,1.0000
1058,-999,1.0000
1059,-999,1.0000
1060,-999,1.0000
1061,-999,1.0000
1062,-999,1.0000
1063,-999,1.0000
1064,-999,1.0000
1065,-999,1.0000
1066,-999,1.0000
1067,-999,1.0000
1068,-999,.5357
1068,5254,.4643
1069,5254,1.0000
1070,5254,.3306
1070,5274,.6694
1071,5274,1.0000
1072,5274,1.0000
1073,5274,1.0000
1074,5274,1.0000
1075,5274,1.0000
1076,5274,1.0000
1077,5274,1.0000
1078,5274,1.0000
1079,5274,1.0000
1080,5274,1.0000
1081,5274,1.0000
1082,5274,1.0000
1083,5274,1.0000
1084,5274,1.0000
1085,5274,1.0000
1086,5274,1.0000
1087,5274,1.0000
1088,5274,.5455
1088,5254,.4545
1089,5254,1.0000
1090,5254,.9917
1090,-999,.0083
1091,-999,.7545
1091,5254,.2455
1092,-999,1.0000
1093,-999,1.0000
1094,-999,1.0000
1095,-999,1.0000
1096,-999,1.0000
1097,-999,1.0000
1098,-999,1.0000
1099,-999,1.0000
1100,-999,1.0000
1101,-999,1.0000
1102,-999,1.0000
1103,-999,1.0000
1104,-999,1.0000
1105,-999,1.0000
1106,-999,1.0000
1107,-999,1.0000
1108,-999,1.0000
1109,-999,1.0000
1110,-999,1.0000
1111,-999,1.0000
1112,-999,1.0000
1113,-999,1.0000
1114,-999,1.0000
1115,-999,1.0000
1116,-999,1.0000
1117,-999,1.0000
1118,-999,1.0000
1119,-999,1.0000
1120,-999,1.0000
1121,-999,1.0000
1122,-999,1.0000
1123,-999,1.0000
1124,-999,1.0000
1125,-999,1.0000
1126,-999,1.0000
1127,-999,1.0000
1128,-999,1.0000
1129,-999,1.0000
1130,-999,1.0000
1131,-999,1.0000
1132,-999,1.0000
1133,-999,1.0000
1134,-999,1.0000
1135,-999,1.0000
1136,-999,1.0000
1137,-999,1.0000
1138,-999,1.0000
1139,-999,1.0000
1140,-999,1.0000
1141,-999,1.0000
1142,-999,1.0000
1143,-999,1.0000
1144,-999,1.0000
1145,-999,1.0000
1146,-999,1.0000
1147,-999,1.0000
1148,-999,1.0000
1149,-999,1.0000
1150,-999,1.0000
1151,-999,1.0000
1152,-999,1.0000
1153,-999,1.0000
1154,-999,1.0000
1155,-999,1.0000
1156,-999,1.0000
1157,-999,1.0000
1158,-999,1.0000
1159,-999,1.0000
1160,-999,1.0000
1161,-999,1.0000
1162,-999,1.0000
1163,-999,1.0000
1164,-999,1.0000
1165,-999,1.0000
1166,-999,1.0000
1167,-999,1.0000
1168,-999,1.0000
1169,-999,1.0000
1170,-999,1.0000
1171,-999,1.0000
1172,-999,1.0000
1173,-999,1.0000
1174,-999,1.0000
1175,-999,1.0000
1176,-999,1.0000
1177,-999,1.0000
1178,-999,1.0000
1179,-999,1.0000
1180,-999,1.0000
1181,-999,1.0000
1182,-999,1.0000
1183,-999,1.0000
1184,-999,1.0000
1185,-999,1.0000
1186,-999,1.0000
1187,-999,1.0000
1188,-999,1.0000
1189,-999,1.0000
1190,-999,1.0000
1191,-999,1.0000
1192,-999,1.0000
1193,-999,1.0000
1194,-999,1.0000
1195,-999,1.0000
1196,-999,1.0000
1197,-999,1.0000
1198,-999,1.0000
1199,-999,1.0000
1200,-999,1.0000
1201,-999,.3984
1201,5254,.6016
1202,5254,1.0000
1203,5254,.3727
1203,5274,.6273
1204,5274,1.0000
1205,5274,1.0000
1206,5274,1.0000
1207,5274,1.0000
1208,5274,1.0000
1209,5274,1.0000
1210,5274,1.0000
1211,5274,1.0000
1212,5274,1.0000
1213,5274,1.0000
1214,5274,1.0000
1215,5274,1.0000
1216,5274,1.0000
1217,5274,1.0000
1218,5274,1.0000
1219,5274,1.0000
1220,5274,1.0000
1221,5274,.5690
1221,5254,.4310
1222,5254,1.0000
1223,5254,.8644
1223,-999,.1356
1224,5254,.3554
1224,-999,.6446
1225,-999,1.0000
1226,-999,1.0000
1227,-999,1.0000
1228,-999,1.0000
1229,-999,1.0000
1230,-999,1.0000
1231,-999,1.0000
1232,-999,1.0000
1233,-999,1.0000
1234,-999,1.0000
1235,-999,1.0000
1236,-999,1.0000
1237,-999,1.0000
1238,-999,1.0000
1239,-999,1.0000
1240,-999,1.0000
1241,-999,1.0000
1242,-999,1.0000
1243,-999,1.0000
1244,-999,1.0000
1245,-999,1.0000
1246,-999,1.0000
1247,-999,1.0000
1248,-999,1.0000
1249,-999,1.0000
1250,-999,1.0000
1251,-999,1.0000
1252,-999,1.0000
1253,-999,1.0000
1254,-999,1.0000
1255,-999,1.0000
1256,-999,1.0000
1257,-999,1.0000
1258,-999,1.0000
1259,-999,1.0000
1260,-999,1.0000
1261,-999,1.0000
1262,-999,1.0000
1263,-999,1.0000
1264,-999,1.0000
1265,-999,1.0000
1266,-999,1.0000
1267,-999,1.0000
1268,-999,1.0000
1269,-999,1.0000
1270,-999,1.0000
1271,-999,1.0000
1272,-999,1.0000
1273,-999,1.0000
1274,-999,1.0000
1275,-999,1.0000
1276,-999,1.0000
1277,-999,1.0000
1278,-999,1.0000
1279,-999,1.0000
1280,-999,1.0000
1281,-999,1.0000
1282,-999,1.0000
1283,-999,1.0000
1284,-999,1.0000
1285,-999,1.0000
1286,-999,1.0000
1287,-999,1.0000
1288,-999,1.0000
1289,-999,1.0000
1290,-999,1.0000
1291,-999,1.0000
1292,-999,1.0000
1293,-999,1.0000
1294,-999,1.0000
1295,-999,1.0000
1296,-999,1.0000
1297,-999,1.0000
1298,-999,1.0000
1299,-999,1.0000
1300,-999,1.0000
1301,-999,1.0000
1302,-999,1.0000
1303,-999,1.0000
1304,-999,1.0000
1305,-999,1.0000
1306,-999,1.0000
1307,-999,1.0000
1308,-999,1.0000
1309,-999,1.0000
1310,-999,1.0000
1311,-999,1.0000
1312,-999,1.0000
1313,-999,1.0000
1314,-999,1.0000
1315,-999,1.0000
1316,-999,1.0000
1317,-999,1.0000
1318,-999,1.0000
1319,-999,1.0000
1320,-999,1.0000
1321,-999,1.0000
1322,-999,1.0000
1323,-999,1.0000
1324,-999,1.0000
1325,-999,1.0000
1326,-999,1.0000
1327,-999,1.0000
1328,-999,1.0000
1329,-999,1.0000
1330,-999,1.0000
1331,-999,1.0000
1332,-999,1.0000
1333,-999,1.0000
1334,-999,.9115
1334,5254,.0885
1335,5254,.9421
1335,-999,.0579
1336,5254,.8400
1336,5274,.1600
1337,5274,.8621
1337,5254,.1379
1338,5274,1.0000
1339,5274,1.0000
1340,5274,1.0000
1341,5274,1.0000
1342,5274,1.0000
1343,5274,1.0000
1344,5274,1.0000
1345,5274,1.0000
1346,5274,1.0000
1347,5274,1.0000
1348,5274,1.0000
1349,5274,1.0000
1350,5274,1.0000
1351,5274,1.0000
1352,5274,1.0000
1353,5274,1.0000
1354,5274,.6911
1354,5254,.3089
1355,5254,1.0000
1356,5254,1.0000
1357,5254,.8545
1357,-999,.1455
1358,-999,.9636
1358,5254,.0364
1359,-999,1.0000
1360,-999,1.0000
1361,-999,1.0000
1362,-999,1.0000
1363,-999,1.0000
1364,-999,1.0000
1365,-999,1.0000
1366,-999,1.0000
1367,-999,1.0000
1368,-999,1.0000
1369,-999,1.0000
1370,-999,1.0000
1371,-999,1.0000
1372,-999,1.0000
1373,-999,1.0000
1374,-999,1.0000
1375,-999,1.0000
1376,-999,1.0000
1377,-999,1.0000
1378,-999,1.0000
1379,-999,1.0000
1380,-999,1.0000
1381,-999,1.0000
1382,-999,1.0000
1383,-999,1.0000
1384,-999,1.0000
1385,-999,1.0000
1386,-999,1.0000
1387,-999,1.0000
1388,-999,1.0000
1389,-999,1.0000
1390,-999,1.0000
1391,-999,1.0000
1392,-999,1.0000
1393,-999,1.0000
1394,-999,1.0000
1395,-999,1.0000
1396,-999,1.0000
1397,-999,1.0000
1398,-999,1.0000
1399,-999,1.0000
1400,-999,1.0000
1401,-999,1.0000
1402,-999,1.0000
1403,-999,1.0000
1404,-999,1.0000
1405,-999,1.0000
1406,-999,1.0000
1407,-999,1.0000
1408,-999,1.0000
1409,-999,1.0000
1410,-999,1.0000
1411,-999,1.0000
1412,-999,1.0000
1413,-999,1.0000
1414,-999,1.0000
1415,-999,1.0000
1416,-999,1.0000
1417,-999,1.0000
1418,-999,1.0000
1419,-999,1.0000
1420,-999,1.0000
1421,-999,1.0000
1422,-999,1.0000
1423,-999,1.0000
1424,-999,1.0000
1425,-999,1.0000
1426,-999,1.0000
1427,-999,1.0000
1428,-999,1.0000
1429,-999,1.0000
1430,-999,1.0000
1431,-999,1.0000
1432,-999,1.0000
1433,-999,1.0000
1434,-999,1.0000
1435,-999,1.0000
1436,-999,1.0000
1437,-999,1.0000
1438,-999,1.0000
1439,-999,1.0000
1440,-999,1.0000
1441,-999,1.0000
1442,-999,1.0000
1443,-999,1.0000
1444,-999,1.0000
1445,-999,1.0000
1446,-999,1.0000
1447,-999,1.0000
1448,-999,1.0000
1449,-999,1.0000
1450,-999,1.0000
1451,-999,1.0000
1452,-999,1.0000
1453,-999,1.0000
1454,-999,1.0000
1455,-999,1.0000
1456,-999,1.0000
1457,-999,1.0000
1458,-999,1.0000
1459,-999,1.0000
1460,-999,1.0000
1461,-999,1.0000
1462,-999,1.0000
1463,-999,1.0000
1464,-999,1.0000
1465,-999,1.0000
1466,-999,1.0000
1467,-999,.5455
1467,5254,.4545
1468,5254,1.0000
1469,5254,1.0000
1470,5254,.8065
1470,5274,.1935
1471,5274,.8320
1471,5254,.1680
1472,5274,1.0000
1473,5274,1.0000
1474,5274,1.0000
1475,5274,1.0000
1476,5274,1.0000
1477,5274,1.0000
1478,5274,1.0000
1479,5274,1.0000
1480,5274,1.0000
1481,5274,1.0000
1482,5274,1.0000
1483,5274,.8512
1483,5254,.1488
1484,5274,.5785
1484,5254,.4215
1485,5274,.8403
1485,5254,.1597
1486,5274,1.0000
1487,5274,.7545
1487,5254,.2455
1488,5254,1.0000
1489,5254,1.0000
1490,5254,1.0000
1491,5254,.2893
1491,-999,.7107
1492,-999,1.0000
1493,-999,1.0000
1494,-999,1.0000
1495,-999,1.0000
1496,-999,1.0000
1497,-999,1.0000
1498,-999,1.0000
1499,-999,1.0000
1500,-999,1.0000
1501,-999,1.0000
1502,-999,1.0000
1503,-999,1.0000
1504,-999,1.0000
1505,-999,1.0000
1506,-999,1.0000
1507,-999,1.0000
1508,-999,1.0000
1509,-999,1.0000
1510,-999,1.0000
1511,-999,1.0000
1512,-999,1.0000
1513,-999,1.0000
1514,-999,1.0000
1515,-999,1.0000
1516,-999,1.0000
1517,-999,1.0000
1518,-999,1.0000
1519,-999,1.0000
1520,-999,1.0000
1521,-999,1.0000
1522,-999,1.0000
1523,-999,1.0000
1524,-999,1.0000
1525,-999,1.0000
1526,-999,1.0000
1527,-999,1.0000
1528,-999,1.0000
1529,-999,1.0000
1530,-999,1.0000
1531,-999,1.0000
1532,-999,1.0000
1533,-999,1.0000
1534,-999,1.0000
1535,-999,1.0000
1536,-999,1.0000
1537,-999,1.0000
1538,-999,1.0000
1539,-999,1.0000
1540,-999,1.0000
1541,-999,1.0000
1542,-999,1.0000
1543,-999,1.0000
1544,-999,1.0000
1545,-999,1.0000
1546,-999,1.0000
1547,-999,1.0000
1548,-999,1.0000
1549,-999,1.0000
1550,-999,1.0000
1551,-999,1.0000
1552,-999,1.0000
1553,-999,1.0000
1554,-999,1.0000
1555,-999,1.0000
1556,-999,1.0000
1557,-999,1.0000
1558,-999,1.0000
1559,-999,1.0000
1560,-999,1.0000
1561,-999,1.0000
1562,-999,1.0000
1563,-999,1.0000
1564,-999,1.0000
1565,-999,1.0000
1566,-999,1.0000
1567,-999,1.0000
1568,-999,1.0000
1569,-999,1.0000
1570,-999,1.0000
1571,-999,1.0000
1572,-999,1.0000
1573,-999,1.0000
1574,-999,1.0000
1575,-999,1.0000
1576,-999,1.0000
1577,-999,1.0000
1578,-999,1.0000
1579,-999,1.0000
1580,-999,1.0000
1581,-999,1.0000
1582,-999,1.0000
1583,-999,1.0000
1584,-999,1.0000
1585,-999,1.0000
1586,-999,1.0000
1587,-999,1.0000
1588,-999,1.0000
1589,-999,1.0000
1590,-999,1.0000
1591,-999,1.0000
1592,-999,1.0000
1593,-999,1.0000
1594,-999,1.0000
1595,-999,1.0000
1596,-999,1.0000
1597,-999,1.0000
1598,-999,1.0000
1599,-999,1.0000
1600,-999,.8559
1600,5254,.1441
1601,5254,.9500
1601,-999,.0500
1602,5254,1.0000
1603,5254,1.0000
1604,5254,.9304
1604,5274,.0696
1605,5274,.5656
1605,5254,.4344
1606,5274,.9754
1606,5254,.0246
1607,5274,1.0000
1608,5274,1.0000
1609,5274,1.0000
1610,5274,1.0000
1611,5274,1.0000
1612,5274,1.0000
1613,5274,1.0000
1614,5274,1.0000
1615,5274,1.0000
1616,5274,.8174
1616,5254,.1826
1617,5254,.9818
1617,5274,.0182
1618,5254,.9748
1618,5274,.0252
1619,5274,.2893
1619,5254,.7107
1620,5274,.3058
1620,5254,.6942
1621,5254,1.0000
1622,5254,1.0000
1623,5254,1.0000
1624,5254,.7009
1624,-999,.2991
1625,-999,.9916
1625,5254,.0084
1626,-999,1.0000
1627,-999,1.0000
1628,-999,1.0000
1629,-999,1.0000
1630,-999,1.0000
1631,-999,1.0000
1632,-999,1.0000
1633,-999,1.0000
1634,-999,1.0000
1635,-999,1.0000
1636,-999,1.0000
1637,-999,1.0000
1638,-999,1.0000
1639,-999,1.0000
1640,-999,1.0000
1641,-999,1.0000
1642,-999,1.0000
1643,-999,1.0000
1644,-999,1.0000
1645,-999,1.0000
1646,-999,1.0000
1647,-999,1.0000
1648,-999,1.0000
1649,-999,1.0000
1650,-999,1.0000
1651,-999,1.0000
1652,-999,1.0000
1653,-999,1.0000
1654,-999,1.0000
1655,-999,1.0000
1656,-999,1.0000
1657,-999,1.0000
1658,-999,1.0000
1659,-999,1.0000
1660,-999,1.0000
1661,-999,1.0000
1662,-999,1.0000
1663,-999,1.0000
1664,-999,1.0000
1665,-999,1.0000
1666,-999,1.0000
1667,-999,1.0000
1668,-999,1.0000
1669,-999,1.0000
1670,-999,1.0000
1671,-999,1.0000
1672,-999,1.0000
1673,-999,1.0000
1674,-999,1.0000
1675,-999,1.0000
1676,-999,1.0000
1677,-999,1.0000
1678,-999,1.0000
1679,-999,1.0000
1680,-999,1.0000
1681,-999,1.0000
1682,-999,1.0000
1683,-999,1.0000
1684,-999,1.0000
1685,-999,1.0000
1686,-999,1.0000
1687,-999,1.0000
1688,-999,1.0000
1689,-999,1.0000
1690,-999,1.0000
1691,-999,1.0000
1692,-999,1.0000
1693,-999,1.0000
1694,-999,1.0000
1695,-999,1.0000
1696,-999,1.0000
1697,-999,1.0000
1698,-999,1.0000
1699,-999,1.0000
1700,-999,1.0000
1701,-999,1.0000
1702,-999,1.0000
1703,-999,1.0000
1704,-999,1.0000
1705,-999,1.0000
1706,-999,1.0000
1707,-999,1.0000
1708,-999,1.0000
1709,-999,1.0000
1710,-999,1.0000
1711,-999,1.0000
1712,-999,1.0000
1713,-999,1.0000
1714,-999,1.0000
1715,-999,1.0000
1716,-999,1.0000
1717,-999,1.0000
1718,-999,1.0000
1719,-999,1.0000
1720,-999,1.0000
1721,-999,1.0000
1722,-999,1.0000
1723,-999,1.0000
1724,-999,1.0000
1725,-999,1.0000
1726,-999,1.0000
1727,-999,1.0000
1728,-999,1.0000
1729,-999,1.0000
1730,-999,1.0000
1731,-999,1.0000
1732,-999,1.0000
1733,-999,1.0000
1734,-999,.9145
1734,5254,.0855
1735,5254,.5000
1735,-999,.5000
1736,5254,.9587
1736,-999,.0413
1737,5254,1.0000
1738,5254,1.0000
1739,5254,.7542
1739,5274,.2458
1740,5274,.7025
1740,5254,.2975
1741,5274,1.0000
1742,5274,1.0000
1743,5274,1.0000
1744,5274,1.0000
1745,5274,1.0000
1746,5274,1.0000
1747,5274,1.0000
1748,5274,1.0000
1749,5274,1.0000
1750,5274,.2171
1750,5254,.7829
1751,5254,1.0000
1752,5254,1.0000
1753,5254,1.0000
1754,5254,1.0000
1755,5254,1.0000
1756,5254,1.0000
1757,5254,.9920
1757,-999,.0080
1758,-999,.3140
1758,5254,.6860
1759,-999,.9909
1759,5254,.0091
1760,-999,1.0000
1761,-999,1.0000
1762,-999,1.0000
1763,-999,1.0000
1764,-999,1.0000
1765,-999,1.0000
1766,-999,1.0000
1767,-999,1.0000
1768,-999,1.0000
1769,-999,1.0000
1770,-999,1.0000
1771,-999,1.0000
1772,-999,1.0000
1773,-999,1.0000
1774,-999,1.0000
1775,-999,1.0000
1776,-999,1.0000
1777,-999,1.0000
1778,-999,1.0000
1779,-999,1.0000
1780,-999,1.0000
1781,-999,1.0000
1782,-999,1.0000
1783,-999,1.0000
1784,-999,1.0000
1785,-999,1.0000
1786,-999,1.0000
1787,-999,1.0000
1788,-999,1.0000
1789,-999,1.0000
1790,-999,1.0000
1791,-999,1.0000
1792,-999,1.0000
1793,-999,1.0000
1794,-999,1.0000
1795,-999,1.0000
1796,-999,1.0000
1797,-999,1.0000
1798,-999,1.0000
1799,-999,1.0000
1800,-999,1.0000
1801,-999,1.0000
1802,-999,1.0000
1803,-999,1.0000
1804,-999,1.0000
1805,-999,1.0000
1806,-999,1.0000
1807,-999,1.0000
1808,-999,1.0000
1809,-999,1.0000
1810,-999,1.0000
1811,-999,1.0000
1812,-999,1.0000
1813,-999,1.0000
1814,-999,1.0000
1815,-999,1.0000
1816,-999,1.0000
1817,-999,1.0000
1818,-999,1.0000
1819,-999,1.0000
1820,-999,1.0000
1821,-999,1.0000
1822,-999,1.0000
1823,-999,1.0000
1824,-999,1.0000
1825,-999,1.0000
1826,-999,1.0000
1827,-999,1.0000
1828,-999,1.0000
1829,-999,1.0000
1830,-999,1.0000
1831,-999,1.0000
1832,-999,1.0000
1833,-999,1.0000
1834,-999,1.0000
1835,-999,1.0000
1836,-999,1.0000
1837,-999,1.0000
1838,-999,1.0000
1839,-999,1.0000
1840,-999,1.0000
1841,-999,1.0000
1842,-999,1.0000
1843,-999,1.0000
1844,-999,1.0000
1845,-999,1.0000
1846,-999,1.0000
1847,-999,1.0000
1848,-999,1.0000
1849,-999,1.0000
1850,-999,1.0000
1851,-999,1.0000
1852,-999,1.0000
1853,-999,1.0000
1854,-999,1.0000
1855,-999,1.0000
1856,-999,1.0000
1857,-999,1.0000
1858,-999,1.0000
1859,-999,1.0000
1860,-999,1.0000
1861,-999,1.0000
1862,-999,1.0000
1863,-999,1.0000
1864,-999,1.0000
1865,-999,1.0000
1866,-999,1.0000
1867,-999,1.0000
1868,-999,1.0000
1869,-999,.7652
1869,5254,.2348
1870,5254,.8387
1870,-999,.1613
1871,5254,1.0000
1872,5254,1.0000
1873,5254,.9909
1873,5274,.0091
1874,5274,.3917
1874,5254,.6083
1875,5274,.9752
1875,5254,.0248
1876,5274,1.0000
1877,5274,1.0000
1878,5274,1.0000
1879,5274,1.0000
1880,5274,1.0000
1881,5274,1.0000
1882,5274,.9182
1882,5254,.0818
1883,5274,.0957
1883,5254,.9043
1884,5254,1.0000
1885,5254,1.0000
1886,5254,1.0000
1887,5254,1.0000
1888,5254,1.0000
1889,5254,1.0000
1890,5254,1.0000
1891,5254,1.0000
1892,5254,.5156
1892,-999,.4844
1893,-999,.8760
1893,5254,.1240
1894,-999,1.0000
1895,-999,1.0000
1896,-999,1.0000
1897,-999,1.0000
1898,-999,1.0000
1899,-999,1.0000
1900,-999,1.0000
1901,-999,1.0000
1902,-999,1.0000
1903,-999,1.0000
1904,-999,1.0000
1905,-999,1.0000
1906,-999,1.0000
1907,-999,1.0000
1908,-999,1.0000
1909,-999,1.0000
1910,-999,1.0000
1911,-999,1.0000
1912,-999,1.0000
1913,-999,1.0000
1914,-999,1.0000
1915,-999,1.0000
1916,-999,1.0000
1917,-999,1.0000
1918,-999,1.0000
1919,-999,1.0000
1920,-999,1.0000
1921,-999,1.0000
1922,-999,1.0000
1923,-999,1.0000
1924,-999,1.0000
1925,-999,1.0000
1926,-999,1.0000
1927,-999,1.0000
1928,-999,1.0000
1929,-999,1.0000
1930,-999,1.0000
1931,-999,1.0000
1932,-999,1.0000
1933,-999,1.0000
1934,-999,1.0000
1935,-999,1.0000
1936,-999,1.0000
1937,-999,1.0000
1938,-999,1.0000
1939,-999,1.0000
1940,-999,1.0000
1941,-999,1.0000
1942,-999,1.0000
1943,-999,1.0000
1944,-999,1.0000
1945,-999,1.0000
1946,-999,1.0000
1947,-999,1.0000
1948,-999,1.0000
1949,-999,1.0000
1950,-999,1.0000
1951,-999,1.0000
1952,-999,1.0000
1953,-999,1.0000
1954,-999,1.0000
1955,-999,1.0000
1956,-999,1.0000
1957,-999,1.0000
1958,-999,1.0000
1959,-999,1.0000
1960,-999,1.0000
1961,-999,1.0000
1962,-999,1.0000
1963,-999,1.0000
1964,-999,1.0000
1965,-999,1.0000
1966,-999,1.0000
1967,-999,1.0000
1968,-999,1.0000
1969,-999,1.0000
1970,-999,1.0000
1971,-999,1.0000
1972,-999,1.0000
1973,-999,1.0000
1974,-999,1.0000
1975,-999,1.0000
1976,-999,1.0000
1977,-999,1.0000
1978,-999,1.0000
1979,-999,1.0000
1980,-999,1.0000
1981,-999,1.0000
1982,-999,1.0000
1983,-999,1.0000
1984,-999,1.0000
1985,-999,1.0000
1986,-999,1.0000
1987,-999,1.0000
1988,-999,1.0000
1989,-999,1.0000
1990,-999,1.0000
1991,-999,1.0000
1992,-999,1.0000
1993,-999,1.0000
1994,-999,1.0000
1995,-999,1.0000
1996,-999,1.0000
1997,-999,1.0000
1998,-999,1.0000
1999,-999,1.0000
2000,-999,1.0000
2001,-999,1.0000
2002,-999,1.0000
2003,-999,.8783
2003,5254,.1217
2004,5254,.8136
2004,-999,.1864
2005,5254,.9528
2005,-999,.0472
2006,5254,1.0000
2007,5254,1.0000
2008,5254,.6875
2008,5274,.3125
2009,5274,.5537
2009,5254,.4463
2010,5274,.9339
2010,5254,.0661
2011,5274,1.0000
2012,5274,1.0000
2013,5274,.9652
2013,5254,.0348
2014,5274,.6777
2014,5254,.3223
2015,5274,.2149
2015,5254,.7851
2016,5254,1.0000
2017,5254,1.0000
2018,5254,1.0000
2019,5254,1.0000
2020,5254,1.0000
2021,5254,1.0000
2022,5254,1.0000
2023,5254,1.0000
2024,5254,1.0000
2025,5254,.8376
2025,-999,.1624
2026,5254,.8421
2026,-999,.1579
2027,-999,.8017
2027,5254,.1983
2028,-999,1.0000
2029,-999,1.0000
2030,-999,1.0000
2031,-999,1.0000
2032,-999,1.0000
2033,-999,1.0000
2034,-999,1.0000
2035,-999,1.0000
2036,-999,1.0000
2037,-999,1.0000
2038,-999,1.0000
2039,-999,1.0000
2040,-999,1.0000
2041,-999,1.0000
2042,-999,1.0000
2043,-999,1.0000
2044,-999,1.0000
2045,-999,1.0000
2046,-999,1.0000
2047,-999,1.0000
2048,-999,1.0000
2049,-999,1.0000
2050,-999,1.0000
2051,-999,1.0000
2052,-999,1.0000
2053,-999,1.0000
2054,-999,1.0000
2055,-999,1.0000
2056,-999,1.0000
2057,-999,1.0000
2058,-999,1.0000
2059,-999,1.0000
2060,-999,1.0000
2061,-999,1.0000
2062,-999,1.0000
2063,-999,1.0000
2064,-999,1.0000
2065,-999,1.0000
2066,-999,1.0000
2067,-999,1.0000
2068,-999,1.0000
2069,-999,1.0000
2070,-999,1.0000
2071,-999,1.0000
2072,-999,1.0000
2073,-999,1.0000
2074,-999,1.0000
2075,-999,1.0000
2076,-999,1.0000
2077,-999,1.0000
2078,-999,1.0000
2079,-999,1.0000
2080,-999,1.0000
2081,-999,1.0000
2082,-999,1.0000
2083,-999,1.0000
2084,-999,1.0000
2085,-999,1.0000
2086,-999,1.0000
2087,-999,1.0000
2088,-999,1.0000
2089,-999,1.0000
2090,-999,1.0000
2091,-999,1.0000
2092,-999,1.0000
2093,-999,1.0000
2094,-999,1.0000
2095,-999,1.0000
2096,-999,1.0000
2097,-999,1.0000
2098,-999,1.0000
2099,-999,1.0000
2100,-999,1.0000
2101,-999,1.0000
2102,-999,1.0000
2103,-999,1.0000
2104,-999,1.0000
2105,-999,1.0000
2106,-999,1.0000
2107,-999,1.0000
2108,-999,1.0000
2109,-999,1.0000
2110,-999,1.0000
2111,-999,1.0000
2112,-999,1.0000
2113,-999,1.0000
2114,-999,1.0000
2115,-999,1.0000
2116,-999,1.0000
2117,-999,1.0000
2118,-999,1.0000
2119,-999,1.0000
2120,-999,1.0000
2121,-999,1.0000
2122,-999,1.0000
2123,-999,1.0000
2124,-999,1.0000
2125,-999,1.0000
2126,-999,1.0000
2127,-999,1.0000
2128,-999,1.0000
2129,-999,1.0000
2130,-999,1.0000
2131,-999,1.0000
2132,-999,1.0000
2133,-999,1.0000
2134,-999,1.0000
2135,-999,1.0000
2136,-999,1.0000
2137,-999,1.0000
2138,-999,.8378
2138,5254,.1622
2139,5254,.7934
2139,-999,.2066
2140,5254,1.0000
2141,5254,1.0000
2142,5254,1.0000
2143,5254,.4821
2143,5274,.5179
2144,5274,.9917
2144,5254,.0083
2145,5274,.7258
2145,5254,.2742
2146,5274,.2720
2146,5254,.7280
2147,5254,1.0000
2148,5254,1.0000
2149,5254,1.0000
2150,5254,1.0000
2151,5254,1.0000
2152,5254,1.0000
2153,5254,1.0000
2154,5254,1.0000
2155,5254,1.0000
2156,5254,1.0000
2157,5254,1.0000
2158,5254,1.0000
2159,5254,1.0000
2160,5254,.6552
2160,-999,.3448
2161,-999,1.0000
2162,-999,1.0000
2163,-999,1.0000
2164,-999,1.0000
2165,-999,1.0000
2166,-999,1.0000
2167,-999,1.0000
2168,-999,1.0000
2169,-999,1.0000
2170,-999,1.0000
2171,-999,1.0000
2172,-999,1.0000
2173,-999,1.0000
2174,-999,1.0000
2175,-999,1.0000
2176,-999,1.0000
2177,-999,1.0000
2178,-999,1.0000
2179,-999,1.0000
2180,-999,1.0000
2181,-999,1.0000
2182,-999,1.0000
2183,-999,1.0000
2184,-999,1.0000
2185,-999,1.0000
2186,-999,1.0000
2187,-999,1.0000
2188,-999,1.0000
2189,-999,1.0000
2190,-999,1.0000
2191,-999,1.0000
2192,-999,1.0000
2193,-999,1.0000
2194,-999,1.0000
2195,-999,1.0000
2196,-999,1.0000
2197,-999,1.0000
2198,-999,1.0000
2199,-999,1.0000
2200,-999,1.0000
2201,-999,1.0000
2202,-999,1.0000
2203,-999,1.0000
2204,-999,1.0000
2205,-999,1.0000
2206,-999,1.0000
2207,-999,1.0000
2208,-999,1.0000
2209,-999,1.0000
2210,-999,1.0000
2211,-999,1.0000
2212,-999,1.0000
2213,-999,1.0000
2214,-999,1.0000
2215,-999,1.0000
2216,-999,1.0000
2217,-999,1.0000
2218,-999,1.0000
2219,-999,1.0000
2220,-999,1.0000
2221,-999,1.0000
2222,-999,1.0000
2223,-999,1.0000
2224,-999,1.0000
2225,-999,1.0000
2226,-999,1.0000
2227,-999,1.0000
2228,-999,1.0000
2229,-999,1.0000
2230,-999,1.0000
2231,-999,1.0000
2232,-999,1.0000
2233,-999,1.0000
2234,-999,1.0000
2235,-999,1.0000
2236,-999,1.0000
2237,-999,1.0000
2238,-999,1.0000
2239,-999,1.0000
2240,-999,1.0000
2241,-999,1.0000
2242,-999,1.0000
2243,-999,1.0000
2244,-999,1.0000
2245,-999,1.0000
2246,-999,1.0000
2247,-999,1.0000
2248,-999,1.0000
2249,-999,1.0000
2250,-999,1.0000
2251,-999,1.0000
2252,-999,1.0000
2253,-999,1.0000
2254,-999,1.0000
2255,-999,1.0000
2256,-999,1.0000
2257,-999,1.0000
2258,-999,1.0000
2259,-999,1.0000
2260,-999,1.0000
2261,-999,1.0000
2262,-999,1.0000
2263,-999,1.0000
2264,-999,1.0000
2265,-999,1.0000
2266,-999,1.0000
2267,-999,1.0000
2268,-999,1.0000
2269,-999,1.0000
2270,-999,1.0000
2271,-999,.9752
2271,5254,.0248
2272,-999,.5508
2272,5254,.4492
2273,5254,.6372
2273,-999,.3628
2274,5254,1.0000
2275,5254,1.0000
2276,5254,.9000
2276,5274,.1000
2277,5274,.2727
2277,5254,.7273
2278,5254,1.0000
2279,5254,1.0000
2280,5254,1.0000
2281,5254,1.0000
2282,5254,1.0000
2283,5254,1.0000
2284,5254,1.0000
2285,5254,1.0000
2286,5254,1.0000
2287,5254,1.0000
2288,5254,1.0000
2289,5254,1.0000
2290,5254,1.0000
2291,5254,1.0000
2292,5254,1.0000
2293,5254,.5496
2293,-999,.4504
2294,-999,1.0000
2295,-999,1.0000
2296,-999,1.0000
2297,-999,1.0000
2298,-999,1.0000
2299,-999,1.0000
2300,-999,1.0000
2301,-999,1.0000
2302,-999,1.0000
2303,-999,1.0000
2304,-999,1.0000
2305,-999,1.0000
2306,-999,1.0000
2307,-999,1.0000
2308,-999,1.0000
2309,-999,1.0000
2310,-999,1.0000
2311,-999,1.0000
2312,-999,1.0000
2313,-999,1.0000
2314,-999,1.0000
2315,-999,1.0000
2316,-999,1.0000
2317,-999,1.0000
2318,-999,1.0000
2319,-999,1.0000
2320,-999,1.0000
2321,-999,1.0000
2322,-999,1.0000
2323,-999,1.0000
2324,-999,1.0000
2325,-999,1.0000
2326,-999,1.0000
2327,-999,1.0000
2328,-999,1.0000
2329,-999,1.0000
2330,-999,1.0000
2331,-999,1.0000
2332,-999,1.0000
2333,-999,1.0000
2334,-999,1.0000
2335,-999,1.0000
2336,-999,1.0000
2337,-999,1.0000
2338,-999,1.0000
2339,-999,1.0000
2340,-999,1.0000
2341,-999,1.0000
2342,-999,1.0000
2343,-999,1.0000
2344,-999,1.0000
2345,-999,1.0000
2346,-999,1.0000
2347,-999,1.0000
2348,-999,1.0000
2349,-999,1.0000
2350,-999,1.0000
2351,-999,1.0000
2352,-999,1.0000
2353,-999,1.0000
2354,-999,1.0000
2355,-999,1.0000
2356,-999,1.0000
2357,-999,1.0000
2358,-999,1.0000
2359,-999,1.0000
2360,-999,1.0000
2361,-999,1.0000
2362,-999,1.0000
2363,-999,1.0000
2364,-999,1.0000
2365,-999,1.0000
2366,-999,1.0000
2367,-999,1.0000
2368,-999,1.0000
2369,-999,1.0000
2370,-999,1.0000
2371,-999,1.0000
2372,-999,1.0000
2373,-999,1.0000
2374,-999,1.0000
2375,-999,1.0000
2376,-999,1.0000
2377,-999,1.0000
2378,-999,1.0000
2379,-999,1.0000
2380,-999,1.0000
2381,-999,1.0000
2382,-999,1.0000
2383,-999,1.0000
2384,-999,1.0000
2385,-999,1.0000
2386,-999,1.0000
2387,-999,1.0000
2388,-999,1.0000
2389,-999,1.0000
2390,-999,1.0000
2391,-999,1.0000
2392,-999,1.0000
2393,-999,1.0000
2394,-999,1.0000
2395,-999,1.0000
2396,-999,1.0000
2397,-999,1.0000
2398,-999,1.0000
2399,-999,1.0000
2400,-999,1.0000
2401,-999,1.0000
2402,-999,1.0000
2403,-999,1.0000
2404,-999,.9818
2404,5254,.0182
2405,5254,.6333
2405,-999,.3667
2406,5254,.9504
2406,-999,.0496
2407,5254,.9828
2407,-999,.0172
2408,5254,.8261
2408,-999,.1739
2409,5254,.8548
2409,-999,.1452
2410,5254,1.0000
2411,5254,1.0000
2412,5254,1.0000
2413,5254,1.0000
2414,5254,1.0000
2415,5254,1.0000
2416,5254,1.0000
2417,5254,1.0000
2418,5254,1.0000
2419,5254,1.0000
2420,5254,1.0000
2421,5254,1.0000
2422,5254,1.0000
2423,5254,1.0000
2424,5254,1.0000
2425,5254,1.0000
2426,5254,.4286
2426,-999,.5714
2427,-999,1.0000
2428,-999,1.0000
2429,-999,1.0000
2430,-999,1.0000
2431,-999,1.0000
2432,-999,1.0000
2433,-999,1.0000
2434,-999,1.0000
2435,-999,1.0000
2436,-999,1.0000
2437,-999,1.0000
2438,-999,1.0000
2439,-999,1.0000
2440,-999,1.0000
2441,-999,1.0000
2442,-999,1.0000
2443,-999,1.0000
2444,-999,1.0000
2445,-999,1.0000
2446,-999,1.0000
2447,-999,1.0000
2448,-999,1.0000
2449,-999,1.0000
2450,-999,1.0000
2451,-999,1.0000
2452,-999,1.0000
2453,-999,1.0000
2454,-999,1.0000
2455,-999,1.0000
2456,-999,1.0000
2457,-999,1.0000
2458,-999,1.0000
2459,-999,1.0000
2460,-999,1.0000
2461,-999,1.0000
2462,-999,1.0000
2463,-999,1.0000
2464,-999,1.0000
2465,-999,1.0000
2466,-999,1.0000
2467,-999,1.0000
2468,-999,1.0000
2469,-999,1.0000
2470,-999,1.0000
2471,-999,1.0000
2472,-999,1.0000
2473,-999,1.0000
2474,-999,1.0000
2475,-999,1.0000
2476,-999,1.0000
2477,-999,1.0000
2478,-999,1.0000
2479,-999,1.0000
2480,-999,1.0000
2481,-999,1.0000
2482,-999,1.0000
2483,-999,1.0000
2484,-999,1.0000
2485,-999,1.0000
2486,-999,1.0000
2487,-999,1.0000
2488,-999,1.0000
2489,-999,1.0000
2490,-999,1.0000
2491,-999,1.0000
2492,-999,1.0000
2493,-999,1.0000
2494,-999,1.0000
2495,-999,1.0000
2496,-999,1.0000
2497,-999,1.0000
2498,-999,1.0000
2499,-999,1.0000
2500,-999,1.0000
2501,-999,1.0000
2502,-999,1.0000
2503,-999,1.0000
2504,-999,1.0000
2505,-999,1.0000
2506,-999,1.0000
2507,-999,1.0000
2508,-999,1.0000
2509,-999,1.0000
2510,-999,1.0000
2511,-999,1.0000
2512,-999,1.0000
2513,-999,1.0000
2514,-999,1.0000
2515,-999,1.0000
2516,-999,1.0000
2517,-999,1.0000
2518,-999,1.0000
2519,-999,1.0000
2520,-999,1.0000
2521,-999,1.0000
2522,-999,1.0000
2523,-999,1.0000
2524,-999,1.0000
2525,-999,1.0000
2526,-999,1.0000
2527,-999,1.0000
2528,-999,1.0000
2529,-999,1.0000
2530,-999,1.0000
2531,-999,1.0000
2532,-999,1.0000
2533,-999,1.0000
2534,-999,1.0000
2535,-999,1.0000
2536,-999,1.0000
2537,-999,1.0000
2538,-999,1.0000
2539,-999,.5268
2539,5254,.4732
2540,5254,.2231
2540,-999,.7769
2541,-999,.9752
2541,5254,.0248
2542,-999,.3983
2542,5254,.6017
2543,5254,1.0000
2544,5254,.9916
2544,-999,.0084
2545,5254,.9587
2545,-999,.0413
2546,5254,.9091
2546,-999,.0909
2547,5254,.7632
2547,-999,.2368
2548,5254,.9304
2548,-999,.0696
2549,5254,1.0000
2550,5254,1.0000
2551,5254,1.0000
2552,5254,.9091
2552,-999,.0909
2553,5254,1.0000
2554,5254,.9076
2554,-999,.0924
2555,5254,.8750
2555,-999,.1250
2556,5254,1.0000
2557,5254,1.0000
2558,5254,1.0000
2559,5254,.2397
2559,-999,.7603
2560,-999,1.0000
2561,-999,1.0000
2562,-999,1.0000
2563,-999,1.0000
2564,-999,1.0000
2565,-999,1.0000
2566,-999,1.0000
2567,-999,1.0000
2568,-999,1.0000
2569,-999,1.0000
2570,-999,1.0000
2571,-999,1.0000
2572,-999,1.0000
2573,-999,1.0000
2574,-999,1.0000
2575,-999,1.0000
2576,-999,1.0000
2577,-999,1.0000
2578,-999,1.0000
2579,-999,1.0000
2580,-999,1.0000
2581,-999,1.0000
2582,-999,1.0000
2583,-999,1.0000
2584,-999,1.0000
2585,-999,1.0000
2586,-999,1.0000
2587,-999,1.0000
2588,-999,1.0000
2589,-999,1.0000
2590,-999,1.0000
2591,-999,1.0000
2592,-999,1.0000
2593,-999,1.0000
2594,-999,1.0000
2595,-999,1.0000
2596,-999,1.0000
2597,-999,1.0000
2598,-999,1.0000
2599,-999,1.0000
2600,-999,1.0000
2601,-999,1.0000
2602,-999,1.0000
2603,-999,1.0000
2604,-999,1.0000
2605,-999,1.0000
2606,-999,1.0000
2607,-999,1.0000
2608,-999,1.0000
2609,-999,1.0000
2610,-999,1.0000
2611,-999,1.0000
2612,-999,1.0000
2613,-999,1.0000
2614,-999,1.0000
2615,-999,1.0000
2616,-999,1.0000
2617,-999,1.0000
2618,-999,1.0000
2619,-999,1.0000
2620,-999,1.0000
2621,-999,1.0000
2622,-999,1.0000
2623,-999,1.0000
2624,-999,1.0000
2625,-999,1.0000
2626,-999,1.0000
2627,-999,1.0000
2628,-999,1.0000
2629,-999,1.0000
2630,-999,1.0000
2631,-999,1.0000
2632,-999,1.0000
2633,-999,1.0000
2634,-999,1.0000
2635,-999,1.0000
2636,-999,1.0000
2637,-999,1.0000
2638,-999,1.0000
2639,-999,1.0000
2640,-999,1.0000
2641,-999,1.0000
2642,-999,1.0000
2643,-999,1.0000
2644,-999,1.0000
2645,-999,1.0000
2646,-999,1.0000
2647,-999,1.0000
2648,-999,1.0000
2649,-999,1.0000
2650,-999,1.0000
2651,-999,1.0000
2652,-999,1.0000
2653,-999,1.0000
2654,-999,1.0000
2655,-999,1.0000
2656,-999,1.0000
2657,-999,1.0000
2658,-999,1.0000
2659,-999,1.0000
2660,-999,1.0000
2661,-999,1.0000
2662,-999,1.0000
2663,-999,1.0000
2664,-999,1.0000
2665,-999,1.0000
2666,-999,1.0000
2667,-999,1.0000
2668,-999,1.0000
2669,-999,1.0000
2670,-999,1.0000
2671,-999,1.0000
2672,-999,1.0000
2673,-999,1.0000
2674,-999,1.0000
2675,-999,.8595
2675,5254,.1405
2676,5254,.5492
2676,-999,.4508
2677,5254,.4878
2677,-999,.5122
2678,5254,.1593
2678,-999,.8407
2679,-999,.8103
2679,5254,.1897
2680,5254,.1653
2680,-999,.8347
2681,-999,.9091
2681,5254,.0909
2682,5254,.6016
2682,-999,.3984
2683,5254,.9316
2683,-999,.0684
2684,5254,.9091
2684,-999,.0909
2685,5254,.7845
2685,-999,.2155
2686,5254,.7273
2686,-999,.2727
2687,5254,.4215
2687,-999,.5785
2688,-999,.1136
2688,5254,.8864
2689,5254,.9167
2689,-999,.0833
2690,5254,.4091
2690,-999,.5909
2691,5254,.3455
2691,-999,.6545
2692,5254,.0182
2692,-999,.9818
2693,-999,1.0000
2694,-999,1.0000
2695,-999,1.0000
2696,-999,1.0000
2697,-999,1.0000
2698,-999,1.0000
2699,-999,1.0000
2700,-999,1.0000
2701,-999,1.0000
2702,-999,1.0000
2703,-999,1.0000
2704,-999,1.0000
2705,-999,1.0000
2706,-999,1.0000
2707,-999,1.0000
2708,-999,1.0000
2709,-999,1.0000
2710,-999,1.0000
2711,-999,1.0000
2712,-999,1.0000
2713,-999,1.0000
2714,-999,1.0000
2715,-999,1.0000
2716,-999,1.0000
2717,-999,1.0000
2718,-999,1.0000
2719,-999,1.0000
2720,-999,1.0000
2721,-999,1.0000
2722,-999,1.0000
2723,-999,1.0000
2724,-999,1.0000
2725,-999,1.0000
2726,-999,1.0000
2727,-999,1.0000
2728,-999,1.0000
2729,-999,1.0000
2730,-999,1.0000
2731,-999,1.0000
2732,-999,1.0000
2733,-999,1.0000
2734,-999,1.0000
2735,-999,1.0000
2736,-999,1.0000
2737,-999,1.0000
2738,-999,1.0000
2739,-999,1.0000
2740,-999,1.0000
2741,-999,1.0000
2742,-999,1.0000
2743,-999,1.0000
2744,-999,1.0000
2745,-999,1.0000
2746,-999,1.0000
2747,-999,1.0000
2748,-999,1.0000
2749,-999,1.0000
2750,-999,1.0000
2751,-999,1.0000
2752,-999,1.0000
2753,-999,1.0000
2754,-999,1.0000
2755,-999,1.0000
2756,-999,1.0000
2757,-999,1.0000
2758,-999,1.0000
2759,-999,1.0000
2760,-999,1.0000
2761,-999,1.0000
2762,-999,1.0000
2763,-999,1.0000
2764,-999,1.0000
2765,-999,1.0000
2766,-999,1.0000
2767,-999,1.0000
2768,-999,1.0000
2769,-999,1.0000
2770,-999,1.0000
2771,-999,1.0000
2772,-999,1.0000
2773,-999,1.0000
2774,-999,1.0000
2775,-999,1.0000
2776,-999,1.0000
2777,-999,1.0000
2778,-999,1.0000
2779,-999,1.0000
2780,-999,1.0000
2781,-999,1.0000
2782,-999,1.0000
2783,-999,1.0000
2784,-999,1.0000
2785,-999,1.0000
2786,-999,1.0000
2787,-999,1.0000
2788,-999,1.0000
2789,-999,1.0000
2790,-999,1.0000
2791,-999,1.0000
2792,-999,1.0000
2793,-999,1.0000
2794,-999,1.0000
2795,-999,1.0000
2796,-999,1.0000
2797,-999,1.0000
2798,-999,1.0000
2799,-999,1.0000
2800,-999,1.0000
2801,-999,1.0000
2802,-999,1.0000
2803,-999,1.0000
2804,-999,1.0000
2805,-999,1.0000
2806,-999,1.0000
2807,-999,1.0000
2808,-999,1.0000
2809,-999,1.0000
2810,-999,1.0000
2811,-999,1.0000
2812,-999,1.0000
2813,-999,1.0000
2814,-999,1.0000
2815,-999,.9091
2815,5254,.0909
2816,5254,.1260
2816,-999,.8740
2817,-999,.9213
2817,5254,.0787
2818,5254,.0776
2818,-999,.9224
2819,-999,1.0000
2820,-999,.7636
2820,5254,.2364
2821,5254,.8475
2821,-999,.1525
2822,5254,.2791
2822,-999,.7209
2823,-999,1.0000
2824,-999,1.0000
2825,-999,1.0000
2826,-999,1.0000
2827,-999,1.0000
2828,-999,1.0000
2829,-999,1.0000
2830,-999,1.0000
2831,-999,1.0000
2832,-999,1.0000
2833,-999,1.0000
2834,-999,1.0000
2835,-999,1.0000
2836,-999,1.0000
2837,-999,1.0000
2838,-999,1.0000
2839,-999,1.0000
2840,-999,1.0000
2841,-999,1.0000
2842,-999,1.0000
2843,-999,1.0000
2844,-999,1.0000
2845,-999,1.0000
2846,-999,1.0000
2847,-999,1.0000
2848,-999,1.0000
2849,-999,1.0000
2850,-999,1.0000
2851,-999,1.0000
2852,-999,1.0000
2853,-999,1.0000
2854,-999,1.0000
2855,-999,1.0000
2856,-999,1.0000
2857,-999,1.0000
2858,-999,1.0000
2859,-999,1.0000
2860,-999,1.0000
2861,-999,1.0000
2862,-999,1.0000
2863,-999,1.0000
2864,-999,1.0000
2865,-999,1.0000
2866,-999,1.0000
2867,-999,1.0000
2868,-999,1.0000
2869,-999,1.0000
2870,-999,1.0000
2871,-999,1.0000
2872,-999,1.0000
2873,-999,1.0000
2874,-999,1.0000
2875,-999,1.0000
2876,-999,1.0000
2877,-999,1.0000
2878,-999,1.0000
2879,-999,1.0000
2880,-999,1.0000
2881,-999,1.0000
2882,-999,1.0000
2883,-999,1.0000
2884,-999,1.0000
2885,-999,1.0000
2886,-999,1.0000
2887,-999,1.0000
2888,-999,1.0000
2889,-999,1.0000
2890,-999,1.0000
2891,-999,1.0000
2892,-999,1.0000
2893,-999,1.0000
2894,-999,1.0000
2895,-999,1.0000
2896,-999,1.0000
2897,-999,1.0000
2898,-999,1.0000
2899,-999,1.0000
2900,-999,1.0000
2901,-999,1.0000
2902,-999,1.0000
2903,-999,1.0000
2904,-999,1.0000
2905,-999,1.0000
2906,-999,1.0000
2907,-999,1.0000
2908,-999,1.0000
2909,-999,1.0000
2910,-999,1.0000
2911,-999,1.0000
2912,-999,1.0000
2913,-999,1.0000
2914,-999,1.0000
2915,-999,1.0000
2916,-999,1.0000
2917,-999,1.0000
2918,-999,1.0000
2919,-999,1.0000
2920,-999,1.0000
2921,-999,1.0000
2922,-999,1.0000
2923,-999,1.0000
2924,-999,1.0000
2925,-999,1.0000
2926,-999,1.0000
2927,-999,1.0000
2928,-999,1.0000
2929,-999,1.0000
2930,-999,1.0000
2931,-999,1.0000
2932,-999,1.0000
2933,-999,1.0000
2934,-999,1.0000
2935,-999,1.0000
2936,-999,1.0000
2937,-999,1.0000
2938,-999,1.0000
2939,-999,1.0000
2940,-999,1.0000
2941,-999,1.0000
2942,-999,1.0000
2943,-999,1.0000
2944,-999,1.0000
2945,-999,1.0000
2946,-999,1.0000
2947,-999,1.0000
2948,-999,1.0000
2949,-999,1.0000
2950,-999,1.0000
2951,-999,1.0000
2952,-999,1.0000
2953,-999,1.0000
2954,-999,.9831
2954,5254,.0169
2955,-999,1.0000
2956,-999,1.0000
2957,-999,1.0000
2958,-999,1.0000
2959,-999,1.0000
2960,-999,1.0000
2961,-999,1.0000
2962,-999,1.0000
2963,-999,1.0000
2964,-999,1.0000
2965,-999,1.0000
2966,-999,1.0000
2967,-999,1.0000
2968,-999,1.0000
2969,-999,1.0000
2970,-999,1.0000
2971,-999,1.0000
2972,-999,1.0000
2973,-999,1.0000
2974,-999,1.0000
2975,-999,1.0000
2976,-999,1.0000
2977,-999,1.0000
2978,-999,1.0000
2979,-999,1.0000
2980,-999,1.0000
2981,-999,1.0000
2982,-999,1.0000
2983,-999,1.0000
2984,-999,1.0000
2985,-999,1.0000
2986,-999,1.0000
2987,-999,1.0000
2988,-999,1.0000
2989,-999,1.0000
2990,-999,1.0000
2991,-999,1.0000
2992,-999,1.0000
2993,-999,1.0000
2994,-999,1.0000
2995,-999,1.0000
2996,-999,1.0000
2997,-999,1.0000
2998,-999,1.0000
2999,-999,1.0000
3000,-999,1.0000
3001,-999,1.0000
3002,-999,1.0000
3003,-999,1.0000
3004,-999,1.0000
3005,-999,1.0000
3006,-999,1.0000
3007,-999,1.0000
3008,-999,1.0000
3009,-999,1.0000
3010,-999,1.0000
3011,-999,1.0000
3012,-999,1.0000
3013,-999,1.0000
3014,-999,1.0000
3015,-999,1.0000
3016,-999,1.0000
3017,-999,1.0000
3018,-999,1.0000
3019,-999,1.0000
3020,-999,1.0000
3021,-999,1.0000
3022,-999,1.0000
3023,-999,1.0000
3024,-999,1.0000
3025,-999,1.0000
3026,-999,1.0000
3027,-999,1.0000
3028,-999,1.0000
3029,-999,1.0000
3030,-999,1.0000
3031,-999,1.0000
3032,-999,1.0000
3033,-999,1.0000
3034,-999,1.0000
3035,-999,1.0000
3036,-999,1.0000
3037,-999,1.0000
3038,-999,1.0000
3039,-999,1.0000
3040,-999,1.0000
3041,-999,1.0000
3042,-999,1.0000
3043,-999,1.0000
3044,-999,1.0000
3045,-999,1.0000
3046,-999,1.0000
3047,-999,1.0000
3048,-999,1.0000
3049,-999,1.0000
3050,-999,1.0000
3051,-999,1.0000
3052,-999,1.0000
3053,-999,1.0000
3054,-999,1.0000
3055,-999,1.0000
3056,-999,1.0000
3057,-999,1.0000
3058,-999,1.0000
3059,-999,1.0000
3060,-999,1.0000
3061,-999,1.0000
3062,-999,1.0000
3063,-999,1.0000
3064,-999,1.0000
3065,-999,1.0000
3066,-999,1.0000
3067,-999,1.0000
3068,-999,1.0000
3069,-999,1.0000
3070,-999,1.0000
3071,-999,1.0000
3072,-999,1.0000
3073,-999,1.0000
3074,-999,1.0000
3075,-999,1.0000
3076,-999,1.0000
3077,-999,1.0000
3078,-999,1.0000
3079,-999,.8824
3079,5254,.1176
3080,-999,.9600
3080,5254,.0400
3081,-999,.6116
3081,5254,.3884
3082,-999,.7934
3082,5254,.2066
3083,-999,.7586
3083,5254,.2414
3084,-999,.9917
3084,5254,.0083
3085,-999,1.0000
3086,-999,1.0000
3087,-999,1.0000
3088,-999,1.0000
3089,-999,1.0000
3090,-999,1.0000
3091,-999,1.0000
3092,-999,1.0000
3093,-999,1.0000
3094,-999,1.0000
3095,-999,1.0000
3096,-999,1.0000
3097,-999,1.0000
3098,-999,1.0000
3099,-999,1.0000
3100,-999,1.0000
3101,-999,1.0000
3102,-999,1.0000
3103,-999,1.0000
3104,-999,1.0000
3105,-999,1.0000
3106,-999,1.0000
3107,-999,1.0000
3108,-999,1.0000
3109,-999,1.0000
3110,-999,1.0000
3111,-999,1.0000
3112,-999,1.0000
3113,-999,1.0000
3114,-999,1.0000
3115,-999,1.0000
3116,-999,1.0000
3117,-999,1.0000
3118,-999,1.0000
3119,-999,1.0000
3120,-999,1.0000
3121,-999,1.0000
3122,-999,1.0000
3123,-999,1.0000
3124,-999,1.0000
3125,-999,1.0000
3126,-999,1.0000
3127,-999,1.0000
3128,-999,1.0000
3129,-999,1.0000
3130,-999,1.0000
3131,-999,1.0000
3132,-999,1.0000
3133,-999,1.0000
3134,-999,1.0000
3135,-999,1.0000
3136,-999,1.0000
3137,-999,1.0000
3138,-999,1.0000
3139,-999,1.0000
3140,-999,1.0000
3141,-999,1.0000
3142,-999,1.0000
3143,-999,1.0000
3144,-999,1.0000
3145,-999,1.0000
3146,-999,1.0000
3147,-999,1.0000
3148,-999,1.0000
3149,-999,1.0000
3150,-999,1.0000
3151,-999,1.0000
3152,-999,1.0000
3153,-999,1.0000
3154,-999,1.0000
3155,-999,1.0000
3156,-999,1.0000
3157,-999,1.0000
3158,-999,1.0000
3159,-999,1.0000
3160,-999,1.0000
3161,-999,1.0000
3162,-999,1.0000
3163,-999,1.0000
3164,-999,1.0000
3165,-999,1.0000
3166,-999,1.0000
3167,-999,1.0000
3168,-999,1.0000
3169,-999,1.0000
3170,-999,1.0000
3171,-999,1.0000
3172,-999,1.0000
3173,-999,1.0000
3174,-999,1.0000
3175,-999,1.0000
3176,-999,1.0000
3177,-999,1.0000
3178,-999,1.0000
3179,-999,1.0000
3180,-999,1.0000
3181,-999,1.0000
3182,-999,1.0000
3183,-999,1.0000
3184,-999,1.0000
3185,-999,1.0000
3186,-999,1.0000
3187,-999,1.0000
3188,-999,1.0000
3189,-999,1.0000
3190,-999,1.0000
3191,-999,1.0000
3192,-999,1.0000
3193,-999,1.0000
3194,-999,1.0000
3195,-999,1.0000
3196,-999,1.0000
3197,-999,1.0000
3198,-999,1.0000
3199,-999,1.0000
3200,-999,1.0000
3201,-999,1.0000
3202,-999,1.0000
3203,-999,1.0000
3204,-999,1.0000
3205,-999,1.0000
3206,-999,1.0000
3207,-999,1.0000
3208,-999,1.0000
3209,-999,1.0000
3210,-999,1.0000
3211,-999,.9917
3211,5254,.0083
3212,-999,.2893
3212,5254,.7107
3213,-999,.1681
3213,5254,.8319
3214,5254,1.0000
3215,5254,1.0000
3216,5254,1.0000
3217,5254,.7317
3217,-999,.2683
3218,-999,.8702
3218,5254,.1298
3219,-999,1.0000
3220,-999,1.0000
3221,-999,1.0000
3222,-999,1.0000
3223,-999,1.0000
3224,-999,1.0000
3225,-999,1.0000
3226,-999,1.0000
3227,-999,1.0000
3228,-999,1.0000
3229,-999,1.0000
3230,-999,1.0000
3231,-999,1.0000
3232,-999,1.0000
3233,-999,1.0000
3234,-999,1.0000
3235,-999,1.0000
3236,-999,1.0000
3237,-999,1.0000
3238,-999,1.0000
3239,-999,1.0000
3240,-999,1.0000
3241,-999,1.0000
3242,-999,1.0000
3243,-999,1.0000
3244,-999,1.0000
3245,-999,1.0000
3246,-999,1.0000
3247,-999,1.0000
3248,-999,1.0000
3249,-999,1.0000
3250,-999,1.0000
3251,-999,1.0000
3252,-999,1.0000
3253,-999,1.0000
3254,-999,1.0000
3255,-999,1.0000
3256,-999,1.0000
3257,-999,1.0000
3258,-999,1.0000
3259,-999,1.0000
3260,-999,1.0000
3261,-999,1.0000
3262,-999,1.0000
3263,-999,1.0000
3264,-999,1.0000
3265,-999,1.0000
3266,-999,1.0000
3267,-999,1.0000
3268,-999,1.0000
3269,-999,1.0000
3270,-999,1.0000
3271,-999,1.0000
3272,-999,1.0000
3273,-999,1.0000
3274,-999,1.0000
3275,-999,1.0000
3276,-999,1.0000
3277,-999,1.0000
3278,-999,1.0000
3279,-999,1.0000
3280,-999,1.0000
3281,-999,1.0000
3282,-999,1.0000
3283,-999,1.0000
3284,-999,1.0000
3285,-999,1.0000
3286,-999,1.0000
3287,-999,1.0000
3288,-999,1.0000
3289,-999,1.0000
3290,-999,1.0000
3291,-999,1.0000
3292,-999,1.0000
3293,-999,1.0000
3294,-999,1.0000
3295,-999,1.0000
3296,-999,1.0000
3297,-999,1.0000
3298,-999,1.0000
3299,-999,1.0000
3300,-999,1.0000
3301,-999,1.0000
3302,-999,1.0000
3303,-999,1.0000
3304,-999,1.0000
3305,-999,1.0000
3306,-999,1.0000
3307,-999,1.0000
3308,-999,1.0000
3309,-999,1.0000
3310,-999,1.0000
3311,-999,1.0000
3312,-999,1.0000
3313,-999,1.0000
3314,-999,1.0000
3315,-999,1.0000
3316,-999,1.0000
3317,-999,1.0000
3318,-999,1.0000
3319,-999,1.0000
3320,-999,1.0000
3321,-999,1.0000
3322,-999,1.0000
3323,-999,1.0000
3324,-999,1.0000
3325,-999,1.0000
3326,-999,1.0000
3327,-999,1.0000
3328,-999,1.0000
3329,-999,1.0000
3330,-999,1.0000
3331,-999,1.0000
3332,-999,1.0000
3333,-999,1.0000
3334,-999,1.0000
3335,-999,1.0000
3336,-999,1.0000
3337,-999,1.0000
3338,-999,1.0000
3339,-999,1.0000
3340,-999,1.0000
3341,-999,1.0000
3342,-999,1.0000
3343,-999,1.0000
3344,-999,.9636
3344,5254,.0364
3345,5254,.2250
3345,-999,.7750
3346,5254,.9091
3346,-999,.0909
3347,5254,.9545
3347,5274,.0455
3348,5254,.4696
3348,5274,.5304
3349,5254,.6818
3349,5274,.3182
3350,5254,.8727
3350,5274,.1273
3351,5254,.5556
3351,-999,.2778
3351,5274,.1667
3352,-999,.9444
3352,5254,.0079
3352,5274,.0476
3353,-999,1.0000
3354,-999,1.0000
3355,-999,1.0000
3356,-999,1.0000
3357,-999,1.0000
3358,-999,1.0000
3359,-999,1.0000
3360,-999,1.0000
3361,-999,1.0000
3362,-999,1.0000
3363,-999,1.0000
3364,-999,1.0000
3365,-999,1.0000
3366,-999,1.0000
3367,-999,1.0000
3368,-999,1.0000
3369,-999,1.0000
3370,-999,1.0000
3371,-999,1.0000
3372,-999,1.0000
3373,-999,1.0000
3374,-999,1.0000
3375,-999,1.0000
3376,-999,1.0000
3377,-999,1.0000
3378,-999,1.0000
3379,-999,1.0000
3380,-999,1.0000
3381,-999,1.0000
3382,-999,1.0000
3383,-999,1.0000
3384,-999,1.0000
3385,-999,1.0000
3386,-999,1.0000
3387,-999,1.0000
3388,-999,1.0000
3389,-999,1.0000
3390,-999,1.0000
3391,-999,1.0000
3392,-999,1.0000
3393,-999,1.0000
3394,-999,1.0000
3395,-999,1.0000
3396,-999,1.0000
3397,-999,1.0000
3398,-999,1.0000
3399,-999,1.0000
3400,-999,1.0000
3401,-999,1.0000
3402,-999,1.0000
3403,-999,1.0000
3404,-999,1.0000
3405,-999,1.0000
3406,-999,1.0000
3407,-999,1.0000
3408,-999,1.0000
3409,-999,1.0000
3410,-999,1.0000
3411,-999,1.0000
3412,-999,1.0000
3413,-999,1.0000
3414,-999,1.0000
3415,-999,1.0000
3416,-999,1.0000
3417,-999,1.0000
3418,-999,1.0000
3419,-999,1.0000
3420,-999,1.0000
3421,-999,1.0000
3422,-999,1.0000
3423,-999,1.0000
3424,-999,1.0000
3425,-999,1.0000
3426,-999,1.0000
3427,-999,1.0000
3428,-999,1.0000
3429,-999,1.0000
3430,-999,1.0000
3431,-999,1.0000
3432,-999,1.0000
3433,-999,1.0000
3434,-999,1.0000
3435,-999,1.0000
3436,-999,1.0000
3437,-999,1.0000
3438,-999,1.0000
3439,-999,1.0000
3440,-999,1.0000
3441,-999,1.0000
3442,-999,1.0000
3443,-999,1.0000
3444,-999,1.0000
3445,-999,1.0000
3446,-999,1.0000
3447,-999,1.0000
3448,-999,1.0000
3449,-999,1.0000
3450,-999,1.0000
3451,-999,1.0000
3452,-999,1.0000
3453,-999,1.0000
3454,-999,1.0000
3455,-999,1.0000
3456,-999,1.0000
3457,-999,1.0000
3458,-999,1.0000
3459,-999,1.0000
3460,-999,1.0000
3461,-999,1.0000
3462,-999,1.0000
3463,-999,1.0000
3464,-999,1.0000
3465,-999,1.0000
3466,-999,1.0000
3467,-999,1.0000
3468,-999,1.0000
3469,-999,1.0000
3470,-999,1.0000
3471,-999,1.0000
3472,-999,1.0000
3473,-999,1.0000
3474,-999,1.0000
3475,-999,1.0000
3476,-999,1.0000
3477,-999,.7717
3477,5254,.2283
3478,-999,.3571
3478,5254,.6429
3479,-999,.0091
3479,5254,.9909
3480,5254,.9916
3480,5274,.0084
3481,5254,.2443
3481,5274,.7557
3482,5274,1.0000
3483,5274,1.0000
3484,5274,1.0000
3485,5274,.1833
3485,-999,.8167
3486,-999,1.0000
3487,-999,1.0000
3488,-999,1.0000
3489,-999,1.0000
3490,-999,1.0000
3491,-999,1.0000
3492,-999,1.0000
3493,-999,1.0000
3494,-999,1.0000
3495,-999,1.0000
3496,-999,1.0000
3497,-999,1.0000
3498,-999,1.0000
3499,-999,1.0000
3500,-999,1.0000
3501,-999,1.0000
3502,-999,1.0000
3503,-999,1.0000
3504,-999,1.0000
3505,-999,1.0000
3506,-999,1.0000
3507,-999,1.0000
3508,-999,1.0000
3509,-999,1.0000
3510,-999,1.0000
3511,-999,1.0000
3512,-999,1.0000
3513,-999,1.0000
3514,-999,1.0000
3515,-999,1.0000
3516,-999,1.0000
3517,-999,1.0000
3518,-999,1.0000
3519,-999,1.0000
3520,-999,1.0000
3521,-999,1.0000
3522,-999,1.0000
3523,-999,1.0000
3524,-999,1.0000
3525,-999,1.0000
3526,-999,1.0000
3527,-999,1.0000
3528,-999,1.0000
3529,-999,1.0000
3530,-999,1.0000
3531,-999,1.0000
3532,-999,1.0000
3533,-999,1.0000
3534,-999,1.0000
3535,-999,1.0000
3536,-999,1.0000
3537,-999,1.0000
3538,-999,1.0000
3539,-999,1.0000
3540,-999,1.0000
3541,-999,1.0000
3542,-999,1.0000
3543,-999,1.0000
3544,-999,1.0000
3545,-999,1.0000
3546,-999,1.0000
3547,-999,1.0000
3548,-999,1.0000
3549,-999,1.0000
3550,-999,1.0000
3551,-999,1.0000
3552,-999,1.0000
3553,-999,1.0000
3554,-999,1.0000
3555,-999,1.0000
3556,-999,1.0000
3557,-999,1.0000
3558,-999,1.0000
3559,-999,1.0000
3560,-999,1.0000
3561,-999,1.0000
3562,-999,1.0000
3563,-999,1.0000
3564,-999,1.0000
3565,-999,1.0000
3566,-999,1.0000
3567,-999,1.0000
3568,-999,1.0000
3569,-999,1.0000
3570,-999,1.0000
3571,-999,1.0000
3572,-999,1.0000
3573,-999,1.0000
3574,-999,1.0000
3575,-999,1.0000
3576,-999,1.0000
3577,-999,1.0000
3578,-999,1.0000
3579,-999,1.0000
3580,-999,1.0000
3581,-999,1.0000
3582,-999,1.0000
3583,-999,1.0000
3584,-999,1.0000
3585,-999,1.0000
3586,-999,1.0000
3587,-999,1.0000
3588,-999,1.0000
3589,-999,1.0000
3590,-999,1.0000
3591,-999,1.0000
3592,-999,1.0000
3593,-999,1.0000
3594,-999,1.0000
3595,-999,1.0000
3596,-999,1.0000
3597,-999,1.0000
3598,-999,1.0000
3599,-999,1.0000
3600,-999,1.0000
3601,-999,1.0000
3602,-999,1.0000
3603,-999,1.0000
3604,-999,1.0000
3605,-999,1.0000
3606,-999,1.0000
3607,-999,1.0000
3608,-999,1.0000
3609,-999,.9545
3609,5254,.0455
3610,-999,.1429
3610,5254,.8571
3611,5254,1.0000
3612,5254,1.0000
3613,5254,.4696
3613,5274,.5304
3614,5274,1.0000
3615,5274,1.0000
3616,5274,.8843
3616,-999,.1157
3617,5274,.4793
3617,-999,.5207
3618,5274,.0160
3618,-999,.9840
3619,-999,1.0000
3620,-999,1.0000
3621,-999,1.0000
3622,-999,1.0000
3623,-999,1.0000
3624,-999,1.0000
3625,-999,1.0000
3626,-999,1.0000
3627,-999,1.0000
3628,-999,1.0000
3629,-999,1.0000
3630,-999,1.0000
3631,-999,1.0000
3632,-999,1.0000
3633,-999,1.0000
3634,-999,1.0000
3635,-999,1.0000
3636,-999,1.0000
3637,-999,1.0000
3638,-999,1.0000
3639,-999,1.0000
3640,-999,1.0000
3641,-999,1.0000
3642,-999,1.0000
3643,-999,1.0000
3644,-999,1.0000
3645,-999,1.0000
3646,-999,1.0000
3647,-999,1.0000
3648,-999,1.0000
3649,-999,1.0000
3650,-999,1.0000
3651,-999,1.0000
3652,-999,1.0000
3653,-999,1.0000
3654,-999,1.0000
3655,-999,1.0000
3656,-999,1.0000
3657,-999,1.0000
3658,-999,1.0000
3659,-999,1.0000
3660,-999,1.0000
3661,-999,1.0000
3662,-999,1.0000
3663,-999,1.0000
3664,-999,1.0000
3665,-999,1.0000
3666,-999,1.0000
3667,-999,1.0000
3668,-999,1.0000
3669,-999,1.0000
3670,-999,1.0000
3671,-999,1.0000
3672,-999,1.0000
3673,-999,1.0000
3674,-999,1.0000
3675,-999,1.0000
3676,-999,1.0000
3677,-999,1.0000
3678,-999,1.0000
3679,-999,1.0000
3680,-999,1.0000
3681,-999,1.0000
3682,-999,1.0000
3683,-999,1.0000
3684,-999,1.0000
3685,-999,1.0000
3686,-999,1.0000
3687,-999,1.0000
3688,-999,1.0000
3689,-999,1.0000
3690,-999,1.0000
3691,-999,1.0000
3692,-999,1.0000
3693,-999,1.0000
3694,-999,1.0000
3695,-999,1.0000
3696,-999,1.0000
3697,-999,1.0000
3698,-999,1.0000
3699,-999,1.0000
3700,-999,1.0000
3701,-999,1.0000
3702,-999,1.0000
3703,-999,1.0000
3704,-999,1.0000
3705,-999,1.0000
3706,-999,1.0000
3707,-999,1.0000
3708,-999,1.0000
3709,-999,1.0000
3710,-999,1.0000
3711,-999,1.0000
3712,-999,1.0000
3713,-999,1.0000
3714,-999,1.0000
3715,-999,1.0000
3716,-999,1.0000
3717,-999,1.0000
3718,-999,1.0000
3719,-999,1.0000
3720,-999,1.0000
3721,-999,1.0000
3722,-999,1.0000
3723,-999,1.0000
3724,-999,1.0000
3725,-999,1.0000
3726,-999,1.0000
3727,-999,1.0000
3728,-999,1.0000
3729,-999,1.0000
3730,-999,1.0000
3731,-999,1.0000
3732,-999,1.0000
3733,-999,1.0000
3734,-999,1.0000
3735,-999,1.0000
3736,-999,1.0000
3737,-999,1.0000
3738,-999,1.0000
3739,-999,1.0000
3740,-999,1.0000
3741,-999,1.0000
3742,-999,.4711
3742,5254,.5289
3743,5254,1.0000
3744,5254,1.0000
3745,5254,1.0000
3746,5254,.2479
3746,5274,.7521
3747,5274,1.0000
3748,5274,.8626
3748,-999,.1298
3748,5254,.0076
3749,5274,.1802
3749,-999,.8198
3750,-999,1.0000
3751,-999,1.0000
3752,-999,1.0000
3753,-999,1.0000
3754,-999,1.0000
3755,-999,1.0000
3756,-999,1.0000
3757,-999,1.0000
3758,-999,1.0000
3759,-999,1.0000
3760,-999,1.0000
3761,-999,1.0000
3762,-999,1.0000
3763,-999,1.0000
3764,-999,1.0000
3765,-999,1.0000
3766,-999,1.0000
3767,-999,1.0000
3768,-999,1.0000
3769,-999,1.0000
3770,-999,1.0000
3771,-999,1.0000
3772,-999,1.0000
3773,-999,1.0000
3774,-999,1.0000
3775,-999,1.0000
3776,-999,1.0000
3777,-999,1.0000
3778,-999,1.0000
3779,-999,1.0000
3780,-999,1.0000
3781,-999,1.0000
3782,-999,1.0000
3783,-999,1.0000
3784,-999,1.0000
3785,-999,1.0000
3786,-999,1.0000
3787,-999,1.0000
3788,-999,1.0000
3789,-999,1.0000
3790,-999,1.0000
3791,-999,1.0000
3792,-999,1.0000
3793,-999,1.0000
3794,-999,1.0000
3795,-999,1.0000
3796,-999,1.0000
3797,-999,1.0000
3798,-999,1.0000
3799,-999,1.0000
3800,-999,1.0000
3801,-999,1.0000
3802,-999,1.0000
3803,-999,1.0000
3804,-999,1.0000
3805,-999,1.0000
3806,-999,1.0000
3807,-999,1.0000
3808,-999,1.0000
3809,-999,1.0000
3810,-999,1.0000
3811,-999,1.0000
3812,-999,1.0000
3813,-999,1.0000
3814,-999,1.0000
3815,-999,1.0000
3816,-999,1.0000
3817,-999,1.0000
3818,-999,1.0000
3819,-999,1.0000
3820,-999,1.0000
3821,-999,1.0000
3822,-999,1.0000
3823,-999,1.0000
3824,-999,1.0000
3825,-999,1.0000
3826,-999,1.0000
3827,-999,1.0000
3828,-999,1.0000
3829,-999,1.0000
3830,-999,1.0000
3831,-999,1.0000
3832,-999,1.0000
3833,-999,1.0000
3834,-999,1.0000
3835,-999,1.0000
3836,-999,1.0000
3837,-999,1.0000
3838,-999,1.0000
3839,-999,1.0000
3840,-999,1.0000
3841,-999,1.0000
3842,-999,1.0000
3843,-999,1.0000
3844,-999,1.0000
3845,-999,1.0000
3846,-999,1.0000
3847,-999,1.0000
3848,-999,1.0000
3849,-999,1.0000
3850,-999,1.0000
3851,-999,1.0000
3852,-999,1.0000
3853,-999,1.0000
3854,-999,1.0000
3855,-999,1.0000
3856,-999,1.0000
3857,-999,1.0000
3858,-999,1.0000
3859,-999,1.0000
3860,-999,1.0000
3861,-999,1.0000
3862,-999,1.0000
3863,-999,1.0000
3864,-999,1.0000
3865,-999,1.0000
3866,-999,1.0000
3867,-999,1.0000
3868,-999,1.0000
3869,-999,1.0000
3870,-999,1.0000
3871,-999,1.0000
3872,-999,1.0000
3873,-999,1.0000
3874,-999,1.0000
3875,-999,.4538
3875,5254,.5462
3876,5254,.9008
3876,-999,.0992
3877,5254,1.0000
3878,5254,1.0000
3879,5254,.9636
3879,5274,.0364
3880,5274,.3097
3880,5254,.6903
3881,5274,.0984
3881,5254,.6721
3881,-999,.2295
3882,-999,.7500
3882,5254,.2500
3883,-999,1.0000
3884,-999,1.0000
3885,-999,1.0000
3886,-999,1.0000
3887,-999,1.0000
3888,-999,1.0000
3889,-999,1.0000
3890,-999,1.0000
3891,-999,1.0000
3892,-999,1.0000
3893,-999,1.0000
3894,-999,1.0000
3895,-999,1.0000
3896,-999,1.0000
3897,-999,1.0000
3898,-999,1.0000
3899,-999,1.0000
3900,-999,1.0000
3901,-999,1.0000
3902,-999,1.0000
3903,-999,1.0000
3904,-999,1.0000
3905,-999,1.0000
3906,-999,1.0000
3907,-999,1.0000
3908,-999,1.0000
3909,-999,1.0000
3910,-999,1.0000
3911,-999,1.0000
3912,-999,1.0000
3913,-999,1.0000
3914,-999,1.0000
3915,-999,1.0000
3916,-999,1.0000
3917,-999,1.0000
3918,-999,1.0000
3919,-999,1.0000
3920,-999,1.0000
3921,-999,1.0000
3922,-999,1.0000
3923,-999,1.0000
3924,-999,1.0000
3925,-999,1.0000
3926,-999,1.0000
3927,-999,1.0000
3928,-999,1.0000
3929,-999,1.0000
3930,-999,1.0000
3931,-999,1.0000
3932,-999,1.0000
3933,-999,1.0000
3934,-999,1.0000
3935,-999,1.0000
3936,-999,1.0000
3937,-999,1.0000
3938,-999,1.0000
3939,-999,1.0000
3940,-999,1.0000
3941,-999,1.0000
3942,-999,1.0000
3943,-999,1.0000
3944,-999,1.0000
3945,-999,1.0000
3946,-999,1.0000
3947,-999,1.0000
3948,-999,1.0000
3949,-999,1.0000
3950,-999,1.0000
3951,-999,1.0000
3952,-999,1.0000
3953,-999,1.0000
3954,-999,1.0000
3955,-999,1.0000
3956,-999,1.0000
3957,-999,1.0000
3958,-999,1.0000
3959,-999,1.0000
3960,-999,1.0000
3961,-999,1.0000
3962,-999,1.0000
3963,-999,1.0000
3964,-999,1.0000
3965,-999,1.0000
3966,-999,1.0000
3967,-999,1.0000
3968,-999,1.0000
3969,-999,1.0000
3970,-999,1.0000
3971,-999,1.0000
3972,-999,1.0000
3973,-999,1.0000
3974,-999,1.0000
3975,-999,1.0000
3976,-999,1.0000
3977,-999,1.0000
3978,-999,1.0000
3979,-999,1.0000
3980,-999,1.0000
3981,-999,1.0000
3982,-999,1.0000
3983,-999,1.0000
3984,-999,1.0000
3985,-999,1.0000
3986,-999,1.0000
3987,-999,1.0000
3988,-999,1.0000
3989,-999,1.0000
3990,-999,1.0000
3991,-999,1.0000
3992,-999,1.0000
3993,-999,1.0000
3994,-999,1.0000
3995,-999,1.0000
3996,-999,1.0000
3997,-999,1.0000
3998,-999,1.0000
3999,-999,1.0000
4000,-999,1.0000
4001,-999,1.0000
4002,-999,1.0000
4003,-999,1.0000
4004,-999,1.0000
4005,-999,1.0000
4006,-999,1.0000
4007,-999,.9344
4007,5254,.0656
4008,-999,.3710
4008,5254,.6290
4009,5254,1.0000
4010,5254,1.0000
4011,5254,1.0000
4012,5254,1.0000
4013,5254,.9328
4013,-999,.0672
4014,5254,.9273
4014,-999,.0727
4015,-999,.4615
4015,5254,.5385
4016,-999,1.0000
4017,-999,1.0000
4018,-999,1.0000
4019,-999,1.0000
4020,-999,1.0000
4021,-999,1.0000
4022,-999,1.0000
4023,-999,1.0000
4024,-999,1.0000
4025,-999,1.0000
4026,-999,1.0000
4027,-999,1.0000
4028,-999,1.0000
4029,-999,1.0000
4030,-999,1.0000
4031,-999,1.0000
4032,-999,1.0000
4033,-999,1.0000
4034,-999,1.0000
4035,-999,1.0000
4036,-999,1.0000
4037,-999,1.0000
4038,-999,1.0000
4039,-999,1.0000
4040,-999,1.0000
4041,-999,1.0000
4042,-999,1.0000
4043,-999,1.0000
4044,-999,1.0000
4045,-999,1.0000
4046,-999,1.0000
4047,-999,1.0000
4048,-999,1.0000
4049,-999,1.0000
4050,-999,1.0000
4051,-999,1.0000
4052,-999,1.0000
4053,-999,1.0000
4054,-999,1.0000
4055,-999,1.0000
4056,-999,1.0000
4057,-999,1.0000
4058,-999,1.0000
4059,-999,1.0000
4060,-999,1.0000
4061,-999,1.0000
4062,-999,1.0000
4063,-999,1.0000
4064,-999,1.0000
4065,-999,1.0000
4066,-999,1.0000
4067,-999,1.0000
4068,-999,1.0000
4069,-999,1.0000
4070,-999,1.0000
4071,-999,1.0000
4072,-999,1.0000
4073,-999,1.0000
4074,-999,1.0000
4075,-999,1.0000
4076,-999,1.0000
4077,-999,1.0000
4078,-999,1.0000
4079,-999,1.0000
4080,-999,1.0000
4081,-999,1.0000
4082,-999,1.0000
4083,-999,1.0000
4084,-999,1.0000
4085,-999,1.0000
4086,-999,1.0000
4087,-999,1.0000
4088,-999,1.0000
4089,-999,1.0000
4090,-999,1.0000
4091,-999,1.0000
4092,-999,1.0000
4093,-999,1.0000
4094,-999,1.0000
4095,-999,1.0000
4096,-999,1.0000
4097,-999,1.0000
4098,-999,1.0000
4099,-999,1.0000
4100,-999,1.0000
4101,-999,1.0000
4102,-999,1.0000
4103,-999,1.0000
4104,-999,1.0000
4105,-999,1.0000
4106,-999,1.0000
4107,-999,1.0000
4108,-999,1.0000
4109,-999,1.0000
4110,-999,1.0000
4111,-999,1.0000
4112,-999,1.0000
4113,-999,1.0000
4114,-999,1.0000
4115,-999,1.0000
4116,-999,1.0000
4117,-999,1.0000
4118,-999,1.0000
4119,-999,1.0000
4120,-999,1.0000
4121,-999,1.0000
4122,-999,1.0000
4123,-999,1.0000
4124,-999,1.0000
4125,-999,1.0000
4126,-999,1.0000
4127,-999,1.0000
4128,-999,1.0000
4129,-999,1.0000
4130,-999,1.0000
4131,-999,1.0000
4132,-999,1.0000
4133,-999,1.0000
4134,-999,1.0000
4135,-999,1.0000
4136,-999,1.0000
4137,-999,1.0000
4138,-999,1.0000
4139,-999,1.0000
4140,-999,.3390
4140,5254,.6610
4141,5254,.9040
4141,-999,.0960
4142,5254,1.0000
4143,5254,1.0000
4144,5254,1.0000
4145,5254,.9024
4145,-999,.0976
4146,5254,.0240
4146,-999,.9760
4147,-999,.9008
4147,5254,.0992
4148,5254,.0579
4148,-999,.9421
4149,-999,1.0000
4150,-999,1.0000
4151,-999,1.0000
4152,-999,1.0000
4153,-999,1.0000
4154,-999,1.0000
4155,-999,1.0000
4156,-999,1.0000
4157,-999,1.0000
4158,-999,1.0000
4159,-999,1.0000
4160,-999,1.0000
4161,-999,1.0000
4162,-999,1.0000
4163,-999,1.0000
4164,-999,1.0000
4165,-999,1.0000
4166,-999,1.0000
4167,-999,1.0000
4168,-999,1.0000
4169,-999,1.0000
4170,-999,1.0000
4171,-999,1.0000
4172,-999,1.0000
4173,-999,1.0000
4174,-999,1.0000
4175,-999,1.0000
4176,-999,1.0000
4177,-999,1.0000
4178,-999,1.0000
4179,-999,1.0000
4180,-999,1.0000
4181,-999,1.0000
4182,-999,1.0000
4183,-999,1.0000
4184,-999,1.0000
4185,-999,1.0000
4186,-999,1.0000
4187,-999,1.0000
4188,-999,1.0000
4189,-999,1.0000
4190,-999,1.0000
4191,-999,1.0000
4192,-999,1.0000
4193,-999,1.0000
4194,-999,1.0000
4195,-999,1.0000
4196,-999,1.0000
4197,-999,1.0000
4198,-999,1.0000
4199,-999,1.0000
4200,-999,1.0000
4201,-999,1.0000
4202,-999,1.0000
4203,-999,1.0000
4204,-999,1.0000
4205,-999,1.0000
4206,-999,1.0000
4207,-999,1.0000
4208,-999,1.0000
4209,-999,1.0000
4210,-999,1.0000
4211,-999,1.0000
4212,-999,1.0000
4213,-999,1.0000
4214,-999,1.0000
4215,-999,1.0000
4216,-999,1.0000
4217,-999,1.0000
4218,-999,1.0000
4219,-999,1.0000
4220,-999,1.0000
4221,-999,1.0000
4222,-999,1.0000
4223,-999,1.0000
4224,-999,1.0000
4225,-999,1.0000
4226,-999,1.0000
4227,-999,1.0000
4228,-999,1.0000
4229,-999,1.0000
4230,-999,1.0000
4231,-999,1.0000
4232,-999,1.0000
4233,-999,1.0000
4234,-999,1.0000
4235,-999,1.0000
4236,-999,1.0000
4237,-999,1.0000
4238,-999,1.0000
4239,-999,1.0000
4240,-999,1.0000
4241,-999,1.0000
4242,-999,1.0000
4243,-999,1.0000
4244,-999,1.0000
4245,-999,1.0000
4246,-999,1.0000
4247,-999,1.0000
4248,-999,1.0000
4249,-999,1.0000
4250,-999,1.0000
4251,-999,1.0000
4252,-999,1.0000
4253,-999,1.0000
4254,-999,1.0000
4255,-999,1.0000
4256,-999,1.0000
4257,-999,1.0000
4258,-999,1.0000
4259,-999,1.0000
4260,-999,1.0000
4261,-999,1.0000
4262,-999,1.0000
4263,-999,1.0000
4264,-999,1.0000
4265,-999,1.0000
4266,-999,1.0000
4267,-999,1.0000
4268,-999,1.0000
4269,-999,1.0000
4270,-999,1.0000
4271,-999,1.0000
4272,-999,1.0000
4273,-999,.3596
4273,5254,.6404
4274,5254,1.0000
4275,5254,1.0000
4276,5254,1.0000
4277,5254,1.0000
4278,5254,.9231
4278,-999,.0769
4279,-999,.9833
4279,5254,.0167
4280,-999,.7838
4280,5254,.2162
4281,-999,.9256
4281,5254,.0744
4282,-999,.8268
4282,5254,.1732
4283,-999,.8425
4283,5254,.1575
4284,-999,1.0000
4285,-999,1.0000
4286,-999,1.0000
4287,-999,1.0000
4288,-999,1.0000
4289,-999,1.0000
4290,-999,1.0000
4291,-999,1.0000
4292,-999,1.0000
4293,-999,1.0000
4294,-999,1.0000
4295,-999,1.0000
4296,-999,1.0000
4297,-999,1.0000
4298,-999,1.0000
4299,-999,1.0000
4300,-999,1.0000
4301,-999,1.0000
4302,-999,1.0000
4303,-999,1.0000
4304,-999,1.0000
4305,-999,1.0000
4306,-999,1.0000
4307,-999,1.0000
4308,-999,1.0000
4309,-999,1.0000
4310,-999,1.0000
4311,-999,1.0000
4312,-999,1.0000
4313,-999,1.0000
4314,-999,1.0000
4315,-999,1.0000
4316,-999,1.0000
4317,-999,1.0000
4318,-999,1.0000
4319,-999,1.0000
4320,-999,1.0000
4321,-999,1.0000
4322,-999,1.0000
4323,-999,1.0000
4324,-999,1.0000
4325,-999,1.0000
4326,-999,1.0000
4327,-999,1.0000
4328,-999,1.0000
4329,-999,1.0000
4330,-999,1.0000
4331,-999,1.0000
4332,-999,1.0000
4333,-999,1.0000
4334,-999,1.0000
4335,-999,1.0000
4336,-999,1.0000
4337,-999,1.0000
4338,-999,1.0000
4339,-999,1.0000
4340,-999,1.0000
4341,-999,1.0000
4342,-999,1.0000
4343,-999,1.0000
4344,-999,1.0000
4345,-999,1.0000
4346,-999,1.0000
4347,-999,1.0000
4348,-999,1.0000
4349,-999,1.0000
4350,-999,1.0000
4351,-999,1.0000
4352,-999,1.0000
4353,-999,1.0000
4354,-999,1.0000
4355,-999,1.0000
4356,-999,1.0000
4357,-999,1.0000
4358,-999,1.0000
4359,-999,1.0000
4360,-999,1.0000
4361,-999,1.0000
4362,-999,1.0000
4363,-999,1.0000
4364,-999,1.0000
4365,-999,1.0000
4366,-999,1.0000
4367,-999,1.0000
4368,-999,1.0000
4369,-999,1.0000
4370,-999,1.0000
4371,-999,1.0000
4372,-999,1.0000
4373,-999,1.0000
4374,-999,1.0000
4375,-999,1.0000
4376,-999,1.0000
4377,-999,1.0000
4378,-999,1.0000
4379,-999,1.0000
4380,-999,1.0000
4381,-999,1.0000
4382,-999,1.0000
4383,-999,1.0000
4384,-999,1.0000
4385,-999,1.0000
4386,-999,1.0000
4387,-999,1.0000
4388,-999,1.0000
4389,-999,1.0000
4390,-999,1.0000
4391,-999,1.0000
4392,-999,1.0000
4393,-999,1.0000
4394,-999,1.0000
4395,-999,1.0000
4396,-999,1.0000
4397,-999,1.0000
4398,-999,1.0000
4399,-999,1.0000
4400,-999,1.0000
4401,-999,1.0000
4402,-999,1.0000
4403,-999,1.0000
4404,-999,1.0000
4405,-999,1.0000
4406,-999,.6154
4406,5254,.3846
4407,5254,1.0000
4408,5254,1.0000
4409,5254,1.0000
4410,5254,1.0000
4411,5254,1.0000
4412,5254,.4683
4412,-999,.5317
4413,-999,.4844
4413,5254,.5156
4414,-999,.2072
4414,5254,.7928
4415,5254,.6909
4415,-999,.3091
4416,5254,.4390
4416,-999,.5610
4417,-999,1.0000
4418,-999,1.0000
4419,-999,1.0000
4420,-999,1.0000
4421,-999,1.0000
4422,-999,1.0000
4423,-999,1.0000
4424,-999,1.0000
4425,-999,1.0000
4426,-999,1.0000
4427,-999,1.0000
4428,-999,1.0000
4429,-999,1.0000
4430,-999,1.0000
4431,-999,1.0000
4432,-999,1.0000
4433,-999,1.0000
4434,-999,1.0000
4435,-999,1.0000
4436,-999,1.0000
4437,-999,1.0000
4438,-999,1.0000
4439,-999,1.0000
4440,-999,1.0000
4441,-999,1.0000
4442,-999,1.0000
4443,-999,1.0000
4444,-999,1.0000
4445,-999,1.0000
4446,-999,1.0000
4447,-999,1.0000
4448,-999,1.0000
4449,-999,1.0000
4450,-999,1.0000
4451,-999,1.0000
4452,-999,1.0000
4453,-999,1.0000
4454,-999,1.0000
4455,-999,1.0000
4456,-999,1.0000
4457,-999,1.0000
4458,-999,1.0000
4459,-999,1.0000
4460,-999,1.0000
4461,-999,1.0000
4462,-999,1.0000
4463,-999,1.0000
4464,-999,1.0000
4465,-999,1.0000
4466,-999,1.0000
4467,-999,1.0000
4468,-999,1.0000
4469,-999,1.0000
4470,-999,1.0000
4471,-999,1.0000
4472,-999,1.0000
4473,-999,1.0000
4474,-999,1.0000
4475,-999,1.0000
4476,-999,1.0000
4477,-999,1.0000
4478,-999,1.0000
4479,-999,1.0000
4480,-999,1.0000
4481,-999,1.0000
4482,-999,1.0000
4483,-999,1.0000
4484,-999,1.0000
4485,-999,1.0000
4486,-999,1.0000
4487,-999,1.0000
4488,-999,1.0000
4489,-999,1.0000
4490,-999,1.0000
4491,-999,1.0000
4492,-999,1.0000
4493,-999,1.0000
4494,-999,1.0000
4495,-999,1.0000
4496,-999,1.0000
4497,-999,1.0000
4498,-999,1.0000
4499,-999,1.0000
4500,-999,1.0000
4501,-999,1.0000
4502,-999,1.0000
4503,-999,1.0000
4504,-999,1.0000
4505,-999,1.0000
4506,-999,1.0000
4507,-999,1.0000
4508,-999,1.0000
4509,-999,1.0000
4510,-999,1.0000
4511,-999,1.0000
4512,-999,1.0000
4513,-999,1.0000
4514,-999,1.0000
4515,-999,1.0000
4516,-999,1.0000
4517,-999,1.0000
4518,-999,1.0000
4519,-999,1.0000
4520,-999,1.0000
4521,-999,1.0000
4522,-999,1.0000
4523,-999,1.0000
4524,-999,1.0000
4525,-999,1.0000
4526,-999,1.0000
4527,-999,1.0000
4528,-999,1.0000
4529,-999,1.0000
4530,-999,1.0000
4531,-999,1.0000
4532,-999,1.0000
4533,-999,1.0000
4534,-999,1.0000
4535,-999,1.0000
4536,-999,1.0000
4537,-999,1.0000
4538,-999,1.0000
4539,-999,.5172
4539,5254,.4828
4540,5254,1.0000
4541,5254,1.0000
4542,5254,1.0000
4543,5254,1.0000
4544,5254,1.0000
4545,5254,1.0000
4546,5254,.8106
4546,-999,.1894
4547,-999,.7438
4547,5254,.2562
4548,-999,.8760
4548,5254,.1240
4549,-999,.4524
4549,5254,.5476
4550,-999,.9478
4550,5254,.0522
4551,-999,1.0000
4552,-999,1.0000
4553,-999,1.0000
4554,-999,1.0000
4555,-999,1.0000
4556,-999,1.0000
4557,-999,1.0000
4558,-999,1.0000
4559,-999,1.0000
4560,-999,1.0000
4561,-999,1.0000
4562,-999,1.0000
4563,-999,1.0000
4564,-999,1.0000
4565,-999,1.0000
4566,-999,1.0000
4567,-999,1.0000
4568,-999,1.0000
4569,-999,1.0000
4570,-999,1.0000
4571,-999,1.0000
4572,-999,1.0000
4573,-999,1.0000
4574,-999,1.0000
4575,-999,1.0000
4576,-999,1.0000
4577,-999,1.0000
4578,-999,1.0000
4579,-999,1.0000
4580,-999,1.0000
4581,-999,1.0000
4582,-999,1.0000
4583,-999,1.0000
4584,-999,1.0000
4585,-999,1.0000
4586,-999,1.0000
4587,-999,1.0000
4588,-999,1.0000
4589,-999,1.0000
4590,-999,1.0000
4591,-999,1.0000
4592,-999,1.0000
4593,-999,1.0000
4594,-999,1.0000
4595,-999,1.0000
4596,-999,1.0000
4597,-999,1.0000
4598,-999,1.0000
4599,-999,1.0000
4600,-999,1.0000
4601,-999,1.0000
4602,-999,1.0000
4603,-999,1.0000
4604,-999,1.0000
4605,-999,1.0000
4606,-999,1.0000
4607,-999,1.0000
4608,-999,1.0000
4609,-999,1.0000
4610,-999,1.0000
4611,-999,1.0000
4612,-999,1.0000
4613,-999,1.0000
4614,-999,1.0000
4615,-999,1.0000
4616,-999,1.0000
4617,-999,1.0000
4618,-999,1.0000
4619,-999,1.0000
4620,-999,1.0000
4621,-999,1.0000
4622,-999,1.0000
4623,-999,1.0000
4624,-999,1.0000
4625,-999,1.0000
4626,-999,1.0000
4627,-999,1.0000
4628,-999,1.0000
4629,-999,1.0000
4630,-999,1.0000
4631,-999,1.0000
4632,-999,1.0000
4633,-999,1.0000
4634,-999,1.0000
4635,-999,1.0000
4636,-999,1.0000
4637,-999,1.0000
4638,-999,1.0000
4639,-999,1.0000
4640,-999,1.0000
4641,-999,1.0000
4642,-999,1.0000
4643,-999,1.0000
4644,-999,1.0000
4645,-999,1.0000
4646,-999,1.0000
4647,-999,1.0000
4648,-999,1.0000
4649,-999,1.0000
4650,-999,1.0000
4651,-999,1.0000
4652,-999,1.0000
4653,-999,1.0000
4654,-999,1.0000
4655,-999,1.0000
4656,-999,1.0000
4657,-999,1.0000
4658,-999,1.0000
4659,-999,1.0000
4660,-999,1.0000
4661,-999,1.0000
4662,-999,1.0000
4663,-999,1.0000
4664,-999,1.0000
4665,-999,1.0000
4666,-999,1.0000
4667,-999,1.0000
4668,-999,1.0000
4669,-999,1.0000
4670,-999,1.0000
4671,-999,1.0000
4672,-999,.8595
4672,5254,.1405
4673,5254,.6667
4673,-999,.3333
4674,5254,1.0000
4675,5254,1.0000
4676,5254,1.0000
4677,5254,1.0000
4678,5254,1.0000
4679,5254,1.0000
4680,5254,.8319
4680,-999,.1681
4681,-999,.4454
4681,5254,.5546
4682,5254,.6860
4682,-999,.3140
4683,5254,.1970
4683,-999,.8030
4684,-999,1.0000
4685,-999,1.0000
4686,-999,1.0000
4687,-999,1.0000
4688,-999,1.0000
4689,-999,1.0000
4690,-999,1.0000
4691,-999,1.0000
4692,-999,1.0000
4693,-999,1.0000
4694,-999,1.0000
4695,-999,1.0000
4696,-999,1.0000
4697,-999,1.0000
4698,-999,1.0000
4699,-999,1.0000
4700,-999,1.0000
4701,-999,1.0000
4702,-999,1.0000
4703,-999,1.0000
4704,-999,1.0000
4705,-999,1.0000
4706,-999,1.0000
4707,-999,1.0000
4708,-999,1.0000
4709,-999,1.0000
4710,-999,1.0000
4711,-999,1.0000
4712,-999,1.0000
4713,-999,1.0000
4714,-999,1.0000
4715,-999,1.0000
4716,-999,1.0000
4717,-999,1.0000
4718,-999,1.0000
4719,-999,1.0000
4720,-999,1.0000
4721,-999,1.0000
4722,-999,1.0000
4723,-999,1.0000
4724,-999,1.0000
4725,-999,1.0000
4726,-999,1.0000
4727,-999,1.0000
4728,-999,1.0000
4729,-999,1.0000
4730,-999,1.0000
4731,-999,1.0000
4732,-999,1.0000
4733,-999,1.0000
4734,-999,1.0000
4735,-999,1.0000
4736,-999,1.0000
4737,-999,1.0000
4738,-999,1.0000
4739,-999,1.0000
4740,-999,1.0000
4741,-999,1.0000
4742,-999,1.0000
4743,-999,1.0000
4744,-999,1.0000
4745,-999,1.0000
4746,-999,1.0000
4747,-999,1.0000
4748,-999,1.0000
4749,-999,1.0000
4750,-999,1.0000
4751,-999,1.0000
4752,-999,1.0000
4753,-999,1.0000
4754,-999,1.0000
4755,-999,1.0000
4756,-999,1.0000
4757,-999,1.0000
4758,-999,1.0000
4759,-999,1.0000
4760,-999,1.0000
4761,-999,1.0000
4762,-999,1.0000
4763,-999,1.0000
4764,-999,1.0000
4765,-999,1.0000
4766,-999,1.0000
4767,-999,1.0000
4768,-999,1.0000
4769,-999,1.0000
4770,-999,1.0000
4771,-999,1.0000
4772,-999,1.0000
4773,-999,1.0000
4774,-999,1.0000
4775,-999,1.0000
4776,-999,1.0000
4777,-999,1.0000
4778,-999,1.0000
4779,-999,1.0000
4780,-999,1.0000
4781,-999,1.0000
4782,-999,1.0000
4783,-999,1.0000
4784,-999,1.0000
4785,-999,1.0000
4786,-999,1.0000
4787,-999,1.0000
4788,-999,1.0000
4789,-999,1.0000
4790,-999,1.0000
4791,-999,1.0000
4792,-999,1.0000
4793,-999,1.0000
4794,-999,1.0000
4795,-999,1.0000
4796,-999,1.0000
4797,-999,1.0000
4798,-999,1.0000
4799,-999,1.0000
4800,-999,1.0000
4801,-999,1.0000
4802,-999,1.0000
4803,-999,1.0000
4804,-999,1.0000
4805,-999,1.0000
4806,-999,.5574
4806,5254,.4426
4807,5254,1.0000
4808,5254,1.0000
4809,5254,1.0000
4810,5254,1.0000
4811,5254,1.0000
4812,5254,1.0000
4813,5254,.5833
4813,-999,.4167
4814,-999,.3628
4814,5254,.6372
4815,5254,1.0000
4816,5254,.5750
4816,-999,.4250
4817,-999,.9417
4817,5254,.0583
4818,-999,1.0000
4819,-999,1.0000
4820,-999,1.0000
4821,-999,1.0000
4822,-999,1.0000
4823,-999,1.0000
4824,-999,1.0000
4825,-999,1.0000
4826,-999,1.0000
4827,-999,1.0000
4828,-999,1.0000
4829,-999,1.0000
4830,-999,1.0000
4831,-999,1.0000
4832,-999,1.0000
4833,-999,1.0000
4834,-999,1.0000
4835,-999,1.0000
4836,-999,1.0000
4837,-999,1.0000
4838,-999,1.0000
4839,-999,1.0000
4840,-999,1.0000
4841,-999,1.0000
4842,-999,1.0000
4843,-999,1.0000
4844,-999,1.0000
4845,-999,1.0000
4846,-999,1.0000
4847,-999,1.0000
4848,-999,1.0000
4849,-999,1.0000
4850,-999,1.0000
4851,-999,1.0000
4852,-999,1.0000
4853,-999,1.0000
4854,-999,1.0000
4855,-999,1.0000
4856,-999,1.0000
4857,-999,1.0000
4858,-999,1.0000
4859,-999,1.0000
4860,-999,1.0000
4861,-999,1.0000
4862,-999,1.0000
4863,-999,1.0000
4864,-999,1.0000
4865,-999,1.0000
4866,-999,1.0000
4867,-999,1.0000
4868,-999,1.0000
4869,-999,1.0000
4870,-999,1.0000
4871,-999,1.0000
4872,-999,1.0000
4873,-999,1.0000
4874,-999,1.0000
4875,-999,1.0000
4876,-999,1.0000
4877,-999,1.0000
4878,-999,1.0000
4879,-999,1.0000
4880,-999,1.0000
4881,-999,1.0000
4882,-999,1.0000
4883,-999,1.0000
4884,-999,1.0000
4885,-999,1.0000
4886,-999,1.0000
4887,-999,1.0000
4888,-999,1.0000
4889,-999,1.0000
4890,-999,1.0000
4891,-999,1.0000
4892,-999,1.0000
4893,-999,1.0000
4894,-999,1.0000
4895,-999,1.0000
4896,-999,1.0000
4897,-999,1.0000
4898,-999,1.0000
4899,-999,1.0000
4900,-999,1.0000
4901,-999,1.0000
4902,-999,1.0000
4903,-999,1.0000
4904,-999,1.0000
4905,-999,1.0000
4906,-999,1.0000
4907,-999,1.0000
4908,-999,1.0000
4909,-999,1.0000
4910,-999,1.0000
4911,-999,1.0000
4912,-999,1.0000
4913,-999,1.0000
4914,-999,1.0000
4915,-999,1.0000
4916,-999,1.0000
4917,-999,1.0000
4918,-999,1.0000
4919,-999,1.0000
4920,-999,1.0000
4921,-999,1.0000
4922,-999,1.0000
4923,-999,1.0000
4924,-999,1.0000
4925,-999,1.0000
4926,-999,1.0000
4927,-999,1.0000
4928,-999,1.0000
4929,-999,1.0000
4930,-999,1.0000
4931,-999,1.0000
4932,-999,1.0000
4933,-999,1.0000
4934,-999,1.0000
4935,-999,1.0000
4936,-999,1.0000
4937,-999,1.0000
4938,-999,1.0000
4939,-999,.8829
4939,5254,.1171
4940,5254,.5039
4940,-999,.4961
4941,5254,.8583
4941,-999,.1417
4942,5254,1.0000
4943,5254,1.0000
4944,5254,1.0000
4945,5254,1.0000
4946,5254,.7097
4946,-999,.2903
4947,-999,.2077
4947,5254,.7923
4948,5254,1.0000
4949,5254,.7705
4949,-999,.2295
4950,5254,.5854
4950,-999,.4146
4951,-999,.7818
4951,5254,.2182
4952,-999,.7818
4952,5254,.2182
4953,-999,1.0000
4954,-999,1.0000
4955,-999,1.0000
4956,-999,1.0000
4957,-999,1.0000
4958,-999,1.0000
4959,-999,1.0000
4960,-999,1.0000
4961,-999,1.0000
4962,-999,1.0000
4963,-999,1.0000
4964,-999,1.0000
4965,-999,1.0000
4966,-999,1.0000
4967,-999,1.0000
4968,-999,1.0000
4969,-999,1.0000
4970,-999,1.0000
4971,-999,1.0000
4972,-999,1.0000
4973,-999,1.0000
4974,-999,1.0000
4975,-999,1.0000
4976,-999,1.0000
4977,-999,1.0000
4978,-999,1.0000
4979,-999,1.0000
4980,-999,1.0000
4981,-999,1.0000
4982,-999,1.0000
4983,-999,1.0000
4984,-999,1.0000
4985,-999,1.0000
4986,-999,1.0000
4987,-999,1.0000
4988,-999,1.0000
4989,-999,1.0000
4990,-999,1.0000
4991,-999,1.0000
4992,-999,1.0000
4993,-999,1.0000
4994,-999,1.0000
4995,-999,1.0000
4996,-999,1.0000
4997,-999,1.0000
4998,-999,1.0000
4999,-999,1.0000
5000,-999,1.0000
5001,-999,1.0000
5002,-999,1.0000
5003,-999,1.0000
5004,-999,1.0000
5005,-999,1.0000
5006,-999,1.0000
5007,-999,1.0000
5008,-999,1.0000
5009,-999,1.0000
5010,-999,1.0000
5011,-999,1.0000
5012,-999,1.0000
5013,-999,1.0000
5014,-999,1.0000
5015,-999,1.0000
5016,-999,1.0000
5017,-999,1.0000
5018,-999,1.0000
5019,-999,1.0000
5020,-999,1.0000
5021,-999,1.0000
5022,-999,1.0000
5023,-999,1.0000
5024,-999,1.0000
5025,-999,1.0000
5026,-999,1.0000
5027,-999,1.0000
5028,-999,1.0000
5029,-999,1.0000
5030,-999,1.0000
5031,-999,1.0000
5032,-999,1.0000
5033,-999,1.0000
5034,-999,1.0000
5035,-999,1.0000
5036,-999,1.0000
5037,-999,1.0000
5038,-999,1.0000
5039,-999,1.0000
5040,-999,1.0000
5041,-999,1.0000
5042,-999,1.0000
5043,-999,1.0000
5044,-999,1.0000
5045,-999,1.0000
5046,-999,1.0000
5047,-999,1.0000
5048,-999,1.0000
5049,-999,1.0000
5050,-999,1.0000
5051,-999,1.0000
5052,-999,1.0000
5053,-999,1.0000
5054,-999,1.0000
5055,-999,1.0000
5056,-999,1.0000
5057,-999,1.0000
5058,-999,1.0000
5059,-999,1.0000
5060,-999,1.0000
5061,-999,1.0000
5062,-999,1.0000
5063,-999,1.0000
5064,-999,.7826
5064,5254,.2174
5065,-999,.4472
5065,5254,.5528
5066,-999,.7107
5066,5254,.2893
5067,-999,.8264
5067,5254,.1736
5068,-999,.8640
5068,5254,.1360
5069,-999,1.0000
5070,-999,1.0000
5071,-999,1.0000
5072,-999,1.0000
5073,-999,.9910
5073,5254,.0090
5074,-999,.4628
5074,5254,.5372
5075,5254,1.0000
5076,5254,1.0000
5077,5254,1.0000
5078,5254,1.0000
5079,5254,.8818
5079,-999,.1182
5080,5254,1.0000
5081,5254,1.0000
5082,5254,1.0000
5083,5254,.8788
5083,-999,.1212
5084,5254,.9504
5084,-999,.0496
5085,5254,.9917
5085,-999,.0083
5086,-999,.4154
5086,5254,.5846
5087,-999,.9364
5087,5254,.0636
5088,-999,.7909
5088,5254,.2091
5089,-999,.9833
5089,5254,.0167
5090,-999,1.0000
5091,-999,1.0000
5092,-999,1.0000
5093,-999,1.0000
5094,-999,1.0000
5095,-999,1.0000
5096,-999,1.0000
5097,-999,1.0000
5098,-999,1.0000
5099,-999,1.0000
5100,-999,1.0000
5101,-999,1.0000
5102,-999,1.0000
5103,-999,1.0000
5104,-999,1.0000
5105,-999,1.0000
5106,-999,1.0000
5107,-999,1.0000
5108,-999,1.0000
5109,-999,1.0000
5110,-999,1.0000
5111,-999,1.0000
5112,-999,1.0000
5113,-999,1.0000
5114,-999,1.0000
5115,-999,1.0000
5116,-999,1.0000
5117,-999,1.0000
5118,-999,1.0000
5119,-999,1.0000
5120,-999,1.0000
5121,-999,1.0000
5122,-999,1.0000
5123,-999,1.0000
5124,-999,1.0000
5125,-999,1.0000
5126,-999,1.0000
5127,-999,1.0000
5128,-999,1.0000
5129,-999,1.0000
5130,-999,1.0000
5131,-999,1.0000
5132,-999,1.0000
5133,-999,1.0000
5134,-999,1.0000
5135,-999,1.0000
5136,-999,1.0000
5137,-999,1.0000
5138,-999,1.0000
5139,-999,1.0000
5140,-999,1.0000
5141,-999,1.0000
5142,-999,1.0000
5143,-999,1.0000
5144,-999,1.0000
5145,-999,1.0000
5146,-999,1.0000
5147,-999,1.0000
5148,-999,1.0000
5149,-999,1.0000
5150,-999,1.0000
5151,-999,1.0000
5152,-999,1.0000
5153,-999,1.0000
5154,-999,1.0000
5155,-999,1.0000
5156,-999,1.0000
5157,-999,1.0000
5158,-999,1.0000
5159,-999,1.0000
5160,-999,1.0000
5161,-999,1.0000
5162,-999,1.0000
5163,-999,1.0000
5164,-999,1.0000
5165,-999,1.0000
5166,-999,1.0000
5167,-999,1.0000
5168,-999,1.0000
5169,-999,1.0000
5170,-999,1.0000
5171,-999,1.0000
5172,-999,1.0000
5173,-999,1.0000
5174,-999,1.0000
5175,-999,1.0000
5176,-999,1.0000
5177,-999,1.0000
5178,-999,1.0000
5179,-999,1.0000
5180,-999,1.0000
5181,-999,1.0000
5182,-999,1.0000
5183,-999,1.0000
5184,-999,1.0000
5185,-999,1.0000
5186,-999,1.0000
5187,-999,1.0000
5188,-999,1.0000
5189,-999,1.0000
5190,-999,1.0000
5191,-999,1.0000
5192,-999,1.0000
5193,-999,1.0000
5194,-999,1.0000
5195,-999,1.0000
5196,-999,1.0000
5197,-999,.8760
5197,5254,.1240
5198,5254,.7769
5198,-999,.2231
5199,5254,.9667
5199,-999,.0333
5200,5254,.9744
5200,-999,.0256
5201,5254,.9675
5201,-999,.0325
5202,-999,.2595
5202,5254,.7405
5203,-999,.9196
5203,5254,.0804
5204,-999,.5877
5204,5254,.4123
5205,-999,.5115
5205,5254,.4885
5206,-999,.1818
5206,5254,.8182
5207,-999,.0726
5207,5254,.9274
5208,5254,1.0000
5209,5254,1.0000
5210,5254,1.0000
5211,5254,1.0000
5212,5254,1.0000
5213,5254,1.0000
5214,5254,1.0000
5215,5254,1.0000
5216,5254,1.0000
5217,5254,1.0000
5218,5254,1.0000
5219,5254,.9008
5219,-999,.0992
5220,-999,.3252
5220,5254,.6748
5221,-999,.0909
5221,5254,.9091
5222,5254,.6818
5222,-999,.3182
5223,-999,.2645
5223,5254,.7355
5224,-999,.6777
5224,5254,.3223
5225,-999,.4919
5225,5254,.5081
5226,-999,.4727
5226,5254,.5273
5227,-999,.7000
5227,5254,.3000
5228,-999,1.0000
5229,-999,.9273
5229,5254,.0727
5230,-999,1.0000
5231,-999,1.0000
5232,-999,1.0000
5233,-999,1.0000
5234,-999,1.0000
5235,-999,1.0000
5236,-999,1.0000
5237,-999,1.0000
5238,-999,1.0000
5239,-999,1.0000
5240,-999,1.0000
5241,-999,1.0000
5242,-999,1.0000
5243,-999,1.0000
5244,-999,1.0000
5245,-999,1.0000
5246,-999,1.0000
5247,-999,1.0000
5248,-999,1.0000
5249,-999,1.0000
5250,-999,1.0000
5251,-999,1.0000
5252,-999,1.0000
5253,-999,1.0000
5254,-999,1.0000
5255,-999,1.0000
5256,-999,1.0000
5257,-999,1.0000
5258,-999,1.0000
5259,-999,1.0000
5260,-999,1.0000
5261,-999,1.0000
5262,-999,1.0000
5263,-999,1.0000
5264,-999,1.0000
5265,-999,1.0000
5266,-999,1.0000
5267,-999,1.0000
5268,-999,1.0000
5269,-999,1.0000
5270,-999,1.0000
5271,-999,1.0000
5272,-999,1.0000
5273,-999,1.0000
5274,-999,1.0000
5275,-999,1.0000
5276,-999,1.0000
5277,-999,1.0000
5278,-999,1.0000
5279,-999,1.0000
5280,-999,1.0000
5281,-999,1.0000
5282,-999,1.0000
5283,-999,1.0000
5284,-999,1.0000
5285,-999,1.0000
5286,-999,1.0000
5287,-999,1.0000
5288,-999,1.0000
5289,-999,1.0000
5290,-999,1.0000
5291,-999,1.0000
5292,-999,1.0000
5293,-999,1.0000
5294,-999,1.0000
5295,-999,1.0000
5296,-999,1.0000
5297,-999,1.0000
5298,-999,1.0000
5299,-999,1.0000
5300,-999,1.0000
5301,-999,1.0000
5302,-999,1.0000
5303,-999,1.0000
5304,-999,1.0000
5305,-999,1.0000
5306,-999,1.0000
5307,-999,1.0000
5308,-999,1.0000
5309,-999,1.0000
5310,-999,1.0000
5311,-999,1.0000
5312,-999,1.0000
5313,-999,1.0000
5314,-999,1.0000
5315,-999,1.0000
5316,-999,1.0000
5317,-999,1.0000
5318,-999,1.0000
5319,-999,1.0000
5320,-999,1.0000
5321,-999,.6439
5321,5254,.3561
5322,-999,.8167
5322,5254,.1833
5323,-999,.6786
5323,5254,.3214
5324,-999,.9621
5324,5254,.0379
5325,-999,1.0000
5326,-999,.9912
5326,5254,.0088
5327,-999,1.0000
5328,-999,.9835
5328,5254,.0165
5329,-999,.9076
5329,5254,.0924
5330,-999,.8760
5330,5254,.1240
5331,-999,.2397
5331,5254,.7603
5332,5254,1.0000
5333,5254,1.0000
5334,5254,1.0000
5335,5254,.9921
5335,-999,.0079
5336,5254,.4062
5336,-999,.5937
5337,-999,.3250
5337,5254,.6750
5338,5254,.8803
5338,-999,.1197
5339,5254,1.0000
5340,5254,1.0000
5341,5254,1.0000
5342,5254,1.0000
5343,5254,1.0000
5344,5254,1.0000
5345,5254,1.0000
5346,5254,1.0000
5347,5254,1.0000
5348,5254,1.0000
5349,5254,1.0000
5350,5254,1.0000
5351,5254,1.0000
5352,5254,1.0000
5353,5254,1.0000
5354,5254,1.0000
5355,5254,1.0000
5356,5254,1.0000
5357,5254,.9256
5357,-999,.0744
5358,-999,.0152
5358,5254,.9848
5359,5254,.9917
5359,-999,.0083
5360,5254,.8926
5360,-999,.1074
5361,-999,.6288
5361,5254,.3712
5362,-999,.6364
5362,5254,.3636
5363,-999,.3967
5363,5254,.6033
5364,-999,.7500
5364,5254,.2500
5365,-999,1.0000
5366,-999,1.0000
5367,-999,1.0000
5368,-999,1.0000
5369,-999,1.0000
5370,-999,1.0000
5371,-999,1.0000
5372,-999,.9685
5372,5254,.0315
5373,-999,.5591
5373,5254,.4409
5374,-999,1.0000
5375,-999,1.0000
5376,-999,1.0000
5377,-999,1.0000
5378,-999,1.0000
5379,-999,1.0000
5380,-999,1.0000
5381,-999,1.0000
5382,-999,1.0000
5383,-999,1.0000
5384,-999,1.0000
5385,-999,1.0000
5386,-999,1.0000
5387,-999,1.0000
5388,-999,1.0000
5389,-999,1.0000
5390,-999,1.0000
5391,-999,1.0000
5392,-999,1.0000
5393,-999,1.0000
5394,-999,1.0000
5395,-999,1.0000
5396,-999,1.0000
5397,-999,1.0000
5398,-999,1.0000
5399,-999,1.0000
5400,-999,1.0000
5401,-999,1.0000
5402,-999,1.0000
5403,-999,1.0000
5404,-999,1.0000
5405,-999,1.0000
5406,-999,1.0000
5407,-999,1.0000
5408,-999,1.0000
5409,-999,1.0000
5410,-999,1.0000
5411,-999,1.0000
5412,-999,1.0000
5413,-999,1.0000
5414,-999,1.0000
5415,-999,1.0000
5416,-999,1.0000
5417,-999,1.0000
5418,-999,1.0000
5419,-999,1.0000
5420,-999,1.0000
5421,-999,1.0000
5422,-999,1.0000
5423,-999,1.0000
5424,-999,1.0000
5425,-999,1.0000
5426,-999,1.0000
5427,-999,1.0000
5428,-999,1.0000
5429,-999,1.0000
5430,-999,1.0000
5431,-999,1.0000
5432,-999,1.0000
5433,-999,1.0000
5434,-999,1.0000
5435,-999,1.0000
5436,-999,1.0000
5437,-999,1.0000
5438,-999,1.0000
5439,-999,1.0000
5440,-999,1.0000
5441,-999,1.0000
5442,-999,1.0000
5443,-999,1.0000
5444,-999,1.0000
5445,-999,1.0000
5446,-999,1.0000
5447,-999,1.0000
5448,-999,1.0000
5449,-999,1.0000
5450,-999,1.0000
5451,-999,1.0000
5452,-999,1.0000
5453,-999,1.0000
5454,5254,.7207
5454,-999,.2793
5455,-999,.9000
5455,5254,.1000
5456,5254,.7886
5456,-999,.2114
5457,5254,.3274
5457,-999,.6726
5458,-999,1.0000
5459,-999,.6612
5459,5254,.3388
5460,-999,.4153
5460,5254,.5847
5461,-999,.4797
5461,5254,.5203
5462,5254,.9835
5462,-999,.0165
5463,-999,.0800
5463,5254,.9200
5464,5254,1.0000
5465,5254,1.0000
5466,5254,1.0000
5467,5254,1.0000
5468,5254,.5586
5468,-999,.4414
5469,-999,.3952
5469,5254,.6048
5470,5254,1.0000
5471,5254,1.0000
5472,5254,1.0000
5473,5254,1.0000
5474,5254,1.0000
5475,5254,1.0000
5476,5254,1.0000
5477,5254,1.0000
5478,5254,1.0000
5479,5254,1.0000
5480,5254,1.0000
5481,5254,1.0000
5482,5254,1.0000
5483,5254,1.0000
5484,5254,1.0000
5485,5254,1.0000
5486,5254,1.0000
5487,5254,1.0000
5488,5254,1.0000
5489,5254,1.0000
5490,5254,1.0000
5491,5254,1.0000
5492,5254,1.0000
5493,5254,1.0000
5494,5254,.7603
5494,-999,.2397
5495,-999,.7107
5495,5254,.2893
5496,-999,.6777
5496,5254,.3223
5497,-999,1.0000
5498,-999,1.0000
5499,-999,.9835
5499,5254,.0165
5500,-999,.7190
5500,5254,.2810
5501,-999,.8909
5501,5254,.1091
5502,-999,1.0000
5503,-999,1.0000
5504,-999,1.0000
5505,-999,.8583
5505,5254,.1417
5506,-999,.4273
5506,5254,.5727
5507,-999,1.0000
5508,-999,1.0000
5509,-999,1.0000
5510,-999,1.0000
5511,-999,1.0000
5512,-999,1.0000
5513,-999,1.0000
5514,-999,1.0000
5515,-999,1.0000
5516,-999,1.0000
5517,-999,1.0000
5518,-999,1.0000
5519,-999,1.0000
5520,-999,1.0000
5521,-999,1.0000
5522,-999,1.0000
5523,-999,1.0000
5524,-999,1.0000
5525,-999,1.0000
5526,-999,1.0000
5527,-999,1.0000
5528,-999,1.0000
5529,-999,1.0000
5530,-999,1.0000
5531,-999,1.0000
5532,-999,1.0000
5533,-999,1.0000
5534,-999,1.0000
5535,-999,1.0000
5536,-999,1.0000
5537,-999,1.0000
5538,-999,1.0000
5539,-999,1.0000
5540,-999,1.0000
5541,-999,1.0000
5542,-999,1.0000
5543,-999,1.0000
5544,-999,1.0000
5545,-999,1.0000
5546,-999,1.0000
5547,-999,1.0000
5548,-999,1.0000
5549,-999,1.0000
5550,-999,1.0000
5551,-999,1.0000
5552,-999,1.0000
5553,-999,1.0000
5554,-999,1.0000
5555,-999,1.0000
5556,-999,1.0000
5557,-999,1.0000
5558,-999,1.0000
5559,-999,1.0000
5560,-999,1.0000
5561,-999,1.0000
5562,-999,1.0000
5563,-999,1.0000
5564,-999,1.0000
5565,-999,1.0000
5566,-999,1.0000
5567,-999,1.0000
5568,-999,1.0000
5569,-999,1.0000
5570,-999,1.0000
5571,-999,1.0000
5572,-999,1.0000
5573,-999,1.0000
5574,-999,1.0000
5575,-999,1.0000
5576,-999,1.0000
5577,-999,1.0000
5578,-999,1.0000
5579,-999,1.0000
5580,-999,1.0000
5581,-999,1.0000
5582,-999,1.0000
5583,-999,1.0000
5584,-999,1.0000
5585,-999,1.0000
5586,-999,1.0000
5587,5254,.9040
5587,-999,.0960
5588,-999,.1339
5588,5254,.8661
5589,5254,.7752
5589,-999,.2248
5590,-999,.9174
5590,5254,.0826
5591,-999,.8793
5591,5254,.1207
5592,-999,.2222
5592,5254,.7778
5593,5254,.7107
5593,-999,.2893
5594,-999,.4262
5594,5254,.5738
5595,5254,1.0000
5596,5254,1.0000
5597,5254,1.0000
5598,5254,1.0000
5599,5254,1.0000
5600,5254,1.0000
5601,5254,.9174
5601,-999,.0826
5602,-999,.2203
5602,5254,.7797
5603,5254,1.0000
5604,5254,1.0000
5605,5254,1.0000
5606,5254,1.0000
5607,5254,1.0000
5608,5254,1.0000
5609,5254,1.0000
5610,5254,1.0000
5611,5254,1.0000
5612,5254,1.0000
5613,5254,1.0000
5614,5254,1.0000
5615,5254,1.0000
5616,5254,1.0000
5617,5254,1.0000
5618,5254,1.0000
5619,5254,1.0000
5620,5254,1.0000
5621,5254,1.0000
5622,5254,1.0000
5623,5254,1.0000
5624,5254,1.0000
5625,5254,1.0000
5626,5254,.9752
5626,-999,.0248
5627,5254,.7634
5627,-999,.2366
5628,-999,.0455
5628,5254,.9545
5629,5254,.8273
5629,-999,.1727
5630,-999,.8833
5630,5254,.1167
5631,-999,.7364
5631,5254,.2636
5632,-999,.6636
5632,5254,.3364
5633,-999,.0076
5633,5254,.9924
5634,5254,.9256
5634,-999,.0744
5635,-999,.8864
5635,5254,.1136
5636,-999,.6694
5636,5254,.3306
5637,-999,.6116
5637,5254,.3884
5638,-999,1.0000
5639,-999,.7190
5639,5254,.2810
5640,-999,.8099
5640,5254,.1901
5641,-999,1.0000
5642,-999,1.0000
5643,-999,1.0000
5644,-999,1.0000
5645,-999,1.0000
5646,-999,1.0000
5647,-999,1.0000
5648,-999,1.0000
5649,-999,1.0000
5650,-999,1.0000
5651,-999,1.0000
5652,-999,1.0000
5653,-999,1.0000
5654,-999,1.0000
5655,-999,1.0000
5656,-999,1.0000
5657,-999,1.0000
5658,-999,1.0000
5659,-999,1.0000
5660,-999,1.0000
5661,-999,1.0000
5662,-999,1.0000
5663,-999,1.0000
5664,-999,1.0000
5665,-999,1.0000
5666,-999,1.0000
5667,-999,1.0000
5668,-999,1.0000
5669,-999,1.0000
5670,-999,1.0000
5671,-999,1.0000
5672,-999,1.0000
5673,-999,1.0000
5674,-999,1.0000
5675,-999,1.0000
5676,-999,1.0000
5677,-999,1.0000
5678,-999,1.0000
5679,-999,1.0000
5680,-999,1.0000
5681,-999,1.0000
5682,-999,1.0000
5683,-999,1.0000
5684,-999,1.0000
5685,-999,1.0000
5686,-999,1.0000
5687,-999,1.0000
5688,-999,1.0000
5689,-999,1.0000
5690,-999,1.0000
5691,-999,1.0000
5692,-999,1.0000
5693,-999,1.0000
5694,-999,1.0000
5695,-999,1.0000
5696,-999,1.0000
5697,-999,1.0000
5698,-999,1.0000
5699,-999,1.0000
5700,-999,1.0000
5701,-999,1.0000
5702,-999,1.0000
5703,-999,1.0000
5704,-999,1.0000
5705,-999,1.0000
5706,-999,1.0000
5707,-999,1.0000
5708,-999,1.0000
5709,-999,1.0000
5710,-999,1.0000
5711,-999,1.0000
5712,-999,1.0000
5713,-999,1.0000
5714,-999,1.0000
5715,-999,1.0000
5716,-999,1.0000
5717,-999,1.0000
5718,-999,1.0000
5719,-999,1.0000
5720,5254,1.0000
5721,5254,1.0000
5722,5254,.7304
5722,-999,.2696
5723,-999,1.0000
5724,-999,.5124
5724,5254,.4876
5725,5254,.9832
5725,-999,.0168
5726,5254,.8115
5726,-999,.1885
5727,-999,.2066
5727,5254,.7934
5728,5254,1.0000
5729,5254,1.0000
5730,5254,1.0000
5731,5254,1.0000
5732,5254,1.0000
5733,5254,1.0000
5734,5254,1.0000
5735,5254,1.0000
5736,5254,1.0000
5737,5254,1.0000
5738,5254,1.0000
5739,5254,1.0000
5740,5254,1.0000
5741,5254,1.0000
5742,5254,1.0000
5743,5254,1.0000
5744,5254,1.0000
5745,5254,1.0000
5746,5254,1.0000
5747,5254,1.0000
5748,5254,1.0000
5749,5254,1.0000
5750,5254,1.0000
5751,5254,1.0000
5752,5254,1.0000
5753,5254,1.0000
5754,5254,1.0000
5755,5254,1.0000
5756,5254,1.0000
5757,5254,1.0000
5758,5254,1.0000
5759,5254,1.0000
5760,5254,1.0000
5761,5254,1.0000
5762,5254,.4298
5762,-999,.5702
5763,-999,.2955
5763,5254,.7045
5764,5254,1.0000
5765,5254,.9504
5765,-999,.0496
5766,5254,1.0000
5767,5254,.9835
5767,-999,.0165
5768,5254,.7045
5768,-999,.2955
5769,5254,1.0000
5770,5254,.9835
5770,-999,.0165
5771,-999,.7121
5771,5254,.2879
5772,-999,1.0000
5773,-999,.8661
5773,5254,.1339
5774,-999,.8319
5774,5254,.1681
5775,-999,1.0000
5776,-999,1.0000
5777,-999,1.0000
5778,-999,1.0000
5779,-999,1.0000
5780,-999,1.0000
5781,-999,1.0000
5782,-999,1.0000
5783,-999,1.0000
5784,-999,1.0000
5785,-999,1.0000
5786,-999,1.0000
5787,-999,1.0000
5788,-999,1.0000
5789,-999,1.0000
5790,-999,1.0000
5791,-999,1.0000
5792,-999,1.0000
5793,-999,1.0000
5794,-999,1.0000
5795,-999,1.0000
5796,-999,1.0000
5797,-999,1.0000
5798,-999,1.0000
5799,-999,1.0000
5800,-999,1.0000
5801,-999,1.0000
5802,-999,1.0000
5803,-999,1.0000
5804,-999,1.0000
5805,-999,1.0000
5806,-999,1.0000
5807,-999,1.0000
5808,-999,1.0000
5809,-999,1.0000
5810,-999,1.0000
5811,-999,1.0000
5812,-999,1.0000
5813,-999,1.0000
5814,-999,1.0000
5815,-999,1.0000
5816,-999,1.0000
5817,-999,1.0000
5818,-999,1.0000
5819,-999,1.0000
5820,-999,1.0000
5821,-999,1.0000
5822,-999,1.0000
5823,-999,1.0000
5824,-999,1.0000
5825,-999,1.0000
5826,-999,1.0000
5827,-999,1.0000
5828,-999,1.0000
5829,-999,1.0000
5830,-999,1.0000
5831,-999,1.0000
5832,-999,1.0000
5833,-999,1.0000
5834,-999,1.0000
5835,-999,1.0000
5836,-999,1.0000
5837,-999,1.0000
5838,-999,1.0000
5839,-999,1.0000
5840,-999,1.0000
5841,-999,1.0000
5842,-999,1.0000
5843,-999,1.0000
5844,-999,1.0000
5845,-999,1.0000
5846,-999,1.0000
5847,-999,1.0000
5848,-999,1.0000
5849,-999,1.0000
5850,-999,1.0000
5851,-999,1.0000
5852,-999,1.0000
5853,5254,1.0000
5854,5254,1.0000
5855,5254,.4758
5855,-999,.5242
5856,-999,.9829
5856,5254,.0171
5857,-999,.3600
5857,5254,.6400
5858,5254,1.0000
5859,5254,1.0000
5860,5254,1.0000
5861,5254,1.0000
5862,5254,1.0000
5863,5254,1.0000
5864,5254,1.0000
5865,5254,1.0000
5866,5254,1.0000
5867,5254,1.0000
5868,5254,1.0000
5869,5254,1.0000
5870,5254,1.0000
5871,5254,1.0000
5872,5254,1.0000
5873,5254,1.0000
5874,5254,1.0000
5875,5254,1.0000
5876,5254,1.0000
5877,5254,1.0000
5878,5254,1.0000
5879,5254,1.0000
5880,5254,1.0000
5881,5254,1.0000
5882,5254,1.0000
5883,5254,1.0000
5884,5254,1.0000
5885,5254,1.0000
5886,5254,.7121
5886,5222,.2879
5887,5254,.9091
5887,5222,.0909
5888,5254,1.0000
5889,5254,1.0000
5890,5254,1.0000
5891,5254,1.0000
5892,5254,1.0000
5893,5254,1.0000
5894,5254,1.0000
5895,5254,.9182
5895,-999,.0818
5896,5254,1.0000
5897,5254,1.0000
5898,5254,1.0000
5899,5254,1.0000
5900,5254,.8273
5900,-999,.1727
5901,5254,.6417
5901,-999,.3583
5902,5254,.9636
5902,-999,.0364
5903,5254,1.0000
5904,5254,.9167
5904,-999,.0833
5905,-999,.6942
5905,5254,.3058
5906,-999,.3636
5906,5254,.6364
5907,5254,.8843
5907,-999,.1157
5908,-999,.9587
5908,5254,.0413
5909,-999,1.0000
5910,-999,1.0000
5911,-999,1.0000
5912,-999,1.0000
5913,-999,1.0000
5914,-999,1.0000
5915,-999,1.0000
5916,-999,1.0000
5917,-999,1.0000
5918,-999,1.0000
5919,-999,1.0000
5920,-999,1.0000
5921,-999,1.0000
5922,-999,1.0000
5923,-999,1.0000
5924,-999,1.0000
5925,-999,1.0000
5926,-999,1.0000
5927,-999,1.0000
5928,-999,1.0000
5929,-999,1.0000
5930,-999,1.0000
5931,-999,1.0000
5932,-999,1.0000
5933,-999,1.0000
5934,-999,1.0000
5935,-999,1.0000
5936,-999,1.0000
5937,-999,1.0000
5938,-999,1.0000
5939,-999,1.0000
5940,-999,1.0000
5941,-999,1.0000
5942,-999,1.0000
5943,-999,1.0000
5944,-999,1.0000
5945,-999,1.0000
5946,-999,1.0000
5947,-999,1.0000
5948,-999,1.0000
5949,-999,1.0000
5950,-999,1.0000
5951,-999,1.0000
5952,-999,1.0000
5953,-999,1.0000
5954,-999,1.0000
5955,-999,1.0000
5956,-999,1.0000
5957,-999,1.0000
5958,-999,1.0000
5959,-999,1.0000
5960,-999,1.0000
5961,-999,1.0000
5962,-999,1.0000
5963,-999,1.0000
5964,-999,1.0000
5965,-999,1.0000
5966,-999,1.0000
5967,-999,1.0000
5968,-999,1.0000
5969,-999,1.0000
5970,-999,1.0000
5971,-999,1.0000
5972,-999,1.0000
5973,-999,1.0000
5974,-999,1.0000
5975,-999,1.0000
5976,-999,1.0000
5977,-999,1.0000
5978,-999,1.0000
5979,-999,1.0000
5980,-999,1.0000
5981,-999,1.0000
5982,-999,1.0000
5983,-999,1.0000
5984,-999,1.0000
5985,-999,1.0000
5986,5254,1.0000
5987,5254,1.0000
5988,5254,.9194
5988,-999,.0806
5989,-999,.1220
5989,5254,.8780
5990,5254,1.0000
5991,5254,1.0000
5992,5254,1.0000
5993,5254,1.0000
5994,5254,1.0000
5995,5254,1.0000
5996,5254,1.0000
5997,5254,1.0000
5998,5254,1.0000
5999,5254,1.0000
6000,5254,1.0000
6001,5254,1.0000
6002,5254,1.0000
6003,5254,1.0000
6004,5254,1.0000
6005,5254,1.0000
6006,5254,1.0000
6007,5254,1.0000
6008,5254,1.0000
6009,5254,1.0000
6010,5254,1.0000
6011,5254,1.0000
6012,5254,1.0000
6013,5254,1.0000
6014,5254,1.0000
6015,5254,1.0000
6016,5254,1.0000
6017,5254,1.0000
6018,5254,.7438
6018,5222,.2562
6019,5254,.0152
6019,5222,.9848
6020,5222,.8760
6020,5254,.1240
6021,5254,.7879
6021,5222,.2121
6022,5254,1.0000
6023,5254,1.0000
6024,5254,1.0000
6025,5254,1.0000
6026,5254,1.0000
6027,5254,.7603
6027,5222,.2397
6028,5254,.8843
6028,5222,.1157
6029,5254,1.0000
6030,5254,1.0000
6031,5254,1.0000
6032,5254,1.0000
6033,5254,.7934
6033,-999,.2066
6034,5254,.9697
6034,-999,.0303
6035,5254,1.0000
6036,5254,1.0000
6037,5254,1.0000
6038,5254,1.0000
6039,5254,1.0000
6040,5254,.9421
6040,-999,.0579
6041,5254,.0345
6041,-999,.9655
6042,-999,1.0000
6043,-999,.9727
6043,5254,.0273
6044,-999,1.0000
6045,-999,1.0000
6046,-999,1.0000
6047,-999,1.0000
6048,-999,1.0000
6049,-999,1.0000
6050,-999,1.0000
6051,-999,1.0000
6052,-999,1.0000
6053,-999,1.0000
6054,-999,1.0000
6055,-999,1.0000
6056,-999,1.0000
6057,-999,1.0000
6058,-999,1.0000
6059,-999,1.0000
6060,-999,1.0000
6061,-999,1.0000
6062,-999,1.0000
6063,-999,1.0000
6064,-999,1.0000
6065,-999,1.0000
6066,-999,1.0000
6067,-999,1.0000
6068,-999,1.0000
6069,-999,1.0000
6070,-999,1.0000
6071,-999,1.0000
6072,-999,1.0000
6073,-999,1.0000
6074,-999,1.0000
6075,-999,1.0000
6076,-999,1.0000
6077,-999,1.0000
6078,-999,1.0000
6079,-999,1.0000
6080,-999,1.0000
6081,-999,1.0000
6082,-999,1.0000
6083,-999,1.0000
6084,-999,1.0000
6085,-999,1.0000
6086,-999,1.0000
6087,-999,1.0000
6088,-999,1.0000
6089,-999,1.0000
6090,-999,1.0000
6091,-999,1.0000
6092,-999,1.0000
6093,-999,1.0000
6094,-999,1.0000
6095,-999,1.0000
6096,-999,1.0000
6097,-999,1.0000
6098,-999,1.0000
6099,-999,1.0000
6100,-999,1.0000
6101,-999,1.0000
6102,-999,1.0000
6103,-999,1.0000
6104,-999,1.0000
6105,-999,1.0000
6106,-999,1.0000
6107,-999,1.0000
6108,-999,1.0000
6109,-999,1.0000
6110,-999,1.0000
6111,-999,1.0000
6112,-999,1.0000
6113,-999,1.0000
6114,-999,1.0000
6115,-999,1.0000
6116,-999,1.0000
6117,-999,1.0000
6118,-999,1.0000
6119,5254,1.0000
6120,5254,1.0000
6121,5254,1.0000
6122,5254,1.0000
6123,5254,1.0000
6124,5254,1.0000
6125,5254,1.0000
6126,5254,1.0000
6127,5254,1.0000
6128,5254,1.0000
6129,5254,1.0000
6130,5254,1.0000
6131,5254,1.0000
6132,5254,1.0000
6133,5254,1.0000
6134,5254,1.0000
6135,5254,1.0000
6136,5254,1.0000
6137,5254,1.0000
6138,5254,1.0000
6139,5254,1.0000
6140,5254,1.0000
6141,5254,1.0000
6142,5254,1.0000
6143,5254,1.0000
6144,5254,1.0000
6145,5254,1.0000
6146,5254,1.0000
6147,5254,1.0000
6148,5254,1.0000
6149,5254,1.0000
6150,5254,.9286
6150,5222,.0714
6151,5254,.1000
6151,5222,.9000
6152,5222,1.0000
6153,5222,1.0000
6154,5222,.8839
6154,5254,.1161
6155,5254,.8016
6155,5222,.1984
6156,5254,1.0000
6157,5254,1.0000
6158,5254,1.0000
6159,5254,1.0000
6160,5254,.4580
6160,5222,.5420
6161,5222,.9669
6161,5254,.0331
6162,5254,.5000
6162,5222,.5000
6163,5254,1.0000
6164,5254,1.0000
6165,5254,1.0000
6166,5254,.9835
6166,-999,.0165
6167,-999,.0152
6167,5254,.9848
6168,5254,1.0000
6169,5254,1.0000
6170,5254,1.0000
6171,5254,1.0000
6172,5254,1.0000
6173,5254,.9182
6173,-999,.0818
6174,-999,.9524
6174,5254,.0476
6175,-999,.6179
6175,5254,.3821
6176,-999,.2066
6176,5254,.7934
6177,-999,.9848
6177,5254,.0152
6178,-999,1.0000
6179,-999,1.0000
6180,-999,1.0000
6181,-999,1.0000
6182,-999,1.0000
6183,-999,1.0000
6184,-999,1.0000
6185,-999,1.0000
6186,-999,1.0000
6187,-999,1.0000
6188,-999,1.0000
6189,-999,1.0000
6190,-999,1.0000
6191,-999,1.0000
6192,-999,1.0000
6193,-999,1.0000
6194,-999,1.0000
6195,-999,1.0000
6196,-999,1.0000
6197,-999,1.0000
6198,-999,1.0000
6199,-999,1.0000
6200,-999,1.0000
6201,-999,1.0000
6202,-999,1.0000
6203,-999,1.0000
6204,-999,1.0000
6205,-999,1.0000
6206,-999,1.0000
6207,-999,1.0000
6208,-999,1.0000
6209,-999,1.0000
6210,-999,1.0000
6211,-999,1.0000
6212,-999,1.0000
6213,-999,1.0000
6214,-999,1.0000
6215,-999,1.0000
6216,-999,1.0000
6217,-999,1.0000
6218,-999,1.0000
6219,-999,1.0000
6220,-999,1.0000
6221,-999,1.0000
6222,-999,1.0000
6223,-999,1.0000
6224,-999,1.0000
6225,-999,1.0000
6226,-999,1.0000
6227,-999,1.0000
6228,-999,1.0000
6229,-999,1.0000
6230,-999,1.0000
6231,-999,1.0000
6232,-999,1.0000
6233,-999,1.0000
6234,-999,1.0000
6235,-999,1.0000
6236,-999,1.0000
6237,-999,1.0000
6238,-999,1.0000
6239,-999,1.0000
6240,-999,1.0000
6241,-999,1.0000
6242,-999,1.0000
6243,-999,1.0000
6244,-999,1.0000
6245,-999,1.0000
6246,-999,1.0000
6247,-999,1.0000
6248,-999,1.0000
6249,-999,1.0000
6250,-999,1.0000
6251,-999,1.0000
6252,5254,1.0000
6253,5254,1.0000
6254,5254,1.0000
6255,5254,1.0000
6256,5254,1.0000
6257,5254,1.0000
6258,5254,1.0000
6259,5254,1.0000
6260,5254,1.0000
6261,5254,1.0000
6262,5254,1.0000
6263,5254,1.0000
6264,5254,1.0000
6265,5254,1.0000
6266,5254,1.0000
6267,5254,1.0000
6268,5254,1.0000
6269,5254,1.0000
6270,5254,1.0000
6271,5254,1.0000
6272,5254,1.0000
6273,5254,1.0000
6274,5254,1.0000
6275,5254,1.0000
6276,5254,1.0000
6277,5254,1.0000
6278,5254,1.0000
6279,5254,1.0000
6280,5254,.9583
6280,5222,.0417
6281,5254,.5680
6281,5222,.4320
6282,5254,.5950
6282,5222,.4050
6283,5254,.3939
6283,5222,.6061
6284,5222,1.0000
6285,5222,1.0000
6286,5222,1.0000
6287,5222,1.0000
6288,5222,.9762
6288,5254,.0238
6289,5254,.3091
6289,5222,.6909
6290,5254,.5417
6290,5222,.4583
6291,5254,.5818
6291,5222,.4182
6292,5254,.3818
6292,5222,.6182
6293,5254,.0500
6293,5222,.9500
6294,5222,1.0000
6295,5222,.9000
6295,5254,.1000
6296,5254,1.0000
6297,5254,1.0000
6298,5254,1.0000
6299,5254,1.0000
6300,5254,1.0000
6301,5254,1.0000
6302,5254,1.0000
6303,5254,1.0000
6304,5254,1.0000
6305,5254,1.0000
6306,5254,1.0000
6307,5254,.5909
6307,-999,.4091
6308,-999,.3636
6308,5254,.6364
6309,5254,1.0000
6310,5254,.5333
6310,-999,.4667
6311,-999,.7818
6311,5254,.2182
6312,-999,.6066
6312,5254,.3934
6313,-999,.9587
6313,5254,.0413
6314,-999,1.0000
6315,-999,1.0000
6316,-999,.9587
6316,5254,.0413
6317,-999,.9837
6317,5254,.0163
6318,-999,1.0000
6319,-999,1.0000
6320,-999,1.0000
6321,-999,1.0000
6322,-999,1.0000
6323,-999,1.0000
6324,-999,1.0000
6325,-999,1.0000
6326,-999,1.0000
6327,-999,1.0000
6328,-999,1.0000
6329,-999,1.0000
6330,-999,1.0000
6331,-999,1.0000
6332,-999,1.0000
6333,-999,1.0000
6334,-999,1.0000
6335,-999,1.0000
6336,-999,1.0000
6337,-999,1.0000
6338,-999,1.0000
6339,-999,1.0000
6340,-999,1.0000
6341,-999,1.0000
6342,-999,1.0000
6343,-999,1.0000
6344,-999,1.0000
6345,-999,1.0000
6346,-999,1.0000
6347,-999,1.0000
6348,-999,1.0000
6349,-999,1.0000
6350,-999,1.0000
6351,-999,1.0000
6352,-999,1.0000
6353,-999,1.0000
6354,-999,1.0000
6355,-999,1.0000
6356,-999,1.0000
6357,-999,1.0000
6358,-999,1.0000
6359,-999,1.0000
6360,-999,1.0000
6361,-999,1.0000
6362,-999,1.0000
6363,-999,1.0000
6364,-999,1.0000
6365,-999,1.0000
6366,-999,1.0000
6367,-999,1.0000
6368,-999,1.0000
6369,-999,1.0000
6370,-999,1.0000
6371,-999,1.0000
6372,-999,1.0000
6373,-999,1.0000
6374,-999,1.0000
6375,-999,1.0000
6376,-999,1.0000
6377,-999,1.0000
6378,-999,1.0000
6379,-999,1.0000
6380,-999,1.0000
6381,-999,1.0000
6382,-999,1.0000
6383,-999,1.0000
6384,-999,1.0000
6385,5254,1.0000
6386,5254,1.0000
6387,5254,1.0000
6388,5254,1.0000
6389,5254,1.0000
6390,5254,1.0000
6391,5254,1.0000
6392,5254,1.0000
6393,5254,1.0000
6394,5254,1.0000
6395,5254,1.0000
6396,5254,1.0000
6397,5254,1.0000
6398,5254,1.0000
6399,5254,1.0000
6400,5254,1.0000
6401,5254,1.0000
6402,5254,1.0000
6403,5254,1.0000
6404,5254,1.0000
6405,5254,1.0000
6406,5254,1.0000
6407,5254,1.0000
6408,5254,1.0000
6409,5254,1.0000
6410,5254,1.0000
6411,5254,1.0000
6412,5254,1.0000
6413,5254,.6583
6413,5222,.3417
6414,5222,1.0000
6415,5222,1.0000
6416,5222,1.0000
6417,5222,1.0000
6418,5222,1.0000
6419,5222,1.0000
6420,5222,1.0000
6421,5222,1.0000
6422,5222,1.0000
6423,5222,1.0000
6424,5222,1.0000
6425,5222,1.0000
6426,5222,1.0000
6427,5222,1.0000
6428,5222,.8561
6428,5254,.1439
6429,5254,1.0000
6430,5254,1.0000
6431,5254,1.0000
6432,5254,1.0000
6433,5254,1.0000
6434,5254,1.0000
6435,5254,1.0000
6436,5254,1.0000
6437,5254,1.0000
6438,5254,1.0000
6439,5254,1.0000
6440,5254,1.0000
6441,5254,.9909
6441,-999,.0091
6442,5254,1.0000
6443,5254,.8250
6443,-999,.1750
6444,5254,.6393
6444,-999,.3607
6445,5254,1.0000
6446,5254,.5372
6446,-999,.4628
6447,-999,1.0000
6448,-999,1.0000
6449,-999,.7009
6449,5254,.2991
6450,-999,.1935
6450,5254,.8065
6451,-999,.6860
6451,5254,.3140
6452,-999,.9924
6452,5254,.0076
6453,-999,.5641
6453,5254,.4359
6454,-999,.8000
6454,5254,.2000
6455,-999,1.0000
6456,-999,1.0000
6457,-999,1.0000
6458,-999,1.0000
6459,-999,1.0000
6460,-999,1.0000
6461,-999,1.0000
6462,-999,1.0000
6463,-999,1.0000
6464,-999,1.0000
6465,-999,1.0000
6466,-999,1.0000
6467,-999,1.0000
6468,-999,1.0000
6469,-999,1.0000
6470,-999,1.0000
6471,-999,1.0000
6472,-999,1.0000
6473,-999,1.0000
6474,-999,1.0000
6475,-999,1.0000
6476,-999,1.0000
6477,-999,1.0000
6478,-999,1.0000
6479,-999,1.0000
6480,-999,1.0000
6481,-999,1.0000
6482,-999,1.0000
6483,-999,1.0000
6484,-999,1.0000
6485,-999,1.0000
6486,-999,1.0000
6487,-999,1.0000
6488,-999,1.0000
6489,-999,1.0000
6490,-999,1.0000
6491,-999,1.0000
6492,-999,1.0000
6493,-999,1.0000
6494,-999,1.0000
6495,-999,1.0000
6496,-999,1.0000
6497,-999,1.0000
6498,-999,1.0000
6499,-999,1.0000
6500,-999,1.0000
6501,-999,1.0000
6502,-999,1.0000
6503,-999,1.0000
6504,-999,1.0000
6505,-999,1.0000
6506,-999,1.0000
6507,-999,1.0000
6508,-999,1.0000
6509,-999,1.0000
6510,-999,1.0000
6511,-999,1.0000
6512,-999,1.0000
6513,-999,1.0000
6514,-999,1.0000
6515,-999,1.0000
6516,-999,1.0000
6517,-999,1.0000
6518,5254,1.0000
6519,5254,1.0000
6520,5254,1.0000
6521,5254,1.0000
6522,5254,1.0000
6523,5254,1.0000
6524,5254,1.0000
6525,5254,1.0000
6526,5254,1.0000
6527,5254,1.0000
6528,5254,1.0000
6529,5254,1.0000
6530,5254,1.0000
6531,5254,1.0000
6532,5254,1.0000
6533,5254,1.0000
6534,5254,1.0000
6535,5254,1.0000
6536,5254,1.0000
6537,5254,1.0000
6538,5254,1.0000
6539,5254,1.0000
6540,5254,1.0000
6541,5254,1.0000
6542,5254,1.0000
6543,5254,1.0000
6544,5254,1.0000
6545,5254,1.0000
6546,5254,.5950
6546,5222,.4050
6547,5222,1.0000
6548,5222,1.0000
6549,5222,1.0000
6550,5222,1.0000
6551,5222,1.0000
6552,5222,1.0000
6553,5222,1.0000
6554,5222,1.0000
6555,5222,1.0000
6556,5222,1.0000
6557,5222,1.0000
6558,5222,1.0000
6559,5222,1.0000
6560,5222,1.0000
6561,5222,.6970
6561,5254,.3030
6562,5254,1.0000
6563,5254,1.0000
6564,5254,1.0000
6565,5254,1.0000
6566,5254,1.0000
6567,5254,1.0000
6568,5254,1.0000
6569,5254,1.0000
6570,5254,1.0000
6571,5254,1.0000
6572,5254,1.0000
6573,5254,1.0000
6574,5254,1.0000
6575,5254,.9773
6575,-999,.0227
6576,5254,.6860
6576,-999,.3140
6577,-999,.0379
6577,5254,.9621
6578,5254,1.0000
6579,5254,.6847
6579,-999,.3153
6580,-999,1.0000
6581,-999,1.0000
6582,-999,1.0000
6583,-999,.8843
6583,5254,.1157
6584,5254,.3465
6584,-999,.6535
6585,-999,.9381
6585,5254,.0619
6586,5254,.5641
6586,-999,.4359
6587,5254,.5038
6587,-999,.4962
6588,-999,.9917
6588,5254,.0083
6589,-999,1.0000
6590,-999,1.0000
6591,-999,1.0000
6592,-999,1.0000
6593,-999,1.0000
6594,-999,1.0000
6595,-999,1.0000
6596,-999,1.0000
6597,-999,1.0000
6598,-999,1.0000
6599,-999,1.0000
6600,-999,1.0000
6601,-999,1.0000
6602,-999,1.0000
6603,-999,1.0000
6604,-999,1.0000
6605,-999,1.0000
6606,-999,1.0000
6607,-999,1.0000
6608,-999,1.0000
6609,-999,1.0000
6610,-999,1.0000
6611,-999,1.0000
6612,-999,1.0000
6613,-999,1.0000
6614,-999,1.0000
6615,-999,1.0000
6616,-999,1.0000
6617,-999,1.0000
6618,-999,1.0000
6619,-999,1.0000
6620,-999,1.0000
6621,-999,1.0000
6622,-999,1.0000
6623,-999,1.0000
6624,-999,1.0000
6625,-999,1.0000
6626,-999,1.0000
6627,-999,1.0000
6628,-999,1.0000
6629,-999,1.0000
6630,-999,1.0000
6631,-999,1.0000
6632,-999,1.0000
6633,-999,1.0000
6634,-999,1.0000
6635,-999,1.0000
6636,-999,1.0000
6637,-999,1.0000
6638,-999,1.0000
6639,-999,1.0000
6640,-999,1.0000
6641,-999,1.0000
6642,-999,1.0000
6643,-999,1.0000
6644,-999,1.0000
6645,-999,1.0000
6646,-999,1.0000
6647,-999,1.0000
6648,-999,1.0000
6649,-999,1.0000
6650,-999,1.0000
6651,5254,1.0000
6652,5254,1.0000
6653,5254,1.0000
6654,5254,1.0000
6655,5254,1.0000
6656,5254,1.0000
6657,5254,1.0000
6658,5254,1.0000
6659,5254,1.0000
6660,5254,1.0000
6661,5254,1.0000
6662,5254,1.0000
6663,5254,1.0000
6664,5254,1.0000
6665,5254,1.0000
6666,5254,1.0000
6667,5254,1.0000
6668,5254,1.0000
6669,5254,1.0000
6670,5254,1.0000
6671,5254,1.0000
6672,5254,1.0000
6673,5254,1.0000
6674,5254,1.0000
6675,5254,1.0000
6676,5254,1.0000
6677,5254,1.0000
6678,5254,1.0000
6679,5254,.7000
6679,5222,.3000
6680,5222,1.0000
6681,5222,1.0000
6682,5222,1.0000
6683,5222,1.0000
6684,5222,1.0000
6685,5222,1.0000
6686,5222,1.0000
6687,5222,1.0000
6688,5222,1.0000
6689,5222,1.0000
6690,5222,1.0000
6691,5222,1.0000
6692,5222,1.0000
6693,5222,1.0000
6694,5222,.9917
6694,5254,.0083
6695,5254,.2818
6695,5222,.7182
6696,5254,.6667
6696,5222,.3333
6697,5254,1.0000
6698,5254,1.0000
6699,5254,1.0000
6700,5254,1.0000
6701,5254,1.0000
6702,5254,1.0000
6703,5254,1.0000
6704,5254,1.0000
6705,5254,1.0000
6706,5254,1.0000
6707,5254,1.0000
6708,5254,.7480
6708,-999,.2520
6709,-999,.0364
6709,5254,.9636
6710,5254,1.0000
6711,5254,1.0000
6712,5254,.2879
6712,-999,.7121
6713,-999,1.0000
6714,-999,1.0000
6715,-999,1.0000
6716,-999,.5364
6716,5254,.4636
6717,5254,.9435
6717,-999,.0565
6718,-999,.0909
6718,5254,.9091
6719,5254,.8409
6719,-999,.1591
6720,5254,.7025
6720,-999,.2975
6721,-999,.4188
6721,5254,.5812
6722,-999,1.0000
6723,-999,1.0000
6724,-999,1.0000
6725,-999,1.0000
6726,-999,1.0000
6727,-999,1.0000
6728,-999,1.0000
6729,-999,1.0000
6730,-999,1.0000
6731,-999,1.0000
6732,-999,1.0000
6733,-999,1.0000
6734,-999,1.0000
6735,-999,1.0000
6736,-999,1.0000
6737,-999,1.0000
6738,-999,1.0000
6739,-999,1.0000
6740,-999,1.0000
6741,-999,1.0000
6742,-999,1.0000
6743,-999,1.0000
6744,-999,1.0000
6745,-999,1.0000
6746,-999,1.0000
6747,-999,1.0000
6748,-999,1.0000
6749,-999,1.0000
6750,-999,1.0000
6751,-999,1.0000
6752,-999,1.0000
6753,-999,1.0000
6754,-999,1.0000
6755,-999,1.0000
6756,-999,1.0000
6757,-999,1.0000
6758,-999,1.0000
6759,-999,1.0000
6760,-999,1.0000
6761,-999,1.0000
6762,-999,1.0000
6763,-999,1.0000
6764,-999,1.0000
6765,-999,1.0000
6766,-999,1.0000
6767,-999,1.0000
6768,-999,1.0000
6769,-999,1.0000
6770,-999,1.0000
6771,-999,1.0000
6772,-999,1.0000
6773,-999,1.0000
6774,-999,1.0000
6775,-999,1.0000
6776,-999,1.0000
6777,-999,1.0000
6778,-999,1.0000
6779,-999,1.0000
6780,-999,1.0000
6781,-999,1.0000
6782,-999,1.0000
6783,-999,1.0000
6784,5254,1.0000
6785,5254,1.0000
6786,5254,1.0000
6787,5254,1.0000
6788,5254,1.0000
6789,5254,1.0000
6790,5254,1.0000
6791,5254,1.0000
6792,5254,1.0000
6793,5254,1.0000
6794,5254,1.0000
6795,5254,1.0000
6796,5254,1.0000
6797,5254,1.0000
6798,5254,1.0000
6799,5254,1.0000
6800,5254,1.0000
6801,5254,1.0000
6802,5254,1.0000
6803,5254,1.0000
6804,5254,1.0000
6805,5254,1.0000
6806,5254,1.0000
6807,5254,1.0000
6808,5254,1.0000
6809,5254,1.0000
6810,5254,1.0000
6811,5254,1.0000
6812,5254,.8182
6812,5222,.1818
6813,5222,.9333
6813,5254,.0667
6814,5222,.9402
6814,5254,.0598
6815,5222,1.0000
6816,5222,1.0000
6817,5222,1.0000
6818,5222,1.0000
6819,5222,1.0000
6820,5222,1.0000
6821,5222,1.0000
6822,5222,1.0000
6823,5222,1.0000
6824,5222,1.0000
6825,5222,1.0000
6826,5222,1.0000
6827,5222,1.0000
6828,5222,1.0000
6829,5222,.9470
6829,5254,.0530
6830,5254,.8430
6830,5222,.1570
6831,5254,1.0000
6832,5254,1.0000
6833,5254,1.0000
6834,5254,1.0000
6835,5254,1.0000
6836,5254,1.0000
6837,5254,1.0000
6838,5254,1.0000
6839,5254,1.0000
6840,5254,.8120
6840,-999,.1880
6841,-999,.4417
6841,5254,.5583
6842,5254,1.0000
6843,5254,1.0000
6844,5254,1.0000
6845,5254,.3939
6845,-999,.6061
6846,-999,1.0000
6847,-999,1.0000
6848,-999,.9912
6848,5254,.0088
6849,-999,.8125
6849,5254,.1875
6850,5254,.5714
6850,-999,.4286
6851,5254,1.0000
6852,5254,.7984
6852,-999,.2016
6853,-999,.8818
6853,5254,.1182
6854,5254,.2290
6854,-999,.7710
6855,-999,1.0000
6856,-999,.7154
6856,5254,.2846
6857,-999,.9196
6857,5254,.0804
6858,-999,1.0000
6859,-999,1.0000
6860,-999,1.0000
6861,-999,1.0000
6862,-999,1.0000
6863,-999,1.0000
6864,-999,1.0000
6865,-999,1.0000
6866,-999,1.0000
6867,-999,1.0000
6868,-999,1.0000
6869,-999,1.0000
6870,-999,1.0000
6871,-999,1.0000
6872,-999,1.0000
6873,-999,1.0000
6874,-999,1.0000
6875,-999,1.0000
6876,-999,1.0000
6877,-999,1.0000
6878,-999,1.0000
6879,-999,1.0000
6880,-999,1.0000
6881,-999,1.0000
6882,-999,1.0000
6883,-999,1.0000
6884,-999,1.0000
6885,-999,1.0000
6886,-999,1.0000
6887,-999,1.0000
6888,-999,1.0000
6889,-999,1.0000
6890,-999,1.0000
6891,-999,1.0000
6892,-999,1.0000
6893,-999,1.0000
6894,-999,1.0000
6895,-999,1.0000
6896,-999,1.0000
6897,-999,1.0000
6898,-999,1.0000
6899,-999,1.0000
6900,-999,1.0000
6901,-999,1.0000
6902,-999,1.0000
6903,-999,1.0000
6904,-999,1.0000
6905,-999,1.0000
6906,-999,1.0000
6907,-999,1.0000
6908,-999,1.0000
6909,-999,1.0000
6910,-999,1.0000
6911,-999,1.0000
6912,-999,1.0000
6913,-999,1.0000
6914,-999,1.0000
6915,-999,1.0000
6916,-999,1.0000
6917,5254,1.0000
6918,5254,1.0000
6919,5254,1.0000
6920,5254,1.0000
6921,5254,1.0000
6922,5254,1.0000
6923,5254,1.0000
6924,5254,1.0000
6925,5254,1.0000
6926,5254,1.0000
6927,5254,1.0000
6928,5254,1.0000
6929,5254,1.0000
6930,5254,1.0000
6931,5254,1.0000
6932,5254,1.0000
6933,5254,1.0000
6934,5254,1.0000
6935,5254,1.0000
6936,5254,1.0000
6937,5254,1.0000
6938,5254,1.0000
6939,5254,1.0000
6940,5254,1.0000
6941,5254,1.0000
6942,5254,1.0000
6943,5254,1.0000
6944,5254,1.0000
6945,5254,1.0000
6946,5254,.9752
6946,5222,.0248
6947,5254,.9394
6947,5222,.0606
6948,5222,.6694
6948,5254,.3306
6949,5222,1.0000
6950,5222,1.0000
6951,5222,1.0000
6952,5222,1.0000
6953,5222,1.0000
6954,5222,1.0000
6955,5222,1.0000
6956,5222,1.0000
6957,5222,1.0000
6958,5222,1.0000
6959,5222,1.0000
6960,5222,1.0000
6961,5222,1.0000
6962,5222,1.0000
6963,5222,.9421
6963,5254,.0579
6964,5254,.1818
6964,5222,.8182
6965,5254,.7589
6965,5222,.2411
6966,5254,1.0000
6967,5254,1.0000
6968,5254,1.0000
6969,5254,1.0000
6970,5254,1.0000
6971,5254,1.0000
6972,5254,1.0000
6973,5254,.9242
6973,-999,.0758
6974,-999,.0331
6974,5254,.9669
6975,5254,1.0000
6976,5254,1.0000
6977,5254,1.0000
6978,5254,.4034
6978,-999,.5966
6979,-999,1.0000
6980,-999,1.0000
6981,-999,.6942
6981,5254,.3058
6982,-999,.0758
6982,5254,.9242
6983,-999,.0259
6983,5254,.9741
6984,5254,1.0000
6985,5254,.9746
6985,-999,.0254
6986,-999,.7344
6986,5254,.2656
6987,-999,1.0000
6988,-999,.7119
6988,5254,.2881
6989,5254,.6612
6989,-999,.3388
6990,5254,.1983
6990,-999,.8017
6991,-999,.9924
6991,5254,.0076
6992,-999,.9402
6992,5254,.0598
6993,-999,.8852
6993,5254,.1148
6994,-999,1.0000
6995,-999,1.0000
6996,-999,1.0000
6997,-999,1.0000
6998,-999,1.0000
6999,-999,1.0000
7000,-999,1.0000
7001,-999,1.0000
7002,-999,1.0000
7003,-999,1.0000
7004,-999,1.0000
7005,-999,1.0000
7006,-999,1.0000
7007,-999,1.0000
7008,-999,1.0000
7009,-999,1.0000
7010,-999,1.0000
7011,-999,1.0000
7012,-999,1.0000
7013,-999,1.0000
7014,-999,1.0000
7015,-999,1.0000
7016,-999,1.0000
7017,-999,1.0000
7018,-999,1.0000
7019,-999,1.0000
7020,-999,1.0000
7021,-999,1.0000
7022,-999,1.0000
7023,-999,1.0000
7024,-999,1.0000
7025,-999,1.0000
7026,-999,1.0000
7027,-999,1.0000
7028,-999,1.0000
7029,-999,1.0000
7030,-999,1.0000
7031,-999,1.0000
7032,-999,1.0000
7033,-999,1.0000
7034,-999,1.0000
7035,-999,1.0000
7036,-999,1.0000
7037,-999,1.0000
7038,-999,1.0000
7039,-999,1.0000
7040,-999,1.0000
7041,-999,1.0000
7042,-999,1.0000
7043,-999,1.0000
7044,-999,1.0000
7045,-999,1.0000
7046,-999,1.0000
7047,-999,1.0000
7048,-999,1.0000
7049,-999,1.0000
7050,5254,1.0000
7051,5254,1.0000
7052,5254,1.0000
7053,5254,1.0000
7054,5254,1.0000
7055,5254,1.0000
7056,5254,1.0000
7057,5254,1.0000
7058,5254,1.0000
7059,5254,1.0000
7060,5254,1.0000
7061,5254,1.0000
7062,5254,1.0000
7063,5254,1.0000
7064,5254,1.0000
7065,5254,1.0000
7066,5254,1.0000
7067,5254,1.0000
7068,5254,1.0000
7069,5254,1.0000
7070,5254,1.0000
7071,5254,1.0000
7072,5254,1.0000
7073,5254,1.0000
7074,5254,1.0000
7075,5254,1.0000
7076,5254,1.0000
7077,5254,1.0000
7078,5254,1.0000
7079,5254,1.0000
7080,5254,.8333
7080,5222,.1667
7081,5254,.1488
7081,5222,.8512
7082,5222,1.0000
7083,5222,1.0000
7084,5222,1.0000
7085,5222,1.0000
7086,5222,1.0000
7087,5222,1.0000
7088,5222,1.0000
7089,5222,1.0000
7090,5222,1.0000
7091,5222,1.0000
7092,5222,1.0000
7093,5222,1.0000
7094,5222,1.0000
7095,5222,1.0000
7096,5222,1.0000
7097,5222,1.0000
7098,5222,.9083
7098,5254,.0917
7099,5254,.8372
7099,5222,.1628
7100,5254,1.0000
7101,5254,1.0000
7102,5254,1.0000
7103,5254,1.0000
7104,5254,1.0000
7105,5254,1.0000
7106,5254,1.0000
7107,5254,1.0000
7108,5254,1.0000
7109,5254,1.0000
7110,5254,.8550
7110,-999,.1450
7111,5254,.0579
7111,-999,.9421
7112,-999,1.0000
7113,-999,.9921
7113,5254,.0079
7114,-999,.2203
7114,5254,.7797
7115,5254,1.0000
7116,5254,1.0000
7117,5254,1.0000
7118,5254,1.0000
7119,5254,.9923
7119,-999,.0077
7120,-999,.1545
7120,5254,.8455
7121,5254,.9685
7121,-999,.0315
7122,5254,.3058
7122,-999,.6942
7123,-999,1.0000
7124,-999,.7672
7124,5254,.2328
7125,-999,.0336
7125,5254,.9664
7126,-999,.1562
7126,5254,.8437
7127,-999,.9435
7127,5254,.0565
7128,-999,1.0000
7129,-999,1.0000
7130,-999,1.0000
7131,-999,1.0000
7132,-999,1.0000
7133,-999,1.0000
7134,-999,1.0000
7135,-999,1.0000
7136,-999,1.0000
7137,-999,1.0000
7138,-999,1.0000
7139,-999,1.0000
7140,-999,1.0000
7141,-999,1.0000
7142,-999,1.0000
7143,-999,1.0000
7144,-999,1.0000
7145,-999,1.0000
7146,-999,1.0000
7147,-999,1.0000
7148,-999,1.0000
7149,-999,1.0000
7150,-999,1.0000
7151,-999,1.0000
7152,-999,1.0000
7153,-999,1.0000
7154,-999,1.0000
7155,-999,1.0000
7156,-999,1.0000
7157,-999,1.0000
7158,-999,1.0000
7159,-999,1.0000
7160,-999,1.0000
7161,-999,1.0000
7162,-999,1.0000
7163,-999,1.0000
7164,-999,1.0000
7165,-999,1.0000
7166,-999,1.0000
7167,-999,1.0000
7168,-999,1.0000
7169,-999,1.0000
7170,-999,1.0000
7171,-999,1.0000
7172,-999,1.0000
7173,-999,1.0000
7174,-999,1.0000
7175,-999,1.0000
7176,-999,1.0000
7177,-999,1.0000
7178,-999,1.0000
7179,-999,1.0000
7180,-999,1.0000
7181,-999,1.0000
7182,-999,1.0000
7183,5254,1.0000
7184,5254,1.0000
7185,5254,1.0000
7186,5254,1.0000
7187,5254,1.0000
7188,5254,1.0000
7189,5254,1.0000
7190,5254,1.0000
7191,5254,1.0000
7192,5254,1.0000
7193,5254,1.0000
7194,5254,1.0000
7195,5254,1.0000
7196,5254,1.0000
7197,5254,1.0000
7198,5254,1.0000
7199,5254,1.0000
7200,5254,1.0000
7201,5254,1.0000
7202,5254,1.0000
7203,5254,1.0000
7204,5254,1.0000
7205,5254,1.0000
7206,5254,1.0000
7207,5254,1.0000
7208,5254,1.0000
7209,5254,1.0000
7210,5254,1.0000
7211,5254,1.0000
7212,5254,1.0000
7213,5254,.3417
7213,5222,.6583
7214,5222,1.0000
7215,5222,1.0000
7216,5222,1.0000
7217,5222,1.0000
7218,5222,1.0000
7219,5222,1.0000
7220,5222,1.0000
7221,5222,1.0000
7222,5222,1.0000
7223,5222,1.0000
7224,5222,1.0000
7225,5222,1.0000
7226,5222,1.0000
7227,5222,1.0000
7228,5222,1.0000
7229,5222,1.0000
7230,5222,1.0000
7231,5222,1.0000
7232,5222,.9091
7232,5254,.0909
7233,5254,.5207
7233,5222,.4793
7234,5254,.8605
7234,5222,.1395
7235,5254,1.0000
7236,5254,1.0000
7237,5254,1.0000
7238,5254,1.0000
7239,5254,1.0000
7240,5254,1.0000
7241,5254,1.0000
7242,5254,.9008
7242,-999,.0992
7243,5254,.2803
7243,-999,.7197
7244,-999,.8430
7244,5254,.1570
7245,-999,1.0000
7246,-999,.7091
7246,5254,.2909
7247,5254,1.0000
7248,5254,1.0000
7249,5254,1.0000
7250,5254,1.0000
7251,5254,1.0000
7252,5254,1.0000
7253,5254,1.0000
7254,5254,1.0000
7255,5254,.5882
7255,-999,.4118
7256,-999,.9750
7256,5254,.0250
7257,-999,.7395
7257,5254,.2605
7258,5254,.9924
7258,-999,.0076
7259,5254,.5630
7259,-999,.4370
7260,5254,.0083
7260,-999,.9917
7261,-999,1.0000
7262,-999,1.0000
7263,-999,1.0000
7264,-999,.8934
7264,5254,.1066
7265,-999,.5159
7265,5254,.4841
7266,-999,.3852
7266,5254,.6148
7267,-999,.7934
7267,5254,.2066
7268,-999,1.0000
7269,-999,1.0000
7270,-999,1.0000
7271,-999,1.0000
7272,-999,1.0000
7273,-999,1.0000
7274,-999,1.0000
7275,-999,1.0000
7276,-999,1.0000
7277,-999,1.0000
7278,-999,1.0000
7279,-999,1.0000
7280,-999,1.0000
7281,-999,1.0000
7282,-999,1.0000
7283,-999,1.0000
7284,-999,1.0000
7285,-999,1.0000
7286,-999,1.0000
7287,-999,1.0000
7288,-999,1.0000
7289,-999,1.0000
7290,-999,1.0000
7291,-999,1.0000
7292,-999,1.0000
7293,-999,1.0000
7294,-999,1.0000
7295,-999,1.0000
7296,-999,1.0000
7297,-999,1.0000
7298,-999,1.0000
7299,-999,1.0000
7300,-999,1.0000
7301,-999,1.0000
7302,-999,1.0000
7303,-999,1.0000
7304,-999,1.0000
7305,-999,1.0000
7306,-999,1.0000
7307,-999,1.0000
7308,-999,1.0000
7309,-999,1.0000
7310,-999,1.0000
7311,-999,1.0000
7312,-999,1.0000
7313,-999,1.0000
7314,-999,1.0000
7315,-999,1.0000
7316,5254,1.0000
7317,5254,1.0000
7318,5254,1.0000
7319,5254,1.0000
7320,5254,1.0000
7321,5254,1.0000
7322,5254,1.0000
7323,5254,1.0000
7324,5254,1.0000
7325,5254,1.0000
7326,5254,1.0000
7327,5254,1.0000
7328,5254,1.0000
7329,5254,1.0000
7330,5254,1.0000
7331,5254,1.0000
7332,5254,1.0000
7333,5254,1.0000
7334,5254,1.0000
7335,5254,1.0000
7336,5254,1.0000
7337,5254,1.0000
7338,5254,1.0000
7339,5254,1.0000
7340,5254,1.0000
7341,5254,1.0000
7342,5254,1.0000
7343,5254,1.0000
7344,5254,1.0000
7345,5254,1.0000
7346,5254,.1496
7346,5222,.8504
7347,5222,1.0000
7348,5222,1.0000
7349,5222,1.0000
7350,5222,1.0000
7351,5222,1.0000
7352,5222,1.0000
7353,5222,1.0000
7354,5222,1.0000
7355,5222,1.0000
7356,5222,1.0000
7357,5222,1.0000
7358,5222,1.0000
7359,5222,1.0000
7360,5222,1.0000
7361,5222,1.0000
7362,5222,1.0000
7363,5222,1.0000
7364,5222,1.0000
7365,5222,1.0000
7366,5222,1.0000
7367,5222,.6167
7367,5254,.3833
7368,5254,1.0000
7369,5254,1.0000
7370,5254,1.0000
7371,5254,1.0000
7372,5254,1.0000
7373,5254,1.0000
7374,5254,1.0000
7375,5254,.8083
7375,-999,.1917
7376,5254,.5500
7376,-999,.4500
7377,-999,.5545
7377,5254,.4455
7378,-999,.6202
7378,5254,.3798
7379,-999,.0579
7379,5254,.9421
7380,5254,1.0000
7381,5254,1.0000
7382,5254,1.0000
7383,5254,1.0000
7384,5254,1.0000
7385,5254,1.0000
7386,5254,1.0000
7387,5254,1.0000
7388,5254,1.0000
7389,5254,.8293
7389,-999,.1707
7390,-999,.5231
7390,5254,.4769
7391,-999,.4034
7391,5254,.5966
7392,-999,.0924
7392,5254,.9076
7393,-999,.2283
7393,5254,.7717
7394,-999,.5079
7394,5254,.4921
7395,-999,.8500
7395,5254,.1500
7396,-999,.8083
7396,5254,.1917
7397,-999,.5308
7397,5254,.4692
7398,5254,.7966
7398,-999,.2034
7399,5254,.8320
7399,-999,.1680
7400,5254,.0331
7400,-999,.9669
7401,-999,1.0000
7402,-999,.9386
7402,5254,.0614
7403,-999,.7652
7403,5254,.2348
7404,-999,1.0000
7405,-999,1.0000
7406,-999,1.0000
7407,-999,1.0000
7408,-999,1.0000
7409,-999,1.0000
7410,-999,1.0000
7411,-999,1.0000
7412,-999,1.0000
7413,-999,1.0000
7414,-999,1.0000
7415,-999,1.0000
7416,-999,1.0000
7417,-999,1.0000
7418,-999,1.0000
7419,-999,1.0000
7420,-999,1.0000
7421,-999,1.0000
7422,-999,1.0000
7423,-999,1.0000
7424,-999,1.0000
7425,-999,1.0000
7426,-999,1.0000
7427,-999,1.0000
7428,-999,1.0000
7429,-999,1.0000
7430,-999,1.0000
7431,-999,1.0000
7432,-999,1.0000
7433,-999,1.0000
7434,-999,1.0000
7435,-999,1.0000
7436,-999,1.0000
7437,-999,1.0000
7438,-999,1.0000
7439,-999,1.0000
7440,-999,1.0000
7441,-999,1.0000
7442,-999,1.0000
7443,-999,1.0000
7444,-999,1.0000
7445,-999,1.0000
7446,-999,1.0000
7447,-999,1.0000
7448,-999,1.0000
7449,5254,1.0000
7450,5254,1.0000
7451,5254,1.0000
7452,5254,1.0000
7453,5254,1.0000
7454,5254,1.0000
7455,5254,1.0000
7456,5254,1.0000
7457,5254,1.0000
7458,5254,1.0000
7459,5254,1.0000
7460,5254,1.0000
7461,5254,1.0000
7462,5254,1.0000
7463,5254,1.0000
7464,5254,1.0000
7465,5254,1.0000
7466,5254,1.0000
7467,5254,1.0000
7468,5254,1.0000
7469,5254,1.0000
7470,5254,1.0000
7471,5254,1.0000
7472,5254,1.0000
7473,5254,1.0000
7474,5254,1.0000
7475,5254,1.0000
7476,5254,1.0000
7477,5254,1.0000
7478,5254,1.0000
7479,5254,.3554
7479,5222,.6446
7480,5222,1.0000
7481,5222,1.0000
7482,5222,1.0000
7483,5222,1.0000
7484,5222,1.0000
7485,5222,1.0000
7486,5222,1.0000
7487,5222,1.0000
7488,5222,1.0000
7489,5222,1.0000
7490,5222,1.0000
7491,5222,1.0000
7492,5222,1.0000
7493,5222,1.0000
7494,5222,1.0000
7495,5222,1.0000
7496,5222,1.0000
7497,5222,1.0000
7498,5222,1.0000
7499,5222,1.0000
7500,5222,.3712
7500,5254,.6288
7501,5254,1.0000
7502,5254,1.0000
7503,5254,1.0000
7504,5254,1.0000
7505,5254,1.0000
7506,5254,.9256
7506,-999,.0744
7507,5254,.8000
7507,-999,.2000
7508,5254,.5738
7508,-999,.4262
7509,5254,.5285
7509,-999,.4715
7510,-999,.7984
7510,5254,.2016
7511,5254,.9200
7511,-999,.0800
7512,5254,1.0000
7513,5254,1.0000
7514,5254,1.0000
7515,5254,1.0000
7516,5254,1.0000
7517,5254,1.0000
7518,5254,1.0000
7519,5254,1.0000
7520,5254,1.0000
7521,5254,1.0000
7522,5254,1.0000
7523,5254,1.0000
7524,5254,1.0000
7525,5254,1.0000
7526,5254,1.0000
7527,5254,1.0000
7528,5254,.9580
7528,-999,.0420
7529,-999,.3030
7529,5254,.6970
7530,5254,.7155
7530,-999,.2845
7531,5254,1.0000
7532,5254,.7107
7532,-999,.2893
7533,5254,.2205
7533,-999,.7795
7534,-999,.8707
7534,5254,.1293
7535,-999,.4109
7535,5254,.5891
7536,-999,.0661
7536,5254,.9339
7537,-999,.2869
7537,5254,.7131
7538,-999,.6984
7538,5254,.3016
7539,-999,.7417
7539,5254,.2583
7540,-999,1.0000
7541,-999,1.0000
7542,-999,1.0000
7543,-999,1.0000
7544,-999,1.0000
7545,-999,1.0000
7546,-999,1.0000
7547,-999,1.0000
7548,-999,1.0000
7549,-999,1.0000
7550,-999,1.0000
7551,-999,1.0000
7552,-999,1.0000
7553,-999,1.0000
7554,-999,1.0000
7555,-999,1.0000
7556,-999,1.0000
7557,-999,1.0000
7558,-999,1.0000
7559,-999,1.0000
7560,-999,1.0000
7561,-999,1.0000
7562,-999,1.0000
7563,-999,1.0000
7564,-999,1.0000
7565,-999,1.0000
7566,-999,1.0000
7567,-999,1.0000
7568,-999,1.0000
7569,-999,1.0000
7570,-999,1.0000
7571,-999,1.0000
7572,-999,1.0000
7573,-999,1.0000
7574,-999,1.0000
7575,-999,1.0000
7576,-999,1.0000
7577,-999,1.0000
7578,-999,1.0000
7579,-999,1.0000
7580,-999,1.0000
7581,-999,1.0000
7582,5254,1.0000
7583,5254,1.0000
7584,5254,1.0000
7585,5254,1.0000
7586,5254,1.0000
7587,5254,1.0000
7588,5254,1.0000
7589,5254,1.0000
7590,5254,1.0000
7591,5254,1.0000
7592,5254,1.0000
7593,5254,1.0000
7594,5254,1.0000
7595,5254,1.0000
7596,5254,1.0000
7597,5254,1.0000
7598,5254,1.0000
7599,5254,1.0000
7600,5254,1.0000
7601,5254,1.0000
7602,5254,1.0000
7603,5254,1.0000
7604,5254,1.0000
7605,5254,1.0000
7606,5254,1.0000
7607,5254,1.0000
7608,5254,1.0000
7609,5254,1.0000
7610,5254,1.0000
7611,5254,1.0000
7612,5254,.9820
7612,5222,.0180
7613,5222,.2167
7613,5254,.7833
7614,5222,.7364
7614,5254,.2636
7615,5222,1.0000
7616,5222,1.0000
7617,5222,1.0000
7618,5222,1.0000
7619,5222,1.0000
7620,5222,1.0000
7621,5222,1.0000
7622,5222,1.0000
7623,5222,1.0000
7624,5222,1.0000
7625,5222,1.0000
7626,5222,1.0000
7627,5222,1.0000
7628,5222,1.0000
7629,5222,1.0000
7630,5222,1.0000
7631,5222,1.0000
7632,5222,1.0000
7633,5222,.2727
7633,5254,.7273
7634,5254,1.0000
7635,5254,1.0000
7636,5254,1.0000
7637,5254,1.0000
7638,5254,1.0000
7639,5254,1.0000
7640,5254,1.0000
7641,5254,.9848
7641,-999,.0152
7642,5254,.5041
7642,-999,.4959
7643,-999,.7121
7643,5254,.2879
7644,5254,.9558
7644,-999,.0442
7645,5254,1.0000
7646,5254,1.0000
7647,5254,1.0000
7648,5254,1.0000
7649,5254,1.0000
7650,5254,1.0000
7651,5254,1.0000
7652,5254,1.0000
7653,5254,1.0000
7654,5254,1.0000
7655,5254,1.0000
7656,5254,1.0000
7657,5254,1.0000
7658,5254,1.0000
7659,5254,1.0000
7660,5254,1.0000
7661,5254,1.0000
7662,5254,1.0000
7663,5254,.9756
7663,-999,.0244
7664,5254,.8730
7664,-999,.1270
7665,5254,.8618
7665,-999,.1382
7666,5254,.9333
7666,-999,.0667
7667,-999,.2362
7667,5254,.7638
7668,5254,.9350
7668,-999,.0650
7669,5254,1.0000
7670,5254,1.0000
7671,5254,.9250
7671,-999,.0750
7672,5254,.8560
7672,-999,.1440
7673,-999,.5440
7673,5254,.4560
7674,-999,.9836
7674,5254,.0164
7675,-999,.8871
7675,5254,.1129
7676,-999,.9921
7676,5254,.0079
7677,-999,1.0000
7678,-999,1.0000
7679,-999,1.0000
7680,-999,1.0000
7681,-999,1.0000
7682,-999,1.0000
7683,-999,1.0000
7684,-999,1.0000
7685,-999,1.0000
7686,-999,1.0000
7687,-999,1.0000
7688,-999,1.0000
7689,-999,1.0000
7690,-999,1.0000
7691,-999,1.0000
7692,-999,1.0000
7693,-999,1.0000
7694,-999,1.0000
7695,-999,1.0000
7696,-999,1.0000
7697,-999,1.0000
7698,-999,1.0000
7699,-999,1.0000
7700,-999,1.0000
7701,-999,1.0000
7702,-999,1.0000
7703,-999,1.0000
7704,-999,1.0000
7705,-999,1.0000
7706,-999,1.0000
7707,-999,1.0000
7708,-999,1.0000
7709,-999,1.0000
7710,-999,1.0000
7711,-999,1.0000
7712,-999,1.0000
7713,-999,1.0000
7714,-999,1.0000
7715,5254,1.0000
7716,5254,1.0000
7717,5254,1.0000
7718,5254,1.0000
7719,5254,1.0000
7720,5254,1.0000
7721,5254,1.0000
7722,5254,1.0000
7723,5254,1.0000
7724,5254,1.0000
7725,5254,1.0000
7726,5254,1.0000
7727,5254,1.0000
7728,5254,1.0000
7729,5254,1.0000
7730,5254,1.0000
7731,5254,1.0000
7732,5254,1.0000
7733,5254,1.0000
7734,5254,1.0000
7735,5254,1.0000
7736,5254,1.0000
7737,5254,1.0000
7738,5254,1.0000
7739,5254,1.0000
7740,5254,1.0000
7741,5254,1.0000
7742,5254,1.0000
7743,5254,1.0000
7744,5254,1.0000
7745,5254,1.0000
7746,5254,1.0000
7747,5254,.8430
7747,5222,.1570
7748,5222,.8594
7748,5254,.1406
7749,5222,1.0000
7750,5222,1.0000
7751,5222,1.0000
7752,5222,1.0000
7753,5222,1.0000
7754,5222,1.0000
7755,5222,1.0000
7756,5222,1.0000
7757,5222,1.0000
7758,5222,1.0000
7759,5222,1.0000
7760,5222,1.0000
7761,5222,1.0000
7762,5222,1.0000
7763,5222,1.0000
7764,5222,1.0000
7765,5222,.7727
7765,5254,.2273
7766,5222,.0083
7766,5254,.9917
7767,5254,1.0000
7768,5254,1.0000
7769,5254,1.0000
7770,5254,1.0000
7771,5254,1.0000
7772,5254,1.0000
7773,5254,1.0000
7774,5254,.8605
7774,-999,.1395
7775,5254,.5727
7775,-999,.4273
7776,5254,.8583
7776,-999,.1417
7777,5254,.9748
7777,-999,.0252
7778,5254,1.0000
7779,5254,1.0000
7780,5254,1.0000
7781,5254,1.0000
7782,5254,1.0000
7783,5254,1.0000
7784,5254,1.0000
7785,5254,1.0000
7786,5254,1.0000
7787,5254,1.0000
7788,5254,.8939
7788,5222,.1061
7789,5254,.3008
7789,5222,.6992
7790,5254,.5840
7790,5222,.4160
7791,5254,.9828
7791,5222,.0172
7792,5254,1.0000
7793,5254,1.0000
7794,5254,1.0000
7795,5254,1.0000
7796,5254,1.0000
7797,5254,1.0000
7798,5254,1.0000
7799,5254,1.0000
7800,5254,1.0000
7801,5254,1.0000
7802,5254,1.0000
7803,5254,1.0000
7804,5254,1.0000
7805,5254,1.0000
7806,5254,.9106
7806,-999,.0894
7807,-999,.2727
7807,5254,.7273
7808,5254,.9846
7808,-999,.0154
7809,-999,.2069
7809,5254,.7931
7810,-999,.9394
7810,5254,.0606
7811,-999,1.0000
7812,-999,1.0000
7813,-999,1.0000
7814,-999,1.0000
7815,-999,1.0000
7816,-999,1.0000
7817,-999,1.0000
7818,-999,1.0000
7819,-999,1.0000
7820,-999,1.0000
7821,-999,1.0000
7822,-999,1.0000
7823,-999,1.0000
7824,-999,1.0000
7825,-999,1.0000
7826,-999,1.0000
7827,-999,1.0000
7828,-999,1.0000
7829,-999,1.0000
7830,-999,1.0000
7831,-999,1.0000
7832,-999,1.0000
7833,-999,1.0000
7834,-999,1.0000
7835,-999,1.0000
7836,-999,1.0000
7837,-999,1.0000
7838,-999,1.0000
7839,-999,1.0000
7840,-999,1.0000
7841,-999,1.0000
7842,-999,1.0000
7843,-999,1.0000
7844,-999,1.0000
7845,-999,1.0000
7846,-999,1.0000
7847,-999,1.0000
7848,5254,1.0000
7849,5254,1.0000
7850,5254,1.0000
7851,5254,1.0000
7852,5254,1.0000
7853,5254,1.0000
7854,5254,1.0000
7855,5254,1.0000
7856,5254,1.0000
7857,5254,1.0000
7858,5254,1.0000
7859,5254,1.0000
7860,5254,1.0000
7861,5254,1.0000
7862,5254,1.0000
7863,5254,1.0000
7864,5254,1.0000
7865,5254,1.0000
7866,5254,1.0000
7867,5254,1.0000
7868,5254,1.0000
7869,5254,1.0000
7870,5254,1.0000
7871,5254,1.0000
7872,5254,1.0000
7873,5254,1.0000
7874,5254,1.0000
7875,5254,1.0000
7876,5254,1.0000
7877,5254,1.0000
7878,5254,1.0000
7879,5254,1.0000
7880,5254,1.0000
7881,5254,.9470
7881,5222,.0530
7882,5222,.1983
7882,5254,.8017
7883,5222,.3182
7883,5254,.6818
7884,5222,.5455
7884,5254,.4545
7885,5222,.9924
7885,5254,.0076
7886,5222,1.0000
7887,5222,1.0000
7888,5222,1.0000
7889,5222,1.0000
7890,5222,1.0000
7891,5222,1.0000
7892,5222,1.0000
7893,5222,1.0000
7894,5222,1.0000
7895,5222,1.0000
7896,5222,1.0000
7897,5222,1.0000
7898,5222,.7769
7898,5254,.2231
7899,5254,.9167
7899,5222,.0833
7900,5254,1.0000
7901,5254,1.0000
7902,5254,1.0000
7903,5254,1.0000
7904,5254,1.0000
7905,5254,1.0000
7906,5254,1.0000
7907,-999,.0083
7907,5254,.9917
7908,5254,1.0000
7909,5254,.8661
7909,-999,.1339
7910,5254,.6899
7910,-999,.3101
7911,5254,.8400
7911,-999,.1600
7912,5254,.9672
7912,-999,.0328
7913,5254,.7345
7913,5222,.2655
7914,5254,.4531
7914,5222,.5469
7915,5254,.7097
7915,5222,.2903
7916,5254,.9394
7916,5222,.0606
7917,5254,.6017
7917,5222,.3983
7918,5254,.9750
7918,5222,.0250
7919,5254,1.0000
7920,5254,1.0000
7921,5254,1.0000
7922,5254,.5410
7922,5222,.4590
7923,5222,1.0000
7924,5222,.7197
7924,5254,.2803
7925,5254,.7851
7925,5222,.2149
7926,5254,1.0000
7927,5254,1.0000
7928,5254,1.0000
7929,5254,1.0000
7930,5254,1.0000
7931,5254,1.0000
7932,5254,1.0000
7933,5254,1.0000
7934,5254,1.0000
7935,5254,1.0000
7936,5254,1.0000
7937,5254,1.0000
7938,5254,1.0000
7939,5254,1.0000
7940,5254,1.0000
7941,5254,1.0000
7942,5254,1.0000
7943,5254,.2328
7943,-999,.7672
7944,-999,1.0000
7945,-999,1.0000
7946,-999,1.0000
7947,-999,1.0000
7948,-999,1.0000
7949,-999,1.0000
7950,-999,1.0000
7951,-999,1.0000
7952,-999,1.0000
7953,-999,1.0000
7954,-999,1.0000
7955,-999,1.0000
7956,-999,1.0000
7957,-999,1.0000
7958,-999,1.0000
7959,-999,1.0000
7960,-999,1.0000
7961,-999,1.0000
7962,-999,1.0000
7963,-999,1.0000
7964,-999,1.0000
7965,-999,1.0000
7966,-999,1.0000
7967,-999,1.0000
7968,-999,1.0000
7969,-999,1.0000
7970,-999,1.0000
7971,-999,1.0000
7972,-999,1.0000
7973,-999,1.0000
7974,-999,1.0000
7975,-999,1.0000
7976,-999,1.0000
7977,-999,1.0000
7978,-999,1.0000
7979,-999,1.0000
7980,-999,1.0000
7981,5254,1.0000
7982,5254,1.0000
7983,5254,1.0000
7984,5254,1.0000
7985,5254,1.0000
7986,5254,1.0000
7987,5254,1.0000
7988,5254,1.0000
7989,5254,1.0000
7990,5254,1.0000
7991,5254,1.0000
7992,5254,1.0000
7993,5254,1.0000
7994,5254,1.0000
7995,5254,1.0000
7996,5254,1.0000
7997,5254,1.0000
7998,5254,1.0000
7999,5254,1.0000
8000,5254,1.0000
8001,5254,1.0000
8002,5254,1.0000
8003,5254,1.0000
8004,5254,1.0000
8005,5254,1.0000
8006,5254,1.0000
8007,5254,1.0000
8008,5254,1.0000
8009,5254,1.0000
8010,5254,1.0000
8011,5254,1.0000
8012,5254,1.0000
8013,5254,1.0000
8014,5254,1.0000
8015,5254,1.0000
8016,5254,1.0000
8017,5254,1.0000
8018,5254,.4773
8018,5222,.5227
8019,5222,1.0000
8020,5222,1.0000
8021,5222,1.0000
8022,5222,1.0000
8023,5222,1.0000
8024,5222,1.0000
8025,5222,1.0000
8026,5222,1.0000
8027,5222,1.0000
8028,5222,1.0000
8029,5222,1.0000
8030,5222,1.0000
8031,5222,1.0000
8032,5222,.8258
8032,5254,.1742
8033,5254,.8226
8033,5222,.1774
8034,5254,1.0000
8035,5254,1.0000
8036,5254,1.0000
8037,5254,1.0000
8038,5254,1.0000
8039,5254,1.0000
8040,5254,1.0000
8041,5254,1.0000
8042,5254,1.0000
8043,5254,.7236
8043,5222,.2764
8044,5254,.7818
8044,5222,.2182
8045,5254,.9767
8045,5222,.0233
8046,5254,.1405
8046,5222,.8595
8047,5222,1.0000
8048,5222,1.0000
8049,5222,.8099
8049,5254,.1901
8050,5222,.9211
8050,5254,.0789
8051,5222,.4318
8051,5254,.5682
8052,5254,1.0000
8053,5254,1.0000
8054,5254,1.0000
8055,5254,.5538
8055,5222,.4462
8056,5222,1.0000
8057,5222,1.0000
8058,5254,.0172
8058,5222,.9828
8059,5254,.3203
8059,5222,.6797
8060,5254,.5276
8060,5222,.4724
8061,5254,.7667
8061,5222,.2333
8062,5254,.9274
8062,5222,.0726
8063,5254,1.0000
8064,5254,.7661
8064,5222,.2339
8065,5254,.3417
8065,5222,.6583
8066,5254,.6047
8066,5222,.3953
8067,5254,.9504
8067,5222,.0496
8068,5254,1.0000
8069,5254,1.0000
8070,5254,1.0000
8071,5254,1.0000
8072,5254,1.0000
8073,5254,1.0000
8074,5254,1.0000
8075,5254,1.0000
8076,-999,.8651
8076,5254,.1349
8077,-999,1.0000
8078,-999,1.0000
8079,-999,1.0000
8080,-999,1.0000
8081,-999,1.0000
8082,-999,1.0000
8083,-999,1.0000
8084,-999,1.0000
8085,-999,1.0000
8086,-999,1.0000
8087,-999,1.0000
8088,-999,1.0000
8089,-999,1.0000
8090,-999,1.0000
8091,-999,1.0000
8092,-999,1.0000
8093,-999,1.0000
8094,-999,1.0000
8095,-999,1.0000
8096,-999,1.0000
8097,-999,1.0000
8098,-999,1.0000
8099,-999,1.0000
8100,-999,1.0000
8101,-999,1.0000
8102,-999,1.0000
8103,-999,1.0000
8104,-999,1.0000
8105,-999,1.0000
8106,-999,1.0000
8107,-999,1.0000
8108,-999,1.0000
8109,-999,1.0000
8110,-999,1.0000
8111,-999,1.0000
8112,-999,1.0000
8113,-999,1.0000
8114,5254,1.0000
8115,5254,1.0000
8116,5254,1.0000
8117,5254,1.0000
8118,5254,1.0000
8119,5254,.8258
8119,5222,.1742
8120,5254,.3782
8120,5222,.6218
8121,5254,.1707
8121,5222,.8293
8122,5254,.6777
8122,5222,.3223
8123,5254,1.0000
8124,5254,1.0000
8125,5254,1.0000
8126,5254,1.0000
8127,5254,1.0000
8128,5254,1.0000
8129,5254,1.0000
8130,5254,1.0000
8131,5254,1.0000
8132,5254,1.0000
8133,5254,1.0000
8134,5254,1.0000
8135,5254,1.0000
8136,5254,1.0000
8137,5254,1.0000
8138,5254,1.0000
8139,5254,1.0000
8140,5254,1.0000
8141,5254,1.0000
8142,5254,1.0000
8143,5254,1.0000
8144,5254,1.0000
8145,5254,1.0000
8146,5254,1.0000
8147,5254,1.0000
8148,5254,1.0000
8149,5254,1.0000
8150,5254,1.0000
8151,5254,.9667
8151,5222,.0333
8152,5222,.9455
8152,5254,.0545
8153,5222,1.0000
8154,5222,1.0000
8155,5222,1.0000
8156,5222,1.0000
8157,5222,1.0000
8158,5222,1.0000
8159,5222,1.0000
8160,5222,1.0000
8161,5222,1.0000
8162,5222,1.0000
8163,5222,1.0000
8164,5222,1.0000
8165,5222,1.0000
8166,5222,.8750
8166,5254,.1250
8167,5254,.8803
8167,5222,.1197
8168,5254,1.0000
8169,5254,1.0000
8170,5254,1.0000
8171,5254,1.0000
8172,5254,1.0000
8173,5254,1.0000
8174,5254,1.0000
8175,5254,.9000
8175,5222,.1000
8176,5222,.9692
8176,5254,.0308
8177,5222,.7851
8177,5254,.2149
8178,5254,.5152
8178,5222,.4848
8179,5222,1.0000
8180,5222,1.0000
8181,5222,1.0000
8182,5222,1.0000
8183,5222,1.0000
8184,5222,.6129
8184,5254,.3871
8185,5254,1.0000
8186,5254,1.0000
8187,5254,.9697
8187,5222,.0303
8188,5254,.1240
8188,5222,.8760
8189,5222,1.0000
8190,5222,1.0000
8191,5222,1.0000
8192,5222,1.0000
8193,5222,1.0000
8194,5222,1.0000
8195,5222,.9621
8195,5254,.0379
8196,5254,.0932
8196,5222,.9068
8197,5222,.9920
8197,5254,.0080
8198,5222,1.0000
8199,5222,1.0000
8200,5254,.1500
8200,5222,.8500
8201,5254,.5156
8201,5222,.4844
8202,5254,.7705
8202,5222,.2295
8203,5254,1.0000
8204,5254,1.0000
8205,5254,1.0000
8206,5254,1.0000
8207,5254,1.0000
8208,5254,.9512
8208,-999,.0488
8209,5254,.3120
8209,-999,.6880
8210,-999,.6557
8210,5254,.3443
8211,-999,.8320
8211,5254,.1680
8212,-999,.9680
8212,5254,.0320
8213,-999,1.0000
8214,-999,1.0000
8215,-999,1.0000
8216,-999,1.0000
8217,-999,1.0000
8218,-999,1.0000
8219,-999,1.0000
8220,-999,1.0000
8221,-999,1.0000
8222,-999,1.0000
8223,-999,1.0000
8224,-999,1.0000
8225,-999,1.0000
8226,-999,1.0000
8227,-999,1.0000
8228,-999,1.0000
8229,-999,1.0000
8230,-999,1.0000
8231,-999,1.0000
8232,-999,1.0000
8233,-999,1.0000
8234,-999,1.0000
8235,-999,1.0000
8236,-999,1.0000
8237,-999,1.0000
8238,-999,1.0000
8239,-999,1.0000
8240,-999,1.0000
8241,-999,1.0000
8242,-999,1.0000
8243,-999,1.0000
8244,-999,1.0000
8245,-999,1.0000
8246,-999,1.0000
8247,5254,1.0000
8248,5254,1.0000
8249,5254,1.0000
8250,5254,1.0000
8251,5254,.6693
8251,5222,.3307
8252,5254,.0603
8252,5222,.9397
8253,5222,1.0000
8254,5222,1.0000
8255,5222,.9750
8255,5254,.0250
8256,5254,.6480
8256,5222,.3520
8257,5254,1.0000
8258,5254,1.0000
8259,5254,1.0000
8260,5254,1.0000
8261,5254,1.0000
8262,5254,1.0000
8263,5254,1.0000
8264,5254,1.0000
8265,5254,1.0000
8266,5254,1.0000
8267,5254,1.0000
8268,5254,.9750
8268,5222,.0250
8269,5254,.9145
8269,5222,.0855
8270,5254,1.0000
8271,5254,1.0000
8272,5254,1.0000
8273,5254,1.0000
8274,5254,1.0000
8275,5254,1.0000
8276,5254,1.0000
8277,5254,1.0000
8278,5254,1.0000
8279,5254,.6288
8279,5222,.3712
8280,5254,.7438
8280,5222,.2562
8281,5254,1.0000
8282,5254,1.0000
8283,5254,1.0000
8284,5254,.6742
8284,5222,.3258
8285,5222,1.0000
8286,5222,1.0000
8287,5222,1.0000
8288,5222,1.0000
8289,5222,1.0000
8290,5222,1.0000
8291,5222,1.0000
8292,5222,1.0000
8293,5222,1.0000
8294,5222,1.0000
8295,5222,1.0000
8296,5222,1.0000
8297,5222,1.0000
8298,5222,1.0000
8299,5222,1.0000
8300,5222,.7273
8300,5254,.2727
8301,5254,.9773
8301,5222,.0227
8302,5254,1.0000
8303,5254,1.0000
8304,5254,1.0000
8305,5254,1.0000
8306,5254,1.0000
8307,5254,1.0000
8308,5254,.7559
8308,5222,.2441
8309,5222,1.0000
8310,5222,1.0000
8311,5222,1.0000
8312,5222,1.0000
8313,5222,1.0000
8314,5222,1.0000
8315,5222,1.0000
8316,5222,1.0000
8317,5222,.9545
8317,5254,.0455
8318,5254,.3178
8318,5222,.6822
8319,5254,.7177
8319,5222,.2823
8320,5254,1.0000
8321,5254,.7094
8321,5222,.2906
8322,5222,.9756
8322,5254,.0244
8323,5222,1.0000
8324,5222,1.0000
8325,5222,1.0000
8326,5222,1.0000
8327,5222,1.0000
8328,5222,1.0000
8329,5222,1.0000
8330,5222,1.0000
8331,5222,1.0000
8332,5222,1.0000
8333,5222,1.0000
8334,5222,1.0000
8335,5222,.8333
8335,5254,.1667
8336,5254,.9603
8336,5222,.0397
8337,5254,1.0000
8338,5254,1.0000
8339,5254,1.0000
8340,5254,1.0000
8341,5254,1.0000
8342,5254,.8689
8342,-999,.1311
8343,5254,.7742
8343,-999,.2258
8344,5254,.4724
8344,-999,.5276
8345,-999,1.0000
8346,-999,1.0000
8347,-999,1.0000
8348,-999,1.0000
8349,-999,1.0000
8350,-999,1.0000
8351,-999,1.0000
8352,-999,1.0000
8353,-999,1.0000
8354,-999,1.0000
8355,-999,1.0000
8356,-999,1.0000
8357,-999,1.0000
8358,-999,1.0000
8359,-999,1.0000
8360,-999,1.0000
8361,-999,1.0000
8362,-999,1.0000
8363,-999,1.0000
8364,-999,1.0000
8365,-999,1.0000
8366,-999,1.0000
8367,-999,1.0000
8368,-999,1.0000
8369,-999,1.0000
8370,-999,1.0000
8371,-999,1.0000
8372,-999,1.0000
8373,-999,1.0000
8374,-999,1.0000
8375,-999,1.0000
8376,-999,1.0000
8377,-999,1.0000
8378,-999,1.0000
8379,-999,1.0000
8380,5254,1.0000
8381,5254,1.0000
8382,5254,.9831
8382,5222,.0169
8383,5254,.4762
8383,5222,.5238
8384,5254,.0159
8384,5222,.9841
8385,5222,1.0000
8386,5222,1.0000
8387,5222,1.0000
8388,5222,1.0000
8389,5222,.9204
8389,5254,.0796
8390,5254,.9380
8390,5222,.0620
8391,5254,1.0000
8392,5254,1.0000
8393,5254,1.0000
8394,5254,1.0000
8395,5254,1.0000
8396,5254,1.0000
8397,5254,1.0000
8398,5254,1.0000
8399,5254,1.0000
8400,5254,.7273
8400,5222,.2727
8401,5254,.1742
8401,5222,.8258
8402,5222,.9487
8402,5254,.0513
8403,5254,.7083
8403,5222,.2917
8404,5254,1.0000
8405,5254,1.0000
8406,5254,1.0000
8407,5254,1.0000
8408,5254,1.0000
8409,5254,1.0000
8410,5254,1.0000
8411,5254,.9182
8411,5222,.0818
8412,5254,.0917
8412,5222,.9083
8413,5222,.1849
8413,5254,.8151
8414,5254,1.0000
8415,5254,.7769
8415,5222,.2231
8416,5254,.2879
8416,5222,.7121
8417,5254,.0082
8417,5222,.9918
8418,5222,1.0000
8419,5222,1.0000
8420,5222,1.0000
8421,5222,1.0000
8422,5222,1.0000
8423,5222,1.0000
8424,5222,1.0000
8425,5222,1.0000
8426,5222,1.0000
8427,5222,1.0000
8428,5222,1.0000
8429,5222,1.0000
8430,5222,1.0000
8431,5222,1.0000
8432,5222,1.0000
8433,5222,1.0000
8434,5222,.4500
8434,5254,.5500
8435,5254,1.0000
8436,5254,1.0000
8437,5254,1.0000
8438,5254,1.0000
8439,5254,1.0000
8440,5254,.8943
8440,5222,.1057
8441,5254,.2045
8441,5222,.7955
8442,5222,1.0000
8443,5222,1.0000
8444,5222,1.0000
8445,5222,1.0000
8446,5222,1.0000
8447,5222,1.0000
8448,5222,1.0000
8449,5222,1.0000
8450,5222,1.0000
8451,5222,1.0000
8452,5222,.8295
8452,5254,.1705
8453,5254,1.0000
8454,5254,1.0000
8455,5254,.6281
8455,5222,.3719
8456,5222,.9690
8456,5254,.0310
8457,5222,1.0000
8458,5222,1.0000
8459,5222,1.0000
8460,5222,1.0000
8461,5222,1.0000
8462,5222,1.0000
8463,5222,1.0000
8464,5222,1.0000
8465,5222,1.0000
8466,5222,1.0000
8467,5222,.8413
8467,5254,.1587
8468,5222,.0902
8468,5254,.9098
8469,5254,1.0000
8470,5254,1.0000
8471,5254,1.0000
8472,5254,1.0000
8473,5254,1.0000
8474,5254,.9590
8474,-999,.0410
8475,5254,.3871
8475,-999,.6129
8476,-999,.3750
8476,5254,.6250
8477,-999,.5085
8477,5254,.4915
8478,-999,.9538
8478,5254,.0462
8479,-999,1.0000
8480,-999,1.0000
8481,-999,1.0000
8482,-999,1.0000
8483,-999,1.0000
8484,-999,1.0000
8485,-999,1.0000
8486,-999,1.0000
8487,-999,1.0000
8488,-999,1.0000
8489,-999,1.0000
8490,-999,1.0000
8491,-999,1.0000
8492,-999,1.0000
8493,-999,1.0000
8494,-999,1.0000
8495,-999,1.0000
8496,-999,1.0000
8497,-999,1.0000
8498,-999,1.0000
8499,-999,1.0000
8500,-999,1.0000
8501,-999,1.0000
8502,-999,1.0000
8503,-999,1.0000
8504,-999,1.0000
8505,-999,1.0000
8506,-999,1.0000
8507,-999,1.0000
8508,-999,1.0000
8509,-999,1.0000
8510,-999,1.0000
8511,-999,1.0000
8512,-999,1.0000
8513,5254,1.0000
8514,5254,.7787
8514,5222,.2213
8515,5254,.2344
8515,5222,.7656
8516,5222,1.0000
8517,5222,1.0000
8518,5222,1.0000
8519,5222,1.0000
8520,5222,1.0000
8521,5222,1.0000
8522,5222,.9545
8522,5254,.0455
8523,5222,.1709
8523,5254,.8291
8524,5254,1.0000
8525,5254,1.0000
8526,5254,1.0000
8527,5254,1.0000
8528,5254,1.0000
8529,5254,1.0000
8530,5254,1.0000
8531,5254,1.0000
8532,5254,.9189
8532,5222,.0811
8533,5254,.1760
8533,5222,.8240
8534,5222,1.0000
8535,5222,1.0000
8536,5222,.9394
8536,5254,.0606
8537,5254,.2542
8537,5222,.7458
8538,5254,.5167
8538,5222,.4833
8539,5254,.7143
8539,5222,.2857
8540,5254,.4318
8540,5222,.5682
8541,5254,.7190
8541,5222,.2810
8542,5254,1.0000
8543,5254,.9302
8543,5222,.0698
8544,5254,.2880
8544,5222,.7120
8545,5222,.6894
8545,5254,.3106
8546,5254,1.0000
8547,5254,.8333
8547,5222,.1667
8548,5254,.0909
8548,5222,.9091
8549,5222,1.0000
8550,5222,1.0000
8551,5222,1.0000
8552,5222,1.0000
8553,5222,1.0000
8554,5222,1.0000
8555,5222,1.0000
8556,5222,1.0000
8557,5222,1.0000
8558,5222,1.0000
8559,5222,1.0000
8560,5222,1.0000
8561,5222,1.0000
8562,5222,1.0000
8563,5222,1.0000
8564,5222,1.0000
8565,5222,1.0000
8566,5222,1.0000
8567,5222,.9545
8567,5254,.0455
8568,5254,.4320
8568,5222,.5680
8569,5254,.6047
8569,5222,.3953
8570,5254,.9545
8570,5222,.0455
8571,5254,.9008
8571,5222,.0992
8572,5254,.6667
8572,5222,.3333
8573,5254,.2500
8573,5222,.7500
8574,5222,1.0000
8575,5222,1.0000
8576,5222,1.0000
8577,5222,1.0000
8578,5222,1.0000
8579,5222,1.0000
8580,5222,1.0000
8581,5222,1.0000
8582,5222,1.0000
8583,5222,1.0000
8584,5222,1.0000
8585,5222,.9919
8585,5254,.0081
8586,5254,.8413
8586,5222,.1587
8587,5254,1.0000
8588,5254,.9435
8588,5222,.0565
8589,5222,.9487
8589,5254,.0513
8590,5222,1.0000
8591,5222,1.0000
8592,5222,1.0000
8593,5222,1.0000
8594,5222,1.0000
8595,5222,1.0000
8596,5222,1.0000
8597,5222,1.0000
8598,5222,1.0000
8599,5222,1.0000
8600,5222,.7419
8600,5254,.2581
8601,5254,1.0000
8602,5254,1.0000
8603,5254,1.0000
8604,5254,1.0000
8605,5254,1.0000
8606,5254,1.0000
8607,5254,.9839
8607,-999,.0161
8608,-999,.0236
8608,5254,.9764
8609,5254,1.0000
8610,5254,1.0000
8611,5254,.5372
8611,-999,.4628
8612,-999,.8984
8612,5254,.1016
8613,-999,.5537
8613,5254,.4463
8614,-999,.4016
8614,5254,.5984
8615,-999,1.0000
8616,-999,1.0000
8617,-999,1.0000
8618,-999,1.0000
8619,-999,1.0000
8620,-999,1.0000
8621,-999,1.0000
8622,-999,1.0000
8623,-999,1.0000
8624,-999,1.0000
8625,-999,1.0000
8626,-999,1.0000
8627,-999,1.0000
8628,-999,1.0000
8629,-999,1.0000
8630,-999,1.0000
8631,-999,1.0000
8632,-999,1.0000
8633,-999,1.0000
8634,-999,1.0000
8635,-999,1.0000
8636,-999,1.0000
8637,-999,1.0000
8638,-999,1.0000
8639,-999,1.0000
8640,-999,1.0000
8641,-999,1.0000
8642,-999,1.0000
8643,-999,1.0000
8644,-999,1.0000
8645,-999,1.0000
8646,5254,.2248
8646,5222,.7752
8647,5254,.0336
8647,5222,.9664
8648,5222,1.0000
8649,5222,1.0000
8650,5222,1.0000
8651,5222,1.0000
8652,5222,1.0000
8653,5222,1.0000
8654,5222,.9412
8654,5254,.0588
8655,5222,.2692
8655,5254,.7308
8656,5254,1.0000
8657,5254,1.0000
8658,5254,1.0000
8659,5254,1.0000
8660,5254,1.0000
8661,5254,1.0000
8662,5254,1.0000
8663,5254,1.0000
8664,5254,1.0000
8665,5254,.3636
8665,5222,.6364
8666,5222,1.0000
8667,5222,1.0000
8668,5222,1.0000
8669,5222,1.0000
8670,5222,1.0000
8671,5222,1.0000
8672,5222,1.0000
8673,5222,1.0000
8674,5222,.5909
8674,5254,.4091
8675,5254,1.0000
8676,5254,.5289
8676,5222,.4711
8677,5222,1.0000
8678,5222,.4167
8678,5254,.5833
8679,5254,.9672
8679,5222,.0328
8680,5254,.2348
8680,5222,.7652
8681,5222,1.0000
8682,5222,1.0000
8683,5222,1.0000
8684,5222,1.0000
8685,5222,1.0000
8686,5222,1.0000
8687,5222,1.0000
8688,5222,1.0000
8689,5222,1.0000
8690,5222,1.0000
8691,5222,1.0000
8692,5222,1.0000
8693,5222,1.0000
8694,5222,1.0000
8695,5222,1.0000
8696,5222,1.0000
8697,5222,1.0000
8698,5222,1.0000
8699,5222,1.0000
8700,5222,1.0000
8701,5222,1.0000
8702,5222,1.0000
8703,5222,.8413
8703,5254,.1587
8704,5254,.1455
8704,5222,.8545
8705,5222,1.0000
8706,5222,1.0000
8707,5222,1.0000
8708,5222,1.0000
8709,5222,1.0000
8710,5222,1.0000
8711,5222,1.0000
8712,5222,1.0000
8713,5222,1.0000
8714,5222,1.0000
8715,5222,1.0000
8716,5222,1.0000
8717,5222,1.0000
8718,5222,1.0000
8719,5222,.6212
8719,5254,.3788
8720,5254,.9823
8720,5222,.0177
8721,5254,.9921
8721,5222,.0079
8722,5222,.5161
8722,5254,.4839
8723,5222,.9846
8723,5254,.0154
8724,5222,1.0000
8725,5222,1.0000
8726,5222,1.0000
8727,5222,1.0000
8728,5222,1.0000
8729,5222,1.0000
8730,5222,1.0000
8731,5222,1.0000
8732,5222,1.0000
8733,5222,.9675
8733,5254,.0325
8734,5254,.8689
8734,5222,.1311
8735,5254,1.0000
8736,5254,1.0000
8737,5254,1.0000
8738,5254,1.0000
8739,5254,1.0000
8740,5254,1.0000
8741,5254,1.0000
8742,5254,1.0000
8743,5254,1.0000
8744,5254,.7097
8744,-999,.2903
8745,-999,1.0000
8746,-999,.9839
8746,5254,.0161
8747,5254,.0800
8747,-999,.9200
8748,-999,1.0000
8749,-999,1.0000
8750,-999,1.0000
8751,-999,1.0000
8752,-999,1.0000
8753,-999,1.0000
8754,-999,1.0000
8755,-999,1.0000
8756,-999,1.0000
8757,-999,1.0000
8758,-999,1.0000
8759,-999,1.0000
8760,-999,1.0000
8761,-999,1.0000
8762,-999,1.0000
8763,-999,1.0000
8764,-999,1.0000
8765,-999,1.0000
8766,-999,1.0000
8767,-999,1.0000
8768,-999,1.0000
8769,-999,1.0000
8770,-999,1.0000
8771,-999,1.0000
8772,-999,1.0000
8773,-999,1.0000
8774,-999,1.0000
8775,-999,1.0000
8776,-999,1.0000
8777,-999,1.0000
8778,-999,1.0000
8779,5222,1.0000
8780,5222,1.0000
8781,5222,1.0000
8782,5222,1.0000
8783,5222,1.0000
8784,5222,1.0000
8785,5222,1.0000
8786,5222,1.0000
8787,5222,.6183
8787,5254,.3817
8788,5254,1.0000
8789,5254,1.0000
8790,5254,.9839
8790,5222,.0161
8791,5254,1.0000
8792,5254,1.0000
8793,5254,1.0000
8794,5254,1.0000
8795,5254,1.0000
8796,5254,1.0000
8797,5254,.9397
8797,5222,.0603
8798,5254,.0611
8798,5222,.9389
8799,5222,1.0000
8800,5222,1.0000
8801,5222,1.0000
8802,5222,1.0000
8803,5222,1.0000
8804,5222,1.0000
8805,5222,1.0000
8806,5222,1.0000
8807,5222,.9008
8807,5254,.0992
8808,5254,.9449
8808,5222,.0551
8809,5254,.4000
8809,5222,.6000
8810,5222,1.0000
8811,5222,.4474
8811,5254,.5526
8812,5254,.3939
8812,5222,.6061
8813,5222,1.0000
8814,5222,1.0000
8815,5222,1.0000
8816,5222,1.0000
8817,5222,1.0000
8818,5222,1.0000
8819,5222,1.0000
8820,5222,1.0000
8821,5222,1.0000
8822,5222,1.0000
8823,5222,1.0000
8824,5222,1.0000
8825,5222,1.0000
8826,5222,1.0000
8827,5222,1.0000
8828,5222,1.0000
8829,5222,1.0000
8830,5222,1.0000
8831,5222,1.0000
8832,5222,1.0000
8833,5222,1.0000
8834,5222,1.0000
8835,5222,1.0000
8836,5222,1.0000
8837,5222,1.0000
8838,5222,1.0000
8839,5222,1.0000
8840,5222,1.0000
8841,5222,1.0000
8842,5222,1.0000
8843,5222,1.0000
8844,5222,1.0000
8845,5222,1.0000
8846,5222,1.0000
8847,5222,1.0000
8848,5222,1.0000
8849,5222,1.0000
8850,5222,1.0000
8851,5222,1.0000
8852,5222,1.0000
8853,5254,.4453
8853,5222,.5547
8854,5254,.9758
8854,5222,.0242
8855,5254,1.0000
8856,5254,.7455
8856,5222,.2545
8857,5222,.8168
8857,5254,.1832
8858,5222,1.0000
8859,5222,1.0000
8860,5222,1.0000
8861,5222,1.0000
8862,5222,1.0000
8863,5222,1.0000
8864,5222,1.0000
8865,5222,1.0000
8866,5222,1.0000
8867,5222,.8346
8867,5254,.1654
8868,5254,.9339
8868,5222,.0661
8869,5254,1.0000
8870,5254,1.0000
8871,5254,1.0000
8872,5254,1.0000
8873,5254,1.0000
8874,5254,1.0000
8875,5254,1.0000
8876,5254,1.0000
8877,5254,.8661
8877,-999,.1339
8878,-999,.9431
8878,5254,.0569
8879,-999,.9920
8879,5254,.0080
8880,-999,.6587
8880,5254,.3413
8881,-999,.9024
8881,5254,.0976
8882,-999,.9365
8882,5254,.0635
8883,-999,.6098
8883,5254,.3902
8884,-999,1.0000
8885,-999,1.0000
8886,-999,1.0000
8887,-999,1.0000
8888,-999,1.0000
8889,-999,1.0000
8890,-999,1.0000
8891,-999,1.0000
8892,-999,1.0000
8893,-999,1.0000
8894,-999,1.0000
8895,-999,1.0000
8896,-999,1.0000
8897,-999,1.0000
8898,-999,1.0000
8899,-999,1.0000
8900,-999,1.0000
8901,-999,1.0000
8902,-999,1.0000
8903,-999,1.0000
8904,-999,1.0000
8905,-999,1.0000
8906,-999,1.0000
8907,-999,1.0000
8908,-999,1.0000
8909,-999,1.0000
8910,-999,1.0000
8911,-999,1.0000
8912,5222,1.0000
8913,5222,1.0000
8914,5222,1.0000
8915,5222,1.0000
8916,5222,1.0000
8917,5222,1.0000
8918,5222,1.0000
8919,5222,1.0000
8920,5222,.6371
8920,5254,.3629
8921,5254,.7385
8921,5222,.2615
8922,5254,.2066
8922,5222,.7934
8923,5254,.1736
8923,5222,.8264
8924,5254,.7879
8924,5222,.2121
8925,5254,1.0000
8926,5254,.9675
8926,5222,.0325
8927,5254,.7167
8927,5222,.2833
8928,5254,1.0000
8929,5254,1.0000
8930,5254,.6949
8930,5222,.3051
8931,5222,1.0000
8932,5222,1.0000
8933,5222,1.0000
8934,5222,1.0000
8935,5222,1.0000
8936,5222,1.0000
8937,5222,1.0000
8938,5222,1.0000
8939,5222,1.0000
8940,5222,1.0000
8941,5222,.3258
8941,5254,.6742
8942,5254,.3554
8942,5222,.6446
8943,5222,1.0000
8944,5222,.9832
8944,5254,.0168
8945,5222,1.0000
8946,5222,1.0000
8947,5222,1.0000
8948,5222,1.0000
8949,5222,1.0000
8950,5222,1.0000
8951,5222,1.0000
8952,5222,1.0000
8953,5222,1.0000
8954,5222,1.0000
8955,5222,1.0000
8956,5222,1.0000
8957,5222,1.0000
8958,5222,1.0000
8959,5222,1.0000
8960,5222,1.0000
8961,5222,1.0000
8962,5222,1.0000
8963,5222,1.0000
8964,5222,1.0000
8965,5222,1.0000
8966,5222,1.0000
8967,5222,1.0000
8968,5222,1.0000
8969,5222,1.0000
8970,5222,1.0000
8971,5222,1.0000
8972,5222,1.0000
8973,5222,1.0000
8974,5222,1.0000
8975,5222,1.0000
8976,5222,1.0000
8977,5222,1.0000
8978,5222,1.0000
8979,5222,1.0000
8980,5222,1.0000
8981,5222,1.0000
8982,5222,1.0000
8983,5222,1.0000
8984,5222,1.0000
8985,5222,1.0000
8986,5222,1.0000
8987,5222,.7521
8987,5254,.2479
8988,5254,.9256
8988,5222,.0744
8989,5254,1.0000
8990,5254,.9113
8990,5222,.0887
8991,5222,.9200
8991,5254,.0800
8992,5222,1.0000
8993,5222,1.0000
8994,5222,1.0000
8995,5222,1.0000
8996,5222,1.0000
8997,5222,1.0000
8998,5222,1.0000
8999,5222,1.0000
9000,5222,1.0000
9001,5254,.4836
9001,5222,.5164
9002,5254,1.0000
9003,5254,1.0000
9004,5254,.9516
9004,5222,.0484
9005,5254,.9767
9005,5222,.0233
9006,5254,1.0000
9007,5254,1.0000
9008,5254,1.0000
9009,5254,1.0000
9010,5254,1.0000
9011,-999,.2195
9011,5254,.7805
9012,-999,.2109
9012,5254,.7891
9013,5254,1.0000
9014,5254,.7863
9014,-999,.2137
9015,-999,.9076
9015,5254,.0924
9016,-999,.4884
9016,5254,.5116
9017,-999,.7667
9017,5254,.2333
9018,-999,1.0000
9019,-999,1.0000
9020,-999,1.0000
9021,-999,1.0000
9022,-999,1.0000
9023,-999,1.0000
9024,-999,1.0000
9025,-999,1.0000
9026,-999,1.0000
9027,-999,1.0000
9028,-999,1.0000
9029,-999,1.0000
9030,-999,1.0000
9031,-999,1.0000
9032,-999,1.0000
9033,-999,1.0000
9034,-999,1.0000
9035,-999,1.0000
9036,-999,1.0000
9037,-999,1.0000
9038,-999,1.0000
9039,-999,1.0000
9040,-999,1.0000
9041,-999,1.0000
9042,-999,1.0000
9043,-999,1.0000
9044,-999,1.0000
9045,5222,1.0000
9046,5222,1.0000
9047,5222,1.0000
9048,5222,1.0000
9049,5222,1.0000
9050,5222,1.0000
9051,5222,1.0000
9052,5222,1.0000
9053,5222,1.0000
9054,5222,1.0000
9055,5222,1.0000
9056,5222,1.0000
9057,5222,.9160
9057,5254,.0840
9058,5254,.5969
9058,5222,.4031
9059,5254,.5606
9059,5222,.4394
9060,5222,.7586
9060,5254,.2414
9061,5254,.9918
9061,5222,.0082
9062,5254,.9344
9062,5222,.0656
9063,5254,.2273
9063,5222,.7727
9064,5222,1.0000
9065,5222,1.0000
9066,5222,1.0000
9067,5222,1.0000
9068,5222,1.0000
9069,5222,1.0000
9070,5222,1.0000
9071,5222,1.0000
9072,5222,1.0000
9073,5222,1.0000
9074,5222,.6984
9074,5254,.3016
9075,5254,.3047
9075,5222,.6953
9076,5222,1.0000
9077,5222,1.0000
9078,5222,1.0000
9079,5222,1.0000
9080,5222,1.0000
9081,5222,1.0000
9082,5222,1.0000
9083,5222,1.0000
9084,5222,1.0000
9085,5222,1.0000
9086,5222,1.0000
9087,5222,1.0000
9088,5222,1.0000
9089,5222,1.0000
9090,5222,1.0000
9091,5222,1.0000
9092,5222,1.0000
9093,5222,1.0000
9094,5222,1.0000
9095,5222,1.0000
9096,5222,1.0000
9097,5222,1.0000
9098,5222,1.0000
9099,5222,1.0000
9100,5222,1.0000
9101,5222,1.0000
9102,5222,1.0000
9103,5222,1.0000
9104,5222,1.0000
9105,5222,1.0000
9106,5222,1.0000
9107,5222,1.0000
9108,5222,1.0000
9109,5222,1.0000
9110,5222,1.0000
9111,5222,1.0000
9112,5222,1.0000
9113,5222,1.0000
9114,5222,1.0000
9115,5222,1.0000
9116,5222,1.0000
9117,5222,1.0000
9118,5222,1.0000
9119,5222,1.0000
9120,5222,1.0000
9121,5222,.7190
9121,5254,.2810
9122,5254,.9091
9122,5222,.0909
9123,5254,.9492
9123,5222,.0508
9124,5222,.8468
9124,5254,.1532
9125,5222,1.0000
9126,5222,1.0000
9127,5222,1.0000
9128,5222,1.0000
9129,5222,1.0000
9130,5222,1.0000
9131,5222,1.0000
9132,5222,1.0000
9133,5222,1.0000
9134,5222,.9773
9134,5254,.0227
9135,5254,.3445
9135,5222,.6555
9136,5254,.2698
9136,5222,.7302
9137,5254,.0465
9137,5222,.9535
9138,5254,.1810
9138,5222,.8190
9139,5254,.7121
9139,5222,.2879
9140,5254,.8034
9140,5222,.1966
9141,5254,.4884
9141,5222,.5116
9142,5254,.6855
9142,5222,.3145
9143,5254,1.0000
9144,5254,1.0000
9145,5254,1.0000
9146,5254,1.0000
9147,5254,1.0000
9148,5254,.2977
9148,-999,.5344
9148,5222,.1679
9149,5254,.5537
9149,-999,.4132
9149,5222,.0331
9150,5254,.4687
9150,-999,.5312
9151,-999,1.0000
9152,-999,1.0000
9153,-999,1.0000
9154,-999,1.0000
9155,-999,1.0000
9156,-999,1.0000
9157,-999,1.0000
9158,-999,1.0000
9159,-999,1.0000
9160,-999,1.0000
9161,-999,1.0000
9162,-999,1.0000
9163,-999,1.0000
9164,-999,1.0000
9165,-999,1.0000
9166,-999,1.0000
9167,-999,1.0000
9168,-999,1.0000
9169,-999,1.0000
9170,-999,1.0000
9171,-999,1.0000
9172,-999,1.0000
9173,-999,1.0000
9174,-999,1.0000
9175,-999,1.0000
9176,-999,1.0000
9177,-999,1.0000
9178,5222,1.0000
9179,5222,1.0000
9180,5222,1.0000
9181,5222,1.0000
9182,5222,1.0000
9183,5222,1.0000
9184,5222,1.0000
9185,5222,1.0000
9186,5222,1.0000
9187,5222,1.0000
9188,5222,1.0000
9189,5222,1.0000
9190,5222,1.0000
9191,5222,1.0000
9192,5222,1.0000
9193,5222,1.0000
9194,5222,.7154
9194,5254,.2846
9195,5254,.1964
9195,5222,.8036
9196,5222,1.0000
9197,5222,1.0000
9198,5222,1.0000
9199,5222,1.0000
9200,5222,1.0000
9201,5222,1.0000
9202,5222,1.0000
9203,5222,1.0000
9204,5222,1.0000
9205,5222,1.0000
9206,5222,1.0000
9207,5222,1.0000
9208,5222,1.0000
9209,5222,1.0000
9210,5222,1.0000
9211,5222,1.0000
9212,5222,1.0000
9213,5222,1.0000
9214,5222,1.0000
9215,5222,1.0000
9216,5222,1.0000
9217,5222,1.0000
9218,5222,1.0000
9219,5222,1.0000
9220,5222,1.0000
9221,5222,1.0000
9222,5222,1.0000
9223,5222,1.0000
9224,5222,1.0000
9225,5222,1.0000
9226,5222,1.0000
9227,5222,1.0000
9228,5222,1.0000
9229,5222,1.0000
9230,5222,1.0000
9231,5222,1.0000
9232,5222,1.0000
9233,5222,1.0000
9234,5222,1.0000
9235,5222,1.0000
9236,5222,1.0000
9237,5222,1.0000
9238,5222,1.0000
9239,5222,1.0000
9240,5222,1.0000
9241,5222,1.0000
9242,5222,1.0000
9243,5222,1.0000
9244,5222,1.0000
9245,5222,1.0000
9246,5222,1.0000
9247,5222,1.0000
9248,5222,1.0000
9249,5222,1.0000
9250,5222,1.0000
9251,5222,1.0000
9252,5222,1.0000
9253,5222,1.0000
9254,5222,1.0000
9255,5222,.9211
9255,5254,.0789
9256,5254,.0615
9256,5222,.9385
9257,5222,1.0000
9258,5222,1.0000
9259,5222,1.0000
9260,5222,1.0000
9261,5222,1.0000
9262,5222,1.0000
9263,5222,1.0000
9264,5222,1.0000
9265,5222,1.0000
9266,5222,1.0000
9267,5222,1.0000
9268,5222,1.0000
9269,5222,1.0000
9270,5222,1.0000
9271,5222,1.0000
9272,5222,1.0000
9273,5222,1.0000
9274,5222,1.0000
9275,5254,.0813
9275,5222,.9187
9276,5254,.7969
9276,5222,.2031
9277,5254,.9748
9277,5222,.0252
9278,5254,.7786
9278,5222,.2214
9279,5254,.7563
9279,5222,.2437
9280,5254,.6462
9280,5222,.3538
9281,5254,.0083
9281,5222,.9835
9281,-999,.0083
9282,-999,.2460
9282,5222,.7540
9283,-999,.7600
9283,5222,.2400
9284,-999,1.0000
9285,-999,1.0000
9286,-999,1.0000
9287,-999,1.0000
9288,-999,1.0000
9289,-999,1.0000
9290,-999,1.0000
9291,-999,1.0000
9292,-999,1.0000
9293,-999,1.0000
9294,-999,1.0000
9295,-999,1.0000
9296,-999,1.0000
9297,-999,1.0000
9298,-999,1.0000
9299,-999,1.0000
9300,-999,1.0000
9301,-999,1.0000
9302,-999,1.0000
9303,-999,1.0000
9304,-999,1.0000
9305,-999,1.0000
9306,-999,1.0000
9307,-999,1.0000
9308,-999,1.0000
9309,-999,1.0000
9310,-999,1.0000
9311,5222,1.0000
9312,5222,1.0000
9313,5222,1.0000
9314,5222,1.0000
9315,5222,1.0000
9316,5222,1.0000
9317,5222,1.0000
9318,5222,1.0000
9319,5222,1.0000
9320,5222,1.0000
9321,5222,1.0000
9322,5222,1.0000
9323,5222,1.0000
9324,5222,1.0000
9325,5222,1.0000
9326,5222,1.0000
9327,5222,1.0000
9328,5222,1.0000
9329,5222,1.0000
9330,5222,1.0000
9331,5222,1.0000
9332,5222,1.0000
9333,5222,1.0000
9334,5222,1.0000
9335,5222,1.0000
9336,5222,1.0000
9337,5222,1.0000
9338,5222,1.0000
9339,5222,1.0000
9340,5222,1.0000
9341,5222,1.0000
9342,5222,1.0000
9343,5222,1.0000
9344,5222,1.0000
9345,5222,1.0000
9346,5222,1.0000
9347,5222,1.0000
9348,5222,1.0000
9349,5222,1.0000
9350,5222,1.0000
9351,5222,1.0000
9352,5222,1.0000
9353,5222,1.0000
9354,5222,1.0000
9355,5222,1.0000
9356,5222,1.0000
9357,5222,1.0000
9358,5222,1.0000
9359,5222,1.0000
9360,5222,1.0000
9361,5222,1.0000
9362,5222,1.0000
9363,5222,1.0000
9364,5222,1.0000
9365,5222,1.0000
9366,5222,1.0000
9367,5222,1.0000
9368,5222,1.0000
9369,5222,1.0000
9370,5222,1.0000
9371,5222,1.0000
9372,5222,1.0000
9373,5222,1.0000
9374,5222,1.0000
9375,5222,1.0000
9376,5222,1.0000
9377,5222,1.0000
9378,5222,1.0000
9379,5222,1.0000
9380,5222,1.0000
9381,5222,1.0000
9382,5222,1.0000
9383,5222,1.0000
9384,5222,1.0000
9385,5222,1.0000
9386,5222,1.0000
9387,5222,1.0000
9388,5222,1.0000
9389,5222,1.0000
9390,5222,1.0000
9391,5222,1.0000
9392,5222,1.0000
9393,5222,1.0000
9394,5222,1.0000
9395,5222,1.0000
9396,5222,1.0000
9397,5222,1.0000
9398,5222,1.0000
9399,5222,1.0000
9400,5222,1.0000
9401,5222,1.0000
9402,5222,1.0000
9403,5222,1.0000
9404,5222,1.0000
9405,5222,1.0000
9406,5222,1.0000
9407,5222,1.0000
9408,5222,1.0000
9409,5222,.9355
9409,5254,.0645
9410,5254,.1111
9410,5222,.8889
9411,5222,1.0000
9412,5222,1.0000
9413,5222,1.0000
9414,5222,1.0000
9415,5222,.8661
9415,-999,.1339
9416,-999,.4333
9416,5222,.5667
9417,-999,.4656
9417,5222,.5344
9418,-999,.7833
9418,5222,.2167
9419,-999,.9077
9419,5222,.0923
9420,-999,1.0000
9421,-999,1.0000
9422,-999,1.0000
9423,-999,1.0000
9424,-999,1.0000
9425,-999,1.0000
9426,-999,1.0000
9427,-999,1.0000
9428,-999,1.0000
9429,-999,1.0000
9430,-999,1.0000
9431,-999,1.0000
9432,-999,1.0000
9433,-999,1.0000
9434,-999,1.0000
9435,-999,1.0000
9436,-999,1.0000
9437,-999,1.0000
9438,-999,1.0000
9439,-999,1.0000
9440,-999,1.0000
9441,-999,1.0000
9442,-999,1.0000
9443,-999,1.0000
9444,5222,1.0000
9445,5222,1.0000
9446,5222,1.0000
9447,5222,1.0000
9448,5222,1.0000
9449,5222,1.0000
9450,5222,1.0000
9451,5222,1.0000
9452,5222,1.0000
9453,5222,1.0000
9454,5222,1.0000
9455,5222,1.0000
9456,5222,1.0000
9457,5222,1.0000
9458,5222,1.0000
9459,5222,1.0000
9460,5222,1.0000
9461,5222,1.0000
9462,5222,1.0000
9463,5222,1.0000
9464,5222,1.0000
9465,5222,1.0000
9466,5222,1.0000
9467,5222,1.0000
9468,5222,1.0000
9469,5222,1.0000
9470,5222,1.0000
9471,5222,1.0000
9472,5222,1.0000
9473,5222,1.0000
9474,5222,1.0000
9475,5222,1.0000
9476,5222,1.0000
9477,5222,1.0000
9478,5222,1.0000
9479,5222,1.0000
9480,5222,1.0000
9481,5222,1.0000
9482,5222,1.0000
9483,5222,1.0000
9484,5222,1.0000
9485,5222,1.0000
9486,5222,1.0000
9487,5222,1.0000
9488,5222,1.0000
9489,5222,1.0000
9490,5222,1.0000
9491,5222,1.0000
9492,5222,1.0000
9493,5222,1.0000
9494,5222,1.0000
9495,5222,1.0000
9496,5222,1.0000
9497,5222,1.0000
9498,5222,1.0000
9499,5222,1.0000
9500,5222,1.0000
9501,5222,1.0000
9502,5222,1.0000
9503,5222,1.0000
9504,5222,1.0000
9505,5222,1.0000
9506,5222,1.0000
9507,5222,1.0000
9508,5222,1.0000
9509,5222,1.0000
9510,5222,1.0000
9511,5222,1.0000
9512,5222,1.0000
9513,5222,1.0000
9514,5222,1.0000
9515,5222,1.0000
9516,5222,1.0000
9517,5222,1.0000
9518,5222,1.0000
9519,5222,1.0000
9520,5222,1.0000
9521,5222,1.0000
9522,5222,1.0000
9523,5222,1.0000
9524,5222,1.0000
9525,5222,1.0000
9526,5222,1.0000
9527,5222,1.0000
9528,5222,1.0000
9529,5222,1.0000
9530,5222,1.0000
9531,5222,1.0000
9532,5222,1.0000
9533,5222,1.0000
9534,5222,1.0000
9535,5222,1.0000
9536,5222,1.0000
9537,5222,1.0000
9538,5222,1.0000
9539,5222,1.0000
9540,5222,1.0000
9541,5222,1.0000
9542,5222,1.0000
9543,5222,1.0000
9544,5222,1.0000
9545,5222,1.0000
9546,5222,1.0000
9547,5222,1.0000
9548,-999,.0082
9548,5222,.9918
9549,5222,1.0000
9550,5222,1.0000
9551,5222,.6336
9551,-999,.3664
9552,-999,.7273
9552,5222,.2727
9553,-999,.9297
9553,5222,.0703
9554,-999,1.0000
9555,-999,1.0000
9556,-999,1.0000
9557,-999,1.0000
9558,-999,1.0000
9559,-999,1.0000
9560,-999,1.0000
9561,-999,1.0000
9562,-999,1.0000
9563,-999,1.0000
9564,-999,1.0000
9565,-999,1.0000
9566,-999,1.0000
9567,-999,1.0000
9568,-999,1.0000
9569,-999,1.0000
9570,-999,1.0000
9571,-999,1.0000
9572,-999,1.0000
9573,-999,1.0000
9574,-999,1.0000
9575,-999,1.0000
9576,-999,1.0000
9577,5222,1.0000
9578,5222,1.0000
9579,5222,1.0000
9580,5222,1.0000
9581,5222,1.0000
9582,5222,1.0000
9583,5222,1.0000
9584,5222,1.0000
9585,5222,1.0000
9586,5222,1.0000
9587,5222,1.0000
9588,5222,1.0000
9589,5222,1.0000
9590,5222,1.0000
9591,5222,1.0000
9592,5222,1.0000
9593,5222,1.0000
9594,5222,1.0000
9595,5222,1.0000
9596,5222,1.0000
9597,5222,1.0000
9598,5222,1.0000
9599,5222,1.0000
9600,5222,1.0000
9601,5222,1.0000
9602,5222,1.0000
9603,5222,1.0000
9604,5222,1.0000
9605,5222,1.0000
9606,5222,1.0000
9607,5222,1.0000
9608,5222,1.0000
9609,5222,1.0000
9610,5222,1.0000
9611,5222,1.0000
9612,5222,1.0000
9613,5222,1.0000
9614,5222,1.0000
9615,5222,1.0000
9616,5222,1.0000
9617,5222,1.0000
9618,5222,1.0000
9619,5222,1.0000
9620,5222,1.0000
9621,5222,1.0000
9622,5222,1.0000
9623,5222,1.0000
9624,5222,1.0000
9625,5222,1.0000
9626,5222,1.0000
9627,5222,1.0000
9628,5222,1.0000
9629,5222,1.0000
9630,5222,1.0000
9631,5222,1.0000
9632,5222,1.0000
9633,5222,1.0000
9634,5222,1.0000
9635,5222,1.0000
9636,5222,1.0000
9637,5222,1.0000
9638,5222,1.0000
9639,5222,1.0000
9640,5222,1.0000
9641,5222,1.0000
9642,5222,1.0000
9643,5222,1.0000
9644,5222,1.0000
9645,5222,1.0000
9646,5222,1.0000
9647,5222,1.0000
9648,5222,1.0000
9649,5222,1.0000
9650,5222,1.0000
9651,5222,1.0000
9652,5222,1.0000
9653,5222,1.0000
9654,5222,1.0000
9655,5222,1.0000
9656,5222,1.0000
9657,5222,1.0000
9658,5222,1.0000
9659,5222,1.0000
9660,5222,1.0000
9661,5222,1.0000
9662,5222,1.0000
9663,5222,1.0000
9664,5222,1.0000
9665,5222,1.0000
9666,5222,1.0000
9667,5222,1.0000
9668,5222,1.0000
9669,5222,1.0000
9670,5222,1.0000
9671,5222,1.0000
9672,5222,1.0000
9673,5222,1.0000
9674,5222,1.0000
9675,5222,1.0000
9676,5222,1.0000
9677,5222,1.0000
9678,5222,1.0000
9679,5222,1.0000
9680,5222,1.0000
9681,5222,1.0000
9682,5222,1.0000
9683,5222,1.0000
9684,5222,.8934
9684,-999,.1066
9685,-999,.4603
9685,5222,.5397
9686,-999,.2581
9686,5222,.7419
9687,-999,.9840
9687,5222,.0160
9688,-999,1.0000
9689,-999,1.0000
9690,-999,1.0000
9691,-999,1.0000
9692,-999,1.0000
9693,-999,1.0000
9694,-999,1.0000
9695,-999,1.0000
9696,-999,1.0000
9697,-999,1.0000
9698,-999,1.0000
9699,-999,1.0000
9700,-999,1.0000
9701,-999,1.0000
9702,-999,1.0000
9703,-999,1.0000
9704,-999,1.0000
9705,-999,1.0000
9706,-999,1.0000
9707,-999,1.0000
9708,-999,1.0000
9709,-999,1.0000
9710,5222,1.0000
9711,5222,1.0000
9712,5222,1.0000
9713,5222,1.0000
9714,5222,1.0000
9715,5222,1.0000
9716,5222,1.0000
9717,5222,1.0000
9718,5222,1.0000
9719,5222,1.0000
9720,5222,1.0000
9721,5222,1.0000
9722,5222,1.0000
9723,5222,1.0000
9724,5222,1.0000
9725,5222,1.0000
9726,5222,1.0000
9727,5222,1.0000
9728,5222,1.0000
9729,5222,1.0000
9730,5222,1.0000
9731,5222,1.0000
9732,5222,1.0000
9733,5222,1.0000
9734,5222,1.0000
9735,5222,1.0000
9736,5222,1.0000
9737,5222,1.0000
9738,5222,1.0000
9739,5222,1.0000
9740,5222,1.0000
9741,5222,1.0000
9742,5222,1.0000
9743,5222,1.0000
9744,5222,1.0000
9745,5222,1.0000
9746,5222,1.0000
9747,5222,1.0000
9748,5222,1.0000
9749,5222,1.0000
9750,5222,1.0000
9751,5222,1.0000
9752,5222,1.0000
9753,5222,1.0000
9754,5222,1.0000
9755,5222,1.0000
9756,5222,1.0000
9757,5222,1.0000
9758,5222,1.0000
9759,5222,1.0000
9760,5222,1.0000
9761,5222,1.0000
9762,5222,1.0000
9763,5222,1.0000
9764,5222,1.0000
9765,5222,1.0000
9766,5222,1.0000
9767,5222,1.0000
9768,5222,1.0000
9769,5222,1.0000
9770,5222,1.0000
9771,5222,1.0000
9772,5222,1.0000
9773,5222,1.0000
9774,5222,1.0000
9775,5222,1.0000
9776,5222,1.0000
9777,5222,1.0000
9778,5222,1.0000
9779,5222,1.0000
9780,5222,1.0000
9781,5222,1.0000
9782,5222,1.0000
9783,5222,1.0000
9784,5222,1.0000
9785,5222,1.0000
9786,5222,1.0000
9787,5222,1.0000
9788,5222,1.0000
9789,5222,1.0000
9790,5222,1.0000
9791,5222,1.0000
9792,5222,1.0000
9793,5222,1.0000
9794,5222,1.0000
9795,5222,1.0000
9796,5222,1.0000
9797,5222,1.0000
9798,5222,1.0000
9799,5222,1.0000
9800,5222,1.0000
9801,5222,1.0000
9802,5222,1.0000
9803,5222,1.0000
9804,5222,1.0000
9805,5222,1.0000
9806,5222,1.0000
9807,5222,1.0000
9808,5222,1.0000
9809,5222,1.0000
9810,5222,1.0000
9811,5222,1.0000
9812,5222,1.0000
9813,5222,1.0000
9814,5222,1.0000
9815,5222,1.0000
9816,5222,1.0000
9817,5222,1.0000
9818,5222,1.0000
9819,5222,1.0000
9820,5222,.3538
9820,-999,.6462
9821,-999,1.0000
9822,-999,1.0000
9823,-999,1.0000
9824,-999,1.0000
9825,-999,1.0000
9826,-999,1.0000
9827,-999,1.0000
9828,-999,1.0000
9829,-999,1.0000
9830,-999,1.0000
9831,-999,1.0000
9832,-999,1.0000
9833,-999,1.0000
9834,-999,1.0000
9835,-999,1.0000
9836,-999,1.0000
9837,-999,1.0000
9838,-999,1.0000
9839,-999,1.0000
9840,-999,1.0000
9841,-999,1.0000
9842,-999,1.0000
9843,5222,1.0000
9844,5222,1.0000
9845,5222,1.0000
9846,5222,1.0000
9847,5222,1.0000
9848,5222,1.0000
9849,5222,1.0000
9850,5222,1.0000
9851,5222,1.0000
9852,5222,1.0000
9853,5222,1.0000
9854,5222,1.0000
9855,5222,1.0000
9856,5222,1.0000
9857,5222,1.0000
9858,5222,1.0000
9859,5222,1.0000
9860,5222,1.0000
9861,5222,1.0000
9862,5222,1.0000
9863,5222,1.0000
9864,5222,1.0000
9865,5222,1.0000
9866,5222,1.0000
9867,5222,1.0000
9868,5222,1.0000
9869,5222,1.0000
9870,5222,1.0000
9871,5222,1.0000
9872,5222,1.0000
9873,5222,1.0000
9874,5222,1.0000
9875,5222,1.0000
9876,5222,1.0000
9877,5222,1.0000
9878,5222,1.0000
9879,5222,1.0000
9880,5222,1.0000
9881,5222,1.0000
9882,5222,1.0000
9883,5222,1.0000
9884,5222,1.0000
9885,5222,1.0000
9886,5222,1.0000
9887,5222,1.0000
9888,5222,1.0000
9889,5222,1.0000
9890,5222,1.0000
9891,5222,1.0000
9892,5222,1.0000
9893,5222,1.0000
9894,5222,1.0000
9895,5222,1.0000
9896,5222,1.0000
9897,5222,1.0000
9898,5222,1.0000
9899,5222,1.0000
9900,5222,1.0000
9901,5222,1.0000
9902,5222,1.0000
9903,5222,1.0000
9904,5222,1.0000
9905,5222,1.0000
9906,5222,1.0000
9907,5222,1.0000
9908,5222,1.0000
9909,5222,1.0000
9910,5222,1.0000
9911,5222,1.0000
9912,5222,1.0000
9913,5222,1.0000
9914,5222,1.0000
9915,5222,1.0000
9916,5222,1.0000
9917,5222,1.0000
9918,5222,1.0000
9919,5222,1.0000
9920,5222,1.0000
9921,5222,1.0000
9922,5222,1.0000
9923,5222,1.0000
9924,5222,1.0000
9925,5222,1.0000
9926,5222,1.0000
9927,5222,1.0000
9928,5222,1.0000
9929,5222,1.0000
9930,5222,1.0000
9931,5222,1.0000
9932,5222,1.0000
9933,5222,1.0000
9934,5222,1.0000
9935,5222,1.0000
9936,5222,1.0000
9937,5222,1.0000
9938,5222,1.0000
9939,5222,1.0000
9940,5222,1.0000
9941,5222,1.0000
9942,5222,1.0000
9943,5222,1.0000
9944,5222,1.0000
9945,5222,1.0000
9946,5222,1.0000
9947,5222,1.0000
9948,5222,1.0000
9949,5222,1.0000
9950,5222,1.0000
9951,5222,1.0000
9952,5222,1.0000
9953,-999,.2397
9953,5222,.7603
9954,-999,.6822
9954,5222,.3178
9955,-999,1.0000
9956,-999,1.0000
9957,-999,1.0000
9958,-999,1.0000
9959,-999,1.0000
9960,-999,1.0000
9961,-999,1.0000
9962,-999,1.0000
9963,-999,1.0000
9964,-999,1.0000
9965,-999,1.0000
9966,-999,1.0000
9967,-999,1.0000
9968,-999,1.0000
9969,-999,1.0000
9970,-999,1.0000
9971,-999,1.0000
9972,-999,1.0000
9973,-999,1.0000
9974,-999,1.0000
9975,-999,1.0000
9976,5222,1.0000
9977,5222,1.0000
9978,5222,1.0000
9979,5222,1.0000
9980,5222,1.0000
9981,5222,1.0000
9982,5222,1.0000
9983,5222,1.0000
9984,5222,1.0000
9985,5222,1.0000
9986,5222,1.0000
9987,5222,1.0000
9988,5222,1.0000
9989,5222,1.0000
9990,5222,1.0000
9991,5222,1.0000
9992,5222,1.0000
9993,5222,1.0000
9994,5222,1.0000
9995,5222,1.0000
9996,5222,1.0000
9997,5222,1.0000
9998,5222,1.0000
9999,5222,1.0000
10000,5222,1.0000
10001,5222,1.0000
10002,5222,1.0000
10003,5222,1.0000
10004,5222,1.0000
10005,5222,1.0000
10006,5222,1.0000
10007,5222,1.0000
10008,5222,1.0000
10009,5222,1.0000
10010,5222,1.0000
10011,5222,1.0000
10012,5222,1.0000
10013,5222,1.0000
10014,5222,1.0000
10015,5222,1.0000
10016,5222,1.0000
10017,5222,1.0000
10018,5222,1.0000
10019,5222,1.0000
10020,5222,1.0000
10021,5222,1.0000
10022,5222,1.0000
10023,5222,1.0000
10024,5222,1.0000
10025,5222,1.0000
10026,5222,1.0000
10027,5222,1.0000
10028,5222,1.0000
10029,5222,1.0000
10030,5222,1.0000
10031,5222,1.0000
10032,5222,1.0000
10033,5222,1.0000
10034,5222,1.0000
10035,5222,1.0000
10036,5222,1.0000
10037,5222,1.0000
10038,5222,1.0000
10039,5222,1.0000
10040,5222,1.0000
10041,5222,1.0000
10042,5222,1.0000
10043,5222,1.0000
10044,5222,1.0000
10045,5222,1.0000
10046,5222,1.0000
10047,5222,1.0000
10048,5222,1.0000
10049,5222,1.0000
10050,5222,1.0000
10051,5222,1.0000
10052,5222,1.0000
10053,5222,1.0000
10054,5222,1.0000
10055,5222,1.0000
10056,5222,1.0000
10057,5222,1.0000
10058,5222,1.0000
10059,5222,1.0000
10060,5222,1.0000
10061,5222,1.0000
10062,5222,1.0000
10063,5222,1.0000
10064,5222,1.0000
10065,5222,1.0000
10066,5222,1.0000
10067,5222,1.0000
10068,5222,1.0000
10069,5222,1.0000
10070,5222,1.0000
10071,5222,1.0000
10072,5222,1.0000
10073,5222,1.0000
10074,5222,1.0000
10075,5222,1.0000
10076,5222,1.0000
10077,5222,1.0000
10078,5222,1.0000
10079,5222,1.0000
10080,5222,1.0000
10081,5222,1.0000
10082,5222,1.0000
10083,5222,1.0000
10084,5222,1.0000
10085,5222,1.0000
10086,5222,1.0000
10087,5222,.9516
10087,-999,.0484
10088,-999,.7063
10088,5222,.2937
10089,-999,1.0000
10090,-999,1.0000
10091,-999,1.0000
10092,-999,1.0000
10093,-999,1.0000
10094,-999,1.0000
10095,-999,1.0000
10096,-999,1.0000
10097,-999,1.0000
10098,-999,1.0000
10099,-999,1.0000
10100,-999,1.0000
10101,-999,1.0000
10102,-999,1.0000
10103,-999,1.0000
10104,-999,1.0000
10105,-999,1.0000
10106,-999,1.0000
10107,-999,1.0000
10108,-999,1.0000
10109,5222,1.0000
10110,5222,1.0000
10111,5222,1.0000
10112,5222,1.0000
10113,5222,1.0000
10114,5222,1.0000
10115,5222,1.0000
10116,5222,1.0000
10117,5222,1.0000
10118,5222,1.0000
10119,5222,1.0000
10120,5222,1.0000
10121,5222,1.0000
10122,5222,1.0000
10123,5222,1.0000
10124,5222,1.0000
10125,5222,1.0000
10126,5222,1.0000
10127,5222,1.0000
10128,5222,1.0000
10129,5222,1.0000
10130,5222,1.0000
10131,5222,1.0000
10132,5222,1.0000
10133,5222,1.0000
10134,5222,1.0000
10135,5222,1.0000
10136,5222,1.0000
10137,5222,1.0000
10138,5222,1.0000
10139,5222,1.0000
10140,5222,1.0000
10141,5222,1.0000
10142,5222,1.0000
10143,5222,1.0000
10144,5222,1.0000
10145,5222,1.0000
10146,5222,1.0000
10147,5222,1.0000
10148,5222,1.0000
10149,5222,1.0000
10150,5222,1.0000
10151,5222,1.0000
10152,5222,1.0000
10153,5222,1.0000
10154,5222,1.0000
10155,5222,1.0000
10156,5222,1.0000
10157,5222,1.0000
10158,5222,1.0000
10159,5222,1.0000
10160,5222,1.0000
10161,5222,1.0000
10162,5222,1.0000
10163,5222,1.0000
10164,5222,1.0000
10165,5222,1.0000
10166,5222,1.0000
10167,5222,1.0000
10168,5222,1.0000
10169,5222,1.0000
10170,5222,1.0000
10171,5222,1.0000
10172,5222,1.0000
10173,5222,1.0000
10174,5222,1.0000
10175,5222,1.0000
10176,5222,1.0000
10177,5222,1.0000
10178,5222,1.0000
10179,5222,1.0000
10180,5222,1.0000
10181,5222,1.0000
10182,5222,1.0000
10183,5222,1.0000
10184,5222,1.0000
10185,5222,1.0000
10186,5222,1.0000
10187,5222,1.0000
10188,5222,1.0000
10189,5222,1.0000
10190,5222,1.0000
10191,5222,1.0000
10192,5222,1.0000
10193,5222,1.0000
10194,5222,1.0000
10195,5222,1.0000
10196,5222,1.0000
10197,5222,1.0000
10198,5222,1.0000
10199,5222,1.0000
10200,5222,1.0000
10201,5222,1.0000
10202,5222,1.0000
10203,5222,1.0000
10204,5222,1.0000
10205,5222,1.0000
10206,5222,1.0000
10207,5222,1.0000
10208,5222,1.0000
10209,5222,1.0000
10210,5222,1.0000
10211,5222,1.0000
10212,5222,1.0000
10213,5222,1.0000
10214,5222,1.0000
10215,5222,1.0000
10216,5222,1.0000
10217,5222,1.0000
10218,5222,.8952
10218,-999,.1048
10219,5222,.7656
10219,-999,.2344
10220,5222,.6179
10220,-999,.3821
10221,5222,.1016
10221,-999,.8984
10222,-999,1.0000
10223,-999,1.0000
10224,-999,1.0000
10225,-999,1.0000
10226,-999,1.0000
10227,-999,1.0000
10228,-999,1.0000
10229,-999,1.0000
10230,-999,1.0000
10231,-999,1.0000
10232,-999,1.0000
10233,-999,1.0000
10234,-999,1.0000
10235,-999,1.0000
10236,-999,1.0000
10237,-999,1.0000
10238,-999,1.0000
10239,-999,1.0000
10240,-999,1.0000
10241,-999,1.0000
10242,5222,1.0000
10243,5222,1.0000
10244,5222,1.0000
10245,5222,1.0000
10246,5222,1.0000
10247,5222,1.0000
10248,5222,1.0000
10249,5222,1.0000
10250,5222,1.0000
10251,5222,1.0000
10252,5222,1.0000
10253,5222,1.0000
10254,5222,1.0000
10255,5222,1.0000
10256,5222,1.0000
10257,5222,1.0000
10258,5222,1.0000
10259,5222,1.0000
10260,5222,1.0000
10261,5222,1.0000
10262,5222,1.0000
10263,5222,1.0000
10264,5222,1.0000
10265,5222,1.0000
10266,5222,1.0000
10267,5222,1.0000
10268,5222,1.0000
10269,5222,1.0000
10270,5222,1.0000
10271,5222,1.0000
10272,5222,1.0000
10273,5222,1.0000
10274,5222,1.0000
10275,5222,1.0000
10276,5222,1.0000
10277,5222,1.0000
10278,5222,1.0000
10279,5222,1.0000
10280,5222,1.0000
10281,5222,1.0000
10282,5222,1.0000
10283,5222,1.0000
10284,5222,1.0000
10285,5222,1.0000
10286,5222,1.0000
10287,5222,1.0000
10288,5222,1.0000
10289,5222,1.0000
10290,5222,1.0000
10291,5222,1.0000
10292,5222,1.0000
10293,5222,1.0000
10294,5222,1.0000
10295,5222,1.0000
10296,5222,1.0000
10297,5222,1.0000
10298,5222,1.0000
10299,5222,1.0000
10300,5222,1.0000
10301,5222,1.0000
10302,5222,1.0000
10303,5222,1.0000
10304,5222,1.0000
10305,5222,1.0000
10306,5222,1.0000
10307,5222,1.0000
10308,5222,1.0000
10309,5222,1.0000
10310,5222,1.0000
10311,5222,1.0000
10312,5222,1.0000
10313,5222,1.0000
10314,5222,1.0000
10315,5222,1.0000
10316,5222,1.0000
10317,5222,1.0000
10318,5222,1.0000
10319,5222,1.0000
10320,5222,1.0000
10321,5222,1.0000
10322,5222,1.0000
10323,5222,1.0000
10324,5222,1.0000
10325,5222,1.0000
10326,5222,1.0000
10327,5222,1.0000
10328,5222,1.0000
10329,5222,1.0000
10330,5222,1.0000
10331,5222,1.0000
10332,5222,1.0000
10333,5222,1.0000
10334,5222,1.0000
10335,5222,1.0000
10336,5222,1.0000
10337,5222,1.0000
10338,5222,1.0000
10339,5222,1.0000
10340,5222,1.0000
10341,5222,1.0000
10342,5222,1.0000
10343,5222,1.0000
10344,5222,1.0000
10345,5222,1.0000
10346,5222,1.0000
10347,5222,1.0000
10348,5222,1.0000
10349,5222,1.0000
10350,5222,.8960
10350,-999,.1040
10351,5222,.2187
10351,-999,.7812
10352,-999,.6639
10352,5222,.3361
10353,-999,.7955
10353,5222,.2045
10354,-999,.6066
10354,5222,.3934
10355,-999,1.0000
10356,-999,.6378
10356,5222,.3622
10357,-999,.4597
10357,5222,.5403
10358,-999,.9606
10358,5222,.0394
10359,-999,1.0000
10360,-999,1.0000
10361,-999,1.0000
10362,-999,1.0000
10363,-999,1.0000
10364,-999,1.0000
10365,-999,1.0000
10366,-999,1.0000
10367,-999,1.0000
10368,-999,1.0000
10369,-999,1.0000
10370,-999,1.0000
10371,-999,1.0000
10372,-999,1.0000
10373,-999,1.0000
10374,-999,1.0000
10375,5222,1.0000
10376,5222,1.0000
10377,5222,1.0000
10378,5222,1.0000
10379,5222,1.0000
10380,5222,1.0000
10381,5222,1.0000
10382,5222,1.0000
10383,5222,1.0000
10384,5222,1.0000
10385,5222,1.0000
10386,5222,1.0000
10387,5222,1.0000
10388,5222,1.0000
10389,5222,1.0000
10390,5222,1.0000
10391,5222,1.0000
10392,5222,1.0000
10393,5222,1.0000
10394,5222,1.0000
10395,5222,1.0000
10396,5222,1.0000
10397,5222,1.0000
10398,5222,1.0000
10399,5222,1.0000
10400,5222,1.0000
10401,5222,1.0000
10402,5222,1.0000
10403,5222,1.0000
10404,5222,1.0000
10405,5222,1.0000
10406,5222,1.0000
10407,5222,1.0000
10408,5222,1.0000
10409,5222,1.0000
10410,5222,1.0000
10411,5222,1.0000
10412,5222,1.0000
10413,5222,1.0000
10414,5222,1.0000
10415,5222,1.0000
10416,5222,1.0000
10417,5222,1.0000
10418,5222,1.0000
10419,5222,1.0000
10420,5222,1.0000
10421,5222,1.0000
10422,5222,1.0000
10423,5222,1.0000
10424,5222,1.0000
10425,5222,1.0000
10426,5222,1.0000
10427,5222,1.0000
10428,5222,1.0000
10429,5222,1.0000
10430,5222,1.0000
10431,5222,1.0000
10432,5222,1.0000
10433,5222,1.0000
10434,5222,1.0000
10435,5222,1.0000
10436,5222,1.0000
10437,5222,1.0000
10438,5222,1.0000
10439,5222,1.0000
10440,5222,1.0000
10441,5222,1.0000
10442,5222,1.0000
10443,5222,1.0000
10444,5222,1.0000
10445,5222,1.0000
10446,5222,1.0000
10447,5222,1.0000
10448,5222,1.0000
10449,5222,1.0000
10450,5222,1.0000
10451,5222,1.0000
10452,5222,1.0000
10453,5222,1.0000
10454,5222,1.0000
10455,5222,1.0000
10456,5222,1.0000
10457,5222,1.0000
10458,5222,1.0000
10459,5222,1.0000
10460,5222,1.0000
10461,5222,1.0000
10462,5222,1.0000
10463,5222,1.0000
10464,5222,1.0000
10465,5222,1.0000
10466,5222,1.0000
10467,5222,1.0000
10468,5222,1.0000
10469,5222,1.0000
10470,5222,1.0000
10471,5222,1.0000
10472,5222,1.0000
10473,5222,1.0000
10474,5222,1.0000
10475,5222,1.0000
10476,5222,1.0000
10477,5222,1.0000
10478,5222,1.0000
10479,5222,1.0000
10480,5222,1.0000
10481,5222,1.0000
10482,5222,1.0000
10483,5222,1.0000
10484,5222,1.0000
10485,5222,.8837
10485,-999,.1163
10486,-999,.6393
10486,5222,.3607
10487,5222,.7302
10487,-999,.2698
10488,-999,.9520
10488,5222,.0480
10489,-999,1.0000
10490,5222,.4274
10490,-999,.5726
10491,5222,.0234
10491,-999,.9766
10492,-999,.9194
10492,5222,.0806
10493,-999,1.0000
10494,-999,1.0000
10495,-999,1.0000
10496,-999,1.0000
10497,-999,1.0000
10498,-999,1.0000
10499,-999,1.0000
10500,-999,1.0000
10501,-999,1.0000
10502,-999,1.0000
10503,-999,1.0000
10504,-999,1.0000
10505,-999,1.0000
10506,-999,1.0000
10507,-999,1.0000
10508,5222,1.0000
10509,5222,1.0000
10510,5222,1.0000
10511,5222,1.0000
10512,5222,1.0000
10513,5222,1.0000
10514,5222,1.0000
10515,5222,1.0000
10516,5222,1.0000
10517,5222,1.0000
10518,5222,1.0000
10519,5222,1.0000
10520,5222,1.0000
10521,5222,1.0000
10522,5222,1.0000
10523,5222,1.0000
10524,5222,1.0000
10525,5222,1.0000
10526,5222,1.0000
10527,5222,1.0000
10528,5222,1.0000
10529,5222,1.0000
10530,5222,1.0000
10531,5222,1.0000
10532,5222,1.0000
10533,5222,1.0000
10534,5222,1.0000
10535,5222,1.0000
10536,5222,1.0000
10537,5222,1.0000
10538,5222,1.0000
10539,5222,1.0000
10540,5222,1.0000
10541,5222,1.0000
10542,5222,1.0000
10543,5222,1.0000
10544,5222,1.0000
10545,5222,1.0000
10546,5222,1.0000
10547,5222,1.0000
10548,5222,1.0000
10549,5222,1.0000
10550,5222,1.0000
10551,5222,1.0000
10552,5222,1.0000
10553,5222,1.0000
10554,5222,1.0000
10555,5222,1.0000
10556,5222,1.0000
10557,5222,1.0000
10558,5222,1.0000
10559,5222,1.0000
10560,5222,1.0000
10561,5222,1.0000
10562,5222,1.0000
10563,5222,1.0000
10564,5222,1.0000
10565,5222,1.0000
10566,5222,1.0000
10567,5222,1.0000
10568,5222,1.0000
10569,5222,1.0000
10570,5222,1.0000
10571,5222,1.0000
10572,5222,1.0000
10573,5222,1.0000
10574,5222,1.0000
10575,5222,1.0000
10576,5222,1.0000
10577,5222,1.0000
10578,5222,1.0000
10579,5222,1.0000
10580,5222,1.0000
10581,5222,1.0000
10582,5222,1.0000
10583,5222,1.0000
10584,5222,1.0000
10585,5222,1.0000
10586,5222,1.0000
10587,5222,1.0000
10588,5222,1.0000
10589,5222,1.0000
10590,5222,1.0000
10591,5222,1.0000
10592,5222,1.0000
10593,5222,1.0000
10594,5222,1.0000
10595,5222,1.0000
10596,5222,1.0000
10597,5222,1.0000
10598,5222,1.0000
10599,5222,1.0000
10600,5222,1.0000
10601,5222,1.0000
10602,5222,1.0000
10603,5222,1.0000
10604,5222,1.0000
10605,5222,1.0000
10606,5222,1.0000
10607,5222,1.0000
10608,5222,1.0000
10609,5222,1.0000
10610,5222,1.0000
10611,5222,1.0000
10612,5222,1.0000
10613,5222,1.0000
10614,5222,1.0000
10615,5222,1.0000
10616,5222,1.0000
10617,5222,1.0000
10618,5222,.9453
10618,-999,.0547
10619,-999,.7258
10619,5222,.2742
10620,-999,1.0000
10621,-999,.3952
10621,5222,.6048
10622,-999,.5280
10622,5222,.4720
10623,-999,.8915
10623,5222,.1085
10624,-999,.8374
10624,5222,.1626
10625,-999,.2462
10625,5222,.7538
10626,-999,.8080
10626,5222,.1920
10627,-999,1.0000
10628,-999,1.0000
10629,-999,1.0000
10630,-999,1.0000
10631,-999,1.0000
10632,-999,1.0000
10633,-999,1.0000
10634,-999,1.0000
10635,-999,1.0000
10636,-999,1.0000
10637,-999,1.0000
10638,-999,1.0000
10639,-999,1.0000
10640,-999,1.0000
10641,5222,1.0000
10642,5222,1.0000
10643,5222,1.0000
10644,5222,1.0000
10645,5222,1.0000
10646,5222,1.0000
10647,5222,1.0000
10648,5222,1.0000
10649,5222,1.0000
10650,5222,1.0000
10651,5222,1.0000
10652,5222,1.0000
10653,5222,1.0000
10654,5222,1.0000
10655,5222,1.0000
10656,5222,1.0000
10657,5222,1.0000
10658,5222,1.0000
10659,5222,1.0000
10660,5222,1.0000
10661,5222,1.0000
10662,5222,1.0000
10663,5222,1.0000
10664,5222,1.0000
10665,5222,1.0000
10666,5222,1.0000
10667,5222,1.0000
10668,5222,1.0000
10669,5222,1.0000
10670,5222,1.0000
10671,5222,1.0000
10672,5222,1.0000
10673,5222,1.0000
10674,5222,1.0000
10675,5222,1.0000
10676,5222,1.0000
10677,5222,1.0000
10678,5222,1.0000
10679,5222,1.0000
10680,5222,1.0000
10681,5222,1.0000
10682,5222,1.0000
10683,5222,1.0000
10684,5222,1.0000
10685,5222,1.0000
10686,5222,1.0000
10687,5222,1.0000
10688,5222,1.0000
10689,5222,1.0000
10690,5222,1.0000
10691,5222,1.0000
10692,5222,1.0000
10693,5222,1.0000
10694,5222,1.0000
10695,5222,1.0000
10696,5222,1.0000
10697,5222,1.0000
10698,5222,1.0000
10699,5222,1.0000
10700,5222,1.0000
10701,5222,1.0000
10702,5222,1.0000
10703,5222,1.0000
10704,5222,1.0000
10705,5222,1.0000
10706,5222,1.0000
10707,5222,1.0000
10708,5222,1.0000
10709,5222,1.0000
10710,5222,1.0000
10711,5222,1.0000
10712,5222,1.0000
10713,5222,1.0000
10714,5222,1.0000
10715,5222,1.0000
10716,5222,1.0000
10717,5222,1.0000
10718,5222,1.0000
10719,5222,1.0000
10720,5222,1.0000
10721,5222,1.0000
10722,5222,1.0000
10723,5222,1.0000
10724,5222,1.0000
10725,5222,1.0000
10726,5222,1.0000
10727,5222,1.0000
10728,5222,1.0000
10729,5222,1.0000
10730,5222,1.0000
10731,5222,1.0000
10732,5222,1.0000
10733,5222,1.0000
10734,5222,1.0000
10735,5222,1.0000
10736,5222,1.0000
10737,5222,1.0000
10738,5222,1.0000
10739,5222,1.0000
10740,5222,1.0000
10741,5222,1.0000
10742,5222,1.0000
10743,5222,1.0000
10744,5222,1.0000
10745,5222,1.0000
10746,5222,1.0000
10747,5222,1.0000
10748,5222,1.0000
10749,5222,1.0000
10750,5222,1.0000
10751,5222,1.0000
10752,5222,.9846
10752,-999,.0154
10753,-999,.3740
10753,5222,.6260
10754,-999,.0308
10754,5222,.9692
10755,5222,1.0000
10756,5222,.7540
10756,-999,.2460
10757,-999,.0157
10757,5222,.9843
10758,5222,.9600
10758,-999,.0400
10759,5222,.2578
10759,-999,.7422
10760,-999,1.0000
10761,-999,1.0000
10762,-999,1.0000
10763,-999,1.0000
10764,-999,1.0000
10765,-999,1.0000
10766,-999,1.0000
10767,-999,1.0000
10768,-999,1.0000
10769,-999,1.0000
10770,-999,1.0000
10771,-999,1.0000
10772,-999,1.0000
10773,-999,1.0000
10774,5222,1.0000
10775,5222,1.0000
10776,5222,1.0000
10777,5222,1.0000
10778,5222,1.0000
10779,5222,1.0000
10780,5222,1.0000
10781,5222,1.0000
10782,5222,1.0000
10783,5222,1.0000
10784,5222,1.0000
10785,5222,1.0000
10786,5222,1.0000
10787,5222,1.0000
10788,5222,1.0000
10789,5222,1.0000
10790,5222,1.0000
10791,5222,1.0000
10792,5222,1.0000
10793,5222,1.0000
10794,5222,1.0000
10795,5222,1.0000
10796,5222,1.0000
10797,5222,1.0000
10798,5222,1.0000
10799,5222,1.0000
10800,5222,1.0000
10801,5222,1.0000
10802,5222,1.0000
10803,5222,1.0000
10804,5222,1.0000
10805,5222,1.0000
10806,5222,1.0000
10807,5222,1.0000
10808,5222,1.0000
10809,5222,1.0000
10810,5222,1.0000
10811,5222,1.0000
10812,5222,1.0000
10813,5222,1.0000
10814,5222,1.0000
10815,5222,1.0000
10816,5222,1.0000
10817,5222,1.0000
10818,5222,1.0000
10819,5222,1.0000
10820,5222,1.0000
10821,5222,1.0000
10822,5222,1.0000
10823,5222,1.0000
10824,5222,1.0000
10825,5222,1.0000
10826,5222,1.0000
10827,5222,1.0000
10828,5222,1.0000
10829,5222,1.0000
10830,5222,1.0000
10831,5222,1.0000
10832,5222,1.0000
10833,5222,1.0000
10834,5222,1.0000
10835,5222,1.0000
10836,5222,1.0000
10837,5222,1.0000
10838,5222,1.0000
10839,5222,1.0000
10840,5222,1.0000
10841,5222,1.0000
10842,5222,1.0000
10843,5222,1.0000
10844,5222,1.0000
10845,5222,1.0000
10846,5222,1.0000
10847,5222,1.0000
10848,5222,1.0000
10849,5222,1.0000
10850,5222,1.0000
10851,5222,1.0000
10852,5222,1.0000
10853,5222,1.0000
10854,5222,1.0000
10855,5222,1.0000
10856,5222,1.0000
10857,5222,1.0000
10858,5222,1.0000
10859,5222,1.0000
10860,5222,1.0000
10861,5222,1.0000
10862,5222,1.0000
10863,5222,1.0000
10864,5222,1.0000
10865,5222,1.0000
10866,5222,1.0000
10867,5222,1.0000
10868,5222,1.0000
10869,5222,1.0000
10870,5222,1.0000
10871,5222,1.0000
10872,5222,1.0000
10873,5222,1.0000
10874,5222,1.0000
10875,5222,1.0000
10876,5222,1.0000
10877,5222,1.0000
10878,5222,1.0000
10879,5222,1.0000
10880,5222,1.0000
10881,5222,1.0000
10882,5222,1.0000
10883,5222,1.0000
10884,5222,1.0000
10885,5222,1.0000
10886,5222,1.0000
10887,5222,1.0000
10888,5222,1.0000
10889,5222,1.0000
10890,5222,1.0000
10891,5222,.9919
10891,-999,.0081
10892,5222,.9444
10892,-999,.0556
10893,-999,.8359
10893,5222,.1641
10894,-999,1.0000
10895,-999,1.0000
10896,-999,1.0000
10897,-999,1.0000
10898,-999,1.0000
10899,-999,1.0000
10900,-999,1.0000
10901,-999,1.0000
10902,-999,1.0000
10903,-999,1.0000
10904,-999,1.0000
10905,-999,1.0000
10906,-999,1.0000
10907,5222,1.0000
10908,5222,1.0000
10909,5222,1.0000
10910,5222,1.0000
10911,5222,1.0000
10912,5222,1.0000
10913,5222,1.0000
10914,5222,1.0000
10915,5222,1.0000
10916,5222,1.0000
10917,5222,1.0000
10918,5222,1.0000
10919,5222,1.0000
10920,5222,1.0000
10921,5222,1.0000
10922,5222,1.0000
10923,5222,1.0000
10924,5222,1.0000
10925,5222,1.0000
10926,5222,1.0000
10927,5222,1.0000
10928,5222,1.0000
10929,5222,1.0000
10930,5222,1.0000
10931,5222,1.0000
10932,5222,1.0000
10933,5222,1.0000
10934,5222,1.0000
10935,5222,1.0000
10936,5222,1.0000
10937,5222,1.0000
10938,5222,1.0000
10939,5222,1.0000
10940,5222,1.0000
10941,5222,1.0000
10942,5222,1.0000
10943,5222,1.0000
10944,5222,1.0000
10945,5222,1.0000
10946,5222,1.0000
10947,5222,1.0000
10948,5222,1.0000
10949,5222,1.0000
10950,5222,1.0000
10951,5222,1.0000
10952,5222,1.0000
10953,5222,1.0000
10954,5222,1.0000
10955,5222,1.0000
10956,5222,1.0000
10957,5222,1.0000
10958,5222,1.0000
10959,5222,1.0000
10960,5222,1.0000
10961,5222,1.0000
10962,5222,1.0000
10963,5222,1.0000
10964,5222,1.0000
10965,5222,1.0000
10966,5222,1.0000
10967,5222,1.0000
10968,5222,1.0000
10969,5222,1.0000
10970,5222,1.0000
10971,5222,1.0000
10972,5222,1.0000
10973,5222,1.0000
10974,5222,1.0000
10975,5222,1.0000
10976,5222,1.0000
10977,5222,1.0000
10978,5222,1.0000
10979,5222,1.0000
10980,5222,1.0000
10981,5222,1.0000
10982,5222,1.0000
10983,5222,1.0000
10984,5222,1.0000
10985,5222,1.0000
10986,5222,1.0000
10987,5222,1.0000
10988,5222,1.0000
10989,5222,1.0000
10990,5222,1.0000
10991,5222,1.0000
10992,5222,1.0000
10993,5222,1.0000
10994,5222,1.0000
10995,5222,1.0000
10996,5222,1.0000
10997,5222,1.0000
10998,5222,1.0000
10999,5222,1.0000
11000,5222,1.0000
11001,5222,1.0000
11002,5222,1.0000
11003,5222,1.0000
11004,5222,1.0000
11005,5222,1.0000
11006,5222,1.0000
11007,5222,1.0000
11008,5222,1.0000
11009,5222,1.0000
11010,5222,1.0000
11011,5222,1.0000
11012,5222,1.0000
11013,5222,1.0000
11014,5222,1.0000
11015,5222,1.0000
11016,5222,1.0000
11017,5222,1.0000
11018,5222,1.0000
11019,5222,1.0000
11020,5222,1.0000
11021,5222,1.0000
11022,5222,1.0000
11023,5222,1.0000
11024,5222,.5692
11024,-999,.4308
11025,5222,.2480
11025,-999,.7520
11026,5222,.0320
11026,-999,.9680
11027,-999,1.0000
11028,-999,1.0000
11029,-999,1.0000
11030,-999,1.0000
11031,-999,1.0000
11032,-999,1.0000
11033,-999,1.0000
11034,-999,1.0000
11035,-999,1.0000
11036,-999,1.0000
11037,-999,1.0000
11038,-999,1.0000
11039,-999,1.0000
11040,5222,1.0000
11041,5222,1.0000
11042,5222,1.0000
11043,5222,1.0000
11044,5222,1.0000
11045,5222,1.0000
11046,5222,1.0000
11047,5222,1.0000
11048,5222,1.0000
11049,5222,1.0000
11050,5222,1.0000
11051,5222,1.0000
11052,5222,1.0000
11053,5222,1.0000
11054,5222,1.0000
11055,5222,1.0000
11056,5222,1.0000
11057,5222,1.0000
11058,5222,1.0000
11059,5222,1.0000
11060,5222,1.0000
11061,5222,1.0000
11062,5222,1.0000
11063,5222,1.0000
11064,5222,1.0000
11065,5222,1.0000
11066,5222,1.0000
11067,5222,1.0000
11068,5222,1.0000
11069,5222,1.0000
11070,5222,1.0000
11071,5222,1.0000
11072,5222,1.0000
11073,5222,1.0000
11074,5222,1.0000
11075,5222,1.0000
11076,5222,1.0000
11077,5222,1.0000
11078,5222,1.0000
11079,5222,1.0000
11080,5222,1.0000
11081,5222,1.0000
11082,5222,1.0000
11083,5222,1.0000
11084,5222,1.0000
11085,5222,1.0000
11086,5222,1.0000
11087,5222,1.0000
11088,5222,1.0000
11089,5222,1.0000
11090,5222,1.0000
11091,5222,1.0000
11092,5222,1.0000
11093,5222,1.0000
11094,5222,1.0000
11095,5222,1.0000
11096,5222,1.0000
11097,5222,1.0000
11098,5222,1.0000
11099,5222,1.0000
11100,5222,1.0000
11101,5222,1.0000
11102,5222,1.0000
11103,5222,1.0000
11104,5222,1.0000
11105,5222,1.0000
11106,5222,1.0000
11107,5222,1.0000
11108,5222,1.0000
11109,5222,1.0000
11110,5222,1.0000
11111,5222,1.0000
11112,5222,1.0000
11113,5222,1.0000
11114,5222,1.0000
11115,5222,1.0000
11116,5222,1.0000
11117,5222,1.0000
11118,5222,1.0000
11119,5222,1.0000
11120,5222,1.0000
11121,5222,1.0000
11122,5222,1.0000
11123,5222,1.0000
11124,5222,1.0000
11125,5222,1.0000
11126,5222,1.0000
11127,5222,1.0000
11128,5222,1.0000
11129,5222,1.0000
11130,5222,1.0000
11131,5222,1.0000
11132,5222,1.0000
11133,5222,1.0000
11134,5222,1.0000
11135,5222,1.0000
11136,5222,1.0000
11137,5222,1.0000
11138,5222,1.0000
11139,5222,1.0000
11140,5222,1.0000
11141,5222,1.0000
11142,5222,1.0000
11143,5222,1.0000
11144,5222,1.0000
11145,5222,1.0000
11146,5222,1.0000
11147,5222,1.0000
11148,5222,1.0000
11149,5222,1.0000
11150,5222,1.0000
11151,5222,1.0000
11152,5222,1.0000
11153,5222,1.0000
11154,5222,1.0000
11155,5222,1.0000
11156,5222,1.0000
11157,5222,.4400
11157,-999,.5600
11158,-999,.6875
11158,5222,.3125
11159,-999,.3730
11159,5222,.6270
11160,-999,.6953
11160,5222,.3047
11161,-999,1.0000
11162,-999,1.0000
11163,-999,1.0000
11164,-999,1.0000
11165,-999,1.0000
11166,-999,1.0000
11167,-999,1.0000
11168,-999,1.0000
11169,-999,1.0000
11170,-999,1.0000
11171,-999,1.0000
11172,-999,1.0000
11173,5222,1.0000
11174,5222,1.0000
11175,5222,1.0000
11176,5222,1.0000
11177,5222,1.0000
11178,5222,1.0000
11179,5222,1.0000
11180,5222,1.0000
11181,5222,1.0000
11182,5222,1.0000
11183,5222,1.0000
11184,5222,1.0000
11185,5222,1.0000
11186,5222,1.0000
11187,5222,1.0000
11188,5222,1.0000
11189,5222,1.0000
11190,5222,1.0000
11191,5222,1.0000
11192,5222,1.0000
11193,5222,1.0000
11194,5222,1.0000
11195,5222,1.0000
11196,5222,1.0000
11197,5222,1.0000
11198,5222,1.0000
11199,5222,1.0000
11200,5222,1.0000
11201,5222,1.0000
11202,5222,1.0000
11203,5222,1.0000
11204,5222,1.0000
11205,5222,1.0000
11206,5222,1.0000
11207,5222,1.0000
11208,5222,1.0000
11209,5222,1.0000
11210,5222,1.0000
11211,5222,1.0000
11212,5222,1.0000
11213,5222,1.0000
11214,5222,1.0000
11215,5222,1.0000
11216,5222,1.0000
11217,5222,1.0000
11218,5222,1.0000
11219,5222,1.0000
11220,5222,1.0000
11221,5222,1.0000
11222,5222,1.0000
11223,5222,1.0000
11224,5222,1.0000
11225,5222,1.0000
11226,5222,1.0000
11227,5222,1.0000
11228,5222,1.0000
11229,5222,1.0000
11230,5222,1.0000
11231,5222,1.0000
11232,5222,1.0000
11233,5222,1.0000
11234,5222,1.0000
11235,5222,1.0000
11236,5222,1.0000
11237,5222,1.0000
11238,5222,1.0000
11239,5222,1.0000
11240,5222,1.0000
11241,5222,1.0000
11242,5222,1.0000
11243,5222,1.0000
11244,5222,1.0000
11245,5222,1.0000
11246,5222,1.0000
11247,5222,1.0000
11248,5222,1.0000
11249,5222,1.0000
11250,5222,1.0000
11251,5222,1.0000
11252,5222,1.0000
11253,5222,1.0000
11254,5222,1.0000
11255,5222,1.0000
11256,5222,1.0000
11257,5222,1.0000
11258,5222,1.0000
11259,5222,1.0000
11260,5222,1.0000
11261,5222,1.0000
11262,5222,1.0000
11263,5222,1.0000
11264,5222,1.0000
11265,5222,1.0000
11266,5222,1.0000
11267,5222,1.0000
11268,5222,1.0000
11269,5222,1.0000
11270,5222,1.0000
11271,5222,1.0000
11272,5222,1.0000
11273,5222,1.0000
11274,5222,1.0000
11275,5222,1.0000
11276,5222,1.0000
11277,5222,1.0000
11278,5222,1.0000
11279,5222,1.0000
11280,5222,1.0000
11281,5222,1.0000
11282,5222,1.0000
11283,5222,1.0000
11284,5222,1.0000
11285,5222,1.0000
11286,5222,1.0000
11287,5222,1.0000
11288,5222,1.0000
11289,5222,1.0000
11290,5222,.9760
11290,-999,.0240
11291,-999,.0945
11291,5222,.9055
11292,5222,1.0000
11293,-999,.1452
11293,5222,.8548
11294,-999,.6172
11294,5222,.3828
11295,-999,1.0000
11296,-999,1.0000
11297,-999,1.0000
11298,-999,1.0000
11299,-999,1.0000
11300,-999,1.0000
11301,-999,1.0000
11302,-999,1.0000
11303,-999,1.0000
11304,-999,1.0000
11305,-999,1.0000
11306,5222,1.0000
11307,5222,1.0000
11308,5222,1.0000
11309,5222,1.0000
11310,5222,1.0000
11311,5222,1.0000
11312,5222,1.0000
11313,5222,1.0000
11314,5222,1.0000
11315,5222,1.0000
11316,5222,1.0000
11317,5222,1.0000
11318,5222,1.0000
11319,5222,1.0000
11320,5222,1.0000
11321,5222,1.0000
11322,5222,1.0000
11323,5222,1.0000
11324,5222,1.0000
11325,5222,1.0000
11326,5222,1.0000
11327,5222,1.0000
11328,5222,1.0000
11329,5222,1.0000
11330,5222,1.0000
11331,5222,1.0000
11332,5222,1.0000
11333,5222,1.0000
11334,5222,1.0000
11335,5222,1.0000
11336,5222,1.0000
11337,5222,1.0000
11338,5222,1.0000
11339,5222,1.0000
11340,5222,1.0000
11341,5222,1.0000
11342,5222,1.0000
11343,5222,1.0000
11344,5222,1.0000
11345,5222,1.0000
11346,5222,1.0000
11347,5222,1.0000
11348,5222,1.0000
11349,5222,1.0000
11350,5222,1.0000
11351,5222,1.0000
11352,5222,1.0000
11353,5222,1.0000
11354,5222,1.0000
11355,5222,1.0000
11356,5222,1.0000
11357,5222,1.0000
11358,5222,1.0000
11359,5222,1.0000
11360,5222,1.0000
11361,5222,1.0000
11362,5222,1.0000
11363,5222,1.0000
11364,5222,1.0000
11365,5222,1.0000
11366,5222,1.0000
11367,5222,1.0000
11368,5222,1.0000
11369,5222,1.0000
11370,5222,1.0000
11371,5222,1.0000
11372,5222,1.0000
11373,5222,1.0000
11374,5222,1.0000
11375,5222,1.0000
11376,5222,1.0000
11377,5222,1.0000
11378,5222,1.0000
11379,5222,1.0000
11380,5222,1.0000
11381,5222,1.0000
11382,5222,1.0000
11383,5222,1.0000
11384,5222,1.0000
11385,5222,1.0000
11386,5222,1.0000
11387,5222,1.0000
11388,5222,1.0000
11389,5222,1.0000
11390,5222,1.0000
11391,5222,1.0000
11392,5222,1.0000
11393,5222,1.0000
11394,5222,1.0000
11395,5222,1.0000
11396,5222,1.0000
11397,5222,1.0000
11398,5222,1.0000
11399,5222,1.0000
11400,5222,1.0000
11401,5222,1.0000
11402,5222,1.0000
11403,5222,1.0000
11404,5222,1.0000
11405,5222,1.0000
11406,5222,1.0000
11407,5222,1.0000
11408,5222,1.0000
11409,5222,1.0000
11410,5222,1.0000
11411,5222,1.0000
11412,5222,1.0000
11413,5222,1.0000
11414,5222,1.0000
11415,5222,1.0000
11416,5222,1.0000
11417,5222,1.0000
11418,5222,1.0000
11419,5222,1.0000
11420,5222,1.0000
11421,5222,1.0000
11422,5222,1.0000
11423,5222,1.0000
11424,5222,1.0000
11425,5222,.9921
11425,-999,.0079
11426,5222,.4921
11426,-999,.5079
11427,-999,.9687
11427,5222,.0312
11428,-999,1.0000
11429,-999,1.0000
11430,-999,1.0000
11431,-999,1.0000
11432,-999,1.0000
11433,-999,1.0000
11434,-999,1.0000
11435,-999,1.0000
11436,-999,1.0000
11437,-999,1.0000
11438,-999,1.0000
11439,5222,1.0000
11440,5222,1.0000
11441,5222,1.0000
11442,5222,1.0000
11443,5222,1.0000
11444,5222,1.0000
11445,5222,1.0000
11446,5222,1.0000
11447,5222,1.0000
11448,5222,1.0000
11449,5222,1.0000
11450,5222,1.0000
11451,5222,1.0000
11452,5222,1.0000
11453,5222,1.0000
11454,5222,1.0000
11455,5222,1.0000
11456,5222,1.0000
11457,5222,1.0000
11458,5222,1.0000
11459,5222,1.0000
11460,5222,1.0000
11461,5222,1.0000
11462,5222,1.0000
11463,5222,1.0000
11464,5222,1.0000
11465,5222,1.0000
11466,5222,1.0000
11467,5222,1.0000
11468,5222,1.0000
11469,5222,1.0000
11470,5222,1.0000
11471,5222,1.0000
11472,5222,1.0000
11473,5222,1.0000
11474,5222,1.0000
11475,5222,1.0000
11476,5222,1.0000
11477,5222,1.0000
11478,5222,1.0000
11479,5222,1.0000
11480,5222,1.0000
11481,5222,1.0000
11482,5222,1.0000
11483,5222,1.0000
11484,5222,1.0000
11485,5222,1.0000
11486,5222,1.0000
11487,5222,1.0000
11488,5222,1.0000
11489,5222,1.0000
11490,5222,1.0000
11491,5222,1.0000
11492,5222,1.0000
11493,5222,1.0000
11494,5222,1.0000
11495,5222,1.0000
11496,5222,1.0000
11497,5222,1.0000
11498,5222,1.0000
11499,5222,1.0000
11500,5222,1.0000
11501,5222,1.0000
11502,5222,1.0000
11503,5222,1.0000
11504,5222,1.0000
11505,5222,1.0000
11506,5222,1.0000
11507,5222,1.0000
11508,5222,1.0000
11509,5222,1.0000
11510,5222,1.0000
11511,5222,1.0000
11512,5222,1.0000
11513,5222,1.0000
11514,5222,1.0000
11515,5222,1.0000
11516,5222,1.0000
11517,5222,1.0000
11518,5222,1.0000
11519,5222,1.0000
11520,5222,1.0000
11521,5222,1.0000
11522,5222,1.0000
11523,5222,1.0000
11524,5222,1.0000
11525,5222,1.0000
11526,5222,1.0000
11527,5222,1.0000
11528,5222,1.0000
11529,5222,1.0000
11530,5222,1.0000
11531,5222,1.0000
11532,5222,1.0000
11533,5222,1.0000
11534,5222,1.0000
11535,5222,1.0000
11536,5222,1.0000
11537,5222,1.0000
11538,5222,1.0000
11539,5222,1.0000
11540,5222,1.0000
11541,5222,1.0000
11542,5222,1.0000
11543,5222,1.0000
11544,5222,1.0000
11545,5222,1.0000
11546,5222,1.0000
11547,5222,1.0000
11548,5222,1.0000
11549,5222,1.0000
11550,5222,1.0000
11551,5222,1.0000
11552,5222,1.0000
11553,5222,1.0000
11554,5222,1.0000
11555,5222,1.0000
11556,5222,1.0000
11557,5222,1.0000
11558,5222,.9920
11558,-999,.0080
11559,-999,.2769
11559,5222,.7231
11560,-999,.9280
11560,5222,.0720
11561,-999,.7760
11561,5222,.2240
11562,-999,.9008
11562,5222,.0992
11563,-999,1.0000
11564,-999,1.0000
11565,-999,1.0000
11566,-999,1.0000
11567,-999,1.0000
11568,-999,1.0000
11569,-999,1.0000
11570,-999,1.0000
11571,-999,1.0000
11572,5222,1.0000
11573,5222,1.0000
11574,5222,1.0000
11575,5222,1.0000
11576,5222,1.0000
11577,5222,1.0000
11578,5222,1.0000
11579,5222,1.0000
11580,5222,1.0000
11581,5222,1.0000
11582,5222,1.0000
11583,5222,1.0000
11584,5222,1.0000
11585,5222,1.0000
11586,5222,1.0000
11587,5222,1.0000
11588,5222,1.0000
11589,5222,1.0000
11590,5222,1.0000
11591,5222,1.0000
11592,5222,1.0000
11593,5222,1.0000
11594,5222,1.0000
11595,5222,1.0000
11596,5222,1.0000
11597,5222,1.0000
11598,5222,1.0000
11599,5222,1.0000
11600,5222,1.0000
11601,5222,1.0000
11602,5222,1.0000
11603,5222,1.0000
11604,5222,1.0000
11605,5222,1.0000
11606,5222,1.0000
11607,5222,1.0000
11608,5222,1.0000
11609,5222,1.0000
11610,5222,1.0000
11611,5222,1.0000
11612,5222,1.0000
11613,5222,1.0000
11614,5222,1.0000
11615,5222,1.0000
11616,5222,1.0000
11617,5222,1.0000
11618,5222,1.0000
11619,5222,1.0000
11620,5222,1.0000
11621,5222,1.0000
11622,5222,1.0000
11623,5222,1.0000
11624,5222,1.0000
11625,5222,1.0000
11626,5222,1.0000
11627,5222,1.0000
11628,5222,1.0000
11629,5222,1.0000
11630,5222,1.0000
11631,5222,1.0000
11632,5222,1.0000
11633,5222,1.0000
11634,5222,1.0000
11635,5222,1.0000
11636,5222,1.0000
11637,5222,1.0000
11638,5222,1.0000
11639,5222,1.0000
11640,5222,1.0000
11641,5222,1.0000
11642,5222,1.0000
11643,5222,1.0000
11644,5222,1.0000
11645,5222,1.0000
11646,5222,1.0000
11647,5222,1.0000
11648,5222,1.0000
11649,5222,1.0000
11650,5222,1.0000
11651,5222,1.0000
11652,5222,1.0000
11653,5222,1.0000
11654,5222,1.0000
11655,5222,1.0000
11656,5222,1.0000
11657,5222,1.0000
11658,5222,1.0000
11659,5222,1.0000
11660,5222,1.0000
11661,5222,1.0000
11662,5222,1.0000
11663,5222,1.0000
11664,5222,1.0000
11665,5222,1.0000
11666,5222,1.0000
11667,5222,1.0000
11668,5222,1.0000
11669,5222,1.0000
11670,5222,1.0000
11671,5222,1.0000
11672,5222,1.0000
11673,5222,1.0000
11674,5222,1.0000
11675,5222,1.0000
11676,5222,1.0000
11677,5222,1.0000
11678,5222,1.0000
11679,5222,1.0000
11680,5222,1.0000
11681,5222,1.0000
11682,5222,1.0000
11683,5222,1.0000
11684,5222,1.0000
11685,5222,1.0000
11686,5222,1.0000
11687,5222,1.0000
11688,5222,1.0000
11689,5222,1.0000
11690,5222,1.0000
11691,5222,1.0000
11692,5222,.6032
11692,-999,.3968
11693,5222,.1240
11693,-999,.8760
11694,-999,.5234
11694,5222,.4766
11695,5222,.4640
11695,-999,.5360
11696,-999,.5703
11696,5222,.4297
11697,-999,1.0000
11698,-999,1.0000
11699,-999,1.0000
11700,-999,1.0000
11701,-999,1.0000
11702,-999,1.0000
11703,-999,1.0000
11704,-999,1.0000
11705,5222,1.0000
11706,5222,1.0000
11707,5222,1.0000
11708,5222,1.0000
11709,5222,1.0000
11710,5222,1.0000
11711,5222,1.0000
11712,5222,1.0000
11713,5222,1.0000
11714,5222,1.0000
11715,5222,1.0000
11716,5222,1.0000
11717,5222,1.0000
11718,5222,1.0000
11719,5222,1.0000
11720,5222,1.0000
11721,5222,1.0000
11722,5222,1.0000
11723,5222,1.0000
11724,5222,1.0000
11725,5222,1.0000
11726,5222,1.0000
11727,5222,1.0000
11728,5222,1.0000
11729,5222,1.0000
11730,5222,1.0000
11731,5222,1.0000
11732,5222,1.0000
11733,5222,1.0000
11734,5222,1.0000
11735,5222,1.0000
11736,5222,1.0000
11737,5222,1.0000
11738,5222,1.0000
11739,5222,1.0000
11740,5222,1.0000
11741,5222,1.0000
11742,5222,1.0000
11743,5222,1.0000
11744,5222,1.0000
11745,5222,1.0000
11746,5222,1.0000
11747,5222,1.0000
11748,5222,1.0000
11749,5222,1.0000
11750,5222,1.0000
11751,5222,1.0000
11752,5222,1.0000
11753,5222,1.0000
11754,5222,1.0000
11755,5222,1.0000
11756,5222,1.0000
11757,5222,1.0000
11758,5222,1.0000
11759,5222,1.0000
11760,5222,1.0000
11761,5222,1.0000
11762,5222,1.0000
11763,5222,1.0000
11764,5222,1.0000
11765,5222,1.0000
11766,5222,1.0000
11767,5222,1.0000
11768,5222,1.0000
11769,5222,1.0000
11770,5222,1.0000
11771,5222,1.0000
11772,5222,1.0000
11773,5222,1.0000
11774,5222,1.0000
11775,5222,1.0000
11776,5222,1.0000
11777,5222,1.0000
11778,5222,1.0000
11779,5222,1.0000
11780,5222,1.0000
11781,5222,1.0000
11782,5222,1.0000
11783,5222,1.0000
11784,5222,1.0000
11785,5222,1.0000
11786,5222,1.0000
11787,5222,1.0000
11788,5222,1.0000
11789,5222,1.0000
11790,5222,1.0000
11791,5222,1.0000
11792,5222,1.0000
11793,5222,1.0000
11794,5222,1.0000
11795,5222,1.0000
11796,5222,1.0000
11797,5222,1.0000
11798,5222,1.0000
11799,5222,1.0000
11800,5222,1.0000
11801,5222,1.0000
11802,5222,1.0000
11803,5222,1.0000
11804,5222,1.0000
11805,5222,1.0000
11806,5222,1.0000
11807,5222,1.0000
11808,5222,1.0000
11809,5222,1.0000
11810,5222,1.0000
11811,5222,1.0000
11812,5222,1.0000
11813,5222,1.0000
11814,5222,1.0000
11815,5222,1.0000
11816,5222,1.0000
11817,5222,1.0000
11818,5222,1.0000
11819,5222,1.0000
11820,5222,1.0000
11821,5222,1.0000
11822,5222,1.0000
11823,5222,1.0000
11824,5222,1.0000
11825,-999,.1984
11825,5222,.8016
11826,-999,.4882
11826,5222,.5118
11827,-999,.1705
11827,5222,.8295
11828,5222,.7778
11828,-999,.2222
11829,5222,.8320
11829,-999,.1680
11830,-999,.8000
11830,5222,.2000
11831,-999,1.0000
11832,-999,1.0000
11833,-999,1.0000
11834,-999,1.0000
11835,-999,1.0000
11836,-999,1.0000
11837,-999,1.0000
11838,5222,.7440
11838,5674,.2560
11839,5222,1.0000
11840,5222,1.0000
11841,5222,1.0000
11842,5222,1.0000
11843,5222,1.0000
11844,5222,1.0000
11845,5222,1.0000
11846,5222,1.0000
11847,5222,1.0000
11848,5222,1.0000
11849,5222,1.0000
11850,5222,1.0000
11851,5222,1.0000
11852,5222,1.0000
11853,5222,1.0000
11854,5222,1.0000
11855,5222,1.0000
11856,5222,1.0000
11857,5222,1.0000
11858,5222,1.0000
11859,5222,1.0000
11860,5222,1.0000
11861,5222,1.0000
11862,5222,1.0000
11863,5222,1.0000
11864,5222,1.0000
11865,5222,1.0000
11866,5222,1.0000
11867,5222,1.0000
11868,5222,1.0000
11869,5222,1.0000
11870,5222,1.0000
11871,5222,1.0000
11872,5222,1.0000
11873,5222,1.0000
11874,5222,1.0000
11875,5222,1.0000
11876,5222,1.0000
11877,5222,1.0000
11878,5222,1.0000
11879,5222,1.0000
11880,5222,1.0000
11881,5222,1.0000
11882,5222,1.0000
11883,5222,1.0000
11884,5222,1.0000
11885,5222,1.0000
11886,5222,1.0000
11887,5222,1.0000
11888,5222,1.0000
11889,5222,1.0000
11890,5222,1.0000
11891,5222,1.0000
11892,5222,1.0000
11893,5222,1.0000
11894,5222,1.0000
11895,5222,1.0000
11896,5222,1.0000
11897,5222,1.0000
11898,5222,1.0000
11899,5222,1.0000
11900,5222,1.0000
11901,5222,1.0000
11902,5222,1.0000
11903,5222,1.0000
11904,5222,1.0000
11905,5222,1.0000
11906,5222,1.0000
11907,5222,1.0000
11908,5222,1.0000
11909,5222,1.0000
11910,5222,1.0000
11911,5222,1.0000
11912,5222,1.0000
11913,5222,1.0000
11914,5222,1.0000
11915,5222,1.0000
11916,5222,1.0000
11917,5222,1.0000
11918,5222,1.0000
11919,5222,1.0000
11920,5222,1.0000
11921,5222,1.0000
11922,5222,1.0000
11923,5222,1.0000
11924,5222,1.0000
11925,5222,1.0000
11926,5222,1.0000
11927,5222,1.0000
11928,5222,1.0000
11929,5222,1.0000
11930,5222,1.0000
11931,5222,1.0000
11932,5222,1.0000
11933,5222,1.0000
11934,5222,1.0000
11935,5222,1.0000
11936,5222,1.0000
11937,5222,1.0000
11938,5222,1.0000
11939,5222,1.0000
11940,5222,1.0000
11941,5222,1.0000
11942,5222,1.0000
11943,5222,1.0000
11944,5222,1.0000
11945,5222,1.0000
11946,5222,1.0000
11947,5222,1.0000
11948,5222,1.0000
11949,5222,1.0000
11950,5222,1.0000
11951,5222,1.0000
11952,5222,1.0000
11953,5222,1.0000
11954,5222,1.0000
11955,5222,1.0000
11956,5222,1.0000
11957,5222,1.0000
11958,5222,1.0000
11959,5222,1.0000
11960,5222,.9524
11960,-999,.0476
11961,5222,.4264
11961,-999,.5736
11962,5222,.1484
11962,-999,.8516
11963,-999,1.0000
11964,-999,1.0000
11965,-999,1.0000
11966,-999,.8898
11966,5222,.1102
11967,-999,1.0000
11968,-999,1.0000
11969,-999,1.0000
11970,-999,1.0000
11971,5674,.9597
11971,5222,.0403
11972,5222,.5833
11972,5674,.4167
11973,5222,1.0000
11974,5222,1.0000
11975,5222,1.0000
11976,5222,1.0000
11977,5222,1.0000
11978,5222,1.0000
11979,5222,1.0000
11980,5222,1.0000
11981,5222,1.0000
11982,5222,1.0000
11983,5222,1.0000
11984,5222,1.0000
11985,5222,1.0000
11986,5222,1.0000
11987,5222,1.0000
11988,5222,1.0000
11989,5222,1.0000
11990,5222,1.0000
11991,5222,1.0000
11992,5222,1.0000
11993,5222,1.0000
11994,5222,1.0000
11995,5222,1.0000
11996,5222,1.0000
11997,5222,1.0000
11998,5222,1.0000
11999,5222,1.0000
12000,5222,1.0000
12001,5222,1.0000
12002,5222,1.0000
12003,5222,1.0000
12004,5222,1.0000
12005,5222,1.0000
12006,5222,1.0000
12007,5222,1.0000
12008,5222,1.0000
12009,5222,1.0000
12010,5222,1.0000
12011,5222,1.0000
12012,5222,1.0000
12013,5222,1.0000
12014,5222,1.0000
12015,5222,1.0000
12016,5222,1.0000
12017,5222,1.0000
12018,5222,1.0000
12019,5222,1.0000
12020,5222,1.0000
12021,5222,1.0000
12022,5222,1.0000
12023,5222,1.0000
12024,5222,1.0000
12025,5222,1.0000
12026,5222,1.0000
12027,5222,1.0000
12028,5222,1.0000
12029,5222,1.0000
12030,5222,1.0000
12031,5222,1.0000
12032,5222,1.0000
12033,5222,1.0000
12034,5222,1.0000
12035,5222,1.0000
12036,5222,1.0000
12037,5222,1.0000
12038,5222,1.0000
12039,5222,1.0000
12040,5222,1.0000
12041,5222,1.0000
12042,5222,1.0000
12043,5222,1.0000
12044,5222,1.0000
12045,5222,1.0000
12046,5222,1.0000
12047,5222,1.0000
12048,5222,1.0000
12049,5222,1.0000
12050,5222,1.0000
12051,5222,1.0000
12052,5222,1.0000
12053,5222,1.0000
12054,5222,1.0000
12055,5222,1.0000
12056,5222,1.0000
12057,5222,1.0000
12058,5222,1.0000
12059,5222,1.0000
12060,5222,1.0000
12061,5222,1.0000
12062,5222,1.0000
12063,5222,1.0000
12064,5222,1.0000
12065,5222,1.0000
12066,5222,1.0000
12067,5222,1.0000
12068,5222,1.0000
12069,5222,1.0000
12070,5222,1.0000
12071,5222,1.0000
12072,5222,1.0000
12073,5222,1.0000
12074,5222,1.0000
12075,5222,1.0000
12076,5222,1.0000
12077,5222,1.0000
12078,5222,1.0000
12079,5222,1.0000
12080,5222,1.0000
12081,5222,1.0000
12082,5222,1.0000
12083,5222,1.0000
12084,5222,1.0000
12085,5222,1.0000
12086,5222,1.0000
12087,5222,1.0000
12088,5222,1.0000
12089,5222,1.0000
12090,5222,1.0000
12091,5222,1.0000
12092,5222,1.0000
12093,5222,.8095
12093,-999,.1905
12094,-999,.8295
12094,5222,.1705
12095,-999,1.0000
12096,-999,1.0000
12097,-999,1.0000
12098,-999,.9462
12098,5222,.0538
12099,5222,.4683
12099,-999,.5317
12100,-999,.8095
12100,5222,.1905
12101,-999,.9923
12101,5222,.0077
12102,-999,1.0000
12103,-999,1.0000
12104,5674,1.0000
12105,5674,.6610
12105,5222,.3390
12106,5222,1.0000
12107,5222,1.0000
12108,5222,1.0000
12109,5222,1.0000
12110,5222,1.0000
12111,5222,1.0000
12112,5222,1.0000
12113,5222,1.0000
12114,5222,1.0000
12115,5222,1.0000
12116,5222,1.0000
12117,5222,1.0000
12118,5222,1.0000
12119,5222,1.0000
12120,5222,.9440
12120,5674,.0560
12121,5222,.5379
12121,5674,.4621
12122,5222,.5530
12122,5674,.4470
12123,5222,.9918
12123,5674,.0082
12124,5222,1.0000
12125,5222,1.0000
12126,5222,1.0000
12127,5222,1.0000
12128,5222,1.0000
12129,5222,1.0000
12130,5222,1.0000
12131,5222,1.0000
12132,5222,1.0000
12133,5222,1.0000
12134,5222,1.0000
12135,5222,1.0000
12136,5222,1.0000
12137,5222,1.0000
12138,5222,1.0000
12139,5222,1.0000
12140,5222,1.0000
12141,5222,1.0000
12142,5222,1.0000
12143,5222,1.0000
12144,5222,1.0000
12145,5222,1.0000
12146,5222,1.0000
12147,5222,1.0000
12148,5222,1.0000
12149,5222,1.0000
12150,5222,1.0000
12151,5222,1.0000
12152,5222,1.0000
12153,5222,1.0000
12154,5222,1.0000
12155,5222,1.0000
12156,5222,1.0000
12157,5222,1.0000
12158,5222,1.0000
12159,5222,1.0000
12160,5222,1.0000
12161,5222,1.0000
12162,5222,1.0000
12163,5222,1.0000
12164,5222,1.0000
12165,5222,1.0000
12166,5222,1.0000
12167,5222,1.0000
12168,5222,1.0000
12169,5222,1.0000
12170,5222,1.0000
12171,5222,1.0000
12172,5222,1.0000
12173,5222,1.0000
12174,5222,1.0000
12175,5222,1.0000
12176,5222,1.0000
12177,5222,1.0000
12178,5222,1.0000
12179,5222,1.0000
12180,5222,1.0000
12181,5222,1.0000
12182,5222,1.0000
12183,5222,1.0000
12184,5222,1.0000
12185,5222,1.0000
12186,5222,1.0000
12187,5222,1.0000
12188,5222,1.0000
12189,5222,1.0000
12190,5222,1.0000
12191,5222,1.0000
12192,5222,1.0000
12193,5222,1.0000
12194,5222,1.0000
12195,5222,1.0000
12196,5222,1.0000
12197,5222,1.0000
12198,5222,1.0000
12199,5222,1.0000
12200,5222,1.0000
12201,5222,1.0000
12202,5222,1.0000
12203,5222,1.0000
12204,5222,1.0000
12205,5222,1.0000
12206,5222,1.0000
12207,5222,1.0000
12208,5222,1.0000
12209,5222,1.0000
12210,5222,1.0000
12211,5222,1.0000
12212,5222,1.0000
12213,5222,1.0000
12214,5222,1.0000
12215,5222,1.0000
12216,5222,1.0000
12217,5222,1.0000
12218,5222,1.0000
12219,5222,1.0000
12220,5222,1.0000
12221,5222,1.0000
12222,5222,1.0000
12223,5222,1.0000
12224,5222,1.0000
12225,5222,1.0000
12226,5222,1.0000
12227,-999,.0472
12227,5222,.9528
12228,-999,.7480
12228,5222,.2520
12229,-999,.9844
12229,5222,.0156
12230,-999,.5469
12230,5222,.4531
12231,-999,.2598
12231,5222,.7402
12232,5222,.1783
12232,-999,.8217
12233,5222,.6825
12233,-999,.3175
12234,-999,.8346
12234,5222,.1654
12235,-999,1.0000
12236,-999,1.0000
12237,5674,1.0000
12238,5674,.9615
12238,5222,.0385
12239,5222,.9286
12239,5674,.0714
12240,5222,1.0000
12241,5222,1.0000
12242,5222,1.0000
12243,5222,1.0000
12244,5222,1.0000
12245,5222,1.0000
12246,5222,1.0000
12247,5222,1.0000
12248,5222,1.0000
12249,5222,1.0000
12250,5222,1.0000
12251,5222,1.0000
12252,5222,1.0000
12253,5222,.6612
12253,5674,.3388
12254,5674,1.0000
12255,5674,1.0000
12256,5674,.2812
12256,5222,.7187
12257,5222,1.0000
12258,5222,1.0000
12259,5222,1.0000
12260,5222,1.0000
12261,5222,1.0000
12262,5222,1.0000
12263,5222,1.0000
12264,5222,1.0000
12265,5222,1.0000
12266,5222,1.0000
12267,5222,1.0000
12268,5222,1.0000
12269,5222,1.0000
12270,5222,1.0000
12271,5222,1.0000
12272,5222,1.0000
12273,5222,1.0000
12274,5222,1.0000
12275,5222,1.0000
12276,5222,1.0000
12277,5222,1.0000
12278,5222,1.0000
12279,5222,1.0000
12280,5222,1.0000
12281,5222,1.0000
12282,5222,1.0000
12283,5222,1.0000
12284,5222,1.0000
12285,5222,1.0000
12286,5222,1.0000
12287,5222,1.0000
12288,5222,1.0000
12289,5222,1.0000
12290,5222,1.0000
12291,5222,1.0000
12292,5222,1.0000
12293,5222,1.0000
12294,5222,1.0000
12295,5222,1.0000
12296,5222,1.0000
12297,5222,1.0000
12298,5222,1.0000
12299,5222,1.0000
12300,5222,1.0000
12301,5222,1.0000
12302,5222,1.0000
12303,5222,1.0000
12304,5222,1.0000
12305,5222,1.0000
12306,5222,1.0000
12307,5222,1.0000
12308,5222,1.0000
12309,5222,1.0000
12310,5222,1.0000
12311,5222,1.0000
12312,5222,1.0000
12313,5222,1.0000
12314,5222,1.0000
12315,5222,1.0000
12316,5222,1.0000
12317,5222,1.0000
12318,5222,1.0000
12319,5222,1.0000
12320,5222,1.0000
12321,5222,1.0000
12322,5222,1.0000
12323,5222,1.0000
12324,5222,1.0000
12325,5222,1.0000
12326,5222,1.0000
12327,5222,1.0000
12328,5222,1.0000
12329,5222,1.0000
12330,5222,1.0000
12331,5222,1.0000
12332,5222,1.0000
12333,5222,1.0000
12334,5222,1.0000
12335,5222,1.0000
12336,5222,1.0000
12337,5222,1.0000
12338,5222,1.0000
12339,5222,1.0000
12340,5222,1.0000
12341,5222,1.0000
12342,5222,1.0000
12343,5222,1.0000
12344,5222,1.0000
12345,5222,1.0000
12346,5222,1.0000
12347,5222,1.0000
12348,5222,1.0000
12349,5222,1.0000
12350,5222,1.0000
12351,5222,1.0000
12352,5222,1.0000
12353,5222,1.0000
12354,5222,1.0000
12355,5222,1.0000
12356,5222,1.0000
12357,5222,1.0000
12358,5222,1.0000
12359,5222,1.0000
12360,5222,1.0000
12361,-999,.3307
12361,5222,.6693
12362,-999,.4884
12362,5222,.5116
12363,5222,.7109
12363,-999,.2891
12364,5222,.2441
12364,-999,.7559
12365,-999,1.0000
12366,5222,.5769
12366,-999,.4231
12367,-999,.5469
12367,5222,.4531
12368,-999,1.0000
12369,-999,1.0000
12370,5674,1.0000
12371,5674,.9697
12371,5222,.0303
12372,5674,.0813
12372,5222,.9187
12373,5222,1.0000
12374,5222,1.0000
12375,5222,1.0000
12376,5222,1.0000
12377,5222,1.0000
12378,5222,1.0000
12379,5222,1.0000
12380,5222,1.0000
12381,5222,1.0000
12382,5222,1.0000
12383,5222,1.0000
12384,5222,1.0000
12385,5222,1.0000
12386,5222,.6260
12386,5674,.3740
12387,5674,1.0000
12388,5674,1.0000
12389,5674,.6406
12389,5222,.3594
12390,5222,1.0000
12391,5222,1.0000
12392,5222,1.0000
12393,5222,1.0000
12394,5222,1.0000
12395,5222,1.0000
12396,5222,1.0000
12397,5222,1.0000
12398,5222,1.0000
12399,5222,1.0000
12400,5222,1.0000
12401,5222,1.0000
12402,5222,1.0000
12403,5222,1.0000
12404,5222,1.0000
12405,5222,1.0000
12406,5222,1.0000
12407,5222,1.0000
12408,5222,1.0000
12409,5222,1.0000
12410,5222,1.0000
12411,5222,1.0000
12412,5222,1.0000
12413,5222,1.0000
12414,5222,1.0000
12415,5222,1.0000
12416,5222,1.0000
12417,5222,1.0000
12418,5222,1.0000
12419,5222,1.0000
12420,5222,1.0000
12421,5222,1.0000
12422,5222,1.0000
12423,5222,1.0000
12424,5222,1.0000
12425,5222,1.0000
12426,5222,1.0000
12427,5222,1.0000
12428,5222,1.0000
12429,5222,1.0000
12430,5222,1.0000
12431,5222,1.0000
12432,5222,1.0000
12433,5222,1.0000
12434,5222,1.0000
12435,5222,1.0000
12436,5222,1.0000
12437,5222,1.0000
12438,5222,1.0000
12439,5222,1.0000
12440,5222,1.0000
12441,5222,1.0000
12442,5222,1.0000
12443,5222,1.0000
12444,5222,1.0000
12445,5222,1.0000
12446,5222,1.0000
12447,5222,1.0000
12448,5222,1.0000
12449,5222,1.0000
12450,5222,1.0000
12451,5222,1.0000
12452,5222,1.0000
12453,5222,1.0000
12454,5222,1.0000
12455,5222,1.0000
12456,5222,1.0000
12457,5222,1.0000
12458,5222,1.0000
12459,5222,1.0000
12460,5222,1.0000
12461,5222,1.0000
12462,5222,1.0000
12463,5222,1.0000
12464,5222,1.0000
12465,5222,1.0000
12466,5222,1.0000
12467,5222,1.0000
12468,5222,1.0000
12469,5222,1.0000
12470,5222,1.0000
12471,5222,1.0000
12472,5222,1.0000
12473,5222,1.0000
12474,5222,1.0000
12475,5222,1.0000
12476,5222,1.0000
12477,5222,1.0000
12478,5222,1.0000
12479,5222,1.0000
12480,5222,1.0000
12481,5222,1.0000
12482,5222,1.0000
12483,5222,1.0000
12484,5222,1.0000
12485,5222,1.0000
12486,5222,1.0000
12487,5222,1.0000
12488,5222,1.0000
12489,5222,1.0000
12490,5222,1.0000
12491,5222,1.0000
12492,5222,1.0000
12493,5222,1.0000
12494,5222,1.0000
12495,5222,1.0000
12496,5222,.4453
12496,-999,.5547
12497,-999,.9766
12497,5222,.0234
12498,-999,1.0000
12499,-999,.5469
12499,5222,.4531
12500,5222,.1008
12500,-999,.8992
12501,-999,1.0000
12502,-999,1.0000
12503,5674,1.0000
12504,5674,.9683
12504,5222,.0317
12505,5222,.8550
12505,5674,.1450
12506,5222,1.0000
12507,5222,1.0000
12508,5222,1.0000
12509,5222,1.0000
12510,5222,.9680
12510,5674,.0320
12511,5222,1.0000
12512,5222,1.0000
12513,5222,1.0000
12514,5222,1.0000
12515,5222,1.0000
12516,5222,1.0000
12517,5222,1.0000
12518,5222,1.0000
12519,5222,.6667
12519,5674,.3333
12520,5674,1.0000
12521,5674,1.0000
12522,5674,.7302
12522,5222,.2698
12523,5222,1.0000
12524,5222,1.0000
12525,5222,1.0000
12526,5222,1.0000
12527,5222,1.0000
12528,5222,1.0000
12529,5222,1.0000
12530,5222,1.0000
12531,5222,1.0000
12532,5222,1.0000
12533,5222,1.0000
12534,5222,1.0000
12535,5222,1.0000
12536,5222,1.0000
12537,5222,1.0000
12538,5222,1.0000
12539,5222,1.0000
12540,5222,1.0000
12541,5222,1.0000
12542,5222,1.0000
12543,5222,1.0000
12544,5222,1.0000
12545,5222,1.0000
12546,5222,1.0000
12547,5222,1.0000
12548,5222,1.0000
12549,5222,1.0000
12550,5222,1.0000
12551,5222,1.0000
12552,5222,1.0000
12553,5222,1.0000
12554,5222,1.0000
12555,5222,1.0000
12556,5222,1.0000
12557,5222,1.0000
12558,5222,1.0000
12559,5222,1.0000
12560,5222,1.0000
12561,5222,1.0000
12562,5222,1.0000
12563,5222,1.0000
12564,5222,1.0000
12565,5222,1.0000
12566,5222,1.0000
12567,5222,1.0000
12568,5222,1.0000
12569,5222,1.0000
12570,5222,1.0000
12571,5222,1.0000
12572,5222,1.0000
12573,5222,1.0000
12574,5222,1.0000
12575,5222,1.0000
12576,5222,1.0000
12577,5222,1.0000
12578,5222,1.0000
12579,5222,1.0000
12580,5222,1.0000
12581,5222,1.0000
12582,5222,1.0000
12583,5222,1.0000
12584,5222,1.0000
12585,5222,1.0000
12586,5222,1.0000
12587,5222,1.0000
12588,5222,1.0000
12589,5222,1.0000
12590,5222,1.0000
12591,5222,1.0000
12592,5222,1.0000
12593,5222,1.0000
12594,5222,1.0000
12595,5222,1.0000
12596,5222,1.0000
12597,5222,1.0000
12598,5222,1.0000
12599,5222,1.0000
12600,5222,1.0000
12601,5222,1.0000
12602,5222,1.0000
12603,5222,1.0000
12604,5222,1.0000
12605,5222,1.0000
12606,5222,1.0000
12607,5222,1.0000
12608,5222,1.0000
12609,5222,1.0000
12610,5222,1.0000
12611,5222,1.0000
12612,5222,1.0000
12613,5222,1.0000
12614,5222,1.0000
12615,5222,1.0000
12616,5222,1.0000
12617,5222,1.0000
12618,5222,1.0000
12619,5222,1.0000
12620,5222,1.0000
12621,5222,1.0000
12622,5222,1.0000
12623,5222,1.0000
12624,5222,1.0000
12625,5222,1.0000
12626,5222,1.0000
12627,5222,1.0000
12628,5222,1.0000
12629,5222,.9843
12629,-999,.0157
12630,-999,.2290
12630,5222,.7710
12631,-999,.9843
12631,5222,.0157
12632,-999,1.0000
12633,-999,1.0000
12634,-999,1.0000
12635,-999,1.0000
12636,5674,1.0000
12637,5674,1.0000
12638,5674,.8030
12638,5222,.1970
12639,5222,.3692
12639,5674,.6308
12640,5222,.6417
12640,5674,.3583
12641,5222,1.0000
12642,5222,.8561
12642,5674,.1439
12643,5222,.1825
12643,5674,.8175
12644,5222,.5625
12644,5674,.4375
12645,5222,1.0000
12646,5222,1.0000
12647,5222,1.0000
12648,5222,1.0000
12649,5222,1.0000
12650,5222,1.0000
12651,5222,1.0000
12652,5222,.5079
12652,5674,.4921
12653,5674,1.0000
12654,5674,1.0000
12655,5674,.8031
12655,5222,.1969
12656,5222,1.0000
12657,5222,1.0000
12658,5222,1.0000
12659,5222,1.0000
12660,5222,1.0000
12661,5222,1.0000
12662,5222,1.0000
12663,5222,1.0000
12664,5222,1.0000
12665,5222,1.0000
12666,5222,1.0000
12667,5222,1.0000
12668,5222,1.0000
12669,5222,1.0000
12670,5222,1.0000
12671,5222,1.0000
12672,5222,1.0000
12673,5222,1.0000
12674,5222,1.0000
12675,5222,1.0000
12676,5222,1.0000
12677,5222,1.0000
12678,5222,1.0000
12679,5222,1.0000
12680,5222,1.0000
12681,5222,1.0000
12682,5222,1.0000
12683,5222,1.0000
12684,5222,1.0000
12685,5222,1.0000
12686,5222,1.0000
12687,5222,1.0000
12688,5222,1.0000
12689,5222,1.0000
12690,5222,1.0000
12691,5222,1.0000
12692,5222,1.0000
12693,5222,1.0000
12694,5222,1.0000
12695,5222,1.0000
12696,5222,1.0000
12697,5222,1.0000
12698,5222,1.0000
12699,5222,1.0000
12700,5222,1.0000
12701,5222,1.0000
12702,5222,1.0000
12703,5222,1.0000
12704,5222,1.0000
12705,5222,1.0000
12706,5222,1.0000
12707,5222,1.0000
12708,5222,1.0000
12709,5222,1.0000
12710,5222,1.0000
12711,5222,1.0000
12712,5222,1.0000
12713,5222,1.0000
12714,5222,1.0000
12715,5222,1.0000
12716,5222,1.0000
12717,5222,1.0000
12718,5222,1.0000
12719,5222,1.0000
12720,5222,1.0000
12721,5222,1.0000
12722,5222,1.0000
12723,5222,1.0000
12724,5222,1.0000
12725,5222,1.0000
12726,5222,1.0000
12727,5222,1.0000
12728,5222,1.0000
12729,5222,1.0000
12730,5222,1.0000
12731,5222,1.0000
12732,5222,1.0000
12733,5222,1.0000
12734,5222,1.0000
12735,5222,1.0000
12736,5222,1.0000
12737,5222,1.0000
12738,5222,1.0000
12739,5222,1.0000
12740,5222,1.0000
12741,5222,1.0000
12742,5222,1.0000
12743,5222,1.0000
12744,5222,1.0000
12745,5222,1.0000
12746,5222,1.0000
12747,5222,1.0000
12748,5222,1.0000
12749,5222,1.0000
12750,5222,1.0000
12751,5222,1.0000
12752,5222,1.0000
12753,5222,1.0000
12754,5222,1.0000
12755,5222,1.0000
12756,5222,1.0000
12757,5222,1.0000
12758,5222,1.0000
12759,5222,1.0000
12760,5222,1.0000
12761,5222,1.0000
12762,5222,1.0000
12763,5222,.7063
12763,-999,.2937
12764,-999,1.0000
12765,-999,1.0000
12766,-999,1.0000
12767,-999,1.0000
12768,-999,1.0000
12769,5674,1.0000
12770,5674,1.0000
12771,5674,1.0000
12772,5674,1.0000
12773,5674,.9773
12773,5222,.0227
12774,5222,.3387
12774,5674,.6613
12775,5222,.1364
12775,5674,.8636
12776,5674,1.0000
12777,5674,.9669
12777,5222,.0331
12778,5222,.7717
12778,5674,.2283
12779,5222,1.0000
12780,5222,1.0000
12781,5222,1.0000
12782,5222,1.0000
12783,5222,1.0000
12784,5222,.9767
12784,5674,.0233
12785,5222,.1885
12785,5674,.8115
12786,5674,1.0000
12787,5674,1.0000
12788,5674,.5152
12788,5222,.4848
12789,5222,1.0000
12790,5222,1.0000
12791,5222,1.0000
12792,5222,1.0000
12793,5222,1.0000
12794,5222,1.0000
12795,5222,1.0000
12796,5222,1.0000
12797,5222,1.0000
12798,5222,1.0000
12799,5222,1.0000
12800,5222,1.0000
12801,5222,1.0000
12802,5222,1.0000
12803,5222,1.0000
12804,5222,1.0000
12805,5222,1.0000
12806,5222,1.0000
12807,5222,1.0000
12808,5222,1.0000
12809,5222,1.0000
12810,5222,1.0000
12811,5222,1.0000
12812,5222,1.0000
12813,5222,1.0000
12814,5222,1.0000
12815,5222,1.0000
12816,5222,1.0000
12817,5222,1.0000
12818,5222,1.0000
12819,5222,1.0000
12820,5222,1.0000
12821,5222,1.0000
12822,5222,1.0000
12823,5222,1.0000
12824,5222,1.0000
12825,5222,1.0000
12826,5222,1.0000
12827,5222,1.0000
12828,5222,1.0000
12829,5222,1.0000
12830,5222,1.0000
12831,5222,1.0000
12832,5222,1.0000
12833,5222,1.0000
12834,5222,1.0000
12835,5222,1.0000
12836,5222,1.0000
12837,5222,1.0000
12838,5222,1.0000
12839,5222,1.0000
12840,5222,1.0000
12841,5222,1.0000
12842,5222,1.0000
12843,5222,1.0000
12844,5222,1.0000
12845,5222,1.0000
12846,5222,1.0000
12847,5222,1.0000
12848,5222,1.0000
12849,5222,1.0000
12850,5222,1.0000
12851,5222,1.0000
12852,5222,1.0000
12853,5222,1.0000
12854,5222,1.0000
12855,5222,1.0000
12856,5222,1.0000
12857,5222,1.0000
12858,5222,1.0000
12859,5222,1.0000
12860,5222,1.0000
12861,5222,1.0000
12862,5222,1.0000
12863,5222,1.0000
12864,5222,1.0000
12865,5222,1.0000
12866,5222,1.0000
12867,5222,1.0000
12868,5222,1.0000
12869,5222,1.0000
12870,5222,1.0000
12871,5222,1.0000
12872,5222,1.0000
12873,5222,1.0000
12874,5222,1.0000
12875,5222,1.0000
12876,5222,1.0000
12877,5222,1.0000
12878,5222,1.0000
12879,5222,1.0000
12880,5222,1.0000
12881,5222,1.0000
12882,5222,1.0000
12883,5222,1.0000
12884,5222,1.0000
12885,5222,1.0000
12886,5222,1.0000
12887,5222,1.0000
12888,5222,1.0000
12889,5222,1.0000
12890,5222,1.0000
12891,5222,1.0000
12892,5222,1.0000
12893,5222,.9606
12893,-999,.0394
12894,5222,.9457
12894,-999,.0543
12895,5222,1.0000
12896,5222,.7953
12896,-999,.2047
12897,-999,.8661
12897,5222,.1339
12898,-999,1.0000
12899,-999,1.0000
12900,-999,1.0000
12901,-999,1.0000
12902,5674,1.0000
12903,5674,1.0000
12904,5674,1.0000
12905,5674,1.0000
12906,5674,1.0000
12907,5674,1.0000
12908,5674,1.0000
12909,5674,1.0000
12910,5674,1.0000
12911,5674,.5645
12911,5222,.4355
12912,5222,1.0000
12913,5222,1.0000
12914,5222,1.0000
12915,5222,1.0000
12916,5222,1.0000
12917,5222,.4394
12917,5674,.5606
12918,5674,1.0000
12919,5674,1.0000
12920,5674,.5920
12920,5222,.4080
12921,5674,.0236
12921,5222,.9764
12922,5222,1.0000
12923,5222,1.0000
12924,5222,1.0000
12925,5222,1.0000
12926,5222,1.0000
12927,5222,1.0000
12928,5222,1.0000
12929,5222,1.0000
12930,5222,1.0000
12931,5222,1.0000
12932,5222,1.0000
12933,5222,1.0000
12934,5222,1.0000
12935,5222,1.0000
12936,5222,1.0000
12937,5222,1.0000
12938,5222,1.0000
12939,5222,1.0000
12940,5222,1.0000
12941,5222,1.0000
12942,5222,1.0000
12943,5222,1.0000
12944,5222,1.0000
12945,5222,1.0000
12946,5222,1.0000
12947,5222,1.0000
12948,5222,1.0000
12949,5222,1.0000
12950,5222,1.0000
12951,5222,1.0000
12952,5222,1.0000
12953,5222,1.0000
12954,5222,1.0000
12955,5222,1.0000
12956,5222,1.0000
12957,5222,1.0000
12958,5222,1.0000
12959,5222,1.0000
12960,5222,1.0000
12961,5222,1.0000
12962,5222,1.0000
12963,5222,1.0000
12964,5222,1.0000
12965,5222,1.0000
12966,5222,1.0000
12967,5222,1.0000
12968,5222,1.0000
12969,5222,1.0000
12970,5222,1.0000
12971,5222,1.0000
12972,5222,1.0000
12973,5222,1.0000
12974,5222,1.0000
12975,5222,1.0000
12976,5222,1.0000
12977,5222,1.0000
12978,5222,1.0000
12979,5222,1.0000
12980,5222,1.0000
12981,5222,1.0000
12982,5222,1.0000
12983,5222,1.0000
12984,5222,1.0000
12985,5222,1.0000
12986,5222,1.0000
12987,5222,1.0000
12988,5222,1.0000
12989,5222,1.0000
12990,5222,1.0000
12991,5222,1.0000
12992,5222,1.0000
12993,5222,1.0000
12994,5222,1.0000
12995,5222,1.0000
12996,5222,1.0000
12997,5222,1.0000
12998,5222,1.0000
12999,5222,1.0000
13000,5222,1.0000
13001,5222,1.0000
13002,5222,1.0000
13003,5222,1.0000
13004,5222,1.0000
13005,5222,1.0000
13006,5222,1.0000
13007,5222,1.0000
13008,5222,1.0000
13009,5222,1.0000
13010,5222,1.0000
13011,5222,1.0000
13012,5222,1.0000
13013,5222,1.0000
13014,5222,1.0000
13015,5222,1.0000
13016,5222,1.0000
13017,5222,1.0000
13018,5222,1.0000
13019,5222,1.0000
13020,5222,1.0000
13021,5222,1.0000
13022,5222,1.0000
13023,5222,1.0000
13024,5222,1.0000
13025,5222,.5000
13025,-999,.5000
13026,5222,.0763
13026,-999,.9237
13027,5222,.2677
13027,-999,.7323
13028,5222,.7402
13028,-999,.2598
13029,5222,1.0000
13030,-999,.3906
13030,5222,.6094
13031,-999,1.0000
13032,-999,1.0000
13033,-999,1.0000
13034,-999,1.0000
13035,5674,1.0000
13036,5674,1.0000
13037,5674,1.0000
13038,5674,1.0000
13039,5674,.9274
13039,5222,.0726
13040,5674,.5267
13040,5222,.4733
13041,5674,.4231
13041,5222,.5769
13042,5674,.9680
13042,5222,.0320
13043,5674,1.0000
13044,5674,.9167
13044,5222,.0833
13045,5222,.8908
13045,5674,.1092
13046,5222,1.0000
13047,5222,1.0000
13048,5222,1.0000
13049,5222,.8279
13049,5674,.1721
13050,5222,.0077
13050,5674,.9923
13051,5674,1.0000
13052,5674,.7795
13052,5222,.2205
13053,5674,.0246
13053,5222,.9754
13054,5222,1.0000
13055,5222,1.0000
13056,5222,1.0000
13057,5222,1.0000
13058,5222,1.0000
13059,5222,1.0000
13060,5222,1.0000
13061,5222,1.0000
13062,5222,1.0000
13063,5222,1.0000
13064,5222,1.0000
13065,5222,1.0000
13066,5222,1.0000
13067,5222,1.0000
13068,5222,1.0000
13069,5222,1.0000
13070,5222,1.0000
13071,5222,1.0000
13072,5222,1.0000
13073,5222,1.0000
13074,5222,1.0000
13075,5222,1.0000
13076,5222,1.0000
13077,5222,1.0000
13078,5222,1.0000
13079,5222,1.0000
13080,5222,1.0000
13081,5222,1.0000
13082,5222,1.0000
13083,5222,1.0000
13084,5222,1.0000
13085,5222,1.0000
13086,5222,1.0000
13087,5222,1.0000
13088,5222,1.0000
13089,5222,1.0000
13090,5222,1.0000
13091,5222,1.0000
13092,5222,1.0000
13093,5222,1.0000
13094,5222,1.0000
13095,5222,1.0000
13096,5222,1.0000
13097,5222,1.0000
13098,5222,1.0000
13099,5222,1.0000
13100,5222,1.0000
13101,5222,1.0000
13102,5222,1.0000
13103,5222,1.0000
13104,5222,1.0000
13105,5222,1.0000
13106,5222,1.0000
13107,5222,1.0000
13108,5222,1.0000
13109,5222,1.0000
13110,5222,1.0000
13111,5222,1.0000
13112,5222,1.0000
13113,5222,1.0000
13114,5222,1.0000
13115,5222,1.0000
13116,5222,1.0000
13117,5222,1.0000
13118,5222,1.0000
13119,5222,1.0000
13120,5222,1.0000
13121,5222,1.0000
13122,5222,1.0000
13123,5222,1.0000
13124,5222,1.0000
13125,5222,1.0000
13126,5222,1.0000
13127,5222,1.0000
13128,5222,1.0000
13129,5222,1.0000
13130,5222,1.0000
13131,5222,1.0000
13132,5222,1.0000
13133,5222,1.0000
13134,5222,1.0000
13135,5222,1.0000
13136,5222,1.0000
13137,5222,1.0000
13138,5222,1.0000
13139,5222,1.0000
13140,5222,1.0000
13141,5222,1.0000
13142,5222,1.0000
13143,5222,1.0000
13144,5222,1.0000
13145,5222,1.0000
13146,5222,1.0000
13147,5222,1.0000
13148,5222,1.0000
13149,5222,1.0000
13150,5222,1.0000
13151,5222,1.0000
13152,5222,1.0000
13153,5222,1.0000
13154,5222,1.0000
13155,5222,1.0000
13156,5222,1.0000
13157,5222,.6412
13157,-999,.3588
13158,-999,.6772
13158,5222,.3228
13159,-999,.3047
13159,5222,.6953
13160,-999,.0155
13160,5222,.9845
13161,5222,.6562
13161,-999,.3437
13162,5222,.2835
13162,-999,.7165
13163,5222,.0916
13163,-999,.9084
13164,-999,1.0000
13165,-999,1.0000
13166,-999,1.0000
13167,-999,1.0000
13168,5674,1.0000
13169,5674,1.0000
13170,5674,.9841
13170,5222,.0159
13171,5674,.7197
13171,5222,.2803
13172,5674,.1984
13172,5222,.8016
13173,5222,1.0000
13174,5222,1.0000
13175,5222,.2520
13175,5674,.7480
13176,5674,1.0000
13177,5674,1.0000
13178,5674,.3485
13178,5222,.6515
13179,5222,1.0000
13180,5222,1.0000
13181,5222,1.0000
13182,5222,.5682
13182,5674,.4318
13183,5674,1.0000
13184,5674,1.0000
13185,5674,.4809
13185,5222,.5191
13186,5222,1.0000
13187,5222,1.0000
13188,5222,1.0000
13189,5222,1.0000
13190,5222,1.0000
13191,5222,1.0000
13192,5222,1.0000
13193,5222,1.0000
13194,5222,1.0000
13195,5222,1.0000
13196,5222,1.0000
13197,5222,1.0000
13198,5222,1.0000
13199,5222,1.0000
13200,5222,1.0000
13201,5222,1.0000
13202,5222,1.0000
13203,5222,1.0000
13204,5222,1.0000
13205,5222,1.0000
13206,5222,1.0000
13207,5222,1.0000
13208,5222,1.0000
13209,5222,1.0000
13210,5222,1.0000
13211,5222,1.0000
13212,5222,1.0000
13213,5222,1.0000
13214,5222,1.0000
13215,5222,1.0000
13216,5222,1.0000
13217,5222,1.0000
13218,5222,1.0000
13219,5222,1.0000
13220,5222,1.0000
13221,5222,1.0000
13222,5222,1.0000
13223,5222,1.0000
13224,5222,1.0000
13225,5222,1.0000
13226,5222,1.0000
13227,5222,1.0000
13228,5222,1.0000
13229,5222,1.0000
13230,5222,1.0000
13231,5222,1.0000
13232,5222,1.0000
13233,5222,1.0000
13234,5222,1.0000
13235,5222,1.0000
13236,5222,1.0000
13237,5222,1.0000
13238,5222,1.0000
13239,5222,1.0000
13240,5222,1.0000
13241,5222,1.0000
13242,5222,1.0000
13243,5222,1.0000
13244,5222,1.0000
13245,5222,1.0000
13246,5222,1.0000
13247,5222,1.0000
13248,5222,1.0000
13249,5222,1.0000
13250,5222,1.0000
13251,5222,1.0000
13252,5222,1.0000
13253,5222,1.0000
13254,5222,1.0000
13255,5222,1.0000
13256,5222,1.0000
13257,5222,1.0000
13258,5222,1.0000
13259,5222,1.0000
13260,5222,1.0000
13261,5222,1.0000
13262,5222,1.0000
13263,5222,1.0000
13264,5222,1.0000
13265,5222,1.0000
13266,5222,1.0000
13267,5222,1.0000
13268,5222,1.0000
13269,5222,1.0000
13270,5222,1.0000
13271,5222,1.0000
13272,5222,1.0000
13273,5222,1.0000
13274,5222,1.0000
13275,5222,1.0000
13276,5222,1.0000
13277,5222,1.0000
13278,5222,1.0000
13279,5222,1.0000
13280,5222,1.0000
13281,5222,1.0000
13282,5222,1.0000
13283,5222,1.0000
13284,5222,1.0000
13285,5222,1.0000
13286,5222,1.0000
13287,5222,1.0000
13288,5222,1.0000
13289,5222,.9766
13289,-999,.0234
13290,5222,.9225
13290,-999,.0775
13291,5222,1.0000
13292,5222,1.0000
13293,5222,1.0000
13294,5222,.9538
13294,-999,.0462
13295,-999,.8203
13295,5222,.1797
13296,-999,1.0000
13297,-999,1.0000
13298,-999,1.0000
13299,-999,1.0000
13300,-999,1.0000
13301,5674,1.0000
13302,5674,1.0000
13303,5674,.8800
13303,5222,.1200
13304,5222,.9621
13304,5674,.0379
13305,5222,1.0000
13306,5222,1.0000
13307,5222,1.0000
13308,5222,.3308
13308,5674,.6692
13309,5674,1.0000
13310,5674,.6929
13310,5222,.3071
13311,5674,.0227
13311,5222,.9773
13312,5222,1.0000
13313,5222,1.0000
13314,5222,1.0000
13315,5222,.2891
13315,5674,.7109
13316,5674,1.0000
13317,5674,1.0000
13318,5674,.3465
13318,5222,.6535
13319,5222,1.0000
13320,5222,1.0000
13321,5222,1.0000
13322,5222,1.0000
13323,5222,1.0000
13324,5222,1.0000
13325,5222,1.0000
13326,5222,1.0000
13327,5222,1.0000
13328,5222,1.0000
13329,5222,1.0000
13330,5222,1.0000
13331,5222,1.0000
13332,5222,1.0000
13333,5222,1.0000
13334,5222,1.0000
13335,5222,1.0000
13336,5222,1.0000
13337,5222,1.0000
13338,5222,1.0000
13339,5222,1.0000
13340,5222,1.0000
13341,5222,1.0000
13342,5222,1.0000
13343,5222,1.0000
13344,5222,1.0000
13345,5222,1.0000
13346,5222,1.0000
13347,5222,1.0000
13348,5222,1.0000
13349,5222,1.0000
13350,5222,1.0000
13351,5222,1.0000
13352,5222,1.0000
13353,5222,1.0000
13354,5222,1.0000
13355,5222,1.0000
13356,5222,1.0000
13357,5222,1.0000
13358,5222,1.0000
13359,5222,1.0000
13360,5222,1.0000
13361,5222,1.0000
13362,5222,1.0000
13363,5222,1.0000
13364,5222,1.0000
13365,5222,1.0000
13366,5222,1.0000
13367,5222,1.0000
13368,5222,1.0000
13369,5222,1.0000
13370,5222,1.0000
13371,5222,1.0000
13372,5222,1.0000
13373,5222,1.0000
13374,5222,1.0000
13375,5222,1.0000
13376,5222,1.0000
13377,5222,1.0000
13378,5222,1.0000
13379,5222,1.0000
13380,5222,1.0000
13381,5222,1.0000
13382,5222,1.0000
13383,5222,1.0000
13384,5222,1.0000
13385,5222,1.0000
13386,5222,1.0000
13387,5222,1.0000
13388,5222,1.0000
13389,5222,1.0000
13390,5222,1.0000
13391,5222,1.0000
13392,5222,1.0000
13393,5222,1.0000
13394,5222,1.0000
13395,5222,1.0000
13396,5222,1.0000
13397,5222,1.0000
13398,5222,1.0000
13399,5222,1.0000
13400,5222,1.0000
13401,5222,1.0000
13402,5222,1.0000
13403,5222,1.0000
13404,5222,1.0000
13405,5222,1.0000
13406,5222,1.0000
13407,5222,1.0000
13408,5222,1.0000
13409,5222,1.0000
13410,5222,1.0000
13411,5222,1.0000
13412,5222,1.0000
13413,5222,1.0000
13414,5222,1.0000
13415,5222,1.0000
13416,5222,1.0000
13417,5222,1.0000
13418,5222,1.0000
13419,5222,1.0000
13420,5222,1.0000
13421,5222,1.0000
13422,5222,1.0000
13423,5222,1.0000
13424,5222,1.0000
13425,5222,1.0000
13426,5222,1.0000
13427,5222,1.0000
13428,5222,.5859
13428,-999,.4141
13429,-999,1.0000
13430,-999,1.0000
13431,-999,1.0000
13432,-999,1.0000
13433,-999,1.0000
13434,5674,1.0000
13435,5674,1.0000
13436,5674,1.0000
13437,5674,.7642
13437,5222,.2358
13438,5222,.6308
13438,5674,.3692
13439,5222,1.0000
13440,5222,1.0000
13441,5222,.3485
13441,5674,.6515
13442,5674,.9697
13442,5222,.0303
13443,5674,.2222
13443,5222,.7778
13444,5222,1.0000
13445,5222,1.0000
13446,5222,1.0000
13447,5222,1.0000
13448,5222,.2558
13448,5674,.7442
13449,5674,1.0000
13450,5674,1.0000
13451,5674,.8175
13451,5222,.1825
13452,5222,.9516
13452,5674,.0484
13453,5222,1.0000
13454,5222,1.0000
13455,5222,1.0000
13456,5222,1.0000
13457,5222,1.0000
13458,5222,1.0000
13459,5222,1.0000
13460,5222,1.0000
13461,5222,1.0000
13462,5222,1.0000
13463,5222,1.0000
13464,5222,1.0000
13465,5222,1.0000
13466,5222,1.0000
13467,5222,1.0000
13468,5222,1.0000
13469,5222,1.0000
13470,5222,1.0000
13471,5222,1.0000
13472,5222,1.0000
13473,5222,1.0000
13474,5222,1.0000
13475,5222,1.0000
13476,5222,1.0000
13477,5222,1.0000
13478,5222,1.0000
13479,5222,1.0000
13480,5222,1.0000
13481,5222,1.0000
13482,5222,1.0000
13483,5222,1.0000
13484,5222,1.0000
13485,5222,1.0000
13486,5222,1.0000
13487,5222,1.0000
13488,5222,1.0000
13489,5222,1.0000
13490,5222,1.0000
13491,5222,1.0000
13492,5222,1.0000
13493,5222,1.0000
13494,5222,1.0000
13495,5222,1.0000
13496,5222,1.0000
13497,5222,1.0000
13498,5222,1.0000
13499,5222,1.0000
13500,5222,1.0000
13501,5222,1.0000
13502,5222,1.0000
13503,5222,1.0000
13504,5222,1.0000
13505,5222,1.0000
13506,5222,1.0000
13507,5222,1.0000
13508,5222,1.0000
13509,5222,1.0000
13510,5222,1.0000
13511,5222,1.0000
13512,5222,1.0000
13513,5222,1.0000
13514,5222,1.0000
13515,5222,1.0000
13516,5222,1.0000
13517,5222,1.0000
13518,5222,1.0000
13519,5222,1.0000
13520,5222,1.0000
13521,5222,1.0000
13522,5222,1.0000
13523,5222,1.0000
13524,5222,1.0000
13525,5222,1.0000
13526,5222,1.0000
13527,5222,1.0000
13528,5222,1.0000
13529,5222,1.0000
13530,5222,1.0000
13531,5222,1.0000
13532,5222,1.0000
13533,5222,1.0000
13534,5222,1.0000
13535,5222,1.0000
13536,5222,1.0000
13537,5222,1.0000
13538,5222,1.0000
13539,5222,1.0000
13540,5222,1.0000
13541,5222,1.0000
13542,5222,1.0000
13543,5222,1.0000
13544,5222,1.0000
13545,5222,1.0000
13546,5222,1.0000
13547,5222,1.0000
13548,5222,1.0000
13549,5222,1.0000
13550,5222,1.0000
13551,5222,1.0000
13552,5222,1.0000
13553,5222,1.0000
13554,5222,1.0000
13555,5222,1.0000
13556,5222,1.0000
13557,5222,1.0000
13558,5222,1.0000
13559,5222,1.0000
13560,5222,1.0000
13561,5222,.9615
13561,-999,.0385
13562,-999,.5504
13562,5222,.4496
13563,-999,.7422
13563,5222,.2578
13564,-999,.9606
13564,5222,.0394
13565,-999,1.0000
13566,-999,1.0000
13567,5674,1.0000
13568,5674,1.0000
13569,5674,1.0000
13570,5674,1.0000
13571,5674,.6032
13571,5222,.3968
13572,5222,1.0000
13573,5222,1.0000
13574,5222,.2893
13574,5674,.7107
13575,5674,.8308
13575,5222,.1692
13576,5222,.9692
13576,5674,.0308
13577,5222,1.0000
13578,5222,1.0000
13579,5222,1.0000
13580,5222,1.0000
13581,5222,.8306
13581,5674,.1694
13582,5674,.9531
13582,5222,.0469
13583,5674,1.0000
13584,5674,1.0000
13585,5674,.7857
13585,5222,.2143
13586,5222,.8403
13586,5674,.1597
13587,5222,1.0000
13588,5222,1.0000
13589,5222,.9394
13589,5674,.0606
13590,5222,.4924
13590,5674,.5076
13591,5222,.6748
13591,5674,.3252
13592,5222,1.0000
13593,5222,1.0000
13594,5222,1.0000
13595,5222,1.0000
13596,5222,1.0000
13597,5222,1.0000
13598,5222,1.0000
13599,5222,1.0000
13600,5222,1.0000
13601,5222,1.0000
13602,5222,1.0000
13603,5222,1.0000
13604,5222,1.0000
13605,5222,1.0000
13606,5222,1.0000
13607,5222,1.0000
13608,5222,1.0000
13609,5222,1.0000
13610,5222,1.0000
13611,5222,1.0000
13612,5222,1.0000
13613,5222,1.0000
13614,5222,1.0000
13615,5222,1.0000
13616,5222,1.0000
13617,5222,1.0000
13618,5222,1.0000
13619,5222,1.0000
13620,5222,1.0000
13621,5222,1.0000
13622,5222,1.0000
13623,5222,1.0000
13624,5222,1.0000
13625,5222,1.0000
13626,5222,1.0000
13627,5222,1.0000
13628,5222,1.0000
13629,5222,1.0000
13630,5222,1.0000
13631,5222,1.0000
13632,5222,1.0000
13633,5222,1.0000
13634,5222,1.0000
13635,5222,1.0000
13636,5222,1.0000
13637,5222,1.0000
13638,5222,1.0000
13639,5222,1.0000
13640,5222,.8333
13640,5690,.1667
13641,5222,.9091
13641,5690,.0909
13642,5222,1.0000
13643,5222,1.0000
13644,5222,1.0000
13645,5222,1.0000
13646,5222,1.0000
13647,5222,1.0000
13648,5222,1.0000
13649,5222,1.0000
13650,5222,1.0000
13651,5222,1.0000
13652,5222,1.0000
13653,5222,1.0000
13654,5222,1.0000
13655,5222,1.0000
13656,5222,1.0000
13657,5222,1.0000
13658,5222,1.0000
13659,5222,1.0000
13660,5222,1.0000
13661,5222,1.0000
13662,5222,1.0000
13663,5222,1.0000
13664,5222,1.0000
13665,5222,1.0000
13666,5222,1.0000
13667,5222,1.0000
13668,5222,1.0000
13669,5222,1.0000
13670,5222,1.0000
13671,5222,1.0000
13672,5222,1.0000
13673,5222,1.0000
13674,5222,1.0000
13675,5222,1.0000
13676,5222,1.0000
13677,5222,1.0000
13678,5222,1.0000
13679,5222,1.0000
13680,5222,1.0000
13681,5222,1.0000
13682,5222,1.0000
13683,5222,1.0000
13684,5222,1.0000
13685,5222,1.0000
13686,5222,1.0000
13687,5222,1.0000
13688,5222,1.0000
13689,5222,1.0000
13690,5222,1.0000
13691,5222,1.0000
13692,5222,1.0000
13693,5222,1.0000
13694,5222,.5703
13694,-999,.4297
13695,5222,.0534
13695,-999,.9466
13696,5222,.7812
13696,-999,.2187
13697,-999,.5814
13697,5222,.4186
13698,-999,.9766
13698,5222,.0234
13699,-999,1.0000
13700,5674,1.0000
13701,5674,1.0000
13702,5674,1.0000
13703,5674,1.0000
13704,5674,.9127
13704,5222,.0873
13705,5222,.9760
13705,5674,.0240
13706,5222,1.0000
13707,5222,.2326
13707,5674,.7674
13708,5674,1.0000
13709,5674,.7500
13709,5222,.2500
13710,5222,.9848
13710,5674,.0152
13711,5222,1.0000
13712,5222,1.0000
13713,5222,1.0000
13714,5222,1.0000
13715,5222,.5935
13715,5674,.4065
13716,5674,.9919
13716,5222,.0081
13717,5674,1.0000
13718,5674,1.0000
13719,5674,.8788
13719,5222,.1212
13720,5222,.7833
13720,5674,.2167
13721,5222,1.0000
13722,5222,.7955
13722,5674,.2045
13723,5674,1.0000
13724,5674,.9924
13724,5222,.0076
13725,5222,.6615
13725,5674,.3385
13726,5222,1.0000
13727,5222,1.0000
13728,5222,1.0000
13729,5222,1.0000
13730,5222,1.0000
13731,5222,1.0000
13732,5222,1.0000
13733,5222,1.0000
13734,5222,1.0000
13735,5222,1.0000
13736,5222,1.0000
13737,5222,1.0000
13738,5222,1.0000
13739,5222,1.0000
13740,5222,1.0000
13741,5222,1.0000
13742,5222,1.0000
13743,5222,1.0000
13744,5222,1.0000
13745,5222,1.0000
13746,5222,1.0000
13747,5222,1.0000
13748,5222,1.0000
13749,5222,1.0000
13750,5222,1.0000
13751,5222,1.0000
13752,5222,1.0000
13753,5222,1.0000
13754,5222,1.0000
13755,5222,1.0000
13756,5222,1.0000
13757,5222,1.0000
13758,5222,1.0000
13759,5222,1.0000
13760,5222,1.0000
13761,5222,1.0000
13762,5222,1.0000
13763,5222,1.0000
13764,5222,1.0000
13765,5222,1.0000
13766,5222,1.0000
13767,5222,1.0000
13768,5222,1.0000
13769,5222,1.0000
13770,5222,1.0000
13771,5222,1.0000
13772,5222,.7405
13772,5690,.2595
13773,5222,.0152
13773,5690,.9848
13774,5690,.8672
13774,5222,.1328
13775,5222,.7520
13775,5690,.2480
13776,5222,1.0000
13777,5222,1.0000
13778,5222,1.0000
13779,5222,1.0000
13780,5222,1.0000
13781,5222,1.0000
13782,5222,1.0000
13783,5222,1.0000
13784,5222,1.0000
13785,5222,1.0000
13786,5222,1.0000
13787,5222,1.0000
13788,5222,1.0000
13789,5222,1.0000
13790,5222,1.0000
13791,5222,1.0000
13792,5222,1.0000
13793,5222,1.0000
13794,5222,1.0000
13795,5222,1.0000
13796,5222,1.0000
13797,5222,1.0000
13798,5222,1.0000
13799,5222,1.0000
13800,5222,1.0000
13801,5222,1.0000
13802,5222,1.0000
13803,5222,1.0000
13804,5222,1.0000
13805,5222,1.0000
13806,5222,1.0000
13807,5222,1.0000
13808,5222,1.0000
13809,5222,1.0000
13810,5222,1.0000
13811,5222,1.0000
13812,5222,1.0000
13813,5222,1.0000
13814,5222,1.0000
13815,5222,1.0000
13816,5222,1.0000
13817,5222,1.0000
13818,5222,1.0000
13819,5222,1.0000
13820,5222,1.0000
13821,5222,1.0000
13822,5222,1.0000
13823,5222,1.0000
13824,5222,1.0000
13825,5222,1.0000
13826,5222,.9318
13826,-999,.0682
13827,-999,.8000
13827,5222,.2000
13828,-999,.4803
13828,5222,.5197
13829,-999,.5154
13829,5222,.4846
13830,-999,1.0000
13831,-999,1.0000
13832,-999,1.0000
13833,5674,1.0000
13834,5674,1.0000
13835,5674,1.0000
13836,5674,1.0000
13837,5674,.4848
13837,5222,.5152
13838,5222,1.0000
13839,5222,1.0000
13840,5222,.6894
13840,5674,.3106
13841,5674,.7054
13841,5222,.2946
13842,5674,.6825
13842,5222,.3175
13843,5674,.0379
13843,5222,.9621
13844,5222,1.0000
13845,5222,1.0000
13846,5222,1.0000
13847,5222,1.0000
13848,5222,1.0000
13849,5222,.6667
13849,5674,.3333
13850,5674,.9120
13850,5222,.0880
13851,5674,1.0000
13852,5674,1.0000
13853,5674,.9318
13853,5222,.0682
13854,5222,.6480
13854,5674,.3520
13855,5222,.8226
13855,5674,.1774
13856,5674,1.0000
13857,5674,1.0000
13858,5674,.5703
13858,5222,.4297
13859,5222,1.0000
13860,5222,1.0000
13861,5222,1.0000
13862,5222,1.0000
13863,5222,1.0000
13864,5222,1.0000
13865,5222,1.0000
13866,5222,1.0000
13867,5222,1.0000
13868,5222,1.0000
13869,5222,1.0000
13870,5222,1.0000
13871,5222,1.0000
13872,5222,1.0000
13873,5222,1.0000
13874,5222,1.0000
13875,5222,1.0000
13876,5222,1.0000
13877,5222,1.0000
13878,5222,1.0000
13879,5222,1.0000
13880,5222,1.0000
13881,5222,1.0000
13882,5222,1.0000
13883,5222,1.0000
13884,5222,1.0000
13885,5222,1.0000
13886,5222,1.0000
13887,5222,1.0000
13888,5222,1.0000
13889,5222,1.0000
13890,5222,1.0000
13891,5222,1.0000
13892,5222,1.0000
13893,5222,1.0000
13894,5222,1.0000
13895,5222,1.0000
13896,5222,1.0000
13897,5222,1.0000
13898,5222,1.0000
13899,5222,1.0000
13900,5222,1.0000
13901,5222,1.0000
13902,5222,1.0000
13903,5222,1.0000
13904,5222,1.0000
13905,5222,.6692
13905,5690,.3308
13906,5690,1.0000
13907,5690,1.0000
13908,5690,.9692
13908,5222,.0308
13909,5222,.4091
13909,5690,.5909
13910,5222,.8968
13910,5690,.1032
13911,5222,1.0000
13912,5222,1.0000
13913,5222,1.0000
13914,5222,1.0000
13915,5222,1.0000
13916,5222,1.0000
13917,5222,1.0000
13918,5222,1.0000
13919,5222,1.0000
13920,5222,1.0000
13921,5222,1.0000
13922,5222,1.0000
13923,5222,1.0000
13924,5222,1.0000
13925,5222,1.0000
13926,5222,1.0000
13927,5222,1.0000
13928,5222,1.0000
13929,5222,1.0000
13930,5222,1.0000
13931,5222,1.0000
13932,5222,1.0000
13933,5222,1.0000
13934,5222,1.0000
13935,5222,1.0000
13936,5222,1.0000
13937,5222,1.0000
13938,5222,1.0000
13939,5222,1.0000
13940,5222,1.0000
13941,5222,1.0000
13942,5222,1.0000
13943,5222,1.0000
13944,5222,1.0000
13945,5222,1.0000
13946,5222,1.0000
13947,5222,1.0000
13948,5222,1.0000
13949,5222,1.0000
13950,5222,1.0000
13951,5222,1.0000
13952,5222,1.0000
13953,5222,1.0000
13954,5222,1.0000
13955,5222,1.0000
13956,5222,1.0000
13957,5222,1.0000
13958,5222,1.0000
13959,5222,1.0000
13960,5222,.9695
13960,-999,.0305
13961,5222,.9612
13961,-999,.0388
13962,-999,.6667
13962,5222,.3333
13963,-999,.6846
13963,5222,.3154
13964,-999,1.0000
13965,-999,1.0000
13966,5674,1.0000
13967,5674,1.0000
13968,5674,1.0000
13969,5674,.7920
13969,5222,.2080
13970,5674,.0227
13970,5222,.9773
13971,5222,1.0000
13972,5222,1.0000
13973,5222,1.0000
13974,5222,1.0000
13975,5222,1.0000
13976,5222,1.0000
13977,5222,1.0000
13978,5222,1.0000
13979,5222,1.0000
13980,5222,1.0000
13981,5222,1.0000
13982,5222,1.0000
13983,5222,.9062
13983,5674,.0937
13984,5674,.5772
13984,5222,.4228
13985,5674,.9773
13985,5222,.0227
13986,5674,1.0000
13987,5674,.8682
13987,5222,.1318
13988,5222,.6378
13988,5674,.3622
13989,5674,1.0000
13990,5674,1.0000
13991,5674,.3561
13991,5222,.6439
13992,5222,1.0000
13993,5222,1.0000
13994,5222,1.0000
13995,5222,1.0000
13996,5222,1.0000
13997,5222,1.0000
13998,5222,1.0000
13999,5222,1.0000
14000,5222,1.0000
14001,5222,1.0000
14002,5222,1.0000
14003,5222,1.0000
14004,5222,1.0000
14005,5222,1.0000
14006,5222,1.0000
14007,5222,1.0000
14008,5222,1.0000
14009,5222,1.0000
14010,5222,1.0000
14011,5222,1.0000
14012,5222,1.0000
14013,5222,1.0000
14014,5222,1.0000
14015,5222,1.0000
14016,5222,1.0000
14017,5222,1.0000
14018,5222,1.0000
14019,5222,1.0000
14020,5222,1.0000
14021,5222,1.0000
14022,5222,1.0000
14023,5222,1.0000
14024,5222,1.0000
14025,5222,1.0000
14026,5222,1.0000
14027,5222,1.0000
14028,5222,1.0000
14029,5222,1.0000
14030,5222,1.0000
14031,5222,1.0000
14032,5222,1.0000
14033,5222,1.0000
14034,5222,1.0000
14035,5222,1.0000
14036,5222,1.0000
14037,5222,1.0000
14038,5222,.8437
14038,5690,.1562
14039,5690,1.0000
14040,5690,1.0000
14041,5690,1.0000
14042,5690,1.0000
14043,5222,.3889
14043,5690,.6111
14044,5222,1.0000
14045,5222,1.0000
14046,5222,1.0000
14047,5222,1.0000
14048,5222,1.0000
14049,5222,1.0000
14050,5222,1.0000
14051,5222,1.0000
14052,5222,1.0000
14053,5222,1.0000
14054,5222,1.0000
14055,5222,1.0000
14056,5222,1.0000
14057,5222,1.0000
14058,5222,1.0000
14059,5222,1.0000
14060,5222,1.0000
14061,5222,1.0000
14062,5222,1.0000
14063,5222,1.0000
14064,5222,1.0000
14065,5222,1.0000
14066,5222,1.0000
14067,5222,1.0000
14068,5222,1.0000
14069,5222,1.0000
14070,5222,1.0000
14071,5222,1.0000
14072,5222,1.0000
14073,5222,1.0000
14074,5222,1.0000
14075,5222,1.0000
14076,5222,1.0000
14077,5222,1.0000
14078,5222,1.0000
14079,5222,1.0000
14080,5222,1.0000
14081,5222,1.0000
14082,5222,1.0000
14083,5222,1.0000
14084,5222,1.0000
14085,5222,1.0000
14086,5222,1.0000
14087,5222,1.0000
14088,5222,1.0000
14089,5222,1.0000
14090,5222,1.0000
14091,5222,1.0000
14092,5222,.5703
14092,-999,.4297
14093,5222,.1953
14093,-999,.8047
14094,5222,.3511
14094,-999,.6489
14095,-999,.9141
14095,5222,.0859
14096,-999,.4496
14096,5222,.5504
14097,-999,.6641
14097,5222,.3359
14098,-999,.9380
14098,5222,.0620
14099,5674,1.0000
14100,5674,1.0000
14101,5674,1.0000
14102,5674,.4692
14102,5222,.5308
14103,5222,1.0000
14104,5222,1.0000
14105,5222,1.0000
14106,5222,1.0000
14107,5222,1.0000
14108,5222,1.0000
14109,5222,1.0000
14110,5222,1.0000
14111,5222,1.0000
14112,5222,1.0000
14113,5222,1.0000
14114,5222,1.0000
14115,5222,1.0000
14116,5222,1.0000
14117,5222,1.0000
14118,5222,.7373
14118,5674,.2627
14119,5674,.7984
14119,5222,.2016
14120,5674,1.0000
14121,5674,.9621
14121,5222,.0379
14122,5674,1.0000
14123,5674,.8629
14123,5222,.1371
14124,5674,.0574
14124,5222,.9426
14125,5222,1.0000
14126,5222,1.0000
14127,5222,1.0000
14128,5222,1.0000
14129,5222,1.0000
14130,5222,1.0000
14131,5222,1.0000
14132,5222,1.0000
14133,5222,1.0000
14134,5222,1.0000
14135,5222,1.0000
14136,5222,1.0000
14137,5222,1.0000
14138,5222,1.0000
14139,5222,1.0000
14140,5222,1.0000
14141,5222,1.0000
14142,5222,1.0000
14143,5222,1.0000
14144,5222,1.0000
14145,5222,1.0000
14146,5222,1.0000
14147,5222,1.0000
14148,5222,1.0000
14149,5222,.9773
14149,5690,.0227
14150,5222,.7742
14150,5690,.2258
14151,5222,.4746
14151,5690,.5254
14152,5222,.4667
14152,5690,.5333
14153,5222,.7213
14153,5690,.2787
14154,5222,.8712
14154,5690,.1288
14155,5222,.9621
14155,5690,.0379
14156,5222,1.0000
14157,5222,1.0000
14158,5222,1.0000
14159,5222,1.0000
14160,5222,1.0000
14161,5222,1.0000
14162,5222,1.0000
14163,5222,1.0000
14164,5222,1.0000
14165,5222,1.0000
14166,5222,1.0000
14167,5222,1.0000
14168,5222,1.0000
14169,5222,1.0000
14170,5222,1.0000
14171,5222,.9760
14171,5690,.0240
14172,5690,.8712
14172,5222,.1288
14173,5690,1.0000
14174,5690,1.0000
14175,5690,1.0000
14176,5690,.9924
14176,5222,.0076
14177,5222,.7197
14177,5690,.2803
14178,5222,1.0000
14179,5222,1.0000
14180,5222,1.0000
14181,5222,1.0000
14182,5222,1.0000
14183,5222,1.0000
14184,5222,1.0000
14185,5222,1.0000
14186,5222,1.0000
14187,5222,1.0000
14188,5222,1.0000
14189,5222,1.0000
14190,5222,1.0000
14191,5222,1.0000
14192,5222,1.0000
14193,5222,1.0000
14194,5222,1.0000
14195,5222,1.0000
14196,5222,1.0000
14197,5222,1.0000
14198,5222,1.0000
14199,5222,1.0000
14200,5222,1.0000
14201,5222,1.0000
14202,5222,1.0000
14203,5222,1.0000
14204,5222,1.0000
14205,5222,1.0000
14206,5222,1.0000
14207,5222,1.0000
14208,5222,1.0000
14209,5222,1.0000
14210,5222,1.0000
14211,5222,1.0000
14212,5222,1.0000
14213,5222,1.0000
14214,5222,1.0000
14215,5222,1.0000
14216,5222,1.0000
14217,5222,1.0000
14218,5222,1.0000
14219,5222,1.0000
14220,5222,1.0000
14221,5222,1.0000
14222,5222,1.0000
14223,5222,1.0000
14224,5222,1.0000
14225,5222,.3846
14225,-999,.6154
14226,-999,.8846
14226,5222,.1154
14227,-999,.8828
14227,5222,.1172
14228,-999,.5725
14228,5222,.4275
14229,-999,.7812
14229,5222,.2187
14230,5222,.6124
14230,-999,.3876
14231,5222,.5923
14231,-999,.4077
14232,5674,.7727
14232,5222,.2273
14233,5674,.5827
14233,5222,.4173
14234,5674,.9843
14234,5222,.0157
14235,5674,.6591
14235,5222,.3409
14236,5222,1.0000
14237,5222,1.0000
14238,5222,1.0000
14239,5222,1.0000
14240,5222,1.0000
14241,5222,1.0000
14242,5222,1.0000
14243,5222,1.0000
14244,5222,1.0000
14245,5222,1.0000
14246,5222,1.0000
14247,5222,1.0000
14248,5222,1.0000
14249,5222,1.0000
14250,5222,1.0000
14251,5222,1.0000
14252,5222,.9262
14252,5674,.0738
14253,5674,.8828
14253,5222,.1172
14254,5674,1.0000
14255,5674,1.0000
14256,5674,.3258
14256,5222,.6742
14257,5222,1.0000
14258,5222,1.0000
14259,5222,1.0000
14260,5222,1.0000
14261,5222,1.0000
14262,5222,1.0000
14263,5222,1.0000
14264,5222,1.0000
14265,5222,1.0000
14266,5222,1.0000
14267,5222,1.0000
14268,5222,1.0000
14269,5222,1.0000
14270,5222,1.0000
14271,5222,1.0000
14272,5222,1.0000
14273,5222,1.0000
14274,5222,1.0000
14275,5222,1.0000
14276,5222,1.0000
14277,5222,1.0000
14278,5222,1.0000
14279,5222,1.0000
14280,5222,1.0000
14281,5222,.5833
14281,5690,.4167
14282,5222,.1083
14282,5690,.8917
14283,5690,1.0000
14284,5690,1.0000
14285,5690,1.0000
14286,5690,1.0000
14287,5690,.9773
14287,5222,.0227
14288,5690,.8636
14288,5222,.1364
14289,5222,.7652
14289,5690,.2348
14290,5222,1.0000
14291,5222,1.0000
14292,5222,1.0000
14293,5222,1.0000
14294,5222,1.0000
14295,5222,1.0000
14296,5222,1.0000
14297,5222,1.0000
14298,5222,1.0000
14299,5222,1.0000
14300,5222,1.0000
14301,5222,1.0000
14302,5222,1.0000
14303,5222,1.0000
14304,5222,1.0000
14305,5222,.6489
14305,5690,.3511
14306,5690,1.0000
14307,5690,1.0000
14308,5690,1.0000
14309,5690,1.0000
14310,5690,.6371
14310,5222,.3629
14311,5222,1.0000
14312,5222,1.0000
14313,5222,1.0000
14314,5222,1.0000
14315,5222,1.0000
14316,5222,1.0000
14317,5222,1.0000
14318,5222,1.0000
14319,5222,1.0000
14320,5222,1.0000
14321,5222,1.0000
14322,5222,1.0000
14323,5222,1.0000
14324,5222,1.0000
14325,5222,1.0000
14326,5222,1.0000
14327,5222,1.0000
14328,5222,1.0000
14329,5222,1.0000
14330,5222,1.0000
14331,5222,1.0000
14332,5222,1.0000
14333,5222,1.0000
14334,5222,1.0000
14335,5222,1.0000
14336,5222,1.0000
14337,5222,1.0000
14338,5222,1.0000
14339,5222,1.0000
14340,5222,1.0000
14341,5222,1.0000
14342,5222,1.0000
14343,5222,1.0000
14344,5222,1.0000
14345,5222,1.0000
14346,5222,1.0000
14347,5222,1.0000
14348,5222,1.0000
14349,5222,1.0000
14350,5222,1.0000
14351,5222,1.0000
14352,5222,1.0000
14353,5222,1.0000
14354,5222,1.0000
14355,5222,1.0000
14356,5222,1.0000
14357,5222,1.0000
14358,5222,.7557
14358,-999,.2443
14359,-999,.3798
14359,5222,.6202
14360,-999,.8538
14360,5222,.1462
14361,-999,.1953
14361,5222,.8047
14362,5222,.4885
14362,-999,.5115
14363,-999,.7692
14363,5222,.2308
14364,-999,.5039
14364,5222,.4961
14365,5674,.3047
14365,5222,.6953
14366,5222,1.0000
14367,5222,.7222
14367,5674,.2778
14368,5674,.5923
14368,5222,.4077
14369,5222,.9924
14369,5674,.0076
14370,5222,1.0000
14371,5222,1.0000
14372,5222,1.0000
14373,5222,1.0000
14374,5222,1.0000
14375,5222,1.0000
14376,5222,1.0000
14377,5222,1.0000
14378,5222,1.0000
14379,5222,1.0000
14380,5222,1.0000
14381,5222,1.0000
14382,5222,1.0000
14383,5222,.7121
14383,5674,.2879
14384,5222,.2424
14384,5674,.7576
14385,5222,.2273
14385,5674,.7727
14386,5222,.0400
14386,5674,.9600
14387,5674,1.0000
14388,5674,.7424
14388,5222,.2576
14389,5674,.0076
14389,5222,.9924
14390,5222,1.0000
14391,5222,1.0000
14392,5222,1.0000
14393,5222,1.0000
14394,5222,1.0000
14395,5222,1.0000
14396,5222,1.0000
14397,5222,1.0000
14398,5222,1.0000
14399,5222,1.0000
14400,5222,1.0000
14401,5222,1.0000
14402,5222,1.0000
14403,5222,1.0000
14404,5222,1.0000
14405,5222,1.0000
14406,5222,1.0000
14407,5222,1.0000
14408,5222,1.0000
14409,5222,1.0000
14410,5222,1.0000
14411,5222,1.0000
14412,5222,.8864
14412,5690,.1136
14413,5222,.2500
14413,5690,.7500
14414,5222,.0076
14414,5690,.9924
14415,5690,1.0000
14416,5690,1.0000
14417,5690,1.0000
14418,5690,1.0000
14419,5690,1.0000
14420,5690,1.0000
14421,5690,1.0000
14422,5690,.7440
14422,5222,.2560
14423,5222,1.0000
14424,5222,1.0000
14425,5222,1.0000
14426,5222,1.0000
14427,5222,1.0000
14428,5222,1.0000
14429,5222,1.0000
14430,5222,1.0000
14431,5222,1.0000
14432,5222,1.0000
14433,5222,1.0000
14434,5222,1.0000
14435,5222,1.0000
14436,5222,1.0000
14437,5222,1.0000
14438,5222,.9687
14438,5690,.0312
14439,5690,.8468
14439,5222,.1532
14440,5690,1.0000
14441,5690,1.0000
14442,5690,1.0000
14443,5690,.9225
14443,5222,.0775
14444,5222,.9394
14444,5690,.0606
14445,5222,1.0000
14446,5222,1.0000
14447,5222,1.0000
14448,5222,1.0000
14449,5222,1.0000
14450,5222,1.0000
14451,5222,1.0000
14452,5222,1.0000
14453,5222,1.0000
14454,5222,1.0000
14455,5222,1.0000
14456,5222,1.0000
14457,5222,1.0000
14458,5222,1.0000
14459,5222,1.0000
14460,5222,1.0000
14461,5222,1.0000
14462,5222,1.0000
14463,5222,1.0000
14464,5222,1.0000
14465,5222,1.0000
14466,5222,1.0000
14467,5222,1.0000
14468,5222,1.0000
14469,5222,1.0000
14470,5222,1.0000
14471,5222,1.0000
14472,5222,1.0000
14473,5222,1.0000
14474,5222,1.0000
14475,5222,1.0000
14476,5222,1.0000
14477,5222,1.0000
14478,5222,1.0000
14479,5222,1.0000
14480,5222,1.0000
14481,5222,1.0000
14482,5222,1.0000
14483,5222,1.0000
14484,5222,1.0000
14485,5222,1.0000
14486,5222,1.0000
14487,5222,1.0000
14488,5222,1.0000
14489,5222,1.0000
14490,5222,1.0000
14491,5222,1.0000
14492,5222,1.0000
14493,5222,.9457
14493,-999,.0543
14494,5222,.8828
14494,-999,.1172
14495,5222,1.0000
14496,5222,.6489
14496,-999,.3511
14497,5222,.0775
14497,-999,.9225
14498,5674,.1360
14498,5222,.8640
14499,5222,1.0000
14500,5222,1.0000
14501,5222,1.0000
14502,5222,1.0000
14503,5222,1.0000
14504,5222,1.0000
14505,5222,1.0000
14506,5222,1.0000
14507,5222,1.0000
14508,5222,1.0000
14509,5222,1.0000
14510,5222,1.0000
14511,5222,1.0000
14512,5222,1.0000
14513,5222,.9621
14513,5674,.0379
14514,5222,.6818
14514,5674,.3182
14515,5222,.3281
14515,5674,.6719
14516,5222,.0081
14516,5674,.9919
14517,5674,1.0000
14518,5674,1.0000
14519,5674,1.0000
14520,5674,1.0000
14521,5674,.3667
14521,5222,.6333
14522,5222,1.0000
14523,5222,1.0000
14524,5222,1.0000
14525,5222,1.0000
14526,5222,1.0000
14527,5222,1.0000
14528,5222,1.0000
14529,5222,1.0000
14530,5222,1.0000
14531,5222,1.0000
14532,5222,1.0000
14533,5222,1.0000
14534,5222,1.0000
14535,5222,1.0000
14536,5222,1.0000
14537,5222,1.0000
14538,5222,1.0000
14539,5222,1.0000
14540,5222,1.0000
14541,5222,1.0000
14542,5222,1.0000
14543,5222,1.0000
14544,5222,1.0000
14545,5222,.8106
14545,5690,.1894
14546,5690,1.0000
14547,5690,1.0000
14548,5690,1.0000
14549,5690,1.0000
14550,5690,1.0000
14551,5690,1.0000
14552,5690,1.0000
14553,5690,1.0000
14554,5690,1.0000
14555,5690,.9055
14555,5222,.0945
14556,5222,.9615
14556,5690,.0385
14557,5222,1.0000
14558,5222,1.0000
14559,5222,1.0000
14560,5222,1.0000
14561,5222,1.0000
14562,5222,1.0000
14563,5222,1.0000
14564,5222,1.0000
14565,5222,1.0000
14566,5222,1.0000
14567,5222,1.0000
14568,5222,1.0000
14569,5222,1.0000
14570,5222,1.0000
14571,5222,1.0000
14572,5222,.4167
14572,5690,.5833
14573,5690,1.0000
14574,5690,1.0000
14575,5690,1.0000
14576,5690,1.0000
14577,5690,.2748
14577,5222,.7252
14578,5222,1.0000
14579,5222,1.0000
14580,5222,1.0000
14581,5222,1.0000
14582,5222,1.0000
14583,5222,1.0000
14584,5222,1.0000
14585,5222,1.0000
14586,5222,1.0000
14587,5222,1.0000
14588,5222,1.0000
14589,5222,1.0000
14590,5222,1.0000
14591,5222,1.0000
14592,5222,1.0000
14593,5222,1.0000
14594,5222,1.0000
14595,5222,1.0000
14596,5222,1.0000
14597,5222,1.0000
14598,5222,1.0000
14599,5222,1.0000
14600,5222,1.0000
14601,5222,1.0000
14602,5222,1.0000
14603,5222,1.0000
14604,5222,1.0000
14605,5222,1.0000
14606,5222,1.0000
14607,5222,1.0000
14608,5222,1.0000
14609,5222,1.0000
14610,5222,1.0000
14611,5222,1.0000
14612,5222,1.0000
14613,5222,1.0000
14614,5222,1.0000
14615,5222,1.0000
14616,5222,1.0000
14617,5222,1.0000
14618,5222,1.0000
14619,5222,1.0000
14620,5222,1.0000
14621,5222,1.0000
14622,5222,1.0000
14623,5222,1.0000
14624,5222,1.0000
14625,5222,1.0000
14626,5222,1.0000
14627,5222,1.0000
14628,5222,1.0000
14629,5222,.8594
14629,-999,.1406
14630,-999,.5639
14630,5222,.4361
14631,5222,1.0000
14632,5222,1.0000
14633,5222,1.0000
14634,5222,1.0000
14635,5222,1.0000
14636,5222,1.0000
14637,5222,1.0000
14638,5222,1.0000
14639,5222,1.0000
14640,5222,1.0000
14641,5222,1.0000
14642,5222,1.0000
14643,5222,.7955
14643,5674,.2045
14644,5222,.4242
14644,5674,.5758
14645,5222,.2480
14645,5674,.7520
14646,5222,.0781
14646,5674,.9219
14647,5674,1.0000
14648,5674,1.0000
14649,5674,1.0000
14650,5674,1.0000
14651,5674,1.0000
14652,5674,1.0000
14653,5674,1.0000
14654,5674,.4318
14654,5222,.5682
14655,5222,1.0000
14656,5222,1.0000
14657,5222,1.0000
14658,5222,1.0000
14659,5222,1.0000
14660,5222,1.0000
14661,5222,1.0000
14662,5222,1.0000
14663,5222,1.0000
14664,5222,1.0000
14665,5222,1.0000
14666,5222,1.0000
14667,5222,1.0000
14668,5222,1.0000
14669,5222,1.0000
14670,5222,1.0000
14671,5222,1.0000
14672,5222,1.0000
14673,5222,1.0000
14674,5222,1.0000
14675,5222,1.0000
14676,5222,1.0000
14677,5222,1.0000
14678,5222,.6742
14678,5690,.3258
14679,5690,1.0000
14680,5690,1.0000
14681,5690,1.0000
14682,5690,1.0000
14683,5690,1.0000
14684,5690,1.0000
14685,5690,1.0000
14686,5690,1.0000
14687,5690,1.0000
14688,5690,.9318
14688,5222,.0682
14689,5690,.0833
14689,5222,.9167
14690,5222,1.0000
14691,5222,1.0000
14692,5222,1.0000
14693,5222,1.0000
14694,5222,1.0000
14695,5222,1.0000
14696,5222,1.0000
14697,5222,1.0000
14698,5222,1.0000
14699,5222,1.0000
14700,5222,1.0000
14701,5222,1.0000
14702,5222,1.0000
14703,5222,1.0000
14704,5222,1.0000
14705,5222,.5000
14705,5690,.5000
14706,5690,1.0000
14707,5690,1.0000
14708,5690,1.0000
14709,5690,1.0000
14710,5222,.6613
14710,5690,.3387
14711,5222,1.0000
14712,5222,1.0000
14713,5222,1.0000
14714,5222,1.0000
14715,5222,1.0000
14716,5222,1.0000
14717,5222,1.0000
14718,5222,1.0000
14719,5222,1.0000
14720,5222,1.0000
14721,5222,1.0000
14722,5222,1.0000
14723,5222,1.0000
14724,5222,1.0000
14725,5222,1.0000
14726,5222,1.0000
14727,5222,1.0000
14728,5222,1.0000
14729,5222,1.0000
14730,5222,1.0000
14731,5222,1.0000
14732,5222,1.0000
14733,5222,1.0000
14734,5222,1.0000
14735,5222,1.0000
14736,5222,1.0000
14737,5222,1.0000
14738,5222,1.0000
14739,5222,1.0000
14740,5222,1.0000
14741,5222,1.0000
14742,5222,1.0000
14743,5222,1.0000
14744,5222,1.0000
14745,5222,1.0000
14746,5222,1.0000
14747,5222,1.0000
14748,5222,1.0000
14749,5222,1.0000
14750,5222,1.0000
14751,5222,1.0000
14752,5222,1.0000
14753,5222,1.0000
14754,5222,1.0000
14755,5222,1.0000
14756,5222,1.0000
14757,5222,1.0000
14758,5222,1.0000
14759,5222,1.0000
14760,5222,1.0000
14761,5222,1.0000
14762,5222,1.0000
14763,5222,.9767
14763,-999,.0233
14764,5222,.8182
14764,5674,.1818
14765,5222,.9922
14765,5674,.0078
14766,5222,1.0000
14767,5222,1.0000
14768,5222,1.0000
14769,5222,1.0000
14770,5222,1.0000
14771,5222,1.0000
14772,5222,1.0000
14773,5222,1.0000
14774,5222,1.0000
14775,5222,1.0000
14776,5222,.8140
14776,5674,.1860
14777,5674,.9545
14777,5222,.0455
14778,5674,1.0000
14779,5674,1.0000
14780,5674,1.0000
14781,5674,1.0000
14782,5674,1.0000
14783,5674,1.0000
14784,5674,1.0000
14785,5674,1.0000
14786,5674,1.0000
14787,5674,.8258
14787,5222,.1742
14788,5222,.8939
14788,5674,.1061
14789,5222,1.0000
14790,5222,1.0000
14791,5222,1.0000
14792,5222,1.0000
14793,5222,1.0000
14794,5222,1.0000
14795,5222,1.0000
14796,5222,1.0000
14797,5222,1.0000
14798,5222,1.0000
14799,5222,1.0000
14800,5222,1.0000
14801,5222,1.0000
14802,5222,1.0000
14803,5222,1.0000
14804,5222,1.0000
14805,5222,1.0000
14806,5222,1.0000
14807,5222,1.0000
14808,5222,1.0000
14809,5222,1.0000
14810,5222,.6439
14810,5690,.3561
14811,5222,.0625
14811,5690,.9375
14812,5690,1.0000
14813,5690,1.0000
14814,5690,1.0000
14815,5690,1.0000
14816,5690,1.0000
14817,5690,1.0000
14818,5690,1.0000
14819,5690,1.0000
14820,5690,1.0000
14821,5690,.7045
14821,5222,.2955
14822,5222,1.0000
14823,5222,1.0000
14824,5222,1.0000
14825,5222,1.0000
14826,5222,1.0000
14827,5222,1.0000
14828,5222,1.0000
14829,5222,1.0000
14830,5222,1.0000
14831,5222,1.0000
14832,5222,1.0000
14833,5222,1.0000
14834,5222,1.0000
14835,5222,1.0000
14836,5222,1.0000
14837,5222,1.0000
14838,5222,.5504
14838,5690,.4496
14839,5690,1.0000
14840,5690,1.0000
14841,5690,1.0000
14842,5690,1.0000
14843,5690,.4242
14843,5222,.5758
14844,5222,1.0000
14845,5222,1.0000
14846,5222,1.0000
14847,5222,1.0000
14848,5222,1.0000
14849,5222,1.0000
14850,5222,1.0000
14851,5222,1.0000
14852,5222,1.0000
14853,5222,1.0000
14854,5222,1.0000
14855,5222,1.0000
14856,5222,1.0000
14857,5222,1.0000
14858,5222,1.0000
14859,5222,1.0000
14860,5222,1.0000
14861,5222,1.0000
14862,5222,1.0000
14863,5222,1.0000
14864,5222,1.0000
14865,5222,1.0000
14866,5222,1.0000
14867,5222,1.0000
14868,5222,1.0000
14869,5222,1.0000
14870,5222,1.0000
14871,5222,1.0000
14872,5222,1.0000
14873,5222,1.0000
14874,5222,1.0000
14875,5222,1.0000
14876,5222,1.0000
14877,5222,1.0000
14878,5222,1.0000
14879,5222,1.0000
14880,5222,1.0000
14881,5222,1.0000
14882,5222,1.0000
14883,5222,1.0000
14884,5222,1.0000
14885,5222,1.0000
14886,5222,1.0000
14887,5222,1.0000
14888,5222,1.0000
14889,5222,1.0000
14890,5222,1.0000
14891,5222,1.0000
14892,5222,1.0000
14893,5222,1.0000
14894,5222,1.0000
14895,5222,1.0000
14896,5222,1.0000
14897,5674,1.0000
14898,5674,.8647
14898,5222,.1353
14899,5222,.2283
14899,5674,.7717
14900,5222,.6641
14900,5674,.3359
14901,5222,1.0000
14902,5222,1.0000
14903,5222,1.0000
14904,5222,1.0000
14905,5222,1.0000
14906,5222,1.0000
14907,5222,1.0000
14908,5222,1.0000
14909,5222,.9440
14909,5674,.0560
14910,5222,.0781
14910,5674,.9219
14911,5674,1.0000
14912,5674,1.0000
14913,5674,1.0000
14914,5674,1.0000
14915,5674,1.0000
14916,5674,1.0000
14917,5674,1.0000
14918,5674,1.0000
14919,5674,1.0000
14920,5674,1.0000
14921,5674,.7273
14921,5222,.2727
14922,5222,.9545
14922,5674,.0455
14923,5222,1.0000
14924,5222,1.0000
14925,5222,1.0000
14926,5222,1.0000
14927,5222,1.0000
14928,5222,1.0000
14929,5222,1.0000
14930,5222,1.0000
14931,5222,1.0000
14932,5222,1.0000
14933,5222,1.0000
14934,5222,1.0000
14935,5222,1.0000
14936,5222,1.0000
14937,5222,1.0000
14938,5222,1.0000
14939,5222,1.0000
14940,5222,1.0000
14941,5222,1.0000
14942,5222,1.0000
14943,5222,.3583
14943,5690,.6417
14944,5690,1.0000
14945,5690,1.0000
14946,5690,1.0000
14947,5690,1.0000
14948,5690,1.0000
14949,5690,1.0000
14950,5690,1.0000
14951,5690,1.0000
14952,5690,1.0000
14953,5690,1.0000
14954,5690,.6063
14954,5222,.3937
14955,5222,1.0000
14956,5222,1.0000
14957,5222,1.0000
14958,5222,1.0000
14959,5222,1.0000
14960,5222,1.0000
14961,5222,1.0000
14962,5222,1.0000
14963,5222,1.0000
14964,5222,1.0000
14965,5222,1.0000
14966,5222,1.0000
14967,5222,1.0000
14968,5222,1.0000
14969,5222,1.0000
14970,5222,1.0000
14971,5690,.2480
14971,5222,.7520
14972,5690,1.0000
14973,5690,1.0000
14974,5690,1.0000
14975,5690,1.0000
14976,5690,.8182
14976,5222,.1818
14977,5222,.9922
14977,5690,.0078
14978,5222,1.0000
14979,5222,1.0000
14980,5222,1.0000
14981,5222,1.0000
14982,5222,1.0000
14983,5222,1.0000
14984,5222,1.0000
14985,5222,1.0000
14986,5222,1.0000
14987,5222,1.0000
14988,5222,1.0000
14989,5222,1.0000
14990,5222,1.0000
14991,5222,1.0000
14992,5222,1.0000
14993,5222,1.0000
14994,5222,1.0000
14995,5222,1.0000
14996,5222,1.0000
14997,5222,1.0000
14998,5222,1.0000
14999,5222,1.0000
15000,5222,1.0000
15001,5222,1.0000
15002,5222,1.0000
15003,5222,1.0000
15004,5222,1.0000
15005,5222,1.0000
15006,5222,1.0000
15007,5222,1.0000
15008,5222,1.0000
15009,5222,1.0000
15010,5222,1.0000
15011,5222,1.0000
15012,5222,1.0000
15013,5222,1.0000
15014,5222,1.0000
15015,5222,1.0000
15016,5222,1.0000
15017,5222,1.0000
15018,5222,1.0000
15019,5222,1.0000
15020,5222,1.0000
15021,5222,1.0000
15022,5222,1.0000
15023,5222,1.0000
15024,5222,1.0000
15025,5222,1.0000
15026,5222,1.0000
15027,5222,1.0000
15028,5222,1.0000
15029,5222,1.0000
15030,5674,1.0000
15031,5674,1.0000
15032,5674,.9924
15032,5222,.0076
15033,5674,.3120
15033,5222,.6880
15034,5222,1.0000
15035,5222,1.0000
15036,5222,1.0000
15037,5222,1.0000
15038,5222,1.0000
15039,5222,1.0000
15040,5222,1.0000
15041,5222,1.0000
15042,5222,.7803
15042,5674,.2197
15043,5674,1.0000
15044,5674,1.0000
15045,5674,1.0000
15046,5674,1.0000
15047,5674,1.0000
15048,5674,1.0000
15049,5674,1.0000
15050,5674,1.0000
15051,5674,.9773
15051,5222,.0227
15052,5674,.8047
15052,5222,.1953
15053,5674,1.0000
15054,5674,1.0000
15055,5674,.6894
15055,5222,.3106
15056,5222,.9318
15056,5674,.0682
15057,5222,1.0000
15058,5222,1.0000
15059,5222,1.0000
15060,5222,1.0000
15061,5222,1.0000
15062,5222,1.0000
15063,5222,1.0000
15064,5222,1.0000
15065,5222,1.0000
15066,5222,1.0000
15067,5222,1.0000
15068,5222,1.0000
15069,5222,1.0000
15070,5222,1.0000
15071,5222,1.0000
15072,5222,1.0000
15073,5222,1.0000
15074,5222,1.0000
15075,5222,1.0000
15076,5222,.7955
15076,5690,.2045
15077,5690,1.0000
15078,5690,1.0000
15079,5690,1.0000
15080,5690,1.0000
15081,5690,1.0000
15082,5690,1.0000
15083,5690,1.0000
15084,5690,1.0000
15085,5690,1.0000
15086,5690,1.0000
15087,5690,.6587
15087,5222,.3413
15088,5222,1.0000
15089,5222,1.0000
15090,5222,1.0000
15091,5222,1.0000
15092,5222,1.0000
15093,5222,1.0000
15094,5222,1.0000
15095,5222,1.0000
15096,5222,1.0000
15097,5222,1.0000
15098,5222,1.0000
15099,5222,1.0000
15100,5222,1.0000
15101,5222,1.0000
15102,5222,1.0000
15103,5222,1.0000
15104,5222,.6894
15104,5690,.3106
15105,5690,1.0000
15106,5690,1.0000
15107,5690,1.0000
15108,5690,1.0000
15109,5690,1.0000
15110,5222,.8640
15110,5690,.1360
15111,5222,1.0000
15112,5222,1.0000
15113,5222,1.0000
15114,5222,1.0000
15115,5222,1.0000
15116,5222,1.0000
15117,5222,1.0000
15118,5222,1.0000
15119,5222,1.0000
15120,5222,1.0000
15121,5222,1.0000
15122,5222,1.0000
15123,5222,1.0000
15124,5222,1.0000
15125,5222,1.0000
15126,5222,1.0000
15127,5222,1.0000
15128,5222,1.0000
15129,5222,1.0000
15130,5222,1.0000
15131,5222,1.0000
15132,5222,1.0000
15133,5222,1.0000
15134,5222,1.0000
15135,5222,1.0000
15136,5222,1.0000
15137,5222,1.0000
15138,5222,1.0000
15139,5222,1.0000
15140,5222,1.0000
15141,5222,1.0000
15142,5222,1.0000
15143,5222,1.0000
15144,5222,1.0000
15145,5222,1.0000
15146,5222,1.0000
15147,5222,1.0000
15148,5222,1.0000
15149,5222,1.0000
15150,5222,1.0000
15151,5222,1.0000
15152,5222,1.0000
15153,5222,1.0000
15154,5222,1.0000
15155,5222,1.0000
15156,5222,1.0000
15157,5222,1.0000
15158,5222,1.0000
15159,5222,1.0000
15160,5222,1.0000
15161,5222,1.0000
15162,5222,.8712
15162,-999,.1288
15163,5674,1.0000
15164,5674,1.0000
15165,5674,.9699
15165,5222,.0301
15166,5222,.5338
15166,5674,.4662
15167,5222,.7920
15167,5674,.2080
15168,5222,1.0000
15169,5222,1.0000
15170,5222,1.0000
15171,5222,1.0000
15172,5222,.9328
15172,5674,.0672
15173,5222,.3937
15173,5674,.6063
15174,5222,.0923
15174,5674,.9077
15175,5222,.0373
15175,5674,.9627
15176,5674,1.0000
15177,5674,1.0000
15178,5674,1.0000
15179,5674,1.0000
15180,5674,1.0000
15181,5674,1.0000
15182,5674,1.0000
15183,5674,1.0000
15184,5674,.8485
15184,5222,.1515
15185,5222,.9773
15185,5674,.0227
15186,5674,.4848
15186,5222,.5152
15187,5674,.9917
15187,5222,.0083
15188,5674,1.0000
15189,5674,.8030
15189,5222,.1970
15190,5222,.8636
15190,5674,.1364
15191,5222,1.0000
15192,5222,1.0000
15193,5222,1.0000
15194,5222,1.0000
15195,5222,1.0000
15196,5222,1.0000
15197,5222,1.0000
15198,5222,1.0000
15199,5222,1.0000
15200,5222,1.0000
15201,5222,1.0000
15202,5222,1.0000
15203,5222,1.0000
15204,5222,1.0000
15205,5222,1.0000
15206,5222,1.0000
15207,5222,1.0000
15208,5222,1.0000
15209,5222,.6667
15209,5690,.3333
15210,5690,1.0000
15211,5690,1.0000
15212,5690,1.0000
15213,5690,1.0000
15214,5690,1.0000
15215,5690,1.0000
15216,5690,1.0000
15217,5690,1.0000
15218,5690,1.0000
15219,5690,1.0000
15220,5690,.8182
15220,5222,.1818
15221,5222,1.0000
15222,5222,1.0000
15223,5222,1.0000
15224,5222,1.0000
15225,5222,1.0000
15226,5222,1.0000
15227,5222,1.0000
15228,5222,1.0000
15229,5222,1.0000
15230,5222,1.0000
15231,5222,1.0000
15232,5222,1.0000
15233,5222,1.0000
15234,5222,1.0000
15235,5222,1.0000
15236,5222,.8421
15236,5690,.1579
15237,5222,.2164
15237,5690,.7836
15238,5690,1.0000
15239,5690,1.0000
15240,5690,1.0000
15241,5690,1.0000
15242,5690,1.0000
15243,5690,.3233
15243,5222,.6767
15244,5222,1.0000
15245,5222,1.0000
15246,5222,1.0000
15247,5222,1.0000
15248,5222,1.0000
15249,5222,1.0000
15250,5222,1.0000
15251,5222,1.0000
15252,5222,1.0000
15253,5222,1.0000
15254,5222,1.0000
15255,5222,1.0000
15256,5222,1.0000
15257,5222,1.0000
15258,5222,1.0000
15259,5222,1.0000
15260,5222,1.0000
15261,5222,1.0000
15262,5222,1.0000
15263,5222,1.0000
15264,5222,1.0000
15265,5222,1.0000
15266,5222,1.0000
15267,5222,1.0000
15268,5222,1.0000
15269,5222,1.0000
15270,5222,1.0000
15271,5222,1.0000
15272,5222,1.0000
15273,5222,1.0000
15274,5222,1.0000
15275,5222,1.0000
15276,5222,1.0000
15277,5222,1.0000
15278,5222,1.0000
15279,5222,1.0000
15280,5222,1.0000
15281,5222,1.0000
15282,5222,1.0000
15283,5222,1.0000
15284,5222,1.0000
15285,5222,1.0000
15286,5222,1.0000
15287,5222,1.0000
15288,5222,1.0000
15289,5222,1.0000
15290,5222,1.0000
15291,5222,1.0000
15292,5222,1.0000
15293,5222,1.0000
15294,5222,1.0000
15295,-999,.0308
15295,5222,.9692
15296,5674,1.0000
15297,5674,1.0000
15298,5674,1.0000
15299,5674,1.0000
15300,5674,.9457
15300,5222,.0543
15301,5222,.8583
15301,5674,.1417
15302,5222,1.0000
15303,5222,1.0000
15304,5222,1.0000
15305,5222,.8561
15305,5674,.1439
15306,5674,.9242
15306,5222,.0758
15307,5674,1.0000
15308,5674,1.0000
15309,5674,1.0000
15310,5674,1.0000
15311,5674,1.0000
15312,5674,1.0000
15313,5674,1.0000
15314,5674,1.0000
15315,5674,1.0000
15316,5674,1.0000
15317,5674,.9697
15317,5222,.0303
15318,5222,.8815
15318,5674,.1185
15319,5222,1.0000
15320,5222,.7761
15320,5674,.2239
15321,5674,.3953
15321,5222,.6047
15322,5674,.5500
15322,5222,.4500
15323,5674,.2462
15323,5222,.7538
15324,5222,1.0000
15325,5222,1.0000
15326,5222,1.0000
15327,5222,1.0000
15328,5222,1.0000
15329,5222,1.0000
15330,5222,1.0000
15331,5222,1.0000
15332,5222,1.0000
15333,5222,1.0000
15334,5222,1.0000
15335,5222,1.0000
15336,5222,1.0000
15337,5222,1.0000
15338,5222,1.0000
15339,5222,1.0000
15340,5222,1.0000
15341,5222,1.0000
15342,5222,.6515
15342,5690,.3485
15343,5690,1.0000
15344,5690,1.0000
15345,5690,1.0000
15346,5690,1.0000
15347,5690,1.0000
15348,5690,1.0000
15349,5690,1.0000
15350,5690,1.0000
15351,5690,1.0000
15352,5690,1.0000
15353,5690,.7348
15353,5222,.2652
15354,5222,1.0000
15355,5222,1.0000
15356,5222,1.0000
15357,5222,1.0000
15358,5222,1.0000
15359,5222,1.0000
15360,5222,1.0000
15361,5222,.6515
15361,5690,.3485
15362,5222,.2459
15362,5690,.7541
15363,5222,.2197
15363,5690,.7803
15364,5222,.4776
15364,5690,.5224
15365,5222,.9023
15365,5690,.0977
15366,5222,.7846
15366,5690,.2154
15367,5222,.4921
15367,5690,.5079
15368,5222,.3731
15368,5690,.6269
15369,5222,.0376
15369,5690,.9624
15370,5690,1.0000
15371,5690,1.0000
15372,5690,1.0000
15373,5690,1.0000
15374,5690,1.0000
15375,5690,1.0000
15376,5690,.5303
15376,5222,.4697
15377,5222,1.0000
15378,5222,1.0000
15379,5222,1.0000
15380,5222,1.0000
15381,5222,1.0000
15382,5222,1.0000
15383,5222,1.0000
15384,5222,1.0000
15385,5222,1.0000
15386,5222,1.0000
15387,5222,1.0000
15388,5222,1.0000
15389,5222,1.0000
15390,5222,1.0000
15391,5222,1.0000
15392,5222,1.0000
15393,5222,1.0000
15394,5222,1.0000
15395,5222,1.0000
15396,5222,1.0000
15397,5222,1.0000
15398,5222,1.0000
15399,5222,1.0000
15400,5222,1.0000
15401,5222,1.0000
15402,5222,1.0000
15403,5222,1.0000
15404,5222,1.0000
15405,5222,1.0000
15406,5222,1.0000
15407,5222,1.0000
15408,5222,1.0000
15409,5222,1.0000
15410,5222,1.0000
15411,5222,1.0000
15412,5222,1.0000
15413,5222,1.0000
15414,5222,1.0000
15415,5222,1.0000
15416,5222,1.0000
15417,5222,1.0000
15418,5222,1.0000
15419,5222,1.0000
15420,5222,1.0000
15421,5222,1.0000
15422,5222,1.0000
15423,5222,1.0000
15424,5222,1.0000
15425,5222,1.0000
15426,5222,1.0000
15427,5222,1.0000
15428,5222,1.0000
15429,5674,1.0000
15430,5674,1.0000
15431,5674,1.0000
15432,5674,1.0000
15433,5674,1.0000
15434,5674,.4206
15434,5222,.5794
15435,5222,1.0000
15436,5222,1.0000
15437,5222,1.0000
15438,5222,1.0000
15439,5222,.6364
15439,5674,.3636
15440,5674,1.0000
15441,5674,1.0000
15442,5674,1.0000
15443,5674,1.0000
15444,5674,1.0000
15445,5674,1.0000
15446,5674,1.0000
15447,5674,1.0000
15448,5674,1.0000
15449,5674,1.0000
15450,5674,1.0000
15451,5674,.3071
15451,5222,.6929
15452,5222,1.0000
15453,5222,1.0000
15454,5222,1.0000
15455,5222,1.0000
15456,5222,1.0000
15457,5222,1.0000
15458,5222,1.0000
15459,5222,1.0000
15460,5222,1.0000
15461,5222,1.0000
15462,5222,1.0000
15463,5222,1.0000
15464,5222,1.0000
15465,5222,1.0000
15466,5222,1.0000
15467,5222,1.0000
15468,5222,1.0000
15469,5222,1.0000
15470,5222,1.0000
15471,5222,1.0000
15472,5222,1.0000
15473,5222,1.0000
15474,5222,1.0000
15475,5222,.5833
15475,5690,.4167
15476,5690,1.0000
15477,5690,1.0000
15478,5690,1.0000
15479,5690,1.0000
15480,5690,1.0000
15481,5690,1.0000
15482,5690,1.0000
15483,5690,1.0000
15484,5690,1.0000
15485,5690,1.0000
15486,5690,.6963
15486,5222,.3037
15487,5222,1.0000
15488,5222,1.0000
15489,5222,1.0000
15490,5222,1.0000
15491,5222,1.0000
15492,5222,1.0000
15493,5222,1.0000
15494,5690,.8455
15494,5222,.1545
15495,5690,1.0000
15496,5690,1.0000
15497,5690,1.0000
15498,5690,.9609
15498,5222,.0391
15499,5690,1.0000
15500,5690,1.0000
15501,5690,1.0000
15502,5690,1.0000
15503,5690,1.0000
15504,5690,1.0000
15505,5690,1.0000
15506,5690,1.0000
15507,5690,1.0000
15508,5690,1.0000
15509,5690,.9308
15509,5222,.0692
15510,5222,.7460
15510,5690,.2540
15511,5222,1.0000
15512,5222,1.0000
15513,5222,1.0000
15514,5222,1.0000
15515,5222,1.0000
15516,5222,1.0000
15517,5222,1.0000
15518,5222,1.0000
15519,5222,1.0000
15520,5222,1.0000
15521,5222,1.0000
15522,5222,1.0000
15523,5222,1.0000
15524,5222,1.0000
15525,5222,1.0000
15526,5222,1.0000
15527,5222,1.0000
15528,5222,1.0000
15529,5222,1.0000
15530,5222,1.0000
15531,5222,1.0000
15532,5222,1.0000
15533,5222,1.0000
15534,5222,1.0000
15535,5222,1.0000
15536,5222,1.0000
15537,5222,1.0000
15538,5222,1.0000
15539,5222,1.0000
15540,5222,1.0000
15541,5222,1.0000
15542,5222,1.0000
15543,5222,1.0000
15544,5222,1.0000
15545,5222,1.0000
15546,5222,1.0000
15547,5222,1.0000
15548,5222,1.0000
15549,5222,1.0000
15550,5222,1.0000
15551,5222,1.0000
15552,5222,1.0000
15553,5222,1.0000
15554,5222,1.0000
15555,5222,1.0000
15556,5222,1.0000
15557,5222,1.0000
15558,5222,1.0000
15559,5222,1.0000
15560,5222,1.0000
15561,5222,1.0000
15562,5674,1.0000
15563,5674,1.0000
15564,5674,1.0000
15565,5674,1.0000
15566,5674,1.0000
15567,5674,.6567
15567,5222,.3433
15568,5222,1.0000
15569,5222,1.0000
15570,5222,1.0000
15571,5222,1.0000
15572,5222,.9535
15572,5674,.0465
15573,5674,.9091
15573,5222,.0909
15574,5674,1.0000
15575,5674,1.0000
15576,5674,1.0000
15577,5674,1.0000
15578,5674,1.0000
15579,5674,1.0000
15580,5674,1.0000
15581,5674,1.0000
15582,5674,1.0000
15583,5674,1.0000
15584,5674,.4286
15584,5222,.5714
15585,5222,1.0000
15586,5222,1.0000
15587,5222,1.0000
15588,5222,1.0000
15589,5222,1.0000
15590,5222,1.0000
15591,5222,1.0000
15592,5222,1.0000
15593,5222,1.0000
15594,5222,1.0000
15595,5222,1.0000
15596,5222,1.0000
15597,5222,1.0000
15598,5222,1.0000
15599,5222,1.0000
15600,5222,1.0000
15601,5222,1.0000
15602,5222,1.0000
15603,5222,1.0000
15604,5222,1.0000
15605,5222,1.0000
15606,5222,1.0000
15607,5222,1.0000
15608,5222,.8106
15608,5690,.1894
15609,5690,.9242
15609,5222,.0758
15610,5690,1.0000
15611,5690,1.0000
15612,5690,1.0000
15613,5690,1.0000
15614,5690,1.0000
15615,5690,1.0000
15616,5690,1.0000
15617,5690,1.0000
15618,5690,.9675
15618,5222,.0325
15619,5222,.7377
15619,5690,.2623
15620,5222,1.0000
15621,5222,1.0000
15622,5222,1.0000
15623,5222,1.0000
15624,5222,1.0000
15625,5222,1.0000
15626,5222,1.0000
15627,5222,.4697
15627,5690,.5303
15628,5690,.9924
15628,5222,.0076
15629,5690,1.0000
15630,5690,1.0000
15631,5690,1.0000
15632,5690,1.0000
15633,5690,1.0000
15634,5690,1.0000
15635,5690,1.0000
15636,5690,1.0000
15637,5690,1.0000
15638,5690,1.0000
15639,5690,1.0000
15640,5690,1.0000
15641,5690,1.0000
15642,5690,1.0000
15643,5690,.9254
15643,5222,.0746
15644,5222,.7761
15644,5690,.2239
15645,5222,1.0000
15646,5222,1.0000
15647,5222,1.0000
15648,5222,1.0000
15649,5222,1.0000
15650,5222,1.0000
15651,5222,1.0000
15652,5222,.6288
15652,5690,.3712
15653,5222,.2677
15653,5690,.7323
15654,5222,.3182
15654,5690,.6818
15655,5222,.5969
15655,5690,.4031
15656,5222,.6124
15656,5690,.3876
15657,5222,.8106
15657,5690,.1894
15658,5222,1.0000
15659,5222,1.0000
15660,5222,1.0000
15661,5222,1.0000
15662,5222,1.0000
15663,5222,1.0000
15664,5222,1.0000
15665,5222,1.0000
15666,5222,1.0000
15667,5222,1.0000
15668,5222,1.0000
15669,5222,1.0000
15670,5222,1.0000
15671,5222,1.0000
15672,5222,1.0000
15673,5222,1.0000
15674,5222,1.0000
15675,5222,1.0000
15676,5222,1.0000
15677,5222,1.0000
15678,5222,1.0000
15679,5222,1.0000
15680,5222,1.0000
15681,5222,1.0000
15682,5222,1.0000
15683,5222,1.0000
15684,5222,1.0000
15685,5222,1.0000
15686,5222,1.0000
15687,5222,1.0000
15688,5222,1.0000
15689,5222,1.0000
15690,5222,1.0000
15691,5222,1.0000
15692,5222,1.0000
15693,5222,1.0000
15694,5222,1.0000
15695,5674,1.0000
15696,5674,1.0000
15697,5674,1.0000
15698,5674,1.0000
15699,5674,1.0000
15700,5674,.9167
15700,5222,.0833
15701,5222,.8788
15701,5674,.1212
15702,5222,1.0000
15703,5222,.9697
15703,5674,.0303
15704,5222,1.0000
15705,5222,1.0000
15706,5222,.5758
15706,5674,.4242
15707,5674,1.0000
15708,5674,1.0000
15709,5674,1.0000
15710,5674,1.0000
15711,5674,1.0000
15712,5674,1.0000
15713,5674,1.0000
15714,5674,1.0000
15715,5674,1.0000
15716,5674,1.0000
15717,5674,.4091
15717,5222,.5909
15718,5222,1.0000
15719,5222,1.0000
15720,5222,1.0000
15721,5222,1.0000
15722,5222,1.0000
15723,5222,1.0000
15724,5222,1.0000
15725,5222,1.0000
15726,5222,1.0000
15727,5222,1.0000
15728,5222,1.0000
15729,5222,1.0000
15730,5222,1.0000
15731,5222,1.0000
15732,5222,1.0000
15733,5222,1.0000
15734,5222,1.0000
15735,5222,1.0000
15736,5222,1.0000
15737,5222,1.0000
15738,5222,1.0000
15739,5222,1.0000
15740,5222,1.0000
15741,5222,1.0000
15742,5222,.7955
15742,5690,.2045
15743,5690,.8333
15743,5222,.1667
15744,5690,1.0000
15745,5690,1.0000
15746,5690,1.0000
15747,5690,1.0000
15748,5690,1.0000
15749,5690,1.0000
15750,5690,1.0000
15751,5690,.6061
15751,5222,.3939
15752,5222,1.0000
15753,5222,1.0000
15754,5222,1.0000
15755,5222,1.0000
15756,5222,1.0000
15757,5222,1.0000
15758,5222,1.0000
15759,5222,1.0000
15760,5222,1.0000
15761,5222,.3864
15761,5690,.6136
15762,5690,1.0000
15763,5690,1.0000
15764,5690,1.0000
15765,5690,1.0000
15766,5690,1.0000
15767,5690,1.0000
15768,5690,1.0000
15769,5690,1.0000
15770,5690,1.0000
15771,5690,1.0000
15772,5690,1.0000
15773,5690,1.0000
15774,5690,1.0000
15775,5690,1.0000
15776,5690,1.0000
15777,5690,.8413
15777,5222,.1587
15778,5222,.9924
15778,5690,.0076
15779,5222,1.0000
15780,5222,1.0000
15781,5222,1.0000
15782,5222,1.0000
15783,5222,1.0000
15784,5222,.9848
15784,5690,.0152
15785,5222,.1705
15785,5690,.8295
15786,5690,1.0000
15787,5690,1.0000
15788,5690,1.0000
15789,5690,1.0000
15790,5222,.1797
15790,5690,.8203
15791,5222,1.0000
15792,5222,1.0000
15793,5222,1.0000
15794,5222,1.0000
15795,5222,1.0000
15796,5222,1.0000
15797,5222,1.0000
15798,5222,1.0000
15799,5222,1.0000
15800,5222,1.0000
15801,5222,1.0000
15802,5222,1.0000
15803,5222,1.0000
15804,5222,1.0000
15805,5222,1.0000
15806,5222,1.0000
15807,5222,1.0000
15808,5222,1.0000
15809,5222,1.0000
15810,5222,1.0000
15811,5222,1.0000
15812,5222,1.0000
15813,5222,1.0000
15814,5222,1.0000
15815,5222,1.0000
15816,5222,1.0000
15817,5222,1.0000
15818,5222,1.0000
15819,5222,1.0000
15820,5222,1.0000
15821,5222,1.0000
15822,5222,1.0000
15823,5222,1.0000
15824,5222,1.0000
15825,5222,1.0000
15826,5222,1.0000
15827,5222,1.0000
15828,5674,1.0000
15829,5674,1.0000
15830,5674,1.0000
15831,5674,1.0000
15832,5674,1.0000
15833,5674,1.0000
15834,5674,.8864
15834,5222,.1136
15835,5222,.2791
15835,5674,.7209
15836,5222,.0635
15836,5674,.9365
15837,5222,.2727
15837,5674,.7273
15838,5222,.8333
15838,5674,.1667
15839,5222,.8387
15839,5674,.1613
15840,5674,1.0000
15841,5674,1.0000
15842,5674,1.0000
15843,5674,1.0000
15844,5674,1.0000
15845,5674,1.0000
15846,5674,1.0000
15847,5674,1.0000
15848,5674,1.0000
15849,5674,1.0000
15850,5674,.5455
15850,5222,.4545
15851,5222,1.0000
15852,5222,1.0000
15853,5222,1.0000
15854,5222,1.0000
15855,5222,1.0000
15856,5222,1.0000
15857,5222,1.0000
15858,5222,1.0000
15859,5222,1.0000
15860,5222,1.0000
15861,5222,1.0000
15862,5222,1.0000
15863,5222,1.0000
15864,5222,1.0000
15865,5222,1.0000
15866,5222,1.0000
15867,5222,1.0000
15868,5222,1.0000
15869,5222,1.0000
15870,5222,1.0000
15871,5222,1.0000
15872,5222,1.0000
15873,5222,1.0000
15874,5222,1.0000
15875,5222,1.0000
15876,5222,.7348
15876,5690,.2652
15877,5690,1.0000
15878,5690,1.0000
15879,5690,1.0000
15880,5690,1.0000
15881,5690,1.0000
15882,5690,1.0000
15883,5690,.8636
15883,5222,.1364
15884,5690,.0758
15884,5222,.9242
15885,5222,1.0000
15886,5222,1.0000
15887,5222,1.0000
15888,5222,1.0000
15889,5222,1.0000
15890,5222,1.0000
15891,5222,1.0000
15892,5222,1.0000
15893,5222,1.0000
15894,5222,.8720
15894,5690,.1280
15895,5690,.8030
15895,5222,.1970
15896,5690,1.0000
15897,5690,1.0000
15898,5690,1.0000
15899,5690,1.0000
15900,5690,1.0000
15901,5690,1.0000
15902,5690,1.0000
15903,5690,1.0000
15904,5690,1.0000
15905,5690,1.0000
15906,5690,1.0000
15907,5690,1.0000
15908,5690,1.0000
15909,5690,1.0000
15910,5690,1.0000
15911,5690,.2388
15911,5222,.7612
15912,5222,1.0000
15913,5222,1.0000
15914,5222,1.0000
15915,5222,1.0000
15916,5222,1.0000
15917,5222,.6045
15917,5690,.3955
15918,5690,1.0000
15919,5690,1.0000
15920,5690,1.0000
15921,5690,1.0000
15922,5690,1.0000
15923,5690,.9844
15923,5222,.0156
15924,5222,.8864
15924,5690,.1136
15925,5222,1.0000
15926,5222,1.0000
15927,5222,1.0000
15928,5222,1.0000
15929,5222,1.0000
15930,5222,1.0000
15931,5222,1.0000
15932,5222,1.0000
15933,5222,1.0000
15934,5222,1.0000
15935,5222,1.0000
15936,5222,1.0000
15937,5222,1.0000
15938,5222,1.0000
15939,5222,1.0000
15940,5222,1.0000
15941,5222,1.0000
15942,5222,1.0000
15943,5222,1.0000
15944,5222,1.0000
15945,5222,1.0000
15946,5222,1.0000
15947,5222,1.0000
15948,5222,1.0000
15949,5222,1.0000
15950,5222,1.0000
15951,5222,1.0000
15952,5222,1.0000
15953,5222,1.0000
15954,5222,1.0000
15955,5222,1.0000
15956,5222,1.0000
15957,5222,1.0000
15958,5222,1.0000
15959,5222,1.0000
15960,5222,1.0000
15961,5674,1.0000
15962,5674,1.0000
15963,5674,1.0000
15964,5674,1.0000
15965,5674,1.0000
15966,5674,1.0000
15967,5674,1.0000
15968,5674,1.0000
15969,5674,1.0000
15970,5674,1.0000
15971,5674,.9318
15971,5222,.0682
15972,5222,.2576
15972,5674,.7424
15973,5674,1.0000
15974,5674,1.0000
15975,5674,1.0000
15976,5674,1.0000
15977,5674,1.0000
15978,5674,1.0000
15979,5674,1.0000
15980,5674,1.0000
15981,5674,1.0000
15982,5674,1.0000
15983,5674,.7481
15983,5222,.2519
15984,5222,.9559
15984,5674,.0441
15985,5222,1.0000
15986,5222,1.0000
15987,5222,1.0000
15988,5222,1.0000
15989,5222,1.0000
15990,5222,1.0000
15991,5222,1.0000
15992,5222,1.0000
15993,5222,1.0000
15994,5222,1.0000
15995,5222,1.0000
15996,5222,1.0000
15997,5222,1.0000
15998,5222,1.0000
15999,5222,1.0000
16000,5222,1.0000
16001,5222,1.0000
16002,5222,1.0000
16003,5222,1.0000
16004,5222,1.0000
16005,5222,1.0000
16006,5222,1.0000
16007,5222,1.0000
16008,5222,1.0000
16009,5222,.9917
16009,5690,.0083
16010,5690,.8417
16010,5222,.1583
16011,5690,1.0000
16012,5690,1.0000
16013,5690,1.0000
16014,5690,1.0000
16015,5690,1.0000
16016,5690,.4773
16016,5222,.5227
16017,5222,1.0000
16018,5222,1.0000
16019,5222,1.0000
16020,5222,1.0000
16021,5222,1.0000
16022,5222,1.0000
16023,5222,1.0000
16024,5222,1.0000
16025,5222,1.0000
16026,5222,1.0000
16027,5222,1.0000
16028,5222,.9848
16028,5690,.0152
16029,5690,.5152
16029,5222,.4848
16030,5690,1.0000
16031,5690,1.0000
16032,5690,1.0000
16033,5690,1.0000
16034,5690,1.0000
16035,5690,1.0000
16036,5690,1.0000
16037,5690,1.0000
16038,5690,1.0000
16039,5690,1.0000
16040,5690,1.0000
16041,5690,1.0000
16042,5690,1.0000
16043,5690,1.0000
16044,5690,.8657
16044,5222,.1343
16045,5222,.9286
16045,5690,.0714
16046,5222,1.0000
16047,5222,1.0000
16048,5222,1.0000
16049,5222,.8258
16049,5690,.1742
16050,5222,.0714
16050,5690,.9286
16051,5690,1.0000
16052,5690,1.0000
16053,5690,1.0000
16054,5690,1.0000
16055,5690,1.0000
16056,5690,1.0000
16057,5690,.2403
16057,5222,.7597
16058,5222,1.0000
16059,5222,1.0000
16060,5222,1.0000
16061,5222,1.0000
16062,5222,1.0000
16063,5222,1.0000
16064,5222,1.0000
16065,5222,1.0000
16066,5222,1.0000
16067,5222,1.0000
16068,5222,1.0000
16069,5222,1.0000
16070,5222,1.0000
16071,5222,1.0000
16072,5222,1.0000
16073,5222,1.0000
16074,5222,1.0000
16075,5222,1.0000
16076,5222,1.0000
16077,5222,1.0000
16078,5222,1.0000
16079,5222,1.0000
16080,5222,1.0000
16081,5222,1.0000
16082,5222,1.0000
16083,5222,1.0000
16084,5222,1.0000
16085,5222,1.0000
16086,5222,1.0000
16087,5222,1.0000
16088,5222,1.0000
16089,5222,1.0000
16090,5222,1.0000
16091,5222,1.0000
16092,5222,1.0000
16093,5222,1.0000
16094,5674,1.0000
16095,5674,1.0000
16096,5674,1.0000
16097,5674,1.0000
16098,5674,1.0000
16099,5674,1.0000
16100,5674,1.0000
16101,5674,1.0000
16102,5674,1.0000
16103,5674,1.0000
16104,5674,1.0000
16105,5674,1.0000
16106,5674,1.0000
16107,5674,1.0000
16108,5674,1.0000
16109,5674,1.0000
16110,5674,1.0000
16111,5674,1.0000
16112,5674,1.0000
16113,5674,1.0000
16114,5674,1.0000
16115,5674,1.0000
16116,5674,1.0000
16117,5674,.8527
16117,5222,.1473
16118,5222,.5401
16118,5674,.4599
16119,5222,.9565
16119,5674,.0435
16120,5222,1.0000
16121,5222,1.0000
16122,5222,1.0000
16123,5222,1.0000
16124,5222,1.0000
16125,5222,1.0000
16126,5222,1.0000
16127,5222,1.0000
16128,5222,1.0000
16129,5222,1.0000
16130,5222,1.0000
16131,5222,1.0000
16132,5222,1.0000
16133,5222,1.0000
16134,5222,1.0000
16135,5222,1.0000
16136,5222,1.0000
16137,5222,1.0000
16138,5222,1.0000
16139,5222,1.0000
16140,5222,1.0000
16141,5222,1.0000
16142,5222,1.0000
16143,5222,.1549
16143,5690,.8451
16144,5690,1.0000
16145,5690,1.0000
16146,5690,1.0000
16147,5690,1.0000
16148,5690,1.0000
16149,5690,.8258
16149,5222,.1742
16150,5222,.9524
16150,5690,.0476
16151,5222,1.0000
16152,5222,1.0000
16153,5222,1.0000
16154,5222,1.0000
16155,5222,1.0000
16156,5222,1.0000
16157,5222,1.0000
16158,5222,1.0000
16159,5222,1.0000
16160,5222,1.0000
16161,5222,1.0000
16162,5222,.9923
16162,5690,.0077
16163,5690,.3496
16163,5222,.6504
16164,5690,.8106
16164,5222,.1894
16165,5690,1.0000
16166,5690,1.0000
16167,5690,1.0000
16168,5690,1.0000
16169,5690,1.0000
16170,5690,1.0000
16171,5690,1.0000
16172,5690,1.0000
16173,5690,1.0000
16174,5690,1.0000
16175,5690,1.0000
16176,5690,1.0000
16177,5690,1.0000
16178,5690,.8636
16178,5222,.1364
16179,5222,.4015
16179,5690,.5985
16180,5222,.5669
16180,5690,.4331
16181,5222,.5111
16181,5690,.4889
16182,5222,.0902
16182,5690,.9098
16183,5690,1.0000
16184,5690,1.0000
16185,5690,1.0000
16186,5690,1.0000
16187,5690,1.0000
16188,5690,1.0000
16189,5690,1.0000
16190,5222,.4062
16190,5690,.5937
16191,5222,.9924
16191,5690,.0076
16192,5222,1.0000
16193,5222,1.0000
16194,5222,1.0000
16195,5222,1.0000
16196,5222,1.0000
16197,5222,1.0000
16198,5222,1.0000
16199,5222,1.0000
16200,5222,1.0000
16201,5222,1.0000
16202,5222,1.0000
16203,5222,1.0000
16204,5222,1.0000
16205,5222,1.0000
16206,5222,1.0000
16207,5222,1.0000
16208,5222,1.0000
16209,5222,1.0000
16210,5222,1.0000
16211,5222,1.0000
16212,5222,1.0000
16213,5222,1.0000
16214,5222,1.0000
16215,5222,1.0000
16216,5222,1.0000
16217,5222,1.0000
16218,5222,1.0000
16219,5222,1.0000
16220,5222,1.0000
16221,5222,1.0000
16222,5222,1.0000
16223,5222,1.0000
16224,5222,1.0000
16225,5222,1.0000
16226,5222,1.0000
16227,5674,1.0000
16228,5674,1.0000
16229,5674,1.0000
16230,5674,1.0000
16231,5674,1.0000
16232,5674,1.0000
16233,5674,1.0000
16234,5674,1.0000
16235,5674,1.0000
16236,5674,1.0000
16237,5674,1.0000
16238,5674,1.0000
16239,5674,1.0000
16240,5674,1.0000
16241,5674,1.0000
16242,5674,1.0000
16243,5674,1.0000
16244,5674,1.0000
16245,5674,1.0000
16246,5674,1.0000
16247,5674,1.0000
16248,5674,1.0000
16249,5674,1.0000
16250,5674,1.0000
16251,5674,1.0000
16252,5674,.8421
16252,5222,.1579
16253,5222,.6835
16253,5674,.3165
16254,5222,1.0000
16255,5222,1.0000
16256,5222,.8939
16256,5690,.1061
16257,5222,1.0000
16258,5222,1.0000
16259,5222,1.0000
16260,5222,1.0000
16261,5222,1.0000
16262,5222,1.0000
16263,5222,1.0000
16264,5222,1.0000
16265,5222,1.0000
16266,5222,1.0000
16267,5222,1.0000
16268,5222,1.0000
16269,5222,1.0000
16270,5222,1.0000
16271,5222,1.0000
16272,5222,1.0000
16273,5222,1.0000
16274,5222,1.0000
16275,5222,.9348
16275,5690,.0652
16276,5222,.0725
16276,5690,.9275
16277,5690,1.0000
16278,5690,1.0000
16279,5690,1.0000
16280,5690,1.0000
16281,5690,1.0000
16282,5690,1.0000
16283,5222,.5276
16283,5690,.4724
16284,5222,1.0000
16285,5222,1.0000
16286,5222,1.0000
16287,5222,1.0000
16288,5222,1.0000
16289,5222,1.0000
16290,5222,1.0000
16291,5222,1.0000
16292,5222,1.0000
16293,5222,1.0000
16294,5222,1.0000
16295,5222,1.0000
16296,5222,1.0000
16297,5222,.9265
16297,5690,.0735
16298,5690,.8309
16298,5222,.1691
16299,5690,1.0000
16300,5690,1.0000
16301,5690,1.0000
16302,5690,1.0000
16303,5690,1.0000
16304,5690,1.0000
16305,5690,1.0000
16306,5690,1.0000
16307,5690,1.0000
16308,5690,1.0000
16309,5690,1.0000
16310,5690,1.0000
16311,5690,1.0000
16312,5690,1.0000
16313,5690,1.0000
16314,5690,1.0000
16315,5690,1.0000
16316,5690,1.0000
16317,5690,1.0000
16318,5690,1.0000
16319,5690,1.0000
16320,5690,1.0000
16321,5690,1.0000
16322,5690,1.0000
16323,5690,1.0000
16324,5690,.6288
16324,5222,.3712
16325,5222,.7176
16325,5690,.2824
16326,5222,.8271
16326,5690,.1729
16327,5222,1.0000
16328,5222,1.0000
16329,5222,1.0000
16330,5222,1.0000
16331,5222,1.0000
16332,5222,1.0000
16333,5222,1.0000
16334,5222,1.0000
16335,5222,1.0000
16336,5222,1.0000
16337,5222,1.0000
16338,5222,1.0000
16339,5222,1.0000
16340,5222,1.0000
16341,5222,1.0000
16342,5222,1.0000
16343,5222,1.0000
16344,5222,1.0000
16345,5222,1.0000
16346,5222,1.0000
16347,5222,1.0000
16348,5222,1.0000
16349,5222,1.0000
16350,5222,1.0000
16351,5222,1.0000
16352,5222,1.0000
16353,5222,1.0000
16354,5222,1.0000
16355,5222,1.0000
16356,5222,1.0000
16357,5222,1.0000
16358,5222,1.0000
16359,5222,1.0000
16360,5674,1.0000
16361,5674,1.0000
16362,5674,1.0000
16363,5674,1.0000
16364,5674,1.0000
16365,5674,1.0000
16366,5674,1.0000
16367,5674,1.0000
16368,5674,1.0000
16369,5674,1.0000
16370,5674,1.0000
16371,5674,1.0000
16372,5674,1.0000
16373,5674,1.0000
16374,5674,1.0000
16375,5674,1.0000
16376,5674,1.0000
16377,5674,1.0000
16378,5674,1.0000
16379,5674,1.0000
16380,5674,1.0000
16381,5674,1.0000
16382,5674,1.0000
16383,5674,1.0000
16384,5674,1.0000
16385,5674,1.0000
16386,5674,.9922
16386,5222,.0078
16387,5222,.4000
16387,5674,.6000
16388,5222,.7050
16388,5690,.1367
16388,5674,.1583
16389,5222,.0593
16389,5690,.9407
16390,5222,.3712
16390,5690,.6288
16391,5222,.9015
16391,5690,.0985
16392,5222,.7154
16392,5690,.2846
16393,5222,.4250
16393,5690,.5750
16394,5222,.8917
16394,5690,.1083
16395,5222,1.0000
16396,5222,1.0000
16397,5222,1.0000
16398,5222,1.0000
16399,5222,1.0000
16400,5222,1.0000
16401,5222,1.0000
16402,5222,1.0000
16403,5222,1.0000
16404,5222,1.0000
16405,5222,1.0000
16406,5222,1.0000
16407,5222,1.0000
16408,5222,.6923
16408,5690,.3077
16409,5690,1.0000
16410,5690,1.0000
16411,5690,1.0000
16412,5690,1.0000
16413,5690,1.0000
16414,5690,1.0000
16415,5690,1.0000
16416,5690,.9697
16416,5222,.0303
16417,5222,.3037
16417,5690,.6963
16418,5222,.8633
16418,5690,.1367
16419,5222,1.0000
16420,5222,1.0000
16421,5222,1.0000
16422,5222,1.0000
16423,5222,1.0000
16424,5222,1.0000
16425,5222,1.0000
16426,5222,1.0000
16427,5222,1.0000
16428,5222,1.0000
16429,5222,1.0000
16430,5222,1.0000
16431,5222,.7480
16431,5690,.2520
16432,5690,.9771
16432,5222,.0229
16433,5690,1.0000
16434,5690,1.0000
16435,5690,1.0000
16436,5690,1.0000
16437,5690,1.0000
16438,5690,1.0000
16439,5690,1.0000
16440,5690,1.0000
16441,5690,1.0000
16442,5690,1.0000
16443,5690,1.0000
16444,5690,1.0000
16445,5690,1.0000
16446,5690,1.0000
16447,5690,1.0000
16448,5690,1.0000
16449,5690,1.0000
16450,5690,1.0000
16451,5690,1.0000
16452,5690,1.0000
16453,5690,1.0000
16454,5690,1.0000
16455,5690,1.0000
16456,5690,1.0000
16457,5690,1.0000
16458,5690,1.0000
16459,5222,.0391
16459,5690,.9609
16460,5222,.3731
16460,5690,.6269
16461,5222,.8308
16461,5690,.1692
16462,5222,1.0000
16463,5222,1.0000
16464,5222,1.0000
16465,5222,1.0000
16466,5222,1.0000
16467,5222,1.0000
16468,5222,1.0000
16469,5222,1.0000
16470,5222,1.0000
16471,5222,1.0000
16472,5222,1.0000
16473,5222,1.0000
16474,5222,1.0000
16475,5222,1.0000
16476,5222,1.0000
16477,5222,1.0000
16478,5222,1.0000
16479,5222,1.0000
16480,5222,1.0000
16481,5222,1.0000
16482,5222,1.0000
16483,5222,1.0000
16484,5222,1.0000
16485,5222,1.0000
16486,5222,1.0000
16487,5222,1.0000
16488,5222,1.0000
16489,5222,1.0000
16490,5222,1.0000
16491,5222,1.0000
16492,5222,1.0000
16493,5674,1.0000
16494,5674,1.0000
16495,5674,1.0000
16496,5674,1.0000
16497,5674,1.0000
16498,5674,1.0000
16499,5674,1.0000
16500,5674,1.0000
16501,5674,1.0000
16502,5674,1.0000
16503,5674,1.0000
16504,5674,1.0000
16505,5674,1.0000
16506,5674,1.0000
16507,5674,1.0000
16508,5674,1.0000
16509,5674,1.0000
16510,5674,1.0000
16511,5674,1.0000
16512,5674,1.0000
16513,5674,1.0000
16514,5674,1.0000
16515,5674,1.0000
16516,5674,1.0000
16517,5674,1.0000
16518,5674,1.0000
16519,5674,1.0000
16520,5674,1.0000
16521,5674,.9773
16521,5690,.0227
16522,5690,.7482
16522,5674,.2518
16523,5690,1.0000
16524,5690,.9091
16524,5222,.0909
16525,5222,.0530
16525,5690,.9470
16526,5690,1.0000
16527,5690,.7424
16527,5222,.2576
16528,5222,.9225
16528,5690,.0775
16529,5222,.9000
16529,5690,.1000
16530,5222,.9083
16530,5690,.0917
16531,5222,1.0000
16532,5222,1.0000
16533,5222,1.0000
16534,5222,1.0000
16535,5222,1.0000
16536,5222,1.0000
16537,5222,1.0000
16538,5222,1.0000
16539,5222,.9836
16539,5690,.0164
16540,5222,.6160
16540,5690,.3840
16541,5222,.1825
16541,5690,.8175
16542,5690,1.0000
16543,5690,1.0000
16544,5690,1.0000
16545,5690,1.0000
16546,5690,1.0000
16547,5690,1.0000
16548,5690,1.0000
16549,5690,1.0000
16550,5690,.9496
16550,5222,.0504
16551,5690,.1136
16551,5222,.8864
16552,5222,1.0000
16553,5222,1.0000
16554,5222,1.0000
16555,5222,1.0000
16556,5222,1.0000
16557,5222,1.0000
16558,5222,1.0000
16559,5222,1.0000
16560,5222,1.0000
16561,5222,1.0000
16562,5222,1.0000
16563,5222,1.0000
16564,5222,1.0000
16565,5222,.6439
16565,5690,.3561
16566,5690,.9470
16566,5222,.0530
16567,5690,1.0000
16568,5690,1.0000
16569,5690,1.0000
16570,5690,1.0000
16571,5690,1.0000
16572,5690,1.0000
16573,5690,1.0000
16574,5690,1.0000
16575,5690,1.0000
16576,5690,1.0000
16577,5690,1.0000
16578,5690,1.0000
16579,5690,1.0000
16580,5690,1.0000
16581,5690,1.0000
16582,5690,1.0000
16583,5690,1.0000
16584,5690,1.0000
16585,5690,1.0000
16586,5690,1.0000
16587,5690,1.0000
16588,5690,1.0000
16589,5690,1.0000
16590,5690,1.0000
16591,5690,1.0000
16592,5690,1.0000
16593,5690,1.0000
16594,5690,.9297
16594,5222,.0703
16595,5222,.4470
16595,5690,.5530
16596,5222,.8682
16596,5690,.1318
16597,5222,.9160
16597,5690,.0840
16598,5222,1.0000
16599,5222,1.0000
16600,5222,1.0000
16601,5222,1.0000
16602,5222,1.0000
16603,5222,1.0000
16604,5222,1.0000
16605,5222,1.0000
16606,5222,1.0000
16607,5222,1.0000
16608,5222,1.0000
16609,5222,1.0000
16610,5222,1.0000
16611,5222,1.0000
16612,5222,1.0000
16613,5222,1.0000
16614,5222,1.0000
16615,5222,1.0000
16616,5222,1.0000
16617,5222,1.0000
16618,5222,1.0000
16619,5222,1.0000
16620,5222,1.0000
16621,5222,1.0000
16622,5222,1.0000
16623,5222,1.0000
16624,5222,1.0000
16625,5222,1.0000
16626,5674,1.0000
16627,5674,1.0000
16628,5674,1.0000
16629,5674,1.0000
16630,5674,1.0000
16631,5674,1.0000
16632,5674,1.0000
16633,5674,1.0000
16634,5674,1.0000
16635,5674,1.0000
16636,5674,1.0000
16637,5674,1.0000
16638,5674,1.0000
16639,5674,1.0000
16640,5674,1.0000
16641,5674,1.0000
16642,5674,1.0000
16643,5674,1.0000
16644,5674,1.0000
16645,5674,1.0000
16646,5674,1.0000
16647,5674,1.0000
16648,5674,1.0000
16649,5674,1.0000
16650,5674,1.0000
16651,5674,1.0000
16652,5674,1.0000
16653,5674,1.0000
16654,5674,1.0000
16655,5674,.8780
16655,5690,.1220
16656,5690,.8623
16656,5674,.1377
16657,5690,1.0000
16658,5690,1.0000
16659,5690,1.0000
16660,5690,1.0000
16661,5690,.9167
16661,5222,.0833
16662,5222,.0379
16662,5690,.9621
16663,5690,.9697
16663,5222,.0303
16664,5222,.1970
16664,5690,.8030
16665,5222,.3846
16665,5690,.6154
16666,5222,.7077
16666,5690,.2923
16667,5222,.9667
16667,5690,.0333
16668,5222,1.0000
16669,5222,1.0000
16670,5222,1.0000
16671,5222,.9000
16671,5690,.1000
16672,5222,.3462
16672,5690,.6538
16673,5690,1.0000
16674,5690,1.0000
16675,5690,1.0000
16676,5690,1.0000
16677,5690,1.0000
16678,5690,1.0000
16679,5690,1.0000
16680,5690,1.0000
16681,5690,1.0000
16682,5690,1.0000
16683,5690,.7073
16683,5222,.2927
16684,5222,1.0000
16685,5222,1.0000
16686,5222,1.0000
16687,5222,1.0000
16688,5222,1.0000
16689,5222,1.0000
16690,5222,1.0000
16691,5222,1.0000
16692,5222,1.0000
16693,5222,1.0000
16694,5222,1.0000
16695,5222,1.0000
16696,5222,1.0000
16697,5222,1.0000
16698,5222,1.0000
16699,5222,.8231
16699,5690,.1769
16700,5690,.7293
16700,5222,.2707
16701,5690,.9848
16701,5222,.0152
16702,5690,1.0000
16703,5690,1.0000
16704,5690,1.0000
16705,5690,1.0000
16706,5690,1.0000
16707,5690,1.0000
16708,5690,1.0000
16709,5690,1.0000
16710,5690,1.0000
16711,5690,1.0000
16712,5690,1.0000
16713,5690,1.0000
16714,5690,1.0000
16715,5690,1.0000
16716,5690,1.0000
16717,5690,1.0000
16718,5690,1.0000
16719,5690,1.0000
16720,5690,1.0000
16721,5690,1.0000
16722,5690,1.0000
16723,5690,1.0000
16724,5690,1.0000
16725,5690,1.0000
16726,5690,1.0000
16727,5690,1.0000
16728,5690,1.0000
16729,5690,1.0000
16730,5222,.0154
16730,5690,.9846
16731,5222,.4519
16731,5690,.5481
16732,5222,.9690
16732,5690,.0310
16733,5222,1.0000
16734,5222,1.0000
16735,5222,1.0000
16736,5222,1.0000
16737,5222,1.0000
16738,5222,1.0000
16739,5222,1.0000
16740,5222,1.0000
16741,5222,1.0000
16742,5222,1.0000
16743,5222,1.0000
16744,5222,1.0000
16745,5222,1.0000
16746,5222,1.0000
16747,5222,1.0000
16748,5222,1.0000
16749,5222,1.0000
16750,5222,1.0000
16751,5222,1.0000
16752,5222,1.0000
16753,5222,1.0000
16754,5222,1.0000
16755,5222,1.0000
16756,5222,1.0000
16757,5222,1.0000
16758,5222,1.0000
16759,5674,1.0000
16760,5674,1.0000
16761,5674,1.0000
16762,5674,1.0000
16763,5674,1.0000
16764,5674,1.0000
16765,5674,1.0000
16766,5674,1.0000
16767,5674,1.0000
16768,5674,1.0000
16769,5674,1.0000
16770,5674,1.0000
16771,5674,1.0000
16772,5674,1.0000
16773,5674,1.0000
16774,5674,1.0000
16775,5674,1.0000
16776,5674,1.0000
16777,5674,1.0000
16778,5674,1.0000
16779,5674,1.0000
16780,5674,1.0000
16781,5674,1.0000
16782,5674,1.0000
16783,5674,1.0000
16784,5674,1.0000
16785,5674,1.0000
16786,5674,1.0000
16787,5674,1.0000
16788,5674,1.0000
16789,5674,.8250
16789,5690,.1750
16790,5690,.8682
16790,5674,.1318
16791,5690,1.0000
16792,5690,1.0000
16793,5690,1.0000
16794,5690,1.0000
16795,5690,1.0000
16796,5690,1.0000
16797,5690,1.0000
16798,5690,1.0000
16799,5690,1.0000
16800,5690,.9242
16800,5222,.0758
16801,5222,.2576
16801,5690,.7424
16802,5222,.4848
16802,5690,.5152
16803,5222,.3258
16803,5690,.6742
16804,5222,.0530
16804,5690,.9470
16805,5690,1.0000
16806,5690,1.0000
16807,5690,1.0000
16808,5690,1.0000
16809,5690,1.0000
16810,5690,1.0000
16811,5690,1.0000
16812,5690,1.0000
16813,5690,1.0000
16814,5690,1.0000
16815,5690,1.0000
16816,5690,.5923
16816,5222,.4077
16817,5222,1.0000
16818,5222,1.0000
16819,5222,1.0000
16820,5222,1.0000
16821,5222,1.0000
16822,5222,1.0000
16823,5222,1.0000
16824,5222,1.0000
16825,5222,1.0000
16826,5222,1.0000
16827,5222,1.0000
16828,5222,1.0000
16829,5222,1.0000
16830,5222,1.0000
16831,5222,1.0000
16832,5222,1.0000
16833,5222,1.0000
16834,5222,.8409
16834,5690,.1591
16835,5690,.3790
16835,5222,.6210
16836,5690,.6767
16836,5222,.3233
16837,5690,.9708
16837,5222,.0292
16838,5690,1.0000
16839,5690,1.0000
16840,5690,1.0000
16841,5690,1.0000
16842,5690,1.0000
16843,5690,1.0000
16844,5690,1.0000
16845,5690,1.0000
16846,5690,1.0000
16847,5690,1.0000
16848,5690,1.0000
16849,5690,1.0000
16850,5690,1.0000
16851,5690,1.0000
16852,5690,1.0000
16853,5690,1.0000
16854,5690,1.0000
16855,5690,1.0000
16856,5690,1.0000
16857,5690,1.0000
16858,5690,1.0000
16859,5690,1.0000
16860,5690,1.0000
16861,5690,1.0000
16862,5690,1.0000
16863,5690,1.0000
16864,5690,1.0000
16865,5222,.6031
16865,5690,.3969
16866,5222,1.0000
16867,5222,1.0000
16868,5222,1.0000
16869,5222,1.0000
16870,5222,1.0000
16871,5222,1.0000
16872,5222,1.0000
16873,5222,1.0000
16874,5222,1.0000
16875,5222,1.0000
16876,5222,1.0000
16877,5222,1.0000
16878,5222,1.0000
16879,5222,1.0000
16880,5222,1.0000
16881,5222,1.0000
16882,5222,1.0000
16883,5222,1.0000
16884,5222,1.0000
16885,5222,1.0000
16886,5222,1.0000
16887,5222,1.0000
16888,5222,1.0000
16889,5222,1.0000
16890,5222,1.0000
16891,5222,1.0000
16892,5674,1.0000
16893,5674,1.0000
16894,5674,1.0000
16895,5674,1.0000
16896,5674,1.0000
16897,5674,1.0000
16898,5674,1.0000
16899,5674,1.0000
16900,5674,1.0000
16901,5674,1.0000
16902,5674,1.0000
16903,5674,1.0000
16904,5674,1.0000
16905,5674,1.0000
16906,5674,1.0000
16907,5674,1.0000
16908,5674,1.0000
16909,5674,1.0000
16910,5674,1.0000
16911,5674,1.0000
16912,5674,1.0000
16913,5674,1.0000
16914,5674,1.0000
16915,5674,1.0000
16916,5674,1.0000
16917,5674,1.0000
16918,5674,1.0000
16919,5674,1.0000
16920,5674,1.0000
16921,5674,1.0000
16922,5674,1.0000
16923,5674,.9313
16923,5690,.0687
16924,5690,.4496
16924,5674,.5504
16925,5690,.9016
16925,5674,.0984
16926,5690,1.0000
16927,5690,1.0000
16928,5690,1.0000
16929,5690,1.0000
16930,5690,1.0000
16931,5690,1.0000
16932,5690,1.0000
16933,5690,1.0000
16934,5690,1.0000
16935,5690,1.0000
16936,5690,1.0000
16937,5690,1.0000
16938,5690,1.0000
16939,5690,1.0000
16940,5690,1.0000
16941,5690,1.0000
16942,5690,1.0000
16943,5690,1.0000
16944,5690,1.0000
16945,5690,1.0000
16946,5690,1.0000
16947,5690,1.0000
16948,5690,1.0000
16949,5690,.8864
16949,5222,.1136
16950,5222,.9773
16950,5690,.0227
16951,5222,1.0000
16952,5222,1.0000
16953,5222,1.0000
16954,5222,1.0000
16955,5222,1.0000
16956,5222,1.0000
16957,5222,1.0000
16958,5222,1.0000
16959,5222,1.0000
16960,5222,1.0000
16961,5222,1.0000
16962,5222,1.0000
16963,5222,1.0000
16964,5222,1.0000
16965,5222,1.0000
16966,5222,1.0000
16967,5222,1.0000
16968,5222,1.0000
16969,5222,1.0000
16970,5222,.8473
16970,5690,.1527
16971,5690,.6800
16971,5222,.3200
16972,5690,1.0000
16973,5690,1.0000
16974,5690,1.0000
16975,5690,1.0000
16976,5690,1.0000
16977,5690,1.0000
16978,5690,1.0000
16979,5690,1.0000
16980,5690,1.0000
16981,5690,1.0000
16982,5690,1.0000
16983,5690,1.0000
16984,5690,1.0000
16985,5690,1.0000
16986,5690,1.0000
16987,5690,1.0000
16988,5690,1.0000
16989,5690,1.0000
16990,5690,1.0000
16991,5690,1.0000
16992,5690,1.0000
16993,5690,1.0000
16994,5690,1.0000
16995,5690,1.0000
16996,5690,1.0000
16997,5690,1.0000
16998,5690,.8788
16998,5222,.1212
16999,5222,.5115
16999,5690,.4885
17000,5222,.8444
17000,5690,.1556
17001,5222,1.0000
17002,5222,1.0000
17003,5222,1.0000
17004,5222,1.0000
17005,5222,1.0000
17006,5222,1.0000
17007,5222,1.0000
17008,5222,1.0000
17009,5222,1.0000
17010,5222,1.0000
17011,5222,1.0000
17012,5222,1.0000
17013,5222,1.0000
17014,5222,1.0000
17015,5222,1.0000
17016,5222,1.0000
17017,5222,1.0000
17018,5222,1.0000
17019,5222,1.0000
17020,5222,1.0000
17021,5222,1.0000
17022,5222,1.0000
17023,5222,1.0000
17024,5222,1.0000
17025,5674,1.0000
17026,5674,1.0000
17027,5674,1.0000
17028,5674,1.0000
17029,5674,1.0000
17030,5674,1.0000
17031,5674,1.0000
17032,5674,1.0000
17033,5674,1.0000
17034,5674,1.0000
17035,5674,1.0000
17036,5674,1.0000
17037,5674,1.0000
17038,5674,1.0000
17039,5674,1.0000
17040,5674,1.0000
17041,5674,1.0000
17042,5674,1.0000
17043,5674,1.0000
17044,5674,1.0000
17045,5674,1.0000
17046,5674,1.0000
17047,5674,1.0000
17048,5674,1.0000
17049,5674,1.0000
17050,5674,1.0000
17051,5674,1.0000
17052,5674,1.0000
17053,5674,1.0000
17054,5674,1.0000
17055,5674,1.0000
17056,5674,1.0000
17057,5674,1.0000
17058,5674,.9371
17058,5690,.0629
17059,5690,.1600
17059,5674,.8400
17060,5690,.2000
17060,5674,.8000
17061,5690,.2833
17061,5674,.7167
17062,5690,.4000
17062,5674,.6000
17063,5690,.3206
17063,5674,.6794
17064,5690,.2045
17064,5674,.7955
17065,5690,.5455
17065,5674,.4545
17066,5690,1.0000
17067,5690,1.0000
17068,5690,1.0000
17069,5690,1.0000
17070,5690,1.0000
17071,5690,1.0000
17072,5690,1.0000
17073,5690,1.0000
17074,5690,1.0000
17075,5690,1.0000
17076,5690,1.0000
17077,5690,1.0000
17078,5690,1.0000
17079,5690,1.0000
17080,5690,1.0000
17081,5690,1.0000
17082,5690,1.0000
17083,5690,.3106
17083,5222,.6894
17084,5222,1.0000
17085,5222,1.0000
17086,5222,1.0000
17087,5222,1.0000
17088,5222,1.0000
17089,5222,1.0000
17090,5222,1.0000
17091,5222,1.0000
17092,5222,1.0000
17093,5222,1.0000
17094,5222,1.0000
17095,5222,1.0000
17096,5222,1.0000
17097,5222,1.0000
17098,5222,1.0000
17099,5222,1.0000
17100,5222,1.0000
17101,5222,1.0000
17102,5222,1.0000
17103,5222,1.0000
17104,5222,.9925
17104,5690,.0075
17105,5690,.6131
17105,5222,.3869
17106,5690,1.0000
17107,5690,1.0000
17108,5690,1.0000
17109,5690,1.0000
17110,5690,1.0000
17111,5690,1.0000
17112,5690,1.0000
17113,5690,1.0000
17114,5690,1.0000
17115,5690,1.0000
17116,5690,1.0000
17117,5690,1.0000
17118,5690,1.0000
17119,5690,1.0000
17120,5690,1.0000
17121,5690,1.0000
17122,5690,1.0000
17123,5690,1.0000
17124,5690,1.0000
17125,5690,1.0000
17126,5690,1.0000
17127,5690,1.0000
17128,5690,1.0000
17129,5690,1.0000
17130,5690,1.0000
17131,5690,1.0000
17132,5690,1.0000
17133,5690,.9844
17133,5222,.0156
17134,5222,.4580
17134,5690,.5420
17135,5222,.9615
17135,5690,.0385
17136,5222,1.0000
17137,5222,1.0000
17138,5222,1.0000
17139,5222,1.0000
17140,5222,1.0000
17141,5222,1.0000
17142,5222,1.0000
17143,5222,1.0000
17144,5222,1.0000
17145,5222,1.0000
17146,5222,1.0000
17147,5222,1.0000
17148,5222,1.0000
17149,5222,1.0000
17150,5222,1.0000
17151,5222,1.0000
17152,5222,1.0000
17153,5222,1.0000
17154,5222,1.0000
17155,5222,1.0000
17156,5222,1.0000
17157,5222,1.0000
17158,5674,1.0000
17159,5674,1.0000
17160,5674,1.0000
17161,5674,1.0000
17162,5674,1.0000
17163,5674,1.0000
17164,5674,1.0000
17165,5674,1.0000
17166,5674,1.0000
17167,5674,1.0000
17168,5674,1.0000
17169,5674,1.0000
17170,5674,1.0000
17171,5674,1.0000
17172,5674,1.0000
17173,5674,1.0000
17174,5674,1.0000
17175,5674,1.0000
17176,5674,1.0000
17177,5674,1.0000
17178,5674,1.0000
17179,5674,1.0000
17180,5674,1.0000
17181,5674,1.0000
17182,5674,1.0000
17183,5674,1.0000
17184,5674,1.0000
17185,5674,1.0000
17186,5674,1.0000
17187,5674,1.0000
17188,5674,1.0000
17189,5674,1.0000
17190,5674,1.0000
17191,5674,1.0000
17192,5674,1.0000
17193,5674,1.0000
17194,5674,1.0000
17195,5674,1.0000
17196,5674,1.0000
17197,5674,1.0000
17198,5674,.8846
17198,5690,.1154
17199,5690,1.0000
17200,5690,1.0000
17201,5690,1.0000
17202,5690,1.0000
17203,5690,1.0000
17204,5690,1.0000
17205,5690,1.0000
17206,5690,1.0000
17207,5690,1.0000
17208,5690,1.0000
17209,5690,1.0000
17210,5690,1.0000
17211,5690,1.0000
17212,5690,1.0000
17213,5690,1.0000
17214,5690,1.0000
17215,5690,1.0000
17216,5690,.6960
17216,5222,.3040
17217,5222,1.0000
17218,5222,1.0000
17219,5222,1.0000
17220,5222,1.0000
17221,5222,1.0000
17222,5222,1.0000
17223,5222,1.0000
17224,5222,1.0000
17225,5222,1.0000
17226,5222,1.0000
17227,5222,1.0000
17228,5222,1.0000
17229,5222,1.0000
17230,5222,1.0000
17231,5222,1.0000
17232,5222,1.0000
17233,5222,1.0000
17234,5222,1.0000
17235,5222,1.0000
17236,5222,1.0000
17237,5222,1.0000
17238,5222,.7209
17238,5690,.2791
17239,5690,1.0000
17240,5690,1.0000
17241,5690,1.0000
17242,5690,1.0000
17243,5690,1.0000
17244,5690,1.0000
17245,5690,1.0000
17246,5690,1.0000
17247,5690,1.0000
17248,5690,1.0000
17249,5690,1.0000
17250,5690,1.0000
17251,5690,1.0000
17252,5690,1.0000
17253,5690,1.0000
17254,5690,1.0000
17255,5690,1.0000
17256,5690,1.0000
17257,5690,1.0000
17258,5690,1.0000
17259,5690,1.0000
17260,5690,1.0000
17261,5690,1.0000
17262,5690,1.0000
17263,5690,1.0000
17264,5690,1.0000
17265,5690,1.0000
17266,5690,1.0000
17267,5690,1.0000
17268,5222,.6565
17268,5690,.3435
17269,5222,1.0000
17270,5222,1.0000
17271,5222,1.0000
17272,5222,1.0000
17273,5222,1.0000
17274,5222,1.0000
17275,5222,1.0000
17276,5222,1.0000
17277,5222,1.0000
17278,5222,1.0000
17279,5222,1.0000
17280,5222,1.0000
17281,5222,1.0000
17282,5222,1.0000
17283,5222,1.0000
17284,5222,1.0000
17285,5222,1.0000
17286,5222,1.0000
17287,5222,1.0000
17288,5222,1.0000
17289,5222,1.0000
17290,5222,1.0000
17291,5674,1.0000
17292,5674,1.0000
17293,5674,1.0000
17294,5674,1.0000
17295,5674,1.0000
17296,5674,1.0000
17297,5674,1.0000
17298,5674,1.0000
17299,5674,1.0000
17300,5674,1.0000
17301,5674,1.0000
17302,5674,1.0000
17303,5674,1.0000
17304,5674,1.0000
17305,5674,1.0000
17306,5674,1.0000
17307,5674,1.0000
17308,5674,1.0000
17309,5674,1.0000
17310,5674,1.0000
17311,5674,1.0000
17312,5674,1.0000
17313,5674,1.0000
17314,5674,1.0000
17315,5674,1.0000
17316,5674,1.0000
17317,5674,1.0000
17318,5674,1.0000
17319,5674,1.0000
17320,5674,1.0000
17321,5674,1.0000
17322,5674,1.0000
17323,5674,1.0000
17324,5674,1.0000
17325,5674,1.0000
17326,5674,1.0000
17327,5674,1.0000
17328,5674,1.0000
17329,5674,1.0000
17330,5674,1.0000
17331,5674,.6084
17331,5690,.3916
17332,5690,1.0000
17333,5690,1.0000
17334,5690,1.0000
17335,5690,1.0000
17336,5690,1.0000
17337,5690,1.0000
17338,5690,1.0000
17339,5690,1.0000
17340,5690,1.0000
17341,5690,1.0000
17342,5690,1.0000
17343,5690,1.0000
17344,5690,1.0000
17345,5690,1.0000
17346,5690,1.0000
17347,5690,1.0000
17348,5690,1.0000
17349,5690,.9577
17349,5222,.0423
17350,5222,.8409
17350,5690,.1591
17351,5222,1.0000
17352,5222,1.0000
17353,5222,1.0000
17354,5222,1.0000
17355,5222,1.0000
17356,5222,1.0000
17357,5222,1.0000
17358,5222,1.0000
17359,5222,1.0000
17360,5222,1.0000
17361,5222,1.0000
17362,5222,1.0000
17363,5222,1.0000
17364,5222,1.0000
17365,5222,1.0000
17366,5222,1.0000
17367,5222,1.0000
17368,5222,1.0000
17369,5222,1.0000
17370,5222,1.0000
17371,5222,.9760
17371,5690,.0240
17372,5690,.7985
17372,5222,.2015
17373,5690,1.0000
17374,5690,1.0000
17375,5690,1.0000
17376,5690,1.0000
17377,5690,1.0000
17378,5690,1.0000
17379,5690,1.0000
17380,5690,1.0000
17381,5690,1.0000
17382,5690,1.0000
17383,5690,1.0000
17384,5690,1.0000
17385,5690,1.0000
17386,5690,1.0000
17387,5690,1.0000
17388,5690,1.0000
17389,5690,1.0000
17390,5690,1.0000
17391,5690,1.0000
17392,5690,1.0000
17393,5690,1.0000
17394,5690,1.0000
17395,5690,1.0000
17396,5690,1.0000
17397,5690,1.0000
17398,5690,1.0000
17399,5690,1.0000
17400,5690,1.0000
17401,5690,.7481
17401,5222,.2519
17402,5222,1.0000
17403,5222,1.0000
17404,5222,1.0000
17405,5222,1.0000
17406,5222,1.0000
17407,5222,1.0000
17408,5222,1.0000
17409,5222,1.0000
17410,5222,1.0000
17411,5222,1.0000
17412,5222,1.0000
17413,5222,1.0000
17414,5222,1.0000
17415,5222,1.0000
17416,5222,1.0000
17417,5222,1.0000
17418,5222,1.0000
17419,5222,1.0000
17420,5222,1.0000
17421,5222,1.0000
17422,5222,1.0000
17423,5222,1.0000
17424,5674,1.0000
17425,5674,1.0000
17426,5674,1.0000
17427,5674,1.0000
17428,5674,1.0000
17429,5674,1.0000
17430,5674,1.0000
17431,5674,1.0000
17432,5674,1.0000
17433,5674,1.0000
17434,5674,1.0000
17435,5674,1.0000
17436,5674,1.0000
17437,5674,1.0000
17438,5674,1.0000
17439,5674,1.0000
17440,5674,1.0000
17441,5674,1.0000
17442,5674,1.0000
17443,5674,1.0000
17444,5674,1.0000
17445,5674,1.0000
17446,5674,1.0000
17447,5674,1.0000
17448,5674,1.0000
17449,5674,1.0000
17450,5674,1.0000
17451,5674,1.0000
17452,5674,1.0000
17453,5674,1.0000
17454,5674,1.0000
17455,5674,1.0000
17456,5674,1.0000
17457,5674,1.0000
17458,5674,1.0000
17459,5674,1.0000
17460,5674,1.0000
17461,5674,1.0000
17462,5674,1.0000
17463,5674,.8258
17463,5690,.1742
17464,5674,.0559
17464,5690,.9441
17465,5690,1.0000
17466,5690,1.0000
17467,5690,1.0000
17468,5690,1.0000
17469,5690,1.0000
17470,5690,1.0000
17471,5690,1.0000
17472,5690,1.0000
17473,5690,1.0000
17474,5690,1.0000
17475,5690,1.0000
17476,5690,1.0000
17477,5690,1.0000
17478,5690,1.0000
17479,5690,1.0000
17480,5690,1.0000
17481,5690,1.0000
17482,5690,1.0000
17483,5690,.7424
17483,5222,.2576
17484,5222,.9773
17484,5690,.0227
17485,5222,1.0000
17486,5222,1.0000
17487,5222,1.0000
17488,5222,1.0000
17489,5222,1.0000
17490,5222,1.0000
17491,5222,1.0000
17492,5222,1.0000
17493,5222,1.0000
17494,5222,1.0000
17495,5222,1.0000
17496,5222,1.0000
17497,5222,1.0000
17498,5222,1.0000
17499,5222,1.0000
17500,5222,1.0000
17501,5222,1.0000
17502,5222,1.0000
17503,5222,1.0000
17504,5222,1.0000
17505,5222,.5766
17505,5690,.4234
17506,5690,1.0000
17507,5690,1.0000
17508,5690,1.0000
17509,5690,1.0000
17510,5690,1.0000
17511,5690,1.0000
17512,5690,1.0000
17513,5690,1.0000
17514,5690,1.0000
17515,5690,1.0000
17516,5690,1.0000
17517,5690,1.0000
17518,5690,1.0000
17519,5690,1.0000
17520,5690,1.0000
17521,5690,1.0000
17522,5690,1.0000
17523,5690,1.0000
17524,5690,1.0000
17525,5690,1.0000
17526,5690,1.0000
17527,5690,1.0000
17528,5690,1.0000
17529,5690,1.0000
17530,5690,1.0000
17531,5690,1.0000
17532,5690,1.0000
17533,5690,1.0000
17534,5690,.9925
17534,5222,.0075
17535,5222,.8092
17535,5690,.1908
17536,5222,1.0000
17537,5222,1.0000
17538,5222,1.0000
17539,5222,1.0000
17540,5222,1.0000
17541,5222,1.0000
17542,5222,1.0000
17543,5222,1.0000
17544,5222,1.0000
17545,5222,1.0000
17546,5222,1.0000
17547,5222,1.0000
17548,5222,1.0000
17549,5222,1.0000
17550,5222,1.0000
17551,5222,1.0000
17552,5222,1.0000
17553,5222,1.0000
17554,5222,1.0000
17555,5222,1.0000
17556,5222,1.0000
17557,5674,1.0000
17558,5674,1.0000
17559,5674,1.0000
17560,5674,1.0000
17561,5674,1.0000
17562,5674,1.0000
17563,5674,1.0000
17564,5674,1.0000
17565,5674,1.0000
17566,5674,1.0000
17567,5674,1.0000
17568,5674,1.0000
17569,5674,1.0000
17570,5674,1.0000
17571,5674,1.0000
17572,5674,1.0000
17573,5674,1.0000
17574,5674,1.0000
17575,5674,1.0000
17576,5674,1.0000
17577,5674,1.0000
17578,5674,1.0000
17579,5674,1.0000
17580,5674,1.0000
17581,5674,1.0000
17582,5674,1.0000
17583,5674,1.0000
17584,5674,1.0000
17585,5674,1.0000
17586,5674,1.0000
17587,5674,1.0000
17588,5674,1.0000
17589,5674,1.0000
17590,5674,1.0000
17591,5674,1.0000
17592,5674,1.0000
17593,5674,1.0000
17594,5674,1.0000
17595,5674,1.0000
17596,5674,.8333
17596,5690,.1667
17597,5690,.9720
17597,5674,.0280
17598,5690,1.0000
17599,5690,1.0000
17600,5690,1.0000
17601,5690,1.0000
17602,5690,1.0000
17603,5690,1.0000
17604,5690,1.0000
17605,5690,1.0000
17606,5690,1.0000
17607,5690,1.0000
17608,5690,1.0000
17609,5690,1.0000
17610,5690,1.0000
17611,5690,1.0000
17612,5690,1.0000
17613,5690,1.0000
17614,5690,1.0000
17615,5690,1.0000
17616,5690,1.0000
17617,5690,.4094
17617,5222,.5906
17618,5222,.8880
17618,5690,.1120
17619,5222,.7500
17619,5690,.2500
17620,5222,.9697
17620,5690,.0303
17621,5222,1.0000
17622,5222,1.0000
17623,5222,1.0000
17624,5222,1.0000
17625,5222,1.0000
17626,5222,1.0000
17627,5222,1.0000
17628,5222,1.0000
17629,5222,1.0000
17630,5222,1.0000
17631,5222,1.0000
17632,5222,1.0000
17633,5222,1.0000
17634,5222,1.0000
17635,5222,1.0000
17636,5222,1.0000
17637,5222,1.0000
17638,5222,.8750
17638,5690,.1250
17639,5690,1.0000
17640,5690,1.0000
17641,5690,1.0000
17642,5690,1.0000
17643,5690,1.0000
17644,5690,1.0000
17645,5690,1.0000
17646,5690,1.0000
17647,5690,1.0000
17648,5690,1.0000
17649,5690,1.0000
17650,5690,1.0000
17651,5690,1.0000
17652,5690,1.0000
17653,5690,1.0000
17654,5690,1.0000
17655,5690,1.0000
17656,5690,1.0000
17657,5690,1.0000
17658,5690,1.0000
17659,5690,1.0000
17660,5690,1.0000
17661,5690,1.0000
17662,5690,1.0000
17663,5690,1.0000
17664,5690,1.0000
17665,5690,1.0000
17666,5690,1.0000
17667,5690,1.0000
17668,5690,.6391
17668,5222,.3609
17669,5222,.9690
17669,5690,.0310
17670,5222,1.0000
17671,5222,1.0000
17672,5222,1.0000
17673,5222,1.0000
17674,5222,1.0000
17675,5222,1.0000
17676,5222,1.0000
17677,5222,1.0000
17678,5222,1.0000
17679,5222,1.0000
17680,5222,1.0000
17681,5222,1.0000
17682,5222,1.0000
17683,5222,1.0000
17684,5222,1.0000
17685,5222,1.0000
17686,5222,1.0000
17687,5222,1.0000
17688,5222,1.0000
17689,5222,1.0000
