gridID,TreeFrac,CropFrac,ShrubFrac,HerbFrac
1,.0000,.0000,.0000,.0000
2,.0000,.0000,.0000,.0000
3,.0000,.0000,.0000,.0000
4,.0000,.0000,.0000,.0000
5,.0000,.0000,.0000,.0000
6,.0000,.0000,.0000,.0000
7,.0010,.0139,.0134,.0164
8,.1377,.1796,.1718,.0492
9,.1619,.1744,.2647,.0604
10,.0899,.5180,.2227,.0400
11,.3774,.1668,.4086,.0008
12,.5115,.0886,.3290,.0142
13,.5565,.0224,.3769,.0000
14,.6942,.0041,.2660,.0000
15,.6891,.0545,.2227,.0000
16,.5775,.0487,.3103,.0105
17,.1055,.3094,.2895,.0216
18,.0474,.2893,.1446,.0303
19,.0378,.1378,.0871,.0425
20,.0159,.1739,.0798,.1311
21,.0070,.0817,.0189,.0382
22,.0000,.0000,.0000,.0000
23,.0000,.0000,.0000,.0000
24,.0000,.0000,.0000,.0000
25,.0000,.0000,.0000,.0000
26,.0000,.0000,.0000,.0000
27,.0000,.0000,.0000,.0000
28,.0000,.0000,.0000,.0000
29,.0000,.0000,.0000,.0000
30,.0000,.0000,.0000,.0000
31,.0000,.0000,.0000,.0000
32,.0000,.0000,.0000,.0000
33,.0000,.0000,.0000,.0000
34,.0000,.0000,.0000,.0000
35,.0000,.0000,.0000,.0000
36,.0000,.0000,.0000,.0000
37,.0000,.0000,.0000,.0000
38,.0000,.0000,.0000,.0000
39,.0000,.0000,.0000,.0000
40,.0000,.0000,.0000,.0000
41,.0000,.0000,.0000,.0000
42,.0000,.0000,.0000,.0000
43,.0000,.0000,.0000,.0000
44,.0000,.0000,.0000,.0000
45,.0000,.0000,.0000,.0000
46,.0000,.0000,.0000,.0000
47,.0000,.0000,.0000,.0000
48,.0000,.0000,.0000,.0000
49,.0000,.0000,.0000,.0000
50,.0000,.0000,.0000,.0000
51,.0000,.0000,.0000,.0000
52,.0000,.0000,.0000,.0000
53,.0000,.0000,.0000,.0000
54,.0000,.0000,.0000,.0000
55,.0000,.0000,.0000,.0000
56,.0000,.0000,.0000,.0000
57,.0000,.0000,.0000,.0000
58,.0000,.0000,.0000,.0000
59,.0000,.0000,.0000,.0000
60,.0000,.0000,.0000,.0000
61,.0000,.0000,.0000,.0000
62,.0000,.0000,.0000,.0000
63,.0000,.0000,.0000,.0000
64,.0000,.0000,.0000,.0000
65,.0000,.0000,.0000,.0000
66,.0000,.0000,.0000,.0000
67,.0000,.0000,.0000,.0000
68,.0000,.0000,.0000,.0000
69,.0000,.0000,.0000,.0000
70,.0000,.0000,.0000,.0000
71,.0000,.0000,.0000,.0000
72,.0000,.0000,.0000,.0000
73,.0000,.0000,.0000,.0000
74,.0000,.0000,.0000,.0000
75,.0000,.0000,.0000,.0000
76,.0000,.0000,.0000,.0000
77,.0000,.0000,.0000,.0000
78,.0000,.0000,.0000,.0000
79,.0000,.0000,.0000,.0000
80,.0000,.0000,.0000,.0000
81,.0000,.0000,.0000,.0000
82,.0000,.0000,.0000,.0000
83,.0000,.0000,.0000,.0000
84,.0000,.0000,.0000,.0000
85,.0000,.0000,.0000,.0000
86,.0000,.0000,.0000,.0000
87,.0000,.0000,.0000,.0000
88,.0000,.0000,.0000,.0000
89,.0000,.0000,.0000,.0000
90,.0000,.0000,.0000,.0000
91,.0000,.0000,.0000,.0000
92,.0000,.0000,.0000,.0000
93,.0000,.0000,.0000,.0000
94,.0000,.0000,.0000,.0000
95,.0000,.0000,.0000,.0000
96,.0000,.0000,.0000,.0000
97,.0000,.0000,.0000,.0000
98,.0000,.0000,.0000,.0000
99,.0000,.0000,.0000,.0000
100,.0000,.0000,.0000,.0000
101,.0000,.0000,.0000,.0000
102,.0000,.0000,.0000,.0000
103,.0000,.0000,.0000,.0000
104,.0000,.0000,.0000,.0000
105,.0000,.0000,.0000,.0000
106,.0000,.0000,.0000,.0000
107,.0000,.0000,.0000,.0000
108,.0000,.0000,.0000,.0000
109,.0000,.0000,.0000,.0000
110,.0000,.0000,.0000,.0000
111,.0000,.0000,.0000,.0000
112,.0000,.0000,.0000,.0000
113,.0000,.0000,.0000,.0000
114,.0000,.0000,.0000,.0000
115,.0000,.0000,.0000,.0000
116,.0000,.0000,.0000,.0000
117,.0000,.0000,.0000,.0000
118,.0000,.0000,.0000,.0000
119,.0000,.0000,.0000,.0000
120,.0000,.0000,.0000,.0000
121,.0000,.0000,.0000,.0000
122,.0000,.0000,.0000,.0000
123,.0000,.0000,.0000,.0000
124,.0000,.0000,.0000,.0000
125,.0000,.0000,.0000,.0000
126,.0000,.0000,.0000,.0000
127,.0000,.0000,.0000,.0000
128,.0000,.0000,.0000,.0000
129,.0000,.0000,.0000,.0000
130,.0000,.0000,.0000,.0000
131,.0000,.0000,.0000,.0000
132,.0000,.0000,.0000,.0000
133,.0000,.0000,.0000,.0000
134,.0000,.0000,.0000,.0000
135,.0000,.0000,.0000,.0000
136,.0000,.0000,.0000,.0000
137,.0000,.0000,.0000,.0000
138,.0005,.0069,.0085,.0159
139,.0146,.1345,.1172,.0480
140,.0365,.6428,.1495,.0424
141,.1159,.4555,.2667,.0418
142,.2853,.2467,.3905,.0158
143,.3708,.1518,.4236,.0100
144,.4441,.0817,.4186,.0069
145,.4783,.0571,.4200,.0000
146,.5646,.0180,.3799,.0000
147,.8900,.0000,.0890,.0000
148,.6838,.0295,.2588,.0000
149,.4491,.1104,.3999,.0001
150,.2351,.1598,.5288,.0140
151,.1952,.3021,.3775,.0387
152,.1600,.4481,.2612,.0208
153,.0917,.5504,.1991,.0110
154,.0812,.2092,.1907,.0324
155,.0000,.0000,.0000,.0000
156,.0000,.0000,.0000,.0000
157,.0000,.0000,.0000,.0000
158,.0000,.0000,.0000,.0000
159,.0000,.0000,.0000,.0000
160,.0000,.0000,.0000,.0000
161,.0000,.0000,.0000,.0000
162,.0000,.0000,.0000,.0000
163,.0000,.0000,.0000,.0000
164,.0000,.0000,.0000,.0000
165,.0000,.0000,.0000,.0000
166,.0000,.0000,.0000,.0000
167,.0000,.0000,.0000,.0000
168,.0000,.0000,.0000,.0000
169,.0000,.0000,.0000,.0000
170,.0000,.0000,.0000,.0000
171,.0000,.0000,.0000,.0000
172,.0000,.0000,.0000,.0000
173,.0000,.0000,.0000,.0000
174,.0000,.0000,.0000,.0000
175,.0000,.0000,.0000,.0000
176,.0000,.0000,.0000,.0000
177,.0000,.0000,.0000,.0000
178,.0000,.0000,.0000,.0000
179,.0000,.0000,.0000,.0000
180,.0000,.0000,.0000,.0000
181,.0000,.0000,.0000,.0000
182,.0000,.0000,.0000,.0000
183,.0000,.0000,.0000,.0000
184,.0000,.0000,.0000,.0000
185,.0000,.0000,.0000,.0000
186,.0000,.0000,.0000,.0000
187,.0000,.0000,.0000,.0000
188,.0000,.0000,.0000,.0000
189,.0000,.0000,.0000,.0000
190,.0000,.0000,.0000,.0000
191,.0000,.0000,.0000,.0000
192,.0000,.0000,.0000,.0000
193,.0000,.0000,.0000,.0000
194,.0000,.0000,.0000,.0000
195,.0000,.0000,.0000,.0000
196,.0000,.0000,.0000,.0000
197,.0000,.0000,.0000,.0000
198,.0000,.0000,.0000,.0000
199,.0000,.0000,.0000,.0000
200,.0000,.0000,.0000,.0000
201,.0000,.0000,.0000,.0000
202,.0000,.0000,.0000,.0000
203,.0000,.0000,.0000,.0000
204,.0000,.0000,.0000,.0000
205,.0000,.0000,.0000,.0000
206,.0000,.0000,.0000,.0000
207,.0000,.0000,.0000,.0000
208,.0000,.0000,.0000,.0000
209,.0000,.0000,.0000,.0000
210,.0000,.0000,.0000,.0000
211,.0000,.0000,.0000,.0000
212,.0000,.0000,.0000,.0000
213,.0000,.0000,.0000,.0000
214,.0000,.0000,.0000,.0000
215,.0000,.0000,.0000,.0000
216,.0000,.0000,.0000,.0000
217,.0000,.0000,.0000,.0000
218,.0000,.0000,.0000,.0000
219,.0000,.0000,.0000,.0000
220,.0000,.0000,.0000,.0000
221,.0000,.0000,.0000,.0000
222,.0000,.0000,.0000,.0000
223,.0000,.0000,.0000,.0000
224,.0000,.0000,.0000,.0000
225,.0000,.0000,.0000,.0000
226,.0000,.0000,.0000,.0000
227,.0000,.0000,.0000,.0000
228,.0000,.0000,.0000,.0000
229,.0000,.0000,.0000,.0000
230,.0000,.0000,.0000,.0000
231,.0000,.0000,.0000,.0000
232,.0000,.0000,.0000,.0000
233,.0000,.0000,.0000,.0000
234,.0000,.0000,.0000,.0000
235,.0000,.0000,.0000,.0000
236,.0000,.0000,.0000,.0000
237,.0000,.0000,.0000,.0000
238,.0000,.0000,.0000,.0000
239,.0000,.0000,.0000,.0000
240,.0000,.0000,.0000,.0000
241,.0000,.0000,.0000,.0000
242,.0000,.0000,.0000,.0000
243,.0000,.0000,.0000,.0000
244,.0000,.0000,.0000,.0000
245,.0000,.0000,.0000,.0000
246,.0000,.0000,.0000,.0000
247,.0000,.0000,.0000,.0000
248,.0000,.0000,.0000,.0000
249,.0000,.0000,.0000,.0000
250,.0000,.0000,.0000,.0000
251,.0000,.0000,.0000,.0000
252,.0000,.0000,.0000,.0000
253,.0000,.0000,.0000,.0000
254,.0000,.0000,.0000,.0000
255,.0000,.0000,.0000,.0000
256,.0000,.0000,.0000,.0000
257,.0000,.0000,.0000,.0000
258,.0000,.0000,.0000,.0000
259,.0000,.0000,.0000,.0000
260,.0000,.0000,.0000,.0000
261,.0000,.0000,.0000,.0000
262,.0000,.0000,.0000,.0000
263,.0000,.0000,.0000,.0000
264,.0000,.0000,.0000,.0000
265,.0000,.0000,.0000,.0000
266,.0000,.0000,.0000,.0000
267,.0000,.0000,.0000,.0000
268,.0000,.0000,.0000,.0000
269,.0000,.0000,.0000,.0000
270,.0000,.0196,.0206,.0227
271,.0232,.3891,.0870,.0794
272,.0886,.3382,.3502,.0309
273,.1399,.3606,.3281,.0285
274,.2616,.1836,.4287,.0423
275,.2064,.2529,.3858,.0858
276,.4060,.0687,.4844,.0015
277,.5230,.1044,.3380,.0000
278,.5604,.0851,.3061,.0016
279,.7437,.0150,.2085,.0000
280,.7883,.0459,.1309,.0000
281,.5395,.0501,.3708,.0000
282,.2839,.1259,.5401,.0105
283,.3228,.0926,.5436,.0000
284,.3781,.0841,.5054,.0006
285,.2263,.3153,.3693,.0225
286,.0965,.5689,.2156,.0040
287,.1932,.3989,.3077,.0109
288,.2039,.0377,.1113,.0189
289,.0000,.0000,.0000,.0000
290,.0000,.0000,.0000,.0000
291,.0000,.0000,.0000,.0000
292,.0000,.0000,.0000,.0000
293,.0000,.0000,.0000,.0000
294,.0000,.0000,.0000,.0000
295,.0000,.0000,.0000,.0000
296,.0000,.0000,.0000,.0000
297,.0000,.0000,.0000,.0000
298,.0000,.0000,.0000,.0000
299,.0000,.0000,.0000,.0000
300,.0000,.0000,.0000,.0000
301,.0000,.0000,.0000,.0000
302,.0000,.0000,.0000,.0000
303,.0000,.0000,.0000,.0000
304,.0000,.0000,.0000,.0000
305,.0000,.0000,.0000,.0000
306,.0000,.0000,.0000,.0000
307,.0000,.0000,.0000,.0000
308,.0000,.0000,.0000,.0000
309,.0000,.0000,.0000,.0000
310,.0000,.0000,.0000,.0000
311,.0000,.0000,.0000,.0000
312,.0000,.0000,.0000,.0000
313,.0000,.0000,.0000,.0000
314,.0000,.0000,.0000,.0000
315,.0000,.0000,.0000,.0000
316,.0000,.0000,.0000,.0000
317,.0000,.0000,.0000,.0000
318,.0000,.0000,.0000,.0000
319,.0000,.0000,.0000,.0000
320,.0000,.0000,.0000,.0000
321,.0000,.0000,.0000,.0000
322,.0000,.0000,.0000,.0000
323,.0000,.0000,.0000,.0000
324,.0000,.0000,.0000,.0000
325,.0000,.0000,.0000,.0000
326,.0000,.0000,.0000,.0000
327,.0000,.0000,.0000,.0000
328,.0000,.0000,.0000,.0000
329,.0000,.0000,.0000,.0000
330,.0000,.0000,.0000,.0000
331,.0000,.0000,.0000,.0000
332,.0000,.0000,.0000,.0000
333,.0000,.0000,.0000,.0000
334,.0000,.0000,.0000,.0000
335,.0000,.0000,.0000,.0000
336,.0000,.0000,.0000,.0000
337,.0000,.0000,.0000,.0000
338,.0000,.0000,.0000,.0000
339,.0000,.0000,.0000,.0000
340,.0000,.0000,.0000,.0000
341,.0000,.0000,.0000,.0000
342,.0000,.0000,.0000,.0000
343,.0000,.0000,.0000,.0000
344,.0000,.0000,.0000,.0000
345,.0000,.0000,.0000,.0000
346,.0000,.0000,.0000,.0000
347,.0000,.0000,.0000,.0000
348,.0000,.0000,.0000,.0000
349,.0000,.0000,.0000,.0000
350,.0000,.0000,.0000,.0000
351,.0000,.0000,.0000,.0000
352,.0000,.0000,.0000,.0000
353,.0000,.0000,.0000,.0000
354,.0000,.0000,.0000,.0000
355,.0000,.0000,.0000,.0000
356,.0000,.0000,.0000,.0000
357,.0000,.0000,.0000,.0000
358,.0000,.0000,.0000,.0000
359,.0000,.0000,.0000,.0000
360,.0000,.0000,.0000,.0000
361,.0000,.0000,.0000,.0000
362,.0000,.0000,.0000,.0000
363,.0000,.0000,.0000,.0000
364,.0000,.0000,.0000,.0000
365,.0000,.0000,.0000,.0000
366,.0000,.0000,.0000,.0000
367,.0000,.0000,.0000,.0000
368,.0000,.0000,.0000,.0000
369,.0000,.0000,.0000,.0000
370,.0000,.0000,.0000,.0000
371,.0000,.0000,.0000,.0000
372,.0000,.0000,.0000,.0000
373,.0000,.0000,.0000,.0000
374,.0000,.0000,.0000,.0000
375,.0000,.0000,.0000,.0000
376,.0000,.0000,.0000,.0000
377,.0000,.0000,.0000,.0000
378,.0000,.0000,.0000,.0000
379,.0000,.0000,.0000,.0000
380,.0000,.0000,.0000,.0000
381,.0000,.0000,.0000,.0000
382,.0000,.0000,.0000,.0000
383,.0000,.0000,.0000,.0000
384,.0000,.0000,.0000,.0000
385,.0000,.0000,.0000,.0000
386,.0000,.0000,.0000,.0000
387,.0000,.0000,.0000,.0000
388,.0000,.0000,.0000,.0000
389,.0000,.0000,.0000,.0000
390,.0000,.0000,.0000,.0000
391,.0000,.0000,.0000,.0000
392,.0000,.0000,.0000,.0000
393,.0000,.0000,.0000,.0000
394,.0000,.0000,.0000,.0000
395,.0000,.0000,.0000,.0000
396,.0000,.0000,.0000,.0000
397,.0000,.0000,.0000,.0000
398,.0000,.0000,.0000,.0000
399,.0000,.0000,.0000,.0000
400,.0000,.0000,.0000,.0000
401,.0000,.0000,.0000,.0000
402,.0000,.0000,.0000,.0000
403,.0000,.0023,.0005,.0014
404,.0343,.6206,.0687,.0379
405,.3407,.1156,.4395,.0056
406,.7666,.0197,.1753,.0033
407,.5990,.0705,.2918,.0000
408,.2155,.1514,.4942,.0622
409,.1894,.2352,.4750,.0330
410,.3389,.1988,.3878,.0241
411,.4220,.1714,.3519,.0012
412,.6852,.0186,.2517,.0000
413,.7007,.0335,.2193,.0000
414,.6857,.0425,.2348,.0000
415,.3521,.0731,.5372,.0027
416,.2562,.0903,.6151,.0017
417,.2763,.1054,.5926,.0000
418,.3662,.1789,.4149,.0016
419,.3690,.1930,.3942,.0029
420,.4759,.0813,.4018,.0000
421,.4917,.0508,.4048,.0098
422,.1972,.0502,.2322,.0446
423,.0584,.0388,.1019,.0509
424,.0075,.0330,.0586,.0518
425,.0000,.0007,.0168,.0491
426,.0000,.0000,.0000,.0000
427,.0000,.0000,.0000,.0000
428,.0000,.0000,.0000,.0000
429,.0000,.0000,.0000,.0000
430,.0000,.0000,.0000,.0000
431,.0000,.0000,.0000,.0000
432,.0000,.0000,.0000,.0000
433,.0000,.0000,.0000,.0000
434,.0000,.0000,.0000,.0000
435,.0000,.0000,.0000,.0000
436,.0000,.0000,.0000,.0000
437,.0000,.0000,.0000,.0000
438,.0000,.0000,.0000,.0000
439,.0000,.0000,.0000,.0000
440,.0000,.0000,.0000,.0000
441,.0000,.0000,.0000,.0000
442,.0000,.0000,.0000,.0000
443,.0000,.0000,.0000,.0000
444,.0000,.0000,.0000,.0000
445,.0000,.0000,.0000,.0000
446,.0000,.0000,.0000,.0000
447,.0000,.0000,.0000,.0000
448,.0000,.0000,.0000,.0000
449,.0000,.0000,.0000,.0000
450,.0000,.0000,.0000,.0000
451,.0000,.0000,.0000,.0000
452,.0000,.0000,.0000,.0000
453,.0000,.0000,.0000,.0000
454,.0000,.0000,.0000,.0000
455,.0000,.0000,.0000,.0000
456,.0000,.0000,.0000,.0000
457,.0000,.0000,.0000,.0000
458,.0000,.0000,.0000,.0000
459,.0000,.0000,.0000,.0000
460,.0000,.0000,.0000,.0000
461,.0000,.0000,.0000,.0000
462,.0000,.0000,.0000,.0000
463,.0000,.0000,.0000,.0000
464,.0000,.0000,.0000,.0000
465,.0000,.0000,.0000,.0000
466,.0000,.0000,.0000,.0000
467,.0000,.0000,.0000,.0000
468,.0000,.0000,.0000,.0000
469,.0000,.0000,.0000,.0000
470,.0000,.0000,.0000,.0000
471,.0000,.0000,.0000,.0000
472,.0000,.0000,.0000,.0000
473,.0000,.0000,.0000,.0000
474,.0000,.0000,.0000,.0000
475,.0000,.0000,.0000,.0000
476,.0000,.0000,.0000,.0000
477,.0000,.0000,.0000,.0000
478,.0000,.0000,.0000,.0000
479,.0000,.0000,.0000,.0000
480,.0000,.0000,.0000,.0000
481,.0000,.0000,.0000,.0000
482,.0000,.0000,.0000,.0000
483,.0000,.0000,.0000,.0000
484,.0000,.0000,.0000,.0000
485,.0000,.0000,.0000,.0000
486,.0000,.0000,.0000,.0000
487,.0000,.0000,.0000,.0000
488,.0000,.0000,.0000,.0000
489,.0000,.0000,.0000,.0000
490,.0000,.0000,.0000,.0000
491,.0000,.0000,.0000,.0000
492,.0000,.0000,.0000,.0000
493,.0000,.0000,.0000,.0000
494,.0000,.0000,.0000,.0000
495,.0000,.0000,.0000,.0000
496,.0000,.0000,.0000,.0000
497,.0000,.0000,.0000,.0000
498,.0000,.0000,.0000,.0000
499,.0000,.0000,.0000,.0000
500,.0000,.0000,.0000,.0000
501,.0000,.0000,.0000,.0000
502,.0000,.0000,.0000,.0000
503,.0000,.0000,.0000,.0000
504,.0000,.0000,.0000,.0000
505,.0000,.0000,.0000,.0000
506,.0000,.0000,.0000,.0000
507,.0000,.0000,.0000,.0000
508,.0000,.0000,.0000,.0000
509,.0000,.0000,.0000,.0000
510,.0000,.0000,.0000,.0000
511,.0000,.0000,.0000,.0000
512,.0000,.0000,.0000,.0000
513,.0000,.0000,.0000,.0000
514,.0000,.0000,.0000,.0000
515,.0000,.0000,.0000,.0000
516,.0000,.0000,.0000,.0000
517,.0000,.0000,.0000,.0000
518,.0000,.0000,.0000,.0000
519,.0000,.0000,.0000,.0000
520,.0000,.0000,.0000,.0000
521,.0000,.0000,.0000,.0000
522,.0000,.0000,.0000,.0000
523,.0000,.0000,.0000,.0000
524,.0000,.0000,.0000,.0000
525,.0000,.0000,.0000,.0000
526,.0000,.0000,.0000,.0000
527,.0000,.0000,.0000,.0000
528,.0000,.0000,.0000,.0000
529,.0000,.0000,.0000,.0000
530,.0000,.0000,.0000,.0000
531,.0000,.0000,.0000,.0000
532,.0000,.0000,.0000,.0000
533,.0000,.0000,.0000,.0000
534,.0000,.0000,.0000,.0000
535,.0000,.0000,.0000,.0000
536,.0000,.0000,.0000,.0000
537,.1863,.3163,.2206,.0365
538,.6455,.0524,.2579,.0004
539,.9213,.0094,.0439,.0000
540,.9101,.0001,.0632,.0000
541,.5771,.0496,.3112,.0146
542,.1778,.3392,.3721,.0209
543,.1511,.3624,.3679,.0453
544,.6862,.0449,.2406,.0000
545,.7122,.0316,.2098,.0000
546,.6633,.0509,.2403,.0000
547,.4278,.1007,.4116,.0101
548,.6057,.0461,.3188,.0000
549,.6275,.0738,.2707,.0000
550,.7740,.0217,.1884,.0000
551,.7696,.0878,.1087,.0034
552,.8098,.0191,.1286,.0100
553,.6011,.0881,.2681,.0000
554,.3581,.1176,.4859,.0010
555,.2449,.4641,.2239,.0036
556,.1805,.3753,.3448,.0046
557,.0717,.4222,.1680,.0750
558,.0004,.0243,.0014,.0163
559,.0000,.0000,.0000,.0000
560,.0000,.0000,.0000,.0000
561,.0000,.0000,.0000,.0000
562,.0000,.0000,.0000,.0000
563,.0000,.0000,.0000,.0000
564,.0000,.0000,.0000,.0000
565,.0000,.0000,.0000,.0000
566,.0000,.0000,.0000,.0000
567,.0000,.0000,.0000,.0000
568,.0000,.0000,.0000,.0000
569,.0000,.0000,.0000,.0000
570,.0000,.0000,.0000,.0000
571,.0000,.0000,.0000,.0000
572,.0000,.0000,.0000,.0000
573,.0000,.0000,.0000,.0000
574,.0000,.0000,.0000,.0000
575,.0000,.0000,.0000,.0000
576,.0000,.0000,.0000,.0000
577,.0000,.0000,.0000,.0000
578,.0000,.0000,.0000,.0000
579,.0000,.0000,.0000,.0000
580,.0000,.0000,.0000,.0000
581,.0000,.0000,.0000,.0000
582,.0000,.0000,.0000,.0000
583,.0000,.0000,.0000,.0000
584,.0000,.0000,.0000,.0000
585,.0000,.0000,.0000,.0000
586,.0000,.0000,.0000,.0000
587,.0000,.0000,.0000,.0000
588,.0000,.0000,.0000,.0000
589,.0000,.0000,.0000,.0000
590,.0000,.0000,.0000,.0000
591,.0000,.0000,.0000,.0000
592,.0000,.0000,.0000,.0000
593,.0000,.0000,.0000,.0000
594,.0000,.0000,.0000,.0000
595,.0000,.0000,.0000,.0000
596,.0000,.0000,.0000,.0000
597,.0000,.0000,.0000,.0000
598,.0000,.0000,.0000,.0000
599,.0000,.0000,.0000,.0000
600,.0000,.0000,.0000,.0000
601,.0000,.0000,.0000,.0000
602,.0000,.0000,.0000,.0000
603,.0000,.0000,.0000,.0000
604,.0000,.0000,.0000,.0000
605,.0000,.0000,.0000,.0000
606,.0000,.0000,.0000,.0000
607,.0000,.0000,.0000,.0000
608,.0000,.0000,.0000,.0000
609,.0000,.0000,.0000,.0000
610,.0000,.0000,.0000,.0000
611,.0000,.0000,.0000,.0000
612,.0000,.0000,.0000,.0000
613,.0000,.0000,.0000,.0000
614,.0000,.0000,.0000,.0000
615,.0000,.0000,.0000,.0000
616,.0000,.0000,.0000,.0000
617,.0000,.0000,.0000,.0000
618,.0000,.0000,.0000,.0000
619,.0000,.0000,.0000,.0000
620,.0000,.0000,.0000,.0000
621,.0000,.0000,.0000,.0000
622,.0000,.0000,.0000,.0000
623,.0000,.0000,.0000,.0000
624,.0000,.0000,.0000,.0000
625,.0000,.0000,.0000,.0000
626,.0000,.0000,.0000,.0000
627,.0000,.0000,.0000,.0000
628,.0000,.0000,.0000,.0000
629,.0000,.0000,.0000,.0000
630,.0000,.0000,.0000,.0000
631,.0000,.0000,.0000,.0000
632,.0000,.0000,.0000,.0000
633,.0000,.0000,.0000,.0000
634,.0000,.0000,.0000,.0000
635,.0000,.0000,.0000,.0000
636,.0000,.0000,.0000,.0000
637,.0000,.0000,.0000,.0000
638,.0000,.0000,.0000,.0000
639,.0000,.0000,.0000,.0000
640,.0000,.0000,.0000,.0000
641,.0000,.0000,.0000,.0000
642,.0000,.0000,.0000,.0000
643,.0000,.0000,.0000,.0000
644,.0000,.0000,.0000,.0000
645,.0000,.0000,.0000,.0000
646,.0000,.0000,.0000,.0000
647,.0000,.0000,.0000,.0000
648,.0000,.0000,.0000,.0000
649,.0000,.0000,.0000,.0000
650,.0000,.0000,.0000,.0000
651,.0000,.0000,.0000,.0000
652,.0000,.0000,.0000,.0000
653,.0000,.0000,.0000,.0000
654,.0000,.0000,.0000,.0000
655,.0000,.0000,.0000,.0000
656,.0000,.0000,.0000,.0000
657,.0000,.0000,.0000,.0000
658,.0000,.0000,.0000,.0000
659,.0000,.0000,.0000,.0000
660,.0000,.0000,.0000,.0000
661,.0000,.0000,.0000,.0000
662,.0000,.0000,.0000,.0000
663,.0000,.0000,.0000,.0000
664,.0000,.0000,.0000,.0000
665,.0000,.0000,.0000,.0000
666,.0000,.0000,.0000,.0000
667,.0000,.0000,.0000,.0000
668,.0000,.0000,.0000,.0000
669,.0009,.0170,.0183,.0375
670,.1516,.2452,.3772,.0584
671,.6982,.0500,.2063,.0078
672,.8754,.0393,.0529,.0019
673,.9175,.0009,.0453,.0000
674,.5898,.1152,.1766,.0632
675,.2076,.2703,.3913,.0442
676,.1798,.4001,.3174,.0286
677,.6391,.0591,.2645,.0012
678,.5848,.0322,.3358,.0000
679,.5187,.0902,.3179,.0179
680,.6009,.0405,.3118,.0000
681,.6052,.0473,.3010,.0000
682,.7041,.0282,.2331,.0000
683,.5962,.0103,.3522,.0000
684,.5513,.0358,.3642,.0000
685,.5893,.0263,.3359,.0000
686,.6293,.0508,.2775,.0000
687,.5404,.0560,.3698,.0000
688,.3039,.1959,.4471,.0042
689,.1531,.3651,.3513,.0134
690,.0641,.4931,.2414,.0131
691,.0029,.2339,.0542,.0852
692,.0000,.0026,.0002,.0125
693,.0000,.0000,.0000,.0000
694,.0000,.0000,.0000,.0000
695,.0000,.0000,.0000,.0000
696,.0000,.0000,.0000,.0000
697,.0000,.0000,.0000,.0000
698,.0000,.0000,.0000,.0000
699,.0000,.0000,.0000,.0000
700,.0000,.0000,.0000,.0000
701,.0000,.0000,.0000,.0000
702,.0000,.0000,.0000,.0000
703,.0000,.0000,.0000,.0000
704,.0000,.0000,.0000,.0000
705,.0000,.0000,.0000,.0000
706,.0000,.0000,.0000,.0000
707,.0000,.0000,.0000,.0000
708,.0000,.0000,.0000,.0000
709,.0000,.0000,.0000,.0000
710,.0000,.0000,.0000,.0000
711,.0000,.0000,.0000,.0000
712,.0000,.0000,.0000,.0000
713,.0000,.0000,.0000,.0000
714,.0000,.0000,.0000,.0000
715,.0000,.0000,.0000,.0000
716,.0000,.0000,.0000,.0000
717,.0000,.0000,.0000,.0000
718,.0000,.0000,.0000,.0000
719,.0000,.0000,.0000,.0000
720,.0000,.0000,.0000,.0000
721,.0000,.0000,.0000,.0000
722,.0000,.0000,.0000,.0000
723,.0000,.0000,.0000,.0000
724,.0000,.0000,.0000,.0000
725,.0000,.0000,.0000,.0000
726,.0000,.0000,.0000,.0000
727,.0000,.0000,.0000,.0000
728,.0000,.0000,.0000,.0000
729,.0000,.0000,.0000,.0000
730,.0000,.0000,.0000,.0000
731,.0000,.0000,.0000,.0000
732,.0000,.0000,.0000,.0000
733,.0000,.0000,.0000,.0000
734,.0000,.0000,.0000,.0000
735,.0000,.0000,.0000,.0000
736,.0000,.0000,.0000,.0000
737,.0000,.0000,.0000,.0000
738,.0000,.0000,.0000,.0000
739,.0000,.0000,.0000,.0000
740,.0000,.0000,.0000,.0000
741,.0000,.0000,.0000,.0000
742,.0000,.0000,.0000,.0000
743,.0000,.0000,.0000,.0000
744,.0000,.0000,.0000,.0000
745,.0000,.0000,.0000,.0000
746,.0000,.0000,.0000,.0000
747,.0000,.0000,.0000,.0000
748,.0000,.0000,.0000,.0000
749,.0000,.0000,.0000,.0000
750,.0000,.0000,.0000,.0000
751,.0000,.0000,.0000,.0000
752,.0000,.0000,.0000,.0000
753,.0000,.0000,.0000,.0000
754,.0000,.0000,.0000,.0000
755,.0000,.0000,.0000,.0000
756,.0000,.0000,.0000,.0000
757,.0000,.0000,.0000,.0000
758,.0000,.0000,.0000,.0000
759,.0000,.0000,.0000,.0000
760,.0000,.0000,.0000,.0000
761,.0000,.0000,.0000,.0000
762,.0000,.0000,.0000,.0000
763,.0000,.0000,.0000,.0000
764,.0000,.0000,.0000,.0000
765,.0000,.0000,.0000,.0000
766,.0000,.0000,.0000,.0000
767,.0000,.0000,.0000,.0000
768,.0000,.0000,.0000,.0000
769,.0000,.0000,.0000,.0000
770,.0000,.0000,.0000,.0000
771,.0000,.0000,.0000,.0000
772,.0000,.0000,.0000,.0000
773,.0000,.0000,.0000,.0000
774,.0000,.0000,.0000,.0000
775,.0000,.0000,.0000,.0000
776,.0000,.0000,.0000,.0000
777,.0000,.0000,.0000,.0000
778,.0000,.0000,.0000,.0000
779,.0000,.0000,.0000,.0000
780,.0000,.0000,.0000,.0000
781,.0000,.0000,.0000,.0000
782,.0000,.0000,.0000,.0000
783,.0000,.0000,.0000,.0000
784,.0000,.0000,.0000,.0000
785,.0000,.0000,.0000,.0000
786,.0000,.0000,.0000,.0000
787,.0000,.0000,.0000,.0000
788,.0000,.0000,.0000,.0000
789,.0000,.0000,.0000,.0000
790,.0000,.0000,.0000,.0000
791,.0000,.0000,.0000,.0000
792,.0000,.0000,.0000,.0000
793,.0000,.0000,.0000,.0000
794,.0000,.0000,.0000,.0000
795,.0000,.0000,.0000,.0000
796,.0000,.0000,.0000,.0000
797,.0000,.0000,.0000,.0000
798,.0000,.0000,.0000,.0000
799,.0000,.0000,.0000,.0000
800,.0000,.0000,.0000,.0000
801,.0000,.0000,.0000,.0000
802,.0087,.1951,.1212,.0877
803,.0698,.5088,.2446,.0184
804,.4093,.0559,.4317,.0255
805,.6778,.0000,.2782,.0000
806,.5813,.0629,.2579,.0231
807,.7576,.0159,.1741,.0054
808,.7905,.0210,.1529,.0004
809,.6956,.0564,.2092,.0000
810,.5090,.1110,.3109,.0209
811,.5199,.1103,.3047,.0198
812,.6444,.0197,.2880,.0021
813,.5168,.0124,.4181,.0006
814,.5339,.0450,.3639,.0098
815,.6812,.0057,.2769,.0000
816,.4477,.0239,.4799,.0000
817,.5308,.0156,.4137,.0000
818,.5047,.0214,.4346,.0000
819,.5020,.0531,.4033,.0000
820,.3934,.0770,.4960,.0003
821,.4600,.0558,.4526,.0004
822,.2406,.1462,.5666,.0000
823,.0887,.3986,.3740,.0016
824,.0244,.3318,.1044,.0538
825,.0000,.0000,.0000,.0000
826,.0000,.0000,.0000,.0000
827,.0000,.0000,.0000,.0000
828,.0000,.0000,.0000,.0000
829,.0000,.0000,.0000,.0000
830,.0000,.0000,.0000,.0000
831,.0000,.0000,.0000,.0000
832,.0000,.0000,.0000,.0000
833,.0000,.0000,.0000,.0000
834,.0000,.0000,.0000,.0000
835,.0000,.0000,.0000,.0000
836,.0000,.0000,.0000,.0000
837,.0000,.0000,.0000,.0000
838,.0000,.0000,.0000,.0000
839,.0000,.0000,.0000,.0000
840,.0000,.0000,.0000,.0000
841,.0000,.0000,.0000,.0000
842,.0000,.0000,.0000,.0000
843,.0000,.0000,.0000,.0000
844,.0000,.0000,.0000,.0000
845,.0000,.0000,.0000,.0000
846,.0000,.0000,.0000,.0000
847,.0000,.0000,.0000,.0000
848,.0000,.0000,.0000,.0000
849,.0000,.0000,.0000,.0000
850,.0000,.0000,.0000,.0000
851,.0000,.0000,.0000,.0000
852,.0000,.0000,.0000,.0000
853,.0000,.0000,.0000,.0000
854,.0000,.0000,.0000,.0000
855,.0000,.0000,.0000,.0000
856,.0000,.0000,.0000,.0000
857,.0000,.0000,.0000,.0000
858,.0000,.0000,.0000,.0000
859,.0000,.0000,.0000,.0000
860,.0000,.0000,.0000,.0000
861,.0000,.0000,.0000,.0000
862,.0000,.0000,.0000,.0000
863,.0000,.0000,.0000,.0000
864,.0000,.0000,.0000,.0000
865,.0000,.0000,.0000,.0000
866,.0000,.0000,.0000,.0000
867,.0000,.0000,.0000,.0000
868,.0000,.0000,.0000,.0000
869,.0000,.0000,.0000,.0000
870,.0000,.0000,.0000,.0000
871,.0000,.0000,.0000,.0000
872,.0000,.0000,.0000,.0000
873,.0000,.0000,.0000,.0000
874,.0000,.0000,.0000,.0000
875,.0000,.0000,.0000,.0000
876,.0000,.0000,.0000,.0000
877,.0000,.0000,.0000,.0000
878,.0000,.0000,.0000,.0000
879,.0000,.0000,.0000,.0000
880,.0000,.0000,.0000,.0000
881,.0000,.0000,.0000,.0000
882,.0000,.0000,.0000,.0000
883,.0000,.0000,.0000,.0000
884,.0000,.0000,.0000,.0000
885,.0000,.0000,.0000,.0000
886,.0000,.0000,.0000,.0000
887,.0000,.0000,.0000,.0000
888,.0000,.0000,.0000,.0000
889,.0000,.0000,.0000,.0000
890,.0000,.0000,.0000,.0000
891,.0000,.0000,.0000,.0000
892,.0000,.0000,.0000,.0000
893,.0000,.0000,.0000,.0000
894,.0000,.0000,.0000,.0000
895,.0000,.0000,.0000,.0000
896,.0000,.0000,.0000,.0000
897,.0000,.0000,.0000,.0000
898,.0000,.0000,.0000,.0000
899,.0000,.0000,.0000,.0000
900,.0000,.0000,.0000,.0000
901,.0000,.0000,.0000,.0000
902,.0000,.0000,.0000,.0000
903,.0000,.0000,.0000,.0000
904,.0000,.0000,.0000,.0000
905,.0000,.0000,.0000,.0000
906,.0000,.0000,.0000,.0000
907,.0000,.0000,.0000,.0000
908,.0000,.0000,.0000,.0000
909,.0000,.0000,.0000,.0000
910,.0000,.0000,.0000,.0000
911,.0000,.0000,.0000,.0000
912,.0000,.0000,.0000,.0000
913,.0000,.0000,.0000,.0000
914,.0000,.0000,.0000,.0000
915,.0000,.0000,.0000,.0000
916,.0000,.0000,.0000,.0000
917,.0000,.0000,.0000,.0000
918,.0000,.0000,.0000,.0000
919,.0000,.0000,.0000,.0000
920,.0000,.0000,.0000,.0000
921,.0000,.0000,.0000,.0000
922,.0000,.0000,.0000,.0000
923,.0000,.0000,.0000,.0000
924,.0000,.0000,.0000,.0000
925,.0000,.0000,.0000,.0000
926,.0000,.0000,.0000,.0000
927,.0000,.0000,.0000,.0000
928,.0000,.0000,.0000,.0000
929,.0000,.0000,.0000,.0000
930,.0000,.0000,.0000,.0000
931,.0000,.0000,.0000,.0000
932,.0000,.0000,.0000,.0000
933,.0000,.0000,.0000,.0000
934,.0000,.0000,.0000,.0000
935,.0089,.1204,.0481,.0365
936,.1128,.3103,.3692,.0369
937,.3300,.0452,.5573,.0114
938,.5974,.0151,.3524,.0000
939,.4866,.1244,.2217,.0292
940,.6961,.0084,.1537,.0253
941,.6022,.0054,.3445,.0000
942,.5851,.0417,.3093,.0000
943,.8076,.0079,.1463,.0000
944,.9022,.0098,.0663,.0000
945,.4867,.1088,.3463,.0108
946,.4979,.0780,.3662,.0085
947,.4542,.0167,.4864,.0000
948,.6749,.0142,.2768,.0000
949,.5157,.0328,.4137,.0000
950,.3697,.0594,.5325,.0000
951,.5827,.0185,.3758,.0000
952,.5841,.0216,.3694,.0000
953,.4645,.0605,.3988,.0201
954,.5815,.0410,.3404,.0000
955,.4436,.1083,.4087,.0037
956,.3605,.1342,.4539,.0000
957,.0756,.3117,.3509,.0081
958,.0000,.0005,.0000,.0000
959,.0000,.0000,.0000,.0000
960,.0000,.0000,.0000,.0000
961,.0000,.0000,.0000,.0000
962,.0000,.0000,.0000,.0000
963,.0000,.0000,.0000,.0000
964,.0000,.0000,.0000,.0000
965,.0000,.0000,.0000,.0000
966,.0000,.0000,.0000,.0000
967,.0000,.0000,.0000,.0000
968,.0000,.0000,.0000,.0000
969,.0000,.0000,.0000,.0000
970,.0000,.0000,.0000,.0000
971,.0000,.0000,.0000,.0000
972,.0000,.0000,.0000,.0000
973,.0000,.0000,.0000,.0000
974,.0000,.0000,.0000,.0000
975,.0000,.0000,.0000,.0000
976,.0000,.0000,.0000,.0000
977,.0000,.0000,.0000,.0000
978,.0000,.0000,.0000,.0000
979,.0000,.0000,.0000,.0000
980,.0000,.0000,.0000,.0000
981,.0000,.0000,.0000,.0000
982,.0000,.0000,.0000,.0000
983,.0000,.0000,.0000,.0000
984,.0000,.0000,.0000,.0000
985,.0000,.0000,.0000,.0000
986,.0000,.0000,.0000,.0000
987,.0000,.0000,.0000,.0000
988,.0000,.0000,.0000,.0000
989,.0000,.0000,.0000,.0000
990,.0000,.0000,.0000,.0000
991,.0000,.0000,.0000,.0000
992,.0000,.0000,.0000,.0000
993,.0000,.0000,.0000,.0000
994,.0000,.0000,.0000,.0000
995,.0000,.0000,.0000,.0000
996,.0000,.0000,.0000,.0000
997,.0000,.0000,.0000,.0000
998,.0000,.0000,.0000,.0000
999,.0000,.0000,.0000,.0000
1000,.0000,.0000,.0000,.0000
1001,.0000,.0000,.0000,.0000
1002,.0000,.0000,.0000,.0000
1003,.0000,.0000,.0000,.0000
1004,.0000,.0000,.0000,.0000
1005,.0000,.0000,.0000,.0000
1006,.0000,.0000,.0000,.0000
1007,.0000,.0000,.0000,.0000
1008,.0000,.0000,.0000,.0000
1009,.0000,.0000,.0000,.0000
1010,.0000,.0000,.0000,.0000
1011,.0000,.0000,.0000,.0000
1012,.0000,.0000,.0000,.0000
1013,.0000,.0000,.0000,.0000
1014,.0000,.0000,.0000,.0000
1015,.0000,.0000,.0000,.0000
1016,.0000,.0000,.0000,.0000
1017,.0000,.0000,.0000,.0000
1018,.0000,.0000,.0000,.0000
1019,.0000,.0000,.0000,.0000
1020,.0000,.0000,.0000,.0000
1021,.0000,.0000,.0000,.0000
1022,.0000,.0000,.0000,.0000
1023,.0000,.0000,.0000,.0000
1024,.0000,.0000,.0000,.0000
1025,.0000,.0000,.0000,.0000
1026,.0000,.0000,.0000,.0000
1027,.0000,.0000,.0000,.0000
1028,.0000,.0000,.0000,.0000
1029,.0000,.0000,.0000,.0000
1030,.0000,.0000,.0000,.0000
1031,.0000,.0000,.0000,.0000
1032,.0000,.0000,.0000,.0000
1033,.0000,.0000,.0000,.0000
1034,.0000,.0000,.0000,.0000
1035,.0000,.0000,.0000,.0000
1036,.0000,.0000,.0000,.0000
1037,.0000,.0000,.0000,.0000
1038,.0000,.0000,.0000,.0000
1039,.0000,.0000,.0000,.0000
1040,.0000,.0000,.0000,.0000
1041,.0000,.0000,.0000,.0000
1042,.0000,.0000,.0000,.0000
1043,.0000,.0000,.0000,.0000
1044,.0000,.0000,.0000,.0000
1045,.0000,.0000,.0000,.0000
1046,.0000,.0000,.0000,.0000
1047,.0000,.0000,.0000,.0000
1048,.0000,.0000,.0000,.0000
1049,.0000,.0000,.0000,.0000
1050,.0000,.0000,.0000,.0000
1051,.0000,.0000,.0000,.0000
1052,.0000,.0000,.0000,.0000
1053,.0000,.0000,.0000,.0000
1054,.0000,.0000,.0000,.0000
1055,.0000,.0000,.0000,.0000
1056,.0000,.0000,.0000,.0000
1057,.0000,.0000,.0000,.0000
1058,.0000,.0000,.0000,.0000
1059,.0000,.0000,.0000,.0000
1060,.0000,.0000,.0000,.0000
1061,.0000,.0000,.0000,.0000
1062,.0000,.0000,.0000,.0000
1063,.0000,.0000,.0000,.0000
1064,.0000,.0000,.0000,.0000
1065,.0000,.0000,.0000,.0000
1066,.0000,.0000,.0000,.0000
1067,.0000,.0000,.0000,.0000
1068,.0062,.1684,.0574,.0149
1069,.0481,.2815,.3741,.0585
1070,.4319,.0285,.4371,.0350
1071,.3355,.1963,.3718,.0188
1072,.1849,.2970,.2379,.0334
1073,.4226,.0971,.3756,.0481
1074,.7107,.0221,.2257,.0000
1075,.7536,.0094,.1901,.0000
1076,.7926,.0060,.1642,.0000
1077,.7216,.0599,.1816,.0000
1078,.7395,.0143,.2018,.0000
1079,.6084,.0205,.3131,.0000
1080,.5356,.0524,.3734,.0000
1081,.4714,.0232,.4582,.0064
1082,.4088,.0562,.4830,.0052
1083,.3453,.1562,.4685,.0000
1084,.4882,.0234,.4671,.0000
1085,.4881,.0424,.4380,.0000
1086,.6295,.0115,.3135,.0059
1087,.4729,.0820,.4069,.0012
1088,.3666,.1091,.4904,.0014
1089,.3544,.0852,.5212,.0000
1090,.2066,.1219,.5576,.0567
1091,.0541,.1379,.0877,.0250
1092,.0000,.0000,.0000,.0000
1093,.0000,.0000,.0000,.0000
1094,.0000,.0000,.0000,.0000
1095,.0000,.0000,.0000,.0000
1096,.0000,.0000,.0000,.0000
1097,.0000,.0000,.0000,.0000
1098,.0000,.0000,.0000,.0000
1099,.0000,.0000,.0000,.0000
1100,.0000,.0000,.0000,.0000
1101,.0000,.0000,.0000,.0000
1102,.0000,.0000,.0000,.0000
1103,.0000,.0000,.0000,.0000
1104,.0000,.0000,.0000,.0000
1105,.0000,.0000,.0000,.0000
1106,.0000,.0000,.0000,.0000
1107,.0000,.0000,.0000,.0000
1108,.0000,.0000,.0000,.0000
1109,.0000,.0000,.0000,.0000
1110,.0000,.0000,.0000,.0000
1111,.0000,.0000,.0000,.0000
1112,.0000,.0000,.0000,.0000
1113,.0000,.0000,.0000,.0000
1114,.0000,.0000,.0000,.0000
1115,.0000,.0000,.0000,.0000
1116,.0000,.0000,.0000,.0000
1117,.0000,.0000,.0000,.0000
1118,.0000,.0000,.0000,.0000
1119,.0000,.0000,.0000,.0000
1120,.0000,.0000,.0000,.0000
1121,.0000,.0000,.0000,.0000
1122,.0000,.0000,.0000,.0000
1123,.0000,.0000,.0000,.0000
1124,.0000,.0000,.0000,.0000
1125,.0000,.0000,.0000,.0000
1126,.0000,.0000,.0000,.0000
1127,.0000,.0000,.0000,.0000
1128,.0000,.0000,.0000,.0000
1129,.0000,.0000,.0000,.0000
1130,.0000,.0000,.0000,.0000
1131,.0000,.0000,.0000,.0000
1132,.0000,.0000,.0000,.0000
1133,.0000,.0000,.0000,.0000
1134,.0000,.0000,.0000,.0000
1135,.0000,.0000,.0000,.0000
1136,.0000,.0000,.0000,.0000
1137,.0000,.0000,.0000,.0000
1138,.0000,.0000,.0000,.0000
1139,.0000,.0000,.0000,.0000
1140,.0000,.0000,.0000,.0000
1141,.0000,.0000,.0000,.0000
1142,.0000,.0000,.0000,.0000
1143,.0000,.0000,.0000,.0000
1144,.0000,.0000,.0000,.0000
1145,.0000,.0000,.0000,.0000
1146,.0000,.0000,.0000,.0000
1147,.0000,.0000,.0000,.0000
1148,.0000,.0000,.0000,.0000
1149,.0000,.0000,.0000,.0000
1150,.0000,.0000,.0000,.0000
1151,.0000,.0000,.0000,.0000
1152,.0000,.0000,.0000,.0000
1153,.0000,.0000,.0000,.0000
1154,.0000,.0000,.0000,.0000
1155,.0000,.0000,.0000,.0000
1156,.0000,.0000,.0000,.0000
1157,.0000,.0000,.0000,.0000
1158,.0000,.0000,.0000,.0000
1159,.0000,.0000,.0000,.0000
1160,.0000,.0000,.0000,.0000
1161,.0000,.0000,.0000,.0000
1162,.0000,.0000,.0000,.0000
1163,.0000,.0000,.0000,.0000
1164,.0000,.0000,.0000,.0000
1165,.0000,.0000,.0000,.0000
1166,.0000,.0000,.0000,.0000
1167,.0000,.0000,.0000,.0000
1168,.0000,.0000,.0000,.0000
1169,.0000,.0000,.0000,.0000
1170,.0000,.0000,.0000,.0000
1171,.0000,.0000,.0000,.0000
1172,.0000,.0000,.0000,.0000
1173,.0000,.0000,.0000,.0000
1174,.0000,.0000,.0000,.0000
1175,.0000,.0000,.0000,.0000
1176,.0000,.0000,.0000,.0000
1177,.0000,.0000,.0000,.0000
1178,.0000,.0000,.0000,.0000
1179,.0000,.0000,.0000,.0000
1180,.0000,.0000,.0000,.0000
1181,.0000,.0000,.0000,.0000
1182,.0000,.0000,.0000,.0000
1183,.0000,.0000,.0000,.0000
1184,.0000,.0000,.0000,.0000
1185,.0000,.0000,.0000,.0000
1186,.0000,.0000,.0000,.0000
1187,.0000,.0000,.0000,.0000
1188,.0000,.0000,.0000,.0000
1189,.0000,.0000,.0000,.0000
1190,.0000,.0000,.0000,.0000
1191,.0000,.0000,.0000,.0000
1192,.0000,.0000,.0000,.0000
1193,.0000,.0000,.0000,.0000
1194,.0000,.0000,.0000,.0000
1195,.0000,.0000,.0000,.0000
1196,.0000,.0000,.0000,.0000
1197,.0000,.0000,.0000,.0000
1198,.0000,.0000,.0000,.0000
1199,.0000,.0000,.0000,.0000
1200,.0000,.0000,.0000,.0000
1201,.0022,.1334,.0427,.1331
1202,.0378,.4027,.1876,.1104
1203,.1521,.4312,.2449,.0638
1204,.2852,.1935,.3843,.0653
1205,.5033,.1327,.3053,.0139
1206,.3203,.2992,.2931,.0246
1207,.8358,.0259,.1135,.0000
1208,.7486,.0308,.1801,.0000
1209,.5160,.0303,.3936,.0042
1210,.5963,.0320,.3224,.0000
1211,.5163,.0441,.3810,.0000
1212,.5816,.0461,.3205,.0000
1213,.5991,.0616,.2886,.0000
1214,.7273,.0332,.2026,.0000
1215,.4626,.0411,.4640,.0000
1216,.3612,.0991,.5157,.0000
1217,.4862,.0199,.4591,.0000
1218,.4253,.1599,.3892,.0000
1219,.4806,.0443,.4449,.0000
1220,.4914,.1186,.3649,.0000
1221,.2246,.2213,.5061,.0000
1222,.2864,.1963,.4586,.0007
1223,.0901,.2251,.5846,.0021
1224,.0245,.1571,.2482,.0622
1225,.0000,.0000,.0000,.0000
1226,.0000,.0000,.0000,.0000
1227,.0000,.0000,.0000,.0000
1228,.0000,.0000,.0000,.0000
1229,.0000,.0000,.0000,.0000
1230,.0000,.0000,.0000,.0000
1231,.0000,.0000,.0000,.0000
1232,.0000,.0000,.0000,.0000
1233,.0000,.0000,.0000,.0000
1234,.0000,.0000,.0000,.0000
1235,.0000,.0000,.0000,.0000
1236,.0000,.0000,.0000,.0000
1237,.0000,.0000,.0000,.0000
1238,.0000,.0000,.0000,.0000
1239,.0000,.0000,.0000,.0000
1240,.0000,.0000,.0000,.0000
1241,.0000,.0000,.0000,.0000
1242,.0000,.0000,.0000,.0000
1243,.0000,.0000,.0000,.0000
1244,.0000,.0000,.0000,.0000
1245,.0000,.0000,.0000,.0000
1246,.0000,.0000,.0000,.0000
1247,.0000,.0000,.0000,.0000
1248,.0000,.0000,.0000,.0000
1249,.0000,.0000,.0000,.0000
1250,.0000,.0000,.0000,.0000
1251,.0000,.0000,.0000,.0000
1252,.0000,.0000,.0000,.0000
1253,.0000,.0000,.0000,.0000
1254,.0000,.0000,.0000,.0000
1255,.0000,.0000,.0000,.0000
1256,.0000,.0000,.0000,.0000
1257,.0000,.0000,.0000,.0000
1258,.0000,.0000,.0000,.0000
1259,.0000,.0000,.0000,.0000
1260,.0000,.0000,.0000,.0000
1261,.0000,.0000,.0000,.0000
1262,.0000,.0000,.0000,.0000
1263,.0000,.0000,.0000,.0000
1264,.0000,.0000,.0000,.0000
1265,.0000,.0000,.0000,.0000
1266,.0000,.0000,.0000,.0000
1267,.0000,.0000,.0000,.0000
1268,.0000,.0000,.0000,.0000
1269,.0000,.0000,.0000,.0000
1270,.0000,.0000,.0000,.0000
1271,.0000,.0000,.0000,.0000
1272,.0000,.0000,.0000,.0000
1273,.0000,.0000,.0000,.0000
1274,.0000,.0000,.0000,.0000
1275,.0000,.0000,.0000,.0000
1276,.0000,.0000,.0000,.0000
1277,.0000,.0000,.0000,.0000
1278,.0000,.0000,.0000,.0000
1279,.0000,.0000,.0000,.0000
1280,.0000,.0000,.0000,.0000
1281,.0000,.0000,.0000,.0000
1282,.0000,.0000,.0000,.0000
1283,.0000,.0000,.0000,.0000
1284,.0000,.0000,.0000,.0000
1285,.0000,.0000,.0000,.0000
1286,.0000,.0000,.0000,.0000
1287,.0000,.0000,.0000,.0000
1288,.0000,.0000,.0000,.0000
1289,.0000,.0000,.0000,.0000
1290,.0000,.0000,.0000,.0000
1291,.0000,.0000,.0000,.0000
1292,.0000,.0000,.0000,.0000
1293,.0000,.0000,.0000,.0000
1294,.0000,.0000,.0000,.0000
1295,.0000,.0000,.0000,.0000
1296,.0000,.0000,.0000,.0000
1297,.0000,.0000,.0000,.0000
1298,.0000,.0000,.0000,.0000
1299,.0000,.0000,.0000,.0000
1300,.0000,.0000,.0000,.0000
1301,.0000,.0000,.0000,.0000
1302,.0000,.0000,.0000,.0000
1303,.0000,.0000,.0000,.0000
1304,.0000,.0000,.0000,.0000
1305,.0000,.0000,.0000,.0000
1306,.0000,.0000,.0000,.0000
1307,.0000,.0000,.0000,.0000
1308,.0000,.0000,.0000,.0000
1309,.0000,.0000,.0000,.0000
1310,.0000,.0000,.0000,.0000
1311,.0000,.0000,.0000,.0000
1312,.0000,.0000,.0000,.0000
1313,.0000,.0000,.0000,.0000
1314,.0000,.0000,.0000,.0000
1315,.0000,.0000,.0000,.0000
1316,.0000,.0000,.0000,.0000
1317,.0000,.0000,.0000,.0000
1318,.0000,.0000,.0000,.0000
1319,.0000,.0000,.0000,.0000
1320,.0000,.0000,.0000,.0000
1321,.0000,.0000,.0000,.0000
1322,.0000,.0000,.0000,.0000
1323,.0000,.0000,.0000,.0000
1324,.0000,.0000,.0000,.0000
1325,.0000,.0000,.0000,.0000
1326,.0000,.0000,.0000,.0000
1327,.0000,.0000,.0000,.0000
1328,.0000,.0000,.0000,.0000
1329,.0000,.0000,.0000,.0000
1330,.0000,.0000,.0000,.0000
1331,.0000,.0000,.0000,.0000
1332,.0000,.0000,.0000,.0000
1333,.0000,.0000,.0000,.0000
1334,.0000,.0162,.0070,.0162
1335,.0618,.4991,.1725,.0496
1336,.1413,.3247,.3234,.0594
1337,.1875,.2345,.2492,.2127
1338,.4536,.0707,.3707,.0394
1339,.5174,.1111,.3179,.0140
1340,.5800,.0879,.3020,.0000
1341,.6432,.0704,.2485,.0000
1342,.5472,.0566,.3601,.0000
1343,.5217,.1593,.2839,.0000
1344,.3299,.3648,.2700,.0000
1345,.4410,.1108,.4105,.0029
1346,.5637,.0616,.3351,.0000
1347,.7418,.0214,.2032,.0024
1348,.5175,.0989,.3544,.0000
1349,.4190,.1038,.4513,.0000
1350,.3103,.2262,.4161,.0025
1351,.1632,.4903,.3021,.0000
1352,.3962,.0628,.5105,.0000
1353,.4764,.0544,.4409,.0000
1354,.4443,.0960,.4358,.0000
1355,.2329,.2063,.4928,.0008
1356,.0615,.3500,.4564,.0000
1357,.0948,.2659,.4370,.0123
1358,.0046,.0241,.0150,.0152
1359,.0000,.0000,.0000,.0000
1360,.0000,.0000,.0000,.0000
1361,.0000,.0000,.0000,.0000
1362,.0000,.0000,.0000,.0000
1363,.0000,.0000,.0000,.0000
1364,.0000,.0000,.0000,.0000
1365,.0000,.0000,.0000,.0000
1366,.0000,.0000,.0000,.0000
1367,.0000,.0000,.0000,.0000
1368,.0000,.0000,.0000,.0000
1369,.0000,.0000,.0000,.0000
1370,.0000,.0000,.0000,.0000
1371,.0000,.0000,.0000,.0000
1372,.0000,.0000,.0000,.0000
1373,.0000,.0000,.0000,.0000
1374,.0000,.0000,.0000,.0000
1375,.0000,.0000,.0000,.0000
1376,.0000,.0000,.0000,.0000
1377,.0000,.0000,.0000,.0000
1378,.0000,.0000,.0000,.0000
1379,.0000,.0000,.0000,.0000
1380,.0000,.0000,.0000,.0000
1381,.0000,.0000,.0000,.0000
1382,.0000,.0000,.0000,.0000
1383,.0000,.0000,.0000,.0000
1384,.0000,.0000,.0000,.0000
1385,.0000,.0000,.0000,.0000
1386,.0000,.0000,.0000,.0000
1387,.0000,.0000,.0000,.0000
1388,.0000,.0000,.0000,.0000
1389,.0000,.0000,.0000,.0000
1390,.0000,.0000,.0000,.0000
1391,.0000,.0000,.0000,.0000
1392,.0000,.0000,.0000,.0000
1393,.0000,.0000,.0000,.0000
1394,.0000,.0000,.0000,.0000
1395,.0000,.0000,.0000,.0000
1396,.0000,.0000,.0000,.0000
1397,.0000,.0000,.0000,.0000
1398,.0000,.0000,.0000,.0000
1399,.0000,.0000,.0000,.0000
1400,.0000,.0000,.0000,.0000
1401,.0000,.0000,.0000,.0000
1402,.0000,.0000,.0000,.0000
1403,.0000,.0000,.0000,.0000
1404,.0000,.0000,.0000,.0000
1405,.0000,.0000,.0000,.0000
1406,.0000,.0000,.0000,.0000
1407,.0000,.0000,.0000,.0000
1408,.0000,.0000,.0000,.0000
1409,.0000,.0000,.0000,.0000
1410,.0000,.0000,.0000,.0000
1411,.0000,.0000,.0000,.0000
1412,.0000,.0000,.0000,.0000
1413,.0000,.0000,.0000,.0000
1414,.0000,.0000,.0000,.0000
1415,.0000,.0000,.0000,.0000
1416,.0000,.0000,.0000,.0000
1417,.0000,.0000,.0000,.0000
1418,.0000,.0000,.0000,.0000
1419,.0000,.0000,.0000,.0000
1420,.0000,.0000,.0000,.0000
1421,.0000,.0000,.0000,.0000
1422,.0000,.0000,.0000,.0000
1423,.0000,.0000,.0000,.0000
1424,.0000,.0000,.0000,.0000
1425,.0000,.0000,.0000,.0000
1426,.0000,.0000,.0000,.0000
1427,.0000,.0000,.0000,.0000
1428,.0000,.0000,.0000,.0000
1429,.0000,.0000,.0000,.0000
1430,.0000,.0000,.0000,.0000
1431,.0000,.0000,.0000,.0000
1432,.0000,.0000,.0000,.0000
1433,.0000,.0000,.0000,.0000
1434,.0000,.0000,.0000,.0000
1435,.0000,.0000,.0000,.0000
1436,.0000,.0000,.0000,.0000
1437,.0000,.0000,.0000,.0000
1438,.0000,.0000,.0000,.0000
1439,.0000,.0000,.0000,.0000
1440,.0000,.0000,.0000,.0000
1441,.0000,.0000,.0000,.0000
1442,.0000,.0000,.0000,.0000
1443,.0000,.0000,.0000,.0000
1444,.0000,.0000,.0000,.0000
1445,.0000,.0000,.0000,.0000
1446,.0000,.0000,.0000,.0000
1447,.0000,.0000,.0000,.0000
1448,.0000,.0000,.0000,.0000
1449,.0000,.0000,.0000,.0000
1450,.0000,.0000,.0000,.0000
1451,.0000,.0000,.0000,.0000
1452,.0000,.0000,.0000,.0000
1453,.0000,.0000,.0000,.0000
1454,.0000,.0000,.0000,.0000
1455,.0000,.0000,.0000,.0000
1456,.0000,.0000,.0000,.0000
1457,.0000,.0000,.0000,.0000
1458,.0000,.0000,.0000,.0000
1459,.0000,.0000,.0000,.0000
1460,.0000,.0000,.0000,.0000
1461,.0000,.0000,.0000,.0000
1462,.0000,.0000,.0000,.0000
1463,.0000,.0000,.0000,.0000
1464,.0000,.0000,.0000,.0000
1465,.0000,.0000,.0000,.0000
1466,.0000,.0000,.0000,.0000
1467,.0008,.1243,.0354,.0493
1468,.0261,.4769,.1055,.0971
1469,.0696,.4907,.2095,.0545
1470,.1166,.3717,.2904,.0816
1471,.1510,.3107,.4070,.0226
1472,.2920,.2639,.3001,.0426
1473,.4837,.1504,.3095,.0165
1474,.4743,.1289,.3733,.0000
1475,.4254,.1914,.3703,.0000
1476,.4660,.1436,.3720,.0000
1477,.4947,.1290,.3333,.0143
1478,.4913,.0731,.3789,.0151
1479,.5946,.0075,.3226,.0355
1480,.3294,.4222,.2323,.0000
1481,.3843,.2149,.3857,.0000
1482,.3636,.1175,.4983,.0000
1483,.5199,.0608,.3803,.0000
1484,.2158,.3345,.3912,.0027
1485,.3231,.1293,.5128,.0000
1486,.3918,.0680,.5094,.0000
1487,.4322,.1281,.4105,.0000
1488,.3430,.2186,.3950,.0011
1489,.1580,.3153,.4207,.0000
1490,.1298,.3267,.4204,.0214
1491,.0348,.2441,.0662,.0509
1492,.0000,.0000,.0000,.0000
1493,.0000,.0000,.0000,.0000
1494,.0000,.0000,.0000,.0000
1495,.0000,.0000,.0000,.0000
1496,.0000,.0000,.0000,.0000
1497,.0000,.0000,.0000,.0000
1498,.0000,.0000,.0000,.0000
1499,.0000,.0000,.0000,.0000
1500,.0000,.0000,.0000,.0000
1501,.0000,.0000,.0000,.0000
1502,.0000,.0000,.0000,.0000
1503,.0000,.0000,.0000,.0000
1504,.0000,.0000,.0000,.0000
1505,.0000,.0000,.0000,.0000
1506,.0000,.0000,.0000,.0000
1507,.0000,.0000,.0000,.0000
1508,.0000,.0000,.0000,.0000
1509,.0000,.0000,.0000,.0000
1510,.0000,.0000,.0000,.0000
1511,.0000,.0000,.0000,.0000
1512,.0000,.0000,.0000,.0000
1513,.0000,.0000,.0000,.0000
1514,.0000,.0000,.0000,.0000
1515,.0000,.0000,.0000,.0000
1516,.0000,.0000,.0000,.0000
1517,.0000,.0000,.0000,.0000
1518,.0000,.0000,.0000,.0000
1519,.0000,.0000,.0000,.0000
1520,.0000,.0000,.0000,.0000
1521,.0000,.0000,.0000,.0000
1522,.0000,.0000,.0000,.0000
1523,.0000,.0000,.0000,.0000
1524,.0000,.0000,.0000,.0000
1525,.0000,.0000,.0000,.0000
1526,.0000,.0000,.0000,.0000
1527,.0000,.0000,.0000,.0000
1528,.0000,.0000,.0000,.0000
1529,.0000,.0000,.0000,.0000
1530,.0000,.0000,.0000,.0000
1531,.0000,.0000,.0000,.0000
1532,.0000,.0000,.0000,.0000
1533,.0000,.0000,.0000,.0000
1534,.0000,.0000,.0000,.0000
1535,.0000,.0000,.0000,.0000
1536,.0000,.0000,.0000,.0000
1537,.0000,.0000,.0000,.0000
1538,.0000,.0000,.0000,.0000
1539,.0000,.0000,.0000,.0000
1540,.0000,.0000,.0000,.0000
1541,.0000,.0000,.0000,.0000
1542,.0000,.0000,.0000,.0000
1543,.0000,.0000,.0000,.0000
1544,.0000,.0000,.0000,.0000
1545,.0000,.0000,.0000,.0000
1546,.0000,.0000,.0000,.0000
1547,.0000,.0000,.0000,.0000
1548,.0000,.0000,.0000,.0000
1549,.0000,.0000,.0000,.0000
1550,.0000,.0000,.0000,.0000
1551,.0000,.0000,.0000,.0000
1552,.0000,.0000,.0000,.0000
1553,.0000,.0000,.0000,.0000
1554,.0000,.0000,.0000,.0000
1555,.0000,.0000,.0000,.0000
1556,.0000,.0000,.0000,.0000
1557,.0000,.0000,.0000,.0000
1558,.0000,.0000,.0000,.0000
1559,.0000,.0000,.0000,.0000
1560,.0000,.0000,.0000,.0000
1561,.0000,.0000,.0000,.0000
1562,.0000,.0000,.0000,.0000
1563,.0000,.0000,.0000,.0000
1564,.0000,.0000,.0000,.0000
1565,.0000,.0000,.0000,.0000
1566,.0000,.0000,.0000,.0000
1567,.0000,.0000,.0000,.0000
1568,.0000,.0000,.0000,.0000
1569,.0000,.0000,.0000,.0000
1570,.0000,.0000,.0000,.0000
1571,.0000,.0000,.0000,.0000
1572,.0000,.0000,.0000,.0000
1573,.0000,.0000,.0000,.0000
1574,.0000,.0000,.0000,.0000
1575,.0000,.0000,.0000,.0000
1576,.0000,.0000,.0000,.0000
1577,.0000,.0000,.0000,.0000
1578,.0000,.0000,.0000,.0000
1579,.0000,.0000,.0000,.0000
1580,.0000,.0000,.0000,.0000
1581,.0000,.0000,.0000,.0000
1582,.0000,.0000,.0000,.0000
1583,.0000,.0000,.0000,.0000
1584,.0000,.0000,.0000,.0000
1585,.0000,.0000,.0000,.0000
1586,.0000,.0000,.0000,.0000
1587,.0000,.0000,.0000,.0000
1588,.0000,.0000,.0000,.0000
1589,.0000,.0000,.0000,.0000
1590,.0000,.0000,.0000,.0000
1591,.0000,.0000,.0000,.0000
1592,.0000,.0000,.0000,.0000
1593,.0000,.0000,.0000,.0000
1594,.0000,.0000,.0000,.0000
1595,.0000,.0000,.0000,.0000
1596,.0000,.0000,.0000,.0000
1597,.0000,.0000,.0000,.0000
1598,.0000,.0000,.0000,.0000
1599,.0000,.0000,.0000,.0000
1600,.0001,.0116,.0039,.0068
1601,.0921,.2842,.2248,.1228
1602,.1077,.4501,.2738,.0479
1603,.2267,.3120,.3048,.0868
1604,.1341,.5892,.1986,.0097
1605,.2160,.3983,.2600,.0494
1606,.3307,.1941,.4165,.0099
1607,.3047,.3995,.2695,.0000
1608,.2625,.5434,.1799,.0000
1609,.2228,.5723,.1954,.0000
1610,.4760,.1544,.3281,.0180
1611,.3864,.0000,.1622,.1878
1612,.4907,.0120,.2272,.1277
1613,.2977,.4212,.2683,.0001
1614,.4088,.2676,.3060,.0000
1615,.4146,.0841,.4810,.0000
1616,.3341,.1698,.4681,.0000
1617,.2411,.2802,.4115,.0000
1618,.1982,.4188,.3046,.0000
1619,.2078,.4858,.2690,.0006
1620,.1897,.5375,.2485,.0006
1621,.3142,.3042,.3445,.0004
1622,.1447,.6745,.1550,.0000
1623,.2977,.1998,.4382,.0040
1624,.2306,.2371,.2227,.1066
1625,.0000,.0015,.0050,.0011
1626,.0000,.0000,.0000,.0000
1627,.0000,.0000,.0000,.0000
1628,.0000,.0000,.0000,.0000
1629,.0000,.0000,.0000,.0000
1630,.0000,.0000,.0000,.0000
1631,.0000,.0000,.0000,.0000
1632,.0000,.0000,.0000,.0000
1633,.0000,.0000,.0000,.0000
1634,.0000,.0000,.0000,.0000
1635,.0000,.0000,.0000,.0000
1636,.0000,.0000,.0000,.0000
1637,.0000,.0000,.0000,.0000
1638,.0000,.0000,.0000,.0000
1639,.0000,.0000,.0000,.0000
1640,.0000,.0000,.0000,.0000
1641,.0000,.0000,.0000,.0000
1642,.0000,.0000,.0000,.0000
1643,.0000,.0000,.0000,.0000
1644,.0000,.0000,.0000,.0000
1645,.0000,.0000,.0000,.0000
1646,.0000,.0000,.0000,.0000
1647,.0000,.0000,.0000,.0000
1648,.0000,.0000,.0000,.0000
1649,.0000,.0000,.0000,.0000
1650,.0000,.0000,.0000,.0000
1651,.0000,.0000,.0000,.0000
1652,.0000,.0000,.0000,.0000
1653,.0000,.0000,.0000,.0000
1654,.0000,.0000,.0000,.0000
1655,.0000,.0000,.0000,.0000
1656,.0000,.0000,.0000,.0000
1657,.0000,.0000,.0000,.0000
1658,.0000,.0000,.0000,.0000
1659,.0000,.0000,.0000,.0000
1660,.0000,.0000,.0000,.0000
1661,.0000,.0000,.0000,.0000
1662,.0000,.0000,.0000,.0000
1663,.0000,.0000,.0000,.0000
1664,.0000,.0000,.0000,.0000
1665,.0000,.0000,.0000,.0000
1666,.0000,.0000,.0000,.0000
1667,.0000,.0000,.0000,.0000
1668,.0000,.0000,.0000,.0000
1669,.0000,.0000,.0000,.0000
1670,.0000,.0000,.0000,.0000
1671,.0000,.0000,.0000,.0000
1672,.0000,.0000,.0000,.0000
1673,.0000,.0000,.0000,.0000
1674,.0000,.0000,.0000,.0000
1675,.0000,.0000,.0000,.0000
1676,.0000,.0000,.0000,.0000
1677,.0000,.0000,.0000,.0000
1678,.0000,.0000,.0000,.0000
1679,.0000,.0000,.0000,.0000
1680,.0000,.0000,.0000,.0000
1681,.0000,.0000,.0000,.0000
1682,.0000,.0000,.0000,.0000
1683,.0000,.0000,.0000,.0000
1684,.0000,.0000,.0000,.0000
1685,.0000,.0000,.0000,.0000
1686,.0000,.0000,.0000,.0000
1687,.0000,.0000,.0000,.0000
1688,.0000,.0000,.0000,.0000
1689,.0000,.0000,.0000,.0000
1690,.0000,.0000,.0000,.0000
1691,.0000,.0000,.0000,.0000
1692,.0000,.0000,.0000,.0000
1693,.0000,.0000,.0000,.0000
1694,.0000,.0000,.0000,.0000
1695,.0000,.0000,.0000,.0000
1696,.0000,.0000,.0000,.0000
1697,.0000,.0000,.0000,.0000
1698,.0000,.0000,.0000,.0000
1699,.0000,.0000,.0000,.0000
1700,.0000,.0000,.0000,.0000
1701,.0000,.0000,.0000,.0000
1702,.0000,.0000,.0000,.0000
1703,.0000,.0000,.0000,.0000
1704,.0000,.0000,.0000,.0000
1705,.0000,.0000,.0000,.0000
1706,.0000,.0000,.0000,.0000
1707,.0000,.0000,.0000,.0000
1708,.0000,.0000,.0000,.0000
1709,.0000,.0000,.0000,.0000
1710,.0000,.0000,.0000,.0000
1711,.0000,.0000,.0000,.0000
1712,.0000,.0000,.0000,.0000
1713,.0000,.0000,.0000,.0000
1714,.0000,.0000,.0000,.0000
1715,.0000,.0000,.0000,.0000
1716,.0000,.0000,.0000,.0000
1717,.0000,.0000,.0000,.0000
1718,.0000,.0000,.0000,.0000
1719,.0000,.0000,.0000,.0000
1720,.0000,.0000,.0000,.0000
1721,.0000,.0000,.0000,.0000
1722,.0000,.0000,.0000,.0000
1723,.0000,.0000,.0000,.0000
1724,.0000,.0000,.0000,.0000
1725,.0000,.0000,.0000,.0000
1726,.0000,.0000,.0000,.0000
1727,.0000,.0000,.0000,.0000
1728,.0000,.0000,.0000,.0000
1729,.0000,.0000,.0000,.0000
1730,.0000,.0000,.0000,.0000
1731,.0000,.0000,.0000,.0000
1732,.0000,.0000,.0000,.0000
1733,.0000,.0000,.0000,.0000
1734,.0000,.0328,.0066,.0056
1735,.0206,.2089,.0534,.1113
1736,.1085,.4991,.1827,.0585
1737,.1200,.6234,.1742,.0149
1738,.2331,.4167,.2959,.0047
1739,.2945,.2792,.3970,.0000
1740,.2112,.5713,.1671,.0145
1741,.1975,.5611,.2143,.0001
1742,.2294,.4735,.2759,.0000
1743,.4864,.0443,.4513,.0010
1744,.2452,.2503,.3636,.0294
1745,.4637,.1668,.3424,.0001
1746,.4519,.1319,.3991,.0000
1747,.4510,.1587,.3607,.0000
1748,.5376,.0980,.3230,.0000
1749,.5021,.0710,.3967,.0000
1750,.3971,.1045,.4624,.0000
1751,.3095,.2370,.3995,.0000
1752,.1937,.4151,.3461,.0012
1753,.1730,.4800,.2895,.0083
1754,.2036,.4346,.2990,.0132
1755,.2889,.3487,.3165,.0042
1756,.4175,.1681,.3713,.0012
1757,.3328,.3938,.2267,.0108
1758,.1629,.3342,.2190,.0817
1759,.0074,.0431,.0076,.0248
1760,.0000,.0000,.0000,.0000
1761,.0000,.0000,.0000,.0000
1762,.0000,.0000,.0000,.0000
1763,.0000,.0000,.0000,.0000
1764,.0000,.0000,.0000,.0000
1765,.0000,.0000,.0000,.0000
1766,.0000,.0000,.0000,.0000
1767,.0000,.0000,.0000,.0000
1768,.0000,.0000,.0000,.0000
1769,.0000,.0000,.0000,.0000
1770,.0000,.0000,.0000,.0000
1771,.0000,.0000,.0000,.0000
1772,.0000,.0000,.0000,.0000
1773,.0000,.0000,.0000,.0000
1774,.0000,.0000,.0000,.0000
1775,.0000,.0000,.0000,.0000
1776,.0000,.0000,.0000,.0000
1777,.0000,.0000,.0000,.0000
1778,.0000,.0000,.0000,.0000
1779,.0000,.0000,.0000,.0000
1780,.0000,.0000,.0000,.0000
1781,.0000,.0000,.0000,.0000
1782,.0000,.0000,.0000,.0000
1783,.0000,.0000,.0000,.0000
1784,.0000,.0000,.0000,.0000
1785,.0000,.0000,.0000,.0000
1786,.0000,.0000,.0000,.0000
1787,.0000,.0000,.0000,.0000
1788,.0000,.0000,.0000,.0000
1789,.0000,.0000,.0000,.0000
1790,.0000,.0000,.0000,.0000
1791,.0000,.0000,.0000,.0000
1792,.0000,.0000,.0000,.0000
1793,.0000,.0000,.0000,.0000
1794,.0000,.0000,.0000,.0000
1795,.0000,.0000,.0000,.0000
1796,.0000,.0000,.0000,.0000
1797,.0000,.0000,.0000,.0000
1798,.0000,.0000,.0000,.0000
1799,.0000,.0000,.0000,.0000
1800,.0000,.0000,.0000,.0000
1801,.0000,.0000,.0000,.0000
1802,.0000,.0000,.0000,.0000
1803,.0000,.0000,.0000,.0000
1804,.0000,.0000,.0000,.0000
1805,.0000,.0000,.0000,.0000
1806,.0000,.0000,.0000,.0000
1807,.0000,.0000,.0000,.0000
1808,.0000,.0000,.0000,.0000
1809,.0000,.0000,.0000,.0000
1810,.0000,.0000,.0000,.0000
1811,.0000,.0000,.0000,.0000
1812,.0000,.0000,.0000,.0000
1813,.0000,.0000,.0000,.0000
1814,.0000,.0000,.0000,.0000
1815,.0000,.0000,.0000,.0000
1816,.0000,.0000,.0000,.0000
1817,.0000,.0000,.0000,.0000
1818,.0000,.0000,.0000,.0000
1819,.0000,.0000,.0000,.0000
1820,.0000,.0000,.0000,.0000
1821,.0000,.0000,.0000,.0000
1822,.0000,.0000,.0000,.0000
1823,.0000,.0000,.0000,.0000
1824,.0000,.0000,.0000,.0000
1825,.0000,.0000,.0000,.0000
1826,.0000,.0000,.0000,.0000
1827,.0000,.0000,.0000,.0000
1828,.0000,.0000,.0000,.0000
1829,.0000,.0000,.0000,.0000
1830,.0000,.0000,.0000,.0000
1831,.0000,.0000,.0000,.0000
1832,.0000,.0000,.0000,.0000
1833,.0000,.0000,.0000,.0000
1834,.0000,.0000,.0000,.0000
1835,.0000,.0000,.0000,.0000
1836,.0000,.0000,.0000,.0000
1837,.0000,.0000,.0000,.0000
1838,.0000,.0000,.0000,.0000
1839,.0000,.0000,.0000,.0000
1840,.0000,.0000,.0000,.0000
1841,.0000,.0000,.0000,.0000
1842,.0000,.0000,.0000,.0000
1843,.0000,.0000,.0000,.0000
1844,.0000,.0000,.0000,.0000
1845,.0000,.0000,.0000,.0000
1846,.0000,.0000,.0000,.0000
1847,.0000,.0000,.0000,.0000
1848,.0000,.0000,.0000,.0000
1849,.0000,.0000,.0000,.0000
1850,.0000,.0000,.0000,.0000
1851,.0000,.0000,.0000,.0000
1852,.0000,.0000,.0000,.0000
1853,.0000,.0000,.0000,.0000
1854,.0000,.0000,.0000,.0000
1855,.0000,.0000,.0000,.0000
1856,.0000,.0000,.0000,.0000
1857,.0000,.0000,.0000,.0000
1858,.0000,.0000,.0000,.0000
1859,.0000,.0000,.0000,.0000
1860,.0000,.0000,.0000,.0000
1861,.0000,.0000,.0000,.0000
1862,.0000,.0000,.0000,.0000
1863,.0000,.0000,.0000,.0000
1864,.0000,.0000,.0000,.0000
1865,.0000,.0000,.0000,.0000
1866,.0000,.0000,.0000,.0000
1867,.0000,.0000,.0000,.0000
1868,.0000,.0000,.0000,.0000
1869,.0038,.0671,.0044,.0115
1870,.0363,.4266,.0927,.0893
1871,.0915,.5458,.1536,.1033
1872,.2251,.4119,.2956,.0250
1873,.1332,.6927,.0558,.0770
1874,.1439,.7014,.1054,.0168
1875,.1749,.5915,.2122,.0000
1876,.2113,.4160,.3253,.0087
1877,.1591,.4155,.2931,.0086
1878,.2462,.3726,.3359,.0000
1879,.3326,.2996,.3284,.0036
1880,.2002,.5708,.1989,.0000
1881,.2879,.3279,.3607,.0000
1882,.4614,.1538,.3551,.0000
1883,.3409,.1656,.4586,.0013
1884,.2573,.2172,.4790,.0000
1885,.1867,.4218,.3222,.0000
1886,.0966,.5598,.2014,.0225
1887,.1206,.4948,.2987,.0085
1888,.3183,.3893,.2584,.0000
1889,.2851,.5327,.1477,.0000
1890,.2825,.5459,.1426,.0035
1891,.2841,.3294,.3097,.0000
1892,.0825,.3286,.0857,.0850
1893,.0320,.0810,.0331,.0412
1894,.0000,.0000,.0000,.0000
1895,.0000,.0000,.0000,.0000
1896,.0000,.0000,.0000,.0000
1897,.0000,.0000,.0000,.0000
1898,.0000,.0000,.0000,.0000
1899,.0000,.0000,.0000,.0000
1900,.0000,.0000,.0000,.0000
1901,.0000,.0000,.0000,.0000
1902,.0000,.0000,.0000,.0000
1903,.0000,.0000,.0000,.0000
1904,.0000,.0000,.0000,.0000
1905,.0000,.0000,.0000,.0000
1906,.0000,.0000,.0000,.0000
1907,.0000,.0000,.0000,.0000
1908,.0000,.0000,.0000,.0000
1909,.0000,.0000,.0000,.0000
1910,.0000,.0000,.0000,.0000
1911,.0000,.0000,.0000,.0000
1912,.0000,.0000,.0000,.0000
1913,.0000,.0000,.0000,.0000
1914,.0000,.0000,.0000,.0000
1915,.0000,.0000,.0000,.0000
1916,.0000,.0000,.0000,.0000
1917,.0000,.0000,.0000,.0000
1918,.0000,.0000,.0000,.0000
1919,.0000,.0000,.0000,.0000
1920,.0000,.0000,.0000,.0000
1921,.0000,.0000,.0000,.0000
1922,.0000,.0000,.0000,.0000
1923,.0000,.0000,.0000,.0000
1924,.0000,.0000,.0000,.0000
1925,.0000,.0000,.0000,.0000
1926,.0000,.0000,.0000,.0000
1927,.0000,.0000,.0000,.0000
1928,.0000,.0000,.0000,.0000
1929,.0000,.0000,.0000,.0000
1930,.0000,.0000,.0000,.0000
1931,.0000,.0000,.0000,.0000
1932,.0000,.0000,.0000,.0000
1933,.0000,.0000,.0000,.0000
1934,.0000,.0000,.0000,.0000
1935,.0000,.0000,.0000,.0000
1936,.0000,.0000,.0000,.0000
1937,.0000,.0000,.0000,.0000
1938,.0000,.0000,.0000,.0000
1939,.0000,.0000,.0000,.0000
1940,.0000,.0000,.0000,.0000
1941,.0000,.0000,.0000,.0000
1942,.0000,.0000,.0000,.0000
1943,.0000,.0000,.0000,.0000
1944,.0000,.0000,.0000,.0000
1945,.0000,.0000,.0000,.0000
1946,.0000,.0000,.0000,.0000
1947,.0000,.0000,.0000,.0000
1948,.0000,.0000,.0000,.0000
1949,.0000,.0000,.0000,.0000
1950,.0000,.0000,.0000,.0000
1951,.0000,.0000,.0000,.0000
1952,.0000,.0000,.0000,.0000
1953,.0000,.0000,.0000,.0000
1954,.0000,.0000,.0000,.0000
1955,.0000,.0000,.0000,.0000
1956,.0000,.0000,.0000,.0000
1957,.0000,.0000,.0000,.0000
1958,.0000,.0000,.0000,.0000
1959,.0000,.0000,.0000,.0000
1960,.0000,.0000,.0000,.0000
1961,.0000,.0000,.0000,.0000
1962,.0000,.0000,.0000,.0000
1963,.0000,.0000,.0000,.0000
1964,.0000,.0000,.0000,.0000
1965,.0000,.0000,.0000,.0000
1966,.0000,.0000,.0000,.0000
1967,.0000,.0000,.0000,.0000
1968,.0000,.0000,.0000,.0000
1969,.0000,.0000,.0000,.0000
1970,.0000,.0000,.0000,.0000
1971,.0000,.0000,.0000,.0000
1972,.0000,.0000,.0000,.0000
1973,.0000,.0000,.0000,.0000
1974,.0000,.0000,.0000,.0000
1975,.0000,.0000,.0000,.0000
1976,.0000,.0000,.0000,.0000
1977,.0000,.0000,.0000,.0000
1978,.0000,.0000,.0000,.0000
1979,.0000,.0000,.0000,.0000
1980,.0000,.0000,.0000,.0000
1981,.0000,.0000,.0000,.0000
1982,.0000,.0000,.0000,.0000
1983,.0000,.0000,.0000,.0000
1984,.0000,.0000,.0000,.0000
1985,.0000,.0000,.0000,.0000
1986,.0000,.0000,.0000,.0000
1987,.0000,.0000,.0000,.0000
1988,.0000,.0000,.0000,.0000
1989,.0000,.0000,.0000,.0000
1990,.0000,.0000,.0000,.0000
1991,.0000,.0000,.0000,.0000
1992,.0000,.0000,.0000,.0000
1993,.0000,.0000,.0000,.0000
1994,.0000,.0000,.0000,.0000
1995,.0000,.0000,.0000,.0000
1996,.0000,.0000,.0000,.0000
1997,.0000,.0000,.0000,.0000
1998,.0000,.0000,.0000,.0000
1999,.0000,.0000,.0000,.0000
2000,.0000,.0000,.0000,.0000
2001,.0000,.0000,.0000,.0000
2002,.0000,.0000,.0000,.0000
2003,.0001,.0482,.0071,.0097
2004,.0295,.3416,.1134,.0909
2005,.1222,.4868,.2225,.0401
2006,.1598,.4929,.2463,.0200
2007,.1481,.5961,.1875,.0156
2008,.2870,.3360,.3550,.0000
2009,.3972,.1710,.4166,.0000
2010,.2449,.3856,.3390,.0000
2011,.1828,.5357,.2522,.0000
2012,.1164,.6610,.1670,.0000
2013,.1703,.7046,.1086,.0000
2014,.2250,.3511,.3774,.0070
2015,.2927,.1359,.5136,.0024
2016,.2136,.1373,.5768,.0101
2017,.1518,.2683,.4624,.0215
2018,.1724,.4734,.2904,.0000
2019,.1531,.5324,.2261,.0000
2020,.1328,.4401,.3183,.0000
2021,.1791,.3879,.3367,.0033
2022,.2664,.4825,.2093,.0001
2023,.3393,.3731,.2464,.0000
2024,.2039,.2985,.3962,.0035
2025,.0788,.3384,.1517,.1773
2026,.1270,.3494,.2212,.0805
2027,.0249,.0860,.0956,.0597
2028,.0000,.0025,.0104,.0187
2029,.0000,.0000,.0000,.0000
2030,.0000,.0000,.0000,.0000
2031,.0000,.0000,.0000,.0000
2032,.0000,.0000,.0000,.0000
2033,.0000,.0000,.0000,.0000
2034,.0000,.0000,.0000,.0000
2035,.0000,.0000,.0000,.0000
2036,.0000,.0000,.0000,.0000
2037,.0000,.0000,.0000,.0000
2038,.0000,.0000,.0000,.0000
2039,.0000,.0000,.0000,.0000
2040,.0000,.0000,.0000,.0000
2041,.0000,.0000,.0000,.0000
2042,.0000,.0000,.0000,.0000
2043,.0000,.0000,.0000,.0000
2044,.0000,.0000,.0000,.0000
2045,.0000,.0000,.0000,.0000
2046,.0000,.0000,.0000,.0000
2047,.0000,.0000,.0000,.0000
2048,.0000,.0000,.0000,.0000
2049,.0000,.0000,.0000,.0000
2050,.0000,.0000,.0000,.0000
2051,.0000,.0000,.0000,.0000
2052,.0000,.0000,.0000,.0000
2053,.0000,.0000,.0000,.0000
2054,.0000,.0000,.0000,.0000
2055,.0000,.0000,.0000,.0000
2056,.0000,.0000,.0000,.0000
2057,.0000,.0000,.0000,.0000
2058,.0000,.0000,.0000,.0000
2059,.0000,.0000,.0000,.0000
2060,.0000,.0000,.0000,.0000
2061,.0000,.0000,.0000,.0000
2062,.0000,.0000,.0000,.0000
2063,.0000,.0000,.0000,.0000
2064,.0000,.0000,.0000,.0000
2065,.0000,.0000,.0000,.0000
2066,.0000,.0000,.0000,.0000
2067,.0000,.0000,.0000,.0000
2068,.0000,.0000,.0000,.0000
2069,.0000,.0000,.0000,.0000
2070,.0000,.0000,.0000,.0000
2071,.0000,.0000,.0000,.0000
2072,.0000,.0000,.0000,.0000
2073,.0000,.0000,.0000,.0000
2074,.0000,.0000,.0000,.0000
2075,.0000,.0000,.0000,.0000
2076,.0000,.0000,.0000,.0000
2077,.0000,.0000,.0000,.0000
2078,.0000,.0000,.0000,.0000
2079,.0000,.0000,.0000,.0000
2080,.0000,.0000,.0000,.0000
2081,.0000,.0000,.0000,.0000
2082,.0000,.0000,.0000,.0000
2083,.0000,.0000,.0000,.0000
2084,.0000,.0000,.0000,.0000
2085,.0000,.0000,.0000,.0000
2086,.0000,.0000,.0000,.0000
2087,.0000,.0000,.0000,.0000
2088,.0000,.0000,.0000,.0000
2089,.0000,.0000,.0000,.0000
2090,.0000,.0000,.0000,.0000
2091,.0000,.0000,.0000,.0000
2092,.0000,.0000,.0000,.0000
2093,.0000,.0000,.0000,.0000
2094,.0000,.0000,.0000,.0000
2095,.0000,.0000,.0000,.0000
2096,.0000,.0000,.0000,.0000
2097,.0000,.0000,.0000,.0000
2098,.0000,.0000,.0000,.0000
2099,.0000,.0000,.0000,.0000
2100,.0000,.0000,.0000,.0000
2101,.0000,.0000,.0000,.0000
2102,.0000,.0000,.0000,.0000
2103,.0000,.0000,.0000,.0000
2104,.0000,.0000,.0000,.0000
2105,.0000,.0000,.0000,.0000
2106,.0000,.0000,.0000,.0000
2107,.0000,.0000,.0000,.0000
2108,.0000,.0000,.0000,.0000
2109,.0000,.0000,.0000,.0000
2110,.0000,.0000,.0000,.0000
2111,.0000,.0000,.0000,.0000
2112,.0000,.0000,.0000,.0000
2113,.0000,.0000,.0000,.0000
2114,.0000,.0000,.0000,.0000
2115,.0000,.0000,.0000,.0000
2116,.0000,.0000,.0000,.0000
2117,.0000,.0000,.0000,.0000
2118,.0000,.0000,.0000,.0000
2119,.0000,.0000,.0000,.0000
2120,.0000,.0000,.0000,.0000
2121,.0000,.0000,.0000,.0000
2122,.0000,.0000,.0000,.0000
2123,.0000,.0000,.0000,.0000
2124,.0000,.0000,.0000,.0000
2125,.0000,.0000,.0000,.0000
2126,.0000,.0000,.0000,.0000
2127,.0000,.0000,.0000,.0000
2128,.0000,.0000,.0000,.0000
2129,.0000,.0000,.0000,.0000
2130,.0000,.0000,.0000,.0000
2131,.0000,.0000,.0000,.0000
2132,.0000,.0000,.0000,.0000
2133,.0000,.0000,.0000,.0000
2134,.0000,.0000,.0000,.0000
2135,.0000,.0000,.0000,.0000
2136,.0000,.0000,.0000,.0000
2137,.0000,.0000,.0000,.0000
2138,.0036,.0658,.0110,.0041
2139,.0580,.2564,.1841,.0248
2140,.1041,.5393,.2027,.0153
2141,.1629,.4840,.2638,.0019
2142,.2229,.3894,.3169,.0000
2143,.2257,.5078,.2226,.0000
2144,.1224,.6180,.1753,.0070
2145,.1133,.5760,.1894,.0053
2146,.1578,.6090,.1541,.0118
2147,.2329,.4205,.1866,.0481
2148,.1560,.3659,.3444,.0228
2149,.1411,.2973,.4156,.0325
2150,.1052,.4082,.3174,.0202
2151,.1007,.4134,.3338,.0022
2152,.0729,.5303,.2238,.0014
2153,.1165,.3550,.3911,.0031
2154,.1841,.3569,.3692,.0000
2155,.2943,.4017,.2549,.0075
2156,.4348,.2370,.2865,.0038
2157,.2434,.4057,.2616,.0043
2158,.1480,.3215,.3909,.0273
2159,.1807,.3397,.3663,.0054
2160,.1059,.3530,.2076,.0718
2161,.0000,.0023,.0032,.0189
2162,.0000,.0000,.0000,.0000
2163,.0000,.0000,.0000,.0000
2164,.0000,.0000,.0000,.0000
2165,.0000,.0000,.0000,.0000
2166,.0000,.0000,.0000,.0000
2167,.0000,.0000,.0000,.0000
2168,.0000,.0000,.0000,.0000
2169,.0000,.0000,.0000,.0000
2170,.0000,.0000,.0000,.0000
2171,.0000,.0000,.0000,.0000
2172,.0000,.0000,.0000,.0000
2173,.0000,.0000,.0000,.0000
2174,.0000,.0000,.0000,.0000
2175,.0000,.0000,.0000,.0000
2176,.0000,.0000,.0000,.0000
2177,.0000,.0000,.0000,.0000
2178,.0000,.0000,.0000,.0000
2179,.0000,.0000,.0000,.0000
2180,.0000,.0000,.0000,.0000
2181,.0000,.0000,.0000,.0000
2182,.0000,.0000,.0000,.0000
2183,.0000,.0000,.0000,.0000
2184,.0000,.0000,.0000,.0000
2185,.0000,.0000,.0000,.0000
2186,.0000,.0000,.0000,.0000
2187,.0000,.0000,.0000,.0000
2188,.0000,.0000,.0000,.0000
2189,.0000,.0000,.0000,.0000
2190,.0000,.0000,.0000,.0000
2191,.0000,.0000,.0000,.0000
2192,.0000,.0000,.0000,.0000
2193,.0000,.0000,.0000,.0000
2194,.0000,.0000,.0000,.0000
2195,.0000,.0000,.0000,.0000
2196,.0000,.0000,.0000,.0000
2197,.0000,.0000,.0000,.0000
2198,.0000,.0000,.0000,.0000
2199,.0000,.0000,.0000,.0000
2200,.0000,.0000,.0000,.0000
2201,.0000,.0000,.0000,.0000
2202,.0000,.0000,.0000,.0000
2203,.0000,.0000,.0000,.0000
2204,.0000,.0000,.0000,.0000
2205,.0000,.0000,.0000,.0000
2206,.0000,.0000,.0000,.0000
2207,.0000,.0000,.0000,.0000
2208,.0000,.0000,.0000,.0000
2209,.0000,.0000,.0000,.0000
2210,.0000,.0000,.0000,.0000
2211,.0000,.0000,.0000,.0000
2212,.0000,.0000,.0000,.0000
2213,.0000,.0000,.0000,.0000
2214,.0000,.0000,.0000,.0000
2215,.0000,.0000,.0000,.0000
2216,.0000,.0000,.0000,.0000
2217,.0000,.0000,.0000,.0000
2218,.0000,.0000,.0000,.0000
2219,.0000,.0000,.0000,.0000
2220,.0000,.0000,.0000,.0000
2221,.0000,.0000,.0000,.0000
2222,.0000,.0000,.0000,.0000
2223,.0000,.0000,.0000,.0000
2224,.0000,.0000,.0000,.0000
2225,.0000,.0000,.0000,.0000
2226,.0000,.0000,.0000,.0000
2227,.0000,.0000,.0000,.0000
2228,.0000,.0000,.0000,.0000
2229,.0000,.0000,.0000,.0000
2230,.0000,.0000,.0000,.0000
2231,.0000,.0000,.0000,.0000
2232,.0000,.0000,.0000,.0000
2233,.0000,.0000,.0000,.0000
2234,.0000,.0000,.0000,.0000
2235,.0000,.0000,.0000,.0000
2236,.0000,.0000,.0000,.0000
2237,.0000,.0000,.0000,.0000
2238,.0000,.0000,.0000,.0000
2239,.0000,.0000,.0000,.0000
2240,.0000,.0000,.0000,.0000
2241,.0000,.0000,.0000,.0000
2242,.0000,.0000,.0000,.0000
2243,.0000,.0000,.0000,.0000
2244,.0000,.0000,.0000,.0000
2245,.0000,.0000,.0000,.0000
2246,.0000,.0000,.0000,.0000
2247,.0000,.0000,.0000,.0000
2248,.0000,.0000,.0000,.0000
2249,.0000,.0000,.0000,.0000
2250,.0000,.0000,.0000,.0000
2251,.0000,.0000,.0000,.0000
2252,.0000,.0000,.0000,.0000
2253,.0000,.0000,.0000,.0000
2254,.0000,.0000,.0000,.0000
2255,.0000,.0000,.0000,.0000
2256,.0000,.0000,.0000,.0000
2257,.0000,.0000,.0000,.0000
2258,.0000,.0000,.0000,.0000
2259,.0000,.0000,.0000,.0000
2260,.0000,.0000,.0000,.0000
2261,.0000,.0000,.0000,.0000
2262,.0000,.0000,.0000,.0000
2263,.0000,.0000,.0000,.0000
2264,.0000,.0000,.0000,.0000
2265,.0000,.0000,.0000,.0000
2266,.0000,.0000,.0000,.0000
2267,.0000,.0000,.0000,.0000
2268,.0000,.0000,.0000,.0000
2269,.0000,.0000,.0000,.0000
2270,.0000,.0000,.0000,.0000
2271,.0000,.0000,.0000,.0000
2272,.0292,.1782,.1142,.0928
2273,.0268,.3185,.0777,.1490
2274,.1081,.5624,.2034,.0118
2275,.1458,.3271,.3593,.0109
2276,.2936,.3037,.3699,.0000
2277,.1856,.5058,.2078,.0163
2278,.1701,.5915,.1542,.0145
2279,.1773,.4577,.2684,.0159
2280,.1629,.4685,.2461,.0276
2281,.1890,.5384,.1696,.0122
2282,.1388,.4618,.2648,.0000
2283,.0936,.5720,.2371,.0000
2284,.1645,.3023,.4064,.0091
2285,.1982,.2882,.4311,.0000
2286,.1272,.5664,.2221,.0000
2287,.2740,.3776,.3065,.0000
2288,.2944,.2648,.3949,.0018
2289,.2177,.4790,.2193,.0294
2290,.1239,.4618,.2951,.0055
2291,.1614,.3576,.3807,.0025
2292,.1586,.2730,.4381,.0032
2293,.0852,.2226,.2000,.0522
2294,.0000,.0000,.0000,.0000
2295,.0000,.0000,.0000,.0000
2296,.0000,.0000,.0000,.0000
2297,.0000,.0000,.0000,.0000
2298,.0000,.0000,.0000,.0000
2299,.0000,.0000,.0000,.0000
2300,.0000,.0000,.0000,.0000
2301,.0000,.0000,.0000,.0000
2302,.0000,.0000,.0000,.0000
2303,.0000,.0000,.0000,.0000
2304,.0000,.0000,.0000,.0000
2305,.0000,.0000,.0000,.0000
2306,.0000,.0000,.0000,.0000
2307,.0000,.0000,.0000,.0000
2308,.0000,.0000,.0000,.0000
2309,.0000,.0000,.0000,.0000
2310,.0000,.0000,.0000,.0000
2311,.0000,.0000,.0000,.0000
2312,.0000,.0000,.0000,.0000
2313,.0000,.0000,.0000,.0000
2314,.0000,.0000,.0000,.0000
2315,.0000,.0000,.0000,.0000
2316,.0000,.0000,.0000,.0000
2317,.0000,.0000,.0000,.0000
2318,.0000,.0000,.0000,.0000
2319,.0000,.0000,.0000,.0000
2320,.0000,.0000,.0000,.0000
2321,.0000,.0000,.0000,.0000
2322,.0000,.0000,.0000,.0000
2323,.0000,.0000,.0000,.0000
2324,.0000,.0000,.0000,.0000
2325,.0000,.0000,.0000,.0000
2326,.0000,.0000,.0000,.0000
2327,.0000,.0000,.0000,.0000
2328,.0000,.0000,.0000,.0000
2329,.0000,.0000,.0000,.0000
2330,.0000,.0000,.0000,.0000
2331,.0000,.0000,.0000,.0000
2332,.0000,.0000,.0000,.0000
2333,.0000,.0000,.0000,.0000
2334,.0000,.0000,.0000,.0000
2335,.0000,.0000,.0000,.0000
2336,.0000,.0000,.0000,.0000
2337,.0000,.0000,.0000,.0000
2338,.0000,.0000,.0000,.0000
2339,.0000,.0000,.0000,.0000
2340,.0000,.0000,.0000,.0000
2341,.0000,.0000,.0000,.0000
2342,.0000,.0000,.0000,.0000
2343,.0000,.0000,.0000,.0000
2344,.0000,.0000,.0000,.0000
2345,.0000,.0000,.0000,.0000
2346,.0000,.0000,.0000,.0000
2347,.0000,.0000,.0000,.0000
2348,.0000,.0000,.0000,.0000
2349,.0000,.0000,.0000,.0000
2350,.0000,.0000,.0000,.0000
2351,.0000,.0000,.0000,.0000
2352,.0000,.0000,.0000,.0000
2353,.0000,.0000,.0000,.0000
2354,.0000,.0000,.0000,.0000
2355,.0000,.0000,.0000,.0000
2356,.0000,.0000,.0000,.0000
2357,.0000,.0000,.0000,.0000
2358,.0000,.0000,.0000,.0000
2359,.0000,.0000,.0000,.0000
2360,.0000,.0000,.0000,.0000
2361,.0000,.0000,.0000,.0000
2362,.0000,.0000,.0000,.0000
2363,.0000,.0000,.0000,.0000
2364,.0000,.0000,.0000,.0000
2365,.0000,.0000,.0000,.0000
2366,.0000,.0000,.0000,.0000
2367,.0000,.0000,.0000,.0000
2368,.0000,.0000,.0000,.0000
2369,.0000,.0000,.0000,.0000
2370,.0000,.0000,.0000,.0000
2371,.0000,.0000,.0000,.0000
2372,.0000,.0000,.0000,.0000
2373,.0000,.0000,.0000,.0000
2374,.0000,.0000,.0000,.0000
2375,.0000,.0000,.0000,.0000
2376,.0000,.0000,.0000,.0000
2377,.0000,.0000,.0000,.0000
2378,.0000,.0000,.0000,.0000
2379,.0000,.0000,.0000,.0000
2380,.0000,.0000,.0000,.0000
2381,.0000,.0000,.0000,.0000
2382,.0000,.0000,.0000,.0000
2383,.0000,.0000,.0000,.0000
2384,.0000,.0000,.0000,.0000
2385,.0000,.0000,.0000,.0000
2386,.0000,.0000,.0000,.0000
2387,.0000,.0000,.0000,.0000
2388,.0000,.0000,.0000,.0000
2389,.0000,.0000,.0000,.0000
2390,.0000,.0000,.0000,.0000
2391,.0000,.0000,.0000,.0000
2392,.0000,.0000,.0000,.0000
2393,.0000,.0000,.0000,.0000
2394,.0000,.0000,.0000,.0000
2395,.0000,.0000,.0000,.0000
2396,.0000,.0000,.0000,.0000
2397,.0000,.0000,.0000,.0000
2398,.0000,.0000,.0000,.0000
2399,.0000,.0000,.0000,.0000
2400,.0000,.0000,.0000,.0000
2401,.0000,.0000,.0000,.0000
2402,.0000,.0000,.0000,.0000
2403,.0000,.0000,.0000,.0000
2404,.0000,.0000,.0000,.0000
2405,.0918,.2335,.1251,.0297
2406,.1326,.6553,.1229,.0333
2407,.1266,.6833,.1564,.0065
2408,.0874,.4847,.1595,.0538
2409,.2286,.2793,.2478,.0744
2410,.2495,.4089,.2600,.0201
2411,.1985,.4491,.2778,.0118
2412,.2090,.5841,.1713,.0018
2413,.1925,.5946,.1678,.0024
2414,.1787,.6306,.1502,.0006
2415,.1837,.3275,.3865,.0058
2416,.1266,.6318,.2030,.0000
2417,.3383,.2640,.3758,.0033
2418,.3324,.1334,.4732,.0353
2419,.1918,.4291,.2945,.0181
2420,.2442,.4955,.2180,.0037
2421,.2418,.4439,.2670,.0059
2422,.1894,.3755,.3475,.0023
2423,.1145,.3445,.4026,.0004
2424,.1180,.2828,.4293,.0298
2425,.1345,.2503,.4385,.0307
2426,.0655,.2029,.1750,.0362
2427,.0000,.0000,.0000,.0000
2428,.0000,.0000,.0000,.0000
2429,.0000,.0000,.0000,.0000
2430,.0000,.0000,.0000,.0000
2431,.0000,.0000,.0000,.0000
2432,.0000,.0000,.0000,.0000
2433,.0000,.0000,.0000,.0000
2434,.0000,.0000,.0000,.0000
2435,.0000,.0000,.0000,.0000
2436,.0000,.0000,.0000,.0000
2437,.0000,.0000,.0000,.0000
2438,.0000,.0000,.0000,.0000
2439,.0000,.0000,.0000,.0000
2440,.0000,.0000,.0000,.0000
2441,.0000,.0000,.0000,.0000
2442,.0000,.0000,.0000,.0000
2443,.0000,.0000,.0000,.0000
2444,.0000,.0000,.0000,.0000
2445,.0000,.0000,.0000,.0000
2446,.0000,.0000,.0000,.0000
2447,.0000,.0000,.0000,.0000
2448,.0000,.0000,.0000,.0000
2449,.0000,.0000,.0000,.0000
2450,.0000,.0000,.0000,.0000
2451,.0000,.0000,.0000,.0000
2452,.0000,.0000,.0000,.0000
2453,.0000,.0000,.0000,.0000
2454,.0000,.0000,.0000,.0000
2455,.0000,.0000,.0000,.0000
2456,.0000,.0000,.0000,.0000
2457,.0000,.0000,.0000,.0000
2458,.0000,.0000,.0000,.0000
2459,.0000,.0000,.0000,.0000
2460,.0000,.0000,.0000,.0000
2461,.0000,.0000,.0000,.0000
2462,.0000,.0000,.0000,.0000
2463,.0000,.0000,.0000,.0000
2464,.0000,.0000,.0000,.0000
2465,.0000,.0000,.0000,.0000
2466,.0000,.0000,.0000,.0000
2467,.0000,.0000,.0000,.0000
2468,.0000,.0000,.0000,.0000
2469,.0000,.0000,.0000,.0000
2470,.0000,.0000,.0000,.0000
2471,.0000,.0000,.0000,.0000
2472,.0000,.0000,.0000,.0000
2473,.0000,.0000,.0000,.0000
2474,.0000,.0000,.0000,.0000
2475,.0000,.0000,.0000,.0000
2476,.0000,.0000,.0000,.0000
2477,.0000,.0000,.0000,.0000
2478,.0000,.0000,.0000,.0000
2479,.0000,.0000,.0000,.0000
2480,.0000,.0000,.0000,.0000
2481,.0000,.0000,.0000,.0000
2482,.0000,.0000,.0000,.0000
2483,.0000,.0000,.0000,.0000
2484,.0000,.0000,.0000,.0000
2485,.0000,.0000,.0000,.0000
2486,.0000,.0000,.0000,.0000
2487,.0000,.0000,.0000,.0000
2488,.0000,.0000,.0000,.0000
2489,.0000,.0000,.0000,.0000
2490,.0000,.0000,.0000,.0000
2491,.0000,.0000,.0000,.0000
2492,.0000,.0000,.0000,.0000
2493,.0000,.0000,.0000,.0000
2494,.0000,.0000,.0000,.0000
2495,.0000,.0000,.0000,.0000
2496,.0000,.0000,.0000,.0000
2497,.0000,.0000,.0000,.0000
2498,.0000,.0000,.0000,.0000
2499,.0000,.0000,.0000,.0000
2500,.0000,.0000,.0000,.0000
2501,.0000,.0000,.0000,.0000
2502,.0000,.0000,.0000,.0000
2503,.0000,.0000,.0000,.0000
2504,.0000,.0000,.0000,.0000
2505,.0000,.0000,.0000,.0000
2506,.0000,.0000,.0000,.0000
2507,.0000,.0000,.0000,.0000
2508,.0000,.0000,.0000,.0000
2509,.0000,.0000,.0000,.0000
2510,.0000,.0000,.0000,.0000
2511,.0000,.0000,.0000,.0000
2512,.0000,.0000,.0000,.0000
2513,.0000,.0000,.0000,.0000
2514,.0000,.0000,.0000,.0000
2515,.0000,.0000,.0000,.0000
2516,.0000,.0000,.0000,.0000
2517,.0000,.0000,.0000,.0000
2518,.0000,.0000,.0000,.0000
2519,.0000,.0000,.0000,.0000
2520,.0000,.0000,.0000,.0000
2521,.0000,.0000,.0000,.0000
2522,.0000,.0000,.0000,.0000
2523,.0000,.0000,.0000,.0000
2524,.0000,.0000,.0000,.0000
2525,.0000,.0000,.0000,.0000
2526,.0000,.0000,.0000,.0000
2527,.0000,.0000,.0000,.0000
2528,.0000,.0000,.0000,.0000
2529,.0000,.0000,.0000,.0000
2530,.0000,.0000,.0000,.0000
2531,.0000,.0000,.0000,.0000
2532,.0000,.0000,.0000,.0000
2533,.0000,.0000,.0000,.0000
2534,.0000,.0000,.0000,.0000
2535,.0000,.0000,.0000,.0000
2536,.0000,.0000,.0000,.0000
2537,.0000,.0000,.0000,.0000
2538,.0000,.0000,.0000,.0000
2539,.0541,.1515,.1233,.0498
2540,.0229,.1071,.0649,.0391
2541,.0000,.0080,.0017,.0091
2542,.0447,.3709,.0579,.0359
2543,.1941,.6226,.1267,.0170
2544,.0992,.6417,.1594,.0166
2545,.1468,.5785,.1889,.0141
2546,.1807,.3627,.3285,.0297
2547,.1204,.3406,.2527,.0849
2548,.1467,.3442,.3532,.0319
2549,.1184,.5466,.2723,.0000
2550,.2653,.1654,.5427,.0002
2551,.3401,.1493,.4515,.0028
2552,.2157,.3674,.3302,.0118
2553,.1852,.3755,.3394,.0145
2554,.1954,.4665,.1879,.0723
2555,.0538,.3019,.2895,.0881
2556,.1575,.3368,.3764,.0122
2557,.1061,.2879,.4318,.0264
2558,.1464,.2865,.4303,.0123
2559,.0149,.0880,.0915,.0344
2560,.0000,.0000,.0000,.0000
2561,.0000,.0000,.0000,.0000
2562,.0000,.0000,.0000,.0000
2563,.0000,.0000,.0000,.0000
2564,.0000,.0000,.0000,.0000
2565,.0000,.0000,.0000,.0000
2566,.0000,.0000,.0000,.0000
2567,.0000,.0000,.0000,.0000
2568,.0000,.0000,.0000,.0000
2569,.0000,.0000,.0000,.0000
2570,.0000,.0000,.0000,.0000
2571,.0000,.0000,.0000,.0000
2572,.0000,.0000,.0000,.0000
2573,.0000,.0000,.0000,.0000
2574,.0000,.0000,.0000,.0000
2575,.0000,.0000,.0000,.0000
2576,.0000,.0000,.0000,.0000
2577,.0000,.0000,.0000,.0000
2578,.0000,.0000,.0000,.0000
2579,.0000,.0000,.0000,.0000
2580,.0000,.0000,.0000,.0000
2581,.0000,.0000,.0000,.0000
2582,.0000,.0000,.0000,.0000
2583,.0000,.0000,.0000,.0000
2584,.0000,.0000,.0000,.0000
2585,.0000,.0000,.0000,.0000
2586,.0000,.0000,.0000,.0000
2587,.0000,.0000,.0000,.0000
2588,.0000,.0000,.0000,.0000
2589,.0000,.0000,.0000,.0000
2590,.0000,.0000,.0000,.0000
2591,.0000,.0000,.0000,.0000
2592,.0000,.0000,.0000,.0000
2593,.0000,.0000,.0000,.0000
2594,.0000,.0000,.0000,.0000
2595,.0000,.0000,.0000,.0000
2596,.0000,.0000,.0000,.0000
2597,.0000,.0000,.0000,.0000
2598,.0000,.0000,.0000,.0000
2599,.0000,.0000,.0000,.0000
2600,.0000,.0000,.0000,.0000
2601,.0000,.0000,.0000,.0000
2602,.0000,.0000,.0000,.0000
2603,.0000,.0000,.0000,.0000
2604,.0000,.0000,.0000,.0000
2605,.0000,.0000,.0000,.0000
2606,.0000,.0000,.0000,.0000
2607,.0000,.0000,.0000,.0000
2608,.0000,.0000,.0000,.0000
2609,.0000,.0000,.0000,.0000
2610,.0000,.0000,.0000,.0000
2611,.0000,.0000,.0000,.0000
2612,.0000,.0000,.0000,.0000
2613,.0000,.0000,.0000,.0000
2614,.0000,.0000,.0000,.0000
2615,.0000,.0000,.0000,.0000
2616,.0000,.0000,.0000,.0000
2617,.0000,.0000,.0000,.0000
2618,.0000,.0000,.0000,.0000
2619,.0000,.0000,.0000,.0000
2620,.0000,.0000,.0000,.0000
2621,.0000,.0000,.0000,.0000
2622,.0000,.0000,.0000,.0000
2623,.0000,.0000,.0000,.0000
2624,.0000,.0000,.0000,.0000
2625,.0000,.0000,.0000,.0000
2626,.0000,.0000,.0000,.0000
2627,.0000,.0000,.0000,.0000
2628,.0000,.0000,.0000,.0000
2629,.0000,.0000,.0000,.0000
2630,.0000,.0000,.0000,.0000
2631,.0000,.0000,.0000,.0000
2632,.0000,.0000,.0000,.0000
2633,.0000,.0000,.0000,.0000
2634,.0000,.0000,.0000,.0000
2635,.0000,.0000,.0000,.0000
2636,.0000,.0000,.0000,.0000
2637,.0000,.0000,.0000,.0000
2638,.0000,.0000,.0000,.0000
2639,.0000,.0000,.0000,.0000
2640,.0000,.0000,.0000,.0000
2641,.0000,.0000,.0000,.0000
2642,.0000,.0000,.0000,.0000
2643,.0000,.0000,.0000,.0000
2644,.0000,.0000,.0000,.0000
2645,.0000,.0000,.0000,.0000
2646,.0000,.0000,.0000,.0000
2647,.0000,.0000,.0000,.0000
2648,.0000,.0000,.0000,.0000
2649,.0000,.0000,.0000,.0000
2650,.0000,.0000,.0000,.0000
2651,.0000,.0000,.0000,.0000
2652,.0000,.0000,.0000,.0000
2653,.0000,.0000,.0000,.0000
2654,.0000,.0000,.0000,.0000
2655,.0000,.0000,.0000,.0000
2656,.0000,.0000,.0000,.0000
2657,.0000,.0000,.0000,.0000
2658,.0000,.0000,.0000,.0000
2659,.0000,.0000,.0000,.0000
2660,.0000,.0000,.0000,.0000
2661,.0000,.0000,.0000,.0000
2662,.0000,.0000,.0000,.0000
2663,.0000,.0000,.0000,.0000
2664,.0000,.0000,.0000,.0000
2665,.0000,.0000,.0000,.0000
2666,.0000,.0000,.0000,.0000
2667,.0000,.0000,.0000,.0000
2668,.0000,.0000,.0000,.0000
2669,.0000,.0000,.0000,.0000
2670,.0000,.0000,.0000,.0000
2671,.0000,.0000,.0000,.0000
2672,.0000,.0000,.0000,.0000
2673,.0000,.0000,.0000,.0000
2674,.0000,.0000,.0000,.0000
2675,.0011,.0449,.0115,.0035
2676,.0758,.3158,.1131,.0057
2677,.0645,.3019,.1389,.0399
2678,.0113,.1196,.0315,.0199
2679,.0179,.1169,.0433,.0065
2680,.0218,.1113,.0228,.0123
2681,.0034,.0786,.0195,.0461
2682,.0195,.2246,.1364,.0790
2683,.1272,.2761,.3732,.0445
2684,.0287,.1589,.1644,.2304
2685,.0298,.3985,.2430,.0764
2686,.0386,.3947,.2898,.0255
2687,.0272,.1804,.0766,.1894
2688,.0750,.3899,.2842,.0248
2689,.1106,.3407,.3505,.0230
2690,.0294,.1425,.1040,.1149
2691,.0358,.1233,.1767,.0107
2692,.0000,.0189,.0148,.0083
2693,.0000,.0000,.0000,.0000
2694,.0000,.0000,.0000,.0000
2695,.0000,.0000,.0000,.0000
2696,.0000,.0000,.0000,.0000
2697,.0000,.0000,.0000,.0000
2698,.0000,.0000,.0000,.0000
2699,.0000,.0000,.0000,.0000
2700,.0000,.0000,.0000,.0000
2701,.0000,.0000,.0000,.0000
2702,.0000,.0000,.0000,.0000
2703,.0000,.0000,.0000,.0000
2704,.0000,.0000,.0000,.0000
2705,.0000,.0000,.0000,.0000
2706,.0000,.0000,.0000,.0000
2707,.0000,.0000,.0000,.0000
2708,.0000,.0000,.0000,.0000
2709,.0000,.0000,.0000,.0000
2710,.0000,.0000,.0000,.0000
2711,.0000,.0000,.0000,.0000
2712,.0000,.0000,.0000,.0000
2713,.0000,.0000,.0000,.0000
2714,.0000,.0000,.0000,.0000
2715,.0000,.0000,.0000,.0000
2716,.0000,.0000,.0000,.0000
2717,.0000,.0000,.0000,.0000
2718,.0000,.0000,.0000,.0000
2719,.0000,.0000,.0000,.0000
2720,.0000,.0000,.0000,.0000
2721,.0000,.0000,.0000,.0000
2722,.0000,.0000,.0000,.0000
2723,.0000,.0000,.0000,.0000
2724,.0000,.0000,.0000,.0000
2725,.0000,.0000,.0000,.0000
2726,.0000,.0000,.0000,.0000
2727,.0000,.0000,.0000,.0000
2728,.0000,.0000,.0000,.0000
2729,.0000,.0000,.0000,.0000
2730,.0000,.0000,.0000,.0000
2731,.0000,.0000,.0000,.0000
2732,.0000,.0000,.0000,.0000
2733,.0000,.0000,.0000,.0000
2734,.0000,.0000,.0000,.0000
2735,.0000,.0000,.0000,.0000
2736,.0000,.0000,.0000,.0000
2737,.0000,.0000,.0000,.0000
2738,.0000,.0000,.0000,.0000
2739,.0000,.0000,.0000,.0000
2740,.0000,.0000,.0000,.0000
2741,.0000,.0000,.0000,.0000
2742,.0000,.0000,.0000,.0000
2743,.0000,.0000,.0000,.0000
2744,.0000,.0000,.0000,.0000
2745,.0000,.0000,.0000,.0000
2746,.0000,.0000,.0000,.0000
2747,.0000,.0000,.0000,.0000
2748,.0000,.0000,.0000,.0000
2749,.0000,.0000,.0000,.0000
2750,.0000,.0000,.0000,.0000
2751,.0000,.0000,.0000,.0000
2752,.0000,.0000,.0000,.0000
2753,.0000,.0000,.0000,.0000
2754,.0000,.0000,.0000,.0000
2755,.0000,.0000,.0000,.0000
2756,.0000,.0000,.0000,.0000
2757,.0000,.0000,.0000,.0000
2758,.0000,.0000,.0000,.0000
2759,.0000,.0000,.0000,.0000
2760,.0000,.0000,.0000,.0000
2761,.0000,.0000,.0000,.0000
2762,.0000,.0000,.0000,.0000
2763,.0000,.0000,.0000,.0000
2764,.0000,.0000,.0000,.0000
2765,.0000,.0000,.0000,.0000
2766,.0000,.0000,.0000,.0000
2767,.0000,.0000,.0000,.0000
2768,.0000,.0000,.0000,.0000
2769,.0000,.0000,.0000,.0000
2770,.0000,.0000,.0000,.0000
2771,.0000,.0000,.0000,.0000
2772,.0000,.0000,.0000,.0000
2773,.0000,.0000,.0000,.0000
2774,.0000,.0000,.0000,.0000
2775,.0000,.0000,.0000,.0000
2776,.0000,.0000,.0000,.0000
2777,.0000,.0000,.0000,.0000
2778,.0000,.0000,.0000,.0000
2779,.0000,.0000,.0000,.0000
2780,.0000,.0000,.0000,.0000
2781,.0000,.0000,.0000,.0000
2782,.0000,.0000,.0000,.0000
2783,.0000,.0000,.0000,.0000
2784,.0000,.0000,.0000,.0000
2785,.0000,.0000,.0000,.0000
2786,.0000,.0000,.0000,.0000
2787,.0000,.0000,.0000,.0000
2788,.0000,.0000,.0000,.0000
2789,.0000,.0000,.0000,.0000
2790,.0000,.0000,.0000,.0000
2791,.0000,.0000,.0000,.0000
2792,.0000,.0000,.0000,.0000
2793,.0000,.0000,.0000,.0000
2794,.0000,.0000,.0000,.0000
2795,.0000,.0000,.0000,.0000
2796,.0000,.0000,.0000,.0000
2797,.0000,.0000,.0000,.0000
2798,.0000,.0000,.0000,.0000
2799,.0000,.0000,.0000,.0000
2800,.0000,.0000,.0000,.0000
2801,.0000,.0000,.0000,.0000
2802,.0000,.0000,.0000,.0000
2803,.0000,.0000,.0000,.0000
2804,.0000,.0000,.0000,.0000
2805,.0000,.0000,.0000,.0000
2806,.0000,.0000,.0000,.0000
2807,.0000,.0000,.0000,.0000
2808,.0000,.0000,.0000,.0000
2809,.0000,.0000,.0000,.0000
2810,.0000,.0000,.0000,.0000
2811,.0000,.0000,.0000,.0000
2812,.0000,.0000,.0000,.0000
2813,.0000,.0000,.0000,.0000
2814,.0000,.0000,.0000,.0000
2815,.0000,.0009,.0082,.0141
2816,.0029,.0291,.0327,.0264
2817,.0000,.0000,.0534,.0134
2818,.0025,.0718,.1035,.0611
2819,.0000,.0022,.0121,.0013
2820,.0225,.0550,.0553,.0264
2821,.0980,.2833,.1823,.0786
2822,.0070,.0876,.0327,.1040
2823,.0000,.0000,.0000,.0000
2824,.0000,.0000,.0000,.0000
2825,.0000,.0000,.0000,.0000
2826,.0000,.0000,.0000,.0000
2827,.0000,.0000,.0000,.0000
2828,.0000,.0000,.0000,.0000
2829,.0000,.0000,.0000,.0000
2830,.0000,.0000,.0000,.0000
2831,.0000,.0000,.0000,.0000
2832,.0000,.0000,.0000,.0000
2833,.0000,.0000,.0000,.0000
2834,.0000,.0000,.0000,.0000
2835,.0000,.0000,.0000,.0000
2836,.0000,.0000,.0000,.0000
2837,.0000,.0000,.0000,.0000
2838,.0000,.0000,.0000,.0000
2839,.0000,.0000,.0000,.0000
2840,.0000,.0000,.0000,.0000
2841,.0000,.0000,.0000,.0000
2842,.0000,.0000,.0000,.0000
2843,.0000,.0000,.0000,.0000
2844,.0000,.0000,.0000,.0000
2845,.0000,.0000,.0000,.0000
2846,.0000,.0000,.0000,.0000
2847,.0000,.0000,.0000,.0000
2848,.0000,.0000,.0000,.0000
2849,.0000,.0000,.0000,.0000
2850,.0000,.0000,.0000,.0000
2851,.0000,.0000,.0000,.0000
2852,.0000,.0000,.0000,.0000
2853,.0000,.0000,.0000,.0000
2854,.0000,.0000,.0000,.0000
2855,.0000,.0000,.0000,.0000
2856,.0000,.0000,.0000,.0000
2857,.0000,.0000,.0000,.0000
2858,.0000,.0000,.0000,.0000
2859,.0000,.0000,.0000,.0000
2860,.0000,.0000,.0000,.0000
2861,.0000,.0000,.0000,.0000
2862,.0000,.0000,.0000,.0000
2863,.0000,.0000,.0000,.0000
2864,.0000,.0000,.0000,.0000
2865,.0000,.0000,.0000,.0000
2866,.0000,.0000,.0000,.0000
2867,.0000,.0000,.0000,.0000
2868,.0000,.0000,.0000,.0000
2869,.0000,.0000,.0000,.0000
2870,.0000,.0000,.0000,.0000
2871,.0000,.0000,.0000,.0000
2872,.0000,.0000,.0000,.0000
2873,.0000,.0000,.0000,.0000
2874,.0000,.0000,.0000,.0000
2875,.0000,.0000,.0000,.0000
2876,.0000,.0000,.0000,.0000
2877,.0000,.0000,.0000,.0000
2878,.0000,.0000,.0000,.0000
2879,.0000,.0000,.0000,.0000
2880,.0000,.0000,.0000,.0000
2881,.0000,.0000,.0000,.0000
2882,.0000,.0000,.0000,.0000
2883,.0000,.0000,.0000,.0000
2884,.0000,.0000,.0000,.0000
2885,.0000,.0000,.0000,.0000
2886,.0000,.0000,.0000,.0000
2887,.0000,.0000,.0000,.0000
2888,.0000,.0000,.0000,.0000
2889,.0000,.0000,.0000,.0000
2890,.0000,.0000,.0000,.0000
2891,.0000,.0000,.0000,.0000
2892,.0000,.0000,.0000,.0000
2893,.0000,.0000,.0000,.0000
2894,.0000,.0000,.0000,.0000
2895,.0000,.0000,.0000,.0000
2896,.0000,.0000,.0000,.0000
2897,.0000,.0000,.0000,.0000
2898,.0000,.0000,.0000,.0000
2899,.0000,.0000,.0000,.0000
2900,.0000,.0000,.0000,.0000
2901,.0000,.0000,.0000,.0000
2902,.0000,.0000,.0000,.0000
2903,.0000,.0000,.0000,.0000
2904,.0000,.0000,.0000,.0000
2905,.0000,.0000,.0000,.0000
2906,.0000,.0000,.0000,.0000
2907,.0000,.0000,.0000,.0000
2908,.0000,.0000,.0000,.0000
2909,.0000,.0000,.0000,.0000
2910,.0000,.0000,.0000,.0000
2911,.0000,.0000,.0000,.0000
2912,.0000,.0000,.0000,.0000
2913,.0000,.0000,.0000,.0000
2914,.0000,.0000,.0000,.0000
2915,.0000,.0000,.0000,.0000
2916,.0000,.0000,.0000,.0000
2917,.0000,.0000,.0000,.0000
2918,.0000,.0000,.0000,.0000
2919,.0000,.0000,.0000,.0000
2920,.0000,.0000,.0000,.0000
2921,.0000,.0000,.0000,.0000
2922,.0000,.0000,.0000,.0000
2923,.0000,.0000,.0000,.0000
2924,.0000,.0000,.0000,.0000
2925,.0000,.0000,.0000,.0000
2926,.0000,.0000,.0000,.0000
2927,.0000,.0000,.0000,.0000
2928,.0000,.0000,.0000,.0000
2929,.0000,.0000,.0000,.0000
2930,.0000,.0000,.0000,.0000
2931,.0000,.0000,.0000,.0000
2932,.0000,.0000,.0000,.0000
2933,.0000,.0000,.0000,.0000
2934,.0000,.0000,.0000,.0000
2935,.0000,.0000,.0000,.0000
2936,.0000,.0000,.0000,.0000
2937,.0000,.0000,.0000,.0000
2938,.0000,.0000,.0000,.0000
2939,.0000,.0000,.0000,.0000
2940,.0000,.0000,.0000,.0000
2941,.0000,.0000,.0000,.0000
2942,.0000,.0000,.0000,.0000
2943,.0000,.0000,.0000,.0000
2944,.0000,.0000,.0000,.0000
2945,.0000,.0000,.0000,.0000
2946,.0000,.0000,.0000,.0000
2947,.0000,.0000,.0000,.0000
2948,.0000,.0000,.0000,.0000
2949,.0000,.0000,.0000,.0000
2950,.0000,.0000,.0000,.0000
2951,.0000,.0000,.0000,.0000
2952,.0000,.0000,.0000,.0000
2953,.0000,.0000,.0000,.0000
2954,.0000,.0007,.0000,.0031
2955,.0000,.0081,.0081,.0125
2956,.0000,.0000,.0000,.0000
2957,.0000,.0000,.0000,.0000
2958,.0000,.0000,.0000,.0000
2959,.0000,.0000,.0000,.0000
2960,.0000,.0000,.0000,.0000
2961,.0000,.0000,.0000,.0000
2962,.0000,.0000,.0000,.0000
2963,.0000,.0000,.0000,.0000
2964,.0000,.0000,.0000,.0000
2965,.0000,.0000,.0000,.0000
2966,.0000,.0000,.0000,.0000
2967,.0000,.0000,.0000,.0000
2968,.0000,.0000,.0000,.0000
2969,.0000,.0000,.0000,.0000
2970,.0000,.0000,.0000,.0000
2971,.0000,.0000,.0000,.0000
2972,.0000,.0000,.0000,.0000
2973,.0000,.0000,.0000,.0000
2974,.0000,.0000,.0000,.0000
2975,.0000,.0000,.0000,.0000
2976,.0000,.0000,.0000,.0000
2977,.0000,.0000,.0000,.0000
2978,.0000,.0000,.0000,.0000
2979,.0000,.0000,.0000,.0000
2980,.0000,.0000,.0000,.0000
2981,.0000,.0000,.0000,.0000
2982,.0000,.0000,.0000,.0000
2983,.0000,.0000,.0000,.0000
2984,.0000,.0000,.0000,.0000
2985,.0000,.0000,.0000,.0000
2986,.0000,.0000,.0000,.0000
2987,.0000,.0000,.0000,.0000
2988,.0000,.0000,.0000,.0000
2989,.0000,.0000,.0000,.0000
2990,.0000,.0000,.0000,.0000
2991,.0000,.0000,.0000,.0000
2992,.0000,.0000,.0000,.0000
2993,.0000,.0000,.0000,.0000
2994,.0000,.0000,.0000,.0000
2995,.0000,.0000,.0000,.0000
2996,.0000,.0000,.0000,.0000
2997,.0000,.0000,.0000,.0000
2998,.0000,.0000,.0000,.0000
2999,.0000,.0000,.0000,.0000
3000,.0000,.0000,.0000,.0000
3001,.0000,.0000,.0000,.0000
3002,.0000,.0000,.0000,.0000
3003,.0000,.0000,.0000,.0000
3004,.0000,.0000,.0000,.0000
3005,.0000,.0000,.0000,.0000
3006,.0000,.0000,.0000,.0000
3007,.0000,.0000,.0000,.0000
3008,.0000,.0000,.0000,.0000
3009,.0000,.0000,.0000,.0000
3010,.0000,.0000,.0000,.0000
3011,.0000,.0000,.0000,.0000
3012,.0000,.0000,.0000,.0000
3013,.0000,.0000,.0000,.0000
3014,.0000,.0000,.0000,.0000
3015,.0000,.0000,.0000,.0000
3016,.0000,.0000,.0000,.0000
3017,.0000,.0000,.0000,.0000
3018,.0000,.0000,.0000,.0000
3019,.0000,.0000,.0000,.0000
3020,.0000,.0000,.0000,.0000
3021,.0000,.0000,.0000,.0000
3022,.0000,.0000,.0000,.0000
3023,.0000,.0000,.0000,.0000
3024,.0000,.0000,.0000,.0000
3025,.0000,.0000,.0000,.0000
3026,.0000,.0000,.0000,.0000
3027,.0000,.0000,.0000,.0000
3028,.0000,.0000,.0000,.0000
3029,.0000,.0000,.0000,.0000
3030,.0000,.0000,.0000,.0000
3031,.0000,.0000,.0000,.0000
3032,.0000,.0000,.0000,.0000
3033,.0000,.0000,.0000,.0000
3034,.0000,.0000,.0000,.0000
3035,.0000,.0000,.0000,.0000
3036,.0000,.0000,.0000,.0000
3037,.0000,.0000,.0000,.0000
3038,.0000,.0000,.0000,.0000
3039,.0000,.0000,.0000,.0000
3040,.0000,.0000,.0000,.0000
3041,.0000,.0000,.0000,.0000
3042,.0000,.0000,.0000,.0000
3043,.0000,.0000,.0000,.0000
3044,.0000,.0000,.0000,.0000
3045,.0000,.0000,.0000,.0000
3046,.0000,.0000,.0000,.0000
3047,.0000,.0000,.0000,.0000
3048,.0000,.0000,.0000,.0000
3049,.0000,.0000,.0000,.0000
3050,.0000,.0000,.0000,.0000
3051,.0000,.0000,.0000,.0000
3052,.0000,.0000,.0000,.0000
3053,.0000,.0000,.0000,.0000
3054,.0000,.0000,.0000,.0000
3055,.0000,.0000,.0000,.0000
3056,.0000,.0000,.0000,.0000
3057,.0000,.0000,.0000,.0000
3058,.0000,.0000,.0000,.0000
3059,.0000,.0000,.0000,.0000
3060,.0000,.0000,.0000,.0000
3061,.0000,.0000,.0000,.0000
3062,.0000,.0000,.0000,.0000
3063,.0000,.0000,.0000,.0000
3064,.0000,.0000,.0000,.0000
3065,.0000,.0000,.0000,.0000
3066,.0000,.0000,.0000,.0000
3067,.0000,.0000,.0000,.0000
3068,.0000,.0000,.0000,.0000
3069,.0000,.0000,.0000,.0000
3070,.0000,.0000,.0000,.0000
3071,.0000,.0000,.0000,.0000
3072,.0000,.0000,.0000,.0000
3073,.0000,.0000,.0000,.0000
3074,.0000,.0000,.0000,.0000
3075,.0000,.0000,.0000,.0000
3076,.0000,.0000,.0000,.0000
3077,.0000,.0000,.0000,.0000
3078,.0000,.0000,.0000,.0000
3079,.0019,.0388,.0265,.0184
3080,.0000,.0018,.0007,.0025
3081,.0316,.1562,.0517,.0290
3082,.0284,.0655,.0359,.0182
3083,.0502,.0362,.0519,.0409
3084,.0003,.0005,.0000,.0004
3085,.0000,.0000,.0000,.0000
3086,.0000,.0000,.0000,.0000
3087,.0000,.0000,.0000,.0000
3088,.0000,.0000,.0000,.0000
3089,.0000,.0000,.0000,.0000
3090,.0000,.0000,.0000,.0000
3091,.0000,.0000,.0000,.0000
3092,.0000,.0000,.0000,.0000
3093,.0000,.0000,.0000,.0000
3094,.0000,.0000,.0000,.0000
3095,.0000,.0000,.0000,.0000
3096,.0000,.0000,.0000,.0000
3097,.0000,.0000,.0000,.0000
3098,.0000,.0000,.0000,.0000
3099,.0000,.0000,.0000,.0000
3100,.0000,.0000,.0000,.0000
3101,.0000,.0000,.0000,.0000
3102,.0000,.0000,.0000,.0000
3103,.0000,.0000,.0000,.0000
3104,.0000,.0000,.0000,.0000
3105,.0000,.0000,.0000,.0000
3106,.0000,.0000,.0000,.0000
3107,.0000,.0000,.0000,.0000
3108,.0000,.0000,.0000,.0000
3109,.0000,.0000,.0000,.0000
3110,.0000,.0000,.0000,.0000
3111,.0000,.0000,.0000,.0000
3112,.0000,.0000,.0000,.0000
3113,.0000,.0000,.0000,.0000
3114,.0000,.0000,.0000,.0000
3115,.0000,.0000,.0000,.0000
3116,.0000,.0000,.0000,.0000
3117,.0000,.0000,.0000,.0000
3118,.0000,.0000,.0000,.0000
3119,.0000,.0000,.0000,.0000
3120,.0000,.0000,.0000,.0000
3121,.0000,.0000,.0000,.0000
3122,.0000,.0000,.0000,.0000
3123,.0000,.0000,.0000,.0000
3124,.0000,.0000,.0000,.0000
3125,.0000,.0000,.0000,.0000
3126,.0000,.0000,.0000,.0000
3127,.0000,.0000,.0000,.0000
3128,.0000,.0000,.0000,.0000
3129,.0000,.0000,.0000,.0000
3130,.0000,.0000,.0000,.0000
3131,.0000,.0000,.0000,.0000
3132,.0000,.0000,.0000,.0000
3133,.0000,.0000,.0000,.0000
3134,.0000,.0000,.0000,.0000
3135,.0000,.0000,.0000,.0000
3136,.0000,.0000,.0000,.0000
3137,.0000,.0000,.0000,.0000
3138,.0000,.0000,.0000,.0000
3139,.0000,.0000,.0000,.0000
3140,.0000,.0000,.0000,.0000
3141,.0000,.0000,.0000,.0000
3142,.0000,.0000,.0000,.0000
3143,.0000,.0000,.0000,.0000
3144,.0000,.0000,.0000,.0000
3145,.0000,.0000,.0000,.0000
3146,.0000,.0000,.0000,.0000
3147,.0000,.0000,.0000,.0000
3148,.0000,.0000,.0000,.0000
3149,.0000,.0000,.0000,.0000
3150,.0000,.0000,.0000,.0000
3151,.0000,.0000,.0000,.0000
3152,.0000,.0000,.0000,.0000
3153,.0000,.0000,.0000,.0000
3154,.0000,.0000,.0000,.0000
3155,.0000,.0000,.0000,.0000
3156,.0000,.0000,.0000,.0000
3157,.0000,.0000,.0000,.0000
3158,.0000,.0000,.0000,.0000
3159,.0000,.0000,.0000,.0000
3160,.0000,.0000,.0000,.0000
3161,.0000,.0000,.0000,.0000
3162,.0000,.0000,.0000,.0000
3163,.0000,.0000,.0000,.0000
3164,.0000,.0000,.0000,.0000
3165,.0000,.0000,.0000,.0000
3166,.0000,.0000,.0000,.0000
3167,.0000,.0000,.0000,.0000
3168,.0000,.0000,.0000,.0000
3169,.0000,.0000,.0000,.0000
3170,.0000,.0000,.0000,.0000
3171,.0000,.0000,.0000,.0000
3172,.0000,.0000,.0000,.0000
3173,.0000,.0000,.0000,.0000
3174,.0000,.0000,.0000,.0000
3175,.0000,.0000,.0000,.0000
3176,.0000,.0000,.0000,.0000
3177,.0000,.0000,.0000,.0000
3178,.0000,.0000,.0000,.0000
3179,.0000,.0000,.0000,.0000
3180,.0000,.0000,.0000,.0000
3181,.0000,.0000,.0000,.0000
3182,.0000,.0000,.0000,.0000
3183,.0000,.0000,.0000,.0000
3184,.0000,.0000,.0000,.0000
3185,.0000,.0000,.0000,.0000
3186,.0000,.0000,.0000,.0000
3187,.0000,.0000,.0000,.0000
3188,.0000,.0000,.0000,.0000
3189,.0000,.0000,.0000,.0000
3190,.0000,.0000,.0000,.0000
3191,.0000,.0000,.0000,.0000
3192,.0000,.0000,.0000,.0000
3193,.0000,.0000,.0000,.0000
3194,.0000,.0000,.0000,.0000
3195,.0000,.0000,.0000,.0000
3196,.0000,.0000,.0000,.0000
3197,.0000,.0000,.0000,.0000
3198,.0000,.0000,.0000,.0000
3199,.0000,.0000,.0000,.0000
3200,.0000,.0000,.0000,.0000
3201,.0000,.0000,.0000,.0000
3202,.0000,.0000,.0000,.0000
3203,.0000,.0000,.0000,.0000
3204,.0000,.0000,.0000,.0000
3205,.0000,.0000,.0000,.0000
3206,.0000,.0000,.0000,.0000
3207,.0000,.0000,.0000,.0000
3208,.0000,.0000,.0000,.0000
3209,.0000,.0000,.0000,.0000
3210,.0000,.0000,.0000,.0000
3211,.0000,.0000,.0041,.0000
3212,.0619,.3570,.1182,.0474
3213,.0772,.4601,.1819,.0549
3214,.1486,.5056,.2585,.0048
3215,.2077,.3181,.3335,.0195
3216,.3085,.2070,.3948,.0104
3217,.1926,.2083,.2489,.0339
3218,.0183,.0428,.0365,.0052
3219,.0000,.0000,.0000,.0000
3220,.0000,.0000,.0000,.0000
3221,.0000,.0000,.0000,.0000
3222,.0000,.0000,.0000,.0000
3223,.0000,.0000,.0000,.0000
3224,.0000,.0000,.0000,.0000
3225,.0000,.0000,.0000,.0000
3226,.0000,.0000,.0000,.0000
3227,.0000,.0000,.0000,.0000
3228,.0000,.0000,.0000,.0000
3229,.0000,.0000,.0000,.0000
3230,.0000,.0000,.0000,.0000
3231,.0000,.0000,.0000,.0000
3232,.0000,.0000,.0000,.0000
3233,.0000,.0000,.0000,.0000
3234,.0000,.0000,.0000,.0000
3235,.0000,.0000,.0000,.0000
3236,.0000,.0000,.0000,.0000
3237,.0000,.0000,.0000,.0000
3238,.0000,.0000,.0000,.0000
3239,.0000,.0000,.0000,.0000
3240,.0000,.0000,.0000,.0000
3241,.0000,.0000,.0000,.0000
3242,.0000,.0000,.0000,.0000
3243,.0000,.0000,.0000,.0000
3244,.0000,.0000,.0000,.0000
3245,.0000,.0000,.0000,.0000
3246,.0000,.0000,.0000,.0000
3247,.0000,.0000,.0000,.0000
3248,.0000,.0000,.0000,.0000
3249,.0000,.0000,.0000,.0000
3250,.0000,.0000,.0000,.0000
3251,.0000,.0000,.0000,.0000
3252,.0000,.0000,.0000,.0000
3253,.0000,.0000,.0000,.0000
3254,.0000,.0000,.0000,.0000
3255,.0000,.0000,.0000,.0000
3256,.0000,.0000,.0000,.0000
3257,.0000,.0000,.0000,.0000
3258,.0000,.0000,.0000,.0000
3259,.0000,.0000,.0000,.0000
3260,.0000,.0000,.0000,.0000
3261,.0000,.0000,.0000,.0000
3262,.0000,.0000,.0000,.0000
3263,.0000,.0000,.0000,.0000
3264,.0000,.0000,.0000,.0000
3265,.0000,.0000,.0000,.0000
3266,.0000,.0000,.0000,.0000
3267,.0000,.0000,.0000,.0000
3268,.0000,.0000,.0000,.0000
3269,.0000,.0000,.0000,.0000
3270,.0000,.0000,.0000,.0000
3271,.0000,.0000,.0000,.0000
3272,.0000,.0000,.0000,.0000
3273,.0000,.0000,.0000,.0000
3274,.0000,.0000,.0000,.0000
3275,.0000,.0000,.0000,.0000
3276,.0000,.0000,.0000,.0000
3277,.0000,.0000,.0000,.0000
3278,.0000,.0000,.0000,.0000
3279,.0000,.0000,.0000,.0000
3280,.0000,.0000,.0000,.0000
3281,.0000,.0000,.0000,.0000
3282,.0000,.0000,.0000,.0000
3283,.0000,.0000,.0000,.0000
3284,.0000,.0000,.0000,.0000
3285,.0000,.0000,.0000,.0000
3286,.0000,.0000,.0000,.0000
3287,.0000,.0000,.0000,.0000
3288,.0000,.0000,.0000,.0000
3289,.0000,.0000,.0000,.0000
3290,.0000,.0000,.0000,.0000
3291,.0000,.0000,.0000,.0000
3292,.0000,.0000,.0000,.0000
3293,.0000,.0000,.0000,.0000
3294,.0000,.0000,.0000,.0000
3295,.0000,.0000,.0000,.0000
3296,.0000,.0000,.0000,.0000
3297,.0000,.0000,.0000,.0000
3298,.0000,.0000,.0000,.0000
3299,.0000,.0000,.0000,.0000
3300,.0000,.0000,.0000,.0000
3301,.0000,.0000,.0000,.0000
3302,.0000,.0000,.0000,.0000
3303,.0000,.0000,.0000,.0000
3304,.0000,.0000,.0000,.0000
3305,.0000,.0000,.0000,.0000
3306,.0000,.0000,.0000,.0000
3307,.0000,.0000,.0000,.0000
3308,.0000,.0000,.0000,.0000
3309,.0000,.0000,.0000,.0000
3310,.0000,.0000,.0000,.0000
3311,.0000,.0000,.0000,.0000
3312,.0000,.0000,.0000,.0000
3313,.0000,.0000,.0000,.0000
3314,.0000,.0000,.0000,.0000
3315,.0000,.0000,.0000,.0000
3316,.0000,.0000,.0000,.0000
3317,.0000,.0000,.0000,.0000
3318,.0000,.0000,.0000,.0000
3319,.0000,.0000,.0000,.0000
3320,.0000,.0000,.0000,.0000
3321,.0000,.0000,.0000,.0000
3322,.0000,.0000,.0000,.0000
3323,.0000,.0000,.0000,.0000
3324,.0000,.0000,.0000,.0000
3325,.0000,.0000,.0000,.0000
3326,.0000,.0000,.0000,.0000
3327,.0000,.0000,.0000,.0000
3328,.0000,.0000,.0000,.0000
3329,.0000,.0000,.0000,.0000
3330,.0000,.0000,.0000,.0000
3331,.0000,.0000,.0000,.0000
3332,.0000,.0000,.0000,.0000
3333,.0000,.0000,.0000,.0000
3334,.0000,.0000,.0000,.0000
3335,.0000,.0000,.0000,.0000
3336,.0000,.0000,.0000,.0000
3337,.0000,.0000,.0000,.0000
3338,.0000,.0000,.0000,.0000
3339,.0000,.0000,.0000,.0000
3340,.0000,.0000,.0000,.0000
3341,.0000,.0000,.0000,.0000
3342,.0000,.0000,.0000,.0000
3343,.0000,.0000,.0000,.0000
3344,.0135,.0944,.0326,.0347
3345,.0634,.2868,.1754,.0111
3346,.1187,.3726,.3052,.0091
3347,.2111,.3400,.3593,.0066
3348,.2730,.1666,.4907,.0054
3349,.1790,.2401,.5309,.0000
3350,.1290,.4049,.4123,.0000
3351,.0749,.3273,.2410,.0312
3352,.0010,.0113,.0037,.0063
3353,.0000,.0000,.0000,.0000
3354,.0000,.0000,.0000,.0000
3355,.0000,.0000,.0000,.0000
3356,.0000,.0000,.0000,.0000
3357,.0000,.0000,.0000,.0000
3358,.0000,.0000,.0000,.0000
3359,.0000,.0000,.0000,.0000
3360,.0000,.0000,.0000,.0000
3361,.0000,.0000,.0000,.0000
3362,.0000,.0000,.0000,.0000
3363,.0000,.0000,.0000,.0000
3364,.0000,.0000,.0000,.0000
3365,.0000,.0000,.0000,.0000
3366,.0000,.0000,.0000,.0000
3367,.0000,.0000,.0000,.0000
3368,.0000,.0000,.0000,.0000
3369,.0000,.0000,.0000,.0000
3370,.0000,.0000,.0000,.0000
3371,.0000,.0000,.0000,.0000
3372,.0000,.0000,.0000,.0000
3373,.0000,.0000,.0000,.0000
3374,.0000,.0000,.0000,.0000
3375,.0000,.0000,.0000,.0000
3376,.0000,.0000,.0000,.0000
3377,.0000,.0000,.0000,.0000
3378,.0000,.0000,.0000,.0000
3379,.0000,.0000,.0000,.0000
3380,.0000,.0000,.0000,.0000
3381,.0000,.0000,.0000,.0000
3382,.0000,.0000,.0000,.0000
3383,.0000,.0000,.0000,.0000
3384,.0000,.0000,.0000,.0000
3385,.0000,.0000,.0000,.0000
3386,.0000,.0000,.0000,.0000
3387,.0000,.0000,.0000,.0000
3388,.0000,.0000,.0000,.0000
3389,.0000,.0000,.0000,.0000
3390,.0000,.0000,.0000,.0000
3391,.0000,.0000,.0000,.0000
3392,.0000,.0000,.0000,.0000
3393,.0000,.0000,.0000,.0000
3394,.0000,.0000,.0000,.0000
3395,.0000,.0000,.0000,.0000
3396,.0000,.0000,.0000,.0000
3397,.0000,.0000,.0000,.0000
3398,.0000,.0000,.0000,.0000
3399,.0000,.0000,.0000,.0000
3400,.0000,.0000,.0000,.0000
3401,.0000,.0000,.0000,.0000
3402,.0000,.0000,.0000,.0000
3403,.0000,.0000,.0000,.0000
3404,.0000,.0000,.0000,.0000
3405,.0000,.0000,.0000,.0000
3406,.0000,.0000,.0000,.0000
3407,.0000,.0000,.0000,.0000
3408,.0000,.0000,.0000,.0000
3409,.0000,.0000,.0000,.0000
3410,.0000,.0000,.0000,.0000
3411,.0000,.0000,.0000,.0000
3412,.0000,.0000,.0000,.0000
3413,.0000,.0000,.0000,.0000
3414,.0000,.0000,.0000,.0000
3415,.0000,.0000,.0000,.0000
3416,.0000,.0000,.0000,.0000
3417,.0000,.0000,.0000,.0000
3418,.0000,.0000,.0000,.0000
3419,.0000,.0000,.0000,.0000
3420,.0000,.0000,.0000,.0000
3421,.0000,.0000,.0000,.0000
3422,.0000,.0000,.0000,.0000
3423,.0000,.0000,.0000,.0000
3424,.0000,.0000,.0000,.0000
3425,.0000,.0000,.0000,.0000
3426,.0000,.0000,.0000,.0000
3427,.0000,.0000,.0000,.0000
3428,.0000,.0000,.0000,.0000
3429,.0000,.0000,.0000,.0000
3430,.0000,.0000,.0000,.0000
3431,.0000,.0000,.0000,.0000
3432,.0000,.0000,.0000,.0000
3433,.0000,.0000,.0000,.0000
3434,.0000,.0000,.0000,.0000
3435,.0000,.0000,.0000,.0000
3436,.0000,.0000,.0000,.0000
3437,.0000,.0000,.0000,.0000
3438,.0000,.0000,.0000,.0000
3439,.0000,.0000,.0000,.0000
3440,.0000,.0000,.0000,.0000
3441,.0000,.0000,.0000,.0000
3442,.0000,.0000,.0000,.0000
3443,.0000,.0000,.0000,.0000
3444,.0000,.0000,.0000,.0000
3445,.0000,.0000,.0000,.0000
3446,.0000,.0000,.0000,.0000
3447,.0000,.0000,.0000,.0000
3448,.0000,.0000,.0000,.0000
3449,.0000,.0000,.0000,.0000
3450,.0000,.0000,.0000,.0000
3451,.0000,.0000,.0000,.0000
3452,.0000,.0000,.0000,.0000
3453,.0000,.0000,.0000,.0000
3454,.0000,.0000,.0000,.0000
3455,.0000,.0000,.0000,.0000
3456,.0000,.0000,.0000,.0000
3457,.0000,.0000,.0000,.0000
3458,.0000,.0000,.0000,.0000
3459,.0000,.0000,.0000,.0000
3460,.0000,.0000,.0000,.0000
3461,.0000,.0000,.0000,.0000
3462,.0000,.0000,.0000,.0000
3463,.0000,.0000,.0000,.0000
3464,.0000,.0000,.0000,.0000
3465,.0000,.0000,.0000,.0000
3466,.0000,.0000,.0000,.0000
3467,.0000,.0000,.0000,.0000
3468,.0000,.0000,.0000,.0000
3469,.0000,.0000,.0000,.0000
3470,.0000,.0000,.0000,.0000
3471,.0000,.0000,.0000,.0000
3472,.0000,.0000,.0000,.0000
3473,.0000,.0000,.0000,.0000
3474,.0000,.0000,.0000,.0000
3475,.0000,.0000,.0000,.0000
3476,.0000,.0000,.0000,.0000
3477,.0086,.0553,.0293,.0372
3478,.0716,.2905,.1421,.1561
3479,.1717,.3729,.3378,.0151
3480,.2372,.1112,.5901,.0000
3481,.2197,.0914,.6380,.0019
3482,.0778,.2639,.6002,.0007
3483,.0586,.3172,.5491,.0207
3484,.0876,.4029,.4170,.0271
3485,.0108,.0407,.0625,.0316
3486,.0000,.0000,.0000,.0000
3487,.0000,.0000,.0000,.0000
3488,.0000,.0000,.0000,.0000
3489,.0000,.0000,.0000,.0000
3490,.0000,.0000,.0000,.0000
3491,.0000,.0000,.0000,.0000
3492,.0000,.0000,.0000,.0000
3493,.0000,.0000,.0000,.0000
3494,.0000,.0000,.0000,.0000
3495,.0000,.0000,.0000,.0000
3496,.0000,.0000,.0000,.0000
3497,.0000,.0000,.0000,.0000
3498,.0000,.0000,.0000,.0000
3499,.0000,.0000,.0000,.0000
3500,.0000,.0000,.0000,.0000
3501,.0000,.0000,.0000,.0000
3502,.0000,.0000,.0000,.0000
3503,.0000,.0000,.0000,.0000
3504,.0000,.0000,.0000,.0000
3505,.0000,.0000,.0000,.0000
3506,.0000,.0000,.0000,.0000
3507,.0000,.0000,.0000,.0000
3508,.0000,.0000,.0000,.0000
3509,.0000,.0000,.0000,.0000
3510,.0000,.0000,.0000,.0000
3511,.0000,.0000,.0000,.0000
3512,.0000,.0000,.0000,.0000
3513,.0000,.0000,.0000,.0000
3514,.0000,.0000,.0000,.0000
3515,.0000,.0000,.0000,.0000
3516,.0000,.0000,.0000,.0000
3517,.0000,.0000,.0000,.0000
3518,.0000,.0000,.0000,.0000
3519,.0000,.0000,.0000,.0000
3520,.0000,.0000,.0000,.0000
3521,.0000,.0000,.0000,.0000
3522,.0000,.0000,.0000,.0000
3523,.0000,.0000,.0000,.0000
3524,.0000,.0000,.0000,.0000
3525,.0000,.0000,.0000,.0000
3526,.0000,.0000,.0000,.0000
3527,.0000,.0000,.0000,.0000
3528,.0000,.0000,.0000,.0000
3529,.0000,.0000,.0000,.0000
3530,.0000,.0000,.0000,.0000
3531,.0000,.0000,.0000,.0000
3532,.0000,.0000,.0000,.0000
3533,.0000,.0000,.0000,.0000
3534,.0000,.0000,.0000,.0000
3535,.0000,.0000,.0000,.0000
3536,.0000,.0000,.0000,.0000
3537,.0000,.0000,.0000,.0000
3538,.0000,.0000,.0000,.0000
3539,.0000,.0000,.0000,.0000
3540,.0000,.0000,.0000,.0000
3541,.0000,.0000,.0000,.0000
3542,.0000,.0000,.0000,.0000
3543,.0000,.0000,.0000,.0000
3544,.0000,.0000,.0000,.0000
3545,.0000,.0000,.0000,.0000
3546,.0000,.0000,.0000,.0000
3547,.0000,.0000,.0000,.0000
3548,.0000,.0000,.0000,.0000
3549,.0000,.0000,.0000,.0000
3550,.0000,.0000,.0000,.0000
3551,.0000,.0000,.0000,.0000
3552,.0000,.0000,.0000,.0000
3553,.0000,.0000,.0000,.0000
3554,.0000,.0000,.0000,.0000
3555,.0000,.0000,.0000,.0000
3556,.0000,.0000,.0000,.0000
3557,.0000,.0000,.0000,.0000
3558,.0000,.0000,.0000,.0000
3559,.0000,.0000,.0000,.0000
3560,.0000,.0000,.0000,.0000
3561,.0000,.0000,.0000,.0000
3562,.0000,.0000,.0000,.0000
3563,.0000,.0000,.0000,.0000
3564,.0000,.0000,.0000,.0000
3565,.0000,.0000,.0000,.0000
3566,.0000,.0000,.0000,.0000
3567,.0000,.0000,.0000,.0000
3568,.0000,.0000,.0000,.0000
3569,.0000,.0000,.0000,.0000
3570,.0000,.0000,.0000,.0000
3571,.0000,.0000,.0000,.0000
3572,.0000,.0000,.0000,.0000
3573,.0000,.0000,.0000,.0000
3574,.0000,.0000,.0000,.0000
3575,.0000,.0000,.0000,.0000
3576,.0000,.0000,.0000,.0000
3577,.0000,.0000,.0000,.0000
3578,.0000,.0000,.0000,.0000
3579,.0000,.0000,.0000,.0000
3580,.0000,.0000,.0000,.0000
3581,.0000,.0000,.0000,.0000
3582,.0000,.0000,.0000,.0000
3583,.0000,.0000,.0000,.0000
3584,.0000,.0000,.0000,.0000
3585,.0000,.0000,.0000,.0000
3586,.0000,.0000,.0000,.0000
3587,.0000,.0000,.0000,.0000
3588,.0000,.0000,.0000,.0000
3589,.0000,.0000,.0000,.0000
3590,.0000,.0000,.0000,.0000
3591,.0000,.0000,.0000,.0000
3592,.0000,.0000,.0000,.0000
3593,.0000,.0000,.0000,.0000
3594,.0000,.0000,.0000,.0000
3595,.0000,.0000,.0000,.0000
3596,.0000,.0000,.0000,.0000
3597,.0000,.0000,.0000,.0000
3598,.0000,.0000,.0000,.0000
3599,.0000,.0000,.0000,.0000
3600,.0000,.0000,.0000,.0000
3601,.0000,.0000,.0000,.0000
3602,.0000,.0000,.0000,.0000
3603,.0000,.0000,.0000,.0000
3604,.0000,.0000,.0000,.0000
3605,.0000,.0000,.0000,.0000
3606,.0000,.0000,.0000,.0000
3607,.0000,.0000,.0000,.0000
3608,.0000,.0000,.0000,.0000
3609,.0000,.0019,.0000,.0070
3610,.1215,.3419,.2530,.0918
3611,.2103,.3241,.3989,.0047
3612,.2788,.2659,.3810,.0084
3613,.1658,.2336,.5442,.0042
3614,.1550,.2609,.5318,.0076
3615,.1255,.2718,.5572,.0000
3616,.0886,.3251,.4866,.0277
3617,.0298,.1600,.3195,.0891
3618,.0000,.0018,.0008,.0005
3619,.0000,.0000,.0000,.0000
3620,.0000,.0000,.0000,.0000
3621,.0000,.0000,.0000,.0000
3622,.0000,.0000,.0000,.0000
3623,.0000,.0000,.0000,.0000
3624,.0000,.0000,.0000,.0000
3625,.0000,.0000,.0000,.0000
3626,.0000,.0000,.0000,.0000
3627,.0000,.0000,.0000,.0000
3628,.0000,.0000,.0000,.0000
3629,.0000,.0000,.0000,.0000
3630,.0000,.0000,.0000,.0000
3631,.0000,.0000,.0000,.0000
3632,.0000,.0000,.0000,.0000
3633,.0000,.0000,.0000,.0000
3634,.0000,.0000,.0000,.0000
3635,.0000,.0000,.0000,.0000
3636,.0000,.0000,.0000,.0000
3637,.0000,.0000,.0000,.0000
3638,.0000,.0000,.0000,.0000
3639,.0000,.0000,.0000,.0000
3640,.0000,.0000,.0000,.0000
3641,.0000,.0000,.0000,.0000
3642,.0000,.0000,.0000,.0000
3643,.0000,.0000,.0000,.0000
3644,.0000,.0000,.0000,.0000
3645,.0000,.0000,.0000,.0000
3646,.0000,.0000,.0000,.0000
3647,.0000,.0000,.0000,.0000
3648,.0000,.0000,.0000,.0000
3649,.0000,.0000,.0000,.0000
3650,.0000,.0000,.0000,.0000
3651,.0000,.0000,.0000,.0000
3652,.0000,.0000,.0000,.0000
3653,.0000,.0000,.0000,.0000
3654,.0000,.0000,.0000,.0000
3655,.0000,.0000,.0000,.0000
3656,.0000,.0000,.0000,.0000
3657,.0000,.0000,.0000,.0000
3658,.0000,.0000,.0000,.0000
3659,.0000,.0000,.0000,.0000
3660,.0000,.0000,.0000,.0000
3661,.0000,.0000,.0000,.0000
3662,.0000,.0000,.0000,.0000
3663,.0000,.0000,.0000,.0000
3664,.0000,.0000,.0000,.0000
3665,.0000,.0000,.0000,.0000
3666,.0000,.0000,.0000,.0000
3667,.0000,.0000,.0000,.0000
3668,.0000,.0000,.0000,.0000
3669,.0000,.0000,.0000,.0000
3670,.0000,.0000,.0000,.0000
3671,.0000,.0000,.0000,.0000
3672,.0000,.0000,.0000,.0000
3673,.0000,.0000,.0000,.0000
3674,.0000,.0000,.0000,.0000
3675,.0000,.0000,.0000,.0000
3676,.0000,.0000,.0000,.0000
3677,.0000,.0000,.0000,.0000
3678,.0000,.0000,.0000,.0000
3679,.0000,.0000,.0000,.0000
3680,.0000,.0000,.0000,.0000
3681,.0000,.0000,.0000,.0000
3682,.0000,.0000,.0000,.0000
3683,.0000,.0000,.0000,.0000
3684,.0000,.0000,.0000,.0000
3685,.0000,.0000,.0000,.0000
3686,.0000,.0000,.0000,.0000
3687,.0000,.0000,.0000,.0000
3688,.0000,.0000,.0000,.0000
3689,.0000,.0000,.0000,.0000
3690,.0000,.0000,.0000,.0000
3691,.0000,.0000,.0000,.0000
3692,.0000,.0000,.0000,.0000
3693,.0000,.0000,.0000,.0000
3694,.0000,.0000,.0000,.0000
3695,.0000,.0000,.0000,.0000
3696,.0000,.0000,.0000,.0000
3697,.0000,.0000,.0000,.0000
3698,.0000,.0000,.0000,.0000
3699,.0000,.0000,.0000,.0000
3700,.0000,.0000,.0000,.0000
3701,.0000,.0000,.0000,.0000
3702,.0000,.0000,.0000,.0000
3703,.0000,.0000,.0000,.0000
3704,.0000,.0000,.0000,.0000
3705,.0000,.0000,.0000,.0000
3706,.0000,.0000,.0000,.0000
3707,.0000,.0000,.0000,.0000
3708,.0000,.0000,.0000,.0000
3709,.0000,.0000,.0000,.0000
3710,.0000,.0000,.0000,.0000
3711,.0000,.0000,.0000,.0000
3712,.0000,.0000,.0000,.0000
3713,.0000,.0000,.0000,.0000
3714,.0000,.0000,.0000,.0000
3715,.0000,.0000,.0000,.0000
3716,.0000,.0000,.0000,.0000
3717,.0000,.0000,.0000,.0000
3718,.0000,.0000,.0000,.0000
3719,.0000,.0000,.0000,.0000
3720,.0000,.0000,.0000,.0000
3721,.0000,.0000,.0000,.0000
3722,.0000,.0000,.0000,.0000
3723,.0000,.0000,.0000,.0000
3724,.0000,.0000,.0000,.0000
3725,.0000,.0000,.0000,.0000
3726,.0000,.0000,.0000,.0000
3727,.0000,.0000,.0000,.0000
3728,.0000,.0000,.0000,.0000
3729,.0000,.0000,.0000,.0000
3730,.0000,.0000,.0000,.0000
3731,.0000,.0000,.0000,.0000
3732,.0000,.0000,.0000,.0000
3733,.0000,.0000,.0000,.0000
3734,.0000,.0000,.0000,.0000
3735,.0000,.0000,.0000,.0000
3736,.0000,.0000,.0000,.0000
3737,.0000,.0000,.0000,.0000
3738,.0000,.0000,.0000,.0000
3739,.0000,.0000,.0000,.0000
3740,.0000,.0000,.0000,.0000
3741,.0000,.0000,.0000,.0000
3742,.0399,.1762,.1348,.0594
3743,.1305,.3897,.3806,.0148
3744,.2042,.2124,.4978,.0189
3745,.1892,.1782,.5221,.0434
3746,.1650,.1659,.6021,.0312
3747,.1848,.2302,.5274,.0239
3748,.0992,.3490,.4175,.0567
3749,.0216,.1906,.1647,.1711
3750,.0000,.0858,.1525,.1076
3751,.0000,.0000,.0000,.0000
3752,.0000,.0000,.0000,.0000
3753,.0000,.0000,.0000,.0000
3754,.0000,.0000,.0000,.0000
3755,.0000,.0000,.0000,.0000
3756,.0000,.0000,.0000,.0000
3757,.0000,.0000,.0000,.0000
3758,.0000,.0000,.0000,.0000
3759,.0000,.0000,.0000,.0000
3760,.0000,.0000,.0000,.0000
3761,.0000,.0000,.0000,.0000
3762,.0000,.0000,.0000,.0000
3763,.0000,.0000,.0000,.0000
3764,.0000,.0000,.0000,.0000
3765,.0000,.0000,.0000,.0000
3766,.0000,.0000,.0000,.0000
3767,.0000,.0000,.0000,.0000
3768,.0000,.0000,.0000,.0000
3769,.0000,.0000,.0000,.0000
3770,.0000,.0000,.0000,.0000
3771,.0000,.0000,.0000,.0000
3772,.0000,.0000,.0000,.0000
3773,.0000,.0000,.0000,.0000
3774,.0000,.0000,.0000,.0000
3775,.0000,.0000,.0000,.0000
3776,.0000,.0000,.0000,.0000
3777,.0000,.0000,.0000,.0000
3778,.0000,.0000,.0000,.0000
3779,.0000,.0000,.0000,.0000
3780,.0000,.0000,.0000,.0000
3781,.0000,.0000,.0000,.0000
3782,.0000,.0000,.0000,.0000
3783,.0000,.0000,.0000,.0000
3784,.0000,.0000,.0000,.0000
3785,.0000,.0000,.0000,.0000
3786,.0000,.0000,.0000,.0000
3787,.0000,.0000,.0000,.0000
3788,.0000,.0000,.0000,.0000
3789,.0000,.0000,.0000,.0000
3790,.0000,.0000,.0000,.0000
3791,.0000,.0000,.0000,.0000
3792,.0000,.0000,.0000,.0000
3793,.0000,.0000,.0000,.0000
3794,.0000,.0000,.0000,.0000
3795,.0000,.0000,.0000,.0000
3796,.0000,.0000,.0000,.0000
3797,.0000,.0000,.0000,.0000
3798,.0000,.0000,.0000,.0000
3799,.0000,.0000,.0000,.0000
3800,.0000,.0000,.0000,.0000
3801,.0000,.0000,.0000,.0000
3802,.0000,.0000,.0000,.0000
3803,.0000,.0000,.0000,.0000
3804,.0000,.0000,.0000,.0000
3805,.0000,.0000,.0000,.0000
3806,.0000,.0000,.0000,.0000
3807,.0000,.0000,.0000,.0000
3808,.0000,.0000,.0000,.0000
3809,.0000,.0000,.0000,.0000
3810,.0000,.0000,.0000,.0000
3811,.0000,.0000,.0000,.0000
3812,.0000,.0000,.0000,.0000
3813,.0000,.0000,.0000,.0000
3814,.0000,.0000,.0000,.0000
3815,.0000,.0000,.0000,.0000
3816,.0000,.0000,.0000,.0000
3817,.0000,.0000,.0000,.0000
3818,.0000,.0000,.0000,.0000
3819,.0000,.0000,.0000,.0000
3820,.0000,.0000,.0000,.0000
3821,.0000,.0000,.0000,.0000
3822,.0000,.0000,.0000,.0000
3823,.0000,.0000,.0000,.0000
3824,.0000,.0000,.0000,.0000
3825,.0000,.0000,.0000,.0000
3826,.0000,.0000,.0000,.0000
3827,.0000,.0000,.0000,.0000
3828,.0000,.0000,.0000,.0000
3829,.0000,.0000,.0000,.0000
3830,.0000,.0000,.0000,.0000
3831,.0000,.0000,.0000,.0000
3832,.0000,.0000,.0000,.0000
3833,.0000,.0000,.0000,.0000
3834,.0000,.0000,.0000,.0000
3835,.0000,.0000,.0000,.0000
3836,.0000,.0000,.0000,.0000
3837,.0000,.0000,.0000,.0000
3838,.0000,.0000,.0000,.0000
3839,.0000,.0000,.0000,.0000
3840,.0000,.0000,.0000,.0000
3841,.0000,.0000,.0000,.0000
3842,.0000,.0000,.0000,.0000
3843,.0000,.0000,.0000,.0000
3844,.0000,.0000,.0000,.0000
3845,.0000,.0000,.0000,.0000
3846,.0000,.0000,.0000,.0000
3847,.0000,.0000,.0000,.0000
3848,.0000,.0000,.0000,.0000
3849,.0000,.0000,.0000,.0000
3850,.0000,.0000,.0000,.0000
3851,.0000,.0000,.0000,.0000
3852,.0000,.0000,.0000,.0000
3853,.0000,.0000,.0000,.0000
3854,.0000,.0000,.0000,.0000
3855,.0000,.0000,.0000,.0000
3856,.0000,.0000,.0000,.0000
3857,.0000,.0000,.0000,.0000
3858,.0000,.0000,.0000,.0000
3859,.0000,.0000,.0000,.0000
3860,.0000,.0000,.0000,.0000
3861,.0000,.0000,.0000,.0000
3862,.0000,.0000,.0000,.0000
3863,.0000,.0000,.0000,.0000
3864,.0000,.0000,.0000,.0000
3865,.0000,.0000,.0000,.0000
3866,.0000,.0000,.0000,.0000
3867,.0000,.0000,.0000,.0000
3868,.0000,.0000,.0000,.0000
3869,.0000,.0000,.0000,.0000
3870,.0000,.0000,.0000,.0000
3871,.0000,.0000,.0000,.0000
3872,.0000,.0000,.0000,.0000
3873,.0000,.0000,.0000,.0000
3874,.0000,.0000,.0000,.0000
3875,.0405,.2074,.1244,.0858
3876,.1257,.4420,.2635,.0441
3877,.1723,.3325,.4023,.0163
3878,.0716,.4711,.3175,.0259
3879,.1680,.3551,.4448,.0000
3880,.1630,.3709,.4181,.0077
3881,.1133,.4902,.2391,.0540
3882,.0148,.0962,.0631,.1110
3883,.0000,.0020,.0041,.0202
3884,.0000,.0000,.0000,.0000
3885,.0000,.0000,.0000,.0000
3886,.0000,.0000,.0000,.0000
3887,.0000,.0000,.0000,.0000
3888,.0000,.0000,.0000,.0000
3889,.0000,.0000,.0000,.0000
3890,.0000,.0000,.0000,.0000
3891,.0000,.0000,.0000,.0000
3892,.0000,.0000,.0000,.0000
3893,.0000,.0000,.0000,.0000
3894,.0000,.0000,.0000,.0000
3895,.0000,.0000,.0000,.0000
3896,.0000,.0000,.0000,.0000
3897,.0000,.0000,.0000,.0000
3898,.0000,.0000,.0000,.0000
3899,.0000,.0000,.0000,.0000
3900,.0000,.0000,.0000,.0000
3901,.0000,.0000,.0000,.0000
3902,.0000,.0000,.0000,.0000
3903,.0000,.0000,.0000,.0000
3904,.0000,.0000,.0000,.0000
3905,.0000,.0000,.0000,.0000
3906,.0000,.0000,.0000,.0000
3907,.0000,.0000,.0000,.0000
3908,.0000,.0000,.0000,.0000
3909,.0000,.0000,.0000,.0000
3910,.0000,.0000,.0000,.0000
3911,.0000,.0000,.0000,.0000
3912,.0000,.0000,.0000,.0000
3913,.0000,.0000,.0000,.0000
3914,.0000,.0000,.0000,.0000
3915,.0000,.0000,.0000,.0000
3916,.0000,.0000,.0000,.0000
3917,.0000,.0000,.0000,.0000
3918,.0000,.0000,.0000,.0000
3919,.0000,.0000,.0000,.0000
3920,.0000,.0000,.0000,.0000
3921,.0000,.0000,.0000,.0000
3922,.0000,.0000,.0000,.0000
3923,.0000,.0000,.0000,.0000
3924,.0000,.0000,.0000,.0000
3925,.0000,.0000,.0000,.0000
3926,.0000,.0000,.0000,.0000
3927,.0000,.0000,.0000,.0000
3928,.0000,.0000,.0000,.0000
3929,.0000,.0000,.0000,.0000
3930,.0000,.0000,.0000,.0000
3931,.0000,.0000,.0000,.0000
3932,.0000,.0000,.0000,.0000
3933,.0000,.0000,.0000,.0000
3934,.0000,.0000,.0000,.0000
3935,.0000,.0000,.0000,.0000
3936,.0000,.0000,.0000,.0000
3937,.0000,.0000,.0000,.0000
3938,.0000,.0000,.0000,.0000
3939,.0000,.0000,.0000,.0000
3940,.0000,.0000,.0000,.0000
3941,.0000,.0000,.0000,.0000
3942,.0000,.0000,.0000,.0000
3943,.0000,.0000,.0000,.0000
3944,.0000,.0000,.0000,.0000
3945,.0000,.0000,.0000,.0000
3946,.0000,.0000,.0000,.0000
3947,.0000,.0000,.0000,.0000
3948,.0000,.0000,.0000,.0000
3949,.0000,.0000,.0000,.0000
3950,.0000,.0000,.0000,.0000
3951,.0000,.0000,.0000,.0000
3952,.0000,.0000,.0000,.0000
3953,.0000,.0000,.0000,.0000
3954,.0000,.0000,.0000,.0000
3955,.0000,.0000,.0000,.0000
3956,.0000,.0000,.0000,.0000
3957,.0000,.0000,.0000,.0000
3958,.0000,.0000,.0000,.0000
3959,.0000,.0000,.0000,.0000
3960,.0000,.0000,.0000,.0000
3961,.0000,.0000,.0000,.0000
3962,.0000,.0000,.0000,.0000
3963,.0000,.0000,.0000,.0000
3964,.0000,.0000,.0000,.0000
3965,.0000,.0000,.0000,.0000
3966,.0000,.0000,.0000,.0000
3967,.0000,.0000,.0000,.0000
3968,.0000,.0000,.0000,.0000
3969,.0000,.0000,.0000,.0000
3970,.0000,.0000,.0000,.0000
3971,.0000,.0000,.0000,.0000
3972,.0000,.0000,.0000,.0000
3973,.0000,.0000,.0000,.0000
3974,.0000,.0000,.0000,.0000
3975,.0000,.0000,.0000,.0000
3976,.0000,.0000,.0000,.0000
3977,.0000,.0000,.0000,.0000
3978,.0000,.0000,.0000,.0000
3979,.0000,.0000,.0000,.0000
3980,.0000,.0000,.0000,.0000
3981,.0000,.0000,.0000,.0000
3982,.0000,.0000,.0000,.0000
3983,.0000,.0000,.0000,.0000
3984,.0000,.0000,.0000,.0000
3985,.0000,.0000,.0000,.0000
3986,.0000,.0000,.0000,.0000
3987,.0000,.0000,.0000,.0000
3988,.0000,.0000,.0000,.0000
3989,.0000,.0000,.0000,.0000
3990,.0000,.0000,.0000,.0000
3991,.0000,.0000,.0000,.0000
3992,.0000,.0000,.0000,.0000
3993,.0000,.0000,.0000,.0000
3994,.0000,.0000,.0000,.0000
3995,.0000,.0000,.0000,.0000
3996,.0000,.0000,.0000,.0000
3997,.0000,.0000,.0000,.0000
3998,.0000,.0000,.0000,.0000
3999,.0000,.0000,.0000,.0000
4000,.0000,.0000,.0000,.0000
4001,.0000,.0000,.0000,.0000
4002,.0000,.0000,.0000,.0000
4003,.0000,.0000,.0000,.0000
4004,.0000,.0000,.0000,.0000
4005,.0000,.0000,.0000,.0000
4006,.0000,.0000,.0000,.0000
4007,.0002,.0000,.0114,.0140
4008,.0995,.2658,.2199,.0467
4009,.1767,.3211,.3970,.0255
4010,.1600,.3866,.3708,.0167
4011,.0470,.5061,.3357,.0012
4012,.0525,.5945,.2999,.0004
4013,.1409,.5390,.2520,.0157
4014,.1792,.4498,.2718,.0405
4015,.0149,.2692,.0521,.1126
4016,.0000,.0000,.0000,.0000
4017,.0000,.0000,.0000,.0000
4018,.0000,.0000,.0000,.0000
4019,.0000,.0000,.0000,.0000
4020,.0000,.0000,.0000,.0000
4021,.0000,.0000,.0000,.0000
4022,.0000,.0000,.0000,.0000
4023,.0000,.0000,.0000,.0000
4024,.0000,.0000,.0000,.0000
4025,.0000,.0000,.0000,.0000
4026,.0000,.0000,.0000,.0000
4027,.0000,.0000,.0000,.0000
4028,.0000,.0000,.0000,.0000
4029,.0000,.0000,.0000,.0000
4030,.0000,.0000,.0000,.0000
4031,.0000,.0000,.0000,.0000
4032,.0000,.0000,.0000,.0000
4033,.0000,.0000,.0000,.0000
4034,.0000,.0000,.0000,.0000
4035,.0000,.0000,.0000,.0000
4036,.0000,.0000,.0000,.0000
4037,.0000,.0000,.0000,.0000
4038,.0000,.0000,.0000,.0000
4039,.0000,.0000,.0000,.0000
4040,.0000,.0000,.0000,.0000
4041,.0000,.0000,.0000,.0000
4042,.0000,.0000,.0000,.0000
4043,.0000,.0000,.0000,.0000
4044,.0000,.0000,.0000,.0000
4045,.0000,.0000,.0000,.0000
4046,.0000,.0000,.0000,.0000
4047,.0000,.0000,.0000,.0000
4048,.0000,.0000,.0000,.0000
4049,.0000,.0000,.0000,.0000
4050,.0000,.0000,.0000,.0000
4051,.0000,.0000,.0000,.0000
4052,.0000,.0000,.0000,.0000
4053,.0000,.0000,.0000,.0000
4054,.0000,.0000,.0000,.0000
4055,.0000,.0000,.0000,.0000
4056,.0000,.0000,.0000,.0000
4057,.0000,.0000,.0000,.0000
4058,.0000,.0000,.0000,.0000
4059,.0000,.0000,.0000,.0000
4060,.0000,.0000,.0000,.0000
4061,.0000,.0000,.0000,.0000
4062,.0000,.0000,.0000,.0000
4063,.0000,.0000,.0000,.0000
4064,.0000,.0000,.0000,.0000
4065,.0000,.0000,.0000,.0000
4066,.0000,.0000,.0000,.0000
4067,.0000,.0000,.0000,.0000
4068,.0000,.0000,.0000,.0000
4069,.0000,.0000,.0000,.0000
4070,.0000,.0000,.0000,.0000
4071,.0000,.0000,.0000,.0000
4072,.0000,.0000,.0000,.0000
4073,.0000,.0000,.0000,.0000
4074,.0000,.0000,.0000,.0000
4075,.0000,.0000,.0000,.0000
4076,.0000,.0000,.0000,.0000
4077,.0000,.0000,.0000,.0000
4078,.0000,.0000,.0000,.0000
4079,.0000,.0000,.0000,.0000
4080,.0000,.0000,.0000,.0000
4081,.0000,.0000,.0000,.0000
4082,.0000,.0000,.0000,.0000
4083,.0000,.0000,.0000,.0000
4084,.0000,.0000,.0000,.0000
4085,.0000,.0000,.0000,.0000
4086,.0000,.0000,.0000,.0000
4087,.0000,.0000,.0000,.0000
4088,.0000,.0000,.0000,.0000
4089,.0000,.0000,.0066,.0035
4090,.0000,.0000,.0000,.0000
4091,.0000,.0000,.0000,.0000
4092,.0000,.0000,.0000,.0000
4093,.0000,.0000,.0000,.0000
4094,.0000,.0000,.0000,.0000
4095,.0000,.0000,.0000,.0000
4096,.0000,.0000,.0000,.0000
4097,.0000,.0000,.0000,.0000
4098,.0000,.0000,.0000,.0000
4099,.0000,.0000,.0000,.0000
4100,.0000,.0000,.0000,.0000
4101,.0000,.0000,.0000,.0000
4102,.0000,.0000,.0000,.0000
4103,.0000,.0000,.0000,.0000
4104,.0000,.0000,.0000,.0000
4105,.0000,.0000,.0000,.0000
4106,.0000,.0000,.0000,.0000
4107,.0000,.0000,.0000,.0000
4108,.0000,.0000,.0000,.0000
4109,.0000,.0000,.0000,.0000
4110,.0000,.0000,.0000,.0000
4111,.0000,.0000,.0000,.0000
4112,.0000,.0000,.0000,.0000
4113,.0000,.0000,.0000,.0000
4114,.0000,.0000,.0000,.0000
4115,.0000,.0000,.0000,.0000
4116,.0000,.0000,.0000,.0000
4117,.0000,.0000,.0000,.0000
4118,.0000,.0000,.0000,.0000
4119,.0000,.0000,.0000,.0000
4120,.0000,.0000,.0000,.0000
4121,.0000,.0000,.0000,.0000
4122,.0000,.0000,.0000,.0000
4123,.0000,.0000,.0000,.0000
4124,.0000,.0000,.0000,.0000
4125,.0000,.0000,.0000,.0000
4126,.0000,.0000,.0000,.0000
4127,.0000,.0000,.0000,.0000
4128,.0000,.0000,.0000,.0000
4129,.0000,.0000,.0000,.0000
4130,.0000,.0000,.0000,.0000
4131,.0000,.0000,.0000,.0000
4132,.0000,.0000,.0000,.0000
4133,.0000,.0000,.0000,.0000
4134,.0000,.0000,.0000,.0000
4135,.0000,.0000,.0000,.0000
4136,.0000,.0000,.0000,.0000
4137,.0000,.0000,.0000,.0000
4138,.0000,.0000,.0000,.0000
4139,.0000,.0000,.0000,.0000
4140,.0351,.2690,.1152,.0508
4141,.0572,.4939,.2321,.0808
4142,.1876,.3743,.3560,.0098
4143,.0939,.3604,.4089,.0140
4144,.0214,.6409,.2546,.0025
4145,.0135,.8196,.1023,.0223
4146,.0014,.0624,.0158,.0384
4147,.0035,.0085,.0010,.0132
4148,.0000,.0013,.0000,.0025
4149,.0000,.0000,.0000,.0000
4150,.0000,.0875,.0563,.0307
4151,.0000,.1360,.0462,.1011
4152,.0000,.0000,.0000,.0000
4153,.0000,.0000,.0000,.0000
4154,.0000,.0000,.0000,.0000
4155,.0000,.0000,.0000,.0000
4156,.0000,.0000,.0000,.0000
4157,.0000,.0000,.0000,.0000
4158,.0000,.0000,.0000,.0000
4159,.0000,.0000,.0000,.0000
4160,.0000,.0000,.0000,.0000
4161,.0000,.0000,.0000,.0000
4162,.0000,.0000,.0000,.0000
4163,.0000,.0000,.0000,.0000
4164,.0000,.0000,.0000,.0000
4165,.0000,.0000,.0000,.0000
4166,.0000,.0000,.0000,.0000
4167,.0000,.0000,.0000,.0000
4168,.0000,.0000,.0000,.0000
4169,.0000,.0000,.0000,.0000
4170,.0000,.0000,.0000,.0000
4171,.0000,.0000,.0000,.0000
4172,.0000,.0000,.0000,.0000
4173,.0000,.0000,.0000,.0000
4174,.0000,.0000,.0000,.0000
4175,.0000,.0000,.0000,.0000
4176,.0000,.0000,.0000,.0000
4177,.0000,.0000,.0000,.0000
4178,.0000,.0000,.0000,.0000
4179,.0000,.0000,.0000,.0000
4180,.0000,.0000,.0000,.0000
4181,.0000,.0000,.0000,.0000
4182,.0000,.0000,.0000,.0000
4183,.0000,.0000,.0000,.0000
4184,.0000,.0000,.0000,.0000
4185,.0000,.0000,.0000,.0000
4186,.0000,.0000,.0000,.0000
4187,.0000,.0000,.0000,.0000
4188,.0000,.0000,.0000,.0000
4189,.0000,.0000,.0000,.0000
4190,.0000,.0000,.0000,.0000
4191,.0000,.0000,.0000,.0000
4192,.0000,.0000,.0000,.0000
4193,.0000,.0000,.0000,.0000
4194,.0000,.0000,.0000,.0000
4195,.0000,.0000,.0000,.0000
4196,.0000,.0000,.0000,.0000
4197,.0000,.0000,.0000,.0000
4198,.0000,.0000,.0000,.0000
4199,.0000,.0000,.0000,.0000
4200,.0000,.0000,.0000,.0000
4201,.0000,.0000,.0000,.0000
4202,.0000,.0000,.0000,.0000
4203,.0000,.0000,.0000,.0000
4204,.0000,.0000,.0000,.0000
4205,.0000,.0000,.0000,.0000
4206,.0000,.0000,.0000,.0000
4207,.0000,.0000,.0000,.0000
4208,.0000,.0000,.0000,.0000
4209,.0000,.0000,.0000,.0000
4210,.0000,.0000,.0000,.0000
4211,.0000,.0000,.0000,.0000
4212,.0000,.0000,.0000,.0000
4213,.0000,.0000,.0000,.0000
4214,.0000,.0000,.0000,.0000
4215,.0000,.0000,.0000,.0000
4216,.0000,.0000,.0000,.0000
4217,.0000,.0000,.0000,.0000
4218,.0000,.0000,.0000,.0000
4219,.0000,.0000,.0000,.0000
4220,.0000,.0000,.0000,.0000
4221,.0000,.0000,.0000,.0000
4222,.0000,.0000,.0000,.0000
4223,.0000,.0000,.0000,.0000
4224,.0000,.0000,.0000,.0000
4225,.0000,.0000,.0000,.0000
4226,.0000,.0000,.0000,.0000
4227,.0000,.0000,.0000,.0000
4228,.0000,.0000,.0000,.0000
4229,.0000,.0000,.0000,.0000
4230,.0000,.0000,.0000,.0000
4231,.0000,.0000,.0000,.0000
4232,.0000,.0000,.0000,.0000
4233,.0000,.0000,.0000,.0000
4234,.0000,.0000,.0000,.0000
4235,.0000,.0000,.0000,.0000
4236,.0000,.0000,.0000,.0000
4237,.0000,.0000,.0000,.0000
4238,.0000,.0000,.0000,.0000
4239,.0000,.0000,.0000,.0000
4240,.0000,.0000,.0000,.0000
4241,.0000,.0000,.0000,.0000
4242,.0000,.0000,.0000,.0000
4243,.0000,.0000,.0000,.0000
4244,.0000,.0000,.0000,.0000
4245,.0000,.0000,.0000,.0000
4246,.0000,.0000,.0000,.0000
4247,.0000,.0000,.0000,.0000
4248,.0000,.0000,.0000,.0000
4249,.0000,.0000,.0000,.0000
4250,.0000,.0000,.0000,.0000
4251,.0000,.0000,.0000,.0000
4252,.0000,.0000,.0000,.0000
4253,.0000,.0000,.0000,.0000
4254,.0000,.0000,.0000,.0000
4255,.0000,.0000,.0000,.0000
4256,.0000,.0000,.0000,.0000
4257,.0000,.0000,.0000,.0000
4258,.0000,.0000,.0000,.0000
4259,.0000,.0000,.0000,.0000
4260,.0000,.0000,.0000,.0000
4261,.0000,.0000,.0000,.0000
4262,.0000,.0000,.0000,.0000
4263,.0000,.0000,.0000,.0000
4264,.0000,.0000,.0000,.0000
4265,.0000,.0000,.0000,.0000
4266,.0000,.0000,.0000,.0000
4267,.0000,.0000,.0000,.0092
4268,.0000,.0000,.0000,.0016
4269,.0000,.0000,.0000,.0000
4270,.0000,.0000,.0000,.0000
4271,.0000,.0000,.0000,.0000
4272,.0000,.0000,.0000,.0000
4273,.0580,.2857,.1620,.0290
4274,.1363,.4641,.3076,.0202
4275,.1846,.2544,.3339,.1113
4276,.0917,.3145,.4156,.0526
4277,.0842,.2589,.3686,.1096
4278,.0286,.7177,.1137,.0407
4279,.0001,.0262,.0115,.0489
4280,.0082,.1305,.0704,.0344
4281,.0007,.0024,.0387,.0250
4282,.0050,.0455,.0341,.0284
4283,.0057,.0891,.0724,.0558
4284,.0000,.0783,.0266,.0266
4285,.0000,.0000,.0000,.0000
4286,.0000,.0000,.0000,.0000
4287,.0000,.0000,.0000,.0000
4288,.0000,.0000,.0000,.0000
4289,.0000,.0000,.0000,.0000
4290,.0000,.0000,.0000,.0000
4291,.0000,.0000,.0000,.0000
4292,.0000,.0000,.0000,.0000
4293,.0000,.0000,.0000,.0000
4294,.0000,.0000,.0000,.0000
4295,.0000,.0000,.0000,.0000
4296,.0000,.0000,.0000,.0000
4297,.0000,.0000,.0000,.0000
4298,.0000,.0000,.0000,.0000
4299,.0000,.0000,.0000,.0000
4300,.0000,.0000,.0000,.0000
4301,.0000,.0000,.0000,.0000
4302,.0000,.0000,.0000,.0000
4303,.0000,.0000,.0000,.0000
4304,.0000,.0000,.0000,.0000
4305,.0000,.0000,.0000,.0000
4306,.0000,.0000,.0000,.0000
4307,.0000,.0000,.0000,.0000
4308,.0000,.0000,.0000,.0000
4309,.0000,.0000,.0000,.0000
4310,.0000,.0000,.0000,.0000
4311,.0000,.0000,.0000,.0000
4312,.0000,.0000,.0000,.0000
4313,.0000,.0000,.0000,.0000
4314,.0000,.0000,.0000,.0000
4315,.0000,.0000,.0000,.0000
4316,.0000,.0000,.0000,.0000
4317,.0000,.0000,.0000,.0000
4318,.0000,.0000,.0000,.0000
4319,.0000,.0000,.0000,.0000
4320,.0000,.0000,.0000,.0000
4321,.0000,.0000,.0000,.0000
4322,.0000,.0000,.0000,.0000
4323,.0000,.0000,.0000,.0000
4324,.0000,.0000,.0000,.0000
4325,.0000,.0000,.0000,.0000
4326,.0000,.0000,.0000,.0000
4327,.0000,.0000,.0000,.0000
4328,.0000,.0000,.0000,.0000
4329,.0000,.0000,.0000,.0000
4330,.0000,.0000,.0000,.0000
4331,.0000,.0000,.0000,.0000
4332,.0000,.0000,.0000,.0000
4333,.0000,.0000,.0000,.0000
4334,.0000,.0000,.0000,.0000
4335,.0000,.0000,.0000,.0000
4336,.0000,.0000,.0000,.0000
4337,.0000,.0000,.0000,.0000
4338,.0000,.0000,.0000,.0000
4339,.0000,.0000,.0000,.0000
4340,.0000,.0000,.0000,.0000
4341,.0000,.0000,.0000,.0000
4342,.0000,.0000,.0000,.0000
4343,.0000,.0000,.0000,.0000
4344,.0000,.0000,.0000,.0000
4345,.0000,.0000,.0000,.0000
4346,.0000,.0000,.0000,.0000
4347,.0000,.0000,.0000,.0000
4348,.0000,.0000,.0000,.0000
4349,.0000,.0000,.0000,.0000
4350,.0000,.0000,.0000,.0000
4351,.0000,.0000,.0000,.0000
4352,.0000,.0000,.0000,.0000
4353,.0000,.0000,.0000,.0000
4354,.0000,.0000,.0000,.0000
4355,.0000,.0000,.0000,.0000
4356,.0000,.0000,.0000,.0000
4357,.0000,.0000,.0000,.0000
4358,.0000,.0000,.0000,.0000
4359,.0000,.0000,.0000,.0000
4360,.0000,.0000,.0000,.0000
4361,.0000,.0000,.0000,.0000
4362,.0000,.0000,.0000,.0000
4363,.0000,.0000,.0000,.0000
4364,.0000,.0000,.0000,.0000
4365,.0000,.0000,.0000,.0000
4366,.0000,.0000,.0000,.0000
4367,.0000,.0000,.0000,.0000
4368,.0000,.0000,.0000,.0000
4369,.0000,.0000,.0000,.0000
4370,.0000,.0000,.0000,.0000
4371,.0000,.0000,.0000,.0000
4372,.0000,.0000,.0000,.0000
4373,.0000,.0000,.0000,.0000
4374,.0000,.0000,.0000,.0000
4375,.0000,.0000,.0000,.0000
4376,.0000,.0000,.0000,.0000
4377,.0000,.0000,.0000,.0000
4378,.0000,.0000,.0000,.0000
4379,.0000,.0000,.0000,.0000
4380,.0000,.0000,.0000,.0000
4381,.0000,.0000,.0000,.0000
4382,.0000,.0000,.0000,.0000
4383,.0000,.0000,.0000,.0000
4384,.0000,.0000,.0000,.0000
4385,.0000,.0000,.0000,.0000
4386,.0000,.0000,.0000,.0000
4387,.0000,.0000,.0000,.0000
4388,.0000,.0000,.0000,.0000
4389,.0000,.0000,.0000,.0000
4390,.0000,.0000,.0000,.0000
4391,.0000,.0000,.0000,.0000
4392,.0000,.0000,.0000,.0000
4393,.0000,.0000,.0000,.0000
4394,.0000,.0000,.0000,.0000
4395,.0000,.0000,.0000,.0000
4396,.0000,.0000,.0000,.0000
4397,.0000,.0000,.0000,.0000
4398,.0000,.0000,.0000,.0000
4399,.0000,.0354,.1107,.0345
4400,.0000,.0150,.0120,.0195
4401,.0000,.0000,.0000,.0000
4402,.0000,.0000,.0000,.0000
4403,.0000,.0000,.0000,.0000
4404,.0000,.0000,.0000,.0000
4405,.0000,.0000,.0000,.0000
4406,.0170,.1152,.0428,.0163
4407,.1306,.5001,.2574,.0245
4408,.0607,.6438,.2281,.0073
4409,.1316,.3920,.3111,.0494
4410,.0915,.4436,.3370,.0100
4411,.0901,.4984,.2686,.0216
4412,.0212,.2887,.1354,.0847
4413,.0100,.1727,.0260,.0127
4414,.0399,.5628,.1541,.0273
4415,.0194,.4336,.0809,.0208
4416,.0175,.1734,.0808,.0536
4417,.0000,.0000,.0000,.0000
4418,.0000,.0000,.0000,.0000
4419,.0000,.0000,.0000,.0000
4420,.0000,.0000,.0000,.0000
4421,.0000,.0000,.0000,.0000
4422,.0000,.0000,.0000,.0000
4423,.0000,.0000,.0000,.0000
4424,.0000,.0000,.0000,.0000
4425,.0000,.0000,.0000,.0000
4426,.0000,.0000,.0000,.0000
4427,.0000,.0000,.0000,.0000
4428,.0000,.0000,.0000,.0000
4429,.0000,.0000,.0000,.0000
4430,.0000,.0000,.0000,.0000
4431,.0000,.0000,.0000,.0000
4432,.0000,.0000,.0000,.0000
4433,.0000,.0000,.0000,.0000
4434,.0000,.0000,.0000,.0000
4435,.0000,.0000,.0000,.0000
4436,.0000,.0000,.0000,.0000
4437,.0000,.0000,.0000,.0000
4438,.0000,.0000,.0000,.0000
4439,.0000,.0000,.0000,.0000
4440,.0000,.0000,.0000,.0000
4441,.0000,.0000,.0000,.0000
4442,.0000,.0000,.0000,.0000
4443,.0000,.0000,.0000,.0000
4444,.0000,.0000,.0000,.0000
4445,.0000,.0000,.0000,.0000
4446,.0000,.0000,.0000,.0000
4447,.0000,.0000,.0000,.0000
4448,.0000,.0000,.0000,.0000
4449,.0000,.0000,.0000,.0000
4450,.0000,.0000,.0000,.0000
4451,.0000,.0000,.0000,.0000
4452,.0000,.0000,.0000,.0000
4453,.0000,.0000,.0000,.0000
4454,.0000,.0000,.0000,.0000
4455,.0000,.0000,.0000,.0000
4456,.0000,.0000,.0000,.0000
4457,.0000,.0000,.0000,.0000
4458,.0000,.0000,.0000,.0000
4459,.0000,.0000,.0000,.0000
4460,.0000,.0000,.0000,.0000
4461,.0000,.0000,.0000,.0000
4462,.0000,.0000,.0000,.0000
4463,.0000,.0000,.0000,.0000
4464,.0000,.0000,.0000,.0000
4465,.0000,.0000,.0000,.0000
4466,.0000,.0000,.0000,.0000
4467,.0000,.0000,.0000,.0000
4468,.0000,.0000,.0000,.0000
4469,.0000,.0000,.0000,.0000
4470,.0000,.0000,.0000,.0000
4471,.0000,.0000,.0000,.0000
4472,.0000,.0000,.0000,.0000
4473,.0000,.0000,.0000,.0000
4474,.0000,.0000,.0000,.0000
4475,.0000,.0000,.0000,.0000
4476,.0000,.0000,.0000,.0000
4477,.0000,.0000,.0000,.0000
4478,.0000,.0000,.0000,.0000
4479,.0000,.0000,.0000,.0000
4480,.0000,.0000,.0000,.0000
4481,.0000,.0000,.0000,.0000
4482,.0000,.0000,.0000,.0000
4483,.0000,.0000,.0000,.0000
4484,.0000,.0000,.0000,.0000
4485,.0000,.0000,.0000,.0000
4486,.0000,.0000,.0000,.0000
4487,.0000,.0000,.0000,.0000
4488,.0000,.0000,.0000,.0000
4489,.0000,.0000,.0000,.0000
4490,.0000,.0000,.0000,.0000
4491,.0000,.0000,.0000,.0000
4492,.0000,.0000,.0000,.0000
4493,.0000,.0000,.0000,.0000
4494,.0000,.0000,.0000,.0000
4495,.0000,.0000,.0000,.0000
4496,.0000,.0000,.0000,.0000
4497,.0000,.0000,.0000,.0000
4498,.0000,.0000,.0000,.0000
4499,.0000,.0000,.0000,.0000
4500,.0000,.0000,.0000,.0000
4501,.0000,.0000,.0000,.0000
4502,.0000,.0000,.0000,.0000
4503,.0000,.0000,.0000,.0000
4504,.0000,.0000,.0000,.0000
4505,.0000,.0000,.0000,.0000
4506,.0000,.0000,.0000,.0000
4507,.0000,.0000,.0000,.0000
4508,.0000,.0000,.0000,.0000
4509,.0000,.0000,.0000,.0000
4510,.0000,.0000,.0000,.0000
4511,.0000,.0000,.0000,.0000
4512,.0000,.0000,.0000,.0000
4513,.0000,.0000,.0000,.0000
4514,.0000,.0000,.0000,.0000
4515,.0000,.0000,.0000,.0000
4516,.0000,.0000,.0000,.0000
4517,.0000,.0000,.0000,.0000
4518,.0000,.0000,.0000,.0000
4519,.0000,.0000,.0000,.0000
4520,.0000,.0000,.0000,.0000
4521,.0000,.0000,.0000,.0000
4522,.0000,.0000,.0000,.0000
4523,.0000,.0000,.0000,.0000
4524,.0000,.0000,.0000,.0000
4525,.0000,.0000,.0000,.0000
4526,.0000,.0000,.0000,.0000
4527,.0000,.0000,.0000,.0000
4528,.0000,.0000,.0000,.0000
4529,.0000,.0000,.0000,.0000
4530,.0000,.0000,.0000,.0000
4531,.0000,.0000,.0000,.0000
4532,.0000,.0120,.0197,.0060
4533,.0000,.0057,.0091,.0090
4534,.0000,.0000,.0000,.0000
4535,.0000,.0000,.0000,.0000
4536,.0000,.0000,.0000,.0000
4537,.0000,.0000,.0000,.0000
4538,.0000,.0000,.0000,.0000
4539,.0230,.1801,.1080,.0080
4540,.1355,.4013,.3140,.0517
4541,.1028,.5717,.2465,.0040
4542,.0921,.5145,.3006,.0080
4543,.0654,.6324,.1905,.0004
4544,.0869,.5907,.2404,.0008
4545,.0537,.5956,.1962,.0723
4546,.0336,.4781,.1182,.0527
4547,.0064,.1770,.0306,.0462
4548,.0027,.0522,.0101,.0327
4549,.0086,.2636,.0632,.0803
4550,.0000,.0134,.0126,.0075
4551,.0000,.0000,.0000,.0000
4552,.0000,.0000,.0000,.0000
4553,.0000,.0000,.0000,.0000
4554,.0000,.0000,.0000,.0000
4555,.0000,.0000,.0000,.0000
4556,.0000,.0000,.0000,.0000
4557,.0000,.0000,.0000,.0000
4558,.0000,.0000,.0000,.0000
4559,.0000,.0000,.0000,.0000
4560,.0000,.0000,.0000,.0000
4561,.0000,.0000,.0000,.0000
4562,.0000,.0000,.0000,.0000
4563,.0000,.0000,.0000,.0000
4564,.0000,.0000,.0000,.0000
4565,.0000,.0000,.0000,.0000
4566,.0000,.0000,.0000,.0000
4567,.0000,.0000,.0000,.0000
4568,.0000,.0000,.0000,.0000
4569,.0000,.0000,.0000,.0000
4570,.0000,.0000,.0000,.0000
4571,.0000,.0000,.0000,.0000
4572,.0000,.0000,.0000,.0000
4573,.0000,.0000,.0000,.0000
4574,.0000,.0000,.0000,.0000
4575,.0000,.0000,.0000,.0000
4576,.0000,.0000,.0000,.0000
4577,.0000,.0000,.0000,.0000
4578,.0000,.0000,.0000,.0000
4579,.0000,.0000,.0000,.0000
4580,.0000,.0000,.0000,.0000
4581,.0000,.0000,.0000,.0000
4582,.0000,.0000,.0000,.0000
4583,.0000,.0000,.0000,.0000
4584,.0000,.0000,.0000,.0000
4585,.0000,.0000,.0000,.0000
4586,.0000,.0000,.0000,.0000
4587,.0000,.0000,.0000,.0000
4588,.0000,.0000,.0000,.0000
4589,.0000,.0000,.0000,.0000
4590,.0000,.0000,.0000,.0000
4591,.0000,.0000,.0000,.0000
4592,.0000,.0000,.0000,.0000
4593,.0000,.0000,.0000,.0000
4594,.0000,.0000,.0000,.0000
4595,.0000,.0000,.0000,.0000
4596,.0000,.0000,.0000,.0000
4597,.0000,.0000,.0000,.0000
4598,.0000,.0000,.0000,.0000
4599,.0000,.0000,.0000,.0000
4600,.0000,.0000,.0000,.0000
4601,.0000,.0000,.0000,.0000
4602,.0000,.0000,.0000,.0000
4603,.0000,.0000,.0000,.0000
4604,.0000,.0000,.0000,.0000
4605,.0000,.0000,.0000,.0000
4606,.0000,.0000,.0000,.0000
4607,.0000,.0000,.0000,.0000
4608,.0000,.0000,.0000,.0000
4609,.0000,.0000,.0000,.0000
4610,.0000,.0000,.0000,.0000
4611,.0000,.0000,.0000,.0000
4612,.0000,.0000,.0000,.0000
4613,.0000,.0000,.0000,.0000
4614,.0000,.0000,.0000,.0000
4615,.0000,.0000,.0000,.0000
4616,.0000,.0000,.0000,.0000
4617,.0000,.0000,.0000,.0000
4618,.0000,.0000,.0000,.0000
4619,.0000,.0000,.0000,.0000
4620,.0000,.0000,.0000,.0000
4621,.0000,.0000,.0000,.0000
4622,.0000,.0000,.0000,.0000
4623,.0000,.0000,.0000,.0000
4624,.0000,.0000,.0000,.0000
4625,.0000,.0000,.0000,.0000
4626,.0000,.0000,.0000,.0000
4627,.0000,.0000,.0000,.0000
4628,.0000,.0000,.0000,.0000
4629,.0000,.0000,.0000,.0000
4630,.0000,.0000,.0000,.0000
4631,.0000,.0000,.0000,.0000
4632,.0000,.0000,.0000,.0000
4633,.0000,.0000,.0000,.0000
4634,.0000,.0000,.0000,.0000
4635,.0000,.0000,.0000,.0000
4636,.0000,.0000,.0000,.0000
4637,.0000,.0000,.0000,.0000
4638,.0000,.0000,.0000,.0000
4639,.0000,.0000,.0000,.0000
4640,.0000,.0000,.0000,.0000
4641,.0000,.0000,.0000,.0000
4642,.0000,.0000,.0000,.0000
4643,.0000,.0000,.0000,.0000
4644,.0000,.0000,.0000,.0000
4645,.0000,.0000,.0000,.0000
4646,.0000,.0000,.0000,.0000
4647,.0000,.0000,.0000,.0000
4648,.0000,.0000,.0000,.0000
4649,.0000,.0000,.0000,.0000
4650,.0000,.0000,.0000,.0000
4651,.0000,.0000,.0000,.0000
4652,.0000,.0000,.0000,.0000
4653,.0000,.0000,.0000,.0000
4654,.0000,.0000,.0000,.0000
4655,.0000,.0000,.0000,.0000
4656,.0000,.0000,.0000,.0000
4657,.0000,.0000,.0000,.0000
4658,.0000,.0000,.0000,.0000
4659,.0000,.0000,.0000,.0000
4660,.0000,.0000,.0000,.0000
4661,.0000,.0000,.0000,.0000
4662,.0000,.0000,.0000,.0000
4663,.0000,.0000,.0000,.0000
4664,.0000,.0000,.0000,.0000
4665,.0000,.0000,.0000,.0000
4666,.0000,.0000,.0000,.0000
4667,.0000,.0000,.0000,.0000
4668,.0000,.0000,.0000,.0000
4669,.0000,.0000,.0000,.0000
4670,.0000,.0000,.0000,.0000
4671,.0000,.0000,.0000,.0000
4672,.0000,.0206,.0070,.0076
4673,.0429,.3337,.1612,.0499
4674,.0613,.6522,.2188,.0000
4675,.0492,.6419,.2335,.0000
4676,.0385,.6698,.2335,.0000
4677,.0590,.6627,.2273,.0013
4678,.0801,.5317,.3508,.0056
4679,.0771,.4579,.3646,.0036
4680,.0199,.5602,.1638,.0528
4681,.0095,.3408,.1047,.1139
4682,.0121,.4287,.0613,.0814
4683,.0014,.1102,.0199,.0355
4684,.0000,.0000,.0000,.0000
4685,.0000,.0000,.0000,.0000
4686,.0000,.0000,.0000,.0000
4687,.0000,.0000,.0000,.0000
4688,.0000,.0000,.0000,.0000
4689,.0000,.0000,.0000,.0000
4690,.0000,.0000,.0000,.0000
4691,.0000,.0000,.0000,.0000
4692,.0000,.0000,.0000,.0000
4693,.0000,.0000,.0000,.0000
4694,.0000,.0000,.0000,.0000
4695,.0000,.0000,.0000,.0000
4696,.0000,.0000,.0000,.0000
4697,.0000,.0000,.0000,.0000
4698,.0000,.0000,.0000,.0000
4699,.0000,.0000,.0000,.0000
4700,.0000,.0000,.0000,.0000
4701,.0000,.0000,.0000,.0000
4702,.0000,.0000,.0000,.0000
4703,.0000,.0000,.0000,.0000
4704,.0000,.0000,.0000,.0000
4705,.0000,.0000,.0000,.0000
4706,.0000,.0000,.0000,.0000
4707,.0000,.0000,.0000,.0000
4708,.0000,.0000,.0000,.0000
4709,.0000,.0000,.0000,.0000
4710,.0000,.0000,.0000,.0000
4711,.0000,.0000,.0000,.0000
4712,.0000,.0000,.0000,.0000
4713,.0000,.0000,.0000,.0000
4714,.0000,.0000,.0000,.0000
4715,.0000,.0000,.0000,.0000
4716,.0000,.0000,.0000,.0000
4717,.0000,.0000,.0000,.0000
4718,.0000,.0000,.0000,.0000
4719,.0000,.0000,.0000,.0000
4720,.0000,.0000,.0000,.0000
4721,.0000,.0000,.0000,.0000
4722,.0000,.0000,.0000,.0000
4723,.0000,.0000,.0000,.0000
4724,.0000,.0000,.0000,.0000
4725,.0000,.0000,.0000,.0000
4726,.0000,.0000,.0000,.0000
4727,.0000,.0000,.0000,.0000
4728,.0000,.0000,.0000,.0000
4729,.0000,.0000,.0000,.0000
4730,.0000,.0000,.0000,.0000
4731,.0000,.0000,.0000,.0000
4732,.0000,.0000,.0000,.0000
4733,.0000,.0000,.0000,.0000
4734,.0000,.0000,.0000,.0000
4735,.0000,.0000,.0000,.0000
4736,.0000,.0000,.0000,.0000
4737,.0000,.0000,.0000,.0000
4738,.0000,.0000,.0000,.0000
4739,.0000,.0000,.0000,.0000
4740,.0000,.0000,.0000,.0000
4741,.0000,.0000,.0000,.0000
4742,.0000,.0000,.0000,.0000
4743,.0000,.0000,.0000,.0000
4744,.0000,.0000,.0000,.0000
4745,.0000,.0000,.0000,.0000
4746,.0000,.0000,.0000,.0000
4747,.0000,.0000,.0000,.0000
4748,.0000,.0000,.0000,.0000
4749,.0000,.0000,.0000,.0000
4750,.0000,.0000,.0000,.0000
4751,.0000,.0000,.0000,.0000
4752,.0000,.0000,.0000,.0000
4753,.0000,.0000,.0000,.0000
4754,.0000,.0000,.0000,.0000
4755,.0000,.0000,.0000,.0000
4756,.0000,.0000,.0000,.0000
4757,.0000,.0000,.0000,.0000
4758,.0000,.0000,.0000,.0000
4759,.0000,.0000,.0000,.0000
4760,.0000,.0000,.0000,.0000
4761,.0000,.0000,.0000,.0000
4762,.0000,.0000,.0000,.0000
4763,.0000,.0000,.0000,.0000
4764,.0000,.0000,.0000,.0000
4765,.0000,.0000,.0000,.0000
4766,.0000,.0000,.0000,.0000
4767,.0000,.0000,.0000,.0000
4768,.0000,.0000,.0000,.0000
4769,.0000,.0000,.0000,.0000
4770,.0000,.0000,.0000,.0000
4771,.0000,.0000,.0000,.0000
4772,.0000,.0000,.0000,.0000
4773,.0000,.0000,.0000,.0000
4774,.0000,.0000,.0000,.0000
4775,.0000,.0000,.0000,.0000
4776,.0000,.0000,.0000,.0000
4777,.0000,.0000,.0000,.0000
4778,.0000,.0000,.0000,.0000
4779,.0000,.0000,.0000,.0000
4780,.0000,.0000,.0000,.0000
4781,.0000,.0000,.0000,.0000
4782,.0000,.0000,.0000,.0000
4783,.0000,.0000,.0000,.0000
4784,.0000,.0000,.0000,.0000
4785,.0000,.0000,.0000,.0000
4786,.0000,.0000,.0000,.0000
4787,.0000,.0000,.0000,.0000
4788,.0000,.0000,.0000,.0000
4789,.0000,.0000,.0000,.0000
4790,.0000,.0000,.0000,.0000
4791,.0000,.0000,.0000,.0000
4792,.0000,.0000,.0000,.0000
4793,.0000,.0000,.0000,.0000
4794,.0000,.0000,.0000,.0000
4795,.0000,.0000,.0000,.0000
4796,.0000,.0000,.0000,.0000
4797,.0000,.0000,.0000,.0000
4798,.0000,.0000,.0000,.0000
4799,.0000,.0000,.0000,.0000
4800,.0000,.0000,.0000,.0000
4801,.0000,.0000,.0000,.0000
4802,.0000,.0000,.0000,.0000
4803,.0000,.0000,.0000,.0000
4804,.0000,.0000,.0000,.0000
4805,.0000,.0000,.0000,.0000
4806,.0081,.2524,.0378,.0099
4807,.0510,.6936,.1733,.0079
4808,.0459,.7757,.1103,.0000
4809,.0409,.5826,.3055,.0094
4810,.0954,.6191,.2574,.0073
4811,.1369,.5852,.2409,.0037
4812,.0712,.5542,.2511,.0163
4813,.0131,.4315,.1126,.1553
4814,.0107,.3362,.0649,.1521
4815,.0407,.6781,.1524,.0135
4816,.0116,.4225,.1276,.1231
4817,.0049,.0150,.0087,.0337
4818,.0000,.0000,.0000,.0000
4819,.0000,.0000,.0000,.0000
4820,.0000,.0000,.0000,.0000
4821,.0000,.0000,.0000,.0000
4822,.0000,.0000,.0000,.0000
4823,.0000,.0000,.0000,.0000
4824,.0000,.0000,.0000,.0000
4825,.0000,.0000,.0000,.0000
4826,.0000,.0000,.0000,.0000
4827,.0000,.0000,.0000,.0000
4828,.0000,.0000,.0000,.0000
4829,.0000,.0000,.0000,.0000
4830,.0000,.0000,.0000,.0000
4831,.0000,.0000,.0000,.0000
4832,.0000,.0000,.0000,.0000
4833,.0000,.0000,.0000,.0000
4834,.0000,.0000,.0000,.0000
4835,.0000,.0000,.0000,.0000
4836,.0000,.0000,.0000,.0000
4837,.0000,.0000,.0000,.0000
4838,.0000,.0000,.0000,.0000
4839,.0000,.0000,.0000,.0000
4840,.0000,.0000,.0000,.0000
4841,.0000,.0000,.0000,.0000
4842,.0000,.0000,.0000,.0000
4843,.0000,.0000,.0000,.0000
4844,.0000,.0000,.0000,.0000
4845,.0000,.0000,.0000,.0000
4846,.0000,.0000,.0000,.0000
4847,.0000,.0000,.0000,.0000
4848,.0000,.0000,.0000,.0000
4849,.0000,.0000,.0000,.0000
4850,.0000,.0000,.0000,.0000
4851,.0000,.0000,.0000,.0000
4852,.0000,.0000,.0000,.0000
4853,.0000,.0000,.0000,.0000
4854,.0000,.0000,.0000,.0000
4855,.0000,.0000,.0000,.0000
4856,.0000,.0000,.0000,.0000
4857,.0000,.0000,.0000,.0000
4858,.0000,.0000,.0000,.0000
4859,.0000,.0000,.0000,.0000
4860,.0000,.0000,.0000,.0000
4861,.0000,.0000,.0000,.0000
4862,.0000,.0000,.0000,.0000
4863,.0000,.0000,.0000,.0000
4864,.0000,.0000,.0000,.0000
4865,.0000,.0000,.0000,.0000
4866,.0000,.0000,.0000,.0000
4867,.0000,.0000,.0000,.0000
4868,.0000,.0000,.0000,.0000
4869,.0000,.0000,.0000,.0000
4870,.0000,.0000,.0000,.0000
4871,.0000,.0000,.0000,.0000
4872,.0000,.0000,.0000,.0000
4873,.0000,.0000,.0000,.0000
4874,.0000,.0000,.0000,.0000
4875,.0000,.0000,.0000,.0000
4876,.0000,.0000,.0000,.0000
4877,.0000,.0000,.0000,.0000
4878,.0000,.0000,.0000,.0000
4879,.0000,.0000,.0000,.0000
4880,.0000,.0000,.0000,.0000
4881,.0000,.0000,.0000,.0000
4882,.0000,.0000,.0000,.0000
4883,.0000,.0000,.0000,.0000
4884,.0000,.0000,.0000,.0000
4885,.0000,.0000,.0000,.0000
4886,.0000,.0000,.0000,.0000
4887,.0000,.0000,.0000,.0000
4888,.0000,.0000,.0000,.0000
4889,.0000,.0000,.0000,.0000
4890,.0000,.0000,.0000,.0000
4891,.0000,.0000,.0000,.0000
4892,.0000,.0000,.0000,.0000
4893,.0000,.0000,.0000,.0000
4894,.0000,.0000,.0000,.0000
4895,.0000,.0000,.0000,.0000
4896,.0000,.0000,.0000,.0000
4897,.0000,.0000,.0000,.0000
4898,.0000,.0000,.0000,.0000
4899,.0000,.0000,.0000,.0000
4900,.0000,.0000,.0000,.0000
4901,.0000,.0000,.0000,.0000
4902,.0000,.0000,.0000,.0000
4903,.0000,.0000,.0000,.0000
4904,.0000,.0000,.0000,.0000
4905,.0000,.0000,.0000,.0000
4906,.0000,.0000,.0000,.0000
4907,.0000,.0000,.0000,.0000
4908,.0000,.0000,.0000,.0000
4909,.0000,.0000,.0000,.0000
4910,.0000,.0000,.0000,.0000
4911,.0000,.0000,.0000,.0000
4912,.0000,.0000,.0000,.0000
4913,.0000,.0000,.0000,.0000
4914,.0000,.0000,.0000,.0000
4915,.0000,.0000,.0000,.0000
4916,.0000,.0000,.0000,.0000
4917,.0000,.0000,.0000,.0000
4918,.0000,.0000,.0000,.0000
4919,.0000,.0000,.0000,.0000
4920,.0000,.0000,.0000,.0000
4921,.0000,.0000,.0000,.0000
4922,.0000,.0000,.0000,.0000
4923,.0000,.0000,.0000,.0000
4924,.0000,.0000,.0000,.0000
4925,.0000,.0000,.0000,.0000
4926,.0000,.0000,.0000,.0000
4927,.0000,.0000,.0000,.0000
4928,.0000,.0000,.0000,.0000
4929,.0000,.0000,.0000,.0000
4930,.0000,.0000,.0000,.0000
4931,.0000,.0000,.0000,.0000
4932,.0000,.0000,.0000,.0000
4933,.0000,.0000,.0000,.0000
4934,.0000,.0000,.0000,.0000
4935,.0000,.0000,.0000,.0000
4936,.0000,.0000,.0000,.0000
4937,.0000,.0000,.0000,.0000
4938,.0000,.0000,.0000,.0000
4939,.0005,.0941,.0173,.0173
4940,.0138,.3691,.0728,.0100
4941,.0299,.6315,.1515,.0071
4942,.0513,.5937,.2775,.0091
4943,.0435,.6292,.2589,.0015
4944,.0990,.3900,.4425,.0137
4945,.0497,.5768,.2651,.0049
4946,.0261,.5512,.2093,.0574
4947,.0231,.4391,.1433,.1631
4948,.0489,.4616,.3188,.0455
4949,.0131,.6351,.1852,.0670
4950,.0183,.3678,.1614,.0634
4951,.0068,.0575,.0195,.0261
4952,.0108,.0674,.0631,.0016
4953,.0000,.0000,.0000,.0000
4954,.0000,.0000,.0000,.0000
4955,.0000,.0000,.0000,.0000
4956,.0000,.0000,.0000,.0000
4957,.0000,.0000,.0000,.0000
4958,.0000,.0000,.0000,.0000
4959,.0000,.0000,.0000,.0000
4960,.0000,.0000,.0000,.0000
4961,.0000,.0000,.0000,.0000
4962,.0000,.0000,.0000,.0000
4963,.0000,.0000,.0000,.0000
4964,.0000,.0000,.0000,.0000
4965,.0000,.0000,.0000,.0000
4966,.0000,.0000,.0000,.0000
4967,.0000,.0000,.0000,.0000
4968,.0000,.0000,.0000,.0000
4969,.0000,.0000,.0000,.0000
4970,.0000,.0000,.0000,.0000
4971,.0000,.0000,.0000,.0000
4972,.0000,.0000,.0000,.0000
4973,.0000,.0000,.0000,.0000
4974,.0000,.0000,.0000,.0000
4975,.0000,.0000,.0000,.0000
4976,.0000,.0000,.0000,.0000
4977,.0000,.0000,.0000,.0000
4978,.0000,.0000,.0000,.0000
4979,.0000,.0000,.0000,.0000
4980,.0000,.0000,.0000,.0000
4981,.0000,.0000,.0000,.0000
4982,.0000,.0000,.0000,.0000
4983,.0000,.0000,.0000,.0000
4984,.0000,.0000,.0000,.0000
4985,.0000,.0000,.0000,.0000
4986,.0000,.0000,.0000,.0000
4987,.0000,.0000,.0000,.0000
4988,.0000,.0000,.0000,.0000
4989,.0000,.0000,.0000,.0000
4990,.0000,.0000,.0000,.0000
4991,.0000,.0000,.0000,.0000
4992,.0000,.0000,.0000,.0000
4993,.0000,.0000,.0000,.0000
4994,.0000,.0000,.0000,.0000
4995,.0000,.0000,.0000,.0000
4996,.0000,.0000,.0000,.0000
4997,.0000,.0000,.0000,.0000
4998,.0000,.0000,.0000,.0000
4999,.0000,.0000,.0000,.0000
5000,.0000,.0000,.0000,.0000
5001,.0000,.0000,.0000,.0000
5002,.0000,.0000,.0000,.0000
5003,.0000,.0000,.0000,.0000
5004,.0000,.0000,.0000,.0000
5005,.0000,.0000,.0000,.0000
5006,.0000,.0000,.0000,.0000
5007,.0000,.0000,.0000,.0000
5008,.0000,.0000,.0000,.0000
5009,.0000,.0000,.0000,.0000
5010,.0000,.0000,.0000,.0000
5011,.0000,.0000,.0000,.0000
5012,.0000,.0000,.0000,.0000
5013,.0000,.0000,.0000,.0000
5014,.0000,.0000,.0000,.0000
5015,.0000,.0000,.0000,.0000
5016,.0000,.0000,.0000,.0000
5017,.0000,.0000,.0000,.0000
5018,.0000,.0000,.0000,.0000
5019,.0000,.0000,.0000,.0000
5020,.0000,.0000,.0000,.0000
5021,.0000,.0000,.0000,.0000
5022,.0000,.0000,.0000,.0000
5023,.0000,.0000,.0000,.0000
5024,.0000,.0000,.0000,.0000
5025,.0000,.0000,.0000,.0000
5026,.0000,.0000,.0000,.0000
5027,.0000,.0000,.0000,.0000
5028,.0000,.0000,.0000,.0000
5029,.0000,.0000,.0000,.0000
5030,.0000,.0000,.0000,.0000
5031,.0000,.0000,.0000,.0000
5032,.0000,.0000,.0000,.0000
5033,.0000,.0000,.0000,.0000
5034,.0000,.0000,.0000,.0000
5035,.0000,.0000,.0000,.0000
5036,.0000,.0000,.0000,.0000
5037,.0000,.0000,.0000,.0000
5038,.0000,.0000,.0000,.0000
5039,.0000,.0000,.0000,.0000
5040,.0000,.0000,.0000,.0000
5041,.0000,.0000,.0000,.0000
5042,.0000,.0000,.0000,.0000
5043,.0000,.0000,.0000,.0000
5044,.0000,.0000,.0000,.0000
5045,.0000,.0000,.0000,.0000
5046,.0000,.0000,.0000,.0000
5047,.0000,.0000,.0000,.0000
5048,.0000,.0000,.0000,.0000
5049,.0000,.0000,.0000,.0000
5050,.0000,.0000,.0000,.0000
5051,.0000,.0000,.0000,.0000
5052,.0000,.0000,.0000,.0000
5053,.0000,.0000,.0000,.0000
5054,.0000,.0000,.0000,.0000
5055,.0000,.0000,.0000,.0000
5056,.0000,.0000,.0000,.0000
5057,.0000,.0000,.0000,.0000
5058,.0000,.0000,.0000,.0000
5059,.0000,.0000,.0000,.0000
5060,.0000,.0000,.0000,.0000
5061,.0000,.0000,.0000,.0000
5062,.0000,.0000,.0000,.0000
5063,.0000,.0000,.0000,.0000
5064,.0027,.0573,.0225,.0486
5065,.0127,.3134,.0612,.0628
5066,.0028,.1054,.0249,.0470
5067,.0005,.0437,.0125,.0191
5068,.0002,.0332,.0426,.0087
5069,.0000,.0000,.0000,.0000
5070,.0000,.0000,.0000,.0000
5071,.0000,.0000,.0000,.0000
5072,.0000,.0021,.0046,.0086
5073,.0010,.0255,.0211,.0359
5074,.0072,.4121,.1305,.0747
5075,.0249,.6789,.2318,.0047
5076,.0304,.6153,.2766,.0000
5077,.0407,.5989,.2788,.0006
5078,.0432,.5374,.2910,.0124
5079,.0524,.2969,.4615,.0846
5080,.0643,.4660,.3080,.0468
5081,.0449,.4723,.3354,.0404
5082,.0481,.3609,.4576,.0291
5083,.0249,.6010,.2278,.0285
5084,.0167,.5225,.0786,.1667
5085,.0472,.5052,.2551,.0305
5086,.0376,.4468,.1582,.0469
5087,.0022,.1440,.0504,.0456
5088,.0050,.0973,.0516,.0639
5089,.0006,.0384,.0125,.0237
5090,.0084,.1561,.0199,.0582
5091,.0000,.0014,.0001,.0052
5092,.0000,.0000,.0000,.0000
5093,.0000,.0000,.0000,.0000
5094,.0000,.0000,.0000,.0000
5095,.0000,.0000,.0000,.0000
5096,.0000,.0000,.0000,.0000
5097,.0000,.0000,.0000,.0000
5098,.0000,.0000,.0000,.0000
5099,.0000,.0000,.0000,.0000
5100,.0000,.0000,.0000,.0000
5101,.0000,.0000,.0000,.0000
5102,.0000,.0000,.0000,.0000
5103,.0000,.0000,.0000,.0000
5104,.0000,.0000,.0000,.0000
5105,.0000,.0000,.0000,.0000
5106,.0000,.0000,.0000,.0000
5107,.0000,.0000,.0000,.0000
5108,.0000,.0000,.0000,.0000
5109,.0000,.0000,.0000,.0000
5110,.0000,.0000,.0000,.0000
5111,.0000,.0000,.0000,.0000
5112,.0000,.0000,.0000,.0000
5113,.0000,.0000,.0000,.0000
5114,.0000,.0000,.0000,.0000
5115,.0000,.0000,.0000,.0000
5116,.0000,.0000,.0000,.0000
5117,.0000,.0000,.0000,.0000
5118,.0000,.0000,.0000,.0000
5119,.0000,.0000,.0000,.0000
5120,.0000,.0000,.0000,.0000
5121,.0000,.0000,.0000,.0000
5122,.0000,.0000,.0000,.0000
5123,.0000,.0000,.0000,.0000
5124,.0000,.0000,.0000,.0000
5125,.0000,.0000,.0000,.0000
5126,.0000,.0000,.0000,.0000
5127,.0000,.0000,.0000,.0000
5128,.0000,.0000,.0000,.0000
5129,.0000,.0000,.0000,.0000
5130,.0000,.0000,.0000,.0000
5131,.0000,.0000,.0000,.0000
5132,.0000,.0000,.0000,.0000
5133,.0000,.0000,.0000,.0000
5134,.0000,.0000,.0000,.0000
5135,.0000,.0000,.0000,.0000
5136,.0000,.0000,.0000,.0000
5137,.0000,.0000,.0000,.0000
5138,.0000,.0000,.0000,.0000
5139,.0000,.0000,.0000,.0000
5140,.0000,.0000,.0000,.0000
5141,.0000,.0000,.0000,.0000
5142,.0000,.0000,.0000,.0000
5143,.0000,.0000,.0000,.0000
5144,.0000,.0000,.0000,.0000
5145,.0000,.0000,.0000,.0000
5146,.0000,.0000,.0000,.0000
5147,.0000,.0000,.0000,.0000
5148,.0000,.0000,.0000,.0000
5149,.0000,.0000,.0000,.0000
5150,.0000,.0000,.0000,.0000
5151,.0000,.0000,.0000,.0000
5152,.0000,.0000,.0000,.0000
5153,.0000,.0000,.0000,.0000
5154,.0000,.0000,.0000,.0000
5155,.0000,.0000,.0000,.0000
5156,.0000,.0000,.0000,.0000
5157,.0000,.0000,.0000,.0000
5158,.0000,.0000,.0000,.0000
5159,.0000,.0000,.0000,.0000
5160,.0000,.0000,.0000,.0000
5161,.0000,.0000,.0000,.0000
5162,.0000,.0000,.0000,.0000
5163,.0000,.0000,.0000,.0000
5164,.0000,.0000,.0000,.0000
5165,.0000,.0000,.0000,.0000
5166,.0000,.0000,.0000,.0000
5167,.0000,.0000,.0000,.0000
5168,.0000,.0000,.0000,.0000
5169,.0000,.0000,.0000,.0000
5170,.0000,.0000,.0000,.0000
5171,.0000,.0000,.0000,.0000
5172,.0000,.0000,.0000,.0000
5173,.0000,.0000,.0000,.0000
5174,.0000,.0000,.0000,.0000
5175,.0000,.0000,.0000,.0000
5176,.0000,.0000,.0000,.0000
5177,.0000,.0000,.0000,.0000
5178,.0000,.0000,.0000,.0000
5179,.0000,.0000,.0000,.0000
5180,.0000,.0000,.0000,.0000
5181,.0000,.0000,.0000,.0000
5182,.0000,.0000,.0000,.0000
5183,.0000,.0000,.0000,.0000
5184,.0000,.0000,.0000,.0000
5185,.0000,.0000,.0000,.0000
5186,.0000,.0000,.0000,.0000
5187,.0000,.0000,.0000,.0000
5188,.0000,.0000,.0000,.0000
5189,.0000,.0000,.0000,.0000
5190,.0000,.0000,.0000,.0000
5191,.0000,.0000,.0000,.0000
5192,.0000,.0000,.0000,.0000
5193,.0000,.0000,.0000,.0000
5194,.0000,.0000,.0000,.0000
5195,.0000,.0000,.0000,.0000
5196,.0000,.0000,.0000,.0000
5197,.0020,.0342,.0206,.0530
5198,.0173,.3652,.0934,.0387
5199,.0305,.7072,.1090,.0312
5200,.0362,.6986,.1288,.0262
5201,.0331,.7126,.1444,.0167
5202,.0175,.4389,.1065,.0902
5203,.0008,.0244,.0172,.0094
5204,.0370,.1771,.1170,.0180
5205,.0742,.2702,.1095,.1230
5206,.0427,.4542,.2798,.0560
5207,.0742,.4745,.2158,.1266
5208,.0371,.5702,.2706,.0086
5209,.0336,.5878,.2804,.0000
5210,.0430,.4822,.3631,.0117
5211,.0359,.5115,.3597,.0000
5212,.0743,.3406,.4921,.0057
5213,.0791,.4195,.3710,.0285
5214,.0504,.4378,.3955,.0203
5215,.0535,.4245,.3666,.0194
5216,.0219,.6823,.1702,.0002
5217,.0293,.5124,.2522,.0679
5218,.0214,.7691,.0904,.0108
5219,.0344,.5392,.2023,.0525
5220,.0117,.4163,.0830,.0882
5221,.0281,.4910,.3298,.0193
5222,.0282,.4715,.2052,.0721
5223,.0343,.6377,.1765,.0208
5224,.0074,.3354,.0699,.1175
5225,.0295,.1934,.1342,.0837
5226,.0345,.2799,.0772,.1153
5227,.0657,.0861,.1185,.0580
5228,.0000,.0000,.0000,.0000
5229,.0054,.0083,.0097,.0378
5230,.0000,.0000,.0000,.0005
5231,.0000,.0000,.0000,.0000
5232,.0000,.0000,.0000,.0000
5233,.0000,.0000,.0060,.0016
5234,.0000,.0000,.0000,.0000
5235,.0000,.0000,.0000,.0000
5236,.0000,.0000,.0000,.0000
5237,.0000,.0000,.0000,.0000
5238,.0000,.0000,.0000,.0000
5239,.0000,.0000,.0000,.0000
5240,.0000,.0017,.0000,.0148
5241,.0000,.0000,.0000,.0000
5242,.0000,.0000,.0000,.0000
5243,.0000,.0000,.0000,.0000
5244,.0000,.0000,.0000,.0000
5245,.0000,.0000,.0000,.0000
5246,.0000,.0000,.0000,.0000
5247,.0000,.0000,.0000,.0000
5248,.0000,.0000,.0000,.0000
5249,.0000,.0000,.0000,.0000
5250,.0000,.0000,.0000,.0000
5251,.0000,.0000,.0000,.0000
5252,.0000,.0000,.0000,.0000
5253,.0000,.0000,.0000,.0000
5254,.0000,.0000,.0000,.0000
5255,.0000,.0000,.0000,.0000
5256,.0000,.0000,.0000,.0000
5257,.0000,.0000,.0000,.0000
5258,.0000,.0000,.0000,.0000
5259,.0000,.0000,.0000,.0000
5260,.0000,.0000,.0000,.0000
5261,.0000,.0000,.0000,.0000
5262,.0000,.0000,.0000,.0000
5263,.0000,.0000,.0000,.0000
5264,.0000,.0000,.0000,.0000
5265,.0000,.0000,.0000,.0000
5266,.0000,.0000,.0000,.0000
5267,.0000,.0000,.0000,.0000
5268,.0000,.0000,.0000,.0000
5269,.0000,.0000,.0000,.0000
5270,.0000,.0000,.0000,.0000
5271,.0000,.0000,.0000,.0000
5272,.0000,.0000,.0000,.0000
5273,.0000,.0000,.0000,.0000
5274,.0000,.0000,.0000,.0000
5275,.0000,.0000,.0000,.0000
5276,.0000,.0000,.0000,.0000
5277,.0000,.0000,.0000,.0000
5278,.0000,.0000,.0000,.0000
5279,.0000,.0000,.0000,.0000
5280,.0000,.0000,.0000,.0000
5281,.0000,.0000,.0000,.0000
5282,.0000,.0000,.0000,.0000
5283,.0000,.0000,.0000,.0000
5284,.0000,.0000,.0000,.0000
5285,.0000,.0000,.0000,.0000
5286,.0000,.0000,.0000,.0000
5287,.0000,.0000,.0000,.0000
5288,.0000,.0000,.0000,.0000
5289,.0000,.0000,.0000,.0000
5290,.0000,.0000,.0000,.0000
5291,.0000,.0000,.0000,.0000
5292,.0000,.0000,.0000,.0000
5293,.0000,.0000,.0000,.0000
5294,.0000,.0000,.0000,.0000
5295,.0000,.0000,.0000,.0000
5296,.0000,.0000,.0000,.0000
5297,.0000,.0000,.0000,.0000
5298,.0000,.0000,.0000,.0000
5299,.0000,.0000,.0000,.0000
5300,.0000,.0000,.0000,.0000
5301,.0000,.0000,.0000,.0000
5302,.0000,.0000,.0000,.0000
5303,.0000,.0000,.0000,.0000
5304,.0000,.0000,.0000,.0000
5305,.0000,.0000,.0000,.0000
5306,.0000,.0000,.0000,.0000
5307,.0000,.0000,.0000,.0000
5308,.0000,.0000,.0000,.0000
5309,.0000,.0000,.0000,.0000
5310,.0000,.0000,.0000,.0000
5311,.0000,.0000,.0000,.0000
5312,.0000,.0000,.0000,.0000
5313,.0000,.0000,.0000,.0000
5314,.0000,.0000,.0000,.0000
5315,.0000,.0000,.0000,.0000
5316,.0000,.0000,.0000,.0000
5317,.0000,.0000,.0000,.0000
5318,.0000,.0000,.0000,.0000
5319,.0000,.0000,.0000,.0000
5320,.0000,.0000,.0000,.0000
5321,.0987,.0037,.1794,.1409
5322,.0022,.0187,.0619,.0417
5323,.0131,.0444,.1281,.1692
5324,.0000,.0003,.0000,.0178
5325,.0000,.0000,.0000,.0000
5326,.0000,.0000,.0000,.0000
5327,.0000,.0000,.0000,.0000
5328,.0000,.0000,.0009,.0026
5329,.0008,.0264,.0013,.0351
5330,.0000,.0776,.0012,.0476
5331,.0088,.4311,.0738,.0769
5332,.0415,.6571,.1825,.0121
5333,.0583,.6392,.1959,.0082
5334,.0542,.6571,.1824,.0196
5335,.0537,.6237,.1322,.0609
5336,.0037,.1674,.0764,.0749
5337,.0262,.3600,.1067,.1398
5338,.0500,.4447,.2422,.1300
5339,.0462,.4045,.3865,.0708
5340,.0578,.6097,.1684,.0592
5341,.0305,.6553,.1823,.0157
5342,.0589,.4474,.3667,.0207
5343,.0315,.5294,.3123,.0117
5344,.0305,.5270,.2807,.0302
5345,.0641,.2635,.5540,.0368
5346,.0754,.2713,.5560,.0170
5347,.0530,.4404,.3396,.0596
5348,.0468,.3713,.4494,.0045
5349,.0325,.7276,.1614,.0000
5350,.0685,.2885,.5086,.0098
5351,.0194,.6909,.1448,.0124
5352,.0168,.6423,.1438,.0428
5353,.0678,.6481,.1996,.0062
5354,.0787,.5082,.2629,.0504
5355,.3915,.1093,.3837,.0535
5356,.1598,.3359,.4276,.0141
5357,.0600,.4914,.2947,.0327
5358,.1281,.3059,.4247,.0301
5359,.2319,.4399,.2283,.0355
5360,.3737,.2178,.2600,.0330
5361,.0353,.2123,.0574,.0660
5362,.0696,.0817,.0650,.0372
5363,.0781,.3043,.1344,.0640
5364,.0407,.0616,.0826,.0885
5365,.0000,.0000,.0041,.0000
5366,.0000,.0000,.0000,.0000
5367,.0000,.0000,.0000,.0000
5368,.0000,.0000,.0000,.0000
5369,.0000,.0000,.0000,.0000
5370,.0242,.0157,.0194,.0493
5371,.1333,.0404,.1117,.0916
5372,.0000,.0040,.0015,.0157
5373,.1916,.0099,.1793,.1793
5374,.0000,.0054,.0034,.0456
5375,.0000,.0000,.0015,.0000
5376,.0000,.0000,.0000,.0000
5377,.0000,.0000,.0000,.0000
5378,.0000,.0000,.0000,.0000
5379,.0000,.0000,.0000,.0000
5380,.0000,.0000,.0000,.0000
5381,.0000,.0000,.0000,.0000
5382,.0000,.0000,.0000,.0000
5383,.0000,.0000,.0000,.0000
5384,.0000,.0000,.0000,.0000
5385,.0000,.0000,.0000,.0000
5386,.0000,.0000,.0000,.0000
5387,.0000,.0000,.0000,.0000
5388,.0000,.0000,.0000,.0000
5389,.0000,.0000,.0000,.0000
5390,.0000,.0000,.0000,.0000
5391,.0000,.0000,.0000,.0000
5392,.0000,.0000,.0000,.0000
5393,.0000,.0000,.0000,.0000
5394,.0000,.0000,.0000,.0000
5395,.0000,.0000,.0000,.0000
5396,.0000,.0000,.0000,.0000
5397,.0000,.0000,.0000,.0000
5398,.0000,.0000,.0000,.0000
5399,.0000,.0000,.0000,.0000
5400,.0000,.0000,.0000,.0000
5401,.0000,.0000,.0000,.0000
5402,.0000,.0000,.0000,.0000
5403,.0000,.0000,.0000,.0000
5404,.0000,.0000,.0000,.0000
5405,.0000,.0000,.0000,.0000
5406,.0000,.0000,.0000,.0000
5407,.0000,.0000,.0000,.0000
5408,.0000,.0000,.0000,.0000
5409,.0000,.0000,.0000,.0000
5410,.0000,.0000,.0000,.0000
5411,.0000,.0000,.0000,.0000
5412,.0000,.0000,.0000,.0000
5413,.0000,.0000,.0000,.0000
5414,.0000,.0000,.0000,.0000
5415,.0000,.0000,.0000,.0000
5416,.0000,.0000,.0000,.0000
5417,.0000,.0000,.0000,.0000
5418,.0000,.0000,.0000,.0000
5419,.0000,.0000,.0000,.0000
5420,.0000,.0000,.0000,.0000
5421,.0000,.0000,.0000,.0000
5422,.0000,.0000,.0000,.0000
5423,.0000,.0000,.0000,.0000
5424,.0000,.0000,.0000,.0000
5425,.0000,.0000,.0000,.0000
5426,.0000,.0000,.0000,.0000
5427,.0000,.0000,.0000,.0000
5428,.0000,.0000,.0000,.0000
5429,.0000,.0000,.0000,.0000
5430,.0000,.0000,.0000,.0000
5431,.0000,.0000,.0000,.0000
5432,.0000,.0000,.0000,.0000
5433,.0000,.0000,.0000,.0000
5434,.0000,.0000,.0000,.0000
5435,.0000,.0000,.0000,.0000
5436,.0000,.0000,.0000,.0000
5437,.0000,.0000,.0000,.0000
5438,.0000,.0000,.0000,.0000
5439,.0000,.0000,.0000,.0000
5440,.0000,.0000,.0000,.0000
5441,.0000,.0000,.0000,.0000
5442,.0000,.0000,.0000,.0000
5443,.0000,.0000,.0000,.0000
5444,.0000,.0000,.0000,.0000
5445,.0000,.0000,.0000,.0000
5446,.0000,.0000,.0000,.0000
5447,.0000,.0000,.0000,.0000
5448,.0000,.0000,.0000,.0000
5449,.0000,.0000,.0000,.0000
5450,.0000,.0000,.0000,.0000
5451,.0000,.0000,.0000,.0000
5452,.0000,.0000,.0000,.0000
5453,.0000,.0000,.0000,.0000
5454,.2312,.0463,.3678,.1224
5455,.0007,.0008,.0729,.1748
5456,.0560,.1265,.2954,.2316
5457,.0254,.0564,.2120,.1289
5458,.0000,.0000,.0000,.0000
5459,.0112,.1740,.0661,.0459
5460,.0618,.2939,.2131,.0891
5461,.0344,.2610,.1091,.0703
5462,.0847,.6971,.0904,.0085
5463,.0213,.6281,.0567,.0384
5464,.0087,.7569,.0946,.0021
5465,.0455,.6205,.2009,.0034
5466,.0634,.5356,.2714,.0172
5467,.0711,.5557,.2704,.0048
5468,.0232,.4318,.1418,.0757
5469,.0125,.3253,.0786,.0738
5470,.0374,.5211,.2976,.0281
5471,.0345,.4349,.4153,.0177
5472,.0891,.1819,.6318,.0166
5473,.0658,.3093,.4402,.0682
5474,.0333,.5118,.2527,.0615
5475,.0618,.4007,.4297,.0156
5476,.0441,.3486,.4474,.0520
5477,.0594,.3371,.4754,.0294
5478,.0818,.2626,.5571,.0233
5479,.1315,.2226,.5470,.0165
5480,.1204,.1957,.5844,.0117
5481,.0593,.4928,.2987,.0165
5482,.0325,.5930,.2770,.0040
5483,.0325,.6306,.2149,.0099
5484,.0190,.7509,.0713,.0328
5485,.0294,.6316,.2172,.0162
5486,.0696,.6769,.1650,.0176
5487,.0607,.7461,.1260,.0044
5488,.1169,.3676,.4201,.0157
5489,.2392,.1665,.4971,.0173
5490,.0909,.4447,.3397,.0227
5491,.0775,.3206,.4316,.0519
5492,.1109,.3913,.4132,.0021
5493,.4165,.1183,.4145,.0000
5494,.1486,.3525,.2860,.0562
5495,.0022,.1828,.0313,.0493
5496,.0018,.2526,.0099,.0289
5497,.0000,.0008,.0020,.0059
5498,.0000,.0000,.0000,.0000
5499,.0000,.0000,.0000,.0000
5500,.0590,.0439,.0546,.0414
5501,.0071,.0606,.0202,.0434
5502,.0000,.0004,.0049,.0438
5503,.0000,.0000,.0000,.0000
5504,.1596,.0396,.1492,.0587
5505,.0330,.0139,.0555,.0651
5506,.2081,.1247,.1046,.1772
5507,.0000,.0005,.0012,.0009
5508,.0000,.0000,.0000,.0000
5509,.0000,.0000,.0000,.0000
5510,.0000,.0000,.0000,.0000
5511,.0000,.0000,.0000,.0000
5512,.0000,.0000,.0000,.0000
5513,.0000,.0000,.0000,.0000
5514,.0000,.0000,.0000,.0000
5515,.0000,.0000,.0000,.0000
5516,.0000,.0000,.0000,.0000
5517,.0000,.0000,.0000,.0000
5518,.0000,.0000,.0000,.0000
5519,.0000,.0000,.0000,.0000
5520,.0000,.0000,.0000,.0000
5521,.0000,.0000,.0000,.0000
5522,.0000,.0000,.0000,.0000
5523,.0000,.0000,.0000,.0000
5524,.0000,.0000,.0000,.0000
5525,.0000,.0000,.0000,.0000
5526,.0000,.0000,.0000,.0000
5527,.0000,.0000,.0000,.0000
5528,.0000,.0000,.0000,.0000
5529,.0000,.0000,.0000,.0000
5530,.0000,.0000,.0000,.0000
5531,.0000,.0000,.0000,.0000
5532,.0000,.0000,.0000,.0000
5533,.0000,.0000,.0000,.0000
5534,.0000,.0000,.0000,.0000
5535,.0000,.0000,.0000,.0000
5536,.0000,.0000,.0000,.0000
5537,.0000,.0000,.0000,.0000
5538,.0000,.0000,.0000,.0000
5539,.0000,.0000,.0000,.0000
5540,.0000,.0000,.0000,.0000
5541,.0000,.0000,.0000,.0000
5542,.0000,.0000,.0000,.0000
5543,.0000,.0000,.0000,.0000
5544,.0000,.0000,.0000,.0000
5545,.0000,.0000,.0000,.0000
5546,.0000,.0000,.0000,.0000
5547,.0000,.0000,.0000,.0000
5548,.0000,.0000,.0000,.0000
5549,.0000,.0000,.0000,.0000
5550,.0000,.0000,.0000,.0000
5551,.0000,.0000,.0000,.0000
5552,.0000,.0000,.0000,.0000
5553,.0000,.0000,.0000,.0000
5554,.0000,.0000,.0000,.0000
5555,.0000,.0000,.0000,.0000
5556,.0000,.0000,.0000,.0000
5557,.0000,.0000,.0000,.0000
5558,.0000,.0000,.0000,.0000
5559,.0000,.0000,.0000,.0000
5560,.0000,.0000,.0000,.0000
5561,.0000,.0000,.0000,.0000
5562,.0000,.0000,.0000,.0000
5563,.0000,.0000,.0000,.0000
5564,.0000,.0000,.0000,.0000
5565,.0000,.0000,.0000,.0000
5566,.0000,.0000,.0000,.0000
5567,.0000,.0000,.0000,.0000
5568,.0000,.0000,.0000,.0000
5569,.0000,.0000,.0000,.0000
5570,.0000,.0000,.0000,.0000
5571,.0000,.0000,.0000,.0000
5572,.0000,.0000,.0000,.0000
5573,.0000,.0000,.0000,.0000
5574,.0000,.0000,.0000,.0000
5575,.0000,.0000,.0000,.0000
5576,.0000,.0000,.0000,.0000
5577,.0000,.0000,.0000,.0000
5578,.0000,.0000,.0000,.0000
5579,.0000,.0000,.0000,.0000
5580,.0000,.0000,.0000,.0000
5581,.0000,.0000,.0000,.0000
5582,.0000,.0000,.0000,.0000
5583,.0000,.0000,.0000,.0000
5584,.0000,.0000,.0000,.0000
5585,.0000,.0000,.0000,.0000
5586,.0000,.0000,.0000,.0000
5587,.3562,.0269,.4742,.0641
5588,.1323,.0867,.4057,.1891
5589,.1599,.0963,.5372,.1066
5590,.0177,.0232,.1135,.3352
5591,.0116,.0927,.0757,.1459
5592,.0699,.2388,.2858,.1342
5593,.1048,.1982,.5319,.0545
5594,.0577,.1740,.3906,.1902
5595,.1120,.4371,.3816,.0008
5596,.0632,.6752,.1582,.0046
5597,.0239,.6753,.1505,.0044
5598,.0205,.6978,.1419,.0025
5599,.0491,.6473,.1788,.0002
5600,.0610,.3798,.4535,.0053
5601,.1749,.1945,.4708,.0605
5602,.0262,.2416,.2413,.1712
5603,.0845,.3148,.4678,.0360
5604,.0547,.3317,.4871,.0342
5605,.0867,.1211,.6854,.0233
5606,.0452,.2267,.5953,.0353
5607,.0439,.4055,.2632,.1549
5608,.0599,.4287,.3844,.0314
5609,.0795,.2883,.4473,.1025
5610,.0445,.2478,.3574,.0887
5611,.0283,.5420,.2195,.0480
5612,.1459,.2847,.4992,.0000
5613,.2251,.1663,.5263,.0039
5614,.1869,.2292,.4910,.0093
5615,.0921,.4017,.4047,.0000
5616,.0243,.4882,.3750,.0001
5617,.0358,.6577,.1776,.0216
5618,.0665,.5715,.2504,.0204
5619,.2287,.3587,.2477,.1117
5620,.1514,.4759,.2810,.0188
5621,.0525,.4494,.4128,.0002
5622,.3038,.1404,.4413,.0477
5623,.4047,.0892,.4215,.0213
5624,.3514,.2173,.2922,.0528
5625,.1741,.3179,.3603,.0255
5626,.0487,.5160,.2304,.0664
5627,.0436,.2589,.2071,.1257
5628,.0835,.2370,.2882,.0619
5629,.0185,.6480,.2225,.0181
5630,.0033,.2954,.0748,.1188
5631,.0057,.2066,.0186,.0351
5632,.0129,.0637,.0466,.0612
5633,.4017,.1539,.3216,.0355
5634,.3268,.1603,.3536,.0527
5635,.0074,.0497,.1000,.0516
5636,.0199,.1546,.0335,.0746
5637,.0605,.2188,.0462,.1007
5638,.0000,.0006,.0002,.0020
5639,.0773,.0123,.0405,.0472
5640,.0903,.0007,.0401,.0973
5641,.0000,.0000,.0000,.0000
5642,.0000,.0000,.0000,.0000
5643,.0000,.0000,.0000,.0000
5644,.0000,.0000,.0000,.0000
5645,.0000,.0000,.0000,.0000
5646,.0000,.0000,.0000,.0000
5647,.0000,.0000,.0000,.0000
5648,.0000,.0000,.0000,.0000
5649,.0000,.0000,.0000,.0000
5650,.0000,.0000,.0000,.0000
5651,.0000,.0000,.0000,.0000
5652,.0000,.0000,.0000,.0000
5653,.0000,.0000,.0000,.0000
5654,.0000,.0000,.0000,.0000
5655,.0000,.0000,.0000,.0000
5656,.0000,.0000,.0000,.0000
5657,.0000,.0000,.0000,.0000
5658,.0000,.0000,.0000,.0000
5659,.0000,.0000,.0000,.0000
5660,.0000,.0000,.0000,.0000
5661,.0000,.0000,.0000,.0000
5662,.0000,.0000,.0000,.0000
5663,.0000,.0000,.0000,.0000
5664,.0000,.0000,.0000,.0000
5665,.0000,.0000,.0000,.0000
5666,.0000,.0000,.0000,.0000
5667,.0000,.0000,.0000,.0000
5668,.0000,.0000,.0000,.0000
5669,.0000,.0000,.0000,.0000
5670,.0000,.0000,.0000,.0000
5671,.0000,.0000,.0000,.0000
5672,.0000,.0000,.0000,.0000
5673,.0000,.0000,.0000,.0000
5674,.0000,.0000,.0000,.0000
5675,.0000,.0000,.0000,.0000
5676,.0000,.0000,.0000,.0000
5677,.0000,.0000,.0000,.0000
5678,.0000,.0000,.0000,.0000
5679,.0000,.0000,.0000,.0000
5680,.0000,.0000,.0000,.0000
5681,.0000,.0000,.0000,.0000
5682,.0000,.0000,.0000,.0000
5683,.0000,.0000,.0000,.0000
5684,.0000,.0000,.0000,.0000
5685,.0000,.0000,.0000,.0000
5686,.0000,.0000,.0000,.0000
5687,.0000,.0000,.0000,.0000
5688,.0000,.0000,.0000,.0000
5689,.0000,.0000,.0000,.0000
5690,.0000,.0000,.0000,.0000
5691,.0000,.0000,.0000,.0000
5692,.0000,.0000,.0000,.0000
5693,.0000,.0000,.0000,.0000
5694,.0000,.0000,.0000,.0000
5695,.0000,.0000,.0000,.0000
5696,.0000,.0000,.0000,.0000
5697,.0000,.0000,.0000,.0000
5698,.0000,.0000,.0000,.0000
5699,.0000,.0000,.0000,.0000
5700,.0000,.0000,.0000,.0000
5701,.0000,.0000,.0000,.0000
5702,.0000,.0000,.0000,.0000
5703,.0000,.0000,.0000,.0000
5704,.0000,.0000,.0000,.0000
5705,.0000,.0000,.0000,.0000
5706,.0000,.0000,.0000,.0000
5707,.0000,.0000,.0000,.0000
5708,.0000,.0000,.0000,.0000
5709,.0000,.0000,.0000,.0000
5710,.0000,.0000,.0000,.0000
5711,.0000,.0000,.0000,.0000
5712,.0000,.0000,.0000,.0000
5713,.0000,.0000,.0000,.0000
5714,.0000,.0000,.0000,.0000
5715,.0000,.0000,.0000,.0000
5716,.0000,.0000,.0000,.0000
5717,.0000,.0000,.0000,.0000
5718,.0000,.0000,.0000,.0000
5719,.0000,.0000,.0000,.0000
5720,.2165,.1421,.5770,.0074
5721,.2372,.0747,.5421,.0494
5722,.1962,.0689,.3702,.2553
5723,.0105,.0191,.0164,.1088
5724,.2093,.1186,.2910,.1761
5725,.1521,.1960,.5235,.0378
5726,.1072,.1950,.4940,.1047
5727,.1108,.2963,.4213,.0699
5728,.1751,.1869,.5496,.0073
5729,.1470,.2136,.5447,.0192
5730,.2321,.2823,.2830,.1447
5731,.2191,.2111,.4894,.0001
5732,.0731,.6305,.1619,.0141
5733,.0410,.6138,.2153,.0063
5734,.1262,.1507,.6379,.0078
5735,.2070,.2530,.4095,.0592
5736,.1809,.2282,.4990,.0191
5737,.2267,.1217,.5545,.0208
5738,.1477,.1497,.5924,.0338
5739,.0989,.1617,.6092,.0410
5740,.1151,.1777,.6216,.0115
5741,.1655,.1959,.5675,.0099
5742,.0930,.2046,.5484,.0766
5743,.0345,.2780,.3920,.1209
5744,.0519,.3743,.4123,.0486
5745,.1293,.3471,.4449,.0109
5746,.1230,.2949,.4985,.0031
5747,.0838,.2991,.5331,.0000
5748,.0359,.5255,.3369,.0036
5749,.0280,.6204,.2219,.0114
5750,.0650,.4242,.4068,.0104
5751,.1670,.3440,.3379,.0956
5752,.2868,.1721,.3577,.1248
5753,.1434,.1970,.5485,.0352
5754,.0555,.3546,.5033,.0040
5755,.4169,.0805,.4114,.0299
5756,.6677,.0225,.2482,.0004
5757,.6641,.0528,.2361,.0023
5758,.2307,.2629,.4264,.0002
5759,.1711,.3342,.3697,.0158
5760,.1759,.2205,.4842,.0250
5761,.2731,.2188,.3960,.0217
5762,.0059,.6978,.0771,.0349
5763,.0285,.4771,.1114,.1345
5764,.0951,.3742,.3687,.0474
5765,.0481,.5350,.2094,.0654
5766,.0822,.5395,.2981,.0060
5767,.3914,.2160,.3152,.0250
5768,.0530,.2910,.0426,.1378
5769,.0793,.5236,.1962,.0690
5770,.1363,.4523,.2345,.0786
5771,.0459,.1195,.0460,.0721
5772,.0000,.0001,.0003,.0000
5773,.0227,.0171,.0143,.0185
5774,.0151,.0719,.0461,.0305
5775,.0000,.0006,.0261,.0554
5776,.0000,.0000,.0000,.0612
5777,.0000,.0000,.0000,.0471
5778,.0002,.0000,.0000,.0051
5779,.0000,.0000,.0000,.0000
5780,.0000,.0000,.0000,.0000
5781,.0000,.0000,.0000,.0000
5782,.0000,.0000,.0000,.0000
5783,.0000,.0000,.0000,.0000
5784,.0000,.0000,.0000,.0000
5785,.0000,.0000,.0000,.0000
5786,.0000,.0000,.0074,.0000
5787,.0000,.0000,.0000,.0000
5788,.0000,.0000,.0000,.0000
5789,.0000,.0000,.0000,.0000
5790,.0000,.0000,.0000,.0000
5791,.0000,.0000,.0000,.0000
5792,.0000,.0000,.0000,.0000
5793,.0000,.0000,.0000,.0000
5794,.0000,.0000,.0000,.0000
5795,.0000,.0000,.0000,.0000
5796,.0000,.0000,.0000,.0000
5797,.0000,.0000,.0000,.0000
5798,.0000,.0000,.0000,.0000
5799,.0000,.0000,.0000,.0000
5800,.0000,.0000,.0000,.0000
5801,.0000,.0000,.0000,.0000
5802,.0000,.0000,.0000,.0000
5803,.0000,.0000,.0000,.0000
5804,.0000,.0000,.0000,.0000
5805,.0000,.0000,.0000,.0000
5806,.0000,.0000,.0000,.0000
5807,.0000,.0000,.0000,.0000
5808,.0000,.0000,.0000,.0000
5809,.0000,.0000,.0000,.0000
5810,.0000,.0000,.0000,.0000
5811,.0000,.0000,.0000,.0000
5812,.0000,.0000,.0000,.0000
5813,.0000,.0000,.0000,.0000
5814,.0000,.0000,.0000,.0000
5815,.0000,.0000,.0000,.0000
5816,.0000,.0000,.0000,.0000
5817,.0000,.0000,.0000,.0000
5818,.0000,.0000,.0000,.0000
5819,.0000,.0000,.0000,.0000
5820,.0000,.0000,.0000,.0000
5821,.0000,.0000,.0000,.0000
5822,.0000,.0000,.0000,.0000
5823,.0000,.0000,.0000,.0000
5824,.0000,.0000,.0000,.0000
5825,.0000,.0000,.0000,.0000
5826,.0000,.0000,.0000,.0000
5827,.0000,.0000,.0000,.0000
5828,.0000,.0000,.0000,.0000
5829,.0000,.0000,.0000,.0000
5830,.0000,.0000,.0000,.0000
5831,.0000,.0000,.0000,.0000
5832,.0000,.0000,.0000,.0000
5833,.0000,.0000,.0000,.0000
5834,.0000,.0000,.0000,.0000
5835,.0000,.0000,.0000,.0000
5836,.0000,.0000,.0000,.0000
5837,.0000,.0000,.0000,.0000
5838,.0000,.0000,.0000,.0000
5839,.0000,.0000,.0000,.0000
5840,.0000,.0000,.0000,.0000
5841,.0000,.0000,.0000,.0000
5842,.0000,.0000,.0000,.0000
5843,.0000,.0000,.0000,.0000
5844,.0000,.0000,.0000,.0000
5845,.0000,.0000,.0000,.0000
5846,.0000,.0000,.0000,.0000
5847,.0000,.0000,.0000,.0000
5848,.0000,.0000,.0000,.0000
5849,.0000,.0000,.0000,.0000
5850,.0000,.0000,.0000,.0000
5851,.0000,.0000,.0000,.0000
5852,.0000,.0000,.0000,.0000
5853,.4238,.0352,.4856,.0088
5854,.2391,.1152,.5453,.0413
5855,.2337,.1518,.2904,.1835
5856,.0165,.2143,.0494,.0390
5857,.0599,.4304,.1649,.0892
5858,.1648,.1629,.5623,.0108
5859,.1676,.1406,.5929,.0105
5860,.1658,.1477,.6125,.0000
5861,.2228,.1544,.5628,.0000
5862,.1810,.2387,.5006,.0238
5863,.4084,.1702,.1962,.1808
5864,.2736,.0669,.5814,.0233
5865,.3241,.0831,.5096,.0245
5866,.1518,.2854,.4388,.0387
5867,.0672,.3142,.4826,.0312
5868,.1152,.2365,.4941,.0771
5869,.4987,.0837,.3412,.0226
5870,.4024,.1005,.4124,.0275
5871,.4931,.0745,.3159,.0587
5872,.2441,.1046,.6001,.0000
5873,.2528,.1200,.5419,.0287
5874,.1051,.2145,.5504,.0558
5875,.0336,.2247,.5731,.0647
5876,.0626,.1706,.5840,.0885
5877,.1615,.1024,.6423,.0200
5878,.2285,.1076,.6129,.0007
5879,.2091,.1694,.5442,.0026
5880,.2980,.1802,.4309,.0205
5881,.1469,.3441,.4408,.0000
5882,.1154,.3225,.4692,.0023
5883,.1016,.2968,.4334,.0420
5884,.1994,.2996,.4282,.0123
5885,.3699,.1949,.3673,.0032
5886,.4154,.0972,.4103,.0236
5887,.3672,.1360,.4258,.0060
5888,.4196,.0668,.4290,.0310
5889,.3132,.1467,.4267,.0353
5890,.5678,.0293,.3113,.0199
5891,.5254,.0708,.3253,.0089
5892,.2810,.1997,.4120,.0216
5893,.1218,.2812,.4614,.0245
5894,.0364,.4091,.3631,.0432
5895,.0259,.5032,.3163,.0256
5896,.2588,.1480,.4385,.0376
5897,.0359,.5708,.2319,.0277
5898,.1568,.3124,.4282,.0123
5899,.3351,.1801,.4129,.0127
5900,.2901,.1309,.3616,.1145
5901,.1260,.1923,.1299,.1444
5902,.3044,.2045,.3311,.0729
5903,.5308,.1050,.3043,.0010
5904,.5073,.0899,.2947,.0297
5905,.0428,.1672,.0474,.0820
5906,.0970,.1089,.1326,.0546
5907,.6241,.0479,.1379,.0611
5908,.0531,.0153,.0240,.0459
5909,.0000,.0000,.0109,.0240
5910,.0348,.0133,.0727,.0576
5911,.0745,.0037,.0326,.0949
5912,.0000,.0000,.0000,.0000
5913,.0000,.0000,.0000,.0000
5914,.0000,.0000,.0000,.0000
5915,.0000,.0000,.0000,.0098
5916,.0000,.0035,.0304,.1211
5917,.0000,.0000,.0000,.0000
5918,.0000,.0000,.0000,.0000
5919,.0000,.0000,.0000,.0000
5920,.0000,.0000,.0109,.0009
5921,.0000,.0000,.0000,.0000
5922,.0000,.0000,.0000,.0000
5923,.0000,.0000,.0000,.0000
5924,.0000,.0000,.0000,.0000
5925,.0000,.0000,.0000,.0000
5926,.0000,.0000,.0000,.0000
5927,.0000,.0000,.0000,.0000
5928,.0000,.0000,.0000,.0000
5929,.0000,.0000,.0000,.0000
5930,.0000,.0000,.0000,.0000
5931,.0000,.0000,.0000,.0000
5932,.0000,.0000,.0000,.0000
5933,.0000,.0000,.0000,.0000
5934,.0000,.0000,.0000,.0000
5935,.0000,.0000,.0000,.0000
5936,.0000,.0000,.0000,.0000
5937,.0000,.0000,.0000,.0000
5938,.0000,.0000,.0000,.0000
5939,.0000,.0000,.0000,.0000
5940,.0000,.0000,.0000,.0000
5941,.0000,.0000,.0000,.0000
5942,.0000,.0000,.0000,.0000
5943,.0000,.0000,.0000,.0000
5944,.0000,.0000,.0000,.0000
5945,.0000,.0000,.0000,.0000
5946,.0000,.0000,.0000,.0000
5947,.0000,.0000,.0000,.0000
5948,.0000,.0000,.0000,.0000
5949,.0000,.0000,.0000,.0000
5950,.0000,.0000,.0000,.0000
5951,.0000,.0000,.0000,.0000
5952,.0000,.0000,.0000,.0000
5953,.0000,.0000,.0000,.0000
5954,.0000,.0000,.0000,.0000
5955,.0000,.0000,.0000,.0000
5956,.0000,.0000,.0000,.0000
5957,.0000,.0000,.0000,.0000
5958,.0000,.0000,.0000,.0000
5959,.0000,.0000,.0000,.0000
5960,.0000,.0000,.0000,.0000
5961,.0000,.0000,.0000,.0000
5962,.0000,.0000,.0000,.0000
5963,.0000,.0000,.0000,.0000
5964,.0000,.0000,.0000,.0000
5965,.0000,.0000,.0000,.0000
5966,.0000,.0000,.0000,.0000
5967,.0000,.0000,.0000,.0000
5968,.0000,.0000,.0000,.0000
5969,.0000,.0000,.0000,.0000
5970,.0000,.0000,.0000,.0000
5971,.0000,.0000,.0000,.0000
5972,.0000,.0000,.0000,.0000
5973,.0000,.0000,.0000,.0000
5974,.0000,.0000,.0000,.0000
5975,.0000,.0000,.0000,.0000
5976,.0000,.0000,.0000,.0000
5977,.0000,.0000,.0000,.0000
5978,.0000,.0000,.0000,.0000
5979,.0000,.0000,.0000,.0000
5980,.0000,.0000,.0000,.0000
5981,.0000,.0000,.0000,.0000
5982,.0000,.0000,.0000,.0000
5983,.0000,.0000,.0000,.0000
5984,.0000,.0000,.0000,.0000
5985,.0000,.0000,.0000,.0000
5986,.3615,.1217,.4529,.0050
5987,.1990,.1880,.5238,.0067
5988,.2452,.1578,.4863,.0250
5989,.1505,.3268,.4091,.0122
5990,.0972,.6165,.1093,.0271
5991,.1090,.2396,.5194,.0153
5992,.2516,.0985,.5778,.0041
5993,.2308,.2170,.4716,.0141
5994,.1560,.1824,.5930,.0076
5995,.2190,.0964,.6163,.0106
5996,.3331,.0307,.5566,.0182
5997,.3547,.0306,.5443,.0072
5998,.2633,.0729,.5962,.0158
5999,.2491,.0979,.5648,.0218
6000,.0979,.1752,.6193,.0214
6001,.1689,.1753,.4916,.0883
6002,.2372,.1610,.5105,.0201
6003,.3892,.1128,.4136,.0186
6004,.1729,.2435,.4971,.0219
6005,.3977,.1163,.4110,.0146
6006,.2233,.1356,.5816,.0076
6007,.2102,.1351,.5849,.0131
6008,.1283,.1956,.5941,.0103
6009,.2033,.1586,.5800,.0000
6010,.1891,.2243,.5104,.0000
6011,.2925,.2386,.3901,.0180
6012,.1477,.1435,.6248,.0163
6013,.2082,.1823,.5302,.0125
6014,.1334,.2614,.5358,.0012
6015,.1235,.2930,.5143,.0131
6016,.1154,.1900,.6033,.0001
6017,.1680,.2333,.5050,.0139
6018,.3099,.2343,.3167,.0467
6019,.5393,.0986,.2736,.0213
6020,.6112,.0406,.2783,.0061
6021,.5858,.0435,.3131,.0000
6022,.4815,.0753,.3816,.0000
6023,.3187,.1327,.4240,.0582
6024,.2263,.3363,.3178,.0218
6025,.2569,.2925,.3683,.0025
6026,.1185,.4008,.3803,.0093
6027,.1403,.2374,.5359,.0072
6028,.0978,.3241,.4629,.0232
6029,.3757,.1503,.4112,.0000
6030,.2710,.2313,.4262,.0072
6031,.1335,.2506,.4831,.0384
6032,.1691,.2590,.4284,.0698
6033,.2033,.2274,.2518,.1637
6034,.3117,.2290,.3196,.0571
6035,.4793,.1757,.2113,.0614
6036,.3374,.1207,.3907,.0763
6037,.2727,.2113,.3558,.0808
6038,.1274,.5804,.0832,.1114
6039,.0495,.5005,.1980,.1277
6040,.2335,.2687,.3270,.0917
6041,.0027,.0606,.0142,.0402
6042,.0000,.0000,.0036,.0209
6043,.0511,.1108,.0800,.2126
6044,.0384,.0118,.0830,.0373
6045,.0865,.0199,.0995,.0599
6046,.0000,.0000,.0000,.0000
6047,.0000,.0000,.0000,.0000
6048,.0000,.0000,.0000,.0041
6049,.0000,.0060,.0252,.1585
6050,.0000,.0000,.0024,.0166
6051,.0000,.0000,.0000,.0104
6052,.0000,.0000,.0000,.0031
6053,.0000,.0000,.0000,.0000
6054,.0000,.0335,.0252,.0577
6055,.0000,.0164,.0096,.0443
6056,.0000,.0000,.0000,.0000
6057,.0000,.0000,.0000,.0000
6058,.0000,.0000,.0000,.0000
6059,.0000,.0000,.0000,.0000
6060,.0000,.0000,.0000,.0000
6061,.0000,.0000,.0000,.0000
6062,.0000,.0000,.0000,.0000
6063,.0000,.0000,.0000,.0000
6064,.0000,.0000,.0000,.0000
6065,.0000,.0000,.0000,.0000
6066,.0000,.0000,.0000,.0000
6067,.0000,.0000,.0000,.0000
6068,.0000,.0000,.0000,.0000
6069,.0000,.0000,.0000,.0000
6070,.0000,.0000,.0000,.0000
6071,.0000,.0000,.0000,.0000
6072,.0000,.0000,.0000,.0000
6073,.0000,.0000,.0000,.0000
6074,.0000,.0000,.0000,.0000
6075,.0000,.0000,.0000,.0000
6076,.0000,.0000,.0000,.0000
6077,.0000,.0000,.0000,.0000
6078,.0000,.0000,.0000,.0000
6079,.0000,.0000,.0000,.0000
6080,.0000,.0000,.0000,.0000
6081,.0000,.0000,.0000,.0000
6082,.0000,.0000,.0000,.0000
6083,.0000,.0000,.0000,.0000
6084,.0000,.0000,.0000,.0000
6085,.0000,.0000,.0000,.0000
6086,.0000,.0000,.0000,.0000
6087,.0000,.0000,.0000,.0000
6088,.0000,.0000,.0000,.0000
6089,.0000,.0000,.0000,.0000
6090,.0000,.0000,.0000,.0000
6091,.0000,.0000,.0000,.0000
6092,.0000,.0000,.0000,.0000
6093,.0000,.0000,.0000,.0000
6094,.0000,.0000,.0000,.0000
6095,.0000,.0000,.0000,.0000
6096,.0000,.0000,.0000,.0000
6097,.0000,.0000,.0000,.0000
6098,.0000,.0000,.0000,.0000
6099,.0000,.0000,.0000,.0000
6100,.0000,.0000,.0000,.0000
6101,.0000,.0000,.0000,.0000
6102,.0000,.0000,.0000,.0000
6103,.0000,.0000,.0000,.0000
6104,.0000,.0000,.0000,.0000
6105,.0000,.0000,.0000,.0000
6106,.0000,.0000,.0000,.0000
6107,.0000,.0000,.0000,.0000
6108,.0000,.0000,.0000,.0000
6109,.0000,.0000,.0000,.0000
6110,.0000,.0000,.0000,.0000
6111,.0000,.0000,.0000,.0000
6112,.0000,.0000,.0000,.0000
6113,.0000,.0000,.0000,.0000
6114,.0000,.0000,.0000,.0000
6115,.0000,.0000,.0000,.0000
6116,.0000,.0000,.0000,.0000
6117,.0000,.0000,.0000,.0000
6118,.0000,.0000,.0000,.0000
6119,.3668,.1153,.4639,.0000
6120,.1667,.1978,.5549,.0088
6121,.2458,.1903,.5001,.0000
6122,.2435,.2736,.3831,.0250
6123,.3036,.1769,.3824,.0319
6124,.1231,.3320,.4367,.0000
6125,.1732,.2130,.5236,.0008
6126,.2837,.1835,.4558,.0125
6127,.1654,.1575,.6018,.0065
6128,.1283,.1199,.6635,.0174
6129,.1059,.1064,.7087,.0033
6130,.1159,.1076,.6878,.0099
6131,.1736,.1087,.6383,.0131
6132,.3414,.0643,.5373,.0016
6133,.2360,.0945,.5832,.0254
6134,.2288,.2000,.2460,.2507
6135,.3985,.1428,.3647,.0222
6136,.2514,.2141,.4595,.0030
6137,.1790,.2014,.5415,.0030
6138,.1765,.2765,.4854,.0048
6139,.3663,.1968,.3806,.0000
6140,.3936,.0780,.4586,.0084
6141,.2995,.1128,.5250,.0000
6142,.4267,.0818,.4224,.0117
6143,.3446,.1202,.4705,.0119
6144,.2751,.1135,.5325,.0117
6145,.2476,.0902,.5822,.0172
6146,.2282,.1206,.5829,.0128
6147,.2920,.1066,.5346,.0056
6148,.3357,.1326,.4812,.0047
6149,.2233,.1606,.5235,.0156
6150,.2474,.1574,.4852,.0402
6151,.1985,.2282,.3450,.1451
6152,.3851,.1420,.3940,.0217
6153,.5075,.1121,.3220,.0000
6154,.3393,.1668,.4187,.0186
6155,.3145,.1632,.4529,.0172
6156,.3113,.1493,.4532,.0299
6157,.2733,.2377,.3949,.0210
6158,.1349,.3624,.3916,.0164
6159,.2481,.2970,.3588,.0120
6160,.3740,.1400,.4178,.0101
6161,.3897,.1934,.3376,.0210
6162,.3075,.1902,.4479,.0112
6163,.4364,.1414,.3784,.0004
6164,.2424,.2883,.3879,.0076
6165,.1054,.2562,.5137,.0270
6166,.3407,.1888,.3736,.0180
6167,.2208,.4018,.2442,.0548
6168,.3817,.1999,.3262,.0227
6169,.1313,.2885,.4829,.0015
6170,.1561,.2450,.4979,.0148
6171,.1340,.4917,.1313,.1220
6172,.1541,.3104,.3487,.0434
6173,.1475,.4545,.1795,.0633
6174,.0006,.0222,.0063,.0125
6175,.0122,.2349,.0473,.1450
6176,.0591,.5151,.0958,.1885
6177,.0283,.3716,.0891,.2061
6178,.0277,.0231,.1625,.1174
6179,.0579,.0149,.0404,.1236
6180,.0345,.0382,.0250,.0987
6181,.0000,.0000,.0000,.0000
6182,.0000,.0000,.0000,.0000
6183,.0000,.0000,.0000,.0000
6184,.0000,.0000,.0025,.0258
6185,.0000,.0021,.0061,.0080
6186,.0000,.0023,.0076,.0112
6187,.0000,.0000,.0000,.0000
6188,.0000,.0357,.0085,.0240
6189,.0000,.0170,.0060,.0107
6190,.0000,.0000,.0000,.0000
6191,.0000,.0000,.0000,.0000
6192,.0000,.0000,.0000,.0000
6193,.0000,.0000,.0000,.0000
6194,.0000,.0000,.0000,.0000
6195,.0000,.0000,.0000,.0000
6196,.0000,.0000,.0000,.0000
6197,.0000,.0000,.0000,.0000
6198,.0000,.0000,.0000,.0000
6199,.0000,.0000,.0000,.0000
6200,.0000,.0000,.0000,.0000
6201,.0000,.0000,.0000,.0000
6202,.0000,.0000,.0000,.0000
6203,.0000,.0000,.0000,.0000
6204,.0000,.0000,.0000,.0000
6205,.0000,.0000,.0000,.0000
6206,.0000,.0000,.0000,.0000
6207,.0000,.0000,.0000,.0000
6208,.0000,.0000,.0000,.0000
6209,.0000,.0000,.0000,.0000
6210,.0000,.0000,.0000,.0000
6211,.0000,.0000,.0000,.0000
6212,.0000,.0000,.0000,.0000
6213,.0000,.0000,.0000,.0000
6214,.0000,.0000,.0000,.0000
6215,.0000,.0000,.0000,.0000
6216,.0000,.0000,.0000,.0000
6217,.0000,.0000,.0000,.0000
6218,.0000,.0000,.0000,.0000
6219,.0000,.0000,.0000,.0000
6220,.0000,.0000,.0000,.0000
6221,.0000,.0000,.0000,.0000
6222,.0000,.0000,.0000,.0000
6223,.0000,.0000,.0000,.0000
6224,.0000,.0000,.0000,.0000
6225,.0000,.0000,.0000,.0000
6226,.0000,.0000,.0000,.0000
6227,.0000,.0000,.0000,.0000
6228,.0000,.0000,.0000,.0000
6229,.0000,.0000,.0000,.0000
6230,.0000,.0000,.0000,.0000
6231,.0000,.0000,.0000,.0000
6232,.0000,.0000,.0000,.0000
6233,.0000,.0000,.0000,.0000
6234,.0000,.0000,.0000,.0000
6235,.0000,.0000,.0000,.0000
6236,.0000,.0000,.0000,.0000
6237,.0000,.0000,.0000,.0000
6238,.0000,.0000,.0000,.0000
6239,.0000,.0000,.0000,.0000
6240,.0000,.0000,.0000,.0000
6241,.0000,.0000,.0000,.0000
6242,.0000,.0000,.0000,.0000
6243,.0000,.0000,.0000,.0000
6244,.0000,.0000,.0000,.0000
6245,.0000,.0000,.0000,.0000
6246,.0000,.0000,.0000,.0000
6247,.0000,.0000,.0000,.0000
6248,.0000,.0000,.0000,.0000
6249,.0000,.0000,.0000,.0000
6250,.0000,.0000,.0000,.0000
6251,.0000,.0000,.0000,.0000
6252,.4771,.0800,.3682,.0160
6253,.2861,.1303,.5258,.0000
6254,.1300,.2570,.5371,.0000
6255,.1583,.2845,.4699,.0079
6256,.2112,.1685,.5431,.0038
6257,.1224,.3500,.3959,.0238
6258,.1097,.3289,.4587,.0042
6259,.2849,.1593,.4534,.0388
6260,.2130,.0910,.6011,.0258
6261,.1203,.1144,.6830,.0099
6262,.0621,.2332,.5486,.0637
6263,.0700,.2070,.5873,.0475
6264,.3605,.1097,.4598,.0113
6265,.4544,.0769,.4009,.0088
6266,.3305,.0782,.4749,.0427
6267,.3541,.1440,.3847,.0550
6268,.4668,.0567,.4197,.0021
6269,.4865,.0889,.3647,.0041
6270,.2420,.1993,.4727,.0064
6271,.0754,.4120,.4530,.0032
6272,.2936,.2706,.3660,.0081
6273,.4681,.0640,.3853,.0179
6274,.3220,.1076,.5107,.0000
6275,.2464,.1527,.5402,.0121
6276,.4910,.0646,.3650,.0122
6277,.3530,.0852,.4607,.0271
6278,.4553,.0643,.3921,.0241
6279,.1860,.1017,.6269,.0284
6280,.1996,.1253,.5988,.0175
6281,.2390,.1412,.5618,.0000
6282,.2078,.1309,.5613,.0097
6283,.3029,.1219,.4165,.0921
6284,.2485,.2082,.3389,.1344
6285,.3403,.1703,.3895,.0395
6286,.4404,.1253,.3624,.0123
6287,.4408,.1786,.2946,.0196
6288,.5179,.1220,.2929,.0042
6289,.4487,.1422,.3165,.0297
6290,.5816,.0410,.2970,.0137
6291,.2591,.3443,.3163,.0022
6292,.0739,.5940,.1835,.0266
6293,.3340,.1948,.3570,.0160
6294,.5135,.0760,.3384,.0068
6295,.5860,.0355,.2851,.0291
6296,.5563,.0827,.2803,.0181
6297,.5589,.0834,.2994,.0048
6298,.3417,.2825,.2484,.0279
6299,.1744,.3258,.2975,.0821
6300,.1353,.2272,.5469,.0035
6301,.1324,.2375,.5364,.0085
6302,.1610,.1820,.5396,.0183
6303,.2070,.2641,.4216,.0140
6304,.1626,.3708,.3250,.0172
6305,.2012,.3135,.3048,.0520
6306,.6568,.0240,.1883,.0644
6307,.2649,.1278,.1211,.1845
6308,.0277,.1964,.0610,.0613
6309,.2637,.3010,.2484,.0483
6310,.0589,.3626,.0441,.2335
6311,.0016,.2159,.0671,.1755
6312,.1023,.1112,.1543,.2478
6313,.0028,.0347,.0968,.1219
6314,.0000,.0000,.0000,.0000
6315,.0000,.0000,.0000,.0000
6316,.0008,.0023,.0039,.0165
6317,.0000,.0000,.0000,.0261
6318,.0000,.0000,.0079,.0052
6319,.0000,.0000,.0000,.0063
6320,.0000,.0000,.0006,.0424
6321,.0000,.0000,.0006,.0554
6322,.0000,.0000,.0000,.0000
6323,.0000,.0000,.0000,.0000
6324,.0000,.0000,.0000,.0000
6325,.0000,.0000,.0000,.0000
6326,.0000,.0000,.0000,.0000
6327,.0000,.0000,.0000,.0000
6328,.0000,.0000,.0000,.0000
6329,.0000,.0000,.0000,.0000
6330,.0000,.0000,.0000,.0000
6331,.0000,.0000,.0000,.0000
6332,.0000,.0000,.0000,.0000
6333,.0000,.0000,.0000,.0000
6334,.0000,.0000,.0000,.0000
6335,.0000,.0000,.0000,.0000
6336,.0000,.0000,.0000,.0000
6337,.0000,.0000,.0000,.0000
6338,.0000,.0000,.0000,.0000
6339,.0000,.0000,.0000,.0000
6340,.0000,.0000,.0000,.0000
6341,.0000,.0000,.0000,.0000
6342,.0000,.0000,.0000,.0000
6343,.0000,.0000,.0000,.0000
6344,.0000,.0000,.0000,.0000
6345,.0000,.0000,.0000,.0000
6346,.0000,.0000,.0000,.0000
6347,.0000,.0000,.0000,.0000
6348,.0000,.0000,.0000,.0000
6349,.0000,.0000,.0000,.0000
6350,.0000,.0000,.0000,.0000
6351,.0000,.0000,.0000,.0000
6352,.0000,.0000,.0000,.0000
6353,.0000,.0000,.0000,.0000
6354,.0000,.0000,.0000,.0000
6355,.0000,.0000,.0000,.0000
6356,.0000,.0000,.0000,.0000
6357,.0000,.0000,.0000,.0000
6358,.0000,.0000,.0000,.0000
6359,.0000,.0000,.0000,.0000
6360,.0000,.0000,.0000,.0000
6361,.0000,.0000,.0000,.0000
6362,.0000,.0000,.0000,.0000
6363,.0000,.0000,.0000,.0000
6364,.0000,.0000,.0000,.0000
6365,.0000,.0000,.0000,.0000
6366,.0000,.0000,.0000,.0000
6367,.0000,.0000,.0000,.0000
6368,.0000,.0000,.0000,.0000
6369,.0000,.0000,.0000,.0000
6370,.0000,.0000,.0000,.0000
6371,.0000,.0000,.0000,.0000
6372,.0000,.0000,.0000,.0000
6373,.0000,.0000,.0000,.0000
6374,.0000,.0000,.0000,.0000
6375,.0000,.0000,.0000,.0000
6376,.0000,.0000,.0000,.0000
6377,.0000,.0000,.0000,.0000
6378,.0000,.0000,.0000,.0000
6379,.0000,.0000,.0000,.0000
6380,.0000,.0000,.0000,.0000
6381,.0000,.0000,.0000,.0000
6382,.0000,.0000,.0000,.0000
6383,.0000,.0000,.0000,.0000
6384,.0000,.0000,.0000,.0000
6385,.5223,.1213,.2732,.0202
6386,.3950,.1413,.4031,.0002
6387,.3545,.1086,.4878,.0018
6388,.1554,.2517,.5154,.0006
6389,.1483,.2770,.4661,.0169
6390,.3041,.1235,.5093,.0128
6391,.1099,.5494,.2462,.0010
6392,.0717,.3824,.4441,.0026
6393,.1005,.3251,.4728,.0157
6394,.1488,.2075,.5577,.0166
6395,.1639,.1756,.5943,.0000
6396,.1973,.1276,.5986,.0100
6397,.2199,.1475,.5601,.0057
6398,.4402,.0522,.4445,.0051
6399,.3140,.0946,.5175,.0034
6400,.4025,.0725,.4142,.0188
6401,.5698,.0589,.3214,.0000
6402,.5931,.0970,.2422,.0205
6403,.4165,.1010,.4068,.0115
6404,.1304,.4255,.3405,.0159
6405,.1233,.3955,.3878,.0151
6406,.4502,.0626,.3968,.0218
6407,.3187,.1599,.4508,.0027
6408,.2175,.1791,.5426,.0000
6409,.5139,.0664,.3475,.0066
6410,.3582,.0988,.4856,.0008
6411,.2289,.1053,.5978,.0094
6412,.3205,.1029,.5201,.0042
6413,.2374,.1106,.5791,.0115
6414,.2659,.0995,.5685,.0035
6415,.1673,.1376,.6155,.0000
6416,.3517,.1253,.4431,.0172
6417,.4409,.1490,.3444,.0070
6418,.4880,.1066,.3265,.0121
6419,.5451,.0461,.3092,.0292
6420,.4677,.1076,.3111,.0457
6421,.4637,.0776,.3744,.0201
6422,.5665,.0514,.3072,.0062
6423,.5789,.0663,.2737,.0122
6424,.5685,.0636,.2830,.0159
6425,.5593,.1080,.2289,.0390
6426,.1222,.5327,.2380,.0177
6427,.5055,.0949,.3410,.0020
6428,.6481,.0629,.2177,.0103
6429,.6323,.0619,.2292,.0227
6430,.5845,.0774,.2563,.0219
6431,.1647,.3458,.4027,.0090
6432,.0594,.5192,.2853,.0353
6433,.0838,.4601,.3340,.0284
6434,.0917,.3785,.4362,.0076
6435,.1260,.3795,.4007,.0187
6436,.1971,.1876,.5183,.0158
6437,.1340,.1958,.3772,.1169
6438,.1103,.2986,.4310,.0442
6439,.6893,.0000,.1811,.0694
6440,.3643,.1175,.1871,.1446
6441,.2431,.2007,.1864,.1511
6442,.1948,.3022,.2689,.0924
6443,.0367,.2731,.1140,.2292
6444,.0315,.4416,.0642,.1643
6445,.0260,.4386,.0741,.1389
6446,.0482,.0878,.1300,.1305
6447,.0000,.0000,.0000,.0000
6448,.0000,.0000,.0000,.0000
6449,.0344,.0000,.0286,.0327
6450,.4131,.0000,.1878,.1184
6451,.1559,.0000,.1530,.1783
6452,.0019,.0000,.0023,.0674
6453,.1323,.0000,.1084,.3049
6454,.0488,.0000,.0813,.2545
6455,.0000,.0000,.0000,.0015
6456,.0000,.0000,.0000,.0000
6457,.0000,.0000,.0000,.0000
6458,.0000,.0000,.0000,.0000
6459,.0000,.0000,.0000,.0000
6460,.0000,.0000,.0000,.0000
6461,.0000,.0000,.0000,.0000
6462,.0000,.0000,.0000,.0000
6463,.0000,.0000,.0000,.0000
6464,.0000,.0000,.0000,.0000
6465,.0000,.0000,.0000,.0000
6466,.0000,.0000,.0000,.0000
6467,.0000,.0000,.0000,.0000
6468,.0000,.0000,.0000,.0000
6469,.0000,.0000,.0000,.0000
6470,.0000,.0000,.0000,.0000
6471,.0000,.0000,.0000,.0000
6472,.0000,.0000,.0000,.0000
6473,.0000,.0000,.0000,.0000
6474,.0000,.0000,.0000,.0000
6475,.0000,.0000,.0000,.0000
6476,.0000,.0000,.0000,.0000
6477,.0000,.0000,.0000,.0000
6478,.0000,.0000,.0000,.0000
6479,.0000,.0000,.0000,.0000
6480,.0000,.0000,.0000,.0000
6481,.0000,.0000,.0000,.0000
6482,.0000,.0000,.0000,.0000
6483,.0000,.0000,.0000,.0000
6484,.0000,.0000,.0000,.0000
6485,.0000,.0000,.0000,.0000
6486,.0000,.0000,.0000,.0000
6487,.0000,.0000,.0000,.0000
6488,.0000,.0000,.0000,.0000
6489,.0000,.0000,.0000,.0000
6490,.0000,.0000,.0000,.0000
6491,.0000,.0000,.0000,.0000
6492,.0000,.0000,.0000,.0000
6493,.0000,.0000,.0000,.0000
6494,.0000,.0000,.0000,.0000
6495,.0000,.0000,.0000,.0000
6496,.0000,.0000,.0000,.0000
6497,.0000,.0000,.0000,.0000
6498,.0000,.0000,.0000,.0000
6499,.0000,.0000,.0000,.0000
6500,.0000,.0000,.0000,.0000
6501,.0000,.0000,.0000,.0000
6502,.0000,.0000,.0000,.0000
6503,.0000,.0000,.0000,.0000
6504,.0000,.0000,.0000,.0000
6505,.0000,.0000,.0000,.0000
6506,.0000,.0000,.0000,.0000
6507,.0000,.0000,.0000,.0000
6508,.0000,.0000,.0000,.0000
6509,.0000,.0000,.0000,.0000
6510,.0000,.0000,.0000,.0000
6511,.0000,.0000,.0000,.0000
6512,.0000,.0000,.0000,.0000
6513,.0000,.0000,.0000,.0000
6514,.0000,.0000,.0000,.0000
6515,.0000,.0000,.0000,.0000
6516,.0000,.0000,.0000,.0000
6517,.0000,.0000,.0000,.0000
6518,.4429,.1346,.2173,.1509
6519,.3503,.2549,.2920,.0443
6520,.2696,.1408,.5346,.0031
6521,.1950,.1963,.5445,.0000
6522,.1488,.2700,.5035,.0037
6523,.1785,.2372,.4908,.0266
6524,.2987,.2325,.3978,.0107
6525,.0657,.3003,.5418,.0068
6526,.0225,.6550,.2194,.0058
6527,.0284,.6824,.1796,.0011
6528,.1527,.3777,.3902,.0064
6529,.1988,.2481,.4845,.0101
6530,.2570,.1356,.5389,.0089
6531,.2978,.1157,.5183,.0012
6532,.4913,.0803,.3589,.0133
6533,.3457,.1420,.4439,.0053
6534,.6501,.0244,.2518,.0187
6535,.4947,.1345,.3116,.0068
6536,.4472,.0741,.4134,.0090
6537,.4847,.0730,.3696,.0092
6538,.1713,.2947,.4458,.0076
6539,.4028,.0797,.4137,.0365
6540,.4308,.1149,.3810,.0147
6541,.2937,.1262,.4675,.0245
6542,.3765,.1287,.4041,.0273
6543,.5088,.0583,.3591,.0058
6544,.4411,.1434,.3563,.0068
6545,.4038,.1216,.4282,.0005
6546,.1591,.1499,.6180,.0112
6547,.3082,.1217,.4985,.0099
6548,.2287,.1504,.5385,.0166
6549,.1476,.1738,.4423,.0985
6550,.4540,.0846,.4002,.0041
6551,.4362,.0993,.3637,.0263
6552,.5133,.0763,.2976,.0372
6553,.4009,.0988,.3966,.0288
6554,.5350,.0619,.2512,.0805
6555,.5373,.0574,.3082,.0290
6556,.5561,.0610,.3117,.0027
6557,.5306,.0841,.3030,.0148
6558,.4803,.1082,.3283,.0111
6559,.2724,.3997,.2312,.0053
6560,.1451,.4102,.3577,.0118
6561,.4920,.1269,.3167,.0027
6562,.6562,.0347,.2385,.0014
6563,.4835,.0971,.3134,.0230
6564,.3489,.1928,.3520,.0206
6565,.0859,.5128,.3266,.0000
6566,.0234,.5777,.2932,.0134
6567,.1524,.4124,.3212,.0175
6568,.0342,.6606,.1693,.0544
6569,.0396,.4512,.3224,.0593
6570,.0890,.3063,.4198,.0738
6571,.2563,.1530,.4128,.0828
6572,.5093,.0839,.2366,.1085
6573,.1268,.3440,.2480,.0474
6574,.2138,.2967,.2782,.1060
6575,.0173,.5817,.0116,.1667
6576,.0821,.2837,.0776,.3236
6577,.2580,.1653,.2846,.1208
6578,.1383,.3476,.2395,.0496
6579,.2640,.1472,.1358,.1338
6580,.0000,.0010,.0033,.0007
6581,.0000,.0000,.0000,.0000
6582,.0000,.0000,.0000,.0000
6583,.0069,.0000,.0524,.0791
6584,.0778,.0000,.1424,.1303
6585,.0080,.0000,.0841,.0787
6586,.1114,.0000,.2153,.0983
6587,.1348,.0000,.2462,.2544
6588,.0082,.0000,.0265,.1361
6589,.0000,.0000,.0000,.0000
6590,.0000,.0000,.0000,.0000
6591,.0000,.0000,.0000,.0000
6592,.0000,.0000,.0000,.0000
6593,.0000,.0000,.0000,.0000
6594,.0000,.0000,.0000,.0000
6595,.0000,.0000,.0000,.0000
6596,.0000,.0000,.0000,.0000
6597,.0000,.0000,.0000,.0000
6598,.0000,.0000,.0000,.0000
6599,.0000,.0000,.0000,.0000
6600,.0000,.0000,.0000,.0000
6601,.0000,.0000,.0000,.0000
6602,.0000,.0000,.0000,.0000
6603,.0000,.0000,.0000,.0000
6604,.0000,.0000,.0000,.0000
6605,.0000,.0000,.0000,.0000
6606,.0000,.0000,.0000,.0000
6607,.0000,.0000,.0000,.0000
6608,.0000,.0000,.0000,.0000
6609,.0000,.0000,.0000,.0000
6610,.0000,.0000,.0000,.0000
6611,.0000,.0000,.0000,.0000
6612,.0000,.0000,.0000,.0000
6613,.0000,.0000,.0000,.0000
6614,.0000,.0000,.0000,.0000
6615,.0000,.0000,.0000,.0000
6616,.0000,.0000,.0000,.0000
6617,.0000,.0000,.0000,.0000
6618,.0000,.0000,.0000,.0000
6619,.0000,.0000,.0000,.0000
6620,.0000,.0000,.0000,.0000
6621,.0000,.0000,.0000,.0000
6622,.0000,.0000,.0000,.0000
6623,.0000,.0000,.0000,.0000
6624,.0000,.0000,.0000,.0000
6625,.0000,.0000,.0000,.0000
6626,.0000,.0000,.0000,.0000
6627,.0000,.0000,.0000,.0000
6628,.0000,.0000,.0000,.0000
6629,.0000,.0000,.0000,.0000
6630,.0000,.0000,.0000,.0000
6631,.0000,.0000,.0000,.0000
6632,.0000,.0000,.0000,.0000
6633,.0000,.0000,.0000,.0000
6634,.0000,.0000,.0000,.0000
6635,.0000,.0000,.0000,.0000
6636,.0000,.0000,.0000,.0000
6637,.0000,.0000,.0000,.0000
6638,.0000,.0000,.0000,.0000
6639,.0000,.0000,.0000,.0000
6640,.0000,.0000,.0000,.0000
6641,.0000,.0000,.0000,.0000
6642,.0000,.0000,.0000,.0000
6643,.0000,.0000,.0000,.0000
6644,.0000,.0000,.0000,.0000
6645,.0000,.0000,.0000,.0000
6646,.0000,.0000,.0000,.0000
6647,.0000,.0000,.0000,.0000
6648,.0000,.0000,.0000,.0000
6649,.0000,.0000,.0000,.0000
6650,.0000,.0000,.0000,.0000
6651,.3723,.0839,.4470,.0295
6652,.2452,.2796,.3817,.0083
6653,.3640,.1420,.4257,.0028
6654,.2662,.2549,.4085,.0014
6655,.1442,.3087,.4673,.0060
6656,.1855,.1860,.5619,.0000
6657,.2889,.1279,.5253,.0089
6658,.0979,.3503,.4653,.0083
6659,.0885,.3573,.4686,.0087
6660,.2227,.1691,.5226,.0075
6661,.1218,.2692,.5046,.0240
6662,.0502,.5278,.3271,.0077
6663,.1259,.4728,.2988,.0189
6664,.4337,.1111,.3931,.0056
6665,.4000,.0883,.4395,.0112
6666,.3943,.1126,.4212,.0110
6667,.5223,.0945,.2938,.0369
6668,.5059,.0774,.3386,.0269
6669,.4198,.1251,.4006,.0090
6670,.4947,.0996,.3362,.0049
6671,.2799,.1703,.4812,.0011
6672,.2145,.2421,.4722,.0010
6673,.4431,.0987,.3915,.0102
6674,.3225,.1185,.4804,.0171
6675,.3563,.0718,.5133,.0025
6676,.3742,.0790,.4813,.0079
6677,.3382,.1004,.5088,.0040
6678,.4312,.0847,.4300,.0015
6679,.4129,.1170,.4003,.0080
6680,.5306,.0578,.3461,.0031
6681,.4659,.1007,.3601,.0086
6682,.3308,.1303,.4500,.0197
6683,.5001,.0785,.3452,.0152
6684,.5258,.0902,.2878,.0279
6685,.4804,.0656,.3776,.0041
6686,.4429,.0884,.3604,.0375
6687,.5260,.0537,.2942,.0579
6688,.5351,.0765,.2971,.0210
6689,.6155,.0647,.2418,.0176
6690,.5691,.0318,.2933,.0427
6691,.4840,.1094,.3237,.0179
6692,.3724,.2130,.3419,.0046
6693,.0586,.4595,.3814,.0038
6694,.4691,.1387,.3295,.0029
6695,.6738,.0496,.2110,.0118
6696,.5803,.0296,.2637,.0489
6697,.5214,.0569,.3158,.0294
6698,.4362,.2144,.2598,.0218
6699,.0824,.3777,.4429,.0314
6700,.1326,.3846,.3920,.0108
6701,.1241,.3965,.3003,.0768
6702,.1899,.3961,.2200,.0558
6703,.0645,.4871,.2203,.0963
6704,.2040,.2783,.2864,.1399
6705,.1272,.4985,.2239,.0738
6706,.0193,.5300,.0660,.1246
6707,.1158,.5662,.1366,.0970
6708,.0308,.4791,.0286,.2439
6709,.0780,.4386,.1360,.1522
6710,.4550,.0584,.3236,.0816
6711,.4121,.1484,.2515,.0910
6712,.0080,.1617,.0296,.0795
6713,.0000,.0346,.0165,.1129
6714,.0000,.0000,.0000,.0000
6715,.0000,.0000,.0000,.0501
6716,.0385,.0000,.1521,.0667
6717,.2045,.0000,.2958,.2754
6718,.4097,.0000,.3860,.0579
6719,.4140,.0000,.3225,.1488
6720,.3730,.0000,.1897,.2797
6721,.3657,.0000,.1641,.3130
6722,.0000,.0000,.0118,.0223
6723,.0000,.0000,.0000,.0000
6724,.0000,.0000,.0000,.0000
6725,.0000,.0000,.0000,.0000
6726,.0000,.0000,.0000,.0000
6727,.0000,.0000,.0000,.0000
6728,.0000,.0000,.0000,.0000
6729,.0000,.0000,.0000,.0000
6730,.0000,.0000,.0000,.0000
6731,.0000,.0000,.0000,.0000
6732,.0000,.0000,.0000,.0000
6733,.0000,.0000,.0000,.0000
6734,.0000,.0000,.0000,.0000
6735,.0000,.0000,.0000,.0000
6736,.0000,.0000,.0000,.0000
6737,.0000,.0000,.0000,.0000
6738,.0000,.0000,.0000,.0000
6739,.0000,.0000,.0000,.0000
6740,.0000,.0000,.0000,.0000
6741,.0000,.0000,.0000,.0000
6742,.0000,.0000,.0000,.0000
6743,.0000,.0000,.0000,.0000
6744,.0000,.0000,.0000,.0000
6745,.0000,.0000,.0000,.0000
6746,.0000,.0000,.0000,.0000
6747,.0000,.0000,.0000,.0000
6748,.0000,.0000,.0000,.0000
6749,.0000,.0000,.0000,.0000
6750,.0000,.0000,.0000,.0000
6751,.0000,.0000,.0000,.0000
6752,.0000,.0000,.0000,.0000
6753,.0000,.0000,.0000,.0000
6754,.0000,.0000,.0000,.0000
6755,.0000,.0000,.0000,.0000
6756,.0000,.0000,.0000,.0000
6757,.0000,.0000,.0000,.0000
6758,.0000,.0000,.0000,.0000
6759,.0000,.0000,.0000,.0000
6760,.0000,.0000,.0000,.0000
6761,.0000,.0000,.0000,.0000
6762,.0000,.0000,.0000,.0000
6763,.0000,.0000,.0000,.0000
6764,.0000,.0000,.0000,.0000
6765,.0000,.0000,.0000,.0000
6766,.0000,.0000,.0000,.0000
6767,.0000,.0000,.0000,.0000
6768,.0000,.0000,.0000,.0000
6769,.0000,.0000,.0000,.0000
6770,.0000,.0000,.0000,.0000
6771,.0000,.0000,.0000,.0000
6772,.0000,.0000,.0000,.0000
6773,.0000,.0000,.0000,.0000
6774,.0000,.0000,.0000,.0000
6775,.0000,.0000,.0000,.0000
6776,.0000,.0000,.0000,.0000
6777,.0000,.0000,.0000,.0000
6778,.0000,.0000,.0000,.0000
6779,.0000,.0000,.0000,.0000
6780,.0000,.0000,.0000,.0000
6781,.0000,.0000,.0000,.0000
6782,.0000,.0000,.0000,.0000
6783,.0000,.0000,.0000,.0000
6784,.1556,.3687,.3624,.0321
6785,.2406,.3584,.3309,.0000
6786,.2659,.4017,.2601,.0131
6787,.3458,.2160,.3524,.0125
6788,.2456,.3057,.3737,.0152
6789,.2459,.1369,.5329,.0152
6790,.1292,.1570,.6010,.0270
6791,.1449,.1995,.5694,.0113
6792,.1720,.2456,.4865,.0340
6793,.2236,.1574,.5332,.0127
6794,.1776,.2475,.4913,.0077
6795,.2734,.1871,.4805,.0046
6796,.2012,.2690,.4320,.0258
6797,.1624,.2566,.3967,.0985
6798,.5823,.0574,.2642,.0404
6799,.3629,.1151,.4454,.0321
6800,.4589,.1778,.2986,.0145
6801,.5097,.1142,.3147,.0178
6802,.4501,.0983,.3812,.0221
6803,.4829,.0710,.3853,.0013
6804,.2076,.2632,.4571,.0029
6805,.0497,.4267,.4714,.0000
6806,.1594,.3233,.4701,.0019
6807,.2520,.2197,.4501,.0252
6808,.3729,.0818,.4819,.0113
6809,.2891,.0699,.5697,.0007
6810,.2058,.1071,.6325,.0029
6811,.4491,.1219,.3518,.0225
6812,.4431,.1267,.3610,.0091
6813,.4625,.1283,.3293,.0197
6814,.4633,.0600,.3876,.0218
6815,.3965,.0630,.4648,.0151
6816,.3543,.1523,.4121,.0049
6817,.4320,.1136,.3627,.0253
6818,.5204,.0662,.3287,.0145
6819,.4999,.0988,.2934,.0404
6820,.4109,.2015,.3143,.0082
6821,.3250,.2516,.3236,.0358
6822,.4947,.0738,.3518,.0075
6823,.5696,.0296,.3163,.0119
6824,.6221,.0790,.2417,.0000
6825,.5718,.0795,.2681,.0108
6826,.0713,.4670,.3797,.0000
6827,.3265,.2188,.3694,.0156
6828,.5962,.0701,.2754,.0044
6829,.4834,.1202,.2965,.0385
6830,.5426,.0384,.3408,.0181
6831,.3649,.2243,.3288,.0204
6832,.0608,.3246,.4980,.0418
6833,.0891,.4421,.3589,.0168
6834,.2786,.2368,.3720,.0358
6835,.1875,.1880,.4455,.0882
6836,.0421,.3581,.2776,.1959
6837,.0284,.6232,.1077,.1111
6838,.0322,.5854,.0868,.1191
6839,.0322,.6456,.0302,.0861
6840,.0090,.6632,.0525,.1042
6841,.0225,.4346,.0223,.2421
6842,.0543,.3265,.1545,.2122
6843,.2080,.1434,.2076,.2193
6844,.2696,.1788,.2239,.1930
6845,.0197,.2968,.0704,.1546
6846,.0000,.0000,.0000,.0055
6847,.0000,.0000,.0000,.0000
6848,.0000,.0000,.0001,.0004
6849,.0102,.0000,.0888,.0766
6850,.0349,.0000,.1076,.2677
6851,.1579,.0000,.5354,.1630
6852,.3295,.0000,.3775,.1383
6853,.2638,.0000,.1047,.2414
6854,.1096,.0000,.0524,.2563
6855,.0000,.0000,.0028,.0049
6856,.2565,.0133,.1446,.0734
6857,.0415,.0010,.0371,.1054
6858,.0000,.0000,.0011,.0000
6859,.0000,.0000,.0000,.0000
6860,.0000,.0000,.0000,.0000
6861,.0000,.0000,.0000,.0000
6862,.0000,.0000,.0000,.0000
6863,.0000,.0000,.0000,.0000
6864,.0000,.0000,.0000,.0000
6865,.0000,.0000,.0000,.0000
6866,.0000,.0000,.0000,.0000
6867,.0000,.0000,.0000,.0000
6868,.0000,.0000,.0000,.0000
6869,.0000,.0000,.0000,.0000
6870,.0000,.0000,.0000,.0000
6871,.0000,.0000,.0000,.0000
6872,.0000,.0000,.0000,.0000
6873,.0000,.0000,.0000,.0000
6874,.0000,.0000,.0000,.0000
6875,.0000,.0000,.0000,.0000
6876,.0000,.0000,.0000,.0000
6877,.0000,.0000,.0000,.0000
6878,.0000,.0000,.0000,.0000
6879,.0000,.0000,.0000,.0000
6880,.0000,.0000,.0000,.0000
6881,.0000,.0000,.0000,.0000
6882,.0000,.0000,.0000,.0000
6883,.0000,.0000,.0000,.0000
6884,.0000,.0000,.0000,.0000
6885,.0000,.0000,.0000,.0000
6886,.0000,.0000,.0000,.0000
6887,.0000,.0000,.0000,.0000
6888,.0000,.0000,.0000,.0000
6889,.0000,.0000,.0000,.0000
6890,.0000,.0000,.0000,.0000
6891,.0000,.0000,.0000,.0000
6892,.0000,.0000,.0000,.0000
6893,.0000,.0000,.0000,.0000
6894,.0000,.0000,.0000,.0000
6895,.0000,.0000,.0000,.0000
6896,.0000,.0000,.0000,.0000
6897,.0000,.0000,.0000,.0000
6898,.0000,.0000,.0000,.0000
6899,.0000,.0000,.0000,.0000
6900,.0000,.0000,.0000,.0000
6901,.0000,.0000,.0000,.0000
6902,.0000,.0000,.0000,.0000
6903,.0000,.0000,.0000,.0000
6904,.0000,.0000,.0000,.0000
6905,.0000,.0000,.0000,.0000
6906,.0000,.0000,.0000,.0000
6907,.0000,.0000,.0000,.0000
6908,.0000,.0000,.0000,.0000
6909,.0000,.0000,.0000,.0000
6910,.0000,.0000,.0000,.0000
6911,.0000,.0000,.0000,.0000
6912,.0000,.0000,.0000,.0000
6913,.0000,.0000,.0000,.0000
6914,.0000,.0000,.0000,.0000
6915,.0000,.0000,.0000,.0000
6916,.0000,.0000,.0000,.0000
6917,.1792,.3301,.2782,.1240
6918,.3042,.3025,.2992,.0346
6919,.1843,.4646,.2791,.0175
6920,.2624,.2729,.4119,.0002
6921,.2573,.3369,.3414,.0091
6922,.2991,.2069,.4120,.0255
6923,.1942,.1288,.5459,.0513
6924,.3348,.1222,.4363,.0318
6925,.1617,.1481,.5839,.0279
6926,.2384,.1480,.5111,.0223
6927,.2160,.3041,.3621,.0326
6928,.2374,.2608,.4366,.0028
6929,.3070,.0974,.5208,.0161
6930,.3408,.1445,.4644,.0000
6931,.2594,.2564,.4077,.0226
6932,.3592,.1525,.4246,.0140
6933,.3595,.2307,.3482,.0037
6934,.3973,.1915,.3556,.0115
6935,.4994,.0662,.3792,.0127
6936,.5171,.0643,.3376,.0208
6937,.0405,.5738,.3134,.0000
6938,.0067,.6411,.2940,.0004
6939,.0251,.5200,.3250,.0493
6940,.0530,.3934,.4387,.0704
6941,.2982,.1211,.5145,.0138
6942,.2156,.0674,.6460,.0030
6943,.3396,.0687,.4942,.0386
6944,.5380,.0751,.2530,.0755
6945,.3111,.2427,.3232,.0624
6946,.3793,.1828,.3539,.0227
6947,.5283,.0426,.3374,.0210
6948,.5393,.0423,.3314,.0123
6949,.5286,.0593,.3406,.0060
6950,.4836,.0760,.3711,.0020
6951,.5592,.0557,.3100,.0109
6952,.5304,.0636,.3215,.0107
6953,.4338,.1929,.2883,.0139
6954,.2280,.3918,.2934,.0074
6955,.2266,.3491,.3515,.0021
6956,.2701,.4026,.2380,.0236
6957,.4783,.1869,.2602,.0141
6958,.3731,.2140,.3365,.0142
6959,.3828,.1722,.3717,.0111
6960,.1903,.3842,.3594,.0072
6961,.5433,.0544,.3270,.0052
6962,.4010,.2074,.3171,.0116
6963,.4617,.1606,.2398,.0835
6964,.3315,.2200,.3270,.0491
6965,.2782,.2480,.3086,.0895
6966,.4607,.1222,.2440,.0823
6967,.2127,.2060,.4647,.0268
6968,.3865,.1069,.4021,.0179
6969,.2893,.1262,.4303,.0509
6970,.2170,.2462,.2793,.1392
6971,.2438,.2249,.3044,.1224
6972,.1484,.2690,.1249,.1949
6973,.0315,.3797,.0797,.1593
6974,.0081,.3136,.0383,.2827
6975,.0095,.5365,.0181,.1724
6976,.0171,.4820,.0615,.1504
6977,.0543,.4920,.0821,.1399
6978,.0654,.2232,.1087,.2847
6979,.0000,.0000,.0096,.0855
6980,.0000,.0000,.0000,.0000
6981,.0009,.0086,.0401,.0128
6982,.0099,.0595,.2481,.1688
6983,.1229,.0435,.2873,.2323
6984,.0637,.0147,.4459,.1637
6985,.3482,.0114,.3990,.1414
6986,.1336,.0000,.1414,.2137
6987,.0000,.0000,.0006,.0286
6988,.0784,.0174,.0719,.0443
6989,.2641,.0612,.1127,.1475
6990,.1605,.0006,.0393,.0596
6991,.0000,.0000,.0000,.0015
6992,.0000,.0000,.0000,.0000
6993,.0020,.0099,.0045,.0525
6994,.0000,.0000,.0000,.0047
6995,.0000,.0000,.0000,.0000
6996,.0000,.0000,.0000,.0000
6997,.0000,.0000,.0000,.0000
6998,.0000,.0000,.0000,.0000
6999,.0000,.0000,.0000,.0000
7000,.0000,.0000,.0000,.0000
7001,.0000,.0000,.0000,.0000
7002,.0000,.0000,.0000,.0000
7003,.0000,.0000,.0000,.0000
7004,.0000,.0000,.0000,.0000
7005,.0000,.0000,.0000,.0000
7006,.0000,.0000,.0000,.0000
7007,.0000,.0000,.0000,.0000
7008,.0000,.0000,.0000,.0000
7009,.0000,.0000,.0000,.0000
7010,.0000,.0000,.0000,.0000
7011,.0000,.0000,.0000,.0000
7012,.0000,.0000,.0000,.0000
7013,.0000,.0000,.0000,.0000
7014,.0000,.0000,.0000,.0000
7015,.0000,.0000,.0000,.0000
7016,.0000,.0000,.0000,.0000
7017,.0000,.0000,.0000,.0000
7018,.0000,.0000,.0000,.0000
7019,.0000,.0000,.0000,.0000
7020,.0000,.0000,.0000,.0000
7021,.0000,.0000,.0000,.0000
7022,.0000,.0000,.0000,.0000
7023,.0000,.0000,.0000,.0000
7024,.0000,.0000,.0000,.0000
7025,.0000,.0000,.0000,.0000
7026,.0000,.0000,.0000,.0000
7027,.0000,.0000,.0000,.0000
7028,.0000,.0000,.0000,.0000
7029,.0000,.0000,.0000,.0000
7030,.0000,.0000,.0000,.0000
7031,.0000,.0000,.0000,.0000
7032,.0000,.0000,.0000,.0000
7033,.0000,.0000,.0000,.0000
7034,.0000,.0000,.0000,.0000
7035,.0000,.0000,.0000,.0000
7036,.0000,.0000,.0000,.0000
7037,.0000,.0000,.0000,.0000
7038,.0000,.0000,.0000,.0000
7039,.0000,.0000,.0000,.0000
7040,.0000,.0000,.0000,.0000
7041,.0000,.0000,.0000,.0000
7042,.0000,.0000,.0000,.0000
7043,.0000,.0000,.0000,.0000
7044,.0000,.0000,.0000,.0000
7045,.0000,.0000,.0000,.0000
7046,.0000,.0000,.0000,.0000
7047,.0000,.0000,.0000,.0000
7048,.0000,.0000,.0000,.0000
7049,.0000,.0000,.0000,.0000
7050,.1221,.4943,.1792,.0880
7051,.2511,.2841,.2950,.0818
7052,.1720,.4915,.2400,.0294
7053,.2113,.4084,.2567,.0492
7054,.1038,.4519,.3278,.0386
7055,.1559,.3143,.4326,.0285
7056,.2845,.1558,.4517,.0417
7057,.2309,.1549,.4995,.0535
7058,.3119,.1054,.3568,.1409
7059,.3042,.0679,.2515,.2810
7060,.2010,.2086,.2106,.2417
7061,.2971,.1858,.3094,.1130
7062,.2448,.2235,.4595,.0161
7063,.3111,.1854,.4390,.0078
7064,.2926,.2417,.4039,.0069
7065,.3177,.1660,.4253,.0325
7066,.2904,.2205,.4143,.0133
7067,.2489,.3062,.3791,.0010
7068,.3274,.1983,.4030,.0223
7069,.4098,.1441,.3772,.0118
7070,.1254,.3387,.4800,.0000
7071,.0177,.6663,.2369,.0280
7072,.0155,.4009,.1311,.2653
7073,.0417,.3452,.5205,.0344
7074,.1084,.2612,.5559,.0073
7075,.2807,.1600,.4717,.0237
7076,.4172,.1127,.3941,.0160
7077,.4025,.1519,.3392,.0508
7078,.4833,.1181,.2830,.0533
7079,.5082,.0859,.3027,.0364
7080,.6076,.0333,.2627,.0252
7081,.5208,.0989,.2800,.0230
7082,.5193,.1022,.3149,.0033
7083,.5156,.0566,.3313,.0272
7084,.5658,.0672,.2654,.0357
7085,.5283,.0695,.3027,.0283
7086,.3655,.1883,.3829,.0000
7087,.2382,.2232,.4648,.0034
7088,.1762,.2983,.4092,.0501
7089,.3253,.2432,.3598,.0112
7090,.3494,.2612,.2918,.0285
7091,.2427,.1662,.4953,.0055
7092,.4021,.1619,.3629,.0060
7093,.5416,.0598,.3154,.0278
7094,.5156,.0545,.3290,.0339
7095,.4252,.1870,.3004,.0133
7096,.1751,.3503,.3793,.0248
7097,.3397,.1388,.4219,.0289
7098,.3172,.1302,.4682,.0086
7099,.2259,.1841,.4684,.0211
7100,.3898,.1392,.3852,.0081
7101,.4658,.1046,.3432,.0216
7102,.5263,.1066,.2453,.0371
7103,.2927,.1535,.3801,.0677
7104,.3283,.2575,.2910,.0296
7105,.0880,.3369,.1248,.2318
7106,.1487,.3630,.0266,.1456
7107,.0081,.1438,.1675,.2703
7108,.0060,.4111,.0551,.2466
7109,.0115,.7690,.0267,.0126
7110,.0089,.7895,.0167,.0272
7111,.0044,.5583,.0805,.1871
7112,.0000,.0074,.0147,.1072
7113,.0000,.0000,.0008,.0048
7114,.0644,.1135,.1970,.0950
7115,.0971,.2641,.2295,.2423
7116,.0984,.0660,.1990,.2939
7117,.0849,.0130,.2367,.2973
7118,.1317,.0216,.3555,.2187
7119,.4612,.0439,.2698,.0954
7120,.4095,.0544,.2107,.1139
7121,.4532,.0623,.2364,.0869
7122,.3158,.0532,.2104,.1186
7123,.0205,.0033,.0186,.0437
7124,.0003,.0017,.0089,.0000
7125,.1859,.1310,.3757,.0550
7126,.1850,.1811,.2607,.0496
7127,.0145,.0092,.0078,.0096
7128,.0000,.0000,.0000,.0000
7129,.0000,.0000,.0000,.0000
7130,.0000,.0000,.0000,.0000
7131,.0000,.0000,.0000,.0000
7132,.0000,.0000,.0000,.0000
7133,.0000,.0000,.0000,.0000
7134,.0000,.0000,.0000,.0000
7135,.0000,.0000,.0000,.0000
7136,.0000,.0000,.0000,.0000
7137,.0000,.0000,.0000,.0000
7138,.0000,.0000,.0000,.0000
7139,.0000,.0000,.0000,.0000
7140,.0000,.0000,.0000,.0000
7141,.0000,.0000,.0000,.0000
7142,.0000,.0000,.0000,.0000
7143,.0000,.0000,.0000,.0000
7144,.0000,.0000,.0000,.0000
7145,.0000,.0000,.0000,.0000
7146,.0000,.0000,.0000,.0000
7147,.0000,.0000,.0000,.0000
7148,.0000,.0000,.0000,.0000
7149,.0000,.0000,.0000,.0000
7150,.0000,.0000,.0000,.0000
7151,.0000,.0000,.0000,.0000
7152,.0000,.0000,.0000,.0000
7153,.0000,.0000,.0000,.0000
7154,.0000,.0000,.0000,.0000
7155,.0000,.0000,.0000,.0000
7156,.0000,.0000,.0000,.0000
7157,.0000,.0000,.0000,.0000
7158,.0000,.0000,.0000,.0000
7159,.0000,.0000,.0000,.0000
7160,.0000,.0000,.0000,.0000
7161,.0000,.0000,.0000,.0000
7162,.0000,.0000,.0000,.0000
7163,.0000,.0000,.0000,.0000
7164,.0000,.0000,.0000,.0000
7165,.0000,.0000,.0000,.0000
7166,.0000,.0000,.0000,.0000
7167,.0000,.0000,.0000,.0000
7168,.0000,.0000,.0000,.0000
7169,.0000,.0000,.0000,.0000
7170,.0000,.0000,.0000,.0000
7171,.0000,.0000,.0000,.0000
7172,.0000,.0000,.0000,.0000
7173,.0000,.0000,.0000,.0000
7174,.0000,.0000,.0000,.0000
7175,.0000,.0000,.0000,.0000
7176,.0000,.0000,.0000,.0000
7177,.0000,.0000,.0000,.0000
7178,.0000,.0000,.0000,.0000
7179,.0000,.0000,.0000,.0000
7180,.0000,.0000,.0000,.0000
7181,.0000,.0000,.0000,.0000
7182,.0000,.0000,.0000,.0000
7183,.2235,.2888,.3664,.0346
7184,.2060,.3106,.3618,.0222
7185,.0741,.6012,.1641,.0049
7186,.0927,.6707,.1301,.0076
7187,.0443,.6823,.2052,.0027
7188,.0541,.4525,.3914,.0238
7189,.1539,.2295,.5027,.0331
7190,.2449,.3386,.2963,.0375
7191,.3094,.2514,.2553,.1077
7192,.2601,.3093,.3023,.0676
7193,.1545,.3781,.2275,.1403
7194,.3950,.1243,.3263,.0910
7195,.0281,.6954,.1341,.0303
7196,.0645,.4377,.3578,.0226
7197,.1486,.3932,.3643,.0125
7198,.2742,.1995,.4343,.0390
7199,.3268,.2144,.3344,.0599
7200,.4593,.1291,.3137,.0421
7201,.1992,.2602,.4743,.0048
7202,.1764,.3666,.3879,.0115
7203,.2538,.2051,.4603,.0161
7204,.2762,.2839,.3669,.0158
7205,.0359,.5139,.3873,.0115
7206,.0347,.6743,.2349,.0000
7207,.0341,.5634,.2315,.0508
7208,.1046,.3509,.4492,.0146
7209,.4849,.0998,.3384,.0089
7210,.4933,.1723,.2457,.0213
7211,.5074,.1134,.2965,.0122
7212,.5939,.0443,.2515,.0462
7213,.6454,.0571,.2006,.0209
7214,.4743,.1130,.2927,.0350
7215,.6504,.0441,.2301,.0126
7216,.5964,.0393,.2772,.0185
7217,.5725,.0485,.2850,.0202
7218,.4609,.0859,.3890,.0021
7219,.3345,.1993,.3643,.0361
7220,.1495,.4266,.3237,.0253
7221,.0761,.5742,.2304,.0237
7222,.0806,.4462,.3725,.0112
7223,.2752,.2628,.3445,.0217
7224,.2227,.2181,.4370,.0293
7225,.4513,.0670,.3967,.0076
7226,.4259,.0641,.4102,.0293
7227,.5456,.0192,.3698,.0028
7228,.4085,.1243,.3453,.0277
7229,.2460,.2807,.3572,.0246
7230,.3980,.1119,.4172,.0081
7231,.4016,.0741,.4170,.0355
7232,.3302,.1113,.4589,.0101
7233,.3714,.0681,.4648,.0252
7234,.6127,.0280,.2529,.0402
7235,.5629,.0461,.2932,.0356
7236,.1361,.3546,.3605,.0637
7237,.0810,.4335,.2034,.0923
7238,.1215,.4342,.1625,.0769
7239,.0141,.2827,.0567,.3207
7240,.0632,.1337,.1082,.3317
7241,.0192,.3488,.0568,.2140
7242,.0120,.6734,.0202,.0711
7243,.0025,.5887,.0609,.1225
7244,.0067,.3528,.0289,.1870
7245,.0007,.0158,.0341,.0712
7246,.0038,.0022,.0112,.0756
7247,.0224,.0983,.2146,.1705
7248,.0679,.2897,.2064,.1838
7249,.1434,.0823,.2066,.2670
7250,.0349,.0487,.2128,.3636
7251,.0892,.0871,.3023,.2228
7252,.0419,.1498,.2125,.2422
7253,.0747,.1355,.1849,.2547
7254,.2594,.1957,.2376,.0922
7255,.1359,.1714,.1256,.1640
7256,.0004,.0048,.0029,.0279
7257,.0027,.0021,.0007,.0294
7258,.5010,.0770,.3099,.0205
7259,.3120,.1888,.2420,.0494
7260,.1729,.1046,.1873,.1972
7261,.0062,.0016,.0089,.0501
7262,.0000,.0000,.0000,.0000
7263,.0000,.0000,.0000,.0000
7264,.0051,.0019,.0105,.0064
7265,.0215,.1167,.0669,.1273
7266,.0101,.1249,.0474,.1498
7267,.0040,.0552,.0331,.0641
7268,.0000,.0000,.0000,.0000
7269,.0000,.0000,.0000,.0000
7270,.0000,.0000,.0000,.0000
7271,.0000,.0000,.0000,.0000
7272,.0000,.0000,.0000,.0000
7273,.0000,.0000,.0000,.0000
7274,.0000,.0000,.0000,.0000
7275,.0000,.0000,.0000,.0000
7276,.0000,.0000,.0000,.0000
7277,.0000,.0000,.0000,.0000
7278,.0000,.0000,.0000,.0000
7279,.0000,.0000,.0000,.0000
7280,.0000,.0000,.0000,.0000
7281,.0000,.0000,.0000,.0000
7282,.0000,.0000,.0000,.0000
7283,.0000,.0000,.0000,.0000
7284,.0000,.0000,.0000,.0000
7285,.0000,.0000,.0000,.0000
7286,.0000,.0000,.0000,.0000
7287,.0000,.0000,.0000,.0000
7288,.0000,.0000,.0000,.0000
7289,.0000,.0000,.0000,.0000
7290,.0000,.0000,.0000,.0000
7291,.0000,.0000,.0000,.0000
7292,.0000,.0000,.0000,.0000
7293,.0000,.0000,.0000,.0000
7294,.0000,.0000,.0000,.0000
7295,.0000,.0000,.0000,.0000
7296,.0000,.0000,.0000,.0000
7297,.0000,.0000,.0000,.0000
7298,.0000,.0000,.0000,.0000
7299,.0000,.0000,.0000,.0000
7300,.0000,.0000,.0000,.0000
7301,.0000,.0000,.0000,.0000
7302,.0000,.0000,.0000,.0000
7303,.0000,.0000,.0000,.0000
7304,.0000,.0000,.0000,.0000
7305,.0000,.0000,.0000,.0000
7306,.0000,.0000,.0000,.0000
7307,.0000,.0000,.0000,.0000
7308,.0000,.0000,.0000,.0000
7309,.0000,.0000,.0000,.0000
7310,.0000,.0000,.0000,.0000
7311,.0000,.0000,.0000,.0000
7312,.0000,.0000,.0000,.0000
7313,.0000,.0000,.0000,.0000
7314,.0000,.0000,.0000,.0000
7315,.0000,.0000,.0000,.0000
7316,.1043,.4017,.2205,.0798
7317,.0634,.2364,.2817,.1039
7318,.0366,.4224,.2980,.0232
7319,.0630,.4361,.2630,.0573
7320,.1225,.3655,.4143,.0159
7321,.1867,.3376,.3733,.0228
7322,.1401,.1634,.6032,.0211
7323,.0576,.5217,.2915,.0081
7324,.1082,.5075,.2339,.0384
7325,.1067,.6374,.1866,.0043
7326,.1108,.4405,.3572,.0105
7327,.3426,.1589,.3179,.1179
7328,.0152,.8545,.0459,.0006
7329,.0129,.7874,.1100,.0008
7330,.2177,.3181,.3339,.0469
7331,.3575,.2130,.3442,.0280
7332,.2763,.2597,.3665,.0383
7333,.2696,.2746,.3547,.0392
7334,.3603,.2268,.3335,.0298
7335,.3278,.2728,.3392,.0062
7336,.3514,.2145,.3674,.0066
7337,.2346,.2484,.4529,.0052
7338,.4355,.1202,.3470,.0374
7339,.3765,.1550,.3539,.0527
7340,.2171,.3637,.3444,.0108
7341,.1834,.2798,.4522,.0076
7342,.1255,.3815,.3777,.0289
7343,.3379,.1722,.3378,.0844
7344,.5265,.0546,.3071,.0339
7345,.4311,.1557,.2969,.0501
7346,.4542,.0828,.3682,.0157
7347,.6771,.0137,.2207,.0166
7348,.6380,.0669,.2000,.0231
7349,.5612,.0682,.2779,.0180
7350,.5985,.0397,.2459,.0444
7351,.5177,.0564,.3379,.0120
7352,.4521,.0856,.3771,.0276
7353,.4955,.1027,.2994,.0338
7354,.2792,.2488,.3378,.0347
7355,.1875,.3147,.3853,.0101
7356,.1209,.3224,.4241,.0161
7357,.2395,.1739,.4672,.0186
7358,.4452,.0626,.4033,.0141
7359,.4935,.0219,.3895,.0178
7360,.3595,.0510,.4982,.0199
7361,.4619,.0920,.3620,.0239
7362,.3369,.1356,.4508,.0141
7363,.4889,.0214,.3770,.0465
7364,.5114,.0522,.3531,.0072
7365,.3568,.0865,.4020,.0540
7366,.2772,.1611,.3977,.0760
7367,.3336,.1543,.3049,.1093
7368,.2949,.2035,.3593,.0319
7369,.3579,.2266,.2572,.0854
7370,.0200,.4899,.0250,.1720
7371,.0802,.2342,.0812,.2888
7372,.0197,.1012,.0799,.4813
7373,.0106,.1567,.0680,.4156
7374,.0259,.5199,.0312,.1517
7375,.0143,.6093,.0859,.1250
7376,.0086,.4798,.1212,.1471
7377,.0231,.0832,.1358,.1897
7378,.0083,.1103,.1797,.1651
7379,.0245,.1286,.2608,.1853
7380,.0742,.0984,.2537,.1755
7381,.1594,.2674,.2157,.1086
7382,.2388,.1705,.3289,.0967
7383,.0419,.0861,.2373,.3042
7384,.1941,.1184,.3024,.1921
7385,.2142,.2283,.2581,.0918
7386,.1217,.2378,.2151,.1809
7387,.0266,.4751,.0644,.1485
7388,.3977,.1373,.2621,.0644
7389,.3686,.0864,.2452,.0554
7390,.0866,.1122,.2285,.0583
7391,.1178,.1497,.1393,.1005
7392,.2319,.1592,.3162,.0713
7393,.2892,.1431,.3246,.0854
7394,.1364,.0918,.0972,.1415
7395,.0073,.0330,.0175,.0434
7396,.0091,.0249,.0308,.0255
7397,.0180,.1267,.0649,.0769
7398,.0191,.2257,.1147,.2045
7399,.0854,.2281,.1966,.2352
7400,.0010,.0205,.0125,.0438
7401,.0000,.0000,.0000,.0000
7402,.0000,.0000,.0000,.0000
7403,.0065,.0902,.0260,.0802
7404,.0000,.0004,.0009,.0019
7405,.0000,.0000,.0000,.0000
7406,.0000,.0000,.0000,.0000
7407,.0000,.0000,.0000,.0000
7408,.0000,.0000,.0000,.0000
7409,.0000,.0000,.0000,.0000
7410,.0000,.0000,.0000,.0000
7411,.0000,.0000,.0000,.0000
7412,.0000,.0000,.0000,.0000
7413,.0000,.0000,.0000,.0000
7414,.0000,.0000,.0000,.0000
7415,.0000,.0000,.0000,.0000
7416,.0000,.0000,.0000,.0000
7417,.0000,.0000,.0000,.0000
7418,.0000,.0000,.0000,.0000
7419,.0000,.0000,.0000,.0000
7420,.0000,.0000,.0000,.0000
7421,.0000,.0000,.0000,.0000
7422,.0000,.0000,.0000,.0000
7423,.0000,.0000,.0000,.0000
7424,.0000,.0000,.0000,.0000
7425,.0000,.0000,.0000,.0000
7426,.0000,.0000,.0000,.0000
7427,.0000,.0000,.0000,.0000
7428,.0000,.0000,.0000,.0000
7429,.0000,.0000,.0000,.0000
7430,.0000,.0000,.0000,.0000
7431,.0000,.0000,.0000,.0000
7432,.0000,.0000,.0000,.0000
7433,.0000,.0000,.0000,.0000
7434,.0000,.0000,.0000,.0000
7435,.0000,.0000,.0000,.0000
7436,.0000,.0000,.0000,.0000
7437,.0000,.0000,.0000,.0000
7438,.0000,.0000,.0000,.0000
7439,.0000,.0000,.0000,.0000
7440,.0000,.0000,.0000,.0000
7441,.0000,.0000,.0000,.0000
7442,.0000,.0000,.0000,.0000
7443,.0000,.0000,.0000,.0000
7444,.0000,.0000,.0000,.0000
7445,.0000,.0000,.0000,.0000
7446,.0000,.0000,.0000,.0000
7447,.0000,.0000,.0000,.0000
7448,.0000,.0000,.0000,.0000
7449,.0616,.3357,.1481,.1676
7450,.0109,.0629,.3132,.1795
7451,.0264,.3459,.3298,.0451
7452,.1078,.3360,.4311,.0089
7453,.2512,.1996,.3788,.0823
7454,.2489,.2406,.4285,.0092
7455,.1794,.4003,.3066,.0207
7456,.1527,.3164,.3702,.0252
7457,.1033,.5285,.2011,.0201
7458,.0499,.6269,.2287,.0010
7459,.0457,.5852,.2360,.0585
7460,.2075,.4344,.2028,.0744
7461,.0195,.7975,.1152,.0000
7462,.0199,.8081,.0956,.0035
7463,.1157,.4397,.3657,.0015
7464,.0645,.6769,.1671,.0108
7465,.3831,.1379,.3933,.0131
7466,.0398,.4321,.4554,.0045
7467,.0402,.4127,.4881,.0000
7468,.1622,.3437,.4417,.0037
7469,.2931,.2345,.3752,.0484
7470,.3428,.1740,.4133,.0134
7471,.4342,.1398,.3131,.0575
7472,.4921,.0939,.3253,.0238
7473,.6211,.0519,.2268,.0382
7474,.5958,.0463,.2689,.0222
7475,.3643,.2449,.2822,.0423
7476,.3867,.1847,.3408,.0190
7477,.6468,.0528,.2185,.0147
7478,.5303,.1284,.2417,.0254
7479,.3728,.1753,.3337,.0364
7480,.3692,.1778,.3010,.0369
7481,.3417,.1888,.3059,.0683
7482,.3672,.1879,.3498,.0212
7483,.3780,.1477,.3739,.0326
7484,.4872,.0615,.3568,.0174
7485,.5771,.0184,.3251,.0072
7486,.4925,.0472,.3916,.0046
7487,.4122,.0966,.4184,.0119
7488,.4873,.0814,.3372,.0287
7489,.2369,.2230,.4196,.0222
7490,.4267,.0420,.4279,.0337
7491,.4672,.0372,.4231,.0044
7492,.4409,.1240,.2388,.0788
7493,.4876,.0504,.3321,.0459
7494,.3881,.0851,.4163,.0282
7495,.3615,.1019,.4215,.0356
7496,.4048,.1274,.3722,.0306
7497,.4859,.0959,.3177,.0299
7498,.4351,.0668,.3755,.0324
7499,.2396,.2292,.3614,.0750
7500,.3121,.3055,.1916,.0768
7501,.0241,.7268,.0653,.0367
7502,.0607,.4644,.0646,.1212
7503,.0247,.2943,.0753,.2979
7504,.0206,.0746,.1001,.3923
7505,.0185,.1948,.0739,.3379
7506,.0145,.4966,.0351,.1147
7507,.0282,.4763,.0414,.1961
7508,.0030,.6372,.1018,.0544
7509,.0035,.4159,.1451,.1555
7510,.0083,.2071,.0278,.1478
7511,.0237,.2636,.2397,.1314
7512,.2719,.1116,.3785,.0810
7513,.0777,.2953,.1927,.1643
7514,.1708,.3232,.2611,.0763
7515,.2207,.1865,.2763,.1420
7516,.2532,.1084,.2149,.2305
7517,.5099,.0474,.2740,.0646
7518,.5620,.1351,.1941,.0253
7519,.3965,.1039,.3537,.0434
7520,.2686,.2446,.2970,.0595
7521,.2812,.1202,.4125,.0642
7522,.1974,.1204,.5509,.0299
7523,.3197,.0820,.5138,.0098
7524,.2286,.2024,.4105,.0351
7525,.4750,.0660,.3877,.0015
7526,.4219,.0884,.3768,.0171
7527,.3796,.1041,.3928,.0428
7528,.3794,.1894,.3128,.0193
7529,.0070,.5126,.0804,.0352
7530,.0474,.1647,.2056,.1561
7531,.0992,.1764,.4669,.1051
7532,.1059,.4014,.2116,.1473
7533,.0294,.2314,.0541,.1362
7534,.0022,.0195,.0425,.0460
7535,.0293,.1373,.0314,.1977
7536,.0175,.3334,.1748,.2336
7537,.0157,.3100,.1471,.1695
7538,.0070,.1061,.0592,.0969
7539,.0013,.1449,.0092,.0804
7540,.0000,.0039,.0006,.0066
7541,.0000,.0000,.0000,.0000
7542,.0000,.0000,.0000,.0000
7543,.0000,.0000,.0000,.0000
7544,.0000,.0000,.0000,.0000
7545,.0000,.0000,.0000,.0000
7546,.0000,.0000,.0000,.0000
7547,.0000,.0000,.0000,.0000
7548,.0000,.0000,.0000,.0000
7549,.0000,.0000,.0000,.0000
7550,.0000,.0000,.0000,.0000
7551,.0000,.0000,.0000,.0000
7552,.0000,.0000,.0000,.0000
7553,.0000,.0000,.0000,.0000
7554,.0000,.0000,.0000,.0000
7555,.0000,.0000,.0000,.0000
7556,.0000,.0000,.0000,.0000
7557,.0000,.0000,.0000,.0000
7558,.0000,.0000,.0000,.0000
7559,.0000,.0000,.0000,.0000
7560,.0000,.0000,.0000,.0000
7561,.0000,.0000,.0000,.0000
7562,.0000,.0000,.0000,.0000
7563,.0000,.0000,.0000,.0000
7564,.0000,.0000,.0000,.0000
7565,.0000,.0000,.0000,.0000
7566,.0000,.0000,.0000,.0000
7567,.0000,.0000,.0000,.0000
7568,.0000,.0000,.0000,.0000
7569,.0000,.0000,.0000,.0000
7570,.0000,.0000,.0000,.0000
7571,.0000,.0000,.0000,.0000
7572,.0000,.0000,.0000,.0000
7573,.0000,.0000,.0000,.0000
7574,.0000,.0000,.0000,.0000
7575,.0000,.0000,.0000,.0000
7576,.0000,.0000,.0000,.0000
7577,.0000,.0000,.0000,.0000
7578,.0000,.0000,.0000,.0000
7579,.0000,.0000,.0000,.0000
7580,.0000,.0000,.0000,.0000
7581,.0000,.0000,.0000,.0000
7582,.3842,.1356,.3677,.0360
7583,.1601,.2288,.4392,.0259
7584,.1283,.4901,.2654,.0026
7585,.0519,.4905,.3237,.0000
7586,.0492,.4855,.3032,.0154
7587,.2949,.1218,.5050,.0019
7588,.5706,.0098,.3421,.0083
7589,.5909,.0192,.3086,.0124
7590,.2825,.2542,.3717,.0051
7591,.0582,.4723,.3649,.0000
7592,.0576,.6407,.1724,.0327
7593,.3385,.2091,.2548,.1220
7594,.2794,.3108,.2673,.0776
7595,.1387,.4982,.2744,.0096
7596,.0222,.8012,.0936,.0118
7597,.0136,.7730,.1515,.0000
7598,.0406,.5246,.3266,.0085
7599,.0137,.4777,.4463,.0049
7600,.0037,.5399,.4132,.0000
7601,.0763,.3737,.4973,.0000
7602,.1795,.3339,.4081,.0308
7603,.3923,.1232,.4116,.0077
7604,.4590,.1092,.3656,.0035
7605,.4705,.1334,.2524,.0843
7606,.5170,.0798,.2761,.0591
7607,.4823,.0548,.3612,.0315
7608,.5259,.0592,.3368,.0095
7609,.5261,.0499,.3455,.0136
7610,.6121,.0238,.2686,.0218
7611,.5850,.0308,.3136,.0009
7612,.6022,.0372,.2644,.0188
7613,.4767,.1473,.2726,.0234
7614,.2420,.2815,.3456,.0439
7615,.4544,.0653,.3499,.0547
7616,.3917,.1049,.3661,.0610
7617,.5351,.0752,.2799,.0317
7618,.6397,.0280,.2464,.0085
7619,.4998,.0413,.3559,.0240
7620,.4690,.0903,.3719,.0011
7621,.5163,.0589,.3440,.0029
7622,.3526,.2243,.3149,.0190
7623,.3729,.1389,.3688,.0337
7624,.4628,.0428,.3247,.0913
7625,.4331,.1143,.2794,.0791
7626,.3970,.1102,.3096,.0638
7627,.4665,.0919,.3298,.0214
7628,.4008,.1297,.3716,.0267
7629,.2633,.3219,.2974,.0407
7630,.1078,.4046,.2895,.0835
7631,.2246,.2668,.3544,.0491
7632,.0803,.3443,.2927,.1106
7633,.3988,.1511,.3080,.0583
7634,.1891,.4397,.1288,.1266
7635,.0237,.5435,.0558,.0793
7636,.0101,.4218,.0685,.1343
7637,.0099,.1721,.1243,.2313
7638,.0106,.3932,.0418,.2107
7639,.0191,.5967,.0472,.0963
7640,.0351,.3183,.0973,.2623
7641,.0154,.2307,.1173,.2893
7642,.0101,.4771,.0625,.1193
7643,.0112,.3273,.0614,.1610
7644,.0172,.3087,.1202,.1651
7645,.0536,.1660,.1876,.3182
7646,.0823,.2203,.2034,.2461
7647,.0182,.2445,.0871,.2783
7648,.0335,.1448,.1381,.3606
7649,.1008,.2927,.1831,.2096
7650,.1947,.3008,.2562,.0732
7651,.2438,.3174,.2602,.0282
7652,.3395,.1615,.3128,.0715
7653,.2201,.1560,.4091,.0764
7654,.1803,.3270,.3213,.0564
7655,.0802,.3612,.4099,.0323
7656,.1506,.2375,.3648,.0925
7657,.4199,.0998,.4016,.0030
7658,.6368,.0449,.2640,.0000
7659,.6577,.0134,.2571,.0078
7660,.5330,.0488,.3014,.0385
7661,.5106,.0548,.3338,.0147
7662,.2348,.2359,.3875,.0406
7663,.0481,.6800,.0925,.0636
7664,.0135,.6574,.1731,.0827
7665,.0339,.4699,.2409,.1272
7666,.0301,.7093,.0865,.0669
7667,.0293,.4590,.0715,.1635
7668,.0404,.4895,.1141,.1346
7669,.0356,.4392,.1491,.2103
7670,.0381,.4416,.3022,.0489
7671,.0162,.5878,.1845,.0452
7672,.0152,.6051,.0634,.0532
7673,.0118,.2317,.0674,.1527
7674,.0000,.0001,.0000,.0049
7675,.0004,.0071,.0070,.0150
7676,.0000,.0000,.0003,.0021
7677,.0000,.0000,.0000,.0000
7678,.0000,.0000,.0000,.0000
7679,.0000,.0000,.0000,.0000
7680,.0000,.0000,.0000,.0000
7681,.0000,.0000,.0000,.0000
7682,.0000,.0000,.0000,.0000
7683,.0000,.0000,.0000,.0000
7684,.0000,.0000,.0000,.0000
7685,.0000,.0000,.0000,.0000
7686,.0000,.0000,.0000,.0000
7687,.0000,.0000,.0000,.0000
7688,.0000,.0000,.0000,.0000
7689,.0000,.0000,.0000,.0000
7690,.0000,.0000,.0000,.0000
7691,.0000,.0000,.0000,.0000
7692,.0000,.0000,.0000,.0000
7693,.0000,.0000,.0000,.0000
7694,.0000,.0000,.0000,.0000
7695,.0000,.0000,.0000,.0000
7696,.0000,.0000,.0000,.0000
7697,.0000,.0000,.0000,.0000
7698,.0000,.0000,.0000,.0000
7699,.0000,.0000,.0000,.0000
7700,.0000,.0000,.0000,.0000
7701,.0000,.0000,.0000,.0000
7702,.0000,.0000,.0000,.0000
7703,.0000,.0000,.0000,.0000
7704,.0000,.0000,.0000,.0000
7705,.0000,.0000,.0000,.0000
7706,.0000,.0000,.0000,.0000
7707,.0000,.0000,.0000,.0000
7708,.0000,.0000,.0000,.0000
7709,.0000,.0000,.0000,.0000
7710,.0000,.0000,.0000,.0000
7711,.0000,.0000,.0000,.0000
7712,.0000,.0000,.0000,.0000
7713,.0000,.0000,.0000,.0000
7714,.0000,.0000,.0000,.0000
7715,.1250,.5118,.2786,.0080
7716,.1977,.3582,.3719,.0010
7717,.3857,.0633,.4799,.0124
7718,.4515,.0312,.4287,.0289
7719,.3758,.0805,.4405,.0340
7720,.2387,.1053,.5929,.0048
7721,.4326,.0494,.4575,.0022
7722,.4780,.0091,.3894,.0555
7723,.5169,.0952,.3243,.0059
7724,.2787,.3224,.3111,.0175
7725,.4107,.2351,.2435,.0537
7726,.5519,.0138,.3557,.0157
7727,.5597,.0056,.3634,.0053
7728,.2875,.4491,.1698,.0209
7729,.0125,.8764,.0566,.0022
7730,.0104,.8789,.0434,.0019
7731,.0084,.7133,.1523,.0347
7732,.0226,.5036,.4061,.0009
7733,.0166,.4456,.4555,.0243
7734,.0186,.4068,.5104,.0045
7735,.0237,.5263,.3847,.0000
7736,.2144,.3032,.4197,.0154
7737,.3684,.0629,.4659,.0412
7738,.2731,.1300,.5259,.0050
7739,.3127,.0849,.5366,.0074
7740,.2981,.0761,.5476,.0101
7741,.5063,.1003,.3207,.0105
7742,.4720,.0679,.3844,.0042
7743,.4997,.0722,.3295,.0221
7744,.5582,.0333,.3233,.0126
7745,.5353,.0506,.3162,.0275
7746,.4919,.0912,.3331,.0071
7747,.2806,.2884,.3293,.0213
7748,.5167,.0268,.3389,.0482
7749,.5625,.0301,.3031,.0257
7750,.4495,.0936,.3590,.0193
7751,.5371,.0461,.3055,.0341
7752,.5567,.0471,.3089,.0194
7753,.5971,.0288,.2940,.0128
7754,.6413,.0184,.2802,.0003
7755,.5202,.0494,.3445,.0096
7756,.6556,.0259,.2316,.0144
7757,.6396,.0045,.2805,.0070
7758,.2658,.2023,.2383,.1745
7759,.4271,.0907,.2991,.0932
7760,.2983,.1653,.2481,.1266
7761,.5752,.0204,.3317,.0051
7762,.2992,.3573,.2234,.0424
7763,.1802,.0917,.1510,.2534
7764,.1939,.2986,.0929,.1482
7765,.4089,.2517,.2018,.0348
7766,.1728,.5391,.1286,.0656
7767,.0379,.6633,.0250,.0856
7768,.0393,.6162,.0568,.0474
7769,.0277,.5027,.0511,.1267
7770,.0139,.2444,.0977,.2335
7771,.0137,.2693,.0756,.2525
7772,.0188,.4401,.0638,.1439
7773,.0342,.3337,.0966,.1817
7774,.0406,.4318,.0715,.1851
7775,.0113,.4025,.1020,.0965
7776,.0936,.2350,.2099,.2073
7777,.0199,.4215,.0652,.1827
7778,.0271,.2066,.1896,.1106
7779,.0188,.1779,.1360,.3004
7780,.0105,.2818,.0909,.3150
7781,.0352,.2478,.0996,.3176
7782,.0333,.2924,.1156,.2188
7783,.1338,.3773,.1561,.1096
7784,.0570,.4542,.1570,.1220
7785,.2437,.1323,.2593,.1808
7786,.0536,.4778,.1228,.1137
7787,.0579,.5075,.1453,.1091
7788,.0428,.5106,.2919,.0141
7789,.0467,.3660,.4156,.0198
7790,.0838,.2815,.4804,.0198
7791,.1190,.3195,.4301,.0152
7792,.2420,.2726,.3547,.0281
7793,.5927,.0376,.2994,.0028
7794,.6582,.0047,.2722,.0049
7795,.4803,.0601,.3645,.0087
7796,.2125,.1991,.3851,.0480
7797,.0985,.4450,.3181,.0147
7798,.3551,.1200,.4148,.0208
7799,.1234,.3189,.3712,.0603
7800,.1750,.2129,.4237,.0890
7801,.1908,.1428,.4748,.0725
7802,.0987,.2758,.3726,.1097
7803,.0888,.3642,.3920,.0128
7804,.1654,.3342,.3774,.0231
7805,.0533,.6677,.1369,.0000
7806,.0180,.5468,.1902,.0529
7807,.0190,.4494,.0921,.1103
7808,.0672,.4404,.2101,.0686
7809,.0400,.4116,.1549,.1096
7810,.0009,.0232,.0201,.0384
7811,.0000,.0000,.0000,.0000
7812,.0000,.0000,.0000,.0000
7813,.0000,.0000,.0000,.0000
7814,.0000,.0000,.0000,.0000
7815,.0000,.0000,.0000,.0000
7816,.0000,.0000,.0000,.0000
7817,.0000,.0000,.0000,.0000
7818,.0000,.0000,.0000,.0000
7819,.0000,.0000,.0000,.0000
7820,.0000,.0000,.0000,.0000
7821,.0000,.0000,.0000,.0000
7822,.0000,.0000,.0000,.0000
7823,.0000,.0000,.0000,.0000
7824,.0000,.0000,.0000,.0000
7825,.0000,.0000,.0000,.0000
7826,.0000,.0000,.0000,.0000
7827,.0000,.0000,.0000,.0000
7828,.0000,.0000,.0000,.0000
7829,.0000,.0000,.0000,.0000
7830,.0000,.0000,.0000,.0000
7831,.0000,.0000,.0000,.0000
7832,.0000,.0000,.0000,.0000
7833,.0000,.0000,.0000,.0000
7834,.0000,.0000,.0000,.0000
7835,.0000,.0000,.0000,.0000
7836,.0000,.0000,.0000,.0000
7837,.0000,.0000,.0000,.0000
7838,.0000,.0000,.0000,.0000
7839,.0000,.0000,.0000,.0000
7840,.0000,.0000,.0000,.0000
7841,.0000,.0000,.0000,.0000
7842,.0000,.0000,.0000,.0000
7843,.0000,.0000,.0000,.0000
7844,.0000,.0000,.0000,.0000
7845,.0000,.0000,.0000,.0000
7846,.0000,.0000,.0000,.0000
7847,.0000,.0000,.0000,.0000
7848,.0978,.6219,.2098,.0004
7849,.1613,.4678,.2861,.0021
7850,.1678,.4019,.3666,.0043
7851,.5005,.0320,.4143,.0000
7852,.5237,.0422,.3901,.0000
7853,.3207,.1098,.5258,.0034
7854,.4603,.0480,.4401,.0058
7855,.3837,.0598,.4216,.0799
7856,.2344,.4595,.2422,.0191
7857,.0507,.6560,.2140,.0170
7858,.4977,.1890,.1938,.0605
7859,.6473,.0007,.3012,.0016
7860,.5556,.0199,.3475,.0134
7861,.1064,.5328,.2080,.0382
7862,.0615,.5790,.2022,.0758
7863,.0810,.5402,.1480,.0888
7864,.0119,.5785,.0880,.1442
7865,.0108,.6690,.1344,.0773
7866,.0476,.4415,.4243,.0057
7867,.0137,.5176,.3357,.0560
7868,.0251,.5156,.3754,.0260
7869,.0787,.5200,.3420,.0081
7870,.2123,.1638,.5577,.0043
7871,.3090,.0481,.5600,.0054
7872,.4430,.0492,.4257,.0114
7873,.4145,.0791,.4340,.0146
7874,.3391,.1116,.4554,.0177
7875,.5295,.0930,.2976,.0068
7876,.4133,.1232,.3780,.0137
7877,.5528,.0287,.3205,.0299
7878,.5952,.0305,.2686,.0279
7879,.4801,.0888,.3213,.0344
7880,.5362,.1147,.2749,.0029
7881,.4708,.1912,.2459,.0249
7882,.5312,.0913,.2851,.0190
7883,.4963,.0680,.3607,.0067
7884,.5831,.0581,.2800,.0035
7885,.4469,.0856,.3722,.0226
7886,.3798,.1770,.3340,.0364
7887,.5030,.0945,.2404,.0739
7888,.4140,.1352,.2046,.1355
7889,.3059,.1894,.2445,.0883
7890,.4767,.0742,.2352,.1104
7891,.3406,.0790,.4241,.0742
7892,.4746,.0279,.3731,.0451
7893,.4491,.0380,.3538,.0717
7894,.3640,.0785,.2559,.1981
7895,.4459,.0638,.2512,.1249
7896,.4922,.0864,.2877,.0647
7897,.4815,.1443,.1404,.1174
7898,.4147,.1803,.1164,.1169
7899,.2345,.4102,.1092,.0793
7900,.1273,.3496,.0815,.1807
7901,.0407,.5024,.0954,.1023
7902,.0203,.5603,.0831,.0788
7903,.0225,.3894,.0749,.2033
7904,.0400,.2747,.0536,.2840
7905,.0726,.1130,.2899,.1325
7906,.0408,.0290,.4331,.1225
7907,.0192,.1800,.1822,.2772
7908,.0885,.1630,.3263,.1574
7909,.0762,.2136,.1830,.2095
7910,.0248,.4078,.0968,.1740
7911,.0171,.4178,.0785,.1879
7912,.0156,.4745,.0459,.1425
7913,.0430,.3960,.0450,.2078
7914,.0138,.5694,.0574,.0978
7915,.0338,.6092,.1179,.0499
7916,.0621,.5072,.2565,.0409
7917,.4090,.1718,.1479,.1567
7918,.1580,.1570,.2916,.1885
7919,.0130,.4491,.0776,.1925
7920,.1014,.4195,.1687,.1801
7921,.2700,.2893,.2966,.0502
7922,.1907,.2535,.4335,.0312
7923,.6405,.0362,.2670,.0027
7924,.5066,.0712,.3300,.0180
7925,.2732,.1030,.5178,.0071
7926,.3756,.1537,.2568,.0620
7927,.3924,.1725,.2498,.0499
7928,.6674,.0106,.2603,.0030
7929,.3589,.1050,.4432,.0146
7930,.1001,.3683,.2184,.0849
7931,.1753,.2556,.4215,.0284
7932,.1283,.2334,.5166,.0044
7933,.3146,.1039,.4662,.0205
7934,.4518,.0536,.4256,.0046
7935,.3906,.1033,.3975,.0320
7936,.0843,.2972,.4645,.0315
7937,.0801,.2257,.5618,.0088
7938,.1645,.1736,.4691,.0521
7939,.1309,.2090,.4772,.0388
7940,.1865,.2946,.4000,.0037
7941,.1643,.2601,.4650,.0071
7942,.1047,.5690,.1849,.0178
7943,.0066,.1587,.1620,.0546
7944,.0000,.0000,.0000,.0000
7945,.0000,.0000,.0000,.0000
7946,.0000,.0000,.0000,.0000
7947,.0000,.0000,.0000,.0000
7948,.0000,.0000,.0000,.0000
7949,.0000,.0000,.0000,.0000
7950,.0000,.0000,.0000,.0000
7951,.0000,.0000,.0000,.0000
7952,.0000,.0000,.0000,.0000
7953,.0000,.0000,.0000,.0000
7954,.0000,.0000,.0000,.0000
7955,.0000,.0000,.0000,.0000
7956,.0000,.0000,.0000,.0000
7957,.0000,.0000,.0000,.0000
7958,.0000,.0000,.0000,.0000
7959,.0000,.0000,.0000,.0000
7960,.0000,.0000,.0000,.0000
7961,.0000,.0000,.0000,.0000
7962,.0000,.0000,.0000,.0000
7963,.0000,.0000,.0000,.0000
7964,.0000,.0000,.0000,.0000
7965,.0000,.0000,.0000,.0000
7966,.0000,.0000,.0000,.0000
7967,.0000,.0000,.0000,.0000
7968,.0000,.0000,.0000,.0000
7969,.0000,.0000,.0000,.0000
7970,.0000,.0000,.0000,.0000
7971,.0000,.0000,.0000,.0000
7972,.0000,.0000,.0000,.0000
7973,.0000,.0000,.0000,.0000
7974,.0000,.0000,.0000,.0000
7975,.0000,.0000,.0000,.0000
7976,.0000,.0000,.0000,.0000
7977,.0000,.0000,.0000,.0000
7978,.0000,.0000,.0000,.0000
7979,.0000,.0000,.0000,.0000
7980,.0000,.0000,.0000,.0000
7981,.0348,.7014,.1176,.0200
7982,.0207,.7628,.1107,.0045
7983,.1097,.6249,.2118,.0107
7984,.4581,.1131,.3932,.0000
7985,.4789,.0918,.3891,.0003
7986,.3370,.1823,.4290,.0073
7987,.2889,.2163,.3319,.1232
7988,.1196,.6379,.1965,.0093
7989,.0054,.8985,.0554,.0000
7990,.0113,.7943,.1182,.0000
7991,.0594,.5799,.1734,.0797
7992,.2717,.2786,.3383,.0378
7993,.2239,.4146,.2698,.0199
7994,.0807,.5286,.2951,.0180
7995,.5406,.0135,.3427,.0526
7996,.4126,.1195,.3711,.0371
7997,.3278,.2252,.3328,.0454
7998,.0596,.6002,.2160,.0407
7999,.0442,.4880,.3921,.0148
8000,.0124,.4447,.4134,.0410
8001,.0261,.5270,.3719,.0026
8002,.0340,.5055,.3983,.0000
8003,.2061,.2656,.4516,.0220
8004,.3867,.0623,.4308,.0448
8005,.3183,.0945,.4076,.1100
8006,.5982,.0522,.2655,.0195
8007,.4264,.1022,.3857,.0137
8008,.4437,.0905,.3811,.0140
8009,.5866,.0689,.2620,.0046
8010,.4642,.1399,.3100,.0199
8011,.4687,.1329,.2501,.0802
8012,.6292,.0211,.2668,.0065
8013,.5489,.0594,.2831,.0309
8014,.3528,.1850,.3661,.0166
8015,.4800,.1015,.3211,.0212
8016,.3865,.0950,.4282,.0228
8017,.5818,.0432,.2849,.0207
8018,.4082,.1117,.3444,.0429
8019,.2571,.2215,.2352,.1116
8020,.4343,.0893,.3022,.0807
8021,.5141,.0621,.3018,.0373
8022,.2801,.1636,.4459,.0118
8023,.4560,.0575,.3942,.0181
8024,.5669,.0242,.3162,.0323
8025,.3343,.0788,.4812,.0295
8026,.4254,.0577,.4160,.0284
8027,.4448,.0894,.3524,.0394
8028,.4639,.0507,.3894,.0318
8029,.5671,.0091,.3499,.0090
8030,.6153,.0793,.2012,.0282
8031,.1772,.5592,.1137,.0474
8032,.0348,.7689,.0673,.0316
8033,.0160,.5458,.0341,.2038
8034,.1132,.3079,.1427,.2160
8035,.0186,.6454,.0469,.0480
8036,.0120,.5795,.0432,.1036
8037,.0137,.6095,.0422,.1103
8038,.0139,.1542,.0971,.3567
8039,.1440,.0534,.3558,.2118
8040,.3279,.0981,.3695,.0898
8041,.3558,.0893,.4101,.0581
8042,.2103,.2241,.2968,.1058
8043,.1306,.3828,.3102,.0384
8044,.0434,.5180,.2467,.0536
8045,.0317,.6270,.1673,.0162
8046,.0905,.5029,.2428,.0193
8047,.0925,.5015,.2135,.0391
8048,.1267,.3825,.3081,.0515
8049,.4081,.1185,.3866,.0087
8050,.2329,.2774,.2963,.0542
8051,.2187,.1918,.2839,.1444
8052,.1972,.3269,.1975,.1305
8053,.1205,.4140,.2495,.0874
8054,.1619,.2316,.3755,.1115
8055,.5827,.0508,.3022,.0063
8056,.7480,.0233,.1807,.0000
8057,.5803,.0236,.3139,.0108
8058,.4020,.0468,.4693,.0044
8059,.5482,.0302,.3343,.0190
8060,.5048,.0305,.3464,.0218
8061,.5878,.0294,.3116,.0098
8062,.3914,.1222,.4032,.0223
8063,.3583,.1141,.4191,.0322
8064,.4409,.0913,.3765,.0086
8065,.2320,.1391,.5028,.0175
8066,.3646,.0790,.4753,.0118
8067,.5628,.0257,.3094,.0506
8068,.2816,.0623,.5735,.0187
8069,.1598,.0903,.6551,.0043
8070,.2031,.1717,.5076,.0190
8071,.4332,.0701,.4254,.0060
8072,.3564,.0481,.4986,.0254
8073,.4041,.0524,.4638,.0210
8074,.3114,.1523,.4294,.0144
8075,.2439,.2737,.3100,.0293
8076,.0327,.1131,.0739,.0713
8077,.0000,.0000,.0000,.0014
8078,.0000,.0000,.0000,.0000
8079,.0000,.0000,.0000,.0000
8080,.0000,.0000,.0000,.0000
8081,.0000,.0000,.0000,.0000
8082,.0000,.0000,.0000,.0000
8083,.0000,.0000,.0000,.0000
8084,.0000,.0000,.0000,.0000
8085,.0000,.0000,.0000,.0000
8086,.0000,.0000,.0000,.0000
8087,.0000,.0000,.0000,.0000
8088,.0000,.0000,.0000,.0000
8089,.0000,.0000,.0000,.0000
8090,.0000,.0000,.0000,.0000
8091,.0000,.0000,.0000,.0000
8092,.0000,.0000,.0000,.0000
8093,.0000,.0000,.0000,.0000
8094,.0000,.0000,.0000,.0000
8095,.0000,.0000,.0000,.0000
8096,.0000,.0000,.0000,.0000
8097,.0000,.0000,.0000,.0000
8098,.0000,.0000,.0000,.0000
8099,.0000,.0000,.0000,.0000
8100,.0000,.0000,.0000,.0000
8101,.0000,.0000,.0000,.0000
8102,.0000,.0000,.0000,.0000
8103,.0000,.0000,.0000,.0000
8104,.0000,.0000,.0000,.0000
8105,.0000,.0000,.0000,.0000
8106,.0000,.0000,.0000,.0000
8107,.0000,.0000,.0000,.0000
8108,.0000,.0000,.0000,.0000
8109,.0000,.0000,.0000,.0000
8110,.0000,.0000,.0000,.0000
8111,.0000,.0000,.0000,.0000
8112,.0000,.0000,.0000,.0000
8113,.0000,.0000,.0000,.0000
8114,.1139,.3699,.3942,.0446
8115,.0684,.5815,.2776,.0000
8116,.1325,.5322,.2708,.0000
8117,.2730,.2368,.4246,.0036
8118,.5417,.0493,.3629,.0028
8119,.2525,.3513,.3443,.0007
8120,.0902,.5763,.2828,.0060
8121,.0068,.7669,.1587,.0000
8122,.0221,.6870,.2034,.0081
8123,.0224,.7142,.1552,.0101
8124,.0082,.6974,.1569,.0284
8125,.0702,.5254,.2656,.0535
8126,.0972,.4538,.3511,.0127
8127,.0530,.5752,.2532,.0199
8128,.1521,.3851,.3080,.0672
8129,.4414,.0538,.4035,.0397
8130,.3106,.1203,.4403,.0590
8131,.3605,.2171,.3339,.0207
8132,.0182,.7131,.1978,.0169
8133,.0225,.4690,.4353,.0000
8134,.0159,.6422,.1921,.0354
8135,.0315,.5753,.3012,.0001
8136,.2475,.2338,.4367,.0279
8137,.2545,.1938,.4452,.0432
8138,.3103,.0937,.5269,.0025
8139,.2183,.3198,.3954,.0098
8140,.3186,.1978,.3822,.0366
8141,.4014,.0760,.4268,.0260
8142,.5196,.0679,.2997,.0425
8143,.3971,.1466,.3701,.0145
8144,.1873,.2158,.4978,.0214
8145,.4119,.0868,.4015,.0181
8146,.3803,.1559,.3726,.0150
8147,.3890,.1205,.4068,.0046
8148,.3924,.1129,.3758,.0324
8149,.2828,.1318,.4763,.0274
8150,.5118,.0931,.3230,.0021
8151,.3403,.1408,.4095,.0301
8152,.2779,.2080,.2979,.0893
8153,.5605,.0323,.3184,.0133
8154,.5816,.0584,.2568,.0268
8155,.4330,.0875,.3864,.0149
8156,.3926,.0982,.4239,.0164
8157,.5297,.0319,.3444,.0257
8158,.4369,.0760,.3887,.0251
8159,.3113,.0788,.5311,.0105
8160,.4839,.0371,.3966,.0179
8161,.4676,.0426,.3810,.0363
8162,.6613,.0209,.2451,.0129
8163,.5933,.0205,.3135,.0036
8164,.5209,.0644,.3263,.0183
8165,.1751,.4978,.1633,.0236
8166,.0498,.5920,.0618,.1118
8167,.0136,.5801,.0683,.1472
8168,.0092,.7387,.0702,.0045
8169,.0162,.7196,.1099,.0113
8170,.0310,.7159,.0446,.0513
8171,.0065,.4329,.0453,.2970
8172,.0215,.4716,.1156,.1505
8173,.4057,.1089,.3464,.0541
8174,.4065,.0797,.4047,.0444
8175,.1269,.3422,.4176,.0046
8176,.0945,.3327,.4424,.0188
8177,.2283,.2025,.4369,.0243
8178,.1688,.2791,.3324,.0759
8179,.5359,.0413,.3431,.0226
8180,.6965,.0377,.2030,.0006
8181,.2274,.2360,.3447,.0986
8182,.2872,.2026,.4053,.0306
8183,.4584,.0961,.3474,.0314
8184,.7532,.0005,.1824,.0012
8185,.4055,.0881,.3563,.0523
8186,.2433,.2815,.3077,.0620
8187,.3436,.1541,.3947,.0410
8188,.5404,.0411,.3360,.0255
8189,.5106,.0645,.3615,.0000
8190,.6549,.0154,.2674,.0035
8191,.3835,.0403,.5057,.0058
8192,.5037,.0453,.3629,.0136
8193,.4605,.0362,.4030,.0218
8194,.4428,.0352,.4406,.0096
8195,.6553,.0146,.2799,.0002
8196,.6735,.0144,.2649,.0000
8197,.5750,.0445,.3199,.0000
8198,.3131,.1403,.4821,.0005
8199,.4418,.0701,.4258,.0043
8200,.5300,.0411,.3175,.0513
8201,.3986,.0352,.4808,.0158
8202,.3166,.0650,.5431,.0060
8203,.2101,.1614,.5355,.0034
8204,.5266,.0518,.2995,.0500
8205,.3443,.2097,.2866,.0509
8206,.1989,.4216,.2230,.0317
8207,.0278,.6257,.1129,.0263
8208,.0136,.7426,.0485,.0177
8209,.0068,.6499,.0881,.0584
8210,.0204,.2828,.1425,.1105
8211,.0023,.0115,.0201,.0385
8212,.0001,.0168,.0083,.0232
8213,.0000,.0000,.0000,.0000
8214,.0000,.0000,.0000,.0000
8215,.0000,.0000,.0000,.0000
8216,.0000,.0000,.0000,.0000
8217,.0000,.0000,.0000,.0000
8218,.0000,.0000,.0000,.0000
8219,.0000,.0000,.0000,.0000
8220,.0000,.0000,.0000,.0000
8221,.0000,.0000,.0000,.0000
8222,.0000,.0000,.0000,.0000
8223,.0000,.0000,.0000,.0000
8224,.0000,.0000,.0000,.0000
8225,.0000,.0000,.0000,.0000
8226,.0000,.0000,.0000,.0000
8227,.0000,.0000,.0000,.0000
8228,.0000,.0000,.0000,.0000
8229,.0000,.0000,.0000,.0000
8230,.0000,.0000,.0000,.0000
8231,.0000,.0000,.0000,.0000
8232,.0000,.0000,.0000,.0000
8233,.0000,.0000,.0000,.0000
8234,.0000,.0000,.0000,.0000
8235,.0000,.0000,.0000,.0000
8236,.0000,.0000,.0000,.0000
8237,.0000,.0000,.0000,.0000
8238,.0000,.0000,.0000,.0000
8239,.0000,.0000,.0000,.0000
8240,.0000,.0000,.0000,.0000
8241,.0000,.0000,.0000,.0000
8242,.0000,.0000,.0000,.0000
8243,.0000,.0000,.0000,.0000
8244,.0000,.0000,.0000,.0000
8245,.0000,.0000,.0000,.0000
8246,.0000,.0000,.0000,.0000
8247,.0414,.4924,.3682,.0122
8248,.0480,.6238,.2479,.0079
8249,.1102,.5273,.2873,.0100
8250,.1952,.2946,.4050,.0354
8251,.3851,.1035,.4429,.0168
8252,.1779,.2847,.3808,.0857
8253,.0949,.4019,.3675,.0695
8254,.0123,.5887,.2446,.0443
8255,.0269,.6330,.2396,.0061
8256,.0362,.6685,.2073,.0059
8257,.0081,.6701,.1089,.0891
8258,.1833,.3073,.3686,.0691
8259,.0880,.4676,.3412,.0101
8260,.1047,.3519,.4051,.0555
8261,.0825,.2641,.5266,.0481
8262,.1960,.3344,.3125,.0840
8263,.5200,.0258,.3032,.0785
8264,.5002,.0596,.2106,.1688
8265,.1623,.2174,.4265,.1156
8266,.3195,.2468,.3291,.0254
8267,.3299,.2587,.3393,.0039
8268,.1570,.5017,.1877,.0389
8269,.1304,.3653,.4398,.0061
8270,.1003,.2871,.5339,.0144
8271,.1175,.2241,.5658,.0227
8272,.1069,.4381,.3886,.0036
8273,.0400,.6223,.2781,.0002
8274,.2866,.0824,.5190,.0496
8275,.5618,.0443,.2753,.0504
8276,.4402,.0593,.3912,.0417
8277,.3332,.1790,.2306,.1451
8278,.1763,.2416,.3188,.0684
8279,.3023,.1432,.4620,.0106
8280,.3666,.1196,.4142,.0195
8281,.3040,.2185,.2530,.0954
8282,.1992,.1633,.5170,.0375
8283,.5781,.0416,.3009,.0109
8284,.4584,.1175,.2040,.0973
8285,.5564,.0893,.2660,.0142
8286,.3463,.1985,.3763,.0170
8287,.3344,.2506,.3213,.0320
8288,.6642,.0555,.2139,.0039
8289,.6193,.0321,.2527,.0204
8290,.6194,.0708,.2175,.0128
8291,.4140,.1046,.3939,.0012
8292,.5810,.0559,.2552,.0323
8293,.3876,.0992,.4334,.0025
8294,.4695,.0424,.4178,.0017
8295,.5253,.0224,.3991,.0022
8296,.3159,.1259,.3944,.0917
8297,.3076,.2094,.3108,.0752
8298,.1054,.4215,.2139,.0911
8299,.3626,.2178,.2968,.0353
8300,.1987,.3854,.1227,.1568
8301,.0285,.7487,.0610,.0587
8302,.1440,.4719,.1696,.1026
8303,.1154,.4118,.0898,.1596
8304,.0097,.4311,.0446,.2198
8305,.0108,.5339,.1102,.1014
8306,.0780,.5686,.1984,.0104
8307,.1637,.4450,.2966,.0109
8308,.2980,.2070,.4202,.0088
8309,.3223,.1695,.4075,.0251
8310,.3919,.0925,.4344,.0113
8311,.2060,.1755,.5224,.0023
8312,.4594,.0450,.4378,.0012
8313,.6117,.0546,.2805,.0000
8314,.3582,.1963,.3680,.0104
8315,.5965,.0540,.3027,.0000
8316,.4077,.1630,.3552,.0076
8317,.4236,.1722,.3038,.0184
8318,.1977,.2742,.3781,.0475
8319,.3023,.3203,.1627,.1109
8320,.5014,.0578,.3612,.0099
8321,.4563,.0704,.3921,.0089
8322,.5277,.0558,.3431,.0059
8323,.3751,.1214,.4336,.0094
8324,.3580,.0736,.4909,.0119
8325,.5938,.0125,.2911,.0243
8326,.7150,.0165,.2044,.0028
8327,.5594,.0184,.3470,.0164
8328,.6347,.0427,.2663,.0046
8329,.5717,.0525,.3021,.0197
8330,.5657,.0212,.3486,.0000
8331,.4934,.0690,.3460,.0281
8332,.3394,.1233,.4275,.0047
8333,.5162,.0510,.3566,.0155
8334,.6330,.0433,.2672,.0021
8335,.3473,.1284,.4394,.0099
8336,.2999,.1973,.4129,.0160
8337,.2115,.3739,.2131,.0451
8338,.0489,.6000,.1579,.0197
8339,.0435,.7045,.0921,.0112
8340,.0095,.7678,.0606,.0136
8341,.1442,.3272,.3640,.0401
8342,.1915,.2950,.2158,.0944
8343,.0639,.2661,.2057,.1910
8344,.0452,.1176,.1469,.2654
8345,.0000,.0000,.0005,.0004
8346,.0000,.0000,.0000,.0000
8347,.0000,.0000,.0000,.0000
8348,.0000,.0000,.0000,.0000
8349,.0000,.0000,.0000,.0000
8350,.0000,.0000,.0000,.0000
8351,.0000,.0000,.0000,.0000
8352,.0000,.0000,.0000,.0000
8353,.0000,.0000,.0000,.0000
8354,.0000,.0000,.0000,.0000
8355,.0000,.0000,.0000,.0000
8356,.0000,.0000,.0000,.0000
8357,.0000,.0000,.0000,.0000
8358,.0000,.0000,.0000,.0000
8359,.0000,.0000,.0000,.0000
8360,.0000,.0000,.0000,.0000
8361,.0000,.0000,.0000,.0000
8362,.0000,.0000,.0000,.0000
8363,.0000,.0000,.0000,.0000
8364,.0000,.0000,.0000,.0000
8365,.0000,.0000,.0000,.0000
8366,.0000,.0000,.0000,.0000
8367,.0000,.0000,.0000,.0000
8368,.0000,.0000,.0000,.0000
8369,.0000,.0000,.0000,.0000
8370,.0000,.0000,.0000,.0000
8371,.0000,.0000,.0000,.0000
8372,.0000,.0000,.0000,.0000
8373,.0000,.0000,.0000,.0000
8374,.0000,.0000,.0000,.0000
8375,.0000,.0000,.0005,.0000
8376,.0000,.0000,.0000,.0000
8377,.0000,.0000,.0000,.0000
8378,.0000,.0000,.0000,.0000
8379,.0000,.0000,.0000,.0000
8380,.0442,.3861,.4752,.0060
8381,.1997,.3421,.3712,.0197
8382,.1961,.1872,.5523,.0050
8383,.6699,.0840,.2148,.0006
8384,.3357,.1999,.3273,.0558
8385,.1330,.3797,.3601,.0671
8386,.0429,.6079,.2762,.0066
8387,.0644,.4544,.3829,.0140
8388,.1035,.4678,.3580,.0090
8389,.0842,.5442,.2802,.0167
8390,.0641,.4836,.2920,.0619
8391,.0880,.3594,.3813,.0802
8392,.0523,.3138,.4450,.0987
8393,.1826,.3051,.3941,.0472
8394,.0470,.5745,.2581,.0351
8395,.0549,.3581,.4753,.0274
8396,.1978,.2749,.4223,.0285
8397,.3903,.0213,.3867,.1280
8398,.4989,.0161,.3484,.0656
8399,.5990,.0207,.3024,.0220
8400,.6578,.0118,.2486,.0291
8401,.1062,.5852,.1991,.0276
8402,.0333,.5285,.3528,.0048
8403,.0530,.3633,.4950,.0209
8404,.0588,.4719,.3851,.0039
8405,.0127,.5927,.2928,.0052
8406,.0180,.6458,.1695,.0465
8407,.0759,.2803,.3736,.1396
8408,.1609,.2035,.3714,.1469
8409,.2129,.2068,.3452,.0858
8410,.4227,.0949,.3435,.0558
8411,.5104,.0598,.3107,.0457
8412,.2723,.1857,.2870,.1067
8413,.4032,.1166,.2989,.0720
8414,.2428,.2916,.1845,.1023
8415,.2089,.3013,.1579,.1513
8416,.4002,.0918,.3077,.0606
8417,.3729,.1743,.2134,.1238
8418,.5885,.0663,.2572,.0222
8419,.5873,.0781,.2424,.0349
8420,.3927,.2308,.3092,.0010
8421,.6428,.0472,.2318,.0091
8422,.7760,.0117,.1295,.0129
8423,.7436,.0150,.1577,.0049
8424,.6561,.0447,.2234,.0094
8425,.5150,.1358,.1953,.0668
8426,.6083,.1063,.1777,.0330
8427,.4133,.0533,.4675,.0000
8428,.4231,.0644,.4499,.0029
8429,.4746,.0720,.3339,.0455
8430,.4230,.1469,.3351,.0213
8431,.1341,.3416,.4016,.0438
8432,.2858,.2948,.2285,.1040
8433,.1537,.3418,.1964,.1531
8434,.0744,.6278,.1056,.0506
8435,.0745,.4745,.2091,.0842
8436,.1405,.3325,.2222,.1007
8437,.0256,.5402,.1564,.0775
8438,.0197,.5794,.1885,.0191
8439,.2631,.3220,.2305,.0574
8440,.1250,.4166,.3365,.0066
8441,.4494,.0762,.4106,.0092
8442,.5220,.0479,.3517,.0169
8443,.2006,.2315,.4738,.0059
8444,.2581,.1853,.4493,.0198
8445,.3148,.1014,.4407,.0703
8446,.4572,.0730,.3855,.0202
8447,.5075,.0972,.3467,.0000
8448,.6599,.0291,.2527,.0000
8449,.5506,.0923,.2801,.0146
8450,.3520,.2208,.3363,.0104
8451,.0247,.6489,.1971,.0226
8452,.0564,.5553,.2668,.0316
8453,.2859,.2153,.3411,.0608
8454,.5670,.0334,.3053,.0301
8455,.3623,.1154,.4383,.0102
8456,.1933,.1778,.5362,.0037
8457,.2594,.0641,.5808,.0091
8458,.5324,.0509,.3327,.0120
8459,.5856,.0517,.2871,.0160
8460,.4708,.0599,.3725,.0297
8461,.3887,.0845,.4372,.0046
8462,.4886,.0726,.3570,.0076
8463,.6411,.0088,.2851,.0052
8464,.4866,.0767,.3585,.0096
8465,.5469,.0463,.3305,.0137
8466,.3279,.1630,.4062,.0048
8467,.3641,.2437,.2806,.0175
8468,.2991,.2180,.3915,.0103
8469,.0960,.4963,.3078,.0000
8470,.0656,.6122,.1998,.0199
8471,.1366,.3576,.3823,.0167
8472,.1552,.3512,.3499,.0170
8473,.2099,.3605,.3012,.0011
8474,.1684,.3295,.3887,.0112
8475,.0061,.1083,.0281,.0430
8476,.0052,.1847,.0614,.1726
8477,.0082,.3822,.0446,.0717
8478,.0006,.0454,.0068,.0116
8479,.0000,.0000,.0000,.0000
8480,.0000,.0000,.0000,.0000
8481,.0000,.0000,.0000,.0000
8482,.0000,.0000,.0000,.0000
8483,.0000,.0000,.0000,.0000
8484,.0000,.0000,.0000,.0000
8485,.0000,.0000,.0000,.0000
8486,.0000,.0000,.0000,.0000
8487,.0000,.0000,.0000,.0000
8488,.0000,.0000,.0000,.0000
8489,.0000,.0000,.0000,.0000
8490,.0000,.0000,.0000,.0000
8491,.0000,.0000,.0000,.0000
8492,.0000,.0000,.0000,.0000
8493,.0000,.0000,.0000,.0000
8494,.0000,.0000,.0000,.0000
8495,.0000,.0000,.0000,.0000
8496,.0000,.0000,.0000,.0000
8497,.0000,.0000,.0000,.0000
8498,.0000,.0000,.0000,.0000
8499,.0000,.0000,.0000,.0000
8500,.0000,.0000,.0000,.0000
8501,.0000,.0000,.0000,.0000
8502,.0000,.0000,.0000,.0000
8503,.0000,.0000,.0000,.0000
8504,.0000,.0000,.0000,.0000
8505,.0000,.0000,.0000,.0000
8506,.0000,.0000,.0000,.0000
8507,.0000,.0000,.0000,.0029
8508,.0000,.0000,.0466,.0258
8509,.0000,.0000,.0003,.0000
8510,.0000,.0000,.0000,.0001
8511,.0000,.0000,.0000,.0000
8512,.0000,.0000,.0000,.0000
8513,.3460,.1238,.4423,.0273
8514,.3262,.1711,.4285,.0056
8515,.6209,.0929,.2507,.0000
8516,.6083,.0810,.2438,.0184
8517,.0639,.3508,.4643,.0561
8518,.1644,.2429,.4710,.0705
8519,.2526,.2109,.4404,.0497
8520,.2878,.1586,.4851,.0314
8521,.0945,.3950,.4007,.0429
8522,.1200,.3494,.4338,.0309
8523,.1507,.2015,.5275,.0443
8524,.0608,.3632,.4468,.0338
8525,.0929,.3255,.4071,.0939
8526,.1929,.2230,.4997,.0227
8527,.0279,.4511,.3311,.1043
8528,.0579,.5233,.2776,.0586
8529,.1261,.2820,.4913,.0240
8530,.0489,.5762,.2218,.0622
8531,.4162,.1308,.3360,.0526
8532,.6450,.0245,.2679,.0041
8533,.7215,.0033,.2250,.0003
8534,.1628,.5142,.2474,.0005
8535,.0106,.6564,.2459,.0132
8536,.0259,.5416,.3385,.0088
8537,.0173,.6172,.2135,.0295
8538,.0093,.5894,.2204,.0492
8539,.0160,.6943,.1656,.0363
8540,.1347,.3306,.3413,.0960
8541,.1682,.2190,.4560,.0571
8542,.3357,.1036,.4690,.0190
8543,.5675,.0352,.3161,.0131
8544,.5549,.0180,.3259,.0223
8545,.4881,.0307,.3660,.0329
8546,.5675,.0400,.2808,.0336
8547,.4612,.0775,.3114,.0633
8548,.2194,.2559,.3075,.1148
8549,.5768,.0476,.2665,.0332
8550,.6616,.0158,.2482,.0105
8551,.5409,.1021,.2247,.0588
8552,.5950,.0497,.2149,.0739
8553,.4941,.1568,.2721,.0034
8554,.3737,.2828,.2695,.0098
8555,.7211,.0117,.2018,.0030
8556,.6271,.0579,.2118,.0380
8557,.5648,.0221,.3198,.0152
8558,.5046,.0778,.3179,.0218
8559,.6543,.0145,.2509,.0075
8560,.4084,.0841,.4470,.0011
8561,.4111,.0907,.4020,.0186
8562,.4901,.0307,.4018,.0105
8563,.5412,.0498,.2944,.0495
8564,.1713,.3844,.3293,.0292
8565,.3886,.2212,.2945,.0168
8566,.2935,.2262,.2784,.1162
8567,.0807,.3518,.2348,.1099
8568,.1408,.3571,.1767,.1427
8569,.3824,.0936,.2222,.1745
8570,.4874,.0626,.2663,.0827
8571,.3500,.1237,.3463,.0646
8572,.5134,.0527,.3181,.0313
8573,.1917,.2784,.4402,.0065
8574,.0876,.4510,.3161,.0094
8575,.2866,.1435,.4814,.0154
8576,.3835,.1008,.4373,.0052
8577,.4656,.0830,.3766,.0025
8578,.3256,.1721,.4024,.0183
8579,.5039,.0675,.3607,.0027
8580,.5765,.0808,.2803,.0104
8581,.5314,.0947,.3159,.0006
8582,.4151,.1808,.3164,.0151
8583,.2508,.3418,.3036,.0176
8584,.3957,.1920,.3237,.0148
8585,.0543,.6249,.2017,.0174
8586,.1864,.3325,.3166,.0745
8587,.1709,.3031,.3758,.0398
8588,.1900,.2427,.4844,.0044
8589,.5116,.0389,.3826,.0045
8590,.5083,.0353,.3754,.0095
8591,.3212,.0652,.5325,.0022
8592,.4391,.0715,.4259,.0000
8593,.4178,.0771,.4222,.0181
8594,.3459,.0942,.4925,.0035
8595,.4853,.0687,.3692,.0150
8596,.3813,.1251,.4137,.0217
8597,.5481,.0591,.3167,.0165
8598,.4157,.1129,.3995,.0078
8599,.4170,.1273,.3672,.0146
8600,.3514,.1724,.3748,.0122
8601,.2424,.2087,.4400,.0243
8602,.1023,.4323,.3552,.0220
8603,.0372,.6053,.2420,.0092
8604,.2021,.2896,.3924,.0330
8605,.2306,.1434,.4294,.0937
8606,.1295,.4068,.3569,.0113
8607,.0717,.5597,.1740,.0331
8608,.2366,.2688,.3026,.0342
8609,.0647,.3765,.1323,.1811
8610,.0099,.6449,.0198,.0558
8611,.0038,.3604,.0407,.0860
8612,.0157,.0000,.0157,.0349
8613,.1461,.0177,.1187,.1249
8614,.2465,.0184,.2288,.1567
8615,.0000,.0000,.0009,.0059
8616,.0000,.0000,.0000,.0000
8617,.0000,.0000,.0000,.0000
8618,.0000,.0000,.0000,.0000
8619,.0000,.0000,.0000,.0000
8620,.0000,.0000,.0000,.0000
8621,.0000,.0000,.0000,.0000
8622,.0000,.0000,.0000,.0000
8623,.0000,.0000,.0000,.0000
8624,.0000,.0000,.0000,.0000
8625,.0000,.0000,.0000,.0000
8626,.0000,.0000,.0000,.0000
8627,.0000,.0000,.0000,.0000
8628,.0000,.0000,.0000,.0000
8629,.0000,.0000,.0000,.0000
8630,.0000,.0000,.0000,.0000
8631,.0000,.0000,.0000,.0000
8632,.0000,.0000,.0000,.0000
8633,.0000,.0000,.0000,.0000
8634,.0000,.0000,.0000,.0000
8635,.0000,.0000,.0000,.0000
8636,.0000,.0000,.0000,.0000
8637,.0000,.0000,.0000,.0000
8638,.0000,.0000,.0000,.0000
8639,.0000,.0000,.0000,.0000
8640,.0000,.0000,.0000,.0000
8641,.0000,.0000,.0000,.0000
8642,.0000,.0000,.0014,.0000
8643,.0000,.0000,.0106,.0122
8644,.0000,.0000,.0003,.0000
8645,.0000,.0000,.0000,.0000
8646,.2703,.1053,.5403,.0239
8647,.2155,.2105,.4934,.0110
8648,.4767,.0729,.3190,.0817
8649,.2885,.1461,.4176,.0786
8650,.1838,.1835,.4635,.1180
8651,.1587,.2643,.4933,.0191
8652,.1566,.2228,.5422,.0140
8653,.2934,.1261,.5221,.0198
8654,.0285,.6314,.2451,.0073
8655,.0586,.4359,.3843,.0408
8656,.1374,.2492,.5046,.0397
8657,.0931,.4102,.4042,.0104
8658,.0398,.4642,.3715,.0351
8659,.0394,.5407,.3126,.0209
8660,.1864,.2171,.4724,.0564
8661,.0622,.4985,.3344,.0298
8662,.1073,.3622,.3564,.0754
8663,.0639,.6395,.2022,.0145
8664,.1873,.2483,.4264,.0739
8665,.3486,.2775,.2899,.0194
8666,.6336,.0188,.2703,.0068
8667,.4363,.2041,.2515,.0270
8668,.0373,.5211,.3687,.0035
8669,.0176,.6135,.2477,.0341
8670,.0099,.7333,.1985,.0029
8671,.1145,.5081,.2721,.0178
8672,.3961,.1720,.2854,.0685
8673,.5004,.1325,.2887,.0054
8674,.1432,.1923,.4945,.0734
8675,.3885,.0713,.4307,.0356
8676,.5347,.0903,.2935,.0191
8677,.6633,.0352,.2343,.0068
8678,.5786,.0218,.3360,.0035
8679,.4730,.0693,.3394,.0491
8680,.5865,.0215,.3192,.0100
8681,.3994,.1445,.3642,.0288
8682,.4765,.0566,.3592,.0414
8683,.6492,.0065,.2849,.0010
8684,.5602,.0767,.2734,.0262
8685,.6683,.0335,.2337,.0000
8686,.6418,.0801,.1872,.0212
8687,.5732,.1227,.2288,.0117
8688,.6350,.0844,.1953,.0220
8689,.5457,.0621,.2967,.0208
8690,.3504,.1231,.4131,.0374
8691,.5982,.0425,.2786,.0223
8692,.4224,.0358,.4658,.0052
8693,.3936,.0588,.4656,.0116
8694,.3865,.0900,.4135,.0266
8695,.5030,.0506,.3593,.0172
8696,.5531,.0408,.3185,.0241
8697,.5556,.0736,.2835,.0181
8698,.3047,.3621,.2561,.0013
8699,.0279,.7647,.1076,.0386
8700,.0147,.7058,.0801,.0600
8701,.0200,.6120,.0838,.0988
8702,.1910,.3354,.2705,.0738
8703,.3605,.1551,.2345,.1355
8704,.3875,.0646,.3721,.0761
8705,.0823,.3626,.3996,.0329
8706,.0382,.4292,.3818,.0210
8707,.0885,.4391,.3550,.0154
8708,.2307,.2621,.3934,.0208
8709,.5389,.0654,.2970,.0317
8710,.7206,.0035,.2059,.0027
8711,.5869,.0636,.2488,.0190
8712,.4363,.0847,.4056,.0073
8713,.3807,.1375,.4132,.0066
8714,.3901,.1262,.3593,.0517
8715,.2670,.2892,.3100,.0558
8716,.2792,.2836,.3078,.0445
8717,.6280,.0345,.2796,.0090
8718,.5435,.1037,.2488,.0266
8719,.0806,.4935,.2243,.0367
8720,.4677,.0722,.3810,.0149
8721,.5407,.0430,.3415,.0089
8722,.6560,.0289,.2373,.0097
8723,.6676,.0249,.2270,.0101
8724,.5787,.0588,.2877,.0009
8725,.4781,.0810,.3628,.0125
8726,.3788,.1178,.4147,.0300
8727,.4530,.0737,.3739,.0314
8728,.3333,.1087,.4629,.0197
8729,.2488,.1331,.5393,.0000
8730,.3728,.0763,.4752,.0021
8731,.2953,.1757,.4479,.0080
8732,.5117,.0709,.3304,.0206
8733,.5505,.0232,.3422,.0131
8734,.5884,.0666,.2624,.0077
8735,.2731,.2291,.3741,.0296
8736,.1381,.3145,.4382,.0125
8737,.0327,.7030,.0959,.0506
8738,.0379,.4604,.1072,.1307
8739,.0345,.5641,.0498,.1276
8740,.0395,.6685,.1560,.0217
8741,.0784,.5852,.2168,.0105
8742,.0118,.6456,.0625,.0698
8743,.0308,.5707,.1434,.0639
8744,.0100,.5802,.0751,.0636
8745,.0000,.0658,.0744,.0570
8746,.0000,.0495,.0609,.0326
8747,.0029,.0005,.0057,.0244
8748,.0000,.0000,.0000,.0000
8749,.0000,.0000,.0000,.0000
8750,.0000,.0000,.0000,.0000
8751,.0000,.0000,.0000,.0000
8752,.0000,.0000,.0000,.0000
8753,.0000,.0000,.0000,.0000
8754,.0000,.0000,.0000,.0000
8755,.0000,.0000,.0000,.0000
8756,.0000,.0000,.0000,.0000
8757,.0000,.0000,.0000,.0000
8758,.0000,.0000,.0000,.0000
8759,.0000,.0000,.0000,.0000
8760,.0000,.0000,.0000,.0000
8761,.0000,.0000,.0000,.0000
8762,.0000,.0000,.0000,.0000
8763,.0000,.0000,.0000,.0000
8764,.0000,.0000,.0000,.0000
8765,.0000,.0000,.0000,.0000
8766,.0000,.0000,.0000,.0000
8767,.0000,.0000,.0000,.0000
8768,.0000,.0000,.0000,.0000
8769,.0000,.0000,.0000,.0000
8770,.0000,.0000,.0000,.0000
8771,.0000,.0000,.0000,.0000
8772,.0000,.0000,.0000,.0021
8773,.0000,.0000,.0000,.0000
8774,.0000,.0000,.0163,.0435
8775,.0000,.0000,.0062,.0371
8776,.0000,.0000,.0000,.0000
8777,.0000,.0000,.0000,.0000
8778,.0000,.0000,.0000,.0000
8779,.2754,.2236,.4379,.0047
8780,.2564,.1642,.4879,.0265
8781,.2374,.1976,.4222,.0620
8782,.2527,.1409,.5142,.0174
8783,.1820,.2313,.4837,.0347
8784,.1938,.1837,.5265,.0268
8785,.1315,.2450,.5520,.0099
8786,.1106,.3855,.3991,.0439
8787,.0151,.5696,.3254,.0184
8788,.0292,.4652,.4088,.0169
8789,.0257,.5702,.2343,.0657
8790,.0182,.5763,.2512,.0362
8791,.0375,.4176,.4224,.0180
8792,.0174,.6011,.2480,.0419
8793,.0365,.4166,.4458,.0271
8794,.1781,.2520,.3642,.1348
8795,.1579,.4610,.2272,.0675
8796,.0698,.4540,.3395,.0667
8797,.3588,.1046,.4342,.0429
8798,.5896,.0406,.3066,.0098
8799,.5347,.0352,.3442,.0147
8800,.5520,.0461,.2745,.0595
8801,.4509,.1226,.3065,.0450
8802,.4549,.1265,.3147,.0291
8803,.1315,.4858,.2689,.0280
8804,.4093,.1402,.3628,.0146
8805,.4668,.0552,.3810,.0207
8806,.5403,.0488,.3051,.0262
8807,.2446,.1820,.4132,.0616
8808,.4524,.1070,.3185,.0513
8809,.4633,.1150,.3521,.0075
8810,.6634,.0362,.2250,.0154
8811,.6225,.0272,.2257,.0612
8812,.5667,.0825,.2172,.0694
8813,.6972,.0352,.2066,.0029
8814,.6697,.0249,.2415,.0024
8815,.6390,.0104,.2928,.0023
8816,.6097,.0135,.3014,.0046
8817,.5928,.0371,.2510,.0508
8818,.6790,.0292,.2332,.0000
8819,.5050,.1668,.1977,.0613
8820,.3922,.2725,.2376,.0397
8821,.4949,.1096,.2945,.0367
8822,.4706,.1676,.2744,.0268
8823,.4643,.0814,.3521,.0391
8824,.5441,.0179,.3774,.0000
8825,.3789,.0310,.5183,.0022
8826,.4347,.0214,.4839,.0030
8827,.5132,.0311,.3830,.0053
8828,.4944,.0974,.3269,.0156
8829,.3843,.0904,.4434,.0140
8830,.5860,.0344,.2998,.0114
8831,.5766,.0432,.3111,.0024
8832,.2419,.4471,.2055,.0298
8833,.0244,.7153,.0589,.0554
8834,.0257,.5308,.1129,.1383
8835,.2162,.3740,.2422,.0585
8836,.1373,.4386,.2055,.0864
8837,.3069,.1913,.3531,.0554
8838,.1426,.3902,.3462,.0212
8839,.4150,.1598,.3624,.0042
8840,.4989,.1128,.2976,.0198
8841,.4180,.1511,.3212,.0338
8842,.5705,.1126,.2480,.0128
8843,.7306,.0122,.1979,.0033
8844,.6479,.0386,.2299,.0196
8845,.6000,.0466,.2854,.0155
8846,.5272,.0782,.3146,.0222
8847,.5515,.0592,.2902,.0190
8848,.2903,.3007,.2936,.0230
8849,.4988,.1752,.2312,.0240
8850,.6776,.0432,.2157,.0131
8851,.8135,.0005,.1489,.0011
8852,.4213,.2057,.1464,.0775
8853,.1975,.2426,.3630,.0662
8854,.3938,.1145,.4039,.0202
8855,.6438,.0579,.2235,.0197
8856,.6081,.0578,.2400,.0185
8857,.6122,.0435,.2580,.0152
8858,.3812,.1219,.3786,.0135
8859,.4746,.0661,.3922,.0036
8860,.3548,.0903,.4416,.0219
8861,.3073,.1094,.4731,.0187
8862,.2635,.1158,.5170,.0180
8863,.1844,.2128,.4524,.0306
8864,.2245,.2736,.3413,.0325
8865,.5014,.0847,.3160,.0219
8866,.4910,.0248,.3616,.0424
8867,.5625,.0417,.2915,.0321
8868,.6487,.0283,.2123,.0360
8869,.2576,.2111,.4138,.0325
8870,.0961,.3800,.3929,.0130
8871,.1490,.2762,.3456,.0988
8872,.1641,.3245,.3901,.0175
8873,.1686,.3992,.3038,.0168
8874,.0177,.4703,.0764,.1480
8875,.0361,.5251,.1221,.1181
8876,.0732,.4909,.2980,.0106
8877,.1344,.3514,.3445,.0428
8878,.0043,.1221,.1776,.3566
8879,.0014,.0212,.0153,.0363
8880,.0193,.1976,.2088,.0715
8881,.0034,.0503,.0370,.0304
8882,.0000,.0107,.0133,.0136
8883,.0289,.0711,.1111,.0799
8884,.0007,.0018,.0085,.0283
8885,.0000,.0000,.0000,.0000
8886,.0000,.0000,.0000,.0000
8887,.0000,.0000,.0000,.0000
8888,.0000,.0000,.0000,.0000
8889,.0000,.0000,.0000,.0000
8890,.0000,.0000,.0000,.0000
8891,.0000,.0000,.0000,.0000
8892,.0000,.0000,.0000,.0000
8893,.0000,.0000,.0000,.0000
8894,.0000,.0000,.0000,.0000
8895,.0000,.0000,.0000,.0000
8896,.0000,.0000,.0000,.0000
8897,.0000,.0000,.0000,.0000
8898,.0000,.0000,.0000,.0000
8899,.0000,.0000,.0000,.0000
8900,.0000,.0000,.0000,.0000
8901,.0000,.0000,.0000,.0000
8902,.0000,.0000,.0000,.0000
8903,.0000,.0000,.0000,.0000
8904,.0000,.0000,.0000,.0000
8905,.0000,.0000,.0000,.0000
8906,.0000,.0000,.0000,.0000
8907,.0000,.0000,.0000,.0087
8908,.0000,.0000,.0000,.0071
8909,.0000,.0000,.0000,.0000
8910,.0000,.0000,.0000,.0000
8911,.0000,.0000,.0000,.0000
8912,.2415,.1563,.4952,.0258
8913,.2834,.0729,.5855,.0024
8914,.3523,.0579,.5221,.0151
8915,.3243,.0689,.5094,.0402
8916,.1851,.1535,.4708,.1165
8917,.1868,.1800,.4293,.1285
8918,.1425,.2050,.5372,.0405
8919,.0737,.3685,.3947,.0762
8920,.0527,.3671,.4825,.0290
8921,.1248,.2181,.5104,.0818
8922,.0766,.4354,.3823,.0444
8923,.0214,.6745,.1390,.0325
8924,.0492,.4463,.3762,.0278
8925,.0876,.4841,.3256,.0206
8926,.0002,.5952,.1382,.1366
8927,.1354,.2782,.3870,.1209
8928,.0693,.6006,.2481,.0282
8929,.3979,.1628,.3564,.0406
8930,.5991,.0476,.2303,.0689
8931,.6875,.0011,.2551,.0066
8932,.6915,.0143,.2377,.0030
8933,.6374,.0265,.2670,.0000
8934,.5049,.0545,.3203,.0423
8935,.4340,.0669,.3613,.0594
8936,.5264,.0815,.3154,.0080
8937,.3877,.1209,.3848,.0320
8938,.3055,.1199,.4868,.0186
8939,.3692,.0881,.4246,.0412
8940,.4588,.0754,.3779,.0070
8941,.5420,.0363,.3297,.0086
8942,.6767,.0151,.2484,.0014
8943,.6116,.0308,.2706,.0236
8944,.6649,.0601,.1741,.0452
8945,.7286,.0241,.1742,.0064
8946,.7885,.0065,.1427,.0047
8947,.6970,.0052,.2320,.0026
8948,.5984,.0146,.3190,.0020
8949,.5437,.0578,.2708,.0558
8950,.4422,.1435,.2587,.0777
8951,.6878,.0181,.2254,.0076
8952,.5256,.1101,.2530,.0308
8953,.1714,.4695,.2533,.0334
8954,.4455,.1223,.3356,.0359
8955,.4209,.1323,.3701,.0242
8956,.5285,.0356,.3556,.0149
8957,.5232,.0177,.3967,.0000
8958,.4339,.0142,.4617,.0094
8959,.4472,.0141,.4716,.0050
8960,.4791,.0216,.4190,.0165
8961,.6392,.0140,.2947,.0042
8962,.5201,.0411,.3688,.0186
8963,.5181,.0358,.3741,.0094
8964,.4862,.0322,.3947,.0195
8965,.4357,.0462,.4077,.0528
8966,.5642,.0028,.3657,.0089
8967,.5247,.0991,.2921,.0098
8968,.4380,.1894,.2824,.0053
8969,.1775,.3543,.2819,.0565
8970,.1311,.3886,.3266,.0503
8971,.2664,.3150,.2911,.0215
8972,.3668,.2170,.2967,.0294
8973,.5903,.1158,.2170,.0126
8974,.6835,.0342,.2174,.0005
8975,.5376,.1039,.1726,.1143
8976,.6876,.0450,.1804,.0297
8977,.5779,.0922,.2268,.0324
8978,.6277,.0210,.2830,.0026
8979,.6007,.0388,.2853,.0117
8980,.3463,.2217,.3340,.0145
8981,.3388,.2802,.2943,.0084
8982,.5136,.1490,.1278,.0953
8983,.2264,.2300,.0660,.1462
8984,.2147,.1418,.0628,.1473
8985,.3359,.2196,.0776,.2368
8986,.1940,.3538,.1591,.0984
8987,.6171,.0512,.2310,.0203
8988,.5828,.0640,.2701,.0114
8989,.6400,.0669,.2162,.0209
8990,.6332,.0562,.2428,.0065
8991,.7021,.0267,.2012,.0096
8992,.6968,.0449,.1884,.0156
8993,.4542,.1039,.3012,.0435
8994,.4902,.0699,.3374,.0352
8995,.3662,.0799,.4506,.0118
8996,.1826,.1564,.5272,.0111
8997,.0926,.5665,.1434,.0516
8998,.3291,.1957,.3673,.0092
8999,.5448,.0388,.3197,.0243
9000,.5806,.0242,.3276,.0017
9001,.6372,.0216,.2575,.0205
9002,.2291,.2219,.3952,.0445
9003,.1610,.2089,.4897,.0253
9004,.4107,.0262,.4353,.0432
9005,.5718,.0115,.3203,.0248
9006,.3038,.1651,.3829,.0289
9007,.1781,.2117,.2256,.1322
9008,.1902,.1992,.3257,.0906
9009,.3570,.0851,.4324,.0459
9010,.2153,.1325,.5013,.0677
9011,.0474,.5247,.2427,.0892
9012,.0652,.3358,.3103,.0595
9013,.1855,.2632,.3605,.0626
9014,.0504,.3021,.2614,.0889
9015,.0049,.1244,.0582,.0531
9016,.0099,.1366,.0843,.0507
9017,.0088,.1210,.0589,.0708
9018,.0000,.0000,.0000,.0000
9019,.0000,.0000,.0000,.0000
9020,.0000,.0000,.0000,.0000
9021,.0000,.0000,.0000,.0000
9022,.0000,.0000,.0000,.0000
9023,.0000,.0000,.0000,.0000
9024,.0000,.0000,.0000,.0000
9025,.0000,.0000,.0000,.0000
9026,.0000,.0000,.0000,.0000
9027,.0000,.0000,.0000,.0000
9028,.0000,.0000,.0000,.0000
9029,.0000,.0000,.0000,.0000
9030,.0000,.0000,.0000,.0000
9031,.0000,.0000,.0000,.0000
9032,.0000,.0000,.0000,.0000
9033,.0000,.0000,.0000,.0000
9034,.0000,.0000,.0000,.0000
9035,.0000,.0000,.0000,.0000
9036,.0000,.0000,.0000,.0000
9037,.0000,.0000,.0000,.0000
9038,.0000,.0000,.0000,.0000
9039,.0000,.0000,.0000,.0000
9040,.0000,.0000,.0072,.0406
9041,.0000,.0243,.1589,.1448
9042,.0000,.0000,.1183,.0722
9043,.0000,.0000,.0000,.0000
9044,.0000,.0000,.0000,.0000
9045,.2053,.1568,.4259,.1184
9046,.2794,.0233,.6166,.0245
9047,.2992,.0508,.5833,.0184
9048,.2284,.0440,.5757,.0875
9049,.1466,.1632,.4451,.1621
9050,.2040,.2103,.5045,.0196
9051,.2091,.1574,.5181,.0567
9052,.0293,.3213,.4505,.0797
9053,.0455,.5696,.2679,.0287
9054,.2571,.1287,.5034,.0593
9055,.0917,.5084,.2939,.0469
9056,.1168,.3199,.4527,.0622
9057,.0526,.6172,.2752,.0043
9058,.0341,.6598,.2052,.0232
9059,.0020,.6150,.0498,.1946
9060,.0390,.5452,.2759,.0413
9061,.1684,.3576,.4039,.0210
9062,.4824,.0678,.3726,.0309
9063,.4572,.1494,.2897,.0578
9064,.5530,.0440,.3298,.0179
9065,.7129,.0030,.2319,.0019
9066,.6631,.0083,.2550,.0012
9067,.6303,.0220,.2773,.0060
9068,.5639,.0359,.2916,.0291
9069,.6647,.0386,.2227,.0049
9070,.3853,.1115,.3974,.0389
9071,.4845,.0498,.3909,.0085
9072,.5497,.0701,.2806,.0259
9073,.5121,.0785,.3369,.0028
9074,.5916,.0226,.3048,.0056
9075,.6541,.0102,.2641,.0019
9076,.5946,.0226,.3024,.0147
9077,.5564,.0811,.1988,.0954
9078,.7232,.0179,.1902,.0083
9079,.7085,.0036,.1909,.0393
9080,.6743,.0111,.2465,.0025
9081,.6383,.0230,.2534,.0262
9082,.5698,.0711,.2806,.0179
9083,.2076,.2903,.3826,.0497
9084,.6564,.0124,.2638,.0017
9085,.2887,.3513,.2372,.0567
9086,.2440,.2935,.3276,.0496
9087,.3895,.2427,.2689,.0526
9088,.3805,.1673,.3619,.0303
9089,.1833,.2332,.4994,.0283
9090,.3836,.1117,.4246,.0114
9091,.3991,.0147,.5070,.0093
9092,.5899,.0158,.3181,.0172
9093,.6447,.0125,.2588,.0235
9094,.5771,.0214,.3280,.0200
9095,.6074,.0316,.2795,.0259
9096,.5676,.0105,.3590,.0036
9097,.4470,.0320,.4515,.0113
9098,.3087,.1021,.4584,.0480
9099,.4471,.0443,.4206,.0192
9100,.4920,.0536,.3813,.0163
9101,.6052,.0083,.3127,.0021
9102,.4548,.0312,.2950,.1377
9103,.5844,.0199,.3098,.0225
9104,.5223,.0388,.3554,.0108
9105,.3910,.1246,.3091,.0619
9106,.4883,.1277,.2628,.0450
9107,.5858,.1186,.2094,.0195
9108,.6812,.0458,.2060,.0030
9109,.6640,.0174,.2276,.0153
9110,.5244,.0501,.3359,.0232
9111,.5498,.0411,.3396,.0000
9112,.5870,.0643,.2511,.0219
9113,.5647,.0748,.2888,.0033
9114,.5934,.0533,.2672,.0202
9115,.5995,.0798,.1485,.0920
9116,.4470,.1428,.0777,.1703
9117,.3058,.0686,.0670,.1391
9118,.2830,.1916,.1039,.1893
9119,.4107,.1478,.1703,.0924
9120,.3634,.0903,.3235,.0842
9121,.4557,.0820,.3497,.0228
9122,.6701,.0351,.2207,.0053
9123,.6956,.0330,.1985,.0125
9124,.6770,.0434,.2024,.0040
9125,.4837,.1406,.2711,.0308
9126,.7132,.0151,.1996,.0112
9127,.3251,.0949,.4440,.0488
9128,.3764,.0510,.4567,.0368
9129,.3573,.0514,.4682,.0343
9130,.1336,.3531,.2644,.0814
9131,.1945,.2100,.3936,.0591
9132,.5235,.0571,.3392,.0048
9133,.6189,.0274,.2661,.0245
9134,.5684,.0564,.2855,.0318
9135,.2749,.2804,.3165,.0318
9136,.4192,.0600,.4265,.0228
9137,.5832,.0060,.3367,.0087
9138,.4529,.0459,.4201,.0083
9139,.5080,.0256,.3998,.0055
9140,.2732,.1318,.4082,.0862
9141,.4352,.0295,.4718,.0019
9142,.5192,.0482,.3681,.0085
9143,.2554,.1788,.4588,.0389
9144,.0943,.2885,.5231,.0177
9145,.1392,.2616,.5210,.0000
9146,.0490,.5164,.3200,.0000
9147,.1550,.2666,.4460,.0069
9148,.0295,.2699,.1421,.0826
9149,.0604,.2011,.2006,.0882
9150,.0151,.2378,.0951,.1027
9151,.0025,.0041,.0139,.0240
9152,.0011,.0124,.0104,.0220
9153,.0000,.0000,.0000,.0000
9154,.0000,.0000,.0000,.0000
9155,.0000,.0000,.0000,.0000
9156,.0000,.0000,.0000,.0000
9157,.0000,.0000,.0000,.0000
9158,.0000,.0000,.0000,.0000
9159,.0000,.0000,.0000,.0000
9160,.0000,.0000,.0000,.0000
9161,.0000,.0000,.0000,.0000
9162,.0000,.0000,.0000,.0000
9163,.0000,.0000,.0000,.0000
9164,.0000,.0000,.0000,.0000
9165,.0000,.0000,.0000,.0000
9166,.0000,.0000,.0000,.0000
9167,.0000,.0000,.0000,.0000
9168,.0000,.0000,.0000,.0000
9169,.0000,.0000,.0000,.0000
9170,.0000,.0000,.0000,.0000
9171,.0000,.0000,.0000,.0000
9172,.0000,.0000,.0000,.0000
9173,.0000,.0000,.0567,.0857
9174,.0000,.0000,.0720,.1184
9175,.0000,.0000,.1016,.0799
9176,.0000,.0000,.0000,.0000
9177,.0000,.0000,.0000,.0000
9178,.2853,.0741,.5167,.0523
9179,.4356,.0360,.4547,.0182
9180,.3116,.0832,.5182,.0349
9181,.3357,.0784,.4544,.0788
9182,.1622,.1492,.4676,.1471
9183,.0851,.3239,.4792,.0157
9184,.1236,.2172,.5562,.0086
9185,.0620,.1683,.6003,.0472
9186,.1231,.2085,.5381,.0607
9187,.2120,.1410,.5812,.0173
9188,.0858,.3630,.4411,.0469
9189,.2726,.2405,.2824,.1603
9190,.0156,.7005,.1551,.0415
9191,.2314,.3217,.3596,.0190
9192,.0160,.5885,.2320,.0670
9193,.0300,.4416,.3327,.0909
9194,.2044,.1956,.4636,.0720
9195,.2153,.1908,.3956,.1167
9196,.2728,.2550,.3930,.0185
9197,.3729,.1812,.3713,.0182
9198,.4968,.1073,.3264,.0171
9199,.6884,.0054,.2591,.0009
9200,.6427,.0025,.3013,.0048
9201,.6718,.0036,.2504,.0041
9202,.6321,.0323,.2269,.0424
9203,.6761,.0250,.2333,.0060
9204,.6116,.0489,.2632,.0084
9205,.5191,.0573,.3490,.0031
9206,.4499,.1088,.3413,.0279
9207,.5828,.0178,.3325,.0000
9208,.5582,.0151,.3356,.0140
9209,.5472,.0865,.2438,.0612
9210,.5966,.0988,.2176,.0256
9211,.5882,.0541,.2768,.0110
9212,.7087,.0064,.2262,.0082
9213,.6624,.0092,.2607,.0141
9214,.6439,.0224,.2651,.0103
9215,.6210,.0202,.2799,.0149
9216,.2557,.2120,.4223,.0402
9217,.3901,.1602,.3831,.0000
9218,.0401,.6292,.1671,.0755
9219,.4979,.1214,.2339,.0734
9220,.4513,.1683,.2857,.0364
9221,.1715,.5076,.2625,.0198
9222,.1462,.2528,.4891,.0487
9223,.2182,.2503,.4184,.0272
9224,.4288,.0436,.4226,.0402
9225,.4110,.0579,.4414,.0280
9226,.7495,.0032,.1995,.0032
9227,.6998,.0207,.2312,.0041
9228,.7927,.0021,.1484,.0055
9229,.6615,.0040,.2842,.0069
9230,.5155,.0342,.3850,.0073
9231,.3218,.1231,.4622,.0080
9232,.5446,.0274,.3661,.0002
9233,.5855,.0158,.3366,.0000
9234,.5549,.0219,.3478,.0126
9235,.4497,.0431,.3079,.1264
9236,.6614,.0082,.2452,.0380
9237,.6457,.0164,.2696,.0034
9238,.5900,.0239,.3175,.0075
9239,.6371,.0244,.2697,.0071
9240,.6239,.0551,.2407,.0102
9241,.6898,.0697,.1805,.0021
9242,.5960,.0935,.1986,.0350
9243,.6616,.0485,.1971,.0220
9244,.6474,.0455,.2152,.0168
9245,.6604,.0418,.2093,.0091
9246,.6339,.0644,.2352,.0002
9247,.7332,.0280,.1871,.0000
9248,.7428,.0581,.1513,.0000
9249,.4842,.0569,.1533,.1647
9250,.5599,.0690,.2062,.1085
9251,.4106,.1367,.1866,.1325
9252,.5488,.0986,.2666,.0297
9253,.6378,.0270,.2541,.0063
9254,.6001,.0364,.2667,.0310
9255,.4907,.0865,.3145,.0193
9256,.5795,.0639,.2382,.0241
9257,.4242,.0596,.4232,.0122
9258,.4823,.0641,.3128,.0565
9259,.3724,.0773,.4325,.0414
9260,.4960,.0380,.3697,.0234
9261,.4355,.0488,.4195,.0185
9262,.3483,.0501,.5057,.0127
9263,.1284,.2540,.4557,.0340
9264,.0472,.3353,.3913,.0720
9265,.2953,.1057,.4843,.0087
9266,.5274,.0921,.3186,.0034
9267,.6403,.0509,.2367,.0127
9268,.5471,.0750,.3069,.0167
9269,.6139,.0460,.2777,.0087
9270,.5307,.0555,.3423,.0103
9271,.3373,.0799,.4932,.0024
9272,.3029,.0715,.5250,.0045
9273,.5356,.0160,.3676,.0187
9274,.5070,.0143,.3935,.0109
9275,.5656,.0287,.3178,.0185
9276,.2127,.2085,.4224,.0846
9277,.1982,.1895,.5095,.0255
9278,.1847,.1300,.5586,.0365
9279,.2182,.1598,.4816,.0498
9280,.3223,.0828,.4929,.0029
9281,.2084,.2847,.3914,.0121
9282,.1030,.2156,.5153,.0167
9283,.0361,.1090,.2544,.0565
9284,.0007,.0078,.0025,.0039
9285,.0026,.0830,.0220,.0360
9286,.0000,.0000,.0016,.0030
9287,.0000,.0000,.0000,.0000
9288,.0000,.0000,.0000,.0000
9289,.0000,.0000,.0000,.0000
9290,.0000,.0000,.0000,.0000
9291,.0000,.0000,.0000,.0000
9292,.0000,.0000,.0000,.0000
9293,.0000,.0000,.0000,.0000
9294,.0000,.0000,.0000,.0000
9295,.0000,.0000,.0000,.0000
9296,.0000,.0000,.0000,.0000
9297,.0000,.0000,.0000,.0000
9298,.0000,.0000,.0000,.0000
9299,.0000,.0000,.0000,.0000
9300,.0000,.0000,.0000,.0000
9301,.0000,.0000,.0000,.0000
9302,.0000,.0000,.0000,.0000
9303,.0000,.0000,.0000,.0000
9304,.0000,.0000,.0000,.0000
9305,.0000,.0000,.0000,.0000
9306,.0000,.0000,.0000,.0000
9307,.0000,.0000,.0492,.0243
9308,.0000,.0000,.0000,.0000
9309,.0000,.0000,.0000,.0000
9310,.0000,.0000,.0000,.0000
9311,.3228,.0396,.5721,.0000
9312,.3108,.0431,.4677,.1063
9313,.3297,.1283,.4334,.0497
9314,.2651,.1898,.4333,.0506
9315,.2706,.2042,.3828,.0878
9316,.1077,.3536,.4047,.0347
9317,.1814,.1887,.5467,.0169
9318,.0937,.1355,.6044,.0670
9319,.1458,.1621,.5671,.0555
9320,.1499,.1795,.5844,.0236
9321,.1716,.2383,.4890,.0415
9322,.2838,.1475,.4934,.0312
9323,.0723,.3707,.4747,.0163
9324,.0304,.5341,.2724,.0601
9325,.0354,.4963,.3883,.0097
9326,.0224,.4333,.3994,.0555
9327,.3933,.0633,.4316,.0603
9328,.2273,.1395,.4090,.1400
9329,.0514,.4073,.3266,.1185
9330,.1819,.2127,.4861,.0444
9331,.1062,.3506,.4487,.0318
9332,.7226,.0001,.2335,.0029
9333,.6522,.0015,.2620,.0154
9334,.5802,.0023,.3567,.0000
9335,.7179,.0114,.2114,.0036
9336,.7230,.0100,.2073,.0000
9337,.6982,.0088,.2253,.0041
9338,.5853,.0546,.2911,.0000
9339,.5779,.0187,.3347,.0000
9340,.5962,.0171,.3187,.0000
9341,.5014,.0314,.3454,.0494
9342,.6020,.0184,.2863,.0215
9343,.5236,.0869,.2960,.0222
9344,.5567,.0800,.2658,.0203
9345,.6739,.0146,.2530,.0038
9346,.6930,.0191,.2254,.0018
9347,.6428,.0172,.2479,.0342
9348,.5555,.0346,.3288,.0125
9349,.3514,.1096,.4670,.0031
9350,.2574,.2156,.4281,.0329
9351,.1791,.3280,.3668,.0496
9352,.6100,.0110,.3160,.0061
9353,.4678,.0748,.3941,.0020
9354,.0976,.5949,.2472,.0102
9355,.1889,.3216,.3792,.0436
9356,.2947,.1468,.4769,.0172
9357,.5199,.0753,.3044,.0440
9358,.4510,.0638,.3693,.0504
9359,.6396,.0148,.2842,.0027
9360,.6679,.0072,.2542,.0135
9361,.4516,.0886,.3759,.0140
9362,.6135,.0144,.2965,.0252
9363,.4212,.1886,.3112,.0223
9364,.3866,.1272,.4204,.0084
9365,.4251,.0519,.4769,.0000
9366,.4338,.0170,.5070,.0000
9367,.4213,.0141,.5254,.0000
9368,.4392,.0258,.4289,.0599
9369,.5909,.0048,.2781,.0677
9370,.5904,.0415,.3103,.0017
9371,.6611,.0196,.2564,.0036
9372,.4243,.0991,.3986,.0008
9373,.4373,.1303,.2839,.0608
9374,.4493,.1007,.3553,.0209
9375,.5431,.1064,.2595,.0234
9376,.5624,.1125,.2437,.0190
9377,.5710,.0902,.2401,.0272
9378,.4848,.1765,.2522,.0144
9379,.5985,.0540,.2434,.0282
9380,.7593,.0510,.1435,.0033
9381,.6846,.0540,.1717,.0313
9382,.7297,.0717,.1501,.0000
9383,.5415,.0506,.2303,.1200
9384,.6430,.0478,.1942,.0628
9385,.2282,.1630,.4885,.0212
9386,.4614,.1163,.2923,.0320
9387,.7191,.0288,.1740,.0158
9388,.5161,.0652,.3339,.0094
9389,.2715,.2010,.3327,.0754
9390,.4556,.0527,.3669,.0414
9391,.3896,.0974,.3949,.0565
9392,.2089,.2122,.4896,.0150
9393,.3134,.1405,.4381,.0393
9394,.1377,.1476,.5668,.0318
9395,.1784,.1381,.5404,.0349
9396,.1274,.2568,.4808,.0169
9397,.0890,.3580,.2642,.1415
9398,.1088,.1974,.5206,.0501
9399,.2671,.0937,.4967,.0489
9400,.5881,.0535,.2246,.0739
9401,.2788,.1588,.4168,.0707
9402,.2825,.1142,.5089,.0150
9403,.4503,.0593,.4000,.0190
9404,.2653,.0954,.5191,.0371
9405,.3096,.0342,.4710,.0739
9406,.5194,.0081,.3506,.0402
9407,.3829,.0270,.3837,.0824
9408,.4098,.0794,.4317,.0029
9409,.2274,.1800,.3768,.1198
9410,.1810,.1628,.5729,.0033
9411,.2040,.1068,.5756,.0174
9412,.3575,.0910,.4264,.0491
9413,.4879,.0209,.4116,.0008
9414,.2516,.0880,.5385,.0296
9415,.0799,.2175,.4011,.0662
9416,.0592,.0295,.3062,.1166
9417,.0210,.1706,.0976,.0263
9418,.0049,.1296,.0380,.0618
9419,.0017,.0125,.0206,.0132
9420,.0000,.0000,.0000,.0000
9421,.0000,.0000,.0000,.0000
9422,.0000,.0000,.0000,.0000
9423,.0000,.0000,.0000,.0000
9424,.0000,.0000,.0000,.0000
9425,.0000,.0000,.0000,.0000
9426,.0000,.0000,.0000,.0000
9427,.0000,.0000,.0000,.0000
9428,.0000,.0000,.0000,.0000
9429,.0000,.0000,.0000,.0000
9430,.0000,.0000,.0000,.0000
9431,.0000,.0000,.0000,.0000
9432,.0000,.0000,.0000,.0000
9433,.0000,.0000,.0000,.0000
9434,.0000,.0000,.0000,.0000
9435,.0000,.0000,.0000,.0000
9436,.0000,.0000,.0000,.0000
9437,.0000,.0000,.0000,.0000
9438,.0000,.0000,.0000,.0000
9439,.0000,.0000,.0000,.0000
9440,.0000,.0000,.0073,.0056
9441,.0000,.0000,.0000,.0000
9442,.0000,.0000,.0000,.0000
9443,.0000,.0000,.0000,.0000
9444,.3470,.0064,.6032,.0000
9445,.3828,.0067,.5636,.0007
9446,.3084,.1266,.4339,.0586
9447,.3340,.1585,.4278,.0322
9448,.3231,.1243,.4872,.0207
9449,.0599,.4382,.3303,.0798
9450,.2401,.1316,.5615,.0174
9451,.1927,.0947,.5921,.0493
9452,.1164,.2466,.4890,.0673
9453,.1752,.1717,.5160,.0719
9454,.2132,.1771,.5103,.0344
9455,.1946,.1430,.4318,.1756
9456,.1015,.2166,.6256,.0000
9457,.1044,.2904,.4804,.0628
9458,.0588,.4353,.4451,.0000
9459,.0533,.2586,.5861,.0270
9460,.2241,.0929,.4933,.1279
9461,.2047,.1279,.3638,.2199
9462,.0718,.2772,.4525,.1115
9463,.1209,.1782,.5724,.0460
9464,.1056,.2474,.5608,.0229
9465,.5924,.0097,.3297,.0246
9466,.6041,.0006,.3257,.0159
9467,.6811,.0003,.2852,.0000
9468,.6242,.0136,.2991,.0008
9469,.6773,.0178,.2374,.0000
9470,.3612,.2039,.3548,.0191
9471,.5341,.0585,.3263,.0178
9472,.6584,.0097,.2681,.0000
9473,.6298,.0156,.2797,.0121
9474,.6166,.0181,.2790,.0280
9475,.7228,.0029,.2306,.0030
9476,.6318,.0222,.2493,.0175
9477,.6403,.0273,.2404,.0206
9478,.5567,.0871,.2608,.0281
9479,.5542,.0849,.2700,.0443
9480,.6209,.0479,.2471,.0269
9481,.6191,.0082,.2993,.0064
9482,.6081,.0144,.2970,.0156
9483,.6312,.0073,.2778,.0233
9484,.5607,.0580,.2440,.0657
9485,.6693,.0080,.2366,.0372
9486,.5190,.0399,.3635,.0161
9487,.4238,.1126,.3349,.0645
9488,.3607,.1388,.4156,.0220
9489,.3304,.1804,.3920,.0174
9490,.5790,.0371,.3078,.0052
9491,.4799,.0848,.3261,.0300
9492,.6739,.0243,.2506,.0018
9493,.6503,.0125,.2733,.0089
9494,.4446,.0452,.4506,.0085
9495,.4417,.0524,.3976,.0555
9496,.1520,.4242,.3571,.0050
9497,.3329,.1185,.4559,.0252
9498,.2986,.0542,.5797,.0161
9499,.3281,.0290,.6023,.0117
9500,.3093,.0747,.5367,.0379
9501,.4019,.0536,.4229,.0794
9502,.4475,.0789,.3804,.0389
9503,.4042,.2253,.2306,.0691
9504,.6029,.0104,.2954,.0392
9505,.6449,.0170,.2600,.0135
9506,.4487,.0687,.3649,.0194
9507,.3488,.1797,.3008,.0722
9508,.5649,.0404,.2909,.0293
9509,.7091,.0087,.1740,.0364
9510,.5713,.0285,.2790,.0474
9511,.6781,.0294,.2139,.0067
9512,.5028,.0760,.2952,.0278
9513,.4988,.0728,.3199,.0403
9514,.7096,.0331,.1872,.0193
9515,.7909,.0234,.1169,.0231
9516,.7538,.0246,.1369,.0226
9517,.6050,.0206,.2976,.0059
9518,.2056,.1418,.4827,.0498
9519,.2377,.1584,.4744,.0295
9520,.3282,.1515,.3820,.0467
9521,.4381,.1179,.3443,.0234
9522,.5100,.0809,.2815,.0607
9523,.2645,.2600,.2545,.0838
9524,.4464,.0802,.3697,.0200
9525,.1875,.2279,.4629,.0245
9526,.3395,.0975,.4529,.0284
9527,.2365,.1154,.5342,.0249
9528,.1400,.2278,.4963,.0197
9529,.2058,.0891,.5930,.0089
9530,.1289,.3433,.3739,.0691
9531,.1732,.2046,.4772,.0288
9532,.1442,.1870,.4808,.0367
9533,.5865,.0540,.2851,.0145
9534,.7102,.0381,.2033,.0000
9535,.3875,.0528,.4963,.0005
9536,.3548,.0371,.5496,.0031
9537,.3363,.0604,.5196,.0108
9538,.2491,.1209,.4877,.0181
9539,.4297,.0224,.3182,.1274
9540,.6238,.0153,.2376,.0381
9541,.4040,.0705,.4339,.0156
9542,.2703,.2293,.4071,.0174
9543,.2837,.0992,.5104,.0211
9544,.1124,.2610,.4819,.0126
9545,.4435,.0441,.4015,.0321
9546,.4114,.0806,.4383,.0034
9547,.1014,.2323,.5103,.0343
9548,.1288,.2144,.4815,.0643
9549,.3281,.1005,.3430,.1048
9550,.2575,.2161,.3997,.0132
9551,.0336,.3848,.2487,.0320
9552,.0025,.0781,.0225,.0379
9553,.0004,.0176,.0048,.0163
9554,.0000,.0000,.0000,.0000
9555,.0000,.0000,.0000,.0000
9556,.0000,.0000,.0000,.0000
9557,.0000,.0000,.0000,.0000
9558,.0000,.0000,.0000,.0000
9559,.0000,.0000,.0000,.0000
9560,.0000,.0000,.0000,.0000
9561,.0000,.0000,.0000,.0000
9562,.0000,.0000,.0000,.0000
9563,.0000,.0000,.0000,.0000
9564,.0000,.0000,.0000,.0000
9565,.0000,.0000,.0000,.0000
9566,.0000,.0000,.0000,.0000
9567,.0000,.0000,.0000,.0000
9568,.0000,.0000,.0000,.0000
9569,.0000,.0000,.0000,.0000
9570,.0000,.0000,.0000,.0000
9571,.0000,.0000,.0000,.0000
9572,.0000,.0000,.0000,.0000
9573,.0000,.0000,.0000,.0000
9574,.0000,.0000,.0000,.0000
9575,.0000,.0000,.0000,.0000
9576,.0000,.0000,.0000,.0000
9577,.4200,.0000,.5198,.0309
9578,.4594,.0027,.5060,.0000
9579,.2236,.1045,.5598,.0341
9580,.3210,.1001,.5202,.0097
9581,.2800,.0898,.5839,.0025
9582,.1957,.2007,.5002,.0412
9583,.2507,.1485,.5302,.0219
9584,.3848,.0885,.4780,.0202
9585,.2442,.1014,.5106,.0842
9586,.1686,.1531,.5233,.0884
9587,.2489,.1029,.4866,.1068
9588,.2151,.2176,.4625,.0426
9589,.0462,.3868,.4916,.0060
9590,.0446,.4456,.4521,.0061
9591,.0867,.4082,.4191,.0175
9592,.1778,.1266,.6002,.0366
9593,.1457,.1510,.5062,.1272
9594,.2531,.2088,.3195,.1402
9595,.0558,.3557,.2338,.2601
9596,.0518,.1614,.5673,.1347
9597,.0734,.1858,.5366,.1220
9598,.4099,.0551,.4321,.0482
9599,.6974,.0005,.2494,.0029
9600,.6638,.0001,.2761,.0136
9601,.6260,.0028,.2954,.0142
9602,.6069,.0167,.3003,.0081
9603,.4004,.2332,.2763,.0125
9604,.2546,.2892,.3652,.0237
9605,.7180,.0045,.2230,.0008
9606,.6303,.0447,.2456,.0221
9607,.4556,.1146,.3045,.0457
9608,.5793,.0285,.3026,.0231
9609,.7215,.0054,.2169,.0000
9610,.6921,.0127,.2115,.0328
9611,.2613,.2054,.3790,.0716
9612,.1677,.3488,.3268,.0807
9613,.5384,.0429,.1662,.1975
9614,.5482,.0232,.2823,.0706
9615,.5884,.0174,.2742,.0465
9616,.5415,.0414,.3335,.0078
9617,.5912,.0519,.2346,.0567
9618,.6531,.0195,.2639,.0130
9619,.6834,.0224,.2427,.0000
9620,.6377,.0358,.2623,.0076
9621,.5680,.0590,.2942,.0142
9622,.5926,.0550,.2507,.0338
9623,.6282,.0229,.2696,.0036
9624,.6030,.0355,.2467,.0360
9625,.5098,.1018,.3209,.0024
9626,.4547,.0816,.4077,.0047
9627,.4372,.0763,.4001,.0359
9628,.3642,.0787,.5015,.0044
9629,.3256,.1104,.4525,.0647
9630,.3352,.1484,.4196,.0327
9631,.4729,.0463,.3769,.0516
9632,.2150,.1745,.5157,.0358
9633,.2908,.1720,.4229,.0570
9634,.5019,.0459,.4037,.0045
9635,.4519,.0954,.3769,.0149
9636,.1182,.4419,.1393,.1508
9637,.5122,.0800,.2817,.0749
9638,.4897,.1003,.3332,.0195
9639,.0796,.4149,.3464,.0452
9640,.1919,.2726,.4487,.0140
9641,.2073,.2651,.4221,.0340
9642,.4964,.1186,.2922,.0233
9643,.3955,.1530,.3343,.0380
9644,.6425,.0241,.2170,.0267
9645,.5431,.0331,.3266,.0113
9646,.3750,.1294,.4044,.0064
9647,.2266,.2256,.4248,.0407
9648,.7606,.0264,.1487,.0045
9649,.6807,.0553,.1805,.0068
9650,.6527,.0337,.2356,.0080
9651,.2250,.1665,.4434,.0258
9652,.1175,.1521,.5204,.0778
9653,.1923,.2336,.4054,.0612
9654,.3214,.1255,.4522,.0189
9655,.4001,.0644,.4205,.0433
9656,.3179,.0879,.4496,.0361
9657,.1772,.1840,.4551,.0146
9658,.3384,.1148,.4577,.0127
9659,.2067,.1116,.5859,.0013
9660,.2558,.0936,.5659,.0000
9661,.2779,.1525,.4392,.0194
9662,.0769,.6240,.1628,.0339
9663,.1147,.5100,.2896,.0168
9664,.2122,.0870,.5229,.0592
9665,.2136,.0987,.5858,.0032
9666,.3621,.1189,.3713,.0504
9667,.6993,.0211,.2270,.0066
9668,.5861,.0670,.2921,.0025
9669,.4816,.0326,.4173,.0014
9670,.3506,.1012,.4359,.0123
9671,.2625,.0896,.4996,.0256
9672,.4466,.0521,.3784,.0335
9673,.4089,.0467,.4275,.0157
9674,.4138,.0586,.3941,.0302
9675,.2555,.2444,.4157,.0073
9676,.3515,.0699,.4851,.0138
9677,.4976,.0618,.3552,.0113
9678,.3309,.1472,.4157,.0349
9679,.1904,.1788,.5624,.0000
9680,.3242,.0830,.4568,.0589
9681,.3058,.1135,.4695,.0251
9682,.3024,.1790,.4073,.0217
9683,.2027,.2217,.4141,.0519
9684,.0993,.2719,.4134,.0520
9685,.0326,.2695,.2226,.0468
9686,.0142,.3677,.0992,.0715
9687,.0005,.0521,.0004,.0052
9688,.0000,.0000,.0000,.0000
9689,.0000,.0000,.0000,.0000
9690,.0000,.0000,.0000,.0000
9691,.0000,.0000,.0000,.0000
9692,.0000,.0000,.0000,.0000
9693,.0000,.0000,.0000,.0000
9694,.0000,.0000,.0000,.0000
9695,.0000,.0000,.0000,.0000
9696,.0000,.0000,.0000,.0000
9697,.0000,.0000,.0000,.0000
9698,.0000,.0000,.0000,.0000
9699,.0000,.0000,.0000,.0000
9700,.0000,.0000,.0000,.0000
9701,.0000,.0000,.0000,.0000
9702,.0000,.0000,.0000,.0000
9703,.0000,.0000,.0000,.0000
9704,.0000,.0000,.0000,.0000
9705,.0000,.0000,.0000,.0000
9706,.0000,.0000,.0000,.0000
9707,.0000,.0000,.0000,.0000
9708,.0000,.0000,.0000,.0000
9709,.0000,.0000,.0000,.0000
9710,.4763,.0004,.4920,.0000
9711,.4563,.0510,.4543,.0037
9712,.2670,.1293,.5524,.0006
9713,.3457,.1240,.4858,.0041
9714,.3239,.1406,.4801,.0082
9715,.2401,.1782,.5202,.0074
9716,.2254,.1148,.5886,.0236
9717,.2685,.1325,.5102,.0455
9718,.2288,.1192,.5495,.0470
9719,.2457,.0772,.4681,.1582
9720,.2401,.0575,.4469,.1998
9721,.2136,.1841,.4007,.1272
9722,.0314,.4777,.3813,.0155
9723,.0161,.6430,.1782,.0214
9724,.0477,.4570,.3133,.0409
9725,.1537,.2069,.4814,.0801
9726,.1219,.2452,.4400,.1057
9727,.2767,.1345,.3908,.1321
9728,.1747,.1583,.3918,.2010
9729,.2000,.1296,.4657,.1298
9730,.1200,.1047,.5147,.1881
9731,.1434,.1627,.4561,.1498
9732,.7078,.0056,.2251,.0178
9733,.7215,.0000,.2323,.0052
9734,.6642,.0003,.2871,.0083
9735,.3926,.1560,.3412,.0387
9736,.5198,.0689,.3124,.0335
9737,.7091,.0044,.2392,.0010
9738,.4695,.0638,.4014,.0077
9739,.6721,.0147,.2280,.0243
9740,.7159,.0047,.2300,.0018
9741,.5899,.0265,.3028,.0141
9742,.6537,.0232,.2321,.0311
9743,.6313,.0333,.2493,.0270
9744,.2470,.2433,.3649,.0678
9745,.2362,.3199,.3167,.0546
9746,.3773,.0776,.3679,.1163
9747,.5292,.0453,.2647,.0981
9748,.5337,.0466,.2849,.0801
9749,.5107,.0789,.3246,.0116
9750,.5309,.1085,.2387,.0563
9751,.7416,.0139,.1922,.0031
9752,.7138,.0119,.2303,.0000
9753,.6527,.0630,.2277,.0057
9754,.6011,.0528,.2727,.0059
9755,.5789,.0759,.2264,.0526
9756,.6961,.0125,.2225,.0125
9757,.6932,.0205,.1876,.0349
9758,.6909,.0091,.2523,.0091
9759,.2828,.2840,.3701,.0048
9760,.4342,.0939,.3516,.0711
9761,.4088,.0598,.4768,.0070
9762,.3760,.0382,.5080,.0240
9763,.4050,.0948,.4293,.0171
9764,.3935,.1300,.3904,.0349
9765,.1654,.3855,.3713,.0068
9766,.1000,.4418,.3691,.0104
9767,.2572,.2493,.3960,.0457
9768,.2840,.1449,.4741,.0420
9769,.1111,.4719,.2387,.0532
9770,.2157,.2370,.4040,.0652
9771,.4600,.1581,.3019,.0198
9772,.0671,.4680,.3146,.0498
9773,.1236,.3478,.4368,.0128
9774,.1495,.2282,.4858,.0345
9775,.2749,.2242,.3907,.0274
9776,.1990,.3049,.3879,.0306
9777,.6183,.0331,.2826,.0070
9778,.6126,.0241,.2684,.0243
9779,.5913,.0276,.2908,.0124
9780,.3787,.1256,.4118,.0058
9781,.7024,.0054,.2080,.0144
9782,.8021,.0016,.1498,.0000
9783,.3821,.1280,.4031,.0000
9784,.2115,.2369,.3431,.0997
9785,.1468,.2841,.2873,.1447
9786,.2406,.1513,.3877,.0876
9787,.2272,.0803,.4841,.1171
9788,.2711,.0779,.4994,.0630
9789,.2674,.1116,.4591,.0540
9790,.3238,.1130,.4800,.0021
9791,.2103,.1059,.5738,.0026
9792,.1287,.1140,.6164,.0244
9793,.1366,.0925,.5695,.0811
9794,.1331,.3168,.4445,.0246
9795,.0689,.6425,.2091,.0099
9796,.3839,.0958,.3776,.0518
9797,.3839,.0760,.4569,.0086
9798,.2945,.0987,.4918,.0224
9799,.4121,.1847,.2485,.0716
9800,.6488,.0337,.1938,.0659
9801,.6747,.0972,.1796,.0052
9802,.7367,.0033,.1975,.0055
9803,.5171,.0276,.3539,.0244
9804,.4077,.0899,.3920,.0169
9805,.2815,.1377,.4132,.0382
9806,.2217,.0949,.5780,.0035
9807,.4062,.0792,.3230,.1156
9808,.3646,.1368,.3797,.0413
9809,.3740,.0628,.4796,.0115
9810,.4420,.0716,.3929,.0156
9811,.3476,.0999,.4629,.0236
9812,.1955,.2387,.4840,.0009
9813,.3040,.0970,.5079,.0200
9814,.3868,.1059,.3847,.0405
9815,.2176,.2474,.4238,.0253
9816,.0709,.4654,.3137,.0086
9817,.0867,.3597,.4017,.0060
9818,.1631,.2069,.3820,.1223
9819,.1019,.2432,.4557,.0289
9820,.0160,.1223,.0748,.0490
9821,.0000,.0000,.0000,.0000
9822,.0000,.0000,.0000,.0000
9823,.0000,.0000,.0000,.0000
9824,.0000,.0000,.0000,.0000
9825,.0000,.0000,.0000,.0000
9826,.0000,.0000,.0000,.0000
9827,.0000,.0000,.0000,.0000
9828,.0000,.0000,.0000,.0000
9829,.0000,.0000,.0000,.0000
9830,.0000,.0000,.0000,.0000
9831,.0000,.0000,.0000,.0000
9832,.0000,.0000,.0000,.0000
9833,.0000,.0000,.0000,.0000
9834,.0000,.0000,.0000,.0000
9835,.0000,.0000,.0000,.0000
9836,.0000,.0000,.0000,.0000
9837,.0000,.0000,.0000,.0000
9838,.0000,.0000,.0000,.0000
9839,.0000,.0000,.0000,.0000
9840,.0000,.0000,.0000,.0000
9841,.0000,.0000,.0000,.0000
9842,.0000,.0000,.0000,.0000
9843,.4978,.0004,.4622,.0000
9844,.5126,.0015,.4493,.0012
9845,.3609,.0365,.5482,.0183
9846,.1928,.2670,.4331,.0503
9847,.1696,.3553,.3859,.0312
9848,.2085,.2442,.4863,.0145
9849,.3745,.1097,.4709,.0035
9850,.2491,.1670,.5051,.0242
9851,.2080,.1663,.4843,.0817
9852,.1665,.1354,.5487,.0834
9853,.2458,.0676,.4738,.1594
9854,.3427,.0881,.4756,.0519
9855,.1418,.2150,.4983,.0788
9856,.1135,.2427,.3668,.0767
9857,.0278,.2259,.2937,.1345
9858,.1972,.2446,.4065,.0566
9859,.1795,.1569,.5709,.0215
9860,.2730,.0743,.4422,.1538
9861,.1376,.1403,.3615,.2866
9862,.2183,.1171,.5000,.0989
9863,.1387,.1941,.4506,.1391
9864,.1619,.1896,.5059,.0614
9865,.5746,.0269,.3414,.0145
9866,.6058,.0108,.3138,.0221
9867,.5432,.0252,.3132,.0564
9868,.3683,.0829,.4076,.0774
9869,.5683,.0124,.3610,.0052
9870,.6870,.0038,.2545,.0035
9871,.6304,.0034,.3112,.0020
9872,.6196,.0194,.2728,.0260
9873,.7221,.0034,.2374,.0000
9874,.5914,.0331,.2747,.0506
9875,.3642,.1647,.3338,.0605
9876,.4915,.0898,.3056,.0549
9877,.4120,.1009,.4098,.0073
9878,.2929,.1645,.3921,.0858
9879,.2609,.2367,.3840,.0418
9880,.1207,.4008,.3585,.0442
9881,.1703,.3147,.4142,.0297
9882,.1790,.3384,.2737,.1065
9883,.3707,.1953,.3167,.0445
9884,.7684,.0028,.1835,.0003
9885,.7917,.0113,.1743,.0015
9886,.5496,.0714,.2901,.0299
9887,.5914,.0498,.2990,.0127
9888,.6066,.0078,.3460,.0042
9889,.7016,.0054,.2507,.0010
9890,.7166,.0075,.2451,.0000
9891,.6896,.0144,.2508,.0020
9892,.4681,.1322,.3255,.0084
9893,.2904,.2699,.3693,.0099
9894,.3480,.0736,.5091,.0224
9895,.4456,.0142,.4632,.0253
9896,.3590,.0784,.5051,.0039
9897,.2531,.3004,.3319,.0395
9898,.3768,.1511,.4256,.0000
9899,.1592,.2847,.4524,.0152
9900,.2453,.1436,.5380,.0160
9901,.2882,.1821,.4648,.0049
9902,.0984,.3947,.3116,.0943
9903,.3074,.1940,.3788,.0569
9904,.4899,.0415,.3696,.0423
9905,.6408,.0525,.2521,.0024
9906,.0956,.3570,.4436,.0096
9907,.4297,.0998,.3848,.0102
9908,.3787,.2174,.3187,.0013
9909,.4391,.1415,.3287,.0068
9910,.1835,.2966,.3663,.0377
9911,.6415,.0363,.2566,.0119
9912,.7535,.0201,.1724,.0041
9913,.6624,.0702,.2082,.0052
9914,.5061,.0979,.2739,.0394
9915,.7348,.0247,.1763,.0109
9916,.6846,.0452,.2000,.0024
9917,.5295,.0510,.3360,.0164
9918,.4808,.0354,.3577,.0406
9919,.3055,.0519,.5296,.0244
9920,.2980,.0568,.4872,.0706
9921,.2215,.1456,.4294,.1062
9922,.4192,.0556,.4078,.0438
9923,.6082,.0350,.2436,.0464
9924,.2902,.0956,.5244,.0074
9925,.1481,.1308,.6142,.0000
9926,.1408,.1003,.6448,.0012
9927,.2496,.1334,.4771,.0331
9928,.3088,.2567,.2913,.0583
9929,.3936,.1009,.4155,.0249
9930,.3754,.0684,.4774,.0070
9931,.3834,.1436,.3496,.0469
9932,.0912,.5090,.1895,.0264
9933,.3558,.2257,.2440,.0706
9934,.5100,.1076,.2966,.0268
9935,.5747,.0689,.2865,.0069
9936,.4627,.0535,.4053,.0088
9937,.4103,.0991,.3810,.0278
9938,.3614,.0882,.3878,.0614
9939,.4157,.0675,.4043,.0242
9940,.3576,.1041,.3775,.0566
9941,.3804,.0748,.4125,.0481
9942,.3677,.0933,.4464,.0010
9943,.4311,.0878,.3440,.0438
9944,.5903,.0391,.2817,.0259
9945,.4334,.0937,.4003,.0019
9946,.4128,.1154,.3894,.0048
9947,.4708,.0712,.3608,.0218
9948,.4863,.0837,.3245,.0381
9949,.2994,.1671,.4401,.0247
9950,.1915,.1626,.4938,.0311
9951,.3408,.1308,.4193,.0322
9952,.0814,.2674,.5156,.0124
9953,.0334,.2438,.2244,.0665
9954,.0098,.0524,.0767,.0666
9955,.0000,.0000,.0000,.0000
9956,.0000,.0000,.0000,.0000
9957,.0000,.0000,.0000,.0000
9958,.0000,.0000,.0000,.0000
9959,.0000,.0000,.0000,.0000
9960,.0000,.0000,.0000,.0000
9961,.0000,.0000,.0000,.0000
9962,.0000,.0000,.0000,.0000
9963,.0000,.0000,.0000,.0000
9964,.0000,.0000,.0000,.0000
9965,.0000,.0000,.0000,.0000
9966,.0000,.0000,.0000,.0000
9967,.0000,.0000,.0000,.0000
9968,.0000,.0000,.0000,.0000
9969,.0000,.0000,.0000,.0000
9970,.0000,.0000,.0000,.0000
9971,.0000,.0000,.0000,.0000
9972,.0000,.0000,.0000,.0000
9973,.0000,.0000,.0000,.0000
9974,.0000,.0000,.0000,.0000
9975,.0000,.0000,.0000,.0000
9976,.4732,.0208,.4734,.0000
9977,.3458,.0531,.5559,.0066
9978,.3165,.0943,.5442,.0090
9979,.2058,.1505,.5865,.0059
9980,.1141,.3387,.4851,.0058
9981,.1726,.2764,.4500,.0531
9982,.2673,.1543,.5190,.0096
9983,.2555,.1247,.5472,.0160
9984,.1244,.2036,.5523,.0552
9985,.2452,.1399,.4674,.1013
9986,.2923,.1098,.5315,.0244
9987,.2503,.2396,.4241,.0323
9988,.1024,.4121,.3815,.0249
9989,.0744,.5004,.2005,.1067
9990,.1360,.2400,.2803,.1898
9991,.1083,.3317,.3117,.1593
9992,.0898,.4022,.3336,.0518
9993,.1314,.2242,.4946,.0607
9994,.1087,.1340,.4346,.2473
9995,.1003,.1695,.3957,.2581
9996,.2768,.1232,.4022,.1259
9997,.5433,.0223,.3392,.0435
9998,.4676,.0420,.3961,.0370
9999,.3727,.1149,.3758,.0627
10000,.2244,.1660,.4477,.0833
10001,.2872,.1376,.4284,.0804
10002,.4819,.0776,.3064,.0832
10003,.6331,.0029,.3231,.0035
10004,.5911,.0126,.3120,.0119
10005,.7017,.0079,.2416,.0079
10006,.6921,.0099,.2611,.0128
10007,.2330,.2588,.2811,.1473
10008,.2257,.2415,.3957,.0587
10009,.1514,.2400,.4539,.0734
10010,.1347,.3157,.4375,.0342
10011,.0326,.5612,.3230,.0139
10012,.2103,.3219,.3407,.0668
10013,.1752,.3060,.3379,.0863
10014,.0444,.4726,.2831,.0651
10015,.1364,.2980,.4615,.0301
10016,.4580,.1420,.3102,.0278
10017,.5896,.0101,.3172,.0248
10018,.7049,.0102,.2285,.0093
10019,.5741,.0185,.3199,.0315
10020,.5316,.0374,.3533,.0098
10021,.6326,.0009,.3055,.0228
10022,.5270,.0760,.3385,.0048
10023,.5464,.0914,.2962,.0146
10024,.5446,.0173,.3502,.0367
10025,.3977,.0769,.4590,.0125
10026,.3608,.1089,.4381,.0206
10027,.2823,.1548,.4957,.0173
10028,.3157,.0722,.5443,.0156
10029,.2207,.0930,.6205,.0058
10030,.4375,.0487,.4581,.0188
10031,.4818,.0354,.4342,.0045
10032,.5874,.0152,.3149,.0133
10033,.6704,.0315,.2495,.0000
10034,.6324,.0118,.3023,.0000
10035,.5661,.0576,.2938,.0190
10036,.2755,.2227,.3083,.0928
10037,.4981,.1121,.3253,.0084
10038,.6759,.0044,.2582,.0120
10039,.3030,.2481,.3354,.0219
10040,.4239,.1421,.3386,.0190
10041,.7351,.0068,.1874,.0000
10042,.5185,.1240,.2801,.0062
10043,.1610,.3092,.3483,.0894
10044,.4182,.1508,.3472,.0195
10045,.4661,.1601,.3088,.0070
10046,.7090,.0180,.2057,.0073
10047,.4208,.1185,.3555,.0199
10048,.4767,.0816,.3218,.0439
10049,.7922,.0108,.1441,.0008
10050,.7829,.0126,.1571,.0010
10051,.6328,.0529,.2438,.0052
10052,.4514,.0641,.3660,.0312
10053,.2314,.0643,.5989,.0218
10054,.2095,.1221,.5375,.0371
10055,.3147,.0653,.5243,.0156
10056,.2519,.0772,.5552,.0150
10057,.3017,.1068,.4844,.0326
10058,.2065,.1041,.6053,.0000
10059,.1875,.1597,.5585,.0120
10060,.3668,.1341,.3922,.0264
10061,.3612,.1403,.4014,.0280
10062,.4636,.0546,.4032,.0137
10063,.3926,.0892,.4054,.0420
10064,.3796,.0816,.3236,.1471
10065,.2929,.2393,.2356,.1314
10066,.4513,.1268,.2344,.1166
10067,.3067,.2704,.2731,.0651
10068,.4632,.0792,.3379,.0563
10069,.4952,.0368,.3858,.0183
10070,.3809,.0841,.4048,.0323
10071,.5538,.0460,.2892,.0379
10072,.4745,.0956,.2495,.0725
10073,.4402,.0928,.3578,.0301
10074,.4174,.0915,.3836,.0368
10075,.3693,.0669,.4709,.0173
10076,.4022,.0827,.4215,.0175
10077,.3961,.0832,.4057,.0367
10078,.4641,.1201,.3441,.0021
10079,.3505,.1662,.4001,.0052
10080,.5946,.0416,.2967,.0052
10081,.5075,.0551,.3554,.0116
10082,.3662,.1056,.4522,.0257
10083,.2409,.1458,.4897,.0298
10084,.1984,.1645,.4993,.0396
10085,.1033,.1312,.5215,.1060
10086,.0794,.1380,.5316,.0736
10087,.1029,.1615,.3735,.1728
10088,.0111,.1078,.1472,.0631
10089,.0000,.0000,.0000,.0000
10090,.0000,.0000,.0000,.0000
10091,.0000,.0000,.0000,.0000
10092,.0000,.0000,.0000,.0000
10093,.0000,.0000,.0000,.0000
10094,.0000,.0000,.0000,.0000
10095,.0000,.0000,.0000,.0000
10096,.0000,.0000,.0000,.0000
10097,.0000,.0000,.0000,.0000
10098,.0000,.0000,.0000,.0000
10099,.0000,.0000,.0000,.0000
10100,.0000,.0000,.0000,.0000
10101,.0000,.0000,.0000,.0000
10102,.0000,.0000,.0000,.0000
10103,.0000,.0000,.0000,.0000
10104,.0000,.0000,.0000,.0000
10105,.0000,.0000,.0000,.0000
10106,.0000,.0000,.0000,.0000
10107,.0000,.0000,.0000,.0000
10108,.0000,.0000,.0000,.0000
10109,.2588,.0774,.5971,.0233
10110,.2701,.1034,.5667,.0187
10111,.2561,.1206,.5176,.0624
10112,.2644,.0958,.5379,.0599
10113,.2553,.1661,.4436,.0883
10114,.1124,.3393,.3547,.0973
10115,.1524,.3646,.3473,.0678
10116,.1051,.3898,.4184,.0208
10117,.0928,.3540,.4697,.0113
10118,.1834,.2163,.4932,.0516
10119,.2466,.1729,.4883,.0428
10120,.1489,.3391,.4093,.0442
10121,.0937,.4649,.3692,.0123
10122,.2064,.3787,.2919,.0510
10123,.1819,.1692,.5117,.0643
10124,.1778,.1419,.4946,.1144
10125,.2008,.2802,.4126,.0423
10126,.1889,.2303,.3964,.0824
10127,.0697,.4459,.2519,.1424
10128,.2272,.1263,.4547,.1183
10129,.2408,.1118,.5023,.0728
10130,.3754,.0892,.3639,.1117
10131,.5343,.0251,.3819,.0112
10132,.4852,.0342,.3790,.0416
10133,.2225,.2128,.3906,.1048
10134,.1923,.3306,.2941,.0738
10135,.3225,.1585,.3336,.1124
10136,.5217,.0431,.3542,.0332
10137,.5061,.0423,.3705,.0242
10138,.3390,.1211,.3522,.1231
10139,.1771,.3470,.3627,.0486
10140,.1434,.3701,.2704,.1289
10141,.3635,.0947,.4327,.0488
10142,.2971,.1871,.4054,.0375
10143,.1290,.3220,.4420,.0404
10144,.1278,.3494,.3207,.1053
10145,.0191,.4818,.2253,.2002
10146,.1105,.4023,.2922,.0958
10147,.2772,.2023,.3978,.0336
10148,.4307,.0656,.4195,.0230
10149,.6480,.0142,.2704,.0020
10150,.5746,.0427,.2812,.0366
10151,.4794,.0825,.3340,.0332
10152,.7125,.0016,.2345,.0099
10153,.6140,.0132,.2982,.0167
10154,.6143,.0000,.3208,.0165
10155,.4413,.0890,.4076,.0085
10156,.2265,.2421,.4550,.0101
10157,.2546,.2142,.4672,.0056
10158,.3001,.0711,.5675,.0083
10159,.4063,.0451,.4000,.0851
10160,.2752,.1267,.5496,.0000
10161,.2648,.1123,.5714,.0042
10162,.3497,.0811,.5278,.0000
10163,.4088,.0615,.4804,.0027
10164,.4404,.0490,.4345,.0114
10165,.4499,.0351,.4016,.0259
10166,.6918,.0004,.2514,.0049
10167,.6114,.0564,.2607,.0112
10168,.7488,.0015,.2043,.0103
10169,.4968,.1317,.3138,.0029
10170,.2651,.2806,.3719,.0179
10171,.5981,.0443,.2647,.0334
10172,.5754,.0603,.2820,.0196
10173,.5477,.0862,.2976,.0058
10174,.7200,.0155,.1829,.0112
10175,.4909,.1619,.2609,.0161
10176,.2101,.2636,.3800,.0541
10177,.7219,.0251,.2016,.0026
10178,.5998,.0710,.2616,.0062
10179,.7105,.0666,.1735,.0018
10180,.7689,.0249,.1543,.0031
10181,.4705,.1304,.3096,.0148
10182,.7045,.0249,.2244,.0064
10183,.7276,.0078,.2211,.0012
10184,.6466,.0254,.2331,.0298
10185,.1562,.2129,.4406,.0501
10186,.6017,.0180,.2893,.0119
10187,.4230,.0285,.3580,.1065
10188,.1727,.0679,.6600,.0054
10189,.1650,.0864,.6353,.0025
10190,.3002,.1408,.2094,.2214
10191,.2398,.1691,.3847,.1519
10192,.3838,.0817,.4555,.0176
10193,.3142,.1203,.4495,.0369
10194,.4297,.1314,.2785,.0923
10195,.3092,.1461,.4305,.0277
10196,.2883,.1361,.4261,.0522
10197,.4854,.0638,.3180,.0663
10198,.4034,.1269,.2629,.1309
10199,.4008,.1386,.2956,.0918
10200,.3913,.1052,.3679,.0468
10201,.4225,.1499,.2407,.0984
10202,.5232,.0691,.2956,.0464
10203,.4067,.0712,.3686,.0678
10204,.4105,.0705,.3604,.0572
10205,.5791,.0422,.2893,.0178
10206,.6299,.0456,.2380,.0215
10207,.6248,.0301,.2170,.0583
10208,.5216,.0445,.3273,.0300
10209,.5985,.0306,.2795,.0221
10210,.3937,.0948,.4178,.0093
10211,.4796,.0778,.3563,.0125
10212,.1910,.3777,.2752,.0293
10213,.3579,.1377,.3692,.0502
10214,.4952,.0219,.4209,.0105
10215,.2982,.0743,.4853,.0612
10216,.4170,.1058,.3459,.0664
10217,.2635,.1598,.4214,.0475
10218,.0526,.4006,.2833,.0308
10219,.0735,.1795,.4361,.0459
10220,.0389,.1641,.2623,.1749
10221,.0086,.0286,.0692,.0440
10222,.0000,.0000,.0000,.0000
10223,.0000,.0000,.0000,.0000
10224,.0000,.0000,.0000,.0000
10225,.0000,.0000,.0000,.0000
10226,.0000,.0000,.0000,.0000
10227,.0000,.0000,.0000,.0000
10228,.0000,.0000,.0000,.0000
10229,.0000,.0000,.0000,.0000
10230,.0000,.0000,.0000,.0000
10231,.0000,.0000,.0000,.0000
10232,.0000,.0000,.0000,.0000
10233,.0000,.0000,.0000,.0000
10234,.0000,.0000,.0000,.0000
10235,.0000,.0000,.0000,.0000
10236,.0000,.0000,.0000,.0000
10237,.0000,.0000,.0000,.0000
10238,.0000,.0000,.0000,.0000
10239,.0000,.0000,.0000,.0000
10240,.0000,.0000,.0000,.0000
10241,.0000,.0000,.0000,.0000
10242,.2373,.0808,.6299,.0128
10243,.2482,.0982,.5524,.0648
10244,.2643,.0852,.5261,.0820
10245,.2343,.1079,.5169,.0810
10246,.1877,.2056,.5210,.0316
10247,.2691,.2370,.4362,.0150
10248,.3463,.1270,.4746,.0020
10249,.2417,.1948,.4602,.0493
10250,.1622,.2300,.5337,.0150
10251,.0843,.3839,.4171,.0472
10252,.1037,.3622,.4022,.0467
10253,.1403,.3134,.4472,.0341
10254,.1010,.4189,.3626,.0391
10255,.1220,.4560,.3148,.0119
10256,.2265,.2421,.4109,.0386
10257,.0869,.3350,.4065,.0934
10258,.2314,.1579,.4417,.1080
10259,.2412,.0941,.3772,.2233
10260,.2419,.1266,.4644,.1002
10261,.3756,.0579,.4720,.0364
10262,.4726,.0603,.4025,.0065
10263,.6017,.0311,.3169,.0041
10264,.5800,.0107,.3618,.0045
10265,.5693,.0155,.3400,.0231
10266,.2342,.2020,.4009,.0920
10267,.1097,.4180,.3318,.0571
10268,.2246,.2031,.3479,.1517
10269,.3263,.0943,.4193,.1041
10270,.2766,.1979,.3536,.0957
10271,.3933,.1003,.4044,.0464
10272,.2030,.2599,.4001,.0616
10273,.1813,.2489,.3697,.1167
10274,.5535,.0331,.3327,.0190
10275,.5700,.0114,.3136,.0389
10276,.2432,.1124,.5181,.0576
10277,.0913,.4369,.1980,.2098
10278,.1024,.3829,.1738,.2616
10279,.4055,.0962,.3786,.0532
10280,.7240,.0051,.2234,.0023
10281,.5013,.0512,.3371,.0473
10282,.6248,.0183,.2708,.0411
10283,.4168,.0819,.3905,.0435
10284,.5890,.0410,.2797,.0317
10285,.6053,.0329,.2889,.0206
10286,.4198,.0592,.3960,.0531
10287,.6115,.0005,.3416,.0058
10288,.5007,.0314,.4075,.0076
10289,.2138,.1859,.5170,.0062
10290,.2529,.2048,.4752,.0068
10291,.3836,.0817,.4770,.0128
10292,.3102,.0688,.5659,.0072
10293,.1790,.1760,.5867,.0000
10294,.3922,.0169,.5620,.0000
10295,.3025,.0433,.6091,.0020
10296,.4632,.0153,.4762,.0072
10297,.6371,.0039,.3062,.0108
10298,.6419,.0083,.2988,.0016
10299,.7278,.0011,.2228,.0029
10300,.7491,.0004,.2097,.0007
10301,.6878,.0139,.2399,.0081
10302,.4041,.1603,.3485,.0229
10303,.3749,.1490,.3627,.0429
10304,.5902,.0664,.2314,.0372
10305,.7487,.0241,.1712,.0054
10306,.6716,.0602,.2116,.0000
10307,.6864,.1184,.1397,.0027
10308,.6724,.0550,.2183,.0043
10309,.5821,.0915,.2576,.0044
10310,.6853,.0381,.2130,.0000
10311,.7774,.0160,.1576,.0033
10312,.7305,.0473,.1698,.0065
10313,.7950,.0248,.1426,.0084
10314,.7538,.0490,.1449,.0127
10315,.6001,.0915,.2248,.0183
10316,.3963,.0999,.3665,.0522
10317,.5913,.0411,.2792,.0356
10318,.3780,.0572,.4567,.0166
10319,.5822,.0188,.2877,.0428
10320,.2126,.0860,.4858,.0875
10321,.2889,.0532,.5266,.0328
10322,.3628,.0497,.4705,.0366
10323,.3628,.1056,.3802,.0868
10324,.3543,.0841,.4234,.0472
10325,.3797,.0942,.4343,.0121
10326,.5353,.0227,.3266,.0450
10327,.4931,.0264,.3402,.0570
10328,.2671,.1510,.3813,.0841
10329,.3200,.1328,.3593,.0823
10330,.5047,.0662,.2547,.0994
10331,.5462,.1286,.2120,.0397
10332,.3323,.2040,.2854,.0933
10333,.4161,.0538,.4023,.0505
10334,.2964,.2020,.3080,.0913
10335,.4490,.2193,.1932,.0698
10336,.6103,.0374,.2854,.0055
10337,.5233,.0527,.3215,.0306
10338,.4779,.1034,.3195,.0146
10339,.6032,.0535,.2168,.0457
10340,.6476,.0292,.2048,.0482
10341,.3956,.1001,.4057,.0319
10342,.4372,.0780,.3533,.0609
10343,.4429,.0441,.3791,.0632
10344,.6619,.0239,.2544,.0009
10345,.4977,.0669,.3440,.0258
10346,.3593,.1333,.3756,.0549
10347,.4994,.0407,.3797,.0176
10348,.1883,.2193,.4295,.0349
10349,.1722,.4300,.2025,.0689
10350,.1272,.2148,.3525,.1079
10351,.0044,.2189,.1333,.1750
10352,.0055,.0408,.0206,.0554
10353,.0012,.0346,.0588,.0892
10354,.0174,.0283,.2396,.0795
10355,.0000,.0336,.0433,.0535
10356,.0000,.1585,.1875,.0087
10357,.0000,.0776,.2207,.0305
10358,.0000,.0483,.0494,.0157
10359,.0000,.0000,.0000,.0000
10360,.0000,.0000,.0000,.0000
10361,.0000,.0000,.0000,.0000
10362,.0000,.0000,.0000,.0000
10363,.0000,.0000,.0000,.0000
10364,.0000,.0000,.0000,.0000
10365,.0000,.0000,.0000,.0000
10366,.0000,.0000,.0000,.0000
10367,.0000,.0000,.0000,.0000
10368,.0000,.0000,.0000,.0000
10369,.0000,.0000,.0000,.0000
10370,.0000,.0000,.0000,.0000
10371,.0000,.0000,.0000,.0000
10372,.0000,.0000,.0000,.0000
10373,.0000,.0000,.0000,.0000
10374,.0000,.0000,.0000,.0000
10375,.2335,.0675,.6272,.0252
10376,.2925,.0577,.5199,.0812
10377,.2751,.1407,.5102,.0272
10378,.2026,.1090,.6146,.0200
10379,.3945,.0587,.5114,.0021
10380,.4020,.0346,.5321,.0000
10381,.2898,.1007,.5571,.0060
10382,.1303,.1308,.6406,.0341
10383,.2083,.1215,.6099,.0059
10384,.1684,.2722,.4766,.0148
10385,.0821,.3783,.4372,.0317
10386,.1267,.3177,.4174,.0594
10387,.1091,.2577,.4039,.1172
10388,.1159,.3512,.4032,.0492
10389,.2086,.2018,.4953,.0335
10390,.3120,.2531,.3659,.0209
10391,.1163,.3013,.5019,.0267
10392,.1492,.1849,.4683,.1250
10393,.3211,.0858,.3812,.1558
10394,.3213,.1332,.4160,.0481
10395,.6280,.0106,.3153,.0000
10396,.6822,.0058,.2776,.0007
10397,.6572,.0019,.3113,.0004
10398,.6312,.0064,.3116,.0108
10399,.4080,.0532,.3807,.0985
10400,.3004,.1256,.4487,.0707
10401,.3145,.1353,.3823,.1110
10402,.3258,.1093,.4192,.0813
10403,.2108,.1821,.3817,.1338
10404,.1787,.3164,.3111,.1036
10405,.1647,.2878,.2506,.1910
10406,.2920,.1354,.3630,.1266
10407,.6367,.0292,.2525,.0180
10408,.5675,.0258,.3272,.0167
10409,.3947,.0929,.4404,.0180
10410,.3290,.1175,.3481,.1322
10411,.3189,.1772,.3836,.0454
10412,.4411,.0731,.4111,.0157
10413,.6449,.0145,.2929,.0000
10414,.5394,.0149,.3673,.0244
10415,.5593,.0419,.3182,.0204
10416,.0917,.4653,.3574,.0202
10417,.6267,.0194,.2769,.0200
10418,.5572,.0591,.2590,.0687
10419,.4901,.0393,.4000,.0223
10420,.2827,.1068,.5236,.0285
10421,.4017,.0954,.4367,.0091
10422,.2661,.1903,.4751,.0078
10423,.2832,.1438,.4991,.0109
10424,.3877,.0557,.4983,.0000
10425,.3099,.0507,.5658,.0145
10426,.4147,.0403,.4938,.0096
10427,.4948,.0056,.4667,.0004
10428,.6109,.0025,.3482,.0037
10429,.7018,.0017,.2495,.0045
10430,.7019,.0178,.2218,.0122
10431,.7592,.0046,.1953,.0016
10432,.6275,.0142,.2903,.0072
10433,.5092,.0547,.3745,.0021
10434,.3853,.1420,.4026,.0095
10435,.2441,.3140,.2989,.0502
10436,.1161,.4685,.2465,.0585
10437,.5781,.1317,.2356,.0052
10438,.7295,.0665,.1496,.0040
10439,.7869,.0811,.0956,.0002
10440,.6444,.0716,.2111,.0106
10441,.6289,.1062,.2036,.0061
10442,.6985,.0897,.1679,.0000
10443,.6647,.0366,.2308,.0035
10444,.6762,.0338,.1937,.0397
10445,.3396,.1225,.4195,.0367
10446,.7634,.0276,.1554,.0178
10447,.5091,.1224,.2469,.0505
10448,.5157,.0856,.3071,.0221
10449,.5064,.0788,.3113,.0255
10450,.5592,.0606,.2504,.0542
10451,.5531,.0398,.3323,.0053
10452,.4827,.0826,.3142,.0415
10453,.2806,.1004,.4730,.0344
10454,.5383,.0532,.3178,.0118
10455,.6286,.0234,.2497,.0277
10456,.3949,.1428,.3861,.0127
10457,.3791,.0650,.4014,.0581
10458,.4870,.0347,.3364,.0541
10459,.5272,.0347,.3047,.0718
10460,.4904,.0364,.3864,.0245
10461,.3782,.0579,.4389,.0504
10462,.3719,.2183,.2680,.0584
10463,.4564,.0670,.3544,.0399
10464,.4222,.1983,.2638,.0411
10465,.4879,.1795,.1854,.0754
10466,.6031,.0614,.2699,.0097
10467,.4192,.0899,.3926,.0103
10468,.4262,.0965,.3757,.0277
10469,.5713,.0643,.3019,.0046
10470,.5208,.0978,.2522,.0581
10471,.4403,.0542,.4219,.0114
10472,.5459,.0892,.2538,.0359
10473,.5098,.1215,.1724,.1332
10474,.4831,.0643,.2972,.0948
10475,.4784,.0462,.3902,.0296
10476,.6419,.0343,.2664,.0018
10477,.5796,.0968,.2640,.0157
10478,.5019,.1090,.3150,.0035
10479,.3673,.1735,.3705,.0092
10480,.1979,.1424,.5268,.0159
10481,.0973,.3257,.3218,.0575
10482,.0330,.2157,.2534,.1935
10483,.1085,.1756,.4041,.1376
10484,.0615,.3774,.3337,.0352
10485,.0930,.3934,.1457,.0965
10486,.0210,.0821,.1368,.1339
10487,.0053,.0582,.0933,.2571
10488,.0014,.0445,.0136,.0123
10489,.0005,.0459,.0265,.0159
10490,.0001,.1345,.1866,.0520
10491,.0000,.0186,.0381,.0249
10492,.0003,.0066,.0003,.0053
10493,.0000,.0000,.0000,.0000
10494,.0000,.0000,.0000,.0000
10495,.0000,.0000,.0000,.0000
10496,.0000,.0000,.0000,.0000
10497,.0000,.0000,.0000,.0000
10498,.0000,.0000,.0000,.0000
10499,.0000,.0000,.0000,.0000
10500,.0000,.0000,.0000,.0000
10501,.0000,.0000,.0000,.0000
10502,.0000,.0000,.0000,.0000
10503,.0000,.0000,.0000,.0000
10504,.0000,.0000,.0000,.0000
10505,.0000,.0000,.0000,.0000
10506,.0000,.0000,.0000,.0000
10507,.0000,.0000,.0000,.0000
10508,.3397,.0552,.5254,.0263
10509,.2986,.1073,.5272,.0176
10510,.2480,.1149,.5014,.0621
10511,.3597,.0890,.5131,.0025
10512,.3528,.0489,.5416,.0136
10513,.3045,.0666,.5578,.0211
10514,.2358,.0651,.6368,.0029
10515,.1586,.1008,.6500,.0253
10516,.1898,.1375,.6084,.0110
10517,.2023,.1051,.6179,.0260
10518,.1377,.3632,.4270,.0112
10519,.0813,.3792,.3978,.0646
10520,.2157,.1465,.5325,.0296
10521,.0550,.4176,.4355,.0218
10522,.2295,.2313,.4847,.0037
10523,.4970,.0766,.3945,.0055
10524,.4184,.0684,.4721,.0164
10525,.3635,.1457,.4197,.0304
10526,.3667,.0781,.4743,.0369
10527,.3824,.0848,.3624,.1050
10528,.5983,.0113,.3350,.0098
10529,.5993,.0172,.3400,.0005
10530,.6505,.0038,.3096,.0036
10531,.6679,.0006,.3040,.0000
10532,.5201,.0356,.3648,.0262
10533,.3042,.1449,.4443,.0478
10534,.2283,.2396,.3579,.1009
10535,.1355,.2861,.3336,.1597
10536,.1995,.3052,.3438,.0576
10537,.1831,.2957,.2843,.1354
10538,.2034,.2155,.3397,.1438
10539,.2854,.1191,.4168,.1001
10540,.5134,.0368,.3911,.0000
10541,.5720,.0601,.3016,.0153
10542,.6302,.0349,.2644,.0188
10543,.0046,.4178,.1670,.1100
10544,.0550,.4214,.3835,.0591
10545,.1266,.2770,.4041,.0992
10546,.2968,.2419,.3345,.0580
10547,.7278,.0038,.2380,.0000
10548,.4045,.1360,.3531,.0446
10549,.6140,.0328,.3070,.0064
10550,.6494,.0143,.2773,.0176
10551,.6843,.0040,.2802,.0023
10552,.5308,.0200,.3685,.0339
10553,.6099,.0041,.3335,.0088
10554,.4573,.1162,.3563,.0141
10555,.1382,.2675,.4985,.0050
10556,.3871,.1124,.4450,.0007
10557,.4069,.0542,.4694,.0047
10558,.5183,.0936,.3338,.0077
10559,.5456,.0075,.4120,.0000
10560,.4349,.0225,.4963,.0040
10561,.8025,.0000,.1697,.0006
10562,.6390,.0209,.2821,.0000
10563,.6890,.0044,.2706,.0000
10564,.5066,.0446,.2077,.1663
10565,.3845,.0981,.4263,.0267
10566,.2958,.1887,.4292,.0118
10567,.2532,.2514,.4143,.0057
10568,.1148,.3957,.2399,.1096
10569,.1700,.2452,.3215,.1044
10570,.2195,.3467,.3321,.0059
10571,.4264,.2025,.3071,.0021
10572,.7428,.0862,.1268,.0033
10573,.7796,.0001,.1820,.0029
10574,.7578,.0159,.1752,.0102
10575,.7989,.0532,.1198,.0011
10576,.7641,.0440,.1640,.0000
10577,.6863,.0496,.2054,.0083
10578,.3658,.0991,.4537,.0074
10579,.5007,.0393,.3663,.0195
10580,.5626,.0763,.2706,.0254
10581,.6827,.0289,.2094,.0255
10582,.6015,.0339,.2658,.0341
10583,.5013,.0684,.3325,.0336
10584,.5124,.0871,.2967,.0271
10585,.4378,.0549,.3619,.0552
10586,.5229,.0349,.3220,.0300
10587,.6316,.0339,.2568,.0059
10588,.6364,.0572,.2429,.0000
10589,.5264,.0694,.3438,.0040
10590,.4481,.0570,.4127,.0030
10591,.3981,.0499,.3793,.0759
10592,.2474,.1199,.2919,.2253
10593,.5813,.0559,.2793,.0300
10594,.4827,.0438,.3808,.0149
10595,.4931,.1450,.2522,.0360
10596,.5273,.1435,.2423,.0112
10597,.6728,.0592,.1932,.0124
10598,.3597,.3118,.1719,.0667
10599,.6341,.0407,.2696,.0005
10600,.5917,.0619,.2669,.0105
10601,.4717,.0845,.3486,.0215
10602,.5148,.1382,.1532,.0764
10603,.5225,.0932,.2454,.0594
10604,.6979,.0268,.2192,.0050
10605,.5840,.0644,.2769,.0183
10606,.4663,.0889,.2034,.1646
10607,.3528,.1056,.4117,.0641
10608,.3736,.0783,.4516,.0252
10609,.5389,.0667,.3352,.0044
10610,.5322,.0582,.3606,.0000
10611,.5018,.0958,.3229,.0288
10612,.5031,.0746,.3660,.0000
10613,.4577,.1818,.2824,.0156
10614,.2171,.3118,.3536,.0052
10615,.1281,.2855,.4475,.0023
10616,.1339,.2296,.4790,.0157
10617,.5012,.0709,.3648,.0088
10618,.1792,.4783,.1573,.0085
10619,.0173,.2896,.1135,.1623
10620,.0221,.0624,.0493,.0448
10621,.0131,.5152,.0415,.0799
10622,.0260,.2272,.1045,.0429
10623,.0017,.0609,.0245,.0415
10624,.0016,.0070,.0005,.0044
10625,.0133,.3661,.0431,.0380
10626,.0067,.1372,.0155,.0072
10627,.0000,.0000,.0000,.0000
10628,.0000,.0000,.0000,.0000
10629,.0000,.0000,.0000,.0000
10630,.0000,.0000,.0000,.0000
10631,.0000,.0000,.0000,.0000
10632,.0000,.0000,.0000,.0000
10633,.0000,.0000,.0000,.0000
10634,.0000,.0000,.0000,.0000
10635,.0000,.0000,.0000,.0000
10636,.0000,.0000,.0000,.0000
10637,.0000,.0000,.0000,.0000
10638,.0000,.0000,.0000,.0000
10639,.0000,.0000,.0000,.0000
10640,.0000,.0000,.0000,.0000
10641,.3625,.0760,.4915,.0193
10642,.3907,.0574,.4999,.0029
10643,.2691,.1077,.5496,.0216
10644,.4873,.0312,.4407,.0095
10645,.4253,.0388,.4680,.0216
10646,.3572,.0314,.5723,.0038
10647,.2594,.0283,.6684,.0000
10648,.2544,.0276,.6568,.0048
10649,.1339,.2363,.5086,.0471
10650,.2997,.1000,.5466,.0104
10651,.1842,.2259,.4596,.0637
10652,.1046,.2464,.4670,.1172
10653,.2062,.2171,.4704,.0373
10654,.1265,.2941,.4913,.0125
10655,.3341,.0585,.5377,.0256
10656,.4289,.0480,.4923,.0000
10657,.3196,.0554,.5733,.0116
10658,.3786,.0721,.4612,.0421
10659,.3901,.1311,.3965,.0317
10660,.6785,.0110,.2519,.0075
10661,.5591,.0441,.3307,.0122
10662,.5240,.0970,.3047,.0194
10663,.6140,.0108,.3050,.0359
10664,.6722,.0012,.2992,.0000
10665,.3627,.1331,.4177,.0180
10666,.2237,.2279,.4131,.0580
10667,.1775,.1673,.4850,.0925
10668,.1203,.2229,.5106,.0806
10669,.2647,.1346,.4799,.0578
10670,.1483,.2770,.3277,.1456
10671,.1721,.2707,.2884,.1494
10672,.5458,.0433,.3022,.0613
10673,.7735,.0004,.2042,.0000
10674,.6216,.0363,.2842,.0144
10675,.6245,.0461,.2594,.0201
10676,.0103,.5692,.1965,.1088
10677,.0234,.4733,.3530,.0776
10678,.1136,.3320,.3226,.1463
10679,.1921,.3282,.3082,.0893
10680,.6153,.0307,.2879,.0153
10681,.3326,.1620,.4041,.0415
10682,.7074,.0309,.2176,.0022
10683,.6839,.0048,.2553,.0120
10684,.5993,.0101,.3041,.0359
10685,.6671,.0070,.2676,.0200
10686,.7692,.0000,.1910,.0020
10687,.4471,.0919,.3855,.0122
10688,.2912,.1645,.4802,.0000
10689,.4006,.1126,.4286,.0140
10690,.3971,.0876,.4350,.0155
10691,.6993,.0288,.2182,.0196
10692,.7069,.0010,.2598,.0023
10693,.6276,.0036,.3404,.0000
10694,.7440,.0001,.2288,.0000
10695,.6654,.0135,.2711,.0019
10696,.7611,.0007,.2074,.0040
10697,.4530,.0852,.2773,.1230
10698,.6636,.0225,.2633,.0177
10699,.3952,.1876,.3478,.0013
10700,.3329,.2077,.3906,.0072
10701,.1897,.2770,.3816,.0220
10702,.1736,.1985,.3112,.1459
10703,.2427,.2324,.4079,.0217
10704,.4794,.1771,.2852,.0003
10705,.6790,.0604,.2249,.0000
10706,.8326,.0000,.1478,.0000
10707,.8064,.0130,.1368,.0058
10708,.7742,.0228,.1656,.0021
10709,.7743,.0229,.1585,.0000
10710,.7901,.0038,.1678,.0001
10711,.7090,.0335,.2054,.0011
10712,.5064,.0744,.3405,.0143
10713,.6412,.0493,.2504,.0040
10714,.6445,.0141,.2480,.0273
10715,.5246,.0226,.3296,.0471
10716,.3825,.0552,.4431,.0273
10717,.4655,.0604,.3724,.0200
10718,.3418,.0715,.3817,.0711
10719,.4317,.0622,.4017,.0141
10720,.5668,.0319,.2871,.0336
10721,.6141,.0388,.2727,.0112
10722,.5963,.0350,.2994,.0084
10723,.3418,.1058,.4488,.0111
10724,.3524,.0528,.4791,.0224
10725,.0604,.2167,.1923,.3903
10726,.2380,.1518,.4152,.0937
10727,.4511,.1197,.2859,.0443
10728,.5843,.1122,.2180,.0230
10729,.7063,.0789,.1584,.0044
10730,.6888,.0386,.1903,.0169
10731,.4649,.1842,.2187,.0492
10732,.7482,.0127,.1848,.0065
10733,.4209,.1331,.3005,.0641
10734,.5982,.0625,.2075,.0562
10735,.5730,.1305,.1710,.0445
10736,.5407,.1198,.2291,.0460
10737,.5017,.1299,.2376,.0319
10738,.6712,.0652,.1998,.0103
10739,.5611,.1109,.2408,.0259
10740,.5626,.0974,.2733,.0113
10741,.5617,.0669,.2897,.0241
10742,.5551,.0571,.2929,.0293
10743,.5116,.0905,.3502,.0000
10744,.3959,.1319,.3783,.0357
10745,.4872,.0963,.3512,.0137
10746,.5322,.0900,.3163,.0045
10747,.4718,.0977,.3376,.0102
10748,.3553,.1637,.4237,.0000
10749,.1235,.2740,.4633,.0201
10750,.4262,.1076,.3231,.0682
10751,.5026,.0676,.3253,.0376
10752,.2425,.3226,.2416,.0397
10753,.0248,.3951,.0652,.0582
10754,.0222,.6041,.0587,.0254
10755,.1722,.3359,.2480,.0537
10756,.0179,.2006,.0885,.1191
10757,.0117,.5739,.0261,.0368
10758,.0204,.6766,.0458,.0278
10759,.0019,.1321,.0219,.0521
10760,.0000,.0000,.0000,.0000
10761,.0000,.0000,.0000,.0000
10762,.0000,.0000,.0000,.0000
10763,.0000,.0000,.0000,.0000
10764,.0000,.0000,.0000,.0000
10765,.0000,.0000,.0000,.0000
10766,.0000,.0000,.0000,.0000
10767,.0000,.0000,.0000,.0000
10768,.0000,.0000,.0000,.0000
10769,.0000,.0000,.0000,.0000
10770,.0000,.0000,.0000,.0000
10771,.0000,.0000,.0000,.0000
10772,.0000,.0000,.0000,.0000
10773,.0000,.0000,.0000,.0000
10774,.1940,.1193,.5765,.0473
10775,.1849,.1045,.5909,.0456
10776,.4228,.0467,.4820,.0138
10777,.4526,.0527,.4465,.0114
10778,.5295,.0347,.3890,.0130
10779,.3755,.0478,.5252,.0070
10780,.4372,.0956,.4099,.0050
10781,.3886,.0872,.4625,.0120
10782,.2594,.1579,.5074,.0116
10783,.2820,.0745,.5717,.0232
10784,.1722,.2105,.5465,.0107
10785,.0909,.3132,.3963,.1412
10786,.1663,.2159,.4000,.1541
10787,.2682,.1373,.5261,.0139
10788,.4082,.0241,.5238,.0111
10789,.4183,.0567,.4863,.0000
10790,.2863,.1379,.5307,.0003
10791,.2981,.2250,.4262,.0013
10792,.4090,.1206,.4095,.0141
10793,.6156,.0040,.3402,.0013
10794,.4886,.1464,.2599,.0515
10795,.3521,.2625,.2988,.0327
10796,.5705,.0682,.3058,.0189
10797,.6477,.0196,.2914,.0041
10798,.1957,.2631,.3855,.0747
10799,.1412,.2660,.4512,.0681
10800,.2291,.0644,.5894,.0422
10801,.2233,.1006,.5671,.0474
10802,.5021,.0258,.4220,.0057
10803,.2175,.2173,.3904,.0822
10804,.1172,.2672,.2837,.2215
10805,.5723,.0547,.3137,.0214
10806,.7546,.0003,.2251,.0003
10807,.6897,.0053,.2632,.0043
10808,.6406,.0600,.2469,.0100
10809,.0211,.5983,.1041,.2026
10810,.0393,.4807,.2458,.1552
10811,.1125,.3228,.3413,.1132
10812,.1853,.3049,.3712,.0495
10813,.4103,.0875,.3951,.0509
10814,.3105,.1685,.4078,.0479
10815,.6903,.0119,.2403,.0147
10816,.7009,.0016,.2522,.0050
10817,.6128,.0105,.2973,.0334
10818,.6053,.0175,.3054,.0309
10819,.7609,.0000,.2044,.0000
10820,.3247,.1935,.3490,.0690
10821,.3231,.1174,.5038,.0115
10822,.4218,.0831,.4391,.0078
10823,.1748,.2272,.4507,.0613
10824,.5151,.0109,.3873,.0396
10825,.7771,.0000,.1466,.0382
10826,.7437,.0000,.2281,.0000
10827,.7040,.0000,.2677,.0000
10828,.6824,.0032,.2456,.0314
10829,.7054,.0060,.2362,.0090
10830,.3898,.1339,.3847,.0353
10831,.6519,.0261,.2857,.0099
10832,.6730,.0057,.2740,.0000
10833,.1400,.4219,.3388,.0064
10834,.1483,.3938,.3365,.0162
10835,.3535,.1131,.4347,.0261
10836,.4636,.0437,.3780,.0359
10837,.5302,.1508,.2668,.0017
10838,.6662,.0273,.2680,.0041
10839,.6851,.0894,.1944,.0012
10840,.4341,.1801,.3045,.0207
10841,.2333,.3079,.3837,.0145
10842,.6571,.0797,.2090,.0004
10843,.5737,.0745,.2662,.0243
10844,.7157,.0404,.1678,.0226
10845,.7105,.0632,.1682,.0195
10846,.7953,.0367,.1367,.0010
10847,.6251,.0224,.2852,.0008
10848,.2003,.2608,.3166,.0879
10849,.2975,.1253,.4486,.0267
10850,.6146,.0200,.2598,.0338
10851,.3531,.0796,.4105,.0572
10852,.6944,.0124,.2347,.0032
10853,.3445,.0676,.3959,.0849
10854,.5343,.0546,.3211,.0225
10855,.7002,.0137,.2275,.0013
10856,.5888,.0321,.3133,.0011
10857,.5902,.0149,.2924,.0107
10858,.3442,.0583,.3572,.0620
10859,.2135,.1553,.3759,.1380
10860,.4630,.0967,.3294,.0421
10861,.4108,.1176,.3242,.0401
10862,.6745,.0331,.2118,.0080
10863,.6391,.0540,.2429,.0000
10864,.3933,.2717,.1974,.0492
10865,.6795,.0610,.1947,.0132
10866,.6209,.0350,.2211,.0520
10867,.5255,.1123,.1885,.1050
10868,.5732,.0659,.1839,.1031
10869,.5957,.0793,.2224,.0282
10870,.6621,.0914,.1785,.0128
10871,.4684,.2223,.1956,.0513
10872,.4725,.1318,.2456,.0806
10873,.5898,.1131,.1489,.0869
10874,.6052,.0864,.2409,.0136
10875,.6004,.0692,.2479,.0255
10876,.5635,.0786,.2975,.0080
10877,.5274,.0785,.2751,.0516
10878,.6216,.0328,.2812,.0092
10879,.4214,.1309,.3926,.0006
10880,.4563,.1009,.3140,.0474
10881,.5053,.1112,.3227,.0088
10882,.2615,.2277,.4337,.0017
10883,.3926,.0655,.4273,.0420
10884,.5394,.0398,.3426,.0157
10885,.2679,.2617,.3257,.0302
10886,.0929,.4760,.1916,.0383
10887,.0576,.6336,.1455,.0239
10888,.4289,.1383,.3003,.0502
10889,.0331,.4762,.0956,.0808
10890,.0343,.5162,.0786,.0556
10891,.0288,.5296,.1085,.0343
10892,.0188,.5014,.0624,.0856
10893,.0014,.0870,.0082,.0314
10894,.0000,.0000,.0000,.0000
10895,.0000,.0000,.0000,.0000
10896,.0000,.0000,.0000,.0000
10897,.0000,.0000,.0000,.0000
10898,.0000,.0000,.0000,.0000
10899,.0000,.0000,.0000,.0000
10900,.0000,.0000,.0000,.0000
10901,.0000,.0000,.0000,.0000
10902,.0000,.0000,.0000,.0000
10903,.0000,.0000,.0000,.0000
10904,.0000,.0000,.0000,.0000
10905,.0000,.0000,.0000,.0000
10906,.0000,.0000,.0000,.0000
10907,.2080,.1007,.5587,.0619
10908,.1284,.0911,.5809,.1327
10909,.3710,.0699,.4988,.0175
10910,.4224,.1281,.4045,.0000
10911,.4457,.0415,.4601,.0105
10912,.5472,.0078,.3828,.0096
10913,.5395,.0253,.3639,.0127
10914,.3460,.1247,.4540,.0201
10915,.3589,.1532,.4242,.0070
10916,.1707,.2742,.4930,.0000
10917,.2289,.1592,.5419,.0148
10918,.1114,.2751,.5358,.0168
10919,.1557,.2030,.4415,.1308
10920,.3323,.0749,.5222,.0236
10921,.3999,.0534,.4710,.0350
10922,.3666,.0661,.5194,.0012
10923,.3640,.0974,.4818,.0141
10924,.3060,.1943,.4279,.0193
10925,.3822,.1043,.4587,.0038
10926,.6283,.0014,.3440,.0000
10927,.4849,.1294,.2544,.0601
10928,.2647,.3343,.2896,.0491
10929,.3394,.1925,.3815,.0425
10930,.3438,.1506,.3425,.1090
10931,.0474,.3880,.4202,.0716
10932,.2122,.1439,.5563,.0389
10933,.2897,.0394,.6046,.0182
10934,.4402,.0307,.4809,.0096
10935,.6319,.0039,.3121,.0136
10936,.4242,.1145,.3553,.0350
10937,.1248,.4107,.2947,.0611
10938,.4976,.0722,.3318,.0592
10939,.7150,.0064,.2205,.0223
10940,.4448,.2045,.1987,.0860
10941,.1732,.3328,.3663,.0387
10942,.0919,.3134,.4278,.0876
10943,.1049,.2846,.4408,.0886
10944,.0781,.3648,.3394,.1241
10945,.1381,.3101,.3396,.1119
10946,.5444,.0479,.3521,.0189
10947,.5237,.0487,.3637,.0173
10948,.6667,.0000,.2629,.0277
10949,.6560,.0003,.2893,.0112
10950,.6564,.0000,.2961,.0033
10951,.6795,.0084,.2508,.0177
10952,.4798,.0581,.4060,.0096
10953,.3091,.1876,.4129,.0379
10954,.4222,.0889,.4440,.0032
10955,.5635,.0169,.3858,.0019
10956,.1901,.3200,.3994,.0089
10957,.2017,.1782,.4908,.0448
10958,.5250,.0003,.3606,.0368
10959,.6674,.0022,.2836,.0010
10960,.6848,.0138,.2625,.0000
10961,.7057,.0107,.2316,.0091
10962,.2733,.1403,.5137,.0000
10963,.3944,.1536,.3889,.0044
10964,.6141,.0310,.3150,.0028
10965,.5932,.0268,.3215,.0048
10966,.2350,.3047,.3354,.0351
10967,.3151,.1523,.4559,.0164
10968,.3377,.1333,.4536,.0106
10969,.4769,.0420,.4188,.0040
10970,.3386,.1982,.3875,.0101
10971,.4458,.1582,.3309,.0000
10972,.4932,.1090,.3214,.0022
10973,.2575,.1656,.4264,.0445
10974,.3238,.1370,.4005,.0447
10975,.6464,.0133,.2608,.0219
10976,.6907,.0319,.2208,.0097
10977,.7060,.0493,.1987,.0002
10978,.6193,.0743,.2395,.0049
10979,.6440,.1031,.1840,.0144
10980,.7817,.0141,.1722,.0000
10981,.5783,.1319,.2114,.0191
10982,.6665,.0267,.2483,.0076
10983,.6768,.0144,.2417,.0207
10984,.5249,.0551,.2642,.0345
10985,.6411,.0406,.2394,.0053
10986,.6030,.0397,.2770,.0131
10987,.2492,.2168,.2359,.1910
10988,.3368,.1143,.2935,.1487
10989,.6529,.0410,.2358,.0061
10990,.4656,.0777,.3019,.0493
10991,.1674,.1250,.2646,.2936
10992,.2640,.1282,.2821,.1904
10993,.4887,.0599,.2607,.1291
10994,.6096,.0736,.2477,.0001
10995,.6275,.0478,.2000,.0541
10996,.6553,.0512,.2053,.0272
10997,.5809,.0788,.2382,.0314
10998,.4893,.1221,.3029,.0282
10999,.5081,.0780,.3205,.0276
11000,.5066,.0897,.2294,.0986
11001,.4347,.1180,.3537,.0133
11002,.4717,.1366,.3096,.0197
11003,.6373,.0643,.2374,.0089
11004,.5664,.1061,.2108,.0551
11005,.4348,.1919,.2173,.0755
11006,.5493,.1306,.2226,.0399
11007,.4913,.1170,.2652,.0501
11008,.6331,.0614,.2462,.0000
11009,.5377,.0873,.3114,.0018
11010,.5229,.0924,.2997,.0266
11011,.3747,.0869,.4524,.0204
11012,.6020,.1244,.1916,.0188
11013,.5898,.0308,.3118,.0101
11014,.4820,.0273,.4129,.0198
11015,.4311,.0806,.4198,.0080
11016,.3633,.0666,.4526,.0589
11017,.3487,.0574,.3874,.1128
11018,.5142,.0576,.3504,.0049
11019,.4432,.1232,.2880,.0805
11020,.5074,.0796,.2835,.0544
11021,.4057,.0986,.3402,.0488
11022,.0373,.4605,.1040,.0853
11023,.0193,.4878,.0442,.1201
11024,.0080,.5397,.0517,.0755
11025,.0021,.1506,.0212,.0813
11026,.0001,.0259,.0032,.0069
11027,.0000,.0000,.0000,.0000
11028,.0000,.0000,.0000,.0000
11029,.0000,.0000,.0000,.0000
11030,.0000,.0000,.0000,.0000
11031,.0000,.0000,.0000,.0000
11032,.0000,.0000,.0000,.0000
11033,.0000,.0000,.0000,.0000
11034,.0000,.0000,.0000,.0000
11035,.0000,.0000,.0000,.0000
11036,.0000,.0000,.0000,.0000
11037,.0000,.0000,.0000,.0000
11038,.0000,.0000,.0000,.0000
11039,.0000,.0000,.0000,.0000
11040,.2018,.1049,.5588,.0715
11041,.1765,.0871,.6113,.0566
11042,.2967,.1579,.4871,.0050
11043,.3513,.1887,.4074,.0000
11044,.3490,.1582,.4381,.0000
11045,.5399,.0247,.3821,.0000
11046,.5681,.0184,.3628,.0000
11047,.5499,.0297,.3656,.0035
11048,.5432,.0461,.3440,.0107
11049,.2240,.2840,.4161,.0128
11050,.2076,.2430,.4679,.0233
11051,.3512,.1761,.4203,.0019
11052,.1072,.3868,.3551,.0649
11053,.3783,.1010,.4274,.0365
11054,.5274,.0250,.3916,.0165
11055,.3377,.1096,.4751,.0224
11056,.4690,.0312,.4445,.0049
11057,.4897,.0659,.3926,.0093
11058,.3838,.0729,.4766,.0250
11059,.5711,.0161,.3811,.0000
11060,.6292,.0158,.3005,.0121
11061,.1950,.3341,.3417,.0564
11062,.0623,.5105,.3022,.0637
11063,.0773,.5203,.2714,.0691
11064,.0510,.3920,.2487,.2064
11065,.2488,.1107,.5610,.0405
11066,.2640,.1094,.5724,.0148
11067,.5639,.0033,.4075,.0000
11068,.7232,.0043,.2429,.0015
11069,.6940,.0139,.2410,.0160
11070,.4099,.1808,.3256,.0137
11071,.2127,.2390,.3148,.1440
11072,.2133,.2548,.3212,.1299
11073,.0529,.4366,.3532,.0731
11074,.2053,.1673,.5063,.0569
11075,.1776,.2232,.4012,.1177
11076,.0603,.4199,.2951,.1219
11077,.0778,.2459,.3690,.2023
11078,.1032,.2673,.3787,.1342
11079,.5006,.0672,.3685,.0228
11080,.7071,.0000,.2344,.0242
11081,.6548,.0008,.2958,.0064
11082,.6804,.0010,.2730,.0055
11083,.6812,.0000,.2729,.0026
11084,.6663,.0059,.2829,.0012
11085,.5976,.0166,.3410,.0045
11086,.4473,.1297,.3362,.0449
11087,.6251,.0031,.3335,.0078
11088,.6028,.0004,.3635,.0000
11089,.2413,.1130,.5667,.0000
11090,.1960,.1604,.5055,.0241
11091,.2647,.0720,.5721,.0110
11092,.2220,.2310,.4508,.0072
11093,.3227,.1702,.4312,.0066
11094,.3919,.0615,.4744,.0141
11095,.3049,.1667,.4509,.0072
11096,.4296,.1274,.3887,.0044
11097,.6278,.0320,.2937,.0101
11098,.3182,.2586,.3118,.0209
11099,.2304,.3141,.3368,.0467
11100,.4194,.0892,.4248,.0184
11101,.1786,.4738,.2835,.0059
11102,.2272,.3604,.3291,.0048
11103,.3614,.2174,.3396,.0076
11104,.7059,.0261,.2141,.0000
11105,.7253,.0013,.2323,.0000
11106,.6963,.0127,.2463,.0000
11107,.2062,.3264,.2940,.0817
11108,.1327,.4053,.3253,.0236
11109,.3641,.1395,.3771,.0388
11110,.5944,.0851,.2468,.0169
11111,.7258,.0968,.1364,.0013
11112,.5797,.1444,.2078,.0144
11113,.6161,.0807,.2495,.0082
11114,.5741,.1378,.2237,.0135
11115,.6354,.1081,.2019,.0067
11116,.5860,.1087,.2392,.0143
11117,.6480,.0624,.1832,.0350
11118,.5792,.0615,.2783,.0093
11119,.7167,.0119,.2183,.0020
11120,.5247,.0627,.2668,.0800
11121,.4519,.1360,.2958,.0439
11122,.7883,.0148,.1697,.0000
11123,.5265,.0722,.3136,.0035
11124,.5501,.0716,.2368,.0392
11125,.4272,.0597,.3320,.0592
11126,.6240,.0458,.2646,.0120
11127,.6186,.0416,.2764,.0040
11128,.4818,.0995,.3055,.0366
11129,.5694,.0428,.3107,.0137
11130,.4760,.0919,.3482,.0095
11131,.6433,.0321,.2689,.0009
11132,.5151,.0539,.3473,.0113
11133,.4471,.1198,.3221,.0174
11134,.4206,.1008,.3875,.0197
11135,.6026,.0682,.2608,.0039
11136,.6951,.0296,.2244,.0019
11137,.5472,.1301,.2313,.0258
11138,.4382,.2132,.2620,.0042
11139,.6875,.0950,.1760,.0001
11140,.6083,.0757,.2190,.0203
11141,.6079,.0680,.2587,.0080
11142,.5678,.0987,.2469,.0276
11143,.5366,.1771,.2139,.0181
11144,.5861,.0529,.2913,.0030
11145,.3756,.1272,.3102,.0837
11146,.4119,.0600,.3912,.0549
11147,.2995,.0636,.4616,.0614
11148,.2728,.0848,.4710,.0540
11149,.3327,.0652,.4336,.0809
11150,.3920,.0589,.3525,.1035
11151,.3154,.1287,.4315,.0170
11152,.4361,.0887,.3061,.1019
11153,.3159,.1354,.3800,.0838
11154,.2288,.1741,.4407,.0381
11155,.1149,.2855,.3957,.0188
11156,.0988,.3953,.1858,.0538
11157,.0196,.4558,.0443,.0797
11158,.0098,.2361,.0564,.2175
11159,.0066,.2553,.0615,.1710
11160,.0058,.1930,.0099,.0689
11161,.0001,.0256,.0051,.0418
11162,.0000,.0000,.0000,.0000
11163,.0000,.0000,.0000,.0000
11164,.0000,.0000,.0000,.0000
11165,.0000,.0000,.0000,.0000
11166,.0000,.0000,.0000,.0000
11167,.0000,.0000,.0000,.0000
11168,.0000,.0000,.0000,.0000
11169,.0000,.0000,.0000,.0000
11170,.0000,.0000,.0000,.0000
11171,.0000,.0000,.0000,.0000
11172,.0000,.0000,.0000,.0000
11173,.1991,.1137,.5632,.0594
11174,.3374,.0626,.5164,.0329
11175,.3885,.0833,.4736,.0021
11176,.3647,.1262,.4510,.0000
11177,.3795,.1585,.3988,.0035
11178,.5064,.0334,.4173,.0000
11179,.5200,.0156,.4110,.0039
11180,.6867,.0136,.2576,.0000
11181,.6325,.0158,.3060,.0009
11182,.6593,.0160,.2721,.0053
11183,.4909,.0563,.3955,.0057
11184,.5307,.0274,.3866,.0116
11185,.4649,.0647,.4024,.0109
11186,.3734,.1441,.3222,.0929
11187,.4878,.0940,.3097,.0558
11188,.5278,.0530,.3539,.0094
11189,.5607,.0174,.3741,.0089
11190,.6052,.0096,.3510,.0000
11191,.4131,.1207,.3875,.0236
11192,.5923,.0132,.3591,.0048
11193,.5188,.0740,.3143,.0419
11194,.1173,.3845,.3003,.1174
11195,.0872,.4385,.3386,.0548
11196,.1777,.3640,.3162,.0639
11197,.0391,.5600,.1782,.1003
11198,.1614,.1867,.4391,.1340
11199,.3016,.1272,.5032,.0243
11200,.6375,.0083,.3168,.0068
11201,.7382,.0005,.2346,.0016
11202,.6420,.0300,.2745,.0101
11203,.6064,.0583,.2725,.0236
11204,.1964,.2415,.4003,.0790
11205,.5435,.0508,.2974,.0657
11206,.4610,.1400,.2520,.0899
11207,.1355,.3060,.4262,.0438
11208,.2984,.1388,.4229,.0654
11209,.1258,.3292,.2440,.1946
11210,.1763,.2114,.4423,.0923
11211,.1546,.2177,.4284,.0827
11212,.2021,.2528,.4109,.0511
11213,.7094,.0002,.2527,.0103
11214,.6048,.0005,.3551,.0000
11215,.6623,.0001,.2929,.0057
11216,.6751,.0000,.2822,.0000
11217,.6100,.0015,.3286,.0004
11218,.5539,.0028,.3899,.0050
11219,.6486,.0008,.3217,.0000
11220,.6302,.0000,.3405,.0000
11221,.5763,.0000,.3839,.0000
11222,.4404,.0410,.4605,.0022
11223,.2914,.1135,.4867,.0199
11224,.1805,.1123,.5524,.0350
11225,.1990,.2885,.3866,.0021
11226,.1420,.3554,.3900,.0221
11227,.2434,.1901,.4865,.0113
11228,.2501,.2355,.4345,.0066
11229,.5901,.0903,.2681,.0151
11230,.7029,.0160,.2301,.0046
11231,.2767,.2926,.2376,.0839
11232,.1676,.3889,.3235,.0471
11233,.6071,.0381,.3113,.0055
11234,.6315,.0319,.2903,.0027
11235,.5954,.0339,.3097,.0109
11236,.5160,.1043,.3215,.0097
11237,.6372,.0284,.2715,.0111
11238,.5722,.0264,.3235,.0264
11239,.6790,.0048,.2662,.0077
11240,.6106,.0098,.3086,.0192
11241,.3213,.2512,.3026,.0237
11242,.0120,.4908,.2455,.1252
11243,.0354,.5530,.2294,.0754
11244,.2738,.3226,.2862,.0257
11245,.4812,.1576,.2903,.0161
11246,.4634,.1636,.3144,.0063
11247,.4695,.1641,.2852,.0183
11248,.4324,.2016,.2612,.0377
11249,.2519,.2060,.4408,.0135
11250,.5343,.0998,.2606,.0400
11251,.5416,.0953,.2807,.0249
11252,.7477,.0246,.1648,.0076
11253,.5229,.0812,.2462,.0666
11254,.3788,.1911,.2879,.0427
11255,.7384,.0083,.2170,.0042
11256,.5301,.0668,.3229,.0035
11257,.2859,.0954,.4510,.0510
11258,.2904,.0799,.4192,.0707
11259,.6783,.0252,.2227,.0143
11260,.6994,.0456,.2072,.0072
11261,.6441,.0395,.2363,.0116
11262,.3126,.1791,.3730,.0213
11263,.5489,.0644,.3077,.0124
11264,.3331,.1143,.4539,.0185
11265,.2192,.3054,.3188,.0291
11266,.5373,.0520,.3000,.0247
11267,.5529,.0860,.2702,.0220
11268,.6832,.0532,.1900,.0069
11269,.6422,.1330,.1663,.0058
11270,.6996,.0682,.1850,.0051
11271,.6846,.0823,.1853,.0017
11272,.2420,.3416,.2246,.0257
11273,.6699,.0568,.1866,.0314
11274,.6489,.0807,.2051,.0091
11275,.3847,.2042,.2585,.0287
11276,.6027,.0848,.2287,.0105
11277,.5746,.1147,.2255,.0251
11278,.4772,.0806,.3243,.0291
11279,.4331,.0791,.3028,.0646
11280,.3312,.1087,.3389,.0765
11281,.3056,.0615,.4480,.0745
11282,.3263,.0719,.4448,.0391
11283,.2528,.1167,.4063,.0954
11284,.1127,.3000,.3144,.0617
11285,.3581,.1416,.3800,.0281
11286,.2460,.2099,.3176,.0728
11287,.1262,.2887,.2907,.0710
11288,.0851,.4274,.2316,.0443
11289,.0693,.3874,.2670,.0446
11290,.2290,.3295,.2114,.0569
11291,.0272,.3641,.2760,.0850
11292,.0330,.4689,.2127,.0720
11293,.0197,.5816,.0699,.0730
11294,.0033,.2468,.0150,.0185
11295,.0000,.0013,.0044,.0004
11296,.0000,.0000,.0000,.0000
11297,.0000,.0000,.0000,.0000
11298,.0000,.0000,.0000,.0000
11299,.0000,.0000,.0000,.0000
11300,.0000,.0000,.0000,.0000
11301,.0000,.0000,.0000,.0000
11302,.0000,.0000,.0000,.0000
11303,.0000,.0000,.0000,.0000
11304,.0000,.0000,.0000,.0000
11305,.0000,.0000,.0000,.0000
11306,.4413,.0239,.4905,.0016
11307,.4455,.0272,.4777,.0016
11308,.3829,.0239,.5395,.0042
11309,.2965,.1167,.5279,.0000
11310,.2906,.1844,.4457,.0132
11311,.5551,.0532,.3459,.0019
11312,.6516,.0051,.3125,.0000
11313,.6298,.0168,.3015,.0097
11314,.5518,.0705,.3250,.0098
11315,.6530,.0013,.3084,.0000
11316,.5851,.0025,.3666,.0054
11317,.5125,.0038,.4008,.0351
11318,.5483,.0006,.3938,.0116
11319,.5488,.0218,.3723,.0080
11320,.1802,.4240,.2685,.0390
11321,.4543,.0722,.4032,.0162
11322,.6131,.0163,.3195,.0095
11323,.5491,.0268,.3785,.0060
11324,.5569,.0333,.3726,.0000
11325,.6226,.0056,.3341,.0020
11326,.4815,.1607,.2844,.0308
11327,.0781,.5052,.3037,.0432
11328,.1069,.3388,.3747,.0984
11329,.1259,.3452,.3516,.0746
11330,.0351,.5827,.1534,.0618
11331,.1174,.3661,.3293,.0975
11332,.2759,.1338,.4679,.0741
11333,.3902,.0460,.5183,.0036
11334,.6617,.0043,.2945,.0052
11335,.6060,.0148,.3370,.0056
11336,.5196,.0599,.3391,.0353
11337,.3851,.0870,.4826,.0070
11338,.5766,.0097,.3530,.0256
11339,.6467,.0062,.2960,.0134
11340,.5980,.0783,.2202,.0487
11341,.0775,.3761,.3827,.0704
11342,.1375,.3488,.3142,.1020
11343,.3032,.1053,.5164,.0149
11344,.0474,.3633,.3908,.0782
11345,.3071,.1791,.3954,.0455
11346,.7025,.0062,.2611,.0006
11347,.5901,.0037,.3416,.0066
11348,.6419,.0001,.3140,.0000
11349,.6821,.0000,.2733,.0000
11350,.5430,.0063,.3811,.0109
11351,.4894,.0152,.4340,.0058
11352,.6042,.0003,.3515,.0000
11353,.6534,.0001,.3064,.0023
11354,.6553,.0000,.3078,.0000
11355,.2897,.2310,.3750,.0092
11356,.1547,.2208,.4886,.0317
11357,.2360,.1535,.4857,.0312
11358,.3517,.1347,.4385,.0091
11359,.2772,.2430,.4014,.0035
11360,.2034,.3124,.3936,.0158
11361,.3431,.1768,.4098,.0019
11362,.5936,.0349,.3314,.0050
11363,.6731,.0466,.2317,.0050
11364,.6419,.0642,.2455,.0083
11365,.6714,.0129,.2808,.0000
11366,.5652,.0106,.3664,.0104
11367,.6464,.0043,.2661,.0277
11368,.5993,.0227,.3164,.0123
11369,.7150,.0031,.2373,.0010
11370,.5395,.1127,.2967,.0046
11371,.5936,.0074,.3382,.0194
11372,.5831,.0283,.3118,.0257
11373,.6441,.0396,.2707,.0006
11374,.5287,.0730,.3230,.0246
11375,.4547,.1267,.2975,.0313
11376,.0390,.4877,.2328,.1532
11377,.0285,.6364,.1844,.0621
11378,.1040,.5365,.2502,.0235
11379,.2958,.2086,.4036,.0194
11380,.4532,.1353,.3092,.0397
11381,.3865,.1776,.2937,.0427
11382,.3428,.1802,.3298,.0571
11383,.2591,.2416,.2878,.1262
11384,.4084,.1374,.3488,.0280
11385,.8192,.0095,.1391,.0020
11386,.4277,.1143,.3390,.0259
11387,.5762,.0867,.2087,.0462
11388,.7488,.0295,.1547,.0184
11389,.6443,.0635,.2334,.0016
11390,.6909,.0727,.1677,.0111
11391,.4111,.0787,.3954,.0069
11392,.5902,.0799,.2215,.0326
11393,.6401,.0908,.1998,.0108
11394,.6491,.0462,.2298,.0092
11395,.6156,.0905,.2346,.0027
11396,.6192,.0670,.2646,.0022
11397,.4678,.0751,.3611,.0201
11398,.2931,.1138,.4184,.0490
11399,.6259,.0379,.2628,.0131
11400,.5967,.1120,.2141,.0072
11401,.6586,.0579,.2233,.0034
11402,.6517,.0432,.2063,.0118
11403,.5794,.1599,.1827,.0035
11404,.5284,.1669,.2239,.0058
11405,.2969,.1804,.2960,.0186
11406,.5304,.0621,.3159,.0227
11407,.7205,.0426,.1613,.0329
11408,.6938,.0321,.2078,.0059
11409,.6249,.0491,.2404,.0181
11410,.6827,.0738,.1879,.0059
11411,.5687,.0555,.2866,.0063
11412,.4805,.0676,.2979,.0761
11413,.3703,.1134,.3324,.0629
11414,.3350,.0635,.4233,.0848
11415,.4752,.0453,.3948,.0075
11416,.2768,.1693,.3875,.0664
11417,.3461,.1813,.3682,.0167
11418,.2173,.2047,.2993,.0871
11419,.2975,.1447,.3970,.0538
11420,.2567,.1677,.4351,.0310
11421,.2160,.3099,.3308,.0314
11422,.1007,.4330,.2704,.0352
11423,.2370,.2125,.4007,.0397
11424,.1248,.3881,.2736,.0335
11425,.0898,.4626,.1929,.0529
11426,.0034,.4779,.0277,.0158
11427,.0014,.0890,.0121,.0274
11428,.0000,.0005,.0039,.0016
11429,.0000,.0099,.0083,.0210
11430,.0000,.0000,.0000,.0000
11431,.0000,.0000,.0000,.0000
11432,.0000,.0000,.0000,.0000
11433,.0000,.0000,.0000,.0000
11434,.0000,.0000,.0000,.0000
11435,.0000,.0000,.0000,.0000
11436,.0000,.0000,.0000,.0000
11437,.0000,.0000,.0000,.0000
11438,.0000,.0000,.0000,.0000
11439,.3961,.0633,.5052,.0006
11440,.3483,.0255,.5766,.0020
11441,.3362,.0473,.5628,.0042
11442,.3114,.0408,.5966,.0000
11443,.3089,.0776,.5449,.0182
11444,.5144,.0379,.4052,.0000
11445,.5760,.0360,.3340,.0000
11446,.4666,.0562,.3969,.0080
11447,.3796,.0431,.5016,.0135
11448,.5984,.0127,.3419,.0053
11449,.5954,.0046,.3511,.0010
11450,.5495,.0122,.3617,.0275
11451,.3965,.0175,.5288,.0000
11452,.4838,.0116,.4427,.0121
11453,.2929,.1859,.3803,.0749
11454,.4470,.0782,.4210,.0007
11455,.5574,.0441,.3521,.0000
11456,.5278,.0341,.3942,.0038
11457,.6642,.0022,.3134,.0000
11458,.5951,.0093,.3565,.0026
11459,.5808,.0314,.3436,.0008
11460,.1218,.3506,.3529,.1122
11461,.2680,.1946,.3390,.1294
11462,.1355,.3759,.3403,.0809
11463,.0247,.5717,.1838,.0580
11464,.3524,.1985,.3238,.0674
11465,.3155,.1270,.4398,.0742
11466,.3410,.1448,.4128,.0554
11467,.4743,.0668,.3889,.0185
11468,.5863,.0078,.3565,.0129
11469,.6778,.0014,.2801,.0041
11470,.5707,.0282,.3599,.0068
11471,.3424,.1103,.4029,.0899
11472,.5346,.0332,.3596,.0276
11473,.6950,.0222,.2306,.0105
11474,.2552,.2779,.3418,.0595
11475,.3174,.2264,.3759,.0236
11476,.1634,.3172,.3750,.0500
11477,.0745,.4353,.3341,.0457
11478,.2161,.3035,.3503,.0347
11479,.4352,.0379,.4527,.0091
11480,.3973,.0369,.4944,.0084
11481,.6715,.0008,.2461,.0411
11482,.5509,.0203,.3201,.0481
11483,.6796,.0075,.2766,.0000
11484,.3671,.0673,.4792,.0121
11485,.4902,.0308,.4200,.0077
11486,.5843,.0023,.3683,.0000
11487,.3188,.1260,.4466,.0446
11488,.1834,.2292,.4544,.0288
11489,.2029,.2284,.4172,.0711
11490,.2096,.2351,.4503,.0333
11491,.2451,.1499,.5367,.0000
11492,.3243,.1145,.4982,.0007
11493,.2850,.2307,.3950,.0134
11494,.3541,.1441,.4365,.0037
11495,.5353,.0680,.3581,.0025
11496,.6809,.0128,.2452,.0145
11497,.6521,.0449,.2572,.0098
11498,.6286,.0369,.2921,.0011
11499,.5337,.0209,.3634,.0245
11500,.6258,.0005,.3124,.0044
11501,.6215,.0026,.3045,.0084
11502,.5805,.0047,.3705,.0011
11503,.6057,.0101,.3151,.0074
11504,.6409,.0106,.3077,.0000
11505,.6722,.0086,.2689,.0041
11506,.7496,.0047,.2053,.0058
11507,.6555,.0625,.2297,.0088
11508,.6597,.0531,.2306,.0040
11509,.6042,.1122,.2053,.0234
11510,.3446,.3119,.2442,.0293
11511,.3116,.3120,.2833,.0150
11512,.3389,.1696,.3553,.0565
11513,.1719,.3684,.3383,.0251
11514,.0301,.5474,.2462,.0426
11515,.0000,.4814,.2780,.0682
11516,.1580,.1518,.4665,.0910
11517,.7589,.0049,.1584,.0374
11518,.7432,.0253,.1812,.0085
11519,.6217,.0257,.2824,.0066
11520,.6115,.0442,.2678,.0055
11521,.7545,.0014,.1848,.0128
11522,.7203,.0034,.2209,.0025
11523,.5983,.0330,.2457,.0325
11524,.2662,.2116,.3763,.0149
11525,.6404,.0750,.1980,.0293
11526,.6683,.0714,.2040,.0109
11527,.7185,.0627,.1467,.0183
11528,.7057,.0721,.1599,.0126
11529,.5898,.1093,.2458,.0077
11530,.5396,.0657,.3189,.0100
11531,.5299,.0510,.3257,.0271
11532,.5097,.0452,.3393,.0230
11533,.7487,.0471,.1509,.0060
11534,.6322,.1289,.1807,.0087
11535,.6054,.1148,.2042,.0072
11536,.6564,.1665,.1193,.0065
11537,.7152,.0068,.2372,.0000
11538,.6268,.0833,.2314,.0000
11539,.5897,.0698,.2636,.0056
11540,.6435,.0629,.2296,.0020
11541,.6270,.0517,.2697,.0014
11542,.6781,.0353,.2336,.0000
11543,.7514,.0267,.1762,.0046
11544,.6954,.0268,.2006,.0131
11545,.5852,.0463,.2889,.0070
11546,.3723,.0598,.3818,.0552
11547,.2028,.1465,.4380,.0379
11548,.2773,.1277,.4022,.0286
11549,.3258,.1290,.4230,.0124
11550,.2475,.1995,.3682,.0531
11551,.3078,.1200,.4240,.0670
11552,.2530,.2125,.4364,.0125
11553,.1768,.2262,.4623,.0266
11554,.1989,.3308,.2854,.0557
11555,.2119,.3477,.3129,.0306
11556,.2740,.2198,.3627,.0288
11557,.5396,.0793,.2758,.0305
11558,.2657,.2712,.2644,.0739
11559,.0194,.3496,.1032,.0535
11560,.0005,.0446,.0061,.0052
11561,.0008,.0587,.0405,.0655
11562,.0009,.0428,.0330,.0182
11563,.0000,.0000,.0000,.0000
11564,.0000,.0000,.0000,.0000
11565,.0000,.0000,.0000,.0000
11566,.0000,.0000,.0000,.0000
11567,.0000,.0000,.0000,.0000
11568,.0000,.0000,.0000,.0000
11569,.0000,.0000,.0000,.0000
11570,.0000,.0000,.0000,.0000
11571,.0000,.0000,.0000,.0000
11572,.3622,.0601,.5352,.0000
11573,.3632,.0532,.5405,.0000
11574,.3398,.0578,.5448,.0124
11575,.3506,.0405,.5442,.0135
11576,.3715,.0241,.5490,.0145
11577,.4276,.0289,.5046,.0000
11578,.5256,.0080,.4185,.0039
11579,.4413,.0079,.4865,.0165
11580,.4308,.0189,.4696,.0170
11581,.5219,.0116,.4071,.0071
11582,.5555,.0111,.3752,.0103
11583,.5738,.0025,.3461,.0310
11584,.4001,.0010,.4790,.0465
11585,.4210,.0441,.4649,.0086
11586,.4448,.0311,.4260,.0450
11587,.4279,.0791,.4340,.0029
11588,.6146,.0384,.2992,.0007
11589,.5906,.0288,.3405,.0000
11590,.6422,.0079,.3194,.0015
11591,.5284,.0185,.4103,.0010
11592,.6789,.0007,.2955,.0000
11593,.2212,.2945,.3359,.0899
11594,.3424,.0957,.4115,.0948
11595,.4068,.1375,.3091,.1003
11596,.1239,.4834,.2133,.0835
11597,.2200,.2931,.3339,.0809
11598,.4331,.0657,.4117,.0446
11599,.3261,.2058,.3739,.0367
11600,.3672,.1558,.3196,.1080
11601,.5091,.0677,.3239,.0467
11602,.6588,.0069,.3000,.0000
11603,.4950,.0572,.3656,.0238
11604,.4999,.0577,.3609,.0369
11605,.1873,.3345,.3916,.0286
11606,.6239,.0046,.3264,.0057
11607,.5655,.0533,.3061,.0144
11608,.6968,.0024,.2737,.0000
11609,.2153,.2963,.3083,.0780
11610,.0541,.6351,.1937,.0042
11611,.0702,.3022,.4437,.0473
11612,.1785,.2632,.4096,.0422
11613,.2801,.2050,.4057,.0309
11614,.5495,.0310,.3051,.0575
11615,.3048,.1430,.4629,.0138
11616,.6013,.0081,.3315,.0121
11617,.2340,.2235,.4035,.0183
11618,.2212,.1309,.4967,.0565
11619,.1893,.1538,.5490,.0108
11620,.1177,.1787,.5415,.0509
11621,.4258,.0254,.4867,.0019
11622,.3057,.0365,.5969,.0000
11623,.2522,.0775,.6010,.0066
11624,.4119,.0629,.4825,.0000
11625,.2870,.1659,.4259,.0157
11626,.2788,.1419,.4140,.0460
11627,.4215,.0707,.4420,.0126
11628,.3287,.2080,.3989,.0040
11629,.5606,.0925,.2866,.0066
11630,.5682,.1229,.2437,.0220
11631,.7179,.0261,.2254,.0013
11632,.4420,.1388,.3377,.0189
11633,.4104,.0643,.3787,.0810
11634,.6001,.0245,.3133,.0100
11635,.6762,.0183,.2367,.0153
11636,.5972,.0164,.3218,.0074
11637,.5863,.0393,.3179,.0096
11638,.6400,.0287,.2901,.0000
11639,.6457,.0192,.2755,.0154
11640,.6269,.0652,.2296,.0373
11641,.3606,.0794,.3512,.0949
11642,.6846,.0250,.2253,.0213
11643,.6829,.1244,.1549,.0004
11644,.7186,.0735,.1710,.0034
11645,.5132,.1434,.2684,.0123
11646,.2572,.3872,.2530,.0220
11647,.2296,.3845,.2630,.0176
11648,.0244,.4146,.2655,.1218
11649,.1229,.2220,.3848,.1077
11650,.3275,.1646,.4138,.0148
11651,.4551,.1051,.3647,.0036
11652,.6017,.0438,.2689,.0145
11653,.2738,.1163,.4857,.0107
11654,.5518,.0464,.3319,.0031
11655,.7593,.0273,.1786,.0000
11656,.4791,.1409,.2734,.0196
11657,.1256,.3395,.3643,.0365
11658,.5799,.1399,.1922,.0381
11659,.6892,.1033,.1447,.0225
11660,.6826,.0685,.1870,.0081
11661,.6315,.0392,.2424,.0146
11662,.7143,.0265,.2069,.0025
11663,.5749,.0712,.2902,.0022
11664,.6057,.0591,.2681,.0088
11665,.3149,.1383,.4504,.0041
11666,.6602,.0419,.1916,.0392
11667,.4696,.0952,.3477,.0062
11668,.6763,.0707,.1959,.0045
11669,.7283,.0270,.2056,.0000
11670,.7448,.0221,.1776,.0016
11671,.8251,.0056,.1356,.0023
11672,.6722,.0801,.1957,.0000
11673,.5301,.0962,.2722,.0152
11674,.5217,.0683,.3305,.0055
11675,.4321,.1113,.3222,.0171
11676,.4836,.1087,.3073,.0123
11677,.6108,.0543,.2701,.0034
11678,.6132,.0347,.2813,.0018
11679,.4891,.1307,.2864,.0071
11680,.3583,.2238,.2294,.0381
11681,.2652,.1670,.3597,.0285
11682,.2909,.2261,.3191,.0401
11683,.3314,.1635,.3870,.0152
11684,.4051,.1527,.3238,.0434
11685,.3255,.1471,.4191,.0284
11686,.3214,.1321,.3757,.0875
11687,.4298,.1448,.2811,.0727
11688,.3957,.1120,.3869,.0198
11689,.4104,.1362,.3430,.0184
11690,.3866,.1436,.3774,.0096
11691,.4177,.1487,.3061,.0290
11692,.0327,.4402,.1292,.0893
11693,.0044,.1117,.0464,.0430
11694,.0011,.2323,.0273,.0809
11695,.0084,.0874,.0340,.1138
11696,.0085,.2260,.0609,.0247
11697,.0000,.0000,.0005,.0008
11698,.0000,.0033,.0000,.0091
11699,.0000,.0443,.0281,.0579
11700,.0000,.0000,.0000,.0000
11701,.0000,.0000,.0000,.0000
11702,.0000,.0000,.0000,.0000
11703,.0000,.0000,.0000,.0000
11704,.0000,.0000,.0000,.0000
11705,.4166,.0516,.4724,.0091
11706,.3091,.1208,.5002,.0218
11707,.4233,.0326,.5076,.0000
11708,.4507,.0226,.4813,.0073
11709,.4415,.0135,.5065,.0000
11710,.5545,.0089,.3877,.0000
11711,.4848,.0013,.4748,.0000
11712,.4461,.0013,.4933,.0033
11713,.4857,.0019,.4661,.0007
11714,.5810,.0014,.3819,.0000
11715,.6067,.0008,.3475,.0000
11716,.4620,.0009,.4920,.0046
11717,.4852,.0005,.4392,.0138
11718,.3740,.0408,.4988,.0187
11719,.3622,.0499,.5031,.0221
11720,.5634,.0363,.3451,.0127
11721,.6086,.0328,.2931,.0184
11722,.5564,.0341,.3481,.0089
11723,.6530,.0023,.3065,.0117
11724,.6771,.0027,.2884,.0068
11725,.6384,.0049,.3257,.0000
11726,.5473,.0902,.2762,.0359
11727,.4239,.0956,.3806,.0454
11728,.2830,.1792,.2828,.1613
11729,.1970,.2750,.4177,.0508
11730,.3166,.2134,.3015,.0938
11731,.5617,.0445,.3184,.0369
11732,.4339,.1033,.3844,.0283
11733,.3593,.1151,.3992,.0744
11734,.4612,.0696,.3625,.0547
11735,.5871,.0107,.3329,.0251
11736,.4819,.0122,.4293,.0237
11737,.5213,.0362,.3867,.0016
11738,.3368,.1452,.4379,.0053
11739,.4241,.0768,.4392,.0000
11740,.6516,.0000,.3001,.0077
11741,.5290,.0418,.3529,.0131
11742,.1295,.3176,.3508,.1038
11743,.0585,.3716,.4125,.0240
11744,.0520,.3515,.4423,.0073
11745,.1316,.2784,.4125,.0490
11746,.1064,.4231,.3362,.0178
11747,.1210,.4351,.3101,.0111
11748,.1359,.2853,.4468,.0233
11749,.3907,.0381,.5029,.0077
11750,.1492,.1888,.4592,.0802
11751,.2907,.0403,.5786,.0217
11752,.0662,.1994,.5869,.0246
11753,.1369,.0378,.5467,.1745
11754,.3627,.0087,.4815,.0576
11755,.3392,.0443,.5426,.0158
11756,.2740,.0608,.5895,.0218
11757,.4335,.0719,.4308,.0059
11758,.4505,.0472,.3998,.0369
11759,.2520,.1617,.4842,.0112
11760,.2200,.1164,.5930,.0023
11761,.2081,.2607,.4263,.0172
11762,.3782,.1991,.3653,.0007
11763,.6249,.0545,.2591,.0147
11764,.6181,.0398,.2711,.0212
11765,.4965,.1156,.3038,.0151
11766,.3652,.2566,.3033,.0149
11767,.3151,.2455,.3449,.0497
11768,.7312,.0057,.2259,.0048
11769,.5962,.0213,.3346,.0015
11770,.5683,.0176,.3688,.0002
11771,.5827,.0734,.3003,.0036
11772,.7006,.0233,.2340,.0050
11773,.6406,.0443,.2591,.0038
11774,.5170,.0677,.3557,.0062
11775,.3780,.2338,.3028,.0136
11776,.1976,.4047,.3186,.0061
11777,.4707,.1441,.3188,.0128
11778,.7387,.0284,.1958,.0042
11779,.3576,.2791,.2883,.0110
11780,.1221,.5855,.1767,.0239
11781,.2629,.2628,.3340,.0396
11782,.5150,.1118,.3079,.0036
11783,.4391,.0945,.3517,.0149
11784,.6052,.0462,.2893,.0051
11785,.6380,.0174,.2839,.0097
11786,.2820,.0930,.5104,.0174
11787,.1773,.1937,.4404,.0482
11788,.4922,.0633,.3645,.0051
11789,.5194,.0715,.3113,.0173
11790,.3012,.1246,.4258,.0321
11791,.6087,.0707,.2369,.0193
11792,.6771,.0552,.1869,.0247
11793,.7209,.0435,.1842,.0001
11794,.5470,.0500,.3038,.0225
11795,.6062,.0399,.2795,.0047
11796,.5982,.0552,.2621,.0167
11797,.5891,.0631,.2641,.0269
11798,.5968,.0630,.2882,.0055
11799,.6888,.0212,.2045,.0186
11800,.5879,.0497,.2726,.0050
11801,.7499,.0308,.1842,.0022
11802,.8440,.0054,.1274,.0000
11803,.7736,.0065,.1715,.0000
11804,.7732,.0246,.1173,.0342
11805,.7424,.0130,.2073,.0011
11806,.5432,.0477,.3174,.0027
11807,.5115,.0567,.3387,.0097
11808,.4113,.1414,.3407,.0013
11809,.5920,.0533,.2992,.0000
11810,.5739,.0863,.2755,.0000
11811,.6704,.0568,.2274,.0008
11812,.5829,.0735,.2658,.0003
11813,.3946,.1419,.3016,.0307
11814,.3331,.1768,.3228,.0155
11815,.3967,.1105,.3532,.0237
11816,.3766,.1647,.2746,.1119
11817,.3032,.2049,.3760,.0389
11818,.2715,.2922,.2484,.0867
11819,.4078,.1207,.3248,.0670
11820,.5292,.0671,.2798,.0651
11821,.4160,.1298,.3754,.0080
11822,.3751,.1948,.3335,.0060
11823,.3197,.2254,.3093,.0568
11824,.2026,.3092,.3517,.0128
11825,.2321,.1122,.2567,.0964
11826,.0283,.2151,.1318,.1032
11827,.0129,.5370,.1435,.0919
11828,.0295,.3974,.0988,.0766
11829,.0274,.3699,.1752,.1260
11830,.0034,.1442,.0344,.0802
11831,.0000,.0702,.0040,.0484
11832,.0000,.0597,.0126,.0267
11833,.0000,.0002,.0003,.0000
11834,.0000,.0000,.0000,.0000
11835,.0000,.0000,.0000,.0000
11836,.0000,.0000,.0000,.0000
11837,.0000,.0000,.0000,.0000
11838,.3372,.0887,.4469,.0727
11839,.3434,.1641,.4366,.0083
11840,.3905,.0544,.5101,.0000
11841,.4071,.0118,.5384,.0000
11842,.4136,.0238,.5199,.0004
11843,.4568,.0244,.4649,.0023
11844,.5019,.0060,.4550,.0000
11845,.4913,.0048,.4009,.0281
11846,.4588,.0061,.4544,.0127
11847,.5011,.0152,.4235,.0019
11848,.4280,.0951,.3866,.0209
11849,.4637,.0329,.4154,.0382
11850,.3803,.0181,.4827,.0480
11851,.3553,.0661,.4840,.0258
11852,.3075,.0524,.5646,.0152
11853,.4984,.0544,.3767,.0154
11854,.5684,.0294,.3591,.0000
11855,.6265,.0200,.3221,.0037
11856,.6394,.0102,.3195,.0036
11857,.6487,.0110,.3084,.0032
11858,.7223,.0021,.2556,.0000
11859,.6159,.0504,.2711,.0129
11860,.6470,.0172,.2951,.0116
11861,.6517,.0429,.2012,.0643
11862,.4313,.1221,.3612,.0481
11863,.6378,.0026,.3288,.0041
11864,.2889,.2811,.2933,.0539
11865,.4847,.0571,.3880,.0265
11866,.2822,.1875,.4032,.0559
11867,.3524,.1439,.3429,.1094
11868,.5044,.0283,.3688,.0506
11869,.5756,.0015,.3704,.0178
11870,.5036,.0016,.4460,.0047
11871,.3126,.0638,.5344,.0223
11872,.5799,.0160,.3576,.0065
11873,.6233,.0021,.3153,.0286
11874,.5566,.0557,.3229,.0120
11875,.0817,.2839,.5087,.0288
11876,.0953,.4084,.3197,.0603
11877,.0117,.4298,.3515,.0488
11878,.1593,.2125,.4955,.0385
11879,.1927,.3648,.3155,.0182
11880,.0945,.3753,.3201,.0718
11881,.1063,.3133,.4229,.0330
11882,.1843,.2260,.4653,.0207
11883,.1368,.1580,.5545,.0509
11884,.4307,.0461,.4599,.0147
11885,.0917,.1881,.5640,.0302
11886,.1891,.0604,.6118,.0517
11887,.2059,.0292,.6353,.0500
11888,.2805,.1019,.5212,.0318
11889,.3157,.1385,.4036,.0748
11890,.4958,.0522,.3888,.0075
11891,.4570,.0851,.3399,.0508
11892,.3408,.1174,.4229,.0450
11893,.3562,.1317,.4558,.0051
11894,.2831,.1674,.4571,.0191
11895,.1761,.2536,.4720,.0055
11896,.3284,.1356,.4506,.0153
11897,.6568,.0443,.2224,.0299
11898,.6006,.0359,.2917,.0095
11899,.2959,.2109,.3947,.0202
11900,.2146,.2774,.4028,.0175
11901,.6046,.0712,.2763,.0056
11902,.6123,.0659,.2804,.0034
11903,.6480,.0370,.2722,.0011
11904,.6432,.0820,.2292,.0000
11905,.6770,.0534,.2231,.0070
11906,.6720,.0860,.2106,.0000
11907,.7251,.0382,.2124,.0000
11908,.6302,.0524,.2699,.0028
11909,.3940,.1639,.3616,.0115
11910,.0984,.5272,.2800,.0111
11911,.3765,.1388,.4152,.0038
11912,.2804,.2939,.3411,.0149
11913,.4808,.1433,.3228,.0033
11914,.5622,.0818,.3024,.0003
11915,.3975,.1453,.3839,.0092
11916,.4618,.1050,.3543,.0191
11917,.6627,.0206,.2704,.0053
11918,.5424,.0453,.3050,.0464
11919,.2966,.0985,.4644,.0508
11920,.4326,.0855,.4019,.0070
11921,.4592,.0999,.3614,.0055
11922,.5034,.1542,.2570,.0169
11923,.1322,.2689,.3984,.0473
11924,.4812,.0551,.3547,.0304
11925,.6409,.0510,.2289,.0248
11926,.7668,.0188,.1667,.0059
11927,.6587,.0169,.2277,.0248
11928,.5963,.0412,.2752,.0243
11929,.5439,.0451,.2974,.0335
11930,.5319,.0262,.3462,.0149
11931,.4542,.0827,.3753,.0079
11932,.7068,.0310,.2044,.0126
11933,.5984,.0410,.2575,.0158
11934,.6331,.0756,.2356,.0046
11935,.7827,.0101,.1645,.0017
11936,.7563,.0137,.1809,.0003
11937,.6896,.0704,.1859,.0005
11938,.7152,.0357,.1785,.0000
11939,.7258,.0266,.1858,.0000
11940,.6437,.0306,.2603,.0016
11941,.6275,.0248,.2809,.0000
11942,.6657,.0292,.2537,.0000
11943,.6203,.0387,.2743,.0000
11944,.6057,.0791,.2524,.0006
11945,.5891,.0905,.2572,.0009
11946,.5252,.0689,.2941,.0315
11947,.5491,.0673,.2979,.0050
11948,.4129,.1006,.3692,.0223
11949,.3387,.1169,.4263,.0579
11950,.3212,.0973,.4936,.0151
11951,.3834,.0777,.4226,.0516
11952,.4786,.0273,.3525,.0683
11953,.5186,.0446,.3501,.0260
11954,.4060,.1913,.3267,.0000
11955,.1379,.4062,.3523,.0028
11956,.1038,.4210,.2918,.0324
11957,.1417,.2958,.3807,.0429
11958,.2182,.1849,.4148,.0572
11959,.2079,.2764,.3163,.0768
11960,.0258,.7248,.0703,.0236
11961,.0157,.4113,.0989,.0493
11962,.0021,.0378,.0220,.0506
11963,.0000,.0008,.0005,.0001
11964,.0000,.0015,.0000,.0072
11965,.0000,.0003,.0000,.0004
11966,.0011,.0224,.0109,.0468
11967,.0000,.0049,.0057,.0083
11968,.0000,.0000,.0000,.0000
11969,.0000,.0000,.0000,.0000
11970,.0000,.0000,.0000,.0000
11971,.3888,.1083,.4582,.0000
11972,.4635,.0295,.4663,.0000
11973,.4707,.0106,.4849,.0000
11974,.4071,.0349,.4857,.0026
11975,.3715,.0439,.5108,.0095
11976,.4228,.0331,.4869,.0067
11977,.4736,.0323,.4008,.0357
11978,.4573,.0111,.4467,.0129
11979,.5263,.0149,.4018,.0096
11980,.4684,.0567,.4179,.0039
11981,.4287,.1329,.3801,.0085
11982,.3642,.0817,.4801,.0184
11983,.3306,.0750,.4543,.0787
11984,.4248,.0435,.4585,.0168
11985,.3733,.0214,.5278,.0199
11986,.4372,.0380,.4037,.0626
11987,.5617,.0146,.3773,.0096
11988,.5417,.0161,.3929,.0034
11989,.5419,.0133,.4007,.0000
11990,.6003,.0189,.3307,.0057
11991,.7276,.0013,.2458,.0000
11992,.6447,.0171,.2936,.0000
11993,.6559,.0068,.3059,.0000
11994,.6636,.0148,.2799,.0000
11995,.7697,.0062,.1992,.0048
11996,.6649,.0105,.2972,.0011
11997,.2722,.2792,.3090,.0629
11998,.3795,.1550,.3681,.0359
11999,.1081,.3065,.4587,.0319
12000,.1063,.2721,.4733,.0843
12001,.5098,.0137,.3967,.0459
12002,.4590,.0839,.3799,.0359
12003,.5693,.0041,.3790,.0019
12004,.1526,.1156,.6421,.0021
12005,.1169,.2266,.5493,.0129
12006,.2264,.0985,.5802,.0274
12007,.1962,.1914,.4321,.0820
12008,.1608,.1133,.6389,.0077
12009,.1836,.2504,.4471,.0440
12010,.1174,.2727,.4225,.0796
12011,.4818,.0118,.4021,.0582
12012,.2146,.2661,.3243,.0917
12013,.1883,.3473,.3323,.0371
12014,.0789,.3769,.3693,.0757
12015,.0697,.2727,.4776,.0873
12016,.0465,.3205,.4768,.0377
12017,.1412,.1017,.5722,.0911
12018,.0339,.3219,.4568,.0598
12019,.1714,.1566,.5430,.0278
12020,.1483,.1580,.5518,.0499
12021,.2267,.1072,.5155,.0663
12022,.2500,.1209,.5448,.0100
12023,.4251,.0523,.4439,.0292
12024,.4499,.0893,.3869,.0177
12025,.3327,.1368,.4324,.0159
12026,.5419,.1419,.2702,.0080
12027,.4659,.1388,.3521,.0000
12028,.4444,.0741,.3956,.0281
12029,.3805,.1135,.4078,.0176
12030,.6329,.0302,.2912,.0067
12031,.5807,.0522,.2655,.0336
12032,.6830,.0271,.2389,.0061
12033,.3704,.1697,.3894,.0053
12034,.5049,.0772,.3594,.0119
12035,.6854,.0131,.2581,.0043
12036,.5927,.0241,.3383,.0003
12037,.6782,.0152,.2612,.0013
12038,.6450,.0881,.2296,.0000
12039,.5939,.0904,.2692,.0003
12040,.7442,.0134,.2112,.0010
12041,.5453,.0995,.3034,.0000
12042,.4689,.1094,.3450,.0000
12043,.4051,.1557,.3598,.0072
12044,.1999,.3515,.3399,.0200
12045,.2774,.1951,.4241,.0090
12046,.3953,.1273,.3826,.0268
12047,.1719,.1788,.5275,.0191
12048,.5008,.1016,.3365,.0048
12049,.7242,.0020,.2309,.0099
12050,.6312,.0345,.2739,.0115
12051,.6967,.0039,.2665,.0048
12052,.5164,.0816,.3327,.0077
12053,.4263,.0816,.3730,.0466
12054,.7041,.0401,.1961,.0077
12055,.5123,.0881,.2887,.0228
12056,.2656,.2156,.3131,.0455
12057,.4840,.0871,.2968,.0546
12058,.7345,.0299,.1921,.0038
12059,.7825,.0099,.1719,.0000
12060,.7427,.0135,.1867,.0095
12061,.5067,.0670,.3324,.0176
12062,.1293,.2847,.4272,.0349
12063,.2846,.1328,.4169,.0393
12064,.4225,.0636,.4236,.0000
12065,.4933,.1089,.3182,.0170
12066,.4831,.0604,.3337,.0197
12067,.5852,.0465,.2762,.0213
12068,.8079,.0046,.1666,.0000
12069,.7739,.0196,.1805,.0007
12070,.7171,.0552,.1861,.0016
12071,.7991,.0097,.1379,.0013
12072,.7651,.0149,.1768,.0006
12073,.7266,.0491,.1791,.0000
12074,.7155,.0131,.2197,.0000
12075,.6584,.0382,.2375,.0000
12076,.6033,.0522,.2807,.0014
12077,.5486,.0475,.3367,.0066
12078,.5818,.0769,.2739,.0051
12079,.6071,.1168,.2083,.0019
12080,.5373,.0835,.2660,.0256
12081,.5167,.0325,.3468,.0406
12082,.3678,.0581,.5089,.0034
12083,.3176,.1044,.3745,.0869
12084,.3415,.0940,.3704,.0711
12085,.6224,.0081,.2830,.0207
12086,.6196,.0313,.2921,.0032
12087,.3469,.2092,.3807,.0000
12088,.4083,.1249,.3970,.0047
12089,.2838,.2836,.3255,.0022
12090,.3989,.1021,.4096,.0034
12091,.3394,.0852,.4272,.0581
12092,.1059,.2414,.2655,.1164
12093,.0128,.5250,.1292,.0848
12094,.0022,.0621,.0020,.0275
12095,.0000,.0457,.0046,.0141
12096,.0000,.0210,.0032,.0074
12097,.0000,.0011,.0032,.0007
12098,.0046,.1206,.0667,.1243
12099,.0470,.1430,.1621,.1526
12100,.0027,.0308,.0185,.0543
12101,.0001,.0019,.0078,.0057
12102,.0000,.0000,.0000,.0000
12103,.0000,.0000,.0000,.0000
12104,.5373,.0171,.4003,.0060
12105,.5225,.0093,.4293,.0000
12106,.4511,.0172,.4881,.0000
12107,.4215,.0318,.4747,.0110
12108,.4716,.0156,.4451,.0194
12109,.4576,.0310,.4638,.0012
12110,.3981,.0938,.4231,.0197
12111,.4320,.1678,.3481,.0048
12112,.3407,.2228,.3588,.0175
12113,.3584,.1204,.3622,.0854
12114,.4440,.1201,.3866,.0028
12115,.3915,.1127,.3999,.0374
12116,.3685,.0676,.4568,.0422
12117,.3291,.0518,.4985,.0541
12118,.3435,.0291,.4791,.0900
12119,.4286,.0293,.4701,.0225
12120,.5353,.0204,.3946,.0061
12121,.5028,.0326,.4178,.0000
12122,.5716,.0210,.3581,.0044
12123,.6161,.0169,.3223,.0035
12124,.6306,.0161,.3031,.0052
12125,.5609,.0314,.3438,.0048
12126,.5900,.0367,.3186,.0042
12127,.6810,.0178,.2652,.0000
12128,.7430,.0068,.2246,.0000
12129,.6828,.0046,.2819,.0000
12130,.6467,.0056,.3155,.0000
12131,.6760,.0013,.2905,.0070
12132,.6006,.0378,.3025,.0165
12133,.1034,.2612,.4824,.0738
12134,.2496,.2114,.4520,.0404
12135,.1997,.2164,.3970,.1240
12136,.1716,.2053,.4482,.1038
12137,.1012,.1464,.6335,.0318
12138,.0681,.3233,.4605,.0451
12139,.2598,.0959,.5814,.0086
12140,.3470,.0613,.4204,.1086
12141,.3317,.0766,.4667,.0534
12142,.5643,.0056,.3791,.0058
12143,.3970,.0661,.4288,.0408
12144,.3825,.0497,.3979,.1012
12145,.4311,.1209,.3743,.0129
12146,.3612,.1099,.4512,.0174
12147,.1978,.2578,.4289,.0280
12148,.0620,.4113,.3688,.0550
12149,.0448,.3663,.4037,.0738
12150,.0952,.2378,.5247,.0463
12151,.0689,.3500,.4406,.0458
12152,.1873,.2389,.4550,.0339
12153,.1424,.1825,.5599,.0354
12154,.2976,.0584,.5823,.0000
12155,.2305,.1261,.5051,.0047
12156,.4151,.0647,.4655,.0000
12157,.3846,.0181,.5109,.0072
12158,.3943,.0746,.3915,.0350
12159,.4217,.1078,.3956,.0160
12160,.5403,.1192,.2853,.0033
12161,.6051,.0620,.2972,.0000
12162,.5612,.0702,.2808,.0253
12163,.6514,.0557,.1953,.0403
12164,.6913,.0404,.2145,.0156
12165,.6532,.0576,.2306,.0114
12166,.4319,.1209,.3748,.0085
12167,.5613,.1032,.2739,.0083
12168,.6361,.0654,.2475,.0057
12169,.4927,.1181,.3335,.0013
12170,.6129,.0160,.3243,.0000
12171,.5649,.0282,.3639,.0000
12172,.6731,.0432,.2457,.0018
12173,.6060,.0608,.2856,.0014
12174,.5331,.1234,.2857,.0021
12175,.4116,.1393,.3705,.0057
12176,.2939,.1331,.4807,.0073
12177,.0158,.5523,.2328,.0570
12178,.0193,.4713,.2970,.0482
12179,.3365,.1568,.4191,.0240
12180,.5490,.0351,.3532,.0135
12181,.3747,.0862,.4258,.0160
12182,.6461,.0017,.3025,.0020
12183,.7079,.0040,.2386,.0069
12184,.6747,.0701,.2243,.0020
12185,.5657,.0585,.3106,.0071
12186,.2769,.1456,.4624,.0348
12187,.4444,.0723,.3901,.0097
12188,.4323,.0684,.3932,.0057
12189,.4117,.0963,.3885,.0096
12190,.2372,.1871,.4214,.0210
12191,.5581,.0456,.3032,.0229
12192,.7658,.0219,.1778,.0035
12193,.7953,.0010,.1638,.0058
12194,.5429,.0899,.2976,.0090
12195,.3653,.0520,.4794,.0105
12196,.0539,.2184,.3989,.1542
12197,.2569,.1216,.4868,.0216
12198,.6038,.0536,.2831,.0068
12199,.5665,.0788,.2747,.0035
12200,.3096,.1531,.4066,.0189
12201,.7368,.0207,.1948,.0084
12202,.7233,.0511,.1840,.0018
12203,.7442,.0518,.1689,.0000
12204,.8242,.0094,.1348,.0013
12205,.7145,.0261,.2193,.0000
12206,.6496,.0971,.1857,.0052
12207,.6429,.0570,.2389,.0006
12208,.5512,.0774,.2907,.0040
12209,.5953,.0578,.2795,.0055
12210,.6158,.0487,.2655,.0082
12211,.5720,.0272,.3381,.0064
12212,.6334,.0318,.2611,.0129
12213,.4123,.0541,.4458,.0064
12214,.5073,.0362,.3739,.0111
12215,.6468,.0183,.2857,.0009
12216,.4563,.0456,.4188,.0210
12217,.4527,.0626,.3857,.0313
12218,.6345,.0459,.2608,.0040
12219,.6907,.0254,.2344,.0003
12220,.6248,.0740,.2319,.0050
12221,.5702,.1194,.2424,.0036
12222,.5379,.1422,.2382,.0064
12223,.3958,.1255,.3958,.0028
12224,.3095,.1341,.4053,.0593
12225,.3198,.1285,.4296,.0204
12226,.2035,.2506,.3621,.0334
12227,.2259,.1381,.3479,.0953
12228,.0674,.1859,.1900,.1275
12229,.0008,.0946,.0489,.0385
12230,.0104,.3269,.0440,.0427
12231,.0218,.5073,.0966,.1073
12232,.0040,.0667,.0473,.0760
12233,.0320,.1649,.2047,.2106
12234,.0095,.0976,.0657,.1157
12235,.0000,.0000,.0016,.0000
12236,.0000,.0000,.0000,.0000
12237,.6138,.0073,.3571,.0000
12238,.5353,.0150,.4179,.0000
12239,.5224,.0155,.4275,.0000
12240,.4775,.0548,.4199,.0006
12241,.4264,.0748,.4421,.0013
12242,.3178,.0870,.5011,.0391
12243,.2663,.1490,.4529,.0589
12244,.2819,.1789,.4129,.0651
12245,.3722,.1500,.3777,.0421
12246,.3448,.1612,.4346,.0083
12247,.3030,.0874,.5055,.0428
12248,.2526,.1527,.4745,.0574
12249,.2799,.1791,.4329,.0502
12250,.3018,.1213,.4767,.0399
12251,.2947,.0677,.5424,.0274
12252,.3437,.0936,.4796,.0258
12253,.3830,.0395,.3979,.1130
12254,.4854,.0644,.3729,.0208
12255,.6373,.0076,.3264,.0001
12256,.5682,.0121,.3720,.0022
12257,.6101,.0222,.3099,.0179
12258,.5008,.0312,.3816,.0257
12259,.5498,.0294,.3690,.0000
12260,.5884,.0205,.3317,.0134
12261,.6035,.0293,.3342,.0000
12262,.7453,.0000,.2352,.0000
12263,.5183,.0222,.4113,.0000
12264,.6349,.0026,.3405,.0000
12265,.5261,.0275,.3522,.0533
12266,.3315,.1271,.3396,.1277
12267,.1486,.2787,.4361,.0655
12268,.0659,.3721,.3481,.1393
12269,.1971,.1824,.3936,.1602
12270,.1142,.2011,.5538,.0441
12271,.0944,.2112,.5441,.0630
12272,.2849,.0358,.6188,.0149
12273,.3023,.0216,.5489,.0703
12274,.5269,.0129,.4022,.0136
12275,.6670,.0000,.2896,.0065
12276,.5864,.0003,.3616,.0064
12277,.5018,.0026,.3882,.0515
12278,.4884,.0028,.4179,.0378
12279,.4873,.0470,.4013,.0028
12280,.1321,.3009,.4113,.0589
12281,.0755,.3282,.3760,.1170
12282,.0609,.4256,.3497,.0697
12283,.0221,.4357,.3805,.0781
12284,.0675,.3611,.4380,.0561
12285,.1132,.3534,.4462,.0109
12286,.1573,.2209,.4912,.0332
12287,.2700,.0653,.5840,.0057
12288,.1802,.0673,.6145,.0337
12289,.3270,.0322,.5604,.0075
12290,.4324,.0116,.4794,.0178
12291,.3186,.0558,.3731,.1068
12292,.3130,.0768,.4732,.0192
12293,.3791,.1302,.3578,.0543
12294,.6670,.0317,.2782,.0004
12295,.3113,.1561,.2160,.1434
12296,.6036,.0343,.3228,.0030
12297,.6922,.0158,.2582,.0000
12298,.7084,.0129,.2474,.0000
12299,.6872,.0355,.2383,.0000
12300,.4779,.1504,.2966,.0118
12301,.6647,.0540,.2052,.0213
12302,.6536,.0823,.2275,.0000
12303,.6277,.0326,.2978,.0000
12304,.5336,.0549,.3626,.0000
12305,.5014,.0120,.3913,.0492
12306,.6488,.0051,.3156,.0004
12307,.5405,.0648,.3178,.0242
12308,.2823,.1399,.4263,.0553
12309,.2968,.1877,.3916,.0317
12310,.0096,.4112,.2938,.1214
12311,.0139,.5116,.2875,.0532
12312,.0666,.5299,.2369,.0367
12313,.3866,.0839,.4189,.0375
12314,.5367,.0336,.3409,.0184
12315,.5744,.0258,.3325,.0045
12316,.6603,.0330,.2628,.0038
12317,.3958,.1535,.3519,.0135
12318,.6362,.0683,.2429,.0058
12319,.3120,.1841,.3634,.0304
12320,.3917,.0861,.3822,.0315
12321,.3566,.0992,.4299,.0180
12322,.6428,.0259,.2497,.0278
12323,.4836,.1442,.2597,.0302
12324,.5066,.1548,.2280,.0430
12325,.8304,.0306,.1187,.0000
12326,.8021,.0003,.1757,.0018
12327,.7650,.0117,.1638,.0196
12328,.4438,.0905,.3474,.0268
12329,.2324,.0957,.5174,.0292
12330,.5410,.0379,.3485,.0052
12331,.7369,.0170,.2043,.0101
12332,.4206,.2047,.2693,.0219
12333,.1761,.3051,.3719,.0133
12334,.7038,.0212,.2187,.0109
12335,.6153,.1252,.1766,.0192
12336,.7333,.0255,.1927,.0008
12337,.5804,.1215,.2415,.0000
12338,.7185,.0380,.2179,.0000
12339,.7046,.0599,.1799,.0071
12340,.6922,.0265,.2299,.0039
12341,.6931,.0776,.1782,.0000
12342,.5766,.0581,.3009,.0069
12343,.5786,.0615,.2650,.0313
12344,.4892,.0555,.3626,.0172
12345,.4695,.0669,.3511,.0131
12346,.6038,.0257,.3144,.0000
12347,.5702,.0356,.3350,.0033
12348,.4561,.1189,.3508,.0210
12349,.5673,.0671,.3046,.0138
12350,.5864,.0414,.2741,.0296
12351,.5960,.0581,.2644,.0170
12352,.7475,.0117,.2096,.0015
12353,.6551,.0450,.2498,.0000
12354,.7399,.0145,.2102,.0000
12355,.5464,.0667,.3067,.0000
12356,.4462,.1128,.3579,.0096
12357,.5047,.0542,.3711,.0033
12358,.3065,.1269,.4751,.0015
12359,.4331,.0935,.3937,.0086
12360,.5541,.1153,.2315,.0276
12361,.1632,.3126,.2081,.1230
12362,.0149,.4441,.1026,.1986
12363,.0023,.5781,.0338,.0361
12364,.0108,.2671,.0551,.1156
12365,.0000,.0155,.0052,.0169
12366,.0106,.1519,.1614,.0880
12367,.0815,.1618,.1391,.0942
12368,.0000,.0015,.0079,.0151
12369,.0000,.0000,.0000,.0000
12370,.3902,.0812,.4797,.0021
12371,.4791,.0156,.4652,.0045
12372,.3962,.0375,.5145,.0000
12373,.4751,.0660,.4067,.0014
12374,.4812,.0775,.3951,.0021
12375,.3617,.1043,.4458,.0305
12376,.3347,.1140,.4930,.0077
12377,.4328,.0589,.4638,.0000
12378,.3909,.0952,.4338,.0184
12379,.4235,.1047,.4236,.0036
12380,.3092,.1648,.4166,.0449
12381,.3016,.2125,.3751,.0432
12382,.2573,.1540,.5205,.0153
12383,.3179,.1314,.4674,.0143
12384,.3017,.0236,.6003,.0101
12385,.3136,.0355,.5391,.0490
12386,.3817,.0270,.5140,.0132
12387,.4192,.0251,.5074,.0013
12388,.5748,.0249,.3358,.0166
12389,.4658,.0254,.4381,.0064
12390,.5773,.0066,.3721,.0031
12391,.6186,.0075,.3364,.0008
12392,.4786,.0189,.4426,.0044
12393,.6752,.0124,.2643,.0100
12394,.6906,.0126,.2664,.0000
12395,.6989,.0010,.2661,.0118
12396,.6177,.0045,.3402,.0040
12397,.5978,.0058,.3412,.0194
12398,.4755,.0061,.4594,.0228
12399,.4819,.0196,.4356,.0106
12400,.1820,.2978,.3783,.0755
12401,.1256,.2915,.3656,.1348
12402,.1314,.2142,.4349,.1431
12403,.0971,.2433,.5198,.0509
12404,.1243,.1865,.5589,.0438
12405,.3486,.0527,.5413,.0014
12406,.3590,.0498,.5340,.0057
12407,.5804,.0051,.3703,.0000
12408,.5857,.0012,.3642,.0008
12409,.5174,.0269,.3930,.0075
12410,.5416,.0015,.3778,.0241
12411,.4779,.0032,.4646,.0056
12412,.2911,.2436,.3744,.0132
12413,.2151,.1524,.4510,.1017
12414,.0725,.3659,.3892,.0599
12415,.0376,.4113,.2866,.1250
12416,.0486,.3380,.3561,.1537
12417,.0790,.3141,.4088,.1110
12418,.0685,.3675,.4027,.0344
12419,.1738,.1862,.4786,.0482
12420,.2412,.1202,.4511,.0967
12421,.1224,.1053,.3962,.2506
12422,.2372,.0322,.6201,.0252
12423,.3967,.0122,.5337,.0120
12424,.4502,.0285,.4549,.0140
12425,.3773,.0386,.4514,.0718
12426,.3102,.0700,.4833,.0564
12427,.5705,.0084,.3888,.0010
12428,.4127,.0769,.2634,.0630
12429,.3832,.0192,.2285,.0514
12430,.6230,.0772,.2668,.0000
12431,.6792,.0366,.2513,.0000
12432,.6555,.1139,.1674,.0095
12433,.5356,.1337,.2438,.0214
12434,.4872,.0967,.3315,.0163
12435,.7861,.0002,.1792,.0000
12436,.6763,.0006,.2769,.0000
12437,.5581,.0431,.3286,.0200
12438,.6019,.0313,.3159,.0054
12439,.5909,.0159,.3187,.0378
12440,.4842,.0191,.4434,.0047
12441,.2628,.0801,.5547,.0157
12442,.3909,.0977,.4178,.0324
12443,.1491,.3339,.3625,.0582
12444,.0685,.4316,.2534,.1268
12445,.0237,.4138,.2152,.1032
12446,.1243,.0850,.4073,.1188
12447,.2762,.0389,.5174,.0459
12448,.3745,.0377,.4661,.0236
12449,.4894,.0679,.3715,.0042
12450,.2652,.1864,.3873,.0241
12451,.3417,.1936,.3543,.0135
12452,.3572,.2154,.3115,.0136
12453,.4719,.1214,.3074,.0040
12454,.3049,.1177,.3928,.0520
12455,.2384,.2414,.3723,.0410
12456,.3301,.2554,.2923,.0225
12457,.4408,.1639,.2910,.0174
12458,.5662,.1122,.1983,.0638
12459,.7155,.0149,.2198,.0131
12460,.7598,.0014,.1838,.0154
12461,.3907,.0742,.3521,.0414
12462,.4004,.0424,.4153,.0391
12463,.5943,.0134,.2830,.0529
12464,.6287,.0283,.2486,.0491
12465,.5403,.1163,.2677,.0106
12466,.3226,.1752,.3883,.0158
12467,.6152,.0403,.2845,.0054
12468,.7979,.0126,.1557,.0036
12469,.7326,.0184,.1883,.0071
12470,.5539,.0755,.2906,.0010
12471,.6480,.0285,.2897,.0000
12472,.7286,.0287,.2242,.0000
12473,.6021,.0849,.2764,.0000
12474,.6229,.0398,.2863,.0001
12475,.5861,.0685,.2676,.0198
12476,.5298,.1378,.2165,.0486
12477,.4511,.2097,.2573,.0162
12478,.4176,.1016,.3964,.0117
12479,.4943,.0965,.3297,.0000
12480,.5895,.0479,.3015,.0000
12481,.4895,.1156,.3287,.0053
12482,.6320,.1290,.1909,.0031
12483,.6750,.0262,.2547,.0008
12484,.4680,.0681,.4014,.0000
12485,.5210,.0699,.3475,.0002
12486,.7625,.0163,.1923,.0000
12487,.7179,.0116,.2350,.0000
12488,.4700,.1091,.3395,.0030
12489,.5872,.0370,.3301,.0000
12490,.5008,.0501,.3918,.0000
12491,.3429,.1520,.4304,.0000
12492,.4840,.0884,.3655,.0000
12493,.5457,.0880,.2593,.0268
12494,.2800,.2602,.2522,.0383
12495,.1868,.3305,.3212,.0113
12496,.0033,.2928,.0501,.0644
12497,.0000,.0127,.0174,.0181
12498,.0000,.0102,.0225,.0527
12499,.0230,.1529,.1207,.1168
12500,.0349,.0326,.0537,.0264
12501,.0000,.0101,.0069,.0248
12502,.0000,.0000,.0000,.0000
12503,.3408,.1113,.4930,.0047
12504,.3524,.0573,.5449,.0055
12505,.4528,.0215,.4935,.0022
12506,.3829,.0994,.4659,.0000
12507,.3706,.0844,.4598,.0032
12508,.4158,.0801,.4520,.0024
12509,.4165,.0308,.5012,.0037
12510,.4515,.0322,.4745,.0016
12511,.4356,.0926,.4244,.0000
12512,.4679,.0622,.4172,.0019
12513,.4046,.1013,.4161,.0197
12514,.2474,.1989,.4767,.0141
12515,.2150,.1614,.5536,.0054
12516,.2290,.1856,.5138,.0046
12517,.3443,.1666,.4341,.0040
12518,.2848,.0612,.5840,.0116
12519,.4313,.0205,.4894,.0016
12520,.4996,.0225,.4150,.0080
12521,.4900,.0170,.4389,.0057
12522,.3992,.0412,.4831,.0202
12523,.5349,.0254,.3872,.0000
12524,.5450,.0043,.4046,.0085
12525,.5426,.0104,.3992,.0000
12526,.6393,.0020,.3294,.0000
12527,.6410,.0044,.3161,.0033
12528,.5958,.0050,.3532,.0091
12529,.5917,.0048,.3732,.0018
12530,.6097,.0008,.3532,.0000
12531,.4163,.0943,.3845,.0506
12532,.3995,.0102,.5203,.0245
12533,.5165,.0654,.3521,.0169
12534,.1878,.2877,.3685,.0954
12535,.1249,.3388,.3809,.0779
12536,.0894,.3799,.3647,.0545
12537,.4311,.0824,.4334,.0135
12538,.1517,.2370,.5019,.0205
12539,.1700,.2321,.5070,.0061
12540,.5709,.0001,.3928,.0008
12541,.6085,.0013,.3467,.0000
12542,.4151,.1368,.3652,.0081
12543,.5294,.0298,.3699,.0165
12544,.5024,.0221,.4205,.0061
12545,.4152,.0676,.4526,.0134
12546,.5853,.0041,.3559,.0208
12547,.3455,.1425,.4118,.0246
12548,.2253,.2439,.4099,.0384
12549,.1749,.2777,.3657,.0888
12550,.0487,.3549,.3677,.1216
12551,.0454,.3598,.4246,.0401
12552,.1816,.2338,.4464,.0362
12553,.1952,.1728,.5005,.0369
12554,.0911,.2232,.4149,.1501
12555,.1065,.0757,.4965,.1829
12556,.2109,.0474,.6185,.0360
12557,.2590,.0658,.5872,.0255
12558,.2746,.0764,.5497,.0417
12559,.3202,.0758,.4705,.0446
12560,.2630,.0714,.5204,.0445
12561,.3680,.1221,.4296,.0114
12562,.3292,.1471,.3030,.0788
12563,.6033,.0557,.2747,.0029
12564,.6362,.1010,.2212,.0000
12565,.6646,.0292,.2612,.0029
12566,.5925,.0559,.2810,.0161
12567,.4780,.1221,.2408,.0886
12568,.6966,.0091,.2391,.0052
12569,.7339,.0014,.2030,.0102
12570,.7244,.0025,.2043,.0191
12571,.4078,.0970,.3939,.0323
12572,.3458,.0772,.4346,.0693
12573,.5724,.0613,.3096,.0099
12574,.3819,.0681,.4738,.0126
12575,.1508,.0888,.6377,.0327
12576,.2661,.1013,.5590,.0044
12577,.3541,.0646,.4563,.0517
12578,.2491,.2100,.3660,.0410
12579,.2404,.1721,.4247,.0361
12580,.2741,.0289,.4625,.0760
12581,.1752,.0856,.4867,.0962
12582,.2825,.1672,.4341,.0126
12583,.1211,.3104,.2843,.0959
12584,.1992,.1529,.4186,.0575
12585,.2323,.2496,.4075,.0157
12586,.3299,.1409,.3888,.0215
12587,.3449,.1303,.4025,.0209
12588,.4889,.0400,.3521,.0389
12589,.3768,.1963,.2859,.0372
12590,.1861,.3642,.2139,.0982
12591,.0522,.6471,.1387,.0249
12592,.3916,.1976,.2954,.0370
12593,.7679,.0046,.1902,.0025
12594,.6970,.0246,.2008,.0082
12595,.3812,.1453,.3553,.0352
12596,.6063,.0192,.2764,.0398
12597,.6320,.0245,.2848,.0139
12598,.4180,.1170,.3561,.0278
12599,.5463,.1127,.2264,.0289
12600,.6311,.0768,.2366,.0000
12601,.7788,.0102,.1869,.0000
12602,.7607,.0288,.1692,.0041
12603,.7206,.0039,.2203,.0056
12604,.5465,.0245,.3646,.0030
12605,.6220,.0517,.2925,.0000
12606,.5458,.1027,.2964,.0000
12607,.6397,.0733,.2489,.0014
12608,.5157,.0923,.3027,.0313
12609,.5969,.0755,.2593,.0137
12610,.4384,.2132,.2668,.0041
12611,.3420,.1730,.3511,.0266
12612,.4579,.1132,.3466,.0014
12613,.7453,.0215,.1948,.0000
12614,.5796,.0872,.2766,.0000
12615,.5726,.1507,.2073,.0169
12616,.6087,.1283,.2113,.0053
12617,.6018,.0626,.2777,.0000
12618,.4332,.1088,.3925,.0025
12619,.3330,.0822,.4864,.0052
12620,.5604,.0354,.3461,.0000
12621,.3971,.0405,.4726,.0063
12622,.3585,.1007,.4615,.0000
12623,.6375,.0018,.3265,.0000
12624,.6349,.0278,.3001,.0000
12625,.5545,.0662,.3305,.0000
12626,.4158,.1419,.3748,.0013
12627,.2563,.2566,.2649,.0441
12628,.0836,.4628,.2409,.0159
12629,.2391,.2493,.3139,.0368
12630,.2341,.1498,.2572,.0859
12631,.0038,.0056,.0060,.0123
12632,.0000,.0000,.0000,.0000
12633,.0000,.0000,.0000,.0000
12634,.0000,.0000,.0000,.0000
12635,.0000,.0000,.0000,.0000
12636,.3913,.0775,.4864,.0000
12637,.3894,.0444,.4949,.0157
12638,.4327,.0303,.4950,.0008
12639,.4236,.0578,.4660,.0015
12640,.3872,.1086,.4552,.0000
12641,.3196,.1875,.4335,.0027
12642,.4295,.0373,.4848,.0001
12643,.4930,.0281,.4383,.0007
12644,.4251,.1017,.4175,.0020
12645,.4185,.1370,.3980,.0016
12646,.4690,.0659,.4227,.0000
12647,.3719,.1049,.4787,.0000
12648,.4476,.0651,.4484,.0012
12649,.4279,.0630,.4676,.0000
12650,.5256,.0156,.4319,.0000
12651,.4141,.0590,.4621,.0140
12652,.5241,.0163,.4183,.0011
12653,.4586,.0131,.4779,.0029
12654,.5036,.0210,.4211,.0005
12655,.5443,.0090,.4089,.0058
12656,.4157,.0490,.4656,.0142
12657,.5239,.0075,.4293,.0000
12658,.4942,.0115,.4325,.0159
12659,.5593,.0142,.3952,.0000
12660,.6450,.0020,.3147,.0047
12661,.5715,.0011,.3965,.0034
12662,.4303,.0141,.4892,.0208
12663,.5275,.0039,.4183,.0086
12664,.4434,.0201,.4247,.0425
12665,.5158,.0282,.4140,.0088
12666,.4657,.1075,.3477,.0222
12667,.3885,.1407,.3814,.0367
12668,.2145,.2545,.3995,.0750
12669,.4232,.1467,.3694,.0083
12670,.1738,.3444,.3375,.0586
12671,.1634,.3582,.3810,.0047
12672,.0563,.4494,.3587,.0119
12673,.3481,.1252,.4750,.0047
12674,.3914,.1647,.3899,.0092
12675,.1803,.4283,.2991,.0121
12676,.4812,.1314,.3358,.0094
12677,.6116,.0673,.2700,.0075
12678,.6723,.0010,.3034,.0000
12679,.6677,.0000,.3002,.0000
12680,.6873,.0009,.2768,.0037
12681,.6501,.0055,.3020,.0010
12682,.5385,.0401,.3633,.0084
12683,.4669,.0789,.3733,.0216
12684,.1607,.2930,.3632,.0828
12685,.2386,.1419,.5071,.0348
12686,.4040,.0564,.4733,.0048
12687,.1633,.1474,.4461,.1340
12688,.1148,.0591,.5549,.1299
12689,.1323,.2670,.4954,.0178
12690,.2092,.1438,.5642,.0059
12691,.1955,.2031,.5057,.0354
12692,.3615,.0357,.5018,.0471
12693,.1996,.1739,.5584,.0095
12694,.5265,.0420,.3832,.0038
12695,.5312,.0583,.3410,.0143
12696,.4150,.1331,.3732,.0068
12697,.5795,.0758,.2808,.0065
12698,.7189,.0067,.2391,.0010
12699,.5890,.0453,.2981,.0228
12700,.5946,.0745,.2380,.0235
12701,.5714,.0346,.3017,.0339
12702,.6035,.0514,.2438,.0390
12703,.6723,.0331,.2348,.0069
12704,.5700,.0610,.3069,.0165
12705,.6052,.0535,.2551,.0352
12706,.4863,.0822,.3626,.0129
12707,.5075,.1004,.3325,.0000
12708,.3073,.1256,.4912,.0113
12709,.2673,.1329,.5232,.0091
12710,.3415,.0712,.5175,.0021
12711,.3011,.1333,.3798,.0884
12712,.3964,.0387,.4331,.0623
12713,.4960,.0309,.3973,.0196
12714,.2924,.1147,.4564,.0335
12715,.4622,.0466,.4218,.0118
12716,.3991,.0942,.3767,.0289
12717,.1364,.2665,.3096,.1079
12718,.1275,.2997,.2966,.1329
12719,.2301,.2605,.3362,.0561
12720,.2985,.1315,.4587,.0116
12721,.5228,.0509,.3258,.0319
12722,.5776,.1280,.2066,.0232
12723,.4604,.1355,.2965,.0259
12724,.1828,.5677,.1358,.0197
12725,.2850,.4310,.1784,.0310
12726,.5947,.0255,.2830,.0284
12727,.7805,.0007,.1947,.0034
12728,.6653,.0034,.2811,.0150
12729,.5711,.0341,.2975,.0433
12730,.6916,.0052,.2147,.0464
12731,.5646,.1108,.2330,.0369
12732,.7113,.0303,.1841,.0270
12733,.4433,.1336,.3431,.0069
12734,.7477,.0299,.1847,.0096
12735,.7061,.0646,.1744,.0206
12736,.7433,.0114,.1968,.0060
12737,.6560,.0191,.2866,.0000
12738,.4771,.0532,.3620,.0154
12739,.5695,.0338,.3369,.0016
12740,.7134,.0074,.2563,.0000
12741,.6771,.0785,.2031,.0000
12742,.6228,.0591,.2725,.0014
12743,.4288,.0934,.3811,.0188
12744,.4130,.1283,.3719,.0053
12745,.5369,.0935,.3005,.0041
12746,.5516,.0789,.2877,.0000
12747,.6538,.0862,.2120,.0000
12748,.5827,.1437,.2241,.0000
12749,.6927,.0138,.2470,.0025
12750,.6516,.0173,.2868,.0000
12751,.5670,.0421,.3410,.0000
12752,.3253,.0912,.5054,.0000
12753,.3961,.0510,.4730,.0079
12754,.4013,.0528,.4523,.0158
12755,.4498,.0166,.4540,.0094
12756,.3133,.0243,.5452,.0119
12757,.4462,.0341,.4538,.0000
12758,.5429,.0097,.3534,.0411
12759,.5027,.0346,.4117,.0061
12760,.4258,.0857,.4030,.0000
12761,.4425,.1528,.3249,.0044
12762,.4261,.1466,.3478,.0126
12763,.2158,.1680,.2689,.0871
12764,.0000,.0017,.0057,.0049
12765,.0000,.0000,.0000,.0000
12766,.0000,.0000,.0000,.0000
12767,.0000,.0000,.0000,.0000
12768,.0000,.0000,.0000,.0000
12769,.4109,.0634,.4004,.0741
12770,.3782,.0659,.4718,.0334
12771,.4613,.0807,.4070,.0029
12772,.4444,.0748,.4226,.0098
12773,.3881,.0927,.4693,.0000
12774,.4921,.0476,.4174,.0000
12775,.5431,.0281,.3892,.0011
12776,.5484,.0345,.3656,.0008
12777,.5086,.0335,.4151,.0000
12778,.4922,.0679,.3939,.0021
12779,.4973,.0332,.4280,.0023
12780,.4471,.0739,.4264,.0041
12781,.3971,.1466,.4078,.0042
12782,.5154,.0624,.3811,.0025
12783,.4582,.0890,.4122,.0022
12784,.5335,.0151,.4191,.0003
12785,.4797,.0183,.4480,.0106
12786,.4835,.0268,.4499,.0060
12787,.5022,.0531,.3876,.0066
12788,.5063,.0263,.4273,.0013
12789,.4273,.0289,.4858,.0085
12790,.5253,.0179,.4129,.0047
12791,.3481,.0077,.5667,.0101
12792,.5287,.0092,.4200,.0000
12793,.6193,.0012,.3394,.0093
12794,.6194,.0001,.3461,.0093
12795,.4938,.0039,.4453,.0139
12796,.4986,.0033,.4437,.0123
12797,.5036,.0079,.4309,.0070
12798,.5509,.0373,.3650,.0016
12799,.3756,.0894,.4396,.0423
12800,.3621,.0499,.4640,.0559
12801,.2418,.2409,.3312,.1091
12802,.5813,.0075,.3768,.0000
12803,.2770,.2897,.3340,.0127
12804,.2162,.2271,.4765,.0139
12805,.1249,.3633,.3729,.0067
12806,.0918,.4238,.4160,.0000
12807,.1354,.3797,.4263,.0000
12808,.0893,.3739,.4321,.0376
12809,.4891,.0970,.3754,.0043
12810,.6619,.0439,.2572,.0009
12811,.6827,.0005,.3020,.0000
12812,.6195,.0022,.3424,.0025
12813,.6724,.0000,.2659,.0251
12814,.6551,.0155,.2775,.0036
12815,.5953,.0280,.3240,.0077
12816,.3925,.1267,.3528,.0740
12817,.2539,.0857,.5728,.0174
12818,.3123,.0189,.5744,.0289
12819,.4600,.0279,.4391,.0182
12820,.1867,.1032,.5849,.0299
12821,.1604,.0673,.6290,.0295
12822,.2821,.0499,.5967,.0000
12823,.3755,.0266,.5497,.0000
12824,.3239,.0379,.5066,.0495
12825,.4128,.0131,.4885,.0386
12826,.3246,.1430,.4660,.0156
12827,.4243,.2455,.2897,.0066
12828,.5524,.0430,.3462,.0028
12829,.4837,.1258,.2815,.0487
12830,.5419,.1274,.2569,.0187
12831,.7336,.0518,.1700,.0002
12832,.7053,.0470,.2072,.0000
12833,.6344,.0654,.2299,.0093
12834,.5442,.0900,.2884,.0119
12835,.5671,.0216,.3447,.0038
12836,.5340,.0802,.3069,.0089
12837,.4654,.1180,.3249,.0308
12838,.4988,.1082,.3252,.0145
12839,.4906,.0602,.3805,.0089
12840,.3311,.1285,.4597,.0162
12841,.1922,.1856,.4941,.0568
12842,.3764,.1385,.4112,.0165
12843,.2919,.0997,.5050,.0221
12844,.2083,.1859,.4258,.0508
12845,.2690,.0443,.4664,.1123
12846,.4437,.0079,.4794,.0017
12847,.2807,.0589,.5361,.0250
12848,.2183,.0713,.5158,.0779
12849,.3734,.0797,.4567,.0107
12850,.3197,.1455,.4264,.0211
12851,.1671,.3039,.3186,.0652
12852,.1460,.2933,.2931,.1049
12853,.4694,.0528,.3745,.0194
12854,.6439,.0505,.2210,.0248
12855,.5955,.0992,.2282,.0246
12856,.6769,.0640,.1826,.0281
12857,.5919,.0583,.2075,.0717
12858,.6832,.0719,.1422,.0450
12859,.5133,.0493,.3420,.0155
12860,.7055,.0207,.2058,.0221
12861,.7221,.0001,.2519,.0043
12862,.6952,.0056,.2371,.0245
12863,.5376,.0586,.2429,.1038
12864,.6147,.0827,.2169,.0337
12865,.7280,.0273,.1745,.0274
12866,.6311,.0885,.1938,.0354
12867,.5312,.0636,.2482,.1070
12868,.4675,.0042,.3803,.1210
12869,.4492,.1098,.3410,.0378
12870,.6246,.0222,.2665,.0362
12871,.2384,.1125,.3847,.1224
12872,.4899,.0424,.3385,.0567
12873,.7307,.0119,.2325,.0000
12874,.7084,.0549,.1962,.0009
12875,.6574,.0385,.2461,.0044
12876,.3553,.1357,.3981,.0243
12877,.3810,.1138,.4182,.0012
12878,.4374,.0994,.3961,.0000
12879,.6667,.0422,.2417,.0000
12880,.6043,.0766,.2694,.0000
12881,.5245,.1272,.2949,.0000
12882,.5629,.0463,.3276,.0035
12883,.5583,.0305,.3549,.0000
12884,.6465,.0051,.3070,.0025
12885,.4512,.0650,.4272,.0000
12886,.3635,.0818,.4820,.0017
12887,.3342,.0784,.5024,.0018
12888,.5069,.0242,.4070,.0000
12889,.4310,.0319,.4753,.0000
12890,.4513,.0432,.4387,.0043
12891,.7177,.0062,.2299,.0001
12892,.3735,.1434,.3453,.0592
12893,.3631,.1587,.3513,.0254
12894,.1924,.1381,.4452,.0785
12895,.2968,.2679,.3404,.0101
12896,.0238,.3753,.1693,.1741
12897,.0020,.0163,.0243,.0674
12898,.0000,.0000,.0000,.0000
12899,.0000,.0000,.0000,.0000
12900,.0000,.0000,.0000,.0000
12901,.0000,.0000,.0000,.0000
12902,.4824,.0241,.4223,.0235
12903,.4030,.0494,.4878,.0029
12904,.3706,.1289,.4524,.0000
12905,.3825,.1792,.3864,.0001
12906,.4445,.1253,.3777,.0000
12907,.5105,.0750,.3531,.0061
12908,.5380,.0632,.3496,.0014
12909,.5542,.0079,.3972,.0000
12910,.5740,.0233,.3419,.0129
12911,.4991,.0384,.4040,.0130
12912,.5137,.0069,.4402,.0020
12913,.5646,.0193,.3586,.0089
12914,.5116,.1210,.3242,.0006
12915,.5526,.0751,.3377,.0000
12916,.5383,.0583,.3649,.0021
12917,.5227,.0397,.3820,.0045
12918,.4314,.0512,.4578,.0098
12919,.4610,.0481,.4241,.0169
12920,.4654,.0525,.4238,.0139
12921,.4547,.0444,.4476,.0000
12922,.5861,.0027,.3819,.0000
12923,.5812,.0034,.3780,.0070
12924,.3880,.0102,.5380,.0138
12925,.5947,.0005,.3826,.0000
12926,.6411,.0000,.3347,.0000
12927,.6687,.0009,.3084,.0000
12928,.5866,.0016,.3839,.0000
12929,.5072,.0089,.4440,.0009
12930,.5188,.0112,.3864,.0243
12931,.5259,.0047,.4119,.0040
12932,.4557,.0665,.4056,.0280
12933,.4134,.0364,.4615,.0272
12934,.3329,.2260,.3249,.0501
12935,.4429,.1043,.3715,.0271
12936,.1848,.3657,.3463,.0236
12937,.2390,.1793,.4584,.0518
12938,.0959,.3899,.4213,.0057
12939,.0545,.4314,.4226,.0041
12940,.0569,.3851,.4757,.0031
12941,.0531,.4408,.2866,.0937
12942,.1288,.3695,.4456,.0000
12943,.4667,.1464,.3425,.0029
12944,.6831,.0019,.2951,.0000
12945,.6040,.0022,.3456,.0047
12946,.5833,.0055,.3568,.0091
12947,.5825,.0178,.3456,.0100
12948,.5234,.0392,.3020,.0814
12949,.4667,.0008,.4675,.0146
12950,.3403,.0707,.5233,.0020
12951,.4880,.0196,.4466,.0016
12952,.2776,.0943,.4866,.0245
12953,.2139,.1075,.5756,.0109
12954,.1557,.0607,.6711,.0143
12955,.3450,.0841,.5104,.0030
12956,.4250,.0499,.4642,.0061
12957,.4206,.0378,.4973,.0003
12958,.3248,.0315,.5775,.0125
12959,.3917,.0645,.4245,.0753
12960,.4846,.1496,.3192,.0017
12961,.5471,.0745,.2963,.0180
12962,.4888,.1726,.2627,.0234
12963,.6654,.0420,.2319,.0165
12964,.6432,.0947,.2001,.0085
12965,.6942,.0896,.1679,.0086
12966,.6212,.1075,.2138,.0028
12967,.5627,.0762,.2986,.0000
12968,.6143,.0683,.2575,.0055
12969,.5256,.0808,.3170,.0147
12970,.4797,.1175,.3284,.0159
12971,.4497,.1208,.3701,.0034
12972,.4065,.0676,.4554,.0075
12973,.4552,.0524,.4242,.0209
12974,.3933,.0668,.4453,.0387
12975,.3104,.1363,.4902,.0016
12976,.4124,.0716,.4217,.0071
12977,.1028,.0349,.6068,.0718
12978,.2467,.0149,.5463,.0813
12979,.4486,.0142,.4747,.0024
12980,.2943,.0842,.4783,.0434
12981,.1660,.0644,.6049,.0209
12982,.1818,.1061,.4772,.0810
12983,.4434,.0810,.3911,.0113
12984,.3035,.1461,.4322,.0312
12985,.2349,.1885,.4321,.0403
12986,.2672,.0843,.4684,.0354
12987,.4064,.0604,.4258,.0107
12988,.5410,.0643,.3127,.0131
12989,.5992,.0433,.3002,.0029
12990,.6648,.0741,.1952,.0103
12991,.5611,.1152,.2373,.0171
12992,.2783,.1816,.4345,.0015
12993,.3465,.1405,.3956,.0124
12994,.5456,.0121,.3343,.0441
12995,.5839,.0379,.2805,.0503
12996,.6636,.0140,.2390,.0364
12997,.6502,.1144,.1689,.0196
12998,.7475,.0303,.1862,.0065
12999,.5902,.1093,.1894,.0550
13000,.7511,.0334,.1473,.0188
13001,.6889,.0145,.2035,.0476
13002,.7299,.0700,.1607,.0057
13003,.7099,.0093,.2472,.0002
13004,.5041,.0897,.3371,.0002
13005,.5658,.0486,.2946,.0212
13006,.6710,.0074,.2881,.0000
13007,.6358,.0076,.3131,.0000
13008,.6884,.0044,.2750,.0000
13009,.3946,.0993,.4234,.0016
13010,.4450,.1317,.3527,.0072
13011,.3212,.1514,.4503,.0027
13012,.6949,.0133,.2565,.0000
13013,.4503,.0833,.3850,.0059
13014,.4625,.1360,.3355,.0044
13015,.5174,.0546,.3647,.0000
13016,.4450,.0623,.4279,.0041
13017,.6402,.0073,.3080,.0000
13018,.5115,.0612,.3734,.0000
13019,.3552,.2035,.3750,.0021
13020,.3142,.0977,.5062,.0033
13021,.4102,.0418,.4799,.0000
13022,.4437,.0409,.4578,.0000
13023,.6644,.0328,.2639,.0030
13024,.7127,.0125,.2378,.0029
13025,.0838,.3355,.2358,.0826
13026,.0183,.1374,.3091,.2309
13027,.0283,.1239,.1588,.2367
13028,.1185,.1613,.3129,.1118
13029,.1749,.3683,.2714,.0312
13030,.0430,.1763,.2603,.1309
13031,.0000,.0000,.0003,.0000
13032,.0000,.0000,.0000,.0000
13033,.0000,.0000,.0064,.0342
13034,.0000,.0000,.0000,.0000
13035,.4679,.0481,.4005,.0310
13036,.3446,.0568,.5107,.0229
13037,.4169,.0538,.4790,.0043
13038,.4974,.0653,.3972,.0000
13039,.4745,.0873,.3881,.0000
13040,.5159,.1158,.3265,.0000
13041,.5096,.0771,.3572,.0112
13042,.5278,.0277,.3973,.0031
13043,.5643,.0638,.3180,.0075
13044,.5496,.0159,.3791,.0131
13045,.5187,.0277,.4150,.0028
13046,.4765,.0539,.3922,.0180
13047,.5316,.0496,.3579,.0176
13048,.6063,.0557,.3163,.0000
13049,.5968,.0448,.3282,.0000
13050,.4937,.1019,.3609,.0004
13051,.4877,.0390,.4118,.0082
13052,.4764,.0517,.4177,.0039
13053,.4669,.0587,.4266,.0000
13054,.5244,.0190,.4146,.0016
13055,.5349,.0112,.4153,.0000
13056,.6499,.0001,.3319,.0000
13057,.6358,.0055,.3326,.0000
13058,.6387,.0019,.3400,.0000
13059,.5954,.0162,.3622,.0019
13060,.5931,.0063,.3662,.0016
13061,.5514,.0079,.4138,.0000
13062,.4317,.0000,.4610,.0498
13063,.4800,.0064,.4662,.0029
13064,.5504,.0007,.3986,.0049
13065,.4199,.0817,.4248,.0127
13066,.5606,.0594,.3364,.0043
13067,.5785,.0500,.3034,.0251
13068,.3341,.2498,.3243,.0356
13069,.3280,.1738,.4273,.0136
13070,.2402,.3112,.3276,.0499
13071,.1023,.4333,.3596,.0191
13072,.0492,.5059,.3197,.0277
13073,.0275,.4644,.4064,.0099
13074,.0398,.4971,.2999,.0674
13075,.0010,.6845,.2083,.0309
13076,.1210,.4560,.3644,.0054
13077,.5091,.0329,.4000,.0172
13078,.3497,.1561,.4197,.0236
13079,.4386,.0622,.4022,.0424
13080,.4645,.0499,.4011,.0311
13081,.2355,.3100,.3487,.0428
13082,.1462,.3032,.4824,.0026
13083,.0869,.1290,.7202,.0000
13084,.3511,.0200,.5694,.0031
13085,.1243,.1720,.5887,.0064
13086,.1813,.1520,.5842,.0043
13087,.0892,.2365,.5462,.0284
13088,.3550,.1023,.4647,.0129
13089,.4394,.0857,.4195,.0019
13090,.3603,.1772,.4053,.0019
13091,.3729,.1270,.4398,.0033
13092,.3262,.1459,.4285,.0201
13093,.4789,.0483,.4085,.0048
13094,.5198,.0442,.3497,.0307
13095,.6114,.0875,.2484,.0150
13096,.6489,.0194,.2793,.0017
13097,.6891,.0271,.2483,.0000
13098,.6132,.1044,.2263,.0042
13099,.7165,.0570,.1841,.0000
13100,.5896,.0251,.3294,.0055
13101,.5753,.1155,.2386,.0039
13102,.4522,.2997,.1979,.0000
13103,.3547,.2584,.3246,.0055
13104,.4449,.1875,.2996,.0115
13105,.3920,.1098,.4094,.0155
13106,.3974,.1121,.4151,.0165
13107,.5029,.1395,.2903,.0185
13108,.5327,.0823,.3349,.0000
13109,.2640,.0927,.5590,.0016
13110,.2824,.0566,.4731,.0918
13111,.3848,.0253,.4173,.1077
13112,.5157,.0028,.4161,.0028
13113,.1922,.0642,.6100,.0171
13114,.1160,.1531,.4913,.0614
13115,.0855,.2344,.3989,.0979
13116,.2430,.1314,.4991,.0112
13117,.3754,.1350,.4036,.0019
13118,.2139,.2777,.4046,.0132
13119,.3093,.1611,.3832,.0390
13120,.3040,.0823,.4683,.0278
13121,.2550,.1612,.4045,.0413
13122,.2531,.2586,.3576,.0179
13123,.5042,.1150,.3019,.0090
13124,.5039,.1299,.2881,.0095
13125,.3520,.1940,.3710,.0000
13126,.2555,.1007,.4889,.0211
13127,.2133,.1384,.5359,.0069
13128,.3068,.1517,.3997,.0498
13129,.6453,.0453,.2389,.0183
13130,.5995,.1197,.2042,.0152
13131,.5988,.1335,.1765,.0164
13132,.7360,.0680,.1368,.0145
13133,.7124,.0439,.1758,.0161
13134,.6871,.0468,.1724,.0275
13135,.7399,.0137,.2059,.0026
13136,.6764,.0081,.2431,.0196
13137,.6711,.0260,.2470,.0021
13138,.5760,.0329,.3296,.0000
13139,.5678,.0124,.3409,.0018
13140,.6527,.0280,.2750,.0074
13141,.6337,.0034,.3262,.0000
13142,.6027,.0228,.3172,.0074
13143,.4328,.2503,.2500,.0013
13144,.5187,.0520,.3559,.0104
13145,.5916,.0683,.2933,.0000
13146,.5151,.0442,.3364,.0206
13147,.5250,.0897,.3227,.0076
13148,.7150,.0346,.2140,.0000
13149,.6254,.0618,.2635,.0024
13150,.6518,.0671,.2276,.0017
13151,.5231,.2302,.2066,.0000
13152,.3550,.2305,.3194,.0056
13153,.1740,.2666,.4532,.0018
13154,.4701,.0582,.4095,.0000
13155,.5488,.0420,.3629,.0000
13156,.6571,.0380,.2717,.0000
13157,.3678,.0850,.2979,.0916
13158,.0300,.0946,.3295,.1770
13159,.0014,.0093,.3942,.1659
13160,.4755,.0182,.3406,.0588
13161,.2695,.0611,.2922,.1168
13162,.0704,.2326,.2410,.0866
13163,.0041,.0208,.0442,.0821
13164,.0000,.0000,.0000,.0000
13165,.0000,.0000,.0000,.0000
13166,.0000,.0000,.0000,.0000
13167,.0000,.0000,.0000,.0000
13168,.5276,.0270,.4028,.0000
13169,.5060,.0065,.4518,.0066
13170,.5562,.0162,.3610,.0227
13171,.5736,.0349,.3511,.0042
13172,.5539,.0786,.3284,.0000
13173,.5823,.0612,.3180,.0017
13174,.4740,.1133,.3633,.0014
13175,.4737,.0548,.4239,.0087
13176,.4703,.0949,.2790,.0987
13177,.5119,.0548,.3674,.0101
13178,.4686,.0567,.4163,.0111
13179,.3697,.1948,.3473,.0311
13180,.2920,.2257,.4020,.0028
13181,.5687,.0430,.3648,.0000
13182,.5649,.0949,.2941,.0047
13183,.3313,.2245,.3870,.0065
13184,.4965,.0351,.4244,.0117
13185,.4893,.0274,.4309,.0060
13186,.5679,.0243,.3736,.0000
13187,.5921,.0444,.3272,.0000
13188,.6355,.0003,.3395,.0000
13189,.6933,.0000,.2851,.0000
13190,.7065,.0044,.2686,.0000
13191,.5853,.0259,.3421,.0169
13192,.5471,.0921,.3062,.0064
13193,.4524,.0512,.4555,.0072
13194,.5177,.0214,.4243,.0026
13195,.5364,.0034,.4018,.0143
13196,.5403,.0009,.4206,.0000
13197,.6085,.0018,.3539,.0034
13198,.3921,.0180,.4915,.0245
13199,.5916,.0069,.3651,.0000
13200,.6146,.0088,.3318,.0000
13201,.3505,.2365,.3470,.0097
13202,.2157,.3134,.3800,.0256
13203,.1504,.3589,.3939,.0065
13204,.0885,.4313,.3789,.0110
13205,.0389,.5151,.2735,.0736
13206,.0717,.4652,.3732,.0090
13207,.0046,.5458,.2762,.0783
13208,.0425,.6148,.2301,.0356
13209,.1210,.4059,.3859,.0212
13210,.2042,.2166,.5168,.0091
13211,.1399,.2137,.5765,.0079
13212,.0936,.3234,.5167,.0014
13213,.1081,.2862,.5333,.0049
13214,.1455,.1799,.5949,.0020
13215,.1302,.1260,.6415,.0027
13216,.1285,.2214,.5817,.0000
13217,.2444,.0811,.5998,.0069
13218,.2560,.0772,.5656,.0127
13219,.1499,.3032,.4466,.0001
13220,.0564,.3454,.4114,.0210
13221,.2267,.1475,.5267,.0193
13222,.3193,.0980,.4927,.0266
13223,.3403,.1279,.4749,.0000
13224,.3678,.1373,.4302,.0013
13225,.3085,.2570,.3305,.0020
13226,.4371,.0531,.4435,.0003
13227,.5801,.0187,.3535,.0006
13228,.6629,.0568,.2376,.0057
13229,.3947,.1154,.4130,.0057
13230,.7048,.0087,.2556,.0034
13231,.6088,.0704,.2673,.0066
13232,.6765,.0563,.2160,.0015
13233,.7424,.0151,.2024,.0009
13234,.6517,.0546,.2396,.0069
13235,.6887,.0848,.1831,.0028
13236,.5922,.1400,.2129,.0022
13237,.5024,.1493,.2957,.0013
13238,.4432,.1531,.3299,.0054
13239,.0790,.3600,.4033,.0387
13240,.3354,.3616,.2330,.0091
13241,.5708,.1561,.2352,.0039
13242,.6196,.0064,.3191,.0119
13243,.4053,.0175,.3158,.1919
13244,.5253,.0337,.3684,.0253
13245,.3084,.0534,.5567,.0019
13246,.2165,.0317,.6118,.0221
13247,.0623,.2605,.3787,.1246
13248,.0260,.5434,.2202,.0476
13249,.2630,.1202,.4303,.0694
13250,.3535,.1114,.4192,.0237
13251,.2435,.1166,.4588,.0501
13252,.3879,.0734,.4135,.0371
13253,.2157,.2033,.4294,.0351
13254,.1472,.2827,.3108,.0934
13255,.0523,.6006,.1997,.0170
13256,.2546,.2007,.4010,.0400
13257,.4643,.1155,.3254,.0179
13258,.4059,.0681,.4247,.0179
13259,.3272,.1511,.3858,.0220
13260,.5480,.0729,.3003,.0177
13261,.4744,.1205,.2605,.0779
13262,.5177,.1544,.1881,.0565
13263,.4617,.1406,.2909,.0240
13264,.6597,.0738,.1772,.0352
13265,.5868,.1934,.1494,.0214
13266,.5705,.1532,.2010,.0139
13267,.6862,.0900,.1725,.0039
13268,.7414,.0221,.1690,.0278
13269,.7316,.0055,.2051,.0140
13270,.6904,.0089,.2520,.0000
13271,.5457,.0191,.3601,.0096
13272,.6411,.0084,.2799,.0007
13273,.3670,.1368,.3131,.0454
13274,.5652,.2230,.1851,.0000
13275,.5943,.0767,.2748,.0000
13276,.5031,.0900,.3357,.0005
13277,.5926,.0326,.3186,.0000
13278,.6498,.0326,.2632,.0000
13279,.6147,.0374,.2911,.0000
13280,.3901,.0812,.4364,.0003
13281,.5640,.0621,.3105,.0000
13282,.5880,.0814,.2725,.0000
13283,.6635,.0515,.2301,.0049
13284,.7480,.0120,.2087,.0000
13285,.4517,.1305,.3446,.0000
13286,.3059,.2033,.3785,.0104
13287,.3551,.1070,.4230,.0122
13288,.2500,.0929,.5149,.0184
13289,.3387,.0807,.3874,.0701
13290,.2134,.1614,.4051,.0484
13291,.4880,.0525,.3599,.0032
13292,.3452,.0817,.3534,.0619
13293,.5426,.0930,.3014,.0034
13294,.4757,.1196,.2596,.0094
13295,.0809,.1914,.2180,.1303
13296,.0000,.0014,.0094,.0416
13297,.0000,.0000,.0000,.0000
13298,.0000,.0000,.0000,.0002
13299,.0000,.0105,.0001,.0235
13300,.0000,.0000,.0000,.0000
13301,.4695,.0814,.3856,.0002
13302,.5639,.0046,.3623,.0438
13303,.6024,.0097,.3546,.0020
13304,.5702,.0584,.3403,.0000
13305,.5226,.1096,.3176,.0000
13306,.6006,.0633,.2940,.0000
13307,.5571,.0811,.3164,.0022
13308,.4810,.0880,.3903,.0007
13309,.4557,.1100,.3624,.0168
13310,.4245,.0944,.3933,.0249
13311,.3706,.1096,.4348,.0195
13312,.5183,.1203,.2894,.0279
13313,.2225,.4339,.2665,.0056
13314,.4823,.1785,.2910,.0053
13315,.5551,.0896,.3113,.0037
13316,.4598,.1478,.3386,.0046
13317,.5453,.0351,.3788,.0017
13318,.5082,.0189,.4239,.0095
13319,.6043,.0276,.3437,.0000
13320,.6076,.0136,.3414,.0000
13321,.6136,.0294,.3183,.0000
13322,.6078,.0006,.3672,.0000
13323,.6667,.0008,.3104,.0000
13324,.6379,.0287,.3110,.0000
13325,.5892,.0295,.3493,.0000
13326,.3971,.1017,.4572,.0000
13327,.6153,.0064,.3531,.0000
13328,.4631,.0488,.4370,.0000
13329,.4779,.0040,.4218,.0340
13330,.3431,.0730,.4946,.0266
13331,.2651,.1021,.4761,.0530
13332,.4912,.0564,.3941,.0094
13333,.6119,.0426,.3033,.0018
13334,.4956,.0576,.3875,.0081
13335,.2131,.2824,.4310,.0172
13336,.1972,.2889,.4599,.0000
13337,.2816,.2090,.4491,.0077
13338,.0904,.4994,.3229,.0028
13339,.0972,.3274,.3107,.1038
13340,.0637,.3909,.2275,.1584
13341,.0530,.5235,.3091,.0411
13342,.1520,.3888,.3739,.0201
13343,.1665,.2915,.4639,.0147
13344,.1715,.3090,.3977,.0477
13345,.0675,.3083,.5346,.0175
13346,.1162,.2489,.5357,.0316
13347,.1268,.1516,.5852,.0533
13348,.1430,.0883,.6757,.0043
13349,.0423,.2069,.6551,.0167
13350,.1823,.1582,.5939,.0045
13351,.1683,.1361,.6155,.0060
13352,.2651,.1890,.4675,.0022
13353,.1340,.3294,.3664,.0147
13354,.1021,.3869,.3567,.0095
13355,.3265,.0742,.5331,.0042
13356,.4291,.0660,.4469,.0045
13357,.3903,.1253,.4214,.0010
13358,.3308,.1964,.3867,.0000
13359,.2403,.1519,.5014,.0014
13360,.3880,.0490,.4851,.0066
13361,.6041,.0876,.2484,.0243
13362,.3752,.2063,.3398,.0096
13363,.5246,.0808,.3434,.0050
13364,.4633,.1269,.3496,.0000
13365,.6971,.0197,.2379,.0042
13366,.7303,.0014,.2323,.0000
13367,.6776,.0029,.2728,.0054
13368,.6929,.0408,.2112,.0051
13369,.6540,.0862,.2297,.0001
13370,.6430,.1148,.2167,.0000
13371,.4608,.1964,.2837,.0097
13372,.3584,.1949,.3330,.0424
13373,.1679,.3593,.3886,.0000
13374,.3516,.2700,.2540,.0336
13375,.5763,.0162,.3040,.0398
13376,.6567,.0437,.2634,.0051
13377,.6663,.0002,.3002,.0000
13378,.4268,.0210,.4681,.0071
13379,.3728,.0133,.5268,.0020
13380,.2048,.2276,.4411,.0192
13381,.1417,.2994,.4292,.0239
13382,.1943,.1374,.4242,.0975
13383,.2988,.0522,.5222,.0366
13384,.3296,.0706,.4962,.0177
13385,.1920,.1634,.4891,.0177
13386,.3646,.2202,.2783,.0433
13387,.3205,.1890,.3447,.0568
13388,.1523,.3632,.3005,.0241
13389,.3710,.0943,.4175,.0305
13390,.4380,.1096,.3640,.0132
13391,.4690,.1448,.3144,.0036
13392,.2455,.2336,.3790,.0167
13393,.5713,.1176,.2413,.0069
13394,.6080,.1582,.1714,.0167
13395,.6230,.0561,.2199,.0383
13396,.5352,.0939,.2900,.0119
13397,.5870,.0943,.2156,.0394
13398,.5697,.1491,.2305,.0049
13399,.7434,.0851,.1353,.0155
13400,.5882,.1449,.2038,.0181
13401,.5349,.1461,.2457,.0032
13402,.4929,.1011,.3285,.0047
13403,.6991,.0385,.2103,.0086
13404,.6550,.1267,.1698,.0084
13405,.6596,.0885,.2013,.0000
13406,.6574,.0699,.2121,.0000
13407,.4913,.2382,.1957,.0064
13408,.5527,.1964,.2161,.0000
13409,.6526,.0457,.2683,.0000
13410,.6563,.0447,.2582,.0000
13411,.6952,.0043,.2659,.0000
13412,.6557,.0599,.2430,.0000
13413,.4154,.0641,.4291,.0192
13414,.6207,.0153,.2998,.0034
13415,.4619,.1300,.3125,.0054
13416,.5601,.0447,.3268,.0077
13417,.5489,.1090,.2897,.0000
13418,.6393,.1132,.2104,.0000
13419,.5776,.0985,.2663,.0057
13420,.2426,.1169,.5039,.0123
13421,.4389,.0763,.4121,.0022
13422,.3497,.1115,.4122,.0278
13423,.5512,.0518,.3514,.0000
13424,.6116,.0394,.2994,.0000
13425,.6479,.1011,.1880,.0000
13426,.5275,.0965,.2888,.0085
13427,.2788,.3039,.2554,.0288
13428,.1652,.2029,.3517,.0416
13429,.0003,.0187,.0089,.0249
13430,.0000,.0000,.0000,.0000
13431,.0000,.0001,.0000,.0015
13432,.0000,.0346,.0154,.0523
13433,.0000,.0000,.0005,.0013
13434,.4395,.0513,.4472,.0091
13435,.4971,.0458,.3979,.0247
13436,.5115,.0288,.4128,.0114
13437,.5886,.1024,.2648,.0024
13438,.5004,.1745,.2663,.0069
13439,.5766,.1118,.2620,.0026
13440,.5896,.0350,.3383,.0000
13441,.5516,.0347,.3711,.0033
13442,.5229,.0411,.3895,.0037
13443,.5078,.1026,.3268,.0105
13444,.4870,.0823,.3595,.0158
13445,.5827,.0439,.3177,.0126
13446,.4989,.1480,.3099,.0016
13447,.3948,.2334,.3258,.0032
13448,.6276,.0079,.3376,.0040
13449,.5903,.0297,.3509,.0000
13450,.4738,.0813,.3910,.0024
13451,.4126,.0921,.4212,.0138
13452,.5371,.0090,.4187,.0049
13453,.5884,.0195,.3534,.0018
13454,.5535,.0220,.3709,.0081
13455,.5107,.0375,.3948,.0037
13456,.5658,.0136,.3727,.0030
13457,.6745,.0112,.2833,.0014
13458,.5460,.0581,.3494,.0075
13459,.4847,.0436,.4141,.0109
13460,.5089,.0460,.4101,.0009
13461,.5968,.0031,.3754,.0000
13462,.5063,.0215,.4245,.0021
13463,.3075,.0532,.5331,.0357
13464,.2893,.1108,.4752,.0428
13465,.2017,.2527,.4116,.0365
13466,.4726,.0944,.3595,.0119
13467,.5784,.0318,.3471,.0000
13468,.4628,.0720,.4034,.0186
13469,.3522,.0956,.4740,.0281
13470,.5390,.0087,.3990,.0164
13471,.0978,.4428,.3633,.0140
13472,.0742,.4908,.3433,.0087
13473,.0833,.5358,.2911,.0150
13474,.0607,.5796,.2715,.0074
13475,.1295,.3853,.3297,.0527
13476,.1155,.4228,.3367,.0577
13477,.3975,.0576,.4921,.0168
13478,.0914,.3400,.4972,.0042
13479,.0229,.4349,.4396,.0106
13480,.0324,.2568,.5607,.0715
13481,.0913,.1453,.6264,.0587
13482,.0777,.1323,.6279,.0644
13483,.1455,.0988,.6790,.0062
13484,.1205,.3145,.4885,.0004
13485,.0699,.6842,.1610,.0143
13486,.1349,.5281,.2575,.0015
13487,.0888,.4304,.3569,.0082
13488,.3409,.1128,.4721,.0139
13489,.3995,.0688,.4765,.0022
13490,.3497,.1484,.4462,.0011
13491,.2555,.2181,.4428,.0000
13492,.0795,.5512,.2690,.0051
13493,.2866,.1559,.4622,.0088
13494,.4952,.0420,.4108,.0024
13495,.5885,.0550,.2715,.0338
13496,.6721,.0561,.2174,.0123
13497,.5219,.0931,.2968,.0190
13498,.3890,.3939,.1653,.0106
13499,.6744,.0557,.2285,.0051
13500,.7734,.0000,.2081,.0000
13501,.8036,.0034,.1637,.0015
13502,.7070,.0542,.2095,.0000
13503,.6212,.1191,.2227,.0000
13504,.5988,.1705,.2024,.0000
13505,.5463,.1019,.3161,.0011
13506,.2359,.3167,.3550,.0095
13507,.1044,.4393,.2559,.0553
13508,.3750,.1884,.3356,.0448
13509,.6139,.0246,.3207,.0048
13510,.7209,.0001,.2652,.0000
13511,.6320,.0296,.2837,.0108
13512,.4593,.0417,.4095,.0189
13513,.3986,.1303,.3433,.0457
13514,.2667,.1039,.4931,.0418
13515,.2709,.0815,.5222,.0140
13516,.2966,.0789,.5081,.0185
13517,.4995,.0363,.3751,.0250
13518,.1615,.1883,.3798,.1466
13519,.4611,.1224,.3043,.0482
13520,.6213,.1033,.2161,.0063
13521,.1894,.2765,.3241,.0674
13522,.2939,.1536,.3397,.1211
13523,.5328,.0759,.3062,.0229
13524,.4520,.1458,.3128,.0152
13525,.1657,.2258,.4632,.0146
13526,.2959,.1434,.4480,.0099
13527,.5227,.2234,.1951,.0107
13528,.5309,.2573,.1327,.0289
13529,.4805,.1475,.2769,.0288
13530,.6208,.1047,.2059,.0128
13531,.5573,.2683,.1270,.0102
13532,.5398,.2680,.1425,.0136
13533,.5729,.1677,.1985,.0098
13534,.6918,.0925,.1720,.0052
13535,.6646,.0124,.2703,.0110
13536,.7539,.0094,.2092,.0000
13537,.6729,.0937,.1845,.0059
13538,.7315,.0431,.1964,.0000
13539,.6736,.0320,.2582,.0000
13540,.4837,.1776,.2713,.0040
13541,.2736,.2567,.2444,.0287
13542,.4157,.1588,.3372,.0187
13543,.4643,.1457,.3412,.0000
13544,.6951,.0170,.2553,.0000
13545,.6312,.0618,.2628,.0032
13546,.4467,.1502,.3441,.0061
13547,.5588,.0474,.3157,.0171
13548,.5782,.0116,.3033,.0409
13549,.4871,.0152,.4076,.0204
13550,.6236,.0181,.3050,.0035
13551,.5166,.0278,.2901,.0978
13552,.5955,.0184,.2921,.0391
13553,.4824,.0595,.3822,.0058
13554,.4151,.0994,.4151,.0000
13555,.5423,.0421,.3361,.0096
13556,.5773,.0216,.3303,.0117
13557,.5980,.0804,.2691,.0000
13558,.6226,.0910,.2346,.0000
13559,.5012,.1246,.3015,.0072
13560,.4052,.1782,.3001,.0309
13561,.4418,.1307,.2840,.0282
13562,.1496,.1091,.1700,.0722
13563,.0572,.0313,.0678,.0487
13564,.0001,.0021,.0001,.0026
13565,.0000,.0006,.0017,.0139
13566,.0000,.0000,.0006,.0000
13567,.2854,.1046,.5118,.0274
13568,.4303,.0448,.4699,.0068
13569,.5436,.0014,.4071,.0064
13570,.5252,.0537,.3786,.0000
13571,.4872,.1049,.3549,.0000
13572,.5080,.0915,.3561,.0026
13573,.5710,.0614,.3250,.0038
13574,.5636,.0461,.3519,.0000
13575,.4745,.0963,.3678,.0006
13576,.6037,.0304,.3094,.0089
13577,.5539,.0152,.3641,.0096
13578,.4969,.0673,.3648,.0091
13579,.4960,.0505,.3904,.0098
13580,.4880,.0586,.4109,.0051
13581,.5716,.0378,.3548,.0000
13582,.6331,.0002,.3361,.0000
13583,.5715,.0143,.3696,.0007
13584,.3021,.2648,.3579,.0079
13585,.4200,.0966,.4197,.0097
13586,.5592,.0097,.3999,.0023
13587,.4546,.0402,.4165,.0359
13588,.4709,.0358,.4060,.0254
13589,.5593,.0336,.3388,.0090
13590,.5434,.0403,.3558,.0034
13591,.5336,.1063,.3250,.0000
13592,.6803,.0065,.3013,.0000
13593,.3429,.1851,.4104,.0137
13594,.4143,.0781,.4590,.0085
13595,.3673,.1358,.4584,.0001
13596,.1539,.1798,.5848,.0243
13597,.2086,.1948,.4677,.0622
13598,.2942,.1453,.4381,.0526
13599,.2809,.1792,.4450,.0218
13600,.6710,.0002,.3032,.0015
13601,.4168,.1615,.3581,.0102
13602,.5085,.0717,.3704,.0206
13603,.4111,.1223,.3926,.0124
13604,.1317,.5024,.2880,.0001
13605,.0980,.4472,.3845,.0095
13606,.1339,.5031,.2996,.0052
13607,.0571,.5794,.2619,.0243
13608,.0088,.5962,.1653,.1125
13609,.1260,.3845,.3741,.0483
13610,.3519,.1362,.4574,.0031
13611,.0562,.3882,.4845,.0023
13612,.0959,.2810,.5616,.0013
13613,.1038,.1163,.7135,.0076
13614,.0921,.1320,.6364,.0646
13615,.1797,.1985,.5091,.0373
13616,.1295,.2467,.5023,.0297
13617,.1864,.1624,.4617,.1017
13618,.3325,.1541,.4463,.0074
13619,.0983,.5494,.2730,.0014
13620,.0715,.5775,.2279,.0085
13621,.3476,.1244,.4667,.0054
13622,.3523,.1058,.4936,.0016
13623,.4023,.1072,.4400,.0077
13624,.3180,.1758,.4328,.0085
13625,.1630,.4879,.2227,.0329
13626,.0751,.2904,.5553,.0001
13627,.4023,.0082,.5206,.0027
13628,.3924,.1000,.4208,.0074
13629,.6894,.0343,.2459,.0011
13630,.6722,.0312,.2578,.0001
13631,.4776,.2224,.2242,.0192
13632,.4969,.2299,.2137,.0182
13633,.7381,.0000,.2308,.0041
13634,.7363,.0093,.2181,.0018
13635,.7684,.0205,.1891,.0020
13636,.6531,.0593,.2491,.0012
13637,.6204,.0921,.2452,.0057
13638,.6115,.1233,.2136,.0152
13639,.2911,.3210,.3038,.0162
13640,.1079,.3870,.3295,.0411
13641,.1434,.4063,.3705,.0042
13642,.3764,.1781,.3753,.0209
13643,.5640,.0887,.2815,.0263
13644,.5189,.1862,.2400,.0054
13645,.6380,.1044,.2018,.0096
13646,.5580,.0945,.2877,.0103
13647,.4592,.0764,.3549,.0464
13648,.5184,.0278,.3471,.0364
13649,.3723,.0824,.4412,.0143
13650,.5775,.0289,.2948,.0246
13651,.6647,.0182,.2351,.0221
13652,.4821,.0493,.3271,.0784
13653,.7313,.0238,.1973,.0106
13654,.3902,.2033,.2955,.0164
13655,.1516,.2702,.3251,.1311
13656,.6364,.0642,.2224,.0310
13657,.6043,.1727,.1788,.0018
13658,.3009,.1134,.4637,.0215
13659,.4704,.0323,.3924,.0279
13660,.7551,.0288,.1664,.0146
13661,.7010,.0954,.1539,.0086
13662,.6061,.1374,.1820,.0275
13663,.6685,.1198,.1315,.0321
13664,.6875,.1932,.0867,.0010
13665,.7381,.0853,.1265,.0073
13666,.7175,.1114,.1172,.0092
13667,.6650,.0773,.2222,.0043
13668,.7872,.0016,.1906,.0000
13669,.6255,.0694,.2476,.0075
13670,.7200,.0223,.2280,.0000
13671,.7207,.0363,.2064,.0000
13672,.7229,.0302,.2108,.0000
13673,.5405,.1252,.2656,.0025
13674,.5936,.0871,.2649,.0043
13675,.5882,.0612,.2837,.0011
13676,.5595,.1187,.2635,.0030
13677,.5775,.0856,.2894,.0000
13678,.5741,.0502,.3270,.0000
13679,.6070,.0509,.2943,.0029
13680,.6475,.0194,.2868,.0062
13681,.6232,.0051,.2254,.0877
13682,.5784,.0371,.2469,.0677
13683,.4018,.0652,.3804,.0668
13684,.5320,.0882,.2678,.0470
13685,.6077,.0701,.2704,.0048
13686,.5446,.1032,.2925,.0009
13687,.4893,.0605,.3794,.0061
13688,.4771,.0654,.3810,.0098
13689,.6672,.0001,.2869,.0000
13690,.6167,.0166,.3065,.0041
13691,.5485,.0618,.3003,.0206
13692,.2512,.1535,.4775,.0093
13693,.5993,.1002,.2361,.0099
13694,.3815,.2274,.2471,.0233
13695,.0008,.0265,.0197,.0388
13696,.2634,.0927,.2836,.0639
13697,.0872,.0869,.0991,.1443
13698,.0000,.0024,.0090,.0073
13699,.0000,.0000,.0000,.0000
13700,.2180,.1148,.5779,.0128
13701,.3605,.0381,.5545,.0000
13702,.4149,.0539,.4585,.0153
13703,.4646,.1118,.3565,.0066
13704,.4494,.1653,.3346,.0000
13705,.4838,.2057,.2653,.0008
13706,.6014,.0477,.3127,.0050
13707,.5517,.0963,.2937,.0043
13708,.5077,.0970,.3409,.0088
13709,.5464,.0611,.3448,.0000
13710,.5171,.0458,.3749,.0101
13711,.5352,.0369,.3850,.0012
13712,.4627,.0564,.3708,.0476
13713,.5069,.0145,.4372,.0034
13714,.6072,.0013,.3592,.0015
13715,.5806,.0264,.3541,.0041
13716,.5347,.0637,.3651,.0002
13717,.3989,.1059,.4341,.0095
13718,.3165,.1954,.4002,.0227
13719,.4599,.0388,.4560,.0037
13720,.4089,.0402,.4862,.0079
13721,.4780,.0358,.4118,.0186
13722,.5584,.0337,.3527,.0020
13723,.6622,.0146,.2893,.0023
13724,.5502,.0960,.3211,.0012
13725,.6372,.0603,.2717,.0043
13726,.4140,.2259,.2791,.0409
13727,.1587,.3432,.4357,.0130
13728,.1974,.2987,.4280,.0210
13729,.1306,.3523,.4510,.0126
13730,.1202,.3590,.4297,.0331
13731,.2303,.2521,.3856,.0688
13732,.2049,.3310,.3752,.0260
13733,.2123,.2692,.4466,.0107
13734,.1555,.2600,.5054,.0203
13735,.5850,.0112,.3578,.0188
13736,.3592,.1887,.3672,.0215
13737,.2459,.3072,.3835,.0095
13738,.1034,.4354,.3474,.0482
13739,.1138,.4399,.3518,.0248
13740,.0402,.6363,.2535,.0037
13741,.1061,.4103,.3517,.0675
13742,.4292,.1397,.3792,.0044
13743,.1581,.4828,.2975,.0031
13744,.0562,.5269,.3505,.0000
13745,.0906,.3784,.4700,.0000
13746,.1319,.1822,.6181,.0021
13747,.0962,.4281,.4129,.0008
13748,.1231,.3444,.4589,.0080
13749,.1449,.1935,.5733,.0202
13750,.1430,.2131,.4857,.0709
13751,.1073,.5270,.2841,.0071
13752,.1016,.5713,.2411,.0001
13753,.0632,.5838,.2647,.0027
13754,.1010,.4090,.3834,.0033
13755,.2056,.2130,.5089,.0000
13756,.3969,.0889,.4577,.0041
13757,.1512,.3460,.3993,.0102
13758,.5584,.0112,.3577,.0392
13759,.2196,.2476,.4331,.0150
13760,.1062,.1165,.6606,.0027
13761,.2270,.1090,.4981,.0456
13762,.6003,.0113,.3352,.0086
13763,.6170,.0000,.3460,.0056
13764,.5488,.0673,.3142,.0103
13765,.4257,.1002,.3907,.0226
13766,.5804,.0604,.2879,.0236
13767,.7192,.0023,.2441,.0017
13768,.5385,.1133,.2857,.0099
13769,.6823,.0292,.2451,.0063
13770,.6921,.0213,.2543,.0034
13771,.6701,.1046,.1946,.0061
13772,.4326,.2565,.2469,.0102
13773,.1727,.2644,.4541,.0097
13774,.0975,.2746,.4143,.0723
13775,.2821,.0989,.5260,.0123
13776,.3108,.2678,.3628,.0104
13777,.4389,.2322,.2546,.0260
13778,.6234,.1435,.1897,.0096
13779,.6817,.0618,.2260,.0026
13780,.7148,.0590,.1771,.0032
13781,.5691,.0343,.3299,.0031
13782,.6154,.0289,.3011,.0000
13783,.5158,.0478,.3623,.0118
13784,.6031,.0320,.2879,.0242
13785,.2991,.0968,.4789,.0340
13786,.3279,.0869,.5007,.0078
13787,.2545,.1821,.3784,.0652
13788,.1975,.2748,.3687,.0483
13789,.4858,.1253,.2726,.0445
13790,.7560,.0524,.1520,.0036
13791,.5307,.0277,.3552,.0055
13792,.5041,.0615,.3389,.0241
13793,.6594,.0289,.2535,.0120
13794,.5531,.0796,.2947,.0192
13795,.5593,.1654,.2159,.0012
13796,.7006,.0812,.1707,.0064
13797,.6949,.1179,.1374,.0042
13798,.6857,.1232,.1534,.0007
13799,.7834,.0195,.1588,.0001
13800,.8029,.0013,.1706,.0012
13801,.8373,.0000,.1495,.0000
13802,.7523,.0189,.1934,.0000
13803,.7555,.0151,.1942,.0015
13804,.7624,.0011,.2103,.0030
13805,.4604,.2564,.2134,.0093
13806,.5196,.1577,.2637,.0000
13807,.6246,.0956,.2314,.0000
13808,.7113,.0338,.2135,.0000
13809,.5616,.1238,.2226,.0200
13810,.5177,.1450,.2455,.0207
13811,.5936,.0740,.2792,.0056
13812,.4193,.0568,.3549,.0745
13813,.6021,.0296,.2507,.0501
13814,.6628,.0550,.2275,.0114
13815,.6083,.0929,.2371,.0054
13816,.4743,.1882,.2796,.0063
13817,.5292,.1608,.2536,.0014
13818,.5283,.1300,.2811,.0018
13819,.5834,.1119,.2413,.0000
13820,.5370,.0766,.3157,.0000
13821,.5055,.0469,.3705,.0048
13822,.5937,.0223,.3242,.0000
13823,.5560,.0351,.3403,.0025
13824,.5499,.0650,.3158,.0000
13825,.4058,.1043,.3891,.0031
13826,.3915,.0913,.3709,.0219
13827,.0888,.0674,.1690,.1271
13828,.1325,.0211,.1739,.0474
13829,.1541,.0205,.1457,.1446
13830,.0000,.0002,.0037,.0032
13831,.0000,.0000,.0000,.0000
13832,.0000,.0000,.0000,.0000
13833,.0926,.1883,.6138,.0085
13834,.2153,.0651,.6422,.0072
13835,.3606,.0842,.5172,.0000
13836,.3444,.0899,.4978,.0069
13837,.2696,.1566,.4866,.0060
13838,.3624,.1544,.4353,.0000
13839,.5034,.0566,.3861,.0138
13840,.5131,.0588,.3951,.0000
13841,.5410,.0388,.3810,.0000
13842,.6143,.0419,.3031,.0000
13843,.3777,.1600,.3806,.0254
13844,.4790,.1061,.3475,.0175
13845,.5340,.0589,.3449,.0242
13846,.5629,.0577,.3236,.0199
13847,.5322,.0419,.3785,.0048
13848,.4804,.0183,.4489,.0076
13849,.4922,.0366,.4120,.0138
13850,.3756,.0519,.4962,.0177
13851,.3913,.0363,.4952,.0223
13852,.4082,.0649,.4860,.0008
13853,.5161,.0374,.3827,.0167
13854,.4503,.0821,.3794,.0327
13855,.5542,.0390,.3584,.0053
13856,.6307,.0192,.3078,.0013
13857,.5980,.0661,.2979,.0054
13858,.4893,.1801,.2861,.0061
13859,.5808,.0793,.3092,.0022
13860,.3360,.2605,.3500,.0085
13861,.0918,.4239,.4048,.0120
13862,.0941,.3952,.4506,.0069
13863,.0339,.5538,.3591,.0024
13864,.1448,.3486,.4168,.0274
13865,.2333,.2388,.4583,.0087
13866,.2159,.2597,.4243,.0283
13867,.1606,.2996,.4525,.0278
13868,.3001,.1011,.4592,.0808
13869,.4673,.0899,.3933,.0037
13870,.1941,.3314,.3999,.0110
13871,.4809,.0615,.4130,.0054
13872,.2156,.3361,.3784,.0055
13873,.0415,.6458,.2124,.0174
13874,.0331,.6803,.2119,.0000
13875,.0967,.4982,.3394,.0029
13876,.0697,.5723,.2700,.0146
13877,.1662,.3317,.3873,.0178
13878,.1096,.4385,.3600,.0284
13879,.1464,.2760,.5043,.0109
13880,.0838,.4721,.3917,.0000
13881,.1556,.3872,.4060,.0015
13882,.2127,.1468,.5457,.0189
13883,.0383,.2942,.4452,.0713
13884,.0595,.4492,.3781,.0056
13885,.0492,.6533,.2146,.0040
13886,.0828,.6191,.2213,.0009
13887,.2127,.2079,.4805,.0078
13888,.3513,.1253,.4588,.0000
13889,.0643,.3370,.4414,.0140
13890,.2292,.1500,.5484,.0000
13891,.4468,.0630,.4380,.0106
13892,.4991,.0513,.3897,.0078
13893,.0585,.3767,.3963,.0276
13894,.1155,.3113,.4340,.0047
13895,.4039,.2148,.3208,.0070
13896,.7070,.0007,.2684,.0000
13897,.7003,.0243,.2404,.0000
13898,.4613,.1534,.3187,.0111
13899,.5097,.1384,.3029,.0063
13900,.6561,.0676,.2338,.0179
13901,.4824,.1825,.2286,.0301
13902,.4015,.2286,.2923,.0187
13903,.6161,.0644,.2726,.0150
13904,.6821,.0510,.2132,.0247
13905,.6801,.0088,.2691,.0109
13906,.1327,.4958,.3051,.0000
13907,.0599,.3653,.3772,.0586
13908,.0974,.3535,.3679,.0619
13909,.3463,.0648,.5029,.0068
13910,.2814,.3422,.2982,.0090
13911,.2884,.3191,.3050,.0286
13912,.7786,.0463,.1496,.0001
13913,.6632,.0788,.1874,.0100
13914,.6687,.0641,.2091,.0119
13915,.6351,.0367,.2647,.0037
13916,.5242,.0438,.3349,.0307
13917,.5824,.0273,.2835,.0611
13918,.2546,.1967,.3971,.0364
13919,.1759,.2170,.4318,.0624
13920,.1959,.1784,.4416,.0638
13921,.2424,.1944,.3707,.0472
13922,.4077,.2408,.2786,.0073
13923,.6553,.0383,.2531,.0055
13924,.2638,.0665,.5233,.0381
13925,.4849,.0570,.3968,.0034
13926,.6491,.0540,.2426,.0098
13927,.5961,.1772,.1748,.0037
13928,.6083,.1151,.2214,.0047
13929,.6155,.1499,.1862,.0004
13930,.7509,.0186,.1815,.0000
13931,.7024,.0151,.2295,.0031
13932,.7082,.0010,.2393,.0080
13933,.7513,.0138,.1826,.0093
13934,.7975,.0074,.1526,.0038
13935,.7615,.0089,.1807,.0115
13936,.6901,.0182,.2246,.0097
13937,.7144,.0262,.2260,.0000
13938,.6790,.0535,.2327,.0002
13939,.5776,.0799,.2900,.0000
13940,.6760,.0618,.2217,.0017
13941,.6028,.1123,.2298,.0000
13942,.5311,.1569,.2182,.0259
13943,.6695,.0557,.2137,.0135
13944,.3992,.1544,.2742,.0467
13945,.5344,.1018,.2382,.0445
13946,.5144,.1051,.3149,.0003
13947,.6060,.0691,.2742,.0034
13948,.6447,.0590,.2435,.0000
13949,.4746,.1966,.2729,.0000
13950,.3392,.1827,.3671,.0045
13951,.2944,.2163,.2113,.1100
13952,.4354,.2089,.2811,.0021
13953,.5442,.1311,.2493,.0070
13954,.4055,.2308,.2906,.0076
13955,.4472,.1531,.3331,.0035
13956,.4570,.1284,.3413,.0031
13957,.5865,.0561,.2890,.0072
13958,.3651,.1384,.4145,.0000
13959,.3402,.1591,.4280,.0000
13960,.4429,.0770,.3806,.0255
13961,.4256,.0630,.3927,.0369
13962,.0817,.0063,.0851,.0832
13963,.0632,.0262,.1209,.0484
13964,.0000,.0044,.0000,.0118
13965,.0000,.0252,.0000,.0448
13966,.0747,.2818,.5624,.0000
13967,.1470,.0906,.6704,.0013
13968,.4626,.0545,.4278,.0091
13969,.4049,.1165,.3845,.0445
13970,.2366,.1508,.5503,.0091
13971,.3197,.1530,.4738,.0000
13972,.4048,.0796,.4783,.0000
13973,.5375,.0326,.3960,.0031
13974,.5218,.0493,.3817,.0024
13975,.4422,.0857,.4243,.0000
13976,.4946,.0848,.3708,.0050
13977,.4634,.0849,.4024,.0027
13978,.4302,.1087,.4037,.0083
13979,.5582,.0302,.3846,.0000
13980,.4271,.0452,.4259,.0471
13981,.4378,.0158,.4897,.0063
13982,.4354,.0115,.4912,.0071
13983,.4269,.0410,.4550,.0263
13984,.2266,.1729,.5056,.0190
13985,.4684,.0294,.4636,.0014
13986,.5010,.0295,.4281,.0041
13987,.4655,.0584,.4120,.0070
13988,.4867,.0456,.4196,.0000
13989,.6104,.0222,.3375,.0008
13990,.4922,.0892,.3724,.0000
13991,.4507,.2342,.2524,.0085
13992,.4334,.2951,.2262,.0052
13993,.4562,.1830,.3168,.0030
13994,.0653,.4861,.4034,.0012
13995,.1051,.3624,.4678,.0108
13996,.0777,.3416,.5313,.0018
13997,.1050,.2794,.5398,.0139
13998,.1357,.2982,.4959,.0111
13999,.0813,.4236,.4237,.0007
14000,.1796,.3224,.3969,.0313
14001,.1723,.3477,.4031,.0049
14002,.1306,.3933,.4052,.0023
14003,.0963,.4574,.3429,.0254
14004,.5621,.0586,.3334,.0063
14005,.1796,.4200,.3279,.0071
14006,.0355,.6347,.2352,.0042
14007,.0268,.7590,.1334,.0025
14008,.0601,.5898,.2549,.0252
14009,.4319,.1643,.3523,.0088
14010,.4195,.0984,.4272,.0096
14011,.3292,.2118,.3919,.0127
14012,.1403,.5292,.2616,.0076
14013,.0385,.7729,.1301,.0000
14014,.0413,.5466,.2981,.0318
14015,.0405,.3656,.3450,.0682
14016,.0178,.3961,.2589,.0928
14017,.1133,.3755,.3847,.0096
14018,.0849,.6277,.1985,.0006
14019,.1549,.3286,.4176,.0107
14020,.2856,.2254,.3980,.0142
14021,.5550,.0517,.3418,.0137
14022,.1115,.2324,.5173,.0012
14023,.0798,.2190,.5597,.0290
14024,.2017,.1072,.5901,.0072
14025,.3759,.0989,.4045,.0469
14026,.2886,.2854,.3174,.0228
14027,.1382,.4051,.3239,.0088
14028,.4606,.1276,.3395,.0042
14029,.6952,.0261,.2400,.0000
14030,.7394,.0004,.2248,.0080
14031,.6361,.0064,.3113,.0135
14032,.5500,.1259,.2891,.0000
14033,.3796,.2362,.3381,.0003
14034,.6013,.0598,.2825,.0199
14035,.6123,.0331,.3183,.0037
14036,.6368,.0149,.3010,.0097
14037,.6490,.0652,.2231,.0187
14038,.4341,.0927,.3761,.0396
14039,.0995,.4142,.3834,.0218
14040,.1467,.2565,.4678,.0334
14041,.0689,.2638,.3710,.0714
14042,.0067,.5292,.2413,.0395
14043,.0442,.3668,.4189,.0281
14044,.1265,.3773,.3789,.0104
14045,.5455,.1389,.2420,.0199
14046,.7313,.0300,.1872,.0110
14047,.6120,.0765,.2468,.0058
14048,.5744,.0791,.2585,.0191
14049,.6330,.0437,.2467,.0289
14050,.6688,.0327,.2569,.0012
14051,.5427,.1040,.2880,.0147
14052,.5276,.0761,.3248,.0158
14053,.2128,.1113,.5265,.0502
14054,.3922,.1908,.2892,.0289
14055,.5598,.1711,.1987,.0130
14056,.2717,.0843,.4777,.0533
14057,.3840,.0624,.4462,.0181
14058,.3622,.0829,.4809,.0037
14059,.6785,.0501,.2249,.0071
14060,.6271,.1222,.1799,.0192
14061,.6167,.1598,.1643,.0071
14062,.6828,.0420,.2278,.0000
14063,.7819,.0030,.1820,.0058
14064,.5848,.1045,.2368,.0173
14065,.6357,.1182,.1761,.0270
14066,.7194,.0287,.1999,.0091
14067,.7683,.0019,.2026,.0015
14068,.8126,.0150,.1484,.0007
14069,.5279,.0824,.2716,.0201
14070,.7115,.0196,.2152,.0046
14071,.6947,.1130,.1659,.0000
14072,.5161,.1853,.2436,.0000
14073,.6981,.0721,.1944,.0000
14074,.6502,.0717,.2293,.0000
14075,.5079,.1835,.2308,.0133
14076,.6555,.1499,.1590,.0004
14077,.5491,.1282,.2172,.0159
14078,.6023,.1231,.2267,.0052
14079,.6043,.0667,.2720,.0000
14080,.5992,.0542,.2826,.0024
14081,.6296,.0390,.2763,.0041
14082,.5526,.1195,.2697,.0000
14083,.3843,.1752,.3615,.0021
14084,.2799,.2764,.3308,.0312
14085,.3636,.1866,.3742,.0081
14086,.4895,.1591,.2786,.0030
14087,.3277,.2065,.3338,.0030
14088,.4635,.1833,.2869,.0024
14089,.4259,.1878,.3176,.0000
14090,.4512,.1583,.3308,.0000
14091,.4341,.2164,.2859,.0036
14092,.2249,.1812,.2040,.0646
14093,.0917,.0346,.0969,.0924
14094,.1537,.0522,.1673,.0881
14095,.0080,.0196,.0334,.1000
14096,.1129,.0923,.2584,.0578
14097,.0549,.0485,.1586,.0226
14098,.0025,.0052,.0111,.0310
14099,.2329,.0592,.6227,.0087
14100,.1078,.2210,.5949,.0023
14101,.2572,.1041,.5721,.0038
14102,.3201,.1233,.5060,.0000
14103,.4351,.0624,.4583,.0000
14104,.4976,.0288,.4165,.0108
14105,.4032,.0702,.4637,.0074
14106,.4389,.0575,.4466,.0031
14107,.4507,.0350,.4576,.0076
14108,.5134,.0550,.3913,.0033
14109,.4485,.0526,.4488,.0020
14110,.4754,.0543,.4286,.0004
14111,.3897,.1865,.3663,.0022
14112,.4161,.1257,.4172,.0000
14113,.3471,.2089,.3893,.0086
14114,.2899,.1241,.4876,.0371
14115,.3769,.0245,.5285,.0176
14116,.4377,.0207,.4421,.0451
14117,.2449,.1256,.5643,.0067
14118,.4095,.0238,.5218,.0000
14119,.5256,.0298,.4036,.0037
14120,.4101,.0358,.4955,.0033
14121,.5102,.0562,.3864,.0020
14122,.6284,.0337,.3083,.0000
14123,.5513,.0968,.2977,.0020
14124,.4515,.1506,.3086,.0388
14125,.4887,.2025,.2559,.0192
14126,.2616,.4015,.2664,.0175
14127,.0474,.5609,.3204,.0077
14128,.0158,.6008,.3214,.0019
14129,.0919,.3832,.4469,.0195
14130,.0983,.2810,.5325,.0231
14131,.1174,.3034,.4960,.0141
14132,.1072,.3810,.4384,.0000
14133,.1480,.3185,.4574,.0130
14134,.1029,.4092,.3990,.0114
14135,.1194,.3771,.4009,.0175
14136,.0746,.5249,.3264,.0000
14137,.1256,.4431,.3557,.0002
14138,.1783,.3860,.3504,.0103
14139,.0668,.5775,.2452,.0214
14140,.0661,.5596,.2765,.0181
14141,.4189,.0845,.4360,.0177
14142,.3513,.1663,.4151,.0019
14143,.1907,.3973,.3338,.0187
14144,.3481,.1872,.3804,.0240
14145,.1092,.6372,.2028,.0035
14146,.0162,.8469,.0573,.0083
14147,.0388,.7333,.1535,.0066
14148,.0333,.5923,.2077,.0400
14149,.0828,.4055,.2303,.0895
14150,.0786,.5051,.2860,.0486
14151,.0714,.5663,.2773,.0152
14152,.2859,.0961,.5161,.0328
14153,.4367,.0369,.4694,.0018
14154,.4889,.0800,.3647,.0123
14155,.0638,.2792,.4898,.0223
14156,.0972,.1124,.6441,.0146
14157,.0919,.1846,.5973,.0108
14158,.4446,.0348,.4501,.0258
14159,.4158,.1160,.3730,.0234
14160,.3435,.2545,.3142,.0110
14161,.3245,.1965,.4060,.0051
14162,.3937,.1585,.3887,.0014
14163,.3474,.0488,.5265,.0154
14164,.5193,.0325,.4030,.0042
14165,.5890,.0391,.3221,.0104
14166,.2569,.1944,.4549,.0209
14167,.2623,.1707,.4678,.0222
14168,.5875,.0241,.3521,.0000
14169,.6470,.0199,.2949,.0000
14170,.4979,.0914,.3110,.0337
14171,.3198,.0752,.4920,.0321
14172,.0763,.5279,.2937,.0047
14173,.1477,.2315,.5109,.0151
14174,.1741,.1895,.4687,.0506
14175,.0376,.5500,.2083,.0378
14176,.0469,.5118,.3368,.0045
14177,.3922,.1542,.3660,.0075
14178,.4533,.2327,.2584,.0051
14179,.6638,.0735,.2012,.0134
14180,.4265,.1145,.3897,.0005
14181,.4840,.0992,.3505,.0060
14182,.4975,.1033,.3266,.0138
14183,.6748,.0348,.2402,.0090
14184,.6936,.0255,.2484,.0013
14185,.6826,.0527,.2234,.0051
14186,.3594,.1776,.3967,.0012
14187,.3896,.1392,.3577,.0325
14188,.7765,.0114,.1617,.0073
14189,.3278,.1027,.4076,.0531
14190,.2174,.2119,.3987,.0511
14191,.4019,.1030,.4324,.0000
14192,.5955,.0369,.3089,.0052
14193,.4585,.1988,.2711,.0105
14194,.5714,.1896,.1831,.0041
14195,.4150,.1926,.3126,.0018
14196,.6656,.0858,.1986,.0000
14197,.5981,.1780,.1526,.0049
14198,.5563,.2323,.1494,.0013
14199,.6402,.1606,.1490,.0055
14200,.7815,.0345,.1632,.0000
14201,.7075,.0379,.2108,.0004
14202,.7553,.0000,.2002,.0093
14203,.6680,.0350,.2451,.0012
14204,.6741,.0338,.2154,.0281
14205,.5523,.0860,.2837,.0183
14206,.4753,.1479,.2930,.0043
14207,.4562,.2614,.1873,.0168
14208,.5588,.1753,.2039,.0021
14209,.6407,.0710,.2406,.0000
14210,.6948,.0868,.1755,.0000
14211,.4755,.1586,.2763,.0069
14212,.5556,.1007,.2952,.0000
14213,.5533,.0993,.2768,.0000
14214,.6483,.0215,.2772,.0001
14215,.6609,.0874,.2222,.0002
14216,.4721,.1877,.2684,.0019
14217,.3080,.2196,.3822,.0013
14218,.4347,.1485,.3517,.0000
14219,.6093,.0853,.2497,.0014
14220,.4946,.0613,.3769,.0000
14221,.4549,.1090,.3725,.0013
14222,.5371,.1542,.2449,.0000
14223,.4999,.1062,.3227,.0030
14224,.4714,.1917,.2741,.0016
14225,.1709,.2858,.3001,.0741
14226,.0051,.0468,.0845,.1380
14227,.0412,.0126,.0634,.1445
14228,.0741,.0539,.1025,.0944
14229,.0698,.0849,.0909,.0992
14230,.2301,.0521,.3566,.0554
14231,.1423,.1379,.2158,.0563
14232,.3109,.0131,.6050,.0024
14233,.2401,.0215,.6538,.0000
14234,.2819,.0214,.6426,.0000
14235,.2368,.0979,.6134,.0000
14236,.4042,.0302,.5084,.0052
14237,.4688,.0323,.4456,.0009
14238,.3700,.1212,.4317,.0027
14239,.2774,.1737,.4756,.0070
14240,.3547,.1389,.4516,.0027
14241,.4444,.0994,.4125,.0007
14242,.5230,.0574,.3768,.0017
14243,.4730,.1000,.3734,.0085
14244,.4326,.1880,.3341,.0039
14245,.2383,.3121,.3991,.0000
14246,.3283,.2694,.3534,.0018
14247,.2510,.2135,.4723,.0000
14248,.3850,.0582,.4964,.0113
14249,.4146,.0227,.4885,.0199
14250,.3916,.0782,.4812,.0025
14251,.3541,.1136,.4806,.0050
14252,.4577,.0125,.4882,.0037
14253,.4420,.0216,.4712,.0122
14254,.4856,.0636,.4096,.0000
14255,.6625,.0333,.2751,.0006
14256,.6895,.0191,.2637,.0054
14257,.6522,.0278,.2652,.0100
14258,.5604,.0694,.3173,.0027
14259,.1904,.4326,.3014,.0242
14260,.0511,.4685,.4040,.0113
14261,.0184,.5341,.3920,.0000
14262,.0504,.5204,.3737,.0008
14263,.0662,.4251,.4306,.0225
14264,.0913,.3138,.5115,.0073
14265,.1178,.4026,.4022,.0038
14266,.0966,.4092,.4036,.0137
14267,.1777,.2649,.4096,.0604
14268,.0700,.3888,.4416,.0173
14269,.0404,.5677,.3061,.0208
14270,.0670,.5093,.3436,.0000
14271,.0543,.5104,.3332,.0044
14272,.2467,.2055,.4669,.0114
14273,.3332,.1241,.4829,.0005
14274,.2214,.3483,.3756,.0048
14275,.3859,.1559,.3935,.0095
14276,.5076,.0659,.3797,.0028
14277,.4162,.1908,.3440,.0010
14278,.1190,.4956,.3110,.0103
14279,.0398,.6882,.2100,.0021
14280,.1416,.4484,.3348,.0232
14281,.1547,.5057,.2841,.0000
14282,.1827,.3876,.3168,.0349
14283,.0276,.4509,.3144,.0974
14284,.0192,.5683,.2852,.0252
14285,.2544,.1863,.4811,.0097
14286,.3459,.0719,.5193,.0102
14287,.3669,.1431,.3847,.0395
14288,.1589,.1849,.5322,.0338
14289,.0823,.2985,.5098,.0016
14290,.0973,.2726,.4698,.0316
14291,.3729,.0444,.5131,.0095
14292,.6629,.0069,.3035,.0000
14293,.6805,.0190,.2633,.0029
14294,.5214,.1383,.2775,.0030
14295,.4626,.0748,.3964,.0038
14296,.3249,.0849,.5197,.0099
14297,.2316,.2392,.4441,.0051
14298,.1858,.3355,.3955,.0000
14299,.1857,.2931,.4249,.0080
14300,.1009,.4280,.3448,.0114
14301,.2677,.2043,.4393,.0139
14302,.5881,.0722,.2625,.0288
14303,.5427,.1395,.2548,.0164
14304,.1508,.3314,.4260,.0049
14305,.0682,.3599,.4198,.0151
14306,.0827,.3522,.4064,.0074
14307,.0703,.3843,.2742,.0918
14308,.0539,.4745,.2320,.0473
14309,.0887,.4955,.2786,.0172
14310,.4437,.1229,.3293,.0309
14311,.3731,.3072,.2448,.0087
14312,.5165,.1378,.2714,.0094
14313,.2739,.2118,.4306,.0086
14314,.3782,.1162,.4524,.0012
14315,.5628,.0555,.3103,.0160
14316,.5756,.0903,.2734,.0095
14317,.6664,.0378,.2332,.0129
14318,.6804,.0255,.2583,.0014
14319,.5802,.1462,.2092,.0138
14320,.6904,.0555,.1745,.0291
14321,.8137,.0056,.1494,.0000
14322,.5837,.0212,.3245,.0058
14323,.1955,.3509,.2965,.0219
14324,.4799,.1420,.2952,.0034
14325,.4873,.1450,.2966,.0011
14326,.6941,.0580,.2062,.0000
14327,.6809,.0905,.1842,.0008
14328,.6644,.0844,.2036,.0000
14329,.7437,.0041,.2097,.0000
14330,.6449,.1499,.1559,.0022
14331,.5673,.1609,.1987,.0010
14332,.4641,.2214,.2146,.0118
14333,.6810,.0821,.1789,.0119
14334,.7318,.0398,.1706,.0077
14335,.7528,.0234,.1923,.0011
14336,.7233,.0032,.2382,.0032
14337,.6874,.0177,.2631,.0000
14338,.5510,.0526,.3347,.0058
14339,.6864,.0212,.2597,.0000
14340,.5286,.0716,.3438,.0041
14341,.5624,.1341,.2559,.0000
14342,.5771,.0687,.3041,.0014
14343,.6986,.0529,.2059,.0000
14344,.5112,.2177,.1968,.0008
14345,.5165,.0652,.3569,.0000
14346,.6745,.0092,.2680,.0000
14347,.6038,.0199,.3225,.0001
14348,.6828,.0403,.2331,.0002
14349,.5837,.0897,.2646,.0123
14350,.4542,.1556,.3225,.0059
14351,.5591,.1203,.2624,.0000
14352,.5507,.1588,.2334,.0000
14353,.4638,.0342,.4358,.0000
14354,.5524,.0588,.3324,.0000
14355,.5548,.1850,.2130,.0011
14356,.5647,.1100,.2776,.0000
14357,.5083,.0983,.3267,.0000
14358,.2669,.1357,.2655,.1175
14359,.2085,.0545,.2277,.1883
14360,.1152,.0333,.0961,.1266
14361,.2917,.0753,.1907,.0954
14362,.1754,.1330,.1762,.0588
14363,.0162,.0577,.0679,.0621
14364,.2064,.1027,.1681,.0579
14365,.3429,.0874,.4906,.0020
14366,.1642,.1815,.5704,.0068
14367,.2270,.0580,.6578,.0000
14368,.2511,.0483,.6335,.0000
14369,.2359,.0822,.5992,.0126
14370,.2923,.0850,.5651,.0000
14371,.2259,.1345,.5829,.0000
14372,.2201,.0998,.5985,.0144
14373,.4078,.0218,.5218,.0000
14374,.4054,.0856,.4618,.0000
14375,.4486,.0525,.4569,.0000
14376,.4128,.0888,.4660,.0026
14377,.4749,.0898,.3953,.0039
14378,.4409,.1456,.3591,.0082
14379,.3861,.1892,.3797,.0001
14380,.3357,.1339,.4544,.0161
14381,.3631,.0898,.4248,.0598
14382,.3942,.0620,.4751,.0101
14383,.3506,.1157,.4587,.0132
14384,.4695,.0034,.4943,.0000
14385,.4093,.0269,.5219,.0000
14386,.3655,.0902,.4321,.0395
14387,.4575,.0935,.4034,.0000
14388,.4971,.0825,.3792,.0036
14389,.5924,.0449,.3301,.0000
14390,.5199,.0756,.3452,.0022
14391,.5543,.0515,.3353,.0014
14392,.4340,.1763,.3165,.0158
14393,.0434,.5512,.3422,.0097
14394,.0570,.4870,.3878,.0101
14395,.0931,.4562,.3754,.0198
14396,.1169,.3558,.4531,.0159
14397,.0586,.4611,.3471,.0232
14398,.0625,.5877,.2819,.0000
14399,.1201,.3096,.5086,.0067
14400,.1609,.3671,.3990,.0000
14401,.0741,.4756,.3731,.0060
14402,.0369,.5969,.2846,.0069
14403,.0961,.4060,.3895,.0226
14404,.0766,.5407,.2888,.0088
14405,.1152,.3971,.3777,.0195
14406,.1588,.4744,.2779,.0057
14407,.0618,.5480,.3128,.0038
14408,.3596,.2007,.3795,.0159
14409,.3492,.2836,.3059,.0114
14410,.1308,.4164,.3858,.0041
14411,.1652,.4488,.3191,.0032
14412,.1031,.6907,.1612,.0000
14413,.1324,.4130,.3849,.0085
14414,.3578,.1688,.4025,.0242
14415,.4598,.0916,.3844,.0232
14416,.1560,.2756,.4000,.0710
14417,.0575,.4187,.3233,.0751
14418,.1161,.4122,.3217,.0266
14419,.3257,.1491,.4189,.0347
14420,.2768,.1663,.4876,.0072
14421,.2013,.1632,.5656,.0069
14422,.0779,.4792,.3513,.0141
14423,.1340,.4607,.3483,.0000
14424,.2838,.1288,.4798,.0353
14425,.5722,.0604,.3211,.0038
14426,.6492,.0424,.2807,.0000
14427,.6155,.0401,.2955,.0083
14428,.6453,.0433,.2741,.0000
14429,.2406,.3352,.3139,.0112
14430,.4646,.1198,.3631,.0084
14431,.2889,.3096,.3223,.0097
14432,.1647,.3148,.4045,.0037
14433,.0997,.3336,.4512,.0000
14434,.1015,.3523,.4469,.0000
14435,.4329,.1870,.3238,.0092
14436,.6661,.0483,.2576,.0004
14437,.2324,.2907,.3944,.0176
14438,.2435,.2127,.4715,.0013
14439,.0676,.4137,.3928,.0084
14440,.0106,.6659,.1415,.0299
14441,.0452,.5624,.1314,.0684
14442,.3620,.2000,.3307,.0317
14443,.3837,.1690,.3756,.0088
14444,.6014,.0900,.2508,.0067
14445,.5504,.1371,.2445,.0147
14446,.5795,.0602,.3153,.0009
14447,.4697,.1031,.3721,.0100
14448,.1940,.3996,.2703,.0334
14449,.2443,.2923,.3758,.0173
14450,.4967,.0433,.3787,.0250
14451,.6768,.0164,.2528,.0085
14452,.7185,.0292,.1936,.0127
14453,.6037,.0501,.2571,.0184
14454,.7072,.0206,.2085,.0099
14455,.6716,.0063,.2665,.0047
14456,.3968,.0950,.3199,.0706
14457,.4136,.1630,.2853,.0333
14458,.4303,.1957,.2837,.0019
14459,.4100,.1859,.3301,.0017
14460,.6278,.0011,.3309,.0004
14461,.7175,.0144,.2335,.0000
14462,.7579,.0024,.2100,.0014
14463,.6639,.1309,.1721,.0007
14464,.6742,.0858,.1921,.0000
14465,.5088,.0912,.3119,.0066
14466,.5449,.1119,.2572,.0048
14467,.7254,.0069,.2084,.0118
14468,.6528,.0214,.2842,.0039
14469,.7365,.0184,.2123,.0000
14470,.5965,.1136,.2406,.0000
14471,.5201,.0812,.3310,.0058
14472,.5506,.0997,.2999,.0000
14473,.5581,.0699,.3283,.0000
14474,.5176,.0867,.3468,.0000
14475,.5216,.0890,.3330,.0000
14476,.5165,.1047,.3279,.0000
14477,.4858,.0497,.3630,.0256
14478,.3990,.1052,.4171,.0016
14479,.3985,.0587,.4576,.0000
14480,.5400,.0375,.3479,.0026
14481,.6606,.0325,.2672,.0000
14482,.6692,.0686,.2158,.0000
14483,.5273,.1007,.3011,.0066
14484,.5558,.0627,.3026,.0051
14485,.4325,.0516,.4070,.0024
14486,.5007,.0209,.4008,.0000
14487,.6265,.0162,.3114,.0000
14488,.5658,.0351,.3456,.0000
14489,.4005,.1818,.3481,.0000
14490,.3512,.1721,.4042,.0028
14491,.4901,.0888,.3570,.0034
14492,.2528,.1828,.2918,.0435
14493,.4222,.0992,.3435,.0250
14494,.3988,.0790,.2816,.1131
14495,.4744,.1347,.3220,.0031
14496,.1745,.1899,.2378,.0410
14497,.0075,.0139,.0166,.0319
14498,.5563,.0584,.3393,.0005
14499,.3341,.1275,.4870,.0000
14500,.4016,.1177,.4491,.0000
14501,.3561,.0971,.5013,.0010
14502,.4113,.0800,.4733,.0000
14503,.2974,.1142,.5362,.0065
14504,.3515,.0922,.5118,.0000
14505,.2006,.2550,.4636,.0118
14506,.0888,.2859,.4772,.0254
14507,.3654,.0561,.5238,.0151
14508,.4581,.0685,.4394,.0007
14509,.4288,.1443,.3716,.0135
14510,.4838,.1021,.3722,.0026
14511,.4777,.0770,.4056,.0000
14512,.3271,.1430,.4847,.0000
14513,.3212,.1499,.4675,.0108
14514,.3301,.2381,.3817,.0006
14515,.2377,.3363,.3099,.0452
14516,.1662,.4176,.3217,.0227
14517,.2490,.1759,.4148,.0826
14518,.4188,.0498,.4653,.0212
14519,.3808,.0752,.4545,.0387
14520,.3328,.1880,.4084,.0046
14521,.4955,.1019,.3485,.0046
14522,.5471,.0322,.3811,.0116
14523,.5768,.0921,.2711,.0165
14524,.5236,.1480,.2529,.0236
14525,.6532,.0145,.2704,.0201
14526,.3338,.2878,.2441,.0931
14527,.0889,.4985,.3630,.0097
14528,.1559,.3565,.3611,.0739
14529,.1218,.3064,.4340,.0736
14530,.0942,.3875,.4356,.0245
14531,.0813,.5364,.3176,.0161
14532,.0445,.5552,.3380,.0132
14533,.1675,.3955,.3767,.0066
14534,.0886,.4913,.3316,.0012
14535,.0460,.5394,.2434,.0404
14536,.0277,.6156,.2727,.0085
14537,.0630,.5639,.3000,.0055
14538,.0687,.5579,.2835,.0005
14539,.1529,.5033,.2641,.0007
14540,.0638,.5516,.2965,.0030
14541,.0411,.5620,.3353,.0000
14542,.1407,.4321,.3710,.0045
14543,.2042,.3303,.4097,.0000
14544,.2558,.3000,.3775,.0080
14545,.1490,.5857,.2105,.0021
14546,.1234,.4964,.2995,.0084
14547,.3807,.1093,.3973,.0421
14548,.5387,.0223,.3926,.0082
14549,.2014,.2962,.4175,.0084
14550,.2132,.3062,.3372,.0517
14551,.2318,.2252,.4513,.0225
14552,.3646,.1153,.4173,.0450
14553,.3251,.1416,.4636,.0153
14554,.1561,.3028,.4675,.0088
14555,.3221,.1500,.4608,.0068
14556,.0989,.4948,.3302,.0100
14557,.2544,.1776,.4927,.0073
14558,.4181,.0693,.4191,.0344
14559,.5673,.0714,.2977,.0231
14560,.5911,.0570,.3028,.0072
14561,.6066,.0981,.2493,.0002
14562,.3197,.2498,.3520,.0039
14563,.3388,.2395,.3584,.0019
14564,.6765,.0362,.2630,.0024
14565,.6422,.0757,.2404,.0090
14566,.3999,.2045,.3300,.0094
14567,.1392,.4085,.3582,.0087
14568,.0877,.4547,.3778,.0024
14569,.1152,.4958,.3206,.0025
14570,.3400,.1706,.4124,.0181
14571,.1695,.3023,.4139,.0354
14572,.0517,.4628,.3663,.0210
14573,.0531,.4720,.3095,.0143
14574,.0211,.5282,.1732,.0350
14575,.2159,.3587,.2482,.0692
14576,.5148,.1658,.2396,.0297
14577,.2888,.2575,.3644,.0337
14578,.3861,.2178,.3369,.0127
14579,.4637,.1730,.2958,.0229
14580,.4629,.1254,.3263,.0257
14581,.2264,.4251,.2492,.0143
14582,.3938,.1887,.3539,.0028
14583,.6142,.0674,.2722,.0033
14584,.6828,.0038,.2690,.0020
14585,.7639,.0114,.1971,.0000
14586,.6813,.0361,.2313,.0022
14587,.6344,.0323,.2766,.0070
14588,.5883,.0710,.2804,.0072
14589,.5149,.0562,.3303,.0206
14590,.3080,.1585,.2760,.1125
14591,.3154,.2860,.2668,.0269
14592,.5335,.0908,.2634,.0155
14593,.6050,.0065,.3238,.0077
14594,.5278,.0382,.3786,.0081
14595,.7455,.0002,.2301,.0000
14596,.7407,.0293,.1994,.0000
14597,.5768,.1109,.2609,.0000
14598,.4815,.1152,.3256,.0107
14599,.5405,.1106,.2654,.0211
14600,.6849,.0096,.2638,.0009
14601,.6758,.0096,.2706,.0000
14602,.6522,.0535,.2351,.0000
14603,.4977,.1167,.3163,.0000
14604,.7101,.0425,.2099,.0009
14605,.6225,.0398,.2894,.0000
14606,.6117,.0423,.3043,.0000
14607,.5486,.0340,.3730,.0000
14608,.4714,.0767,.3914,.0000
14609,.4808,.0539,.4074,.0000
14610,.3947,.0793,.3739,.0340
14611,.4752,.0510,.4027,.0013
14612,.5054,.0234,.4103,.0000
14613,.5636,.0185,.3652,.0000
14614,.6196,.0166,.3166,.0000
14615,.6748,.0086,.2504,.0000
14616,.6872,.0272,.2364,.0000
14617,.6524,.0129,.2873,.0024
14618,.3924,.0900,.4335,.0000
14619,.5974,.0099,.3307,.0000
14620,.5732,.0351,.3363,.0000
14621,.6356,.0508,.2705,.0000
14622,.4135,.1474,.3711,.0000
14623,.5014,.0932,.3469,.0000
14624,.4316,.1642,.3356,.0000
14625,.2377,.2386,.3431,.0296
14626,.4441,.1550,.3362,.0000
14627,.5258,.1011,.3089,.0025
14628,.5039,.1327,.3000,.0005
14629,.3056,.2394,.2820,.0251
14630,.1867,.0955,.1607,.0625
14631,.5041,.0274,.4254,.0025
14632,.5017,.0242,.4343,.0000
14633,.3721,.1156,.4703,.0000
14634,.4451,.0364,.4709,.0000
14635,.5965,.0062,.3557,.0030
14636,.4277,.0441,.4781,.0033
14637,.4092,.0891,.4570,.0000
14638,.2270,.1689,.5477,.0031
14639,.0802,.2798,.5128,.0063
14640,.1243,.2549,.4678,.0526
14641,.3242,.1197,.5058,.0000
14642,.4318,.0990,.4227,.0065
14643,.4165,.1436,.3838,.0093
14644,.4724,.0824,.4079,.0000
14645,.4080,.0737,.4757,.0037
14646,.5143,.0827,.3641,.0000
14647,.3762,.2503,.3199,.0083
14648,.3303,.2524,.3739,.0000
14649,.2165,.4251,.3042,.0000
14650,.1781,.4531,.2835,.0101
14651,.3124,.2443,.3849,.0013
14652,.4643,.0734,.4110,.0077
14653,.2603,.2059,.4293,.0232
14654,.3636,.1515,.4155,.0031
14655,.4975,.1081,.3415,.0024
14656,.6250,.0701,.2720,.0003
14657,.4918,.1420,.2935,.0153
14658,.5867,.0319,.3003,.0428
14659,.5780,.0358,.3296,.0074
14660,.3334,.2205,.3380,.0597
14661,.2429,.2383,.3643,.0959
14662,.2021,.2765,.3596,.0893
14663,.1500,.2266,.4483,.1052
14664,.1418,.3304,.4623,.0122
14665,.1122,.3921,.3874,.0541
14666,.0427,.6015,.3013,.0000
14667,.0646,.5564,.3146,.0000
14668,.0461,.3366,.2511,.1763
14669,.0582,.4625,.3215,.0521
14670,.0328,.5969,.2776,.0087
14671,.0347,.5123,.2844,.0298
14672,.0293,.6856,.1907,.0000
14673,.0768,.5240,.3196,.0053
14674,.0361,.6583,.2292,.0026
14675,.0467,.5557,.3352,.0008
14676,.4400,.1390,.3545,.0183
14677,.4688,.1196,.3483,.0133
14678,.2949,.2808,.2425,.1192
14679,.2493,.2915,.3700,.0178
14680,.4623,.1195,.3294,.0133
14681,.5095,.0298,.4129,.0000
14682,.3424,.1770,.3747,.0297
14683,.2582,.2898,.3377,.0242
14684,.1957,.2868,.3364,.0986
14685,.2959,.1466,.4920,.0100
14686,.4216,.0807,.4395,.0111
14687,.4799,.0361,.4352,.0056
14688,.3197,.1808,.4254,.0105
14689,.2147,.2673,.4539,.0000
14690,.1315,.3927,.3846,.0007
14691,.4254,.1029,.3971,.0179
14692,.5690,.0813,.2646,.0347
14693,.6230,.0722,.2443,.0111
14694,.6721,.0478,.2308,.0034
14695,.4053,.1667,.3627,.0090
14696,.3395,.2629,.3157,.0100
14697,.3817,.1878,.3593,.0016
14698,.6538,.0626,.2316,.0166
14699,.6593,.0270,.2802,.0021
14700,.5837,.0522,.3089,.0179
14701,.6428,.0440,.2885,.0004
14702,.2327,.3939,.3073,.0046
14703,.0818,.5244,.3205,.0004
14704,.0928,.3636,.4528,.0064
14705,.0796,.3374,.4341,.0295
14706,.0468,.4792,.3046,.0154
14707,.0396,.4515,.3447,.0027
14708,.0594,.3706,.3034,.0828
14709,.4521,.2560,.2107,.0311
14710,.2028,.3010,.3744,.0429
14711,.2526,.2932,.3231,.0554
14712,.5071,.0450,.3657,.0326
14713,.5135,.0315,.3814,.0226
14714,.4582,.1281,.3234,.0274
14715,.2273,.2427,.4372,.0111
14716,.5442,.0736,.3282,.0100
14717,.6260,.0224,.3026,.0115
14718,.7239,.0075,.2458,.0000
14719,.6005,.0538,.2901,.0005
14720,.7021,.0657,.2070,.0000
14721,.6939,.0089,.2424,.0156
14722,.5887,.0287,.3054,.0021
14723,.1812,.1558,.2661,.1859
14724,.1082,.4237,.2417,.0904
14725,.4543,.1130,.3351,.0079
14726,.5855,.0369,.3181,.0004
14727,.4442,.1007,.3881,.0040
14728,.5119,.0764,.3545,.0014
14729,.7006,.0027,.2549,.0017
14730,.6906,.0533,.2117,.0000
14731,.5942,.1364,.2087,.0032
14732,.3275,.2393,.3549,.0119
14733,.5567,.1608,.2334,.0050
14734,.7439,.0403,.1838,.0000
14735,.5409,.1966,.2011,.0074
14736,.4241,.2533,.2402,.0072
14737,.6541,.0843,.2225,.0000
14738,.6114,.0615,.2829,.0000
14739,.5296,.0626,.3585,.0018
14740,.5967,.0242,.3369,.0000
14741,.4506,.1087,.3744,.0015
14742,.4695,.0678,.3852,.0007
14743,.4132,.0880,.3999,.0131
14744,.4142,.0905,.4001,.0019
14745,.3143,.1753,.3923,.0045
14746,.5227,.0344,.3502,.0032
14747,.5017,.0584,.3674,.0036
14748,.5735,.0232,.3565,.0002
14749,.6051,.0423,.2996,.0000
14750,.4642,.1059,.3583,.0010
14751,.5242,.0209,.3855,.0000
14752,.6211,.0199,.3018,.0000
14753,.5124,.0648,.3574,.0000
14754,.5372,.1173,.2775,.0000
14755,.5814,.0961,.2511,.0000
14756,.4158,.1918,.3124,.0000
14757,.3262,.2434,.3316,.0103
14758,.3066,.2429,.3248,.0240
14759,.4421,.1841,.2949,.0082
14760,.5810,.0981,.2539,.0134
14761,.4511,.1481,.3249,.0139
14762,.5333,.1089,.3005,.0005
14763,.5072,.1088,.3080,.0072
14764,.5407,.0100,.4158,.0014
14765,.5649,.0107,.3787,.0028
14766,.3910,.0527,.5013,.0011
14767,.4095,.0668,.4696,.0020
14768,.4097,.1178,.4214,.0031
14769,.4360,.0978,.4166,.0035
14770,.3668,.0861,.5044,.0000
14771,.4619,.0388,.4535,.0112
14772,.2822,.1032,.5463,.0082
14773,.0745,.3614,.4385,.0172
14774,.0333,.4733,.3309,.0417
14775,.1727,.2268,.5095,.0161
14776,.3729,.0924,.4491,.0263
14777,.4753,.0437,.4248,.0123
14778,.4568,.0490,.4509,.0017
14779,.4863,.0855,.3731,.0198
14780,.3926,.2116,.3383,.0100
14781,.2749,.3053,.3726,.0000
14782,.2964,.2534,.4071,.0000
14783,.3335,.2270,.4051,.0000
14784,.2540,.2512,.4368,.0000
14785,.4706,.0869,.3988,.0027
14786,.4060,.2175,.3226,.0059
14787,.2114,.2252,.4599,.0135
14788,.4718,.1014,.3664,.0023
14789,.5701,.0767,.2915,.0051
14790,.4725,.1426,.2609,.0607
14791,.5072,.2064,.2063,.0246
14792,.5228,.1042,.2884,.0358
14793,.4879,.0997,.3419,.0207
14794,.5621,.0843,.2597,.0361
14795,.3857,.2508,.2586,.0386
14796,.2581,.1625,.4693,.0514
14797,.1768,.3086,.4326,.0260
14798,.1770,.3765,.3896,.0045
14799,.1077,.4674,.3572,.0128
14800,.1722,.4372,.3238,.0109
14801,.1111,.4271,.3541,.0176
14802,.0950,.4205,.3949,.0100
14803,.0499,.5274,.3575,.0000
14804,.1008,.4213,.3793,.0137
14805,.0636,.5549,.2530,.0078
14806,.0795,.5103,.3044,.0000
14807,.0222,.6998,.2068,.0013
14808,.0375,.6709,.2271,.0082
14809,.4614,.1170,.3420,.0251
14810,.5064,.0391,.3758,.0263
14811,.2683,.2633,.3841,.0212
14812,.4247,.1564,.3412,.0204
14813,.4142,.2597,.2612,.0051
14814,.4153,.1520,.3662,.0079
14815,.4689,.0393,.4272,.0071
14816,.3671,.1054,.4628,.0040
14817,.2533,.2577,.3306,.0830
14818,.2757,.2707,.3215,.0666
14819,.3644,.1451,.4237,.0165
14820,.4700,.0370,.4430,.0022
14821,.3868,.1357,.4097,.0064
14822,.1800,.2243,.5282,.0000
14823,.1238,.4204,.3666,.0036
14824,.2570,.2115,.4607,.0019
14825,.6021,.0438,.3057,.0078
14826,.6092,.0536,.3085,.0000
14827,.5743,.1015,.2790,.0046
14828,.4322,.1581,.3380,.0188
14829,.5267,.1265,.2981,.0069
14830,.4870,.1271,.3123,.0184
14831,.3929,.1755,.3232,.0456
14832,.4628,.1311,.3058,.0521
14833,.4599,.2030,.3023,.0049
14834,.6840,.0240,.2658,.0002
14835,.3266,.3850,.2298,.0030
14836,.0936,.4951,.3442,.0020
14837,.2598,.1339,.5073,.0226
14838,.1061,.3133,.4177,.0297
14839,.0308,.5707,.2225,.0213
14840,.0598,.1784,.5608,.0329
14841,.0504,.4251,.3317,.0528
14842,.5926,.0634,.2850,.0314
14843,.5311,.0981,.2965,.0275
14844,.0675,.5624,.2698,.0047
14845,.1020,.4320,.3167,.0261
14846,.1489,.2205,.4786,.0344
14847,.3324,.1182,.4251,.0350
14848,.4017,.1053,.4059,.0074
14849,.4014,.1095,.4164,.0062
14850,.3696,.1346,.4162,.0099
14851,.6567,.0216,.2675,.0065
14852,.5549,.1028,.2718,.0092
14853,.6569,.0672,.2314,.0007
14854,.5807,.0613,.3301,.0000
14855,.5774,.0213,.3448,.0038
14856,.3214,.0228,.4449,.0496
14857,.1249,.3385,.3439,.0288
14858,.5817,.0173,.3394,.0007
14859,.5482,.0580,.3294,.0027
14860,.3058,.2243,.3553,.0048
14861,.2043,.3777,.3203,.0154
14862,.4602,.1080,.3637,.0050
14863,.5635,.0739,.3018,.0060
14864,.6514,.0950,.2128,.0000
14865,.5482,.1560,.2364,.0104
14866,.6794,.0784,.2002,.0004
14867,.6647,.1439,.1528,.0050
14868,.5230,.2362,.1679,.0124
14869,.6341,.1663,.1553,.0001
14870,.6723,.1405,.1513,.0000
14871,.7473,.0120,.2164,.0000
14872,.7258,.0222,.2240,.0000
14873,.5198,.1032,.3183,.0000
14874,.4886,.0896,.3555,.0000
14875,.3890,.0996,.4060,.0058
14876,.4502,.0552,.4268,.0000
14877,.4374,.0778,.4182,.0000
14878,.5621,.0544,.3186,.0024
14879,.5150,.1132,.3010,.0000
14880,.4176,.1582,.3258,.0000
14881,.3561,.1672,.3976,.0024
14882,.4172,.0801,.4408,.0000
14883,.5744,.0255,.3419,.0000
14884,.4573,.0203,.4336,.0011
14885,.5787,.0441,.3198,.0000
14886,.5809,.1092,.2531,.0000
14887,.4303,.2327,.2453,.0045
14888,.5577,.0838,.2884,.0000
14889,.4665,.0999,.3608,.0060
14890,.3606,.1960,.3503,.0028
14891,.3117,.2476,.3097,.0080
14892,.5625,.1097,.2610,.0101
14893,.4505,.1673,.3070,.0000
14894,.4829,.1003,.3449,.0119
14895,.6367,.0271,.2827,.0000
14896,.5383,.0969,.3112,.0010
14897,.5569,.0421,.3515,.0080
14898,.5654,.0173,.3759,.0047
14899,.4542,.0491,.4370,.0008
14900,.4730,.0673,.3927,.0159
14901,.3569,.1473,.4462,.0037
14902,.4121,.1263,.4241,.0022
14903,.4695,.0253,.4749,.0008
14904,.3380,.0609,.5527,.0016
14905,.3790,.0897,.4903,.0000
14906,.1575,.1431,.6107,.0025
14907,.1409,.2170,.5502,.0158
14908,.0956,.2711,.5162,.0081
14909,.1119,.3119,.4670,.0342
14910,.2511,.2558,.4486,.0058
14911,.2689,.2381,.4263,.0214
14912,.4436,.1283,.3379,.0490
14913,.3236,.3019,.3301,.0000
14914,.2294,.4606,.2620,.0000
14915,.1992,.3595,.3542,.0103
14916,.2962,.2914,.3629,.0017
14917,.2387,.3159,.3664,.0128
14918,.4218,.1432,.3809,.0077
14919,.5839,.0133,.3718,.0000
14920,.4658,.0605,.4075,.0105
14921,.4767,.0186,.4053,.0428
14922,.4874,.0732,.3583,.0184
14923,.3508,.2526,.2832,.0571
14924,.3446,.3503,.2123,.0346
14925,.3870,.3149,.1870,.0461
14926,.5043,.1799,.1871,.0658
14927,.5100,.1062,.2078,.1137
14928,.4468,.1575,.2807,.0461
14929,.2801,.2678,.3558,.0422
14930,.4694,.1085,.3730,.0064
14931,.2143,.3580,.3630,.0128
14932,.2859,.1892,.4660,.0053
14933,.4761,.0387,.4364,.0017
14934,.4767,.1257,.3530,.0048
14935,.2421,.2214,.4532,.0192
14936,.3847,.1317,.4084,.0250
14937,.4641,.0664,.3830,.0353
14938,.2678,.2178,.4053,.0244
14939,.1459,.3748,.3571,.0192
14940,.0200,.6625,.2318,.0107
14941,.0440,.6801,.2120,.0028
14942,.1218,.4912,.2889,.0058
14943,.3932,.1855,.3656,.0020
14944,.3341,.1611,.3684,.0795
14945,.2920,.2761,.3528,.0178
14946,.3586,.2057,.3527,.0266
14947,.1783,.3726,.3643,.0325
14948,.4034,.0672,.4251,.0538
14949,.4353,.0445,.4479,.0183
14950,.2242,.2531,.3884,.0659
14951,.1670,.3802,.2732,.0927
14952,.1914,.3109,.3739,.0468
14953,.3571,.1051,.4780,.0132
14954,.5158,.0311,.4106,.0002
14955,.2396,.2019,.4871,.0117
14956,.2162,.2533,.4628,.0000
14957,.1904,.2764,.4578,.0000
14958,.4552,.0685,.4161,.0029
14959,.5961,.0317,.3287,.0004
14960,.5803,.0810,.2818,.0133
14961,.5733,.0993,.2725,.0130
14962,.6507,.0419,.2738,.0046
14963,.5643,.0501,.3341,.0081
14964,.5541,.0493,.3343,.0160
14965,.3982,.1491,.3331,.0650
14966,.3317,.2687,.3475,.0022
14967,.4136,.2061,.3373,.0013
14968,.2006,.4814,.2313,.0152
14969,.1485,.4858,.2614,.0200
14970,.1808,.3227,.4146,.0230
14971,.1060,.4255,.3525,.0190
14972,.0278,.6637,.1822,.0017
14973,.0550,.4230,.3639,.0211
14974,.1566,.2871,.3530,.0887
14975,.2971,.2588,.3427,.0544
14976,.4674,.1158,.3575,.0252
14977,.3529,.2304,.3356,.0325
14978,.1720,.4372,.3013,.0194
14979,.1505,.3123,.4010,.0347
14980,.3990,.1210,.3633,.0495
14981,.4665,.0435,.4127,.0176
14982,.1893,.2280,.4778,.0159
14983,.3215,.2370,.3826,.0003
14984,.6831,.0230,.2541,.0016
14985,.5691,.1041,.2726,.0000
14986,.5784,.0973,.2753,.0000
14987,.6256,.0615,.2677,.0058
14988,.6172,.0429,.2874,.0017
14989,.3458,.1878,.3075,.0469
14990,.1438,.3053,.3624,.0589
14991,.2958,.1220,.4721,.0121
14992,.5245,.0885,.2807,.0446
14993,.3417,.2383,.2869,.0292
14994,.3529,.2084,.3559,.0029
14995,.4647,.1158,.3617,.0000
14996,.5675,.1220,.2639,.0000
14997,.6640,.0792,.2114,.0041
14998,.5328,.1985,.2191,.0000
14999,.5736,.1566,.2048,.0113
15000,.3248,.3648,.1917,.0085
15001,.5043,.2845,.1396,.0114
15002,.5279,.2500,.1744,.0080
15003,.6269,.2463,.0889,.0004
15004,.6566,.1700,.1303,.0029
15005,.6645,.1243,.1770,.0000
15006,.5992,.1553,.1940,.0006
15007,.5015,.0914,.3229,.0107
15008,.6730,.0259,.2599,.0000
15009,.6885,.0218,.2531,.0000
15010,.5610,.0228,.3668,.0000
15011,.4824,.0352,.4283,.0000
15012,.6376,.0386,.2784,.0000
15013,.4610,.1356,.3132,.0063
15014,.4094,.1108,.4166,.0000
15015,.5289,.0251,.3968,.0000
15016,.5740,.0193,.3538,.0000
15017,.5658,.0504,.3132,.0000
15018,.5558,.0976,.2713,.0035
15019,.4272,.1096,.3666,.0074
15020,.4798,.1259,.3020,.0117
15021,.5000,.0976,.3180,.0000
15022,.4822,.1292,.3088,.0000
15023,.3320,.1567,.4178,.0000
15024,.3086,.1759,.4138,.0000
15025,.3784,.2354,.3176,.0000
15026,.4426,.1228,.3562,.0078
15027,.5251,.0548,.3518,.0000
15028,.5183,.0703,.3433,.0000
15029,.4634,.0929,.3826,.0000
15030,.2668,.1912,.4827,.0000
15031,.1543,.2227,.5546,.0000
15032,.2769,.1683,.4807,.0080
15033,.3978,.0444,.4927,.0130
15034,.3858,.0481,.5029,.0126
15035,.5359,.0276,.3997,.0024
15036,.4701,.1168,.3734,.0082
15037,.3769,.0706,.5075,.0000
15038,.2132,.0682,.6465,.0000
15039,.1452,.1245,.6478,.0098
15040,.1371,.1330,.6435,.0124
15041,.0751,.2140,.5266,.0886
15042,.1034,.2744,.5206,.0166
15043,.1916,.2332,.5232,.0000
15044,.3380,.2057,.4150,.0000
15045,.4084,.2384,.3108,.0029
15046,.6360,.0424,.2940,.0013
15047,.5480,.0606,.3414,.0120
15048,.2020,.3628,.3728,.0000
15049,.1953,.3962,.3494,.0011
15050,.3386,.2048,.4002,.0094
15051,.2859,.2587,.3340,.0259
15052,.5247,.0340,.4037,.0051
15053,.4848,.0915,.3841,.0000
15054,.4721,.0415,.3871,.0483
15055,.4905,.0361,.4052,.0163
15056,.5789,.0441,.3114,.0286
15057,.5081,.1899,.2131,.0327
15058,.3757,.3206,.1579,.0801
15059,.3639,.3525,.1085,.1020
15060,.4802,.1470,.2479,.0606
15061,.2843,.4570,.1828,.0307
15062,.4510,.1691,.3039,.0314
15063,.2764,.3619,.2979,.0080
15064,.1685,.3897,.3859,.0081
15065,.3202,.1872,.4169,.0265
15066,.3038,.1944,.4248,.0156
15067,.4422,.1318,.3844,.0017
15068,.3977,.1451,.4086,.0040
15069,.2938,.2050,.4212,.0226
15070,.5998,.0392,.3320,.0000
15071,.4645,.0530,.4323,.0019
15072,.2088,.2721,.4408,.0121
15073,.1116,.5008,.3257,.0079
15074,.1222,.5677,.2558,.0023
15075,.0866,.6637,.2025,.0000
15076,.2387,.3375,.3722,.0000
15077,.3727,.1415,.4243,.0050
15078,.3506,.2803,.2743,.0407
15079,.2921,.3824,.2213,.0585
15080,.2664,.3888,.2699,.0239
15081,.2536,.4062,.2651,.0258
15082,.4559,.0375,.4179,.0370
15083,.1702,.3370,.3960,.0347
15084,.2284,.2579,.4198,.0222
15085,.1386,.4020,.3267,.0492
15086,.2445,.1841,.4594,.0475
15087,.4384,.0283,.4518,.0343
15088,.1866,.2294,.5120,.0031
15089,.1353,.3617,.4308,.0086
15090,.1225,.3525,.4327,.0096
15091,.2808,.1299,.5185,.0052
15092,.5617,.0329,.3527,.0000
15093,.5838,.0278,.3312,.0038
15094,.5336,.0599,.3430,.0112
15095,.5152,.0871,.3245,.0296
15096,.4257,.1973,.3026,.0216
15097,.6193,.0311,.2910,.0233
15098,.4698,.1662,.3068,.0039
15099,.6397,.0318,.2935,.0000
15100,.6233,.0119,.3336,.0000
15101,.4243,.2511,.2614,.0194
15102,.3842,.2000,.3183,.0468
15103,.4054,.1841,.3547,.0000
15104,.1261,.3856,.4176,.0081
15105,.1555,.4752,.2603,.0249
15106,.1925,.3592,.3313,.0216
15107,.2024,.2918,.3314,.0644
15108,.2189,.3726,.3290,.0237
15109,.1865,.3818,.3337,.0218
15110,.5826,.0873,.2724,.0216
15111,.4528,.2312,.2664,.0118
15112,.4725,.1804,.2580,.0412
15113,.4765,.1361,.3254,.0075
15114,.5879,.0250,.3228,.0063
15115,.4905,.0773,.3298,.0242
15116,.5434,.0559,.3373,.0121
15117,.6608,.0085,.2941,.0000
15118,.6404,.0484,.2625,.0013
15119,.5103,.1044,.3216,.0048
15120,.6274,.0661,.2508,.0010
15121,.6513,.0553,.2389,.0061
15122,.6419,.0459,.2498,.0034
15123,.1898,.3453,.3304,.0129
15124,.2801,.1785,.4455,.0118
15125,.3323,.1024,.3493,.1117
15126,.3546,.1972,.2949,.0648
15127,.4261,.1315,.3721,.0000
15128,.4641,.1320,.3412,.0080
15129,.4862,.1534,.3011,.0056
15130,.5854,.1413,.2143,.0034
15131,.7472,.0244,.1899,.0000
15132,.6072,.1813,.1539,.0033
15133,.4586,.2914,.1731,.0082
15134,.5969,.1672,.1830,.0037
15135,.5687,.1990,.1788,.0021
15136,.5602,.2100,.1597,.0113
15137,.5134,.2529,.1678,.0037
15138,.5277,.2554,.1525,.0000
15139,.4433,.2432,.2290,.0024
15140,.3565,.2223,.2978,.0074
15141,.6067,.1044,.2442,.0000
15142,.4884,.1493,.2986,.0072
15143,.5952,.0899,.2752,.0001
15144,.4832,.0579,.3998,.0000
15145,.7166,.0167,.2281,.0000
15146,.5053,.0815,.3466,.0032
15147,.4317,.0632,.4318,.0000
15148,.4664,.0289,.4511,.0000
15149,.5617,.0228,.3677,.0000
15150,.5601,.1267,.2724,.0000
15151,.4981,.1389,.2936,.0019
15152,.5034,.0483,.3792,.0000
15153,.5439,.0483,.3433,.0000
15154,.6089,.0655,.2626,.0000
15155,.4550,.0836,.3733,.0000
15156,.4629,.0817,.3821,.0000
15157,.3625,.0578,.4980,.0000
15158,.3431,.1237,.4385,.0040
15159,.3999,.1995,.3082,.0047
15160,.4902,.1444,.2962,.0012
15161,.4949,.1151,.3269,.0000
15162,.4185,.1200,.3496,.0129
15163,.2337,.1978,.4805,.0185
15164,.1681,.2452,.4948,.0266
15165,.1218,.2573,.5205,.0193
15166,.2276,.2043,.5130,.0020
15167,.4373,.0646,.4313,.0124
15168,.5072,.0483,.4027,.0050
15169,.5824,.0376,.3456,.0000
15170,.3656,.0567,.5269,.0000
15171,.2199,.1001,.6185,.0020
15172,.2354,.0948,.6181,.0007
15173,.2561,.0873,.5875,.0125
15174,.1206,.1938,.5987,.0001
15175,.2819,.1102,.5383,.0082
15176,.4015,.0749,.4823,.0000
15177,.3920,.0811,.4782,.0000
15178,.5438,.0570,.3655,.0002
15179,.5286,.1105,.3334,.0000
15180,.6296,.0126,.3402,.0012
15181,.5789,.0255,.3689,.0000
15182,.4571,.1138,.3915,.0022
15183,.3783,.1850,.3854,.0038
15184,.1524,.2562,.3496,.0739
15185,.1237,.3647,.4220,.0041
15186,.4008,.0884,.4650,.0027
15187,.3478,.1824,.3833,.0293
15188,.5112,.0285,.4066,.0029
15189,.5972,.0212,.3343,.0078
15190,.4956,.1514,.2898,.0141
15191,.5328,.1155,.2509,.0478
15192,.5165,.1566,.2070,.0598
15193,.6148,.0932,.2277,.0196
15194,.3226,.3928,.2133,.0273
15195,.4087,.2442,.2865,.0118
15196,.4235,.1811,.3296,.0112
15197,.4328,.0270,.4947,.0034
15198,.2826,.2327,.4190,.0227
15199,.2075,.2128,.5230,.0087
15200,.2187,.3756,.3439,.0000
15201,.1694,.3656,.4165,.0000
15202,.1858,.3069,.4387,.0127
15203,.2175,.3205,.3622,.0389
15204,.1161,.4927,.3274,.0017
15205,.1646,.3808,.3877,.0118
15206,.1600,.4160,.3584,.0118
15207,.1087,.5583,.2835,.0011
15208,.1314,.5550,.2672,.0000
15209,.2879,.2439,.4065,.0099
15210,.3028,.2090,.4296,.0041
15211,.3959,.1342,.4094,.0164
15212,.2861,.3437,.2897,.0325
15213,.2315,.3039,.3856,.0171
15214,.1611,.5431,.2138,.0387
15215,.3285,.1324,.4754,.0151
15216,.2058,.2779,.3552,.1000
15217,.1346,.4174,.3708,.0096
15218,.2479,.2795,.3219,.0779
15219,.2512,.2907,.3784,.0086
15220,.2479,.1769,.4816,.0324
15221,.3165,.1713,.4331,.0196
15222,.2184,.2461,.4510,.0059
15223,.2812,.1521,.4652,.0072
15224,.2902,.2090,.4121,.0029
15225,.1665,.3128,.4318,.0000
15226,.2813,.2293,.3732,.0135
15227,.2676,.2169,.4060,.0166
15228,.4105,.2072,.3215,.0030
15229,.5058,.1295,.3125,.0020
15230,.5944,.1335,.2294,.0000
15231,.6247,.0339,.3021,.0000
15232,.5099,.0656,.3751,.0000
15233,.5723,.0724,.3207,.0000
15234,.5516,.1262,.2748,.0021
15235,.4339,.1898,.2970,.0241
15236,.5486,.0755,.2805,.0022
15237,.5178,.1010,.3294,.0089
15238,.5471,.1203,.2730,.0137
15239,.2054,.3209,.4104,.0065
15240,.2768,.2399,.3708,.0390
15241,.3100,.2204,.3582,.0449
15242,.2595,.3750,.2872,.0013
15243,.3329,.2772,.3203,.0196
15244,.5456,.1779,.2321,.0085
15245,.5552,.1682,.2286,.0160
15246,.2193,.3057,.3831,.0188
15247,.2575,.2013,.4438,.0095
15248,.4622,.0527,.4279,.0063
15249,.5936,.0835,.2829,.0000
15250,.4988,.0833,.3561,.0035
15251,.6509,.0273,.2788,.0000
15252,.4130,.1329,.3790,.0001
15253,.5578,.0775,.2993,.0054
15254,.6298,.0578,.2582,.0031
15255,.6593,.0544,.2530,.0000
15256,.3549,.3029,.1884,.0301
15257,.2702,.2722,.3101,.0458
15258,.5542,.0871,.2553,.0338
15259,.4347,.2058,.2650,.0253
15260,.7104,.0357,.2110,.0036
15261,.5703,.1206,.2640,.0018
15262,.4072,.2131,.3184,.0009
15263,.4525,.1344,.3392,.0043
15264,.5956,.0916,.2623,.0048
15265,.6156,.1551,.1630,.0038
15266,.7232,.0673,.1633,.0055
15267,.6521,.1655,.1404,.0000
15268,.6823,.1107,.1660,.0021
15269,.5238,.2634,.1632,.0011
15270,.6232,.1385,.1679,.0105
15271,.6724,.1165,.1662,.0040
15272,.4774,.2621,.1863,.0031
15273,.4857,.2039,.2348,.0092
15274,.6891,.0982,.1621,.0018
15275,.4855,.2321,.2027,.0089
15276,.6453,.1172,.1899,.0056
15277,.4877,.1339,.3112,.0064
15278,.5856,.1293,.2273,.0121
15279,.5153,.1138,.2982,.0151
15280,.4209,.3037,.2347,.0000
15281,.3153,.3569,.2655,.0000
15282,.5059,.0639,.3712,.0021
15283,.5302,.0702,.3515,.0000
15284,.6171,.0372,.3023,.0000
15285,.5471,.1014,.2971,.0000
15286,.4722,.1212,.3239,.0000
15287,.4363,.1165,.3637,.0053
15288,.3756,.1367,.3954,.0045
15289,.4830,.1137,.3364,.0000
15290,.5102,.1132,.3250,.0000
15291,.5000,.0448,.3740,.0026
15292,.4095,.0693,.4266,.0013
15293,.4396,.1487,.3450,.0000
15294,.5013,.0761,.3579,.0005
15295,.4818,.0557,.3678,.0190
15296,.2691,.1805,.4694,.0120
15297,.1281,.2871,.5064,.0000
15298,.0998,.3749,.4402,.0027
15299,.2109,.2218,.4979,.0117
15300,.3654,.1124,.4746,.0025
15301,.4153,.0716,.4616,.0027
15302,.4602,.0626,.4332,.0023
15303,.3743,.0541,.5160,.0004
15304,.2596,.0546,.6131,.0113
15305,.3367,.0213,.5647,.0195
15306,.1878,.0413,.6756,.0298
15307,.1070,.1059,.7039,.0086
15308,.1800,.1151,.6159,.0190
15309,.4187,.0499,.4936,.0068
15310,.5261,.0253,.4137,.0013
15311,.3754,.1204,.4660,.0032
15312,.3527,.2084,.3986,.0030
15313,.3644,.1575,.4309,.0034
15314,.3947,.1293,.4106,.0189
15315,.5291,.0259,.4254,.0002
15316,.4627,.1127,.3950,.0000
15317,.2356,.2895,.4302,.0000
15318,.2419,.3207,.3625,.0238
15319,.2988,.1999,.4384,.0087
15320,.4065,.1007,.4371,.0099
15321,.3023,.2057,.4090,.0196
15322,.5214,.0330,.3795,.0124
15323,.5717,.0886,.2882,.0032
15324,.5104,.1315,.2826,.0128
15325,.5442,.0891,.2665,.0394
15326,.6709,.0367,.2060,.0505
15327,.4119,.2796,.2356,.0271
15328,.2994,.3519,.2741,.0279
15329,.4830,.0460,.4209,.0020
15330,.1778,.3839,.3778,.0013
15331,.0904,.4509,.4058,.0000
15332,.0672,.4564,.4186,.0039
15333,.1189,.3093,.4049,.0742
15334,.1992,.2038,.5247,.0138
15335,.0890,.3596,.4175,.0521
15336,.1377,.4346,.3567,.0000
15337,.1109,.4945,.3306,.0000
15338,.1525,.3898,.3927,.0000
15339,.1173,.3892,.3657,.0092
15340,.1332,.4523,.3033,.0311
15341,.1734,.2694,.3388,.1618
15342,.3564,.1614,.4158,.0176
15343,.1154,.5189,.3032,.0013
15344,.1313,.5204,.2801,.0166
15345,.3736,.1431,.4244,.0126
15346,.2487,.3337,.3573,.0109
15347,.2451,.4272,.2488,.0250
15348,.2194,.3879,.3373,.0122
15349,.3059,.1798,.4324,.0284
15350,.1940,.2449,.4858,.0142
15351,.2174,.3225,.3248,.0335
15352,.1679,.3139,.4377,.0132
15353,.2511,.1954,.4711,.0233
15354,.2068,.2602,.4402,.0230
15355,.1824,.1943,.3589,.1007
15356,.1721,.2588,.4526,.0142
15357,.1718,.2823,.4696,.0000
15358,.1062,.2897,.4677,.0114
15359,.1148,.3249,.3706,.0073
15360,.2631,.1990,.3573,.0684
15361,.1905,.3257,.3755,.0152
15362,.2962,.2864,.3311,.0081
15363,.4685,.2113,.2666,.0003
15364,.4756,.1582,.3174,.0000
15365,.3635,.2042,.3725,.0072
15366,.3616,.1678,.3882,.0118
15367,.5167,.0870,.3514,.0013
15368,.4401,.1003,.3845,.0183
15369,.5102,.0990,.3089,.0260
15370,.3817,.1098,.4017,.0410
15371,.3309,.1999,.3933,.0069
15372,.2413,.3225,.3841,.0110
15373,.2814,.2396,.4026,.0242
15374,.2297,.2627,.3293,.0823
15375,.1334,.3951,.3019,.0652
15376,.4664,.1677,.3007,.0230
15377,.4092,.2709,.2519,.0196
15378,.3580,.3039,.2607,.0372
15379,.3840,.2154,.3380,.0095
15380,.1090,.4867,.2927,.0031
15381,.2071,.1881,.4916,.0000
15382,.5145,.0709,.3500,.0111
15383,.5639,.0671,.3172,.0004
15384,.5532,.0564,.3368,.0004
15385,.5331,.0640,.3372,.0048
15386,.4946,.0960,.3412,.0058
15387,.5406,.0484,.3581,.0000
15388,.6192,.0263,.3145,.0000
15389,.3208,.3203,.2367,.0136
15390,.3532,.2150,.2693,.0404
15391,.6711,.0255,.2635,.0000
15392,.6016,.0910,.2596,.0000
15393,.6015,.0899,.2560,.0075
15394,.6522,.0936,.2161,.0037
15395,.5199,.1757,.2486,.0057
15396,.4079,.2035,.3162,.0061
15397,.3244,.3036,.2719,.0043
15398,.5531,.1460,.2433,.0066
15399,.7441,.0295,.1948,.0000
15400,.6623,.1340,.1614,.0014
15401,.7035,.0715,.1849,.0065
15402,.6972,.0765,.1833,.0026
15403,.5367,.1817,.2129,.0084
15404,.4718,.1759,.2649,.0055
15405,.3578,.3083,.2418,.0014
15406,.4555,.2898,.1933,.0017
15407,.5562,.2473,.1519,.0025
15408,.7198,.0995,.1428,.0007
15409,.5167,.2991,.1465,.0000
15410,.6186,.1452,.1910,.0000
15411,.6901,.1076,.1692,.0000
15412,.4517,.2493,.2219,.0069
15413,.4689,.2291,.2417,.0033
15414,.5221,.1964,.2416,.0000
15415,.4973,.0960,.3419,.0000
15416,.6253,.0472,.2813,.0000
15417,.5560,.0732,.3253,.0000
15418,.5188,.0455,.3758,.0000
15419,.5391,.1002,.2959,.0000
15420,.4706,.1307,.3257,.0032
15421,.4442,.1784,.2926,.0063
15422,.4331,.2188,.2697,.0044
15423,.5075,.1002,.3220,.0007
15424,.5420,.0186,.3586,.0026
15425,.4355,.0825,.3922,.0000
15426,.4657,.0506,.4054,.0000
15427,.4736,.0615,.3886,.0024
15428,.4117,.0528,.4540,.0000
15429,.1088,.2892,.5291,.0043
15430,.1240,.2392,.5465,.0248
15431,.1200,.3328,.4689,.0007
15432,.1526,.2844,.4873,.0157
15433,.3707,.0929,.4439,.0505
15434,.5755,.0194,.3465,.0181
15435,.5453,.0281,.3805,.0031
15436,.6302,.0088,.3231,.0012
15437,.4790,.0357,.4132,.0134
15438,.2487,.1261,.5199,.0308
15439,.1920,.1542,.5875,.0051
15440,.0721,.2145,.6409,.0000
15441,.1084,.2785,.4533,.0643
15442,.1012,.2906,.5254,.0031
15443,.3758,.0880,.4870,.0166
15444,.3653,.1566,.4394,.0000
15445,.3435,.1293,.4703,.0218
15446,.1979,.2445,.4797,.0020
15447,.2651,.1870,.4463,.0262
15448,.4192,.0329,.4945,.0048
15449,.4123,.0832,.4630,.0010
15450,.3093,.1814,.4685,.0000
15451,.3230,.1691,.4534,.0077
15452,.2340,.2096,.4883,.0070
15453,.3816,.1075,.4510,.0167
15454,.2835,.1956,.3334,.1200
15455,.3405,.1357,.4612,.0023
15456,.4962,.0679,.3708,.0081
15457,.4680,.1198,.3057,.0459
15458,.4775,.1088,.3081,.0523
15459,.6652,.0353,.1966,.0673
15460,.6019,.1093,.1811,.0659
15461,.3615,.2544,.3167,.0194
15462,.4543,.0728,.3696,.0426
15463,.1985,.4229,.3107,.0058
15464,.0214,.5537,.2791,.0550
15465,.0920,.4396,.3727,.0289
15466,.2038,.2436,.4746,.0129
15467,.2575,.1840,.5058,.0000
15468,.1127,.3951,.4206,.0000
15469,.0585,.5109,.3583,.0000
15470,.0746,.5114,.3359,.0000
15471,.0780,.4143,.3995,.0038
15472,.0528,.3140,.2527,.1426
15473,.1263,.3992,.3461,.0432
15474,.0610,.3095,.3774,.1519
15475,.3701,.1477,.4240,.0018
15476,.1958,.3965,.3465,.0067
15477,.1103,.5059,.2747,.0378
15478,.0795,.5926,.2128,.0244
15479,.1365,.5561,.2396,.0369
15480,.1513,.5488,.2380,.0221
15481,.2532,.4107,.2773,.0160
15482,.0873,.4503,.3245,.0359
15483,.1771,.3334,.4216,.0166
15484,.1388,.3449,.3380,.0624
15485,.1992,.2543,.4816,.0006
15486,.2362,.1967,.4988,.0090
15487,.2634,.1832,.4783,.0007
15488,.2929,.1688,.4414,.0295
15489,.3342,.0976,.4843,.0092
15490,.1680,.3431,.3949,.0086
15491,.2837,.1977,.4503,.0002
15492,.2761,.2009,.4246,.0115
15493,.2581,.2085,.4437,.0124
15494,.3545,.0938,.4703,.0145
15495,.1992,.2508,.4697,.0009
15496,.2074,.3155,.3869,.0124
15497,.3389,.2044,.3841,.0116
15498,.2491,.2742,.3898,.0214
15499,.2929,.2921,.3442,.0173
15500,.5408,.0885,.3194,.0139
15501,.2970,.1027,.2615,.1139
15502,.3387,.0942,.3462,.1496
15503,.2767,.1884,.4192,.0638
15504,.3723,.1062,.3959,.0716
15505,.3541,.1438,.4186,.0431
15506,.3264,.2085,.3970,.0147
15507,.3950,.1866,.3207,.0544
15508,.1997,.3687,.2854,.0534
15509,.1215,.5156,.2505,.0116
15510,.2738,.3563,.3232,.0109
15511,.2075,.4971,.2372,.0136
15512,.3638,.1749,.3514,.0661
15513,.3664,.1463,.4151,.0159
15514,.1791,.2704,.4202,.0038
15515,.3944,.1348,.3812,.0171
15516,.4203,.1051,.3929,.0129
15517,.2933,.1827,.4530,.0009
15518,.3865,.0754,.4519,.0026
15519,.2662,.1485,.4900,.0118
15520,.4138,.1675,.3450,.0209
15521,.6545,.0357,.2520,.0023
15522,.2286,.3223,.2834,.0267
15523,.4333,.2165,.2742,.0048
15524,.6381,.0271,.2876,.0020
15525,.5908,.0252,.3470,.0000
15526,.6508,.0433,.2655,.0070
15527,.5988,.0277,.3318,.0000
15528,.6194,.1045,.2382,.0000
15529,.6593,.0700,.2269,.0026
15530,.3987,.2286,.2948,.0030
15531,.6653,.0638,.2312,.0035
15532,.8672,.0004,.1206,.0000
15533,.7904,.0121,.1646,.0000
15534,.6879,.0606,.2162,.0000
15535,.7116,.0704,.1699,.0034
15536,.4434,.2140,.2723,.0061
15537,.4167,.1818,.2932,.0004
15538,.6249,.0962,.2346,.0000
15539,.4666,.2691,.2083,.0033
15540,.5708,.2019,.1880,.0027
15541,.6328,.1164,.2072,.0000
15542,.6352,.1180,.1960,.0025
15543,.6110,.1350,.2043,.0070
15544,.6638,.1249,.1730,.0000
15545,.6266,.0955,.2151,.0034
15546,.4635,.2636,.1994,.0005
15547,.6467,.0856,.2290,.0000
15548,.5837,.0826,.2767,.0000
15549,.6574,.0397,.2684,.0000
15550,.6394,.0270,.2974,.0000
15551,.5285,.0299,.3830,.0000
15552,.6427,.0208,.2919,.0023
15553,.6427,.0305,.2772,.0059
15554,.5291,.1194,.2809,.0023
15555,.7094,.0302,.2084,.0000
15556,.5667,.0240,.3201,.0008
15557,.6713,.0142,.2464,.0000
15558,.6139,.0223,.3044,.0000
15559,.4936,.0134,.4135,.0021
15560,.6571,.0085,.2872,.0000
15561,.6109,.0160,.3092,.0000
15562,.0636,.3746,.4733,.0033
15563,.1244,.3088,.4564,.0344
15564,.0789,.3413,.4665,.0165
15565,.1362,.3104,.4906,.0028
15566,.2866,.1016,.5227,.0343
15567,.5218,.0476,.3679,.0086
15568,.6248,.0430,.2902,.0062
15569,.7233,.0122,.2448,.0012
15570,.6014,.0420,.3176,.0000
15571,.4074,.0611,.4827,.0006
15572,.2844,.0994,.5476,.0055
15573,.0359,.3777,.5068,.0000
15574,.0608,.3025,.5514,.0057
15575,.0834,.3277,.5127,.0000
15576,.1080,.3711,.4699,.0000
15577,.3665,.1389,.4521,.0015
15578,.4018,.1225,.4338,.0029
15579,.4564,.0729,.4310,.0000
15580,.2826,.2211,.4205,.0002
15581,.2135,.2119,.4693,.0079
15582,.3773,.0962,.4672,.0015
15583,.2213,.3229,.3853,.0047
15584,.3192,.1810,.4371,.0058
15585,.2892,.2342,.4150,.0034
15586,.4870,.0724,.3886,.0085
15587,.3053,.1404,.4196,.0607
15588,.3952,.0865,.4399,.0198
15589,.2910,.1132,.5255,.0062
15590,.1967,.3115,.4167,.0156
15591,.4571,.0787,.3797,.0325
15592,.6394,.0467,.2653,.0116
15593,.6190,.0890,.2032,.0441
15594,.6261,.0308,.2901,.0223
15595,.4927,.0904,.3187,.0418
15596,.1209,.4940,.2640,.0472
15597,.0642,.4667,.3790,.0211
15598,.0684,.4977,.3748,.0000
15599,.2400,.1610,.5373,.0029
15600,.1505,.2624,.5324,.0000
15601,.2027,.2669,.4462,.0241
15602,.1642,.3274,.4275,.0111
15603,.0649,.5449,.2902,.0000
15604,.0585,.4958,.3411,.0024
15605,.1195,.4337,.3488,.0133
15606,.1832,.2761,.4673,.0036
15607,.2230,.3020,.3937,.0219
15608,.2421,.2978,.3796,.0296
15609,.1956,.3527,.3608,.0467
15610,.2691,.2805,.3788,.0130
15611,.2044,.3819,.3584,.0063
15612,.1794,.5010,.2643,.0061
15613,.0639,.6734,.2189,.0128
15614,.0733,.7283,.1442,.0064
15615,.0002,.4660,.0661,.1350
15616,.0673,.3979,.3029,.0839
15617,.0392,.3613,.1769,.1342
15618,.1969,.2417,.3847,.0322
15619,.3310,.1118,.4620,.0364
15620,.2451,.1832,.4987,.0091
15621,.5158,.0590,.3728,.0071
15622,.5984,.0154,.3405,.0012
15623,.1815,.2883,.4134,.0112
15624,.2117,.2786,.4083,.0067
15625,.3674,.0955,.4670,.0117
15626,.2383,.1807,.4993,.0069
15627,.2553,.1140,.5317,.0198
15628,.2174,.1403,.5611,.0018
15629,.2793,.0961,.5459,.0072
15630,.2234,.2398,.4373,.0086
15631,.1116,.4345,.2080,.0308
15632,.1742,.3992,.3474,.0078
15633,.1499,.4129,.3256,.0179
15634,.1006,.2528,.4749,.0368
15635,.1829,.2913,.4398,.0151
15636,.2006,.2059,.4515,.0151
15637,.0113,.5622,.1782,.0170
15638,.0448,.6947,.1875,.0084
15639,.0763,.5324,.2993,.0060
15640,.1151,.4495,.3349,.0207
15641,.2344,.3272,.3200,.0593
15642,.0810,.4476,.2733,.0677
15643,.5028,.1538,.2738,.0406
15644,.4194,.2001,.3033,.0383
15645,.4010,.0822,.4334,.0321
15646,.3446,.0861,.4401,.0520
15647,.2930,.1236,.4714,.0485
15648,.3385,.1587,.4118,.0125
15649,.1531,.2822,.4341,.0000
15650,.0799,.4787,.3214,.0226
15651,.1676,.2011,.4957,.0156
15652,.1340,.2263,.5211,.0080
15653,.1264,.2652,.5079,.0118
15654,.2791,.3161,.2982,.0233
15655,.1810,.3442,.2961,.0246
15656,.2883,.2669,.3066,.0312
15657,.4207,.1815,.3199,.0059
15658,.5422,.0518,.3495,.0002
15659,.5928,.0026,.3725,.0000
15660,.4853,.0752,.3527,.0056
15661,.6526,.0401,.2708,.0067
15662,.7706,.0267,.1785,.0000
15663,.6838,.0666,.2038,.0001
15664,.5205,.1640,.2532,.0002
15665,.7165,.0864,.1637,.0000
15666,.8540,.0043,.1286,.0000
15667,.8156,.0253,.1416,.0000
15668,.7877,.0077,.1718,.0000
15669,.6634,.0830,.2036,.0000
15670,.2887,.2909,.2822,.0087
15671,.5468,.1153,.2726,.0024
15672,.5772,.1153,.2592,.0046
15673,.6735,.0797,.2078,.0067
15674,.4782,.3335,.1516,.0014
15675,.5720,.1934,.1790,.0013
15676,.6105,.1543,.1961,.0000
15677,.6285,.1109,.2188,.0001
15678,.5066,.2225,.2158,.0030
15679,.6379,.1242,.1921,.0050
15680,.5018,.1479,.2713,.0168
15681,.5728,.0996,.2787,.0031
15682,.5168,.0504,.3485,.0130
15683,.6477,.0032,.3109,.0048
15684,.5855,.0174,.3336,.0078
15685,.6231,.0100,.3140,.0028
15686,.6945,.0264,.2417,.0000
15687,.5887,.1225,.2420,.0000
15688,.7392,.0151,.1966,.0000
15689,.6073,.0291,.2869,.0000
15690,.4899,.0390,.3903,.0031
15691,.5116,.0506,.3605,.0093
15692,.6403,.0146,.2926,.0000
15693,.6354,.0326,.2782,.0000
15694,.6197,.0358,.2683,.0059
15695,.0538,.3405,.5206,.0083
15696,.0603,.3573,.4913,.0139
15697,.1013,.2867,.5065,.0172
15698,.1003,.2608,.5224,.0270
15699,.2272,.1562,.5450,.0155
15700,.4360,.1060,.3616,.0436
15701,.6356,.0189,.3115,.0042
15702,.6938,.0000,.2672,.0231
15703,.7553,.0010,.1943,.0181
15704,.4693,.0433,.4151,.0250
15705,.1987,.1323,.6065,.0057
15706,.2370,.1769,.5268,.0006
15707,.0769,.3106,.5349,.0022
15708,.1405,.2814,.5113,.0009
15709,.0943,.4586,.3605,.0081
15710,.1485,.3021,.4905,.0058
15711,.1541,.2643,.5076,.0042
15712,.3842,.0667,.4844,.0042
15713,.3162,.0642,.5334,.0258
15714,.1865,.2360,.4689,.0127
15715,.2194,.2444,.4557,.0008
15716,.1377,.3997,.3764,.0063
15717,.1726,.3788,.3524,.0146
15718,.0814,.4549,.4002,.0044
15719,.2949,.1719,.3973,.0734
15720,.3346,.1217,.4105,.0510
15721,.3480,.1780,.4099,.0095
15722,.1852,.2284,.5006,.0063
15723,.0314,.4680,.3968,.0227
15724,.2247,.2719,.4393,.0054
15725,.5386,.0995,.3075,.0126
15726,.6030,.0510,.2340,.0692
15727,.5921,.0544,.1754,.1394
15728,.5399,.0943,.1934,.1212
15729,.0649,.5079,.3364,.0325
15730,.0686,.3736,.4834,.0068
15731,.1141,.3898,.4303,.0045
15732,.1254,.4378,.3863,.0000
15733,.2149,.2499,.4757,.0014
15734,.1965,.3095,.4311,.0060
15735,.1877,.2638,.4607,.0086
15736,.1918,.2631,.4658,.0038
15737,.2166,.2782,.4364,.0000
15738,.3180,.1961,.4111,.0120
15739,.2447,.2885,.4034,.0117
15740,.2432,.3188,.3750,.0113
15741,.2694,.2174,.4466,.0131
15742,.2749,.2437,.3926,.0353
15743,.3441,.1909,.4013,.0018
15744,.1525,.4780,.3087,.0000
15745,.1866,.4569,.3119,.0053
15746,.2727,.3236,.3565,.0119
15747,.2126,.4010,.3283,.0058
15748,.0842,.4886,.2429,.0312
15749,.1780,.2901,.3461,.0703
15750,.1950,.2569,.3089,.1056
15751,.1132,.3909,.3796,.0108
15752,.2982,.1455,.4438,.0444
15753,.2828,.1494,.4844,.0204
15754,.4821,.0308,.4252,.0155
15755,.6258,.0054,.3324,.0000
15756,.2989,.1656,.4442,.0090
15757,.1421,.3404,.3962,.0057
15758,.1948,.2697,.4384,.0000
15759,.4020,.1195,.4124,.0061
15760,.3601,.0975,.4562,.0201
15761,.3325,.0985,.4382,.0612
15762,.2046,.2698,.4374,.0139
15763,.1814,.2488,.4961,.0006
15764,.1827,.2540,.4051,.0165
15765,.2527,.2936,.4024,.0007
15766,.3496,.2159,.3912,.0032
15767,.2890,.1734,.4658,.0170
15768,.2741,.1432,.4693,.0253
15769,.0833,.3592,.4362,.0087
15770,.1248,.1906,.5180,.0202
15771,.0399,.6217,.2135,.0030
15772,.0212,.7866,.1166,.0000
15773,.0136,.7820,.1348,.0000
15774,.0126,.8273,.0985,.0000
15775,.0052,.7629,.0884,.0043
15776,.2162,.3817,.3025,.0482
15777,.5633,.0728,.3172,.0111
15778,.4708,.1105,.3612,.0057
15779,.2903,.1671,.4335,.0355
15780,.3956,.0868,.4373,.0286
15781,.3263,.2321,.3554,.0243
15782,.0637,.4495,.3672,.0142
15783,.0315,.6526,.2093,.0130
15784,.0420,.5074,.2734,.0211
15785,.0954,.2793,.4690,.0253
15786,.0591,.4338,.3467,.0243
15787,.0518,.3919,.3415,.0519
15788,.0350,.5199,.2001,.0302
15789,.0629,.4779,.2936,.0243
15790,.4659,.2200,.2420,.0092
15791,.6466,.0610,.2419,.0033
15792,.6685,.0031,.2989,.0000
15793,.5575,.0585,.3309,.0000
15794,.6482,.0127,.2966,.0000
15795,.7421,.0009,.2334,.0000
15796,.7500,.0246,.1829,.0021
15797,.5985,.1618,.1916,.0000
15798,.6068,.1081,.2196,.0072
15799,.7493,.0114,.2199,.0000
15800,.8427,.0042,.1399,.0000
15801,.8286,.0115,.1336,.0000
15802,.7157,.0697,.1607,.0011
15803,.3688,.2559,.2706,.0126
15804,.4864,.1535,.2681,.0166
15805,.5677,.0958,.2937,.0066
15806,.6361,.0428,.2763,.0049
15807,.5428,.2521,.1644,.0000
15808,.5427,.2183,.1950,.0067
15809,.5348,.1694,.2415,.0002
15810,.6130,.0876,.2547,.0016
15811,.5571,.1130,.2825,.0006
15812,.4638,.1786,.2939,.0048
15813,.5747,.0625,.3045,.0017
15814,.7518,.0093,.2206,.0019
15815,.7509,.0006,.2252,.0000
15816,.7030,.0004,.2785,.0000
15817,.6328,.0241,.2912,.0003
15818,.5981,.0083,.3402,.0000
15819,.7209,.0002,.2438,.0000
15820,.7243,.0025,.2388,.0000
15821,.8271,.0001,.1459,.0000
15822,.7156,.0062,.2274,.0000
15823,.4672,.0210,.4006,.0285
15824,.4427,.0206,.3228,.1288
15825,.4446,.0205,.3573,.0869
15826,.5391,.0375,.3270,.0301
15827,.4910,.0982,.3294,.0033
15828,.1791,.2250,.5429,.0000
15829,.0345,.3106,.5631,.0152
15830,.0481,.3455,.4950,.0072
15831,.1849,.2978,.4534,.0109
15832,.1901,.2178,.4796,.0457
15833,.1885,.3488,.3429,.0479
15834,.5686,.0501,.3173,.0224
15835,.7369,.0000,.2230,.0245
15836,.6915,.0000,.2575,.0172
15837,.4771,.0347,.4148,.0231
15838,.2269,.1149,.5831,.0076
15839,.2846,.1344,.5070,.0189
15840,.3025,.1318,.4408,.0741
15841,.1587,.2369,.5047,.0360
15842,.1528,.2963,.4686,.0099
15843,.1326,.1952,.5764,.0457
15844,.0781,.3035,.5424,.0004
15845,.2200,.1726,.5275,.0121
15846,.3963,.0606,.4551,.0347
15847,.1975,.1791,.5553,.0000
15848,.2441,.1060,.5709,.0056
15849,.2328,.2042,.4959,.0000
15850,.2332,.2362,.4652,.0064
15851,.1006,.3945,.3583,.0618
15852,.1746,.3033,.3795,.0769
15853,.4069,.1174,.4201,.0097
15854,.3886,.1178,.4259,.0160
15855,.1995,.2376,.4701,.0330
15856,.0562,.4503,.4373,.0000
15857,.0903,.4676,.3788,.0028
15858,.2914,.1552,.4576,.0363
15859,.5416,.0820,.3023,.0202
15860,.5090,.0728,.2808,.0861
15861,.2253,.3701,.2001,.1427
15862,.0607,.4379,.2937,.1383
15863,.0923,.4471,.3499,.0373
15864,.1341,.2836,.5104,.0082
15865,.1251,.3277,.4855,.0000
15866,.1941,.2293,.5187,.0048
15867,.1411,.3341,.4826,.0006
15868,.1797,.2693,.4722,.0145
15869,.3117,.1308,.5013,.0028
15870,.4564,.0744,.4118,.0164
15871,.2544,.1721,.4348,.0666
15872,.1235,.4236,.3917,.0114
15873,.2107,.4190,.3115,.0071
15874,.1790,.3861,.3699,.0176
15875,.2425,.3816,.3211,.0051
15876,.3630,.2501,.3151,.0159
15877,.2205,.4088,.3129,.0042
15878,.1446,.4452,.3430,.0160
15879,.1767,.3850,.3594,.0394
15880,.1760,.4081,.3625,.0108
15881,.1940,.4600,.2475,.0332
15882,.1605,.3570,.3473,.0320
15883,.2824,.2171,.4126,.0165
15884,.2077,.2625,.4211,.0282
15885,.1839,.1943,.5071,.0407
15886,.1791,.2276,.4878,.0230
15887,.3984,.0863,.4392,.0204
15888,.5511,.0588,.3241,.0182
15889,.3346,.1292,.4426,.0218
15890,.2365,.2069,.4579,.0131
15891,.3489,.1486,.4243,.0000
15892,.3592,.1591,.4102,.0044
15893,.3356,.2496,.3526,.0010
15894,.2523,.2507,.4133,.0245
15895,.2953,.2154,.3944,.0454
15896,.2932,.1622,.4723,.0098
15897,.1464,.2610,.5188,.0041
15898,.1655,.2581,.5048,.0014
15899,.1808,.2861,.4661,.0086
15900,.2577,.1770,.4652,.0420
15901,.2991,.1318,.4835,.0252
15902,.2621,.1917,.4606,.0042
15903,.1458,.3208,.4112,.0170
15904,.0663,.4423,.3053,.0449
15905,.0327,.7064,.1643,.0013
15906,.0054,.6628,.1921,.0360
15907,.0100,.8252,.0881,.0014
15908,.0019,.8051,.0503,.0080
15909,.0344,.6259,.2501,.0215
15910,.1265,.3777,.3780,.0529
15911,.3195,.1843,.4315,.0165
15912,.1733,.2576,.4849,.0221
15913,.2753,.1820,.4317,.0555
15914,.3993,.0988,.3781,.0660
15915,.2935,.1849,.4429,.0155
15916,.0625,.4979,.3137,.0192
15917,.0168,.6250,.2267,.0067
15918,.0310,.5647,.2143,.0198
15919,.0378,.4807,.2251,.0492
15920,.0577,.5424,.1939,.0467
15921,.0746,.5286,.2843,.0098
15922,.0933,.4841,.2993,.0119
15923,.2910,.3079,.3007,.0064
15924,.5728,.0340,.3124,.0306
15925,.6727,.0000,.3031,.0000
15926,.6884,.0022,.2776,.0000
15927,.5977,.0025,.3479,.0000
15928,.7110,.0020,.2639,.0000
15929,.7126,.0660,.1792,.0096
15930,.6676,.0912,.1969,.0054
15931,.6068,.1543,.1799,.0080
15932,.6558,.0645,.2441,.0000
15933,.7912,.0047,.1904,.0000
15934,.8344,.0033,.1283,.0083
15935,.6937,.0543,.1948,.0053
15936,.6384,.1192,.1983,.0023
15937,.5464,.1328,.2334,.0306
15938,.5533,.1397,.2400,.0123
15939,.5964,.1073,.2465,.0050
15940,.5935,.1583,.1918,.0013
15941,.3829,.4075,.1471,.0089
15942,.4324,.2890,.2243,.0053
15943,.6643,.1142,.1917,.0001
15944,.6342,.0844,.2470,.0006
15945,.5159,.0977,.3392,.0000
15946,.4823,.0398,.4166,.0000
15947,.6462,.0283,.2851,.0039
15948,.7255,.0000,.2502,.0000
15949,.7853,.0000,.1929,.0000
15950,.7090,.0158,.2271,.0092
15951,.6424,.0316,.2752,.0003
15952,.6778,.0028,.2756,.0000
15953,.6703,.0052,.2817,.0000
15954,.7362,.0055,.2301,.0000
15955,.7040,.0065,.2460,.0027
15956,.7030,.0016,.2523,.0000
15957,.6014,.0257,.3033,.0136
15958,.4425,.0494,.3861,.0411
15959,.4228,.0458,.4197,.0170
15960,.5588,.0342,.3421,.0000
15961,.0874,.2232,.6160,.0115
15962,.0969,.3151,.5077,.0024
15963,.1060,.3065,.5131,.0000
15964,.1511,.1886,.5839,.0061
15965,.1214,.2910,.4825,.0159
15966,.1348,.2208,.4730,.0866
15967,.2805,.1700,.4759,.0000
15968,.3987,.0751,.4525,.0075
15969,.5829,.0049,.3503,.0236
15970,.6613,.0001,.2973,.0114
15971,.3796,.1319,.4195,.0013
15972,.0741,.2495,.5904,.0054
15973,.1828,.1419,.5866,.0222
15974,.3096,.1700,.4321,.0254
15975,.2092,.2592,.4849,.0000
15976,.2228,.2203,.4825,.0308
15977,.1308,.2518,.4613,.0972
15978,.1552,.2256,.5677,.0020
15979,.3296,.0881,.5246,.0022
15980,.4430,.0244,.4950,.0000
15981,.1774,.1860,.5918,.0000
15982,.4284,.0890,.4468,.0000
15983,.1854,.3252,.4014,.0204
15984,.0983,.4504,.3231,.0401
15985,.2188,.2272,.4990,.0036
15986,.5337,.0486,.3836,.0034
15987,.6239,.0727,.2731,.0049
15988,.4406,.1029,.4068,.0036
15989,.3164,.2048,.4226,.0038
15990,.1177,.4876,.3316,.0042
15991,.3132,.2036,.4166,.0138
15992,.4774,.0400,.4273,.0073
15993,.4706,.0677,.2993,.0976
15994,.5098,.0947,.2663,.0769
15995,.3782,.2033,.3452,.0207
15996,.3258,.1908,.4086,.0145
15997,.2276,.3141,.3981,.0043
15998,.1618,.2526,.5202,.0057
15999,.1756,.2702,.4983,.0066
16000,.2384,.1893,.5072,.0193
16001,.3251,.1347,.4784,.0038
16002,.4521,.0440,.4511,.0110
16003,.3820,.1593,.4027,.0039
16004,.1677,.3747,.3623,.0382
16005,.1743,.3117,.4226,.0468
16006,.2151,.3605,.3592,.0200
16007,.2586,.2534,.4375,.0000
16008,.2199,.3769,.3488,.0001
16009,.2194,.4353,.3005,.0041
16010,.2314,.3616,.3468,.0108
16011,.2130,.4123,.3032,.0218
16012,.2331,.3361,.3655,.0096
16013,.2247,.4039,.3008,.0236
16014,.0780,.5328,.1782,.0554
16015,.1006,.3410,.2765,.0232
16016,.1391,.4100,.3505,.0035
16017,.2614,.2588,.3273,.0469
16018,.2080,.2738,.4160,.0214
16019,.3586,.1023,.4520,.0198
16020,.3914,.1226,.3896,.0212
16021,.3394,.2335,.3277,.0392
16022,.3383,.1027,.4531,.0313
16023,.4377,.0834,.4128,.0109
16024,.4917,.0968,.3468,.0022
16025,.4162,.1016,.4075,.0079
16026,.3531,.1865,.3797,.0159
16027,.1661,.4392,.3101,.0215
16028,.2577,.3227,.3266,.0456
16029,.3896,.1636,.3699,.0295
16030,.1963,.3087,.4135,.0159
16031,.2506,.2697,.4059,.0063
16032,.2874,.2169,.4322,.0050
16033,.2160,.3039,.4074,.0094
16034,.2271,.1617,.5394,.0067
16035,.3360,.1311,.4480,.0246
16036,.3092,.3825,.2274,.0112
16037,.0333,.6536,.2028,.0174
16038,.0650,.5763,.2257,.0411
16039,.0788,.4341,.3590,.0358
16040,.0503,.4389,.3999,.0099
16041,.0075,.7121,.1712,.0000
16042,.0016,.6990,.0922,.0338
16043,.0124,.7235,.1877,.0039
16044,.0348,.5890,.2970,.0064
16045,.1436,.2731,.4896,.0222
16046,.1604,.2871,.4918,.0073
16047,.1619,.3465,.4293,.0058
16048,.2664,.1628,.4964,.0137
16049,.2736,.1815,.4827,.0080
16050,.1432,.3961,.3540,.0040
16051,.0140,.6738,.1227,.0153
16052,.0239,.5822,.2213,.0316
16053,.0928,.3069,.4654,.0088
16054,.1165,.3892,.4164,.0010
16055,.1200,.4177,.3756,.0089
16056,.2306,.3196,.3627,.0147
16057,.4148,.1337,.3719,.0166
16058,.4257,.0920,.4024,.0257
16059,.7204,.0041,.2559,.0006
16060,.5240,.0199,.3968,.0098
16061,.6638,.0037,.3009,.0000
16062,.6931,.0186,.2564,.0000
16063,.6911,.0197,.2473,.0032
16064,.7118,.0210,.2265,.0011
16065,.6345,.0223,.2961,.0000
16066,.7684,.0202,.1930,.0000
16067,.6969,.0166,.2471,.0000
16068,.8136,.0115,.1532,.0000
16069,.7390,.0476,.1828,.0000
16070,.7359,.0631,.1676,.0034
16071,.5323,.1864,.2243,.0071
16072,.5706,.1078,.2762,.0000
16073,.3442,.3767,.2277,.0009
16074,.4668,.1704,.3022,.0041
16075,.2794,.4337,.2033,.0000
16076,.3766,.3700,.1904,.0152
16077,.6020,.1238,.2345,.0005
16078,.6009,.0668,.2823,.0000
16079,.6310,.0332,.2912,.0000
16080,.5006,.0449,.3891,.0000
16081,.7140,.0246,.2400,.0000
16082,.7757,.0000,.2067,.0000
16083,.6061,.0368,.3011,.0000
16084,.4602,.0658,.4063,.0000
16085,.5178,.0234,.3796,.0053
16086,.6345,.0116,.2966,.0000
16087,.6582,.0011,.2913,.0033
16088,.7419,.0132,.2060,.0006
16089,.8281,.0002,.1392,.0000
16090,.6188,.0188,.2947,.0000
16091,.5647,.0111,.3250,.0238
16092,.4463,.0667,.4106,.0032
16093,.4875,.0219,.3489,.0620
16094,.0639,.3223,.5485,.0007
16095,.1521,.2498,.5265,.0043
16096,.0909,.3279,.4998,.0000
16097,.0683,.2906,.5449,.0122
16098,.0979,.1838,.6359,.0042
16099,.0689,.3343,.4964,.0101
16100,.1878,.2384,.5122,.0000
16101,.1775,.1532,.6029,.0026
16102,.1812,.1796,.5738,.0004
16103,.3497,.0696,.4802,.0500
16104,.2371,.2184,.4446,.0239
16105,.1316,.2387,.5561,.0000
16106,.0528,.3362,.5165,.0000
16107,.2555,.1548,.4958,.0186
16108,.3334,.1881,.4292,.0099
16109,.1286,.3573,.4537,.0135
16110,.1749,.2338,.4702,.0827
16111,.1573,.2280,.5118,.0548
16112,.1177,.1941,.5878,.0378
16113,.3367,.0367,.5797,.0005
16114,.3428,.0931,.5146,.0041
16115,.4709,.0396,.4524,.0011
16116,.3911,.1293,.4383,.0000
16117,.2310,.2759,.3826,.0469
16118,.2481,.2520,.4518,.0006
16119,.5675,.0527,.3512,.0000
16120,.6240,.0702,.2696,.0052
16121,.6219,.0556,.2991,.0000
16122,.5183,.0857,.3605,.0000
16123,.3726,.1255,.4128,.0300
16124,.3100,.1142,.4553,.0630
16125,.4311,.0588,.4280,.0244
16126,.3771,.1104,.3007,.1387
16127,.4763,.0587,.3824,.0246
16128,.5575,.0531,.3166,.0357
16129,.5357,.0694,.2874,.0826
16130,.4806,.1110,.3607,.0033
16131,.4563,.0775,.4110,.0010
16132,.3515,.1392,.4624,.0031
16133,.2582,.1527,.5192,.0035
16134,.4702,.0530,.4268,.0000
16135,.5875,.0437,.3429,.0012
16136,.3911,.1530,.3328,.0621
16137,.4105,.1121,.4066,.0091
16138,.3031,.2086,.3985,.0228
16139,.2107,.3646,.3612,.0023
16140,.1293,.5570,.2539,.0080
16141,.1402,.5602,.2412,.0119
16142,.2246,.4873,.2336,.0090
16143,.2997,.2813,.3670,.0049
16144,.2474,.3380,.3580,.0093
16145,.3372,.1496,.4501,.0051
16146,.2966,.2635,.3558,.0100
16147,.1247,.2910,.2644,.0696
16148,.0025,.3350,.1209,.0929
16149,.0139,.6380,.1482,.0143
16150,.1521,.4249,.3150,.0077
16151,.2126,.3811,.3166,.0000
16152,.3905,.1334,.3832,.0190
16153,.5578,.0581,.3283,.0006
16154,.4378,.1262,.3193,.0198
16155,.3258,.1438,.3513,.0411
16156,.4735,.0919,.3586,.0246
16157,.5953,.0320,.3289,.0116
16158,.5788,.0302,.3140,.0315
16159,.5070,.1420,.3009,.0044
16160,.4303,.1525,.3085,.0496
16161,.2968,.1956,.4182,.0267
16162,.2866,.2299,.3894,.0371
16163,.4134,.1742,.3193,.0333
16164,.1906,.3807,.3402,.0038
16165,.1367,.4961,.2981,.0029
16166,.3884,.1226,.4396,.0016
16167,.2595,.2513,.4287,.0011
16168,.2319,.2318,.4597,.0047
16169,.2417,.2982,.3860,.0173
16170,.1605,.4496,.3182,.0038
16171,.0909,.2809,.4818,.0591
16172,.0366,.5299,.3426,.0115
16173,.0272,.5213,.3447,.0043
16174,.0105,.7016,.1660,.0239
16175,.0040,.7736,.1092,.0182
16176,.0006,.7896,.0524,.0308
16177,.0043,.8769,.0518,.0014
16178,.0145,.7923,.1116,.0036
16179,.0639,.5743,.2988,.0047
16180,.1060,.4219,.4032,.0129
16181,.1436,.2944,.4981,.0133
16182,.1865,.1944,.5546,.0128
16183,.0626,.6069,.2229,.0147
16184,.0119,.8240,.0753,.0112
16185,.0278,.5982,.2390,.0103
16186,.0378,.5956,.2559,.0046
16187,.1889,.3006,.4412,.0012
16188,.2115,.2140,.5100,.0012
16189,.2073,.2391,.4594,.0200
16190,.2823,.1782,.4262,.0299
16191,.3315,.1682,.4014,.0179
16192,.4236,.0759,.4313,.0130
16193,.4738,.0548,.4135,.0062
16194,.4461,.0574,.4301,.0132
16195,.4256,.0959,.4203,.0027
16196,.6408,.0029,.3204,.0017
16197,.6044,.0460,.3011,.0000
16198,.5843,.0259,.3385,.0000
16199,.6695,.0032,.2838,.0038
16200,.4718,.0444,.4169,.0000
16201,.6571,.0328,.2772,.0000
16202,.7974,.0131,.1718,.0000
16203,.8223,.0122,.1468,.0000
16204,.7354,.0737,.1580,.0000
16205,.7205,.0491,.1910,.0000
16206,.6137,.0648,.2830,.0000
16207,.4591,.2389,.2585,.0020
16208,.2337,.5205,.1918,.0081
16209,.5169,.1370,.2980,.0022
16210,.6334,.0739,.2495,.0012
16211,.6188,.0553,.2748,.0044
16212,.4828,.0742,.3772,.0000
16213,.5055,.0979,.3275,.0000
16214,.4776,.1012,.3475,.0019
16215,.7208,.0142,.2373,.0000
16216,.6737,.0089,.2704,.0000
16217,.6149,.0046,.3209,.0000
16218,.6484,.0069,.2926,.0016
16219,.6091,.0074,.3247,.0000
16220,.5451,.0515,.3418,.0000
16221,.7532,.0139,.2013,.0000
16222,.7520,.0003,.2140,.0000
16223,.5463,.0961,.2949,.0043
16224,.5797,.0570,.2636,.0233
16225,.5685,.0227,.3400,.0000
16226,.6198,.0060,.3238,.0000
16227,.1013,.2785,.5386,.0168
16228,.0564,.3197,.5369,.0101
16229,.0826,.2523,.5513,.0084
16230,.1222,.2873,.4972,.0200
16231,.1393,.1554,.6207,.0140
16232,.1339,.3107,.4761,.0036
16233,.0953,.2493,.5726,.0134
16234,.2790,.1077,.5617,.0027
16235,.4467,.0492,.4601,.0000
16236,.4516,.0361,.4626,.0029
16237,.4251,.1106,.4041,.0034
16238,.1844,.1244,.6118,.0224
16239,.1118,.1556,.6529,.0000
16240,.1149,.2854,.5033,.0000
16241,.1524,.2123,.5752,.0042
16242,.1389,.3497,.4407,.0283
16243,.2177,.2471,.4361,.0502
16244,.3191,.0757,.5383,.0089
16245,.1583,.2290,.4983,.0125
16246,.3737,.0404,.5337,.0010
16247,.4062,.0075,.5259,.0105
16248,.4336,.0185,.4936,.0044
16249,.4153,.0157,.5133,.0078
16250,.2729,.1782,.4332,.0390
16251,.2192,.3026,.3992,.0151
16252,.3503,.1847,.4178,.0100
16253,.4538,.1118,.3923,.0000
16254,.5744,.0709,.3029,.0125
16255,.7334,.0231,.2185,.0029
16256,.5738,.0603,.3274,.0000
16257,.4867,.0738,.3906,.0039
16258,.4862,.0439,.4196,.0000
16259,.4542,.0628,.4054,.0309
16260,.5191,.0806,.3514,.0111
16261,.5140,.0673,.3838,.0040
16262,.5631,.0262,.2831,.0999
16263,.5747,.0335,.3484,.0028
16264,.4989,.0580,.3908,.0000
16265,.5432,.0090,.4042,.0000
16266,.4558,.0574,.4371,.0058
16267,.3702,.1236,.4540,.0000
16268,.5892,.0326,.3533,.0000
16269,.4080,.0754,.4518,.0056
16270,.4020,.0664,.4871,.0000
16271,.4560,.0602,.4381,.0026
16272,.2369,.3041,.3916,.0018
16273,.1186,.4513,.3568,.0044
16274,.2228,.3218,.3964,.0002
16275,.2522,.4377,.2514,.0087
16276,.1225,.5196,.2066,.0212
16277,.2263,.3852,.2980,.0161
16278,.2415,.3121,.3863,.0043
16279,.1608,.3889,.3289,.0127
16280,.1177,.2491,.2754,.0634
16281,.0328,.3512,.1482,.1060
16282,.0576,.4401,.2156,.0393
16283,.1086,.6173,.1903,.0013
16284,.0625,.7184,.1383,.0142
16285,.1133,.5592,.2031,.0275
16286,.2930,.2589,.3614,.0096
16287,.6076,.0386,.3070,.0036
16288,.3334,.1643,.3984,.0282
16289,.3346,.1757,.3891,.0375
16290,.5098,.0678,.3499,.0235
16291,.6108,.0081,.3126,.0255
16292,.5254,.0748,.3305,.0200
16293,.4555,.0995,.3812,.0096
16294,.4572,.0935,.3718,.0185
16295,.4377,.1012,.4053,.0016
16296,.3776,.2249,.3285,.0174
16297,.1838,.4930,.2696,.0043
16298,.2131,.4177,.2981,.0269
16299,.1829,.3207,.4281,.0047
16300,.1296,.2823,.5115,.0008
16301,.1270,.3425,.4167,.0236
16302,.2669,.1684,.4112,.0687
16303,.0738,.4993,.2907,.0614
16304,.0391,.4026,.4554,.0225
16305,.0381,.4598,.4045,.0179
16306,.0588,.3909,.4256,.0447
16307,.0223,.5214,.2955,.0047
16308,.0181,.5882,.2501,.0182
16309,.0114,.7475,.1105,.0013
16310,.0039,.6975,.0481,.0381
16311,.0012,.7173,.0589,.0480
16312,.0028,.9286,.0357,.0045
16313,.0584,.5398,.3173,.0178
16314,.3051,.1914,.4262,.0208
16315,.0569,.5210,.3194,.0106
16316,.0968,.5551,.2533,.0089
16317,.0429,.4779,.3680,.0000
16318,.0375,.5601,.3077,.0000
16319,.0247,.6917,.1968,.0027
16320,.2042,.2721,.4417,.0163
16321,.2496,.1340,.5465,.0114
16322,.1248,.3694,.4177,.0038
16323,.1488,.3429,.3992,.0066
16324,.2096,.2329,.4401,.0145
16325,.2607,.1516,.4986,.0136
16326,.2054,.2228,.4807,.0072
16327,.3186,.1456,.4532,.0119
16328,.5020,.0114,.4378,.0060
16329,.6472,.0000,.3169,.0000
16330,.4326,.1610,.3586,.0000
16331,.4680,.0230,.4407,.0072
16332,.4292,.0478,.4594,.0063
16333,.2459,.2782,.4049,.0018
16334,.5126,.0076,.4324,.0000
16335,.5583,.0196,.3662,.0035
16336,.7128,.0040,.2574,.0000
16337,.8416,.0018,.1458,.0000
16338,.7946,.0219,.1559,.0000
16339,.6579,.0806,.2227,.0000
16340,.5098,.2255,.2324,.0000
16341,.3887,.3001,.2610,.0000
16342,.5095,.1509,.2953,.0012
16343,.6941,.0217,.2475,.0069
16344,.7054,.0169,.2517,.0000
16345,.5888,.0591,.2945,.0012
16346,.4484,.0874,.3891,.0024
16347,.3558,.1809,.3262,.0086
16348,.5539,.0565,.3115,.0105
16349,.6508,.0358,.2594,.0040
16350,.6304,.0178,.3045,.0000
16351,.6132,.0055,.3436,.0000
16352,.6912,.0000,.2729,.0003
16353,.5385,.0627,.3292,.0000
16354,.7139,.0038,.2420,.0027
16355,.6674,.0101,.2733,.0014
16356,.5887,.0269,.3150,.0036
16357,.6677,.0096,.2639,.0025
16358,.7334,.0003,.2269,.0000
16359,.7210,.0013,.2272,.0000
16360,.0687,.2878,.5611,.0000
16361,.1049,.3103,.4655,.0097
16362,.0950,.2593,.5474,.0030
16363,.0275,.3383,.5256,.0047
16364,.1798,.2452,.4478,.0654
16365,.0602,.3443,.4963,.0093
16366,.1015,.2607,.5563,.0155
16367,.1867,.1932,.5088,.0596
16368,.3359,.1026,.5017,.0092
16369,.6359,.0032,.3210,.0040
16370,.3853,.0663,.4726,.0213
16371,.1291,.2492,.5518,.0116
16372,.0670,.2734,.5791,.0000
16373,.0871,.3010,.5232,.0000
16374,.3305,.1093,.4790,.0283
16375,.1232,.2352,.5420,.0433
16376,.2678,.1359,.4347,.1138
16377,.3358,.0543,.5489,.0081
16378,.2339,.1544,.5279,.0000
16379,.2631,.1064,.5715,.0000
16380,.3880,.0370,.5219,.0047
16381,.3852,.0470,.5218,.0000
16382,.4135,.0891,.4504,.0025
16383,.4579,.0766,.4014,.0215
16384,.3831,.2041,.3087,.0505
16385,.2778,.2196,.4145,.0346
16386,.3812,.1239,.4548,.0000
16387,.5572,.0720,.3318,.0007
16388,.7138,.0291,.2312,.0000
16389,.6775,.0592,.2504,.0000
16390,.5725,.0720,.3190,.0000
16391,.5295,.0512,.3785,.0000
16392,.5017,.0705,.3713,.0060
16393,.3859,.0927,.4479,.0182
16394,.4866,.0561,.4047,.0061
16395,.4299,.0894,.3979,.0212
16396,.4393,.0775,.4103,.0028
16397,.4316,.0524,.4468,.0005
16398,.4702,.0327,.4383,.0000
16399,.4287,.0413,.4758,.0000
16400,.3917,.0965,.4584,.0018
16401,.4568,.0826,.4091,.0057
16402,.3689,.1094,.4736,.0025
16403,.4581,.0275,.4736,.0000
16404,.4120,.0714,.4611,.0092
16405,.2641,.2194,.4121,.0504
16406,.2072,.3576,.3388,.0335
16407,.2364,.3201,.3389,.0508
16408,.1581,.4785,.3151,.0010
16409,.1150,.4321,.3734,.0071
16410,.0771,.6742,.2154,.0015
16411,.1241,.5097,.3095,.0138
16412,.1169,.4088,.2667,.0559
16413,.1067,.4253,.1959,.0869
16414,.2018,.4408,.2653,.0053
16415,.2097,.4081,.3059,.0111
16416,.2008,.4440,.2901,.0114
16417,.3219,.2911,.3053,.0194
16418,.1316,.6125,.1477,.0329
16419,.1454,.5058,.2433,.0115
16420,.5922,.0587,.2870,.0123
16421,.6174,.0601,.2786,.0039
16422,.1801,.4152,.2940,.0106
16423,.1936,.3657,.3463,.0061
16424,.4831,.1027,.3451,.0132
16425,.6027,.0512,.2762,.0240
16426,.5411,.0990,.2517,.0612
16427,.5852,.0408,.2909,.0381
16428,.4388,.1210,.3830,.0054
16429,.4459,.0936,.3636,.0381
16430,.6043,.0998,.2531,.0096
16431,.4157,.2002,.3278,.0071
16432,.2606,.2083,.4619,.0257
16433,.1991,.2595,.4458,.0306
16434,.1415,.2873,.4689,.0131
16435,.1252,.3189,.3939,.0431
16436,.1073,.4453,.3493,.0138
16437,.0224,.6277,.2691,.0101
16438,.0104,.6177,.3132,.0020
16439,.0563,.5427,.3161,.0310
16440,.1604,.4238,.2633,.0820
16441,.0386,.5785,.2549,.0192
16442,.0574,.4827,.3186,.0091
16443,.0155,.6565,.1663,.0001
16444,.0103,.6107,.1773,.0255
16445,.0019,.8203,.0356,.0067
16446,.0069,.8145,.1073,.0000
16447,.0163,.7112,.1451,.0017
16448,.0187,.7287,.1346,.0032
16449,.0713,.4037,.4285,.0000
16450,.0834,.3460,.4957,.0000
16451,.1112,.3172,.4856,.0014
16452,.0754,.5041,.3356,.0027
16453,.1101,.4927,.2699,.0140
16454,.1650,.2287,.5218,.0107
16455,.0314,.6159,.2212,.0146
16456,.0130,.6987,.1506,.0146
16457,.0143,.5266,.1934,.0801
16458,.0770,.3250,.4182,.0274
16459,.0483,.5230,.2933,.0225
16460,.1917,.2491,.4527,.0051
16461,.3770,.1002,.4414,.0142
16462,.5826,.0237,.3409,.0098
16463,.2916,.2480,.3965,.0099
16464,.4446,.0837,.4160,.0004
16465,.1977,.2761,.3565,.0637
16466,.2545,.2139,.4540,.0041
16467,.3847,.0526,.4911,.0061
16468,.3067,.0519,.5217,.0421
16469,.5914,.0050,.3610,.0000
16470,.7302,.0001,.2427,.0000
16471,.7213,.0123,.2276,.0011
16472,.6357,.0746,.2415,.0023
16473,.5452,.1739,.2287,.0030
16474,.4051,.2502,.2871,.0053
16475,.5397,.1407,.2752,.0000
16476,.7036,.0287,.2373,.0000
16477,.7210,.0035,.2472,.0000
16478,.7386,.0025,.2294,.0000
16479,.6306,.0407,.2789,.0000
16480,.5363,.0486,.3399,.0007
16481,.4853,.0626,.3582,.0197
16482,.5273,.0715,.2936,.0279
16483,.5917,.0610,.2926,.0013
16484,.5102,.0160,.3885,.0184
16485,.3712,.1261,.3903,.0082
16486,.5735,.0094,.3678,.0000
16487,.6328,.0194,.3015,.0033
16488,.5432,.0118,.3831,.0000
16489,.5570,.0174,.3553,.0017
16490,.4927,.0255,.3967,.0047
16491,.7797,.0002,.1724,.0000
16492,.4773,.0658,.3577,.0056
16493,.1269,.3041,.5128,.0000
16494,.0601,.3819,.4774,.0000
16495,.0684,.3039,.5371,.0043
16496,.0613,.2815,.5323,.0026
16497,.0860,.2825,.5519,.0020
16498,.0576,.3389,.5214,.0051
16499,.1250,.2310,.5748,.0015
16500,.1189,.3129,.5092,.0000
16501,.1500,.2541,.5478,.0000
16502,.1731,.2771,.4767,.0180
16503,.1943,.2270,.4996,.0245
16504,.0458,.3256,.5572,.0053
16505,.1506,.2389,.5482,.0039
16506,.0732,.3894,.4578,.0000
16507,.2345,.2104,.4469,.0395
16508,.3373,.1133,.3842,.1105
16509,.3191,.1438,.4272,.0593
16510,.1063,.1169,.6319,.0993
16511,.3736,.0351,.5116,.0213
16512,.2017,.2178,.5114,.0011
16513,.3213,.0847,.5317,.0126
16514,.4307,.0518,.4660,.0047
16515,.3437,.1179,.4964,.0000
16516,.3585,.1179,.4778,.0000
16517,.4477,.0607,.4305,.0071
16518,.2972,.1762,.3854,.0705
16519,.2906,.1937,.4491,.0071
16520,.5060,.0985,.3364,.0110
16521,.5925,.0580,.3181,.0000
16522,.6154,.0711,.2897,.0000
16523,.6798,.0557,.2330,.0000
16524,.5490,.0639,.3509,.0010
16525,.5076,.0600,.3851,.0000
16526,.4712,.0472,.4371,.0000
16527,.4407,.0977,.3815,.0205
16528,.3635,.1649,.3713,.0295
16529,.3271,.1798,.4000,.0225
16530,.3957,.0949,.4163,.0386
16531,.4006,.0470,.4714,.0114
16532,.4615,.0170,.4536,.0021
16533,.4609,.0350,.4501,.0002
16534,.3658,.1218,.4511,.0037
16535,.4528,.0384,.4612,.0000
16536,.4033,.0455,.4938,.0026
16537,.2351,.3661,.3455,.0217
16538,.1990,.3168,.4200,.0211
16539,.3022,.1621,.4616,.0123
16540,.3467,.0956,.4828,.0089
16541,.2861,.2692,.3706,.0163
16542,.1281,.4434,.3841,.0056
16543,.1251,.5406,.2903,.0036
16544,.0065,.8961,.0700,.0039
16545,.0982,.4591,.2074,.1184
16546,.2361,.2597,.4276,.0189
16547,.1931,.2833,.4694,.0056
16548,.1534,.2808,.4674,.0462
16549,.3130,.1694,.4349,.0231
16550,.3816,.1309,.4165,.0144
16551,.3757,.1987,.3226,.0241
16552,.2526,.4022,.2458,.0296
16553,.4272,.2280,.2598,.0282
16554,.6830,.0213,.2653,.0000
16555,.5677,.0707,.3159,.0029
16556,.4314,.1598,.3422,.0006
16557,.5023,.1445,.2907,.0103
16558,.6726,.0381,.2426,.0109
16559,.5730,.0453,.3306,.0108
16560,.5561,.0253,.3604,.0080
16561,.5603,.1225,.2716,.0012
16562,.5762,.0639,.2877,.0186
16563,.5768,.0505,.3301,.0058
16564,.5878,.0530,.3150,.0124
16565,.4701,.1453,.3205,.0195
16566,.3128,.1856,.3942,.0241
16567,.1767,.2714,.4105,.0444
16568,.2121,.2889,.3771,.0587
16569,.1045,.3465,.4289,.0496
16570,.0528,.4364,.4288,.0025
16571,.0206,.6629,.2380,.0065
16572,.0039,.7656,.1443,.0000
16573,.0609,.6317,.2147,.0361
16574,.2070,.3557,.2916,.0799
16575,.0230,.7123,.1696,.0000
16576,.0015,.7898,.0325,.0501
16577,.0020,.7683,.0786,.0129
16578,.0064,.8635,.0202,.0127
16579,.0233,.8327,.0636,.0060
16580,.0372,.6589,.1207,.0273
16581,.0133,.7416,.1264,.0000
16582,.0446,.5049,.3037,.0050
16583,.0526,.5497,.2861,.0000
16584,.0563,.4665,.3624,.0000
16585,.1798,.2594,.4829,.0074
16586,.2220,.2079,.4543,.0476
16587,.0815,.4036,.4265,.0106
16588,.0390,.4338,.3727,.0225
16589,.0128,.7455,.1021,.0064
16590,.0144,.6439,.1443,.0321
16591,.0226,.5306,.2655,.0278
16592,.0318,.3274,.3093,.0993
16593,.0543,.3622,.4280,.0046
16594,.3226,.1503,.4174,.0153
16595,.4256,.1034,.3872,.0051
16596,.1717,.4329,.3084,.0080
16597,.1521,.3600,.3712,.0042
16598,.1933,.2973,.3685,.0045
16599,.2699,.2607,.3586,.0072
16600,.2813,.1003,.5267,.0078
16601,.3103,.0964,.5122,.0032
16602,.4345,.0343,.4477,.0084
16603,.5615,.0080,.3773,.0017
16604,.3925,.1128,.4012,.0078
16605,.4161,.1690,.3475,.0000
16606,.4194,.1329,.3801,.0000
16607,.4905,.1686,.2866,.0013
16608,.7306,.0452,.1962,.0000
16609,.7351,.0128,.2323,.0000
16610,.7095,.0124,.2466,.0000
16611,.6927,.0141,.2558,.0000
16612,.6933,.0375,.2278,.0000
16613,.6267,.0207,.2993,.0084
16614,.6296,.0112,.3131,.0000
16615,.5944,.0392,.3104,.0060
16616,.5578,.0467,.3295,.0060
16617,.5631,.0085,.3282,.0262
16618,.4662,.0071,.4278,.0166
16619,.5673,.0041,.3535,.0152
16620,.6286,.0351,.2941,.0002
16621,.7335,.0038,.2425,.0000
16622,.7114,.0119,.2407,.0000
16623,.4951,.0164,.3971,.0028
16624,.5600,.0501,.3243,.0000
16625,.5683,.0519,.2986,.0015
16626,.1305,.2739,.5207,.0122
16627,.0861,.3296,.5099,.0047
16628,.0793,.3024,.5507,.0048
16629,.0638,.3964,.4349,.0109
16630,.0453,.2972,.5450,.0065
16631,.0328,.3782,.4760,.0046
16632,.1246,.2200,.5923,.0137
16633,.2517,.1263,.5715,.0050
16634,.3421,.0669,.5091,.0357
16635,.1813,.2006,.5600,.0011
16636,.0207,.4975,.4188,.0000
16637,.1019,.3248,.4748,.0188
16638,.1432,.1962,.6027,.0000
16639,.0793,.3377,.5009,.0000
16640,.2219,.1895,.5188,.0095
16641,.1321,.3287,.4442,.0225
16642,.1683,.3198,.4280,.0233
16643,.2102,.1315,.5572,.0515
16644,.3424,.0691,.5042,.0388
16645,.3553,.0558,.5282,.0151
16646,.2515,.1714,.5413,.0000
16647,.4889,.0547,.4174,.0004
16648,.4973,.0520,.4091,.0002
16649,.3626,.1114,.4878,.0017
16650,.3613,.1160,.4779,.0000
16651,.3124,.1624,.4018,.0655
16652,.3124,.1946,.3422,.0665
16653,.5170,.0717,.3790,.0000
16654,.4047,.1531,.3935,.0052
16655,.5055,.0613,.3909,.0000
16656,.6811,.0225,.2789,.0005
16657,.6911,.0305,.2473,.0030
16658,.5263,.0514,.3826,.0006
16659,.5528,.0099,.4135,.0000
16660,.5855,.0356,.3487,.0000
16661,.5460,.0175,.4126,.0000
16662,.4757,.0448,.4497,.0000
16663,.5137,.0626,.3834,.0000
16664,.4598,.0442,.4376,.0017
16665,.4484,.0735,.3938,.0136
16666,.3077,.2124,.3766,.0350
16667,.3160,.2255,.3782,.0227
16668,.3055,.1771,.4167,.0422
16669,.3658,.1272,.4356,.0246
16670,.2518,.3714,.3347,.0061
16671,.2720,.1881,.4769,.0088
16672,.2551,.1667,.5063,.0140
16673,.3119,.1337,.4753,.0142
16674,.2174,.3224,.4006,.0165
16675,.0296,.7798,.1489,.0191
16676,.0142,.8567,.0688,.0218
16677,.0058,.8453,.0478,.0278
16678,.1800,.2719,.4495,.0192
16679,.2769,.2306,.4269,.0099
16680,.2845,.1940,.4536,.0141
16681,.1700,.3242,.3335,.1120
16682,.2215,.2612,.4015,.0512
16683,.3114,.1711,.4326,.0189
16684,.4688,.0957,.3484,.0281
16685,.5002,.0927,.3497,.0013
16686,.3820,.2313,.3099,.0024
16687,.4599,.0693,.3964,.0122
16688,.6272,.0362,.2976,.0000
16689,.6827,.0164,.2622,.0000
16690,.6088,.0837,.2554,.0040
16691,.5512,.0917,.3048,.0031
16692,.6732,.0367,.2499,.0035
16693,.6111,.0591,.2791,.0021
16694,.5638,.0952,.2699,.0054
16695,.5689,.0598,.3311,.0000
16696,.5110,.0714,.3290,.0330
16697,.5074,.0813,.3405,.0205
16698,.5445,.0872,.3176,.0088
16699,.5618,.0417,.3576,.0007
16700,.5615,.0831,.3088,.0061
16701,.3338,.2903,.3040,.0270
16702,.2057,.3303,.3798,.0249
16703,.0912,.4368,.3525,.0497
16704,.0648,.3972,.4046,.0482
16705,.0135,.5540,.3238,.0005
16706,.0120,.7150,.1576,.0118
16707,.0171,.6440,.2578,.0082
16708,.0532,.5571,.2680,.0044
16709,.0127,.7221,.1321,.0092
16710,.0016,.7139,.0447,.0264
16711,.0031,.9125,.0424,.0009
16712,.0017,.8767,.0182,.0013
16713,.0058,.7664,.0669,.0031
16714,.0044,.6524,.0700,.0161
16715,.0102,.6956,.0755,.0174
16716,.0463,.4191,.2245,.0579
16717,.0538,.4743,.3466,.0079
16718,.0853,.4879,.3131,.0245
16719,.1683,.3558,.4153,.0030
16720,.3192,.1140,.5044,.0087
16721,.1213,.3993,.3622,.0123
16722,.0240,.7120,.1616,.0104
16723,.0720,.4323,.3686,.0182
16724,.0397,.3909,.3830,.0334
16725,.0283,.3307,.3977,.0465
16726,.0462,.3568,.4256,.0027
16727,.0340,.4707,.3523,.0097
16728,.0555,.3840,.3709,.0166
16729,.0516,.4033,.3811,.0076
16730,.0552,.3419,.4058,.0319
16731,.0349,.3500,.3953,.0379
16732,.0917,.4027,.3327,.0064
16733,.2108,.2050,.4633,.0000
16734,.2027,.2393,.4517,.0101
16735,.2281,.2786,.4097,.0008
16736,.1373,.4193,.3456,.0069
16737,.1464,.3924,.3575,.0056
16738,.3891,.1248,.4071,.0058
16739,.5833,.0437,.3340,.0000
16740,.7262,.0202,.2254,.0000
16741,.7738,.0155,.1791,.0051
16742,.7150,.0198,.2303,.0000
16743,.7445,.0013,.2317,.0000
16744,.6605,.0047,.2946,.0000
16745,.7010,.0114,.2526,.0000
16746,.6747,.0090,.2727,.0051
16747,.6658,.0093,.2941,.0000
16748,.6510,.0254,.2879,.0034
16749,.6755,.0044,.2856,.0000
16750,.5972,.0220,.3237,.0061
16751,.6139,.0037,.3255,.0000
16752,.4322,.0970,.3513,.0201
16753,.5612,.1253,.2601,.0013
16754,.6479,.0201,.2929,.0000
16755,.7328,.0010,.2408,.0000
16756,.7950,.0000,.1834,.0000
16757,.6455,.0158,.2916,.0000
16758,.3735,.1385,.3832,.0051
16759,.2661,.2430,.4339,.0011
16760,.1219,.2924,.5233,.0020
16761,.0987,.3117,.5150,.0080
16762,.0569,.4168,.4435,.0164
16763,.0515,.3436,.5281,.0000
16764,.0315,.3474,.4972,.0185
16765,.0926,.2977,.5531,.0000
16766,.3678,.0710,.5151,.0000
16767,.5156,.0434,.3752,.0308
16768,.2760,.1798,.4658,.0225
16769,.1631,.2785,.4915,.0051
16770,.1116,.4141,.4141,.0000
16771,.1900,.1298,.6238,.0118
16772,.0998,.2694,.5604,.0000
16773,.0825,.2079,.5740,.0187
16774,.1061,.2985,.4848,.0169
16775,.1232,.2378,.5440,.0140
16776,.1687,.1362,.6069,.0328
16777,.2110,.1122,.6173,.0026
16778,.3088,.0976,.5424,.0043
16779,.4627,.0870,.4134,.0000
16780,.5828,.0200,.3645,.0000
16781,.6175,.0065,.3345,.0033
16782,.5293,.0164,.4120,.0005
16783,.3593,.1139,.4798,.0032
16784,.3751,.1071,.4441,.0207
16785,.3501,.1403,.3997,.0457
16786,.4719,.0443,.4230,.0139
16787,.5218,.0653,.3823,.0000
16788,.4583,.0895,.4149,.0000
16789,.5487,.0369,.3906,.0000
16790,.5280,.0669,.3606,.0005
16791,.5078,.0497,.3983,.0000
16792,.5694,.0333,.3678,.0000
16793,.6092,.0152,.3617,.0000
16794,.5446,.0124,.4157,.0000
16795,.5445,.0151,.4185,.0000
16796,.5390,.0019,.4388,.0000
16797,.4816,.0456,.4229,.0015
16798,.4009,.0861,.4530,.0008
16799,.3867,.0650,.4860,.0004
16800,.3107,.1282,.4974,.0046
16801,.2789,.1577,.4495,.0525
16802,.2818,.1787,.4116,.0650
16803,.2648,.1935,.4205,.0569
16804,.1818,.3619,.3409,.0516
16805,.1290,.3142,.4113,.0487
16806,.0341,.2910,.3209,.1560
16807,.0051,.8590,.0883,.0287
16808,.0028,.8483,.0379,.0334
16809,.0056,.9148,.0125,.0188
16810,.0057,.8970,.0193,.0288
16811,.0968,.4932,.2962,.0317
16812,.1626,.5808,.2079,.0071
16813,.2527,.3034,.3614,.0314
16814,.2704,.2399,.4017,.0268
16815,.2786,.2184,.3738,.0682
16816,.3205,.1817,.4069,.0166
16817,.3243,.2002,.3729,.0276
16818,.3908,.1462,.4003,.0013
16819,.3786,.1531,.3770,.0176
16820,.2265,.3184,.3756,.0006
16821,.3406,.2189,.3763,.0020
16822,.6336,.0283,.3094,.0000
16823,.7074,.0016,.2671,.0000
16824,.7229,.0027,.2532,.0000
16825,.6847,.0074,.2771,.0000
16826,.6488,.0108,.3072,.0000
16827,.5086,.1188,.3035,.0143
16828,.4716,.0984,.3595,.0043
16829,.6140,.0085,.3463,.0019
16830,.6603,.0191,.2904,.0003
16831,.4705,.1223,.3507,.0062
16832,.3718,.2754,.2984,.0111
16833,.4887,.1525,.3197,.0032
16834,.4852,.1278,.3375,.0077
16835,.4215,.1396,.2209,.1549
16836,.3005,.2459,.2652,.1336
16837,.2358,.3079,.2993,.1034
16838,.0843,.4233,.3988,.0243
16839,.0195,.5805,.3106,.0035
16840,.0566,.4518,.3374,.0626
16841,.0640,.4672,.3627,.0234
16842,.0151,.6806,.1812,.0000
16843,.0069,.6357,.1106,.0288
16844,.0011,.7842,.0463,.0153
16845,.0033,.8908,.0230,.0011
16846,.0012,.8956,.0126,.0020
16847,.0055,.5046,.0638,.0345
16848,.0132,.6228,.0569,.0367
16849,.0052,.3361,.0918,.0677
16850,.0221,.4929,.2100,.0525
16851,.0209,.5017,.1848,.0751
16852,.1019,.4206,.3829,.0023
16853,.2221,.1863,.5000,.0275
16854,.0709,.4919,.2794,.0420
16855,.2339,.2807,.3454,.0853
16856,.2209,.2137,.3994,.0878
16857,.3393,.2515,.2732,.0642
16858,.2290,.2755,.4006,.0128
16859,.1776,.3784,.3569,.0071
16860,.0968,.4095,.3947,.0060
16861,.1048,.4456,.3649,.0000
16862,.1563,.3045,.4379,.0016
16863,.1520,.3273,.4153,.0014
16864,.1244,.2044,.5185,.0166
16865,.1342,.2338,.4384,.0235
16866,.0759,.2831,.2480,.1392
16867,.1230,.3960,.3336,.0296
16868,.1219,.4280,.3348,.0033
16869,.0338,.3704,.4689,.0152
16870,.1427,.2816,.4817,.0000
16871,.2402,.2599,.3957,.0000
16872,.5192,.0813,.3339,.0025
16873,.6989,.0192,.2354,.0087
16874,.6680,.0222,.2701,.0001
16875,.6263,.0491,.2817,.0000
16876,.7113,.0054,.2561,.0000
16877,.6949,.0301,.2316,.0019
16878,.6483,.0157,.2892,.0000
16879,.6800,.0066,.2756,.0006
16880,.5989,.0399,.3053,.0000
16881,.6295,.0151,.3109,.0000
16882,.6310,.0189,.2935,.0014
16883,.5756,.0340,.3295,.0014
16884,.6319,.0248,.2921,.0000
16885,.4301,.1110,.3754,.0000
16886,.2863,.3531,.2585,.0111
16887,.4957,.0232,.3981,.0077
16888,.5062,.0197,.3918,.0061
16889,.5013,.0574,.3524,.0115
16890,.5213,.0426,.3257,.0211
16891,.3994,.0928,.3978,.0063
16892,.2398,.2078,.4913,.0165
16893,.1447,.4187,.3557,.0080
16894,.0742,.3970,.4127,.0277
16895,.0608,.3250,.5152,.0037
16896,.1396,.2935,.4827,.0023
16897,.0721,.3383,.4758,.0171
16898,.1308,.3226,.4885,.0000
16899,.1976,.2628,.4774,.0016
16900,.3845,.0534,.5143,.0028
16901,.3295,.1084,.5090,.0080
16902,.2391,.1594,.5458,.0000
16903,.1588,.2935,.4641,.0094
16904,.1579,.1946,.5894,.0000
16905,.2710,.1035,.5847,.0000
16906,.1683,.2107,.5530,.0115
16907,.1014,.1966,.6274,.0022
16908,.1033,.2500,.5749,.0037
16909,.1215,.2045,.6042,.0021
16910,.1048,.2445,.5422,.0356
16911,.1769,.2133,.5422,.0000
16912,.4061,.0611,.4847,.0000
16913,.4527,.0486,.4465,.0000
16914,.6304,.0042,.3378,.0000
16915,.5674,.0320,.3624,.0041
16916,.4610,.0780,.4137,.0000
16917,.4312,.1216,.3555,.0343
16918,.4432,.0739,.4372,.0000
16919,.4684,.0591,.3882,.0240
16920,.5357,.0472,.3436,.0291
16921,.4473,.1161,.3628,.0138
16922,.4871,.0286,.4535,.0054
16923,.5765,.0115,.3984,.0000
16924,.6078,.0679,.2967,.0000
16925,.4017,.1788,.3675,.0000
16926,.3565,.1770,.4051,.0094
16927,.4405,.0923,.4000,.0067
16928,.4548,.0827,.3541,.0493
16929,.4550,.0899,.3826,.0190
16930,.4604,.0262,.4605,.0004
16931,.4273,.0742,.4266,.0005
16932,.4019,.0182,.5179,.0046
16933,.3654,.0815,.4774,.0171
16934,.3414,.1266,.4482,.0283
16935,.3321,.0496,.5454,.0185
16936,.3760,.0215,.5222,.0140
16937,.2659,.1487,.5030,.0241
16938,.0276,.7880,.1296,.0185
16939,.0050,.8775,.0613,.0150
16940,.0004,.8699,.0656,.0264
16941,.0022,.8870,.0590,.0229
16942,.0021,.8804,.0537,.0335
16943,.0082,.9292,.0030,.0174
16944,.0101,.7352,.0685,.0798
16945,.0794,.5318,.2602,.0411
16946,.1872,.4194,.3174,.0274
16947,.2152,.3213,.3465,.0581
16948,.2144,.3202,.3739,.0447
16949,.3720,.1473,.3722,.0487
16950,.4591,.0459,.4250,.0078
16951,.5029,.0466,.3941,.0026
16952,.3456,.1959,.3634,.0146
16953,.0846,.5438,.2946,.0032
16954,.4245,.1257,.3915,.0021
16955,.3021,.2598,.3738,.0000
16956,.6217,.0347,.3093,.0004
16957,.6451,.0052,.3125,.0003
16958,.6586,.0099,.2972,.0000
16959,.5503,.0233,.3737,.0020
16960,.6637,.0000,.3071,.0000
16961,.6611,.0293,.2648,.0000
16962,.5051,.0396,.3864,.0035
16963,.5750,.0569,.3316,.0001
16964,.6327,.0344,.3056,.0000
16965,.5450,.0499,.3559,.0047
16966,.5617,.0734,.3136,.0041
16967,.4792,.1339,.3187,.0231
16968,.5581,.0566,.2916,.0519
16969,.5767,.0434,.2569,.0820
16970,.3691,.2239,.2598,.1010
16971,.1667,.5080,.2273,.0435
16972,.0839,.5468,.2738,.0000
16973,.0454,.4873,.3260,.0320
16974,.1200,.4495,.3112,.0188
16975,.0229,.5975,.2239,.0047
16976,.0144,.5733,.1240,.0126
16977,.0016,.5919,.0298,.0713
16978,.0015,.8352,.0141,.0106
16979,.0039,.9153,.0060,.0073
16980,.0027,.6586,.0219,.0835
16981,.0040,.5128,.0529,.0404
16982,.0049,.4677,.0167,.0165
16983,.0095,.7785,.0455,.0211
16984,.0068,.6161,.1174,.0568
16985,.0468,.5489,.2368,.0318
16986,.1191,.4079,.3292,.0365
16987,.2066,.2677,.3588,.1077
16988,.2223,.2240,.3951,.1043
16989,.2582,.2940,.2911,.1053
16990,.4555,.0664,.3884,.0398
16991,.3370,.3548,.2386,.0345
16992,.4198,.1169,.3609,.0506
16993,.2586,.2915,.3778,.0128
16994,.3212,.1929,.3997,.0327
16995,.2789,.1977,.4619,.0034
16996,.2490,.2220,.4728,.0000
16997,.1588,.2180,.5504,.0000
16998,.2631,.1438,.5036,.0114
16999,.1680,.2675,.4379,.0057
17000,.2193,.2631,.4059,.0036
17001,.2840,.2052,.4141,.0276
17002,.1932,.3645,.3548,.0054
17003,.2559,.2194,.4374,.0136
17004,.4145,.1130,.3922,.0098
17005,.2323,.3485,.3242,.0082
17006,.5829,.0369,.3283,.0058
17007,.7268,.0036,.2389,.0000
17008,.7359,.0055,.2296,.0000
17009,.6281,.0213,.3013,.0000
17010,.5857,.0335,.3199,.0000
17011,.6868,.0194,.2617,.0000
17012,.7304,.0052,.2341,.0000
17013,.6998,.0134,.2489,.0000
17014,.6334,.0389,.2812,.0000
17015,.4527,.2198,.2644,.0000
17016,.2425,.3474,.3024,.0057
17017,.3736,.1193,.4403,.0000
17018,.5275,.0257,.3925,.0000
17019,.2753,.4423,.2118,.0033
17020,.3366,.2024,.3007,.0270
17021,.4010,.0963,.4044,.0074
17022,.5347,.0888,.3158,.0012
17023,.6592,.0118,.2716,.0000
17024,.6184,.0150,.3002,.0000
17025,.1376,.3932,.3889,.0156
17026,.3048,.2215,.4241,.0073
17027,.2627,.1890,.4779,.0000
17028,.1137,.3477,.4480,.0000
17029,.2529,.1155,.5415,.0170
17030,.1406,.1876,.5577,.0447
17031,.1411,.3295,.4730,.0000
17032,.2703,.2308,.4402,.0007
17033,.2627,.1837,.5104,.0024
17034,.4576,.0739,.4265,.0016
17035,.2694,.1569,.5169,.0000
17036,.2407,.1863,.5292,.0000
17037,.2217,.1975,.5158,.0000
17038,.2289,.2932,.4201,.0095
17039,.2898,.2201,.4479,.0000
17040,.4598,.1130,.3943,.0008
17041,.3454,.1447,.4614,.0050
17042,.1641,.2645,.5119,.0009
17043,.1528,.2676,.4463,.0341
17044,.2015,.2082,.5161,.0062
17045,.2176,.1628,.5402,.0018
17046,.3454,.1028,.4586,.0146
17047,.5885,.0411,.3296,.0043
17048,.5900,.0018,.3733,.0054
17049,.6410,.0112,.3098,.0081
17050,.5359,.0926,.3303,.0013
17051,.5921,.0767,.3019,.0000
17052,.6157,.0238,.3274,.0000
17053,.5349,.0476,.3867,.0000
17054,.5712,.0279,.3744,.0000
17055,.5298,.0749,.3149,.0299
17056,.5648,.0211,.3770,.0011
17057,.6204,.0334,.3191,.0000
17058,.5406,.0474,.3845,.0000
17059,.4701,.0373,.4408,.0029
17060,.2733,.3113,.2902,.0716
17061,.2828,.3983,.1985,.0638
17062,.3045,.2896,.3043,.0388
17063,.4014,.0868,.4063,.0286
17064,.3405,.1860,.3928,.0137
17065,.3811,.0437,.4695,.0446
17066,.2787,.1128,.5322,.0236
17067,.2423,.1642,.5289,.0181
17068,.2566,.1375,.5022,.0536
17069,.2135,.2061,.5135,.0203
17070,.1285,.4170,.4190,.0032
17071,.0530,.6602,.2146,.0186
17072,.0207,.7381,.1234,.0471
17073,.0040,.8201,.0301,.1070
17074,.0062,.9063,.0296,.0306
17075,.0025,.9131,.0286,.0263
17076,.0078,.8321,.0318,.0195
17077,.0089,.7730,.0404,.0611
17078,.0432,.6016,.2712,.0216
17079,.1437,.3533,.4475,.0019
17080,.2385,.1579,.4787,.0600
17081,.2871,.1133,.4926,.0551
17082,.4600,.0847,.3907,.0113
17083,.4084,.0567,.4698,.0011
17084,.4159,.0679,.4420,.0113
17085,.2242,.2545,.3821,.0402
17086,.3070,.1723,.4540,.0047
17087,.5410,.0227,.3905,.0000
17088,.4636,.1802,.3041,.0007
17089,.1472,.5038,.2804,.0004
17090,.5296,.0675,.3578,.0003
17091,.6421,.0107,.3102,.0000
17092,.6502,.0029,.3083,.0000
17093,.6137,.0000,.3442,.0021
17094,.7021,.0016,.2751,.0000
17095,.6286,.0562,.2692,.0055
17096,.3897,.2002,.3419,.0054
17097,.4769,.0937,.3669,.0134
17098,.6486,.0340,.2873,.0000
17099,.5434,.0559,.3465,.0015
17100,.4392,.1510,.3304,.0221
17101,.3622,.2423,.3321,.0155
17102,.3532,.2834,.2532,.0626
17103,.3318,.2507,.2751,.0917
17104,.1571,.5614,.1998,.0242
17105,.0551,.6406,.1830,.0175
17106,.0159,.7016,.1824,.0037
17107,.2906,.3045,.1865,.1533
17108,.1562,.4166,.2372,.0499
17109,.0145,.4157,.1537,.0741
17110,.0014,.2206,.1184,.1281
17111,.0031,.6828,.0228,.0313
17112,.0063,.8926,.0036,.0036
17113,.0097,.9562,.0054,.0102
17114,.0031,.6966,.0109,.0590
17115,.0022,.5658,.0333,.0468
17116,.0068,.8435,.0522,.0149
17117,.0134,.6682,.1516,.0081
17118,.0053,.7485,.1310,.0000
17119,.0785,.4388,.3618,.0216
17120,.2007,.2670,.3312,.1198
17121,.2886,.1786,.3528,.1098
17122,.4332,.1595,.2810,.0652
17123,.3079,.2459,.3161,.0774
17124,.5746,.0498,.3397,.0117
17125,.6956,.0306,.2548,.0025
17126,.5286,.1311,.2857,.0078
17127,.4419,.0921,.4024,.0059
17128,.4279,.1031,.4223,.0000
17129,.3212,.1731,.4406,.0083
17130,.2884,.0787,.5212,.0474
17131,.3558,.0471,.5061,.0270
17132,.2329,.1564,.5299,.0023
17133,.1292,.2923,.4627,.0013
17134,.0807,.5258,.2749,.0014
17135,.2170,.2488,.4462,.0032
17136,.2588,.1995,.4536,.0038
17137,.3280,.1198,.4597,.0133
17138,.2425,.3281,.3362,.0104
17139,.3665,.2619,.2966,.0216
17140,.6449,.0337,.2689,.0000
17141,.6853,.0162,.2661,.0000
17142,.6684,.0126,.2732,.0000
17143,.5608,.0469,.2994,.0115
17144,.4684,.0979,.3557,.0037
17145,.5039,.0886,.3483,.0043
17146,.6744,.0199,.2589,.0030
17147,.5062,.1463,.2826,.0032
17148,.1284,.6689,.1487,.0000
17149,.3774,.2434,.3181,.0033
17150,.5535,.0400,.3514,.0000
17151,.4104,.1024,.4085,.0000
17152,.4204,.0965,.3930,.0000
17153,.2611,.3310,.2541,.0143
17154,.3396,.2572,.2855,.0090
17155,.4967,.0755,.3665,.0030
17156,.5627,.0439,.3380,.0000
17157,.7029,.0088,.2479,.0032
17158,.2486,.2364,.4525,.0000
17159,.1160,.3797,.4330,.0043
17160,.3525,.0873,.5118,.0000
17161,.2347,.2404,.4576,.0061
17162,.1763,.2092,.4984,.0364
17163,.2303,.0912,.5654,.0508
17164,.2089,.2530,.4640,.0046
17165,.1811,.2157,.5331,.0038
17166,.2047,.1103,.6238,.0133
17167,.3188,.1135,.5093,.0069
17168,.2510,.3250,.3667,.0000
17169,.2004,.2825,.4560,.0140
17170,.3830,.1099,.4570,.0035
17171,.2866,.1342,.5205,.0041
17172,.1382,.2689,.4836,.0231
17173,.2608,.1064,.5643,.0083
17174,.4034,.0683,.4704,.0075
17175,.2683,.1356,.5508,.0034
17176,.2447,.1401,.5570,.0007
17177,.1669,.1273,.6343,.0027
17178,.3418,.0716,.5158,.0087
17179,.3015,.1444,.4920,.0004
17180,.3974,.1084,.4409,.0027
17181,.5814,.0216,.3580,.0088
17182,.7057,.0089,.2680,.0018
17183,.6372,.0295,.3112,.0000
17184,.5762,.0735,.3156,.0000
17185,.7161,.0389,.2254,.0000
17186,.5459,.1574,.2521,.0000
17187,.5313,.0625,.3722,.0000
17188,.6059,.0581,.2921,.0015
17189,.5755,.0329,.3403,.0128
17190,.4638,.0775,.3739,.0377
17191,.3853,.1374,.3514,.0696
17192,.3544,.2184,.2960,.0723
17193,.4136,.1311,.3870,.0192
17194,.3311,.2970,.2453,.0767
17195,.2567,.3500,.2588,.0711
17196,.3129,.3249,.2644,.0522
17197,.2363,.3640,.3484,.0073
17198,.2951,.1541,.4038,.0887
17199,.0912,.5342,.3369,.0081
17200,.0798,.5712,.2845,.0231
17201,.0385,.6925,.1594,.0688
17202,.0387,.7186,.1573,.0576
17203,.0226,.4564,.1202,.1728
17204,.0128,.4714,.0930,.1519
17205,.0133,.5165,.1257,.1324
17206,.2549,.0756,.0751,.2821
17207,.0012,.3680,.0165,.1406
17208,.0008,.2215,.0211,.1271
17209,.0002,.2234,.0124,.0343
17210,.0015,.2434,.0335,.0433
17211,.0030,.8601,.0148,.0138
17212,.0064,.8613,.0697,.0109
17213,.0475,.5820,.1890,.0806
17214,.1798,.3027,.4145,.0250
17215,.2132,.3794,.3141,.0276
17216,.4492,.0690,.4343,.0028
17217,.4576,.0473,.4412,.0005
17218,.2742,.1496,.4804,.0186
17219,.3805,.0488,.4996,.0109
17220,.3739,.0655,.4910,.0064
17221,.7259,.0048,.2440,.0007
17222,.1602,.2814,.4309,.0141
17223,.2534,.2515,.3866,.0051
17224,.6912,.0055,.2705,.0064
17225,.6811,.0000,.2915,.0000
17226,.6273,.0000,.3430,.0000
17227,.4690,.1100,.3664,.0024
17228,.5350,.1131,.2981,.0131
17229,.6486,.0549,.2520,.0013
17230,.6156,.0294,.3126,.0050
17231,.7615,.0030,.2240,.0000
17232,.7111,.0199,.2401,.0052
17233,.5567,.0885,.3004,.0109
17234,.4901,.0444,.4212,.0000
17235,.4802,.0867,.3819,.0087
17236,.3823,.2063,.2622,.0901
17237,.2360,.3623,.2602,.0673
17238,.0478,.7235,.1453,.0061
17239,.0162,.7679,.0811,.0238
17240,.2407,.3708,.1657,.1438
17241,.5094,.0556,.2247,.1509
17242,.2315,.3425,.1533,.1110
17243,.0059,.5696,.0677,.0596
17244,.0020,.8175,.0118,.0165
17245,.0057,.8433,.0075,.0161
17246,.0134,.9649,.0023,.0086
17247,.0060,.7895,.0078,.0295
17248,.0031,.5604,.0160,.0292
17249,.0168,.7693,.0883,.0387
17250,.0223,.7437,.1321,.0133
17251,.0084,.8985,.0399,.0000
17252,.0180,.7838,.1407,.0000
17253,.0912,.5446,.2855,.0112
17254,.2252,.2953,.3327,.0712
17255,.3316,.3628,.1661,.0613
17256,.2711,.3544,.2265,.0781
17257,.5246,.0796,.3097,.0357
17258,.3389,.2532,.3186,.0368
17259,.3903,.2294,.3261,.0023
17260,.5177,.1151,.3219,.0025
17261,.4970,.0703,.3886,.0000
17262,.5825,.0296,.3487,.0028
17263,.5891,.0213,.3194,.0133
17264,.2670,.1684,.4836,.0087
17265,.2664,.1637,.4938,.0011
17266,.3216,.0617,.5303,.0097
17267,.2204,.2420,.4133,.0070
17268,.1119,.4506,.2832,.0129
17269,.1305,.4046,.3661,.0051
17270,.1268,.4424,.3442,.0083
17271,.0306,.7721,.1292,.0000
17272,.1632,.4409,.3138,.0015
17273,.3691,.1207,.4233,.0126
17274,.6273,.0275,.2983,.0009
17275,.5930,.0757,.2611,.0131
17276,.5890,.0731,.2629,.0073
17277,.4687,.0823,.3776,.0043
17278,.6638,.0355,.2654,.0000
17279,.4929,.0927,.3273,.0000
17280,.3654,.1876,.3498,.0019
17281,.4493,.1676,.3163,.0066
17282,.6028,.0396,.3084,.0000
17283,.4358,.1045,.3828,.0021
17284,.5314,.0539,.3633,.0000
17285,.4267,.1056,.3874,.0037
17286,.4743,.0759,.3742,.0000
17287,.4959,.1177,.3174,.0000
17288,.4680,.0843,.3812,.0011
17289,.5902,.0468,.3073,.0000
17290,.6395,.0348,.2722,.0053
17291,.3531,.1410,.4456,.0127
17292,.1795,.3493,.3998,.0071
17293,.1546,.3159,.4398,.0076
17294,.2000,.2792,.4427,.0159
17295,.1731,.2716,.4909,.0039
17296,.2406,.1801,.5184,.0059
17297,.2167,.2691,.4475,.0042
17298,.1807,.2123,.5378,.0066
17299,.1612,.2664,.4944,.0072
17300,.1917,.1850,.5538,.0192
17301,.1479,.3945,.4052,.0037
17302,.1561,.3328,.4666,.0000
17303,.1960,.2523,.4950,.0020
17304,.3287,.0960,.5319,.0022
17305,.2061,.1728,.5619,.0009
17306,.2051,.0584,.6645,.0066
17307,.2579,.0999,.5589,.0306
17308,.3580,.0756,.5181,.0000
17309,.2237,.1981,.5278,.0000
17310,.2820,.0682,.5866,.0046
17311,.3212,.0937,.4978,.0271
17312,.3394,.1073,.4824,.0047
17313,.2814,.1792,.4947,.0004
17314,.3568,.0640,.5283,.0113
17315,.6165,.0274,.3344,.0000
17316,.5822,.0645,.3229,.0000
17317,.6401,.0388,.3004,.0000
17318,.5962,.1000,.2702,.0002
17319,.6097,.0892,.2702,.0000
17320,.5429,.1257,.2949,.0000
17321,.5444,.0925,.3229,.0000
17322,.4556,.1561,.3340,.0082
17323,.6250,.0170,.3422,.0009
17324,.4549,.1979,.2940,.0094
17325,.3585,.2674,.3100,.0163
17326,.3366,.3502,.2268,.0401
17327,.2778,.3889,.2427,.0464
17328,.1164,.5910,.1899,.0327
17329,.2349,.3986,.2531,.0511
17330,.1313,.6162,.1817,.0313
17331,.1309,.4904,.2878,.0261
17332,.0172,.8341,.0859,.0347
17333,.0134,.9026,.0445,.0060
17334,.0100,.8750,.0198,.0409
17335,.0092,.8379,.0220,.0548
17336,.0511,.5803,.0183,.1770
17337,.0401,.4715,.0347,.1196
17338,.1145,.3887,.0565,.2011
17339,.2201,.5993,.0397,.0918
17340,.0698,.4551,.0710,.2349
17341,.0225,.8199,.0265,.0520
17342,.0152,.9044,.0094,.0270
17343,.0048,.4582,.0351,.0379
17344,.0196,.8432,.0554,.0193
17345,.0078,.7938,.1020,.0296
17346,.1437,.3699,.4062,.0058
17347,.1026,.4557,.3647,.0116
17348,.2204,.3203,.3956,.0154
17349,.5036,.0847,.3417,.0261
17350,.5083,.0480,.3995,.0008
17351,.4038,.0903,.4371,.0079
17352,.3255,.1229,.4386,.0337
17353,.3400,.0769,.4492,.0610
17354,.3723,.1323,.4113,.0236
17355,.2163,.2036,.3927,.0483
17356,.1855,.3290,.3016,.0237
17357,.5825,.0547,.2891,.0183
17358,.6291,.0049,.3350,.0025
17359,.6067,.0000,.3652,.0000
17360,.5938,.0207,.3554,.0008
17361,.4984,.0438,.4033,.0024
17362,.4363,.0488,.4511,.0151
17363,.5069,.0311,.3928,.0126
17364,.4489,.0829,.4029,.0051
17365,.6963,.0026,.2765,.0006
17366,.5654,.0133,.3751,.0038
17367,.6601,.0000,.3148,.0000
17368,.6111,.0197,.3350,.0014
17369,.5696,.0356,.3372,.0217
17370,.3213,.2433,.3060,.0515
17371,.1313,.6582,.1667,.0054
17372,.0746,.6260,.2123,.0132
17373,.0722,.6749,.1036,.0615
17374,.3234,.3155,.1905,.1154
17375,.3075,.3254,.1817,.1210
17376,.0420,.6703,.1794,.0048
17377,.0134,.8329,.0657,.0073
17378,.0072,.9125,.0150,.0243
17379,.0110,.9093,.0107,.0169
17380,.0119,.7595,.0094,.0310
17381,.0115,.7569,.0204,.0545
17382,.0013,.5382,.0317,.0602
17383,.0156,.5290,.1538,.0877
17384,.0346,.7602,.1549,.0000
17385,.0099,.8072,.1207,.0005
17386,.0252,.6848,.1774,.0120
17387,.1276,.4156,.3472,.0341
17388,.2439,.2685,.2990,.1183
17389,.2021,.3382,.3020,.0958
17390,.3858,.1454,.3210,.0949
17391,.1752,.5454,.2137,.0220
17392,.3191,.2633,.3351,.0165
17393,.2910,.3156,.3234,.0020
17394,.4686,.0770,.4052,.0000
17395,.5797,.0846,.2935,.0010
17396,.6058,.0029,.3535,.0013
17397,.5381,.0342,.3812,.0015
17398,.3374,.1261,.4680,.0039
17399,.3958,.0474,.4937,.0000
17400,.4369,.1087,.3759,.0087
17401,.2141,.3988,.3021,.0002
17402,.0896,.4987,.3201,.0026
17403,.2033,.2304,.4775,.0189
17404,.2094,.2671,.4290,.0000
17405,.1019,.4268,.2988,.0202
17406,.4238,.1731,.3401,.0023
17407,.6074,.0365,.2893,.0002
17408,.5416,.0678,.3168,.0024
17409,.6680,.0085,.2859,.0006
17410,.5954,.0535,.2998,.0000
17411,.6057,.0386,.2927,.0089
17412,.6040,.0351,.3005,.0000
17413,.3845,.2170,.3287,.0002
17414,.6089,.0601,.3018,.0014
17415,.6274,.0491,.2689,.0064
17416,.4061,.1897,.3398,.0011
17417,.7009,.0018,.2518,.0000
17418,.6855,.0103,.2522,.0000
17419,.5831,.0387,.3100,.0000
17420,.5105,.0648,.3585,.0000
17421,.3027,.1126,.4527,.0176
17422,.4155,.0915,.4215,.0000
17423,.3722,.1551,.3894,.0000
17424,.2066,.2338,.4941,.0069
17425,.1796,.3162,.4334,.0041
17426,.1345,.3162,.4549,.0285
17427,.1380,.2747,.4965,.0038
17428,.1865,.2344,.4889,.0222
17429,.2403,.1331,.5494,.0132
17430,.3347,.1957,.4085,.0094
17431,.2297,.2794,.3999,.0358
17432,.3232,.1919,.4311,.0000
17433,.3289,.1414,.4680,.0116
17434,.1605,.3679,.4182,.0000
17435,.1955,.3074,.4489,.0000
17436,.1752,.3434,.4353,.0000
17437,.2517,.2218,.4768,.0000
17438,.2829,.0835,.5775,.0081
17439,.2475,.1559,.5315,.0071
17440,.2590,.2355,.4459,.0081
17441,.2669,.1584,.5332,.0000
17442,.2057,.3316,.4157,.0000
17443,.2006,.2397,.4565,.0506
17444,.2290,.2092,.4667,.0325
17445,.4066,.0229,.4974,.0069
17446,.3115,.1996,.4399,.0053
17447,.4363,.1050,.4168,.0051
17448,.3940,.0857,.4795,.0001
17449,.5074,.0555,.4078,.0000
17450,.5720,.1045,.2919,.0000
17451,.5425,.1218,.3034,.0000
17452,.4547,.2237,.2844,.0000
17453,.3372,.2582,.3642,.0000
17454,.5652,.0818,.3161,.0000
17455,.6055,.1185,.2425,.0025
17456,.5756,.0624,.3260,.0024
17457,.5377,.0872,.3229,.0228
17458,.3470,.2897,.3158,.0028
17459,.3358,.3740,.2171,.0319
17460,.2442,.4897,.2091,.0162
17461,.1632,.5972,.1636,.0432
17462,.0694,.7376,.1177,.0410
17463,.0191,.7853,.0749,.0484
17464,.0095,.6615,.1301,.0464
17465,.0099,.8998,.0370,.0188
17466,.0240,.8384,.0313,.0129
17467,.0272,.8304,.0234,.0252
17468,.0214,.8790,.0552,.0156
17469,.0142,.7800,.0343,.0708
17470,.0237,.9130,.0108,.0255
17471,.0034,.9566,.0110,.0043
17472,.0040,.9541,.0112,.0062
17473,.0014,.9489,.0145,.0055
17474,.0025,.9439,.0176,.0027
17475,.0055,.9464,.0118,.0085
17476,.0306,.7059,.0230,.0373
17477,.0082,.4572,.0847,.1336
17478,.0274,.6519,.1907,.0364
17479,.0852,.4510,.3513,.0183
17480,.1430,.4064,.3800,.0000
17481,.1682,.3689,.4068,.0035
17482,.3780,.2104,.3562,.0058
17483,.6285,.0342,.2936,.0111
17484,.5605,.0312,.3433,.0191
17485,.4761,.0683,.3737,.0145
17486,.2577,.2550,.3907,.0165
17487,.3807,.1174,.4300,.0231
17488,.1714,.2372,.4516,.0477
17489,.1020,.3432,.3387,.0355
17490,.0753,.4890,.2467,.0241
17491,.3226,.1477,.4404,.0194
17492,.5792,.0189,.3412,.0116
17493,.6604,.0038,.3081,.0000
17494,.5405,.0760,.3248,.0003
17495,.6234,.0239,.3050,.0005
17496,.4829,.0518,.4150,.0019
17497,.4154,.1196,.3947,.0062
17498,.3994,.1038,.4415,.0029
17499,.6517,.0008,.3181,.0000
17500,.4951,.0031,.4252,.0203
17501,.5186,.0655,.3624,.0146
17502,.4277,.1684,.3283,.0394
17503,.6690,.0050,.2850,.0200
17504,.4800,.1048,.3507,.0219
17505,.4241,.1959,.2989,.0276
17506,.2614,.3878,.2535,.0255
17507,.1108,.6201,.1939,.0192
17508,.0787,.6047,.2333,.0055
17509,.0594,.6734,.2027,.0091
17510,.0145,.8376,.0518,.0142
17511,.0089,.9265,.0277,.0016
17512,.0244,.8640,.0205,.0233
17513,.0102,.6929,.0431,.0729
17514,.0004,.3136,.0514,.0794
17515,.0005,.3293,.0205,.0700
17516,.0018,.5529,.0463,.0596
17517,.0072,.7180,.1298,.0575
17518,.0095,.8712,.0483,.0097
17519,.0096,.7042,.1612,.0007
17520,.0159,.7573,.1157,.0030
17521,.0742,.5344,.2687,.0252
17522,.1555,.4053,.3013,.0524
17523,.2287,.3075,.3114,.0841
17524,.0884,.5476,.2454,.0342
17525,.2259,.3403,.3393,.0123
17526,.2663,.3444,.3159,.0020
17527,.4531,.1882,.2988,.0006
17528,.4853,.1316,.3241,.0134
17529,.7063,.0041,.2600,.0010
17530,.7291,.0000,.2423,.0000
17531,.5018,.0736,.3637,.0000
17532,.3430,.0835,.4836,.0219
17533,.5527,.0579,.3234,.0083
17534,.4694,.1534,.2590,.0569
17535,.1209,.4638,.3228,.0020
17536,.2975,.1467,.4741,.0074
17537,.4683,.0687,.4049,.0019
17538,.2629,.2396,.3915,.0097
17539,.2166,.4132,.2518,.0055
17540,.4167,.1656,.3263,.0087
17541,.5226,.0821,.3306,.0028
17542,.7295,.0033,.2312,.0000
17543,.6233,.0151,.3248,.0000
17544,.5398,.0582,.3369,.0000
17545,.5431,.0595,.3358,.0017
17546,.7218,.0192,.2364,.0000
17547,.7432,.0139,.2152,.0000
17548,.6741,.0245,.2675,.0000
17549,.4239,.1129,.3893,.0003
17550,.5242,.0292,.3826,.0027
17551,.5864,.0115,.3499,.0022
17552,.6507,.0095,.2895,.0000
17553,.3989,.1624,.3538,.0151
17554,.2701,.1882,.4417,.0007
17555,.3658,.1066,.4495,.0018
17556,.6058,.0812,.2676,.0000
17557,.2290,.2579,.4285,.0088
17558,.2222,.1702,.5191,.0244
17559,.1719,.2716,.4931,.0000
17560,.2135,.1919,.5296,.0000
17561,.1782,.2457,.4816,.0450
17562,.1876,.2305,.5149,.0102
17563,.2932,.2501,.3911,.0074
17564,.3073,.2057,.4194,.0083
17565,.2733,.2660,.4066,.0000
17566,.3486,.1433,.4517,.0000
17567,.1988,.2432,.4807,.0207
17568,.2565,.2469,.4396,.0032
17569,.1751,.3288,.4434,.0000
17570,.1925,.1997,.5548,.0023
17571,.4428,.0308,.4817,.0023
17572,.4471,.0370,.4764,.0000
17573,.4098,.0959,.4586,.0000
17574,.3063,.1356,.5206,.0000
17575,.3804,.0739,.5018,.0000
17576,.2427,.2031,.4992,.0000
17577,.2503,.3808,.3163,.0095
17578,.2867,.2456,.4192,.0004
17579,.2666,.1827,.4851,.0198
17580,.3768,.1069,.4730,.0000
17581,.3309,.0640,.5550,.0032
17582,.3203,.0904,.5309,.0046
17583,.4581,.0967,.3963,.0025
17584,.4839,.1001,.3649,.0000
17585,.5060,.0595,.4033,.0000
17586,.3431,.1666,.4500,.0000
17587,.3639,.1466,.4475,.0000
17588,.4856,.1150,.3646,.0000
17589,.5023,.1211,.3336,.0000
17590,.5232,.0802,.3631,.0000
17591,.4981,.1040,.3435,.0043
17592,.3205,.2484,.3828,.0009
17593,.2795,.4057,.2625,.0096
17594,.1990,.5029,.2468,.0094
17595,.0775,.6621,.1920,.0155
17596,.0578,.6611,.1284,.0446
17597,.0032,.3850,.1916,.1994
17598,.0131,.8253,.0510,.0450
17599,.0249,.8605,.0465,.0236
17600,.0187,.9065,.0427,.0116
17601,.0164,.8558,.0610,.0128
17602,.0148,.8386,.0426,.0229
17603,.0217,.8403,.0222,.0480
17604,.0042,.9553,.0092,.0073
17605,.0097,.9665,.0063,.0078
17606,.0050,.9633,.0088,.0092
17607,.0051,.9613,.0173,.0029
17608,.0165,.5489,.0296,.0308
17609,.0505,.8145,.0741,.0213
17610,.0442,.4160,.1646,.2014
17611,.0297,.6023,.1115,.1574
17612,.0426,.4919,.2668,.0944
17613,.1148,.4694,.3312,.0055
17614,.1270,.3658,.4222,.0017
17615,.1953,.2596,.4692,.0083
17616,.3929,.1797,.3627,.0039
17617,.6112,.0352,.3036,.0006
17618,.3887,.0940,.4361,.0128
17619,.2527,.2259,.4224,.0086
17620,.5087,.0711,.3785,.0048
17621,.4077,.1612,.3360,.0273
17622,.1355,.4450,.2841,.0348
17623,.1800,.4789,.2217,.0249
17624,.2935,.3133,.3044,.0084
17625,.2120,.3400,.3328,.0294
17626,.3348,.1691,.3828,.0382
17627,.3339,.1874,.3791,.0046
17628,.4019,.1179,.4001,.0025
17629,.5827,.0416,.3328,.0031
17630,.5477,.0917,.3174,.0000
17631,.3326,.1969,.4194,.0000
17632,.5141,.0623,.3821,.0002
17633,.5447,.0426,.3777,.0003
17634,.6112,.0075,.3377,.0078
17635,.6791,.0046,.2926,.0000
17636,.6307,.0293,.2830,.0221
17637,.6893,.0203,.2666,.0012
17638,.5456,.0760,.3097,.0256
17639,.1771,.4772,.2720,.0223
17640,.0927,.6877,.1547,.0201
17641,.0555,.6131,.1915,.0431
17642,.0179,.7752,.1709,.0054
17643,.0078,.8771,.0436,.0202
17644,.0144,.9525,.0173,.0007
17645,.0044,.7812,.0218,.0525
17646,.0000,.5265,.0596,.1552
17647,.0005,.1496,.0522,.0439
17648,.0005,.2373,.0095,.0214
17649,.0030,.6279,.0326,.0210
17650,.0052,.6242,.0189,.0618
17651,.0064,.9092,.0333,.0026
17652,.0107,.7001,.1514,.0001
17653,.0262,.5184,.2692,.0074
17654,.0803,.4862,.3121,.0031
17655,.0231,.7033,.0956,.0035
17656,.0238,.6554,.1834,.0064
17657,.2531,.3136,.2744,.0858
17658,.2971,.2859,.3242,.0162
17659,.3067,.2625,.3547,.0066
17660,.3216,.2214,.3270,.0264
17661,.4273,.1411,.3658,.0047
17662,.5515,.0646,.3419,.0000
17663,.5034,.0933,.3474,.0000
17664,.7001,.0418,.2339,.0002
17665,.7238,.0279,.2081,.0014
17666,.5315,.0789,.3079,.0162
17667,.6307,.0470,.2779,.0008
17668,.5341,.1159,.2861,.0038
17669,.2157,.4709,.2084,.0065
17670,.2332,.2826,.3443,.0305
17671,.3656,.1554,.3806,.0156
17672,.3513,.2964,.2551,.0146
17673,.0750,.6479,.1430,.0089
17674,.1811,.3962,.2853,.0140
17675,.3939,.2016,.3191,.0023
17676,.6058,.0387,.3098,.0000
17677,.4122,.1464,.3490,.0062
17678,.5207,.0859,.3411,.0000
17679,.6663,.0523,.2313,.0000
17680,.6502,.0420,.2573,.0059
17681,.6880,.0098,.2764,.0000
17682,.5405,.1086,.2946,.0016
17683,.2772,.3960,.2595,.0068
17684,.4229,.0646,.4462,.0024
17685,.5181,.0610,.3628,.0000
17686,.3947,.0307,.4904,.0099
17687,.2336,.2353,.4359,.0076
17688,.2696,.1698,.4449,.0049
17689,.3355,.2337,.3280,.0076
