gridID,EcotypeID,EcotypeFrac
1,5254,.9040
1,-999,.0960
2,-999,.1339
2,5254,.8661
3,5254,.7752
3,-999,.2248
4,-999,.9174
4,5254,.0826
5,-999,.8793
5,5254,.1207
6,-999,.2222
6,5254,.7778
7,5254,.7107
7,-999,.2893
8,-999,.4262
8,5254,.5738
9,5254,1.0000
10,5254,1.0000
11,5254,1.0000
12,5254,1.0000
13,5254,1.0000
14,5254,1.0000
15,5254,.9174
15,-999,.0826
16,-999,.2203
16,5254,.7797
17,5254,1.0000
18,5254,1.0000
19,5254,1.0000
20,5254,1.0000
21,5254,1.0000
22,5254,1.0000
23,5254,1.0000
24,5254,1.0000
25,5254,1.0000
26,5254,1.0000
27,5254,1.0000
28,5254,1.0000
29,5254,1.0000
30,5254,1.0000
31,5254,1.0000
32,5254,1.0000
33,5254,1.0000
34,5254,1.0000
35,5254,1.0000
36,5254,1.0000
37,5254,1.0000
38,5254,1.0000
39,5254,1.0000
40,5254,.9752
40,-999,.0248
41,5254,.7634
41,-999,.2366
42,-999,.0455
42,5254,.9545
43,5254,.8273
43,-999,.1727
44,-999,.8833
44,5254,.1167
45,-999,.7364
45,5254,.2636
46,-999,.6636
46,5254,.3364
47,-999,.0076
47,5254,.9924
48,5254,.9256
48,-999,.0744
49,-999,.8864
49,5254,.1136
50,-999,.6694
50,5254,.3306
51,-999,.6116
51,5254,.3884
52,-999,1.0000
53,-999,.7190
53,5254,.2810
54,-999,.8099
54,5254,.1901
55,-999,1.0000
56,-999,1.0000
57,-999,1.0000
58,-999,1.0000
59,-999,1.0000
60,-999,1.0000
61,-999,1.0000
62,-999,1.0000
63,-999,1.0000
64,-999,1.0000
65,-999,1.0000
66,-999,1.0000
67,-999,1.0000
68,-999,1.0000
69,-999,1.0000
70,-999,1.0000
71,-999,1.0000
72,-999,1.0000
73,-999,1.0000
74,-999,1.0000
75,-999,1.0000
76,-999,1.0000
77,-999,1.0000
78,-999,1.0000
79,-999,1.0000
80,-999,1.0000
81,-999,1.0000
82,-999,1.0000
83,-999,1.0000
84,-999,1.0000
85,-999,1.0000
86,-999,1.0000
87,-999,1.0000
88,-999,1.0000
89,-999,1.0000
90,-999,1.0000
91,-999,1.0000
92,-999,1.0000
93,-999,1.0000
94,-999,1.0000
95,-999,1.0000
96,-999,1.0000
97,-999,1.0000
98,-999,1.0000
99,-999,1.0000
100,-999,1.0000
101,-999,1.0000
102,-999,1.0000
103,-999,1.0000
104,-999,1.0000
105,-999,1.0000
106,-999,1.0000
107,-999,1.0000
108,-999,1.0000
109,-999,1.0000
110,-999,1.0000
111,-999,1.0000
112,-999,1.0000
113,-999,1.0000
114,-999,1.0000
115,-999,1.0000
116,-999,1.0000
117,-999,1.0000
118,-999,1.0000
119,-999,1.0000
120,-999,1.0000
121,-999,1.0000
122,-999,1.0000
123,-999,1.0000
124,-999,1.0000
125,-999,1.0000
126,-999,1.0000
127,-999,1.0000
128,-999,1.0000
129,-999,1.0000
130,-999,1.0000
131,-999,1.0000
132,-999,1.0000
133,-999,1.0000
134,5254,1.0000
135,5254,1.0000
136,5254,.7304
136,-999,.2696
137,-999,1.0000
138,-999,.5124
138,5254,.4876
139,5254,.9832
139,-999,.0168
140,5254,.8115
140,-999,.1885
141,-999,.2066
141,5254,.7934
142,5254,1.0000
143,5254,1.0000
144,5254,1.0000
145,5254,1.0000
146,5254,1.0000
147,5254,1.0000
148,5254,1.0000
149,5254,1.0000
150,5254,1.0000
151,5254,1.0000
152,5254,1.0000
153,5254,1.0000
154,5254,1.0000
155,5254,1.0000
156,5254,1.0000
157,5254,1.0000
158,5254,1.0000
159,5254,1.0000
160,5254,1.0000
161,5254,1.0000
162,5254,1.0000
163,5254,1.0000
164,5254,1.0000
165,5254,1.0000
166,5254,1.0000
167,5254,1.0000
168,5254,1.0000
169,5254,1.0000
170,5254,1.0000
171,5254,1.0000
172,5254,1.0000
173,5254,1.0000
174,5254,1.0000
175,5254,1.0000
176,5254,.4298
176,-999,.5702
177,-999,.2955
177,5254,.7045
178,5254,1.0000
179,5254,.9504
179,-999,.0496
180,5254,1.0000
181,5254,.9835
181,-999,.0165
182,5254,.7045
182,-999,.2955
183,5254,1.0000
184,5254,.9835
184,-999,.0165
185,-999,.7121
185,5254,.2879
186,-999,1.0000
187,-999,.8661
187,5254,.1339
188,-999,.8319
188,5254,.1681
189,-999,1.0000
190,-999,1.0000
191,-999,1.0000
192,-999,1.0000
193,-999,1.0000
194,-999,1.0000
195,-999,1.0000
196,-999,1.0000
197,-999,1.0000
198,-999,1.0000
199,-999,1.0000
200,-999,1.0000
201,-999,1.0000
202,-999,1.0000
203,-999,1.0000
204,-999,1.0000
205,-999,1.0000
206,-999,1.0000
207,-999,1.0000
208,-999,1.0000
209,-999,1.0000
210,-999,1.0000
211,-999,1.0000
212,-999,1.0000
213,-999,1.0000
214,-999,1.0000
215,-999,1.0000
216,-999,1.0000
217,-999,1.0000
218,-999,1.0000
219,-999,1.0000
220,-999,1.0000
221,-999,1.0000
222,-999,1.0000
223,-999,1.0000
224,-999,1.0000
225,-999,1.0000
226,-999,1.0000
227,-999,1.0000
228,-999,1.0000
229,-999,1.0000
230,-999,1.0000
231,-999,1.0000
232,-999,1.0000
233,-999,1.0000
234,-999,1.0000
235,-999,1.0000
236,-999,1.0000
237,-999,1.0000
238,-999,1.0000
239,-999,1.0000
240,-999,1.0000
241,-999,1.0000
242,-999,1.0000
243,-999,1.0000
244,-999,1.0000
245,-999,1.0000
246,-999,1.0000
247,-999,1.0000
248,-999,1.0000
249,-999,1.0000
250,-999,1.0000
251,-999,1.0000
252,-999,1.0000
253,-999,1.0000
254,-999,1.0000
255,-999,1.0000
256,-999,1.0000
257,-999,1.0000
258,-999,1.0000
259,-999,1.0000
260,-999,1.0000
261,-999,1.0000
262,-999,1.0000
263,-999,1.0000
264,-999,1.0000
265,-999,1.0000
266,-999,1.0000
267,5254,1.0000
268,5254,1.0000
269,5254,.4758
269,-999,.5242
270,-999,.9829
270,5254,.0171
271,-999,.3600
271,5254,.6400
272,5254,1.0000
273,5254,1.0000
274,5254,1.0000
275,5254,1.0000
276,5254,1.0000
277,5254,1.0000
278,5254,1.0000
279,5254,1.0000
280,5254,1.0000
281,5254,1.0000
282,5254,1.0000
283,5254,1.0000
284,5254,1.0000
285,5254,1.0000
286,5254,1.0000
287,5254,1.0000
288,5254,1.0000
289,5254,1.0000
290,5254,1.0000
291,5254,1.0000
292,5254,1.0000
293,5254,1.0000
294,5254,1.0000
295,5254,1.0000
296,5254,1.0000
297,5254,1.0000
298,5254,1.0000
299,5254,1.0000
300,5254,.7121
300,5222,.2879
301,5254,.9091
301,5222,.0909
302,5254,1.0000
303,5254,1.0000
304,5254,1.0000
305,5254,1.0000
306,5254,1.0000
307,5254,1.0000
308,5254,1.0000
309,5254,.9182
309,-999,.0818
310,5254,1.0000
311,5254,1.0000
312,5254,1.0000
313,5254,1.0000
314,5254,.8273
314,-999,.1727
315,5254,.6417
315,-999,.3583
316,5254,.9636
316,-999,.0364
317,5254,1.0000
318,5254,.9167
318,-999,.0833
319,-999,.6942
319,5254,.3058
320,-999,.3636
320,5254,.6364
321,5254,.8843
321,-999,.1157
322,-999,.9587
322,5254,.0413
323,-999,1.0000
324,-999,1.0000
325,-999,1.0000
326,-999,1.0000
327,-999,1.0000
328,-999,1.0000
329,-999,1.0000
330,-999,1.0000
331,-999,1.0000
332,-999,1.0000
333,-999,1.0000
334,-999,1.0000
335,-999,1.0000
336,-999,1.0000
337,-999,1.0000
338,-999,1.0000
339,-999,1.0000
340,-999,1.0000
341,-999,1.0000
342,-999,1.0000
343,-999,1.0000
344,-999,1.0000
345,-999,1.0000
346,-999,1.0000
347,-999,1.0000
348,-999,1.0000
349,-999,1.0000
350,-999,1.0000
351,-999,1.0000
352,-999,1.0000
353,-999,1.0000
354,-999,1.0000
355,-999,1.0000
356,-999,1.0000
357,-999,1.0000
358,-999,1.0000
359,-999,1.0000
360,-999,1.0000
361,-999,1.0000
362,-999,1.0000
363,-999,1.0000
364,-999,1.0000
365,-999,1.0000
366,-999,1.0000
367,-999,1.0000
368,-999,1.0000
369,-999,1.0000
370,-999,1.0000
371,-999,1.0000
372,-999,1.0000
373,-999,1.0000
374,-999,1.0000
375,-999,1.0000
376,-999,1.0000
377,-999,1.0000
378,-999,1.0000
379,-999,1.0000
380,-999,1.0000
381,-999,1.0000
382,-999,1.0000
383,-999,1.0000
384,-999,1.0000
385,-999,1.0000
386,-999,1.0000
387,-999,1.0000
388,-999,1.0000
389,-999,1.0000
390,-999,1.0000
391,-999,1.0000
392,-999,1.0000
393,-999,1.0000
394,-999,1.0000
395,-999,1.0000
396,-999,1.0000
397,-999,1.0000
398,-999,1.0000
399,-999,1.0000
400,5254,1.0000
401,5254,1.0000
402,5254,.9194
402,-999,.0806
403,-999,.1220
403,5254,.8780
404,5254,1.0000
405,5254,1.0000
406,5254,1.0000
407,5254,1.0000
408,5254,1.0000
409,5254,1.0000
410,5254,1.0000
411,5254,1.0000
412,5254,1.0000
413,5254,1.0000
414,5254,1.0000
415,5254,1.0000
416,5254,1.0000
417,5254,1.0000
418,5254,1.0000
419,5254,1.0000
420,5254,1.0000
421,5254,1.0000
422,5254,1.0000
423,5254,1.0000
424,5254,1.0000
425,5254,1.0000
426,5254,1.0000
427,5254,1.0000
428,5254,1.0000
429,5254,1.0000
430,5254,1.0000
431,5254,1.0000
432,5254,.7438
432,5222,.2562
433,5254,.0152
433,5222,.9848
434,5222,.8760
434,5254,.1240
435,5254,.7879
435,5222,.2121
436,5254,1.0000
437,5254,1.0000
438,5254,1.0000
439,5254,1.0000
440,5254,1.0000
441,5254,.7603
441,5222,.2397
442,5254,.8843
442,5222,.1157
443,5254,1.0000
444,5254,1.0000
445,5254,1.0000
446,5254,1.0000
447,5254,.7934
447,-999,.2066
448,5254,.9697
448,-999,.0303
449,5254,1.0000
450,5254,1.0000
451,5254,1.0000
452,5254,1.0000
453,5254,1.0000
454,5254,.9421
454,-999,.0579
455,5254,.0345
455,-999,.9655
456,-999,1.0000
457,-999,.9727
457,5254,.0273
458,-999,1.0000
459,-999,1.0000
460,-999,1.0000
461,-999,1.0000
462,-999,1.0000
463,-999,1.0000
464,-999,1.0000
465,-999,1.0000
466,-999,1.0000
467,-999,1.0000
468,-999,1.0000
469,-999,1.0000
470,-999,1.0000
471,-999,1.0000
472,-999,1.0000
473,-999,1.0000
474,-999,1.0000
475,-999,1.0000
476,-999,1.0000
477,-999,1.0000
478,-999,1.0000
479,-999,1.0000
480,-999,1.0000
481,-999,1.0000
482,-999,1.0000
483,-999,1.0000
484,-999,1.0000
485,-999,1.0000
486,-999,1.0000
487,-999,1.0000
488,-999,1.0000
489,-999,1.0000
490,-999,1.0000
491,-999,1.0000
492,-999,1.0000
493,-999,1.0000
494,-999,1.0000
495,-999,1.0000
496,-999,1.0000
497,-999,1.0000
498,-999,1.0000
499,-999,1.0000
500,-999,1.0000
501,-999,1.0000
502,-999,1.0000
503,-999,1.0000
504,-999,1.0000
505,-999,1.0000
506,-999,1.0000
507,-999,1.0000
508,-999,1.0000
509,-999,1.0000
510,-999,1.0000
511,-999,1.0000
512,-999,1.0000
513,-999,1.0000
514,-999,1.0000
515,-999,1.0000
516,-999,1.0000
517,-999,1.0000
518,-999,1.0000
519,-999,1.0000
520,-999,1.0000
521,-999,1.0000
522,-999,1.0000
523,-999,1.0000
524,-999,1.0000
525,-999,1.0000
526,-999,1.0000
527,-999,1.0000
528,-999,1.0000
529,-999,1.0000
530,-999,1.0000
531,-999,1.0000
532,-999,1.0000
533,5254,1.0000
534,5254,1.0000
535,5254,1.0000
536,5254,1.0000
537,5254,1.0000
538,5254,1.0000
539,5254,1.0000
540,5254,1.0000
541,5254,1.0000
542,5254,1.0000
543,5254,1.0000
544,5254,1.0000
545,5254,1.0000
546,5254,1.0000
547,5254,1.0000
548,5254,1.0000
549,5254,1.0000
550,5254,1.0000
551,5254,1.0000
552,5254,1.0000
553,5254,1.0000
554,5254,1.0000
555,5254,1.0000
556,5254,1.0000
557,5254,1.0000
558,5254,1.0000
559,5254,1.0000
560,5254,1.0000
561,5254,1.0000
562,5254,1.0000
563,5254,1.0000
564,5254,.9286
564,5222,.0714
565,5254,.1000
565,5222,.9000
566,5222,1.0000
567,5222,1.0000
568,5222,.8839
568,5254,.1161
569,5254,.8016
569,5222,.1984
570,5254,1.0000
571,5254,1.0000
572,5254,1.0000
573,5254,1.0000
574,5254,.4580
574,5222,.5420
575,5222,.9669
575,5254,.0331
576,5254,.5000
576,5222,.5000
577,5254,1.0000
578,5254,1.0000
579,5254,1.0000
580,5254,.9835
580,-999,.0165
581,-999,.0152
581,5254,.9848
582,5254,1.0000
583,5254,1.0000
584,5254,1.0000
585,5254,1.0000
586,5254,1.0000
587,5254,.9182
587,-999,.0818
588,-999,.9524
588,5254,.0476
589,-999,.6179
589,5254,.3821
590,-999,.2066
590,5254,.7934
591,-999,.9848
591,5254,.0152
592,-999,1.0000
593,-999,1.0000
594,-999,1.0000
595,-999,1.0000
596,-999,1.0000
597,-999,1.0000
598,-999,1.0000
599,-999,1.0000
600,-999,1.0000
601,-999,1.0000
602,-999,1.0000
603,-999,1.0000
604,-999,1.0000
605,-999,1.0000
606,-999,1.0000
607,-999,1.0000
608,-999,1.0000
609,-999,1.0000
610,-999,1.0000
611,-999,1.0000
612,-999,1.0000
613,-999,1.0000
614,-999,1.0000
615,-999,1.0000
616,-999,1.0000
617,-999,1.0000
618,-999,1.0000
619,-999,1.0000
620,-999,1.0000
621,-999,1.0000
622,-999,1.0000
623,-999,1.0000
624,-999,1.0000
625,-999,1.0000
626,-999,1.0000
627,-999,1.0000
628,-999,1.0000
629,-999,1.0000
630,-999,1.0000
631,-999,1.0000
632,-999,1.0000
633,-999,1.0000
634,-999,1.0000
635,-999,1.0000
636,-999,1.0000
637,-999,1.0000
638,-999,1.0000
639,-999,1.0000
640,-999,1.0000
641,-999,1.0000
642,-999,1.0000
643,-999,1.0000
644,-999,1.0000
645,-999,1.0000
646,-999,1.0000
647,-999,1.0000
648,-999,1.0000
649,-999,1.0000
650,-999,1.0000
651,-999,1.0000
652,-999,1.0000
653,-999,1.0000
654,-999,1.0000
655,-999,1.0000
656,-999,1.0000
657,-999,1.0000
658,-999,1.0000
659,-999,1.0000
660,-999,1.0000
661,-999,1.0000
662,-999,1.0000
663,-999,1.0000
664,-999,1.0000
665,-999,1.0000
666,5254,1.0000
667,5254,1.0000
668,5254,1.0000
669,5254,1.0000
670,5254,1.0000
671,5254,1.0000
672,5254,1.0000
673,5254,1.0000
674,5254,1.0000
675,5254,1.0000
676,5254,1.0000
677,5254,1.0000
678,5254,1.0000
679,5254,1.0000
680,5254,1.0000
681,5254,1.0000
682,5254,1.0000
683,5254,1.0000
684,5254,1.0000
685,5254,1.0000
686,5254,1.0000
687,5254,1.0000
688,5254,1.0000
689,5254,1.0000
690,5254,1.0000
691,5254,1.0000
692,5254,1.0000
693,5254,1.0000
694,5254,.9583
694,5222,.0417
695,5254,.5680
695,5222,.4320
696,5254,.5950
696,5222,.4050
697,5254,.3939
697,5222,.6061
698,5222,1.0000
699,5222,1.0000
700,5222,1.0000
701,5222,1.0000
702,5222,.9762
702,5254,.0238
703,5254,.3091
703,5222,.6909
704,5254,.5417
704,5222,.4583
705,5254,.5818
705,5222,.4182
706,5254,.3818
706,5222,.6182
707,5254,.0500
707,5222,.9500
708,5222,1.0000
709,5222,.9000
709,5254,.1000
710,5254,1.0000
711,5254,1.0000
712,5254,1.0000
713,5254,1.0000
714,5254,1.0000
715,5254,1.0000
716,5254,1.0000
717,5254,1.0000
718,5254,1.0000
719,5254,1.0000
720,5254,1.0000
721,5254,.5909
721,-999,.4091
722,-999,.3636
722,5254,.6364
723,5254,1.0000
724,5254,.5333
724,-999,.4667
725,-999,.7818
725,5254,.2182
726,-999,.6066
726,5254,.3934
727,-999,.9587
727,5254,.0413
728,-999,1.0000
729,-999,1.0000
730,-999,.9587
730,5254,.0413
731,-999,.9837
731,5254,.0163
732,-999,1.0000
733,-999,1.0000
734,-999,1.0000
735,-999,1.0000
736,-999,1.0000
737,-999,1.0000
738,-999,1.0000
739,-999,1.0000
740,-999,1.0000
741,-999,1.0000
742,-999,1.0000
743,-999,1.0000
744,-999,1.0000
745,-999,1.0000
746,-999,1.0000
747,-999,1.0000
748,-999,1.0000
749,-999,1.0000
750,-999,1.0000
751,-999,1.0000
752,-999,1.0000
753,-999,1.0000
754,-999,1.0000
755,-999,1.0000
756,-999,1.0000
757,-999,1.0000
758,-999,1.0000
759,-999,1.0000
760,-999,1.0000
761,-999,1.0000
762,-999,1.0000
763,-999,1.0000
764,-999,1.0000
765,-999,1.0000
766,-999,1.0000
767,-999,1.0000
768,-999,1.0000
769,-999,1.0000
770,-999,1.0000
771,-999,1.0000
772,-999,1.0000
773,-999,1.0000
774,-999,1.0000
775,-999,1.0000
776,-999,1.0000
777,-999,1.0000
778,-999,1.0000
779,-999,1.0000
780,-999,1.0000
781,-999,1.0000
782,-999,1.0000
783,-999,1.0000
784,-999,1.0000
785,-999,1.0000
786,-999,1.0000
787,-999,1.0000
788,-999,1.0000
789,-999,1.0000
790,-999,1.0000
791,-999,1.0000
792,-999,1.0000
793,-999,1.0000
794,-999,1.0000
795,-999,1.0000
796,-999,1.0000
797,-999,1.0000
798,-999,1.0000
799,5254,1.0000
800,5254,1.0000
801,5254,1.0000
802,5254,1.0000
803,5254,1.0000
804,5254,1.0000
805,5254,1.0000
806,5254,1.0000
807,5254,1.0000
808,5254,1.0000
809,5254,1.0000
810,5254,1.0000
811,5254,1.0000
812,5254,1.0000
813,5254,1.0000
814,5254,1.0000
815,5254,1.0000
816,5254,1.0000
817,5254,1.0000
818,5254,1.0000
819,5254,1.0000
820,5254,1.0000
821,5254,1.0000
822,5254,1.0000
823,5254,1.0000
824,5254,1.0000
825,5254,1.0000
826,5254,1.0000
827,5254,.6583
827,5222,.3417
828,5222,1.0000
829,5222,1.0000
830,5222,1.0000
831,5222,1.0000
832,5222,1.0000
833,5222,1.0000
834,5222,1.0000
835,5222,1.0000
836,5222,1.0000
837,5222,1.0000
838,5222,1.0000
839,5222,1.0000
840,5222,1.0000
841,5222,1.0000
842,5222,.8561
842,5254,.1439
843,5254,1.0000
844,5254,1.0000
845,5254,1.0000
846,5254,1.0000
847,5254,1.0000
848,5254,1.0000
849,5254,1.0000
850,5254,1.0000
851,5254,1.0000
852,5254,1.0000
853,5254,1.0000
854,5254,1.0000
855,5254,.9909
855,-999,.0091
856,5254,1.0000
857,5254,.8250
857,-999,.1750
858,5254,.6393
858,-999,.3607
859,5254,1.0000
860,5254,.5372
860,-999,.4628
861,-999,1.0000
862,-999,1.0000
863,-999,.7009
863,5254,.2991
864,-999,.1935
864,5254,.8065
865,-999,.6860
865,5254,.3140
866,-999,.9924
866,5254,.0076
867,-999,.5641
867,5254,.4359
868,-999,.8000
868,5254,.2000
869,-999,1.0000
870,-999,1.0000
871,-999,1.0000
872,-999,1.0000
873,-999,1.0000
874,-999,1.0000
875,-999,1.0000
876,-999,1.0000
877,-999,1.0000
878,-999,1.0000
879,-999,1.0000
880,-999,1.0000
881,-999,1.0000
882,-999,1.0000
883,-999,1.0000
884,-999,1.0000
885,-999,1.0000
886,-999,1.0000
887,-999,1.0000
888,-999,1.0000
889,-999,1.0000
890,-999,1.0000
891,-999,1.0000
892,-999,1.0000
893,-999,1.0000
894,-999,1.0000
895,-999,1.0000
896,-999,1.0000
897,-999,1.0000
898,-999,1.0000
899,-999,1.0000
900,-999,1.0000
901,-999,1.0000
902,-999,1.0000
903,-999,1.0000
904,-999,1.0000
905,-999,1.0000
906,-999,1.0000
907,-999,1.0000
908,-999,1.0000
909,-999,1.0000
910,-999,1.0000
911,-999,1.0000
912,-999,1.0000
913,-999,1.0000
914,-999,1.0000
915,-999,1.0000
916,-999,1.0000
917,-999,1.0000
918,-999,1.0000
919,-999,1.0000
920,-999,1.0000
921,-999,1.0000
922,-999,1.0000
923,-999,1.0000
924,-999,1.0000
925,-999,1.0000
926,-999,1.0000
927,-999,1.0000
928,-999,1.0000
929,-999,1.0000
930,-999,1.0000
931,-999,1.0000
932,5254,1.0000
933,5254,1.0000
934,5254,1.0000
935,5254,1.0000
936,5254,1.0000
937,5254,1.0000
938,5254,1.0000
939,5254,1.0000
940,5254,1.0000
941,5254,1.0000
942,5254,1.0000
943,5254,1.0000
944,5254,1.0000
945,5254,1.0000
946,5254,1.0000
947,5254,1.0000
948,5254,1.0000
949,5254,1.0000
950,5254,1.0000
951,5254,1.0000
952,5254,1.0000
953,5254,1.0000
954,5254,1.0000
955,5254,1.0000
956,5254,1.0000
957,5254,1.0000
958,5254,1.0000
959,5254,1.0000
960,5254,.5950
960,5222,.4050
961,5222,1.0000
962,5222,1.0000
963,5222,1.0000
964,5222,1.0000
965,5222,1.0000
966,5222,1.0000
967,5222,1.0000
968,5222,1.0000
969,5222,1.0000
970,5222,1.0000
971,5222,1.0000
972,5222,1.0000
973,5222,1.0000
974,5222,1.0000
975,5222,.6970
975,5254,.3030
976,5254,1.0000
977,5254,1.0000
978,5254,1.0000
979,5254,1.0000
980,5254,1.0000
981,5254,1.0000
982,5254,1.0000
983,5254,1.0000
984,5254,1.0000
985,5254,1.0000
986,5254,1.0000
987,5254,1.0000
988,5254,1.0000
989,5254,.9773
989,-999,.0227
990,5254,.6860
990,-999,.3140
991,-999,.0379
991,5254,.9621
992,5254,1.0000
993,5254,.6847
993,-999,.3153
994,-999,1.0000
995,-999,1.0000
996,-999,1.0000
997,-999,.8843
997,5254,.1157
998,5254,.3465
998,-999,.6535
999,-999,.9381
999,5254,.0619
1000,5254,.5641
1000,-999,.4359
1001,5254,.5038
1001,-999,.4962
1002,-999,.9917
1002,5254,.0083
1003,-999,1.0000
1004,-999,1.0000
1005,-999,1.0000
1006,-999,1.0000
1007,-999,1.0000
1008,-999,1.0000
1009,-999,1.0000
1010,-999,1.0000
1011,-999,1.0000
1012,-999,1.0000
1013,-999,1.0000
1014,-999,1.0000
1015,-999,1.0000
1016,-999,1.0000
1017,-999,1.0000
1018,-999,1.0000
1019,-999,1.0000
1020,-999,1.0000
1021,-999,1.0000
1022,-999,1.0000
1023,-999,1.0000
1024,-999,1.0000
1025,-999,1.0000
1026,-999,1.0000
1027,-999,1.0000
1028,-999,1.0000
1029,-999,1.0000
1030,-999,1.0000
1031,-999,1.0000
1032,-999,1.0000
1033,-999,1.0000
1034,-999,1.0000
1035,-999,1.0000
1036,-999,1.0000
1037,-999,1.0000
1038,-999,1.0000
1039,-999,1.0000
1040,-999,1.0000
1041,-999,1.0000
1042,-999,1.0000
1043,-999,1.0000
1044,-999,1.0000
1045,-999,1.0000
1046,-999,1.0000
1047,-999,1.0000
1048,-999,1.0000
1049,-999,1.0000
1050,-999,1.0000
1051,-999,1.0000
1052,-999,1.0000
1053,-999,1.0000
1054,-999,1.0000
1055,-999,1.0000
1056,-999,1.0000
1057,-999,1.0000
1058,-999,1.0000
1059,-999,1.0000
1060,-999,1.0000
1061,-999,1.0000
1062,-999,1.0000
1063,-999,1.0000
1064,-999,1.0000
1065,5254,1.0000
1066,5254,1.0000
1067,5254,1.0000
1068,5254,1.0000
1069,5254,1.0000
1070,5254,1.0000
1071,5254,1.0000
1072,5254,1.0000
1073,5254,1.0000
1074,5254,1.0000
1075,5254,1.0000
1076,5254,1.0000
1077,5254,1.0000
1078,5254,1.0000
1079,5254,1.0000
1080,5254,1.0000
1081,5254,1.0000
1082,5254,1.0000
1083,5254,1.0000
1084,5254,1.0000
1085,5254,1.0000
1086,5254,1.0000
1087,5254,1.0000
1088,5254,1.0000
1089,5254,1.0000
1090,5254,1.0000
1091,5254,1.0000
1092,5254,1.0000
1093,5254,.7000
1093,5222,.3000
1094,5222,1.0000
1095,5222,1.0000
1096,5222,1.0000
1097,5222,1.0000
1098,5222,1.0000
1099,5222,1.0000
1100,5222,1.0000
1101,5222,1.0000
1102,5222,1.0000
1103,5222,1.0000
1104,5222,1.0000
1105,5222,1.0000
1106,5222,1.0000
1107,5222,1.0000
1108,5222,.9917
1108,5254,.0083
1109,5254,.2818
1109,5222,.7182
1110,5254,.6667
1110,5222,.3333
1111,5254,1.0000
1112,5254,1.0000
1113,5254,1.0000
1114,5254,1.0000
1115,5254,1.0000
1116,5254,1.0000
1117,5254,1.0000
1118,5254,1.0000
1119,5254,1.0000
1120,5254,1.0000
1121,5254,1.0000
1122,5254,.7480
1122,-999,.2520
1123,-999,.0364
1123,5254,.9636
1124,5254,1.0000
1125,5254,1.0000
1126,5254,.2879
1126,-999,.7121
1127,-999,1.0000
1128,-999,1.0000
1129,-999,1.0000
1130,-999,.5364
1130,5254,.4636
1131,5254,.9435
1131,-999,.0565
1132,-999,.0909
1132,5254,.9091
1133,5254,.8409
1133,-999,.1591
1134,5254,.7025
1134,-999,.2975
1135,-999,.4188
1135,5254,.5812
1136,-999,1.0000
1137,-999,1.0000
1138,-999,1.0000
1139,-999,1.0000
1140,-999,1.0000
1141,-999,1.0000
1142,-999,1.0000
1143,-999,1.0000
1144,-999,1.0000
1145,-999,1.0000
1146,-999,1.0000
1147,-999,1.0000
1148,-999,1.0000
1149,-999,1.0000
1150,-999,1.0000
1151,-999,1.0000
1152,-999,1.0000
1153,-999,1.0000
1154,-999,1.0000
1155,-999,1.0000
1156,-999,1.0000
1157,-999,1.0000
1158,-999,1.0000
1159,-999,1.0000
1160,-999,1.0000
1161,-999,1.0000
1162,-999,1.0000
1163,-999,1.0000
1164,-999,1.0000
1165,-999,1.0000
1166,-999,1.0000
1167,-999,1.0000
1168,-999,1.0000
1169,-999,1.0000
1170,-999,1.0000
1171,-999,1.0000
1172,-999,1.0000
1173,-999,1.0000
1174,-999,1.0000
1175,-999,1.0000
1176,-999,1.0000
1177,-999,1.0000
1178,-999,1.0000
1179,-999,1.0000
1180,-999,1.0000
1181,-999,1.0000
1182,-999,1.0000
1183,-999,1.0000
1184,-999,1.0000
1185,-999,1.0000
1186,-999,1.0000
1187,-999,1.0000
1188,-999,1.0000
1189,-999,1.0000
1190,-999,1.0000
1191,-999,1.0000
1192,-999,1.0000
1193,-999,1.0000
1194,-999,1.0000
1195,-999,1.0000
1196,-999,1.0000
1197,-999,1.0000
1198,5254,1.0000
1199,5254,1.0000
1200,5254,1.0000
1201,5254,1.0000
1202,5254,1.0000
1203,5254,1.0000
1204,5254,1.0000
1205,5254,1.0000
1206,5254,1.0000
1207,5254,1.0000
1208,5254,1.0000
1209,5254,1.0000
1210,5254,1.0000
1211,5254,1.0000
1212,5254,1.0000
1213,5254,1.0000
1214,5254,1.0000
1215,5254,1.0000
1216,5254,1.0000
1217,5254,1.0000
1218,5254,1.0000
1219,5254,1.0000
1220,5254,1.0000
1221,5254,1.0000
1222,5254,1.0000
1223,5254,1.0000
1224,5254,1.0000
1225,5254,1.0000
1226,5254,.8182
1226,5222,.1818
1227,5222,.9333
1227,5254,.0667
1228,5222,.9402
1228,5254,.0598
1229,5222,1.0000
1230,5222,1.0000
1231,5222,1.0000
1232,5222,1.0000
1233,5222,1.0000
1234,5222,1.0000
1235,5222,1.0000
1236,5222,1.0000
1237,5222,1.0000
1238,5222,1.0000
1239,5222,1.0000
1240,5222,1.0000
1241,5222,1.0000
1242,5222,1.0000
1243,5222,.9470
1243,5254,.0530
1244,5254,.8430
1244,5222,.1570
1245,5254,1.0000
1246,5254,1.0000
1247,5254,1.0000
1248,5254,1.0000
1249,5254,1.0000
1250,5254,1.0000
1251,5254,1.0000
1252,5254,1.0000
1253,5254,1.0000
1254,5254,.8120
1254,-999,.1880
1255,-999,.4417
1255,5254,.5583
1256,5254,1.0000
1257,5254,1.0000
1258,5254,1.0000
1259,5254,.3939
1259,-999,.6061
1260,-999,1.0000
1261,-999,1.0000
1262,-999,.9912
1262,5254,.0088
1263,-999,.8125
1263,5254,.1875
1264,5254,.5714
1264,-999,.4286
1265,5254,1.0000
1266,5254,.7984
1266,-999,.2016
1267,-999,.8818
1267,5254,.1182
1268,5254,.2290
1268,-999,.7710
1269,-999,1.0000
1270,-999,.7154
1270,5254,.2846
1271,-999,.9196
1271,5254,.0804
1272,-999,1.0000
1273,-999,1.0000
1274,-999,1.0000
1275,-999,1.0000
1276,-999,1.0000
1277,-999,1.0000
1278,-999,1.0000
1279,-999,1.0000
1280,-999,1.0000
1281,-999,1.0000
1282,-999,1.0000
1283,-999,1.0000
1284,-999,1.0000
1285,-999,1.0000
1286,-999,1.0000
1287,-999,1.0000
1288,-999,1.0000
1289,-999,1.0000
1290,-999,1.0000
1291,-999,1.0000
1292,-999,1.0000
1293,-999,1.0000
1294,-999,1.0000
1295,-999,1.0000
1296,-999,1.0000
1297,-999,1.0000
1298,-999,1.0000
1299,-999,1.0000
1300,-999,1.0000
1301,-999,1.0000
1302,-999,1.0000
1303,-999,1.0000
1304,-999,1.0000
1305,-999,1.0000
1306,-999,1.0000
1307,-999,1.0000
1308,-999,1.0000
1309,-999,1.0000
1310,-999,1.0000
1311,-999,1.0000
1312,-999,1.0000
1313,-999,1.0000
1314,-999,1.0000
1315,-999,1.0000
1316,-999,1.0000
1317,-999,1.0000
1318,-999,1.0000
1319,-999,1.0000
1320,-999,1.0000
1321,-999,1.0000
1322,-999,1.0000
1323,-999,1.0000
1324,-999,1.0000
1325,-999,1.0000
1326,-999,1.0000
1327,-999,1.0000
1328,-999,1.0000
1329,-999,1.0000
1330,-999,1.0000
1331,5254,1.0000
1332,5254,1.0000
1333,5254,1.0000
1334,5254,1.0000
1335,5254,1.0000
1336,5254,1.0000
1337,5254,1.0000
1338,5254,1.0000
1339,5254,1.0000
1340,5254,1.0000
1341,5254,1.0000
1342,5254,1.0000
1343,5254,1.0000
1344,5254,1.0000
1345,5254,1.0000
1346,5254,1.0000
1347,5254,1.0000
1348,5254,1.0000
1349,5254,1.0000
1350,5254,1.0000
1351,5254,1.0000
1352,5254,1.0000
1353,5254,1.0000
1354,5254,1.0000
1355,5254,1.0000
1356,5254,1.0000
1357,5254,1.0000
1358,5254,1.0000
1359,5254,1.0000
1360,5254,.9752
1360,5222,.0248
1361,5254,.9394
1361,5222,.0606
1362,5222,.6694
1362,5254,.3306
1363,5222,1.0000
1364,5222,1.0000
1365,5222,1.0000
1366,5222,1.0000
1367,5222,1.0000
1368,5222,1.0000
1369,5222,1.0000
1370,5222,1.0000
1371,5222,1.0000
1372,5222,1.0000
1373,5222,1.0000
1374,5222,1.0000
1375,5222,1.0000
1376,5222,1.0000
1377,5222,.9421
1377,5254,.0579
1378,5254,.1818
1378,5222,.8182
1379,5254,.7589
1379,5222,.2411
1380,5254,1.0000
1381,5254,1.0000
1382,5254,1.0000
1383,5254,1.0000
1384,5254,1.0000
1385,5254,1.0000
1386,5254,1.0000
1387,5254,.9242
1387,-999,.0758
1388,-999,.0331
1388,5254,.9669
1389,5254,1.0000
1390,5254,1.0000
1391,5254,1.0000
1392,5254,.4034
1392,-999,.5966
1393,-999,1.0000
1394,-999,1.0000
1395,-999,.6942
1395,5254,.3058
1396,-999,.0758
1396,5254,.9242
1397,-999,.0259
1397,5254,.9741
1398,5254,1.0000
1399,5254,.9746
1399,-999,.0254
1400,-999,.7344
1400,5254,.2656
1401,-999,1.0000
1402,-999,.7119
1402,5254,.2881
1403,5254,.6612
1403,-999,.3388
1404,5254,.1983
1404,-999,.8017
1405,-999,.9924
1405,5254,.0076
1406,-999,.9402
1406,5254,.0598
1407,-999,.8852
1407,5254,.1148
1408,-999,1.0000
1409,-999,1.0000
1410,-999,1.0000
1411,-999,1.0000
1412,-999,1.0000
1413,-999,1.0000
1414,-999,1.0000
1415,-999,1.0000
1416,-999,1.0000
1417,-999,1.0000
1418,-999,1.0000
1419,-999,1.0000
1420,-999,1.0000
1421,-999,1.0000
1422,-999,1.0000
1423,-999,1.0000
1424,-999,1.0000
1425,-999,1.0000
1426,-999,1.0000
1427,-999,1.0000
1428,-999,1.0000
1429,-999,1.0000
1430,-999,1.0000
1431,-999,1.0000
1432,-999,1.0000
1433,-999,1.0000
1434,-999,1.0000
1435,-999,1.0000
1436,-999,1.0000
1437,-999,1.0000
1438,-999,1.0000
1439,-999,1.0000
1440,-999,1.0000
1441,-999,1.0000
1442,-999,1.0000
1443,-999,1.0000
1444,-999,1.0000
1445,-999,1.0000
1446,-999,1.0000
1447,-999,1.0000
1448,-999,1.0000
1449,-999,1.0000
1450,-999,1.0000
1451,-999,1.0000
1452,-999,1.0000
1453,-999,1.0000
1454,-999,1.0000
1455,-999,1.0000
1456,-999,1.0000
1457,-999,1.0000
1458,-999,1.0000
1459,-999,1.0000
1460,-999,1.0000
1461,-999,1.0000
1462,-999,1.0000
1463,-999,1.0000
1464,5254,1.0000
1465,5254,1.0000
1466,5254,1.0000
1467,5254,1.0000
1468,5254,1.0000
1469,5254,1.0000
1470,5254,1.0000
1471,5254,1.0000
1472,5254,1.0000
1473,5254,1.0000
1474,5254,1.0000
1475,5254,1.0000
1476,5254,1.0000
1477,5254,1.0000
1478,5254,1.0000
1479,5254,1.0000
1480,5254,1.0000
1481,5254,1.0000
1482,5254,1.0000
1483,5254,1.0000
1484,5254,1.0000
1485,5254,1.0000
1486,5254,1.0000
1487,5254,1.0000
1488,5254,1.0000
1489,5254,1.0000
1490,5254,1.0000
1491,5254,1.0000
1492,5254,1.0000
1493,5254,1.0000
1494,5254,.8333
1494,5222,.1667
1495,5254,.1488
1495,5222,.8512
1496,5222,1.0000
1497,5222,1.0000
1498,5222,1.0000
1499,5222,1.0000
1500,5222,1.0000
1501,5222,1.0000
1502,5222,1.0000
1503,5222,1.0000
1504,5222,1.0000
1505,5222,1.0000
1506,5222,1.0000
1507,5222,1.0000
1508,5222,1.0000
1509,5222,1.0000
1510,5222,1.0000
1511,5222,1.0000
1512,5222,.9083
1512,5254,.0917
1513,5254,.8372
1513,5222,.1628
1514,5254,1.0000
1515,5254,1.0000
1516,5254,1.0000
1517,5254,1.0000
1518,5254,1.0000
1519,5254,1.0000
1520,5254,1.0000
1521,5254,1.0000
1522,5254,1.0000
1523,5254,1.0000
1524,5254,.8550
1524,-999,.1450
1525,5254,.0579
1525,-999,.9421
1526,-999,1.0000
1527,-999,.9921
1527,5254,.0079
1528,-999,.2203
1528,5254,.7797
1529,5254,1.0000
1530,5254,1.0000
1531,5254,1.0000
1532,5254,1.0000
1533,5254,.9923
1533,-999,.0077
1534,-999,.1545
1534,5254,.8455
1535,5254,.9685
1535,-999,.0315
1536,5254,.3058
1536,-999,.6942
1537,-999,1.0000
1538,-999,.7672
1538,5254,.2328
1539,-999,.0336
1539,5254,.9664
1540,-999,.1562
1540,5254,.8437
1541,-999,.9435
1541,5254,.0565
1542,-999,1.0000
1543,-999,1.0000
1544,-999,1.0000
1545,-999,1.0000
1546,-999,1.0000
1547,-999,1.0000
1548,-999,1.0000
1549,-999,1.0000
1550,-999,1.0000
1551,-999,1.0000
1552,-999,1.0000
1553,-999,1.0000
1554,-999,1.0000
1555,-999,1.0000
1556,-999,1.0000
1557,-999,1.0000
1558,-999,1.0000
1559,-999,1.0000
1560,-999,1.0000
1561,-999,1.0000
1562,-999,1.0000
1563,-999,1.0000
1564,-999,1.0000
1565,-999,1.0000
1566,-999,1.0000
1567,-999,1.0000
1568,-999,1.0000
1569,-999,1.0000
1570,-999,1.0000
1571,-999,1.0000
1572,-999,1.0000
1573,-999,1.0000
1574,-999,1.0000
1575,-999,1.0000
1576,-999,1.0000
1577,-999,1.0000
1578,-999,1.0000
1579,-999,1.0000
1580,-999,1.0000
1581,-999,1.0000
1582,-999,1.0000
1583,-999,1.0000
1584,-999,1.0000
1585,-999,1.0000
1586,-999,1.0000
1587,-999,1.0000
1588,-999,1.0000
1589,-999,1.0000
1590,-999,1.0000
1591,-999,1.0000
1592,-999,1.0000
1593,-999,1.0000
1594,-999,1.0000
1595,-999,1.0000
1596,-999,1.0000
1597,5254,1.0000
1598,5254,1.0000
1599,5254,1.0000
1600,5254,1.0000
1601,5254,1.0000
1602,5254,1.0000
1603,5254,1.0000
1604,5254,1.0000
1605,5254,1.0000
1606,5254,1.0000
1607,5254,1.0000
1608,5254,1.0000
1609,5254,1.0000
1610,5254,1.0000
1611,5254,1.0000
1612,5254,1.0000
1613,5254,1.0000
1614,5254,1.0000
1615,5254,1.0000
1616,5254,1.0000
1617,5254,1.0000
1618,5254,1.0000
1619,5254,1.0000
1620,5254,1.0000
1621,5254,1.0000
1622,5254,1.0000
1623,5254,1.0000
1624,5254,1.0000
1625,5254,1.0000
1626,5254,1.0000
1627,5254,.3417
1627,5222,.6583
1628,5222,1.0000
1629,5222,1.0000
1630,5222,1.0000
1631,5222,1.0000
1632,5222,1.0000
1633,5222,1.0000
1634,5222,1.0000
1635,5222,1.0000
1636,5222,1.0000
1637,5222,1.0000
1638,5222,1.0000
1639,5222,1.0000
1640,5222,1.0000
1641,5222,1.0000
1642,5222,1.0000
1643,5222,1.0000
1644,5222,1.0000
1645,5222,1.0000
1646,5222,.9091
1646,5254,.0909
1647,5254,.5207
1647,5222,.4793
1648,5254,.8605
1648,5222,.1395
1649,5254,1.0000
1650,5254,1.0000
1651,5254,1.0000
1652,5254,1.0000
1653,5254,1.0000
1654,5254,1.0000
1655,5254,1.0000
1656,5254,.9008
1656,-999,.0992
1657,5254,.2803
1657,-999,.7197
1658,-999,.8430
1658,5254,.1570
1659,-999,1.0000
1660,-999,.7091
1660,5254,.2909
1661,5254,1.0000
1662,5254,1.0000
1663,5254,1.0000
1664,5254,1.0000
1665,5254,1.0000
1666,5254,1.0000
1667,5254,1.0000
1668,5254,1.0000
1669,5254,.5882
1669,-999,.4118
1670,-999,.9750
1670,5254,.0250
1671,-999,.7395
1671,5254,.2605
1672,5254,.9924
1672,-999,.0076
1673,5254,.5630
1673,-999,.4370
1674,5254,.0083
1674,-999,.9917
1675,-999,1.0000
1676,-999,1.0000
1677,-999,1.0000
1678,-999,.8934
1678,5254,.1066
1679,-999,.5159
1679,5254,.4841
1680,-999,.3852
1680,5254,.6148
1681,-999,.7934
1681,5254,.2066
1682,-999,1.0000
1683,-999,1.0000
1684,-999,1.0000
1685,-999,1.0000
1686,-999,1.0000
1687,-999,1.0000
1688,-999,1.0000
1689,-999,1.0000
1690,-999,1.0000
1691,-999,1.0000
1692,-999,1.0000
1693,-999,1.0000
1694,-999,1.0000
1695,-999,1.0000
1696,-999,1.0000
1697,-999,1.0000
1698,-999,1.0000
1699,-999,1.0000
1700,-999,1.0000
1701,-999,1.0000
1702,-999,1.0000
1703,-999,1.0000
1704,-999,1.0000
1705,-999,1.0000
1706,-999,1.0000
1707,-999,1.0000
1708,-999,1.0000
1709,-999,1.0000
1710,-999,1.0000
1711,-999,1.0000
1712,-999,1.0000
1713,-999,1.0000
1714,-999,1.0000
1715,-999,1.0000
1716,-999,1.0000
1717,-999,1.0000
1718,-999,1.0000
1719,-999,1.0000
1720,-999,1.0000
1721,-999,1.0000
1722,-999,1.0000
1723,-999,1.0000
1724,-999,1.0000
1725,-999,1.0000
1726,-999,1.0000
1727,-999,1.0000
1728,-999,1.0000
1729,-999,1.0000
1730,5254,1.0000
1731,5254,1.0000
1732,5254,1.0000
1733,5254,1.0000
1734,5254,1.0000
1735,5254,1.0000
1736,5254,1.0000
1737,5254,1.0000
1738,5254,1.0000
1739,5254,1.0000
1740,5254,1.0000
1741,5254,1.0000
1742,5254,1.0000
1743,5254,1.0000
1744,5254,1.0000
1745,5254,1.0000
1746,5254,1.0000
1747,5254,1.0000
1748,5254,1.0000
1749,5254,1.0000
1750,5254,1.0000
1751,5254,1.0000
1752,5254,1.0000
1753,5254,1.0000
1754,5254,1.0000
1755,5254,1.0000
1756,5254,1.0000
1757,5254,1.0000
1758,5254,1.0000
1759,5254,1.0000
1760,5254,.1496
1760,5222,.8504
1761,5222,1.0000
1762,5222,1.0000
1763,5222,1.0000
1764,5222,1.0000
1765,5222,1.0000
1766,5222,1.0000
1767,5222,1.0000
1768,5222,1.0000
1769,5222,1.0000
1770,5222,1.0000
1771,5222,1.0000
1772,5222,1.0000
1773,5222,1.0000
1774,5222,1.0000
1775,5222,1.0000
1776,5222,1.0000
1777,5222,1.0000
1778,5222,1.0000
1779,5222,1.0000
1780,5222,1.0000
1781,5222,.6167
1781,5254,.3833
1782,5254,1.0000
1783,5254,1.0000
1784,5254,1.0000
1785,5254,1.0000
1786,5254,1.0000
1787,5254,1.0000
1788,5254,1.0000
1789,5254,.8083
1789,-999,.1917
1790,5254,.5500
1790,-999,.4500
1791,-999,.5545
1791,5254,.4455
1792,-999,.6202
1792,5254,.3798
1793,-999,.0579
1793,5254,.9421
1794,5254,1.0000
1795,5254,1.0000
1796,5254,1.0000
1797,5254,1.0000
1798,5254,1.0000
1799,5254,1.0000
1800,5254,1.0000
1801,5254,1.0000
1802,5254,1.0000
1803,5254,.8293
1803,-999,.1707
1804,-999,.5231
1804,5254,.4769
1805,-999,.4034
1805,5254,.5966
1806,-999,.0924
1806,5254,.9076
1807,-999,.2283
1807,5254,.7717
1808,-999,.5079
1808,5254,.4921
1809,-999,.8500
1809,5254,.1500
1810,-999,.8083
1810,5254,.1917
1811,-999,.5308
1811,5254,.4692
1812,5254,.7966
1812,-999,.2034
1813,5254,.8320
1813,-999,.1680
1814,5254,.0331
1814,-999,.9669
1815,-999,1.0000
1816,-999,.9386
1816,5254,.0614
1817,-999,.7652
1817,5254,.2348
1818,-999,1.0000
1819,-999,1.0000
1820,-999,1.0000
1821,-999,1.0000
1822,-999,1.0000
1823,-999,1.0000
1824,-999,1.0000
1825,-999,1.0000
1826,-999,1.0000
1827,-999,1.0000
1828,-999,1.0000
1829,-999,1.0000
1830,-999,1.0000
1831,-999,1.0000
1832,-999,1.0000
1833,-999,1.0000
1834,-999,1.0000
1835,-999,1.0000
1836,-999,1.0000
1837,-999,1.0000
1838,-999,1.0000
1839,-999,1.0000
1840,-999,1.0000
1841,-999,1.0000
1842,-999,1.0000
1843,-999,1.0000
1844,-999,1.0000
1845,-999,1.0000
1846,-999,1.0000
1847,-999,1.0000
1848,-999,1.0000
1849,-999,1.0000
1850,-999,1.0000
1851,-999,1.0000
1852,-999,1.0000
1853,-999,1.0000
1854,-999,1.0000
1855,-999,1.0000
1856,-999,1.0000
1857,-999,1.0000
1858,-999,1.0000
1859,-999,1.0000
1860,-999,1.0000
1861,-999,1.0000
1862,-999,1.0000
1863,5254,1.0000
1864,5254,1.0000
1865,5254,1.0000
1866,5254,1.0000
1867,5254,1.0000
1868,5254,1.0000
1869,5254,1.0000
1870,5254,1.0000
1871,5254,1.0000
1872,5254,1.0000
1873,5254,1.0000
1874,5254,1.0000
1875,5254,1.0000
1876,5254,1.0000
1877,5254,1.0000
1878,5254,1.0000
1879,5254,1.0000
1880,5254,1.0000
1881,5254,1.0000
1882,5254,1.0000
1883,5254,1.0000
1884,5254,1.0000
1885,5254,1.0000
1886,5254,1.0000
1887,5254,1.0000
1888,5254,1.0000
1889,5254,1.0000
1890,5254,1.0000
1891,5254,1.0000
1892,5254,1.0000
1893,5254,.3554
1893,5222,.6446
1894,5222,1.0000
1895,5222,1.0000
1896,5222,1.0000
1897,5222,1.0000
1898,5222,1.0000
1899,5222,1.0000
1900,5222,1.0000
1901,5222,1.0000
1902,5222,1.0000
1903,5222,1.0000
1904,5222,1.0000
1905,5222,1.0000
1906,5222,1.0000
1907,5222,1.0000
1908,5222,1.0000
1909,5222,1.0000
1910,5222,1.0000
1911,5222,1.0000
1912,5222,1.0000
1913,5222,1.0000
1914,5222,.3712
1914,5254,.6288
1915,5254,1.0000
1916,5254,1.0000
1917,5254,1.0000
1918,5254,1.0000
1919,5254,1.0000
1920,5254,.9256
1920,-999,.0744
1921,5254,.8000
1921,-999,.2000
1922,5254,.5738
1922,-999,.4262
1923,5254,.5285
1923,-999,.4715
1924,-999,.7984
1924,5254,.2016
1925,5254,.9200
1925,-999,.0800
1926,5254,1.0000
1927,5254,1.0000
1928,5254,1.0000
1929,5254,1.0000
1930,5254,1.0000
1931,5254,1.0000
1932,5254,1.0000
1933,5254,1.0000
1934,5254,1.0000
1935,5254,1.0000
1936,5254,1.0000
1937,5254,1.0000
1938,5254,1.0000
1939,5254,1.0000
1940,5254,1.0000
1941,5254,1.0000
1942,5254,.9580
1942,-999,.0420
1943,-999,.3030
1943,5254,.6970
1944,5254,.7155
1944,-999,.2845
1945,5254,1.0000
1946,5254,.7107
1946,-999,.2893
1947,5254,.2205
1947,-999,.7795
1948,-999,.8707
1948,5254,.1293
1949,-999,.4109
1949,5254,.5891
1950,-999,.0661
1950,5254,.9339
1951,-999,.2869
1951,5254,.7131
1952,-999,.6984
1952,5254,.3016
1953,-999,.7417
1953,5254,.2583
1954,-999,1.0000
1955,-999,1.0000
1956,-999,1.0000
1957,-999,1.0000
1958,-999,1.0000
1959,-999,1.0000
1960,-999,1.0000
1961,-999,1.0000
1962,-999,1.0000
1963,-999,1.0000
1964,-999,1.0000
1965,-999,1.0000
1966,-999,1.0000
1967,-999,1.0000
1968,-999,1.0000
1969,-999,1.0000
1970,-999,1.0000
1971,-999,1.0000
1972,-999,1.0000
1973,-999,1.0000
1974,-999,1.0000
1975,-999,1.0000
1976,-999,1.0000
1977,-999,1.0000
1978,-999,1.0000
1979,-999,1.0000
1980,-999,1.0000
1981,-999,1.0000
1982,-999,1.0000
1983,-999,1.0000
1984,-999,1.0000
1985,-999,1.0000
1986,-999,1.0000
1987,-999,1.0000
1988,-999,1.0000
1989,-999,1.0000
1990,-999,1.0000
1991,-999,1.0000
1992,-999,1.0000
1993,-999,1.0000
1994,-999,1.0000
1995,-999,1.0000
1996,5254,1.0000
1997,5254,1.0000
1998,5254,1.0000
1999,5254,1.0000
2000,5254,1.0000
2001,5254,1.0000
2002,5254,1.0000
2003,5254,1.0000
2004,5254,1.0000
2005,5254,1.0000
2006,5254,1.0000
2007,5254,1.0000
2008,5254,1.0000
2009,5254,1.0000
2010,5254,1.0000
2011,5254,1.0000
2012,5254,1.0000
2013,5254,1.0000
2014,5254,1.0000
2015,5254,1.0000
2016,5254,1.0000
2017,5254,1.0000
2018,5254,1.0000
2019,5254,1.0000
2020,5254,1.0000
2021,5254,1.0000
2022,5254,1.0000
2023,5254,1.0000
2024,5254,1.0000
2025,5254,1.0000
2026,5254,.9820
2026,5222,.0180
2027,5222,.2167
2027,5254,.7833
2028,5222,.7364
2028,5254,.2636
2029,5222,1.0000
2030,5222,1.0000
2031,5222,1.0000
2032,5222,1.0000
2033,5222,1.0000
2034,5222,1.0000
2035,5222,1.0000
2036,5222,1.0000
2037,5222,1.0000
2038,5222,1.0000
2039,5222,1.0000
2040,5222,1.0000
2041,5222,1.0000
2042,5222,1.0000
2043,5222,1.0000
2044,5222,1.0000
2045,5222,1.0000
2046,5222,1.0000
2047,5222,.2727
2047,5254,.7273
2048,5254,1.0000
2049,5254,1.0000
2050,5254,1.0000
2051,5254,1.0000
2052,5254,1.0000
2053,5254,1.0000
2054,5254,1.0000
2055,5254,.9848
2055,-999,.0152
2056,5254,.5041
2056,-999,.4959
2057,-999,.7121
2057,5254,.2879
2058,5254,.9558
2058,-999,.0442
2059,5254,1.0000
2060,5254,1.0000
2061,5254,1.0000
2062,5254,1.0000
2063,5254,1.0000
2064,5254,1.0000
2065,5254,1.0000
2066,5254,1.0000
2067,5254,1.0000
2068,5254,1.0000
2069,5254,1.0000
2070,5254,1.0000
2071,5254,1.0000
2072,5254,1.0000
2073,5254,1.0000
2074,5254,1.0000
2075,5254,1.0000
2076,5254,1.0000
2077,5254,.9756
2077,-999,.0244
2078,5254,.8730
2078,-999,.1270
2079,5254,.8618
2079,-999,.1382
2080,5254,.9333
2080,-999,.0667
2081,-999,.2362
2081,5254,.7638
2082,5254,.9350
2082,-999,.0650
2083,5254,1.0000
2084,5254,1.0000
2085,5254,.9250
2085,-999,.0750
2086,5254,.8560
2086,-999,.1440
2087,-999,.5440
2087,5254,.4560
2088,-999,.9836
2088,5254,.0164
2089,-999,.8871
2089,5254,.1129
2090,-999,.9921
2090,5254,.0079
2091,-999,1.0000
2092,-999,1.0000
2093,-999,1.0000
2094,-999,1.0000
2095,-999,1.0000
2096,-999,1.0000
2097,-999,1.0000
2098,-999,1.0000
2099,-999,1.0000
2100,-999,1.0000
2101,-999,1.0000
2102,-999,1.0000
2103,-999,1.0000
2104,-999,1.0000
2105,-999,1.0000
2106,-999,1.0000
2107,-999,1.0000
2108,-999,1.0000
2109,-999,1.0000
2110,-999,1.0000
2111,-999,1.0000
2112,-999,1.0000
2113,-999,1.0000
2114,-999,1.0000
2115,-999,1.0000
2116,-999,1.0000
2117,-999,1.0000
2118,-999,1.0000
2119,-999,1.0000
2120,-999,1.0000
2121,-999,1.0000
2122,-999,1.0000
2123,-999,1.0000
2124,-999,1.0000
2125,-999,1.0000
2126,-999,1.0000
2127,-999,1.0000
2128,-999,1.0000
2129,5254,1.0000
2130,5254,1.0000
2131,5254,1.0000
2132,5254,1.0000
2133,5254,1.0000
2134,5254,1.0000
2135,5254,1.0000
2136,5254,1.0000
2137,5254,1.0000
2138,5254,1.0000
2139,5254,1.0000
2140,5254,1.0000
2141,5254,1.0000
2142,5254,1.0000
2143,5254,1.0000
2144,5254,1.0000
2145,5254,1.0000
2146,5254,1.0000
2147,5254,1.0000
2148,5254,1.0000
2149,5254,1.0000
2150,5254,1.0000
2151,5254,1.0000
2152,5254,1.0000
2153,5254,1.0000
2154,5254,1.0000
2155,5254,1.0000
2156,5254,1.0000
2157,5254,1.0000
2158,5254,1.0000
2159,5254,1.0000
2160,5254,1.0000
2161,5254,.8430
2161,5222,.1570
2162,5222,.8594
2162,5254,.1406
2163,5222,1.0000
2164,5222,1.0000
2165,5222,1.0000
2166,5222,1.0000
2167,5222,1.0000
2168,5222,1.0000
2169,5222,1.0000
2170,5222,1.0000
2171,5222,1.0000
2172,5222,1.0000
2173,5222,1.0000
2174,5222,1.0000
2175,5222,1.0000
2176,5222,1.0000
2177,5222,1.0000
2178,5222,1.0000
2179,5222,.7727
2179,5254,.2273
2180,5222,.0083
2180,5254,.9917
2181,5254,1.0000
2182,5254,1.0000
2183,5254,1.0000
2184,5254,1.0000
2185,5254,1.0000
2186,5254,1.0000
2187,5254,1.0000
2188,5254,.8605
2188,-999,.1395
2189,5254,.5727
2189,-999,.4273
2190,5254,.8583
2190,-999,.1417
2191,5254,.9748
2191,-999,.0252
2192,5254,1.0000
2193,5254,1.0000
2194,5254,1.0000
2195,5254,1.0000
2196,5254,1.0000
2197,5254,1.0000
2198,5254,1.0000
2199,5254,1.0000
2200,5254,1.0000
2201,5254,1.0000
2202,5254,.8939
2202,5222,.1061
2203,5254,.3008
2203,5222,.6992
2204,5254,.5840
2204,5222,.4160
2205,5254,.9828
2205,5222,.0172
2206,5254,1.0000
2207,5254,1.0000
2208,5254,1.0000
2209,5254,1.0000
2210,5254,1.0000
2211,5254,1.0000
2212,5254,1.0000
2213,5254,1.0000
2214,5254,1.0000
2215,5254,1.0000
2216,5254,1.0000
2217,5254,1.0000
2218,5254,1.0000
2219,5254,1.0000
2220,5254,.9106
2220,-999,.0894
2221,-999,.2727
2221,5254,.7273
2222,5254,.9846
2222,-999,.0154
2223,-999,.2069
2223,5254,.7931
2224,-999,.9394
2224,5254,.0606
2225,-999,1.0000
2226,-999,1.0000
2227,-999,1.0000
2228,-999,1.0000
2229,-999,1.0000
2230,-999,1.0000
2231,-999,1.0000
2232,-999,1.0000
2233,-999,1.0000
2234,-999,1.0000
2235,-999,1.0000
2236,-999,1.0000
2237,-999,1.0000
2238,-999,1.0000
2239,-999,1.0000
2240,-999,1.0000
2241,-999,1.0000
2242,-999,1.0000
2243,-999,1.0000
2244,-999,1.0000
2245,-999,1.0000
2246,-999,1.0000
2247,-999,1.0000
2248,-999,1.0000
2249,-999,1.0000
2250,-999,1.0000
2251,-999,1.0000
2252,-999,1.0000
2253,-999,1.0000
2254,-999,1.0000
2255,-999,1.0000
2256,-999,1.0000
2257,-999,1.0000
2258,-999,1.0000
2259,-999,1.0000
2260,-999,1.0000
2261,-999,1.0000
2262,5254,1.0000
2263,5254,1.0000
2264,5254,1.0000
2265,5254,1.0000
2266,5254,1.0000
2267,5254,1.0000
2268,5254,1.0000
2269,5254,1.0000
2270,5254,1.0000
2271,5254,1.0000
2272,5254,1.0000
2273,5254,1.0000
2274,5254,1.0000
2275,5254,1.0000
2276,5254,1.0000
2277,5254,1.0000
2278,5254,1.0000
2279,5254,1.0000
2280,5254,1.0000
2281,5254,1.0000
2282,5254,1.0000
2283,5254,1.0000
2284,5254,1.0000
2285,5254,1.0000
2286,5254,1.0000
2287,5254,1.0000
2288,5254,1.0000
2289,5254,1.0000
2290,5254,1.0000
2291,5254,1.0000
2292,5254,1.0000
2293,5254,1.0000
2294,5254,1.0000
2295,5254,.9470
2295,5222,.0530
2296,5222,.1983
2296,5254,.8017
2297,5222,.3182
2297,5254,.6818
2298,5222,.5455
2298,5254,.4545
2299,5222,.9924
2299,5254,.0076
2300,5222,1.0000
2301,5222,1.0000
2302,5222,1.0000
2303,5222,1.0000
2304,5222,1.0000
2305,5222,1.0000
2306,5222,1.0000
2307,5222,1.0000
2308,5222,1.0000
2309,5222,1.0000
2310,5222,1.0000
2311,5222,1.0000
2312,5222,.7769
2312,5254,.2231
2313,5254,.9167
2313,5222,.0833
2314,5254,1.0000
2315,5254,1.0000
2316,5254,1.0000
2317,5254,1.0000
2318,5254,1.0000
2319,5254,1.0000
2320,5254,1.0000
2321,-999,.0083
2321,5254,.9917
2322,5254,1.0000
2323,5254,.8661
2323,-999,.1339
2324,5254,.6899
2324,-999,.3101
2325,5254,.8400
2325,-999,.1600
2326,5254,.9672
2326,-999,.0328
2327,5254,.7345
2327,5222,.2655
2328,5254,.4531
2328,5222,.5469
2329,5254,.7097
2329,5222,.2903
2330,5254,.9394
2330,5222,.0606
2331,5254,.6017
2331,5222,.3983
2332,5254,.9750
2332,5222,.0250
2333,5254,1.0000
2334,5254,1.0000
2335,5254,1.0000
2336,5254,.5410
2336,5222,.4590
2337,5222,1.0000
2338,5222,.7197
2338,5254,.2803
2339,5254,.7851
2339,5222,.2149
2340,5254,1.0000
2341,5254,1.0000
2342,5254,1.0000
2343,5254,1.0000
2344,5254,1.0000
2345,5254,1.0000
2346,5254,1.0000
2347,5254,1.0000
2348,5254,1.0000
2349,5254,1.0000
2350,5254,1.0000
2351,5254,1.0000
2352,5254,1.0000
2353,5254,1.0000
2354,5254,1.0000
2355,5254,1.0000
2356,5254,1.0000
2357,5254,.2328
2357,-999,.7672
2358,-999,1.0000
2359,-999,1.0000
2360,-999,1.0000
2361,-999,1.0000
2362,-999,1.0000
2363,-999,1.0000
2364,-999,1.0000
2365,-999,1.0000
2366,-999,1.0000
2367,-999,1.0000
2368,-999,1.0000
2369,-999,1.0000
2370,-999,1.0000
2371,-999,1.0000
2372,-999,1.0000
2373,-999,1.0000
2374,-999,1.0000
2375,-999,1.0000
2376,-999,1.0000
2377,-999,1.0000
2378,-999,1.0000
2379,-999,1.0000
2380,-999,1.0000
2381,-999,1.0000
2382,-999,1.0000
2383,-999,1.0000
2384,-999,1.0000
2385,-999,1.0000
2386,-999,1.0000
2387,-999,1.0000
2388,-999,1.0000
2389,-999,1.0000
2390,-999,1.0000
2391,-999,1.0000
2392,-999,1.0000
2393,-999,1.0000
2394,-999,1.0000
2395,5254,1.0000
2396,5254,1.0000
2397,5254,1.0000
2398,5254,1.0000
2399,5254,1.0000
2400,5254,1.0000
2401,5254,1.0000
2402,5254,1.0000
2403,5254,1.0000
2404,5254,1.0000
2405,5254,1.0000
2406,5254,1.0000
2407,5254,1.0000
2408,5254,1.0000
2409,5254,1.0000
2410,5254,1.0000
2411,5254,1.0000
2412,5254,1.0000
2413,5254,1.0000
2414,5254,1.0000
2415,5254,1.0000
2416,5254,1.0000
2417,5254,1.0000
2418,5254,1.0000
2419,5254,1.0000
2420,5254,1.0000
2421,5254,1.0000
2422,5254,1.0000
2423,5254,1.0000
2424,5254,1.0000
2425,5254,1.0000
2426,5254,1.0000
2427,5254,1.0000
2428,5254,1.0000
2429,5254,1.0000
2430,5254,1.0000
2431,5254,1.0000
2432,5254,.4773
2432,5222,.5227
2433,5222,1.0000
2434,5222,1.0000
2435,5222,1.0000
2436,5222,1.0000
2437,5222,1.0000
2438,5222,1.0000
2439,5222,1.0000
2440,5222,1.0000
2441,5222,1.0000
2442,5222,1.0000
2443,5222,1.0000
2444,5222,1.0000
2445,5222,1.0000
2446,5222,.8258
2446,5254,.1742
2447,5254,.8226
2447,5222,.1774
2448,5254,1.0000
2449,5254,1.0000
2450,5254,1.0000
2451,5254,1.0000
2452,5254,1.0000
2453,5254,1.0000
2454,5254,1.0000
2455,5254,1.0000
2456,5254,1.0000
2457,5254,.7236
2457,5222,.2764
2458,5254,.7818
2458,5222,.2182
2459,5254,.9767
2459,5222,.0233
2460,5254,.1405
2460,5222,.8595
2461,5222,1.0000
2462,5222,1.0000
2463,5222,.8099
2463,5254,.1901
2464,5222,.9211
2464,5254,.0789
2465,5222,.4318
2465,5254,.5682
2466,5254,1.0000
2467,5254,1.0000
2468,5254,1.0000
2469,5254,.5538
2469,5222,.4462
2470,5222,1.0000
2471,5222,1.0000
2472,5254,.0172
2472,5222,.9828
2473,5254,.3203
2473,5222,.6797
2474,5254,.5276
2474,5222,.4724
2475,5254,.7667
2475,5222,.2333
2476,5254,.9274
2476,5222,.0726
2477,5254,1.0000
2478,5254,.7661
2478,5222,.2339
2479,5254,.3417
2479,5222,.6583
2480,5254,.6047
2480,5222,.3953
2481,5254,.9504
2481,5222,.0496
2482,5254,1.0000
2483,5254,1.0000
2484,5254,1.0000
2485,5254,1.0000
2486,5254,1.0000
2487,5254,1.0000
2488,5254,1.0000
2489,5254,1.0000
2490,-999,.8651
2490,5254,.1349
2491,-999,1.0000
2492,-999,1.0000
2493,-999,1.0000
2494,-999,1.0000
2495,-999,1.0000
2496,-999,1.0000
2497,-999,1.0000
2498,-999,1.0000
2499,-999,1.0000
2500,-999,1.0000
2501,-999,1.0000
2502,-999,1.0000
2503,-999,1.0000
2504,-999,1.0000
2505,-999,1.0000
2506,-999,1.0000
2507,-999,1.0000
2508,-999,1.0000
2509,-999,1.0000
2510,-999,1.0000
2511,-999,1.0000
2512,-999,1.0000
2513,-999,1.0000
2514,-999,1.0000
2515,-999,1.0000
2516,-999,1.0000
2517,-999,1.0000
2518,-999,1.0000
2519,-999,1.0000
2520,-999,1.0000
2521,-999,1.0000
2522,-999,1.0000
2523,-999,1.0000
2524,-999,1.0000
2525,-999,1.0000
2526,-999,1.0000
2527,-999,1.0000
2528,5254,1.0000
2529,5254,1.0000
2530,5254,1.0000
2531,5254,1.0000
2532,5254,1.0000
2533,5254,.8258
2533,5222,.1742
2534,5254,.3782
2534,5222,.6218
2535,5254,.1707
2535,5222,.8293
2536,5254,.6777
2536,5222,.3223
2537,5254,1.0000
2538,5254,1.0000
2539,5254,1.0000
2540,5254,1.0000
2541,5254,1.0000
2542,5254,1.0000
2543,5254,1.0000
2544,5254,1.0000
2545,5254,1.0000
2546,5254,1.0000
2547,5254,1.0000
2548,5254,1.0000
2549,5254,1.0000
2550,5254,1.0000
2551,5254,1.0000
2552,5254,1.0000
2553,5254,1.0000
2554,5254,1.0000
2555,5254,1.0000
2556,5254,1.0000
2557,5254,1.0000
2558,5254,1.0000
2559,5254,1.0000
2560,5254,1.0000
2561,5254,1.0000
2562,5254,1.0000
2563,5254,1.0000
2564,5254,1.0000
2565,5254,.9667
2565,5222,.0333
2566,5222,.9455
2566,5254,.0545
2567,5222,1.0000
2568,5222,1.0000
2569,5222,1.0000
2570,5222,1.0000
2571,5222,1.0000
2572,5222,1.0000
2573,5222,1.0000
2574,5222,1.0000
2575,5222,1.0000
2576,5222,1.0000
2577,5222,1.0000
2578,5222,1.0000
2579,5222,1.0000
2580,5222,.8750
2580,5254,.1250
2581,5254,.8803
2581,5222,.1197
2582,5254,1.0000
2583,5254,1.0000
2584,5254,1.0000
2585,5254,1.0000
2586,5254,1.0000
2587,5254,1.0000
2588,5254,1.0000
2589,5254,.9000
2589,5222,.1000
2590,5222,.9692
2590,5254,.0308
2591,5222,.7851
2591,5254,.2149
2592,5254,.5152
2592,5222,.4848
2593,5222,1.0000
2594,5222,1.0000
2595,5222,1.0000
2596,5222,1.0000
2597,5222,1.0000
2598,5222,.6129
2598,5254,.3871
2599,5254,1.0000
2600,5254,1.0000
2601,5254,.9697
2601,5222,.0303
2602,5254,.1240
2602,5222,.8760
2603,5222,1.0000
2604,5222,1.0000
2605,5222,1.0000
2606,5222,1.0000
2607,5222,1.0000
2608,5222,1.0000
2609,5222,.9621
2609,5254,.0379
2610,5254,.0932
2610,5222,.9068
2611,5222,.9920
2611,5254,.0080
2612,5222,1.0000
2613,5222,1.0000
2614,5254,.1500
2614,5222,.8500
2615,5254,.5156
2615,5222,.4844
2616,5254,.7705
2616,5222,.2295
2617,5254,1.0000
2618,5254,1.0000
2619,5254,1.0000
2620,5254,1.0000
2621,5254,1.0000
2622,5254,.9512
2622,-999,.0488
2623,5254,.3120
2623,-999,.6880
2624,-999,.6557
2624,5254,.3443
2625,-999,.8320
2625,5254,.1680
2626,-999,.9680
2626,5254,.0320
2627,-999,1.0000
2628,-999,1.0000
2629,-999,1.0000
2630,-999,1.0000
2631,-999,1.0000
2632,-999,1.0000
2633,-999,1.0000
2634,-999,1.0000
2635,-999,1.0000
2636,-999,1.0000
2637,-999,1.0000
2638,-999,1.0000
2639,-999,1.0000
2640,-999,1.0000
2641,-999,1.0000
2642,-999,1.0000
2643,-999,1.0000
2644,-999,1.0000
2645,-999,1.0000
2646,-999,1.0000
2647,-999,1.0000
2648,-999,1.0000
2649,-999,1.0000
2650,-999,1.0000
2651,-999,1.0000
2652,-999,1.0000
2653,-999,1.0000
2654,-999,1.0000
2655,-999,1.0000
2656,-999,1.0000
2657,-999,1.0000
2658,-999,1.0000
2659,-999,1.0000
2660,-999,1.0000
2661,5254,1.0000
2662,5254,1.0000
2663,5254,1.0000
2664,5254,1.0000
2665,5254,.6693
2665,5222,.3307
2666,5254,.0603
2666,5222,.9397
2667,5222,1.0000
2668,5222,1.0000
2669,5222,.9750
2669,5254,.0250
2670,5254,.6480
2670,5222,.3520
2671,5254,1.0000
2672,5254,1.0000
2673,5254,1.0000
2674,5254,1.0000
2675,5254,1.0000
2676,5254,1.0000
2677,5254,1.0000
2678,5254,1.0000
2679,5254,1.0000
2680,5254,1.0000
2681,5254,1.0000
2682,5254,.9750
2682,5222,.0250
2683,5254,.9145
2683,5222,.0855
2684,5254,1.0000
2685,5254,1.0000
2686,5254,1.0000
2687,5254,1.0000
2688,5254,1.0000
2689,5254,1.0000
2690,5254,1.0000
2691,5254,1.0000
2692,5254,1.0000
2693,5254,.6288
2693,5222,.3712
2694,5254,.7438
2694,5222,.2562
2695,5254,1.0000
2696,5254,1.0000
2697,5254,1.0000
2698,5254,.6742
2698,5222,.3258
2699,5222,1.0000
2700,5222,1.0000
2701,5222,1.0000
2702,5222,1.0000
2703,5222,1.0000
2704,5222,1.0000
2705,5222,1.0000
2706,5222,1.0000
2707,5222,1.0000
2708,5222,1.0000
2709,5222,1.0000
2710,5222,1.0000
2711,5222,1.0000
2712,5222,1.0000
2713,5222,1.0000
2714,5222,.7273
2714,5254,.2727
2715,5254,.9773
2715,5222,.0227
2716,5254,1.0000
2717,5254,1.0000
2718,5254,1.0000
2719,5254,1.0000
2720,5254,1.0000
2721,5254,1.0000
2722,5254,.7559
2722,5222,.2441
2723,5222,1.0000
2724,5222,1.0000
2725,5222,1.0000
2726,5222,1.0000
2727,5222,1.0000
2728,5222,1.0000
2729,5222,1.0000
2730,5222,1.0000
2731,5222,.9545
2731,5254,.0455
2732,5254,.3178
2732,5222,.6822
2733,5254,.7177
2733,5222,.2823
2734,5254,1.0000
2735,5254,.7094
2735,5222,.2906
2736,5222,.9756
2736,5254,.0244
2737,5222,1.0000
2738,5222,1.0000
2739,5222,1.0000
2740,5222,1.0000
2741,5222,1.0000
2742,5222,1.0000
2743,5222,1.0000
2744,5222,1.0000
2745,5222,1.0000
2746,5222,1.0000
2747,5222,1.0000
2748,5222,1.0000
2749,5222,.8333
2749,5254,.1667
2750,5254,.9603
2750,5222,.0397
2751,5254,1.0000
2752,5254,1.0000
2753,5254,1.0000
2754,5254,1.0000
2755,5254,1.0000
2756,5254,.8689
2756,-999,.1311
2757,5254,.7742
2757,-999,.2258
2758,5254,.4724
2758,-999,.5276
2759,-999,1.0000
2760,-999,1.0000
2761,-999,1.0000
2762,-999,1.0000
2763,-999,1.0000
2764,-999,1.0000
2765,-999,1.0000
2766,-999,1.0000
2767,-999,1.0000
2768,-999,1.0000
2769,-999,1.0000
2770,-999,1.0000
2771,-999,1.0000
2772,-999,1.0000
2773,-999,1.0000
2774,-999,1.0000
2775,-999,1.0000
2776,-999,1.0000
2777,-999,1.0000
2778,-999,1.0000
2779,-999,1.0000
2780,-999,1.0000
2781,-999,1.0000
2782,-999,1.0000
2783,-999,1.0000
2784,-999,1.0000
2785,-999,1.0000
2786,-999,1.0000
2787,-999,1.0000
2788,-999,1.0000
2789,-999,1.0000
2790,-999,1.0000
2791,-999,1.0000
2792,-999,1.0000
2793,-999,1.0000
2794,5254,1.0000
2795,5254,1.0000
2796,5254,.9831
2796,5222,.0169
2797,5254,.4762
2797,5222,.5238
2798,5254,.0159
2798,5222,.9841
2799,5222,1.0000
2800,5222,1.0000
2801,5222,1.0000
2802,5222,1.0000
2803,5222,.9204
2803,5254,.0796
2804,5254,.9380
2804,5222,.0620
2805,5254,1.0000
2806,5254,1.0000
2807,5254,1.0000
2808,5254,1.0000
2809,5254,1.0000
2810,5254,1.0000
2811,5254,1.0000
2812,5254,1.0000
2813,5254,1.0000
2814,5254,.7273
2814,5222,.2727
2815,5254,.1742
2815,5222,.8258
2816,5222,.9487
2816,5254,.0513
2817,5254,.7083
2817,5222,.2917
2818,5254,1.0000
2819,5254,1.0000
2820,5254,1.0000
2821,5254,1.0000
2822,5254,1.0000
2823,5254,1.0000
2824,5254,1.0000
2825,5254,.9182
2825,5222,.0818
2826,5254,.0917
2826,5222,.9083
2827,5222,.1849
2827,5254,.8151
2828,5254,1.0000
2829,5254,.7769
2829,5222,.2231
2830,5254,.2879
2830,5222,.7121
2831,5254,.0082
2831,5222,.9918
2832,5222,1.0000
2833,5222,1.0000
2834,5222,1.0000
2835,5222,1.0000
2836,5222,1.0000
2837,5222,1.0000
2838,5222,1.0000
2839,5222,1.0000
2840,5222,1.0000
2841,5222,1.0000
2842,5222,1.0000
2843,5222,1.0000
2844,5222,1.0000
2845,5222,1.0000
2846,5222,1.0000
2847,5222,1.0000
2848,5222,.4500
2848,5254,.5500
2849,5254,1.0000
2850,5254,1.0000
2851,5254,1.0000
2852,5254,1.0000
2853,5254,1.0000
2854,5254,.8943
2854,5222,.1057
2855,5254,.2045
2855,5222,.7955
2856,5222,1.0000
2857,5222,1.0000
2858,5222,1.0000
2859,5222,1.0000
2860,5222,1.0000
2861,5222,1.0000
2862,5222,1.0000
2863,5222,1.0000
2864,5222,1.0000
2865,5222,1.0000
2866,5222,.8295
2866,5254,.1705
2867,5254,1.0000
2868,5254,1.0000
2869,5254,.6281
2869,5222,.3719
2870,5222,.9690
2870,5254,.0310
2871,5222,1.0000
2872,5222,1.0000
2873,5222,1.0000
2874,5222,1.0000
2875,5222,1.0000
2876,5222,1.0000
2877,5222,1.0000
2878,5222,1.0000
2879,5222,1.0000
2880,5222,1.0000
2881,5222,.8413
2881,5254,.1587
2882,5222,.0902
2882,5254,.9098
2883,5254,1.0000
2884,5254,1.0000
2885,5254,1.0000
2886,5254,1.0000
2887,5254,1.0000
2888,5254,.9590
2888,-999,.0410
2889,5254,.3871
2889,-999,.6129
2890,-999,.3750
2890,5254,.6250
2891,-999,.5085
2891,5254,.4915
2892,-999,.9538
2892,5254,.0462
2893,-999,1.0000
2894,-999,1.0000
2895,-999,1.0000
2896,-999,1.0000
2897,-999,1.0000
2898,-999,1.0000
2899,-999,1.0000
2900,-999,1.0000
2901,-999,1.0000
2902,-999,1.0000
2903,-999,1.0000
2904,-999,1.0000
2905,-999,1.0000
2906,-999,1.0000
2907,-999,1.0000
2908,-999,1.0000
2909,-999,1.0000
2910,-999,1.0000
2911,-999,1.0000
2912,-999,1.0000
2913,-999,1.0000
2914,-999,1.0000
2915,-999,1.0000
2916,-999,1.0000
2917,-999,1.0000
2918,-999,1.0000
2919,-999,1.0000
2920,-999,1.0000
2921,-999,1.0000
2922,-999,1.0000
2923,-999,1.0000
2924,-999,1.0000
2925,-999,1.0000
2926,-999,1.0000
2927,5254,1.0000
2928,5254,.7787
2928,5222,.2213
2929,5254,.2344
2929,5222,.7656
2930,5222,1.0000
2931,5222,1.0000
2932,5222,1.0000
2933,5222,1.0000
2934,5222,1.0000
2935,5222,1.0000
2936,5222,.9545
2936,5254,.0455
2937,5222,.1709
2937,5254,.8291
2938,5254,1.0000
2939,5254,1.0000
2940,5254,1.0000
2941,5254,1.0000
2942,5254,1.0000
2943,5254,1.0000
2944,5254,1.0000
2945,5254,1.0000
2946,5254,.9189
2946,5222,.0811
2947,5254,.1760
2947,5222,.8240
2948,5222,1.0000
2949,5222,1.0000
2950,5222,.9394
2950,5254,.0606
2951,5254,.2542
2951,5222,.7458
2952,5254,.5167
2952,5222,.4833
2953,5254,.7143
2953,5222,.2857
2954,5254,.4318
2954,5222,.5682
2955,5254,.7190
2955,5222,.2810
2956,5254,1.0000
2957,5254,.9302
2957,5222,.0698
2958,5254,.2880
2958,5222,.7120
2959,5222,.6894
2959,5254,.3106
2960,5254,1.0000
2961,5254,.8333
2961,5222,.1667
2962,5254,.0909
2962,5222,.9091
2963,5222,1.0000
2964,5222,1.0000
2965,5222,1.0000
2966,5222,1.0000
2967,5222,1.0000
2968,5222,1.0000
2969,5222,1.0000
2970,5222,1.0000
2971,5222,1.0000
2972,5222,1.0000
2973,5222,1.0000
2974,5222,1.0000
2975,5222,1.0000
2976,5222,1.0000
2977,5222,1.0000
2978,5222,1.0000
2979,5222,1.0000
2980,5222,1.0000
2981,5222,.9545
2981,5254,.0455
2982,5254,.4320
2982,5222,.5680
2983,5254,.6047
2983,5222,.3953
2984,5254,.9545
2984,5222,.0455
2985,5254,.9008
2985,5222,.0992
2986,5254,.6667
2986,5222,.3333
2987,5254,.2500
2987,5222,.7500
2988,5222,1.0000
2989,5222,1.0000
2990,5222,1.0000
2991,5222,1.0000
2992,5222,1.0000
2993,5222,1.0000
2994,5222,1.0000
2995,5222,1.0000
2996,5222,1.0000
2997,5222,1.0000
2998,5222,1.0000
2999,5222,.9919
2999,5254,.0081
3000,5254,.8413
3000,5222,.1587
3001,5254,1.0000
3002,5254,.9435
3002,5222,.0565
3003,5222,.9487
3003,5254,.0513
3004,5222,1.0000
3005,5222,1.0000
3006,5222,1.0000
3007,5222,1.0000
3008,5222,1.0000
3009,5222,1.0000
3010,5222,1.0000
3011,5222,1.0000
3012,5222,1.0000
3013,5222,1.0000
3014,5222,.7419
3014,5254,.2581
3015,5254,1.0000
3016,5254,1.0000
3017,5254,1.0000
3018,5254,1.0000
3019,5254,1.0000
3020,5254,1.0000
3021,5254,.9839
3021,-999,.0161
3022,-999,.0236
3022,5254,.9764
3023,5254,1.0000
3024,5254,1.0000
3025,5254,.5372
3025,-999,.4628
3026,-999,.8984
3026,5254,.1016
3027,-999,.5537
3027,5254,.4463
3028,-999,.4016
3028,5254,.5984
3029,-999,1.0000
3030,-999,1.0000
3031,-999,1.0000
3032,-999,1.0000
3033,-999,1.0000
3034,-999,1.0000
3035,-999,1.0000
3036,-999,1.0000
3037,-999,1.0000
3038,-999,1.0000
3039,-999,1.0000
3040,-999,1.0000
3041,-999,1.0000
3042,-999,1.0000
3043,-999,1.0000
3044,-999,1.0000
3045,-999,1.0000
3046,-999,1.0000
3047,-999,1.0000
3048,-999,1.0000
3049,-999,1.0000
3050,-999,1.0000
3051,-999,1.0000
3052,-999,1.0000
3053,-999,1.0000
3054,-999,1.0000
3055,-999,1.0000
3056,-999,1.0000
3057,-999,1.0000
3058,-999,1.0000
3059,-999,1.0000
3060,5254,.2248
3060,5222,.7752
3061,5254,.0336
3061,5222,.9664
3062,5222,1.0000
3063,5222,1.0000
3064,5222,1.0000
3065,5222,1.0000
3066,5222,1.0000
3067,5222,1.0000
3068,5222,.9412
3068,5254,.0588
3069,5222,.2692
3069,5254,.7308
3070,5254,1.0000
3071,5254,1.0000
3072,5254,1.0000
3073,5254,1.0000
3074,5254,1.0000
3075,5254,1.0000
3076,5254,1.0000
3077,5254,1.0000
3078,5254,1.0000
3079,5254,.3636
3079,5222,.6364
3080,5222,1.0000
3081,5222,1.0000
3082,5222,1.0000
3083,5222,1.0000
3084,5222,1.0000
3085,5222,1.0000
3086,5222,1.0000
3087,5222,1.0000
3088,5222,.5909
3088,5254,.4091
3089,5254,1.0000
3090,5254,.5289
3090,5222,.4711
3091,5222,1.0000
3092,5222,.4167
3092,5254,.5833
3093,5254,.9672
3093,5222,.0328
3094,5254,.2348
3094,5222,.7652
3095,5222,1.0000
3096,5222,1.0000
3097,5222,1.0000
3098,5222,1.0000
3099,5222,1.0000
3100,5222,1.0000
3101,5222,1.0000
3102,5222,1.0000
3103,5222,1.0000
3104,5222,1.0000
3105,5222,1.0000
3106,5222,1.0000
3107,5222,1.0000
3108,5222,1.0000
3109,5222,1.0000
3110,5222,1.0000
3111,5222,1.0000
3112,5222,1.0000
3113,5222,1.0000
3114,5222,1.0000
3115,5222,1.0000
3116,5222,1.0000
3117,5222,.8413
3117,5254,.1587
3118,5254,.1455
3118,5222,.8545
3119,5222,1.0000
3120,5222,1.0000
3121,5222,1.0000
3122,5222,1.0000
3123,5222,1.0000
3124,5222,1.0000
3125,5222,1.0000
3126,5222,1.0000
3127,5222,1.0000
3128,5222,1.0000
3129,5222,1.0000
3130,5222,1.0000
3131,5222,1.0000
3132,5222,1.0000
3133,5222,.6212
3133,5254,.3788
3134,5254,.9823
3134,5222,.0177
3135,5254,.9921
3135,5222,.0079
3136,5222,.5161
3136,5254,.4839
3137,5222,.9846
3137,5254,.0154
3138,5222,1.0000
3139,5222,1.0000
3140,5222,1.0000
3141,5222,1.0000
3142,5222,1.0000
3143,5222,1.0000
3144,5222,1.0000
3145,5222,1.0000
3146,5222,1.0000
3147,5222,.9675
3147,5254,.0325
3148,5254,.8689
3148,5222,.1311
3149,5254,1.0000
3150,5254,1.0000
3151,5254,1.0000
3152,5254,1.0000
3153,5254,1.0000
3154,5254,1.0000
3155,5254,1.0000
3156,5254,1.0000
3157,5254,1.0000
3158,5254,.7097
3158,-999,.2903
3159,-999,1.0000
3160,-999,.9839
3160,5254,.0161
3161,5254,.0800
3161,-999,.9200
3162,-999,1.0000
3163,-999,1.0000
3164,-999,1.0000
3165,-999,1.0000
3166,-999,1.0000
3167,-999,1.0000
3168,-999,1.0000
3169,-999,1.0000
3170,-999,1.0000
3171,-999,1.0000
3172,-999,1.0000
3173,-999,1.0000
3174,-999,1.0000
3175,-999,1.0000
3176,-999,1.0000
3177,-999,1.0000
3178,-999,1.0000
3179,-999,1.0000
3180,-999,1.0000
3181,-999,1.0000
3182,-999,1.0000
3183,-999,1.0000
3184,-999,1.0000
3185,-999,1.0000
3186,-999,1.0000
3187,-999,1.0000
3188,-999,1.0000
3189,-999,1.0000
3190,-999,1.0000
3191,-999,1.0000
3192,-999,1.0000
3193,5222,1.0000
3194,5222,1.0000
3195,5222,1.0000
3196,5222,1.0000
3197,5222,1.0000
3198,5222,1.0000
3199,5222,1.0000
3200,5222,1.0000
3201,5222,.6183
3201,5254,.3817
3202,5254,1.0000
3203,5254,1.0000
3204,5254,.9840
3204,5222,.0160
3205,5254,1.0000
3206,5254,1.0000
3207,5254,1.0000
3208,5254,1.0000
3209,5254,1.0000
3210,5254,1.0000
3211,5254,.9397
3211,5222,.0603
3212,5254,.0611
3212,5222,.9389
3213,5222,1.0000
3214,5222,1.0000
3215,5222,1.0000
3216,5222,1.0000
3217,5222,1.0000
3218,5222,1.0000
3219,5222,1.0000
3220,5222,1.0000
3221,5222,.9008
3221,5254,.0992
3222,5254,.9449
3222,5222,.0551
3223,5254,.4000
3223,5222,.6000
3224,5222,1.0000
3225,5222,.4474
3225,5254,.5526
3226,5254,.3939
3226,5222,.6061
3227,5222,1.0000
3228,5222,1.0000
3229,5222,1.0000
3230,5222,1.0000
3231,5222,1.0000
3232,5222,1.0000
3233,5222,1.0000
3234,5222,1.0000
3235,5222,1.0000
3236,5222,1.0000
3237,5222,1.0000
3238,5222,1.0000
3239,5222,1.0000
3240,5222,1.0000
3241,5222,1.0000
3242,5222,1.0000
3243,5222,1.0000
3244,5222,1.0000
3245,5222,1.0000
3246,5222,1.0000
3247,5222,1.0000
3248,5222,1.0000
3249,5222,1.0000
3250,5222,1.0000
3251,5222,1.0000
3252,5222,1.0000
3253,5222,1.0000
3254,5222,1.0000
3255,5222,1.0000
3256,5222,1.0000
3257,5222,1.0000
3258,5222,1.0000
3259,5222,1.0000
3260,5222,1.0000
3261,5222,1.0000
3262,5222,1.0000
3263,5222,1.0000
3264,5222,1.0000
3265,5222,1.0000
3266,5222,1.0000
3267,5254,.4453
3267,5222,.5547
3268,5254,.9758
3268,5222,.0242
3269,5254,1.0000
3270,5254,.7455
3270,5222,.2545
3271,5222,.8168
3271,5254,.1832
3272,5222,1.0000
3273,5222,1.0000
3274,5222,1.0000
3275,5222,1.0000
3276,5222,1.0000
3277,5222,1.0000
3278,5222,1.0000
3279,5222,1.0000
3280,5222,1.0000
3281,5222,.8346
3281,5254,.1654
3282,5254,.9339
3282,5222,.0661
3283,5254,1.0000
3284,5254,1.0000
3285,5254,1.0000
3286,5254,1.0000
3287,5254,1.0000
3288,5254,1.0000
3289,5254,1.0000
3290,5254,1.0000
3291,5254,.8661
3291,-999,.1339
3292,-999,.9431
3292,5254,.0569
3293,-999,.9920
3293,5254,.0080
3294,-999,.6587
3294,5254,.3413
3295,-999,.9024
3295,5254,.0976
3296,-999,.9365
3296,5254,.0635
3297,-999,.6098
3297,5254,.3902
3298,-999,1.0000
3299,-999,1.0000
3300,-999,1.0000
3301,-999,1.0000
3302,-999,1.0000
3303,-999,1.0000
3304,-999,1.0000
3305,-999,1.0000
3306,-999,1.0000
3307,-999,1.0000
3308,-999,1.0000
3309,-999,1.0000
3310,-999,1.0000
3311,-999,1.0000
3312,-999,1.0000
3313,-999,1.0000
3314,-999,1.0000
3315,-999,1.0000
3316,-999,1.0000
3317,-999,1.0000
3318,-999,1.0000
3319,-999,1.0000
3320,-999,1.0000
3321,-999,1.0000
3322,-999,1.0000
3323,-999,1.0000
3324,-999,1.0000
3325,-999,1.0000
3326,5222,1.0000
3327,5222,1.0000
3328,5222,1.0000
3329,5222,1.0000
3330,5222,1.0000
3331,5222,1.0000
3332,5222,1.0000
3333,5222,1.0000
3334,5222,.6371
3334,5254,.3629
3335,5254,.7385
3335,5222,.2615
3336,5254,.2066
3336,5222,.7934
3337,5254,.1736
3337,5222,.8264
3338,5254,.7879
3338,5222,.2121
3339,5254,1.0000
3340,5254,.9675
3340,5222,.0325
3341,5254,.7167
3341,5222,.2833
3342,5254,1.0000
3343,5254,1.0000
3344,5254,.6949
3344,5222,.3051
3345,5222,1.0000
3346,5222,1.0000
3347,5222,1.0000
3348,5222,1.0000
3349,5222,1.0000
3350,5222,1.0000
3351,5222,1.0000
3352,5222,1.0000
3353,5222,1.0000
3354,5222,1.0000
3355,5222,.3258
3355,5254,.6742
3356,5254,.3554
3356,5222,.6446
3357,5222,1.0000
3358,5222,.9832
3358,5254,.0168
3359,5222,1.0000
3360,5222,1.0000
3361,5222,1.0000
3362,5222,1.0000
3363,5222,1.0000
3364,5222,1.0000
3365,5222,1.0000
3366,5222,1.0000
3367,5222,1.0000
3368,5222,1.0000
3369,5222,1.0000
3370,5222,1.0000
3371,5222,1.0000
3372,5222,1.0000
3373,5222,1.0000
3374,5222,1.0000
3375,5222,1.0000
3376,5222,1.0000
3377,5222,1.0000
3378,5222,1.0000
3379,5222,1.0000
3380,5222,1.0000
3381,5222,1.0000
3382,5222,1.0000
3383,5222,1.0000
3384,5222,1.0000
3385,5222,1.0000
3386,5222,1.0000
3387,5222,1.0000
3388,5222,1.0000
3389,5222,1.0000
3390,5222,1.0000
3391,5222,1.0000
3392,5222,1.0000
3393,5222,1.0000
3394,5222,1.0000
3395,5222,1.0000
3396,5222,1.0000
3397,5222,1.0000
3398,5222,1.0000
3399,5222,1.0000
3400,5222,1.0000
3401,5222,.7521
3401,5254,.2479
3402,5254,.9256
3402,5222,.0744
3403,5254,1.0000
3404,5254,.9113
3404,5222,.0887
3405,5222,.9200
3405,5254,.0800
3406,5222,1.0000
3407,5222,1.0000
3408,5222,1.0000
3409,5222,1.0000
3410,5222,1.0000
3411,5222,1.0000
3412,5222,1.0000
3413,5222,1.0000
3414,5222,1.0000
3415,5254,.4836
3415,5222,.5164
3416,5254,1.0000
3417,5254,1.0000
3418,5254,.9516
3418,5222,.0484
3419,5254,.9767
3419,5222,.0233
3420,5254,1.0000
3421,5254,1.0000
3422,5254,1.0000
3423,5254,1.0000
3424,5254,1.0000
3425,-999,.2195
3425,5254,.7805
3426,-999,.2109
3426,5254,.7891
3427,5254,1.0000
3428,5254,.7863
3428,-999,.2137
3429,-999,.9076
3429,5254,.0924
3430,-999,.4884
3430,5254,.5116
3431,-999,.7667
3431,5254,.2333
3432,-999,1.0000
3433,-999,1.0000
3434,-999,1.0000
3435,-999,1.0000
3436,-999,1.0000
3437,-999,1.0000
3438,-999,1.0000
3439,-999,1.0000
3440,-999,1.0000
3441,-999,1.0000
3442,-999,1.0000
3443,-999,1.0000
3444,-999,1.0000
3445,-999,1.0000
3446,-999,1.0000
3447,-999,1.0000
3448,-999,1.0000
3449,-999,1.0000
3450,-999,1.0000
3451,-999,1.0000
3452,-999,1.0000
3453,-999,1.0000
3454,-999,1.0000
3455,-999,1.0000
3456,-999,1.0000
3457,-999,1.0000
3458,-999,1.0000
3459,5222,1.0000
3460,5222,1.0000
3461,5222,1.0000
3462,5222,1.0000
3463,5222,1.0000
3464,5222,1.0000
3465,5222,1.0000
3466,5222,1.0000
3467,5222,1.0000
3468,5222,1.0000
3469,5222,1.0000
3470,5222,1.0000
3471,5222,.9160
3471,5254,.0840
3472,5254,.5969
3472,5222,.4031
3473,5254,.5606
3473,5222,.4394
3474,5222,.7586
3474,5254,.2414
3475,5254,.9918
3475,5222,.0082
3476,5254,.9350
3476,5222,.0650
3477,5254,.2214
3477,5222,.7786
3478,5222,1.0000
3479,5222,1.0000
3480,5222,1.0000
3481,5222,1.0000
3482,5222,1.0000
3483,5222,1.0000
3484,5222,1.0000
3485,5222,1.0000
3486,5222,1.0000
3487,5222,1.0000
3488,5222,.6984
3488,5254,.3016
3489,5254,.3047
3489,5222,.6953
3490,5222,1.0000
3491,5222,1.0000
3492,5222,1.0000
3493,5222,1.0000
3494,5222,1.0000
3495,5222,1.0000
3496,5222,1.0000
3497,5222,1.0000
3498,5222,1.0000
3499,5222,1.0000
3500,5222,1.0000
3501,5222,1.0000
3502,5222,1.0000
3503,5222,1.0000
3504,5222,1.0000
3505,5222,1.0000
3506,5222,1.0000
3507,5222,1.0000
3508,5222,1.0000
3509,5222,1.0000
3510,5222,1.0000
3511,5222,1.0000
3512,5222,1.0000
3513,5222,1.0000
3514,5222,1.0000
3515,5222,1.0000
3516,5222,1.0000
3517,5222,1.0000
3518,5222,1.0000
3519,5222,1.0000
3520,5222,1.0000
3521,5222,1.0000
3522,5222,1.0000
3523,5222,1.0000
3524,5222,1.0000
3525,5222,1.0000
3526,5222,1.0000
3527,5222,1.0000
3528,5222,1.0000
3529,5222,1.0000
3530,5222,1.0000
3531,5222,1.0000
3532,5222,1.0000
3533,5222,1.0000
3534,5222,1.0000
3535,5222,.7190
3535,5254,.2810
3536,5254,.9091
3536,5222,.0909
3537,5254,.9492
3537,5222,.0508
3538,5222,.8468
3538,5254,.1532
3539,5222,1.0000
3540,5222,1.0000
3541,5222,1.0000
3542,5222,1.0000
3543,5222,1.0000
3544,5222,1.0000
3545,5222,1.0000
3546,5222,1.0000
3547,5222,1.0000
3548,5222,.9773
3548,5254,.0227
3549,5254,.3445
3549,5222,.6555
3550,5254,.2698
3550,5222,.7302
3551,5254,.0465
3551,5222,.9535
3552,5254,.1810
3552,5222,.8190
3553,5254,.7121
3553,5222,.2879
3554,5254,.8034
3554,5222,.1966
3555,5254,.4884
3555,5222,.5116
3556,5254,.6855
3556,5222,.3145
3557,5254,1.0000
3558,5254,1.0000
3559,5254,1.0000
3560,5254,1.0000
3561,5254,1.0000
3562,5254,.2977
3562,-999,.5344
3562,5222,.1679
3563,5254,.5537
3563,-999,.4132
3563,5222,.0331
3564,5254,.4687
3564,-999,.5312
3565,-999,1.0000
3566,-999,1.0000
3567,-999,1.0000
3568,-999,1.0000
3569,-999,1.0000
3570,-999,1.0000
3571,-999,1.0000
3572,-999,1.0000
3573,-999,1.0000
3574,-999,1.0000
3575,-999,1.0000
3576,-999,1.0000
3577,-999,1.0000
3578,-999,1.0000
3579,-999,1.0000
3580,-999,1.0000
3581,-999,1.0000
3582,-999,1.0000
3583,-999,1.0000
3584,-999,1.0000
3585,-999,1.0000
3586,-999,1.0000
3587,-999,1.0000
3588,-999,1.0000
3589,-999,1.0000
3590,-999,1.0000
3591,-999,1.0000
3592,5222,1.0000
3593,5222,1.0000
3594,5222,1.0000
3595,5222,1.0000
3596,5222,1.0000
3597,5222,1.0000
3598,5222,1.0000
3599,5222,1.0000
3600,5222,1.0000
3601,5222,1.0000
3602,5222,1.0000
3603,5222,1.0000
3604,5222,1.0000
3605,5222,1.0000
3606,5222,1.0000
3607,5222,1.0000
3608,5222,.7154
3608,5254,.2846
3609,5254,.1964
3609,5222,.8036
3610,5222,1.0000
3611,5222,1.0000
3612,5222,1.0000
3613,5222,1.0000
3614,5222,1.0000
3615,5222,1.0000
3616,5222,1.0000
3617,5222,1.0000
3618,5222,1.0000
3619,5222,1.0000
3620,5222,1.0000
3621,5222,1.0000
3622,5222,1.0000
3623,5222,1.0000
3624,5222,1.0000
3625,5222,1.0000
3626,5222,1.0000
3627,5222,1.0000
3628,5222,1.0000
3629,5222,1.0000
3630,5222,1.0000
3631,5222,1.0000
3632,5222,1.0000
3633,5222,1.0000
3634,5222,1.0000
3635,5222,1.0000
3636,5222,1.0000
3637,5222,1.0000
3638,5222,1.0000
3639,5222,1.0000
3640,5222,1.0000
3641,5222,1.0000
3642,5222,1.0000
3643,5222,1.0000
3644,5222,1.0000
3645,5222,1.0000
3646,5222,1.0000
3647,5222,1.0000
3648,5222,1.0000
3649,5222,1.0000
3650,5222,1.0000
3651,5222,1.0000
3652,5222,1.0000
3653,5222,1.0000
3654,5222,1.0000
3655,5222,1.0000
3656,5222,1.0000
3657,5222,1.0000
3658,5222,1.0000
3659,5222,1.0000
3660,5222,1.0000
3661,5222,1.0000
3662,5222,1.0000
3663,5222,1.0000
3664,5222,1.0000
3665,5222,1.0000
3666,5222,1.0000
3667,5222,1.0000
3668,5222,1.0000
3669,5222,.9211
3669,5254,.0789
3670,5254,.0615
3670,5222,.9385
3671,5222,1.0000
3672,5222,1.0000
3673,5222,1.0000
3674,5222,1.0000
3675,5222,1.0000
3676,5222,1.0000
3677,5222,1.0000
3678,5222,1.0000
3679,5222,1.0000
3680,5222,1.0000
3681,5222,1.0000
3682,5222,1.0000
3683,5222,1.0000
3684,5222,1.0000
3685,5222,1.0000
3686,5222,1.0000
3687,5222,1.0000
3688,5222,1.0000
3689,5254,.0813
3689,5222,.9187
3690,5254,.7969
3690,5222,.2031
3691,5254,.9748
3691,5222,.0252
3692,5254,.7786
3692,5222,.2214
3693,5254,.7563
3693,5222,.2437
3694,5254,.6462
3694,5222,.3538
3695,5254,.0083
3695,5222,.9835
3695,-999,.0083
3696,-999,.2460
3696,5222,.7540
3697,-999,.7600
3697,5222,.2400
3698,-999,1.0000
3699,-999,1.0000
3700,-999,1.0000
3701,-999,1.0000
3702,-999,1.0000
3703,-999,1.0000
3704,-999,1.0000
3705,-999,1.0000
3706,-999,1.0000
3707,-999,1.0000
3708,-999,1.0000
3709,-999,1.0000
3710,-999,1.0000
3711,-999,1.0000
3712,-999,1.0000
3713,-999,1.0000
3714,-999,1.0000
3715,-999,1.0000
3716,-999,1.0000
3717,-999,1.0000
3718,-999,1.0000
3719,-999,1.0000
3720,-999,1.0000
3721,-999,1.0000
3722,-999,1.0000
3723,-999,1.0000
3724,-999,1.0000
3725,5222,1.0000
3726,5222,1.0000
3727,5222,1.0000
3728,5222,1.0000
3729,5222,1.0000
3730,5222,1.0000
3731,5222,1.0000
3732,5222,1.0000
3733,5222,1.0000
3734,5222,1.0000
3735,5222,1.0000
3736,5222,1.0000
3737,5222,1.0000
3738,5222,1.0000
3739,5222,1.0000
3740,5222,1.0000
3741,5222,1.0000
3742,5222,1.0000
3743,5222,1.0000
3744,5222,1.0000
3745,5222,1.0000
3746,5222,1.0000
3747,5222,1.0000
3748,5222,1.0000
3749,5222,1.0000
3750,5222,1.0000
3751,5222,1.0000
3752,5222,1.0000
3753,5222,1.0000
3754,5222,1.0000
3755,5222,1.0000
3756,5222,1.0000
3757,5222,1.0000
3758,5222,1.0000
3759,5222,1.0000
3760,5222,1.0000
3761,5222,1.0000
3762,5222,1.0000
3763,5222,1.0000
3764,5222,1.0000
3765,5222,1.0000
3766,5222,1.0000
3767,5222,1.0000
3768,5222,1.0000
3769,5222,1.0000
3770,5222,1.0000
3771,5222,1.0000
3772,5222,1.0000
3773,5222,1.0000
3774,5222,1.0000
3775,5222,1.0000
3776,5222,1.0000
3777,5222,1.0000
3778,5222,1.0000
3779,5222,1.0000
3780,5222,1.0000
3781,5222,1.0000
3782,5222,1.0000
3783,5222,1.0000
3784,5222,1.0000
3785,5222,1.0000
3786,5222,1.0000
3787,5222,1.0000
3788,5222,1.0000
3789,5222,1.0000
3790,5222,1.0000
3791,5222,1.0000
3792,5222,1.0000
3793,5222,1.0000
3794,5222,1.0000
3795,5222,1.0000
3796,5222,1.0000
3797,5222,1.0000
3798,5222,1.0000
3799,5222,1.0000
3800,5222,1.0000
3801,5222,1.0000
3802,5222,1.0000
3803,5222,1.0000
3804,5222,1.0000
3805,5222,1.0000
3806,5222,1.0000
3807,5222,1.0000
3808,5222,1.0000
3809,5222,1.0000
3810,5222,1.0000
3811,5222,1.0000
3812,5222,1.0000
3813,5222,1.0000
3814,5222,1.0000
3815,5222,1.0000
3816,5222,1.0000
3817,5222,1.0000
3818,5222,1.0000
3819,5222,1.0000
3820,5222,1.0000
3821,5222,1.0000
3822,5222,1.0000
3823,5222,.9355
3823,5254,.0645
3824,5254,.1111
3824,5222,.8889
3825,5222,1.0000
3826,5222,1.0000
3827,5222,1.0000
3828,5222,1.0000
3829,5222,.8661
3829,-999,.1339
3830,-999,.4333
3830,5222,.5667
3831,-999,.4656
3831,5222,.5344
3832,-999,.7833
3832,5222,.2167
3833,-999,.9077
3833,5222,.0923
3834,-999,1.0000
3835,-999,1.0000
3836,-999,1.0000
3837,-999,1.0000
3838,-999,1.0000
3839,-999,1.0000
3840,-999,1.0000
3841,-999,1.0000
3842,-999,1.0000
3843,-999,1.0000
3844,-999,1.0000
3845,-999,1.0000
3846,-999,1.0000
3847,-999,1.0000
3848,-999,1.0000
3849,-999,1.0000
3850,-999,1.0000
3851,-999,1.0000
3852,-999,1.0000
3853,-999,1.0000
3854,-999,1.0000
3855,-999,1.0000
3856,-999,1.0000
3857,-999,1.0000
3858,5222,1.0000
3859,5222,1.0000
3860,5222,1.0000
3861,5222,1.0000
3862,5222,1.0000
3863,5222,1.0000
3864,5222,1.0000
3865,5222,1.0000
3866,5222,1.0000
3867,5222,1.0000
3868,5222,1.0000
3869,5222,1.0000
3870,5222,1.0000
3871,5222,1.0000
3872,5222,1.0000
3873,5222,1.0000
3874,5222,1.0000
3875,5222,1.0000
3876,5222,1.0000
3877,5222,1.0000
3878,5222,1.0000
3879,5222,1.0000
3880,5222,1.0000
3881,5222,1.0000
3882,5222,1.0000
3883,5222,1.0000
3884,5222,1.0000
3885,5222,1.0000
3886,5222,1.0000
3887,5222,1.0000
3888,5222,1.0000
3889,5222,1.0000
3890,5222,1.0000
3891,5222,1.0000
3892,5222,1.0000
3893,5222,1.0000
3894,5222,1.0000
3895,5222,1.0000
3896,5222,1.0000
3897,5222,1.0000
3898,5222,1.0000
3899,5222,1.0000
3900,5222,1.0000
3901,5222,1.0000
3902,5222,1.0000
3903,5222,1.0000
3904,5222,1.0000
3905,5222,1.0000
3906,5222,1.0000
3907,5222,1.0000
3908,5222,1.0000
3909,5222,1.0000
3910,5222,1.0000
3911,5222,1.0000
3912,5222,1.0000
3913,5222,1.0000
3914,5222,1.0000
3915,5222,1.0000
3916,5222,1.0000
3917,5222,1.0000
3918,5222,1.0000
3919,5222,1.0000
3920,5222,1.0000
3921,5222,1.0000
3922,5222,1.0000
3923,5222,1.0000
3924,5222,1.0000
3925,5222,1.0000
3926,5222,1.0000
3927,5222,1.0000
3928,5222,1.0000
3929,5222,1.0000
3930,5222,1.0000
3931,5222,1.0000
3932,5222,1.0000
3933,5222,1.0000
3934,5222,1.0000
3935,5222,1.0000
3936,5222,1.0000
3937,5222,1.0000
3938,5222,1.0000
3939,5222,1.0000
3940,5222,1.0000
3941,5222,1.0000
3942,5222,1.0000
3943,5222,1.0000
3944,5222,1.0000
3945,5222,1.0000
3946,5222,1.0000
3947,5222,1.0000
3948,5222,1.0000
3949,5222,1.0000
3950,5222,1.0000
3951,5222,1.0000
3952,5222,1.0000
3953,5222,1.0000
3954,5222,1.0000
3955,5222,1.0000
3956,5222,1.0000
3957,5222,1.0000
3958,5222,1.0000
3959,5222,1.0000
3960,5222,1.0000
3961,5222,1.0000
3962,-999,.0082
3962,5222,.9918
3963,5222,1.0000
3964,5222,1.0000
3965,5222,.6336
3965,-999,.3664
3966,-999,.7273
3966,5222,.2727
3967,-999,.9297
3967,5222,.0703
3968,-999,1.0000
3969,-999,1.0000
3970,-999,1.0000
3971,-999,1.0000
3972,-999,1.0000
3973,-999,1.0000
3974,-999,1.0000
3975,-999,1.0000
3976,-999,1.0000
3977,-999,1.0000
3978,-999,1.0000
3979,-999,1.0000
3980,-999,1.0000
3981,-999,1.0000
3982,-999,1.0000
3983,-999,1.0000
3984,-999,1.0000
3985,-999,1.0000
3986,-999,1.0000
3987,-999,1.0000
3988,-999,1.0000
3989,-999,1.0000
3990,-999,1.0000
3991,5222,1.0000
3992,5222,1.0000
3993,5222,1.0000
3994,5222,1.0000
3995,5222,1.0000
3996,5222,1.0000
3997,5222,1.0000
3998,5222,1.0000
3999,5222,1.0000
4000,5222,1.0000
4001,5222,1.0000
4002,5222,1.0000
4003,5222,1.0000
4004,5222,1.0000
4005,5222,1.0000
4006,5222,1.0000
4007,5222,1.0000
4008,5222,1.0000
4009,5222,1.0000
4010,5222,1.0000
4011,5222,1.0000
4012,5222,1.0000
4013,5222,1.0000
4014,5222,1.0000
4015,5222,1.0000
4016,5222,1.0000
4017,5222,1.0000
4018,5222,1.0000
4019,5222,1.0000
4020,5222,1.0000
4021,5222,1.0000
4022,5222,1.0000
4023,5222,1.0000
4024,5222,1.0000
4025,5222,1.0000
4026,5222,1.0000
4027,5222,1.0000
4028,5222,1.0000
4029,5222,1.0000
4030,5222,1.0000
4031,5222,1.0000
4032,5222,1.0000
4033,5222,1.0000
4034,5222,1.0000
4035,5222,1.0000
4036,5222,1.0000
4037,5222,1.0000
4038,5222,1.0000
4039,5222,1.0000
4040,5222,1.0000
4041,5222,1.0000
4042,5222,1.0000
4043,5222,1.0000
4044,5222,1.0000
4045,5222,1.0000
4046,5222,1.0000
4047,5222,1.0000
4048,5222,1.0000
4049,5222,1.0000
4050,5222,1.0000
4051,5222,1.0000
4052,5222,1.0000
4053,5222,1.0000
4054,5222,1.0000
4055,5222,1.0000
4056,5222,1.0000
4057,5222,1.0000
4058,5222,1.0000
4059,5222,1.0000
4060,5222,1.0000
4061,5222,1.0000
4062,5222,1.0000
4063,5222,1.0000
4064,5222,1.0000
4065,5222,1.0000
4066,5222,1.0000
4067,5222,1.0000
4068,5222,1.0000
4069,5222,1.0000
4070,5222,1.0000
4071,5222,1.0000
4072,5222,1.0000
4073,5222,1.0000
4074,5222,1.0000
4075,5222,1.0000
4076,5222,1.0000
4077,5222,1.0000
4078,5222,1.0000
4079,5222,1.0000
4080,5222,1.0000
4081,5222,1.0000
4082,5222,1.0000
4083,5222,1.0000
4084,5222,1.0000
4085,5222,1.0000
4086,5222,1.0000
4087,5222,1.0000
4088,5222,1.0000
4089,5222,1.0000
4090,5222,1.0000
4091,5222,1.0000
4092,5222,1.0000
4093,5222,1.0000
4094,5222,1.0000
4095,5222,1.0000
4096,5222,1.0000
4097,5222,1.0000
4098,5222,.8934
4098,-999,.1066
4099,-999,.4603
4099,5222,.5397
4100,-999,.2581
4100,5222,.7419
4101,-999,.9840
4101,5222,.0160
4102,-999,1.0000
4103,-999,1.0000
4104,-999,1.0000
4105,-999,1.0000
4106,-999,1.0000
4107,-999,1.0000
4108,-999,1.0000
4109,-999,1.0000
4110,-999,1.0000
4111,-999,1.0000
4112,-999,1.0000
4113,-999,1.0000
4114,-999,1.0000
4115,-999,1.0000
4116,-999,1.0000
4117,-999,1.0000
4118,-999,1.0000
4119,-999,1.0000
4120,-999,1.0000
4121,-999,1.0000
4122,-999,1.0000
4123,-999,1.0000
4124,5222,1.0000
4125,5222,1.0000
4126,5222,1.0000
4127,5222,1.0000
4128,5222,1.0000
4129,5222,1.0000
4130,5222,1.0000
4131,5222,1.0000
4132,5222,1.0000
4133,5222,1.0000
4134,5222,1.0000
4135,5222,1.0000
4136,5222,1.0000
4137,5222,1.0000
4138,5222,1.0000
4139,5222,1.0000
4140,5222,1.0000
4141,5222,1.0000
4142,5222,1.0000
4143,5222,1.0000
4144,5222,1.0000
4145,5222,1.0000
4146,5222,1.0000
4147,5222,1.0000
4148,5222,1.0000
4149,5222,1.0000
4150,5222,1.0000
4151,5222,1.0000
4152,5222,1.0000
4153,5222,1.0000
4154,5222,1.0000
4155,5222,1.0000
4156,5222,1.0000
4157,5222,1.0000
4158,5222,1.0000
4159,5222,1.0000
4160,5222,1.0000
4161,5222,1.0000
4162,5222,1.0000
4163,5222,1.0000
4164,5222,1.0000
4165,5222,1.0000
4166,5222,1.0000
4167,5222,1.0000
4168,5222,1.0000
4169,5222,1.0000
4170,5222,1.0000
4171,5222,1.0000
4172,5222,1.0000
4173,5222,1.0000
4174,5222,1.0000
4175,5222,1.0000
4176,5222,1.0000
4177,5222,1.0000
4178,5222,1.0000
4179,5222,1.0000
4180,5222,1.0000
4181,5222,1.0000
4182,5222,1.0000
4183,5222,1.0000
4184,5222,1.0000
4185,5222,1.0000
4186,5222,1.0000
4187,5222,1.0000
4188,5222,1.0000
4189,5222,1.0000
4190,5222,1.0000
4191,5222,1.0000
4192,5222,1.0000
4193,5222,1.0000
4194,5222,1.0000
4195,5222,1.0000
4196,5222,1.0000
4197,5222,1.0000
4198,5222,1.0000
4199,5222,1.0000
4200,5222,1.0000
4201,5222,1.0000
4202,5222,1.0000
4203,5222,1.0000
4204,5222,1.0000
4205,5222,1.0000
4206,5222,1.0000
4207,5222,1.0000
4208,5222,1.0000
4209,5222,1.0000
4210,5222,1.0000
4211,5222,1.0000
4212,5222,1.0000
4213,5222,1.0000
4214,5222,1.0000
4215,5222,1.0000
4216,5222,1.0000
4217,5222,1.0000
4218,5222,1.0000
4219,5222,1.0000
4220,5222,1.0000
4221,5222,1.0000
4222,5222,1.0000
4223,5222,1.0000
4224,5222,1.0000
4225,5222,1.0000
4226,5222,1.0000
4227,5222,1.0000
4228,5222,1.0000
4229,5222,1.0000
4230,5222,1.0000
4231,5222,1.0000
4232,5222,1.0000
4233,5222,1.0000
4234,5222,.3538
4234,-999,.6462
4235,-999,1.0000
4236,-999,1.0000
4237,-999,1.0000
4238,-999,1.0000
4239,-999,1.0000
4240,-999,1.0000
4241,-999,1.0000
4242,-999,1.0000
4243,-999,1.0000
4244,-999,1.0000
4245,-999,1.0000
4246,-999,1.0000
4247,-999,1.0000
4248,-999,1.0000
4249,-999,1.0000
4250,-999,1.0000
4251,-999,1.0000
4252,-999,1.0000
4253,-999,1.0000
4254,-999,1.0000
4255,-999,1.0000
4256,-999,1.0000
4257,5222,1.0000
4258,5222,1.0000
4259,5222,1.0000
4260,5222,1.0000
4261,5222,1.0000
4262,5222,1.0000
4263,5222,1.0000
4264,5222,1.0000
4265,5222,1.0000
4266,5222,1.0000
4267,5222,1.0000
4268,5222,1.0000
4269,5222,1.0000
4270,5222,1.0000
4271,5222,1.0000
4272,5222,1.0000
4273,5222,1.0000
4274,5222,1.0000
4275,5222,1.0000
4276,5222,1.0000
4277,5222,1.0000
4278,5222,1.0000
4279,5222,1.0000
4280,5222,1.0000
4281,5222,1.0000
4282,5222,1.0000
4283,5222,1.0000
4284,5222,1.0000
4285,5222,1.0000
4286,5222,1.0000
4287,5222,1.0000
4288,5222,1.0000
4289,5222,1.0000
4290,5222,1.0000
4291,5222,1.0000
4292,5222,1.0000
4293,5222,1.0000
4294,5222,1.0000
4295,5222,1.0000
4296,5222,1.0000
4297,5222,1.0000
4298,5222,1.0000
4299,5222,1.0000
4300,5222,1.0000
4301,5222,1.0000
4302,5222,1.0000
4303,5222,1.0000
4304,5222,1.0000
4305,5222,1.0000
4306,5222,1.0000
4307,5222,1.0000
4308,5222,1.0000
4309,5222,1.0000
4310,5222,1.0000
4311,5222,1.0000
4312,5222,1.0000
4313,5222,1.0000
4314,5222,1.0000
4315,5222,1.0000
4316,5222,1.0000
4317,5222,1.0000
4318,5222,1.0000
4319,5222,1.0000
4320,5222,1.0000
4321,5222,1.0000
4322,5222,1.0000
4323,5222,1.0000
4324,5222,1.0000
4325,5222,1.0000
4326,5222,1.0000
4327,5222,1.0000
4328,5222,1.0000
4329,5222,1.0000
4330,5222,1.0000
4331,5222,1.0000
4332,5222,1.0000
4333,5222,1.0000
4334,5222,1.0000
4335,5222,1.0000
4336,5222,1.0000
4337,5222,1.0000
4338,5222,1.0000
4339,5222,1.0000
4340,5222,1.0000
4341,5222,1.0000
4342,5222,1.0000
4343,5222,1.0000
4344,5222,1.0000
4345,5222,1.0000
4346,5222,1.0000
4347,5222,1.0000
4348,5222,1.0000
4349,5222,1.0000
4350,5222,1.0000
4351,5222,1.0000
4352,5222,1.0000
4353,5222,1.0000
4354,5222,1.0000
4355,5222,1.0000
4356,5222,1.0000
4357,5222,1.0000
4358,5222,1.0000
4359,5222,1.0000
4360,5222,1.0000
4361,5222,1.0000
4362,5222,1.0000
4363,5222,1.0000
4364,5222,1.0000
4365,5222,1.0000
4366,5222,1.0000
4367,-999,.2397
4367,5222,.7603
4368,-999,.6822
4368,5222,.3178
4369,-999,1.0000
4370,-999,1.0000
4371,-999,1.0000
4372,-999,1.0000
4373,-999,1.0000
4374,-999,1.0000
4375,-999,1.0000
4376,-999,1.0000
4377,-999,1.0000
4378,-999,1.0000
4379,-999,1.0000
4380,-999,1.0000
4381,-999,1.0000
4382,-999,1.0000
4383,-999,1.0000
4384,-999,1.0000
4385,-999,1.0000
4386,-999,1.0000
4387,-999,1.0000
4388,-999,1.0000
4389,-999,1.0000
4390,5222,1.0000
4391,5222,1.0000
4392,5222,1.0000
4393,5222,1.0000
4394,5222,1.0000
4395,5222,1.0000
4396,5222,1.0000
4397,5222,1.0000
4398,5222,1.0000
4399,5222,1.0000
4400,5222,1.0000
4401,5222,1.0000
4402,5222,1.0000
4403,5222,1.0000
4404,5222,1.0000
4405,5222,1.0000
4406,5222,1.0000
4407,5222,1.0000
4408,5222,1.0000
4409,5222,1.0000
4410,5222,1.0000
4411,5222,1.0000
4412,5222,1.0000
4413,5222,1.0000
4414,5222,1.0000
4415,5222,1.0000
4416,5222,1.0000
4417,5222,1.0000
4418,5222,1.0000
4419,5222,1.0000
4420,5222,1.0000
4421,5222,1.0000
4422,5222,1.0000
4423,5222,1.0000
4424,5222,1.0000
4425,5222,1.0000
4426,5222,1.0000
4427,5222,1.0000
4428,5222,1.0000
4429,5222,1.0000
4430,5222,1.0000
4431,5222,1.0000
4432,5222,1.0000
4433,5222,1.0000
4434,5222,1.0000
4435,5222,1.0000
4436,5222,1.0000
4437,5222,1.0000
4438,5222,1.0000
4439,5222,1.0000
4440,5222,1.0000
4441,5222,1.0000
4442,5222,1.0000
4443,5222,1.0000
4444,5222,1.0000
4445,5222,1.0000
4446,5222,1.0000
4447,5222,1.0000
4448,5222,1.0000
4449,5222,1.0000
4450,5222,1.0000
4451,5222,1.0000
4452,5222,1.0000
4453,5222,1.0000
4454,5222,1.0000
4455,5222,1.0000
4456,5222,1.0000
4457,5222,1.0000
4458,5222,1.0000
4459,5222,1.0000
4460,5222,1.0000
4461,5222,1.0000
4462,5222,1.0000
4463,5222,1.0000
4464,5222,1.0000
4465,5222,1.0000
4466,5222,1.0000
4467,5222,1.0000
4468,5222,1.0000
4469,5222,1.0000
4470,5222,1.0000
4471,5222,1.0000
4472,5222,1.0000
4473,5222,1.0000
4474,5222,1.0000
4475,5222,1.0000
4476,5222,1.0000
4477,5222,1.0000
4478,5222,1.0000
4479,5222,1.0000
4480,5222,1.0000
4481,5222,1.0000
4482,5222,1.0000
4483,5222,1.0000
4484,5222,1.0000
4485,5222,1.0000
4486,5222,1.0000
4487,5222,1.0000
4488,5222,1.0000
4489,5222,1.0000
4490,5222,1.0000
4491,5222,1.0000
4492,5222,1.0000
4493,5222,1.0000
4494,5222,1.0000
4495,5222,1.0000
4496,5222,1.0000
4497,5222,1.0000
4498,5222,1.0000
4499,5222,1.0000
4500,5222,1.0000
4501,5222,.9516
4501,-999,.0484
4502,-999,.7063
4502,5222,.2937
4503,-999,1.0000
4504,-999,1.0000
4505,-999,1.0000
4506,-999,1.0000
4507,-999,1.0000
4508,-999,1.0000
4509,-999,1.0000
4510,-999,1.0000
4511,-999,1.0000
4512,-999,1.0000
4513,-999,1.0000
4514,-999,1.0000
4515,-999,1.0000
4516,-999,1.0000
4517,-999,1.0000
4518,-999,1.0000
4519,-999,1.0000
4520,-999,1.0000
4521,-999,1.0000
4522,-999,1.0000
4523,5222,1.0000
4524,5222,1.0000
4525,5222,1.0000
4526,5222,1.0000
4527,5222,1.0000
4528,5222,1.0000
4529,5222,1.0000
4530,5222,1.0000
4531,5222,1.0000
4532,5222,1.0000
4533,5222,1.0000
4534,5222,1.0000
4535,5222,1.0000
4536,5222,1.0000
4537,5222,1.0000
4538,5222,1.0000
4539,5222,1.0000
4540,5222,1.0000
4541,5222,1.0000
4542,5222,1.0000
4543,5222,1.0000
4544,5222,1.0000
4545,5222,1.0000
4546,5222,1.0000
4547,5222,1.0000
4548,5222,1.0000
4549,5222,1.0000
4550,5222,1.0000
4551,5222,1.0000
4552,5222,1.0000
4553,5222,1.0000
4554,5222,1.0000
4555,5222,1.0000
4556,5222,1.0000
4557,5222,1.0000
4558,5222,1.0000
4559,5222,1.0000
4560,5222,1.0000
4561,5222,1.0000
4562,5222,1.0000
4563,5222,1.0000
4564,5222,1.0000
4565,5222,1.0000
4566,5222,1.0000
4567,5222,1.0000
4568,5222,1.0000
4569,5222,1.0000
4570,5222,1.0000
4571,5222,1.0000
4572,5222,1.0000
4573,5222,1.0000
4574,5222,1.0000
4575,5222,1.0000
4576,5222,1.0000
4577,5222,1.0000
4578,5222,1.0000
4579,5222,1.0000
4580,5222,1.0000
4581,5222,1.0000
4582,5222,1.0000
4583,5222,1.0000
4584,5222,1.0000
4585,5222,1.0000
4586,5222,1.0000
4587,5222,1.0000
4588,5222,1.0000
4589,5222,1.0000
4590,5222,1.0000
4591,5222,1.0000
4592,5222,1.0000
4593,5222,1.0000
4594,5222,1.0000
4595,5222,1.0000
4596,5222,1.0000
4597,5222,1.0000
4598,5222,1.0000
4599,5222,1.0000
4600,5222,1.0000
4601,5222,1.0000
4602,5222,1.0000
4603,5222,1.0000
4604,5222,1.0000
4605,5222,1.0000
4606,5222,1.0000
4607,5222,1.0000
4608,5222,1.0000
4609,5222,1.0000
4610,5222,1.0000
4611,5222,1.0000
4612,5222,1.0000
4613,5222,1.0000
4614,5222,1.0000
4615,5222,1.0000
4616,5222,1.0000
4617,5222,1.0000
4618,5222,1.0000
4619,5222,1.0000
4620,5222,1.0000
4621,5222,1.0000
4622,5222,1.0000
4623,5222,1.0000
4624,5222,1.0000
4625,5222,1.0000
4626,5222,1.0000
4627,5222,1.0000
4628,5222,1.0000
4629,5222,1.0000
4630,5222,1.0000
4631,5222,1.0000
4632,5222,.8952
4632,-999,.1048
4633,5222,.7656
4633,-999,.2344
4634,5222,.6179
4634,-999,.3821
4635,5222,.1016
4635,-999,.8984
4636,-999,1.0000
4637,-999,1.0000
4638,-999,1.0000
4639,-999,1.0000
4640,-999,1.0000
4641,-999,1.0000
4642,-999,1.0000
4643,-999,1.0000
4644,-999,1.0000
4645,-999,1.0000
4646,-999,1.0000
4647,-999,1.0000
4648,-999,1.0000
4649,-999,1.0000
4650,-999,1.0000
4651,-999,1.0000
4652,-999,1.0000
4653,-999,1.0000
4654,-999,1.0000
4655,-999,1.0000
4656,5222,1.0000
4657,5222,1.0000
4658,5222,1.0000
4659,5222,1.0000
4660,5222,1.0000
4661,5222,1.0000
4662,5222,1.0000
4663,5222,1.0000
4664,5222,1.0000
4665,5222,1.0000
4666,5222,1.0000
4667,5222,1.0000
4668,5222,1.0000
4669,5222,1.0000
4670,5222,1.0000
4671,5222,1.0000
4672,5222,1.0000
4673,5222,1.0000
4674,5222,1.0000
4675,5222,1.0000
4676,5222,1.0000
4677,5222,1.0000
4678,5222,1.0000
4679,5222,1.0000
4680,5222,1.0000
4681,5222,1.0000
4682,5222,1.0000
4683,5222,1.0000
4684,5222,1.0000
4685,5222,1.0000
4686,5222,1.0000
4687,5222,1.0000
4688,5222,1.0000
4689,5222,1.0000
4690,5222,1.0000
4691,5222,1.0000
4692,5222,1.0000
4693,5222,1.0000
4694,5222,1.0000
4695,5222,1.0000
4696,5222,1.0000
4697,5222,1.0000
4698,5222,1.0000
4699,5222,1.0000
4700,5222,1.0000
4701,5222,1.0000
4702,5222,1.0000
4703,5222,1.0000
4704,5222,1.0000
4705,5222,1.0000
4706,5222,1.0000
4707,5222,1.0000
4708,5222,1.0000
4709,5222,1.0000
4710,5222,1.0000
4711,5222,1.0000
4712,5222,1.0000
4713,5222,1.0000
4714,5222,1.0000
4715,5222,1.0000
4716,5222,1.0000
4717,5222,1.0000
4718,5222,1.0000
4719,5222,1.0000
4720,5222,1.0000
4721,5222,1.0000
4722,5222,1.0000
4723,5222,1.0000
4724,5222,1.0000
4725,5222,1.0000
4726,5222,1.0000
4727,5222,1.0000
4728,5222,1.0000
4729,5222,1.0000
4730,5222,1.0000
4731,5222,1.0000
4732,5222,1.0000
4733,5222,1.0000
4734,5222,1.0000
4735,5222,1.0000
4736,5222,1.0000
4737,5222,1.0000
4738,5222,1.0000
4739,5222,1.0000
4740,5222,1.0000
4741,5222,1.0000
4742,5222,1.0000
4743,5222,1.0000
4744,5222,1.0000
4745,5222,1.0000
4746,5222,1.0000
4747,5222,1.0000
4748,5222,1.0000
4749,5222,1.0000
4750,5222,1.0000
4751,5222,1.0000
4752,5222,1.0000
4753,5222,1.0000
4754,5222,1.0000
4755,5222,1.0000
4756,5222,1.0000
4757,5222,1.0000
4758,5222,1.0000
4759,5222,1.0000
4760,5222,1.0000
4761,5222,1.0000
4762,5222,1.0000
4763,5222,1.0000
4764,5222,.8960
4764,-999,.1040
4765,5222,.2187
4765,-999,.7812
4766,-999,.6639
4766,5222,.3361
4767,-999,.7955
4767,5222,.2045
4768,-999,.6066
4768,5222,.3934
4769,-999,1.0000
4770,-999,.6378
4770,5222,.3622
4771,-999,.4597
4771,5222,.5403
4772,-999,.9606
4772,5222,.0394
4773,-999,1.0000
4774,-999,1.0000
4775,-999,1.0000
4776,-999,1.0000
4777,-999,1.0000
4778,-999,1.0000
4779,-999,1.0000
4780,-999,1.0000
4781,-999,1.0000
4782,-999,1.0000
4783,-999,1.0000
4784,-999,1.0000
4785,-999,1.0000
4786,-999,1.0000
4787,-999,1.0000
4788,-999,1.0000
4789,5222,1.0000
4790,5222,1.0000
4791,5222,1.0000
4792,5222,1.0000
4793,5222,1.0000
4794,5222,1.0000
4795,5222,1.0000
4796,5222,1.0000
4797,5222,1.0000
4798,5222,1.0000
4799,5222,1.0000
4800,5222,1.0000
4801,5222,1.0000
4802,5222,1.0000
4803,5222,1.0000
4804,5222,1.0000
4805,5222,1.0000
4806,5222,1.0000
4807,5222,1.0000
4808,5222,1.0000
4809,5222,1.0000
4810,5222,1.0000
4811,5222,1.0000
4812,5222,1.0000
4813,5222,1.0000
4814,5222,1.0000
4815,5222,1.0000
4816,5222,1.0000
4817,5222,1.0000
4818,5222,1.0000
4819,5222,1.0000
4820,5222,1.0000
4821,5222,1.0000
4822,5222,1.0000
4823,5222,1.0000
4824,5222,1.0000
4825,5222,1.0000
4826,5222,1.0000
4827,5222,1.0000
4828,5222,1.0000
4829,5222,1.0000
4830,5222,1.0000
4831,5222,1.0000
4832,5222,1.0000
4833,5222,1.0000
4834,5222,1.0000
4835,5222,1.0000
4836,5222,1.0000
4837,5222,1.0000
4838,5222,1.0000
4839,5222,1.0000
4840,5222,1.0000
4841,5222,1.0000
4842,5222,1.0000
4843,5222,1.0000
4844,5222,1.0000
4845,5222,1.0000
4846,5222,1.0000
4847,5222,1.0000
4848,5222,1.0000
4849,5222,1.0000
4850,5222,1.0000
4851,5222,1.0000
4852,5222,1.0000
4853,5222,1.0000
4854,5222,1.0000
4855,5222,1.0000
4856,5222,1.0000
4857,5222,1.0000
4858,5222,1.0000
4859,5222,1.0000
4860,5222,1.0000
4861,5222,1.0000
4862,5222,1.0000
4863,5222,1.0000
4864,5222,1.0000
4865,5222,1.0000
4866,5222,1.0000
4867,5222,1.0000
4868,5222,1.0000
4869,5222,1.0000
4870,5222,1.0000
4871,5222,1.0000
4872,5222,1.0000
4873,5222,1.0000
4874,5222,1.0000
4875,5222,1.0000
4876,5222,1.0000
4877,5222,1.0000
4878,5222,1.0000
4879,5222,1.0000
4880,5222,1.0000
4881,5222,1.0000
4882,5222,1.0000
4883,5222,1.0000
4884,5222,1.0000
4885,5222,1.0000
4886,5222,1.0000
4887,5222,1.0000
4888,5222,1.0000
4889,5222,1.0000
4890,5222,1.0000
4891,5222,1.0000
4892,5222,1.0000
4893,5222,1.0000
4894,5222,1.0000
4895,5222,1.0000
4896,5222,1.0000
4897,5222,1.0000
4898,5222,1.0000
4899,5222,.8837
4899,-999,.1163
4900,-999,.6393
4900,5222,.3607
4901,5222,.7302
4901,-999,.2698
4902,-999,.9520
4902,5222,.0480
4903,-999,1.0000
4904,5222,.4274
4904,-999,.5726
4905,5222,.0234
4905,-999,.9766
4906,-999,.9194
4906,5222,.0806
4907,-999,1.0000
4908,-999,1.0000
4909,-999,1.0000
4910,-999,1.0000
4911,-999,1.0000
4912,-999,1.0000
4913,-999,1.0000
4914,-999,1.0000
4915,-999,1.0000
4916,-999,1.0000
4917,-999,1.0000
4918,-999,1.0000
4919,-999,1.0000
4920,-999,1.0000
4921,-999,1.0000
4922,5222,1.0000
4923,5222,1.0000
4924,5222,1.0000
4925,5222,1.0000
4926,5222,1.0000
4927,5222,1.0000
4928,5222,1.0000
4929,5222,1.0000
4930,5222,1.0000
4931,5222,1.0000
4932,5222,1.0000
4933,5222,1.0000
4934,5222,1.0000
4935,5222,1.0000
4936,5222,1.0000
4937,5222,1.0000
4938,5222,1.0000
4939,5222,1.0000
4940,5222,1.0000
4941,5222,1.0000
4942,5222,1.0000
4943,5222,1.0000
4944,5222,1.0000
4945,5222,1.0000
4946,5222,1.0000
4947,5222,1.0000
4948,5222,1.0000
4949,5222,1.0000
4950,5222,1.0000
4951,5222,1.0000
4952,5222,1.0000
4953,5222,1.0000
4954,5222,1.0000
4955,5222,1.0000
4956,5222,1.0000
4957,5222,1.0000
4958,5222,1.0000
4959,5222,1.0000
4960,5222,1.0000
4961,5222,1.0000
4962,5222,1.0000
4963,5222,1.0000
4964,5222,1.0000
4965,5222,1.0000
4966,5222,1.0000
4967,5222,1.0000
4968,5222,1.0000
4969,5222,1.0000
4970,5222,1.0000
4971,5222,1.0000
4972,5222,1.0000
4973,5222,1.0000
4974,5222,1.0000
4975,5222,1.0000
4976,5222,1.0000
4977,5222,1.0000
4978,5222,1.0000
4979,5222,1.0000
4980,5222,1.0000
4981,5222,1.0000
4982,5222,1.0000
4983,5222,1.0000
4984,5222,1.0000
4985,5222,1.0000
4986,5222,1.0000
4987,5222,1.0000
4988,5222,1.0000
4989,5222,1.0000
4990,5222,1.0000
4991,5222,1.0000
4992,5222,1.0000
4993,5222,1.0000
4994,5222,1.0000
4995,5222,1.0000
4996,5222,1.0000
4997,5222,1.0000
4998,5222,1.0000
4999,5222,1.0000
5000,5222,1.0000
5001,5222,1.0000
5002,5222,1.0000
5003,5222,1.0000
5004,5222,1.0000
5005,5222,1.0000
5006,5222,1.0000
5007,5222,1.0000
5008,5222,1.0000
5009,5222,1.0000
5010,5222,1.0000
5011,5222,1.0000
5012,5222,1.0000
5013,5222,1.0000
5014,5222,1.0000
5015,5222,1.0000
5016,5222,1.0000
5017,5222,1.0000
5018,5222,1.0000
5019,5222,1.0000
5020,5222,1.0000
5021,5222,1.0000
5022,5222,1.0000
5023,5222,1.0000
5024,5222,1.0000
5025,5222,1.0000
5026,5222,1.0000
5027,5222,1.0000
5028,5222,1.0000
5029,5222,1.0000
5030,5222,1.0000
5031,5222,1.0000
5032,5222,.9453
5032,-999,.0547
5033,-999,.7258
5033,5222,.2742
5034,-999,1.0000
5035,-999,.3952
5035,5222,.6048
5036,-999,.5280
5036,5222,.4720
5037,-999,.8915
5037,5222,.1085
5038,-999,.8374
5038,5222,.1626
5039,-999,.2462
5039,5222,.7538
5040,-999,.8080
5040,5222,.1920
5041,-999,1.0000
5042,-999,1.0000
5043,-999,1.0000
5044,-999,1.0000
5045,-999,1.0000
5046,-999,1.0000
5047,-999,1.0000
5048,-999,1.0000
5049,-999,1.0000
5050,-999,1.0000
5051,-999,1.0000
5052,-999,1.0000
5053,-999,1.0000
5054,-999,1.0000
5055,5222,1.0000
5056,5222,1.0000
5057,5222,1.0000
5058,5222,1.0000
5059,5222,1.0000
5060,5222,1.0000
5061,5222,1.0000
5062,5222,1.0000
5063,5222,1.0000
5064,5222,1.0000
5065,5222,1.0000
5066,5222,1.0000
5067,5222,1.0000
5068,5222,1.0000
5069,5222,1.0000
5070,5222,1.0000
5071,5222,1.0000
5072,5222,1.0000
5073,5222,1.0000
5074,5222,1.0000
5075,5222,1.0000
5076,5222,1.0000
5077,5222,1.0000
5078,5222,1.0000
5079,5222,1.0000
5080,5222,1.0000
5081,5222,1.0000
5082,5222,1.0000
5083,5222,1.0000
5084,5222,1.0000
5085,5222,1.0000
5086,5222,1.0000
5087,5222,1.0000
5088,5222,1.0000
5089,5222,1.0000
5090,5222,1.0000
5091,5222,1.0000
5092,5222,1.0000
5093,5222,1.0000
5094,5222,1.0000
5095,5222,1.0000
5096,5222,1.0000
5097,5222,1.0000
5098,5222,1.0000
5099,5222,1.0000
5100,5222,1.0000
5101,5222,1.0000
5102,5222,1.0000
5103,5222,1.0000
5104,5222,1.0000
5105,5222,1.0000
5106,5222,1.0000
5107,5222,1.0000
5108,5222,1.0000
5109,5222,1.0000
5110,5222,1.0000
5111,5222,1.0000
5112,5222,1.0000
5113,5222,1.0000
5114,5222,1.0000
5115,5222,1.0000
5116,5222,1.0000
5117,5222,1.0000
5118,5222,1.0000
5119,5222,1.0000
5120,5222,1.0000
5121,5222,1.0000
5122,5222,1.0000
5123,5222,1.0000
5124,5222,1.0000
5125,5222,1.0000
5126,5222,1.0000
5127,5222,1.0000
5128,5222,1.0000
5129,5222,1.0000
5130,5222,1.0000
5131,5222,1.0000
5132,5222,1.0000
5133,5222,1.0000
5134,5222,1.0000
5135,5222,1.0000
5136,5222,1.0000
5137,5222,1.0000
5138,5222,1.0000
5139,5222,1.0000
5140,5222,1.0000
5141,5222,1.0000
5142,5222,1.0000
5143,5222,1.0000
5144,5222,1.0000
5145,5222,1.0000
5146,5222,1.0000
5147,5222,1.0000
5148,5222,1.0000
5149,5222,1.0000
5150,5222,1.0000
5151,5222,1.0000
5152,5222,1.0000
5153,5222,1.0000
5154,5222,1.0000
5155,5222,1.0000
5156,5222,1.0000
5157,5222,1.0000
5158,5222,1.0000
5159,5222,1.0000
5160,5222,1.0000
5161,5222,1.0000
5162,5222,1.0000
5163,5222,1.0000
5164,5222,1.0000
5165,5222,1.0000
5166,5222,.9846
5166,-999,.0154
5167,-999,.3740
5167,5222,.6260
5168,-999,.0308
5168,5222,.9692
5169,5222,1.0000
5170,5222,.7540
5170,-999,.2460
5171,-999,.0157
5171,5222,.9843
5172,5222,.9600
5172,-999,.0400
5173,5222,.2578
5173,-999,.7422
5174,-999,1.0000
5175,-999,1.0000
5176,-999,1.0000
5177,-999,1.0000
5178,-999,1.0000
5179,-999,1.0000
5180,-999,1.0000
5181,-999,1.0000
5182,-999,1.0000
5183,-999,1.0000
5184,-999,1.0000
5185,-999,1.0000
5186,-999,1.0000
5187,-999,1.0000
5188,5222,1.0000
5189,5222,1.0000
5190,5222,1.0000
5191,5222,1.0000
5192,5222,1.0000
5193,5222,1.0000
5194,5222,1.0000
5195,5222,1.0000
5196,5222,1.0000
5197,5222,1.0000
5198,5222,1.0000
5199,5222,1.0000
5200,5222,1.0000
5201,5222,1.0000
5202,5222,1.0000
5203,5222,1.0000
5204,5222,1.0000
5205,5222,1.0000
5206,5222,1.0000
5207,5222,1.0000
5208,5222,1.0000
5209,5222,1.0000
5210,5222,1.0000
5211,5222,1.0000
5212,5222,1.0000
5213,5222,1.0000
5214,5222,1.0000
5215,5222,1.0000
5216,5222,1.0000
5217,5222,1.0000
5218,5222,1.0000
5219,5222,1.0000
5220,5222,1.0000
5221,5222,1.0000
5222,5222,1.0000
5223,5222,1.0000
5224,5222,1.0000
5225,5222,1.0000
5226,5222,1.0000
5227,5222,1.0000
5228,5222,1.0000
5229,5222,1.0000
5230,5222,1.0000
5231,5222,1.0000
5232,5222,1.0000
5233,5222,1.0000
5234,5222,1.0000
5235,5222,1.0000
5236,5222,1.0000
5237,5222,1.0000
5238,5222,1.0000
5239,5222,1.0000
5240,5222,1.0000
5241,5222,1.0000
5242,5222,1.0000
5243,5222,1.0000
5244,5222,1.0000
5245,5222,1.0000
5246,5222,1.0000
5247,5222,1.0000
5248,5222,1.0000
5249,5222,1.0000
5250,5222,1.0000
5251,5222,1.0000
5252,5222,1.0000
5253,5222,1.0000
5254,5222,1.0000
5255,5222,1.0000
5256,5222,1.0000
5257,5222,1.0000
5258,5222,1.0000
5259,5222,1.0000
5260,5222,1.0000
5261,5222,1.0000
5262,5222,1.0000
5263,5222,1.0000
5264,5222,1.0000
5265,5222,1.0000
5266,5222,1.0000
5267,5222,1.0000
5268,5222,1.0000
5269,5222,1.0000
5270,5222,1.0000
5271,5222,1.0000
5272,5222,1.0000
5273,5222,1.0000
5274,5222,1.0000
5275,5222,1.0000
5276,5222,1.0000
5277,5222,1.0000
5278,5222,1.0000
5279,5222,1.0000
5280,5222,1.0000
5281,5222,1.0000
5282,5222,1.0000
5283,5222,1.0000
5284,5222,1.0000
5285,5222,1.0000
5286,5222,1.0000
5287,5222,1.0000
5288,5222,1.0000
5289,5222,1.0000
5290,5222,1.0000
5291,5222,1.0000
5292,5222,1.0000
5293,5222,1.0000
5294,5222,1.0000
5295,5222,1.0000
5296,5222,1.0000
5297,5222,1.0000
5298,5222,1.0000
5299,5222,1.0000
5300,5222,1.0000
5301,5222,1.0000
5302,5222,1.0000
5303,5222,1.0000
5304,5222,1.0000
5305,5222,.9919
5305,-999,.0081
5306,5222,.9444
5306,-999,.0556
5307,-999,.8359
5307,5222,.1641
5308,-999,1.0000
5309,-999,1.0000
5310,-999,1.0000
5311,-999,1.0000
5312,-999,1.0000
5313,-999,1.0000
5314,-999,1.0000
5315,-999,1.0000
5316,-999,1.0000
5317,-999,1.0000
5318,-999,1.0000
5319,-999,1.0000
5320,-999,1.0000
5321,5222,1.0000
5322,5222,1.0000
5323,5222,1.0000
5324,5222,1.0000
5325,5222,1.0000
5326,5222,1.0000
5327,5222,1.0000
5328,5222,1.0000
5329,5222,1.0000
5330,5222,1.0000
5331,5222,1.0000
5332,5222,1.0000
5333,5222,1.0000
5334,5222,1.0000
5335,5222,1.0000
5336,5222,1.0000
5337,5222,1.0000
5338,5222,1.0000
5339,5222,1.0000
5340,5222,1.0000
5341,5222,1.0000
5342,5222,1.0000
5343,5222,1.0000
5344,5222,1.0000
5345,5222,1.0000
5346,5222,1.0000
5347,5222,1.0000
5348,5222,1.0000
5349,5222,1.0000
5350,5222,1.0000
5351,5222,1.0000
5352,5222,1.0000
5353,5222,1.0000
5354,5222,1.0000
5355,5222,1.0000
5356,5222,1.0000
5357,5222,1.0000
5358,5222,1.0000
5359,5222,1.0000
5360,5222,1.0000
5361,5222,1.0000
5362,5222,1.0000
5363,5222,1.0000
5364,5222,1.0000
5365,5222,1.0000
5366,5222,1.0000
5367,5222,1.0000
5368,5222,1.0000
5369,5222,1.0000
5370,5222,1.0000
5371,5222,1.0000
5372,5222,1.0000
5373,5222,1.0000
5374,5222,1.0000
5375,5222,1.0000
5376,5222,1.0000
5377,5222,1.0000
5378,5222,1.0000
5379,5222,1.0000
5380,5222,1.0000
5381,5222,1.0000
5382,5222,1.0000
5383,5222,1.0000
5384,5222,1.0000
5385,5222,1.0000
5386,5222,1.0000
5387,5222,1.0000
5388,5222,1.0000
5389,5222,1.0000
5390,5222,1.0000
5391,5222,1.0000
5392,5222,1.0000
5393,5222,1.0000
5394,5222,1.0000
5395,5222,1.0000
5396,5222,1.0000
5397,5222,1.0000
5398,5222,1.0000
5399,5222,1.0000
5400,5222,1.0000
5401,5222,1.0000
5402,5222,1.0000
5403,5222,1.0000
5404,5222,1.0000
5405,5222,1.0000
5406,5222,1.0000
5407,5222,1.0000
5408,5222,1.0000
5409,5222,1.0000
5410,5222,1.0000
5411,5222,1.0000
5412,5222,1.0000
5413,5222,1.0000
5414,5222,1.0000
5415,5222,1.0000
5416,5222,1.0000
5417,5222,1.0000
5418,5222,1.0000
5419,5222,1.0000
5420,5222,1.0000
5421,5222,1.0000
5422,5222,1.0000
5423,5222,1.0000
5424,5222,1.0000
5425,5222,1.0000
5426,5222,1.0000
5427,5222,1.0000
5428,5222,1.0000
5429,5222,1.0000
5430,5222,1.0000
5431,5222,1.0000
5432,5222,1.0000
5433,5222,1.0000
5434,5222,1.0000
5435,5222,1.0000
5436,5222,1.0000
5437,5222,1.0000
5438,5222,.5692
5438,-999,.4308
5439,5222,.2480
5439,-999,.7520
5440,5222,.0320
5440,-999,.9680
5441,-999,1.0000
5442,-999,1.0000
5443,-999,1.0000
5444,-999,1.0000
5445,-999,1.0000
5446,-999,1.0000
5447,-999,1.0000
5448,-999,1.0000
5449,-999,1.0000
5450,-999,1.0000
5451,-999,1.0000
5452,-999,1.0000
5453,-999,1.0000
5454,5222,1.0000
5455,5222,1.0000
5456,5222,1.0000
5457,5222,1.0000
5458,5222,1.0000
5459,5222,1.0000
5460,5222,1.0000
5461,5222,1.0000
5462,5222,1.0000
5463,5222,1.0000
5464,5222,1.0000
5465,5222,1.0000
5466,5222,1.0000
5467,5222,1.0000
5468,5222,1.0000
5469,5222,1.0000
5470,5222,1.0000
5471,5222,1.0000
5472,5222,1.0000
5473,5222,1.0000
5474,5222,1.0000
5475,5222,1.0000
5476,5222,1.0000
5477,5222,1.0000
5478,5222,1.0000
5479,5222,1.0000
5480,5222,1.0000
5481,5222,1.0000
5482,5222,1.0000
5483,5222,1.0000
5484,5222,1.0000
5485,5222,1.0000
5486,5222,1.0000
5487,5222,1.0000
5488,5222,1.0000
5489,5222,1.0000
5490,5222,1.0000
5491,5222,1.0000
5492,5222,1.0000
5493,5222,1.0000
5494,5222,1.0000
5495,5222,1.0000
5496,5222,1.0000
5497,5222,1.0000
5498,5222,1.0000
5499,5222,1.0000
5500,5222,1.0000
5501,5222,1.0000
5502,5222,1.0000
5503,5222,1.0000
5504,5222,1.0000
5505,5222,1.0000
5506,5222,1.0000
5507,5222,1.0000
5508,5222,1.0000
5509,5222,1.0000
5510,5222,1.0000
5511,5222,1.0000
5512,5222,1.0000
5513,5222,1.0000
5514,5222,1.0000
5515,5222,1.0000
5516,5222,1.0000
5517,5222,1.0000
5518,5222,1.0000
5519,5222,1.0000
5520,5222,1.0000
5521,5222,1.0000
5522,5222,1.0000
5523,5222,1.0000
5524,5222,1.0000
5525,5222,1.0000
5526,5222,1.0000
5527,5222,1.0000
5528,5222,1.0000
5529,5222,1.0000
5530,5222,1.0000
5531,5222,1.0000
5532,5222,1.0000
5533,5222,1.0000
5534,5222,1.0000
5535,5222,1.0000
5536,5222,1.0000
5537,5222,1.0000
5538,5222,1.0000
5539,5222,1.0000
5540,5222,1.0000
5541,5222,1.0000
5542,5222,1.0000
5543,5222,1.0000
5544,5222,1.0000
5545,5222,1.0000
5546,5222,1.0000
5547,5222,1.0000
5548,5222,1.0000
5549,5222,1.0000
5550,5222,1.0000
5551,5222,1.0000
5552,5222,1.0000
5553,5222,1.0000
5554,5222,1.0000
5555,5222,1.0000
5556,5222,1.0000
5557,5222,1.0000
5558,5222,1.0000
5559,5222,1.0000
5560,5222,1.0000
5561,5222,1.0000
5562,5222,1.0000
5563,5222,1.0000
5564,5222,1.0000
5565,5222,1.0000
5566,5222,1.0000
5567,5222,1.0000
5568,5222,1.0000
5569,5222,1.0000
5570,5222,1.0000
5571,5222,.4400
5571,-999,.5600
5572,-999,.6875
5572,5222,.3125
5573,-999,.3730
5573,5222,.6270
5574,-999,.6953
5574,5222,.3047
5575,-999,1.0000
5576,-999,1.0000
5577,-999,1.0000
5578,-999,1.0000
5579,-999,1.0000
5580,-999,1.0000
5581,-999,1.0000
5582,-999,1.0000
5583,-999,1.0000
5584,-999,1.0000
5585,-999,1.0000
5586,-999,1.0000
5587,5222,1.0000
5588,5222,1.0000
5589,5222,1.0000
5590,5222,1.0000
5591,5222,1.0000
5592,5222,1.0000
5593,5222,1.0000
5594,5222,1.0000
5595,5222,1.0000
5596,5222,1.0000
5597,5222,1.0000
5598,5222,1.0000
5599,5222,1.0000
5600,5222,1.0000
5601,5222,1.0000
5602,5222,1.0000
5603,5222,1.0000
5604,5222,1.0000
5605,5222,1.0000
5606,5222,1.0000
5607,5222,1.0000
5608,5222,1.0000
5609,5222,1.0000
5610,5222,1.0000
5611,5222,1.0000
5612,5222,1.0000
5613,5222,1.0000
5614,5222,1.0000
5615,5222,1.0000
5616,5222,1.0000
5617,5222,1.0000
5618,5222,1.0000
5619,5222,1.0000
5620,5222,1.0000
5621,5222,1.0000
5622,5222,1.0000
5623,5222,1.0000
5624,5222,1.0000
5625,5222,1.0000
5626,5222,1.0000
5627,5222,1.0000
5628,5222,1.0000
5629,5222,1.0000
5630,5222,1.0000
5631,5222,1.0000
5632,5222,1.0000
5633,5222,1.0000
5634,5222,1.0000
5635,5222,1.0000
5636,5222,1.0000
5637,5222,1.0000
5638,5222,1.0000
5639,5222,1.0000
5640,5222,1.0000
5641,5222,1.0000
5642,5222,1.0000
5643,5222,1.0000
5644,5222,1.0000
5645,5222,1.0000
5646,5222,1.0000
5647,5222,1.0000
5648,5222,1.0000
5649,5222,1.0000
5650,5222,1.0000
5651,5222,1.0000
5652,5222,1.0000
5653,5222,1.0000
5654,5222,1.0000
5655,5222,1.0000
5656,5222,1.0000
5657,5222,1.0000
5658,5222,1.0000
5659,5222,1.0000
5660,5222,1.0000
5661,5222,1.0000
5662,5222,1.0000
5663,5222,1.0000
5664,5222,1.0000
5665,5222,1.0000
5666,5222,1.0000
5667,5222,1.0000
5668,5222,1.0000
5669,5222,1.0000
5670,5222,1.0000
5671,5222,1.0000
5672,5222,1.0000
5673,5222,1.0000
5674,5222,1.0000
5675,5222,1.0000
5676,5222,1.0000
5677,5222,1.0000
5678,5222,1.0000
5679,5222,1.0000
5680,5222,1.0000
5681,5222,1.0000
5682,5222,1.0000
5683,5222,1.0000
5684,5222,1.0000
5685,5222,1.0000
5686,5222,1.0000
5687,5222,1.0000
5688,5222,1.0000
5689,5222,1.0000
5690,5222,1.0000
5691,5222,1.0000
5692,5222,1.0000
5693,5222,1.0000
5694,5222,1.0000
5695,5222,1.0000
5696,5222,1.0000
5697,5222,1.0000
5698,5222,1.0000
5699,5222,1.0000
5700,5222,1.0000
5701,5222,1.0000
5702,5222,1.0000
5703,5222,1.0000
5704,5222,.9760
5704,-999,.0240
5705,-999,.0945
5705,5222,.9055
5706,5222,1.0000
5707,-999,.1452
5707,5222,.8548
5708,-999,.6172
5708,5222,.3828
5709,-999,1.0000
5710,-999,1.0000
5711,-999,1.0000
5712,-999,1.0000
5713,-999,1.0000
5714,-999,1.0000
5715,-999,1.0000
5716,-999,1.0000
5717,-999,1.0000
5718,-999,1.0000
5719,-999,1.0000
5720,5222,1.0000
5721,5222,1.0000
5722,5222,1.0000
5723,5222,1.0000
5724,5222,1.0000
5725,5222,1.0000
5726,5222,1.0000
5727,5222,1.0000
5728,5222,1.0000
5729,5222,1.0000
5730,5222,1.0000
5731,5222,1.0000
5732,5222,1.0000
5733,5222,1.0000
5734,5222,1.0000
5735,5222,1.0000
5736,5222,1.0000
5737,5222,1.0000
5738,5222,1.0000
5739,5222,1.0000
5740,5222,1.0000
5741,5222,1.0000
5742,5222,1.0000
5743,5222,1.0000
5744,5222,1.0000
5745,5222,1.0000
5746,5222,1.0000
5747,5222,1.0000
5748,5222,1.0000
5749,5222,1.0000
5750,5222,1.0000
5751,5222,1.0000
5752,5222,1.0000
5753,5222,1.0000
5754,5222,1.0000
5755,5222,1.0000
5756,5222,1.0000
5757,5222,1.0000
5758,5222,1.0000
5759,5222,1.0000
5760,5222,1.0000
5761,5222,1.0000
5762,5222,1.0000
5763,5222,1.0000
5764,5222,1.0000
5765,5222,1.0000
5766,5222,1.0000
5767,5222,1.0000
5768,5222,1.0000
5769,5222,1.0000
5770,5222,1.0000
5771,5222,1.0000
5772,5222,1.0000
5773,5222,1.0000
5774,5222,1.0000
5775,5222,1.0000
5776,5222,1.0000
5777,5222,1.0000
5778,5222,1.0000
5779,5222,1.0000
5780,5222,1.0000
5781,5222,1.0000
5782,5222,1.0000
5783,5222,1.0000
5784,5222,1.0000
5785,5222,1.0000
5786,5222,1.0000
5787,5222,1.0000
5788,5222,1.0000
5789,5222,1.0000
5790,5222,1.0000
5791,5222,1.0000
5792,5222,1.0000
5793,5222,1.0000
5794,5222,1.0000
5795,5222,1.0000
5796,5222,1.0000
5797,5222,1.0000
5798,5222,1.0000
5799,5222,1.0000
5800,5222,1.0000
5801,5222,1.0000
5802,5222,1.0000
5803,5222,1.0000
5804,5222,1.0000
5805,5222,1.0000
5806,5222,1.0000
5807,5222,1.0000
5808,5222,1.0000
5809,5222,1.0000
5810,5222,1.0000
5811,5222,1.0000
5812,5222,1.0000
5813,5222,1.0000
5814,5222,1.0000
5815,5222,1.0000
5816,5222,1.0000
5817,5222,1.0000
5818,5222,1.0000
5819,5222,1.0000
5820,5222,1.0000
5821,5222,1.0000
5822,5222,1.0000
5823,5222,1.0000
5824,5222,1.0000
5825,5222,1.0000
5826,5222,1.0000
5827,5222,1.0000
5828,5222,1.0000
5829,5222,1.0000
5830,5222,1.0000
5831,5222,1.0000
5832,5222,1.0000
5833,5222,1.0000
5834,5222,1.0000
5835,5222,1.0000
5836,5222,1.0000
5837,5222,1.0000
5838,5222,1.0000
5839,5222,.9921
5839,-999,.0079
5840,5222,.4921
5840,-999,.5079
5841,-999,.9687
5841,5222,.0312
5842,-999,1.0000
5843,-999,1.0000
5844,-999,1.0000
5845,-999,1.0000
5846,-999,1.0000
5847,-999,1.0000
5848,-999,1.0000
5849,-999,1.0000
5850,-999,1.0000
5851,-999,1.0000
5852,-999,1.0000
5853,5222,1.0000
5854,5222,1.0000
5855,5222,1.0000
5856,5222,1.0000
5857,5222,1.0000
5858,5222,1.0000
5859,5222,1.0000
5860,5222,1.0000
5861,5222,1.0000
5862,5222,1.0000
5863,5222,1.0000
5864,5222,1.0000
5865,5222,1.0000
5866,5222,1.0000
5867,5222,1.0000
5868,5222,1.0000
5869,5222,1.0000
5870,5222,1.0000
5871,5222,1.0000
5872,5222,1.0000
5873,5222,1.0000
5874,5222,1.0000
5875,5222,1.0000
5876,5222,1.0000
5877,5222,1.0000
5878,5222,1.0000
5879,5222,1.0000
5880,5222,1.0000
5881,5222,1.0000
5882,5222,1.0000
5883,5222,1.0000
5884,5222,1.0000
5885,5222,1.0000
5886,5222,1.0000
5887,5222,1.0000
5888,5222,1.0000
5889,5222,1.0000
5890,5222,1.0000
5891,5222,1.0000
5892,5222,1.0000
5893,5222,1.0000
5894,5222,1.0000
5895,5222,1.0000
5896,5222,1.0000
5897,5222,1.0000
5898,5222,1.0000
5899,5222,1.0000
5900,5222,1.0000
5901,5222,1.0000
5902,5222,1.0000
5903,5222,1.0000
5904,5222,1.0000
5905,5222,1.0000
5906,5222,1.0000
5907,5222,1.0000
5908,5222,1.0000
5909,5222,1.0000
5910,5222,1.0000
5911,5222,1.0000
5912,5222,1.0000
5913,5222,1.0000
5914,5222,1.0000
5915,5222,1.0000
5916,5222,1.0000
5917,5222,1.0000
5918,5222,1.0000
5919,5222,1.0000
5920,5222,1.0000
5921,5222,1.0000
5922,5222,1.0000
5923,5222,1.0000
5924,5222,1.0000
5925,5222,1.0000
5926,5222,1.0000
5927,5222,1.0000
5928,5222,1.0000
5929,5222,1.0000
5930,5222,1.0000
5931,5222,1.0000
5932,5222,1.0000
5933,5222,1.0000
5934,5222,1.0000
5935,5222,1.0000
5936,5222,1.0000
5937,5222,1.0000
5938,5222,1.0000
5939,5222,1.0000
5940,5222,1.0000
5941,5222,1.0000
5942,5222,1.0000
5943,5222,1.0000
5944,5222,1.0000
5945,5222,1.0000
5946,5222,1.0000
5947,5222,1.0000
5948,5222,1.0000
5949,5222,1.0000
5950,5222,1.0000
5951,5222,1.0000
5952,5222,1.0000
5953,5222,1.0000
5954,5222,1.0000
5955,5222,1.0000
5956,5222,1.0000
5957,5222,1.0000
5958,5222,1.0000
5959,5222,1.0000
5960,5222,1.0000
5961,5222,1.0000
5962,5222,1.0000
5963,5222,1.0000
5964,5222,1.0000
5965,5222,1.0000
5966,5222,1.0000
5967,5222,1.0000
5968,5222,1.0000
5969,5222,1.0000
5970,5222,1.0000
5971,5222,1.0000
5972,5222,.9920
5972,-999,.0080
5973,-999,.2769
5973,5222,.7231
5974,-999,.9280
5974,5222,.0720
5975,-999,.7760
5975,5222,.2240
5976,-999,.9008
5976,5222,.0992
5977,-999,1.0000
5978,-999,1.0000
5979,-999,1.0000
5980,-999,1.0000
5981,-999,1.0000
5982,-999,1.0000
5983,-999,1.0000
5984,-999,1.0000
5985,-999,1.0000
5986,5222,1.0000
5987,5222,1.0000
5988,5222,1.0000
5989,5222,1.0000
5990,5222,1.0000
5991,5222,1.0000
5992,5222,1.0000
5993,5222,1.0000
5994,5222,1.0000
5995,5222,1.0000
5996,5222,1.0000
5997,5222,1.0000
5998,5222,1.0000
5999,5222,1.0000
6000,5222,1.0000
6001,5222,1.0000
6002,5222,1.0000
6003,5222,1.0000
6004,5222,1.0000
6005,5222,1.0000
6006,5222,1.0000
6007,5222,1.0000
6008,5222,1.0000
6009,5222,1.0000
6010,5222,1.0000
6011,5222,1.0000
6012,5222,1.0000
6013,5222,1.0000
6014,5222,1.0000
6015,5222,1.0000
6016,5222,1.0000
6017,5222,1.0000
6018,5222,1.0000
6019,5222,1.0000
6020,5222,1.0000
6021,5222,1.0000
6022,5222,1.0000
6023,5222,1.0000
6024,5222,1.0000
6025,5222,1.0000
6026,5222,1.0000
6027,5222,1.0000
6028,5222,1.0000
6029,5222,1.0000
6030,5222,1.0000
6031,5222,1.0000
6032,5222,1.0000
6033,5222,1.0000
6034,5222,1.0000
6035,5222,1.0000
6036,5222,1.0000
6037,5222,1.0000
6038,5222,1.0000
6039,5222,1.0000
6040,5222,1.0000
6041,5222,1.0000
6042,5222,1.0000
6043,5222,1.0000
6044,5222,1.0000
6045,5222,1.0000
6046,5222,1.0000
6047,5222,1.0000
6048,5222,1.0000
6049,5222,1.0000
6050,5222,1.0000
6051,5222,1.0000
6052,5222,1.0000
6053,5222,1.0000
6054,5222,1.0000
6055,5222,1.0000
6056,5222,1.0000
6057,5222,1.0000
6058,5222,1.0000
6059,5222,1.0000
6060,5222,1.0000
6061,5222,1.0000
6062,5222,1.0000
6063,5222,1.0000
6064,5222,1.0000
6065,5222,1.0000
6066,5222,1.0000
6067,5222,1.0000
6068,5222,1.0000
6069,5222,1.0000
6070,5222,1.0000
6071,5222,1.0000
6072,5222,1.0000
6073,5222,1.0000
6074,5222,1.0000
6075,5222,1.0000
6076,5222,1.0000
6077,5222,1.0000
6078,5222,1.0000
6079,5222,1.0000
6080,5222,1.0000
6081,5222,1.0000
6082,5222,1.0000
6083,5222,1.0000
6084,5222,1.0000
6085,5222,1.0000
6086,5222,1.0000
6087,5222,1.0000
6088,5222,1.0000
6089,5222,1.0000
6090,5222,1.0000
6091,5222,1.0000
6092,5222,1.0000
6093,5222,1.0000
6094,5222,1.0000
6095,5222,1.0000
6096,5222,1.0000
6097,5222,1.0000
6098,5222,1.0000
6099,5222,1.0000
6100,5222,1.0000
6101,5222,1.0000
6102,5222,1.0000
6103,5222,1.0000
6104,5222,1.0000
6105,5222,1.0000
6106,5222,.6032
6106,-999,.3968
6107,5222,.1240
6107,-999,.8760
6108,-999,.5234
6108,5222,.4766
6109,5222,.4640
6109,-999,.5360
6110,-999,.5703
6110,5222,.4297
6111,-999,1.0000
6112,-999,1.0000
6113,-999,1.0000
6114,-999,1.0000
6115,-999,1.0000
6116,-999,1.0000
6117,-999,1.0000
6118,-999,1.0000
6119,5222,1.0000
6120,5222,1.0000
6121,5222,1.0000
6122,5222,1.0000
6123,5222,1.0000
6124,5222,1.0000
6125,5222,1.0000
6126,5222,1.0000
6127,5222,1.0000
6128,5222,1.0000
6129,5222,1.0000
6130,5222,1.0000
6131,5222,1.0000
6132,5222,1.0000
6133,5222,1.0000
6134,5222,1.0000
6135,5222,1.0000
6136,5222,1.0000
6137,5222,1.0000
6138,5222,1.0000
6139,5222,1.0000
6140,5222,1.0000
6141,5222,1.0000
6142,5222,1.0000
6143,5222,1.0000
6144,5222,1.0000
6145,5222,1.0000
6146,5222,1.0000
6147,5222,1.0000
6148,5222,1.0000
6149,5222,1.0000
6150,5222,1.0000
6151,5222,1.0000
6152,5222,1.0000
6153,5222,1.0000
6154,5222,1.0000
6155,5222,1.0000
6156,5222,1.0000
6157,5222,1.0000
6158,5222,1.0000
6159,5222,1.0000
6160,5222,1.0000
6161,5222,1.0000
6162,5222,1.0000
6163,5222,1.0000
6164,5222,1.0000
6165,5222,1.0000
6166,5222,1.0000
6167,5222,1.0000
6168,5222,1.0000
6169,5222,1.0000
6170,5222,1.0000
6171,5222,1.0000
6172,5222,1.0000
6173,5222,1.0000
6174,5222,1.0000
6175,5222,1.0000
6176,5222,1.0000
6177,5222,1.0000
6178,5222,1.0000
6179,5222,1.0000
6180,5222,1.0000
6181,5222,1.0000
6182,5222,1.0000
6183,5222,1.0000
6184,5222,1.0000
6185,5222,1.0000
6186,5222,1.0000
6187,5222,1.0000
6188,5222,1.0000
6189,5222,1.0000
6190,5222,1.0000
6191,5222,1.0000
6192,5222,1.0000
6193,5222,1.0000
6194,5222,1.0000
6195,5222,1.0000
6196,5222,1.0000
6197,5222,1.0000
6198,5222,1.0000
6199,5222,1.0000
6200,5222,1.0000
6201,5222,1.0000
6202,5222,1.0000
6203,5222,1.0000
6204,5222,1.0000
6205,5222,1.0000
6206,5222,1.0000
6207,5222,1.0000
6208,5222,1.0000
6209,5222,1.0000
6210,5222,1.0000
6211,5222,1.0000
6212,5222,1.0000
6213,5222,1.0000
6214,5222,1.0000
6215,5222,1.0000
6216,5222,1.0000
6217,5222,1.0000
6218,5222,1.0000
6219,5222,1.0000
6220,5222,1.0000
6221,5222,1.0000
6222,5222,1.0000
6223,5222,1.0000
6224,5222,1.0000
6225,5222,1.0000
6226,5222,1.0000
6227,5222,1.0000
6228,5222,1.0000
6229,5222,1.0000
6230,5222,1.0000
6231,5222,1.0000
6232,5222,1.0000
6233,5222,1.0000
6234,5222,1.0000
6235,5222,1.0000
6236,5222,1.0000
6237,5222,1.0000
6238,5222,1.0000
6239,-999,.1984
6239,5222,.8016
6240,-999,.4882
6240,5222,.5118
6241,-999,.1705
6241,5222,.8295
6242,5222,.7778
6242,-999,.2222
6243,5222,.8320
6243,-999,.1680
6244,-999,.8000
6244,5222,.2000
6245,-999,1.0000
6246,-999,1.0000
6247,-999,1.0000
6248,-999,1.0000
6249,-999,1.0000
6250,-999,1.0000
6251,-999,1.0000
6252,5222,.7440
6252,5674,.2560
6253,5222,1.0000
6254,5222,1.0000
6255,5222,1.0000
6256,5222,1.0000
6257,5222,1.0000
6258,5222,1.0000
6259,5222,1.0000
6260,5222,1.0000
6261,5222,1.0000
6262,5222,1.0000
6263,5222,1.0000
6264,5222,1.0000
6265,5222,1.0000
6266,5222,1.0000
6267,5222,1.0000
6268,5222,1.0000
6269,5222,1.0000
6270,5222,1.0000
6271,5222,1.0000
6272,5222,1.0000
6273,5222,1.0000
6274,5222,1.0000
6275,5222,1.0000
6276,5222,1.0000
6277,5222,1.0000
6278,5222,1.0000
6279,5222,1.0000
6280,5222,1.0000
6281,5222,1.0000
6282,5222,1.0000
6283,5222,1.0000
6284,5222,1.0000
6285,5222,1.0000
6286,5222,1.0000
6287,5222,1.0000
6288,5222,1.0000
6289,5222,1.0000
6290,5222,1.0000
6291,5222,1.0000
6292,5222,1.0000
6293,5222,1.0000
6294,5222,1.0000
6295,5222,1.0000
6296,5222,1.0000
6297,5222,1.0000
6298,5222,1.0000
6299,5222,1.0000
6300,5222,1.0000
6301,5222,1.0000
6302,5222,1.0000
6303,5222,1.0000
6304,5222,1.0000
6305,5222,1.0000
6306,5222,1.0000
6307,5222,1.0000
6308,5222,1.0000
6309,5222,1.0000
6310,5222,1.0000
6311,5222,1.0000
6312,5222,1.0000
6313,5222,1.0000
6314,5222,1.0000
6315,5222,1.0000
6316,5222,1.0000
6317,5222,1.0000
6318,5222,1.0000
6319,5222,1.0000
6320,5222,1.0000
6321,5222,1.0000
6322,5222,1.0000
6323,5222,1.0000
6324,5222,1.0000
6325,5222,1.0000
6326,5222,1.0000
6327,5222,1.0000
6328,5222,1.0000
6329,5222,1.0000
6330,5222,1.0000
6331,5222,1.0000
6332,5222,1.0000
6333,5222,1.0000
6334,5222,1.0000
6335,5222,1.0000
6336,5222,1.0000
6337,5222,1.0000
6338,5222,1.0000
6339,5222,1.0000
6340,5222,1.0000
6341,5222,1.0000
6342,5222,1.0000
6343,5222,1.0000
6344,5222,1.0000
6345,5222,1.0000
6346,5222,1.0000
6347,5222,1.0000
6348,5222,1.0000
6349,5222,1.0000
6350,5222,1.0000
6351,5222,1.0000
6352,5222,1.0000
6353,5222,1.0000
6354,5222,1.0000
6355,5222,1.0000
6356,5222,1.0000
6357,5222,1.0000
6358,5222,1.0000
6359,5222,1.0000
6360,5222,1.0000
6361,5222,1.0000
6362,5222,1.0000
6363,5222,1.0000
6364,5222,1.0000
6365,5222,1.0000
6366,5222,1.0000
6367,5222,1.0000
6368,5222,1.0000
6369,5222,1.0000
6370,5222,1.0000
6371,5222,1.0000
6372,5222,1.0000
6373,5222,1.0000
6374,5222,.9524
6374,-999,.0476
6375,5222,.4264
6375,-999,.5736
6376,5222,.1484
6376,-999,.8516
6377,-999,1.0000
6378,-999,1.0000
6379,-999,1.0000
6380,-999,.8898
6380,5222,.1102
6381,-999,1.0000
6382,-999,1.0000
6383,-999,1.0000
6384,-999,1.0000
6385,5674,.9597
6385,5222,.0403
6386,5222,.5833
6386,5674,.4167
6387,5222,1.0000
6388,5222,1.0000
6389,5222,1.0000
6390,5222,1.0000
6391,5222,1.0000
6392,5222,1.0000
6393,5222,1.0000
6394,5222,1.0000
6395,5222,1.0000
6396,5222,1.0000
6397,5222,1.0000
6398,5222,1.0000
6399,5222,1.0000
6400,5222,1.0000
6401,5222,1.0000
6402,5222,1.0000
6403,5222,1.0000
6404,5222,1.0000
6405,5222,1.0000
6406,5222,1.0000
6407,5222,1.0000
6408,5222,1.0000
6409,5222,1.0000
6410,5222,1.0000
6411,5222,1.0000
6412,5222,1.0000
6413,5222,1.0000
6414,5222,1.0000
6415,5222,1.0000
6416,5222,1.0000
6417,5222,1.0000
6418,5222,1.0000
6419,5222,1.0000
6420,5222,1.0000
6421,5222,1.0000
6422,5222,1.0000
6423,5222,1.0000
6424,5222,1.0000
6425,5222,1.0000
6426,5222,1.0000
6427,5222,1.0000
6428,5222,1.0000
6429,5222,1.0000
6430,5222,1.0000
6431,5222,1.0000
6432,5222,1.0000
6433,5222,1.0000
6434,5222,1.0000
6435,5222,1.0000
6436,5222,1.0000
6437,5222,1.0000
6438,5222,1.0000
6439,5222,1.0000
6440,5222,1.0000
6441,5222,1.0000
6442,5222,1.0000
6443,5222,1.0000
6444,5222,1.0000
6445,5222,1.0000
6446,5222,1.0000
6447,5222,1.0000
6448,5222,1.0000
6449,5222,1.0000
6450,5222,1.0000
6451,5222,1.0000
6452,5222,1.0000
6453,5222,1.0000
6454,5222,1.0000
6455,5222,1.0000
6456,5222,1.0000
6457,5222,1.0000
6458,5222,1.0000
6459,5222,1.0000
6460,5222,1.0000
6461,5222,1.0000
6462,5222,1.0000
6463,5222,1.0000
6464,5222,1.0000
6465,5222,1.0000
6466,5222,1.0000
6467,5222,1.0000
6468,5222,1.0000
6469,5222,1.0000
6470,5222,1.0000
6471,5222,1.0000
6472,5222,1.0000
6473,5222,1.0000
6474,5222,1.0000
6475,5222,1.0000
6476,5222,1.0000
6477,5222,1.0000
6478,5222,1.0000
6479,5222,1.0000
6480,5222,1.0000
6481,5222,1.0000
6482,5222,1.0000
6483,5222,1.0000
6484,5222,1.0000
6485,5222,1.0000
6486,5222,1.0000
6487,5222,1.0000
6488,5222,1.0000
6489,5222,1.0000
6490,5222,1.0000
6491,5222,1.0000
6492,5222,1.0000
6493,5222,1.0000
6494,5222,1.0000
6495,5222,1.0000
6496,5222,1.0000
6497,5222,1.0000
6498,5222,1.0000
6499,5222,1.0000
6500,5222,1.0000
6501,5222,1.0000
6502,5222,1.0000
6503,5222,1.0000
6504,5222,1.0000
6505,5222,1.0000
6506,5222,1.0000
6507,5222,.8095
6507,-999,.1905
6508,-999,.8295
6508,5222,.1705
6509,-999,1.0000
6510,-999,1.0000
6511,-999,1.0000
6512,-999,.9462
6512,5222,.0538
6513,5222,.4683
6513,-999,.5317
6514,-999,.8095
6514,5222,.1905
6515,-999,.9923
6515,5222,.0077
6516,-999,1.0000
6517,-999,1.0000
6518,5674,1.0000
6519,5674,.6610
6519,5222,.3390
6520,5222,1.0000
6521,5222,1.0000
6522,5222,1.0000
6523,5222,1.0000
6524,5222,1.0000
6525,5222,1.0000
6526,5222,1.0000
6527,5222,1.0000
6528,5222,1.0000
6529,5222,1.0000
6530,5222,1.0000
6531,5222,1.0000
6532,5222,1.0000
6533,5222,1.0000
6534,5222,.9440
6534,5674,.0560
6535,5222,.5379
6535,5674,.4621
6536,5222,.5530
6536,5674,.4470
6537,5222,.9918
6537,5674,.0082
6538,5222,1.0000
6539,5222,1.0000
6540,5222,1.0000
6541,5222,1.0000
6542,5222,1.0000
6543,5222,1.0000
6544,5222,1.0000
6545,5222,1.0000
6546,5222,1.0000
6547,5222,1.0000
6548,5222,1.0000
6549,5222,1.0000
6550,5222,1.0000
6551,5222,1.0000
6552,5222,1.0000
6553,5222,1.0000
6554,5222,1.0000
6555,5222,1.0000
6556,5222,1.0000
6557,5222,1.0000
6558,5222,1.0000
6559,5222,1.0000
6560,5222,1.0000
6561,5222,1.0000
6562,5222,1.0000
6563,5222,1.0000
6564,5222,1.0000
6565,5222,1.0000
6566,5222,1.0000
6567,5222,1.0000
6568,5222,1.0000
6569,5222,1.0000
6570,5222,1.0000
6571,5222,1.0000
6572,5222,1.0000
6573,5222,1.0000
6574,5222,1.0000
6575,5222,1.0000
6576,5222,1.0000
6577,5222,1.0000
6578,5222,1.0000
6579,5222,1.0000
6580,5222,1.0000
6581,5222,1.0000
6582,5222,1.0000
6583,5222,1.0000
6584,5222,1.0000
6585,5222,1.0000
6586,5222,1.0000
6587,5222,1.0000
6588,5222,1.0000
6589,5222,1.0000
6590,5222,1.0000
6591,5222,1.0000
6592,5222,1.0000
6593,5222,1.0000
6594,5222,1.0000
6595,5222,1.0000
6596,5222,1.0000
6597,5222,1.0000
6598,5222,1.0000
6599,5222,1.0000
6600,5222,1.0000
6601,5222,1.0000
6602,5222,1.0000
6603,5222,1.0000
6604,5222,1.0000
6605,5222,1.0000
6606,5222,1.0000
6607,5222,1.0000
6608,5222,1.0000
6609,5222,1.0000
6610,5222,1.0000
6611,5222,1.0000
6612,5222,1.0000
6613,5222,1.0000
6614,5222,1.0000
6615,5222,1.0000
6616,5222,1.0000
6617,5222,1.0000
6618,5222,1.0000
6619,5222,1.0000
6620,5222,1.0000
6621,5222,1.0000
6622,5222,1.0000
6623,5222,1.0000
6624,5222,1.0000
6625,5222,1.0000
6626,5222,1.0000
6627,5222,1.0000
6628,5222,1.0000
6629,5222,1.0000
6630,5222,1.0000
6631,5222,1.0000
6632,5222,1.0000
6633,5222,1.0000
6634,5222,1.0000
6635,5222,1.0000
6636,5222,1.0000
6637,5222,1.0000
6638,5222,1.0000
6639,5222,1.0000
6640,5222,1.0000
6641,-999,.0472
6641,5222,.9528
6642,-999,.7480
6642,5222,.2520
6643,-999,.9844
6643,5222,.0156
6644,-999,.5469
6644,5222,.4531
6645,-999,.2598
6645,5222,.7402
6646,5222,.1783
6646,-999,.8217
6647,5222,.6825
6647,-999,.3175
6648,-999,.8346
6648,5222,.1654
6649,-999,1.0000
6650,-999,1.0000
6651,5674,1.0000
6652,5674,.9615
6652,5222,.0385
6653,5222,.9286
6653,5674,.0714
6654,5222,1.0000
6655,5222,1.0000
6656,5222,1.0000
6657,5222,1.0000
6658,5222,1.0000
6659,5222,1.0000
6660,5222,1.0000
6661,5222,1.0000
6662,5222,1.0000
6663,5222,1.0000
6664,5222,1.0000
6665,5222,1.0000
6666,5222,1.0000
6667,5222,.6612
6667,5674,.3388
6668,5674,1.0000
6669,5674,1.0000
6670,5674,.2812
6670,5222,.7187
6671,5222,1.0000
6672,5222,1.0000
6673,5222,1.0000
6674,5222,1.0000
6675,5222,1.0000
6676,5222,1.0000
6677,5222,1.0000
6678,5222,1.0000
6679,5222,1.0000
6680,5222,1.0000
6681,5222,1.0000
6682,5222,1.0000
6683,5222,1.0000
6684,5222,1.0000
6685,5222,1.0000
6686,5222,1.0000
6687,5222,1.0000
6688,5222,1.0000
6689,5222,1.0000
6690,5222,1.0000
6691,5222,1.0000
6692,5222,1.0000
6693,5222,1.0000
6694,5222,1.0000
6695,5222,1.0000
6696,5222,1.0000
6697,5222,1.0000
6698,5222,1.0000
6699,5222,1.0000
6700,5222,1.0000
6701,5222,1.0000
6702,5222,1.0000
6703,5222,1.0000
6704,5222,1.0000
6705,5222,1.0000
6706,5222,1.0000
6707,5222,1.0000
6708,5222,1.0000
6709,5222,1.0000
6710,5222,1.0000
6711,5222,1.0000
6712,5222,1.0000
6713,5222,1.0000
6714,5222,1.0000
6715,5222,1.0000
6716,5222,1.0000
6717,5222,1.0000
6718,5222,1.0000
6719,5222,1.0000
6720,5222,1.0000
6721,5222,1.0000
6722,5222,1.0000
6723,5222,1.0000
6724,5222,1.0000
6725,5222,1.0000
6726,5222,1.0000
6727,5222,1.0000
6728,5222,1.0000
6729,5222,1.0000
6730,5222,1.0000
6731,5222,1.0000
6732,5222,1.0000
6733,5222,1.0000
6734,5222,1.0000
6735,5222,1.0000
6736,5222,1.0000
6737,5222,1.0000
6738,5222,1.0000
6739,5222,1.0000
6740,5222,1.0000
6741,5222,1.0000
6742,5222,1.0000
6743,5222,1.0000
6744,5222,1.0000
6745,5222,1.0000
6746,5222,1.0000
6747,5222,1.0000
6748,5222,1.0000
6749,5222,1.0000
6750,5222,1.0000
6751,5222,1.0000
6752,5222,1.0000
6753,5222,1.0000
6754,5222,1.0000
6755,5222,1.0000
6756,5222,1.0000
6757,5222,1.0000
6758,5222,1.0000
6759,5222,1.0000
6760,5222,1.0000
6761,5222,1.0000
6762,5222,1.0000
6763,5222,1.0000
6764,5222,1.0000
6765,5222,1.0000
6766,5222,1.0000
6767,5222,1.0000
6768,5222,1.0000
6769,5222,1.0000
6770,5222,1.0000
6771,5222,1.0000
6772,5222,1.0000
6773,5222,1.0000
6774,5222,1.0000
6775,-999,.3307
6775,5222,.6693
6776,-999,.4884
6776,5222,.5116
6777,5222,.7109
6777,-999,.2891
6778,5222,.2441
6778,-999,.7559
6779,-999,1.0000
6780,5222,.5769
6780,-999,.4231
6781,-999,.5469
6781,5222,.4531
6782,-999,1.0000
6783,-999,1.0000
6784,5674,1.0000
6785,5674,.9697
6785,5222,.0303
6786,5674,.0813
6786,5222,.9187
6787,5222,1.0000
6788,5222,1.0000
6789,5222,1.0000
6790,5222,1.0000
6791,5222,1.0000
6792,5222,1.0000
6793,5222,1.0000
6794,5222,1.0000
6795,5222,1.0000
6796,5222,1.0000
6797,5222,1.0000
6798,5222,1.0000
6799,5222,1.0000
6800,5222,.6260
6800,5674,.3740
6801,5674,1.0000
6802,5674,1.0000
6803,5674,.6406
6803,5222,.3594
6804,5222,1.0000
6805,5222,1.0000
6806,5222,1.0000
6807,5222,1.0000
6808,5222,1.0000
6809,5222,1.0000
6810,5222,1.0000
6811,5222,1.0000
6812,5222,1.0000
6813,5222,1.0000
6814,5222,1.0000
6815,5222,1.0000
6816,5222,1.0000
6817,5222,1.0000
6818,5222,1.0000
6819,5222,1.0000
6820,5222,1.0000
6821,5222,1.0000
6822,5222,1.0000
6823,5222,1.0000
6824,5222,1.0000
6825,5222,1.0000
6826,5222,1.0000
6827,5222,1.0000
6828,5222,1.0000
6829,5222,1.0000
6830,5222,1.0000
6831,5222,1.0000
6832,5222,1.0000
6833,5222,1.0000
6834,5222,1.0000
6835,5222,1.0000
6836,5222,1.0000
6837,5222,1.0000
6838,5222,1.0000
6839,5222,1.0000
6840,5222,1.0000
6841,5222,1.0000
6842,5222,1.0000
6843,5222,1.0000
6844,5222,1.0000
6845,5222,1.0000
6846,5222,1.0000
6847,5222,1.0000
6848,5222,1.0000
6849,5222,1.0000
6850,5222,1.0000
6851,5222,1.0000
6852,5222,1.0000
6853,5222,1.0000
6854,5222,1.0000
6855,5222,1.0000
6856,5222,1.0000
6857,5222,1.0000
6858,5222,1.0000
6859,5222,1.0000
6860,5222,1.0000
6861,5222,1.0000
6862,5222,1.0000
6863,5222,1.0000
6864,5222,1.0000
6865,5222,1.0000
6866,5222,1.0000
6867,5222,1.0000
6868,5222,1.0000
6869,5222,1.0000
6870,5222,1.0000
6871,5222,1.0000
6872,5222,1.0000
6873,5222,1.0000
6874,5222,1.0000
6875,5222,1.0000
6876,5222,1.0000
6877,5222,1.0000
6878,5222,1.0000
6879,5222,1.0000
6880,5222,1.0000
6881,5222,1.0000
6882,5222,1.0000
6883,5222,1.0000
6884,5222,1.0000
6885,5222,1.0000
6886,5222,1.0000
6887,5222,1.0000
6888,5222,1.0000
6889,5222,1.0000
6890,5222,1.0000
6891,5222,1.0000
6892,5222,1.0000
6893,5222,1.0000
6894,5222,1.0000
6895,5222,1.0000
6896,5222,1.0000
6897,5222,1.0000
6898,5222,1.0000
6899,5222,1.0000
6900,5222,1.0000
6901,5222,1.0000
6902,5222,1.0000
6903,5222,1.0000
6904,5222,1.0000
6905,5222,1.0000
6906,5222,1.0000
6907,5222,1.0000
6908,5222,1.0000
6909,5222,1.0000
6910,5222,.4453
6910,-999,.5547
6911,-999,.9766
6911,5222,.0234
6912,-999,1.0000
6913,-999,.5469
6913,5222,.4531
6914,5222,.1008
6914,-999,.8992
6915,-999,1.0000
6916,-999,1.0000
6917,5674,1.0000
6918,5674,.9683
6918,5222,.0317
6919,5222,.8550
6919,5674,.1450
6920,5222,1.0000
6921,5222,1.0000
6922,5222,1.0000
6923,5222,1.0000
6924,5222,.9680
6924,5674,.0320
6925,5222,1.0000
6926,5222,1.0000
6927,5222,1.0000
6928,5222,1.0000
6929,5222,1.0000
6930,5222,1.0000
6931,5222,1.0000
6932,5222,1.0000
6933,5222,.6667
6933,5674,.3333
6934,5674,1.0000
6935,5674,1.0000
6936,5674,.7302
6936,5222,.2698
6937,5222,1.0000
6938,5222,1.0000
6939,5222,1.0000
6940,5222,1.0000
6941,5222,1.0000
6942,5222,1.0000
6943,5222,1.0000
6944,5222,1.0000
6945,5222,1.0000
6946,5222,1.0000
6947,5222,1.0000
6948,5222,1.0000
6949,5222,1.0000
6950,5222,1.0000
6951,5222,1.0000
6952,5222,1.0000
6953,5222,1.0000
6954,5222,1.0000
6955,5222,1.0000
6956,5222,1.0000
6957,5222,1.0000
6958,5222,1.0000
6959,5222,1.0000
6960,5222,1.0000
6961,5222,1.0000
6962,5222,1.0000
6963,5222,1.0000
6964,5222,1.0000
6965,5222,1.0000
6966,5222,1.0000
6967,5222,1.0000
6968,5222,1.0000
6969,5222,1.0000
6970,5222,1.0000
6971,5222,1.0000
6972,5222,1.0000
6973,5222,1.0000
6974,5222,1.0000
6975,5222,1.0000
6976,5222,1.0000
6977,5222,1.0000
6978,5222,1.0000
6979,5222,1.0000
6980,5222,1.0000
6981,5222,1.0000
6982,5222,1.0000
6983,5222,1.0000
6984,5222,1.0000
6985,5222,1.0000
6986,5222,1.0000
6987,5222,1.0000
6988,5222,1.0000
6989,5222,1.0000
6990,5222,1.0000
6991,5222,1.0000
6992,5222,1.0000
6993,5222,1.0000
6994,5222,1.0000
6995,5222,1.0000
6996,5222,1.0000
6997,5222,1.0000
6998,5222,1.0000
6999,5222,1.0000
7000,5222,1.0000
7001,5222,1.0000
7002,5222,1.0000
7003,5222,1.0000
7004,5222,1.0000
7005,5222,1.0000
7006,5222,1.0000
7007,5222,1.0000
7008,5222,1.0000
7009,5222,1.0000
7010,5222,1.0000
7011,5222,1.0000
7012,5222,1.0000
7013,5222,1.0000
7014,5222,1.0000
7015,5222,1.0000
7016,5222,1.0000
7017,5222,1.0000
7018,5222,1.0000
7019,5222,1.0000
7020,5222,1.0000
7021,5222,1.0000
7022,5222,1.0000
7023,5222,1.0000
7024,5222,1.0000
7025,5222,1.0000
7026,5222,1.0000
7027,5222,1.0000
7028,5222,1.0000
7029,5222,1.0000
7030,5222,1.0000
7031,5222,1.0000
7032,5222,1.0000
7033,5222,1.0000
7034,5222,1.0000
7035,5222,1.0000
7036,5222,1.0000
7037,5222,1.0000
7038,5222,1.0000
7039,5222,1.0000
7040,5222,1.0000
7041,5222,1.0000
7042,5222,1.0000
7043,5222,.9843
7043,-999,.0157
7044,-999,.2290
7044,5222,.7710
7045,-999,.9843
7045,5222,.0157
7046,-999,1.0000
7047,-999,1.0000
7048,-999,1.0000
7049,-999,1.0000
7050,5674,1.0000
7051,5674,1.0000
7052,5674,.8030
7052,5222,.1970
7053,5222,.3692
7053,5674,.6308
7054,5222,.6417
7054,5674,.3583
7055,5222,1.0000
7056,5222,.8561
7056,5674,.1439
7057,5222,.1825
7057,5674,.8175
7058,5222,.5625
7058,5674,.4375
7059,5222,1.0000
7060,5222,1.0000
7061,5222,1.0000
7062,5222,1.0000
7063,5222,1.0000
7064,5222,1.0000
7065,5222,1.0000
7066,5222,.5079
7066,5674,.4921
7067,5674,1.0000
7068,5674,1.0000
7069,5674,.8031
7069,5222,.1969
7070,5222,1.0000
7071,5222,1.0000
7072,5222,1.0000
7073,5222,1.0000
7074,5222,1.0000
7075,5222,1.0000
7076,5222,1.0000
7077,5222,1.0000
7078,5222,1.0000
7079,5222,1.0000
7080,5222,1.0000
7081,5222,1.0000
7082,5222,1.0000
7083,5222,1.0000
7084,5222,1.0000
7085,5222,1.0000
7086,5222,1.0000
7087,5222,1.0000
7088,5222,1.0000
7089,5222,1.0000
7090,5222,1.0000
7091,5222,1.0000
7092,5222,1.0000
7093,5222,1.0000
7094,5222,1.0000
7095,5222,1.0000
7096,5222,1.0000
7097,5222,1.0000
7098,5222,1.0000
7099,5222,1.0000
7100,5222,1.0000
7101,5222,1.0000
7102,5222,1.0000
7103,5222,1.0000
7104,5222,1.0000
7105,5222,1.0000
7106,5222,1.0000
7107,5222,1.0000
7108,5222,1.0000
7109,5222,1.0000
7110,5222,1.0000
7111,5222,1.0000
7112,5222,1.0000
7113,5222,1.0000
7114,5222,1.0000
7115,5222,1.0000
7116,5222,1.0000
7117,5222,1.0000
7118,5222,1.0000
7119,5222,1.0000
7120,5222,1.0000
7121,5222,1.0000
7122,5222,1.0000
7123,5222,1.0000
7124,5222,1.0000
7125,5222,1.0000
7126,5222,1.0000
7127,5222,1.0000
7128,5222,1.0000
7129,5222,1.0000
7130,5222,1.0000
7131,5222,1.0000
7132,5222,1.0000
7133,5222,1.0000
7134,5222,1.0000
7135,5222,1.0000
7136,5222,1.0000
7137,5222,1.0000
7138,5222,1.0000
7139,5222,1.0000
7140,5222,1.0000
7141,5222,1.0000
7142,5222,1.0000
7143,5222,1.0000
7144,5222,1.0000
7145,5222,1.0000
7146,5222,1.0000
7147,5222,1.0000
7148,5222,1.0000
7149,5222,1.0000
7150,5222,1.0000
7151,5222,1.0000
7152,5222,1.0000
7153,5222,1.0000
7154,5222,1.0000
7155,5222,1.0000
7156,5222,1.0000
7157,5222,1.0000
7158,5222,1.0000
7159,5222,1.0000
7160,5222,1.0000
7161,5222,1.0000
7162,5222,1.0000
7163,5222,1.0000
7164,5222,1.0000
7165,5222,1.0000
7166,5222,1.0000
7167,5222,1.0000
7168,5222,1.0000
7169,5222,1.0000
7170,5222,1.0000
7171,5222,1.0000
7172,5222,1.0000
7173,5222,1.0000
7174,5222,1.0000
7175,5222,1.0000
7176,5222,1.0000
7177,5222,.7063
7177,-999,.2937
7178,-999,1.0000
7179,-999,1.0000
7180,-999,1.0000
7181,-999,1.0000
7182,-999,1.0000
7183,5674,1.0000
7184,5674,1.0000
7185,5674,1.0000
7186,5674,1.0000
7187,5674,.9773
7187,5222,.0227
7188,5222,.3387
7188,5674,.6613
7189,5222,.1364
7189,5674,.8636
7190,5674,1.0000
7191,5674,.9669
7191,5222,.0331
7192,5222,.7717
7192,5674,.2283
7193,5222,1.0000
7194,5222,1.0000
7195,5222,1.0000
7196,5222,1.0000
7197,5222,1.0000
7198,5222,.9767
7198,5674,.0233
7199,5222,.1885
7199,5674,.8115
7200,5674,1.0000
7201,5674,1.0000
7202,5674,.5152
7202,5222,.4848
7203,5222,1.0000
7204,5222,1.0000
7205,5222,1.0000
7206,5222,1.0000
7207,5222,1.0000
7208,5222,1.0000
7209,5222,1.0000
7210,5222,1.0000
7211,5222,1.0000
7212,5222,1.0000
7213,5222,1.0000
7214,5222,1.0000
7215,5222,1.0000
7216,5222,1.0000
7217,5222,1.0000
7218,5222,1.0000
7219,5222,1.0000
7220,5222,1.0000
7221,5222,1.0000
7222,5222,1.0000
7223,5222,1.0000
7224,5222,1.0000
7225,5222,1.0000
7226,5222,1.0000
7227,5222,1.0000
7228,5222,1.0000
7229,5222,1.0000
7230,5222,1.0000
7231,5222,1.0000
7232,5222,1.0000
7233,5222,1.0000
7234,5222,1.0000
7235,5222,1.0000
7236,5222,1.0000
7237,5222,1.0000
7238,5222,1.0000
7239,5222,1.0000
7240,5222,1.0000
7241,5222,1.0000
7242,5222,1.0000
7243,5222,1.0000
7244,5222,1.0000
7245,5222,1.0000
7246,5222,1.0000
7247,5222,1.0000
7248,5222,1.0000
7249,5222,1.0000
7250,5222,1.0000
7251,5222,1.0000
7252,5222,1.0000
7253,5222,1.0000
7254,5222,1.0000
7255,5222,1.0000
7256,5222,1.0000
7257,5222,1.0000
7258,5222,1.0000
7259,5222,1.0000
7260,5222,1.0000
7261,5222,1.0000
7262,5222,1.0000
7263,5222,1.0000
7264,5222,1.0000
7265,5222,1.0000
7266,5222,1.0000
7267,5222,1.0000
7268,5222,1.0000
7269,5222,1.0000
7270,5222,1.0000
7271,5222,1.0000
7272,5222,1.0000
7273,5222,1.0000
7274,5222,1.0000
7275,5222,1.0000
7276,5222,1.0000
7277,5222,1.0000
7278,5222,1.0000
7279,5222,1.0000
7280,5222,1.0000
7281,5222,1.0000
7282,5222,1.0000
7283,5222,1.0000
7284,5222,1.0000
7285,5222,1.0000
7286,5222,1.0000
7287,5222,1.0000
7288,5222,1.0000
7289,5222,1.0000
7290,5222,1.0000
7291,5222,1.0000
7292,5222,1.0000
7293,5222,1.0000
7294,5222,1.0000
7295,5222,1.0000
7296,5222,1.0000
7297,5222,1.0000
7298,5222,1.0000
7299,5222,1.0000
7300,5222,1.0000
7301,5222,1.0000
7302,5222,1.0000
7303,5222,1.0000
7304,5222,1.0000
7305,5222,1.0000
7306,5222,1.0000
7307,5222,.9606
7307,-999,.0394
7308,5222,.9457
7308,-999,.0543
7309,5222,1.0000
7310,5222,.7953
7310,-999,.2047
7311,-999,.8661
7311,5222,.1339
7312,-999,1.0000
7313,-999,1.0000
7314,-999,1.0000
7315,-999,1.0000
7316,5674,1.0000
7317,5674,1.0000
7318,5674,1.0000
7319,5674,1.0000
7320,5674,1.0000
7321,5674,1.0000
7322,5674,1.0000
7323,5674,1.0000
7324,5674,1.0000
7325,5674,.5645
7325,5222,.4355
7326,5222,1.0000
7327,5222,1.0000
7328,5222,1.0000
7329,5222,1.0000
7330,5222,1.0000
7331,5222,.4394
7331,5674,.5606
7332,5674,1.0000
7333,5674,1.0000
7334,5674,.5920
7334,5222,.4080
7335,5674,.0236
7335,5222,.9764
7336,5222,1.0000
7337,5222,1.0000
7338,5222,1.0000
7339,5222,1.0000
7340,5222,1.0000
7341,5222,1.0000
7342,5222,1.0000
7343,5222,1.0000
7344,5222,1.0000
7345,5222,1.0000
7346,5222,1.0000
7347,5222,1.0000
7348,5222,1.0000
7349,5222,1.0000
7350,5222,1.0000
7351,5222,1.0000
7352,5222,1.0000
7353,5222,1.0000
7354,5222,1.0000
7355,5222,1.0000
7356,5222,1.0000
7357,5222,1.0000
7358,5222,1.0000
7359,5222,1.0000
7360,5222,1.0000
7361,5222,1.0000
7362,5222,1.0000
7363,5222,1.0000
7364,5222,1.0000
7365,5222,1.0000
7366,5222,1.0000
7367,5222,1.0000
7368,5222,1.0000
7369,5222,1.0000
7370,5222,1.0000
7371,5222,1.0000
7372,5222,1.0000
7373,5222,1.0000
7374,5222,1.0000
7375,5222,1.0000
7376,5222,1.0000
7377,5222,1.0000
7378,5222,1.0000
7379,5222,1.0000
7380,5222,1.0000
7381,5222,1.0000
7382,5222,1.0000
7383,5222,1.0000
7384,5222,1.0000
7385,5222,1.0000
7386,5222,1.0000
7387,5222,1.0000
7388,5222,1.0000
7389,5222,1.0000
7390,5222,1.0000
7391,5222,1.0000
7392,5222,1.0000
7393,5222,1.0000
7394,5222,1.0000
7395,5222,1.0000
7396,5222,1.0000
7397,5222,1.0000
7398,5222,1.0000
7399,5222,1.0000
7400,5222,1.0000
7401,5222,1.0000
7402,5222,1.0000
7403,5222,1.0000
7404,5222,1.0000
7405,5222,1.0000
7406,5222,1.0000
7407,5222,1.0000
7408,5222,1.0000
7409,5222,1.0000
7410,5222,1.0000
7411,5222,1.0000
7412,5222,1.0000
7413,5222,1.0000
7414,5222,1.0000
7415,5222,1.0000
7416,5222,1.0000
7417,5222,1.0000
7418,5222,1.0000
7419,5222,1.0000
7420,5222,1.0000
7421,5222,1.0000
7422,5222,1.0000
7423,5222,1.0000
7424,5222,1.0000
7425,5222,1.0000
7426,5222,1.0000
7427,5222,1.0000
7428,5222,1.0000
7429,5222,1.0000
7430,5222,1.0000
7431,5222,1.0000
7432,5222,1.0000
7433,5222,1.0000
7434,5222,1.0000
7435,5222,1.0000
7436,5222,1.0000
7437,5222,1.0000
7438,5222,1.0000
7439,5222,.5000
7439,-999,.5000
7440,5222,.0763
7440,-999,.9237
7441,5222,.2677
7441,-999,.7323
7442,5222,.7402
7442,-999,.2598
7443,5222,1.0000
7444,-999,.3906
7444,5222,.6094
7445,-999,1.0000
7446,-999,1.0000
7447,-999,1.0000
7448,-999,1.0000
7449,5674,1.0000
7450,5674,1.0000
7451,5674,1.0000
7452,5674,1.0000
7453,5674,.9274
7453,5222,.0726
7454,5674,.5267
7454,5222,.4733
7455,5674,.4231
7455,5222,.5769
7456,5674,.9680
7456,5222,.0320
7457,5674,1.0000
7458,5674,.9167
7458,5222,.0833
7459,5222,.8908
7459,5674,.1092
7460,5222,1.0000
7461,5222,1.0000
7462,5222,1.0000
7463,5222,.8279
7463,5674,.1721
7464,5222,.0077
7464,5674,.9923
7465,5674,1.0000
7466,5674,.7795
7466,5222,.2205
7467,5674,.0246
7467,5222,.9754
7468,5222,1.0000
7469,5222,1.0000
7470,5222,1.0000
7471,5222,1.0000
7472,5222,1.0000
7473,5222,1.0000
7474,5222,1.0000
7475,5222,1.0000
7476,5222,1.0000
7477,5222,1.0000
7478,5222,1.0000
7479,5222,1.0000
7480,5222,1.0000
7481,5222,1.0000
7482,5222,1.0000
7483,5222,1.0000
7484,5222,1.0000
7485,5222,1.0000
7486,5222,1.0000
7487,5222,1.0000
7488,5222,1.0000
7489,5222,1.0000
7490,5222,1.0000
7491,5222,1.0000
7492,5222,1.0000
7493,5222,1.0000
7494,5222,1.0000
7495,5222,1.0000
7496,5222,1.0000
7497,5222,1.0000
7498,5222,1.0000
7499,5222,1.0000
7500,5222,1.0000
7501,5222,1.0000
7502,5222,1.0000
7503,5222,1.0000
7504,5222,1.0000
7505,5222,1.0000
7506,5222,1.0000
7507,5222,1.0000
7508,5222,1.0000
7509,5222,1.0000
7510,5222,1.0000
7511,5222,1.0000
7512,5222,1.0000
7513,5222,1.0000
7514,5222,1.0000
7515,5222,1.0000
7516,5222,1.0000
7517,5222,1.0000
7518,5222,1.0000
7519,5222,1.0000
7520,5222,1.0000
7521,5222,1.0000
7522,5222,1.0000
7523,5222,1.0000
7524,5222,1.0000
7525,5222,1.0000
7526,5222,1.0000
7527,5222,1.0000
7528,5222,1.0000
7529,5222,1.0000
7530,5222,1.0000
7531,5222,1.0000
7532,5222,1.0000
7533,5222,1.0000
7534,5222,1.0000
7535,5222,1.0000
7536,5222,1.0000
7537,5222,1.0000
7538,5222,1.0000
7539,5222,1.0000
7540,5222,1.0000
7541,5222,1.0000
7542,5222,1.0000
7543,5222,1.0000
7544,5222,1.0000
7545,5222,1.0000
7546,5222,1.0000
7547,5222,1.0000
7548,5222,1.0000
7549,5222,1.0000
7550,5222,1.0000
7551,5222,1.0000
7552,5222,1.0000
7553,5222,1.0000
7554,5222,1.0000
7555,5222,1.0000
7556,5222,1.0000
7557,5222,1.0000
7558,5222,1.0000
7559,5222,1.0000
7560,5222,1.0000
7561,5222,1.0000
7562,5222,1.0000
7563,5222,1.0000
7564,5222,1.0000
7565,5222,1.0000
7566,5222,1.0000
7567,5222,1.0000
7568,5222,1.0000
7569,5222,1.0000
7570,5222,1.0000
7571,5222,.6412
7571,-999,.3588
7572,-999,.6772
7572,5222,.3228
7573,-999,.3047
7573,5222,.6953
7574,-999,.0155
7574,5222,.9845
7575,5222,.6562
7575,-999,.3437
7576,5222,.2835
7576,-999,.7165
7577,5222,.0916
7577,-999,.9084
7578,-999,1.0000
7579,-999,1.0000
7580,-999,1.0000
7581,-999,1.0000
7582,5674,1.0000
7583,5674,1.0000
7584,5674,.9841
7584,5222,.0159
7585,5674,.7197
7585,5222,.2803
7586,5674,.1984
7586,5222,.8016
7587,5222,1.0000
7588,5222,1.0000
7589,5222,.2520
7589,5674,.7480
7590,5674,1.0000
7591,5674,1.0000
7592,5674,.3485
7592,5222,.6515
7593,5222,1.0000
7594,5222,1.0000
7595,5222,1.0000
7596,5222,.5682
7596,5674,.4318
7597,5674,1.0000
7598,5674,1.0000
7599,5674,.4809
7599,5222,.5191
7600,5222,1.0000
7601,5222,1.0000
7602,5222,1.0000
7603,5222,1.0000
7604,5222,1.0000
7605,5222,1.0000
7606,5222,1.0000
7607,5222,1.0000
7608,5222,1.0000
7609,5222,1.0000
7610,5222,1.0000
7611,5222,1.0000
7612,5222,1.0000
7613,5222,1.0000
7614,5222,1.0000
7615,5222,1.0000
7616,5222,1.0000
7617,5222,1.0000
7618,5222,1.0000
7619,5222,1.0000
7620,5222,1.0000
7621,5222,1.0000
7622,5222,1.0000
7623,5222,1.0000
7624,5222,1.0000
7625,5222,1.0000
7626,5222,1.0000
7627,5222,1.0000
7628,5222,1.0000
7629,5222,1.0000
7630,5222,1.0000
7631,5222,1.0000
7632,5222,1.0000
7633,5222,1.0000
7634,5222,1.0000
7635,5222,1.0000
7636,5222,1.0000
7637,5222,1.0000
7638,5222,1.0000
7639,5222,1.0000
7640,5222,1.0000
7641,5222,1.0000
7642,5222,1.0000
7643,5222,1.0000
7644,5222,1.0000
7645,5222,1.0000
7646,5222,1.0000
7647,5222,1.0000
7648,5222,1.0000
7649,5222,1.0000
7650,5222,1.0000
7651,5222,1.0000
7652,5222,1.0000
7653,5222,1.0000
7654,5222,1.0000
7655,5222,1.0000
7656,5222,1.0000
7657,5222,1.0000
7658,5222,1.0000
7659,5222,1.0000
7660,5222,1.0000
7661,5222,1.0000
7662,5222,1.0000
7663,5222,1.0000
7664,5222,1.0000
7665,5222,1.0000
7666,5222,1.0000
7667,5222,1.0000
7668,5222,1.0000
7669,5222,1.0000
7670,5222,1.0000
7671,5222,1.0000
7672,5222,1.0000
7673,5222,1.0000
7674,5222,1.0000
7675,5222,1.0000
7676,5222,1.0000
7677,5222,1.0000
7678,5222,1.0000
7679,5222,1.0000
7680,5222,1.0000
7681,5222,1.0000
7682,5222,1.0000
7683,5222,1.0000
7684,5222,1.0000
7685,5222,1.0000
7686,5222,1.0000
7687,5222,1.0000
7688,5222,1.0000
7689,5222,1.0000
7690,5222,1.0000
7691,5222,1.0000
7692,5222,1.0000
7693,5222,1.0000
7694,5222,1.0000
7695,5222,1.0000
7696,5222,1.0000
7697,5222,1.0000
7698,5222,1.0000
7699,5222,1.0000
7700,5222,1.0000
7701,5222,1.0000
7702,5222,1.0000
7703,5222,.9766
7703,-999,.0234
7704,5222,.9225
7704,-999,.0775
7705,5222,1.0000
7706,5222,1.0000
7707,5222,1.0000
7708,5222,.9538
7708,-999,.0462
7709,-999,.8203
7709,5222,.1797
7710,-999,1.0000
7711,-999,1.0000
7712,-999,1.0000
7713,-999,1.0000
7714,-999,1.0000
7715,5674,1.0000
7716,5674,1.0000
7717,5674,.8800
7717,5222,.1200
7718,5222,.9621
7718,5674,.0379
7719,5222,1.0000
7720,5222,1.0000
7721,5222,1.0000
7722,5222,.3308
7722,5674,.6692
7723,5674,1.0000
7724,5674,.6929
7724,5222,.3071
7725,5674,.0227
7725,5222,.9773
7726,5222,1.0000
7727,5222,1.0000
7728,5222,1.0000
7729,5222,.2891
7729,5674,.7109
7730,5674,1.0000
7731,5674,1.0000
7732,5674,.3465
7732,5222,.6535
7733,5222,1.0000
7734,5222,1.0000
7735,5222,1.0000
7736,5222,1.0000
7737,5222,1.0000
7738,5222,1.0000
7739,5222,1.0000
7740,5222,1.0000
7741,5222,1.0000
7742,5222,1.0000
7743,5222,1.0000
7744,5222,1.0000
7745,5222,1.0000
7746,5222,1.0000
7747,5222,1.0000
7748,5222,1.0000
7749,5222,1.0000
7750,5222,1.0000
7751,5222,1.0000
7752,5222,1.0000
7753,5222,1.0000
7754,5222,1.0000
7755,5222,1.0000
7756,5222,1.0000
7757,5222,1.0000
7758,5222,1.0000
7759,5222,1.0000
7760,5222,1.0000
7761,5222,1.0000
7762,5222,1.0000
7763,5222,1.0000
7764,5222,1.0000
7765,5222,1.0000
7766,5222,1.0000
7767,5222,1.0000
7768,5222,1.0000
7769,5222,1.0000
7770,5222,1.0000
7771,5222,1.0000
7772,5222,1.0000
7773,5222,1.0000
7774,5222,1.0000
7775,5222,1.0000
7776,5222,1.0000
7777,5222,1.0000
7778,5222,1.0000
7779,5222,1.0000
7780,5222,1.0000
7781,5222,1.0000
7782,5222,1.0000
7783,5222,1.0000
7784,5222,1.0000
7785,5222,1.0000
7786,5222,1.0000
7787,5222,1.0000
7788,5222,1.0000
7789,5222,1.0000
7790,5222,1.0000
7791,5222,1.0000
7792,5222,1.0000
7793,5222,1.0000
7794,5222,1.0000
7795,5222,1.0000
7796,5222,1.0000
7797,5222,1.0000
7798,5222,1.0000
7799,5222,1.0000
7800,5222,1.0000
7801,5222,1.0000
7802,5222,1.0000
7803,5222,1.0000
7804,5222,1.0000
7805,5222,1.0000
7806,5222,1.0000
7807,5222,1.0000
7808,5222,1.0000
7809,5222,1.0000
7810,5222,1.0000
7811,5222,1.0000
7812,5222,1.0000
7813,5222,1.0000
7814,5222,1.0000
7815,5222,1.0000
7816,5222,1.0000
7817,5222,1.0000
7818,5222,1.0000
7819,5222,1.0000
7820,5222,1.0000
7821,5222,1.0000
7822,5222,1.0000
7823,5222,1.0000
7824,5222,1.0000
7825,5222,1.0000
7826,5222,1.0000
7827,5222,1.0000
7828,5222,1.0000
7829,5222,1.0000
7830,5222,1.0000
7831,5222,1.0000
7832,5222,1.0000
7833,5222,1.0000
7834,5222,1.0000
7835,5222,1.0000
7836,5222,1.0000
7837,5222,1.0000
7838,5222,1.0000
7839,5222,1.0000
7840,5222,1.0000
7841,5222,1.0000
7842,5222,.5859
7842,-999,.4141
7843,-999,1.0000
7844,-999,1.0000
7845,-999,1.0000
7846,-999,1.0000
7847,-999,1.0000
7848,5674,1.0000
7849,5674,1.0000
7850,5674,1.0000
7851,5674,.7642
7851,5222,.2358
7852,5222,.6308
7852,5674,.3692
7853,5222,1.0000
7854,5222,1.0000
7855,5222,.3485
7855,5674,.6515
7856,5674,.9697
7856,5222,.0303
7857,5674,.2222
7857,5222,.7778
7858,5222,1.0000
7859,5222,1.0000
7860,5222,1.0000
7861,5222,1.0000
7862,5222,.2558
7862,5674,.7442
7863,5674,1.0000
7864,5674,1.0000
7865,5674,.8175
7865,5222,.1825
7866,5222,.9516
7866,5674,.0484
7867,5222,1.0000
7868,5222,1.0000
7869,5222,1.0000
7870,5222,1.0000
7871,5222,1.0000
7872,5222,1.0000
7873,5222,1.0000
7874,5222,1.0000
7875,5222,1.0000
7876,5222,1.0000
7877,5222,1.0000
7878,5222,1.0000
7879,5222,1.0000
7880,5222,1.0000
7881,5222,1.0000
7882,5222,1.0000
7883,5222,1.0000
7884,5222,1.0000
7885,5222,1.0000
7886,5222,1.0000
7887,5222,1.0000
7888,5222,1.0000
7889,5222,1.0000
7890,5222,1.0000
7891,5222,1.0000
7892,5222,1.0000
7893,5222,1.0000
7894,5222,1.0000
7895,5222,1.0000
7896,5222,1.0000
7897,5222,1.0000
7898,5222,1.0000
7899,5222,1.0000
7900,5222,1.0000
7901,5222,1.0000
7902,5222,1.0000
7903,5222,1.0000
7904,5222,1.0000
7905,5222,1.0000
7906,5222,1.0000
7907,5222,1.0000
7908,5222,1.0000
7909,5222,1.0000
7910,5222,1.0000
7911,5222,1.0000
7912,5222,1.0000
7913,5222,1.0000
7914,5222,1.0000
7915,5222,1.0000
7916,5222,1.0000
7917,5222,1.0000
7918,5222,1.0000
7919,5222,1.0000
7920,5222,1.0000
7921,5222,1.0000
7922,5222,1.0000
7923,5222,1.0000
7924,5222,1.0000
7925,5222,1.0000
7926,5222,1.0000
7927,5222,1.0000
7928,5222,1.0000
7929,5222,1.0000
7930,5222,1.0000
7931,5222,1.0000
7932,5222,1.0000
7933,5222,1.0000
7934,5222,1.0000
7935,5222,1.0000
7936,5222,1.0000
7937,5222,1.0000
7938,5222,1.0000
7939,5222,1.0000
7940,5222,1.0000
7941,5222,1.0000
7942,5222,1.0000
7943,5222,1.0000
7944,5222,1.0000
7945,5222,1.0000
7946,5222,1.0000
7947,5222,1.0000
7948,5222,1.0000
7949,5222,1.0000
7950,5222,1.0000
7951,5222,1.0000
7952,5222,1.0000
7953,5222,1.0000
7954,5222,1.0000
7955,5222,1.0000
7956,5222,1.0000
7957,5222,1.0000
7958,5222,1.0000
7959,5222,1.0000
7960,5222,1.0000
7961,5222,1.0000
7962,5222,1.0000
7963,5222,1.0000
7964,5222,1.0000
7965,5222,1.0000
7966,5222,1.0000
7967,5222,1.0000
7968,5222,1.0000
7969,5222,1.0000
7970,5222,1.0000
7971,5222,1.0000
7972,5222,1.0000
7973,5222,1.0000
7974,5222,1.0000
7975,5222,.9615
7975,-999,.0385
7976,-999,.5504
7976,5222,.4496
7977,-999,.7422
7977,5222,.2578
7978,-999,.9606
7978,5222,.0394
7979,-999,1.0000
7980,-999,1.0000
7981,5674,1.0000
7982,5674,1.0000
7983,5674,1.0000
7984,5674,1.0000
7985,5674,.6032
7985,5222,.3968
7986,5222,1.0000
7987,5222,1.0000
7988,5222,.2893
7988,5674,.7107
7989,5674,.8308
7989,5222,.1692
7990,5222,.9692
7990,5674,.0308
7991,5222,1.0000
7992,5222,1.0000
7993,5222,1.0000
7994,5222,1.0000
7995,5222,.8306
7995,5674,.1694
7996,5674,.9531
7996,5222,.0469
7997,5674,1.0000
7998,5674,1.0000
7999,5674,.7857
7999,5222,.2143
8000,5222,.8403
8000,5674,.1597
8001,5222,1.0000
8002,5222,1.0000
8003,5222,.9394
8003,5674,.0606
8004,5222,.4924
8004,5674,.5076
8005,5222,.6748
8005,5674,.3252
8006,5222,1.0000
8007,5222,1.0000
8008,5222,1.0000
8009,5222,1.0000
8010,5222,1.0000
8011,5222,1.0000
8012,5222,1.0000
8013,5222,1.0000
8014,5222,1.0000
8015,5222,1.0000
8016,5222,1.0000
8017,5222,1.0000
8018,5222,1.0000
8019,5222,1.0000
8020,5222,1.0000
8021,5222,1.0000
8022,5222,1.0000
8023,5222,1.0000
8024,5222,1.0000
8025,5222,1.0000
8026,5222,1.0000
8027,5222,1.0000
8028,5222,1.0000
8029,5222,1.0000
8030,5222,1.0000
8031,5222,1.0000
8032,5222,1.0000
8033,5222,1.0000
8034,5222,1.0000
8035,5222,1.0000
8036,5222,1.0000
8037,5222,1.0000
8038,5222,1.0000
8039,5222,1.0000
8040,5222,1.0000
8041,5222,1.0000
8042,5222,1.0000
8043,5222,1.0000
8044,5222,1.0000
8045,5222,1.0000
8046,5222,1.0000
8047,5222,1.0000
8048,5222,1.0000
8049,5222,1.0000
8050,5222,1.0000
8051,5222,1.0000
8052,5222,1.0000
8053,5222,1.0000
8054,5222,.8333
8054,5690,.1667
8055,5222,.9091
8055,5690,.0909
8056,5222,1.0000
8057,5222,1.0000
8058,5222,1.0000
8059,5222,1.0000
8060,5222,1.0000
8061,5222,1.0000
8062,5222,1.0000
8063,5222,1.0000
8064,5222,1.0000
8065,5222,1.0000
8066,5222,1.0000
8067,5222,1.0000
8068,5222,1.0000
8069,5222,1.0000
8070,5222,1.0000
8071,5222,1.0000
8072,5222,1.0000
8073,5222,1.0000
8074,5222,1.0000
8075,5222,1.0000
8076,5222,1.0000
8077,5222,1.0000
8078,5222,1.0000
8079,5222,1.0000
8080,5222,1.0000
8081,5222,1.0000
8082,5222,1.0000
8083,5222,1.0000
8084,5222,1.0000
8085,5222,1.0000
8086,5222,1.0000
8087,5222,1.0000
8088,5222,1.0000
8089,5222,1.0000
8090,5222,1.0000
8091,5222,1.0000
8092,5222,1.0000
8093,5222,1.0000
8094,5222,1.0000
8095,5222,1.0000
8096,5222,1.0000
8097,5222,1.0000
8098,5222,1.0000
8099,5222,1.0000
8100,5222,1.0000
8101,5222,1.0000
8102,5222,1.0000
8103,5222,1.0000
8104,5222,1.0000
8105,5222,1.0000
8106,5222,1.0000
8107,5222,1.0000
8108,5222,.5703
8108,-999,.4297
8109,5222,.0534
8109,-999,.9466
8110,5222,.7812
8110,-999,.2187
8111,-999,.5814
8111,5222,.4186
8112,-999,.9766
8112,5222,.0234
8113,-999,1.0000
8114,5674,1.0000
8115,5674,1.0000
8116,5674,1.0000
8117,5674,1.0000
8118,5674,.9127
8118,5222,.0873
8119,5222,.9760
8119,5674,.0240
8120,5222,1.0000
8121,5222,.2326
8121,5674,.7674
8122,5674,1.0000
8123,5674,.7500
8123,5222,.2500
8124,5222,.9848
8124,5674,.0152
8125,5222,1.0000
8126,5222,1.0000
8127,5222,1.0000
8128,5222,1.0000
8129,5222,.5935
8129,5674,.4065
8130,5674,.9919
8130,5222,.0081
8131,5674,1.0000
8132,5674,1.0000
8133,5674,.8788
8133,5222,.1212
8134,5222,.7833
8134,5674,.2167
8135,5222,1.0000
8136,5222,.7955
8136,5674,.2045
8137,5674,1.0000
8138,5674,.9924
8138,5222,.0076
8139,5222,.6615
8139,5674,.3385
8140,5222,1.0000
8141,5222,1.0000
8142,5222,1.0000
8143,5222,1.0000
8144,5222,1.0000
8145,5222,1.0000
8146,5222,1.0000
8147,5222,1.0000
8148,5222,1.0000
8149,5222,1.0000
8150,5222,1.0000
8151,5222,1.0000
8152,5222,1.0000
8153,5222,1.0000
8154,5222,1.0000
8155,5222,1.0000
8156,5222,1.0000
8157,5222,1.0000
8158,5222,1.0000
8159,5222,1.0000
8160,5222,1.0000
8161,5222,1.0000
8162,5222,1.0000
8163,5222,1.0000
8164,5222,1.0000
8165,5222,1.0000
8166,5222,1.0000
8167,5222,1.0000
8168,5222,1.0000
8169,5222,1.0000
8170,5222,1.0000
8171,5222,1.0000
8172,5222,1.0000
8173,5222,1.0000
8174,5222,1.0000
8175,5222,1.0000
8176,5222,1.0000
8177,5222,1.0000
8178,5222,1.0000
8179,5222,1.0000
8180,5222,1.0000
8181,5222,1.0000
8182,5222,1.0000
8183,5222,1.0000
8184,5222,1.0000
8185,5222,1.0000
8186,5222,.7405
8186,5690,.2595
8187,5222,.0152
8187,5690,.9848
8188,5690,.8672
8188,5222,.1328
8189,5222,.7520
8189,5690,.2480
8190,5222,1.0000
8191,5222,1.0000
8192,5222,1.0000
8193,5222,1.0000
8194,5222,1.0000
8195,5222,1.0000
8196,5222,1.0000
8197,5222,1.0000
8198,5222,1.0000
8199,5222,1.0000
8200,5222,1.0000
8201,5222,1.0000
8202,5222,1.0000
8203,5222,1.0000
8204,5222,1.0000
8205,5222,1.0000
8206,5222,1.0000
8207,5222,1.0000
8208,5222,1.0000
8209,5222,1.0000
8210,5222,1.0000
8211,5222,1.0000
8212,5222,1.0000
8213,5222,1.0000
8214,5222,1.0000
8215,5222,1.0000
8216,5222,1.0000
8217,5222,1.0000
8218,5222,1.0000
8219,5222,1.0000
8220,5222,1.0000
8221,5222,1.0000
8222,5222,1.0000
8223,5222,1.0000
8224,5222,1.0000
8225,5222,1.0000
8226,5222,1.0000
8227,5222,1.0000
8228,5222,1.0000
8229,5222,1.0000
8230,5222,1.0000
8231,5222,1.0000
8232,5222,1.0000
8233,5222,1.0000
8234,5222,1.0000
8235,5222,1.0000
8236,5222,1.0000
8237,5222,1.0000
8238,5222,1.0000
8239,5222,1.0000
8240,5222,.9318
8240,-999,.0682
8241,-999,.8000
8241,5222,.2000
8242,-999,.4803
8242,5222,.5197
8243,-999,.5154
8243,5222,.4846
8244,-999,1.0000
8245,-999,1.0000
8246,-999,1.0000
8247,5674,1.0000
8248,5674,1.0000
8249,5674,1.0000
8250,5674,1.0000
8251,5674,.4848
8251,5222,.5152
8252,5222,1.0000
8253,5222,1.0000
8254,5222,.6894
8254,5674,.3106
8255,5674,.7054
8255,5222,.2946
8256,5674,.6825
8256,5222,.3175
8257,5674,.0379
8257,5222,.9621
8258,5222,1.0000
8259,5222,1.0000
8260,5222,1.0000
8261,5222,1.0000
8262,5222,1.0000
8263,5222,.6667
8263,5674,.3333
8264,5674,.9120
8264,5222,.0880
8265,5674,1.0000
8266,5674,1.0000
8267,5674,.9318
8267,5222,.0682
8268,5222,.6480
8268,5674,.3520
8269,5222,.8226
8269,5674,.1774
8270,5674,1.0000
8271,5674,1.0000
8272,5674,.5703
8272,5222,.4297
8273,5222,1.0000
8274,5222,1.0000
8275,5222,1.0000
8276,5222,1.0000
8277,5222,1.0000
8278,5222,1.0000
8279,5222,1.0000
8280,5222,1.0000
8281,5222,1.0000
8282,5222,1.0000
8283,5222,1.0000
8284,5222,1.0000
8285,5222,1.0000
8286,5222,1.0000
8287,5222,1.0000
8288,5222,1.0000
8289,5222,1.0000
8290,5222,1.0000
8291,5222,1.0000
8292,5222,1.0000
8293,5222,1.0000
8294,5222,1.0000
8295,5222,1.0000
8296,5222,1.0000
8297,5222,1.0000
8298,5222,1.0000
8299,5222,1.0000
8300,5222,1.0000
8301,5222,1.0000
8302,5222,1.0000
8303,5222,1.0000
8304,5222,1.0000
8305,5222,1.0000
8306,5222,1.0000
8307,5222,1.0000
8308,5222,1.0000
8309,5222,1.0000
8310,5222,1.0000
8311,5222,1.0000
8312,5222,1.0000
8313,5222,1.0000
8314,5222,1.0000
8315,5222,1.0000
8316,5222,1.0000
8317,5222,1.0000
8318,5222,1.0000
8319,5222,.6692
8319,5690,.3308
8320,5690,1.0000
8321,5690,1.0000
8322,5690,.9692
8322,5222,.0308
8323,5222,.4091
8323,5690,.5909
8324,5222,.8968
8324,5690,.1032
8325,5222,1.0000
8326,5222,1.0000
8327,5222,1.0000
8328,5222,1.0000
8329,5222,1.0000
8330,5222,1.0000
8331,5222,1.0000
8332,5222,1.0000
8333,5222,1.0000
8334,5222,1.0000
8335,5222,1.0000
8336,5222,1.0000
8337,5222,1.0000
8338,5222,1.0000
8339,5222,1.0000
8340,5222,1.0000
8341,5222,1.0000
8342,5222,1.0000
8343,5222,1.0000
8344,5222,1.0000
8345,5222,1.0000
8346,5222,1.0000
8347,5222,1.0000
8348,5222,1.0000
8349,5222,1.0000
8350,5222,1.0000
8351,5222,1.0000
8352,5222,1.0000
8353,5222,1.0000
8354,5222,1.0000
8355,5222,1.0000
8356,5222,1.0000
8357,5222,1.0000
8358,5222,1.0000
8359,5222,1.0000
8360,5222,1.0000
8361,5222,1.0000
8362,5222,1.0000
8363,5222,1.0000
8364,5222,1.0000
8365,5222,1.0000
8366,5222,1.0000
8367,5222,1.0000
8368,5222,1.0000
8369,5222,1.0000
8370,5222,1.0000
8371,5222,1.0000
8372,5222,1.0000
8373,5222,1.0000
8374,5222,.9695
8374,-999,.0305
8375,5222,.9612
8375,-999,.0388
8376,-999,.6667
8376,5222,.3333
8377,-999,.6846
8377,5222,.3154
8378,-999,1.0000
8379,-999,1.0000
8380,5674,1.0000
8381,5674,1.0000
8382,5674,1.0000
8383,5674,.7920
8383,5222,.2080
8384,5674,.0227
8384,5222,.9773
8385,5222,1.0000
8386,5222,1.0000
8387,5222,1.0000
8388,5222,1.0000
8389,5222,1.0000
8390,5222,1.0000
8391,5222,1.0000
8392,5222,1.0000
8393,5222,1.0000
8394,5222,1.0000
8395,5222,1.0000
8396,5222,1.0000
8397,5222,.9062
8397,5674,.0937
8398,5674,.5772
8398,5222,.4228
8399,5674,.9773
8399,5222,.0227
8400,5674,1.0000
8401,5674,.8682
8401,5222,.1318
8402,5222,.6378
8402,5674,.3622
8403,5674,1.0000
8404,5674,1.0000
8405,5674,.3561
8405,5222,.6439
8406,5222,1.0000
8407,5222,1.0000
8408,5222,1.0000
8409,5222,1.0000
8410,5222,1.0000
8411,5222,1.0000
8412,5222,1.0000
8413,5222,1.0000
8414,5222,1.0000
8415,5222,1.0000
8416,5222,1.0000
8417,5222,1.0000
8418,5222,1.0000
8419,5222,1.0000
8420,5222,1.0000
8421,5222,1.0000
8422,5222,1.0000
8423,5222,1.0000
8424,5222,1.0000
8425,5222,1.0000
8426,5222,1.0000
8427,5222,1.0000
8428,5222,1.0000
8429,5222,1.0000
8430,5222,1.0000
8431,5222,1.0000
8432,5222,1.0000
8433,5222,1.0000
8434,5222,1.0000
8435,5222,1.0000
8436,5222,1.0000
8437,5222,1.0000
8438,5222,1.0000
8439,5222,1.0000
8440,5222,1.0000
8441,5222,1.0000
8442,5222,1.0000
8443,5222,1.0000
8444,5222,1.0000
8445,5222,1.0000
8446,5222,1.0000
8447,5222,1.0000
8448,5222,1.0000
8449,5222,1.0000
8450,5222,1.0000
8451,5222,1.0000
8452,5222,.8437
8452,5690,.1562
8453,5690,1.0000
8454,5690,1.0000
8455,5690,1.0000
8456,5690,1.0000
8457,5222,.3889
8457,5690,.6111
8458,5222,1.0000
8459,5222,1.0000
8460,5222,1.0000
8461,5222,1.0000
8462,5222,1.0000
8463,5222,1.0000
8464,5222,1.0000
8465,5222,1.0000
8466,5222,1.0000
8467,5222,1.0000
8468,5222,1.0000
8469,5222,1.0000
8470,5222,1.0000
8471,5222,1.0000
8472,5222,1.0000
8473,5222,1.0000
8474,5222,1.0000
8475,5222,1.0000
8476,5222,1.0000
8477,5222,1.0000
8478,5222,1.0000
8479,5222,1.0000
8480,5222,1.0000
8481,5222,1.0000
8482,5222,1.0000
8483,5222,1.0000
8484,5222,1.0000
8485,5222,1.0000
8486,5222,1.0000
8487,5222,1.0000
8488,5222,1.0000
8489,5222,1.0000
8490,5222,1.0000
8491,5222,1.0000
8492,5222,1.0000
8493,5222,1.0000
8494,5222,1.0000
8495,5222,1.0000
8496,5222,1.0000
8497,5222,1.0000
8498,5222,1.0000
8499,5222,1.0000
8500,5222,1.0000
8501,5222,1.0000
8502,5222,1.0000
8503,5222,1.0000
8504,5222,1.0000
8505,5222,1.0000
8506,5222,.5703
8506,-999,.4297
8507,5222,.1953
8507,-999,.8047
8508,5222,.3511
8508,-999,.6489
8509,-999,.9141
8509,5222,.0859
8510,-999,.4496
8510,5222,.5504
8511,-999,.6641
8511,5222,.3359
8512,-999,.9380
8512,5222,.0620
8513,5674,1.0000
8514,5674,1.0000
8515,5674,1.0000
8516,5674,.4692
8516,5222,.5308
8517,5222,1.0000
8518,5222,1.0000
8519,5222,1.0000
8520,5222,1.0000
8521,5222,1.0000
8522,5222,1.0000
8523,5222,1.0000
8524,5222,1.0000
8525,5222,1.0000
8526,5222,1.0000
8527,5222,1.0000
8528,5222,1.0000
8529,5222,1.0000
8530,5222,1.0000
8531,5222,1.0000
8532,5222,.7373
8532,5674,.2627
8533,5674,.7984
8533,5222,.2016
8534,5674,1.0000
8535,5674,.9621
8535,5222,.0379
8536,5674,1.0000
8537,5674,.8629
8537,5222,.1371
8538,5674,.0574
8538,5222,.9426
8539,5222,1.0000
8540,5222,1.0000
8541,5222,1.0000
8542,5222,1.0000
8543,5222,1.0000
8544,5222,1.0000
8545,5222,1.0000
8546,5222,1.0000
8547,5222,1.0000
8548,5222,1.0000
8549,5222,1.0000
8550,5222,1.0000
8551,5222,1.0000
8552,5222,1.0000
8553,5222,1.0000
8554,5222,1.0000
8555,5222,1.0000
8556,5222,1.0000
8557,5222,1.0000
8558,5222,1.0000
8559,5222,1.0000
8560,5222,1.0000
8561,5222,1.0000
8562,5222,1.0000
8563,5222,.9773
8563,5690,.0227
8564,5222,.7742
8564,5690,.2258
8565,5222,.4746
8565,5690,.5254
8566,5222,.4667
8566,5690,.5333
8567,5222,.7213
8567,5690,.2787
8568,5222,.8712
8568,5690,.1288
8569,5222,.9621
8569,5690,.0379
8570,5222,1.0000
8571,5222,1.0000
8572,5222,1.0000
8573,5222,1.0000
8574,5222,1.0000
8575,5222,1.0000
8576,5222,1.0000
8577,5222,1.0000
8578,5222,1.0000
8579,5222,1.0000
8580,5222,1.0000
8581,5222,1.0000
8582,5222,1.0000
8583,5222,1.0000
8584,5222,1.0000
8585,5222,.9760
8585,5690,.0240
8586,5690,.8712
8586,5222,.1288
8587,5690,1.0000
8588,5690,1.0000
8589,5690,1.0000
8590,5690,.9924
8590,5222,.0076
8591,5222,.7197
8591,5690,.2803
8592,5222,1.0000
8593,5222,1.0000
8594,5222,1.0000
8595,5222,1.0000
8596,5222,1.0000
8597,5222,1.0000
8598,5222,1.0000
8599,5222,1.0000
8600,5222,1.0000
8601,5222,1.0000
8602,5222,1.0000
8603,5222,1.0000
8604,5222,1.0000
8605,5222,1.0000
8606,5222,1.0000
8607,5222,1.0000
8608,5222,1.0000
8609,5222,1.0000
8610,5222,1.0000
8611,5222,1.0000
8612,5222,1.0000
8613,5222,1.0000
8614,5222,1.0000
8615,5222,1.0000
8616,5222,1.0000
8617,5222,1.0000
8618,5222,1.0000
8619,5222,1.0000
8620,5222,1.0000
8621,5222,1.0000
8622,5222,1.0000
8623,5222,1.0000
8624,5222,1.0000
8625,5222,1.0000
8626,5222,1.0000
8627,5222,1.0000
8628,5222,1.0000
8629,5222,1.0000
8630,5222,1.0000
8631,5222,1.0000
8632,5222,1.0000
8633,5222,1.0000
8634,5222,1.0000
8635,5222,1.0000
8636,5222,1.0000
8637,5222,1.0000
8638,5222,1.0000
8639,5222,.3846
8639,-999,.6154
8640,-999,.8846
8640,5222,.1154
8641,-999,.8828
8641,5222,.1172
8642,-999,.5725
8642,5222,.4275
8643,-999,.7812
8643,5222,.2187
8644,5222,.6124
8644,-999,.3876
8645,5222,.5923
8645,-999,.4077
8646,5674,.7727
8646,5222,.2273
8647,5674,.5827
8647,5222,.4173
8648,5674,.9843
8648,5222,.0157
8649,5674,.6591
8649,5222,.3409
8650,5222,1.0000
8651,5222,1.0000
8652,5222,1.0000
8653,5222,1.0000
8654,5222,1.0000
8655,5222,1.0000
8656,5222,1.0000
8657,5222,1.0000
8658,5222,1.0000
8659,5222,1.0000
8660,5222,1.0000
8661,5222,1.0000
8662,5222,1.0000
8663,5222,1.0000
8664,5222,1.0000
8665,5222,1.0000
8666,5222,.9262
8666,5674,.0738
8667,5674,.8828
8667,5222,.1172
8668,5674,1.0000
8669,5674,1.0000
8670,5674,.3258
8670,5222,.6742
8671,5222,1.0000
8672,5222,1.0000
8673,5222,1.0000
8674,5222,1.0000
8675,5222,1.0000
8676,5222,1.0000
8677,5222,1.0000
8678,5222,1.0000
8679,5222,1.0000
8680,5222,1.0000
8681,5222,1.0000
8682,5222,1.0000
8683,5222,1.0000
8684,5222,1.0000
8685,5222,1.0000
8686,5222,1.0000
8687,5222,1.0000
8688,5222,1.0000
8689,5222,1.0000
8690,5222,1.0000
8691,5222,1.0000
8692,5222,1.0000
8693,5222,1.0000
8694,5222,1.0000
8695,5222,.5833
8695,5690,.4167
8696,5222,.1083
8696,5690,.8917
8697,5690,1.0000
8698,5690,1.0000
8699,5690,1.0000
8700,5690,1.0000
8701,5690,.9773
8701,5222,.0227
8702,5690,.8636
8702,5222,.1364
8703,5222,.7652
8703,5690,.2348
8704,5222,1.0000
8705,5222,1.0000
8706,5222,1.0000
8707,5222,1.0000
8708,5222,1.0000
8709,5222,1.0000
8710,5222,1.0000
8711,5222,1.0000
8712,5222,1.0000
8713,5222,1.0000
8714,5222,1.0000
8715,5222,1.0000
8716,5222,1.0000
8717,5222,1.0000
8718,5222,1.0000
8719,5222,.6489
8719,5690,.3511
8720,5690,1.0000
8721,5690,1.0000
8722,5690,1.0000
8723,5690,1.0000
8724,5690,.6371
8724,5222,.3629
8725,5222,1.0000
8726,5222,1.0000
8727,5222,1.0000
8728,5222,1.0000
8729,5222,1.0000
8730,5222,1.0000
8731,5222,1.0000
8732,5222,1.0000
8733,5222,1.0000
8734,5222,1.0000
8735,5222,1.0000
8736,5222,1.0000
8737,5222,1.0000
8738,5222,1.0000
8739,5222,1.0000
8740,5222,1.0000
8741,5222,1.0000
8742,5222,1.0000
8743,5222,1.0000
8744,5222,1.0000
8745,5222,1.0000
8746,5222,1.0000
8747,5222,1.0000
8748,5222,1.0000
8749,5222,1.0000
8750,5222,1.0000
8751,5222,1.0000
8752,5222,1.0000
8753,5222,1.0000
8754,5222,1.0000
8755,5222,1.0000
8756,5222,1.0000
8757,5222,1.0000
8758,5222,1.0000
8759,5222,1.0000
8760,5222,1.0000
8761,5222,1.0000
8762,5222,1.0000
8763,5222,1.0000
8764,5222,1.0000
8765,5222,1.0000
8766,5222,1.0000
8767,5222,1.0000
8768,5222,1.0000
8769,5222,1.0000
8770,5222,1.0000
8771,5222,1.0000
8772,5222,.7557
8772,-999,.2443
8773,-999,.3798
8773,5222,.6202
8774,-999,.8538
8774,5222,.1462
8775,-999,.1953
8775,5222,.8047
8776,5222,.4885
8776,-999,.5115
8777,-999,.7692
8777,5222,.2308
8778,-999,.5039
8778,5222,.4961
8779,5674,.3047
8779,5222,.6953
8780,5222,1.0000
8781,5222,.7222
8781,5674,.2778
8782,5674,.5923
8782,5222,.4077
8783,5222,.9924
8783,5674,.0076
8784,5222,1.0000
8785,5222,1.0000
8786,5222,1.0000
8787,5222,1.0000
8788,5222,1.0000
8789,5222,1.0000
8790,5222,1.0000
8791,5222,1.0000
8792,5222,1.0000
8793,5222,1.0000
8794,5222,1.0000
8795,5222,1.0000
8796,5222,1.0000
8797,5222,.7121
8797,5674,.2879
8798,5222,.2424
8798,5674,.7576
8799,5222,.2273
8799,5674,.7727
8800,5222,.0400
8800,5674,.9600
8801,5674,1.0000
8802,5674,.7424
8802,5222,.2576
8803,5674,.0076
8803,5222,.9924
8804,5222,1.0000
8805,5222,1.0000
8806,5222,1.0000
8807,5222,1.0000
8808,5222,1.0000
8809,5222,1.0000
8810,5222,1.0000
8811,5222,1.0000
8812,5222,1.0000
8813,5222,1.0000
8814,5222,1.0000
8815,5222,1.0000
8816,5222,1.0000
8817,5222,1.0000
8818,5222,1.0000
8819,5222,1.0000
8820,5222,1.0000
8821,5222,1.0000
8822,5222,1.0000
8823,5222,1.0000
8824,5222,1.0000
8825,5222,1.0000
8826,5222,.8864
8826,5690,.1136
8827,5222,.2500
8827,5690,.7500
8828,5222,.0076
8828,5690,.9924
8829,5690,1.0000
8830,5690,1.0000
8831,5690,1.0000
8832,5690,1.0000
8833,5690,1.0000
8834,5690,1.0000
8835,5690,1.0000
8836,5690,.7440
8836,5222,.2560
8837,5222,1.0000
8838,5222,1.0000
8839,5222,1.0000
8840,5222,1.0000
8841,5222,1.0000
8842,5222,1.0000
8843,5222,1.0000
8844,5222,1.0000
8845,5222,1.0000
8846,5222,1.0000
8847,5222,1.0000
8848,5222,1.0000
8849,5222,1.0000
8850,5222,1.0000
8851,5222,1.0000
8852,5222,.9687
8852,5690,.0312
8853,5690,.8468
8853,5222,.1532
8854,5690,1.0000
8855,5690,1.0000
8856,5690,1.0000
8857,5690,.9225
8857,5222,.0775
8858,5222,.9394
8858,5690,.0606
8859,5222,1.0000
8860,5222,1.0000
8861,5222,1.0000
8862,5222,1.0000
8863,5222,1.0000
8864,5222,1.0000
8865,5222,1.0000
8866,5222,1.0000
8867,5222,1.0000
8868,5222,1.0000
8869,5222,1.0000
8870,5222,1.0000
8871,5222,1.0000
8872,5222,1.0000
8873,5222,1.0000
8874,5222,1.0000
8875,5222,1.0000
8876,5222,1.0000
8877,5222,1.0000
8878,5222,1.0000
8879,5222,1.0000
8880,5222,1.0000
8881,5222,1.0000
8882,5222,1.0000
8883,5222,1.0000
8884,5222,1.0000
8885,5222,1.0000
8886,5222,1.0000
8887,5222,1.0000
8888,5222,1.0000
8889,5222,1.0000
8890,5222,1.0000
8891,5222,1.0000
8892,5222,1.0000
8893,5222,1.0000
8894,5222,1.0000
8895,5222,1.0000
8896,5222,1.0000
8897,5222,1.0000
8898,5222,1.0000
8899,5222,1.0000
8900,5222,1.0000
8901,5222,1.0000
8902,5222,1.0000
8903,5222,1.0000
8904,5222,1.0000
8905,5222,1.0000
8906,5222,1.0000
8907,5222,.9457
8907,-999,.0543
8908,5222,.8828
8908,-999,.1172
8909,5222,1.0000
8910,5222,.6489
8910,-999,.3511
8911,5222,.0775
8911,-999,.9225
8912,5674,.1360
8912,5222,.8640
8913,5222,1.0000
8914,5222,1.0000
8915,5222,1.0000
8916,5222,1.0000
8917,5222,1.0000
8918,5222,1.0000
8919,5222,1.0000
8920,5222,1.0000
8921,5222,1.0000
8922,5222,1.0000
8923,5222,1.0000
8924,5222,1.0000
8925,5222,1.0000
8926,5222,1.0000
8927,5222,.9621
8927,5674,.0379
8928,5222,.6818
8928,5674,.3182
8929,5222,.3281
8929,5674,.6719
8930,5222,.0081
8930,5674,.9919
8931,5674,1.0000
8932,5674,1.0000
8933,5674,1.0000
8934,5674,1.0000
8935,5674,.3667
8935,5222,.6333
8936,5222,1.0000
8937,5222,1.0000
8938,5222,1.0000
8939,5222,1.0000
8940,5222,1.0000
8941,5222,1.0000
8942,5222,1.0000
8943,5222,1.0000
8944,5222,1.0000
8945,5222,1.0000
8946,5222,1.0000
8947,5222,1.0000
8948,5222,1.0000
8949,5222,1.0000
8950,5222,1.0000
8951,5222,1.0000
8952,5222,1.0000
8953,5222,1.0000
8954,5222,1.0000
8955,5222,1.0000
8956,5222,1.0000
8957,5222,1.0000
8958,5222,1.0000
8959,5222,.8106
8959,5690,.1894
8960,5690,1.0000
8961,5690,1.0000
8962,5690,1.0000
8963,5690,1.0000
8964,5690,1.0000
8965,5690,1.0000
8966,5690,1.0000
8967,5690,1.0000
8968,5690,1.0000
8969,5690,.9055
8969,5222,.0945
8970,5222,.9615
8970,5690,.0385
8971,5222,1.0000
8972,5222,1.0000
8973,5222,1.0000
8974,5222,1.0000
8975,5222,1.0000
8976,5222,1.0000
8977,5222,1.0000
8978,5222,1.0000
8979,5222,1.0000
8980,5222,1.0000
8981,5222,1.0000
8982,5222,1.0000
8983,5222,1.0000
8984,5222,1.0000
8985,5222,1.0000
8986,5222,.4167
8986,5690,.5833
8987,5690,1.0000
8988,5690,1.0000
8989,5690,1.0000
8990,5690,1.0000
8991,5690,.2748
8991,5222,.7252
8992,5222,1.0000
8993,5222,1.0000
8994,5222,1.0000
8995,5222,1.0000
8996,5222,1.0000
8997,5222,1.0000
8998,5222,1.0000
8999,5222,1.0000
9000,5222,1.0000
9001,5222,1.0000
9002,5222,1.0000
9003,5222,1.0000
9004,5222,1.0000
9005,5222,1.0000
9006,5222,1.0000
9007,5222,1.0000
9008,5222,1.0000
9009,5222,1.0000
9010,5222,1.0000
9011,5222,1.0000
9012,5222,1.0000
9013,5222,1.0000
9014,5222,1.0000
9015,5222,1.0000
9016,5222,1.0000
9017,5222,1.0000
9018,5222,1.0000
9019,5222,1.0000
9020,5222,1.0000
9021,5222,1.0000
9022,5222,1.0000
9023,5222,1.0000
9024,5222,1.0000
9025,5222,1.0000
9026,5222,1.0000
9027,5222,1.0000
9028,5222,1.0000
9029,5222,1.0000
9030,5222,1.0000
9031,5222,1.0000
9032,5222,1.0000
9033,5222,1.0000
9034,5222,1.0000
9035,5222,1.0000
9036,5222,1.0000
9037,5222,1.0000
9038,5222,1.0000
9039,5222,1.0000
9040,5222,1.0000
9041,5222,1.0000
9042,5222,1.0000
9043,5222,.8594
9043,-999,.1406
9044,-999,.5639
9044,5222,.4361
9045,5222,1.0000
9046,5222,1.0000
9047,5222,1.0000
9048,5222,1.0000
9049,5222,1.0000
9050,5222,1.0000
9051,5222,1.0000
9052,5222,1.0000
9053,5222,1.0000
9054,5222,1.0000
9055,5222,1.0000
9056,5222,1.0000
9057,5222,.7955
9057,5674,.2045
9058,5222,.4242
9058,5674,.5758
9059,5222,.2480
9059,5674,.7520
9060,5222,.0781
9060,5674,.9219
9061,5674,1.0000
9062,5674,1.0000
9063,5674,1.0000
9064,5674,1.0000
9065,5674,1.0000
9066,5674,1.0000
9067,5674,1.0000
9068,5674,.4318
9068,5222,.5682
9069,5222,1.0000
9070,5222,1.0000
9071,5222,1.0000
9072,5222,1.0000
9073,5222,1.0000
9074,5222,1.0000
9075,5222,1.0000
9076,5222,1.0000
9077,5222,1.0000
9078,5222,1.0000
9079,5222,1.0000
9080,5222,1.0000
9081,5222,1.0000
9082,5222,1.0000
9083,5222,1.0000
9084,5222,1.0000
9085,5222,1.0000
9086,5222,1.0000
9087,5222,1.0000
9088,5222,1.0000
9089,5222,1.0000
9090,5222,1.0000
9091,5222,1.0000
9092,5222,.6742
9092,5690,.3258
9093,5690,1.0000
9094,5690,1.0000
9095,5690,1.0000
9096,5690,1.0000
9097,5690,1.0000
9098,5690,1.0000
9099,5690,1.0000
9100,5690,1.0000
9101,5690,1.0000
9102,5690,.9318
9102,5222,.0682
9103,5690,.0833
9103,5222,.9167
9104,5222,1.0000
9105,5222,1.0000
9106,5222,1.0000
9107,5222,1.0000
9108,5222,1.0000
9109,5222,1.0000
9110,5222,1.0000
9111,5222,1.0000
9112,5222,1.0000
9113,5222,1.0000
9114,5222,1.0000
9115,5222,1.0000
9116,5222,1.0000
9117,5222,1.0000
9118,5222,1.0000
9119,5222,.5000
9119,5690,.5000
9120,5690,1.0000
9121,5690,1.0000
9122,5690,1.0000
9123,5690,1.0000
9124,5222,.6613
9124,5690,.3387
9125,5222,1.0000
9126,5222,1.0000
9127,5222,1.0000
9128,5222,1.0000
9129,5222,1.0000
9130,5222,1.0000
9131,5222,1.0000
9132,5222,1.0000
9133,5222,1.0000
9134,5222,1.0000
9135,5222,1.0000
9136,5222,1.0000
9137,5222,1.0000
9138,5222,1.0000
9139,5222,1.0000
9140,5222,1.0000
9141,5222,1.0000
9142,5222,1.0000
9143,5222,1.0000
9144,5222,1.0000
9145,5222,1.0000
9146,5222,1.0000
9147,5222,1.0000
9148,5222,1.0000
9149,5222,1.0000
9150,5222,1.0000
9151,5222,1.0000
9152,5222,1.0000
9153,5222,1.0000
9154,5222,1.0000
9155,5222,1.0000
9156,5222,1.0000
9157,5222,1.0000
9158,5222,1.0000
9159,5222,1.0000
9160,5222,1.0000
9161,5222,1.0000
9162,5222,1.0000
9163,5222,1.0000
9164,5222,1.0000
9165,5222,1.0000
9166,5222,1.0000
9167,5222,1.0000
9168,5222,1.0000
9169,5222,1.0000
9170,5222,1.0000
9171,5222,1.0000
9172,5222,1.0000
9173,5222,1.0000
9174,5222,1.0000
9175,5222,1.0000
9176,5222,1.0000
9177,5222,.9767
9177,-999,.0233
9178,5222,.8182
9178,5674,.1818
9179,5222,.9922
9179,5674,.0078
9180,5222,1.0000
9181,5222,1.0000
9182,5222,1.0000
9183,5222,1.0000
9184,5222,1.0000
9185,5222,1.0000
9186,5222,1.0000
9187,5222,1.0000
9188,5222,1.0000
9189,5222,1.0000
9190,5222,.8140
9190,5674,.1860
9191,5674,.9545
9191,5222,.0455
9192,5674,1.0000
9193,5674,1.0000
9194,5674,1.0000
9195,5674,1.0000
9196,5674,1.0000
9197,5674,1.0000
9198,5674,1.0000
9199,5674,1.0000
9200,5674,1.0000
9201,5674,.8258
9201,5222,.1742
9202,5222,.8939
9202,5674,.1061
9203,5222,1.0000
9204,5222,1.0000
9205,5222,1.0000
9206,5222,1.0000
9207,5222,1.0000
9208,5222,1.0000
9209,5222,1.0000
9210,5222,1.0000
9211,5222,1.0000
9212,5222,1.0000
9213,5222,1.0000
9214,5222,1.0000
9215,5222,1.0000
9216,5222,1.0000
9217,5222,1.0000
9218,5222,1.0000
9219,5222,1.0000
9220,5222,1.0000
9221,5222,1.0000
9222,5222,1.0000
9223,5222,1.0000
9224,5222,.6439
9224,5690,.3561
9225,5222,.0625
9225,5690,.9375
9226,5690,1.0000
9227,5690,1.0000
9228,5690,1.0000
9229,5690,1.0000
9230,5690,1.0000
9231,5690,1.0000
9232,5690,1.0000
9233,5690,1.0000
9234,5690,1.0000
9235,5690,.7045
9235,5222,.2955
9236,5222,1.0000
9237,5222,1.0000
9238,5222,1.0000
9239,5222,1.0000
9240,5222,1.0000
9241,5222,1.0000
9242,5222,1.0000
9243,5222,1.0000
9244,5222,1.0000
9245,5222,1.0000
9246,5222,1.0000
9247,5222,1.0000
9248,5222,1.0000
9249,5222,1.0000
9250,5222,1.0000
9251,5222,1.0000
9252,5222,.5504
9252,5690,.4496
9253,5690,1.0000
9254,5690,1.0000
9255,5690,1.0000
9256,5690,1.0000
9257,5690,.4242
9257,5222,.5758
9258,5222,1.0000
9259,5222,1.0000
9260,5222,1.0000
9261,5222,1.0000
9262,5222,1.0000
9263,5222,1.0000
9264,5222,1.0000
9265,5222,1.0000
9266,5222,1.0000
9267,5222,1.0000
9268,5222,1.0000
9269,5222,1.0000
9270,5222,1.0000
9271,5222,1.0000
9272,5222,1.0000
9273,5222,1.0000
9274,5222,1.0000
9275,5222,1.0000
9276,5222,1.0000
9277,5222,1.0000
9278,5222,1.0000
9279,5222,1.0000
9280,5222,1.0000
9281,5222,1.0000
9282,5222,1.0000
9283,5222,1.0000
9284,5222,1.0000
9285,5222,1.0000
9286,5222,1.0000
9287,5222,1.0000
9288,5222,1.0000
9289,5222,1.0000
9290,5222,1.0000
9291,5222,1.0000
9292,5222,1.0000
9293,5222,1.0000
9294,5222,1.0000
9295,5222,1.0000
9296,5222,1.0000
9297,5222,1.0000
9298,5222,1.0000
9299,5222,1.0000
9300,5222,1.0000
9301,5222,1.0000
9302,5222,1.0000
9303,5222,1.0000
9304,5222,1.0000
9305,5222,1.0000
9306,5222,1.0000
9307,5222,1.0000
9308,5222,1.0000
9309,5222,1.0000
9310,5222,1.0000
9311,5674,1.0000
9312,5674,.8647
9312,5222,.1353
9313,5222,.2283
9313,5674,.7717
9314,5222,.6641
9314,5674,.3359
9315,5222,1.0000
9316,5222,1.0000
9317,5222,1.0000
9318,5222,1.0000
9319,5222,1.0000
9320,5222,1.0000
9321,5222,1.0000
9322,5222,1.0000
9323,5222,.9440
9323,5674,.0560
9324,5222,.0781
9324,5674,.9219
9325,5674,1.0000
9326,5674,1.0000
9327,5674,1.0000
9328,5674,1.0000
9329,5674,1.0000
9330,5674,1.0000
9331,5674,1.0000
9332,5674,1.0000
9333,5674,1.0000
9334,5674,1.0000
9335,5674,.7273
9335,5222,.2727
9336,5222,.9545
9336,5674,.0455
9337,5222,1.0000
9338,5222,1.0000
9339,5222,1.0000
9340,5222,1.0000
9341,5222,1.0000
9342,5222,1.0000
9343,5222,1.0000
9344,5222,1.0000
9345,5222,1.0000
9346,5222,1.0000
9347,5222,1.0000
9348,5222,1.0000
9349,5222,1.0000
9350,5222,1.0000
9351,5222,1.0000
9352,5222,1.0000
9353,5222,1.0000
9354,5222,1.0000
9355,5222,1.0000
9356,5222,1.0000
9357,5222,.3583
9357,5690,.6417
9358,5690,1.0000
9359,5690,1.0000
9360,5690,1.0000
9361,5690,1.0000
9362,5690,1.0000
9363,5690,1.0000
9364,5690,1.0000
9365,5690,1.0000
9366,5690,1.0000
9367,5690,1.0000
9368,5690,.6063
9368,5222,.3937
9369,5222,1.0000
9370,5222,1.0000
9371,5222,1.0000
9372,5222,1.0000
9373,5222,1.0000
9374,5222,1.0000
9375,5222,1.0000
9376,5222,1.0000
9377,5222,1.0000
9378,5222,1.0000
9379,5222,1.0000
9380,5222,1.0000
9381,5222,1.0000
9382,5222,1.0000
9383,5222,1.0000
9384,5222,1.0000
9385,5690,.2480
9385,5222,.7520
9386,5690,1.0000
9387,5690,1.0000
9388,5690,1.0000
9389,5690,1.0000
9390,5690,.8182
9390,5222,.1818
9391,5222,.9922
9391,5690,.0078
9392,5222,1.0000
9393,5222,1.0000
9394,5222,1.0000
9395,5222,1.0000
9396,5222,1.0000
9397,5222,1.0000
9398,5222,1.0000
9399,5222,1.0000
9400,5222,1.0000
9401,5222,1.0000
9402,5222,1.0000
9403,5222,1.0000
9404,5222,1.0000
9405,5222,1.0000
9406,5222,1.0000
9407,5222,1.0000
9408,5222,1.0000
9409,5222,1.0000
9410,5222,1.0000
9411,5222,1.0000
9412,5222,1.0000
9413,5222,1.0000
9414,5222,1.0000
9415,5222,1.0000
9416,5222,1.0000
9417,5222,1.0000
9418,5222,1.0000
9419,5222,1.0000
9420,5222,1.0000
9421,5222,1.0000
9422,5222,1.0000
9423,5222,1.0000
9424,5222,1.0000
9425,5222,1.0000
9426,5222,1.0000
9427,5222,1.0000
9428,5222,1.0000
9429,5222,1.0000
9430,5222,1.0000
9431,5222,1.0000
9432,5222,1.0000
9433,5222,1.0000
9434,5222,1.0000
9435,5222,1.0000
9436,5222,1.0000
9437,5222,1.0000
9438,5222,1.0000
9439,5222,1.0000
9440,5222,1.0000
9441,5222,1.0000
9442,5222,1.0000
9443,5222,1.0000
9444,5674,1.0000
9445,5674,1.0000
9446,5674,.9924
9446,5222,.0076
9447,5674,.3120
9447,5222,.6880
9448,5222,1.0000
9449,5222,1.0000
9450,5222,1.0000
9451,5222,1.0000
9452,5222,1.0000
9453,5222,1.0000
9454,5222,1.0000
9455,5222,1.0000
9456,5222,.7803
9456,5674,.2197
9457,5674,1.0000
9458,5674,1.0000
9459,5674,1.0000
9460,5674,1.0000
9461,5674,1.0000
9462,5674,1.0000
9463,5674,1.0000
9464,5674,1.0000
9465,5674,.9773
9465,5222,.0227
9466,5674,.8047
9466,5222,.1953
9467,5674,1.0000
9468,5674,1.0000
9469,5674,.6894
9469,5222,.3106
9470,5222,.9318
9470,5674,.0682
9471,5222,1.0000
9472,5222,1.0000
9473,5222,1.0000
9474,5222,1.0000
9475,5222,1.0000
9476,5222,1.0000
9477,5222,1.0000
9478,5222,1.0000
9479,5222,1.0000
9480,5222,1.0000
9481,5222,1.0000
9482,5222,1.0000
9483,5222,1.0000
9484,5222,1.0000
9485,5222,1.0000
9486,5222,1.0000
9487,5222,1.0000
9488,5222,1.0000
9489,5222,1.0000
9490,5222,.7955
9490,5690,.2045
9491,5690,1.0000
9492,5690,1.0000
9493,5690,1.0000
9494,5690,1.0000
9495,5690,1.0000
9496,5690,1.0000
9497,5690,1.0000
9498,5690,1.0000
9499,5690,1.0000
9500,5690,1.0000
9501,5690,.6587
9501,5222,.3413
9502,5222,1.0000
9503,5222,1.0000
9504,5222,1.0000
9505,5222,1.0000
9506,5222,1.0000
9507,5222,1.0000
9508,5222,1.0000
9509,5222,1.0000
9510,5222,1.0000
9511,5222,1.0000
9512,5222,1.0000
9513,5222,1.0000
9514,5222,1.0000
9515,5222,1.0000
9516,5222,1.0000
9517,5222,1.0000
9518,5222,.6894
9518,5690,.3106
9519,5690,1.0000
9520,5690,1.0000
9521,5690,1.0000
9522,5690,1.0000
9523,5690,1.0000
9524,5222,.8640
9524,5690,.1360
9525,5222,1.0000
9526,5222,1.0000
9527,5222,1.0000
9528,5222,1.0000
9529,5222,1.0000
9530,5222,1.0000
9531,5222,1.0000
9532,5222,1.0000
9533,5222,1.0000
9534,5222,1.0000
9535,5222,1.0000
9536,5222,1.0000
9537,5222,1.0000
9538,5222,1.0000
9539,5222,1.0000
9540,5222,1.0000
9541,5222,1.0000
9542,5222,1.0000
9543,5222,1.0000
9544,5222,1.0000
9545,5222,1.0000
9546,5222,1.0000
9547,5222,1.0000
9548,5222,1.0000
9549,5222,1.0000
9550,5222,1.0000
9551,5222,1.0000
9552,5222,1.0000
9553,5222,1.0000
9554,5222,1.0000
9555,5222,1.0000
9556,5222,1.0000
9557,5222,1.0000
9558,5222,1.0000
9559,5222,1.0000
9560,5222,1.0000
9561,5222,1.0000
9562,5222,1.0000
9563,5222,1.0000
9564,5222,1.0000
9565,5222,1.0000
9566,5222,1.0000
9567,5222,1.0000
9568,5222,1.0000
9569,5222,1.0000
9570,5222,1.0000
9571,5222,1.0000
9572,5222,1.0000
9573,5222,1.0000
9574,5222,1.0000
9575,5222,1.0000
9576,5222,.8712
9576,-999,.1288
9577,5674,1.0000
9578,5674,1.0000
9579,5674,.9701
9579,5222,.0299
9580,5222,.5379
9580,5674,.4621
9581,5222,.7920
9581,5674,.2080
9582,5222,1.0000
9583,5222,1.0000
9584,5222,1.0000
9585,5222,1.0000
9586,5222,.9328
9586,5674,.0672
9587,5222,.3937
9587,5674,.6063
9588,5222,.0923
9588,5674,.9077
9589,5222,.0373
9589,5674,.9627
9590,5674,1.0000
9591,5674,1.0000
9592,5674,1.0000
9593,5674,1.0000
9594,5674,1.0000
9595,5674,1.0000
9596,5674,1.0000
9597,5674,1.0000
9598,5674,.8485
9598,5222,.1515
9599,5222,.9773
9599,5674,.0227
9600,5674,.4848
9600,5222,.5152
9601,5674,.9917
9601,5222,.0083
9602,5674,1.0000
9603,5674,.8030
9603,5222,.1970
9604,5222,.8636
9604,5674,.1364
9605,5222,1.0000
9606,5222,1.0000
9607,5222,1.0000
9608,5222,1.0000
9609,5222,1.0000
9610,5222,1.0000
9611,5222,1.0000
9612,5222,1.0000
9613,5222,1.0000
9614,5222,1.0000
9615,5222,1.0000
9616,5222,1.0000
9617,5222,1.0000
9618,5222,1.0000
9619,5222,1.0000
9620,5222,1.0000
9621,5222,1.0000
9622,5222,1.0000
9623,5222,.6667
9623,5690,.3333
9624,5690,1.0000
9625,5690,1.0000
9626,5690,1.0000
9627,5690,1.0000
9628,5690,1.0000
9629,5690,1.0000
9630,5690,1.0000
9631,5690,1.0000
9632,5690,1.0000
9633,5690,1.0000
9634,5690,.8182
9634,5222,.1818
9635,5222,1.0000
9636,5222,1.0000
9637,5222,1.0000
9638,5222,1.0000
9639,5222,1.0000
9640,5222,1.0000
9641,5222,1.0000
9642,5222,1.0000
9643,5222,1.0000
9644,5222,1.0000
9645,5222,1.0000
9646,5222,1.0000
9647,5222,1.0000
9648,5222,1.0000
9649,5222,1.0000
9650,5222,.8421
9650,5690,.1579
9651,5222,.2164
9651,5690,.7836
9652,5690,1.0000
9653,5690,1.0000
9654,5690,1.0000
9655,5690,1.0000
9656,5690,1.0000
9657,5690,.3233
9657,5222,.6767
9658,5222,1.0000
9659,5222,1.0000
9660,5222,1.0000
9661,5222,1.0000
9662,5222,1.0000
9663,5222,1.0000
9664,5222,1.0000
9665,5222,1.0000
9666,5222,1.0000
9667,5222,1.0000
9668,5222,1.0000
9669,5222,1.0000
9670,5222,1.0000
9671,5222,1.0000
9672,5222,1.0000
9673,5222,1.0000
9674,5222,1.0000
9675,5222,1.0000
9676,5222,1.0000
9677,5222,1.0000
9678,5222,1.0000
9679,5222,1.0000
9680,5222,1.0000
9681,5222,1.0000
9682,5222,1.0000
9683,5222,1.0000
9684,5222,1.0000
9685,5222,1.0000
9686,5222,1.0000
9687,5222,1.0000
9688,5222,1.0000
9689,5222,1.0000
9690,5222,1.0000
9691,5222,1.0000
9692,5222,1.0000
9693,5222,1.0000
9694,5222,1.0000
9695,5222,1.0000
9696,5222,1.0000
9697,5222,1.0000
9698,5222,1.0000
9699,5222,1.0000
9700,5222,1.0000
9701,5222,1.0000
9702,5222,1.0000
9703,5222,1.0000
9704,5222,1.0000
9705,5222,1.0000
9706,5222,1.0000
9707,5222,1.0000
9708,5222,1.0000
9709,-999,.0308
9709,5222,.9692
9710,5674,1.0000
9711,5674,1.0000
9712,5674,1.0000
9713,5674,1.0000
9714,5674,.9457
9714,5222,.0543
9715,5222,.8583
9715,5674,.1417
9716,5222,1.0000
9717,5222,1.0000
9718,5222,1.0000
9719,5222,.8561
9719,5674,.1439
9720,5674,.9242
9720,5222,.0758
9721,5674,1.0000
9722,5674,1.0000
9723,5674,1.0000
9724,5674,1.0000
9725,5674,1.0000
9726,5674,1.0000
9727,5674,1.0000
9728,5674,1.0000
9729,5674,1.0000
9730,5674,1.0000
9731,5674,.9697
9731,5222,.0303
9732,5222,.8815
9732,5674,.1185
9733,5222,1.0000
9734,5222,.7761
9734,5674,.2239
9735,5674,.3953
9735,5222,.6047
9736,5674,.5500
9736,5222,.4500
9737,5674,.2462
9737,5222,.7538
9738,5222,1.0000
9739,5222,1.0000
9740,5222,1.0000
9741,5222,1.0000
9742,5222,1.0000
9743,5222,1.0000
9744,5222,1.0000
9745,5222,1.0000
9746,5222,1.0000
9747,5222,1.0000
9748,5222,1.0000
9749,5222,1.0000
9750,5222,1.0000
9751,5222,1.0000
9752,5222,1.0000
9753,5222,1.0000
9754,5222,1.0000
9755,5222,1.0000
9756,5222,.6515
9756,5690,.3485
9757,5690,1.0000
9758,5690,1.0000
9759,5690,1.0000
9760,5690,1.0000
9761,5690,1.0000
9762,5690,1.0000
9763,5690,1.0000
9764,5690,1.0000
9765,5690,1.0000
9766,5690,1.0000
9767,5690,.7348
9767,5222,.2652
9768,5222,1.0000
9769,5222,1.0000
9770,5222,1.0000
9771,5222,1.0000
9772,5222,1.0000
9773,5222,1.0000
9774,5222,1.0000
9775,5222,.6515
9775,5690,.3485
9776,5222,.2459
9776,5690,.7541
9777,5222,.2197
9777,5690,.7803
9778,5222,.4776
9778,5690,.5224
9779,5222,.9030
9779,5690,.0970
9780,5222,.7829
9780,5690,.2171
9781,5222,.4921
9781,5690,.5079
9782,5222,.3731
9782,5690,.6269
9783,5222,.0376
9783,5690,.9624
9784,5690,1.0000
9785,5690,1.0000
9786,5690,1.0000
9787,5690,1.0000
9788,5690,1.0000
9789,5690,1.0000
9790,5690,.5303
9790,5222,.4697
9791,5222,1.0000
9792,5222,1.0000
9793,5222,1.0000
9794,5222,1.0000
9795,5222,1.0000
9796,5222,1.0000
9797,5222,1.0000
9798,5222,1.0000
9799,5222,1.0000
9800,5222,1.0000
9801,5222,1.0000
9802,5222,1.0000
9803,5222,1.0000
9804,5222,1.0000
9805,5222,1.0000
9806,5222,1.0000
9807,5222,1.0000
9808,5222,1.0000
9809,5222,1.0000
9810,5222,1.0000
9811,5222,1.0000
9812,5222,1.0000
9813,5222,1.0000
9814,5222,1.0000
9815,5222,1.0000
9816,5222,1.0000
9817,5222,1.0000
9818,5222,1.0000
9819,5222,1.0000
9820,5222,1.0000
9821,5222,1.0000
9822,5222,1.0000
9823,5222,1.0000
9824,5222,1.0000
9825,5222,1.0000
9826,5222,1.0000
9827,5222,1.0000
9828,5222,1.0000
9829,5222,1.0000
9830,5222,1.0000
9831,5222,1.0000
9832,5222,1.0000
9833,5222,1.0000
9834,5222,1.0000
9835,5222,1.0000
9836,5222,1.0000
9837,5222,1.0000
9838,5222,1.0000
9839,5222,1.0000
9840,5222,1.0000
9841,5222,1.0000
9842,5222,1.0000
9843,5674,1.0000
9844,5674,1.0000
9845,5674,1.0000
9846,5674,1.0000
9847,5674,1.0000
9848,5674,.4206
9848,5222,.5794
9849,5222,1.0000
9850,5222,1.0000
9851,5222,1.0000
9852,5222,1.0000
9853,5222,.6364
9853,5674,.3636
9854,5674,1.0000
9855,5674,1.0000
9856,5674,1.0000
9857,5674,1.0000
9858,5674,1.0000
9859,5674,1.0000
9860,5674,1.0000
9861,5674,1.0000
9862,5674,1.0000
9863,5674,1.0000
9864,5674,1.0000
9865,5674,.3071
9865,5222,.6929
9866,5222,1.0000
9867,5222,1.0000
9868,5222,1.0000
9869,5222,1.0000
9870,5222,1.0000
9871,5222,1.0000
9872,5222,1.0000
9873,5222,1.0000
9874,5222,1.0000
9875,5222,1.0000
9876,5222,1.0000
9877,5222,1.0000
9878,5222,1.0000
9879,5222,1.0000
9880,5222,1.0000
9881,5222,1.0000
9882,5222,1.0000
9883,5222,1.0000
9884,5222,1.0000
9885,5222,1.0000
9886,5222,1.0000
9887,5222,1.0000
9888,5222,1.0000
9889,5222,.5833
9889,5690,.4167
9890,5690,1.0000
9891,5690,1.0000
9892,5690,1.0000
9893,5690,1.0000
9894,5690,1.0000
9895,5690,1.0000
9896,5690,1.0000
9897,5690,1.0000
9898,5690,1.0000
9899,5690,1.0000
9900,5690,.6963
9900,5222,.3037
9901,5222,1.0000
9902,5222,1.0000
9903,5222,1.0000
9904,5222,1.0000
9905,5222,1.0000
9906,5222,1.0000
9907,5222,1.0000
9908,5690,.8455
9908,5222,.1545
9909,5690,1.0000
9910,5690,1.0000
9911,5690,1.0000
9912,5690,.9609
9912,5222,.0391
9913,5690,1.0000
9914,5690,1.0000
9915,5690,1.0000
9916,5690,1.0000
9917,5690,1.0000
9918,5690,1.0000
9919,5690,1.0000
9920,5690,1.0000
9921,5690,1.0000
9922,5690,1.0000
9923,5690,.9308
9923,5222,.0692
9924,5222,.7460
9924,5690,.2540
9925,5222,1.0000
9926,5222,1.0000
9927,5222,1.0000
9928,5222,1.0000
9929,5222,1.0000
9930,5222,1.0000
9931,5222,1.0000
9932,5222,1.0000
9933,5222,1.0000
9934,5222,1.0000
9935,5222,1.0000
9936,5222,1.0000
9937,5222,1.0000
9938,5222,1.0000
9939,5222,1.0000
9940,5222,1.0000
9941,5222,1.0000
9942,5222,1.0000
9943,5222,1.0000
9944,5222,1.0000
9945,5222,1.0000
9946,5222,1.0000
9947,5222,1.0000
9948,5222,1.0000
9949,5222,1.0000
9950,5222,1.0000
9951,5222,1.0000
9952,5222,1.0000
9953,5222,1.0000
9954,5222,1.0000
9955,5222,1.0000
9956,5222,1.0000
9957,5222,1.0000
9958,5222,1.0000
9959,5222,1.0000
9960,5222,1.0000
9961,5222,1.0000
9962,5222,1.0000
9963,5222,1.0000
9964,5222,1.0000
9965,5222,1.0000
9966,5222,1.0000
9967,5222,1.0000
9968,5222,1.0000
9969,5222,1.0000
9970,5222,1.0000
9971,5222,1.0000
9972,5222,1.0000
9973,5222,1.0000
9974,5222,1.0000
9975,5222,1.0000
9976,5674,1.0000
9977,5674,1.0000
9978,5674,1.0000
9979,5674,1.0000
9980,5674,1.0000
9981,5674,.6567
9981,5222,.3433
9982,5222,1.0000
9983,5222,1.0000
9984,5222,1.0000
9985,5222,1.0000
9986,5222,.9535
9986,5674,.0465
9987,5674,.9091
9987,5222,.0909
9988,5674,1.0000
9989,5674,1.0000
9990,5674,1.0000
9991,5674,1.0000
9992,5674,1.0000
9993,5674,1.0000
9994,5674,1.0000
9995,5674,1.0000
9996,5674,1.0000
9997,5674,1.0000
9998,5674,.4286
9998,5222,.5714
9999,5222,1.0000
10000,5222,1.0000
10001,5222,1.0000
10002,5222,1.0000
10003,5222,1.0000
10004,5222,1.0000
10005,5222,1.0000
10006,5222,1.0000
10007,5222,1.0000
10008,5222,1.0000
10009,5222,1.0000
10010,5222,1.0000
10011,5222,1.0000
10012,5222,1.0000
10013,5222,1.0000
10014,5222,1.0000
10015,5222,1.0000
10016,5222,1.0000
10017,5222,1.0000
10018,5222,1.0000
10019,5222,1.0000
10020,5222,1.0000
10021,5222,1.0000
10022,5222,.8106
10022,5690,.1894
10023,5690,.9242
10023,5222,.0758
10024,5690,1.0000
10025,5690,1.0000
10026,5690,1.0000
10027,5690,1.0000
10028,5690,1.0000
10029,5690,1.0000
10030,5690,1.0000
10031,5690,1.0000
10032,5690,.9675
10032,5222,.0325
10033,5222,.7377
10033,5690,.2623
10034,5222,1.0000
10035,5222,1.0000
10036,5222,1.0000
10037,5222,1.0000
10038,5222,1.0000
10039,5222,1.0000
10040,5222,1.0000
10041,5222,.4697
10041,5690,.5303
10042,5690,.9924
10042,5222,.0076
10043,5690,1.0000
10044,5690,1.0000
10045,5690,1.0000
10046,5690,1.0000
10047,5690,1.0000
10048,5690,1.0000
10049,5690,1.0000
10050,5690,1.0000
10051,5690,1.0000
10052,5690,1.0000
10053,5690,1.0000
10054,5690,1.0000
10055,5690,1.0000
10056,5690,1.0000
10057,5690,.9254
10057,5222,.0746
10058,5222,.7761
10058,5690,.2239
10059,5222,1.0000
10060,5222,1.0000
10061,5222,1.0000
10062,5222,1.0000
10063,5222,1.0000
10064,5222,1.0000
10065,5222,1.0000
10066,5222,.6288
10066,5690,.3712
10067,5222,.2677
10067,5690,.7323
10068,5222,.3182
10068,5690,.6818
10069,5222,.5969
10069,5690,.4031
10070,5222,.6124
10070,5690,.3876
10071,5222,.8106
10071,5690,.1894
10072,5222,1.0000
10073,5222,1.0000
10074,5222,1.0000
10075,5222,1.0000
10076,5222,1.0000
10077,5222,1.0000
10078,5222,1.0000
10079,5222,1.0000
10080,5222,1.0000
10081,5222,1.0000
10082,5222,1.0000
10083,5222,1.0000
10084,5222,1.0000
10085,5222,1.0000
10086,5222,1.0000
10087,5222,1.0000
10088,5222,1.0000
10089,5222,1.0000
10090,5222,1.0000
10091,5222,1.0000
10092,5222,1.0000
10093,5222,1.0000
10094,5222,1.0000
10095,5222,1.0000
10096,5222,1.0000
10097,5222,1.0000
10098,5222,1.0000
10099,5222,1.0000
10100,5222,1.0000
10101,5222,1.0000
10102,5222,1.0000
10103,5222,1.0000
10104,5222,1.0000
10105,5222,1.0000
10106,5222,1.0000
10107,5222,1.0000
10108,5222,1.0000
10109,5674,1.0000
10110,5674,1.0000
10111,5674,1.0000
10112,5674,1.0000
10113,5674,1.0000
10114,5674,.9167
10114,5222,.0833
10115,5222,.8788
10115,5674,.1212
10116,5222,1.0000
10117,5222,.9697
10117,5674,.0303
10118,5222,1.0000
10119,5222,1.0000
10120,5222,.5758
10120,5674,.4242
10121,5674,1.0000
10122,5674,1.0000
10123,5674,1.0000
10124,5674,1.0000
10125,5674,1.0000
10126,5674,1.0000
10127,5674,1.0000
10128,5674,1.0000
10129,5674,1.0000
10130,5674,1.0000
10131,5674,.4091
10131,5222,.5909
10132,5222,1.0000
10133,5222,1.0000
10134,5222,1.0000
10135,5222,1.0000
10136,5222,1.0000
10137,5222,1.0000
10138,5222,1.0000
10139,5222,1.0000
10140,5222,1.0000
10141,5222,1.0000
10142,5222,1.0000
10143,5222,1.0000
10144,5222,1.0000
10145,5222,1.0000
10146,5222,1.0000
10147,5222,1.0000
10148,5222,1.0000
10149,5222,1.0000
10150,5222,1.0000
10151,5222,1.0000
10152,5222,1.0000
10153,5222,1.0000
10154,5222,1.0000
10155,5222,1.0000
10156,5222,.7955
10156,5690,.2045
10157,5690,.8333
10157,5222,.1667
10158,5690,1.0000
10159,5690,1.0000
10160,5690,1.0000
10161,5690,1.0000
10162,5690,1.0000
10163,5690,1.0000
10164,5690,1.0000
10165,5690,.6061
10165,5222,.3939
10166,5222,1.0000
10167,5222,1.0000
10168,5222,1.0000
10169,5222,1.0000
10170,5222,1.0000
10171,5222,1.0000
10172,5222,1.0000
10173,5222,1.0000
10174,5222,1.0000
10175,5222,.3864
10175,5690,.6136
10176,5690,1.0000
10177,5690,1.0000
10178,5690,1.0000
10179,5690,1.0000
10180,5690,1.0000
10181,5690,1.0000
10182,5690,1.0000
10183,5690,1.0000
10184,5690,1.0000
10185,5690,1.0000
10186,5690,1.0000
10187,5690,1.0000
10188,5690,1.0000
10189,5690,1.0000
10190,5690,1.0000
10191,5690,.8413
10191,5222,.1587
10192,5222,.9924
10192,5690,.0076
10193,5222,1.0000
10194,5222,1.0000
10195,5222,1.0000
10196,5222,1.0000
10197,5222,1.0000
10198,5222,.9848
10198,5690,.0152
10199,5222,.1705
10199,5690,.8295
10200,5690,1.0000
10201,5690,1.0000
10202,5690,1.0000
10203,5690,1.0000
10204,5222,.1797
10204,5690,.8203
10205,5222,1.0000
10206,5222,1.0000
10207,5222,1.0000
10208,5222,1.0000
10209,5222,1.0000
10210,5222,1.0000
10211,5222,1.0000
10212,5222,1.0000
10213,5222,1.0000
10214,5222,1.0000
10215,5222,1.0000
10216,5222,1.0000
10217,5222,1.0000
10218,5222,1.0000
10219,5222,1.0000
10220,5222,1.0000
10221,5222,1.0000
10222,5222,1.0000
10223,5222,1.0000
10224,5222,1.0000
10225,5222,1.0000
10226,5222,1.0000
10227,5222,1.0000
10228,5222,1.0000
10229,5222,1.0000
10230,5222,1.0000
10231,5222,1.0000
10232,5222,1.0000
10233,5222,1.0000
10234,5222,1.0000
10235,5222,1.0000
10236,5222,1.0000
10237,5222,1.0000
10238,5222,1.0000
10239,5222,1.0000
10240,5222,1.0000
10241,5222,1.0000
10242,5674,1.0000
10243,5674,1.0000
10244,5674,1.0000
10245,5674,1.0000
10246,5674,1.0000
10247,5674,1.0000
10248,5674,.8864
10248,5222,.1136
10249,5222,.2791
10249,5674,.7209
10250,5222,.0635
10250,5674,.9365
10251,5222,.2727
10251,5674,.7273
10252,5222,.8333
10252,5674,.1667
10253,5222,.8387
10253,5674,.1613
10254,5674,1.0000
10255,5674,1.0000
10256,5674,1.0000
10257,5674,1.0000
10258,5674,1.0000
10259,5674,1.0000
10260,5674,1.0000
10261,5674,1.0000
10262,5674,1.0000
10263,5674,1.0000
10264,5674,.5455
10264,5222,.4545
10265,5222,1.0000
10266,5222,1.0000
10267,5222,1.0000
10268,5222,1.0000
10269,5222,1.0000
10270,5222,1.0000
10271,5222,1.0000
10272,5222,1.0000
10273,5222,1.0000
10274,5222,1.0000
10275,5222,1.0000
10276,5222,1.0000
10277,5222,1.0000
10278,5222,1.0000
10279,5222,1.0000
10280,5222,1.0000
10281,5222,1.0000
10282,5222,1.0000
10283,5222,1.0000
10284,5222,1.0000
10285,5222,1.0000
10286,5222,1.0000
10287,5222,1.0000
10288,5222,1.0000
10289,5222,1.0000
10290,5222,.7348
10290,5690,.2652
10291,5690,1.0000
10292,5690,1.0000
10293,5690,1.0000
10294,5690,1.0000
10295,5690,1.0000
10296,5690,1.0000
10297,5690,.8636
10297,5222,.1364
10298,5690,.0758
10298,5222,.9242
10299,5222,1.0000
10300,5222,1.0000
10301,5222,1.0000
10302,5222,1.0000
10303,5222,1.0000
10304,5222,1.0000
10305,5222,1.0000
10306,5222,1.0000
10307,5222,1.0000
10308,5222,.8720
10308,5690,.1280
10309,5690,.8030
10309,5222,.1970
10310,5690,1.0000
10311,5690,1.0000
10312,5690,1.0000
10313,5690,1.0000
10314,5690,1.0000
10315,5690,1.0000
10316,5690,1.0000
10317,5690,1.0000
10318,5690,1.0000
10319,5690,1.0000
10320,5690,1.0000
10321,5690,1.0000
10322,5690,1.0000
10323,5690,1.0000
10324,5690,1.0000
10325,5690,.2388
10325,5222,.7612
10326,5222,1.0000
10327,5222,1.0000
10328,5222,1.0000
10329,5222,1.0000
10330,5222,1.0000
10331,5222,.6045
10331,5690,.3955
10332,5690,1.0000
10333,5690,1.0000
10334,5690,1.0000
10335,5690,1.0000
10336,5690,1.0000
10337,5690,.9844
10337,5222,.0156
10338,5222,.8864
10338,5690,.1136
10339,5222,1.0000
10340,5222,1.0000
10341,5222,1.0000
10342,5222,1.0000
10343,5222,1.0000
10344,5222,1.0000
10345,5222,1.0000
10346,5222,1.0000
10347,5222,1.0000
10348,5222,1.0000
10349,5222,1.0000
10350,5222,1.0000
10351,5222,1.0000
10352,5222,1.0000
10353,5222,1.0000
10354,5222,1.0000
10355,5222,1.0000
10356,5222,1.0000
10357,5222,1.0000
10358,5222,1.0000
10359,5222,1.0000
10360,5222,1.0000
10361,5222,1.0000
10362,5222,1.0000
10363,5222,1.0000
10364,5222,1.0000
10365,5222,1.0000
10366,5222,1.0000
10367,5222,1.0000
10368,5222,1.0000
10369,5222,1.0000
10370,5222,1.0000
10371,5222,1.0000
10372,5222,1.0000
10373,5222,1.0000
10374,5222,1.0000
10375,5674,1.0000
10376,5674,1.0000
10377,5674,1.0000
10378,5674,1.0000
10379,5674,1.0000
10380,5674,1.0000
10381,5674,1.0000
10382,5674,1.0000
10383,5674,1.0000
10384,5674,1.0000
10385,5674,.9318
10385,5222,.0682
10386,5222,.2576
10386,5674,.7424
10387,5674,1.0000
10388,5674,1.0000
10389,5674,1.0000
10390,5674,1.0000
10391,5674,1.0000
10392,5674,1.0000
10393,5674,1.0000
10394,5674,1.0000
10395,5674,1.0000
10396,5674,1.0000
10397,5674,.7481
10397,5222,.2519
10398,5222,.9559
10398,5674,.0441
10399,5222,1.0000
10400,5222,1.0000
10401,5222,1.0000
10402,5222,1.0000
10403,5222,1.0000
10404,5222,1.0000
10405,5222,1.0000
10406,5222,1.0000
10407,5222,1.0000
10408,5222,1.0000
10409,5222,1.0000
10410,5222,1.0000
10411,5222,1.0000
10412,5222,1.0000
10413,5222,1.0000
10414,5222,1.0000
10415,5222,1.0000
10416,5222,1.0000
10417,5222,1.0000
10418,5222,1.0000
10419,5222,1.0000
10420,5222,1.0000
10421,5222,1.0000
10422,5222,1.0000
10423,5222,.9917
10423,5690,.0083
10424,5690,.8417
10424,5222,.1583
10425,5690,1.0000
10426,5690,1.0000
10427,5690,1.0000
10428,5690,1.0000
10429,5690,1.0000
10430,5690,.4773
10430,5222,.5227
10431,5222,1.0000
10432,5222,1.0000
10433,5222,1.0000
10434,5222,1.0000
10435,5222,1.0000
10436,5222,1.0000
10437,5222,1.0000
10438,5222,1.0000
10439,5222,1.0000
10440,5222,1.0000
10441,5222,1.0000
10442,5222,.9848
10442,5690,.0152
10443,5690,.5152
10443,5222,.4848
10444,5690,1.0000
10445,5690,1.0000
10446,5690,1.0000
10447,5690,1.0000
10448,5690,1.0000
10449,5690,1.0000
10450,5690,1.0000
10451,5690,1.0000
10452,5690,1.0000
10453,5690,1.0000
10454,5690,1.0000
10455,5690,1.0000
10456,5690,1.0000
10457,5690,1.0000
10458,5690,.8657
10458,5222,.1343
10459,5222,.9286
10459,5690,.0714
10460,5222,1.0000
10461,5222,1.0000
10462,5222,1.0000
10463,5222,.8258
10463,5690,.1742
10464,5222,.0714
10464,5690,.9286
10465,5690,1.0000
10466,5690,1.0000
10467,5690,1.0000
10468,5690,1.0000
10469,5690,1.0000
10470,5690,1.0000
10471,5690,.2403
10471,5222,.7597
10472,5222,1.0000
10473,5222,1.0000
10474,5222,1.0000
10475,5222,1.0000
10476,5222,1.0000
10477,5222,1.0000
10478,5222,1.0000
10479,5222,1.0000
10480,5222,1.0000
10481,5222,1.0000
10482,5222,1.0000
10483,5222,1.0000
10484,5222,1.0000
10485,5222,1.0000
10486,5222,1.0000
10487,5222,1.0000
10488,5222,1.0000
10489,5222,1.0000
10490,5222,1.0000
10491,5222,1.0000
10492,5222,1.0000
10493,5222,1.0000
10494,5222,1.0000
10495,5222,1.0000
10496,5222,1.0000
10497,5222,1.0000
10498,5222,1.0000
10499,5222,1.0000
10500,5222,1.0000
10501,5222,1.0000
10502,5222,1.0000
10503,5222,1.0000
10504,5222,1.0000
10505,5222,1.0000
10506,5222,1.0000
10507,5222,1.0000
10508,5674,1.0000
10509,5674,1.0000
10510,5674,1.0000
10511,5674,1.0000
10512,5674,1.0000
10513,5674,1.0000
10514,5674,1.0000
10515,5674,1.0000
10516,5674,1.0000
10517,5674,1.0000
10518,5674,1.0000
10519,5674,1.0000
10520,5674,1.0000
10521,5674,1.0000
10522,5674,1.0000
10523,5674,1.0000
10524,5674,1.0000
10525,5674,1.0000
10526,5674,1.0000
10527,5674,1.0000
10528,5674,1.0000
10529,5674,1.0000
10530,5674,1.0000
10531,5674,.8527
10531,5222,.1473
10532,5222,.5401
10532,5674,.4599
10533,5222,.9565
10533,5674,.0435
10534,5222,1.0000
10535,5222,1.0000
10536,5222,1.0000
10537,5222,1.0000
10538,5222,1.0000
10539,5222,1.0000
10540,5222,1.0000
10541,5222,1.0000
10542,5222,1.0000
10543,5222,1.0000
10544,5222,1.0000
10545,5222,1.0000
10546,5222,1.0000
10547,5222,1.0000
10548,5222,1.0000
10549,5222,1.0000
10550,5222,1.0000
10551,5222,1.0000
10552,5222,1.0000
10553,5222,1.0000
10554,5222,1.0000
10555,5222,1.0000
10556,5222,1.0000
10557,5222,.1549
10557,5690,.8451
10558,5690,1.0000
10559,5690,1.0000
10560,5690,1.0000
10561,5690,1.0000
10562,5690,1.0000
10563,5690,.8258
10563,5222,.1742
10564,5222,.9524
10564,5690,.0476
10565,5222,1.0000
10566,5222,1.0000
10567,5222,1.0000
10568,5222,1.0000
10569,5222,1.0000
10570,5222,1.0000
10571,5222,1.0000
10572,5222,1.0000
10573,5222,1.0000
10574,5222,1.0000
10575,5222,1.0000
10576,5222,.9923
10576,5690,.0077
10577,5690,.3496
10577,5222,.6504
10578,5690,.8106
10578,5222,.1894
10579,5690,1.0000
10580,5690,1.0000
10581,5690,1.0000
10582,5690,1.0000
10583,5690,1.0000
10584,5690,1.0000
10585,5690,1.0000
10586,5690,1.0000
10587,5690,1.0000
10588,5690,1.0000
10589,5690,1.0000
10590,5690,1.0000
10591,5690,1.0000
10592,5690,.8636
10592,5222,.1364
10593,5222,.4015
10593,5690,.5985
10594,5222,.5669
10594,5690,.4331
10595,5222,.5111
10595,5690,.4889
10596,5222,.0902
10596,5690,.9098
10597,5690,1.0000
10598,5690,1.0000
10599,5690,1.0000
10600,5690,1.0000
10601,5690,1.0000
10602,5690,1.0000
10603,5690,1.0000
10604,5222,.4062
10604,5690,.5937
10605,5222,.9924
10605,5690,.0076
10606,5222,1.0000
10607,5222,1.0000
10608,5222,1.0000
10609,5222,1.0000
10610,5222,1.0000
10611,5222,1.0000
10612,5222,1.0000
10613,5222,1.0000
10614,5222,1.0000
10615,5222,1.0000
10616,5222,1.0000
10617,5222,1.0000
10618,5222,1.0000
10619,5222,1.0000
10620,5222,1.0000
10621,5222,1.0000
10622,5222,1.0000
10623,5222,1.0000
10624,5222,1.0000
10625,5222,1.0000
10626,5222,1.0000
10627,5222,1.0000
10628,5222,1.0000
10629,5222,1.0000
10630,5222,1.0000
10631,5222,1.0000
10632,5222,1.0000
10633,5222,1.0000
10634,5222,1.0000
10635,5222,1.0000
10636,5222,1.0000
10637,5222,1.0000
10638,5222,1.0000
10639,5222,1.0000
10640,5222,1.0000
10641,5674,1.0000
10642,5674,1.0000
10643,5674,1.0000
10644,5674,1.0000
10645,5674,1.0000
10646,5674,1.0000
10647,5674,1.0000
10648,5674,1.0000
10649,5674,1.0000
10650,5674,1.0000
10651,5674,1.0000
10652,5674,1.0000
10653,5674,1.0000
10654,5674,1.0000
10655,5674,1.0000
10656,5674,1.0000
10657,5674,1.0000
10658,5674,1.0000
10659,5674,1.0000
10660,5674,1.0000
10661,5674,1.0000
10662,5674,1.0000
10663,5674,1.0000
10664,5674,1.0000
10665,5674,1.0000
10666,5674,.8421
10666,5222,.1579
10667,5222,.6835
10667,5674,.3165
10668,5222,1.0000
10669,5222,1.0000
10670,5222,.8939
10670,5690,.1061
10671,5222,1.0000
10672,5222,1.0000
10673,5222,1.0000
10674,5222,1.0000
10675,5222,1.0000
10676,5222,1.0000
10677,5222,1.0000
10678,5222,1.0000
10679,5222,1.0000
10680,5222,1.0000
10681,5222,1.0000
10682,5222,1.0000
10683,5222,1.0000
10684,5222,1.0000
10685,5222,1.0000
10686,5222,1.0000
10687,5222,1.0000
10688,5222,1.0000
10689,5222,.9348
10689,5690,.0652
10690,5222,.0725
10690,5690,.9275
10691,5690,1.0000
10692,5690,1.0000
10693,5690,1.0000
10694,5690,1.0000
10695,5690,1.0000
10696,5690,1.0000
10697,5222,.5276
10697,5690,.4724
10698,5222,1.0000
10699,5222,1.0000
10700,5222,1.0000
10701,5222,1.0000
10702,5222,1.0000
10703,5222,1.0000
10704,5222,1.0000
10705,5222,1.0000
10706,5222,1.0000
10707,5222,1.0000
10708,5222,1.0000
10709,5222,1.0000
10710,5222,1.0000
10711,5222,.9265
10711,5690,.0735
10712,5690,.8309
10712,5222,.1691
10713,5690,1.0000
10714,5690,1.0000
10715,5690,1.0000
10716,5690,1.0000
10717,5690,1.0000
10718,5690,1.0000
10719,5690,1.0000
10720,5690,1.0000
10721,5690,1.0000
10722,5690,1.0000
10723,5690,1.0000
10724,5690,1.0000
10725,5690,1.0000
10726,5690,1.0000
10727,5690,1.0000
10728,5690,1.0000
10729,5690,1.0000
10730,5690,1.0000
10731,5690,1.0000
10732,5690,1.0000
10733,5690,1.0000
10734,5690,1.0000
10735,5690,1.0000
10736,5690,1.0000
10737,5690,1.0000
10738,5690,.6288
10738,5222,.3712
10739,5222,.7176
10739,5690,.2824
10740,5222,.8271
10740,5690,.1729
10741,5222,1.0000
10742,5222,1.0000
10743,5222,1.0000
10744,5222,1.0000
10745,5222,1.0000
10746,5222,1.0000
10747,5222,1.0000
10748,5222,1.0000
10749,5222,1.0000
10750,5222,1.0000
10751,5222,1.0000
10752,5222,1.0000
10753,5222,1.0000
10754,5222,1.0000
10755,5222,1.0000
10756,5222,1.0000
10757,5222,1.0000
10758,5222,1.0000
10759,5222,1.0000
10760,5222,1.0000
10761,5222,1.0000
10762,5222,1.0000
10763,5222,1.0000
10764,5222,1.0000
10765,5222,1.0000
10766,5222,1.0000
10767,5222,1.0000
10768,5222,1.0000
10769,5222,1.0000
10770,5222,1.0000
10771,5222,1.0000
10772,5222,1.0000
10773,5222,1.0000
10774,5674,1.0000
10775,5674,1.0000
10776,5674,1.0000
10777,5674,1.0000
10778,5674,1.0000
10779,5674,1.0000
10780,5674,1.0000
10781,5674,1.0000
10782,5674,1.0000
10783,5674,1.0000
10784,5674,1.0000
10785,5674,1.0000
10786,5674,1.0000
10787,5674,1.0000
10788,5674,1.0000
10789,5674,1.0000
10790,5674,1.0000
10791,5674,1.0000
10792,5674,1.0000
10793,5674,1.0000
10794,5674,1.0000
10795,5674,1.0000
10796,5674,1.0000
10797,5674,1.0000
10798,5674,1.0000
10799,5674,1.0000
10800,5674,.9922
10800,5222,.0078
10801,5222,.4000
10801,5674,.6000
10802,5222,.7050
10802,5690,.1367
10802,5674,.1583
10803,5222,.0593
10803,5690,.9407
10804,5222,.3712
10804,5690,.6288
10805,5222,.9015
10805,5690,.0985
10806,5222,.7154
10806,5690,.2846
10807,5222,.4250
10807,5690,.5750
10808,5222,.8917
10808,5690,.1083
10809,5222,1.0000
10810,5222,1.0000
10811,5222,1.0000
10812,5222,1.0000
10813,5222,1.0000
10814,5222,1.0000
10815,5222,1.0000
10816,5222,1.0000
10817,5222,1.0000
10818,5222,1.0000
10819,5222,1.0000
10820,5222,1.0000
10821,5222,1.0000
10822,5222,.6923
10822,5690,.3077
10823,5690,1.0000
10824,5690,1.0000
10825,5690,1.0000
10826,5690,1.0000
10827,5690,1.0000
10828,5690,1.0000
10829,5690,1.0000
10830,5690,.9697
10830,5222,.0303
10831,5222,.3037
10831,5690,.6963
10832,5222,.8633
10832,5690,.1367
10833,5222,1.0000
10834,5222,1.0000
10835,5222,1.0000
10836,5222,1.0000
10837,5222,1.0000
10838,5222,1.0000
10839,5222,1.0000
10840,5222,1.0000
10841,5222,1.0000
10842,5222,1.0000
10843,5222,1.0000
10844,5222,1.0000
10845,5222,.7480
10845,5690,.2520
10846,5690,.9771
10846,5222,.0229
10847,5690,1.0000
10848,5690,1.0000
10849,5690,1.0000
10850,5690,1.0000
10851,5690,1.0000
10852,5690,1.0000
10853,5690,1.0000
10854,5690,1.0000
10855,5690,1.0000
10856,5690,1.0000
10857,5690,1.0000
10858,5690,1.0000
10859,5690,1.0000
10860,5690,1.0000
10861,5690,1.0000
10862,5690,1.0000
10863,5690,1.0000
10864,5690,1.0000
10865,5690,1.0000
10866,5690,1.0000
10867,5690,1.0000
10868,5690,1.0000
10869,5690,1.0000
10870,5690,1.0000
10871,5690,1.0000
10872,5690,1.0000
10873,5222,.0391
10873,5690,.9609
10874,5222,.3731
10874,5690,.6269
10875,5222,.8308
10875,5690,.1692
10876,5222,1.0000
10877,5222,1.0000
10878,5222,1.0000
10879,5222,1.0000
10880,5222,1.0000
10881,5222,1.0000
10882,5222,1.0000
10883,5222,1.0000
10884,5222,1.0000
10885,5222,1.0000
10886,5222,1.0000
10887,5222,1.0000
10888,5222,1.0000
10889,5222,1.0000
10890,5222,1.0000
10891,5222,1.0000
10892,5222,1.0000
10893,5222,1.0000
10894,5222,1.0000
10895,5222,1.0000
10896,5222,1.0000
10897,5222,1.0000
10898,5222,1.0000
10899,5222,1.0000
10900,5222,1.0000
10901,5222,1.0000
10902,5222,1.0000
10903,5222,1.0000
10904,5222,1.0000
10905,5222,1.0000
10906,5222,1.0000
10907,5674,1.0000
10908,5674,1.0000
10909,5674,1.0000
10910,5674,1.0000
10911,5674,1.0000
10912,5674,1.0000
10913,5674,1.0000
10914,5674,1.0000
10915,5674,1.0000
10916,5674,1.0000
10917,5674,1.0000
10918,5674,1.0000
10919,5674,1.0000
10920,5674,1.0000
10921,5674,1.0000
10922,5674,1.0000
10923,5674,1.0000
10924,5674,1.0000
10925,5674,1.0000
10926,5674,1.0000
10927,5674,1.0000
10928,5674,1.0000
10929,5674,1.0000
10930,5674,1.0000
10931,5674,1.0000
10932,5674,1.0000
10933,5674,1.0000
10934,5674,1.0000
10935,5674,.9773
10935,5690,.0227
10936,5690,.7482
10936,5674,.2518
10937,5690,1.0000
10938,5690,.9091
10938,5222,.0909
10939,5222,.0530
10939,5690,.9470
10940,5690,1.0000
10941,5690,.7424
10941,5222,.2576
10942,5222,.9225
10942,5690,.0775
10943,5222,.9000
10943,5690,.1000
10944,5222,.9083
10944,5690,.0917
10945,5222,1.0000
10946,5222,1.0000
10947,5222,1.0000
10948,5222,1.0000
10949,5222,1.0000
10950,5222,1.0000
10951,5222,1.0000
10952,5222,1.0000
10953,5222,.9836
10953,5690,.0164
10954,5222,.6160
10954,5690,.3840
10955,5222,.1825
10955,5690,.8175
10956,5690,1.0000
10957,5690,1.0000
10958,5690,1.0000
10959,5690,1.0000
10960,5690,1.0000
10961,5690,1.0000
10962,5690,1.0000
10963,5690,1.0000
10964,5690,.9496
10964,5222,.0504
10965,5690,.1136
10965,5222,.8864
10966,5222,1.0000
10967,5222,1.0000
10968,5222,1.0000
10969,5222,1.0000
10970,5222,1.0000
10971,5222,1.0000
10972,5222,1.0000
10973,5222,1.0000
10974,5222,1.0000
10975,5222,1.0000
10976,5222,1.0000
10977,5222,1.0000
10978,5222,1.0000
10979,5222,.6439
10979,5690,.3561
10980,5690,.9470
10980,5222,.0530
10981,5690,1.0000
10982,5690,1.0000
10983,5690,1.0000
10984,5690,1.0000
10985,5690,1.0000
10986,5690,1.0000
10987,5690,1.0000
10988,5690,1.0000
10989,5690,1.0000
10990,5690,1.0000
10991,5690,1.0000
10992,5690,1.0000
10993,5690,1.0000
10994,5690,1.0000
10995,5690,1.0000
10996,5690,1.0000
10997,5690,1.0000
10998,5690,1.0000
10999,5690,1.0000
11000,5690,1.0000
11001,5690,1.0000
11002,5690,1.0000
11003,5690,1.0000
11004,5690,1.0000
11005,5690,1.0000
11006,5690,1.0000
11007,5690,1.0000
11008,5690,.9297
11008,5222,.0703
11009,5222,.4470
11009,5690,.5530
11010,5222,.8682
11010,5690,.1318
11011,5222,.9160
11011,5690,.0840
11012,5222,1.0000
11013,5222,1.0000
11014,5222,1.0000
11015,5222,1.0000
11016,5222,1.0000
11017,5222,1.0000
11018,5222,1.0000
11019,5222,1.0000
11020,5222,1.0000
11021,5222,1.0000
11022,5222,1.0000
11023,5222,1.0000
11024,5222,1.0000
11025,5222,1.0000
11026,5222,1.0000
11027,5222,1.0000
11028,5222,1.0000
11029,5222,1.0000
11030,5222,1.0000
11031,5222,1.0000
11032,5222,1.0000
11033,5222,1.0000
11034,5222,1.0000
11035,5222,1.0000
11036,5222,1.0000
11037,5222,1.0000
11038,5222,1.0000
11039,5222,1.0000
11040,5674,1.0000
11041,5674,1.0000
11042,5674,1.0000
11043,5674,1.0000
11044,5674,1.0000
11045,5674,1.0000
11046,5674,1.0000
11047,5674,1.0000
11048,5674,1.0000
11049,5674,1.0000
11050,5674,1.0000
11051,5674,1.0000
11052,5674,1.0000
11053,5674,1.0000
11054,5674,1.0000
11055,5674,1.0000
11056,5674,1.0000
11057,5674,1.0000
11058,5674,1.0000
11059,5674,1.0000
11060,5674,1.0000
11061,5674,1.0000
11062,5674,1.0000
11063,5674,1.0000
11064,5674,1.0000
11065,5674,1.0000
11066,5674,1.0000
11067,5674,1.0000
11068,5674,1.0000
11069,5674,.8780
11069,5690,.1220
11070,5690,.8623
11070,5674,.1377
11071,5690,1.0000
11072,5690,1.0000
11073,5690,1.0000
11074,5690,1.0000
11075,5690,.9167
11075,5222,.0833
11076,5222,.0379
11076,5690,.9621
11077,5690,.9697
11077,5222,.0303
11078,5222,.1970
11078,5690,.8030
11079,5222,.3846
11079,5690,.6154
11080,5222,.7077
11080,5690,.2923
11081,5222,.9667
11081,5690,.0333
11082,5222,1.0000
11083,5222,1.0000
11084,5222,1.0000
11085,5222,.9000
11085,5690,.1000
11086,5222,.3462
11086,5690,.6538
11087,5690,1.0000
11088,5690,1.0000
11089,5690,1.0000
11090,5690,1.0000
11091,5690,1.0000
11092,5690,1.0000
11093,5690,1.0000
11094,5690,1.0000
11095,5690,1.0000
11096,5690,1.0000
11097,5690,.7073
11097,5222,.2927
11098,5222,1.0000
11099,5222,1.0000
11100,5222,1.0000
11101,5222,1.0000
11102,5222,1.0000
11103,5222,1.0000
11104,5222,1.0000
11105,5222,1.0000
11106,5222,1.0000
11107,5222,1.0000
11108,5222,1.0000
11109,5222,1.0000
11110,5222,1.0000
11111,5222,1.0000
11112,5222,1.0000
11113,5222,.8231
11113,5690,.1769
11114,5690,.7293
11114,5222,.2707
11115,5690,.9848
11115,5222,.0152
11116,5690,1.0000
11117,5690,1.0000
11118,5690,1.0000
11119,5690,1.0000
11120,5690,1.0000
11121,5690,1.0000
11122,5690,1.0000
11123,5690,1.0000
11124,5690,1.0000
11125,5690,1.0000
11126,5690,1.0000
11127,5690,1.0000
11128,5690,1.0000
11129,5690,1.0000
11130,5690,1.0000
11131,5690,1.0000
11132,5690,1.0000
11133,5690,1.0000
11134,5690,1.0000
11135,5690,1.0000
11136,5690,1.0000
11137,5690,1.0000
11138,5690,1.0000
11139,5690,1.0000
11140,5690,1.0000
11141,5690,1.0000
11142,5690,1.0000
11143,5690,1.0000
11144,5222,.0154
11144,5690,.9846
11145,5222,.4519
11145,5690,.5481
11146,5222,.9690
11146,5690,.0310
11147,5222,1.0000
11148,5222,1.0000
11149,5222,1.0000
11150,5222,1.0000
11151,5222,1.0000
11152,5222,1.0000
11153,5222,1.0000
11154,5222,1.0000
11155,5222,1.0000
11156,5222,1.0000
11157,5222,1.0000
11158,5222,1.0000
11159,5222,1.0000
11160,5222,1.0000
11161,5222,1.0000
11162,5222,1.0000
11163,5222,1.0000
11164,5222,1.0000
11165,5222,1.0000
11166,5222,1.0000
11167,5222,1.0000
11168,5222,1.0000
11169,5222,1.0000
11170,5222,1.0000
11171,5222,1.0000
11172,5222,1.0000
11173,5674,1.0000
11174,5674,1.0000
11175,5674,1.0000
11176,5674,1.0000
11177,5674,1.0000
11178,5674,1.0000
11179,5674,1.0000
11180,5674,1.0000
11181,5674,1.0000
11182,5674,1.0000
11183,5674,1.0000
11184,5674,1.0000
11185,5674,1.0000
11186,5674,1.0000
11187,5674,1.0000
11188,5674,1.0000
11189,5674,1.0000
11190,5674,1.0000
11191,5674,1.0000
11192,5674,1.0000
11193,5674,1.0000
11194,5674,1.0000
11195,5674,1.0000
11196,5674,1.0000
11197,5674,1.0000
11198,5674,1.0000
11199,5674,1.0000
11200,5674,1.0000
11201,5674,1.0000
11202,5674,1.0000
11203,5674,.8250
11203,5690,.1750
11204,5690,.8682
11204,5674,.1318
11205,5690,1.0000
11206,5690,1.0000
11207,5690,1.0000
11208,5690,1.0000
11209,5690,1.0000
11210,5690,1.0000
11211,5690,1.0000
11212,5690,1.0000
11213,5690,1.0000
11214,5690,.9242
11214,5222,.0758
11215,5222,.2576
11215,5690,.7424
11216,5222,.4848
11216,5690,.5152
11217,5222,.3258
11217,5690,.6742
11218,5222,.0530
11218,5690,.9470
11219,5690,1.0000
11220,5690,1.0000
11221,5690,1.0000
11222,5690,1.0000
11223,5690,1.0000
11224,5690,1.0000
11225,5690,1.0000
11226,5690,1.0000
11227,5690,1.0000
11228,5690,1.0000
11229,5690,1.0000
11230,5690,.5923
11230,5222,.4077
11231,5222,1.0000
11232,5222,1.0000
11233,5222,1.0000
11234,5222,1.0000
11235,5222,1.0000
11236,5222,1.0000
11237,5222,1.0000
11238,5222,1.0000
11239,5222,1.0000
11240,5222,1.0000
11241,5222,1.0000
11242,5222,1.0000
11243,5222,1.0000
11244,5222,1.0000
11245,5222,1.0000
11246,5222,1.0000
11247,5222,1.0000
11248,5222,.8409
11248,5690,.1591
11249,5690,.3790
11249,5222,.6210
11250,5690,.6767
11250,5222,.3233
11251,5690,.9708
11251,5222,.0292
11252,5690,1.0000
11253,5690,1.0000
11254,5690,1.0000
11255,5690,1.0000
11256,5690,1.0000
11257,5690,1.0000
11258,5690,1.0000
11259,5690,1.0000
11260,5690,1.0000
11261,5690,1.0000
11262,5690,1.0000
11263,5690,1.0000
11264,5690,1.0000
11265,5690,1.0000
11266,5690,1.0000
11267,5690,1.0000
11268,5690,1.0000
11269,5690,1.0000
11270,5690,1.0000
11271,5690,1.0000
11272,5690,1.0000
11273,5690,1.0000
11274,5690,1.0000
11275,5690,1.0000
11276,5690,1.0000
11277,5690,1.0000
11278,5690,1.0000
11279,5222,.6031
11279,5690,.3969
11280,5222,1.0000
11281,5222,1.0000
11282,5222,1.0000
11283,5222,1.0000
11284,5222,1.0000
11285,5222,1.0000
11286,5222,1.0000
11287,5222,1.0000
11288,5222,1.0000
11289,5222,1.0000
11290,5222,1.0000
11291,5222,1.0000
11292,5222,1.0000
11293,5222,1.0000
11294,5222,1.0000
11295,5222,1.0000
11296,5222,1.0000
11297,5222,1.0000
11298,5222,1.0000
11299,5222,1.0000
11300,5222,1.0000
11301,5222,1.0000
11302,5222,1.0000
11303,5222,1.0000
11304,5222,1.0000
11305,5222,1.0000
11306,5674,1.0000
11307,5674,1.0000
11308,5674,1.0000
11309,5674,1.0000
11310,5674,1.0000
11311,5674,1.0000
11312,5674,1.0000
11313,5674,1.0000
11314,5674,1.0000
11315,5674,1.0000
11316,5674,1.0000
11317,5674,1.0000
11318,5674,1.0000
11319,5674,1.0000
11320,5674,1.0000
11321,5674,1.0000
11322,5674,1.0000
11323,5674,1.0000
11324,5674,1.0000
11325,5674,1.0000
11326,5674,1.0000
11327,5674,1.0000
11328,5674,1.0000
11329,5674,1.0000
11330,5674,1.0000
11331,5674,1.0000
11332,5674,1.0000
11333,5674,1.0000
11334,5674,1.0000
11335,5674,1.0000
11336,5674,1.0000
11337,5674,.9313
11337,5690,.0687
11338,5690,.4496
11338,5674,.5504
11339,5690,.9016
11339,5674,.0984
11340,5690,1.0000
11341,5690,1.0000
11342,5690,1.0000
11343,5690,1.0000
11344,5690,1.0000
11345,5690,1.0000
11346,5690,1.0000
11347,5690,1.0000
11348,5690,1.0000
11349,5690,1.0000
11350,5690,1.0000
11351,5690,1.0000
11352,5690,1.0000
11353,5690,1.0000
11354,5690,1.0000
11355,5690,1.0000
11356,5690,1.0000
11357,5690,1.0000
11358,5690,1.0000
11359,5690,1.0000
11360,5690,1.0000
11361,5690,1.0000
11362,5690,1.0000
11363,5690,.8864
11363,5222,.1136
11364,5222,.9773
11364,5690,.0227
11365,5222,1.0000
11366,5222,1.0000
11367,5222,1.0000
11368,5222,1.0000
11369,5222,1.0000
11370,5222,1.0000
11371,5222,1.0000
11372,5222,1.0000
11373,5222,1.0000
11374,5222,1.0000
11375,5222,1.0000
11376,5222,1.0000
11377,5222,1.0000
11378,5222,1.0000
11379,5222,1.0000
11380,5222,1.0000
11381,5222,1.0000
11382,5222,1.0000
11383,5222,1.0000
11384,5222,.8473
11384,5690,.1527
11385,5690,.6800
11385,5222,.3200
11386,5690,1.0000
11387,5690,1.0000
11388,5690,1.0000
11389,5690,1.0000
11390,5690,1.0000
11391,5690,1.0000
11392,5690,1.0000
11393,5690,1.0000
11394,5690,1.0000
11395,5690,1.0000
11396,5690,1.0000
11397,5690,1.0000
11398,5690,1.0000
11399,5690,1.0000
11400,5690,1.0000
11401,5690,1.0000
11402,5690,1.0000
11403,5690,1.0000
11404,5690,1.0000
11405,5690,1.0000
11406,5690,1.0000
11407,5690,1.0000
11408,5690,1.0000
11409,5690,1.0000
11410,5690,1.0000
11411,5690,1.0000
11412,5690,.8788
11412,5222,.1212
11413,5222,.5115
11413,5690,.4885
11414,5222,.8444
11414,5690,.1556
11415,5222,1.0000
11416,5222,1.0000
11417,5222,1.0000
11418,5222,1.0000
11419,5222,1.0000
11420,5222,1.0000
11421,5222,1.0000
11422,5222,1.0000
11423,5222,1.0000
11424,5222,1.0000
11425,5222,1.0000
11426,5222,1.0000
11427,5222,1.0000
11428,5222,1.0000
11429,5222,1.0000
11430,5222,1.0000
11431,5222,1.0000
11432,5222,1.0000
11433,5222,1.0000
11434,5222,1.0000
11435,5222,1.0000
11436,5222,1.0000
11437,5222,1.0000
11438,5222,1.0000
11439,5674,1.0000
11440,5674,1.0000
11441,5674,1.0000
11442,5674,1.0000
11443,5674,1.0000
11444,5674,1.0000
11445,5674,1.0000
11446,5674,1.0000
11447,5674,1.0000
11448,5674,1.0000
11449,5674,1.0000
11450,5674,1.0000
11451,5674,1.0000
11452,5674,1.0000
11453,5674,1.0000
11454,5674,1.0000
11455,5674,1.0000
11456,5674,1.0000
11457,5674,1.0000
11458,5674,1.0000
11459,5674,1.0000
11460,5674,1.0000
11461,5674,1.0000
11462,5674,1.0000
11463,5674,1.0000
11464,5674,1.0000
11465,5674,1.0000
11466,5674,1.0000
11467,5674,1.0000
11468,5674,1.0000
11469,5674,1.0000
11470,5674,1.0000
11471,5674,1.0000
11472,5674,.9371
11472,5690,.0629
11473,5690,.1600
11473,5674,.8400
11474,5690,.2000
11474,5674,.8000
11475,5690,.2833
11475,5674,.7167
11476,5690,.4000
11476,5674,.6000
11477,5690,.3206
11477,5674,.6794
11478,5690,.2045
11478,5674,.7955
11479,5690,.5455
11479,5674,.4545
11480,5690,1.0000
11481,5690,1.0000
11482,5690,1.0000
11483,5690,1.0000
11484,5690,1.0000
11485,5690,1.0000
11486,5690,1.0000
11487,5690,1.0000
11488,5690,1.0000
11489,5690,1.0000
11490,5690,1.0000
11491,5690,1.0000
11492,5690,1.0000
11493,5690,1.0000
11494,5690,1.0000
11495,5690,1.0000
11496,5690,1.0000
11497,5690,.3106
11497,5222,.6894
11498,5222,1.0000
11499,5222,1.0000
11500,5222,1.0000
11501,5222,1.0000
11502,5222,1.0000
11503,5222,1.0000
11504,5222,1.0000
11505,5222,1.0000
11506,5222,1.0000
11507,5222,1.0000
11508,5222,1.0000
11509,5222,1.0000
11510,5222,1.0000
11511,5222,1.0000
11512,5222,1.0000
11513,5222,1.0000
11514,5222,1.0000
11515,5222,1.0000
11516,5222,1.0000
11517,5222,1.0000
11518,5222,.9925
11518,5690,.0075
11519,5690,.6131
11519,5222,.3869
11520,5690,1.0000
11521,5690,1.0000
11522,5690,1.0000
11523,5690,1.0000
11524,5690,1.0000
11525,5690,1.0000
11526,5690,1.0000
11527,5690,1.0000
11528,5690,1.0000
11529,5690,1.0000
11530,5690,1.0000
11531,5690,1.0000
11532,5690,1.0000
11533,5690,1.0000
11534,5690,1.0000
11535,5690,1.0000
11536,5690,1.0000
11537,5690,1.0000
11538,5690,1.0000
11539,5690,1.0000
11540,5690,1.0000
11541,5690,1.0000
11542,5690,1.0000
11543,5690,1.0000
11544,5690,1.0000
11545,5690,1.0000
11546,5690,1.0000
11547,5690,.9844
11547,5222,.0156
11548,5222,.4580
11548,5690,.5420
11549,5222,.9615
11549,5690,.0385
11550,5222,1.0000
11551,5222,1.0000
11552,5222,1.0000
11553,5222,1.0000
11554,5222,1.0000
11555,5222,1.0000
11556,5222,1.0000
11557,5222,1.0000
11558,5222,1.0000
11559,5222,1.0000
11560,5222,1.0000
11561,5222,1.0000
11562,5222,1.0000
11563,5222,1.0000
11564,5222,1.0000
11565,5222,1.0000
11566,5222,1.0000
11567,5222,1.0000
11568,5222,1.0000
11569,5222,1.0000
11570,5222,1.0000
11571,5222,1.0000
11572,5674,1.0000
11573,5674,1.0000
11574,5674,1.0000
11575,5674,1.0000
11576,5674,1.0000
11577,5674,1.0000
11578,5674,1.0000
11579,5674,1.0000
11580,5674,1.0000
11581,5674,1.0000
11582,5674,1.0000
11583,5674,1.0000
11584,5674,1.0000
11585,5674,1.0000
11586,5674,1.0000
11587,5674,1.0000
11588,5674,1.0000
11589,5674,1.0000
11590,5674,1.0000
11591,5674,1.0000
11592,5674,1.0000
11593,5674,1.0000
11594,5674,1.0000
11595,5674,1.0000
11596,5674,1.0000
11597,5674,1.0000
11598,5674,1.0000
11599,5674,1.0000
11600,5674,1.0000
11601,5674,1.0000
11602,5674,1.0000
11603,5674,1.0000
11604,5674,1.0000
11605,5674,1.0000
11606,5674,1.0000
11607,5674,1.0000
11608,5674,1.0000
11609,5674,1.0000
11610,5674,1.0000
11611,5674,1.0000
11612,5674,.8846
11612,5690,.1154
11613,5690,1.0000
11614,5690,1.0000
11615,5690,1.0000
11616,5690,1.0000
11617,5690,1.0000
11618,5690,1.0000
11619,5690,1.0000
11620,5690,1.0000
11621,5690,1.0000
11622,5690,1.0000
11623,5690,1.0000
11624,5690,1.0000
11625,5690,1.0000
11626,5690,1.0000
11627,5690,1.0000
11628,5690,1.0000
11629,5690,1.0000
11630,5690,.6960
11630,5222,.3040
11631,5222,1.0000
11632,5222,1.0000
11633,5222,1.0000
11634,5222,1.0000
11635,5222,1.0000
11636,5222,1.0000
11637,5222,1.0000
11638,5222,1.0000
11639,5222,1.0000
11640,5222,1.0000
11641,5222,1.0000
11642,5222,1.0000
11643,5222,1.0000
11644,5222,1.0000
11645,5222,1.0000
11646,5222,1.0000
11647,5222,1.0000
11648,5222,1.0000
11649,5222,1.0000
11650,5222,1.0000
11651,5222,1.0000
11652,5222,.7209
11652,5690,.2791
11653,5690,1.0000
11654,5690,1.0000
11655,5690,1.0000
11656,5690,1.0000
11657,5690,1.0000
11658,5690,1.0000
11659,5690,1.0000
11660,5690,1.0000
11661,5690,1.0000
11662,5690,1.0000
11663,5690,1.0000
11664,5690,1.0000
11665,5690,1.0000
11666,5690,1.0000
11667,5690,1.0000
11668,5690,1.0000
11669,5690,1.0000
11670,5690,1.0000
11671,5690,1.0000
11672,5690,1.0000
11673,5690,1.0000
11674,5690,1.0000
11675,5690,1.0000
11676,5690,1.0000
11677,5690,1.0000
11678,5690,1.0000
11679,5690,1.0000
11680,5690,1.0000
11681,5690,1.0000
11682,5222,.6565
11682,5690,.3435
11683,5222,1.0000
11684,5222,1.0000
11685,5222,1.0000
11686,5222,1.0000
11687,5222,1.0000
11688,5222,1.0000
11689,5222,1.0000
11690,5222,1.0000
11691,5222,1.0000
11692,5222,1.0000
11693,5222,1.0000
11694,5222,1.0000
11695,5222,1.0000
11696,5222,1.0000
11697,5222,1.0000
11698,5222,1.0000
11699,5222,1.0000
11700,5222,1.0000
11701,5222,1.0000
11702,5222,1.0000
11703,5222,1.0000
11704,5222,1.0000
11705,5674,1.0000
11706,5674,1.0000
11707,5674,1.0000
11708,5674,1.0000
11709,5674,1.0000
11710,5674,1.0000
11711,5674,1.0000
11712,5674,1.0000
11713,5674,1.0000
11714,5674,1.0000
11715,5674,1.0000
11716,5674,1.0000
11717,5674,1.0000
11718,5674,1.0000
11719,5674,1.0000
11720,5674,1.0000
11721,5674,1.0000
11722,5674,1.0000
11723,5674,1.0000
11724,5674,1.0000
11725,5674,1.0000
11726,5674,1.0000
11727,5674,1.0000
11728,5674,1.0000
11729,5674,1.0000
11730,5674,1.0000
11731,5674,1.0000
11732,5674,1.0000
11733,5674,1.0000
11734,5674,1.0000
11735,5674,1.0000
11736,5674,1.0000
11737,5674,1.0000
11738,5674,1.0000
11739,5674,1.0000
11740,5674,1.0000
11741,5674,1.0000
11742,5674,1.0000
11743,5674,1.0000
11744,5674,1.0000
11745,5674,.6084
11745,5690,.3916
11746,5690,1.0000
11747,5690,1.0000
11748,5690,1.0000
11749,5690,1.0000
11750,5690,1.0000
11751,5690,1.0000
11752,5690,1.0000
11753,5690,1.0000
11754,5690,1.0000
11755,5690,1.0000
11756,5690,1.0000
11757,5690,1.0000
11758,5690,1.0000
11759,5690,1.0000
11760,5690,1.0000
11761,5690,1.0000
11762,5690,1.0000
11763,5690,.9577
11763,5222,.0423
11764,5222,.8409
11764,5690,.1591
11765,5222,1.0000
11766,5222,1.0000
11767,5222,1.0000
11768,5222,1.0000
11769,5222,1.0000
11770,5222,1.0000
11771,5222,1.0000
11772,5222,1.0000
11773,5222,1.0000
11774,5222,1.0000
11775,5222,1.0000
11776,5222,1.0000
11777,5222,1.0000
11778,5222,1.0000
11779,5222,1.0000
11780,5222,1.0000
11781,5222,1.0000
11782,5222,1.0000
11783,5222,1.0000
11784,5222,1.0000
11785,5222,.9760
11785,5690,.0240
11786,5690,.7985
11786,5222,.2015
11787,5690,1.0000
11788,5690,1.0000
11789,5690,1.0000
11790,5690,1.0000
11791,5690,1.0000
11792,5690,1.0000
11793,5690,1.0000
11794,5690,1.0000
11795,5690,1.0000
11796,5690,1.0000
11797,5690,1.0000
11798,5690,1.0000
11799,5690,1.0000
11800,5690,1.0000
11801,5690,1.0000
11802,5690,1.0000
11803,5690,1.0000
11804,5690,1.0000
11805,5690,1.0000
11806,5690,1.0000
11807,5690,1.0000
11808,5690,1.0000
11809,5690,1.0000
11810,5690,1.0000
11811,5690,1.0000
11812,5690,1.0000
11813,5690,1.0000
11814,5690,1.0000
11815,5690,.7481
11815,5222,.2519
11816,5222,1.0000
11817,5222,1.0000
11818,5222,1.0000
11819,5222,1.0000
11820,5222,1.0000
11821,5222,1.0000
11822,5222,1.0000
11823,5222,1.0000
11824,5222,1.0000
11825,5222,1.0000
11826,5222,1.0000
11827,5222,1.0000
11828,5222,1.0000
11829,5222,1.0000
11830,5222,1.0000
11831,5222,1.0000
11832,5222,1.0000
11833,5222,1.0000
11834,5222,1.0000
11835,5222,1.0000
11836,5222,1.0000
11837,5222,1.0000
11838,5674,1.0000
11839,5674,1.0000
11840,5674,1.0000
11841,5674,1.0000
11842,5674,1.0000
11843,5674,1.0000
11844,5674,1.0000
11845,5674,1.0000
11846,5674,1.0000
11847,5674,1.0000
11848,5674,1.0000
11849,5674,1.0000
11850,5674,1.0000
11851,5674,1.0000
11852,5674,1.0000
11853,5674,1.0000
11854,5674,1.0000
11855,5674,1.0000
11856,5674,1.0000
11857,5674,1.0000
11858,5674,1.0000
11859,5674,1.0000
11860,5674,1.0000
11861,5674,1.0000
11862,5674,1.0000
11863,5674,1.0000
11864,5674,1.0000
11865,5674,1.0000
11866,5674,1.0000
11867,5674,1.0000
11868,5674,1.0000
11869,5674,1.0000
11870,5674,1.0000
11871,5674,1.0000
11872,5674,1.0000
11873,5674,1.0000
11874,5674,1.0000
11875,5674,1.0000
11876,5674,1.0000
11877,5674,.8258
11877,5690,.1742
11878,5674,.0559
11878,5690,.9441
11879,5690,1.0000
11880,5690,1.0000
11881,5690,1.0000
11882,5690,1.0000
11883,5690,1.0000
11884,5690,1.0000
11885,5690,1.0000
11886,5690,1.0000
11887,5690,1.0000
11888,5690,1.0000
11889,5690,1.0000
11890,5690,1.0000
11891,5690,1.0000
11892,5690,1.0000
11893,5690,1.0000
11894,5690,1.0000
11895,5690,1.0000
11896,5690,1.0000
11897,5690,.7424
11897,5222,.2576
11898,5222,.9773
11898,5690,.0227
11899,5222,1.0000
11900,5222,1.0000
11901,5222,1.0000
11902,5222,1.0000
11903,5222,1.0000
11904,5222,1.0000
11905,5222,1.0000
11906,5222,1.0000
11907,5222,1.0000
11908,5222,1.0000
11909,5222,1.0000
11910,5222,1.0000
11911,5222,1.0000
11912,5222,1.0000
11913,5222,1.0000
11914,5222,1.0000
11915,5222,1.0000
11916,5222,1.0000
11917,5222,1.0000
11918,5222,1.0000
11919,5222,.5766
11919,5690,.4234
11920,5690,1.0000
11921,5690,1.0000
11922,5690,1.0000
11923,5690,1.0000
11924,5690,1.0000
11925,5690,1.0000
11926,5690,1.0000
11927,5690,1.0000
11928,5690,1.0000
11929,5690,1.0000
11930,5690,1.0000
11931,5690,1.0000
11932,5690,1.0000
11933,5690,1.0000
11934,5690,1.0000
11935,5690,1.0000
11936,5690,1.0000
11937,5690,1.0000
11938,5690,1.0000
11939,5690,1.0000
11940,5690,1.0000
11941,5690,1.0000
11942,5690,1.0000
11943,5690,1.0000
11944,5690,1.0000
11945,5690,1.0000
11946,5690,1.0000
11947,5690,1.0000
11948,5690,.9925
11948,5222,.0075
11949,5222,.8092
11949,5690,.1908
11950,5222,1.0000
11951,5222,1.0000
11952,5222,1.0000
11953,5222,1.0000
11954,5222,1.0000
11955,5222,1.0000
11956,5222,1.0000
11957,5222,1.0000
11958,5222,1.0000
11959,5222,1.0000
11960,5222,1.0000
11961,5222,1.0000
11962,5222,1.0000
11963,5222,1.0000
11964,5222,1.0000
11965,5222,1.0000
11966,5222,1.0000
11967,5222,1.0000
11968,5222,1.0000
11969,5222,1.0000
11970,5222,1.0000
11971,5674,1.0000
11972,5674,1.0000
11973,5674,1.0000
11974,5674,1.0000
11975,5674,1.0000
11976,5674,1.0000
11977,5674,1.0000
11978,5674,1.0000
11979,5674,1.0000
11980,5674,1.0000
11981,5674,1.0000
11982,5674,1.0000
11983,5674,1.0000
11984,5674,1.0000
11985,5674,1.0000
11986,5674,1.0000
11987,5674,1.0000
11988,5674,1.0000
11989,5674,1.0000
11990,5674,1.0000
11991,5674,1.0000
11992,5674,1.0000
11993,5674,1.0000
11994,5674,1.0000
11995,5674,1.0000
11996,5674,1.0000
11997,5674,1.0000
11998,5674,1.0000
11999,5674,1.0000
12000,5674,1.0000
12001,5674,1.0000
12002,5674,1.0000
12003,5674,1.0000
12004,5674,1.0000
12005,5674,1.0000
12006,5674,1.0000
12007,5674,1.0000
12008,5674,1.0000
12009,5674,1.0000
12010,5674,.8333
12010,5690,.1667
12011,5690,.9720
12011,5674,.0280
12012,5690,1.0000
12013,5690,1.0000
12014,5690,1.0000
12015,5690,1.0000
12016,5690,1.0000
12017,5690,1.0000
12018,5690,1.0000
12019,5690,1.0000
12020,5690,1.0000
12021,5690,1.0000
12022,5690,1.0000
12023,5690,1.0000
12024,5690,1.0000
12025,5690,1.0000
12026,5690,1.0000
12027,5690,1.0000
12028,5690,1.0000
12029,5690,1.0000
12030,5690,1.0000
12031,5690,.4094
12031,5222,.5906
12032,5222,.8880
12032,5690,.1120
12033,5222,.7500
12033,5690,.2500
12034,5222,.9697
12034,5690,.0303
12035,5222,1.0000
12036,5222,1.0000
12037,5222,1.0000
12038,5222,1.0000
12039,5222,1.0000
12040,5222,1.0000
12041,5222,1.0000
12042,5222,1.0000
12043,5222,1.0000
12044,5222,1.0000
12045,5222,1.0000
12046,5222,1.0000
12047,5222,1.0000
12048,5222,1.0000
12049,5222,1.0000
12050,5222,1.0000
12051,5222,1.0000
12052,5222,.8750
12052,5690,.1250
12053,5690,1.0000
12054,5690,1.0000
12055,5690,1.0000
12056,5690,1.0000
12057,5690,1.0000
12058,5690,1.0000
12059,5690,1.0000
12060,5690,1.0000
12061,5690,1.0000
12062,5690,1.0000
12063,5690,1.0000
12064,5690,1.0000
12065,5690,1.0000
12066,5690,1.0000
12067,5690,1.0000
12068,5690,1.0000
12069,5690,1.0000
12070,5690,1.0000
12071,5690,1.0000
12072,5690,1.0000
12073,5690,1.0000
12074,5690,1.0000
12075,5690,1.0000
12076,5690,1.0000
12077,5690,1.0000
12078,5690,1.0000
12079,5690,1.0000
12080,5690,1.0000
12081,5690,1.0000
12082,5690,.6391
12082,5222,.3609
12083,5222,.9690
12083,5690,.0310
12084,5222,1.0000
12085,5222,1.0000
12086,5222,1.0000
12087,5222,1.0000
12088,5222,1.0000
12089,5222,1.0000
12090,5222,1.0000
12091,5222,1.0000
12092,5222,1.0000
12093,5222,1.0000
12094,5222,1.0000
12095,5222,1.0000
12096,5222,1.0000
12097,5222,1.0000
12098,5222,1.0000
12099,5222,1.0000
12100,5222,1.0000
12101,5222,1.0000
12102,5222,1.0000
12103,5222,1.0000
12104,5674,1.0000
12105,5674,1.0000
12106,5674,1.0000
12107,5674,1.0000
12108,5674,1.0000
12109,5674,1.0000
12110,5674,1.0000
12111,5674,1.0000
12112,5674,1.0000
12113,5674,1.0000
12114,5674,1.0000
12115,5674,1.0000
12116,5674,1.0000
12117,5674,1.0000
12118,5674,1.0000
12119,5674,1.0000
12120,5674,1.0000
12121,5674,1.0000
12122,5674,1.0000
12123,5674,1.0000
12124,5674,1.0000
12125,5674,1.0000
12126,5674,1.0000
12127,5674,1.0000
12128,5674,1.0000
12129,5674,1.0000
12130,5674,1.0000
12131,5674,1.0000
12132,5674,1.0000
12133,5674,1.0000
12134,5674,1.0000
12135,5674,1.0000
12136,5674,1.0000
12137,5674,1.0000
12138,5674,1.0000
12139,5674,1.0000
12140,5674,1.0000
12141,5674,1.0000
12142,5674,1.0000
12143,5674,1.0000
12144,5674,.2891
12144,5690,.7109
12145,5690,1.0000
12146,5690,1.0000
12147,5690,1.0000
12148,5690,1.0000
12149,5690,1.0000
12150,5690,1.0000
12151,5690,1.0000
12152,5690,1.0000
12153,5690,1.0000
12154,5690,1.0000
12155,5690,1.0000
12156,5690,1.0000
12157,5690,1.0000
12158,5690,1.0000
12159,5690,1.0000
12160,5690,1.0000
12161,5690,1.0000
12162,5690,1.0000
12163,5690,1.0000
12164,5690,.9457
12164,5222,.0543
12165,5222,.0780
12165,5690,.9220
12166,5690,1.0000
12167,5690,.7424
12167,5222,.2576
12168,5222,.8485
12168,5690,.1515
12169,5222,1.0000
12170,5222,1.0000
12171,5222,1.0000
12172,5222,1.0000
12173,5222,1.0000
12174,5222,1.0000
12175,5222,1.0000
12176,5222,1.0000
12177,5222,1.0000
12178,5222,1.0000
12179,5222,1.0000
12180,5222,1.0000
12181,5222,1.0000
12182,5222,1.0000
12183,5222,1.0000
12184,5222,1.0000
12185,5222,.8550
12185,5690,.1450
12186,5690,.9855
12186,5222,.0145
12187,5690,1.0000
12188,5690,1.0000
12189,5690,1.0000
12190,5690,1.0000
12191,5690,1.0000
12192,5690,1.0000
12193,5690,1.0000
12194,5690,1.0000
12195,5690,1.0000
12196,5690,1.0000
12197,5690,1.0000
12198,5690,1.0000
12199,5690,1.0000
12200,5690,1.0000
12201,5690,1.0000
12202,5690,1.0000
12203,5690,1.0000
12204,5690,1.0000
12205,5690,1.0000
12206,5690,1.0000
12207,5690,1.0000
12208,5690,1.0000
12209,5690,1.0000
12210,5690,1.0000
12211,5690,1.0000
12212,5690,1.0000
12213,5690,1.0000
12214,5690,1.0000
12215,5690,1.0000
12216,5222,.2955
12216,5690,.7045
12217,5222,.6641
12217,5690,.3359
12218,5222,.7218
12218,5690,.2782
12219,5222,.7955
12219,5690,.2045
12220,5222,.9474
12220,5690,.0526
12221,5222,1.0000
12222,5222,1.0000
12223,5222,1.0000
12224,5222,1.0000
12225,5222,1.0000
12226,5222,1.0000
12227,5222,1.0000
12228,5222,1.0000
12229,5222,1.0000
12230,5222,1.0000
12231,5222,1.0000
12232,5222,1.0000
12233,5222,1.0000
12234,5222,1.0000
12235,5222,1.0000
12236,5222,1.0000
12237,5674,1.0000
12238,5674,1.0000
12239,5674,1.0000
12240,5674,1.0000
12241,5674,1.0000
12242,5674,1.0000
12243,5674,1.0000
12244,5674,1.0000
12245,5674,1.0000
12246,5674,1.0000
12247,5674,1.0000
12248,5674,1.0000
12249,5674,1.0000
12250,5674,1.0000
12251,5674,1.0000
12252,5674,1.0000
12253,5674,1.0000
12254,5674,1.0000
12255,5674,1.0000
12256,5674,1.0000
12257,5674,1.0000
12258,5674,1.0000
12259,5674,1.0000
12260,5674,1.0000
12261,5674,1.0000
12262,5674,1.0000
12263,5674,1.0000
12264,5674,1.0000
12265,5674,1.0000
12266,5674,1.0000
12267,5674,1.0000
12268,5674,1.0000
12269,5674,1.0000
12270,5674,1.0000
12271,5674,1.0000
12272,5674,1.0000
12273,5674,1.0000
12274,5674,1.0000
12275,5674,1.0000
12276,5674,1.0000
12277,5674,.5455
12277,5690,.4545
12278,5690,1.0000
12279,5690,1.0000
12280,5690,1.0000
12281,5690,1.0000
12282,5690,1.0000
12283,5690,1.0000
12284,5690,1.0000
12285,5690,1.0000
12286,5690,1.0000
12287,5690,1.0000
12288,5690,1.0000
12289,5690,1.0000
12290,5690,1.0000
12291,5690,1.0000
12292,5690,1.0000
12293,5690,1.0000
12294,5690,1.0000
12295,5690,1.0000
12296,5690,1.0000
12297,5690,1.0000
12298,5690,1.0000
12299,5690,1.0000
12300,5690,1.0000
12301,5690,.9113
12301,5222,.0887
12302,5222,.8551
12302,5690,.1449
12303,5222,1.0000
12304,5222,1.0000
12305,5222,1.0000
12306,5222,1.0000
12307,5222,1.0000
12308,5222,1.0000
12309,5222,1.0000
12310,5222,1.0000
12311,5222,1.0000
12312,5222,1.0000
12313,5222,1.0000
12314,5222,1.0000
12315,5222,1.0000
12316,5222,1.0000
12317,5222,1.0000
12318,5222,.5448
12318,5690,.4552
12319,5690,1.0000
12320,5690,1.0000
12321,5690,1.0000
12322,5690,1.0000
12323,5690,1.0000
12324,5690,1.0000
12325,5690,1.0000
12326,5690,1.0000
12327,5690,1.0000
12328,5690,1.0000
12329,5690,1.0000
12330,5690,1.0000
12331,5690,1.0000
12332,5690,1.0000
12333,5690,1.0000
12334,5690,1.0000
12335,5690,1.0000
12336,5690,1.0000
12337,5690,1.0000
12338,5690,1.0000
12339,5690,1.0000
12340,5690,1.0000
12341,5690,1.0000
12342,5690,1.0000
12343,5690,1.0000
12344,5690,1.0000
12345,5690,1.0000
12346,5690,1.0000
12347,5690,1.0000
12348,5690,1.0000
12349,5690,1.0000
12350,5690,1.0000
12351,5690,1.0000
12352,5690,1.0000
12353,5222,.0840
12353,5690,.9160
12354,5222,.4444
12354,5690,.5556
12355,5222,.8788
12355,5690,.1212
12356,5222,1.0000
12357,5222,1.0000
12358,5222,1.0000
12359,5222,1.0000
12360,5222,1.0000
12361,5222,1.0000
12362,5222,1.0000
12363,5222,1.0000
12364,5222,1.0000
12365,5222,1.0000
12366,5222,1.0000
12367,5222,1.0000
12368,5222,1.0000
12369,5222,1.0000
12370,5674,1.0000
12371,5674,1.0000
12372,5674,1.0000
12373,5674,1.0000
12374,5674,1.0000
12375,5674,1.0000
12376,5674,1.0000
12377,5674,1.0000
12378,5674,1.0000
12379,5674,1.0000
12380,5674,1.0000
12381,5674,1.0000
12382,5674,1.0000
12383,5674,1.0000
12384,5674,1.0000
12385,5674,1.0000
12386,5674,1.0000
12387,5674,1.0000
12388,5674,1.0000
12389,5674,1.0000
12390,5674,1.0000
12391,5674,1.0000
12392,5674,1.0000
12393,5674,1.0000
12394,5674,1.0000
12395,5674,1.0000
12396,5674,1.0000
12397,5674,1.0000
12398,5674,1.0000
12399,5674,1.0000
12400,5674,1.0000
12401,5674,1.0000
12402,5674,1.0000
12403,5674,1.0000
12404,5674,1.0000
12405,5674,1.0000
12406,5674,1.0000
12407,5674,1.0000
12408,5674,1.0000
12409,5674,1.0000
12410,5674,.8712
12410,5690,.1288
12411,5690,.9580
12411,5674,.0420
12412,5690,1.0000
12413,5690,1.0000
12414,5690,1.0000
12415,5690,1.0000
12416,5690,1.0000
12417,5690,1.0000
12418,5690,1.0000
12419,5690,1.0000
12420,5690,1.0000
12421,5690,1.0000
12422,5690,1.0000
12423,5690,1.0000
12424,5690,1.0000
12425,5690,1.0000
12426,5690,1.0000
12427,5690,1.0000
12428,5690,1.0000
12429,5690,1.0000
12430,5690,1.0000
12431,5690,1.0000
12432,5690,1.0000
12433,5690,1.0000
12434,5690,1.0000
12435,5690,.8712
12435,5222,.1288
12436,5222,.5606
12436,5690,.4394
12437,5222,.9545
12437,5690,.0455
12438,5222,1.0000
12439,5222,1.0000
12440,5222,1.0000
12441,5222,.9848
12441,5690,.0152
12442,5222,1.0000
12443,5222,1.0000
12444,5222,1.0000
12445,5222,1.0000
12446,5222,1.0000
12447,5222,1.0000
12448,5222,1.0000
12449,5222,1.0000
12450,5222,.9769
12450,5690,.0231
12451,5222,.3864
12451,5690,.6136
12452,5690,1.0000
12453,5690,1.0000
12454,5690,1.0000
12455,5690,1.0000
12456,5690,1.0000
12457,5690,1.0000
12458,5690,1.0000
12459,5690,1.0000
12460,5690,1.0000
12461,5690,1.0000
12462,5690,1.0000
12463,5690,1.0000
12464,5690,1.0000
12465,5690,1.0000
12466,5690,1.0000
12467,5690,1.0000
12468,5690,1.0000
12469,5690,1.0000
12470,5690,1.0000
12471,5690,1.0000
12472,5690,1.0000
12473,5690,1.0000
12474,5690,1.0000
12475,5690,1.0000
12476,5690,1.0000
12477,5690,1.0000
12478,5690,1.0000
12479,5690,1.0000
12480,5690,1.0000
12481,5690,1.0000
12482,5690,1.0000
12483,5690,1.0000
12484,5690,1.0000
12485,5690,1.0000
12486,5690,1.0000
12487,5690,1.0000
12488,5690,.9851
12488,5222,.0149
12489,5222,.1667
12489,5690,.8333
12490,5222,.3939
12490,5690,.6061
12491,5222,.8000
12491,5690,.2000
12492,5222,1.0000
12493,5222,1.0000
12494,5222,1.0000
12495,5222,1.0000
12496,5222,1.0000
12497,5222,1.0000
12498,5222,1.0000
12499,5222,1.0000
12500,5222,1.0000
12501,5222,1.0000
12502,5222,1.0000
12503,5674,1.0000
12504,5674,1.0000
12505,5674,1.0000
12506,5674,1.0000
12507,5674,1.0000
12508,5674,1.0000
12509,5674,1.0000
12510,5674,1.0000
12511,5674,1.0000
12512,5674,1.0000
12513,5674,1.0000
12514,5674,1.0000
12515,5674,1.0000
12516,5674,1.0000
12517,5674,1.0000
12518,5674,1.0000
12519,5674,1.0000
12520,5674,1.0000
12521,5674,1.0000
12522,5674,1.0000
12523,5674,1.0000
12524,5674,1.0000
12525,5674,1.0000
12526,5674,1.0000
12527,5674,1.0000
12528,5674,1.0000
12529,5674,1.0000
12530,5674,1.0000
12531,5674,1.0000
12532,5674,1.0000
12533,5674,1.0000
12534,5674,1.0000
12535,5674,1.0000
12536,5674,1.0000
12537,5674,1.0000
12538,5674,1.0000
12539,5674,1.0000
12540,5674,1.0000
12541,5674,1.0000
12542,5674,1.0000
12543,5674,1.0000
12544,5674,.3357
12544,5690,.6643
12545,5690,1.0000
12546,5690,1.0000
12547,5690,1.0000
12548,5690,1.0000
12549,5690,1.0000
12550,5690,1.0000
12551,5690,1.0000
12552,5690,1.0000
12553,5690,1.0000
12554,5690,1.0000
12555,5690,1.0000
12556,5690,1.0000
12557,5690,1.0000
12558,5690,1.0000
12559,5690,1.0000
12560,5690,1.0000
12561,5690,1.0000
12562,5690,1.0000
12563,5690,1.0000
12564,5690,1.0000
12565,5690,1.0000
12566,5690,1.0000
12567,5690,1.0000
12568,5690,1.0000
12569,5690,1.0000
12570,5690,.8359
12570,5222,.1641
12571,5222,.6397
12571,5690,.3603
12572,5222,.8409
12572,5690,.1591
12573,5222,.6061
12573,5690,.3939
12574,5222,.1318
12574,5690,.8682
12575,5222,.5620
12575,5690,.4380
12576,5222,.9699
12576,5690,.0301
12577,5222,1.0000
12578,5222,1.0000
12579,5222,1.0000
12580,5222,1.0000
12581,5222,1.0000
12582,5222,1.0000
12583,5222,.6148
12583,5690,.3852
12584,5690,1.0000
12585,5690,1.0000
12586,5690,1.0000
12587,5690,1.0000
12588,5690,1.0000
12589,5690,1.0000
12590,5690,1.0000
12591,5690,1.0000
12592,5690,1.0000
12593,5690,1.0000
12594,5690,1.0000
12595,5690,1.0000
12596,5690,1.0000
12597,5690,1.0000
12598,5690,1.0000
12599,5690,1.0000
12600,5690,1.0000
12601,5690,1.0000
12602,5690,1.0000
12603,5690,1.0000
12604,5690,1.0000
12605,5690,1.0000
12606,5690,1.0000
12607,5690,1.0000
12608,5690,1.0000
12609,5690,1.0000
12610,5690,1.0000
12611,5690,1.0000
12612,5690,1.0000
12613,5690,1.0000
12614,5690,1.0000
12615,5690,1.0000
12616,5690,1.0000
12617,5690,1.0000
12618,5690,1.0000
12619,5690,1.0000
12620,5690,1.0000
12621,5690,1.0000
12622,5690,1.0000
12623,5690,1.0000
12624,5690,.9701
12624,5222,.0299
12625,5222,.6269
12625,5690,.3731
12626,5222,1.0000
12627,5222,1.0000
12628,5222,1.0000
12629,5222,1.0000
12630,5222,1.0000
12631,5222,1.0000
12632,5222,1.0000
12633,5222,1.0000
12634,5222,1.0000
12635,5222,1.0000
12636,5674,1.0000
12637,5674,1.0000
12638,5674,1.0000
12639,5674,1.0000
12640,5674,1.0000
12641,5674,1.0000
12642,5674,1.0000
12643,5674,1.0000
12644,5674,1.0000
12645,5674,1.0000
12646,5674,1.0000
12647,5674,1.0000
12648,5674,1.0000
12649,5674,1.0000
12650,5674,1.0000
12651,5674,1.0000
12652,5674,1.0000
12653,5674,1.0000
12654,5674,1.0000
12655,5674,1.0000
12656,5674,1.0000
12657,5674,1.0000
12658,5674,1.0000
12659,5674,1.0000
12660,5674,1.0000
12661,5674,1.0000
12662,5674,1.0000
12663,5674,1.0000
12664,5674,1.0000
12665,5674,1.0000
12666,5674,1.0000
12667,5674,1.0000
12668,5674,1.0000
12669,5674,1.0000
12670,5674,1.0000
12671,5674,1.0000
12672,5674,1.0000
12673,5674,1.0000
12674,5674,1.0000
12675,5674,1.0000
12676,5674,1.0000
12677,5674,.5804
12677,5690,.4196
12678,5690,1.0000
12679,5690,1.0000
12680,5690,1.0000
12681,5690,1.0000
12682,5690,1.0000
12683,5690,1.0000
12684,5690,1.0000
12685,5690,1.0000
12686,5690,1.0000
12687,5690,1.0000
12688,5690,1.0000
12689,5690,1.0000
12690,5690,1.0000
12691,5690,1.0000
12692,5690,1.0000
12693,5690,1.0000
12694,5690,1.0000
12695,5690,1.0000
12696,5690,1.0000
12697,5690,1.0000
12698,5690,1.0000
12699,5690,1.0000
12700,5690,1.0000
12701,5690,1.0000
12702,5690,1.0000
12703,5690,1.0000
12704,5690,1.0000
12705,5690,1.0000
12706,5690,1.0000
12707,5690,1.0000
12708,5690,1.0000
12709,5690,.8258
12709,5222,.1742
12710,5222,.5891
12710,5690,.4109
12711,5222,.9706
12711,5690,.0294
12712,5222,1.0000
12713,5222,1.0000
12714,5222,1.0000
12715,5222,.9928
12715,5690,.0072
12716,5222,.2701
12716,5690,.7299
12717,5690,1.0000
12718,5690,1.0000
12719,5690,1.0000
12720,5690,1.0000
12721,5690,1.0000
12722,5690,1.0000
12723,5690,1.0000
12724,5690,1.0000
12725,5690,1.0000
12726,5690,1.0000
12727,5690,1.0000
12728,5690,1.0000
12729,5690,1.0000
12730,5690,1.0000
12731,5690,1.0000
12732,5690,1.0000
12733,5690,1.0000
12734,5690,1.0000
12735,5690,1.0000
12736,5690,1.0000
12737,5690,1.0000
12738,5690,1.0000
12739,5690,1.0000
12740,5690,1.0000
12741,5690,1.0000
12742,5690,1.0000
12743,5690,1.0000
12744,5690,1.0000
12745,5690,1.0000
12746,5690,1.0000
12747,5690,1.0000
12748,5690,1.0000
12749,5690,1.0000
12750,5690,1.0000
12751,5690,1.0000
12752,5690,1.0000
12753,5690,1.0000
12754,5690,1.0000
12755,5690,1.0000
12756,5690,1.0000
12757,5690,1.0000
12758,5690,.9926
12758,5222,.0074
12759,5222,.5038
12759,5690,.4962
12760,5222,.9773
12760,5690,.0227
12761,5222,1.0000
12762,5222,1.0000
12763,5222,1.0000
12764,5222,1.0000
12765,5222,1.0000
12766,5222,1.0000
12767,5222,1.0000
12768,5222,1.0000
12769,5674,1.0000
12770,5674,1.0000
12771,5674,1.0000
12772,5674,1.0000
12773,5674,1.0000
12774,5674,1.0000
12775,5674,1.0000
12776,5674,1.0000
12777,5674,1.0000
12778,5674,1.0000
12779,5674,1.0000
12780,5674,1.0000
12781,5674,1.0000
12782,5674,1.0000
12783,5674,1.0000
12784,5674,1.0000
12785,5674,1.0000
12786,5674,1.0000
12787,5674,1.0000
12788,5674,1.0000
12789,5674,1.0000
12790,5674,1.0000
12791,5674,1.0000
12792,5674,1.0000
12793,5674,1.0000
12794,5674,1.0000
12795,5674,1.0000
12796,5674,1.0000
12797,5674,1.0000
12798,5674,1.0000
12799,5674,1.0000
12800,5674,1.0000
12801,5674,1.0000
12802,5674,1.0000
12803,5674,1.0000
12804,5674,1.0000
12805,5674,1.0000
12806,5674,1.0000
12807,5674,1.0000
12808,5674,1.0000
12809,5674,1.0000
12810,5674,.9692
12810,5690,.0308
12811,5690,.4750
12811,5674,.5250
12812,5690,.7000
12812,5674,.3000
12813,5690,.7000
12813,5674,.3000
12814,5690,.7615
12814,5674,.2385
12815,5690,.9917
12815,5674,.0083
12816,5690,1.0000
12817,5690,1.0000
12818,5690,1.0000
12819,5690,1.0000
12820,5690,1.0000
12821,5690,1.0000
12822,5690,1.0000
12823,5690,1.0000
12824,5690,1.0000
12825,5690,1.0000
12826,5690,1.0000
12827,5690,1.0000
12828,5690,1.0000
12829,5690,1.0000
12830,5690,1.0000
12831,5690,1.0000
12832,5690,1.0000
12833,5690,1.0000
12834,5690,1.0000
12835,5690,1.0000
12836,5690,1.0000
12837,5690,1.0000
12838,5690,1.0000
12839,5690,1.0000
12840,5690,1.0000
12841,5690,1.0000
12842,5690,1.0000
12843,5690,1.0000
12844,5690,.8636
12844,5222,.1364
12845,5222,.5000
12845,5690,.5000
12846,5222,.8359
12846,5690,.1641
12847,5222,.9928
12847,5690,.0072
12848,5222,.5597
12848,5690,.4403
12849,5690,1.0000
12850,5690,1.0000
12851,5690,1.0000
12852,5690,1.0000
12853,5690,1.0000
12854,5690,1.0000
12855,5690,1.0000
12856,5690,1.0000
12857,5690,1.0000
12858,5690,1.0000
12859,5690,1.0000
12860,5690,1.0000
12861,5690,1.0000
12862,5690,1.0000
12863,5690,1.0000
12864,5690,1.0000
12865,5690,1.0000
12866,5690,1.0000
12867,5690,1.0000
12868,5690,1.0000
12869,5690,1.0000
12870,5690,1.0000
12871,5690,1.0000
12872,5690,1.0000
12873,5690,1.0000
12874,5690,1.0000
12875,5690,1.0000
12876,5690,1.0000
12877,5690,1.0000
12878,5690,1.0000
12879,5690,1.0000
12880,5690,1.0000
12881,5690,1.0000
12882,5690,1.0000
12883,5690,1.0000
12884,5690,1.0000
12885,5690,1.0000
12886,5690,1.0000
12887,5690,1.0000
12888,5690,1.0000
12889,5690,1.0000
12890,5690,1.0000
12891,5690,1.0000
12892,5690,1.0000
12893,5222,.2782
12893,5690,.7218
12894,5222,.8045
12894,5690,.1955
12895,5222,1.0000
12896,5222,1.0000
12897,5222,1.0000
12898,5222,1.0000
12899,5222,1.0000
12900,5222,1.0000
12901,5222,1.0000
12902,5674,1.0000
12903,5674,1.0000
12904,5674,1.0000
12905,5674,1.0000
12906,5674,1.0000
12907,5674,1.0000
12908,5674,1.0000
12909,5674,1.0000
12910,5674,1.0000
12911,5674,1.0000
12912,5674,1.0000
12913,5674,1.0000
12914,5674,1.0000
12915,5674,1.0000
12916,5674,1.0000
12917,5674,1.0000
12918,5674,1.0000
12919,5674,1.0000
12920,5674,1.0000
12921,5674,1.0000
12922,5674,1.0000
12923,5674,1.0000
12924,5674,1.0000
12925,5674,1.0000
12926,5674,1.0000
12927,5674,1.0000
12928,5674,1.0000
12929,5674,1.0000
12930,5674,1.0000
12931,5674,1.0000
12932,5674,1.0000
12933,5674,1.0000
12934,5674,1.0000
12935,5674,1.0000
12936,5674,1.0000
12937,5674,1.0000
12938,5674,1.0000
12939,5674,1.0000
12940,5674,1.0000
12941,5674,1.0000
12942,5674,1.0000
12943,5674,1.0000
12944,5674,1.0000
12945,5674,1.0000
12946,5674,1.0000
12947,5674,1.0000
12948,5674,.2955
12948,5690,.7045
12949,5690,1.0000
12950,5690,1.0000
12951,5690,1.0000
12952,5690,1.0000
12953,5690,1.0000
12954,5690,1.0000
12955,5690,1.0000
12956,5690,1.0000
12957,5690,1.0000
12958,5690,1.0000
12959,5690,1.0000
12960,5690,1.0000
12961,5690,1.0000
12962,5690,1.0000
12963,5690,1.0000
12964,5690,1.0000
12965,5690,1.0000
12966,5690,1.0000
12967,5690,1.0000
12968,5690,1.0000
12969,5690,1.0000
12970,5690,1.0000
12971,5690,1.0000
12972,5690,1.0000
12973,5690,1.0000
12974,5690,1.0000
12975,5690,1.0000
12976,5690,1.0000
12977,5690,1.0000
12978,5690,1.0000
12979,5690,.9776
12979,5222,.0224
12980,5222,.1212
12980,5690,.8788
12981,5690,1.0000
12982,5690,1.0000
12983,5690,1.0000
12984,5690,1.0000
12985,5690,1.0000
12986,5690,1.0000
12987,5690,1.0000
12988,5690,1.0000
12989,5690,1.0000
12990,5690,1.0000
12991,5690,1.0000
12992,5690,1.0000
12993,5690,1.0000
12994,5690,1.0000
12995,5690,1.0000
12996,5690,1.0000
12997,5690,1.0000
12998,5690,1.0000
12999,5690,1.0000
13000,5690,1.0000
13001,5690,1.0000
13002,5690,1.0000
13003,5690,1.0000
13004,5690,1.0000
13005,5690,1.0000
13006,5690,1.0000
13007,5690,1.0000
13008,5690,1.0000
13009,5690,1.0000
13010,5690,1.0000
13011,5690,1.0000
13012,5690,1.0000
13013,5690,1.0000
13014,5690,1.0000
13015,5690,1.0000
13016,5690,1.0000
13017,5690,1.0000
13018,5690,1.0000
13019,5690,1.0000
13020,5690,1.0000
13021,5690,1.0000
13022,5690,1.0000
13023,5690,1.0000
13024,5690,1.0000
13025,5690,1.0000
13026,5690,1.0000
13027,5690,.9624
13027,5222,.0376
13028,5222,.4586
13028,5690,.5414
13029,5222,.9701
13029,5690,.0299
13030,5222,1.0000
13031,5222,1.0000
13032,5222,1.0000
13033,5222,1.0000
13034,5222,1.0000
13035,5674,1.0000
13036,5674,1.0000
13037,5674,1.0000
13038,5674,1.0000
13039,5674,1.0000
13040,5674,1.0000
13041,5674,1.0000
13042,5674,1.0000
13043,5674,1.0000
13044,5674,1.0000
13045,5674,1.0000
13046,5674,1.0000
13047,5674,1.0000
13048,5674,1.0000
13049,5674,1.0000
13050,5674,1.0000
13051,5674,1.0000
13052,5674,1.0000
13053,5674,1.0000
13054,5674,1.0000
13055,5674,1.0000
13056,5674,1.0000
13057,5674,1.0000
13058,5674,1.0000
13059,5674,1.0000
13060,5674,1.0000
13061,5674,1.0000
13062,5674,1.0000
13063,5674,1.0000
13064,5674,1.0000
13065,5674,1.0000
13066,5674,1.0000
13067,5674,1.0000
13068,5674,1.0000
13069,5674,1.0000
13070,5674,1.0000
13071,5674,1.0000
13072,5674,1.0000
13073,5674,1.0000
13074,5674,1.0000
13075,5674,1.0000
13076,5674,1.0000
13077,5674,1.0000
13078,5674,1.0000
13079,5674,1.0000
13080,5674,.8811
13080,5690,.1189
13081,5674,.1591
13081,5690,.8409
13082,5690,1.0000
13083,5690,1.0000
13084,5690,1.0000
13085,5690,1.0000
13086,5690,1.0000
13087,5690,1.0000
13088,5690,1.0000
13089,5690,1.0000
13090,5690,1.0000
13091,5690,1.0000
13092,5690,1.0000
13093,5690,1.0000
13094,5690,1.0000
13095,5690,1.0000
13096,5690,1.0000
13097,5690,1.0000
13098,5690,1.0000
13099,5690,1.0000
13100,5690,1.0000
13101,5690,1.0000
13102,5690,1.0000
13103,5690,1.0000
13104,5690,1.0000
13105,5690,1.0000
13106,5690,1.0000
13107,5690,1.0000
13108,5690,1.0000
13109,5690,1.0000
13110,5690,1.0000
13111,5690,1.0000
13112,5690,1.0000
13113,5690,1.0000
13114,5690,1.0000
13115,5690,1.0000
13116,5690,1.0000
13117,5690,1.0000
13118,5690,1.0000
13119,5690,1.0000
13120,5690,1.0000
13121,5690,1.0000
13122,5690,1.0000
13123,5690,1.0000
13124,5690,1.0000
13125,5690,1.0000
13126,5690,1.0000
13127,5690,1.0000
13128,5690,1.0000
13129,5690,1.0000
13130,5690,1.0000
13131,5690,1.0000
13132,5690,1.0000
13133,5690,1.0000
13134,5690,1.0000
13135,5690,1.0000
13136,5690,1.0000
13137,5690,1.0000
13138,5690,1.0000
13139,5690,1.0000
13140,5690,1.0000
13141,5690,1.0000
13142,5690,1.0000
13143,5690,1.0000
13144,5690,1.0000
13145,5690,1.0000
13146,5690,1.0000
13147,5690,1.0000
13148,5690,1.0000
13149,5690,1.0000
13150,5690,1.0000
13151,5690,1.0000
13152,5690,1.0000
13153,5690,1.0000
13154,5690,1.0000
13155,5690,1.0000
13156,5690,1.0000
13157,5690,1.0000
13158,5690,1.0000
13159,5690,1.0000
13160,5690,1.0000
13161,5690,1.0000
13162,5222,.4254
13162,5690,.5746
13163,5222,1.0000
13164,5222,1.0000
13165,5222,1.0000
13166,5222,1.0000
13167,5222,1.0000
13168,5674,1.0000
13169,5674,1.0000
13170,5674,1.0000
13171,5674,1.0000
13172,5674,1.0000
13173,5674,1.0000
13174,5674,1.0000
13175,5674,1.0000
13176,5674,1.0000
13177,5674,1.0000
13178,5674,1.0000
13179,5674,1.0000
13180,5674,1.0000
13181,5674,1.0000
13182,5674,1.0000
13183,5674,1.0000
13184,5674,1.0000
13185,5674,1.0000
13186,5674,1.0000
13187,5674,1.0000
13188,5674,1.0000
13189,5674,1.0000
13190,5674,1.0000
13191,5674,1.0000
13192,5674,1.0000
13193,5674,1.0000
13194,5674,1.0000
13195,5674,1.0000
13196,5674,1.0000
13197,5674,1.0000
13198,5674,1.0000
13199,5674,1.0000
13200,5674,1.0000
13201,5674,1.0000
13202,5674,1.0000
13203,5674,1.0000
13204,5674,1.0000
13205,5674,1.0000
13206,5674,1.0000
13207,5674,1.0000
13208,5674,1.0000
13209,5674,1.0000
13210,5674,1.0000
13211,5674,1.0000
13212,5674,.5455
13212,5690,.4545
13213,5674,.0839
13213,5690,.9161
13214,5690,1.0000
13215,5690,1.0000
13216,5690,1.0000
13217,5690,1.0000
13218,5690,1.0000
13219,5690,1.0000
13220,5690,1.0000
13221,5690,1.0000
13222,5690,1.0000
13223,5690,1.0000
13224,5690,1.0000
13225,5690,1.0000
13226,5690,1.0000
13227,5690,1.0000
13228,5690,1.0000
13229,5690,1.0000
13230,5690,1.0000
13231,5690,1.0000
13232,5690,1.0000
13233,5690,1.0000
13234,5690,1.0000
13235,5690,1.0000
13236,5690,1.0000
13237,5690,1.0000
13238,5690,1.0000
13239,5690,1.0000
13240,5690,1.0000
13241,5690,1.0000
13242,5690,1.0000
13243,5690,1.0000
13244,5690,1.0000
13245,5690,1.0000
13246,5690,1.0000
13247,5690,1.0000
13248,5690,1.0000
13249,5690,1.0000
13250,5690,1.0000
13251,5690,1.0000
13252,5690,1.0000
13253,5690,1.0000
13254,5690,1.0000
13255,5690,1.0000
13256,5690,1.0000
13257,5690,1.0000
13258,5690,1.0000
13259,5690,1.0000
13260,5690,1.0000
13261,5690,1.0000
13262,5690,1.0000
13263,5690,1.0000
13264,5690,1.0000
13265,5690,1.0000
13266,5690,1.0000
13267,5690,1.0000
13268,5690,1.0000
13269,5690,1.0000
13270,5690,1.0000
13271,5690,1.0000
13272,5690,1.0000
13273,5690,1.0000
13274,5690,1.0000
13275,5690,1.0000
13276,5690,1.0000
13277,5690,1.0000
13278,5690,1.0000
13279,5690,1.0000
13280,5690,1.0000
13281,5690,1.0000
13282,5690,1.0000
13283,5690,1.0000
13284,5690,1.0000
13285,5690,1.0000
13286,5690,1.0000
13287,5690,1.0000
13288,5690,1.0000
13289,5690,1.0000
13290,5690,1.0000
13291,5690,1.0000
13292,5690,1.0000
13293,5690,1.0000
13294,5690,1.0000
13295,5690,.9925
13295,5222,.0075
13296,5222,.6617
13296,5690,.3383
13297,5222,1.0000
13298,5222,1.0000
13299,5222,1.0000
13300,5222,1.0000
13301,5674,1.0000
13302,5674,1.0000
13303,5674,1.0000
13304,5674,1.0000
13305,5674,1.0000
13306,5674,1.0000
13307,5674,1.0000
13308,5674,1.0000
13309,5674,1.0000
13310,5674,1.0000
13311,5674,1.0000
13312,5674,1.0000
13313,5674,1.0000
13314,5674,1.0000
13315,5674,1.0000
13316,5674,1.0000
13317,5674,1.0000
13318,5674,1.0000
13319,5674,1.0000
13320,5674,1.0000
13321,5674,1.0000
13322,5674,1.0000
13323,5674,1.0000
13324,5674,1.0000
13325,5674,1.0000
13326,5674,1.0000
13327,5674,1.0000
13328,5674,1.0000
13329,5674,1.0000
13330,5674,1.0000
13331,5674,1.0000
13332,5674,1.0000
13333,5674,1.0000
13334,5674,1.0000
13335,5674,1.0000
13336,5674,1.0000
13337,5674,1.0000
13338,5674,1.0000
13339,5674,1.0000
13340,5674,1.0000
13341,5674,1.0000
13342,5674,1.0000
13343,5674,1.0000
13344,5674,1.0000
13345,5674,.2197
13345,5690,.7803
13346,5690,1.0000
13347,5690,1.0000
13348,5690,1.0000
13349,5690,1.0000
13350,5690,1.0000
13351,5690,1.0000
13352,5690,1.0000
13353,5690,1.0000
13354,5690,1.0000
13355,5690,1.0000
13356,5690,1.0000
13357,5690,1.0000
13358,5690,1.0000
13359,5690,1.0000
13360,5690,1.0000
13361,5690,1.0000
13362,5690,1.0000
13363,5690,1.0000
13364,5690,1.0000
13365,5690,1.0000
13366,5690,1.0000
13367,5690,1.0000
13368,5690,1.0000
13369,5690,1.0000
13370,5690,1.0000
13371,5690,1.0000
13372,5690,1.0000
13373,5690,1.0000
13374,5690,1.0000
13375,5690,1.0000
13376,5690,1.0000
13377,5690,1.0000
13378,5690,1.0000
13379,5690,1.0000
13380,5690,1.0000
13381,5690,1.0000
13382,5690,1.0000
13383,5690,1.0000
13384,5690,1.0000
13385,5690,1.0000
13386,5690,1.0000
13387,5690,1.0000
13388,5690,1.0000
13389,5690,1.0000
13390,5690,1.0000
13391,5690,1.0000
13392,5690,1.0000
13393,5690,1.0000
13394,5690,1.0000
13395,5690,1.0000
13396,5690,1.0000
13397,5690,1.0000
13398,5690,1.0000
13399,5690,1.0000
13400,5690,1.0000
13401,5690,1.0000
13402,5690,1.0000
13403,5690,1.0000
13404,5690,1.0000
13405,5690,1.0000
13406,5690,1.0000
13407,5690,1.0000
13408,5690,1.0000
13409,5690,1.0000
13410,5690,1.0000
13411,5690,1.0000
13412,5690,1.0000
13413,5690,1.0000
13414,5690,1.0000
13415,5690,1.0000
13416,5690,1.0000
13417,5690,1.0000
13418,5690,1.0000
13419,5690,1.0000
13420,5690,1.0000
13421,5690,1.0000
13422,5690,1.0000
13423,5690,1.0000
13424,5690,1.0000
13425,5690,1.0000
13426,5690,1.0000
13427,5690,1.0000
13428,5690,1.0000
13429,5222,.2090
13429,5690,.7910
13430,5222,.9850
13430,5690,.0150
13431,5222,1.0000
13432,5222,1.0000
13433,5222,1.0000
13434,5674,.5970
13434,5692,.4030
13435,5674,1.0000
13436,5674,1.0000
13437,5674,1.0000
13438,5674,1.0000
13439,5674,1.0000
13440,5674,1.0000
13441,5674,1.0000
13442,5674,1.0000
13443,5674,1.0000
13444,5674,1.0000
13445,5674,1.0000
13446,5674,1.0000
13447,5674,1.0000
13448,5674,1.0000
13449,5674,1.0000
13450,5674,1.0000
13451,5674,1.0000
13452,5674,1.0000
13453,5674,1.0000
13454,5674,1.0000
13455,5674,1.0000
13456,5674,1.0000
13457,5674,1.0000
13458,5674,1.0000
13459,5674,1.0000
13460,5674,1.0000
13461,5674,1.0000
13462,5674,1.0000
13463,5674,1.0000
13464,5674,1.0000
13465,5674,1.0000
13466,5674,1.0000
13467,5674,1.0000
13468,5674,1.0000
13469,5674,1.0000
13470,5674,1.0000
13471,5674,1.0000
13472,5674,1.0000
13473,5674,1.0000
13474,5674,1.0000
13475,5674,1.0000
13476,5674,1.0000
13477,5674,.9333
13477,5690,.0667
13478,5674,.0917
13478,5690,.9083
13479,5690,1.0000
13480,5690,1.0000
13481,5690,1.0000
13482,5690,1.0000
13483,5690,1.0000
13484,5690,1.0000
13485,5690,1.0000
13486,5690,1.0000
13487,5690,1.0000
13488,5690,1.0000
13489,5690,1.0000
13490,5690,1.0000
13491,5690,1.0000
13492,5690,1.0000
13493,5690,1.0000
13494,5690,1.0000
13495,5690,1.0000
13496,5690,1.0000
13497,5690,1.0000
13498,5690,1.0000
13499,5690,1.0000
13500,5690,1.0000
13501,5690,1.0000
13502,5690,1.0000
13503,5690,1.0000
13504,5690,1.0000
13505,5690,1.0000
13506,5690,1.0000
13507,5690,1.0000
13508,5690,1.0000
13509,5690,1.0000
13510,5690,1.0000
13511,5690,1.0000
13512,5690,1.0000
13513,5690,1.0000
13514,5690,1.0000
13515,5690,1.0000
13516,5690,1.0000
13517,5690,1.0000
13518,5690,1.0000
13519,5690,1.0000
13520,5690,1.0000
13521,5690,1.0000
13522,5690,1.0000
13523,5690,1.0000
13524,5690,1.0000
13525,5690,1.0000
13526,5690,1.0000
13527,5690,1.0000
13528,5690,1.0000
13529,5690,1.0000
13530,5690,1.0000
13531,5690,1.0000
13532,5690,1.0000
13533,5690,1.0000
13534,5690,1.0000
13535,5690,1.0000
13536,5690,1.0000
13537,5690,1.0000
13538,5690,1.0000
13539,5690,1.0000
13540,5690,1.0000
13541,5690,1.0000
13542,5690,1.0000
13543,5690,1.0000
13544,5690,1.0000
13545,5690,1.0000
13546,5690,1.0000
13547,5690,1.0000
13548,5690,1.0000
13549,5690,1.0000
13550,5690,1.0000
13551,5690,1.0000
13552,5690,1.0000
13553,5690,1.0000
13554,5690,1.0000
13555,5690,1.0000
13556,5690,1.0000
13557,5690,1.0000
13558,5690,1.0000
13559,5690,1.0000
13560,5690,1.0000
13561,5690,1.0000
13562,5690,1.0000
13563,5222,.7368
13563,5690,.2632
13564,5222,1.0000
13565,5222,1.0000
13566,5222,1.0000
13567,5692,.9618
13567,5674,.0382
13568,5674,.9167
13568,5692,.0833
13569,5674,1.0000
13570,5674,1.0000
13571,5674,1.0000
13572,5674,1.0000
13573,5674,1.0000
13574,5674,1.0000
13575,5674,1.0000
13576,5674,1.0000
13577,5674,1.0000
13578,5674,1.0000
13579,5674,1.0000
13580,5674,1.0000
13581,5674,1.0000
13582,5674,1.0000
13583,5674,1.0000
13584,5674,1.0000
13585,5674,1.0000
13586,5674,1.0000
13587,5674,1.0000
13588,5674,1.0000
13589,5674,1.0000
13590,5674,1.0000
13591,5674,1.0000
13592,5674,1.0000
13593,5674,1.0000
13594,5674,1.0000
13595,5674,1.0000
13596,5674,1.0000
13597,5674,1.0000
13598,5674,1.0000
13599,5674,1.0000
13600,5674,1.0000
13601,5674,1.0000
13602,5674,1.0000
13603,5674,1.0000
13604,5674,1.0000
13605,5674,1.0000
13606,5674,1.0000
13607,5674,.7121
13607,5690,.2879
13608,5674,.2028
13608,5690,.7972
13609,5674,.3636
13609,5690,.6364
13610,5674,.2273
13610,5690,.7727
13611,5690,1.0000
13612,5690,1.0000
13613,5690,1.0000
13614,5690,1.0000
13615,5690,1.0000
13616,5690,1.0000
13617,5690,1.0000
13618,5690,1.0000
13619,5690,1.0000
13620,5690,1.0000
13621,5690,1.0000
13622,5690,1.0000
13623,5690,1.0000
13624,5690,1.0000
13625,5690,1.0000
13626,5690,1.0000
13627,5690,1.0000
13628,5690,1.0000
13629,5690,1.0000
13630,5690,1.0000
13631,5690,1.0000
13632,5690,1.0000
13633,5690,1.0000
13634,5690,1.0000
13635,5690,1.0000
13636,5690,1.0000
13637,5690,1.0000
13638,5690,1.0000
13639,5690,1.0000
13640,5690,1.0000
13641,5690,1.0000
13642,5690,1.0000
13643,5690,1.0000
13644,5690,1.0000
13645,5690,1.0000
13646,5690,1.0000
13647,5690,1.0000
13648,5690,1.0000
13649,5690,1.0000
13650,5690,1.0000
13651,5690,1.0000
13652,5690,1.0000
13653,5690,1.0000
13654,5690,1.0000
13655,5690,1.0000
13656,5690,1.0000
13657,5690,1.0000
13658,5690,1.0000
13659,5690,1.0000
13660,5690,1.0000
13661,5690,1.0000
13662,5690,1.0000
13663,5690,1.0000
13664,5690,1.0000
13665,5690,1.0000
13666,5690,1.0000
13667,5690,1.0000
13668,5690,1.0000
13669,5690,1.0000
13670,5690,1.0000
13671,5690,1.0000
13672,5690,1.0000
13673,5690,1.0000
13674,5690,1.0000
13675,5690,1.0000
13676,5690,1.0000
13677,5690,1.0000
13678,5690,1.0000
13679,5690,1.0000
13680,5690,1.0000
13681,5690,1.0000
13682,5690,1.0000
13683,5690,1.0000
13684,5690,1.0000
13685,5690,1.0000
13686,5690,1.0000
13687,5690,1.0000
13688,5690,1.0000
13689,5690,1.0000
13690,5690,1.0000
13691,5690,1.0000
13692,5690,1.0000
13693,5690,1.0000
13694,5690,1.0000
13695,5690,1.0000
13696,5690,.9701
13696,5222,.0299
13697,5222,.7259
13697,5690,.2741
13698,5222,1.0000
13699,5222,1.0000
13700,5692,1.0000
13701,5692,.6984
13701,5674,.3016
13702,5674,.9624
13702,5692,.0376
13703,5674,1.0000
13704,5674,1.0000
13705,5674,1.0000
13706,5674,1.0000
13707,5674,1.0000
13708,5674,1.0000
13709,5674,1.0000
13710,5674,1.0000
13711,5674,1.0000
13712,5674,1.0000
13713,5674,1.0000
13714,5674,1.0000
13715,5674,1.0000
13716,5674,1.0000
13717,5674,1.0000
13718,5674,1.0000
13719,5674,1.0000
13720,5674,1.0000
13721,5674,1.0000
13722,5674,1.0000
13723,5674,1.0000
13724,5674,1.0000
13725,5674,1.0000
13726,5674,1.0000
13727,5674,1.0000
13728,5674,1.0000
13729,5674,1.0000
13730,5674,1.0000
13731,5674,1.0000
13732,5674,1.0000
13733,5674,1.0000
13734,5674,1.0000
13735,5674,1.0000
13736,5674,1.0000
13737,5674,1.0000
13738,5674,1.0000
13739,5674,.9545
13739,5690,.0455
13740,5674,.1439
13740,5690,.8561
13741,5690,1.0000
13742,5690,1.0000
13743,5690,1.0000
13744,5690,1.0000
13745,5690,1.0000
13746,5690,1.0000
13747,5690,1.0000
13748,5690,1.0000
13749,5690,1.0000
13750,5690,1.0000
13751,5690,1.0000
13752,5690,1.0000
13753,5690,1.0000
13754,5690,1.0000
13755,5690,1.0000
13756,5690,1.0000
13757,5690,1.0000
13758,5690,1.0000
13759,5690,1.0000
13760,5690,1.0000
13761,5690,1.0000
13762,5690,1.0000
13763,5690,1.0000
13764,5690,1.0000
13765,5690,1.0000
13766,5690,1.0000
13767,5690,1.0000
13768,5690,1.0000
13769,5690,1.0000
13770,5690,1.0000
13771,5690,1.0000
13772,5690,1.0000
13773,5690,1.0000
13774,5690,1.0000
13775,5690,1.0000
13776,5690,1.0000
13777,5690,1.0000
13778,5690,1.0000
13779,5690,1.0000
13780,5690,1.0000
13781,5690,1.0000
13782,5690,1.0000
13783,5690,1.0000
13784,5690,1.0000
13785,5690,1.0000
13786,5690,1.0000
13787,5690,1.0000
13788,5690,1.0000
13789,5690,1.0000
13790,5690,1.0000
13791,5690,1.0000
13792,5690,1.0000
13793,5690,1.0000
13794,5690,1.0000
13795,5690,1.0000
13796,5690,1.0000
13797,5690,1.0000
13798,5690,1.0000
13799,5690,1.0000
13800,5690,1.0000
13801,5690,1.0000
13802,5690,1.0000
13803,5690,1.0000
13804,5690,1.0000
13805,5690,1.0000
13806,5690,1.0000
13807,5690,1.0000
13808,5690,1.0000
13809,5690,1.0000
13810,5690,1.0000
13811,5690,1.0000
13812,5690,1.0000
13813,5690,1.0000
13814,5690,1.0000
13815,5690,1.0000
13816,5690,1.0000
13817,5690,1.0000
13818,5690,1.0000
13819,5690,1.0000
13820,5690,1.0000
13821,5690,1.0000
13822,5690,1.0000
13823,5690,1.0000
13824,5690,1.0000
13825,5690,1.0000
13826,5690,1.0000
13827,5690,1.0000
13828,5690,1.0000
13829,5690,1.0000
13830,5690,.4361
13830,5222,.5639
13831,5222,1.0000
13832,5222,1.0000
13833,5692,1.0000
13834,5692,1.0000
13835,5692,.6308
13835,5674,.3692
13836,5674,.8864
13836,5692,.1136
13837,5674,1.0000
13838,5674,1.0000
13839,5674,1.0000
13840,5674,1.0000
13841,5674,1.0000
13842,5674,1.0000
13843,5674,1.0000
13844,5674,1.0000
13845,5674,1.0000
13846,5674,1.0000
13847,5674,1.0000
13848,5674,1.0000
13849,5674,1.0000
13850,5674,1.0000
13851,5674,1.0000
13852,5674,1.0000
13853,5674,1.0000
13854,5674,1.0000
13855,5674,1.0000
13856,5674,1.0000
13857,5674,1.0000
13858,5674,1.0000
13859,5674,1.0000
13860,5674,1.0000
13861,5674,1.0000
13862,5674,1.0000
13863,5674,1.0000
13864,5674,1.0000
13865,5674,1.0000
13866,5674,1.0000
13867,5674,1.0000
13868,5674,1.0000
13869,5674,1.0000
13870,5674,1.0000
13871,5674,1.0000
13872,5674,.6364
13872,5690,.3636
13873,5690,1.0000
13874,5690,1.0000
13875,5690,1.0000
13876,5690,1.0000
13877,5690,1.0000
13878,5690,1.0000
13879,5690,1.0000
13880,5690,1.0000
13881,5690,1.0000
13882,5690,1.0000
13883,5690,1.0000
13884,5690,1.0000
13885,5690,1.0000
13886,5690,1.0000
13887,5690,1.0000
13888,5690,1.0000
13889,5690,1.0000
13890,5690,1.0000
13891,5690,1.0000
13892,5690,1.0000
13893,5690,1.0000
13894,5690,1.0000
13895,5690,1.0000
13896,5690,1.0000
13897,5690,1.0000
13898,5690,1.0000
13899,5690,1.0000
13900,5690,1.0000
13901,5690,1.0000
13902,5690,1.0000
13903,5690,1.0000
13904,5690,1.0000
13905,5690,1.0000
13906,5690,1.0000
13907,5690,1.0000
13908,5690,1.0000
13909,5690,1.0000
13910,5690,1.0000
13911,5690,1.0000
13912,5690,1.0000
13913,5690,1.0000
13914,5690,1.0000
13915,5690,1.0000
13916,5690,1.0000
13917,5690,1.0000
13918,5690,1.0000
13919,5690,1.0000
13920,5690,1.0000
13921,5690,1.0000
13922,5690,1.0000
13923,5690,1.0000
13924,5690,1.0000
13925,5690,1.0000
13926,5690,1.0000
13927,5690,1.0000
13928,5690,1.0000
13929,5690,1.0000
13930,5690,1.0000
13931,5690,1.0000
13932,5690,1.0000
13933,5690,1.0000
13934,5690,1.0000
13935,5690,1.0000
13936,5690,1.0000
13937,5690,1.0000
13938,5690,1.0000
13939,5690,1.0000
13940,5690,1.0000
13941,5690,1.0000
13942,5690,1.0000
13943,5690,1.0000
13944,5690,1.0000
13945,5690,1.0000
13946,5690,1.0000
13947,5690,1.0000
13948,5690,1.0000
13949,5690,1.0000
13950,5690,1.0000
13951,5690,1.0000
13952,5690,1.0000
13953,5690,1.0000
13954,5690,1.0000
13955,5690,1.0000
13956,5690,1.0000
13957,5690,1.0000
13958,5690,1.0000
13959,5690,1.0000
13960,5690,1.0000
13961,5690,1.0000
13962,5690,1.0000
13963,5690,.3650
13963,5222,.6350
13964,5222,1.0000
13965,5222,1.0000
13966,5692,1.0000
13967,5692,1.0000
13968,5692,1.0000
13969,5692,.9701
13969,5674,.0299
13970,5674,.4621
13970,5692,.5379
13971,5674,.9925
13971,5692,.0075
13972,5674,1.0000
13973,5674,1.0000
13974,5674,1.0000
13975,5674,1.0000
13976,5674,1.0000
13977,5674,1.0000
13978,5674,1.0000
13979,5674,1.0000
13980,5674,1.0000
13981,5674,1.0000
13982,5674,1.0000
13983,5674,1.0000
13984,5674,1.0000
13985,5674,1.0000
13986,5674,1.0000
13987,5674,1.0000
13988,5674,1.0000
13989,5674,1.0000
13990,5674,1.0000
13991,5674,1.0000
13992,5674,1.0000
13993,5674,1.0000
13994,5674,1.0000
13995,5674,1.0000
13996,5674,1.0000
13997,5674,1.0000
13998,5674,1.0000
13999,5674,1.0000
14000,5674,1.0000
14001,5674,1.0000
14002,5674,1.0000
14003,5674,1.0000
14004,5674,1.0000
14005,5674,.2791
14005,5690,.7209
14006,5690,1.0000
14007,5690,1.0000
14008,5690,1.0000
14009,5690,1.0000
14010,5690,1.0000
14011,5690,1.0000
14012,5690,1.0000
14013,5690,1.0000
14014,5690,1.0000
14015,5690,1.0000
14016,5690,1.0000
14017,5690,1.0000
14018,5690,1.0000
14019,5690,1.0000
14020,5690,1.0000
14021,5690,1.0000
14022,5690,1.0000
14023,5690,1.0000
14024,5690,1.0000
14025,5690,1.0000
14026,5690,1.0000
14027,5690,1.0000
14028,5690,1.0000
14029,5690,1.0000
14030,5690,1.0000
14031,5690,1.0000
14032,5690,1.0000
14033,5690,1.0000
14034,5690,1.0000
14035,5690,1.0000
14036,5690,1.0000
14037,5690,1.0000
14038,5690,1.0000
14039,5690,1.0000
14040,5690,1.0000
14041,5690,1.0000
14042,5690,1.0000
14043,5690,1.0000
14044,5690,1.0000
14045,5690,1.0000
14046,5690,1.0000
14047,5690,1.0000
14048,5690,1.0000
14049,5690,1.0000
14050,5690,1.0000
14051,5690,1.0000
14052,5690,1.0000
14053,5690,1.0000
14054,5690,1.0000
14055,5690,1.0000
14056,5690,1.0000
14057,5690,1.0000
14058,5690,1.0000
14059,5690,1.0000
14060,5690,1.0000
14061,5690,1.0000
14062,5690,1.0000
14063,5690,1.0000
14064,5690,1.0000
14065,5690,1.0000
14066,5690,1.0000
14067,5690,1.0000
14068,5690,1.0000
14069,5690,1.0000
14070,5690,1.0000
14071,5690,1.0000
14072,5690,1.0000
14073,5690,1.0000
14074,5690,1.0000
14075,5690,1.0000
14076,5690,1.0000
14077,5690,1.0000
14078,5690,1.0000
14079,5690,1.0000
14080,5690,1.0000
14081,5690,1.0000
14082,5690,1.0000
14083,5690,1.0000
14084,5690,1.0000
14085,5690,1.0000
14086,5690,1.0000
14087,5690,1.0000
14088,5690,1.0000
14089,5690,1.0000
14090,5690,1.0000
14091,5690,1.0000
14092,5690,1.0000
14093,5690,1.0000
14094,5690,1.0000
14095,5690,1.0000
14096,5690,.1955
14096,5222,.8045
14097,5222,.8175
14097,5690,.1825
14098,5222,.4737
14098,5690,.5263
14099,5692,1.0000
14100,5692,1.0000
14101,5692,1.0000
14102,5692,1.0000
14103,5692,1.0000
14104,5692,.4621
14104,5674,.5379
14105,5674,1.0000
14106,5674,1.0000
14107,5674,1.0000
14108,5674,1.0000
14109,5674,1.0000
14110,5674,1.0000
14111,5674,1.0000
14112,5674,1.0000
14113,5674,1.0000
14114,5674,1.0000
14115,5674,1.0000
14116,5674,1.0000
14117,5674,1.0000
14118,5674,1.0000
14119,5674,1.0000
14120,5674,1.0000
14121,5674,1.0000
14122,5674,1.0000
14123,5674,1.0000
14124,5674,1.0000
14125,5674,1.0000
14126,5674,1.0000
14127,5674,1.0000
14128,5674,1.0000
14129,5674,1.0000
14130,5674,1.0000
14131,5674,1.0000
14132,5674,1.0000
14133,5674,1.0000
14134,5674,1.0000
14135,5674,1.0000
14136,5674,1.0000
14137,5674,.6818
14137,5690,.3182
14138,5674,.0070
14138,5690,.9930
14139,5690,1.0000
14140,5690,1.0000
14141,5690,1.0000
14142,5690,1.0000
14143,5690,1.0000
14144,5690,1.0000
14145,5690,1.0000
14146,5690,1.0000
14147,5690,1.0000
14148,5690,1.0000
14149,5690,1.0000
14150,5690,1.0000
14151,5690,1.0000
14152,5690,1.0000
14153,5690,1.0000
14154,5690,1.0000
14155,5690,1.0000
14156,5690,1.0000
14157,5690,1.0000
14158,5690,1.0000
14159,5690,1.0000
14160,5690,1.0000
14161,5690,1.0000
14162,5690,1.0000
14163,5690,1.0000
14164,5690,1.0000
14165,5690,1.0000
14166,5690,1.0000
14167,5690,1.0000
14168,5690,1.0000
14169,5690,1.0000
14170,5690,1.0000
14171,5690,1.0000
14172,5690,1.0000
14173,5690,1.0000
14174,5690,1.0000
14175,5690,1.0000
14176,5690,1.0000
14177,5690,1.0000
14178,5690,1.0000
14179,5690,1.0000
14180,5690,1.0000
14181,5690,1.0000
14182,5690,1.0000
14183,5690,1.0000
14184,5690,1.0000
14185,5690,1.0000
14186,5690,1.0000
14187,5690,1.0000
14188,5690,1.0000
14189,5690,1.0000
14190,5690,1.0000
14191,5690,1.0000
14192,5690,1.0000
14193,5690,1.0000
14194,5690,1.0000
14195,5690,1.0000
14196,5690,1.0000
14197,5690,1.0000
14198,5690,1.0000
14199,5690,1.0000
14200,5690,1.0000
14201,5690,1.0000
14202,5690,1.0000
14203,5690,1.0000
14204,5690,1.0000
14205,5690,1.0000
14206,5690,1.0000
14207,5690,1.0000
14208,5690,1.0000
14209,5690,1.0000
14210,5690,1.0000
14211,5690,1.0000
14212,5690,1.0000
14213,5690,1.0000
14214,5690,1.0000
14215,5690,1.0000
14216,5690,1.0000
14217,5690,1.0000
14218,5690,1.0000
14219,5690,1.0000
14220,5690,1.0000
14221,5690,1.0000
14222,5690,1.0000
14223,5690,1.0000
14224,5690,1.0000
14225,5690,1.0000
14226,5690,1.0000
14227,5690,1.0000
14228,5690,1.0000
14229,5222,.1185
14229,5690,.8815
14230,5690,.9852
14230,5222,.0148
14231,5690,1.0000
14232,5692,1.0000
14233,5692,1.0000
14234,5692,1.0000
14235,5692,1.0000
14236,5692,1.0000
14237,5692,.9645
14237,5674,.0355
14238,5674,.8106
14238,5692,.1894
14239,5674,1.0000
14240,5674,1.0000
14241,5674,1.0000
14242,5674,1.0000
14243,5674,1.0000
14244,5674,1.0000
14245,5674,1.0000
14246,5674,1.0000
14247,5674,1.0000
14248,5674,1.0000
14249,5674,1.0000
14250,5674,1.0000
14251,5674,1.0000
14252,5674,1.0000
14253,5674,1.0000
14254,5674,1.0000
14255,5674,1.0000
14256,5674,1.0000
14257,5674,1.0000
14258,5674,1.0000
14259,5674,1.0000
14260,5674,1.0000
14261,5674,1.0000
14262,5674,1.0000
14263,5674,1.0000
14264,5674,1.0000
14265,5674,1.0000
14266,5674,1.0000
14267,5674,1.0000
14268,5674,1.0000
14269,5674,1.0000
14270,5674,.3636
14270,5690,.6364
14271,5690,1.0000
14272,5690,1.0000
14273,5690,1.0000
14274,5690,1.0000
14275,5690,1.0000
14276,5690,1.0000
14277,5690,1.0000
14278,5690,1.0000
14279,5690,1.0000
14280,5690,1.0000
14281,5690,1.0000
14282,5690,1.0000
14283,5690,1.0000
14284,5690,1.0000
14285,5690,1.0000
14286,5690,1.0000
14287,5690,1.0000
14288,5690,1.0000
14289,5690,1.0000
14290,5690,1.0000
14291,5690,1.0000
14292,5690,1.0000
14293,5690,1.0000
14294,5690,1.0000
14295,5690,1.0000
14296,5690,1.0000
14297,5690,1.0000
14298,5690,1.0000
14299,5690,1.0000
14300,5690,1.0000
14301,5690,1.0000
14302,5690,1.0000
14303,5690,1.0000
14304,5690,1.0000
14305,5690,1.0000
14306,5690,1.0000
14307,5690,1.0000
14308,5690,1.0000
14309,5690,1.0000
14310,5690,1.0000
14311,5690,1.0000
14312,5690,1.0000
14313,5690,1.0000
14314,5690,1.0000
14315,5690,1.0000
14316,5690,1.0000
14317,5690,1.0000
14318,5690,1.0000
14319,5690,1.0000
14320,5690,1.0000
14321,5690,1.0000
14322,5690,1.0000
14323,5690,1.0000
14324,5690,1.0000
14325,5690,1.0000
14326,5690,1.0000
14327,5690,1.0000
14328,5690,1.0000
14329,5690,1.0000
14330,5690,1.0000
14331,5690,1.0000
14332,5690,1.0000
14333,5690,1.0000
14334,5690,1.0000
14335,5690,1.0000
14336,5690,1.0000
14337,5690,1.0000
14338,5690,1.0000
14339,5690,1.0000
14340,5690,1.0000
14341,5690,1.0000
14342,5690,1.0000
14343,5690,1.0000
14344,5690,1.0000
14345,5690,1.0000
14346,5690,1.0000
14347,5690,1.0000
14348,5690,1.0000
14349,5690,1.0000
14350,5690,1.0000
14351,5690,1.0000
14352,5690,1.0000
14353,5690,1.0000
14354,5690,1.0000
14355,5690,1.0000
14356,5690,1.0000
14357,5690,1.0000
14358,5690,1.0000
14359,5690,1.0000
14360,5690,1.0000
14361,5690,.9485
14361,-999,.0515
14362,5690,.8881
14362,-999,.1119
14363,5690,1.0000
14364,5690,1.0000
14365,5692,1.0000
14366,5692,1.0000
14367,5692,1.0000
14368,5692,1.0000
14369,5692,1.0000
14370,5692,1.0000
14371,5692,.8310
14371,5674,.1690
14372,5674,.9531
14372,5692,.0469
14373,5674,1.0000
14374,5674,1.0000
14375,5674,1.0000
14376,5674,1.0000
14377,5674,1.0000
14378,5674,1.0000
14379,5674,1.0000
14380,5674,1.0000
14381,5674,1.0000
14382,5674,1.0000
14383,5674,1.0000
14384,5674,1.0000
14385,5674,1.0000
14386,5674,1.0000
14387,5674,1.0000
14388,5674,1.0000
14389,5674,1.0000
14390,5674,1.0000
14391,5674,1.0000
14392,5674,1.0000
14393,5674,1.0000
14394,5674,1.0000
14395,5674,1.0000
14396,5674,1.0000
14397,5674,1.0000
14398,5674,1.0000
14399,5674,1.0000
14400,5674,1.0000
14401,5674,1.0000
14402,5674,1.0000
14403,5674,.6591
14403,5690,.3409
14404,5690,.9650
14404,5674,.0350
14405,5690,1.0000
14406,5690,1.0000
14407,5690,1.0000
14408,5690,1.0000
14409,5690,1.0000
14410,5690,1.0000
14411,5690,1.0000
14412,5690,1.0000
14413,5690,1.0000
14414,5690,1.0000
14415,5690,1.0000
14416,5690,1.0000
14417,5690,1.0000
14418,5690,1.0000
14419,5690,1.0000
14420,5690,1.0000
14421,5690,1.0000
14422,5690,1.0000
14423,5690,1.0000
14424,5690,1.0000
14425,5690,1.0000
14426,5690,1.0000
14427,5690,1.0000
14428,5690,1.0000
14429,5690,1.0000
14430,5690,1.0000
14431,5690,1.0000
14432,5690,1.0000
14433,5690,1.0000
14434,5690,1.0000
14435,5690,1.0000
14436,5690,1.0000
14437,5690,1.0000
14438,5690,1.0000
14439,5690,1.0000
14440,5690,1.0000
14441,5690,1.0000
14442,5690,1.0000
14443,5690,1.0000
14444,5690,1.0000
14445,5690,1.0000
14446,5690,1.0000
14447,5690,1.0000
14448,5690,1.0000
14449,5690,1.0000
14450,5690,1.0000
14451,5690,1.0000
14452,5690,1.0000
14453,5690,1.0000
14454,5690,1.0000
14455,5690,1.0000
14456,5690,1.0000
14457,5690,1.0000
14458,5690,1.0000
14459,5690,1.0000
14460,5690,1.0000
14461,5690,1.0000
14462,5690,1.0000
14463,5690,1.0000
14464,5690,1.0000
14465,5690,1.0000
14466,5690,1.0000
14467,5690,1.0000
14468,5690,1.0000
14469,5690,1.0000
14470,5690,1.0000
14471,5690,1.0000
14472,5690,1.0000
14473,5690,1.0000
14474,5690,1.0000
14475,5690,1.0000
14476,5690,1.0000
14477,5690,1.0000
14478,5690,1.0000
14479,5690,1.0000
14480,5690,1.0000
14481,5690,1.0000
14482,5690,1.0000
14483,5690,1.0000
14484,5690,1.0000
14485,5690,1.0000
14486,5690,1.0000
14487,5690,1.0000
14488,5690,1.0000
14489,5690,1.0000
14490,5690,1.0000
14491,5690,1.0000
14492,5690,1.0000
14493,5690,1.0000
14494,5690,.9925
14494,-999,.0075
14495,-999,.6176
14495,5690,.3824
14496,5690,.1567
14496,-999,.8433
14497,5690,.7687
14497,-999,.2313
14498,5692,1.0000
14499,5692,1.0000
14500,5692,1.0000
14501,5692,1.0000
14502,5692,1.0000
14503,5692,1.0000
14504,5692,1.0000
14505,5692,.6127
14505,5674,.3873
14506,5674,1.0000
14507,5674,1.0000
14508,5674,1.0000
14509,5674,1.0000
14510,5674,1.0000
14511,5674,1.0000
14512,5674,1.0000
14513,5674,1.0000
14514,5674,1.0000
14515,5674,1.0000
14516,5674,1.0000
14517,5674,1.0000
14518,5674,1.0000
14519,5674,1.0000
14520,5674,1.0000
14521,5674,1.0000
14522,5674,1.0000
14523,5674,1.0000
14524,5674,1.0000
14525,5674,1.0000
14526,5674,1.0000
14527,5674,1.0000
14528,5674,1.0000
14529,5674,1.0000
14530,5674,1.0000
14531,5674,1.0000
14532,5674,1.0000
14533,5674,1.0000
14534,5674,1.0000
14535,5674,.8182
14535,5692,.1818
14536,5674,.4242
14536,5692,.5758
14537,5674,.0769
14537,5690,.1818
14537,5692,.7413
14538,5690,.7879
14538,5692,.2121
14539,5690,1.0000
14540,5690,1.0000
14541,5690,1.0000
14542,5690,1.0000
14543,5690,1.0000
14544,5690,1.0000
14545,5690,.8322
14545,5692,.1678
14546,5690,.3561
14546,5692,.6439
14547,5690,.4015
14547,5692,.5985
14548,5690,.8333
14548,5692,.1667
14549,5690,1.0000
14550,5690,1.0000
14551,5690,1.0000
14552,5690,1.0000
14553,5690,1.0000
14554,5690,1.0000
14555,5690,1.0000
14556,5690,1.0000
14557,5690,1.0000
14558,5690,1.0000
14559,5690,1.0000
14560,5690,1.0000
14561,5690,1.0000
14562,5690,1.0000
14563,5690,1.0000
14564,5690,1.0000
14565,5690,1.0000
14566,5690,1.0000
14567,5690,1.0000
14568,5690,1.0000
14569,5690,1.0000
14570,5690,1.0000
14571,5690,1.0000
14572,5690,1.0000
14573,5690,1.0000
14574,5690,1.0000
14575,5690,1.0000
14576,5690,1.0000
14577,5690,1.0000
14578,5690,1.0000
14579,5690,1.0000
14580,5690,1.0000
14581,5690,1.0000
14582,5690,1.0000
14583,5690,1.0000
14584,5690,1.0000
14585,5690,1.0000
14586,5690,1.0000
14587,5690,1.0000
14588,5690,1.0000
14589,5690,1.0000
14590,5690,1.0000
14591,5690,1.0000
14592,5690,1.0000
14593,5690,1.0000
14594,5690,1.0000
14595,5690,1.0000
14596,5690,1.0000
14597,5690,1.0000
14598,5690,1.0000
14599,5690,1.0000
14600,5690,1.0000
14601,5690,1.0000
14602,5690,1.0000
14603,5690,1.0000
14604,5690,1.0000
14605,5690,1.0000
14606,5690,1.0000
14607,5690,1.0000
14608,5690,1.0000
14609,5690,1.0000
14610,5690,1.0000
14611,5690,1.0000
14612,5690,1.0000
14613,5690,1.0000
14614,5690,1.0000
14615,5690,1.0000
14616,5690,1.0000
14617,5690,1.0000
14618,5690,1.0000
14619,5690,1.0000
14620,5690,1.0000
14621,5690,1.0000
14622,5690,1.0000
14623,5690,1.0000
14624,5690,1.0000
14625,5690,1.0000
14626,5690,1.0000
14627,5690,1.0000
14628,5690,.9851
14628,-999,.0149
14629,-999,.4599
14629,5690,.5401
14630,5690,.1642
14630,-999,.8358
14631,5692,1.0000
14632,5692,1.0000
14633,5692,1.0000
14634,5692,1.0000
14635,5692,1.0000
14636,5692,1.0000
14637,5692,1.0000
14638,5692,.9925
14638,5674,.0075
14639,5674,.5282
14639,5692,.4718
14640,5674,1.0000
14641,5674,1.0000
14642,5674,1.0000
14643,5674,1.0000
14644,5674,1.0000
14645,5674,1.0000
14646,5674,1.0000
14647,5674,1.0000
14648,5674,1.0000
14649,5674,1.0000
14650,5674,1.0000
14651,5674,1.0000
14652,5674,1.0000
14653,5674,1.0000
14654,5674,1.0000
14655,5674,1.0000
14656,5674,1.0000
14657,5674,1.0000
14658,5674,1.0000
14659,5674,1.0000
14660,5674,1.0000
14661,5674,1.0000
14662,5674,1.0000
14663,5674,1.0000
14664,5674,1.0000
14665,5674,1.0000
14666,5674,.8561
14666,5692,.1439
14667,5674,.4776
14667,5692,.5224
14668,5674,.0388
14668,5692,.9612
14669,5692,1.0000
14670,5692,1.0000
14671,5692,.9667
14671,5690,.0333
14672,5690,.3250
14672,5692,.6750
14673,5690,.4692
14673,5692,.5308
14674,5690,.6917
14674,5692,.3083
14675,5690,.9692
14675,5692,.0308
14676,5690,.9250
14676,5692,.0750
14677,5690,.5000
14677,5692,.5000
14678,5690,.0846
14678,5692,.9154
14679,5692,1.0000
14680,5692,1.0000
14681,5692,.8582
14681,5690,.1418
14682,5690,.9318
14682,5692,.0682
14683,5690,1.0000
14684,5690,1.0000
14685,5690,1.0000
14686,5690,1.0000
14687,5690,1.0000
14688,5690,1.0000
14689,5690,1.0000
14690,5690,1.0000
14691,5690,1.0000
14692,5690,1.0000
14693,5690,1.0000
14694,5690,1.0000
14695,5690,1.0000
14696,5690,1.0000
14697,5690,1.0000
14698,5690,1.0000
14699,5690,1.0000
14700,5690,1.0000
14701,5690,1.0000
14702,5690,1.0000
14703,5690,1.0000
14704,5690,1.0000
14705,5690,1.0000
14706,5690,1.0000
14707,5690,1.0000
14708,5690,1.0000
14709,5690,1.0000
14710,5690,1.0000
14711,5690,1.0000
14712,5690,1.0000
14713,5690,1.0000
14714,5690,1.0000
14715,5690,1.0000
14716,5690,1.0000
14717,5690,1.0000
14718,5690,1.0000
14719,5690,1.0000
14720,5690,1.0000
14721,5690,1.0000
14722,5690,1.0000
14723,5690,1.0000
14724,5690,1.0000
14725,5690,1.0000
14726,5690,1.0000
14727,5690,1.0000
14728,5690,1.0000
14729,5690,1.0000
14730,5690,1.0000
14731,5690,1.0000
14732,5690,1.0000
14733,5690,1.0000
14734,5690,1.0000
14735,5690,1.0000
14736,5690,1.0000
14737,5690,1.0000
14738,5690,1.0000
14739,5690,1.0000
14740,5690,1.0000
14741,5690,1.0000
14742,5690,1.0000
14743,5690,1.0000
14744,5690,1.0000
14745,5690,1.0000
14746,5690,1.0000
14747,5690,1.0000
14748,5690,1.0000
14749,5690,1.0000
14750,5690,1.0000
14751,5690,1.0000
14752,5690,1.0000
14753,5690,1.0000
14754,5690,1.0000
14755,5690,1.0000
14756,5690,1.0000
14757,5690,1.0000
14758,5690,1.0000
14759,5690,1.0000
14760,5690,1.0000
14761,5690,1.0000
14762,5690,1.0000
14763,-999,.2409
14763,5690,.7591
14764,5692,1.0000
14765,5692,1.0000
14766,5692,1.0000
14767,5692,1.0000
14768,5692,1.0000
14769,5692,1.0000
14770,5692,1.0000
14771,5692,1.0000
14772,5692,.9926
14772,5674,.0074
14773,5674,.4348
14773,5692,.5652
14774,5674,.9764
14774,5692,.0236
14775,5674,1.0000
14776,5674,1.0000
14777,5674,1.0000
14778,5674,1.0000
14779,5674,1.0000
14780,5674,.9928
14780,5692,.0072
14781,5674,.7023
14781,5692,.2977
14782,5674,.6977
14782,5692,.3023
14783,5674,.9860
14783,5692,.0140
14784,5674,1.0000
14785,5674,1.0000
14786,5674,1.0000
14787,5674,1.0000
14788,5674,1.0000
14789,5674,1.0000
14790,5674,1.0000
14791,5674,1.0000
14792,5674,1.0000
14793,5674,1.0000
14794,5674,1.0000
14795,5674,1.0000
14796,5674,1.0000
14797,5674,.8333
14797,5692,.1667
14798,5674,.3846
14798,5692,.6154
14799,5674,.0303
14799,5692,.9697
14800,5692,1.0000
14801,5692,1.0000
14802,5692,1.0000
14803,5692,1.0000
14804,5692,1.0000
14805,5692,1.0000
14806,5692,1.0000
14807,5692,1.0000
14808,5692,.9371
14808,5690,.0629
14809,5690,.0606
14809,5692,.9394
14810,5692,1.0000
14811,5692,1.0000
14812,5692,1.0000
14813,5692,1.0000
14814,5692,1.0000
14815,5692,.5455
14815,5690,.4545
14816,5690,1.0000
14817,5690,1.0000
14818,5690,1.0000
14819,5690,1.0000
14820,5690,1.0000
14821,5690,1.0000
14822,5690,1.0000
14823,5690,1.0000
14824,5690,1.0000
14825,5690,1.0000
14826,5690,1.0000
14827,5690,1.0000
14828,5690,1.0000
14829,5690,1.0000
14830,5690,1.0000
14831,5690,1.0000
14832,5690,1.0000
14833,5690,1.0000
14834,5690,1.0000
14835,5690,1.0000
14836,5690,1.0000
14837,5690,1.0000
14838,5690,1.0000
14839,5690,1.0000
14840,5690,1.0000
14841,5690,1.0000
14842,5690,1.0000
14843,5690,1.0000
14844,5690,1.0000
14845,5690,1.0000
14846,5690,1.0000
14847,5690,1.0000
14848,5690,1.0000
14849,5690,1.0000
14850,5690,1.0000
14851,5690,1.0000
14852,5690,1.0000
14853,5690,1.0000
14854,5690,1.0000
14855,5690,1.0000
14856,5690,1.0000
14857,5690,1.0000
14858,5690,1.0000
14859,5690,1.0000
14860,5690,1.0000
14861,5690,1.0000
14862,5690,1.0000
14863,5690,1.0000
14864,5690,1.0000
14865,5690,1.0000
14866,5690,1.0000
14867,5690,1.0000
14868,5690,1.0000
14869,5690,1.0000
14870,5690,1.0000
14871,5690,1.0000
14872,5690,1.0000
14873,5690,1.0000
14874,5690,1.0000
14875,5690,1.0000
14876,5690,1.0000
14877,5690,1.0000
14878,5690,1.0000
14879,5690,1.0000
14880,5690,1.0000
14881,5690,1.0000
14882,5690,1.0000
14883,5690,1.0000
14884,5690,1.0000
14885,5690,1.0000
14886,5690,1.0000
14887,5690,1.0000
14888,5690,1.0000
14889,5690,1.0000
14890,5690,1.0000
14891,5690,1.0000
14892,5690,1.0000
14893,5690,1.0000
14894,5690,1.0000
14895,5690,1.0000
14896,5690,1.0000
14897,5692,1.0000
14898,5692,1.0000
14899,5692,1.0000
14900,5692,1.0000
14901,5692,1.0000
14902,5692,1.0000
14903,5692,1.0000
14904,5692,1.0000
14905,5692,1.0000
14906,5692,1.0000
14907,5692,.8582
14907,5674,.1418
14908,5674,.3077
14908,5692,.6923
14909,5674,.3662
14909,5692,.6338
14910,5674,.3582
14910,5692,.6418
14911,5674,.3071
14911,5692,.6929
14912,5674,.1135
14912,5692,.8865
14913,5674,.0833
14913,5692,.9167
14914,5692,1.0000
14915,5692,1.0000
14916,5692,.7727
14916,5674,.2273
14917,5674,.7021
14917,5692,.2979
14918,5674,1.0000
14919,5674,1.0000
14920,5674,1.0000
14921,5674,1.0000
14922,5674,1.0000
14923,5674,.9167
14923,5692,.0833
14924,5674,.6154
14924,5692,.3846
14925,5674,.2500
14925,5692,.7500
14926,5674,.3841
14926,5692,.6159
14927,5674,.4961
14927,5692,.5039
14928,5674,.4167
14928,5692,.5833
14929,5674,.2394
14929,5692,.7606
14930,5674,.0152
14930,5692,.9848
14931,5692,1.0000
14932,5692,1.0000
14933,5692,1.0000
14934,5692,1.0000
14935,5692,1.0000
14936,5692,1.0000
14937,5692,1.0000
14938,5692,1.0000
14939,5692,1.0000
14940,5692,1.0000
14941,5692,1.0000
14942,5692,1.0000
14943,5692,1.0000
14944,5692,1.0000
14945,5692,1.0000
14946,5692,1.0000
14947,5692,1.0000
14948,5692,.9481
14948,5690,.0519
14949,5690,.6667
14949,5692,.3333
14950,5690,1.0000
14951,5690,1.0000
14952,5690,1.0000
14953,5690,1.0000
14954,5690,1.0000
14955,5690,1.0000
14956,5690,1.0000
14957,5690,1.0000
14958,5690,1.0000
14959,5690,1.0000
14960,5690,1.0000
14961,5690,1.0000
14962,5690,1.0000
14963,5690,1.0000
14964,5690,1.0000
14965,5690,1.0000
14966,5690,1.0000
14967,5690,1.0000
14968,5690,1.0000
14969,5690,1.0000
14970,5690,1.0000
14971,5690,1.0000
14972,5690,1.0000
14973,5690,1.0000
14974,5690,1.0000
14975,5690,1.0000
14976,5690,1.0000
14977,5690,1.0000
14978,5690,1.0000
14979,5690,1.0000
14980,5690,1.0000
14981,5690,1.0000
14982,5690,1.0000
14983,5690,1.0000
14984,5690,1.0000
14985,5690,1.0000
14986,5690,1.0000
14987,5690,1.0000
14988,5690,1.0000
14989,5690,1.0000
14990,5690,1.0000
14991,5690,1.0000
14992,5690,1.0000
14993,5690,1.0000
14994,5690,1.0000
14995,5690,1.0000
14996,5690,1.0000
14997,5690,1.0000
14998,5690,1.0000
14999,5690,1.0000
15000,5690,1.0000
15001,5690,1.0000
15002,5690,1.0000
15003,5690,1.0000
15004,5690,1.0000
15005,5690,1.0000
15006,5690,1.0000
15007,5690,1.0000
15008,5690,1.0000
15009,5690,1.0000
15010,5690,1.0000
15011,5690,1.0000
15012,5690,1.0000
15013,5690,1.0000
15014,5690,1.0000
15015,5690,1.0000
15016,5690,1.0000
15017,5690,1.0000
15018,5690,1.0000
15019,5690,1.0000
15020,5690,1.0000
15021,5690,1.0000
15022,5690,1.0000
15023,5690,1.0000
15024,5690,1.0000
15025,5690,1.0000
15026,5690,1.0000
15027,5690,1.0000
15028,5690,1.0000
15029,5690,1.0000
15030,5692,1.0000
15031,5692,1.0000
15032,5692,1.0000
15033,5692,1.0000
15034,5692,1.0000
15035,5692,1.0000
15036,5692,1.0000
15037,5692,1.0000
15038,5692,1.0000
15039,5692,1.0000
15040,5692,1.0000
15041,5692,1.0000
15042,5692,1.0000
15043,5692,1.0000
15044,5692,1.0000
15045,5692,1.0000
15046,5692,1.0000
15047,5692,1.0000
15048,5692,1.0000
15049,5692,1.0000
15050,5692,.9929
15050,5674,.0071
15051,5674,.2576
15051,5692,.7424
15052,5674,.2132
15052,5692,.7868
15053,5674,.1429
15053,5692,.8571
15054,5674,.1732
15054,5692,.8268
15055,5674,.1654
15055,5692,.8346
15056,5674,.0303
15056,5692,.9697
15057,5692,1.0000
15058,5692,1.0000
15059,5692,1.0000
15060,5692,1.0000
15061,5692,1.0000
15062,5692,1.0000
15063,5692,1.0000
15064,5692,1.0000
15065,5692,1.0000
15066,5692,1.0000
15067,5692,1.0000
15068,5692,1.0000
15069,5692,1.0000
15070,5692,1.0000
15071,5692,1.0000
15072,5692,1.0000
15073,5692,1.0000
15074,5692,1.0000
15075,5692,1.0000
15076,5692,1.0000
15077,5692,1.0000
15078,5692,1.0000
15079,5692,1.0000
15080,5692,1.0000
15081,5692,1.0000
15082,5692,.5197
15082,5690,.4803
15083,5690,1.0000
15084,5690,1.0000
15085,5690,1.0000
15086,5690,1.0000
15087,5690,1.0000
15088,5690,1.0000
15089,5690,1.0000
15090,5690,1.0000
15091,5690,1.0000
15092,5690,1.0000
15093,5690,1.0000
15094,5690,1.0000
15095,5690,1.0000
15096,5690,1.0000
15097,5690,1.0000
15098,5690,1.0000
15099,5690,1.0000
15100,5690,1.0000
15101,5690,1.0000
15102,5690,1.0000
15103,5690,1.0000
15104,5690,1.0000
15105,5690,1.0000
15106,5690,1.0000
15107,5690,1.0000
15108,5690,1.0000
15109,5690,1.0000
15110,5690,1.0000
15111,5690,1.0000
15112,5690,1.0000
15113,5690,1.0000
15114,5690,1.0000
15115,5690,1.0000
15116,5690,1.0000
15117,5690,1.0000
15118,5690,1.0000
15119,5690,1.0000
15120,5690,1.0000
15121,5690,1.0000
15122,5690,1.0000
15123,5690,1.0000
15124,5690,1.0000
15125,5690,1.0000
15126,5690,1.0000
15127,5690,1.0000
15128,5690,1.0000
15129,5690,1.0000
15130,5690,1.0000
15131,5690,1.0000
15132,5690,1.0000
15133,5690,1.0000
15134,5690,1.0000
15135,5690,1.0000
15136,5690,1.0000
15137,5690,1.0000
15138,5690,1.0000
15139,5690,1.0000
15140,5690,1.0000
15141,5690,1.0000
15142,5690,1.0000
15143,5690,1.0000
15144,5690,1.0000
15145,5690,1.0000
15146,5690,1.0000
15147,5690,1.0000
15148,5690,1.0000
15149,5690,1.0000
15150,5690,1.0000
15151,5690,1.0000
15152,5690,1.0000
15153,5690,1.0000
15154,5690,1.0000
15155,5690,1.0000
15156,5690,1.0000
15157,5690,1.0000
15158,5690,1.0000
15159,5690,1.0000
15160,5690,1.0000
15161,5690,1.0000
15162,5690,1.0000
15163,5692,1.0000
15164,5692,1.0000
15165,5692,1.0000
15166,5692,1.0000
15167,5692,1.0000
15168,5692,1.0000
15169,5692,1.0000
15170,5692,1.0000
15171,5692,1.0000
15172,5692,1.0000
15173,5692,1.0000
15174,5692,1.0000
15175,5692,1.0000
15176,5692,1.0000
15177,5692,1.0000
15178,5692,1.0000
15179,5692,1.0000
15180,5692,1.0000
15181,5692,1.0000
15182,5692,1.0000
15183,5692,1.0000
15184,5692,1.0000
15185,5692,1.0000
15186,5692,1.0000
15187,5692,1.0000
15188,5692,1.0000
15189,5692,1.0000
15190,5692,1.0000
15191,5692,1.0000
15192,5692,1.0000
15193,5692,1.0000
15194,5692,1.0000
15195,5692,1.0000
15196,5692,1.0000
15197,5692,1.0000
15198,5692,1.0000
15199,5692,1.0000
15200,5692,1.0000
15201,5692,1.0000
15202,5692,1.0000
15203,5692,1.0000
15204,5692,1.0000
15205,5692,1.0000
15206,5692,1.0000
15207,5692,1.0000
15208,5692,1.0000
15209,5692,1.0000
15210,5692,1.0000
15211,5692,1.0000
15212,5692,1.0000
15213,5692,1.0000
15214,5692,.9538
15214,5690,.0462
15215,5690,.8889
15215,5692,.1111
15216,5690,1.0000
15217,5690,1.0000
15218,5690,1.0000
15219,5690,1.0000
15220,5690,1.0000
15221,5690,1.0000
15222,5690,1.0000
15223,5690,1.0000
15224,5690,1.0000
15225,5690,1.0000
15226,5690,1.0000
15227,5690,1.0000
15228,5690,1.0000
15229,5690,1.0000
15230,5690,1.0000
15231,5690,1.0000
15232,5690,1.0000
15233,5690,1.0000
15234,5690,1.0000
15235,5690,1.0000
15236,5690,1.0000
15237,5690,1.0000
15238,5690,1.0000
15239,5690,1.0000
15240,5690,1.0000
15241,5690,1.0000
15242,5690,1.0000
15243,5690,1.0000
15244,5690,1.0000
15245,5690,1.0000
15246,5690,1.0000
15247,5690,1.0000
15248,5690,1.0000
15249,5690,1.0000
15250,5690,1.0000
15251,5690,1.0000
15252,5690,1.0000
15253,5690,1.0000
15254,5690,1.0000
15255,5690,1.0000
15256,5690,1.0000
15257,5690,1.0000
15258,5690,1.0000
15259,5690,1.0000
15260,5690,1.0000
15261,5690,1.0000
15262,5690,1.0000
15263,5690,1.0000
15264,5690,1.0000
15265,5690,1.0000
15266,5690,1.0000
15267,5690,1.0000
15268,5690,1.0000
15269,5690,1.0000
15270,5690,1.0000
15271,5690,1.0000
15272,5690,1.0000
15273,5690,1.0000
15274,5690,1.0000
15275,5690,1.0000
15276,5690,1.0000
15277,5690,1.0000
15278,5690,1.0000
15279,5690,1.0000
15280,5690,1.0000
15281,5690,1.0000
15282,5690,1.0000
15283,5690,1.0000
15284,5690,1.0000
15285,5690,1.0000
15286,5690,1.0000
15287,5690,1.0000
15288,5690,1.0000
15289,5690,1.0000
15290,5690,1.0000
15291,5690,1.0000
15292,5690,1.0000
15293,5690,1.0000
15294,5690,1.0000
15295,5690,1.0000
15296,5692,1.0000
15297,5692,1.0000
15298,5692,1.0000
15299,5692,1.0000
15300,5692,1.0000
15301,5692,1.0000
15302,5692,1.0000
15303,5692,1.0000
15304,5692,1.0000
15305,5692,1.0000
15306,5692,1.0000
15307,5692,1.0000
15308,5692,1.0000
15309,5692,1.0000
15310,5692,1.0000
15311,5692,1.0000
15312,5692,1.0000
15313,5692,1.0000
15314,5692,1.0000
15315,5692,1.0000
15316,5692,1.0000
15317,5692,1.0000
15318,5692,1.0000
15319,5692,1.0000
15320,5692,1.0000
15321,5692,1.0000
15322,5692,1.0000
15323,5692,1.0000
15324,5692,1.0000
15325,5692,1.0000
15326,5692,1.0000
15327,5692,1.0000
15328,5692,1.0000
15329,5692,1.0000
15330,5692,1.0000
15331,5692,1.0000
15332,5692,1.0000
15333,5692,1.0000
15334,5692,1.0000
15335,5692,1.0000
15336,5692,1.0000
15337,5692,1.0000
15338,5692,1.0000
15339,5692,1.0000
15340,5692,1.0000
15341,5692,1.0000
15342,5692,1.0000
15343,5692,1.0000
15344,5692,1.0000
15345,5692,1.0000
15346,5692,1.0000
15347,5692,.6923
15347,5690,.3077
15348,5690,1.0000
15349,5690,1.0000
15350,5690,1.0000
15351,5690,1.0000
15352,5690,1.0000
15353,5690,1.0000
15354,5690,1.0000
15355,5690,1.0000
15356,5690,1.0000
15357,5690,1.0000
15358,5690,1.0000
15359,5690,1.0000
15360,5690,1.0000
15361,5690,1.0000
15362,5690,1.0000
15363,5690,1.0000
15364,5690,1.0000
15365,5690,1.0000
15366,5690,1.0000
15367,5690,1.0000
15368,5690,1.0000
15369,5690,1.0000
15370,5690,1.0000
15371,5690,1.0000
15372,5690,1.0000
15373,5690,1.0000
15374,5690,1.0000
15375,5690,1.0000
15376,5690,1.0000
15377,5690,1.0000
15378,5690,1.0000
15379,5690,1.0000
15380,5690,1.0000
15381,5690,1.0000
15382,5690,1.0000
15383,5690,1.0000
15384,5690,1.0000
15385,5690,1.0000
15386,5690,1.0000
15387,5690,1.0000
15388,5690,1.0000
15389,5690,1.0000
15390,5690,1.0000
15391,5690,1.0000
15392,5690,1.0000
15393,5690,1.0000
15394,5690,1.0000
15395,5690,1.0000
15396,5690,1.0000
15397,5690,1.0000
15398,5690,1.0000
15399,5690,1.0000
15400,5690,1.0000
15401,5690,1.0000
15402,5690,1.0000
15403,5690,1.0000
15404,5690,1.0000
15405,5690,1.0000
15406,5690,1.0000
15407,5690,1.0000
15408,5690,1.0000
15409,5690,1.0000
15410,5690,1.0000
15411,5690,1.0000
15412,5690,1.0000
15413,5690,1.0000
15414,5690,1.0000
15415,5690,1.0000
15416,5690,1.0000
15417,5690,1.0000
15418,5690,1.0000
15419,5690,1.0000
15420,5690,1.0000
15421,5690,1.0000
15422,5690,1.0000
15423,5690,1.0000
15424,5690,1.0000
15425,5690,1.0000
15426,5690,1.0000
15427,5690,1.0000
15428,5690,1.0000
15429,5692,1.0000
15430,5692,1.0000
15431,5692,1.0000
15432,5692,1.0000
15433,5692,1.0000
15434,5692,1.0000
15435,5692,1.0000
15436,5692,1.0000
15437,5692,1.0000
15438,5692,1.0000
15439,5692,1.0000
15440,5692,1.0000
15441,5692,1.0000
15442,5692,1.0000
15443,5692,1.0000
15444,5692,1.0000
15445,5692,1.0000
15446,5692,1.0000
15447,5692,1.0000
15448,5692,1.0000
15449,5692,1.0000
15450,5692,1.0000
15451,5692,1.0000
15452,5692,1.0000
15453,5692,1.0000
15454,5692,1.0000
15455,5692,1.0000
15456,5692,1.0000
15457,5692,1.0000
15458,5692,1.0000
15459,5692,1.0000
15460,5692,1.0000
15461,5692,1.0000
15462,5692,1.0000
15463,5692,1.0000
15464,5692,1.0000
15465,5692,1.0000
15466,5692,1.0000
15467,5692,1.0000
15468,5692,1.0000
15469,5692,1.0000
15470,5692,1.0000
15471,5692,1.0000
15472,5692,1.0000
15473,5692,1.0000
15474,5692,1.0000
15475,5692,1.0000
15476,5692,1.0000
15477,5692,1.0000
15478,5692,1.0000
15479,5692,1.0000
15480,5692,.4406
15480,5690,.5594
15481,5690,1.0000
15482,5690,1.0000
15483,5690,1.0000
15484,5690,1.0000
15485,5690,1.0000
15486,5690,1.0000
15487,5690,1.0000
15488,5690,1.0000
15489,5690,1.0000
15490,5690,1.0000
15491,5690,1.0000
15492,5690,1.0000
15493,5690,1.0000
15494,5690,1.0000
15495,5690,1.0000
15496,5690,1.0000
15497,5690,1.0000
15498,5690,1.0000
15499,5690,1.0000
15500,5690,1.0000
15501,5690,1.0000
15502,5690,1.0000
15503,5690,1.0000
15504,5690,1.0000
15505,5690,1.0000
15506,5690,1.0000
15507,5690,1.0000
15508,5690,1.0000
15509,5690,1.0000
15510,5690,1.0000
15511,5690,1.0000
15512,5690,1.0000
15513,5690,1.0000
15514,5690,1.0000
15515,5690,1.0000
15516,5690,1.0000
15517,5690,1.0000
15518,5690,1.0000
15519,5690,1.0000
15520,5690,1.0000
15521,5690,1.0000
15522,5690,1.0000
15523,5690,1.0000
15524,5690,1.0000
15525,5690,1.0000
15526,5690,1.0000
15527,5690,1.0000
15528,5690,1.0000
15529,5690,1.0000
15530,5690,1.0000
15531,5690,1.0000
15532,5690,1.0000
15533,5690,1.0000
15534,5690,1.0000
15535,5690,1.0000
15536,5690,1.0000
15537,5690,1.0000
15538,5690,1.0000
15539,5690,1.0000
15540,5690,1.0000
15541,5690,1.0000
15542,5690,1.0000
15543,5690,1.0000
15544,5690,1.0000
15545,5690,1.0000
15546,5690,1.0000
15547,5690,1.0000
15548,5690,1.0000
15549,5690,1.0000
15550,5690,1.0000
15551,5690,1.0000
15552,5690,1.0000
15553,5690,1.0000
15554,5690,1.0000
15555,5690,1.0000
15556,5690,1.0000
15557,5690,1.0000
15558,5690,1.0000
15559,5690,1.0000
15560,5690,1.0000
15561,5690,1.0000
15562,5692,1.0000
15563,5692,1.0000
15564,5692,1.0000
15565,5692,1.0000
15566,5692,1.0000
15567,5692,1.0000
15568,5692,1.0000
15569,5692,1.0000
15570,5692,1.0000
15571,5692,1.0000
15572,5692,1.0000
15573,5692,1.0000
15574,5692,1.0000
15575,5692,1.0000
15576,5692,1.0000
15577,5692,1.0000
15578,5692,1.0000
15579,5692,1.0000
15580,5692,1.0000
15581,5692,1.0000
15582,5692,1.0000
15583,5692,1.0000
15584,5692,1.0000
15585,5692,1.0000
15586,5692,1.0000
15587,5692,1.0000
15588,5692,1.0000
15589,5692,1.0000
15590,5692,1.0000
15591,5692,1.0000
15592,5692,1.0000
15593,5692,1.0000
15594,5692,1.0000
15595,5692,1.0000
15596,5692,1.0000
15597,5692,1.0000
15598,5692,1.0000
15599,5692,1.0000
15600,5692,1.0000
15601,5692,1.0000
15602,5692,1.0000
15603,5692,1.0000
15604,5692,1.0000
15605,5692,1.0000
15606,5692,1.0000
15607,5692,1.0000
15608,5692,1.0000
15609,5692,1.0000
15610,5692,1.0000
15611,5692,1.0000
15612,5692,.9924
15612,5690,.0076
15613,5692,.1608
15613,5690,.8392
15614,5690,1.0000
15615,5690,1.0000
15616,5690,1.0000
15617,5690,1.0000
15618,5690,1.0000
15619,5690,1.0000
15620,5690,1.0000
15621,5690,1.0000
15622,5690,1.0000
15623,5690,1.0000
15624,5690,1.0000
15625,5690,1.0000
15626,5690,1.0000
15627,5690,1.0000
15628,5690,1.0000
15629,5690,1.0000
15630,5690,1.0000
15631,5690,1.0000
15632,5690,1.0000
15633,5690,1.0000
15634,5690,1.0000
15635,5690,1.0000
15636,5690,1.0000
15637,5690,1.0000
15638,5690,1.0000
15639,5690,1.0000
15640,5690,1.0000
15641,5690,1.0000
15642,5690,1.0000
15643,5690,1.0000
15644,5690,1.0000
15645,5690,1.0000
15646,5690,1.0000
15647,5690,1.0000
15648,5690,1.0000
15649,5690,1.0000
15650,5690,1.0000
15651,5690,1.0000
15652,5690,1.0000
15653,5690,1.0000
15654,5690,1.0000
15655,5690,1.0000
15656,5690,1.0000
15657,5690,1.0000
15658,5690,1.0000
15659,5690,1.0000
15660,5690,1.0000
15661,5690,1.0000
15662,5690,1.0000
15663,5690,1.0000
15664,5690,1.0000
15665,5690,1.0000
15666,5690,1.0000
15667,5690,1.0000
15668,5690,1.0000
15669,5690,1.0000
15670,5690,1.0000
15671,5690,1.0000
15672,5690,1.0000
15673,5690,1.0000
15674,5690,1.0000
15675,5690,1.0000
15676,5690,1.0000
15677,5690,1.0000
15678,5690,1.0000
15679,5690,1.0000
15680,5690,1.0000
15681,5690,1.0000
15682,5690,1.0000
15683,5690,1.0000
15684,5690,1.0000
15685,5690,1.0000
15686,5690,1.0000
15687,5690,1.0000
15688,5690,1.0000
15689,5690,1.0000
15690,5690,1.0000
15691,5690,1.0000
15692,5690,1.0000
15693,5690,1.0000
15694,5690,1.0000
15695,5692,1.0000
15696,5692,1.0000
15697,5692,1.0000
15698,5692,1.0000
15699,5692,1.0000
15700,5692,1.0000
15701,5692,1.0000
15702,5692,1.0000
15703,5692,1.0000
15704,5692,1.0000
15705,5692,1.0000
15706,5692,1.0000
15707,5692,1.0000
15708,5692,1.0000
15709,5692,1.0000
15710,5692,1.0000
15711,5692,1.0000
15712,5692,1.0000
15713,5692,1.0000
15714,5692,1.0000
15715,5692,1.0000
15716,5692,1.0000
15717,5692,1.0000
15718,5692,1.0000
15719,5692,1.0000
15720,5692,1.0000
15721,5692,1.0000
15722,5692,1.0000
15723,5692,1.0000
15724,5692,1.0000
15725,5692,1.0000
15726,5692,1.0000
15727,5692,1.0000
15728,5692,1.0000
15729,5692,1.0000
15730,5692,1.0000
15731,5692,1.0000
15732,5692,1.0000
15733,5692,1.0000
15734,5692,1.0000
15735,5692,1.0000
15736,5692,1.0000
15737,5692,1.0000
15738,5692,1.0000
15739,5692,1.0000
15740,5692,1.0000
15741,5692,1.0000
15742,5692,1.0000
15743,5692,1.0000
15744,5692,1.0000
15745,5692,.6241
15745,5690,.3759
15746,5690,1.0000
15747,5690,1.0000
15748,5690,1.0000
15749,5690,1.0000
15750,5690,1.0000
15751,5690,1.0000
15752,5690,1.0000
15753,5690,1.0000
15754,5690,1.0000
15755,5690,1.0000
15756,5690,1.0000
15757,5690,1.0000
15758,5690,1.0000
15759,5690,1.0000
15760,5690,1.0000
15761,5690,1.0000
15762,5690,1.0000
15763,5690,1.0000
15764,5690,1.0000
15765,5690,1.0000
15766,5690,1.0000
15767,5690,1.0000
15768,5690,1.0000
15769,5690,1.0000
15770,5690,1.0000
15771,5690,1.0000
15772,5690,1.0000
15773,5690,1.0000
15774,5690,1.0000
15775,5690,1.0000
15776,5690,1.0000
15777,5690,1.0000
15778,5690,1.0000
15779,5690,1.0000
15780,5690,1.0000
15781,5690,1.0000
15782,5690,1.0000
15783,5690,1.0000
15784,5690,1.0000
15785,5690,1.0000
15786,5690,1.0000
15787,5690,1.0000
15788,5690,1.0000
15789,5690,1.0000
15790,5690,1.0000
15791,5690,1.0000
15792,5690,1.0000
15793,5690,1.0000
15794,5690,1.0000
15795,5690,1.0000
15796,5690,1.0000
15797,5690,1.0000
15798,5690,1.0000
15799,5690,1.0000
15800,5690,1.0000
15801,5690,1.0000
15802,5690,1.0000
15803,5690,1.0000
15804,5690,1.0000
15805,5690,1.0000
15806,5690,1.0000
15807,5690,1.0000
15808,5690,1.0000
15809,5690,1.0000
15810,5690,1.0000
15811,5690,1.0000
15812,5690,1.0000
15813,5690,1.0000
15814,5690,1.0000
15815,5690,1.0000
15816,5690,1.0000
15817,5690,1.0000
15818,5690,1.0000
15819,5690,1.0000
15820,5690,1.0000
15821,5690,1.0000
15822,5690,1.0000
15823,5690,1.0000
15824,5690,1.0000
15825,5690,1.0000
15826,5690,1.0000
15827,5690,1.0000
15828,5692,1.0000
15829,5692,1.0000
15830,5692,1.0000
15831,5692,1.0000
15832,5692,1.0000
15833,5692,1.0000
15834,5692,1.0000
15835,5692,1.0000
15836,5692,1.0000
15837,5692,1.0000
15838,5692,1.0000
15839,5692,1.0000
15840,5692,1.0000
15841,5692,1.0000
15842,5692,1.0000
15843,5692,1.0000
15844,5692,1.0000
15845,5692,1.0000
15846,5692,1.0000
15847,5692,1.0000
15848,5692,1.0000
15849,5692,1.0000
15850,5692,1.0000
15851,5692,1.0000
15852,5692,1.0000
15853,5692,1.0000
15854,5692,1.0000
15855,5692,1.0000
15856,5692,1.0000
15857,5692,1.0000
15858,5692,1.0000
15859,5692,1.0000
15860,5692,1.0000
15861,5692,1.0000
15862,5692,1.0000
15863,5692,1.0000
15864,5692,1.0000
15865,5692,1.0000
15866,5692,1.0000
15867,5692,1.0000
15868,5692,1.0000
15869,5692,1.0000
15870,5692,1.0000
15871,5692,1.0000
15872,5692,1.0000
15873,5692,1.0000
15874,5692,1.0000
15875,5692,1.0000
15876,5692,1.0000
15877,5692,.4333
15877,5690,.5667
15878,5692,.0154
15878,5690,.9846
15879,5690,1.0000
15880,5690,1.0000
15881,5690,1.0000
15882,5690,1.0000
15883,5690,1.0000
15884,5690,1.0000
15885,5690,1.0000
15886,5690,1.0000
15887,5690,1.0000
15888,5690,1.0000
15889,5690,1.0000
15890,5690,1.0000
15891,5690,1.0000
15892,5690,1.0000
15893,5690,1.0000
15894,5690,1.0000
15895,5690,1.0000
15896,5690,1.0000
15897,5690,1.0000
15898,5690,1.0000
15899,5690,1.0000
15900,5690,1.0000
15901,5690,1.0000
15902,5690,1.0000
15903,5690,1.0000
15904,5690,1.0000
15905,5690,1.0000
15906,5690,1.0000
15907,5690,1.0000
15908,5690,1.0000
15909,5690,1.0000
15910,5690,1.0000
15911,5690,1.0000
15912,5690,1.0000
15913,5690,1.0000
15914,5690,1.0000
15915,5690,1.0000
15916,5690,1.0000
15917,5690,1.0000
15918,5690,1.0000
15919,5690,1.0000
15920,5690,1.0000
15921,5690,1.0000
15922,5690,1.0000
15923,5690,1.0000
15924,5690,1.0000
15925,5690,1.0000
15926,5690,1.0000
15927,5690,1.0000
15928,5690,1.0000
15929,5690,1.0000
15930,5690,1.0000
15931,5690,1.0000
15932,5690,1.0000
15933,5690,1.0000
15934,5690,1.0000
15935,5690,1.0000
15936,5690,1.0000
15937,5690,1.0000
15938,5690,1.0000
15939,5690,1.0000
15940,5690,1.0000
15941,5690,1.0000
15942,5690,1.0000
15943,5690,1.0000
15944,5690,1.0000
15945,5690,1.0000
15946,5690,1.0000
15947,5690,1.0000
15948,5690,1.0000
15949,5690,1.0000
15950,5690,1.0000
15951,5690,1.0000
15952,5690,1.0000
15953,5690,1.0000
15954,5690,1.0000
15955,5690,1.0000
15956,5690,1.0000
15957,5690,1.0000
15958,5690,1.0000
15959,5690,1.0000
15960,5690,1.0000
15961,5692,1.0000
15962,5692,1.0000
15963,5692,1.0000
15964,5692,1.0000
15965,5692,1.0000
15966,5692,1.0000
15967,5692,1.0000
15968,5692,1.0000
15969,5692,1.0000
15970,5692,1.0000
15971,5692,1.0000
15972,5692,1.0000
15973,5692,1.0000
15974,5692,1.0000
15975,5692,1.0000
15976,5692,1.0000
15977,5692,1.0000
15978,5692,1.0000
15979,5692,1.0000
15980,5692,1.0000
15981,5692,1.0000
15982,5692,1.0000
15983,5692,1.0000
15984,5692,1.0000
15985,5692,1.0000
15986,5692,1.0000
15987,5692,1.0000
15988,5692,1.0000
15989,5692,1.0000
15990,5692,1.0000
15991,5692,1.0000
15992,5692,1.0000
15993,5692,1.0000
15994,5692,1.0000
15995,5692,1.0000
15996,5692,1.0000
15997,5692,1.0000
15998,5692,1.0000
15999,5692,1.0000
16000,5692,1.0000
16001,5692,1.0000
16002,5692,1.0000
16003,5692,1.0000
16004,5692,1.0000
16005,5692,1.0000
16006,5692,1.0000
16007,5692,1.0000
16008,5692,1.0000
16009,5692,.8462
16009,5690,.1538
16010,5692,.0076
16010,5690,.9924
16011,5690,1.0000
16012,5690,1.0000
16013,5690,1.0000
16014,5690,1.0000
16015,5690,1.0000
16016,5690,1.0000
16017,5690,1.0000
16018,5690,1.0000
16019,5690,1.0000
16020,5690,1.0000
16021,5690,1.0000
16022,5690,1.0000
16023,5690,1.0000
16024,5690,1.0000
16025,5690,1.0000
16026,5690,1.0000
16027,5690,1.0000
16028,5690,1.0000
16029,5690,1.0000
16030,5690,1.0000
16031,5690,1.0000
16032,5690,1.0000
16033,5690,1.0000
16034,5690,1.0000
16035,5690,1.0000
16036,5690,1.0000
16037,5690,1.0000
16038,5690,1.0000
16039,5690,1.0000
16040,5690,1.0000
16041,5690,1.0000
16042,5690,1.0000
16043,5690,1.0000
16044,5690,1.0000
16045,5690,1.0000
16046,5690,1.0000
16047,5690,1.0000
16048,5690,1.0000
16049,5690,1.0000
16050,5690,1.0000
16051,5690,1.0000
16052,5690,1.0000
16053,5690,1.0000
16054,5690,1.0000
16055,5690,1.0000
16056,5690,1.0000
16057,5690,1.0000
16058,5690,1.0000
16059,5690,1.0000
16060,5690,1.0000
16061,5690,1.0000
16062,5690,1.0000
16063,5690,1.0000
16064,5690,1.0000
16065,5690,1.0000
16066,5690,1.0000
16067,5690,1.0000
16068,5690,1.0000
16069,5690,1.0000
16070,5690,1.0000
16071,5690,1.0000
16072,5690,1.0000
16073,5690,1.0000
16074,5690,1.0000
16075,5690,1.0000
16076,5690,1.0000
16077,5690,1.0000
16078,5690,1.0000
16079,5690,1.0000
16080,5690,1.0000
16081,5690,1.0000
16082,5690,1.0000
16083,5690,1.0000
16084,5690,1.0000
16085,5690,1.0000
16086,5690,1.0000
16087,5690,1.0000
16088,5690,1.0000
16089,5690,1.0000
16090,5690,1.0000
16091,5690,1.0000
16092,5690,1.0000
16093,5690,1.0000
16094,5692,1.0000
16095,5692,1.0000
16096,5692,1.0000
16097,5692,1.0000
16098,5692,1.0000
16099,5692,1.0000
16100,5692,1.0000
16101,5692,1.0000
16102,5692,1.0000
16103,5692,1.0000
16104,5692,1.0000
16105,5692,1.0000
16106,5692,1.0000
16107,5692,1.0000
16108,5692,1.0000
16109,5692,1.0000
16110,5692,1.0000
16111,5692,1.0000
16112,5692,1.0000
16113,5692,1.0000
16114,5692,1.0000
16115,5692,1.0000
16116,5692,1.0000
16117,5692,1.0000
16118,5692,1.0000
16119,5692,1.0000
16120,5692,1.0000
16121,5692,1.0000
16122,5692,1.0000
16123,5692,1.0000
16124,5692,1.0000
16125,5692,1.0000
16126,5692,1.0000
16127,5692,1.0000
16128,5692,1.0000
16129,5692,1.0000
16130,5692,1.0000
16131,5692,1.0000
16132,5692,1.0000
16133,5692,1.0000
16134,5692,1.0000
16135,5692,1.0000
16136,5692,1.0000
16137,5692,1.0000
16138,5692,1.0000
16139,5692,1.0000
16140,5692,1.0000
16141,5692,1.0000
16142,5692,.4615
16142,5690,.5385
16143,5690,1.0000
16144,5690,1.0000
16145,5690,1.0000
16146,5690,1.0000
16147,5690,1.0000
16148,5690,1.0000
16149,5690,1.0000
16150,5690,1.0000
16151,5690,1.0000
16152,5690,1.0000
16153,5690,1.0000
16154,5690,1.0000
16155,5690,1.0000
16156,5690,1.0000
16157,5690,1.0000
16158,5690,1.0000
16159,5690,1.0000
16160,5690,1.0000
16161,5690,1.0000
16162,5690,1.0000
16163,5690,1.0000
16164,5690,1.0000
16165,5690,1.0000
16166,5690,1.0000
16167,5690,1.0000
16168,5690,1.0000
16169,5690,1.0000
16170,5690,1.0000
16171,5690,1.0000
16172,5690,1.0000
16173,5690,1.0000
16174,5690,1.0000
16175,5690,1.0000
16176,5690,1.0000
16177,5690,1.0000
16178,5690,1.0000
16179,5690,1.0000
16180,5690,1.0000
16181,5690,1.0000
16182,5690,1.0000
16183,5690,1.0000
16184,5690,1.0000
16185,5690,1.0000
16186,5690,1.0000
16187,5690,1.0000
16188,5690,1.0000
16189,5690,1.0000
16190,5690,1.0000
16191,5690,1.0000
16192,5690,1.0000
16193,5690,1.0000
16194,5690,1.0000
16195,5690,1.0000
16196,5690,1.0000
16197,5690,1.0000
16198,5690,1.0000
16199,5690,1.0000
16200,5690,1.0000
16201,5690,1.0000
16202,5690,1.0000
16203,5690,1.0000
16204,5690,1.0000
16205,5690,1.0000
16206,5690,1.0000
16207,5690,1.0000
16208,5690,1.0000
16209,5690,1.0000
16210,5690,1.0000
16211,5690,1.0000
16212,5690,1.0000
16213,5690,1.0000
16214,5690,1.0000
16215,5690,1.0000
16216,5690,1.0000
16217,5690,1.0000
16218,5690,1.0000
16219,5690,1.0000
16220,5690,1.0000
16221,5690,1.0000
16222,5690,1.0000
16223,5690,1.0000
16224,5690,1.0000
16225,5690,1.0000
16226,5690,1.0000
16227,5692,1.0000
16228,5692,1.0000
16229,5692,1.0000
16230,5692,1.0000
16231,5692,1.0000
16232,5692,1.0000
16233,5692,1.0000
16234,5692,1.0000
16235,5692,1.0000
16236,5692,1.0000
16237,5692,1.0000
16238,5692,1.0000
16239,5692,1.0000
16240,5692,1.0000
16241,5692,1.0000
16242,5692,1.0000
16243,5692,1.0000
16244,5692,1.0000
16245,5692,1.0000
16246,5692,1.0000
16247,5692,1.0000
16248,5692,1.0000
16249,5692,1.0000
16250,5692,1.0000
16251,5692,1.0000
16252,5692,1.0000
16253,5692,1.0000
16254,5692,1.0000
16255,5692,1.0000
16256,5692,1.0000
16257,5692,1.0000
16258,5692,1.0000
16259,5692,1.0000
16260,5692,1.0000
16261,5692,1.0000
16262,5692,1.0000
16263,5692,1.0000
16264,5692,1.0000
16265,5692,1.0000
16266,5692,1.0000
16267,5692,1.0000
16268,5692,1.0000
16269,5692,1.0000
16270,5692,1.0000
16271,5692,1.0000
16272,5692,1.0000
16273,5692,1.0000
16274,5692,.8182
16274,5690,.1818
16275,5692,.0559
16275,5690,.9441
16276,5690,1.0000
16277,5690,1.0000
16278,5690,1.0000
16279,5690,1.0000
16280,5690,1.0000
16281,5690,1.0000
16282,5690,1.0000
16283,5690,1.0000
16284,5690,1.0000
16285,5690,1.0000
16286,5690,1.0000
16287,5690,1.0000
16288,5690,1.0000
16289,5690,1.0000
16290,5690,1.0000
16291,5690,1.0000
16292,5690,1.0000
16293,5690,1.0000
16294,5690,1.0000
16295,5690,1.0000
16296,5690,1.0000
16297,5690,1.0000
16298,5690,1.0000
16299,5690,1.0000
16300,5690,1.0000
16301,5690,1.0000
16302,5690,1.0000
16303,5690,1.0000
16304,5690,1.0000
16305,5690,1.0000
16306,5690,1.0000
16307,5690,1.0000
16308,5690,1.0000
16309,5690,1.0000
16310,5690,1.0000
16311,5690,1.0000
16312,5690,1.0000
16313,5690,1.0000
16314,5690,1.0000
16315,5690,1.0000
16316,5690,1.0000
16317,5690,1.0000
16318,5690,1.0000
16319,5690,1.0000
16320,5690,1.0000
16321,5690,1.0000
16322,5690,1.0000
16323,5690,1.0000
16324,5690,1.0000
16325,5690,1.0000
16326,5690,1.0000
16327,5690,1.0000
16328,5690,1.0000
16329,5690,1.0000
16330,5690,1.0000
16331,5690,1.0000
16332,5690,1.0000
16333,5690,1.0000
16334,5690,1.0000
16335,5690,1.0000
16336,5690,1.0000
16337,5690,1.0000
16338,5690,1.0000
16339,5690,1.0000
16340,5690,1.0000
16341,5690,1.0000
16342,5690,1.0000
16343,5690,1.0000
16344,5690,1.0000
16345,5690,1.0000
16346,5690,1.0000
16347,5690,1.0000
16348,5690,1.0000
16349,5690,1.0000
16350,5690,1.0000
16351,5690,1.0000
16352,5690,1.0000
16353,5690,1.0000
16354,5690,1.0000
16355,5690,1.0000
16356,5690,1.0000
16357,5690,1.0000
16358,5690,1.0000
16359,5690,1.0000
16360,5692,1.0000
16361,5692,1.0000
16362,5692,1.0000
16363,5692,1.0000
16364,5692,1.0000
16365,5692,1.0000
16366,5692,1.0000
16367,5692,1.0000
16368,5692,1.0000
16369,5692,1.0000
16370,5692,1.0000
16371,5692,1.0000
16372,5692,1.0000
16373,5692,1.0000
16374,5692,1.0000
16375,5692,1.0000
16376,5692,1.0000
16377,5692,1.0000
16378,5692,1.0000
16379,5692,1.0000
16380,5692,1.0000
16381,5692,1.0000
16382,5692,1.0000
16383,5692,1.0000
16384,5692,1.0000
16385,5692,1.0000
16386,5692,1.0000
16387,5692,1.0000
16388,5692,1.0000
16389,5692,1.0000
16390,5692,1.0000
16391,5692,1.0000
16392,5692,1.0000
16393,5692,1.0000
16394,5692,1.0000
16395,5692,1.0000
16396,5692,1.0000
16397,5692,1.0000
16398,5692,1.0000
16399,5692,1.0000
16400,5692,1.0000
16401,5692,1.0000
16402,5692,1.0000
16403,5692,1.0000
16404,5692,1.0000
16405,5692,1.0000
16406,5692,.9371
16406,5690,.0629
16407,5692,.2045
16407,5690,.7955
16408,5690,1.0000
16409,5690,1.0000
16410,5690,1.0000
16411,5690,1.0000
16412,5690,1.0000
16413,5690,1.0000
16414,5690,1.0000
16415,5690,1.0000
16416,5690,1.0000
16417,5690,1.0000
16418,5690,1.0000
16419,5690,1.0000
16420,5690,1.0000
16421,5690,1.0000
16422,5690,1.0000
16423,5690,1.0000
16424,5690,1.0000
16425,5690,1.0000
16426,5690,1.0000
16427,5690,1.0000
16428,5690,1.0000
16429,5690,1.0000
16430,5690,1.0000
16431,5690,1.0000
16432,5690,1.0000
16433,5690,1.0000
16434,5690,1.0000
16435,5690,1.0000
16436,5690,1.0000
16437,5690,1.0000
16438,5690,1.0000
16439,5690,1.0000
16440,5690,1.0000
16441,5690,1.0000
16442,5690,1.0000
16443,5690,1.0000
16444,5690,1.0000
16445,5690,1.0000
16446,5690,1.0000
16447,5690,1.0000
16448,5690,1.0000
16449,5690,1.0000
16450,5690,1.0000
16451,5690,1.0000
16452,5690,1.0000
16453,5690,1.0000
16454,5690,1.0000
16455,5690,1.0000
16456,5690,1.0000
16457,5690,1.0000
16458,5690,1.0000
16459,5690,1.0000
16460,5690,1.0000
16461,5690,1.0000
16462,5690,1.0000
16463,5690,1.0000
16464,5690,1.0000
16465,5690,1.0000
16466,5690,1.0000
16467,5690,1.0000
16468,5690,1.0000
16469,5690,1.0000
16470,5690,1.0000
16471,5690,1.0000
16472,5690,1.0000
16473,5690,1.0000
16474,5690,1.0000
16475,5690,1.0000
16476,5690,1.0000
16477,5690,1.0000
16478,5690,1.0000
16479,5690,1.0000
16480,5690,1.0000
16481,5690,1.0000
16482,5690,1.0000
16483,5690,1.0000
16484,5690,1.0000
16485,5690,1.0000
16486,5690,1.0000
16487,5690,1.0000
16488,5690,1.0000
16489,5690,1.0000
16490,5690,1.0000
16491,5690,1.0000
16492,5690,1.0000
16493,5692,1.0000
16494,5692,1.0000
16495,5692,1.0000
16496,5692,1.0000
16497,5692,1.0000
16498,5692,1.0000
16499,5692,1.0000
16500,5692,1.0000
16501,5692,1.0000
16502,5692,1.0000
16503,5692,1.0000
16504,5692,1.0000
16505,5692,1.0000
16506,5692,1.0000
16507,5692,1.0000
16508,5692,1.0000
16509,5692,1.0000
16510,5692,1.0000
16511,5692,1.0000
16512,5692,1.0000
16513,5692,1.0000
16514,5692,1.0000
16515,5692,1.0000
16516,5692,1.0000
16517,5692,1.0000
16518,5692,1.0000
16519,5692,1.0000
16520,5692,1.0000
16521,5692,1.0000
16522,5692,1.0000
16523,5692,1.0000
16524,5692,1.0000
16525,5692,1.0000
16526,5692,1.0000
16527,5692,1.0000
16528,5692,1.0000
16529,5692,1.0000
16530,5692,1.0000
16531,5692,1.0000
16532,5692,1.0000
16533,5692,1.0000
16534,5692,1.0000
16535,5692,1.0000
16536,5692,1.0000
16537,5692,1.0000
16538,5692,.9394
16538,5690,.0606
16539,5692,.2727
16539,5690,.7273
16540,5690,1.0000
16541,5690,1.0000
16542,5690,1.0000
16543,5690,1.0000
16544,5690,1.0000
16545,5690,1.0000
16546,5690,1.0000
16547,5690,1.0000
16548,5690,1.0000
16549,5690,1.0000
16550,5690,1.0000
16551,5690,1.0000
16552,5690,1.0000
16553,5690,1.0000
16554,5690,1.0000
16555,5690,1.0000
16556,5690,1.0000
16557,5690,1.0000
16558,5690,1.0000
16559,5690,1.0000
16560,5690,1.0000
16561,5690,1.0000
16562,5690,1.0000
16563,5690,1.0000
16564,5690,1.0000
16565,5690,1.0000
16566,5690,1.0000
16567,5690,1.0000
16568,5690,1.0000
16569,5690,1.0000
16570,5690,1.0000
16571,5690,1.0000
16572,5690,1.0000
16573,5690,1.0000
16574,5690,1.0000
16575,5690,1.0000
16576,5690,1.0000
16577,5690,1.0000
16578,5690,1.0000
16579,5690,1.0000
16580,5690,1.0000
16581,5690,1.0000
16582,5690,1.0000
16583,5690,1.0000
16584,5690,1.0000
16585,5690,1.0000
16586,5690,1.0000
16587,5690,1.0000
16588,5690,1.0000
16589,5690,1.0000
16590,5690,1.0000
16591,5690,1.0000
16592,5690,1.0000
16593,5690,1.0000
16594,5690,1.0000
16595,5690,1.0000
16596,5690,1.0000
16597,5690,1.0000
16598,5690,1.0000
16599,5690,1.0000
16600,5690,1.0000
16601,5690,1.0000
16602,5690,1.0000
16603,5690,1.0000
16604,5690,1.0000
16605,5690,1.0000
16606,5690,1.0000
16607,5690,1.0000
16608,5690,1.0000
16609,5690,1.0000
16610,5690,1.0000
16611,5690,1.0000
16612,5690,1.0000
16613,5690,1.0000
16614,5690,1.0000
16615,5690,1.0000
16616,5690,1.0000
16617,5690,1.0000
16618,5690,1.0000
16619,5690,1.0000
16620,5690,1.0000
16621,5690,1.0000
16622,5690,1.0000
16623,5690,1.0000
16624,5690,1.0000
16625,5690,1.0000
16626,5692,1.0000
16627,5692,1.0000
16628,5692,1.0000
16629,5692,1.0000
16630,5692,1.0000
16631,5692,1.0000
16632,5692,1.0000
16633,5692,1.0000
16634,5692,1.0000
16635,5692,1.0000
16636,5692,1.0000
16637,5692,1.0000
16638,5692,1.0000
16639,5692,1.0000
16640,5692,1.0000
16641,5692,1.0000
16642,5692,1.0000
16643,5692,1.0000
16644,5692,1.0000
16645,5692,1.0000
16646,5692,1.0000
16647,5692,1.0000
16648,5692,1.0000
16649,5692,1.0000
16650,5692,1.0000
16651,5692,1.0000
16652,5692,1.0000
16653,5692,1.0000
16654,5692,1.0000
16655,5692,1.0000
16656,5692,1.0000
16657,5692,1.0000
16658,5692,1.0000
16659,5692,1.0000
16660,5692,1.0000
16661,5692,1.0000
16662,5692,1.0000
16663,5692,1.0000
16664,5692,1.0000
16665,5692,1.0000
16666,5692,1.0000
16667,5692,1.0000
16668,5692,1.0000
16669,5692,1.0000
16670,5692,.9923
16670,5690,.0077
16671,5692,.3750
16671,5690,.6250
16672,5690,1.0000
16673,5690,1.0000
16674,5690,1.0000
16675,5690,1.0000
16676,5690,1.0000
16677,5690,1.0000
16678,5690,1.0000
16679,5690,1.0000
16680,5690,1.0000
16681,5690,1.0000
16682,5690,1.0000
16683,5690,1.0000
16684,5690,1.0000
16685,5690,1.0000
16686,5690,1.0000
16687,5690,1.0000
16688,5690,1.0000
16689,5690,1.0000
16690,5690,1.0000
16691,5690,1.0000
16692,5690,1.0000
16693,5690,1.0000
16694,5690,1.0000
16695,5690,1.0000
16696,5690,1.0000
16697,5690,1.0000
16698,5690,1.0000
16699,5690,1.0000
16700,5690,1.0000
16701,5690,1.0000
16702,5690,1.0000
16703,5690,1.0000
16704,5690,1.0000
16705,5690,1.0000
16706,5690,1.0000
16707,5690,1.0000
16708,5690,1.0000
16709,5690,1.0000
16710,5690,1.0000
16711,5690,1.0000
16712,5690,1.0000
16713,5690,1.0000
16714,5690,1.0000
16715,5690,1.0000
16716,5690,1.0000
16717,5690,1.0000
16718,5690,1.0000
16719,5690,1.0000
16720,5690,1.0000
16721,5690,1.0000
16722,5690,1.0000
16723,5690,1.0000
16724,5690,1.0000
16725,5690,1.0000
16726,5690,1.0000
16727,5690,1.0000
16728,5690,1.0000
16729,5690,1.0000
16730,5690,1.0000
16731,5690,1.0000
16732,5690,1.0000
16733,5690,1.0000
16734,5690,1.0000
16735,5690,1.0000
16736,5690,1.0000
16737,5690,1.0000
16738,5690,1.0000
16739,5690,1.0000
16740,5690,1.0000
16741,5690,1.0000
16742,5690,1.0000
16743,5690,1.0000
16744,5690,1.0000
16745,5690,1.0000
16746,5690,1.0000
16747,5690,1.0000
16748,5690,1.0000
16749,5690,1.0000
16750,5690,1.0000
16751,5690,1.0000
16752,5690,1.0000
16753,5690,1.0000
16754,5690,1.0000
16755,5690,1.0000
16756,5690,1.0000
16757,5690,1.0000
16758,5690,1.0000
16759,5692,1.0000
16760,5692,1.0000
16761,5692,1.0000
16762,5692,1.0000
16763,5692,1.0000
16764,5692,1.0000
16765,5692,1.0000
16766,5692,1.0000
16767,5692,1.0000
16768,5692,1.0000
16769,5692,1.0000
16770,5692,1.0000
16771,5692,1.0000
16772,5692,1.0000
16773,5692,1.0000
16774,5692,1.0000
16775,5692,1.0000
16776,5692,1.0000
16777,5692,1.0000
16778,5692,1.0000
16779,5692,1.0000
16780,5692,1.0000
16781,5692,1.0000
16782,5692,1.0000
16783,5692,1.0000
16784,5692,1.0000
16785,5692,1.0000
16786,5692,1.0000
16787,5692,1.0000
16788,5692,1.0000
16789,5692,1.0000
16790,5692,1.0000
16791,5692,1.0000
16792,5692,1.0000
16793,5692,1.0000
16794,5692,1.0000
16795,5692,1.0000
16796,5692,1.0000
16797,5692,1.0000
16798,5692,1.0000
16799,5692,1.0000
16800,5692,1.0000
16801,5692,1.0000
16802,5692,1.0000
16803,5692,.5455
16803,5690,.4545
16804,5690,1.0000
16805,5690,1.0000
16806,5690,1.0000
16807,5690,1.0000
16808,5690,1.0000
16809,5690,1.0000
16810,5690,1.0000
16811,5690,1.0000
16812,5690,1.0000
16813,5690,1.0000
16814,5690,1.0000
16815,5690,1.0000
16816,5690,1.0000
16817,5690,1.0000
16818,5690,1.0000
16819,5690,1.0000
16820,5690,1.0000
16821,5690,1.0000
16822,5690,1.0000
16823,5690,1.0000
16824,5690,1.0000
16825,5690,1.0000
16826,5690,1.0000
16827,5690,1.0000
16828,5690,1.0000
16829,5690,1.0000
16830,5690,1.0000
16831,5690,1.0000
16832,5690,1.0000
16833,5690,1.0000
16834,5690,1.0000
16835,5690,1.0000
16836,5690,1.0000
16837,5690,1.0000
16838,5690,1.0000
16839,5690,1.0000
16840,5690,1.0000
16841,5690,1.0000
16842,5690,1.0000
16843,5690,1.0000
16844,5690,1.0000
16845,5690,1.0000
16846,5690,1.0000
16847,5690,1.0000
16848,5690,1.0000
16849,5690,1.0000
16850,5690,1.0000
16851,5690,1.0000
16852,5690,1.0000
16853,5690,1.0000
16854,5690,1.0000
16855,5690,1.0000
16856,5690,1.0000
16857,5690,1.0000
16858,5690,1.0000
16859,5690,1.0000
16860,5690,1.0000
16861,5690,1.0000
16862,5690,1.0000
16863,5690,1.0000
16864,5690,1.0000
16865,5690,1.0000
16866,5690,1.0000
16867,5690,1.0000
16868,5690,1.0000
16869,5690,1.0000
16870,5690,1.0000
16871,5690,1.0000
16872,5690,1.0000
16873,5690,1.0000
16874,5690,1.0000
16875,5690,1.0000
16876,5690,1.0000
16877,5690,1.0000
16878,5690,1.0000
16879,5690,1.0000
16880,5690,1.0000
16881,5690,1.0000
16882,5690,1.0000
16883,5690,1.0000
16884,5690,1.0000
16885,5690,1.0000
16886,5690,1.0000
16887,5690,1.0000
16888,5690,1.0000
16889,5690,1.0000
16890,5690,1.0000
16891,5690,1.0000
16892,5692,1.0000
16893,5692,1.0000
16894,5692,1.0000
16895,5692,1.0000
16896,5692,1.0000
16897,5692,1.0000
16898,5692,1.0000
16899,5692,1.0000
16900,5692,1.0000
16901,5692,1.0000
16902,5692,1.0000
16903,5692,1.0000
16904,5692,1.0000
16905,5692,1.0000
16906,5692,1.0000
16907,5692,1.0000
16908,5692,1.0000
16909,5692,1.0000
16910,5692,1.0000
16911,5692,1.0000
16912,5692,1.0000
16913,5692,1.0000
16914,5692,1.0000
16915,5692,1.0000
16916,5692,1.0000
16917,5692,1.0000
16918,5692,1.0000
16919,5692,1.0000
16920,5692,1.0000
16921,5692,1.0000
16922,5692,1.0000
16923,5692,1.0000
16924,5692,1.0000
16925,5692,1.0000
16926,5692,1.0000
16927,5692,1.0000
16928,5692,1.0000
16929,5692,1.0000
16930,5692,1.0000
16931,5692,1.0000
16932,5692,1.0000
16933,5692,1.0000
16934,5692,1.0000
16935,5692,.8788
16935,5690,.1212
16936,5692,.0490
16936,5690,.9510
16937,5690,1.0000
16938,5690,1.0000
16939,5690,1.0000
16940,5690,1.0000
16941,5690,1.0000
16942,5690,1.0000
16943,5690,1.0000
16944,5690,1.0000
16945,5690,1.0000
16946,5690,1.0000
16947,5690,1.0000
16948,5690,1.0000
16949,5690,1.0000
16950,5690,1.0000
16951,5690,1.0000
16952,5690,1.0000
16953,5690,1.0000
16954,5690,1.0000
16955,5690,1.0000
16956,5690,1.0000
16957,5690,1.0000
16958,5690,1.0000
16959,5690,1.0000
16960,5690,1.0000
16961,5690,1.0000
16962,5690,1.0000
16963,5690,1.0000
16964,5690,1.0000
16965,5690,.9927
16965,5699,.0073
16966,5690,.8601
16966,5699,.1399
16967,5690,.8492
16967,5699,.1508
16968,5690,1.0000
16969,5690,1.0000
16970,5690,1.0000
16971,5690,1.0000
16972,5690,1.0000
16973,5690,1.0000
16974,5690,1.0000
16975,5690,1.0000
16976,5690,1.0000
16977,5690,1.0000
16978,5690,1.0000
16979,5690,1.0000
16980,5690,1.0000
16981,5690,1.0000
16982,5690,1.0000
16983,5690,1.0000
16984,5690,1.0000
16985,5690,1.0000
16986,5690,1.0000
16987,5690,1.0000
16988,5690,1.0000
16989,5690,1.0000
16990,5690,1.0000
16991,5690,1.0000
16992,5690,1.0000
16993,5690,1.0000
16994,5690,1.0000
16995,5690,1.0000
16996,5690,1.0000
16997,5690,1.0000
16998,5690,1.0000
16999,5690,1.0000
17000,5690,1.0000
17001,5690,1.0000
17002,5690,1.0000
17003,5690,1.0000
17004,5690,1.0000
17005,5690,1.0000
17006,5690,1.0000
17007,5690,1.0000
17008,5690,1.0000
17009,5690,1.0000
17010,5690,1.0000
17011,5690,1.0000
17012,5690,1.0000
17013,5690,1.0000
17014,5690,1.0000
17015,5690,1.0000
17016,5690,1.0000
17017,5690,1.0000
17018,5690,1.0000
17019,5690,1.0000
17020,5690,1.0000
17021,5690,1.0000
17022,5690,1.0000
17023,5690,1.0000
17024,5690,1.0000
17025,5692,1.0000
17026,5692,1.0000
17027,5692,1.0000
17028,5692,1.0000
17029,5692,1.0000
17030,5692,1.0000
17031,5692,1.0000
17032,5692,1.0000
17033,5692,1.0000
17034,5692,1.0000
17035,5692,1.0000
17036,5692,1.0000
17037,5692,1.0000
17038,5692,1.0000
17039,5692,1.0000
17040,5692,1.0000
17041,5692,1.0000
17042,5692,1.0000
17043,5692,1.0000
17044,5692,1.0000
17045,5692,1.0000
17046,5692,1.0000
17047,5692,1.0000
17048,5692,1.0000
17049,5692,1.0000
17050,5692,1.0000
17051,5692,1.0000
17052,5692,1.0000
17053,5692,1.0000
17054,5692,1.0000
17055,5692,1.0000
17056,5692,1.0000
17057,5692,1.0000
17058,5692,1.0000
17059,5692,1.0000
17060,5692,1.0000
17061,5692,1.0000
17062,5692,1.0000
17063,5692,1.0000
17064,5692,1.0000
17065,5692,1.0000
17066,5692,1.0000
17067,5692,1.0000
17068,5692,.4394
17068,5690,.5606
17069,5690,1.0000
17070,5690,1.0000
17071,5690,1.0000
17072,5690,1.0000
17073,5690,1.0000
17074,5690,1.0000
17075,5690,1.0000
17076,5690,1.0000
17077,5690,1.0000
17078,5690,1.0000
17079,5690,1.0000
17080,5690,1.0000
17081,5690,1.0000
17082,5690,1.0000
17083,5690,1.0000
17084,5690,1.0000
17085,5690,1.0000
17086,5690,1.0000
17087,5690,1.0000
17088,5690,1.0000
17089,5690,1.0000
17090,5690,1.0000
17091,5690,1.0000
17092,5690,1.0000
17093,5690,1.0000
17094,5690,.9852
17094,5699,.0148
17095,5690,.7357
17095,5699,.2643
17096,5690,.8080
17096,5699,.1920
17097,5690,.5944
17097,5699,.4056
17098,5690,.1618
17098,5699,.8382
17099,5699,1.0000
17100,5699,.9852
17100,5690,.0148
17101,5690,.2409
17101,5699,.7591
17102,5690,.2867
17102,5699,.7133
17103,5690,.2598
17103,5699,.7402
17104,5690,.2937
17104,5699,.7063
17105,5690,.4148
17105,5699,.5852
17106,5690,.5956
17106,5699,.4044
17107,5690,.9562
17107,5699,.0438
17108,5690,1.0000
17109,5690,1.0000
17110,5690,1.0000
17111,5690,1.0000
17112,5690,1.0000
17113,5690,1.0000
17114,5690,1.0000
17115,5690,1.0000
17116,5690,1.0000
17117,5690,1.0000
17118,5690,1.0000
17119,5690,1.0000
17120,5690,1.0000
17121,5690,1.0000
17122,5690,1.0000
17123,5690,1.0000
17124,5690,1.0000
17125,5690,1.0000
17126,5690,1.0000
17127,5690,1.0000
17128,5690,1.0000
17129,5690,1.0000
17130,5690,1.0000
17131,5690,1.0000
17132,5690,1.0000
17133,5690,1.0000
17134,5690,1.0000
17135,5690,1.0000
17136,5690,1.0000
17137,5690,1.0000
17138,5690,1.0000
17139,5690,1.0000
17140,5690,1.0000
17141,5690,1.0000
17142,5690,1.0000
17143,5690,1.0000
17144,5690,1.0000
17145,5690,1.0000
17146,5690,1.0000
17147,5690,1.0000
17148,5690,1.0000
17149,5690,1.0000
17150,5690,1.0000
17151,5690,.9338
17151,-999,.0662
17152,5690,.6715
17152,-999,.3285
17153,5690,.6103
17153,-999,.3897
17154,5690,.8406
17154,-999,.1594
17155,5690,1.0000
17156,5690,1.0000
17157,5690,1.0000
17158,5692,1.0000
17159,5692,1.0000
17160,5692,1.0000
17161,5692,1.0000
17162,5692,1.0000
17163,5692,1.0000
17164,5692,1.0000
17165,5692,1.0000
17166,5692,1.0000
17167,5692,1.0000
17168,5692,1.0000
17169,5692,1.0000
17170,5692,1.0000
17171,5692,1.0000
17172,5692,1.0000
17173,5692,1.0000
17174,5692,1.0000
17175,5692,1.0000
17176,5692,1.0000
17177,5692,1.0000
17178,5692,1.0000
17179,5692,1.0000
17180,5692,1.0000
17181,5692,1.0000
17182,5692,1.0000
17183,5692,1.0000
17184,5692,1.0000
17185,5692,1.0000
17186,5692,1.0000
17187,5692,1.0000
17188,5692,1.0000
17189,5692,1.0000
17190,5692,1.0000
17191,5692,1.0000
17192,5692,1.0000
17193,5692,1.0000
17194,5692,1.0000
17195,5692,1.0000
17196,5692,1.0000
17197,5692,1.0000
17198,5692,1.0000
17199,5692,1.0000
17200,5692,.9860
17200,5690,.0140
17201,5692,.1288
17201,5690,.8712
17202,5690,1.0000
17203,5690,1.0000
17204,5690,1.0000
17205,5690,1.0000
17206,5690,1.0000
17207,5690,1.0000
17208,5690,1.0000
17209,5690,1.0000
17210,5690,1.0000
17211,5690,1.0000
17212,5690,1.0000
17213,5690,1.0000
17214,5690,1.0000
17215,5690,1.0000
17216,5690,1.0000
17217,5690,1.0000
17218,5690,1.0000
17219,5690,1.0000
17220,5690,.9924
17220,5699,.0076
17221,5690,.5804
17221,5699,.4196
17222,5690,.5714
17222,5699,.4286
17223,5690,.8984
17223,5699,.1016
17224,5690,1.0000
17225,5690,1.0000
17226,5690,.9231
17226,5699,.0769
17227,5690,.2444
17227,5699,.7556
17228,5699,1.0000
17229,5699,1.0000
17230,5699,1.0000
17231,5699,1.0000
17232,5699,1.0000
17233,5699,1.0000
17234,5699,1.0000
17235,5699,1.0000
17236,5699,1.0000
17237,5699,1.0000
17238,5699,1.0000
17239,5699,1.0000
17240,5699,.6549
17240,5690,.3451
17241,5690,.9470
17241,5699,.0530
17242,5690,1.0000
17243,5690,1.0000
17244,5690,1.0000
17245,5690,1.0000
17246,5690,1.0000
17247,5690,1.0000
17248,5690,1.0000
17249,5690,1.0000
17250,5690,1.0000
17251,5690,1.0000
17252,5690,1.0000
17253,5690,1.0000
17254,5690,1.0000
17255,5690,1.0000
17256,5690,1.0000
17257,5690,1.0000
17258,5690,1.0000
17259,5690,1.0000
17260,5690,1.0000
17261,5690,1.0000
17262,5690,1.0000
17263,5690,1.0000
17264,5690,1.0000
17265,5690,1.0000
17266,5690,1.0000
17267,5690,1.0000
17268,5690,1.0000
17269,5690,1.0000
17270,5690,1.0000
17271,5690,1.0000
17272,5690,1.0000
17273,5690,1.0000
17274,5690,1.0000
17275,5690,1.0000
17276,5690,1.0000
17277,5690,1.0000
17278,5690,1.0000
17279,5690,1.0000
17280,5690,1.0000
17281,5690,1.0000
17282,5690,1.0000
17283,5690,.4526
17283,-999,.5474
17284,5690,.3913
17284,-999,.6087
17285,-999,.1397
17285,5690,.8603
17286,-999,.0584
17286,5690,.9416
17287,-999,.3650
17287,5690,.6350
17288,5690,.4058
17288,-999,.5942
17289,5690,.9343
17289,-999,.0657
17290,5690,.9783
17290,-999,.0217
17291,5692,1.0000
17292,5692,1.0000
17293,5692,1.0000
17294,5692,1.0000
17295,5692,1.0000
17296,5692,1.0000
17297,5692,1.0000
17298,5692,1.0000
17299,5692,1.0000
17300,5692,1.0000
17301,5692,1.0000
17302,5692,1.0000
17303,5692,1.0000
17304,5692,1.0000
17305,5692,1.0000
17306,5692,1.0000
17307,5692,1.0000
17308,5692,1.0000
17309,5692,1.0000
17310,5692,1.0000
17311,5692,1.0000
17312,5692,1.0000
17313,5692,1.0000
17314,5692,1.0000
17315,5692,1.0000
17316,5692,1.0000
17317,5692,1.0000
17318,5692,1.0000
17319,5692,1.0000
17320,5692,1.0000
17321,5692,1.0000
17322,5692,1.0000
17323,5692,1.0000
17324,5692,1.0000
17325,5692,1.0000
17326,5692,1.0000
17327,5692,1.0000
17328,5692,1.0000
17329,5692,1.0000
17330,5692,1.0000
17331,5692,1.0000
17332,5692,1.0000
17333,5692,.8462
17333,5690,.1538
17334,5690,1.0000
17335,5690,1.0000
17336,5690,1.0000
17337,5690,1.0000
17338,5690,1.0000
17339,5690,1.0000
17340,5690,1.0000
17341,5690,1.0000
17342,5690,1.0000
17343,5690,1.0000
17344,5690,1.0000
17345,5690,1.0000
17346,5690,1.0000
17347,5690,1.0000
17348,5690,1.0000
17349,5690,1.0000
17350,5690,1.0000
17351,5690,1.0000
17352,5690,1.0000
17353,5690,.9296
17353,5699,.0704
17354,5699,.8582
17354,5690,.1418
17355,5699,1.0000
17356,5699,.9380
17356,5690,.0620
17357,5690,.4895
17357,5699,.5105
17358,5690,.5180
17358,5699,.4820
17359,5690,.1825
17359,5699,.8175
17360,5699,1.0000
17361,5699,1.0000
17362,5699,1.0000
17363,5699,1.0000
17364,5699,1.0000
17365,5699,1.0000
17366,5699,1.0000
17367,5699,1.0000
17368,5699,1.0000
17369,5699,1.0000
17370,5699,1.0000
17371,5699,1.0000
17372,5699,1.0000
17373,5699,1.0000
17374,5690,.1168
17374,5699,.8832
17375,5690,.6934
17375,5699,.3066
17376,5690,1.0000
17377,5690,1.0000
17378,5690,1.0000
17379,5690,1.0000
17380,5690,1.0000
17381,5690,1.0000
17382,5690,1.0000
17383,5690,1.0000
17384,5690,1.0000
17385,5690,1.0000
17386,5690,1.0000
17387,5690,1.0000
17388,5690,1.0000
17389,5690,1.0000
17390,5690,1.0000
17391,5690,1.0000
17392,5690,1.0000
17393,5690,1.0000
17394,5690,1.0000
17395,5690,1.0000
17396,5690,1.0000
17397,5690,1.0000
17398,5690,1.0000
17399,5690,1.0000
17400,5690,1.0000
17401,5690,1.0000
17402,5690,1.0000
17403,5690,1.0000
17404,5690,1.0000
17405,5690,1.0000
17406,5690,1.0000
17407,5690,1.0000
17408,5690,1.0000
17409,5690,1.0000
17410,5690,1.0000
17411,5690,1.0000
17412,5690,1.0000
17413,5690,1.0000
17414,5690,.9855
17414,-999,.0145
17415,5690,.8248
17415,-999,.1752
17416,-999,.6324
17416,5690,.3676
17417,-999,.0652
17417,5690,.9348
17418,5690,1.0000
17419,5690,1.0000
17420,5690,1.0000
17421,5690,.5693
17421,-999,.4307
17422,5690,.2609
17422,-999,.7391
17423,5690,.1314
17423,-999,.8686
17424,5692,1.0000
17425,5692,1.0000
17426,5692,1.0000
17427,5692,1.0000
17428,5692,1.0000
17429,5692,1.0000
17430,5692,1.0000
17431,5692,1.0000
17432,5692,1.0000
17433,5692,1.0000
17434,5692,1.0000
17435,5692,1.0000
17436,5692,1.0000
17437,5692,1.0000
17438,5692,1.0000
17439,5692,1.0000
17440,5692,1.0000
17441,5692,1.0000
17442,5692,1.0000
17443,5692,1.0000
17444,5692,1.0000
17445,5692,1.0000
17446,5692,1.0000
17447,5692,1.0000
17448,5692,1.0000
17449,5692,1.0000
17450,5692,1.0000
17451,5692,1.0000
17452,5692,1.0000
17453,5692,1.0000
17454,5692,1.0000
17455,5692,1.0000
17456,5692,1.0000
17457,5692,1.0000
17458,5692,1.0000
17459,5692,1.0000
17460,5692,1.0000
17461,5692,1.0000
17462,5692,1.0000
17463,5692,1.0000
17464,5692,1.0000
17465,5692,.9231
17465,5709,.0769
17466,5692,.3427
17466,5690,.1538
17466,5709,.5035
17467,5690,.6364
17467,5709,.3636
17468,5690,.8462
17468,5709,.1538
17469,5690,.9091
17469,5709,.0909
17470,5690,.9924
17470,5709,.0076
17471,5690,1.0000
17472,5690,1.0000
17473,5690,1.0000
17474,5690,1.0000
17475,5690,1.0000
17476,5690,1.0000
17477,5690,1.0000
17478,5690,1.0000
17479,5690,1.0000
17480,5690,1.0000
17481,5690,1.0000
17482,5690,1.0000
17483,5690,1.0000
17484,5690,1.0000
17485,5690,1.0000
17486,5690,1.0000
17487,5690,.9091
17487,5699,.0909
17488,5699,.7376
17488,5690,.2624
17489,5699,1.0000
17490,5699,1.0000
17491,5699,1.0000
17492,5699,1.0000
17493,5699,1.0000
17494,5699,1.0000
17495,5699,1.0000
17496,5699,1.0000
17497,5699,1.0000
17498,5699,1.0000
17499,5699,1.0000
17500,5699,1.0000
17501,5699,1.0000
17502,5699,1.0000
17503,5699,1.0000
17504,5699,1.0000
17505,5699,1.0000
17506,5699,1.0000
17507,5699,.9851
17507,5690,.0149
17508,5699,.2042
17508,5690,.7958
17509,5690,1.0000
17510,5690,1.0000
17511,5690,1.0000
17512,5690,.9398
17512,5699,.0602
17513,5690,.8601
17513,5699,.1399
17514,5690,.9773
17514,5699,.0227
17515,5690,1.0000
17516,5690,1.0000
17517,5690,1.0000
17518,5690,1.0000
17519,5690,1.0000
17520,5690,1.0000
17521,5690,1.0000
17522,5690,1.0000
17523,5690,1.0000
17524,5690,1.0000
17525,5690,1.0000
17526,5690,1.0000
17527,5690,1.0000
17528,5690,1.0000
17529,5690,1.0000
17530,5690,1.0000
17531,5690,1.0000
17532,5690,1.0000
17533,5690,1.0000
17534,5690,1.0000
17535,5690,1.0000
17536,5690,1.0000
17537,5690,1.0000
17538,5690,1.0000
17539,5690,1.0000
17540,5690,1.0000
17541,5690,1.0000
17542,5690,1.0000
17543,5690,1.0000
17544,5690,1.0000
17545,5690,1.0000
17546,5690,.8382
17546,-999,.1618
17547,5690,.8832
17547,-999,.1168
17548,-999,.4173
17548,5690,.5827
17549,-999,.4191
17549,5690,.5809
17550,5690,1.0000
17551,5690,1.0000
17552,5690,1.0000
17553,5690,1.0000
17554,5690,1.0000
17555,5690,.8043
17555,-999,.1957
17556,-999,.3022
17556,5690,.6978
17557,5692,1.0000
17558,5692,1.0000
17559,5692,1.0000
17560,5692,1.0000
17561,5692,1.0000
17562,5692,1.0000
17563,5692,1.0000
17564,5692,1.0000
17565,5692,1.0000
17566,5692,1.0000
17567,5692,1.0000
17568,5692,1.0000
17569,5692,1.0000
17570,5692,1.0000
17571,5692,1.0000
17572,5692,1.0000
17573,5692,1.0000
17574,5692,1.0000
17575,5692,1.0000
17576,5692,1.0000
17577,5692,1.0000
17578,5692,1.0000
17579,5692,1.0000
17580,5692,1.0000
17581,5692,1.0000
17582,5692,1.0000
17583,5692,1.0000
17584,5692,1.0000
17585,5692,1.0000
17586,5692,1.0000
17587,5692,1.0000
17588,5692,1.0000
17589,5692,1.0000
17590,5692,1.0000
17591,5692,1.0000
17592,5692,1.0000
17593,5692,1.0000
17594,5692,1.0000
17595,5692,1.0000
17596,5692,.9860
17596,5709,.0140
17597,5692,.6591
17597,5709,.3409
17598,5692,.1119
17598,5709,.8881
17599,5709,1.0000
17600,5709,1.0000
17601,5709,1.0000
17602,5709,1.0000
17603,5709,.5606
17603,5690,.4394
17604,5690,1.0000
17605,5690,1.0000
17606,5690,1.0000
17607,5690,1.0000
17608,5690,1.0000
17609,5690,1.0000
17610,5690,1.0000
17611,5690,1.0000
17612,5690,1.0000
17613,5690,1.0000
17614,5690,1.0000
17615,5690,1.0000
17616,5690,1.0000
17617,5690,1.0000
17618,5690,1.0000
17619,5690,1.0000
17620,5690,1.0000
17621,5690,.9254
17621,5699,.0746
17622,5699,.8881
17622,5690,.1119
17623,5699,.8382
17623,5690,.1618
17624,5699,.3969
17624,5690,.6031
17625,5699,.4648
17625,5690,.5352
17626,5699,1.0000
17627,5699,1.0000
17628,5699,1.0000
17629,5699,1.0000
17630,5699,1.0000
17631,5699,1.0000
17632,5699,1.0000
17633,5699,1.0000
17634,5699,1.0000
17635,5699,1.0000
17636,5699,1.0000
17637,5699,1.0000
17638,5699,1.0000
17639,5699,1.0000
17640,5699,.8881
17640,5690,.1119
17641,5690,1.0000
17642,5690,1.0000
17643,5690,.9784
17643,5699,.0216
17644,5690,.5489
17644,5699,.4511
17645,5690,.0629
17645,5699,.9371
17646,5699,1.0000
17647,5690,.4000
17647,5699,.6000
17648,5690,.9784
17648,5699,.0216
17649,5690,1.0000
17650,5690,1.0000
17651,5690,1.0000
17652,5690,1.0000
17653,5690,1.0000
17654,5690,1.0000
17655,5690,1.0000
17656,5690,1.0000
17657,5690,1.0000
17658,5690,1.0000
17659,5690,1.0000
17660,5690,1.0000
17661,5690,1.0000
17662,5690,1.0000
17663,5690,1.0000
17664,5690,1.0000
17665,5690,1.0000
17666,5690,1.0000
17667,5690,1.0000
17668,5690,1.0000
17669,5690,1.0000
17670,5690,1.0000
17671,5690,1.0000
17672,5690,1.0000
17673,5690,1.0000
17674,5690,1.0000
17675,5690,1.0000
17676,5690,1.0000
17677,5690,1.0000
17678,5690,1.0000
17679,-999,.4745
17679,5690,.5255
17680,-999,.4745
17680,5690,.5255
17681,-999,.4118
17681,5690,.5882
17682,-999,.1522
17682,5690,.8478
17683,5690,1.0000
17684,5690,1.0000
17685,5690,1.0000
17686,5690,1.0000
17687,5690,1.0000
17688,5690,1.0000
17689,5690,1.0000
