gridID,TreeFrac,CropFrac,ShrubFrac,HerbFrac
1,.2493,.1729,.5015,.0117
2,.4204,.2225,.2581,.0438
3,.5650,.0444,.3264,.0000
4,.5257,.1285,.2930,.0000
5,.3841,.1365,.4123,.0000
6,.6189,.0564,.2637,.0000
7,.4114,.0920,.4412,.0000
8,.2976,.1908,.4623,.0000
9,.4444,.0550,.4508,.0000
10,.4559,.0906,.4091,.0000
11,.3434,.0994,.5060,.0000
12,.2339,.1256,.5455,.0398
13,.5460,.0384,.3286,.0385
14,.1368,.2679,.5393,.0000
15,.1694,.2587,.4615,.0157
16,.4650,.1847,.2759,.0000
17,.1170,.3577,.4451,.0000
18,.1856,.3846,.3567,.0000
19,.0144,.5952,.2825,.0000
20,.2751,.1849,.4725,.0000
21,.3918,.1890,.3232,.0000
22,.0158,.5030,.3490,.0000
23,.1816,.3459,.3665,.0137
24,.1079,.4173,.3938,.0000
25,.2477,.1968,.4978,.0000
26,.1174,.4197,.4024,.0000
27,.1693,.2152,.5609,.0000
28,.5447,.1183,.2901,.0000
29,.4313,.1116,.4081,.0000
30,.0803,.3105,.5286,.0000
31,.0583,.2623,.5624,.0266
32,.3990,.1114,.4441,.0035
33,.2318,.2725,.4573,.0000
34,.4158,.0890,.4549,.0000
35,.1789,.3065,.4669,.0039
36,.1279,.4243,.3887,.0000
37,.3818,.0850,.4639,.0039
38,.5761,.1204,.2153,.0294
39,.1594,.3227,.3883,.0343
40,.0200,.3218,.5596,.0001
41,.0732,.1993,.6299,.0000
42,.0963,.1207,.6873,.0145
43,.0344,.4162,.3734,.0699
44,.2048,.1900,.5207,.0063
45,.4169,.1338,.3442,.0343
46,.0417,.3922,.0433,.3454
47,.0069,.7376,.1644,.0194
48,.3243,.4535,.1797,.0029
49,.7437,.0328,.1569,.0000
50,.4025,.1911,.2611,.0734
51,.0743,.3158,.4640,.0627
52,.5207,.0839,.3007,.0092
53,.1806,.1658,.5740,.0000
54,.0879,.1793,.6648,.0000
55,.1067,.2025,.6296,.0000
56,.1026,.1733,.6501,.0000
57,.1293,.4300,.3514,.0195
58,.0529,.4566,.2757,.1155
59,.0089,.4423,.0103,.2386
60,.0200,.5804,.0785,.2086
61,.0084,.6099,.1426,.1045
62,.0502,.4177,.3719,.0402
63,.1142,.3892,.3658,.0058
64,.0887,.4307,.2795,.1070
65,.0114,.7934,.1418,.0161
66,.0100,.5445,.0171,.1278
67,.0000,.0310,.0086,.0444
68,.0000,.0000,.0000,.0000
69,.0000,.0000,.0000,.0000
70,.0000,.0000,.0050,.0054
71,.0006,.0095,.0057,.4286
72,.0019,.4404,.1503,.2854
73,.0123,.2977,.0358,.5275
74,.0158,.2919,.0786,.4470
75,.0867,.4712,.0495,.2796
76,.0159,.0674,.0812,.3547
77,.0054,.2614,.0785,.2730
78,.0197,.0469,.2275,.3410
79,.0838,.0984,.4705,.1492
80,.1647,.0639,.4096,.1472
81,.0000,.0000,.0589,.1214
82,.0000,.0000,.0000,.1118
83,.0000,.0000,.0000,.0000
84,.0000,.0000,.0000,.0066
85,.0000,.0000,.0000,.0000
86,.0000,.0000,.0000,.0000
87,.0000,.0000,.0000,.0000
88,.0000,.0000,.0000,.0000
89,.0000,.0000,.0000,.0000
90,.0000,.0000,.0000,.0000
91,.0000,.0000,.0000,.0000
92,.0000,.0000,.0000,.0000
93,.0000,.0000,.0000,.0000
94,.0000,.0000,.0000,.0000
95,.0000,.0000,.0000,.0000
96,.0000,.0000,.0000,.0000
97,.0000,.0000,.0000,.0000
98,.0000,.0000,.0000,.0097
99,.0000,.0000,.0224,.0830
100,.0000,.0000,.0000,.0000
101,.0000,.0000,.0089,.0000
102,.0000,.0000,.0010,.0470
103,.0000,.0000,.0000,.0000
104,.0000,.0000,.0000,.0000
105,.0000,.0000,.0000,.0000
106,.0000,.0000,.0000,.0000
107,.0000,.0000,.0000,.0000
108,.0000,.0000,.0000,.0000
109,.0000,.0000,.0000,.0000
110,.0000,.1222,.0423,.0073
111,.0000,.1990,.0343,.2081
112,.0000,.1168,.0537,.0590
113,.0000,.0000,.0000,.0000
114,.0000,.0000,.0000,.0000
115,.0000,.0000,.0000,.0000
116,.0000,.0000,.0000,.0000
117,.0000,.0000,.0000,.0000
118,.0000,.0000,.0000,.0000
119,.0000,.0000,.0000,.0000
120,.0000,.0000,.0000,.0000
121,.0000,.0000,.0000,.0000
122,.0000,.0000,.0000,.0000
123,.0000,.0000,.0000,.0000
124,.0000,.0000,.0000,.0000
125,.0000,.0000,.0000,.0000
126,.0000,.0000,.0000,.0000
127,.0000,.0000,.0000,.0000
128,.0000,.0000,.0000,.0000
129,.0000,.0000,.0000,.0000
130,.0000,.0000,.0000,.0000
131,.3715,.0680,.4518,.0453
132,.3788,.1500,.4242,.0000
133,.4017,.1152,.4242,.0000
134,.6393,.0257,.2748,.0000
135,.4731,.1958,.2817,.0000
136,.3485,.1575,.4273,.0000
137,.2150,.2203,.5044,.0000
138,.3803,.1038,.4651,.0000
139,.1897,.2336,.5208,.0000
140,.2736,.2202,.4195,.0246
141,.1766,.2019,.5347,.0336
142,.2618,.1929,.4512,.0563
143,.5682,.0494,.2954,.0404
144,.1492,.2796,.5119,.0083
145,.1655,.0995,.5202,.1618
146,.5017,.0923,.3200,.0202
147,.1692,.2286,.5289,.0032
148,.1657,.2215,.5213,.0058
149,.0730,.3841,.3296,.0673
150,.1548,.1858,.5023,.0631
151,.1264,.4431,.3483,.0177
152,.2086,.1848,.5343,.0000
153,.1926,.2101,.5147,.0000
154,.5211,.0967,.3313,.0000
155,.4602,.0525,.4332,.0000
156,.3852,.1145,.4195,.0206
157,.4795,.0660,.3889,.0000
158,.5543,.0260,.3589,.0000
159,.3223,.2207,.3419,.0547
160,.0764,.5372,.1978,.1339
161,.0582,.3415,.5301,.0168
162,.4325,.0808,.4521,.0006
163,.2936,.1146,.5728,.0000
164,.5133,.0511,.3835,.0000
165,.5500,.0516,.3683,.0000
166,.4539,.1133,.3913,.0000
167,.3924,.0625,.4839,.0006
168,.2280,.3345,.3642,.0003
169,.0459,.3925,.4649,.0000
170,.0274,.4312,.3204,.0771
171,.0498,.2468,.6262,.0000
172,.2246,.0960,.5198,.0826
173,.0779,.3140,.4428,.0494
174,.4084,.1562,.3768,.0000
175,.5528,.1524,.2258,.0027
176,.1773,.5131,.1084,.1147
177,.1622,.4476,.3020,.0026
178,.2607,.3699,.3035,.0010
179,.6222,.1017,.2303,.0000
180,.5098,.2435,.1894,.0000
181,.0289,.4801,.4080,.0000
182,.1137,.2444,.5641,.0043
183,.1635,.4050,.3391,.0000
184,.0190,.2926,.5624,.0000
185,.0519,.1971,.6551,.0000
186,.2732,.1523,.4963,.0000
187,.0719,.4481,.2768,.0767
188,.4806,.0986,.2872,.0592
189,.0216,.6557,.0203,.1443
190,.0051,.6300,.1634,.1190
191,.0058,.3151,.4697,.0186
192,.1772,.1475,.5415,.0000
193,.3306,.1225,.4296,.0233
194,.2678,.2624,.2720,.0711
195,.0527,.5104,.2730,.0616
196,.0093,.6034,.0148,.0203
197,.0000,.0311,.0299,.0027
198,.0000,.0000,.0000,.0000
199,.0000,.0000,.0000,.0000
200,.0000,.0000,.0000,.0000
201,.0158,.2628,.0519,.1794
202,.0273,.6259,.0777,.1249
203,.0238,.6063,.1465,.0854
204,.0265,.7888,.1069,.0205
205,.0116,.5973,.0305,.1527
206,.0463,.1591,.1298,.2895
207,.1283,.6431,.0661,.0416
208,.0005,.3183,.1026,.2673
209,.0004,.0147,.1717,.2381
210,.0006,.0000,.1146,.1304
211,.0000,.0000,.0122,.0010
212,.0000,.0000,.0018,.0129
213,.0029,.0068,.0072,.0297
214,.2252,.0398,.2015,.1878
215,.1573,.0511,.0895,.2144
216,.0000,.0053,.0185,.0502
217,.0000,.0000,.0000,.0000
218,.0000,.0000,.0000,.0000
219,.0000,.0000,.0000,.0000
220,.0000,.0000,.0000,.0000
221,.0000,.0000,.0000,.0000
222,.0000,.0000,.0000,.0000
223,.0000,.0000,.0000,.0000
224,.0000,.0000,.0000,.0000
225,.0000,.0000,.0000,.0000
226,.0000,.0000,.0000,.0000
227,.0000,.0000,.0000,.0000
228,.0000,.0000,.0000,.0000
229,.0000,.0000,.0000,.0000
230,.0000,.0000,.0000,.0000
231,.0000,.0000,.0000,.0000
232,.0000,.0000,.0000,.0000
233,.0000,.0000,.0000,.0000
234,.0000,.0000,.0000,.0000
235,.0000,.0000,.0000,.0000
236,.0000,.0000,.0000,.0000
237,.0000,.0000,.0000,.0000
238,.0000,.0000,.0000,.0000
239,.0000,.0000,.0000,.0000
240,.0000,.0000,.0000,.0000
241,.0000,.0000,.0000,.0000
242,.0000,.0363,.0000,.0371
243,.0000,.0000,.0000,.0000
244,.0000,.0000,.0000,.0000
245,.0000,.0000,.0000,.0000
246,.0000,.0000,.0000,.0000
247,.0000,.0000,.0000,.0000
248,.0000,.0000,.0000,.0000
249,.0000,.0000,.0000,.0000
250,.0000,.0000,.0000,.0000
251,.0000,.0000,.0000,.0000
252,.0000,.0000,.0000,.0000
253,.0000,.0000,.0000,.0000
254,.0000,.0000,.0000,.0000
255,.0000,.0000,.0000,.0000
256,.0000,.0000,.0000,.0000
257,.0000,.0000,.0000,.0000
258,.0000,.0000,.0000,.0000
259,.0000,.0000,.0000,.0000
260,.0000,.0000,.0000,.0000
261,.2262,.2846,.3802,.0494
262,.3748,.1224,.4118,.0452
263,.4780,.0978,.3676,.0000
264,.4230,.1301,.3969,.0000
265,.6184,.0410,.2796,.0000
266,.5361,.1373,.2686,.0000
267,.3996,.2320,.3028,.0000
268,.2755,.1930,.3941,.0676
269,.4407,.1807,.2268,.1001
270,.2578,.2667,.4211,.0000
271,.3442,.2278,.3691,.0000
272,.4829,.0440,.4202,.0000
273,.5131,.0828,.3454,.0000
274,.2271,.1723,.5519,.0000
275,.3260,.0954,.5247,.0047
276,.4671,.0510,.3536,.0605
277,.3163,.3037,.2269,.0997
278,.0722,.3156,.5256,.0000
279,.0305,.3655,.5016,.0000
280,.0614,.3831,.4557,.0000
281,.0856,.5165,.2981,.0000
282,.1571,.5167,.2440,.0000
283,.5047,.1369,.2844,.0000
284,.3429,.2618,.2113,.0947
285,.5691,.0420,.2608,.0701
286,.4341,.0568,.4535,.0000
287,.5035,.0964,.3433,.0000
288,.5677,.0572,.3193,.0000
289,.5352,.1432,.2605,.0000
290,.3950,.2156,.3331,.0000
291,.4851,.1659,.3039,.0000
292,.4662,.2391,.2639,.0000
293,.3431,.1233,.4444,.0529
294,.4841,.1292,.3466,.0000
295,.7348,.0225,.1893,.0000
296,.4687,.0853,.4158,.0000
297,.2401,.3440,.3610,.0000
298,.0491,.5794,.2871,.0000
299,.1084,.3530,.4623,.0000
300,.1098,.3266,.4100,.0287
301,.0257,.4569,.3713,.0323
302,.3218,.1062,.4989,.0078
303,.0999,.1749,.6410,.0000
304,.6077,.0376,.2910,.0000
305,.6635,.1242,.1471,.0000
306,.5907,.1436,.2016,.0058
307,.3007,.2606,.3825,.0000
308,.1225,.2985,.5128,.0016
309,.4229,.0703,.3880,.0684
310,.5445,.0916,.2971,.0000
311,.0866,.2719,.5406,.0000
312,.0474,.5535,.2928,.0000
313,.0313,.4516,.4035,.0000
314,.0174,.2202,.6452,.0000
315,.2006,.1472,.5312,.0362
316,.2725,.1986,.4345,.0000
317,.1958,.2558,.4564,.0006
318,.5898,.1224,.2145,.0155
319,.0269,.7139,.1069,.0437
320,.0002,.7251,.0249,.1537
321,.0038,.4477,.1491,.1511
322,.2004,.2830,.3041,.0451
323,.4964,.0616,.3636,.0023
324,.5312,.0570,.3220,.0067
325,.3069,.3619,.2099,.0369
326,.0494,.5269,.0852,.1218
327,.0056,.1379,.0181,.0658
328,.0000,.0000,.0000,.0000
329,.0000,.0000,.0000,.0000
330,.0000,.0000,.0000,.0000
331,.0086,.1501,.0082,.2044
332,.0553,.6256,.1264,.0772
333,.3173,.1331,.3202,.0739
334,.0321,.7419,.0907,.0177
335,.0055,.7081,.0033,.0924
336,.0073,.3974,.0119,.2194
337,.0196,.7117,.0585,.0222
338,.0114,.7385,.0453,.0457
339,.0002,.0313,.1973,.2692
340,.0000,.0000,.0276,.0000
341,.0000,.0000,.0000,.0000
342,.0000,.0000,.0000,.0000
343,.0370,.0322,.0224,.3013
344,.2563,.0550,.1307,.4622
345,.1532,.2739,.0721,.3091
346,.0000,.0135,.0452,.3148
347,.0000,.0000,.0000,.0000
348,.0000,.0000,.0000,.0000
349,.0000,.0000,.0000,.0000
350,.0000,.0000,.0000,.0000
351,.0000,.0000,.0000,.0000
352,.0000,.0000,.0000,.0000
353,.0000,.0000,.0000,.0000
354,.0000,.0000,.0000,.0000
355,.0000,.0000,.0000,.0000
356,.0000,.0000,.0000,.0000
357,.0000,.0000,.0000,.1174
358,.0000,.0000,.0000,.0218
359,.0000,.0000,.0000,.0000
360,.0000,.0000,.0000,.0000
361,.0000,.0000,.0000,.0000
362,.0000,.0186,.0453,.0253
363,.0000,.0209,.0687,.1003
364,.0000,.0000,.0000,.0000
365,.0000,.0000,.0000,.0000
366,.0000,.0000,.0000,.0000
367,.0000,.0000,.0000,.0000
368,.0000,.0000,.0000,.0000
369,.0000,.0000,.0000,.0000
370,.0000,.0000,.0000,.0000
371,.0000,.0000,.0000,.0000
372,.0000,.0000,.0000,.0000
373,.0000,.0000,.0000,.0000
374,.0000,.0000,.0000,.0000
375,.0000,.0000,.0000,.0000
376,.0000,.0000,.0000,.0000
377,.0000,.0000,.0000,.0000
378,.0000,.0000,.0000,.0000
379,.0000,.0000,.0000,.0000
380,.0000,.0000,.0000,.0000
381,.0000,.0000,.0000,.0000
382,.0000,.0000,.0000,.0000
383,.0000,.0000,.0000,.0000
384,.0000,.0000,.0000,.0000
385,.0000,.0000,.0000,.0000
386,.0000,.0000,.0000,.0000
387,.0000,.0000,.0000,.0000
388,.0000,.0000,.0000,.0000
389,.0000,.0000,.0000,.0000
390,.0000,.0000,.0000,.0000
391,.1675,.3499,.3435,.0558
392,.3603,.1248,.2987,.1666
393,.2845,.1798,.4688,.0000
394,.3660,.1245,.4055,.0368
395,.3838,.0729,.4751,.0000
396,.6061,.0539,.2810,.0000
397,.3820,.3609,.1522,.0505
398,.3590,.1196,.4486,.0000
399,.5132,.0517,.3706,.0000
400,.5125,.1088,.3110,.0000
401,.4030,.1375,.3943,.0000
402,.7337,.0170,.1857,.0000
403,.2800,.1502,.3709,.1360
404,.4809,.1152,.3379,.0039
405,.3486,.3789,.2272,.0049
406,.3526,.1291,.4335,.0136
407,.4545,.0515,.3141,.0910
408,.5846,.0920,.2523,.0000
409,.1366,.3652,.4157,.0000
410,.0604,.4494,.4010,.0000
411,.0389,.5671,.3004,.0088
412,.0112,.7738,.0887,.0073
413,.0401,.5740,.2443,.0059
414,.1389,.3462,.2998,.0732
415,.1585,.2248,.4161,.0650
416,.6628,.0202,.2493,.0000
417,.7041,.0251,.2019,.0000
418,.5192,.1080,.3070,.0000
419,.4984,.1072,.3401,.0000
420,.4236,.1394,.3914,.0000
421,.6534,.0212,.2539,.0105
422,.4854,.0301,.4100,.0187
423,.6360,.0207,.2838,.0008
424,.6041,.0256,.3044,.0000
425,.5729,.0822,.2895,.0000
426,.4437,.0610,.4298,.0000
427,.2107,.2677,.4592,.0000
428,.3168,.1864,.4119,.0302
429,.3906,.1420,.3978,.0128
430,.6196,.0349,.2898,.0000
431,.1614,.4124,.2999,.0000
432,.1032,.3248,.4229,.0246
433,.2544,.1456,.5212,.0000
434,.3157,.2385,.3830,.0040
435,.5386,.0903,.1798,.1256
436,.3132,.0983,.5022,.0049
437,.1990,.1976,.5299,.0000
438,.2697,.1998,.4663,.0000
439,.0392,.3330,.5509,.0000
440,.2179,.2053,.5175,.0000
441,.0269,.3445,.5563,.0000
442,.0199,.5157,.3478,.0000
443,.0468,.2545,.4193,.1418
444,.1025,.1569,.6165,.0213
445,.3740,.3247,.1839,.0550
446,.4502,.0997,.3779,.0000
447,.1193,.3596,.4109,.0098
448,.2834,.3212,.2944,.0037
449,.1076,.4913,.2749,.0065
450,.0142,.6094,.1434,.0485
451,.0094,.5173,.2015,.0776
452,.3387,.2282,.3204,.0207
453,.6171,.1315,.0849,.0811
454,.6132,.1289,.1520,.0496
455,.6790,.0045,.1979,.0408
456,.5294,.0501,.2541,.0756
457,.2408,.2488,.1708,.1441
458,.0035,.0112,.0421,.2687
459,.0000,.0000,.0243,.1424
460,.0000,.0000,.0000,.0000
461,.0002,.0040,.0053,.0105
462,.0762,.4324,.0919,.1292
463,.3016,.2810,.1765,.0693
464,.0401,.5532,.2057,.0114
465,.0381,.5636,.2542,.0049
466,.0152,.7279,.0256,.0889
467,.0044,.4940,.0000,.2240
468,.0111,.4585,.0757,.1840
469,.0063,.2664,.0140,.3131
470,.0000,.0000,.0140,.1011
471,.0000,.0000,.0313,.0401
472,.0000,.0000,.0076,.1314
473,.0000,.0582,.0797,.3818
474,.0000,.1391,.1015,.4040
475,.0000,.0577,.2300,.2502
476,.0000,.0000,.1103,.4178
477,.0000,.0000,.0770,.1111
478,.0000,.0000,.0000,.0000
479,.0000,.0000,.0000,.0000
480,.0000,.0000,.0000,.0000
481,.0000,.0000,.0000,.0000
482,.0000,.0000,.0000,.0000
483,.0000,.0000,.0000,.0000
484,.0000,.0000,.0000,.0000
485,.0000,.0170,.0065,.1299
486,.0000,.0000,.0150,.0000
487,.0000,.0000,.0000,.0596
488,.0000,.0000,.0000,.0319
489,.0000,.0000,.0000,.0000
490,.0000,.0000,.0000,.0000
491,.0000,.0000,.0000,.0000
492,.0000,.0000,.0000,.0000
493,.0000,.0000,.0000,.0000
494,.0000,.0000,.0000,.0000
495,.0000,.0000,.0000,.0000
496,.0000,.0000,.0000,.0000
497,.0000,.0000,.0000,.0000
498,.0000,.0000,.0000,.0000
499,.0000,.0000,.0000,.0000
500,.0000,.0000,.0000,.0000
501,.0000,.0000,.0000,.0000
502,.0000,.0000,.0000,.0000
503,.0000,.0000,.0000,.0000
504,.0000,.0000,.0000,.0000
505,.0000,.0000,.0000,.0000
506,.0000,.0000,.0000,.0000
507,.0000,.0000,.0000,.0000
508,.0000,.0000,.0000,.0000
509,.0000,.0000,.0000,.0000
510,.0000,.0000,.0000,.0000
511,.0000,.0000,.0000,.0000
512,.0000,.0000,.0000,.0000
513,.0000,.0000,.0000,.0000
514,.0000,.0000,.0000,.0000
515,.0000,.0000,.0000,.0000
516,.0000,.0000,.0000,.0000
517,.0000,.0000,.0000,.0000
518,.0000,.0000,.0000,.0000
519,.0000,.0000,.0000,.0000
520,.0000,.0000,.0000,.0000
521,.2052,.3316,.3534,.0478
522,.4140,.0947,.3544,.0853
523,.6264,.0332,.2770,.0000
524,.4253,.2444,.2753,.0000
525,.3757,.1762,.3863,.0000
526,.4340,.0893,.3779,.0475
527,.4710,.2205,.1624,.0845
528,.5871,.0871,.2614,.0001
529,.4126,.2113,.3099,.0000
530,.3240,.2231,.3870,.0000
531,.3990,.2454,.2934,.0000
532,.6770,.0112,.2490,.0000
533,.3883,.2391,.3092,.0000
534,.3642,.1458,.4228,.0029
535,.3203,.1173,.4324,.0748
536,.4015,.0492,.4519,.0188
537,.7892,.0043,.1411,.0000
538,.7375,.0031,.2021,.0000
539,.4507,.1722,.3080,.0000
540,.0782,.5934,.2124,.0000
541,.0328,.5677,.2923,.0108
542,.0291,.7172,.1362,.0161
543,.0018,.6355,.1923,.0396
544,.0200,.6409,.0217,.0922
545,.0546,.4276,.2376,.0789
546,.3144,.1120,.4902,.0000
547,.4634,.0786,.3816,.0000
548,.5034,.0734,.3196,.0268
549,.5630,.0877,.2542,.0213
550,.5510,.0313,.3462,.0000
551,.5622,.0372,.2219,.1126
552,.4533,.0642,.2986,.1191
553,.6487,.0211,.2612,.0000
554,.6501,.0200,.2482,.0122
555,.5522,.0832,.2789,.0281
556,.3483,.1887,.3602,.0295
557,.3598,.1166,.4420,.0000
558,.5741,.0217,.3559,.0000
559,.8592,.0015,.0997,.0000
560,.7864,.0017,.1656,.0000
561,.3338,.2923,.2858,.0000
562,.0123,.6328,.1282,.0500
563,.0220,.6460,.1105,.0403
564,.0886,.4570,.2571,.0718
565,.1257,.2100,.5533,.0257
566,.0196,.2458,.6262,.0000
567,.0842,.1702,.6536,.0000
568,.0807,.4293,.3883,.0000
569,.2035,.3169,.3646,.0036
570,.0943,.1366,.6680,.0000
571,.0268,.3020,.5879,.0000
572,.0912,.1778,.6350,.0000
573,.2174,.0888,.5959,.0000
574,.1073,.1081,.6793,.0018
575,.3102,.1319,.4280,.0256
576,.0465,.3566,.5032,.0000
577,.1401,.3446,.3672,.0355
578,.0940,.3345,.4215,.0137
579,.1761,.2760,.3886,.0345
580,.1988,.5007,.1218,.0479
581,.0456,.4535,.3180,.0013
582,.1219,.3135,.4553,.0000
583,.3168,.2328,.2842,.0904
584,.5445,.0326,.2520,.1065
585,.7390,.0000,.1819,.0134
586,.7058,.0000,.1527,.0693
587,.5982,.1168,.1228,.0924
588,.1628,.2788,.2569,.1613
589,.0014,.1045,.0656,.4856
590,.0000,.0000,.0002,.0000
591,.0040,.2593,.0000,.0878
592,.0106,.5975,.1485,.0464
593,.1960,.3050,.3841,.0017
594,.3038,.3565,.2175,.0043
595,.1848,.2365,.3294,.0339
596,.0544,.3347,.0964,.1255
597,.0060,.3499,.0235,.1933
598,.0024,.2675,.0060,.3800
599,.0017,.2577,.0448,.4310
600,.0000,.1584,.2914,.2896
601,.0000,.0000,.1056,.1155
602,.0000,.0405,.0292,.3511
603,.0130,.1046,.2407,.3192
604,.0645,.0459,.1554,.3208
605,.0000,.0482,.1974,.0126
606,.0000,.0000,.1591,.0796
607,.0000,.0000,.0024,.0031
608,.0000,.0000,.0000,.0000
609,.0000,.0000,.0000,.0000
610,.0000,.0000,.0000,.0000
611,.0000,.0000,.0000,.0000
612,.0000,.0000,.0000,.0000
613,.0000,.0000,.0000,.0000
614,.0000,.0000,.0000,.0000
615,.0000,.0036,.0134,.0074
616,.0000,.0000,.0000,.0000
617,.0000,.0000,.0000,.0000
618,.0000,.0000,.0000,.1434
619,.0000,.0000,.0000,.0000
620,.0000,.0000,.0000,.0000
621,.0000,.0000,.0000,.0000
622,.0000,.0000,.0000,.0000
623,.0000,.0000,.0000,.0000
624,.0000,.0000,.0000,.0000
625,.0000,.0000,.0000,.0000
626,.0000,.0000,.0000,.0000
627,.0000,.0000,.0000,.0000
628,.0000,.0000,.0000,.0000
629,.0000,.0000,.0000,.0000
630,.0000,.0000,.0000,.1793
631,.0000,.0000,.0000,.0207
632,.0000,.0000,.0000,.0000
633,.0000,.0000,.0000,.0000
634,.0000,.0000,.0000,.0000
635,.0000,.0000,.0000,.0000
636,.0000,.0000,.0000,.0000
637,.0000,.0000,.0000,.0000
638,.0000,.0000,.0000,.0000
639,.0000,.0000,.0000,.0000
640,.0000,.0000,.0000,.0000
641,.0000,.0000,.0000,.0000
642,.0000,.0000,.0000,.0000
643,.0000,.0000,.0000,.0000
644,.0000,.0000,.0000,.0000
645,.0000,.0000,.0000,.0000
646,.0000,.0000,.0000,.0000
647,.0000,.0000,.0000,.0000
648,.0000,.0000,.0000,.0000
649,.0000,.0000,.0000,.0000
650,.0000,.0000,.0000,.0000
651,.3322,.1402,.4768,.0000
652,.2717,.2334,.4444,.0000
653,.4010,.0447,.4885,.0000
654,.4776,.0808,.3794,.0000
655,.4130,.1301,.4014,.0000
656,.4820,.1554,.2795,.0262
657,.3731,.2418,.2749,.0412
658,.4728,.1970,.2491,.0002
659,.3968,.1176,.4220,.0000
660,.3982,.1700,.3827,.0000
661,.5920,.1099,.2411,.0000
662,.6216,.0750,.1920,.0376
663,.5977,.0624,.2149,.0453
664,.5769,.0513,.3028,.0000
665,.6809,.0200,.2308,.0000
666,.5230,.0281,.3884,.0000
667,.6898,.0076,.2461,.0000
668,.7010,.0042,.2436,.0000
669,.6913,.0052,.2541,.0000
670,.4595,.1851,.2993,.0000
671,.3838,.1935,.3632,.0000
672,.3097,.3889,.2364,.0027
673,.1033,.4957,.3270,.0007
674,.0108,.7738,.1057,.0016
675,.0185,.6722,.1984,.0000
676,.2369,.1620,.5236,.0000
677,.3931,.0305,.5141,.0000
678,.4392,.0718,.4224,.0000
679,.4840,.0439,.3917,.0129
680,.6396,.0212,.2732,.0000
681,.5198,.0368,.3748,.0000
682,.5833,.0599,.2838,.0000
683,.7317,.0280,.1776,.0000
684,.6115,.0286,.2835,.0109
685,.4970,.2443,.1303,.0718
686,.7271,.0103,.1979,.0105
687,.7835,.0070,.1644,.0000
688,.6974,.0080,.2467,.0000
689,.8380,.0000,.1174,.0000
690,.7067,.0036,.1846,.0416
691,.3175,.3313,.2767,.0057
692,.0347,.5084,.1822,.1295
693,.1074,.3847,.1366,.2024
694,.0250,.4207,.0663,.2596
695,.0923,.3394,.4694,.0090
696,.0284,.2591,.6121,.0000
697,.1079,.1499,.6290,.0268
698,.1148,.2950,.5145,.0000
699,.1218,.1921,.5938,.0039
700,.3596,.1099,.3768,.0686
701,.1017,.1969,.6119,.0000
702,.3204,.0876,.5123,.0000
703,.2684,.1543,.5061,.0000
704,.2746,.0944,.5439,.0000
705,.1317,.2434,.5230,.0000
706,.0962,.3268,.4836,.0000
707,.1950,.1898,.5163,.0000
708,.1628,.1961,.5351,.0000
709,.1513,.2366,.4881,.0000
710,.2751,.3719,.2573,.0000
711,.0740,.3058,.4986,.0084
712,.0667,.3923,.2135,.1229
713,.2212,.2462,.3669,.0660
714,.5740,.0000,.2062,.1713
715,.7774,.0000,.1441,.0218
716,.7489,.0000,.1541,.0314
717,.7437,.0014,.1368,.0415
718,.4872,.1106,.1469,.1531
719,.1460,.2776,.1236,.1718
720,.0008,.0016,.0021,.0246
721,.0517,.1488,.0152,.1786
722,.1057,.3241,.2861,.0745
723,.2853,.2547,.1913,.1016
724,.3628,.1492,.2339,.1648
725,.6606,.0093,.2426,.0425
726,.4082,.2275,.0811,.1667
727,.0221,.2099,.0886,.2833
728,.0067,.1932,.0000,.4558
729,.0063,.6433,.0013,.1112
730,.0004,.5582,.0549,.0599
731,.0000,.0587,.0462,.1180
732,.1775,.3004,.1863,.1038
733,.1611,.2590,.3011,.1573
734,.5039,.0532,.2864,.0615
735,.0256,.2060,.0478,.2042
736,.0000,.0000,.0469,.0190
737,.0000,.0000,.0000,.0000
738,.0000,.0000,.0000,.0000
739,.0000,.0000,.0000,.0000
740,.0000,.0000,.0000,.0000
741,.0000,.0000,.0000,.0000
742,.0000,.0000,.0000,.0000
743,.0000,.0000,.0000,.0000
744,.0000,.0000,.0000,.0000
745,.0000,.0000,.0000,.0000
746,.0074,.0000,.0004,.0113
747,.0004,.0000,.0000,.0003
748,.0000,.0000,.0000,.0000
749,.0000,.0000,.0000,.0000
750,.0000,.0000,.0000,.0000
751,.0000,.0000,.0560,.0471
752,.0000,.0000,.0149,.0000
753,.0000,.0000,.0000,.0000
754,.0000,.0000,.0000,.0000
755,.0000,.0000,.0000,.0570
756,.0000,.0000,.0000,.3816
757,.0000,.0000,.0000,.0000
758,.0000,.0000,.0054,.0000
759,.0000,.0000,.0041,.0290
760,.0000,.0000,.0008,.1973
761,.0000,.0000,.0000,.0722
762,.0000,.0000,.0000,.0000
763,.0000,.0000,.0000,.0000
764,.0000,.0000,.0000,.0000
765,.0000,.0000,.0000,.0000
766,.0000,.0000,.0000,.0000
767,.0000,.0000,.0000,.0000
768,.0000,.0000,.0000,.0000
769,.0000,.0000,.0000,.0000
770,.0000,.0000,.0000,.0000
771,.0000,.0000,.0000,.0000
772,.0000,.0000,.0000,.0000
773,.0000,.0000,.0000,.0000
774,.0000,.0000,.0000,.0000
775,.0000,.0000,.0000,.0000
776,.0000,.0000,.0000,.0000
777,.0000,.0000,.0000,.0000
778,.0000,.0000,.0000,.0000
779,.0000,.0000,.0000,.0000
780,.0000,.0000,.0000,.0000
781,.4197,.0989,.4271,.0000
782,.2934,.1900,.4425,.0000
783,.4191,.0289,.4929,.0000
784,.3333,.0982,.4870,.0197
785,.4473,.0412,.4087,.0216
786,.6417,.0141,.2661,.0000
787,.5979,.0214,.2704,.0320
788,.4117,.0984,.3350,.0606
789,.4375,.1572,.3029,.0433
790,.4024,.0897,.4582,.0000
791,.3487,.0892,.4872,.0093
792,.5558,.1439,.2136,.0163
793,.5826,.0402,.2930,.0027
794,.6618,.0091,.2656,.0000
795,.6160,.0125,.3062,.0000
796,.6674,.0170,.2378,.0000
797,.7775,.0013,.1628,.0000
798,.5062,.1460,.2859,.0000
799,.6561,.0363,.2452,.0000
800,.5557,.1250,.2587,.0000
801,.5676,.0089,.3620,.0000
802,.5976,.0074,.3056,.0199
803,.6404,.0664,.2417,.0017
804,.1216,.5845,.2301,.0000
805,.0126,.7647,.1130,.0000
806,.2430,.2963,.3727,.0036
807,.4318,.1146,.3339,.0519
808,.5326,.0284,.3851,.0000
809,.5615,.0032,.3894,.0000
810,.5699,.0085,.3549,.0000
811,.5847,.0315,.3056,.0000
812,.5987,.1860,.1490,.0000
813,.5745,.1497,.2237,.0000
814,.6145,.0031,.3316,.0000
815,.6565,.0133,.1677,.1077
816,.4630,.2762,.1674,.0582
817,.7587,.0010,.1230,.0743
818,.7692,.0012,.1828,.0085
819,.5620,.0236,.3624,.0000
820,.3841,.1429,.3557,.0525
821,.0923,.3821,.4150,.0258
822,.0386,.5013,.3488,.0025
823,.0338,.4791,.3666,.0148
824,.0037,.7009,.1277,.0383
825,.0099,.6132,.1641,.1021
826,.0356,.5737,.2948,.0136
827,.2651,.0968,.4834,.0815
828,.2727,.1271,.5188,.0000
829,.1225,.2870,.5060,.0000
830,.1757,.1152,.6397,.0000
831,.1275,.3023,.4897,.0000
832,.1058,.2850,.5407,.0037
833,.1815,.1930,.5311,.0178
834,.0800,.2087,.6086,.0000
835,.0928,.2844,.5115,.0000
836,.5403,.1169,.2339,.0270
837,.1259,.1103,.6888,.0000
838,.1328,.1306,.6283,.0005
839,.1059,.2465,.3298,.1404
840,.0531,.2586,.3984,.0969
841,.1012,.2932,.4558,.0083
842,.0137,.4454,.3584,.0507
843,.1975,.2141,.4363,.0645
844,.6225,.0000,.2099,.1146
845,.7830,.0000,.1598,.0060
846,.8226,.0000,.1185,.0084
847,.6855,.0000,.1206,.1375
848,.7464,.0000,.0330,.1506
849,.3514,.0326,.0925,.2975
850,.1586,.0978,.1270,.2165
851,.1790,.1214,.0962,.1923
852,.0189,.4171,.0801,.2257
853,.0313,.4846,.0362,.1531
854,.1112,.3062,.3054,.1292
855,.3959,.0212,.3990,.0779
856,.0489,.1248,.3029,.2167
857,.0087,.0509,.1011,.4071
858,.0085,.2545,.0000,.3842
859,.0040,.5786,.0016,.0866
860,.0009,.2292,.0978,.2212
861,.0119,.5665,.0000,.2454
862,.0172,.5196,.0759,.1084
863,.0212,.3901,.0537,.2370
864,.1214,.2922,.1111,.1920
865,.0050,.0676,.0202,.4166
866,.0010,.0346,.0315,.0457
867,.0000,.0000,.0000,.0000
868,.0000,.0000,.0000,.0000
869,.0000,.0000,.0000,.0000
870,.0000,.0000,.0000,.0000
871,.0000,.0000,.0000,.0000
872,.0000,.0000,.0000,.0000
873,.0000,.0000,.0000,.0000
874,.0000,.0000,.0000,.0000
875,.0000,.0000,.0000,.0000
876,.2659,.0000,.1542,.1555
877,.2699,.0000,.0705,.1744
878,.3406,.0000,.0697,.2080
879,.0228,.0000,.0226,.1595
880,.0000,.0000,.0013,.0000
881,.0430,.0000,.1260,.0711
882,.0000,.0000,.0439,.2636
883,.0000,.0000,.0050,.0148
884,.0000,.0000,.0000,.0000
885,.0000,.0000,.0000,.1982
886,.0000,.0000,.0431,.6043
887,.0000,.0000,.0000,.0386
888,.0000,.0000,.0461,.2162
889,.0000,.0000,.0447,.1973
890,.0000,.0000,.1259,.0826
891,.0000,.0000,.0000,.0000
892,.0000,.0000,.0000,.0000
893,.0000,.0000,.0000,.0000
894,.0000,.0000,.0000,.0000
895,.0000,.0000,.0000,.0000
896,.0000,.0000,.0000,.0000
897,.0000,.0000,.0000,.0000
898,.0000,.0000,.0000,.0000
899,.0000,.0000,.0000,.0000
900,.0000,.0000,.0000,.0000
901,.0000,.0000,.0000,.0000
902,.0000,.0000,.0000,.0000
903,.0000,.0000,.0000,.0000
904,.0000,.0000,.0000,.0000
905,.0000,.0000,.0000,.0000
906,.0000,.0000,.0000,.0000
907,.0000,.0000,.0000,.0000
908,.0000,.0000,.0000,.0000
909,.0000,.0000,.0000,.0000
910,.0000,.0000,.0000,.0000
911,.6185,.0577,.2499,.0000
912,.4985,.0834,.3526,.0000
913,.6917,.0061,.2281,.0000
914,.6596,.0298,.2406,.0048
915,.4496,.1060,.3592,.0065
916,.5994,.0100,.3295,.0000
917,.4405,.0761,.4164,.0013
918,.4390,.1140,.3047,.0558
919,.4230,.2051,.1907,.1263
920,.3813,.0659,.4365,.0606
921,.4175,.1214,.4001,.0010
922,.5353,.0917,.2723,.0362
923,.5877,.0967,.2231,.0175
924,.5282,.0189,.3865,.0042
925,.6051,.0048,.3359,.0000
926,.7076,.0137,.2089,.0000
927,.4670,.0597,.4034,.0000
928,.5327,.1141,.2795,.0005
929,.5334,.0829,.2543,.0440
930,.6440,.0343,.2572,.0015
931,.6629,.0011,.2545,.0051
932,.6273,.0025,.2083,.0811
933,.5674,.0804,.2442,.0594
934,.5600,.1574,.2261,.0000
935,.0237,.7147,.1380,.0208
936,.0485,.6577,.1780,.0043
937,.1025,.4299,.3550,.0564
938,.2758,.1945,.4694,.0000
939,.5166,.0360,.3926,.0000
940,.6842,.0040,.2626,.0000
941,.6095,.0153,.2027,.0885
942,.6663,.0733,.2092,.0000
943,.7306,.0245,.2002,.0000
944,.7063,.0609,.1907,.0000
945,.5790,.0305,.3219,.0117
946,.6397,.1525,.1336,.0268
947,.7352,.0019,.1804,.0181
948,.6337,.0180,.1863,.0961
949,.3625,.1237,.4559,.0000
950,.0277,.5551,.3329,.0000
951,.1086,.4162,.4122,.0000
952,.1953,.2654,.4673,.0000
953,.1408,.3560,.3910,.0163
954,.0226,.6041,.2448,.0291
955,.0134,.5696,.2774,.0418
956,.0062,.7029,.1833,.0000
957,.0105,.5357,.3571,.0000
958,.1195,.2409,.4802,.0834
959,.1809,.1671,.5581,.0169
960,.0353,.4708,.3293,.0520
961,.0247,.5160,.3808,.0000
962,.0107,.7221,.2002,.0000
963,.0500,.5838,.2110,.0717
964,.0165,.4759,.3869,.0349
965,.2463,.1380,.5113,.0152
966,.1940,.1019,.6341,.0025
967,.1517,.1489,.6267,.0000
968,.2755,.1775,.4528,.0015
969,.0450,.1983,.0561,.3611
970,.0392,.2593,.2241,.1922
971,.0101,.4295,.4237,.0020
972,.0050,.3815,.5133,.0000
973,.3799,.1355,.3800,.0054
974,.5944,.0000,.1737,.1517
975,.7418,.0000,.1613,.0384
976,.7870,.0000,.0980,.0364
977,.4844,.0403,.3552,.0409
978,.4475,.0711,.2851,.1011
979,.0853,.1134,.1350,.2279
980,.3604,.0479,.3133,.1491
981,.5157,.0479,.2520,.1130
982,.0320,.6052,.0702,.0627
983,.0379,.5078,.2452,.0610
984,.4239,.0490,.3247,.1389
985,.6005,.0023,.2922,.0333
986,.1076,.3234,.2667,.0589
987,.0335,.5414,.0443,.1272
988,.0137,.1761,.0158,.3284
989,.0015,.1312,.0497,.2611
990,.0117,.4027,.0164,.1930
991,.0207,.6404,.0000,.1527
992,.0141,.6920,.0110,.1059
993,.0166,.4162,.1212,.1017
994,.0122,.2688,.1390,.1888
995,.1433,.0398,.2873,.1737
996,.1941,.1235,.1716,.2426
997,.0027,.0447,.1274,.0037
998,.0000,.0000,.0000,.0000
999,.0000,.0000,.0000,.0000
1000,.0000,.0000,.0000,.0000
1001,.0000,.0000,.0000,.0000
1002,.0000,.0000,.0000,.0000
1003,.0000,.0000,.0000,.0000
1004,.0000,.0000,.0000,.0000
1005,.0000,.0000,.0000,.0000
1006,.0437,.0000,.1022,.1015
1007,.5604,.0000,.3030,.0883
1008,.7167,.0000,.2067,.0315
1009,.5091,.0000,.2413,.1260
1010,.3021,.0000,.2267,.1709
1011,.1901,.0000,.2665,.2589
1012,.0000,.0000,.0259,.1959
1013,.0000,.0000,.0000,.1049
1014,.0000,.0000,.0000,.0000
1015,.0000,.0000,.0058,.2446
1016,.0000,.0000,.0317,.0642
1017,.0000,.0000,.0250,.4579
1018,.0000,.0000,.4102,.2669
1019,.0000,.0000,.1653,.7163
1020,.0000,.0000,.0749,.2621
1021,.0000,.0000,.0000,.1349
1022,.0000,.0000,.0000,.0000
1023,.0000,.0000,.0000,.0000
1024,.0000,.0000,.0000,.0000
1025,.0000,.0000,.0000,.0000
1026,.0000,.0000,.0000,.0000
1027,.0000,.0000,.0000,.0000
1028,.0000,.0000,.0000,.0000
1029,.0000,.0000,.0000,.0000
1030,.0000,.0000,.0000,.0000
1031,.0000,.0000,.0000,.0000
1032,.0000,.0000,.0000,.0000
1033,.0000,.0000,.0000,.0000
1034,.0000,.0000,.0000,.0000
1035,.0000,.0000,.0000,.0000
1036,.0000,.0000,.0000,.0000
1037,.0000,.0000,.0000,.0000
1038,.0000,.0000,.0000,.0000
1039,.0000,.0000,.0000,.0000
1040,.0000,.0000,.0000,.0000
1041,.4630,.0604,.3708,.0197
1042,.6353,.0263,.2473,.0222
1043,.3535,.4071,.1273,.0672
1044,.5954,.0742,.1467,.1055
1045,.6321,.0143,.2163,.0729
1046,.5468,.0270,.3284,.0322
1047,.5392,.1748,.2411,.0000
1048,.3823,.0762,.4046,.0679
1049,.5384,.0454,.3337,.0239
1050,.4896,.0120,.4150,.0190
1051,.4830,.0346,.3869,.0215
1052,.5597,.0496,.3000,.0174
1053,.4180,.1219,.3948,.0033
1054,.4581,.1000,.3441,.0191
1055,.6407,.0584,.2160,.0090
1056,.6047,.0166,.3052,.0000
1057,.5848,.0413,.3012,.0000
1058,.3619,.1869,.2790,.1089
1059,.3455,.1920,.3799,.0235
1060,.5476,.0575,.2838,.0356
1061,.6040,.0338,.2513,.0336
1062,.5277,.0349,.3662,.0000
1063,.6283,.0215,.1980,.0727
1064,.7637,.0165,.0394,.1160
1065,.1947,.4644,.2734,.0008
1066,.0134,.7504,.1175,.0188
1067,.0295,.6014,.2603,.0027
1068,.2209,.3438,.3669,.0000
1069,.5491,.1309,.2629,.0000
1070,.6394,.1045,.1851,.0182
1071,.5697,.0571,.3072,.0043
1072,.7589,.0162,.1743,.0000
1073,.7400,.0129,.1871,.0000
1074,.7519,.0106,.1832,.0000
1075,.5721,.0082,.3454,.0000
1076,.7079,.0012,.2213,.0000
1077,.6242,.0112,.2911,.0000
1078,.6734,.0872,.1681,.0000
1079,.1422,.4288,.3568,.0000
1080,.0999,.4010,.4039,.0000
1081,.3724,.2036,.3706,.0000
1082,.1637,.2451,.5182,.0000
1083,.2349,.2454,.3785,.0702
1084,.0571,.4653,.3999,.0047
1085,.0180,.6392,.2179,.0000
1086,.0136,.7298,.1334,.0107
1087,.0027,.5907,.2158,.0666
1088,.0286,.5429,.3391,.0000
1089,.1276,.2281,.5799,.0000
1090,.0209,.6777,.1832,.0000
1091,.0102,.6425,.2592,.0000
1092,.3124,.4353,.1741,.0282
1093,.1256,.2504,.5629,.0000
1094,.2517,.2617,.3904,.0117
1095,.1545,.2727,.3924,.0802
1096,.1106,.2482,.5580,.0170
1097,.1574,.2670,.5081,.0000
1098,.2440,.1675,.4900,.0000
1099,.1245,.1694,.3001,.2229
1100,.1863,.1539,.5156,.0370
1101,.1032,.2117,.5698,.0000
1102,.0292,.3574,.4733,.0023
1103,.1532,.2194,.2676,.2650
1104,.4489,.0001,.2936,.2106
1105,.6688,.0000,.2665,.0132
1106,.7348,.0000,.1481,.0450
1107,.4232,.0869,.3570,.0655
1108,.0455,.4914,.2815,.0552
1109,.0100,.2213,.0233,.2252
1110,.2419,.1388,.2214,.2499
1111,.4703,.0299,.3734,.0258
1112,.2106,.3004,.1435,.1251
1113,.0119,.5918,.1212,.0890
1114,.0519,.2957,.4269,.1028
1115,.0885,.4611,.2695,.0463
1116,.0691,.2437,.2005,.2841
1117,.0389,.4800,.0317,.2116
1118,.0009,.2631,.0628,.0445
1119,.0298,.1646,.2610,.2290
1120,.1818,.4682,.1462,.0607
1121,.0212,.7923,.0052,.0297
1122,.0077,.6287,.0018,.0458
1123,.0116,.5067,.0055,.1015
1124,.0123,.2335,.1477,.1691
1125,.0450,.0866,.3903,.0415
1126,.0291,.3659,.0826,.2283
1127,.0140,.0279,.0588,.0228
1128,.0000,.0000,.0000,.0000
1129,.0000,.0000,.0000,.0000
1130,.0000,.0000,.0000,.0000
1131,.0000,.0000,.0000,.0000
1132,.0000,.0000,.0000,.0000
1133,.0000,.0000,.0000,.0000
1134,.0000,.0000,.0000,.0000
1135,.0000,.0000,.0000,.0000
1136,.0000,.0000,.0006,.0369
1137,.0999,.0000,.2148,.1744
1138,.5407,.0000,.3407,.0360
1139,.6581,.0000,.2213,.0677
1140,.5998,.0000,.3483,.0000
1141,.2430,.0000,.2745,.3960
1142,.0249,.0000,.0637,.2484
1143,.0000,.0000,.0004,.0444
1144,.0000,.0000,.0000,.0000
1145,.0169,.0000,.0098,.0000
1146,.3041,.0000,.2502,.2730
1147,.4197,.0000,.0433,.4736
1148,.4667,.0000,.1253,.3489
1149,.4395,.0000,.1718,.3148
1150,.0000,.0000,.0528,.2596
1151,.0000,.0000,.0966,.3225
1152,.0000,.0000,.0000,.0132
1153,.0000,.0000,.0000,.0000
1154,.0000,.0000,.0000,.0000
1155,.0000,.0000,.0000,.0000
1156,.0000,.0000,.0000,.0000
1157,.0000,.0000,.0000,.0000
1158,.0000,.0000,.0000,.0000
1159,.0000,.0000,.0000,.0000
1160,.0000,.0000,.0000,.0000
1161,.0000,.0000,.0000,.0000
1162,.0000,.0000,.0000,.0000
1163,.0000,.0000,.0000,.0000
1164,.0000,.0000,.0000,.0000
1165,.0000,.0000,.0000,.0000
1166,.0000,.0000,.0000,.0000
1167,.0000,.0000,.0000,.0000
1168,.0000,.0000,.0000,.0000
1169,.0000,.0000,.0000,.0000
1170,.0000,.0000,.0000,.0000
1171,.2725,.1501,.3776,.0818
1172,.4559,.0801,.3943,.0056
1173,.4057,.1311,.3911,.0080
1174,.5368,.1219,.2563,.0155
1175,.5856,.0292,.2949,.0280
1176,.4830,.0475,.3876,.0000
1177,.3240,.0655,.5427,.0000
1178,.2221,.0658,.6055,.0295
1179,.5617,.0206,.3452,.0023
1180,.6729,.0105,.2109,.0541
1181,.6280,.0219,.2742,.0054
1182,.5302,.0301,.3325,.0386
1183,.5292,.0348,.3470,.0202
1184,.4585,.0817,.3608,.0241
1185,.5475,.0796,.2876,.0105
1186,.5398,.0066,.3833,.0000
1187,.6235,.0262,.2700,.0000
1188,.4001,.1167,.3831,.0204
1189,.4070,.1735,.3455,.0000
1190,.3914,.0783,.4612,.0000
1191,.5099,.1627,.2717,.0000
1192,.5377,.0579,.3469,.0000
1193,.5506,.0495,.3287,.0000
1194,.5924,.0269,.2611,.0375
1195,.4832,.1722,.2805,.0004
1196,.0312,.6916,.1941,.0000
1197,.0096,.5999,.2144,.0000
1198,.0271,.5825,.2776,.0179
1199,.0310,.5812,.3279,.0000
1200,.2741,.2104,.4494,.0000
1201,.4859,.1926,.2750,.0000
1202,.5248,.1171,.2962,.0000
1203,.6520,.0095,.2695,.0000
1204,.6814,.0117,.2378,.0000
1205,.6554,.0180,.2500,.0000
1206,.8409,.0039,.1013,.0000
1207,.7190,.0005,.2249,.0000
1208,.6196,.0891,.2129,.0000
1209,.2940,.2067,.4118,.0000
1210,.1519,.2873,.4477,.0000
1211,.2098,.1991,.4128,.0881
1212,.1126,.4049,.4084,.0000
1213,.1880,.4130,.3135,.0000
1214,.0254,.4224,.4462,.0000
1215,.0167,.5451,.3494,.0000
1216,.0113,.6830,.1944,.0028
1217,.0004,.7397,.1107,.0174
1218,.0208,.6241,.2635,.0000
1219,.0458,.5397,.2502,.0697
1220,.0319,.4951,.3640,.0036
1221,.0259,.5543,.3077,.0208
1222,.1412,.5904,.0774,.0913
1223,.0555,.4831,.3966,.0121
1224,.0778,.2060,.6560,.0043
1225,.0792,.1798,.4986,.1555
1226,.0506,.3476,.4499,.0764
1227,.0366,.4266,.4587,.0188
1228,.1433,.2429,.5557,.0000
1229,.1544,.2497,.1718,.2255
1230,.1000,.2195,.4345,.0382
1231,.0789,.1923,.5981,.0000
1232,.1105,.3383,.3848,.0103
1233,.3839,.0848,.1874,.2597
1234,.5357,.0009,.2013,.2047
1235,.6440,.0000,.2125,.1001
1236,.5086,.0125,.3608,.0566
1237,.1358,.2050,.5809,.0023
1238,.0938,.5358,.2244,.0120
1239,.0141,.3679,.0776,.1103
1240,.2934,.1228,.3455,.1457
1241,.3261,.1996,.3549,.0677
1242,.0319,.5089,.1464,.1047
1243,.0031,.6593,.0000,.0727
1244,.0057,.6609,.0000,.0743
1245,.0102,.2742,.0049,.4343
1246,.0236,.3334,.1354,.3370
1247,.0118,.4047,.0308,.2941
1248,.0005,.1932,.0397,.3910
1249,.1632,.1505,.2378,.2933
1250,.5483,.0286,.3732,.0000
1251,.1691,.2351,.2741,.0827
1252,.0641,.4056,.0828,.0900
1253,.0169,.4603,.0881,.0643
1254,.1327,.1835,.3989,.0279
1255,.3771,.0799,.2774,.1572
1256,.3415,.0939,.1185,.1481
1257,.0000,.0044,.0223,.0013
1258,.0000,.0000,.0000,.0000
1259,.0000,.0000,.0000,.0000
1260,.0000,.0000,.0000,.0000
1261,.0000,.0000,.0000,.0000
1262,.0000,.0000,.0000,.0000
1263,.0000,.0000,.0000,.0000
1264,.0000,.0000,.0000,.0000
1265,.0000,.0000,.0000,.0000
1266,.0000,.0000,.0000,.0000
1267,.0000,.0000,.0000,.0065
1268,.0300,.0000,.1303,.3692
1269,.0327,.0000,.1842,.3348
1270,.1612,.0000,.2700,.3029
1271,.3449,.0000,.4979,.0482
1272,.0528,.0000,.1166,.2084
1273,.0000,.0000,.0005,.0000
1274,.0000,.0000,.0000,.0000
1275,.0079,.0000,.0176,.0000
1276,.1033,.0000,.0646,.1145
1277,.0074,.0000,.0637,.0945
1278,.0661,.0000,.0819,.3094
1279,.0076,.0000,.1311,.3951
1280,.0000,.0000,.0410,.2704
1281,.2342,.0000,.2406,.3466
1282,.0000,.0000,.0161,.2076
1283,.0000,.0000,.0000,.0000
1284,.0000,.0000,.0000,.0000
1285,.0000,.0000,.0000,.0000
1286,.0000,.0000,.0000,.0000
1287,.0000,.0000,.0000,.0000
1288,.0000,.0000,.0000,.0000
1289,.0000,.0000,.0000,.0000
1290,.0000,.0000,.0000,.0000
1291,.0000,.0000,.0000,.0000
1292,.0000,.0000,.0000,.0000
1293,.0000,.0000,.0000,.0000
1294,.0000,.0000,.0000,.0000
1295,.0000,.0000,.0000,.0000
1296,.0000,.0000,.0000,.0000
1297,.0000,.0000,.0000,.0000
1298,.0000,.0000,.0000,.0000
1299,.0000,.0000,.0000,.0000
1300,.0000,.0000,.0000,.0000
1301,.3018,.0990,.4952,.0278
1302,.6093,.0225,.2946,.0052
1303,.6218,.0711,.2165,.0246
1304,.5059,.0621,.3018,.0700
1305,.5445,.1578,.2181,.0024
1306,.4357,.0867,.3248,.0708
1307,.3024,.2059,.2885,.1083
1308,.3180,.2740,.3253,.0036
1309,.4363,.0922,.3975,.0018
1310,.4442,.0324,.2042,.2507
1311,.7150,.0267,.1610,.0267
1312,.5587,.0322,.2909,.0433
1313,.4856,.0393,.3609,.0414
1314,.5247,.0484,.2904,.0557
1315,.6473,.0353,.2445,.0000
1316,.6534,.0607,.2176,.0000
1317,.5678,.1744,.1897,.0000
1318,.5699,.1020,.2617,.0000
1319,.6409,.0128,.2848,.0000
1320,.6281,.0227,.2874,.0000
1321,.4559,.0744,.3979,.0000
1322,.2540,.2169,.4647,.0000
1323,.5625,.0829,.2906,.0000
1324,.6696,.0171,.2298,.0000
1325,.6820,.0375,.2242,.0000
1326,.1401,.5087,.2776,.0000
1327,.0577,.5892,.2285,.0000
1328,.0353,.5246,.3438,.0000
1329,.0580,.4561,.4227,.0000
1330,.5321,.0283,.3418,.0001
1331,.5466,.1157,.2835,.0000
1332,.4160,.1668,.3560,.0000
1333,.5504,.0632,.3159,.0000
1334,.6197,.0449,.2571,.0000
1335,.5302,.1082,.3018,.0000
1336,.7812,.0027,.1552,.0000
1337,.6989,.0046,.2203,.0063
1338,.4029,.0787,.2850,.1412
1339,.1515,.3141,.4301,.0213
1340,.1619,.3013,.3542,.0668
1341,.5915,.0323,.2869,.0139
1342,.1533,.2968,.4688,.0000
1343,.1164,.4098,.3957,.0000
1344,.0088,.6732,.2424,.0000
1345,.0440,.5798,.3200,.0000
1346,.0196,.6143,.2890,.0000
1347,.0132,.6043,.3074,.0000
1348,.0090,.5528,.2058,.0932
1349,.1675,.2915,.3913,.0402
1350,.2945,.3327,.3042,.0000
1351,.0926,.5357,.2669,.0230
1352,.0002,.7289,.0224,.1284
1353,.0048,.7902,.0438,.0723
1354,.0104,.6921,.2321,.0168
1355,.0267,.4142,.4438,.0217
1356,.0261,.5254,.2929,.0550
1357,.1111,.2705,.5218,.0353
1358,.1587,.3045,.4351,.0425
1359,.0469,.2820,.4834,.0704
1360,.0387,.3203,.3400,.1448
1361,.0423,.2545,.4903,.0875
1362,.1977,.0884,.6107,.0070
1363,.5542,.0240,.1959,.1662
1364,.5871,.0000,.2408,.1152
1365,.5009,.0937,.1603,.1910
1366,.6578,.0631,.1793,.0597
1367,.4454,.1030,.3841,.0003
1368,.0288,.6928,.1766,.0056
1369,.0021,.2219,.0896,.1211
1370,.1638,.2639,.3915,.1014
1371,.3608,.0807,.3942,.1106
1372,.2119,.3140,.0934,.2393
1373,.0008,.6113,.0027,.1040
1374,.0080,.6743,.0007,.0954
1375,.0283,.4717,.0237,.3154
1376,.1495,.3815,.2288,.1597
1377,.1843,.1020,.1007,.3313
1378,.0362,.2689,.0066,.3263
1379,.2145,.2306,.3400,.0487
1380,.5060,.0626,.2225,.1265
1381,.3238,.2063,.1999,.1026
1382,.0858,.4902,.1734,.0262
1383,.1763,.3102,.3090,.0111
1384,.5291,.1056,.1658,.1679
1385,.5701,.1738,.0731,.1390
1386,.5292,.0577,.0454,.2966
1387,.0675,.0834,.1167,.1258
1388,.0000,.0000,.0009,.0001
1389,.0000,.0000,.0000,.0000
1390,.0000,.0000,.0000,.0000
1391,.0000,.0000,.0000,.0000
1392,.0000,.0000,.0000,.0000
1393,.0000,.0000,.0000,.0000
1394,.0000,.0000,.0000,.0000
1395,.0000,.0000,.0000,.0000
1396,.0000,.0000,.0000,.0000
1397,.0000,.0000,.0000,.0000
1398,.0000,.0000,.0630,.0015
1399,.0000,.0000,.0944,.0000
1400,.0000,.0000,.0000,.0000
1401,.0434,.0000,.1241,.0536
1402,.0909,.0000,.2526,.4430
1403,.0530,.0000,.1068,.1585
1404,.0000,.0000,.0005,.0298
1405,.0000,.0000,.0393,.0075
1406,.0000,.0000,.0106,.1228
1407,.0036,.0000,.3024,.0280
1408,.0020,.0000,.2417,.0362
1409,.0252,.0000,.4671,.1602
1410,.0470,.0000,.5976,.1691
1411,.1908,.0000,.0304,.4916
1412,.0000,.0000,.0347,.0847
1413,.0000,.0000,.0000,.0133
1414,.0000,.0000,.0000,.0615
1415,.0000,.0000,.0000,.0000
1416,.0000,.0000,.0000,.0000
1417,.0000,.0000,.0000,.0000
1418,.0000,.0000,.0000,.0000
1419,.0000,.0000,.0000,.0000
1420,.0000,.0000,.0000,.0000
1421,.0000,.0000,.0000,.0000
1422,.0000,.0000,.0000,.0000
1423,.0000,.0000,.0000,.0000
1424,.0000,.0000,.0000,.0000
1425,.0000,.0000,.0000,.0000
1426,.0000,.0000,.0000,.0000
1427,.0000,.0000,.0000,.0000
1428,.0000,.0000,.0000,.0000
1429,.0000,.0000,.0000,.0000
1430,.0000,.0000,.0000,.0000
1431,.1815,.1719,.5592,.0165
1432,.6000,.0911,.1902,.0554
1433,.4775,.0767,.3547,.0118
1434,.4978,.0431,.3219,.0579
1435,.5972,.0330,.2362,.0616
1436,.4329,.1055,.3364,.0286
1437,.3657,.0409,.4655,.0447
1438,.5239,.0318,.3744,.0000
1439,.5543,.0920,.2252,.0690
1440,.4212,.0409,.3213,.1411
1441,.4493,.1492,.1660,.1550
1442,.3961,.2135,.2995,.0095
1443,.5330,.0716,.3147,.0244
1444,.4751,.1100,.2857,.0712
1445,.6347,.0159,.2826,.0135
1446,.3694,.0165,.5588,.0039
1447,.6653,.0226,.2475,.0000
1448,.6161,.0238,.2934,.0000
1449,.7709,.0036,.1585,.0000
1450,.5566,.0361,.3083,.0189
1451,.4148,.1929,.2117,.1142
1452,.3851,.1330,.3514,.0625
1453,.2767,.2896,.3526,.0000
1454,.4943,.0996,.3293,.0000
1455,.6659,.0530,.1963,.0068
1456,.3595,.2728,.2968,.0111
1457,.0229,.6721,.1682,.0295
1458,.0361,.6673,.2339,.0000
1459,.0582,.4329,.4202,.0000
1460,.2448,.2069,.3833,.0882
1461,.3400,.2551,.3137,.0247
1462,.4336,.1584,.3556,.0000
1463,.4788,.0640,.3850,.0000
1464,.6463,.0467,.2363,.0000
1465,.5108,.0448,.3746,.0012
1466,.6401,.0315,.2323,.0113
1467,.6094,.0263,.2564,.0180
1468,.5702,.0539,.2787,.0013
1469,.2861,.0995,.5005,.0190
1470,.5193,.0748,.3184,.0148
1471,.7942,.0040,.1327,.0016
1472,.4457,.1352,.3386,.0000
1473,.3505,.1401,.4435,.0000
1474,.0228,.6502,.2624,.0000
1475,.0007,.7813,.1664,.0000
1476,.0459,.4511,.4533,.0000
1477,.0689,.3947,.4714,.0000
1478,.0213,.5354,.3427,.0069
1479,.1451,.2870,.4299,.0000
1480,.4967,.1597,.2455,.0000
1481,.0718,.5158,.3309,.0000
1482,.0092,.7874,.0645,.0685
1483,.0049,.8339,.0125,.0582
1484,.0040,.8336,.0182,.0374
1485,.0067,.7144,.0169,.0538
1486,.0096,.6459,.0530,.0285
1487,.0096,.5366,.1660,.0892
1488,.1269,.3453,.4054,.0572
1489,.0195,.3756,.5125,.0273
1490,.0125,.4172,.4399,.0584
1491,.1105,.2835,.4915,.0410
1492,.2958,.0967,.4662,.0594
1493,.5330,.0140,.2904,.1143
1494,.5655,.0949,.1615,.1272
1495,.3899,.2183,.2201,.0641
1496,.1941,.2718,.3926,.0577
1497,.3057,.1287,.4943,.0000
1498,.1048,.6321,.1350,.0357
1499,.0109,.2085,.0693,.1391
1500,.0476,.5935,.2204,.0000
1501,.2607,.1961,.4253,.0618
1502,.2282,.3910,.1321,.1229
1503,.0141,.6206,.0038,.0839
1504,.0102,.6027,.0268,.1857
1505,.0749,.6604,.0418,.1350
1506,.0035,.4863,.0289,.3406
1507,.0467,.0950,.0046,.5488
1508,.2825,.2888,.1226,.1832
1509,.1273,.3033,.3934,.0000
1510,.1656,.2248,.3967,.0427
1511,.1039,.0459,.1242,.3913
1512,.0145,.5459,.0770,.0425
1513,.0999,.3900,.3232,.0083
1514,.1249,.2370,.5370,.0083
1515,.2262,.2647,.3577,.0286
1516,.2377,.3248,.1600,.1561
1517,.0262,.2427,.0512,.1514
1518,.0000,.0090,.0288,.0058
1519,.0000,.0000,.0000,.0000
1520,.0000,.0000,.0000,.0000
1521,.0000,.0000,.0000,.0000
1522,.0000,.0000,.0000,.0000
1523,.0000,.0000,.0000,.0000
1524,.0000,.0000,.0000,.0000
1525,.0000,.0000,.0000,.0000
1526,.0000,.0000,.0000,.0000
1527,.0000,.0000,.0000,.0000
1528,.0000,.0000,.0000,.0000
1529,.0000,.0000,.0000,.0000
1530,.0000,.0000,.0000,.0000
1531,.0008,.0000,.0009,.0075
1532,.0068,.0000,.0196,.1089
1533,.0115,.0000,.0502,.2458
1534,.0000,.0000,.2364,.0980
1535,.0000,.0000,.3052,.1685
1536,.1803,.0000,.3246,.1790
1537,.4105,.0000,.3536,.0001
1538,.2302,.0000,.4946,.0000
1539,.4694,.0000,.3462,.0940
1540,.2379,.0000,.3448,.3040
1541,.0014,.0000,.0176,.0584
1542,.0000,.0000,.1256,.3614
1543,.0739,.0000,.0618,.3055
1544,.0000,.0000,.0000,.1906
1545,.0000,.0000,.0000,.0000
1546,.0000,.0000,.0000,.0000
1547,.0000,.0000,.0000,.0000
1548,.0000,.0000,.0000,.0000
1549,.0000,.0000,.0000,.0000
1550,.0000,.0000,.0000,.0000
1551,.0000,.0000,.0000,.0000
1552,.0000,.0000,.0000,.0000
1553,.0000,.0000,.0000,.0000
1554,.0000,.0000,.0000,.0000
1555,.0000,.0000,.0000,.0000
1556,.0000,.0000,.0000,.0000
1557,.0000,.0000,.0000,.0000
1558,.0000,.0000,.0000,.0000
1559,.0000,.0000,.0000,.0000
1560,.0000,.0000,.0000,.0000
1561,.4768,.1625,.3034,.0004
1562,.5468,.1778,.2011,.0140
1563,.5268,.1486,.2443,.0092
1564,.4195,.0500,.4606,.0022
1565,.5745,.0298,.3115,.0100
1566,.2608,.1279,.5210,.0040
1567,.6559,.0090,.2382,.0116
1568,.4876,.0214,.4224,.0000
1569,.4259,.0252,.4595,.0196
1570,.4540,.0534,.4124,.0094
1571,.6112,.0314,.2422,.0430
1572,.4666,.0376,.4201,.0152
1573,.3569,.1275,.4467,.0000
1574,.5193,.1373,.2133,.0640
1575,.7153,.0372,.1755,.0107
1576,.5210,.0877,.2865,.0381
1577,.7210,.0021,.2348,.0000
1578,.6551,.0937,.2030,.0000
1579,.6473,.0093,.2758,.0103
1580,.7039,.0140,.2037,.0156
1581,.3350,.1454,.3377,.1047
1582,.3796,.1942,.2487,.1125
1583,.4999,.1576,.2833,.0000
1584,.6057,.1145,.2169,.0000
1585,.5063,.0351,.3960,.0000
1586,.4423,.1616,.3153,.0000
1587,.0380,.5733,.2622,.0412
1588,.0498,.6334,.2189,.0000
1589,.0798,.4383,.3855,.0000
1590,.0646,.2883,.5493,.0000
1591,.2276,.2553,.4426,.0044
1592,.6031,.0600,.2582,.0135
1593,.5315,.1920,.2120,.0000
1594,.6392,.0807,.1744,.0312
1595,.4402,.1784,.2876,.0357
1596,.5391,.0572,.3060,.0277
1597,.4940,.0582,.3620,.0000
1598,.5918,.0178,.2890,.0058
1599,.5558,.0175,.2454,.0846
1600,.4590,.0398,.3496,.0600
1601,.6349,.0028,.2792,.0000
1602,.7234,.0101,.1693,.0094
1603,.4229,.1930,.3051,.0000
1604,.2235,.3588,.3405,.0126
1605,.1710,.4109,.3341,.0000
1606,.0245,.6188,.2591,.0154
1607,.0380,.5872,.3095,.0000
1608,.0713,.4307,.4520,.0000
1609,.0144,.5431,.3842,.0000
1610,.3288,.1481,.4420,.0000
1611,.0352,.6291,.2438,.0000
1612,.0310,.5192,.2143,.1639
1613,.0250,.5918,.1609,.1206
1614,.0013,.6515,.1511,.0921
1615,.0235,.6761,.1332,.0116
1616,.0364,.5964,.0496,.0924
1617,.0105,.5858,.0161,.1184
1618,.0563,.4909,.2406,.1187
1619,.1046,.3764,.4075,.0266
1620,.0234,.3544,.3253,.1896
1621,.1759,.3342,.2781,.0606
1622,.2593,.2114,.2786,.1785
1623,.3021,.1509,.1624,.3336
1624,.4407,.0319,.3715,.0880
1625,.1897,.2911,.3948,.0000
1626,.0192,.2942,.4484,.1073
1627,.0289,.5588,.3436,.0004
1628,.0544,.7049,.1291,.0313
1629,.0087,.1420,.0135,.2888
1630,.0252,.7892,.1087,.0132
1631,.3428,.1970,.4041,.0136
1632,.0997,.6121,.0865,.1138
1633,.0035,.6266,.0000,.1561
1634,.0209,.5763,.0653,.1786
1635,.0646,.4295,.0427,.2227
1636,.0598,.1848,.0000,.4847
1637,.0429,.5398,.0079,.2101
1638,.1274,.3009,.2353,.0782
1639,.4219,.0409,.4439,.0242
1640,.5946,.0394,.2472,.0695
1641,.3801,.1273,.1780,.1556
1642,.0972,.2457,.3417,.1008
1643,.4229,.1327,.3526,.0011
1644,.0951,.4206,.2506,.0535
1645,.0317,.4505,.1280,.0677
1646,.0055,.3124,.0131,.1246
1647,.0006,.1094,.0187,.0901
1648,.0000,.0733,.0078,.0326
1649,.0000,.0000,.0006,.0000
1650,.0000,.0000,.0000,.0000
1651,.0000,.0000,.0000,.0000
1652,.0000,.0000,.0000,.0000
1653,.0000,.0000,.0000,.0000
1654,.0000,.0000,.0000,.0000
1655,.0000,.0000,.0000,.0000
1656,.0000,.0000,.0000,.0000
1657,.0000,.0000,.0000,.0000
1658,.0026,.0000,.0232,.0395
1659,.0680,.0000,.3056,.2470
1660,.0477,.0000,.1191,.2023
1661,.1516,.0000,.1226,.3856
1662,.4712,.0000,.0149,.4425
1663,.5155,.0000,.0743,.1919
1664,.1811,.0000,.3623,.1598
1665,.0697,.0000,.5559,.0248
1666,.3075,.0000,.2525,.3354
1667,.4409,.0000,.3251,.1014
1668,.4373,.0000,.3174,.1377
1669,.6290,.0000,.3242,.0000
1670,.2347,.0000,.1932,.4861
1671,.0000,.0000,.1217,.4772
1672,.0388,.0000,.2680,.6253
1673,.0976,.0000,.1214,.5828
1674,.2266,.0000,.0435,.3574
1675,.0000,.0000,.0109,.0050
1676,.0000,.0000,.0000,.0000
1677,.0000,.0000,.0000,.0000
1678,.0000,.0000,.0000,.0000
1679,.0000,.0000,.0000,.0000
1680,.0000,.0000,.0000,.0000
1681,.0000,.0000,.0000,.0000
1682,.0000,.0000,.0000,.0000
1683,.0000,.0000,.0000,.0000
1684,.0000,.0000,.0000,.0000
1685,.0000,.0000,.0000,.0000
1686,.0000,.0000,.0000,.0000
1687,.0000,.0000,.0000,.0000
1688,.0000,.0000,.0000,.0000
1689,.0000,.0000,.0000,.0000
1690,.0000,.0000,.0000,.0000
1691,.5737,.0715,.2200,.0660
1692,.3829,.0447,.4508,.0476
1693,.5970,.0289,.2850,.0170
1694,.5441,.0291,.3354,.0202
1695,.4033,.0739,.4542,.0000
1696,.4646,.0824,.3833,.0000
1697,.4831,.1232,.2859,.0354
1698,.4505,.1074,.3773,.0006
1699,.2621,.0332,.5217,.1046
1700,.5078,.0561,.2800,.0824
1701,.5680,.0725,.2190,.0725
1702,.5967,.0632,.2716,.0127
1703,.5667,.0461,.2886,.0241
1704,.4268,.1631,.3395,.0052
1705,.6204,.0334,.2498,.0168
1706,.5750,.1706,.2044,.0000
1707,.6896,.0236,.2190,.0058
1708,.6453,.0272,.2466,.0192
1709,.4545,.0348,.2415,.1920
1710,.6997,.0000,.2458,.0000
1711,.6497,.0125,.2586,.0199
1712,.5818,.0156,.3020,.0334
1713,.4318,.1080,.3926,.0000
1714,.4416,.0530,.4367,.0000
1715,.4900,.0308,.4186,.0000
1716,.6145,.0367,.2872,.0000
1717,.0372,.5169,.3694,.0000
1718,.0563,.5706,.2912,.0000
1719,.0513,.4782,.3643,.0000
1720,.0781,.2448,.5960,.0000
1721,.5316,.0554,.3517,.0000
1722,.6213,.0590,.2479,.0080
1723,.3241,.2196,.3974,.0000
1724,.5990,.0847,.2511,.0117
1725,.8052,.0302,.1212,.0000
1726,.7877,.0000,.1714,.0000
1727,.6595,.0107,.2584,.0027
1728,.4762,.0325,.4078,.0142
1729,.5796,.0361,.2844,.0198
1730,.4910,.0450,.3387,.0488
1731,.5329,.0350,.3271,.0099
1732,.4145,.0682,.2943,.1361
1733,.4488,.2998,.1803,.0089
1734,.3843,.2073,.2682,.0724
1735,.5186,.1072,.2521,.0514
1736,.1024,.3309,.3194,.1623
1737,.1046,.2860,.5438,.0000
1738,.1704,.2190,.5545,.0000
1739,.0734,.5503,.3100,.0000
1740,.1045,.2663,.5330,.0000
1741,.1111,.3754,.3825,.0384
1742,.3989,.1317,.3726,.0125
1743,.0471,.4145,.2025,.1871
1744,.1089,.0778,.6992,.0194
1745,.2620,.4241,.2427,.0000
1746,.3721,.2163,.3082,.0075
1747,.0174,.6001,.1186,.1433
1748,.0101,.7909,.0240,.0806
1749,.1343,.3044,.3311,.1109
1750,.2219,.2209,.4688,.0079
1751,.2167,.2764,.3995,.0044
1752,.1413,.2431,.4940,.0380
1753,.2505,.2278,.3886,.0647
1754,.2559,.2128,.3314,.1203
1755,.0661,.7765,.1131,.0011
1756,.0074,.7275,.1592,.0497
1757,.0059,.9170,.0209,.0067
1758,.0248,.8411,.0279,.0427
1759,.0144,.2908,.0331,.2986
1760,.0055,.8165,.0145,.0413
1761,.0242,.5290,.1779,.1649
1762,.0117,.7303,.0104,.1469
1763,.0536,.4967,.0638,.2338
1764,.0168,.4452,.0080,.3784
1765,.0240,.2501,.0707,.2827
1766,.0017,.3641,.0264,.3524
1767,.0064,.6568,.0167,.0969
1768,.1938,.1921,.4454,.0318
1769,.5790,.0121,.2589,.0937
1770,.6137,.0000,.2342,.1081
1771,.3670,.0422,.4616,.0637
1772,.4830,.0574,.3376,.0538
1773,.6728,.0064,.2125,.0569
1774,.4478,.1211,.2458,.0426
1775,.0183,.2168,.0631,.2091
1776,.0000,.0000,.0084,.0222
1777,.0000,.0000,.0000,.0000
1778,.0000,.0855,.0994,.2210
1779,.0000,.0503,.0361,.1105
1780,.0000,.0000,.0000,.0000
1781,.0000,.0000,.0000,.0000
1782,.0000,.0000,.0000,.0000
1783,.0000,.0000,.0000,.0000
1784,.0000,.0000,.0000,.2346
1785,.0000,.0000,.0000,.1031
1786,.0000,.0000,.0000,.0000
1787,.0000,.0000,.0000,.0000
1788,.0231,.0000,.1658,.1056
1789,.2104,.0000,.6919,.0092
1790,.1515,.0000,.3056,.3358
1791,.2541,.0000,.3628,.2725
1792,.4684,.0000,.3364,.1286
1793,.7084,.0000,.1850,.0665
1794,.7267,.0000,.2347,.0040
1795,.5252,.0000,.4233,.0007
1796,.5692,.0000,.3372,.0493
1797,.4973,.0000,.3677,.0848
1798,.1439,.0000,.6265,.0117
1799,.5548,.0000,.2293,.1443
1800,.5552,.0000,.2942,.1043
1801,.2653,.0000,.1939,.3298
1802,.3978,.0000,.2136,.3339
1803,.6948,.0000,.0964,.0889
1804,.4168,.0000,.0510,.2503
1805,.0000,.0000,.0329,.0060
1806,.0000,.0000,.0000,.0000
1807,.0000,.0000,.0000,.0000
1808,.0000,.0000,.0000,.0000
1809,.0000,.0000,.0000,.0000
1810,.0000,.0000,.0000,.0000
1811,.0000,.0000,.0000,.0000
1812,.0000,.0000,.0000,.0000
1813,.0000,.0000,.0000,.0000
1814,.0000,.0000,.0000,.0000
1815,.0000,.0000,.0000,.0000
1816,.0000,.0000,.0000,.0000
1817,.0000,.0000,.0000,.0000
1818,.0000,.0000,.0000,.0000
1819,.0000,.0000,.0000,.0000
1820,.0000,.0000,.0000,.0000
1821,.5872,.0479,.2771,.0203
1822,.5481,.0627,.2724,.0428
1823,.4926,.0673,.3360,.0338
1824,.6753,.0356,.2150,.0000
1825,.5440,.0334,.3543,.0000
1826,.4375,.1285,.3631,.0000
1827,.4506,.2094,.2794,.0000
1828,.4449,.1392,.3448,.0009
1829,.3256,.1275,.3145,.1653
1830,.4872,.0886,.2504,.0918
1831,.5252,.0609,.2130,.1376
1832,.5170,.0200,.3393,.0564
1833,.5830,.0287,.2698,.0354
1834,.4383,.0497,.4393,.0012
1835,.5889,.0652,.2513,.0312
1836,.5990,.0743,.2599,.0000
1837,.5218,.0766,.3128,.0205
1838,.6118,.0268,.2091,.0748
1839,.4329,.0502,.4060,.0419
1840,.5495,.0128,.3786,.0000
1841,.6493,.0070,.2921,.0000
1842,.4999,.0675,.3591,.0152
1843,.3104,.2554,.3697,.0000
1844,.6055,.0190,.3040,.0000
1845,.4508,.0562,.4312,.0000
1846,.5761,.0353,.3123,.0000
1847,.1963,.4715,.2847,.0000
1848,.0210,.6745,.2233,.0000
1849,.0728,.4378,.3914,.0000
1850,.0540,.3699,.4130,.0340
1851,.2168,.2847,.4369,.0000
1852,.4708,.0951,.3821,.0000
1853,.6954,.0274,.2362,.0000
1854,.7996,.0025,.1626,.0000
1855,.7284,.0063,.2090,.0000
1856,.7253,.0069,.2162,.0000
1857,.7589,.0000,.1321,.0619
1858,.5529,.0568,.1522,.1545
1859,.5538,.0364,.2423,.0964
1860,.5643,.0622,.3211,.0000
1861,.3977,.1205,.4259,.0000
1862,.4749,.1287,.3365,.0000
1863,.4986,.2278,.2080,.0000
1864,.6064,.1025,.2412,.0000
1865,.6516,.0227,.2084,.0506
1866,.0994,.2985,.4705,.0708
1867,.0628,.3276,.5525,.0000
1868,.0687,.3005,.5250,.0340
1869,.0141,.5443,.3794,.0000
1870,.0532,.3262,.5341,.0000
1871,.4590,.0789,.3186,.0585
1872,.1036,.5218,.2733,.0153
1873,.1072,.5603,.1740,.0709
1874,.2934,.1003,.4546,.0097
1875,.2156,.1858,.5055,.0000
1876,.4951,.0214,.3212,.0745
1877,.2768,.2594,.2845,.0548
1878,.0062,.6703,.0236,.0762
1879,.0162,.4883,.1007,.1208
1880,.0071,.6877,.0615,.1352
1881,.0859,.5509,.0855,.1328
1882,.1651,.3005,.2022,.2536
1883,.2394,.2098,.2891,.1931
1884,.1104,.4136,.1408,.2558
1885,.0429,.8568,.0513,.0145
1886,.0131,.8813,.0043,.0277
1887,.0142,.5404,.0047,.0928
1888,.0179,.3976,.0000,.1438
1889,.0047,.3779,.0214,.2160
1890,.1377,.5359,.1330,.0774
1891,.1757,.5428,.1259,.1009
1892,.2194,.3429,.1681,.2016
1893,.0166,.6443,.0067,.1730
1894,.0139,.6421,.0000,.1288
1895,.0629,.2007,.0000,.4412
1896,.0031,.7510,.0041,.0995
1897,.0503,.6527,.1185,.0161
1898,.2170,.3053,.3693,.0000
1899,.2542,.1558,.4414,.0072
1900,.3130,.1075,.4577,.0000
1901,.5709,.0000,.1902,.2119
1902,.6086,.0000,.0883,.2778
1903,.6310,.0031,.1708,.1603
1904,.2508,.3489,.2636,.0726
1905,.0158,.3662,.0202,.2015
1906,.0000,.0000,.0152,.0000
1907,.0000,.0000,.0000,.0000
1908,.0000,.0479,.0000,.3002
1909,.0000,.0544,.0045,.3515
1910,.0000,.0000,.0000,.0000
1911,.0000,.0000,.0000,.0000
1912,.0000,.0000,.0000,.0000
1913,.0000,.0000,.0000,.0000
1914,.0000,.0000,.0000,.1101
1915,.0000,.0000,.0000,.0025
1916,.0000,.0000,.0000,.0000
1917,.0000,.0000,.0000,.0000
1918,.0018,.0000,.0078,.0475
1919,.0407,.0000,.1750,.1515
1920,.1920,.0000,.5146,.1267
1921,.0587,.0000,.3847,.3338
1922,.0454,.0000,.5011,.2505
1923,.1618,.0000,.6507,.0486
1924,.2230,.0000,.6250,.0139
1925,.5763,.0000,.3623,.0110
1926,.4520,.0000,.4263,.0673
1927,.6814,.0000,.0791,.1921
1928,.1971,.0000,.1705,.3593
1929,.1537,.0000,.1955,.3245
1930,.3487,.0000,.0760,.4210
1931,.6155,.0000,.0791,.2296
1932,.5873,.0000,.3440,.0009
1933,.4483,.0000,.1878,.3113
1934,.3831,.0000,.1516,.2662
1935,.0000,.0000,.0627,.1896
1936,.0000,.0000,.0000,.0000
1937,.0000,.0000,.0000,.0000
1938,.0000,.0000,.0000,.0000
1939,.0000,.0000,.0000,.0000
1940,.0000,.0000,.0000,.0000
1941,.0000,.0000,.0000,.0000
1942,.0000,.0000,.0000,.0000
1943,.0000,.0000,.0000,.0000
1944,.0000,.0000,.0000,.0000
1945,.0000,.0000,.0000,.0000
1946,.0000,.0000,.0000,.0000
1947,.0000,.0000,.0000,.0000
1948,.0000,.0000,.0000,.0000
1949,.0000,.0000,.0000,.0000
1950,.0000,.0000,.0000,.0000
1951,.5171,.0813,.3207,.0036
1952,.3919,.0606,.4412,.0290
1953,.4399,.1086,.3257,.0556
1954,.6536,.0113,.2440,.0127
1955,.6234,.0217,.2504,.0326
1956,.3907,.0888,.4403,.0000
1957,.5012,.0580,.3632,.0063
1958,.4812,.1126,.1931,.1442
1959,.3059,.3025,.2899,.0316
1960,.2892,.2806,.3454,.0147
1961,.5859,.0525,.2442,.0440
1962,.6865,.0231,.2215,.0069
1963,.4643,.1458,.3144,.0000
1964,.5546,.0420,.3012,.0201
1965,.3622,.0963,.3937,.0727
1966,.5538,.0339,.3394,.0024
1967,.4057,.1380,.3637,.0127
1968,.5174,.0568,.3347,.0123
1969,.4586,.0520,.4226,.0001
1970,.4792,.0580,.3914,.0001
1971,.5853,.0159,.3355,.0000
1972,.5991,.1149,.2370,.0000
1973,.5229,.1807,.2412,.0000
1974,.6531,.0756,.2122,.0000
1975,.4729,.0639,.3940,.0000
1976,.6488,.0302,.2244,.0269
1977,.2915,.2153,.3919,.0462
1978,.0354,.5047,.3934,.0000
1979,.0522,.5435,.3104,.0000
1980,.0307,.6713,.1937,.0000
1981,.0343,.5752,.3002,.0000
1982,.3600,.1063,.4593,.0072
1983,.6144,.0352,.2776,.0082
1984,.7611,.0097,.1823,.0000
1985,.5147,.2069,.2295,.0000
1986,.4144,.1586,.3372,.0233
1987,.6640,.0394,.1483,.0909
1988,.5597,.0695,.3134,.0021
1989,.2733,.1983,.4473,.0091
1990,.6774,.0062,.2595,.0000
1991,.4108,.0179,.4978,.0000
1992,.5035,.0804,.3492,.0000
1993,.3032,.1871,.4298,.0179
1994,.5012,.1843,.2488,.0000
1995,.6757,.0229,.2348,.0000
1996,.1013,.2272,.5925,.0000
1997,.0462,.3079,.5720,.0000
1998,.0438,.2010,.6884,.0000
1999,.0231,.4057,.4768,.0000
2000,.0113,.6932,.2300,.0000
2001,.0447,.5378,.2427,.0646
2002,.1457,.5031,.2260,.0357
2003,.0867,.4820,.3270,.0494
2004,.4244,.0888,.4129,.0000
2005,.1942,.1780,.5568,.0000
2006,.0311,.2357,.3184,.3400
2007,.0520,.3249,.3905,.1346
2008,.0044,.5624,.1411,.1347
2009,.0102,.4843,.0093,.3156
2010,.0000,.4722,.3397,.0994
2011,.0027,.4977,.1682,.2218
2012,.0285,.5813,.0176,.1517
2013,.0650,.4677,.0423,.2539
2014,.0072,.7771,.0377,.0981
2015,.0166,.6640,.1952,.0418
2016,.0459,.4750,.0927,.1809
2017,.0517,.7016,.0000,.1199
2018,.0105,.8196,.0158,.0321
2019,.0463,.6052,.1519,.0228
2020,.0407,.6682,.1304,.0592
2021,.0096,.7838,.0468,.0798
2022,.0159,.5969,.0789,.1464
2023,.0003,.3072,.0385,.2743
2024,.0000,.7687,.0000,.0581
2025,.0504,.3436,.0360,.2493
2026,.0721,.5638,.0483,.0985
2027,.0495,.4552,.2538,.0770
2028,.0896,.3551,.3173,.0230
2029,.3286,.2169,.3272,.0411
2030,.4277,.0054,.3765,.1303
2031,.5043,.0008,.0798,.3695
2032,.4381,.0000,.0786,.4468
2033,.5412,.0043,.1243,.3001
2034,.3331,.2364,.1121,.2636
2035,.0298,.7487,.0314,.0754
2036,.0011,.1003,.0086,.1080
2037,.0000,.0000,.0000,.0000
2038,.0000,.0000,.0000,.0000
2039,.0000,.0000,.0000,.0000
2040,.0000,.0000,.0000,.0000
2041,.0000,.0000,.0000,.0000
2042,.0000,.0000,.0000,.0000
2043,.0000,.0000,.0000,.0000
2044,.0000,.0000,.0000,.0000
2045,.0000,.0000,.0000,.0000
2046,.0000,.0000,.0000,.0001
2047,.0000,.0000,.0000,.0173
2048,.0000,.0000,.0000,.0019
2049,.0000,.0000,.0000,.0000
2050,.0453,.0000,.3014,.0939
2051,.0196,.0000,.1443,.5443
2052,.0239,.0000,.1351,.5593
2053,.0888,.0000,.6410,.1248
2054,.1943,.0000,.6940,.0000
2055,.5255,.0000,.3881,.0351
2056,.2829,.0000,.5056,.1179
2057,.0829,.0000,.2835,.3808
2058,.0319,.0000,.0923,.3584
2059,.0000,.0000,.0240,.1935
2060,.0078,.0000,.0458,.1671
2061,.4194,.0000,.0362,.2802
2062,.6866,.0000,.1602,.0840
2063,.0489,.0000,.0968,.5219
2064,.0350,.0000,.0025,.4717
2065,.0000,.0000,.0061,.0439
2066,.0000,.0000,.0000,.0000
2067,.0000,.0000,.0000,.0000
2068,.0392,.0000,.0141,.0369
2069,.0000,.0000,.0302,.0648
2070,.0000,.0000,.0000,.0000
2071,.0000,.0000,.0000,.0000
2072,.0000,.0000,.0174,.0001
2073,.0000,.0000,.0533,.0582
2074,.0000,.0000,.0096,.0000
2075,.0000,.0000,.0000,.0000
2076,.0000,.0000,.0000,.0000
2077,.0000,.0000,.0000,.0000
2078,.0000,.0000,.0000,.0000
2079,.0000,.0000,.0000,.0000
2080,.0000,.0000,.0000,.0000
2081,.3303,.1678,.4429,.0000
2082,.3991,.1569,.3125,.0633
2083,.3868,.1870,.3213,.0404
2084,.4841,.0598,.3875,.0016
2085,.3953,.1271,.4037,.0103
2086,.5282,.0504,.3264,.0178
2087,.7223,.0038,.2068,.0000
2088,.4838,.0928,.3559,.0105
2089,.4542,.0475,.3425,.0822
2090,.4151,.1220,.3865,.0000
2091,.4936,.1541,.2963,.0009
2092,.5204,.1226,.2915,.0004
2093,.4482,.2221,.2214,.0506
2094,.3577,.0981,.3406,.1332
2095,.6171,.0455,.2391,.0378
2096,.6424,.0069,.2900,.0016
2097,.3997,.1391,.3946,.0000
2098,.4645,.0582,.3828,.0201
2099,.5589,.0300,.2964,.0405
2100,.6876,.0205,.2019,.0154
2101,.6068,.0079,.3175,.0003
2102,.5700,.1119,.2557,.0000
2103,.7241,.0120,.1986,.0000
2104,.6157,.0836,.2572,.0000
2105,.5723,.0423,.3227,.0000
2106,.5658,.0280,.3132,.0100
2107,.5462,.0996,.2692,.0107
2108,.0976,.4742,.3762,.0000
2109,.0190,.4966,.3894,.0000
2110,.0510,.5769,.2890,.0000
2111,.0868,.4011,.4226,.0000
2112,.2306,.2129,.4897,.0000
2113,.5923,.0313,.3052,.0115
2114,.6656,.0051,.2812,.0000
2115,.6512,.0016,.2781,.0110
2116,.6450,.1038,.1950,.0000
2117,.3227,.2921,.2467,.0842
2118,.5743,.0309,.3155,.0191
2119,.3981,.1894,.2608,.0871
2120,.6104,.0221,.2782,.0362
2121,.6212,.0068,.3101,.0000
2122,.3984,.1095,.4338,.0000
2123,.2718,.2966,.3404,.0304
2124,.2439,.2203,.4756,.0000
2125,.4751,.1392,.3123,.0000
2126,.1189,.3521,.4303,.0261
2127,.0301,.2696,.5860,.0376
2128,.0211,.1843,.7333,.0000
2129,.0128,.4176,.4781,.0000
2130,.0288,.6245,.1993,.0292
2131,.1238,.5048,.2509,.0314
2132,.3731,.0711,.4002,.0696
2133,.4860,.1071,.2957,.0334
2134,.1023,.2754,.5394,.0034
2135,.3548,.1483,.4030,.0094
2136,.2129,.1180,.5113,.0776
2137,.0212,.2582,.6003,.0146
2138,.0089,.2304,.4217,.2225
2139,.0033,.3103,.1188,.4476
2140,.0197,.4154,.3100,.1473
2141,.0136,.4701,.0284,.2927
2142,.0053,.8468,.0304,.0095
2143,.0101,.9157,.0000,.0093
2144,.0087,.8709,.0018,.0319
2145,.0066,.6649,.0149,.0694
2146,.0104,.3860,.0082,.3440
2147,.0119,.5053,.0009,.1949
2148,.0246,.7419,.0300,.0214
2149,.0073,.8814,.0042,.0138
2150,.0038,.8710,.0038,.0195
2151,.0060,.7489,.0000,.1237
2152,.0012,.4833,.0304,.2737
2153,.0000,.6346,.0165,.0799
2154,.0607,.3985,.0000,.2305
2155,.0842,.3795,.0536,.2991
2156,.1478,.2615,.1313,.2285
2157,.0407,.1992,.3719,.1591
2158,.0214,.1526,.0754,.4280
2159,.1150,.2353,.2090,.2242
2160,.1818,.1080,.3376,.1624
2161,.2589,.1556,.2448,.1473
2162,.2400,.0515,.2560,.3370
2163,.3977,.0925,.3586,.0508
2164,.1107,.3227,.2690,.0922
2165,.0545,.4239,.1503,.0716
2166,.0273,.3699,.0526,.1442
2167,.0000,.0000,.0000,.0200
2168,.0000,.0000,.0000,.0000
2169,.0000,.0000,.0000,.0000
2170,.0000,.0000,.0000,.0000
2171,.0000,.0000,.0000,.0000
2172,.0000,.0000,.0000,.0000
2173,.0000,.0000,.0000,.0000
2174,.0000,.0000,.0000,.0000
2175,.0000,.0000,.0000,.0000
2176,.0000,.0000,.0005,.0008
2177,.0050,.0000,.2024,.0565
2178,.0302,.0000,.1891,.1000
2179,.0000,.0000,.0341,.0309
2180,.0000,.0000,.0000,.0000
2181,.0045,.0000,.1190,.2715
2182,.1709,.0000,.1120,.5737
2183,.0353,.0000,.5084,.2674
2184,.1939,.0000,.7464,.0002
2185,.2372,.0000,.5196,.1608
2186,.3644,.0000,.4967,.0364
2187,.6241,.0000,.3092,.0092
2188,.3360,.0000,.4302,.1404
2189,.2123,.0000,.1476,.2992
2190,.0061,.0000,.0860,.3080
2191,.0432,.0000,.1382,.3388
2192,.2038,.0000,.0359,.3864
2193,.0000,.0000,.1324,.2724
2194,.0000,.0000,.0441,.0224
2195,.0000,.0000,.0000,.0000
2196,.0000,.0000,.0000,.0000
2197,.0000,.0000,.0000,.0000
2198,.3413,.0005,.3007,.0345
2199,.2221,.0356,.0642,.3269
2200,.0000,.0000,.0632,.1231
2201,.0000,.0000,.0000,.0000
2202,.0000,.0000,.0663,.0553
2203,.0000,.0000,.0668,.4409
2204,.0000,.0000,.0000,.0000
2205,.0000,.0000,.0000,.0000
2206,.0000,.0000,.0000,.0000
2207,.0000,.0000,.0000,.0000
2208,.0000,.0000,.0000,.0000
2209,.0000,.0000,.0000,.0000
2210,.0000,.0000,.0000,.0000
2211,.4674,.0786,.3962,.0071
2212,.5694,.0827,.2678,.0107
2213,.3858,.0991,.4358,.0181
2214,.2344,.2096,.4493,.0418
2215,.6567,.0181,.2458,.0137
2216,.7178,.0088,.2106,.0000
2217,.6482,.0152,.2399,.0478
2218,.5669,.0569,.2958,.0081
2219,.3349,.2001,.3530,.0334
2220,.2796,.3255,.3290,.0071
2221,.2765,.2379,.4169,.0000
2222,.1523,.4944,.2971,.0000
2223,.0271,.6576,.2718,.0000
2224,.0117,.5877,.3508,.0000
2225,.0821,.3690,.4795,.0076
2226,.4175,.1265,.3850,.0070
2227,.5948,.0493,.2822,.0000
2228,.4563,.0552,.3937,.0115
2229,.5964,.0310,.2495,.0436
2230,.5341,.0238,.3664,.0068
2231,.6199,.0274,.2656,.0000
2232,.5824,.0228,.3277,.0000
2233,.5860,.0610,.2932,.0000
2234,.7458,.0491,.1526,.0000
2235,.6930,.0822,.1676,.0012
2236,.6457,.1242,.1560,.0023
2237,.7096,.0303,.1739,.0000
2238,.2022,.2123,.5259,.0000
2239,.0325,.3910,.4946,.0000
2240,.1211,.3325,.4442,.0000
2241,.1752,.2462,.5013,.0000
2242,.1458,.3588,.3449,.0813
2243,.6988,.0022,.2237,.0324
2244,.5154,.0972,.3330,.0000
2245,.5787,.0379,.3214,.0050
2246,.6192,.0106,.3209,.0000
2247,.5110,.1265,.2829,.0140
2248,.6155,.0209,.2952,.0059
2249,.4324,.1155,.3585,.0337
2250,.5533,.0399,.3095,.0381
2251,.5792,.0263,.2527,.0884
2252,.5293,.0364,.3764,.0000
2253,.4231,.2032,.2251,.0930
2254,.1443,.4504,.3450,.0000
2255,.2456,.3147,.3477,.0421
2256,.0908,.6764,.0172,.1339
2257,.0835,.3489,.3138,.1783
2258,.0118,.3540,.5487,.0000
2259,.0733,.4279,.4111,.0000
2260,.1496,.2583,.4990,.0017
2261,.3342,.1098,.4419,.0244
2262,.1131,.2064,.5909,.0073
2263,.3239,.1826,.2970,.1169
2264,.4523,.2150,.2585,.0068
2265,.4493,.2066,.2696,.0121
2266,.3203,.0712,.4426,.0433
2267,.0516,.1516,.5173,.1623
2268,.0638,.1778,.3784,.2258
2269,.1299,.2349,.3431,.1601
2270,.1388,.3352,.4358,.0106
2271,.0625,.3290,.4384,.0377
2272,.0510,.7005,.1401,.0206
2273,.0172,.7999,.1033,.0026
2274,.0422,.4923,.1291,.1099
2275,.0247,.5200,.0891,.1424
2276,.1270,.4194,.2122,.0535
2277,.1160,.3276,.0455,.2163
2278,.0172,.4418,.0048,.1401
2279,.0041,.7867,.0183,.0136
2280,.0003,.7606,.1318,.0055
2281,.0024,.6682,.0071,.1247
2282,.0008,.3887,.0435,.1049
2283,.0030,.4538,.0220,.2491
2284,.0024,.1804,.0248,.4650
2285,.0011,.4457,.0089,.2735
2286,.0089,.6865,.0329,.0623
2287,.0264,.1540,.0718,.4212
2288,.0325,.1107,.0878,.4116
2289,.0113,.1248,.1501,.2880
2290,.0140,.1892,.0448,.3507
2291,.0305,.2544,.0980,.2604
2292,.0464,.3725,.1018,.1787
2293,.2216,.2450,.3378,.0496
2294,.0981,.2842,.3769,.0187
2295,.0361,.6817,.1266,.0286
2296,.0281,.3472,.2637,.2304
2297,.0000,.0000,.0000,.7131
2298,.0000,.0000,.0000,.0498
2299,.0000,.0000,.0000,.0000
2300,.0000,.0000,.0000,.0000
2301,.0000,.0000,.0000,.0000
2302,.0000,.0000,.0000,.0000
2303,.0000,.0000,.0000,.0000
2304,.0000,.0000,.0000,.0000
2305,.0000,.0000,.0000,.0000
2306,.0000,.0000,.0006,.0028
2307,.0035,.0000,.0935,.1385
2308,.0533,.0000,.2655,.2193
2309,.0000,.0000,.0148,.1247
2310,.0000,.0000,.0124,.0249
2311,.0000,.0000,.0028,.0048
2312,.0499,.0000,.1417,.3369
2313,.0187,.0000,.2640,.3967
2314,.1002,.0000,.7642,.0028
2315,.0274,.0000,.2931,.4790
2316,.1342,.0000,.6186,.0996
2317,.3801,.0000,.4695,.0760
2318,.7291,.0000,.1917,.0263
2319,.7170,.0000,.1675,.0366
2320,.5817,.0000,.1922,.1316
2321,.3865,.0000,.1046,.4178
2322,.0127,.0000,.0000,.5474
2323,.0000,.0000,.0000,.0000
2324,.0000,.0000,.0000,.0000
2325,.0000,.0000,.0000,.0000
2326,.0000,.0000,.0000,.0000
2327,.0000,.0000,.0191,.0000
2328,.4660,.0010,.3311,.0163
2329,.7005,.0380,.1994,.0104
2330,.5397,.0447,.2988,.0481
2331,.2282,.0088,.0851,.3554
2332,.1449,.0000,.0452,.0394
2333,.0000,.0000,.0000,.0000
2334,.0000,.0000,.0000,.0000
2335,.0000,.0000,.0000,.0000
2336,.0000,.0000,.0000,.0000
2337,.0000,.0000,.0000,.0000
2338,.0000,.0000,.0000,.0000
2339,.0000,.0000,.0000,.0000
2340,.0000,.0000,.0000,.0000
2341,.3687,.0600,.5096,.0000
2342,.4630,.0934,.3814,.0000
2343,.3992,.1824,.3383,.0128
2344,.3561,.1335,.3942,.0360
2345,.6124,.0042,.3059,.0136
2346,.5544,.0201,.3619,.0050
2347,.3753,.1227,.4409,.0047
2348,.3772,.2111,.3499,.0000
2349,.5271,.1747,.2334,.0000
2350,.3106,.2072,.4096,.0000
2351,.3611,.1034,.4138,.0495
2352,.1494,.5424,.2544,.0000
2353,.0235,.7348,.1708,.0000
2354,.0160,.6470,.2614,.0000
2355,.0847,.4496,.3953,.0000
2356,.1334,.3685,.4254,.0000
2357,.1320,.3686,.4181,.0000
2358,.3939,.1581,.3610,.0043
2359,.5031,.0952,.3320,.0002
2360,.4592,.1469,.3064,.0250
2361,.6428,.0264,.2290,.0204
2362,.7089,.0253,.1881,.0168
2363,.6778,.0446,.2225,.0000
2364,.5278,.1284,.2245,.0597
2365,.5822,.1708,.1505,.0312
2366,.6463,.0717,.2062,.0000
2367,.2781,.2465,.4125,.0000
2368,.2844,.2293,.4286,.0000
2369,.1295,.2418,.5419,.0000
2370,.1336,.2618,.4661,.0456
2371,.1660,.4648,.3049,.0000
2372,.0212,.5852,.3060,.0159
2373,.2424,.1695,.4913,.0490
2374,.4368,.0963,.3569,.0306
2375,.6416,.0126,.2842,.0000
2376,.6109,.0183,.3089,.0000
2377,.5733,.1024,.2528,.0100
2378,.6506,.0530,.2254,.0210
2379,.2995,.2821,.3300,.0334
2380,.4975,.3083,.1168,.0375
2381,.3702,.3189,.1661,.0936
2382,.5050,.0546,.3822,.0000
2383,.5463,.1024,.2388,.0470
2384,.1895,.4301,.3172,.0000
2385,.0313,.5730,.0611,.1945
2386,.1624,.2158,.0252,.4815
2387,.0979,.4478,.3145,.0918
2388,.0749,.4472,.4052,.0000
2389,.3315,.1877,.4058,.0052
2390,.4571,.0459,.3354,.0573
2391,.4693,.0589,.2416,.1345
2392,.2192,.1424,.4712,.0804
2393,.1751,.1739,.5471,.0223
2394,.1142,.2744,.5224,.0119
2395,.2057,.1858,.4876,.0137
2396,.0656,.1548,.6100,.0516
2397,.1000,.0906,.7013,.0000
2398,.3709,.0327,.4095,.0924
2399,.4432,.0799,.3674,.0215
2400,.2968,.0633,.4674,.0870
2401,.3812,.0727,.4090,.0527
2402,.3063,.2024,.2950,.1253
2403,.1523,.3334,.2515,.1896
2404,.1734,.3197,.2383,.1577
2405,.2782,.3484,.2414,.0418
2406,.4807,.1653,.2730,.0063
2407,.5551,.0687,.1805,.0961
2408,.0968,.1222,.0586,.4376
2409,.0075,.5613,.0047,.0801
2410,.0118,.7333,.0230,.0336
2411,.0005,.6840,.0042,.0798
2412,.0491,.3283,.0044,.2672
2413,.0020,.0000,.0530,.3519
2414,.0033,.1681,.0166,.4874
2415,.0000,.3742,.0169,.2558
2416,.0129,.3526,.0078,.4299
2417,.0060,.6448,.0000,.1409
2418,.0171,.5247,.0252,.1560
2419,.0392,.1005,.2408,.2283
2420,.0084,.2265,.1064,.2735
2421,.0318,.4265,.1229,.1475
2422,.0383,.3299,.0798,.2443
2423,.0568,.2769,.1171,.2493
2424,.2209,.3070,.3136,.0254
2425,.3731,.2485,.2232,.0000
2426,.0735,.2884,.2371,.1926
2427,.0000,.0000,.0917,.7205
2428,.0000,.0000,.0000,.2208
2429,.0000,.0000,.0000,.0000
2430,.0000,.0000,.0000,.0000
2431,.0000,.0000,.0000,.0000
2432,.0000,.0000,.0000,.0000
2433,.0000,.0000,.0000,.0000
2434,.0000,.0000,.0000,.0000
2435,.0000,.0000,.0000,.0000
2436,.0000,.0000,.0000,.0000
2437,.0000,.0000,.0329,.0386
2438,.0092,.0000,.2773,.0713
2439,.0051,.0000,.4767,.1002
2440,.0078,.0000,.2822,.2834
2441,.0017,.0000,.2987,.1990
2442,.0183,.0000,.2817,.2871
2443,.0079,.0000,.3534,.1436
2444,.0361,.0000,.5607,.1416
2445,.0486,.0056,.6072,.1026
2446,.0404,.0000,.8048,.0391
2447,.1547,.0000,.7612,.0000
2448,.4062,.0000,.2079,.2873
2449,.4227,.0000,.1009,.3166
2450,.1686,.0000,.2099,.3437
2451,.0000,.0000,.0643,.3174
2452,.0000,.0000,.0000,.2222
2453,.0000,.0000,.0000,.0000
2454,.0000,.0000,.0000,.0000
2455,.0000,.0000,.0000,.0000
2456,.0000,.0000,.0265,.0285
2457,.0000,.0000,.0420,.0000
2458,.2556,.0366,.1381,.1988
2459,.3962,.0873,.1962,.2511
2460,.7838,.0000,.1857,.0000
2461,.8979,.0000,.0743,.0002
2462,.3243,.0000,.2460,.0743
2463,.0000,.0000,.0000,.0000
2464,.0000,.0000,.0000,.0000
2465,.0000,.0000,.0000,.0000
2466,.0000,.0000,.0000,.0000
2467,.0000,.0000,.0000,.0000
2468,.0000,.0000,.0000,.0000
2469,.0000,.0000,.0000,.0000
2470,.0000,.0000,.0402,.0000
2471,.4502,.0417,.4446,.0000
2472,.5840,.0541,.2988,.0000
2473,.6449,.0656,.2206,.0000
2474,.5623,.1961,.1786,.0016
2475,.6223,.0201,.2698,.0184
2476,.4825,.0306,.4125,.0067
2477,.5753,.0056,.3407,.0000
2478,.4697,.0096,.4337,.0000
2479,.5471,.0320,.2632,.0785
2480,.4222,.1107,.4057,.0070
2481,.5825,.0476,.2187,.0577
2482,.5293,.1905,.2087,.0000
2483,.3984,.3006,.2307,.0000
2484,.1068,.5016,.2780,.0000
2485,.1282,.3465,.4225,.0000
2486,.1641,.2671,.4893,.0000
2487,.0635,.5118,.3419,.0000
2488,.0900,.6042,.2367,.0000
2489,.0048,.6086,.3019,.0247
2490,.0715,.5698,.2661,.0236
2491,.4491,.2305,.1784,.0858
2492,.5998,.0191,.3005,.0240
2493,.6548,.1199,.1718,.0033
2494,.5275,.1081,.2914,.0000
2495,.1362,.3728,.4287,.0000
2496,.3485,.2753,.2552,.0625
2497,.4686,.2414,.2356,.0000
2498,.4970,.1068,.3303,.0000
2499,.4907,.0780,.3688,.0101
2500,.3472,.2141,.3747,.0178
2501,.2801,.3413,.3302,.0000
2502,.1307,.3895,.4355,.0000
2503,.0897,.4171,.4131,.0000
2504,.2497,.1560,.5051,.0021
2505,.5184,.0106,.4068,.0000
2506,.6824,.0114,.2317,.0000
2507,.6124,.0212,.2893,.0105
2508,.3255,.3152,.2872,.0243
2509,.1623,.4280,.3391,.0051
2510,.4470,.1423,.1677,.1876
2511,.4168,.1637,.2979,.0691
2512,.6082,.0518,.2943,.0000
2513,.6762,.0184,.1853,.0689
2514,.2299,.2625,.4174,.0283
2515,.1804,.3117,.3566,.0603
2516,.3334,.2563,.2362,.0993
2517,.3051,.2198,.4100,.0000
2518,.4353,.1056,.3672,.0249
2519,.6747,.0140,.1972,.0202
2520,.5011,.0241,.1718,.2115
2521,.2101,.3842,.0500,.2186
2522,.1725,.2113,.4253,.0547
2523,.2864,.0951,.5505,.0027
2524,.3725,.0883,.4429,.0152
2525,.2969,.1103,.4430,.0630
2526,.5684,.0613,.2821,.0189
2527,.5617,.0337,.3078,.0071
2528,.2139,.1372,.4925,.0508
2529,.2685,.1000,.4629,.0584
2530,.2224,.1145,.5606,.0190
2531,.2901,.1927,.3361,.0702
2532,.0429,.5195,.1290,.1632
2533,.1378,.2354,.4276,.0857
2534,.1508,.1846,.5863,.0093
2535,.1599,.2037,.4494,.1055
2536,.4261,.0706,.2547,.1830
2537,.4924,.0496,.3061,.0878
2538,.1027,.3240,.1438,.1671
2539,.0149,.3417,.1684,.0692
2540,.0278,.3271,.1792,.1510
2541,.0487,.3604,.0322,.2238
2542,.0014,.4018,.0274,.1670
2543,.0069,.2307,.0738,.3663
2544,.0467,.3852,.0103,.2146
2545,.0077,.4902,.0110,.1552
2546,.0047,.7581,.0003,.0565
2547,.0041,.6630,.0563,.0287
2548,.0212,.3131,.0618,.2254
2549,.0212,.4827,.0584,.1380
2550,.0181,.4824,.0084,.2063
2551,.0063,.6354,.0166,.0513
2552,.0170,.4796,.0129,.1969
2553,.0363,.3436,.0621,.1423
2554,.0360,.3680,.1173,.1403
2555,.0783,.1592,.1687,.2018
2556,.0379,.1750,.1790,.2921
2557,.0000,.0079,.0345,.5903
2558,.0000,.0000,.0196,.0456
2559,.0000,.0000,.0005,.0000
2560,.0000,.0000,.0000,.0000
2561,.0000,.0000,.0000,.0000
2562,.0000,.0000,.0000,.0000
2563,.0000,.0000,.0000,.0000
2564,.0000,.0000,.0000,.0000
2565,.0000,.0000,.0000,.0000
2566,.0003,.0000,.0365,.0225
2567,.0004,.0000,.1961,.1544
2568,.0122,.0000,.3095,.2240
2569,.0084,.0000,.2633,.2741
2570,.0515,.0489,.3379,.2074
2571,.1281,.0961,.4344,.0859
2572,.0220,.0587,.3001,.2716
2573,.0605,.0000,.3019,.3524
2574,.0267,.0000,.4771,.1287
2575,.0083,.0095,.3505,.1948
2576,.0360,.0071,.4371,.3159
2577,.2397,.0387,.6084,.0116
2578,.5895,.0000,.2840,.0638
2579,.1012,.0000,.2086,.2321
2580,.0000,.0000,.0075,.1145
2581,.0000,.0000,.0007,.2405
2582,.0000,.0000,.0000,.0045
2583,.0000,.0000,.0000,.0000
2584,.0000,.0000,.0000,.0000
2585,.0000,.0000,.0000,.0000
2586,.0000,.0000,.0136,.1501
2587,.1767,.0104,.1276,.0346
2588,.1928,.1340,.2120,.2007
2589,.2012,.1231,.0820,.2400
2590,.4925,.0112,.0382,.2236
2591,.2093,.0054,.0264,.1582
2592,.0133,.0000,.0071,.0280
2593,.0000,.0000,.0000,.0000
2594,.0000,.0000,.0000,.0000
2595,.0000,.0000,.0000,.0000
2596,.0000,.0000,.0000,.0000
2597,.0000,.0000,.0000,.0000
2598,.0000,.0000,.0000,.0000
2599,.0000,.0000,.0000,.0000
2600,.0000,.0000,.0000,.0000
2601,.5987,.0257,.3044,.0053
2602,.4458,.0838,.3955,.0000
2603,.3979,.0779,.4465,.0000
2604,.5208,.0698,.3429,.0010
2605,.6015,.0037,.3324,.0038
2606,.7201,.0230,.1921,.0117
2607,.6541,.0010,.2710,.0000
2608,.5636,.0072,.3403,.0001
2609,.6840,.0089,.2200,.0132
2610,.5664,.1210,.2414,.0000
2611,.5240,.1519,.2436,.0000
2612,.4586,.2609,.1989,.0109
2613,.3023,.3437,.2525,.0167
2614,.5224,.0982,.3214,.0006
2615,.4696,.1041,.3083,.0495
2616,.3571,.1415,.4337,.0062
2617,.3916,.2851,.2711,.0035
2618,.3139,.4365,.1862,.0052
2619,.1527,.5812,.1936,.0017
2620,.0535,.6949,.1714,.0105
2621,.0943,.6701,.1633,.0203
2622,.2147,.5435,.1657,.0231
2623,.1676,.4732,.2958,.0003
2624,.2256,.2197,.4819,.0000
2625,.3067,.2597,.3669,.0045
2626,.2867,.1370,.5261,.0026
2627,.3044,.1508,.4470,.0268
2628,.4950,.1000,.3170,.0222
2629,.6813,.0379,.2277,.0033
2630,.3867,.2801,.2905,.0009
2631,.2363,.2966,.4096,.0000
2632,.1062,.5914,.2502,.0000
2633,.4396,.2021,.2944,.0001
2634,.5470,.1366,.2388,.0133
2635,.4615,.0451,.4302,.0003
2636,.7408,.0024,.1808,.0000
2637,.6293,.0191,.2719,.0000
2638,.1445,.3021,.4865,.0000
2639,.2114,.3432,.3718,.0000
2640,.2805,.1852,.3572,.1021
2641,.5500,.1907,.0738,.1326
2642,.4796,.0301,.3026,.1290
2643,.5358,.0202,.3912,.0010
2644,.4186,.0765,.4026,.0419
2645,.1758,.1856,.5725,.0000
2646,.4178,.1885,.3126,.0098
2647,.3661,.1850,.2910,.0742
2648,.3104,.1662,.4160,.0238
2649,.3461,.1963,.3217,.0678
2650,.7015,.0375,.1645,.0233
2651,.4546,.1507,.3079,.0022
2652,.1455,.1891,.5853,.0000
2653,.3184,.2313,.3412,.0178
2654,.1099,.4481,.2960,.0368
2655,.2012,.3070,.4007,.0062
2656,.7599,.0189,.1709,.0008
2657,.7193,.0002,.2153,.0000
2658,.5189,.0670,.2733,.0359
2659,.1735,.3189,.3583,.0381
2660,.0958,.2219,.4808,.0550
2661,.2257,.2373,.1027,.2832
2662,.1107,.2269,.2308,.2124
2663,.3064,.1953,.3320,.0703
2664,.3418,.1638,.3483,.0590
2665,.1124,.3257,.1728,.2289
2666,.0705,.2426,.1755,.3103
2667,.0064,.3412,.1300,.2587
2668,.0388,.4115,.0634,.2037
2669,.0208,.2007,.0686,.3539
2670,.0198,.0462,.3239,.1907
2671,.0882,.3275,.0792,.1657
2672,.0361,.2084,.0434,.1543
2673,.0017,.3865,.1098,.2130
2674,.0009,.3877,.0212,.2316
2675,.0042,.3993,.0319,.2687
2676,.0065,.6316,.0025,.1389
2677,.0096,.3598,.0043,.2634
2678,.0033,.5804,.0051,.1124
2679,.0067,.6355,.0003,.1374
2680,.0123,.6493,.0001,.0729
2681,.0101,.6986,.0000,.0992
2682,.0361,.5897,.0154,.2270
2683,.0234,.8722,.0071,.0128
2684,.0236,.8613,.0135,.0210
2685,.0259,.8615,.0071,.0162
2686,.0000,.2688,.0202,.3666
2687,.0000,.0000,.0173,.1818
2688,.0000,.0000,.0392,.4742
2689,.0000,.0000,.0268,.0289
2690,.0000,.0000,.0000,.0000
2691,.0000,.0000,.0000,.0000
2692,.0000,.0000,.0000,.0000
2693,.0000,.0000,.0000,.0000
2694,.0000,.0000,.0000,.0000
2695,.0000,.0187,.0046,.0078
2696,.0081,.0586,.3198,.0848
2697,.0115,.1293,.3727,.0595
2698,.0235,.2607,.1663,.2137
2699,.0188,.1457,.1380,.3835
2700,.0299,.1366,.2535,.3639
2701,.3114,.0372,.2560,.2486
2702,.5359,.0139,.1412,.1437
2703,.2344,.0166,.5422,.0537
2704,.1394,.0981,.4706,.0788
2705,.0114,.0020,.3492,.2774
2706,.2770,.0292,.2442,.3145
2707,.5717,.0229,.1223,.2179
2708,.8189,.0044,.1212,.0227
2709,.4650,.0000,.2495,.0999
2710,.0164,.0000,.2584,.1570
2711,.0284,.0000,.1726,.1012
2712,.0000,.0000,.0052,.0264
2713,.0000,.0000,.0000,.0040
2714,.0000,.0000,.0000,.0000
2715,.0000,.0000,.0000,.0000
2716,.2098,.0621,.0730,.0801
2717,.3188,.0838,.3647,.1055
2718,.0555,.1475,.1192,.1295
2719,.0000,.0065,.0208,.0000
2720,.0000,.0045,.0227,.0833
2721,.0000,.0000,.0000,.0000
2722,.0000,.0000,.0000,.0000
2723,.0000,.0000,.0000,.2759
2724,.0000,.0000,.0000,.0139
2725,.0000,.0000,.0000,.0000
2726,.0000,.0000,.0000,.0000
2727,.0000,.0000,.0000,.0000
2728,.0000,.0000,.0000,.0000
2729,.0000,.0000,.0000,.0000
2730,.0000,.0000,.0000,.0000
2731,.5040,.0960,.3260,.0036
2732,.3055,.0994,.4891,.0391
2733,.6007,.0143,.3308,.0000
2734,.7855,.0099,.0686,.0968
2735,.4997,.1798,.2266,.0181
2736,.5607,.1045,.2395,.0166
2737,.4689,.1990,.1884,.0860
2738,.5477,.0729,.2582,.0377
2739,.5869,.0191,.2740,.0446
2740,.5864,.0237,.3109,.0000
2741,.5053,.1165,.3176,.0000
2742,.4082,.2841,.2516,.0000
2743,.3996,.1885,.3410,.0000
2744,.3866,.1432,.3798,.0199
2745,.3209,.2019,.3922,.0102
2746,.1630,.3953,.3589,.0283
2747,.0105,.6392,.2831,.0131
2748,.2305,.2860,.3833,.0444
2749,.4071,.1552,.3671,.0204
2750,.5410,.1215,.2382,.0389
2751,.4378,.3370,.1650,.0028
2752,.1437,.5652,.1513,.0644
2753,.1221,.5548,.2390,.0098
2754,.2351,.2289,.4448,.0019
2755,.2707,.1425,.4880,.0130
2756,.2925,.1054,.5149,.0204
2757,.1766,.2495,.5045,.0000
2758,.2012,.2085,.5017,.0000
2759,.5260,.0632,.3540,.0000
2760,.7950,.0066,.1461,.0000
2761,.6338,.0321,.2799,.0000
2762,.4380,.2032,.3006,.0000
2763,.4553,.1939,.2987,.0009
2764,.5731,.0352,.2098,.1219
2765,.3516,.2425,.3050,.0168
2766,.5843,.0207,.3285,.0000
2767,.6111,.0099,.2960,.0000
2768,.1632,.3056,.4531,.0000
2769,.2445,.4039,.2914,.0000
2770,.1006,.2558,.5836,.0000
2771,.1550,.3090,.4751,.0000
2772,.3459,.1691,.3940,.0172
2773,.6092,.0208,.3066,.0000
2774,.4921,.0330,.2919,.1122
2775,.2302,.0916,.6115,.0000
2776,.3917,.0804,.4021,.0374
2777,.1555,.2419,.5100,.0000
2778,.0558,.2310,.6037,.0000
2779,.1320,.1918,.4920,.0349
2780,.3887,.1276,.3038,.0902
2781,.1554,.2714,.4967,.0000
2782,.3702,.0877,.4606,.0038
2783,.2551,.1956,.4075,.0431
2784,.0807,.3404,.4502,.0188
2785,.0433,.3924,.4783,.0000
2786,.4268,.0924,.3076,.1050
2787,.6961,.0003,.2569,.0000
2788,.6168,.0571,.2279,.0084
2789,.3738,.1251,.3143,.0866
2790,.0755,.4044,.2508,.1171
2791,.0659,.1669,.3873,.1816
2792,.2323,.1586,.5186,.0064
2793,.3432,.1806,.3776,.0141
2794,.6725,.0235,.2331,.0052
2795,.2285,.3135,.3363,.0265
2796,.0575,.4283,.0601,.2166
2797,.2165,.1884,.2576,.1247
2798,.0398,.2571,.2039,.2409
2799,.0185,.0040,.0034,.6097
2800,.0925,.3701,.0146,.1353
2801,.0615,.6571,.0033,.0152
2802,.0762,.4416,.0800,.0918
2803,.0037,.2242,.1088,.2076
2804,.0021,.0867,.2065,.3375
2805,.0105,.2463,.0862,.3372
2806,.0067,.2987,.0980,.2143
2807,.0109,.4168,.0316,.1963
2808,.0044,.7184,.0022,.0311
2809,.0079,.8012,.0153,.0180
2810,.0219,.7916,.0332,.0103
2811,.0221,.7576,.0117,.0343
2812,.0031,.7267,.0208,.0502
2813,.0039,.7189,.0290,.0045
2814,.0204,.9135,.0039,.0063
2815,.0091,.7393,.0532,.1150
2816,.0000,.4091,.2140,.2434
2817,.0000,.2114,.1609,.4437
2818,.0000,.0344,.0105,.6079
2819,.0000,.0000,.0024,.0010
2820,.0000,.0000,.0000,.0000
2821,.0000,.0000,.0000,.0000
2822,.0000,.0000,.0000,.0000
2823,.0000,.0000,.0000,.0000
2824,.0000,.0000,.0000,.0000
2825,.0009,.1372,.0138,.0529
2826,.0743,.1098,.3595,.1156
2827,.1778,.1295,.1745,.3714
2828,.0245,.5602,.1808,.1109
2829,.0114,.3807,.0922,.4014
2830,.0419,.3861,.3691,.1035
2831,.0618,.1133,.3187,.3165
2832,.0083,.0183,.0351,.5073
2833,.1151,.0000,.1584,.4026
2834,.2277,.0003,.1251,.3506
2835,.0148,.0092,.2234,.2781
2836,.0546,.0490,.4630,.1260
2837,.2526,.0263,.5037,.1122
2838,.4666,.0023,.3427,.0969
2839,.5101,.0000,.3160,.0376
2840,.6509,.0000,.2719,.0000
2841,.4787,.0000,.2999,.1023
2842,.3046,.0121,.2740,.1714
2843,.1567,.0927,.2010,.1678
2844,.0548,.0847,.0344,.1510
2845,.0408,.1331,.1567,.0617
2846,.4122,.0386,.2465,.1081
2847,.3288,.0909,.1535,.2682
2848,.2485,.2038,.3453,.0581
2849,.3104,.0363,.2489,.2088
2850,.1216,.0000,.1158,.1452
2851,.0000,.0000,.0000,.0184
2852,.0000,.0000,.0000,.0000
2853,.0000,.0000,.0000,.0000
2854,.0000,.0000,.0000,.0000
2855,.0000,.0000,.0000,.0000
2856,.0000,.0000,.0000,.0000
2857,.0141,.2030,.1474,.0463
2858,.0227,.1064,.1197,.2332
2859,.0199,.0927,.2023,.1694
2860,.0138,.0501,.0846,.1375
2861,.4298,.0707,.4209,.0123
2862,.4891,.0650,.3010,.0671
2863,.5046,.0948,.3103,.0347
2864,.8088,.0241,.1094,.0071
2865,.3653,.0947,.4631,.0023
2866,.6646,.0353,.2159,.0092
2867,.4681,.1020,.3649,.0000
2868,.5485,.0619,.3223,.0007
2869,.5859,.0305,.2361,.0740
2870,.4254,.0687,.4502,.0000
2871,.2266,.3030,.4013,.0000
2872,.1985,.3091,.4204,.0000
2873,.1380,.3102,.4855,.0000
2874,.1130,.2514,.5654,.0000
2875,.2247,.1795,.5283,.0000
2876,.2523,.1578,.4229,.0968
2877,.2119,.2211,.4492,.0647
2878,.1241,.2762,.5241,.0000
2879,.1479,.3767,.4084,.0000
2880,.2228,.2617,.4592,.0000
2881,.5353,.0821,.3231,.0000
2882,.5061,.1259,.2210,.0783
2883,.3534,.3593,.2124,.0226
2884,.4113,.1363,.3826,.0070
2885,.4119,.0435,.4488,.0117
2886,.2624,.1212,.5257,.0000
2887,.3613,.0893,.4689,.0000
2888,.3656,.2479,.3052,.0111
2889,.1696,.4212,.3129,.0041
2890,.3518,.1914,.3983,.0000
2891,.5681,.0740,.2632,.0373
2892,.7158,.0018,.2396,.0000
2893,.7205,.0000,.2308,.0000
2894,.5165,.0151,.4122,.0000
2895,.3624,.0863,.4694,.0135
2896,.5559,.0412,.2821,.0570
2897,.7592,.0000,.1869,.0000
2898,.4789,.0736,.3645,.0000
2899,.0976,.4810,.3247,.0144
2900,.0572,.3651,.4858,.0053
2901,.0558,.4888,.3960,.0041
2902,.2760,.2436,.3908,.0251
2903,.3593,.0926,.4649,.0275
2904,.4556,.1262,.3285,.0273
2905,.1176,.3004,.4682,.0375
2906,.3466,.0656,.5080,.0069
2907,.3243,.1556,.4235,.0332
2908,.2001,.1713,.5612,.0000
2909,.2094,.1489,.4967,.0216
2910,.1847,.3240,.3317,.0231
2911,.1443,.2606,.5243,.0000
2912,.7065,.0035,.2402,.0000
2913,.2220,.2365,.4558,.0000
2914,.2503,.1323,.5336,.0000
2915,.2595,.1682,.4966,.0000
2916,.3081,.0806,.5197,.0294
2917,.6421,.0702,.2039,.0276
2918,.7399,.0000,.1858,.0134
2919,.6830,.0024,.2111,.0103
2920,.2230,.3600,.3284,.0160
2921,.4939,.0791,.3465,.0023
2922,.1762,.2084,.3461,.1144
2923,.1449,.2777,.4652,.0000
2924,.6395,.1007,.2039,.0000
2925,.5535,.1228,.2727,.0000
2926,.3081,.4261,.1801,.0076
2927,.2747,.3963,.1410,.0406
2928,.0708,.4042,.2920,.0721
2929,.0592,.2817,.0657,.3547
2930,.0226,.3525,.0120,.1777
2931,.3524,.3161,.0120,.1061
2932,.2097,.1960,.0102,.2649
2933,.0068,.0000,.0859,.5619
2934,.0069,.2968,.0853,.1644
2935,.0127,.4191,.0942,.1295
2936,.0066,.0529,.1103,.4930
2937,.0100,.4311,.0000,.4093
2938,.0088,.8546,.0009,.0046
2939,.0041,.8011,.0235,.0075
2940,.0078,.8339,.0258,.0068
2941,.0071,.8091,.0285,.0034
2942,.0039,.8215,.0262,.0018
2943,.0103,.8804,.0008,.0014
2944,.0206,.9480,.0009,.0003
2945,.0000,.5377,.1831,.0966
2946,.0049,.5601,.0710,.1642
2947,.0033,.6423,.0228,.1518
2948,.0000,.0324,.0550,.2628
2949,.0000,.0000,.0106,.0000
2950,.0000,.0000,.0000,.0000
2951,.0000,.0000,.0000,.0000
2952,.0000,.0000,.0000,.0000
2953,.0000,.0000,.0000,.0000
2954,.0000,.0000,.0310,.0387
2955,.0191,.1501,.3206,.0924
2956,.0465,.2231,.4201,.0760
2957,.0374,.2220,.3395,.2774
2958,.0317,.2372,.2453,.2546
2959,.1652,.1852,.4817,.0780
2960,.3924,.0365,.4004,.0955
2961,.0469,.0401,.0919,.4210
2962,.0008,.0000,.1497,.2610
2963,.0037,.0000,.2153,.2603
2964,.0505,.0120,.4236,.1788
2965,.0436,.0000,.2577,.3556
2966,.0342,.0096,.3109,.2849
2967,.0417,.0193,.2501,.3142
2968,.0882,.0020,.5623,.0061
2969,.3236,.0214,.4437,.0672
2970,.7189,.0000,.1375,.0573
2971,.7101,.0000,.1667,.0460
2972,.6874,.0000,.2242,.0139
2973,.5685,.0038,.2354,.1328
2974,.6768,.0551,.0800,.1277
2975,.2432,.2145,.3324,.0208
2976,.3719,.0680,.2256,.2338
2977,.7233,.0032,.2070,.0136
2978,.4504,.0172,.3995,.0620
2979,.5961,.0987,.2635,.0075
2980,.7184,.0416,.1876,.0083
2981,.1145,.0296,.0430,.1397
2982,.0000,.0000,.0000,.0000
2983,.0000,.0000,.0000,.0000
2984,.0000,.0000,.0000,.0000
2985,.0000,.0000,.0000,.0000
2986,.0000,.0000,.0000,.0000
2987,.2719,.0912,.4239,.0095
2988,.1456,.1976,.5613,.0000
2989,.2018,.0765,.5930,.0282
2990,.1926,.1818,.5072,.0276
2991,.6893,.0134,.2122,.0094
2992,.5587,.0328,.2756,.0506
2993,.5585,.0231,.3160,.0281
2994,.5259,.0667,.3244,.0187
2995,.5495,.0279,.3490,.0086
2996,.3318,.0617,.3918,.1440
2997,.5309,.0332,.3590,.0000
2998,.5817,.0156,.3234,.0027
2999,.4362,.0914,.3979,.0089
3000,.5815,.0476,.3174,.0000
3001,.2229,.2745,.4484,.0000
3002,.1343,.2675,.5279,.0000
3003,.2469,.1834,.5070,.0000
3004,.1906,.2647,.4743,.0000
3005,.1237,.2861,.5097,.0000
3006,.2285,.3512,.2091,.1418
3007,.1516,.0845,.6152,.0619
3008,.2129,.2737,.4371,.0000
3009,.3378,.1729,.3780,.0382
3010,.1579,.3995,.3765,.0000
3011,.1402,.2817,.5228,.0000
3012,.4593,.1486,.2695,.0536
3013,.5624,.0736,.2835,.0193
3014,.3511,.1584,.4222,.0000
3015,.1626,.2386,.5127,.0041
3016,.1967,.1898,.4760,.0000
3017,.0501,.3158,.5177,.0000
3018,.4727,.0842,.3574,.0044
3019,.2705,.1987,.4243,.0345
3020,.4665,.0354,.4663,.0000
3021,.3495,.0157,.5275,.0491
3022,.4492,.0064,.3802,.1033
3023,.5444,.0114,.3182,.0592
3024,.7053,.0002,.2369,.0000
3025,.6693,.0100,.2387,.0186
3026,.3222,.0392,.4787,.0775
3027,.6478,.0066,.2929,.0048
3028,.6022,.0014,.2548,.0671
3029,.2226,.4010,.2398,.0338
3030,.0234,.5968,.1913,.0520
3031,.1612,.5360,.2340,.0293
3032,.4009,.1887,.2634,.0904
3033,.2574,.2100,.4674,.0014
3034,.2472,.2272,.4381,.0209
3035,.2889,.1473,.4200,.0329
3036,.6717,.0073,.2692,.0000
3037,.5173,.0808,.3423,.0000
3038,.1912,.1382,.5939,.0000
3039,.2455,.1136,.5410,.0205
3040,.2040,.1543,.5338,.0000
3041,.3693,.0644,.4957,.0000
3042,.7235,.0017,.2218,.0035
3043,.3002,.1760,.4451,.0034
3044,.5997,.0786,.2522,.0000
3045,.4871,.0636,.3798,.0000
3046,.6175,.0476,.2783,.0000
3047,.7119,.0265,.1676,.0321
3048,.6723,.0000,.2147,.0597
3049,.6864,.0000,.2215,.0222
3050,.6662,.0102,.2528,.0000
3051,.5002,.0333,.3255,.0693
3052,.4248,.0523,.2555,.1849
3053,.2527,.2242,.3985,.0368
3054,.0785,.2173,.6279,.0014
3055,.2823,.2509,.3919,.0000
3056,.1339,.4341,.3131,.0089
3057,.0954,.5191,.1590,.0453
3058,.0056,.7811,.0006,.0661
3059,.0119,.1998,.0000,.5320
3060,.2303,.2821,.0207,.1474
3061,.2765,.3588,.0007,.1530
3062,.0167,.2930,.0857,.2188
3063,.0189,.0000,.1801,.4219
3064,.0068,.0066,.3904,.0971
3065,.0046,.0145,.2696,.1752
3066,.0009,.0000,.1544,.4837
3067,.0004,.3745,.0218,.2940
3068,.0052,.5532,.0767,.0927
3069,.0106,.6913,.0105,.0138
3070,.0103,.6516,.0768,.0113
3071,.0115,.7834,.0148,.0083
3072,.0012,.7462,.0060,.0220
3073,.0119,.8124,.0102,.0131
3074,.0051,.5376,.0530,.1451
3075,.0092,.5942,.0048,.2444
3076,.0101,.8468,.0105,.0150
3077,.0034,.4838,.0045,.2099
3078,.0000,.0000,.0399,.0931
3079,.0000,.0000,.0138,.0000
3080,.0000,.0000,.0000,.0000
3081,.0000,.0000,.0000,.0000
3082,.0000,.0000,.0000,.0000
3083,.0000,.0000,.0073,.0433
3084,.0028,.1015,.1869,.1050
3085,.1870,.1464,.1368,.2675
3086,.2490,.1536,.3041,.1066
3087,.0288,.3961,.2306,.1270
3088,.0216,.1733,.1847,.2833
3089,.3756,.0923,.1363,.2767
3090,.3154,.0000,.1665,.2918
3091,.0110,.0000,.1104,.3493
3092,.0067,.0000,.1494,.2994
3093,.0383,.0344,.2434,.2524
3094,.2312,.0598,.3733,.1422
3095,.0391,.0012,.1095,.4556
3096,.0653,.0472,.1044,.4673
3097,.1518,.0270,.3371,.2725
3098,.0303,.0113,.3255,.2881
3099,.0724,.0169,.3921,.3055
3100,.4050,.0464,.2441,.1766
3101,.2810,.3101,.1565,.0660
3102,.3171,.1206,.2369,.1541
3103,.2980,.1110,.4135,.0289
3104,.6217,.0098,.1965,.0771
3105,.5262,.0053,.4080,.0038
3106,.6312,.0033,.2465,.0687
3107,.8012,.0041,.1513,.0035
3108,.2437,.0599,.0553,.3690
3109,.1126,.0212,.0758,.1009
3110,.0404,.0000,.2018,.1074
3111,.0702,.0000,.0920,.2198
3112,.0000,.0000,.0325,.0158
3113,.0000,.0000,.0000,.0000
3114,.0000,.0000,.0000,.0000
3115,.0000,.0000,.0000,.0000
3116,.0026,.0149,.0801,.0000
3117,.3136,.0957,.4823,.0000
3118,.3082,.2182,.4037,.0000
3119,.3749,.0979,.4476,.0085
3120,.3073,.1676,.4072,.0369
3121,.6463,.0121,.2573,.0270
3122,.4564,.0785,.3975,.0000
3123,.5762,.0457,.2949,.0025
3124,.5468,.0719,.2910,.0071
3125,.6069,.0125,.2563,.0501
3126,.5954,.0763,.2376,.0185
3127,.5723,.0132,.3486,.0000
3128,.4386,.1016,.3922,.0000
3129,.0709,.4108,.4537,.0000
3130,.1526,.2821,.5013,.0000
3131,.3708,.3295,.2308,.0000
3132,.1086,.4970,.2809,.0152
3133,.0990,.4857,.3390,.0000
3134,.0846,.4712,.3852,.0000
3135,.0526,.5359,.3420,.0000
3136,.1863,.4550,.2944,.0000
3137,.2320,.3806,.2723,.0450
3138,.0704,.5904,.2030,.0412
3139,.0520,.5294,.3229,.0267
3140,.1164,.4971,.2916,.0000
3141,.1399,.2943,.4136,.0534
3142,.1723,.3644,.4002,.0000
3143,.5097,.1832,.2507,.0071
3144,.6185,.0584,.2519,.0071
3145,.2868,.1342,.5031,.0000
3146,.1275,.3519,.3708,.0488
3147,.2056,.1483,.5591,.0045
3148,.5911,.0060,.3486,.0000
3149,.6343,.0217,.2636,.0297
3150,.6812,.0201,.2456,.0104
3151,.5597,.0049,.3884,.0000
3152,.4447,.0221,.3904,.0791
3153,.4756,.0585,.3267,.0701
3154,.7069,.0026,.2136,.0209
3155,.6758,.0000,.2776,.0000
3156,.3611,.0576,.5051,.0000
3157,.2228,.2153,.4838,.0011
3158,.3825,.1007,.3958,.0194
3159,.1174,.3971,.2869,.0043
3160,.0373,.4385,.2222,.0792
3161,.1621,.3368,.3538,.0384
3162,.2940,.3458,.2977,.0008
3163,.3317,.2339,.3697,.0004
3164,.1104,.2422,.5831,.0035
3165,.2034,.2507,.4860,.0004
3166,.5553,.0420,.3176,.0150
3167,.4018,.0869,.4466,.0000
3168,.3647,.0839,.4763,.0050
3169,.2430,.1742,.4979,.0025
3170,.3295,.1272,.4715,.0000
3171,.2921,.1713,.4679,.0000
3172,.5703,.0187,.3429,.0020
3173,.4012,.0415,.4829,.0019
3174,.4625,.0120,.3897,.0597
3175,.5611,.0193,.3576,.0000
3176,.6492,.0203,.2575,.0071
3177,.5247,.1330,.2370,.0433
3178,.6495,.0289,.1670,.1024
3179,.6473,.0000,.2875,.0100
3180,.6368,.0166,.2727,.0000
3181,.2048,.1733,.5382,.0127
3182,.1434,.2723,.4766,.0329
3183,.0660,.3576,.2986,.1197
3184,.1453,.2252,.5251,.0021
3185,.2632,.3054,.3486,.0000
3186,.0830,.5433,.2379,.0000
3187,.0878,.6676,.1347,.0000
3188,.0435,.8514,.0171,.0377
3189,.0378,.4163,.0000,.3238
3190,.0106,.4829,.0149,.1603
3191,.0081,.4313,.1490,.1361
3192,.0148,.2042,.1209,.2671
3193,.1922,.1274,.0963,.2708
3194,.0380,.0000,.1974,.3258
3195,.0193,.0000,.2439,.3298
3196,.0804,.0000,.0976,.4445
3197,.0108,.0773,.0541,.4976
3198,.0027,.4267,.0280,.2135
3199,.0043,.6585,.0549,.0330
3200,.0138,.7984,.0050,.0238
3201,.0106,.8329,.0244,.0141
3202,.0066,.7957,.0066,.0180
3203,.0018,.5530,.0611,.1743
3204,.0045,.6572,.0919,.0356
3205,.0090,.8098,.0121,.0104
3206,.0046,.6882,.0045,.0943
3207,.0000,.0298,.0160,.5067
3208,.0000,.0587,.0838,.3490
3209,.0000,.0000,.0195,.0178
3210,.0000,.0000,.0000,.0000
3211,.0000,.0000,.0000,.0000
3212,.0000,.0000,.0000,.0000
3213,.0079,.0000,.0273,.1060
3214,.0074,.0000,.1573,.2080
3215,.0122,.2112,.1185,.1772
3216,.1384,.1569,.2544,.2846
3217,.1056,.2911,.3296,.1389
3218,.0445,.1962,.2912,.1961
3219,.0871,.0380,.2296,.3525
3220,.0198,.0347,.0876,.4615
3221,.0319,.0211,.2034,.4165
3222,.0135,.0000,.1630,.3791
3223,.0519,.0171,.2110,.3476
3224,.0424,.0000,.1379,.4195
3225,.0094,.0000,.0655,.4384
3226,.0183,.0567,.1447,.3831
3227,.0934,.0965,.4421,.1795
3228,.1024,.0717,.3283,.1473
3229,.0279,.0094,.2893,.2875
3230,.0562,.0951,.2385,.2863
3231,.0358,.1486,.0824,.3338
3232,.0060,.2219,.0944,.1991
3233,.0197,.1200,.1911,.2603
3234,.1285,.1341,.3362,.1599
3235,.4690,.0793,.2969,.0567
3236,.6145,.0452,.2666,.0168
3237,.7210,.0016,.1049,.1108
3238,.5658,.0302,.1857,.1174
3239,.0516,.0215,.2193,.3185
3240,.0000,.0000,.0265,.0337
3241,.0000,.0000,.0019,.0019
3242,.0000,.0000,.0000,.0421
3243,.0000,.0000,.0000,.0000
3244,.0000,.0000,.0000,.0000
3245,.0000,.0000,.0000,.0000
3246,.0049,.0096,.0046,.0920
3247,.2755,.0625,.3987,.0248
3248,.6602,.0144,.2685,.0000
3249,.5317,.0721,.3336,.0000
3250,.5745,.0614,.2788,.0062
3251,.5794,.0259,.3070,.0165
3252,.5128,.1014,.3285,.0000
3253,.5307,.0398,.3515,.0082
3254,.5383,.0445,.3159,.0150
3255,.6282,.0380,.2622,.0000
3256,.4556,.0949,.3921,.0000
3257,.6115,.0552,.2786,.0000
3258,.5288,.0458,.3751,.0000
3259,.5157,.0730,.3442,.0005
3260,.4335,.0970,.3934,.0187
3261,.5329,.0686,.2623,.0679
3262,.2699,.2213,.4249,.0134
3263,.1796,.4584,.2922,.0000
3264,.1886,.4278,.2275,.0706
3265,.0737,.6461,.2053,.0090
3266,.0415,.7335,.1762,.0000
3267,.0080,.7542,.1919,.0000
3268,.0051,.4856,.4469,.0000
3269,.0108,.3922,.5392,.0000
3270,.0106,.5696,.3617,.0000
3271,.1271,.3770,.3232,.0205
3272,.1841,.2847,.3401,.0410
3273,.1297,.4739,.2010,.0783
3274,.2259,.2418,.4090,.0427
3275,.2928,.1959,.4116,.0101
3276,.3266,.1548,.3706,.0690
3277,.1677,.2180,.5246,.0000
3278,.3265,.0844,.5080,.0000
3279,.3696,.0968,.4393,.0000
3280,.2661,.1136,.5039,.0145
3281,.3283,.0901,.5075,.0000
3282,.4103,.0309,.4896,.0000
3283,.3474,.0956,.4176,.0615
3284,.3883,.0255,.5075,.0031
3285,.7293,.0005,.2176,.0007
3286,.5895,.0000,.3420,.0000
3287,.4957,.0418,.3461,.0354
3288,.4906,.0255,.3243,.0660
3289,.5055,.1439,.2470,.0369
3290,.1863,.4754,.2022,.0200
3291,.1867,.3032,.4078,.0436
3292,.5020,.1435,.2901,.0061
3293,.3852,.0935,.4508,.0000
3294,.3395,.0970,.4765,.0044
3295,.4758,.0684,.3508,.0493
3296,.4964,.0424,.3275,.0602
3297,.2825,.1360,.4743,.0279
3298,.2970,.0788,.4893,.0469
3299,.5256,.0710,.2823,.0405
3300,.5871,.0130,.3300,.0003
3301,.2100,.1191,.5751,.0010
3302,.2187,.1310,.5606,.0077
3303,.3981,.0426,.3497,.1364
3304,.4350,.0253,.4714,.0055
3305,.6787,.0001,.2582,.0065
3306,.6308,.0096,.2181,.0772
3307,.5055,.0337,.3832,.0010
3308,.2716,.1358,.4572,.0673
3309,.6364,.0182,.1784,.1109
3310,.5830,.0513,.3013,.0000
3311,.1705,.2626,.3386,.1698
3312,.0914,.4136,.4444,.0000
3313,.0864,.3637,.3015,.1328
3314,.0175,.5537,.1476,.0874
3315,.0781,.4506,.1745,.1091
3316,.1100,.4386,.2717,.0216
3317,.2481,.3349,.3132,.0000
3318,.2298,.4773,.1803,.0273
3319,.1474,.1995,.0143,.1640
3320,.0208,.1571,.0000,.5365
3321,.0051,.5278,.0618,.1294
3322,.0267,.3796,.0390,.2342
3323,.1886,.3526,.0298,.1652
3324,.1056,.0329,.0809,.3906
3325,.0115,.2572,.0880,.2652
3326,.0058,.2759,.1496,.1043
3327,.0125,.3228,.0755,.2095
3328,.0100,.6279,.0237,.1313
3329,.0123,.7912,.0130,.0190
3330,.0210,.7765,.0098,.0247
3331,.0063,.5976,.0493,.1166
3332,.0007,.2625,.0975,.3247
3333,.0013,.5530,.1919,.0377
3334,.0066,.7999,.0100,.0255
3335,.0037,.7678,.0024,.0532
3336,.0000,.1581,.0003,.1649
3337,.0000,.0000,.0000,.1521
3338,.0000,.0286,.0000,.0067
3339,.0000,.0000,.0000,.0000
3340,.0000,.0000,.0000,.0000
3341,.0000,.0000,.0000,.0000
3342,.0000,.0000,.0000,.0033
3343,.0045,.0000,.0172,.1489
3344,.0012,.0000,.2807,.0260
3345,.0016,.0230,.2728,.1158
3346,.0226,.2763,.1618,.2394
3347,.0772,.3818,.1155,.1750
3348,.0666,.2694,.2399,.1513
3349,.1823,.2738,.2238,.1497
3350,.4214,.1521,.1894,.1195
3351,.1430,.0521,.3145,.2322
3352,.0229,.0000,.2119,.3017
3353,.0229,.0106,.1048,.4670
3354,.0162,.0082,.3057,.2643
3355,.0674,.0278,.3370,.3032
3356,.0288,.0485,.2525,.3204
3357,.0719,.0774,.2848,.2910
3358,.0592,.0332,.2786,.2455
3359,.0123,.2179,.1687,.2197
3360,.0337,.0364,.3271,.2506
3361,.0382,.0679,.1696,.3203
3362,.0344,.0468,.2308,.3474
3363,.0148,.1508,.1434,.3241
3364,.0150,.2371,.0588,.2778
3365,.0912,.2629,.3168,.0553
3366,.1234,.2493,.4013,.0044
3367,.2484,.0711,.4803,.0784
3368,.4785,.0137,.2905,.1086
3369,.0448,.2158,.1672,.2224
3370,.0015,.0471,.1264,.2360
3371,.0000,.0000,.0016,.1469
3372,.0000,.0000,.0000,.0000
3373,.0000,.0000,.0000,.0000
3374,.0000,.0000,.0000,.0000
3375,.0000,.0000,.0000,.0000
3376,.0193,.0098,.0000,.1475
3377,.3068,.0618,.4717,.0645
3378,.7017,.0152,.2055,.0018
3379,.6706,.0517,.2054,.0000
3380,.3654,.2039,.3381,.0079
3381,.7401,.0075,.1554,.0345
3382,.6424,.0194,.2461,.0200
3383,.6835,.0235,.1562,.0578
3384,.6072,.0401,.2094,.0667
3385,.6133,.0179,.2846,.0119
3386,.5608,.0402,.3155,.0127
3387,.5170,.0404,.3709,.0006
3388,.4927,.0152,.4243,.0000
3389,.4007,.0182,.5131,.0178
3390,.2905,.1086,.4104,.1428
3391,.3976,.1049,.4076,.0364
3392,.4543,.0841,.3670,.0300
3393,.3537,.1297,.4328,.0095
3394,.1981,.3459,.3615,.0101
3395,.1159,.3383,.3277,.1282
3396,.0922,.6417,.1641,.0000
3397,.0344,.6788,.0082,.0728
3398,.0150,.4483,.3169,.0545
3399,.0075,.5218,.3958,.0000
3400,.0269,.4721,.4331,.0000
3401,.2338,.3625,.2712,.0000
3402,.1128,.3801,.3944,.0000
3403,.3385,.1801,.3710,.0000
3404,.1854,.1989,.4820,.0195
3405,.2692,.2070,.3751,.0434
3406,.1530,.2359,.4546,.0456
3407,.1753,.3170,.3637,.0427
3408,.2443,.1608,.4997,.0000
3409,.3449,.0761,.4762,.0143
3410,.6034,.0237,.2855,.0000
3411,.3603,.2060,.3416,.0000
3412,.4463,.0332,.4472,.0000
3413,.4610,.0358,.3824,.0534
3414,.3819,.0864,.4497,.0000
3415,.3976,.0000,.5450,.0000
3416,.6797,.0000,.2701,.0000
3417,.7320,.0000,.2042,.0000
3418,.4636,.0244,.3501,.0722
3419,.2664,.1699,.4698,.0143
3420,.2679,.2192,.4400,.0000
3421,.2737,.2345,.4174,.0116
3422,.3043,.0293,.5837,.0215
3423,.5320,.0065,.3884,.0000
3424,.6278,.0055,.2968,.0000
3425,.5762,.0094,.3529,.0150
3426,.5490,.0081,.2524,.1348
3427,.5126,.0341,.3566,.0296
3428,.1548,.1545,.6126,.0000
3429,.1657,.1475,.5904,.0185
3430,.3353,.1013,.4037,.0042
3431,.2831,.0771,.5111,.0236
3432,.1446,.1794,.5978,.0000
3433,.2582,.0770,.6054,.0000
3434,.4541,.0851,.3830,.0138
3435,.7708,.0036,.1200,.0437
3436,.6529,.0061,.1362,.1320
3437,.5412,.0265,.3086,.0511
3438,.5268,.0673,.3194,.0151
3439,.4281,.0719,.4273,.0148
3440,.6865,.0252,.2277,.0000
3441,.4020,.1230,.3248,.0916
3442,.0402,.5465,.3354,.0000
3443,.0205,.6784,.1861,.0142
3444,.0124,.6012,.0095,.1490
3445,.0088,.2362,.0198,.3754
3446,.0112,.5475,.0954,.0861
3447,.1418,.3670,.3903,.0229
3448,.1261,.3887,.3359,.0060
3449,.0309,.2053,.0764,.1108
3450,.0169,.0667,.0533,.3782
3451,.0083,.0529,.0313,.5342
3452,.0155,.2417,.0398,.5103
3453,.0049,.1077,.0100,.6657
3454,.0034,.1201,.1584,.3831
3455,.0049,.2058,.0694,.1890
3456,.0329,.4633,.0206,.0738
3457,.0130,.5998,.0087,.0627
3458,.0049,.3452,.0535,.1889
3459,.0251,.4866,.0132,.1983
3460,.0098,.4244,.0057,.1545
3461,.0049,.6941,.0065,.0561
3462,.0009,.6846,.0165,.1211
3463,.0004,.5281,.0441,.1954
3464,.0000,.4642,.0288,.1700
3465,.0043,.1525,.0333,.2678
3466,.0338,.3627,.1794,.0763
3467,.0049,.2066,.0120,.3569
3468,.0000,.0000,.0089,.0322
3469,.0013,.0000,.0256,.0096
3470,.0051,.0549,.1695,.2254
3471,.0007,.0202,.0099,.1732
3472,.0000,.0000,.0000,.0055
3473,.0214,.0000,.0466,.2440
3474,.0002,.0000,.2509,.1311
3475,.0066,.0000,.3560,.0544
3476,.0111,.2171,.0787,.2976
3477,.0052,.3629,.1056,.1925
3478,.0131,.4406,.0957,.1396
3479,.0291,.3531,.2264,.1582
3480,.4442,.1008,.2929,.0480
3481,.1648,.2912,.1659,.1435
3482,.0286,.0881,.2311,.3014
3483,.0491,.1182,.2725,.3242
3484,.0215,.1758,.1625,.3664
3485,.0333,.0809,.3183,.3414
3486,.0208,.0487,.3328,.2709
3487,.1802,.2253,.2583,.1455
3488,.2280,.1261,.3985,.0219
3489,.0250,.0828,.2408,.2398
3490,.0136,.4774,.0831,.1632
3491,.1345,.2124,.3127,.0792
3492,.2796,.1222,.3748,.0416
3493,.1583,.0848,.1601,.2909
3494,.0159,.1022,.0744,.3913
3495,.0221,.3669,.1599,.1064
3496,.0286,.4839,.0269,.1294
3497,.0170,.2006,.0850,.2713
3498,.0412,.3306,.0621,.2063
3499,.0184,.5980,.0150,.0865
3500,.0215,.2854,.0375,.1468
3501,.0040,.0432,.0226,.0521
3502,.0000,.0000,.0000,.0083
3503,.0000,.0000,.0000,.0000
3504,.0000,.0000,.0000,.0000
3505,.0000,.0000,.0000,.0000
3506,.0000,.0000,.0018,.0245
3507,.5259,.0277,.3051,.0706
3508,.6574,.0106,.2526,.0232
3509,.1791,.3766,.3481,.0000
3510,.0136,.6752,.2104,.0230
3511,.5428,.1682,.2222,.0043
3512,.3910,.0973,.4203,.0128
3513,.4848,.0709,.3630,.0006
3514,.6593,.0190,.2314,.0150
3515,.6477,.0317,.2186,.0368
3516,.5810,.0234,.2800,.0331
3517,.5438,.0274,.3316,.0083
3518,.5709,.0546,.2864,.0000
3519,.3862,.1733,.3733,.0000
3520,.4307,.0452,.3892,.0744
3521,.4201,.0620,.3711,.0960
3522,.4540,.1039,.3565,.0394
3523,.5516,.0250,.2893,.0625
3524,.4689,.2026,.2512,.0077
3525,.3457,.1465,.4130,.0137
3526,.1656,.3543,.3869,.0000
3527,.1108,.3884,.1966,.1619
3528,.1008,.4760,.2029,.0829
3529,.0708,.4607,.3712,.0026
3530,.1145,.2695,.5292,.0000
3531,.2457,.3059,.3373,.0029
3532,.0570,.5422,.2829,.0065
3533,.1238,.3098,.4550,.0000
3534,.1473,.2213,.5043,.0232
3535,.1869,.2383,.4665,.0000
3536,.0997,.3582,.4214,.0000
3537,.2758,.1341,.5005,.0000
3538,.2502,.1878,.4028,.0480
3539,.4428,.0223,.4239,.0294
3540,.5487,.0304,.3594,.0000
3541,.5240,.0073,.4001,.0000
3542,.6570,.0017,.2808,.0000
3543,.4255,.0168,.4825,.0000
3544,.3842,.1115,.4299,.0000
3545,.4255,.0596,.4301,.0174
3546,.4795,.0000,.3569,.1222
3547,.7629,.0000,.1955,.0090
3548,.6765,.0257,.1776,.0576
3549,.1851,.2670,.4541,.0348
3550,.1219,.2377,.5408,.0060
3551,.5057,.0578,.3642,.0124
3552,.5496,.0513,.3411,.0000
3553,.6580,.0010,.2638,.0188
3554,.5171,.0196,.3108,.0843
3555,.4124,.0278,.4613,.0364
3556,.7421,.0000,.1835,.0094
3557,.6851,.0183,.1945,.0181
3558,.5192,.0128,.3652,.0125
3559,.3385,.1155,.4315,.0106
3560,.2695,.0607,.4415,.1260
3561,.1418,.2116,.5067,.0517
3562,.1444,.1540,.4372,.1627
3563,.2808,.0950,.5434,.0027
3564,.2589,.0739,.4856,.0886
3565,.3334,.0524,.4724,.0571
3566,.4241,.0209,.3399,.1344
3567,.2943,.0802,.5061,.0452
3568,.2354,.0680,.6062,.0065
3569,.2459,.1312,.5076,.0267
3570,.5169,.0482,.3031,.0172
3571,.3051,.1631,.4120,.0284
3572,.0452,.4314,.4081,.0000
3573,.0259,.6975,.1215,.0249
3574,.0117,.8470,.0140,.0143
3575,.0069,.5352,.0419,.2228
3576,.0062,.4121,.0155,.2820
3577,.2325,.4024,.1310,.0719
3578,.1980,.4839,.0586,.1597
3579,.0075,.4199,.0608,.2208
3580,.0050,.2183,.1059,.3815
3581,.0172,.0000,.1027,.5523
3582,.0160,.0000,.1761,.4393
3583,.0083,.0000,.0303,.6665
3584,.0129,.0000,.2052,.4317
3585,.0138,.0331,.1211,.3746
3586,.0229,.2013,.1855,.1737
3587,.0149,.7409,.0016,.0424
3588,.0762,.2686,.0108,.2768
3589,.0210,.1935,.0806,.3989
3590,.0807,.4141,.0875,.2759
3591,.0080,.8160,.0618,.0000
3592,.0025,.8117,.0240,.0188
3593,.0008,.5477,.0449,.1324
3594,.0014,.2761,.1770,.1704
3595,.0091,.1524,.2616,.3162
3596,.1739,.0745,.3519,.2887
3597,.0027,.0441,.0543,.1838
3598,.0000,.0000,.0000,.0058
3599,.0039,.0472,.0396,.0470
3600,.0156,.2603,.1385,.1671
3601,.0205,.2029,.1343,.2434
3602,.0106,.1198,.1346,.2783
3603,.0068,.0000,.2146,.1975
3604,.0078,.0311,.2513,.1429
3605,.0037,.0032,.3484,.1115
3606,.0193,.2104,.1044,.2043
3607,.0157,.2908,.1543,.0880
3608,.0329,.3507,.0645,.2435
3609,.0246,.4671,.1801,.0889
3610,.2023,.2477,.4260,.0000
3611,.3057,.3723,.1999,.0079
3612,.0357,.2940,.1725,.2029
3613,.0175,.3002,.0791,.2866
3614,.0209,.0000,.0377,.5820
3615,.0199,.0854,.2890,.2946
3616,.1130,.0937,.3416,.2859
3617,.3404,.1490,.3637,.0555
3618,.1569,.2397,.5015,.0249
3619,.2294,.2569,.3191,.0551
3620,.1022,.3056,.2820,.0344
3621,.0198,.3094,.1357,.0955
3622,.0566,.2268,.3182,.0842
3623,.0824,.1823,.1463,.2838
3624,.0328,.2228,.0296,.3266
3625,.0165,.4765,.0450,.1294
3626,.0162,.4328,.0595,.1570
3627,.0219,.4261,.0595,.1513
3628,.0680,.2442,.2490,.1662
3629,.2415,.2201,.1495,.1261
3630,.3451,.0647,.3636,.0482
3631,.1835,.0492,.2013,.2090
3632,.0504,.1427,.0696,.1955
3633,.0076,.1184,.0027,.0394
3634,.0000,.0003,.0000,.0000
3635,.0000,.0000,.0000,.0000
3636,.0000,.0000,.0014,.0194
3637,.0874,.0179,.0749,.1944
3638,.4633,.0437,.1381,.2084
3639,.1243,.5047,.2783,.0006
3640,.0088,.4528,.1998,.1634
3641,.6102,.0420,.2352,.0377
3642,.5152,.0827,.3060,.0225
3643,.6226,.0436,.1841,.0741
3644,.6089,.0286,.2383,.0368
3645,.6346,.0279,.1778,.0940
3646,.6154,.0590,.2382,.0197
3647,.4979,.0261,.3470,.0608
3648,.4911,.0419,.3830,.0000
3649,.5051,.0733,.3343,.0186
3650,.4551,.0450,.4350,.0000
3651,.3179,.2131,.4096,.0000
3652,.4309,.1481,.3182,.0384
3653,.5159,.0460,.2346,.1410
3654,.5160,.1501,.2566,.0146
3655,.4150,.0937,.4208,.0000
3656,.3811,.1909,.3516,.0018
3657,.2702,.1140,.4418,.0635
3658,.2295,.2694,.3758,.0000
3659,.1620,.4344,.2870,.0062
3660,.1735,.2600,.4750,.0000
3661,.2578,.3695,.2346,.0099
3662,.0991,.3380,.3640,.0634
3663,.0862,.3278,.4787,.0000
3664,.0658,.3527,.4090,.0463
3665,.1207,.2587,.4692,.0330
3666,.1880,.1811,.4688,.0533
3667,.2355,.1224,.5487,.0000
3668,.2971,.0905,.5258,.0037
3669,.4281,.0970,.3907,.0069
3670,.5888,.0437,.2939,.0000
3671,.4391,.0204,.4609,.0000
3672,.5914,.0000,.3371,.0000
3673,.4643,.0034,.3346,.1156
3674,.2981,.0482,.5494,.0291
3675,.4671,.0008,.4673,.0000
3676,.2673,.0055,.6429,.0093
3677,.5594,.0006,.3736,.0039
3678,.6602,.0220,.1829,.0675
3679,.4597,.0823,.3547,.0337
3680,.1628,.2190,.5458,.0000
3681,.3006,.0331,.5054,.1033
3682,.3706,.0371,.5243,.0000
3683,.3944,.0125,.5222,.0103
3684,.3802,.0363,.4237,.0869
3685,.3402,.0624,.5168,.0235
3686,.5713,.0125,.3475,.0000
3687,.2782,.2474,.4008,.0111
3688,.2948,.0814,.5423,.0000
3689,.2828,.0868,.5253,.0154
3690,.4006,.0181,.3696,.0995
3691,.4519,.1250,.1395,.1410
3692,.2352,.1555,.1768,.3069
3693,.4906,.0859,.3346,.0170
3694,.3695,.0773,.4494,.0241
3695,.6100,.0583,.2075,.0454
3696,.4469,.0160,.3683,.0863
3697,.5415,.0122,.1848,.1870
3698,.4271,.0779,.3980,.0000
3699,.0566,.5019,.1854,.0556
3700,.3158,.2145,.3399,.0227
3701,.5769,.0645,.2950,.0008
3702,.4478,.1238,.2254,.1544
3703,.2826,.3535,.2549,.0429
3704,.0151,.9357,.0000,.0037
3705,.0779,.3843,.0019,.1114
3706,.0027,.5805,.0211,.0435
3707,.0165,.2609,.1255,.1045
3708,.0334,.1937,.0714,.2364
3709,.1331,.2573,.0173,.4109
3710,.0195,.1608,.0889,.4612
3711,.0388,.0000,.0526,.6526
3712,.0160,.0000,.0725,.6088
3713,.0111,.0000,.0435,.6636
3714,.0129,.1006,.1174,.3738
3715,.0105,.2033,.0280,.4197
3716,.0204,.3181,.0324,.3497
3717,.0052,.7524,.0015,.0179
3718,.0805,.4400,.0077,.1192
3719,.0019,.6882,.0269,.0286
3720,.0142,.3800,.0285,.3667
3721,.0015,.5757,.1784,.0471
3722,.0001,.6032,.0850,.1030
3723,.0000,.3544,.0684,.3137
3724,.0219,.2877,.3754,.1428
3725,.0089,.1716,.1184,.4411
3726,.0081,.1576,.3454,.0595
3727,.0000,.0000,.0138,.0096
3728,.0000,.0792,.2187,.1459
3729,.0185,.0503,.1832,.3678
3730,.0177,.1359,.1473,.3100
3731,.0146,.0974,.1680,.2704
3732,.0129,.0455,.4481,.1066
3733,.0099,.0000,.4048,.1337
3734,.0064,.0032,.3281,.0968
3735,.0129,.0529,.2333,.2638
3736,.0200,.0273,.1867,.3758
3737,.0213,.0961,.1327,.3342
3738,.1000,.2442,.3695,.0870
3739,.0335,.4427,.2474,.0616
3740,.2625,.1398,.4843,.0160
3741,.4893,.0554,.2922,.0520
3742,.0783,.0969,.1634,.3259
3743,.0158,.1259,.2176,.2785
3744,.0209,.0000,.2894,.2827
3745,.0245,.0325,.2877,.3514
3746,.0846,.0463,.2777,.2929
3747,.3458,.0587,.1905,.3033
3748,.4550,.1071,.3057,.0536
3749,.3272,.1265,.4307,.0011
3750,.2611,.2415,.2181,.1088
3751,.2035,.1528,.1488,.2604
3752,.0473,.2063,.1973,.2376
3753,.1857,.1380,.3746,.1239
3754,.0606,.2846,.1592,.2386
3755,.0491,.5072,.0101,.1886
3756,.0194,.5739,.0477,.0806
3757,.0197,.4140,.0993,.1476
3758,.2180,.2263,.4017,.0126
3759,.6236,.0052,.2845,.0319
3760,.7737,.0012,.1750,.0043
3761,.5883,.0000,.3560,.0000
3762,.4985,.0149,.4205,.0000
3763,.1046,.3842,.3318,.0216
3764,.1210,.2385,.2452,.1219
3765,.0071,.1125,.0610,.0719
3766,.0555,.0952,.2717,.2645
3767,.0939,.0399,.0919,.1775
3768,.0000,.0106,.0034,.0486
3769,.0434,.1330,.2268,.0142
3770,.1832,.1463,.5478,.0160
3771,.7001,.0043,.2162,.0043
3772,.6741,.0029,.2370,.0060
3773,.5104,.1022,.3166,.0000
3774,.6097,.0168,.2569,.0457
3775,.5408,.0206,.2864,.0888
3776,.4893,.1303,.2853,.0296
3777,.5829,.0400,.2884,.0200
3778,.6148,.0223,.2875,.0000
3779,.4666,.0486,.4099,.0000
3780,.5075,.0476,.3718,.0000
3781,.5075,.0433,.4020,.0000
3782,.5457,.0624,.3402,.0000
3783,.5104,.0897,.2799,.0603
3784,.4491,.1560,.3305,.0041
3785,.6873,.0148,.2181,.0000
3786,.5738,.1086,.2451,.0000
3787,.3203,.2505,.3623,.0023
3788,.3603,.0879,.4774,.0000
3789,.3939,.0958,.4382,.0000
3790,.1264,.2695,.4606,.0382
3791,.1425,.3677,.3344,.0307
3792,.1390,.3850,.3486,.0000
3793,.1213,.2930,.4721,.0000
3794,.2488,.1321,.5018,.0052
3795,.3629,.0976,.4215,.0284
3796,.3774,.0537,.4876,.0000
3797,.3083,.1207,.4205,.0525
3798,.3712,.0275,.5425,.0003
3799,.4903,.0536,.3569,.0361
3800,.5899,.0108,.3336,.0025
3801,.5220,.0485,.3311,.0000
3802,.4392,.0669,.4023,.0111
3803,.3788,.0324,.4763,.0334
3804,.2923,.0960,.5233,.0013
3805,.3098,.0186,.5890,.0000
3806,.3116,.1188,.4945,.0000
3807,.3015,.1041,.5229,.0018
3808,.3453,.1221,.4668,.0068
3809,.2066,.2043,.5305,.0000
3810,.3035,.2981,.3512,.0050
3811,.2129,.2084,.5213,.0005
3812,.5044,.0779,.3626,.0000
3813,.5898,.0054,.2927,.0471
3814,.4891,.0189,.3991,.0246
3815,.6191,.0088,.2026,.0863
3816,.5278,.0230,.3589,.0094
3817,.5392,.0518,.3277,.0041
3818,.4452,.0221,.4579,.0004
3819,.4771,.0135,.4162,.0000
3820,.5364,.0242,.3351,.0164
3821,.3126,.1233,.4525,.0257
3822,.2771,.1595,.4545,.0227
3823,.1633,.3660,.3424,.0596
3824,.2746,.2826,.3559,.0000
3825,.0635,.4977,.2704,.0820
3826,.1448,.3784,.2783,.0652
3827,.1442,.2725,.1169,.2811
3828,.1749,.2389,.3633,.1136
3829,.1663,.3767,.3003,.0310
3830,.5151,.1739,.2298,.0138
3831,.5687,.0066,.2050,.1748
3832,.5654,.0284,.1802,.1823
3833,.4035,.1710,.2128,.1604
3834,.0245,.4136,.0012,.1404
3835,.0270,.1621,.0768,.2901
3836,.0077,.1386,.0525,.4400
3837,.0281,.0056,.1550,.3658
3838,.0551,.0000,.0699,.5130
3839,.0176,.0843,.0409,.5164
3840,.0461,.1899,.0369,.3601
3841,.0146,.2594,.0747,.2949
3842,.0037,.0824,.0090,.5805
3843,.0069,.3175,.0000,.3410
3844,.0094,.5774,.0329,.1110
3845,.0095,.1782,.0334,.3589
3846,.0039,.5088,.0000,.2030
3847,.0036,.6708,.0000,.1509
3848,.0049,.7783,.0415,.0316
3849,.0006,.8283,.1047,.0022
3850,.0005,.8244,.0692,.0063
3851,.0000,.7626,.1352,.0000
3852,.0001,.7971,.0567,.0052
3853,.0145,.4010,.0614,.2285
3854,.0361,.2396,.1981,.2089
3855,.0043,.1145,.0033,.3043
3856,.0000,.0000,.0052,.0480
3857,.0007,.0342,.0684,.0564
3858,.0000,.2610,.1696,.1864
3859,.0067,.0818,.3403,.1763
3860,.0120,.0765,.3803,.0795
3861,.0165,.1469,.2318,.1631
3862,.0240,.3454,.2943,.0970
3863,.1046,.1997,.3168,.1769
3864,.2626,.1401,.2249,.1223
3865,.1282,.2718,.3036,.1009
3866,.2071,.1452,.3027,.1609
3867,.4496,.1092,.2780,.0440
3868,.5171,.0976,.2925,.0001
3869,.2396,.3080,.2220,.0303
3870,.0531,.2780,.3825,.0878
3871,.1601,.0143,.5953,.0897
3872,.5619,.0362,.2442,.0879
3873,.1995,.0891,.2513,.1999
3874,.0155,.0168,.2598,.2761
3875,.0426,.1256,.4239,.1862
3876,.0195,.0198,.3209,.2591
3877,.0134,.0576,.1326,.4073
3878,.2183,.2936,.2876,.0463
3879,.2918,.1839,.3315,.0298
3880,.3396,.2042,.2720,.0452
3881,.1529,.2735,.1852,.1955
3882,.1296,.2652,.1484,.2299
3883,.2585,.2743,.3321,.0484
3884,.2422,.3394,.2303,.0550
3885,.0369,.5977,.0347,.0994
3886,.0238,.4636,.0490,.2111
3887,.0362,.3845,.1747,.1716
3888,.1085,.4266,.1287,.1747
3889,.5065,.0411,.3618,.0153
3890,.6941,.0061,.2448,.0000
3891,.7923,.0058,.1503,.0055
3892,.7076,.0022,.2418,.0022
3893,.3848,.0598,.4329,.0257
3894,.2637,.1455,.4557,.0148
3895,.2078,.2225,.4573,.0247
3896,.1241,.1949,.5641,.0083
3897,.2406,.0605,.2226,.1784
3898,.0002,.0789,.0010,.0654
3899,.0066,.4574,.2168,.0167
3900,.2999,.1094,.5054,.0178
3901,.6553,.0311,.1854,.0463
3902,.6971,.0163,.1822,.0307
3903,.4637,.0646,.4063,.0000
3904,.4476,.1131,.3479,.0363
3905,.4665,.0493,.3295,.0863
3906,.5827,.0125,.3149,.0162
3907,.5235,.0106,.3765,.0007
3908,.4722,.0301,.3728,.0296
3909,.5226,.0334,.3497,.0311
3910,.5384,.0227,.3560,.0160
3911,.6006,.0080,.3128,.0186
3912,.6013,.0279,.3102,.0000
3913,.5203,.0899,.3328,.0009
3914,.5003,.0678,.3870,.0000
3915,.4412,.0893,.4021,.0000
3916,.2900,.1888,.4504,.0052
3917,.4815,.0986,.3648,.0000
3918,.2691,.1553,.4993,.0000
3919,.3608,.0872,.3982,.0933
3920,.3749,.0755,.4526,.0273
3921,.5601,.0283,.3130,.0389
3922,.2432,.2732,.3792,.0089
3923,.1677,.1980,.5071,.0143
3924,.2616,.1289,.4802,.0265
3925,.3642,.0854,.4786,.0000
3926,.3240,.0608,.5224,.0000
3927,.3735,.0680,.4741,.0000
3928,.4741,.0335,.4220,.0000
3929,.6061,.0295,.2982,.0000
3930,.6137,.0053,.3064,.0152
3931,.7085,.0030,.2125,.0000
3932,.4696,.1206,.3235,.0000
3933,.5173,.0798,.2524,.0789
3934,.5210,.0817,.3137,.0000
3935,.4575,.0608,.3961,.0000
3936,.4023,.0187,.5141,.0000
3937,.3023,.0203,.5910,.0116
3938,.3850,.0602,.4300,.0447
3939,.4133,.0769,.4476,.0028
3940,.5468,.0146,.3260,.0488
3941,.4331,.0748,.4259,.0041
3942,.3096,.1246,.4808,.0064
3943,.3093,.1059,.4924,.0280
3944,.5521,.0776,.2762,.0244
3945,.5311,.0192,.3590,.0124
3946,.4758,.0864,.3562,.0000
3947,.4905,.1709,.2347,.0437
3948,.6845,.0210,.2054,.0138
3949,.5961,.0016,.3257,.0053
3950,.6158,.0051,.2865,.0102
3951,.4491,.0174,.3997,.0394
3952,.5039,.0545,.3056,.0320
3953,.2541,.1975,.3304,.1299
3954,.3101,.3652,.1310,.1054
3955,.2938,.4457,.1073,.0277
3956,.0661,.3295,.1712,.1917
3957,.0037,.7443,.0928,.0113
3958,.0232,.7552,.0721,.0203
3959,.0088,.6471,.0600,.0424
3960,.0728,.4726,.0958,.1418
3961,.3370,.2752,.1663,.0866
3962,.1018,.4541,.1035,.1992
3963,.0257,.4863,.0658,.0797
3964,.0006,.4003,.0284,.1260
3965,.0277,.1439,.0855,.4227
3966,.0354,.0000,.1152,.4885
3967,.0156,.0000,.1850,.4367
3968,.0217,.0000,.1533,.4630
3969,.0184,.0047,.0003,.5784
3970,.0510,.1824,.1810,.2480
3971,.0112,.1528,.1947,.2011
3972,.0281,.5032,.0120,.0859
3973,.0237,.6397,.0038,.0348
3974,.0089,.6651,.0086,.0287
3975,.0242,.5128,.0298,.1141
3976,.0109,.5738,.0000,.1401
3977,.0086,.6642,.0005,.1555
3978,.0020,.8201,.0766,.0000
3979,.0004,.8408,.0542,.0000
3980,.0000,.8584,.0298,.0052
3981,.0053,.7472,.1063,.0356
3982,.0008,.5715,.0997,.1760
3983,.0010,.2961,.3831,.1151
3984,.0059,.1605,.0773,.2995
3985,.0000,.0198,.0314,.1700
3986,.0000,.1174,.0402,.0567
3987,.0028,.4903,.0109,.1410
3988,.0052,.5671,.0893,.0955
3989,.0122,.2731,.2644,.1259
3990,.0153,.1026,.2828,.2437
3991,.1108,.2196,.3149,.0814
3992,.3219,.1296,.4077,.0293
3993,.5872,.0332,.2807,.0250
3994,.4181,.0783,.3383,.0479
3995,.0415,.2548,.2601,.1257
3996,.0615,.4187,.3307,.0093
3997,.2100,.3486,.2860,.0438
3998,.4667,.0243,.3568,.0741
3999,.5253,.1370,.2498,.0224
4000,.0838,.3722,.2773,.0961
4001,.2989,.0776,.4325,.0959
4002,.6197,.0040,.2493,.0612
4003,.2767,.2485,.2495,.0697
4004,.0321,.1607,.1684,.3662
4005,.0281,.1999,.1842,.2801
4006,.0958,.0623,.2721,.2484
4007,.1714,.1167,.4683,.0594
4008,.2802,.1483,.3420,.1442
4009,.2100,.3483,.1774,.0949
4010,.1489,.3575,.2715,.0662
4011,.4511,.1412,.2744,.0553
4012,.1210,.2762,.2537,.1429
4013,.2172,.2064,.2744,.1635
4014,.5108,.0579,.3508,.0000
4015,.1272,.2372,.3555,.1302
4016,.0392,.5167,.2474,.0273
4017,.0975,.2661,.4094,.0587
4018,.2811,.0815,.4766,.0438
4019,.1999,.1023,.4848,.0805
4020,.5340,.0373,.2323,.1223
4021,.5468,.0231,.3301,.0240
4022,.2026,.0970,.5883,.0013
4023,.2352,.0743,.5970,.0091
4024,.4276,.0296,.4655,.0135
4025,.4148,.0352,.4429,.0297
4026,.2459,.1810,.4981,.0021
4027,.1147,.3320,.2030,.1108
4028,.0425,.3124,.2413,.1120
4029,.1707,.2029,.5133,.0000
4030,.4596,.0536,.4160,.0000
4031,.1134,.4368,.3650,.0024
4032,.2633,.2289,.4054,.0077
4033,.2990,.2659,.3553,.0010
4034,.2445,.2477,.4017,.0395
4035,.3383,.1356,.4416,.0018
4036,.4068,.1331,.3796,.0000
4037,.4082,.1397,.3483,.0201
4038,.4751,.0764,.3333,.0421
4039,.5762,.0310,.3136,.0000
4040,.4609,.0068,.4527,.0000
4041,.5003,.0115,.3816,.0222
4042,.5772,.0403,.3008,.0000
4043,.6456,.0239,.2595,.0018
4044,.5747,.0134,.3480,.0000
4045,.4503,.0622,.4276,.0000
4046,.3268,.1000,.4681,.0236
4047,.5352,.0491,.3191,.0392
4048,.4681,.0405,.4191,.0139
4049,.4511,.1172,.3374,.0351
4050,.5467,.0615,.2702,.0513
4051,.5485,.1035,.2765,.0018
4052,.1945,.2083,.5269,.0000
4053,.2359,.2759,.3855,.0089
4054,.2794,.2155,.3958,.0128
4055,.4230,.0572,.4411,.0137
4056,.4167,.0134,.4631,.0420
4057,.4686,.0150,.4477,.0047
4058,.3546,.0192,.5596,.0000
4059,.3680,.0872,.4737,.0000
4060,.6550,.0239,.2526,.0000
4061,.7880,.0071,.1465,.0000
4062,.2122,.4090,.2392,.0000
4063,.2111,.2234,.2576,.1918
4064,.4830,.0551,.3840,.0000
4065,.5158,.0348,.2393,.1430
4066,.4552,.0165,.4270,.0231
4067,.5275,.0175,.3874,.0000
4068,.3701,.1043,.4365,.0000
4069,.2511,.1285,.4431,.1009
4070,.4178,.0154,.3203,.1522
4071,.3341,.0990,.4876,.0028
4072,.2518,.1786,.3917,.0621
4073,.3298,.2418,.2972,.0792
4074,.2868,.1919,.4691,.0000
4075,.4744,.0205,.3801,.0574
4076,.4834,.0618,.3315,.0607
4077,.6031,.0128,.2794,.0407
4078,.4791,.0421,.3659,.0361
4079,.4652,.0405,.3516,.0697
4080,.5630,.0165,.2871,.0574
4081,.2879,.1106,.5131,.0000
4082,.0849,.3076,.5325,.0000
4083,.2087,.2409,.3835,.0505
4084,.5473,.0903,.1797,.0980
4085,.6676,.0050,.1982,.0434
4086,.4268,.2583,.1520,.0727
4087,.0598,.5588,.2671,.0105
4088,.0280,.8168,.0420,.0228
4089,.0048,.8671,.0149,.0094
4090,.0098,.7537,.0012,.0431
4091,.0235,.4796,.0661,.1743
4092,.0125,.3195,.1089,.1350
4093,.0182,.2119,.0501,.1029
4094,.0052,.5496,.0000,.1057
4095,.0089,.1705,.0025,.4997
4096,.0089,.0121,.0438,.5849
4097,.0157,.0000,.0421,.5695
4098,.0475,.0585,.1405,.3134
4099,.0094,.3158,.0732,.1973
4100,.0078,.5355,.0000,.1197
4101,.0184,.0481,.0615,.4137
4102,.0287,.1613,.0794,.2765
4103,.0193,.3971,.0685,.1857
4104,.0119,.4052,.0911,.0706
4105,.0050,.5367,.0118,.0721
4106,.0014,.3717,.0241,.2446
4107,.0461,.3779,.0667,.2214
4108,.0054,.6617,.0113,.0426
4109,.0000,.7498,.0129,.0041
4110,.0054,.6223,.0707,.0630
4111,.0057,.3826,.4188,.0816
4112,.0086,.3571,.3738,.0775
4113,.0051,.4722,.2095,.0903
4114,.0000,.2192,.0421,.2143
4115,.0000,.3014,.0044,.1292
4116,.0000,.0287,.0379,.1304
4117,.0415,.2009,.0296,.4281
4118,.0097,.4901,.0718,.1068
4119,.0097,.1972,.2620,.0621
4120,.0856,.0531,.6972,.0269
4121,.2219,.1159,.5562,.0052
4122,.2727,.1156,.5050,.0171
4123,.6143,.0052,.2824,.0398
4124,.0901,.3273,.2054,.0745
4125,.0218,.3210,.1042,.1906
4126,.0046,.5438,.2027,.1330
4127,.0185,.6248,.0871,.1065
4128,.0385,.2316,.3862,.1312
4129,.2226,.1747,.4997,.0161
4130,.1020,.3697,.2485,.0960
4131,.1928,.1593,.3933,.0940
4132,.5405,.0152,.3400,.0395
4133,.4219,.0418,.1685,.2086
4134,.1003,.2044,.2034,.2574
4135,.3987,.1001,.2882,.1304
4136,.5741,.0211,.3190,.0269
4137,.5693,.0244,.2790,.0601
4138,.6915,.0487,.1789,.0188
4139,.6592,.1105,.1516,.0070
4140,.6528,.0849,.1919,.0000
4141,.7439,.0305,.1742,.0000
4142,.2420,.2596,.2898,.0580
4143,.4077,.0221,.5010,.0000
4144,.5099,.0108,.4350,.0000
4145,.3631,.0521,.4159,.0701
4146,.2765,.1966,.3565,.0302
4147,.0387,.4640,.1030,.1796
4148,.3785,.0420,.4080,.0664
4149,.1425,.2025,.4607,.0342
4150,.0644,.2445,.4252,.0906
4151,.1014,.2029,.5509,.0344
4152,.1192,.1355,.6129,.0247
4153,.0911,.1200,.6842,.0000
4154,.1116,.1248,.6564,.0000
4155,.4272,.0672,.4349,.0000
4156,.1852,.1404,.5925,.0000
4157,.0622,.3418,.4261,.0933
4158,.0546,.2067,.6243,.0000
4159,.5625,.0649,.3115,.0000
4160,.6019,.0849,.2556,.0000
4161,.1179,.4583,.3621,.0000
4162,.2590,.1076,.5313,.0317
4163,.4364,.0816,.3554,.0710
4164,.4900,.1480,.1979,.1133
4165,.1606,.2490,.5274,.0000
4166,.2649,.2409,.4250,.0000
4167,.3584,.1476,.4073,.0208
4168,.5628,.0536,.3220,.0000
4169,.4864,.0314,.3879,.0124
4170,.5795,.0218,.3171,.0062
4171,.6955,.0089,.2271,.0000
4172,.6402,.0178,.2673,.0014
4173,.5699,.0132,.3324,.0097
4174,.4589,.0130,.4579,.0000
4175,.2712,.0521,.5773,.0293
4176,.4901,.0466,.4141,.0000
4177,.4662,.0707,.3986,.0146
4178,.3827,.1196,.4324,.0109
4179,.4085,.0857,.4314,.0103
4180,.5653,.1166,.2600,.0000
4181,.5700,.0570,.2951,.0000
4182,.3980,.1304,.3302,.0332
4183,.0773,.4204,.3385,.0395
4184,.2745,.1562,.4328,.0556
4185,.4686,.0472,.2854,.1330
4186,.5232,.0163,.3220,.0744
4187,.4779,.0146,.4165,.0351
4188,.2756,.0328,.5940,.0154
4189,.3080,.0678,.5467,.0000
4190,.5499,.0355,.3548,.0092
4191,.6353,.0038,.2921,.0033
4192,.4126,.1241,.3499,.0000
4193,.0134,.1452,.0754,.4349
4194,.2491,.1616,.2641,.1659
4195,.6448,.0174,.2360,.0404
4196,.6601,.0071,.2144,.0412
4197,.6406,.0887,.1772,.0207
4198,.3705,.1647,.3208,.0346
4199,.2328,.1050,.5130,.0386
4200,.1304,.1749,.5649,.0425
4201,.3700,.1226,.4385,.0014
4202,.4600,.1122,.3576,.0000
4203,.5374,.0993,.3030,.0000
4204,.2195,.3072,.3529,.0550
4205,.4024,.0830,.4199,.0190
4206,.3431,.1404,.4054,.0423
4207,.5545,.0945,.2421,.0321
4208,.2590,.2330,.4386,.0000
4209,.3946,.1115,.3951,.0000
4210,.3030,.0999,.4775,.0315
4211,.2417,.1979,.3432,.0779
4212,.0973,.2202,.5186,.0706
4213,.0488,.3794,.2827,.1886
4214,.1017,.2076,.5884,.0000
4215,.3542,.0337,.4256,.1064
4216,.6254,.0045,.1313,.1720
4217,.3115,.3694,.1789,.0559
4218,.0579,.6664,.1892,.0107
4219,.0050,.7700,.0984,.0043
4220,.0071,.7923,.0147,.0353
4221,.0059,.8411,.0094,.0304
4222,.0055,.5496,.0017,.2067
4223,.0163,.5623,.0100,.0765
4224,.0079,.5559,.0000,.0828
4225,.0499,.4161,.1925,.2390
4226,.0780,.4007,.2091,.1316
4227,.0015,.1340,.1491,.2263
4228,.0233,.1424,.1103,.3278
4229,.0325,.0161,.0469,.4183
4230,.0056,.1257,.0040,.5417
4231,.0095,.0000,.1076,.5223
4232,.0066,.0446,.0248,.6318
4233,.0167,.2188,.0828,.2903
4234,.0108,.5584,.0104,.0589
4235,.0099,.5358,.0087,.1776
4236,.0094,.4592,.0609,.1979
4237,.1504,.1974,.0739,.4086
4238,.0194,.1606,.0587,.3542
4239,.0070,.3841,.1182,.0810
4240,.0029,.6112,.0432,.0726
4241,.0005,.5386,.0625,.1462
4242,.0083,.5972,.0711,.0625
4243,.0021,.6916,.0000,.0555
4244,.0000,.3775,.0495,.3088
4245,.0000,.2736,.0208,.0514
4246,.0000,.2247,.0184,.0977
4247,.0303,.2074,.0563,.1251
4248,.0137,.2347,.0546,.1872
4249,.0152,.2711,.1155,.1375
4250,.0468,.1830,.3195,.1976
4251,.0900,.1153,.2188,.2575
4252,.0637,.1700,.4809,.0778
4253,.1644,.1003,.3601,.1955
4254,.0209,.1731,.1188,.3070
4255,.0218,.1340,.0723,.3967
4256,.0192,.4074,.1017,.1941
4257,.0123,.6126,.1126,.0558
4258,.0164,.3463,.1998,.1326
4259,.0274,.4085,.1720,.1045
4260,.0232,.3272,.1811,.1892
4261,.0158,.2989,.1287,.2060
4262,.1097,.0550,.2358,.4001
4263,.0480,.0040,.1494,.4522
4264,.2618,.0106,.4109,.1877
4265,.7112,.0054,.1115,.1226
4266,.7979,.0000,.1554,.0000
4267,.8032,.0000,.1476,.0029
4268,.6052,.0053,.3031,.0207
4269,.6857,.0000,.2694,.0000
4270,.8382,.0000,.1109,.0000
4271,.6687,.1432,.1260,.0045
4272,.3541,.0962,.4370,.0178
4273,.6216,.0055,.2982,.0087
4274,.5838,.0004,.3435,.0000
4275,.5635,.0076,.3574,.0000
4276,.6767,.0000,.2657,.0000
4277,.2351,.4614,.1616,.0396
4278,.4032,.0771,.3072,.0974
4279,.3592,.0992,.4507,.0000
4280,.1680,.1953,.4670,.0425
4281,.1136,.2733,.4637,.0147
4282,.0734,.1176,.5304,.1609
4283,.2936,.0396,.6007,.0000
4284,.3878,.0439,.4664,.0273
4285,.2943,.0555,.5638,.0153
4286,.3834,.0607,.5040,.0000
4287,.2309,.1142,.5801,.0000
4288,.3097,.1690,.4399,.0000
4289,.5097,.0782,.3548,.0000
4290,.4465,.1352,.3575,.0000
4291,.5585,.0253,.2735,.0564
4292,.4599,.0432,.4001,.0196
4293,.4310,.0612,.3378,.0973
4294,.4290,.0190,.3461,.1252
4295,.1778,.2007,.5407,.0058
4296,.3826,.0986,.4378,.0159
4297,.5185,.0915,.3005,.0199
4298,.5366,.0254,.3430,.0025
4299,.6092,.0203,.2781,.0062
4300,.6857,.0153,.2264,.0000
4301,.7127,.0046,.2114,.0044
4302,.6878,.0141,.2281,.0000
4303,.6590,.0182,.2363,.0145
4304,.3530,.0329,.4633,.0498
4305,.4484,.0620,.4289,.0000
4306,.4478,.1127,.3855,.0000
4307,.3910,.0977,.4489,.0000
4308,.3533,.0907,.4873,.0000
4309,.4835,.0568,.3950,.0019
4310,.5970,.0342,.2853,.0058
4311,.5557,.0860,.2687,.0106
4312,.5398,.0156,.2603,.0848
4313,.1424,.4785,.2768,.0217
4314,.1455,.3295,.4062,.0382
4315,.3199,.0934,.3616,.1458
4316,.2117,.2096,.4432,.0343
4317,.3376,.0873,.4862,.0000
4318,.3255,.1094,.4769,.0000
4319,.3712,.0810,.4620,.0056
4320,.5098,.0468,.2807,.0931
4321,.5467,.0117,.3159,.0596
4322,.6812,.0023,.2028,.0366
4323,.2116,.2242,.1540,.2206
4324,.1022,.1797,.1807,.2591
4325,.3444,.1531,.2831,.0745
4326,.1234,.3939,.1864,.1341
4327,.2773,.3497,.1155,.1039
4328,.3394,.1587,.3660,.0325
4329,.5369,.0131,.3726,.0006
4330,.5262,.0407,.3570,.0021
4331,.1693,.2046,.4969,.0470
4332,.2754,.2623,.3915,.0000
4333,.1809,.4429,.3105,.0047
4334,.0736,.5816,.1858,.0894
4335,.0557,.5777,.2590,.0571
4336,.0350,.4559,.3554,.0577
4337,.1451,.3931,.3921,.0000
4338,.0560,.3652,.3381,.1561
4339,.3393,.1492,.4134,.0170
4340,.2689,.1489,.4692,.0164
4341,.1674,.1662,.4739,.0760
4342,.1275,.2625,.4718,.0323
4343,.0121,.3330,.2816,.1621
4344,.0103,.3209,.4176,.1036
4345,.2657,.1747,.4711,.0076
4346,.5381,.0799,.2252,.0693
4347,.5893,.1167,.1066,.1078
4348,.4091,.3352,.1389,.0369
4349,.0389,.7133,.1380,.0072
4350,.0056,.7846,.0799,.0352
4351,.0335,.7449,.0477,.0436
4352,.0098,.2862,.0215,.1167
4353,.0168,.2460,.0216,.2873
4354,.0027,.5320,.0300,.0839
4355,.0128,.2302,.1204,.2916
4356,.0450,.2818,.0794,.2274
4357,.0121,.3971,.1106,.0851
4358,.0075,.0000,.1816,.4303
4359,.0108,.0000,.0970,.4217
4360,.0079,.0000,.0484,.4614
4361,.0252,.1921,.1190,.3480
4362,.0056,.5561,.0000,.2054
4363,.0084,.7228,.0020,.0320
4364,.0056,.5735,.0104,.1322
4365,.0184,.3326,.0334,.2804
4366,.0197,.4995,.1175,.1161
4367,.1227,.2457,.1279,.3031
4368,.0113,.2467,.1572,.1961
4369,.0124,.0352,.1700,.2737
4370,.0105,.3264,.1356,.1560
4371,.0119,.5766,.1064,.0054
4372,.0082,.6682,.1264,.0000
4373,.0042,.5587,.0078,.1366
4374,.0000,.4591,.0332,.1418
4375,.0000,.1106,.0135,.0557
4376,.0000,.3957,.0032,.1618
4377,.0310,.4266,.0023,.1040
4378,.0362,.3875,.1139,.0644
4379,.0063,.1944,.1799,.1302
4380,.0101,.0140,.2802,.3299
4381,.0496,.1260,.3237,.2834
4382,.0829,.0929,.2317,.3776
4383,.1426,.1349,.0830,.3906
4384,.1394,.0825,.1154,.4428
4385,.0991,.3228,.2346,.0842
4386,.0149,.5314,.1185,.0497
4387,.0209,.5973,.0592,.0446
4388,.0099,.3038,.0316,.2617
4389,.0200,.3380,.0169,.2899
4390,.0217,.2405,.1681,.3316
4391,.0280,.0707,.0895,.4613
4392,.1387,.2876,.2077,.1815
4393,.2183,.1294,.2555,.2150
4394,.2832,.0435,.3864,.1561
4395,.2407,.1352,.4284,.0646
4396,.6332,.0072,.2576,.0449
4397,.5645,.0197,.3222,.0301
4398,.3673,.1281,.3566,.0662
4399,.6755,.1205,.1311,.0169
4400,.7018,.0313,.1726,.0178
4401,.2782,.1914,.3227,.0657
4402,.2508,.1144,.5448,.0094
4403,.6154,.0218,.2719,.0014
4404,.4851,.1651,.1867,.0516
4405,.1899,.1881,.4263,.0904
4406,.3039,.0902,.4959,.0231
4407,.4943,.0061,.4044,.0000
4408,.3423,.1140,.4098,.0345
4409,.5802,.0536,.2480,.0430
4410,.2391,.1748,.5163,.0000
4411,.1704,.1822,.5578,.0000
4412,.0448,.3894,.4132,.0142
4413,.0560,.2481,.5354,.0561
4414,.1627,.1758,.5962,.0000
4415,.1852,.1739,.5738,.0024
4416,.2782,.1011,.5514,.0055
4417,.3842,.0560,.4992,.0000
4418,.5721,.0321,.3398,.0000
4419,.7552,.0158,.1821,.0000
4420,.4999,.0909,.3494,.0000
4421,.4925,.0483,.3452,.0452
4422,.3481,.0731,.3526,.1527
4423,.3328,.1182,.3982,.0776
4424,.4435,.0903,.3433,.0443
4425,.4077,.0855,.3827,.0447
4426,.5021,.0566,.2452,.1053
4427,.6573,.0584,.1807,.0211
4428,.4673,.1407,.3048,.0114
4429,.5929,.1093,.2332,.0014
4430,.6795,.0091,.2269,.0000
4431,.5629,.1056,.2554,.0009
4432,.4911,.0307,.3527,.0480
4433,.5155,.0382,.3085,.0540
4434,.4959,.0455,.3558,.0252
4435,.4826,.0145,.4091,.0191
4436,.5474,.1105,.2737,.0027
4437,.4256,.1303,.3710,.0000
4438,.1895,.1503,.5740,.0000
4439,.3411,.1096,.4758,.0001
4440,.3929,.0836,.4493,.0002
4441,.6193,.0383,.2547,.0002
4442,.5491,.0978,.2692,.0003
4443,.5656,.1483,.1916,.0001
4444,.0483,.5690,.2486,.0162
4445,.2633,.1822,.4419,.0202
4446,.1555,.2844,.4412,.0000
4447,.4511,.0504,.4129,.0167
4448,.4143,.0678,.3707,.0681
4449,.5126,.0444,.2575,.0976
4450,.4736,.0137,.2929,.1405
4451,.6650,.0010,.2434,.0333
4452,.4255,.0664,.2020,.1807
4453,.3032,.2478,.3067,.0365
4454,.5305,.0597,.3301,.0052
4455,.5726,.0602,.2774,.0042
4456,.3725,.0914,.4326,.0052
4457,.5419,.0138,.3378,.0210
4458,.5931,.0072,.3062,.0123
4459,.6520,.0035,.2401,.0204
4460,.5531,.0184,.3023,.0559
4461,.2500,.2136,.4386,.0434
4462,.3493,.1072,.4299,.0480
4463,.5282,.1271,.2231,.0222
4464,.3103,.3521,.2473,.0218
4465,.0225,.6982,.2239,.0148
4466,.0040,.6972,.1075,.0888
4467,.0225,.5340,.3456,.0047
4468,.0449,.5138,.1724,.1392
4469,.2215,.2459,.3349,.1022
4470,.0785,.5019,.2987,.0020
4471,.0277,.3950,.4323,.0438
4472,.0193,.2758,.3987,.0847
4473,.0110,.4214,.0905,.2001
4474,.0212,.4354,.3630,.0335
4475,.0848,.3584,.4419,.0000
4476,.1580,.2731,.4599,.0283
4477,.4664,.0687,.2854,.1044
4478,.1668,.3527,.2434,.1514
4479,.2327,.4868,.1979,.0184
4480,.0344,.5624,.0766,.1050
4481,.0968,.4921,.1324,.0845
4482,.0067,.5637,.0676,.0062
4483,.0229,.4967,.1533,.0303
4484,.0015,.3841,.1216,.0769
4485,.0064,.2513,.0642,.2697
4486,.0064,.3122,.1388,.1135
4487,.0045,.2047,.1226,.0808
4488,.0089,.0859,.1325,.2369
4489,.0105,.2177,.0589,.2292
4490,.0099,.1604,.0506,.3407
4491,.0044,.5336,.0061,.1850
4492,.0061,.6066,.0088,.0769
4493,.0104,.6964,.0791,.0107
4494,.0165,.4154,.0200,.2585
4495,.0533,.6548,.0203,.0758
4496,.0248,.6039,.0520,.1141
4497,.0151,.1525,.0540,.3767
4498,.0143,.1111,.0131,.4492
4499,.0119,.0050,.0956,.5215
4500,.0189,.0693,.0154,.5209
4501,.0113,.2983,.0129,.3675
4502,.0212,.8349,.0429,.0063
4503,.0173,.3261,.0215,.3287
4504,.0000,.1475,.0786,.1691
4505,.0000,.1675,.0455,.0601
4506,.0012,.6798,.0058,.1186
4507,.0023,.5429,.0657,.0619
4508,.0227,.5352,.0353,.0336
4509,.0089,.2080,.0736,.2948
4510,.0141,.1059,.2078,.2582
4511,.0289,.2613,.1933,.2670
4512,.0524,.3287,.0852,.2844
4513,.0877,.0720,.2380,.4387
4514,.2084,.0182,.1194,.6158
4515,.1633,.2156,.2723,.1974
4516,.0123,.3242,.3170,.0373
4517,.0306,.3445,.0576,.1278
4518,.0193,.0940,.0989,.3083
4519,.0152,.0653,.2599,.2985
4520,.0221,.0897,.1103,.4005
4521,.0180,.0732,.1444,.4163
4522,.0157,.1432,.0837,.3782
4523,.0289,.4988,.1520,.1166
4524,.0533,.4363,.1980,.1344
4525,.0468,.1603,.1354,.4019
4526,.0278,.1593,.3758,.1677
4527,.0400,.3187,.3982,.0430
4528,.0926,.3548,.3736,.0218
4529,.1518,.2395,.4665,.0000
4530,.0774,.3660,.3777,.0000
4531,.0670,.4637,.2810,.0010
4532,.1827,.3102,.2842,.0575
4533,.2216,.0641,.5751,.0352
4534,.3550,.3477,.2249,.0000
4535,.3121,.1554,.4529,.0059
4536,.1956,.1456,.5592,.0000
4537,.0973,.2210,.5344,.0092
4538,.0491,.5135,.1774,.1038
4539,.1379,.2303,.5340,.0049
4540,.1669,.1553,.5771,.0151
4541,.1932,.1875,.5328,.0082
4542,.0403,.5633,.2731,.0053
4543,.0394,.4364,.2610,.0854
4544,.0857,.2364,.1955,.3069
4545,.3256,.0579,.4031,.0921
4546,.2460,.0941,.4498,.0874
4547,.4966,.0231,.3938,.0266
4548,.6573,.0237,.2661,.0000
4549,.5992,.0460,.2880,.0000
4550,.5511,.1103,.2825,.0000
4551,.6549,.0317,.2399,.0123
4552,.5325,.0545,.3100,.0224
4553,.2796,.1320,.4919,.0083
4554,.2840,.2242,.3912,.0295
4555,.4341,.1015,.3082,.0835
4556,.4646,.0679,.3003,.0944
4557,.5726,.0474,.2678,.0387
4558,.5369,.0449,.3311,.0042
4559,.3248,.1383,.2797,.1803
4560,.6836,.0399,.1739,.0209
4561,.6708,.0273,.2143,.0025
4562,.5832,.0057,.3282,.0000
4563,.6185,.0159,.2863,.0000
4564,.4722,.0974,.3097,.0386
4565,.4528,.0472,.4051,.0146
4566,.5676,.0150,.3524,.0000
4567,.7096,.0391,.1900,.0000
4568,.5895,.0666,.2639,.0071
4569,.6727,.0111,.2400,.0016
4570,.5664,.0228,.3203,.0054
4571,.4182,.0878,.4066,.0000
4572,.4823,.1570,.2843,.0000
4573,.2970,.1046,.5230,.0000
4574,.4036,.1184,.3738,.0098
4575,.4891,.0613,.3035,.0672
4576,.4480,.2372,.2401,.0000
4577,.6801,.0440,.1887,.0187
4578,.5574,.0024,.2568,.1084
4579,.5055,.0175,.2745,.1253
4580,.4957,.0028,.2505,.1832
4581,.4069,.0753,.3410,.1064
4582,.2284,.2893,.3925,.0092
4583,.4296,.1109,.3563,.0293
4584,.5481,.0141,.3712,.0000
4585,.4976,.0261,.3096,.0916
4586,.4821,.0138,.4156,.0000
4587,.3622,.1181,.4252,.0000
4588,.3764,.0729,.4874,.0000
4589,.5192,.0900,.3174,.0021
4590,.5984,.1832,.1335,.0289
4591,.4820,.0994,.3307,.0148
4592,.4035,.0383,.4640,.0000
4593,.4793,.0233,.3908,.0023
4594,.3667,.0625,.3977,.0472
4595,.3524,.0316,.4392,.1067
4596,.3226,.2086,.3099,.0408
4597,.2157,.1757,.4161,.0502
4598,.1245,.2981,.1684,.2140
4599,.5629,.0158,.2917,.0334
4600,.3030,.1963,.3821,.0212
4601,.0523,.5820,.0935,.1295
4602,.0132,.5873,.0876,.1028
4603,.1009,.3291,.2243,.2151
4604,.4071,.1332,.2997,.0615
4605,.2726,.1692,.4410,.0157
4606,.5292,.0948,.2189,.0792
4607,.6849,.0241,.1226,.1121
4608,.4527,.1246,.1226,.2205
4609,.2258,.1957,.1297,.3682
4610,.1360,.4017,.0325,.1967
4611,.0140,.4875,.0478,.0874
4612,.0041,.8055,.0046,.0158
4613,.0084,.7687,.0054,.0423
4614,.0054,.7071,.0000,.0527
4615,.0036,.6761,.0057,.0278
4616,.0073,.4210,.0563,.0653
4617,.0232,.0504,.1818,.3637
4618,.0071,.3616,.0966,.1256
4619,.0041,.2322,.1368,.1084
4620,.0034,.1656,.1363,.2086
4621,.0218,.5936,.0066,.0419
4622,.0106,.7303,.0000,.0285
4623,.0278,.5520,.1054,.0113
4624,.0116,.6248,.1232,.0496
4625,.0202,.7977,.0311,.0161
4626,.0422,.5819,.1688,.0571
4627,.0274,.1998,.1106,.4107
4628,.0386,.2235,.0743,.3372
4629,.0259,.2583,.1917,.2120
4630,.0164,.0129,.2168,.4420
4631,.0197,.4941,.1115,.1051
4632,.0137,.6370,.0003,.1229
4633,.0264,.5659,.1967,.0933
4634,.0000,.0969,.0549,.0751
4635,.0404,.0118,.2737,.2752
4636,.0259,.1765,.0901,.4957
4637,.0003,.4345,.0531,.1160
4638,.0194,.5255,.0170,.0849
4639,.0322,.5115,.0454,.0666
4640,.0051,.2964,.1290,.2231
4641,.0097,.2071,.1114,.2195
4642,.0128,.1928,.2995,.0919
4643,.0160,.0786,.1226,.5104
4644,.0605,.0829,.3193,.3012
4645,.0225,.2104,.1487,.2839
4646,.0207,.1950,.1851,.2025
4647,.0171,.2469,.0746,.3023
4648,.0133,.2111,.0580,.3674
4649,.0179,.0000,.1268,.5042
4650,.0198,.0000,.0594,.5135
4651,.0204,.3590,.1256,.2253
4652,.0167,.0400,.2543,.3368
4653,.0232,.0919,.0887,.4933
4654,.0100,.5928,.0000,.1196
4655,.0032,.5460,.0033,.1846
4656,.0082,.5751,.0563,.0474
4657,.0038,.5117,.0673,.2119
4658,.0151,.6328,.0985,.0260
4659,.0227,.5852,.1525,.0135
4660,.0372,.4477,.3370,.0000
4661,.1825,.4114,.1011,.1386
4662,.0485,.3526,.1318,.2264
4663,.2518,.0708,.3970,.1782
4664,.6438,.0073,.1994,.0837
4665,.3284,.1095,.3940,.0420
4666,.0179,.2908,.2857,.1785
4667,.0422,.1974,.1288,.3387
4668,.0286,.6748,.0495,.0702
4669,.0088,.6800,.1074,.0704
4670,.0694,.3467,.2722,.1655
4671,.1002,.2887,.3867,.1185
4672,.0513,.4087,.4434,.0000
4673,.0262,.5460,.2859,.0030
4674,.0299,.4627,.2350,.0929
4675,.0171,.4524,.0777,.0982
4676,.0256,.3829,.2006,.1469
4677,.1147,.2592,.4851,.0000
4678,.0507,.3235,.5205,.0000
4679,.1486,.1189,.6396,.0000
4680,.3906,.0595,.4745,.0000
4681,.4704,.0325,.4211,.0063
4682,.6104,.0028,.3261,.0037
4683,.4862,.0132,.3583,.0691
4684,.3979,.0645,.4348,.0207
4685,.5050,.0627,.2490,.1065
4686,.5156,.0462,.3303,.0283
4687,.4159,.1415,.3224,.0405
4688,.5815,.0500,.2382,.0480
4689,.3832,.0658,.4508,.0118
4690,.6551,.0282,.2105,.0324
4691,.6042,.0178,.2795,.0175
4692,.6480,.0163,.2643,.0000
4693,.6297,.0150,.2754,.0000
4694,.5558,.0340,.3279,.0160
4695,.4812,.0756,.3742,.0067
4696,.6430,.0226,.2287,.0452
4697,.6731,.0044,.2577,.0072
4698,.5545,.0141,.3224,.0256
4699,.6587,.0037,.2765,.0000
4700,.6462,.0015,.2998,.0000
4701,.5562,.0406,.3393,.0000
4702,.5995,.0286,.3102,.0000
4703,.5433,.0342,.3402,.0010
4704,.3868,.0933,.3903,.0453
4705,.7562,.0272,.1561,.0008
4706,.8128,.0109,.1179,.0000
4707,.6881,.0060,.2306,.0000
4708,.5745,.0046,.3336,.0058
4709,.6829,.0015,.2234,.0190
4710,.5590,.0175,.3311,.0294
4711,.2379,.2776,.3464,.0267
4712,.0960,.3477,.1702,.2481
4713,.3280,.0448,.5005,.0422
4714,.5868,.0186,.3282,.0000
4715,.5988,.0132,.3206,.0035
4716,.4137,.0458,.4751,.0000
4717,.3240,.1886,.3614,.0284
4718,.1046,.3039,.4041,.0549
4719,.5641,.0611,.2243,.0731
4720,.6023,.0004,.3362,.0000
4721,.6115,.0091,.2877,.0189
4722,.5247,.0856,.2812,.0226
4723,.3242,.1290,.4603,.0042
4724,.4458,.1566,.1864,.0894
4725,.3083,.3144,.2960,.0198
4726,.5284,.0506,.1738,.1284
4727,.1413,.0262,.2699,.2211
4728,.0603,.1114,.0758,.1778
4729,.4468,.0000,.0791,.1391
4730,.3485,.2454,.1819,.0416
4731,.0161,.6111,.0069,.1127
4732,.0250,.6046,.1162,.0424
4733,.2938,.1860,.3481,.0688
4734,.0704,.6096,.1098,.1104
4735,.0108,.7744,.0708,.0373
4736,.0701,.5092,.2536,.1036
4737,.5124,.0533,.1349,.2313
4738,.2212,.6369,.0299,.0656
4739,.0129,.7310,.0108,.1817
4740,.0037,.4339,.0648,.2093
4741,.0024,.6809,.0162,.0451
4742,.0009,.5443,.0147,.1051
4743,.0123,.8434,.0018,.0114
4744,.0086,.7495,.0185,.0275
4745,.0132,.6449,.0087,.1049
4746,.0164,.2914,.0292,.2662
4747,.0086,.3328,.0175,.3075
4748,.0105,.3052,.0604,.1888
4749,.0025,.0091,.2771,.1218
4750,.0235,.0334,.3952,.0196
4751,.0108,.1280,.0540,.3387
4752,.0181,.3885,.0000,.2451
4753,.0100,.2295,.0817,.2364
4754,.0129,.3824,.0254,.2518
4755,.0142,.8020,.0016,.0169
4756,.0172,.4484,.1009,.1381
4757,.1016,.0812,.1361,.2125
4758,.0078,.3984,.0054,.2628
4759,.0194,.5309,.0276,.1285
4760,.0873,.2150,.0513,.2909
4761,.0278,.6449,.1542,.0066
4762,.0272,.9472,.0004,.0000
4763,.0182,.8482,.0183,.0000
4764,.0021,.1042,.1024,.0486
4765,.1343,.0000,.4921,.0928
4766,.1566,.0430,.4847,.1328
4767,.0270,.6722,.0272,.0836
4768,.0439,.4256,.0529,.1654
4769,.0115,.6054,.0399,.1144
4770,.0119,.2869,.0724,.2657
4771,.0091,.1381,.2230,.1077
4772,.0046,.2668,.1718,.0607
4773,.1019,.1898,.2326,.1866
4774,.0075,.1420,.2854,.1787
4775,.0431,.0237,.1592,.3377
4776,.0190,.1164,.2236,.2199
4777,.0069,.4571,.0558,.2152
4778,.0058,.2595,.0687,.3368
4779,.0119,.0000,.0924,.5110
4780,.0092,.0730,.0375,.5235
4781,.0115,.5229,.1194,.0981
4782,.0247,.1371,.1363,.3769
4783,.0122,.0150,.0371,.5121
4784,.0092,.3096,.0419,.2608
4785,.0065,.5135,.0222,.1368
4786,.0024,.6201,.0361,.0625
4787,.0070,.4697,.0423,.1509
4788,.0459,.4275,.0304,.0850
4789,.0074,.6928,.0110,.0913
4790,.0099,.6381,.1779,.0146
4791,.0192,.3468,.0674,.2768
4792,.0270,.2621,.1217,.2702
4793,.0881,.1841,.4797,.0572
4794,.3782,.1570,.2746,.0888
4795,.2507,.2489,.2557,.0791
4796,.0498,.4427,.2790,.0666
4797,.0193,.5688,.0547,.1206
4798,.0042,.6341,.0061,.1087
4799,.0179,.6630,.0705,.1000
4800,.0207,.5662,.0646,.1747
4801,.0352,.6067,.2152,.0058
4802,.0921,.3257,.4552,.0000
4803,.0538,.2784,.5470,.0000
4804,.0933,.4294,.2709,.0208
4805,.0315,.4175,.1630,.1209
4806,.0382,.3187,.5033,.0114
4807,.0431,.3993,.4061,.0000
4808,.0253,.3163,.5158,.0000
4809,.0172,.2805,.5699,.0000
4810,.0477,.3364,.4922,.0000
4811,.4745,.0330,.2611,.1545
4812,.5315,.0141,.3457,.0406
4813,.6392,.0046,.3000,.0000
4814,.5649,.0319,.2830,.0395
4815,.5655,.0235,.3233,.0000
4816,.5989,.0152,.3066,.0000
4817,.5148,.0607,.3403,.0035
4818,.4194,.0560,.4040,.0373
4819,.5081,.0903,.3188,.0086
4820,.5014,.0968,.2118,.1184
4821,.4717,.0217,.3306,.0944
4822,.5180,.0305,.3423,.0267
4823,.5094,.0241,.3924,.0000
4824,.5956,.0417,.2741,.0193
4825,.5725,.1204,.2012,.0331
4826,.4615,.0300,.4384,.0000
4827,.7168,.0037,.2265,.0022
4828,.6331,.0062,.2906,.0000
4829,.5072,.0275,.3918,.0000
4830,.6792,.0035,.2562,.0000
4831,.7475,.0137,.1819,.0000
4832,.5127,.1058,.3245,.0000
4833,.4215,.0582,.4363,.0005
4834,.4557,.0632,.3538,.0253
4835,.5833,.0449,.2497,.0271
4836,.6209,.0277,.2663,.0150
4837,.7019,.0181,.2137,.0000
4838,.6018,.0093,.3282,.0000
4839,.7028,.0000,.2396,.0000
4840,.7094,.0000,.2101,.0018
4841,.5535,.0642,.2440,.0597
4842,.1363,.4024,.2076,.1183
4843,.2238,.1551,.1034,.3908
4844,.4594,.0174,.1892,.2580
4845,.5715,.0083,.3436,.0122
4846,.5164,.0528,.3608,.0000
4847,.4589,.1217,.2581,.0541
4848,.2222,.2474,.1447,.1580
4849,.2633,.1622,.3791,.1166
4850,.6247,.0002,.3207,.0000
4851,.6411,.0000,.2963,.0000
4852,.5297,.0473,.3424,.0040
4853,.1828,.4724,.2713,.0125
4854,.0715,.5973,.1474,.1187
4855,.0054,.8460,.0435,.0303
4856,.2704,.2395,.0297,.2058
4857,.0400,.0064,.0464,.4732
4858,.0354,.0000,.1106,.2856
4859,.0199,.2749,.0699,.1731
4860,.0339,.4481,.0499,.1291
4861,.0904,.6259,.0980,.0121
4862,.2932,.3296,.2640,.0028
4863,.4428,.1594,.2364,.0637
4864,.2860,.3638,.1970,.0212
4865,.0135,.6545,.1490,.0032
4866,.0105,.8162,.0673,.0102
4867,.0806,.6754,.0211,.1507
4868,.0109,.8748,.0140,.0248
4869,.0048,.8683,.0262,.0153
4870,.0468,.6609,.0055,.0366
4871,.0350,.6437,.0529,.0070
4872,.1469,.4688,.1482,.0478
4873,.0247,.6946,.0209,.0359
4874,.0066,.6935,.0217,.0148
4875,.0300,.3457,.0007,.2706
4876,.1404,.2610,.1740,.0737
4877,.0213,.2115,.0099,.3388
4878,.0140,.3393,.0167,.1788
4879,.0107,.1782,.1477,.1770
4880,.0074,.0484,.1530,.2580
4881,.0157,.4288,.0015,.2673
4882,.0126,.2045,.0177,.4227
4883,.0178,.3190,.0178,.2854
4884,.0224,.5057,.0233,.0486
4885,.0234,.6423,.0000,.0683
4886,.0444,.4037,.0124,.0766
4887,.0417,.4793,.0554,.0817
4888,.0384,.6263,.0958,.0549
4889,.0685,.4191,.0467,.1292
4890,.0253,.4593,.0929,.1050
4891,.0178,.5841,.0918,.1162
4892,.0200,.8359,.0270,.0000
4893,.0033,.5096,.0301,.0351
4894,.0044,.0032,.1933,.2085
4895,.0584,.0591,.3553,.2005
4896,.1109,.0361,.1572,.3953
4897,.2274,.3621,.0829,.1984
4898,.0394,.5580,.0088,.2090
4899,.0111,.3912,.0880,.1724
4900,.0115,.3670,.0909,.1451
4901,.0129,.1940,.1769,.0682
4902,.0583,.0659,.2940,.0655
4903,.0040,.2326,.2436,.0067
4904,.0145,.1151,.1061,.3024
4905,.0245,.2684,.1454,.2380
4906,.0171,.1795,.0908,.4403
4907,.0185,.2338,.0824,.3356
4908,.0076,.4566,.0383,.2694
4909,.0069,.0525,.1204,.4782
4910,.0104,.1870,.1657,.3450
4911,.0262,.3953,.1505,.1466
4912,.0795,.2274,.0496,.2645
4913,.1492,.1188,.1363,.2535
4914,.0385,.1856,.0484,.3463
4915,.0047,.4402,.0745,.1178
4916,.1206,.4827,.1004,.1263
4917,.1322,.3726,.1942,.1151
4918,.0594,.4208,.0792,.2056
4919,.0094,.4340,.0595,.1819
4920,.0294,.5362,.0242,.1450
4921,.0367,.4544,.1542,.1564
4922,.0213,.3595,.1324,.2263
4923,.0945,.0839,.2605,.2939
4924,.5180,.0636,.2985,.0471
4925,.1218,.3413,.1005,.1828
4926,.0068,.6501,.0355,.0619
4927,.0123,.7112,.0214,.0889
4928,.0035,.6243,.0318,.1443
4929,.0096,.5927,.0320,.1626
4930,.0273,.5842,.1603,.0205
4931,.0208,.7313,.1131,.0027
4932,.0353,.6194,.1691,.0248
4933,.0393,.3962,.3458,.0391
4934,.0116,.5637,.2485,.0000
4935,.0559,.3350,.4727,.0022
4936,.0446,.1560,.6476,.0000
4937,.0479,.2464,.5384,.0000
4938,.0969,.2328,.5038,.0231
4939,.0355,.2713,.5399,.0000
4940,.0428,.3732,.4113,.0274
4941,.3046,.1137,.4289,.0694
4942,.5140,.0155,.3634,.0341
4943,.6200,.0118,.2455,.0563
4944,.5990,.0058,.3254,.0000
4945,.6195,.0122,.2832,.0146
4946,.6959,.0086,.1918,.0221
4947,.5783,.0841,.2520,.0000
4948,.2875,.1559,.4942,.0000
4949,.3571,.1380,.4100,.0242
4950,.5022,.0829,.3172,.0164
4951,.4780,.0323,.4027,.0008
4952,.4551,.0883,.3906,.0000
4953,.6293,.0174,.2867,.0000
4954,.5436,.0193,.3508,.0253
4955,.4928,.0763,.2975,.0740
4956,.5261,.0355,.3344,.0264
4957,.6074,.0170,.2953,.0085
4958,.5581,.1257,.2519,.0000
4959,.5465,.0641,.3080,.0027
4960,.6902,.0086,.2523,.0000
4961,.7394,.0024,.2161,.0000
4962,.6854,.0094,.2426,.0000
4963,.5777,.0227,.3343,.0000
4964,.4990,.0290,.3687,.0143
4965,.4865,.0621,.3539,.0026
4966,.5214,.0348,.2714,.0830
4967,.7291,.0017,.2245,.0013
4968,.7032,.0026,.2469,.0000
4969,.6583,.0045,.2586,.0000
4970,.5649,.0000,.3531,.0071
4971,.4757,.0068,.1575,.2435
4972,.1770,.2332,.0867,.3495
4973,.1643,.2889,.3284,.0922
4974,.2368,.1428,.2974,.1751
4975,.1878,.3443,.1547,.1980
4976,.2733,.1728,.2222,.1918
4977,.3518,.0546,.1190,.2746
4978,.1961,.1236,.2338,.1065
4979,.2002,.2249,.1090,.2727
4980,.6292,.0061,.2968,.0000
4981,.5013,.0186,.4150,.0000
4982,.5122,.0166,.4093,.0000
4983,.6579,.0644,.2216,.0000
4984,.3518,.3438,.2198,.0301
4985,.3457,.2921,.1642,.0768
4986,.2257,.0659,.3172,.1980
4987,.2111,.0468,.2105,.3299
4988,.1093,.2784,.1244,.2611
4989,.0048,.2443,.0746,.3290
4990,.1420,.2114,.0753,.3303
4991,.6431,.0264,.2005,.0668
4992,.8031,.0057,.1436,.0000
4993,.7334,.0000,.2133,.0000
4994,.7326,.0070,.1880,.0042
4995,.4899,.2414,.1999,.0006
4996,.3490,.3394,.2231,.0007
4997,.0187,.7879,.0381,.0529
4998,.0013,.6597,.0098,.0639
4999,.0048,.6006,.0159,.0561
5000,.0349,.5033,.0478,.1168
5001,.0210,.5268,.0975,.0929
5002,.1039,.4363,.1304,.0723
5003,.0064,.7068,.0286,.0094
5004,.0084,.8034,.0190,.0042
5005,.0054,.5145,.0135,.1366
5006,.0207,.2204,.1750,.2420
5007,.0100,.1247,.1971,.2876
5008,.0367,.3407,.0883,.2531
5009,.0107,.3579,.0644,.2478
5010,.0140,.5142,.0399,.1303
5011,.0091,.5069,.0040,.1509
5012,.0123,.1706,.0154,.4399
5013,.0102,.5476,.0552,.1260
5014,.0139,.4125,.1522,.1101
5015,.0446,.1203,.2174,.1520
5016,.0140,.0000,.2671,.2190
5017,.0220,.2285,.0604,.3252
5018,.0209,.3374,.1356,.2643
5019,.0466,.4809,.0626,.2276
5020,.0229,.4055,.0727,.2471
5021,.0501,.1465,.0437,.4152
5022,.0043,.1599,.0723,.1997
5023,.0065,.1068,.1870,.1710
5024,.0155,.1081,.2872,.2058
5025,.0162,.3795,.0825,.1563
5026,.0559,.3111,.0117,.3739
5027,.0552,.2522,.1957,.2322
5028,.0362,.4410,.0423,.1879
5029,.0089,.4549,.0547,.1779
5030,.0047,.2636,.1365,.2070
5031,.0217,.2533,.1559,.1193
5032,.0223,.3233,.1339,.1635
5033,.0089,.1958,.0745,.2167
5034,.0114,.0000,.1505,.3873
5035,.0150,.6542,.0086,.1245
5036,.0173,.1014,.0549,.4744
5037,.0159,.4500,.0857,.2175
5038,.0055,.4700,.1068,.1504
5039,.0155,.1563,.1672,.3208
5040,.0113,.1344,.1022,.4644
5041,.0879,.2102,.0189,.3745
5042,.0557,.3428,.1159,.2648
5043,.0420,.3548,.2798,.0743
5044,.0126,.2818,.2459,.1272
5045,.0251,.4118,.1546,.1402
5046,.2403,.2345,.1710,.1695
5047,.3390,.1531,.4071,.0132
5048,.2577,.2153,.3440,.0577
5049,.0484,.4927,.1778,.0764
5050,.1312,.3231,.2711,.1269
5051,.2216,.1703,.4700,.0288
5052,.4276,.0781,.2784,.1241
5053,.5590,.0000,.1772,.1852
5054,.0798,.0029,.3100,.3342
5055,.0146,.1376,.2437,.2139
5056,.0051,.6373,.0492,.0474
5057,.0020,.5622,.0656,.1624
5058,.1093,.2639,.3588,.1221
5059,.2697,.2036,.2532,.1252
5060,.0594,.4358,.3300,.0237
5061,.0170,.5766,.2167,.0436
5062,.0287,.5923,.2156,.0112
5063,.0628,.4693,.3493,.0000
5064,.0502,.4438,.3930,.0000
5065,.0444,.4644,.3942,.0000
5066,.0510,.1652,.6469,.0230
5067,.1023,.1789,.5320,.0761
5068,.2467,.3118,.2665,.0790
5069,.1399,.2962,.4513,.0000
5070,.1517,.1656,.5654,.0126
5071,.1152,.5087,.2970,.0038
5072,.5736,.0379,.3001,.0372
5073,.6398,.0165,.2129,.0644
5074,.6165,.0929,.1841,.0398
5075,.6770,.0237,.2077,.0093
5076,.6018,.0309,.2697,.0160
5077,.4666,.0667,.3998,.0000
5078,.3532,.1339,.4236,.0168
5079,.4374,.0763,.4059,.0000
5080,.7270,.0174,.1674,.0000
5081,.5174,.0538,.3635,.0000
5082,.3917,.2022,.3117,.0195
5083,.4864,.0528,.3523,.0337
5084,.6019,.0281,.2433,.0300
5085,.4445,.0320,.3550,.0992
5086,.3213,.1606,.3694,.0676
5087,.4232,.0786,.2416,.1642
5088,.3491,.1766,.4055,.0000
5089,.3369,.0899,.4117,.0943
5090,.6677,.0065,.2710,.0000
5091,.7605,.0063,.1664,.0000
5092,.6619,.0067,.2616,.0000
5093,.6099,.0306,.2018,.0845
5094,.4520,.1009,.3045,.0553
5095,.5064,.1101,.2237,.0536
5096,.3553,.1748,.2548,.0690
5097,.6631,.0110,.2020,.0608
5098,.5395,.0316,.2202,.1274
5099,.4634,.1341,.1853,.1050
5100,.4494,.0222,.2846,.1415
5101,.2167,.1821,.2327,.1772
5102,.3854,.1106,.2093,.2430
5103,.3255,.0825,.5255,.0000
5104,.3744,.0456,.4497,.0368
5105,.3758,.0503,.4654,.0127
5106,.5513,.0087,.2773,.0838
5107,.3801,.0844,.2468,.1941
5108,.6018,.0041,.2977,.0283
5109,.3701,.0891,.3071,.0948
5110,.2034,.0752,.2379,.3289
5111,.3097,.0526,.2915,.2055
5112,.5262,.0328,.3123,.0734
5113,.7054,.0000,.2394,.0000
5114,.5186,.0151,.3523,.0368
5115,.5810,.0086,.1401,.1863
5116,.3964,.0536,.1310,.3170
5117,.6520,.0203,.1935,.0845
5118,.6687,.0195,.2000,.0548
5119,.1957,.2916,.1427,.1803
5120,.3279,.1412,.2283,.1656
5121,.6073,.0000,.0985,.2179
5122,.8028,.0000,.1220,.0284
5123,.7834,.0000,.1799,.0000
5124,.6873,.0055,.2297,.0195
5125,.5384,.0420,.1851,.1740
5126,.5801,.0320,.3213,.0071
5127,.5090,.2169,.1440,.0356
5128,.0576,.5806,.0067,.1015
5129,.0204,.6401,.0083,.1507
5130,.0437,.5001,.2535,.0282
5131,.0116,.5957,.0751,.0727
5132,.0393,.4732,.0685,.1629
5133,.0069,.6770,.0344,.0070
5134,.0115,.6672,.0383,.0263
5135,.0668,.4260,.0879,.1130
5136,.0329,.4007,.2544,.0493
5137,.0136,.1414,.2254,.2638
5138,.0418,.5921,.0063,.1726
5139,.0172,.2884,.0109,.3028
5140,.0130,.1574,.0000,.3228
5141,.0176,.4402,.0115,.2459
5142,.0109,.2104,.1314,.2294
5143,.0123,.3849,.0745,.2320
5144,.0792,.1068,.2809,.0942
5145,.0116,.0000,.5078,.0000
5146,.0191,.0000,.5195,.0576
5147,.0117,.0000,.5167,.0264
5148,.0095,.2608,.1551,.2233
5149,.0102,.1233,.2458,.2175
5150,.0086,.5022,.0704,.1338
5151,.0185,.1930,.1429,.2358
5152,.0147,.1860,.3309,.1113
5153,.0753,.1173,.5286,.0739
5154,.0831,.1180,.2255,.3023
5155,.0169,.2213,.0590,.3189
5156,.0115,.3871,.0711,.1670
5157,.0402,.0753,.2030,.2986
5158,.0818,.1597,.1457,.1776
5159,.0655,.1966,.0724,.2713
5160,.0024,.2159,.1516,.3154
5161,.0044,.1948,.1102,.3704
5162,.0046,.2104,.1793,.2749
5163,.0099,.3330,.1526,.0974
5164,.0093,.1568,.0654,.2158
5165,.0044,.1827,.1017,.2149
5166,.0702,.2530,.0495,.2325
5167,.2314,.2143,.0729,.1998
5168,.0975,.0793,.0052,.4046
5169,.0144,.0214,.1032,.4801
5170,.0138,.2157,.1224,.2183
5171,.0115,.5183,.0334,.1618
5172,.0180,.3413,.0270,.2147
5173,.0074,.5537,.0786,.0289
5174,.0092,.6276,.0297,.0918
5175,.1010,.5289,.1753,.0624
5176,.0496,.5637,.0940,.0895
5177,.0269,.5964,.1349,.0305
5178,.0581,.3946,.3674,.0694
5179,.1695,.3085,.1397,.2781
5180,.6685,.0392,.0592,.1660
5181,.6884,.0116,.1277,.0885
5182,.2458,.0864,.4750,.0789
5183,.2425,.1004,.3214,.2127
5184,.0282,.0808,.4092,.0985
5185,.0153,.0686,.2125,.2430
5186,.0070,.5656,.0162,.0830
5187,.0126,.6460,.0076,.0954
5188,.0131,.5365,.1241,.2104
5189,.3777,.0630,.4227,.0475
5190,.2979,.3064,.1023,.2008
5191,.0853,.4946,.2749,.0184
5192,.2380,.3339,.3084,.0331
5193,.0463,.5825,.2527,.0000
5194,.0482,.4011,.4537,.0000
5195,.1325,.2469,.5159,.0000
5196,.2341,.0613,.5893,.0185
5197,.5058,.0596,.3533,.0057
5198,.5763,.0196,.3426,.0026
5199,.6151,.0145,.3093,.0000
5200,.5878,.0204,.3055,.0137
5201,.5086,.2162,.2013,.0000
5202,.4393,.2373,.2454,.0134
5203,.3623,.2569,.2813,.0413
5204,.4528,.1293,.3224,.0148
5205,.7020,.0319,.1905,.0100
5206,.3445,.2140,.3582,.0187
5207,.6505,.0329,.2140,.0241
5208,.5063,.1024,.3187,.0000
5209,.6472,.0226,.2637,.0000
5210,.5818,.0365,.3046,.0000
5211,.6037,.0329,.2980,.0000
5212,.6454,.0300,.2469,.0000
5213,.4904,.0897,.3480,.0000
5214,.3090,.1619,.4529,.0000
5215,.4461,.0683,.3798,.0399
5216,.2633,.2324,.3796,.0472
5217,.4153,.1201,.3731,.0230
5218,.4498,.0624,.4074,.0013
5219,.5643,.0272,.3237,.0119
5220,.4840,.1065,.2878,.0302
5221,.5247,.0531,.2422,.1004
5222,.5084,.0378,.2070,.1658
5223,.2650,.2262,.1037,.2937
5224,.0479,.4750,.0360,.1686
5225,.0985,.3187,.1028,.1777
5226,.2124,.1711,.2220,.1121
5227,.1554,.3378,.1657,.1507
5228,.2904,.0921,.1435,.3187
5229,.4005,.1632,.1910,.1121
5230,.3464,.1551,.1723,.1727
5231,.2677,.0811,.3189,.2135
5232,.3747,.0429,.5152,.0119
5233,.1730,.1389,.6109,.0062
5234,.3785,.0874,.4060,.0654
5235,.5491,.0000,.3160,.0658
5236,.4839,.0036,.3428,.0732
5237,.3444,.0240,.4769,.0377
5238,.3625,.0215,.5277,.0033
5239,.5232,.0289,.2773,.1087
5240,.3739,.0653,.4211,.0769
5241,.4880,.0539,.1284,.2079
5242,.4409,.0229,.2344,.1966
5243,.6481,.0000,.2887,.0022
5244,.3844,.0971,.2095,.2054
5245,.2843,.0835,.2429,.1996
5246,.2921,.2816,.2801,.0403
5247,.3058,.2205,.3222,.0857
5248,.5466,.0958,.2988,.0000
5249,.7402,.0212,.1749,.0011
5250,.4723,.2195,.0782,.1061
5251,.1693,.2969,.0351,.3300
5252,.3327,.0691,.0036,.4543
5253,.4651,.1097,.1605,.2081
5254,.5077,.1997,.1874,.0442
5255,.0638,.8028,.0680,.0126
5256,.0132,.8584,.0368,.0490
5257,.3205,.1874,.1751,.2609
5258,.6109,.0374,.1214,.1106
5259,.1681,.2415,.0305,.1721
5260,.1144,.2547,.1515,.3539
5261,.1465,.3894,.3288,.0359
5262,.1030,.4392,.1864,.0234
5263,.0050,.5769,.0360,.0820
5264,.0007,.6940,.0502,.0264
5265,.0086,.6486,.0283,.0493
5266,.0233,.4230,.0290,.2361
5267,.0256,.5534,.1576,.0602
5268,.0182,.5240,.0019,.1472
5269,.0212,.1668,.0660,.3412
5270,.0112,.1808,.0000,.3582
5271,.0442,.6238,.0265,.1092
5272,.1098,.1550,.1239,.2677
5273,.0334,.3671,.1026,.2104
5274,.1608,.0000,.3396,.0556
5275,.0263,.0000,.5695,.0209
5276,.0414,.0000,.5582,.0195
5277,.0147,.0000,.4294,.0903
5278,.0184,.0000,.3283,.1988
5279,.0165,.0000,.1135,.4266
5280,.0093,.1263,.0688,.3870
5281,.0238,.0389,.1392,.4696
5282,.0464,.0699,.5507,.0651
5283,.2351,.1834,.2990,.0900
5284,.0565,.1041,.3594,.1640
5285,.0545,.2359,.1882,.2440
5286,.0751,.0198,.3233,.2082
5287,.0105,.0990,.1555,.2503
5288,.0158,.2996,.0754,.2587
5289,.0095,.4575,.0606,.1820
5290,.0018,.5917,.0190,.1560
5291,.0031,.2147,.0201,.3174
5292,.0096,.3863,.0213,.1955
5293,.0679,.4445,.0244,.1257
5294,.0071,.3922,.0372,.2028
5295,.0003,.4991,.0569,.1063
5296,.0163,.4307,.0373,.2195
5297,.0137,.4272,.0746,.1735
5298,.0062,.4227,.0247,.1616
5299,.0096,.2509,.0271,.2340
5300,.0062,.3362,.0467,.2329
5301,.0101,.7271,.0787,.0000
5302,.0261,.7582,.0739,.0002
5303,.0230,.7305,.0900,.0040
5304,.0177,.7044,.0785,.0460
5305,.0499,.6096,.1316,.0717
5306,.0838,.5264,.2672,.0000
5307,.1165,.5376,.2298,.0064
5308,.0166,.7217,.0484,.1225
5309,.3178,.2191,.1260,.2517
5310,.5717,.0916,.1798,.0720
5311,.6627,.0030,.1918,.0534
5312,.3713,.0774,.3229,.1162
5313,.2464,.1604,.2532,.2249
5314,.0234,.0813,.2368,.2940
5315,.0153,.0285,.1806,.3891
5316,.0080,.5700,.0440,.1228
5317,.0131,.5612,.0000,.2229
5318,.0263,.3331,.0490,.4170
5319,.1214,.3078,.3617,.0940
5320,.0121,.5547,.1702,.0903
5321,.2540,.2504,.3573,.0478
5322,.5917,.0320,.2965,.0263
5323,.1495,.4672,.2657,.0000
5324,.0224,.6862,.1682,.0000
5325,.0809,.2690,.5243,.0366
5326,.3183,.0879,.3903,.1317
5327,.6157,.0192,.2941,.0097
5328,.5426,.1912,.2137,.0059
5329,.7502,.0006,.2092,.0000
5330,.6140,.0124,.3200,.0000
5331,.6950,.0142,.1653,.0503
5332,.6636,.0636,.1928,.0129
5333,.2399,.3692,.3169,.0006
5334,.4463,.1619,.3056,.0208
5335,.5560,.0419,.3114,.0142
5336,.3841,.0951,.4157,.0274
5337,.2946,.0983,.5301,.0192
5338,.4864,.0668,.3887,.0000
5339,.6244,.0123,.3015,.0000
5340,.6305,.0185,.2695,.0000
5341,.6421,.0104,.2570,.0124
5342,.5078,.1217,.3017,.0000
5343,.4951,.0820,.3477,.0000
5344,.4268,.1471,.3384,.0009
5345,.3129,.1078,.5155,.0000
5346,.3995,.2284,.3112,.0000
5347,.2674,.4593,.2201,.0000
5348,.5299,.0743,.2975,.0244
5349,.5964,.0444,.1786,.0836
5350,.2222,.3462,.0922,.1692
5351,.3707,.1700,.1903,.1751
5352,.4750,.0406,.2093,.1999
5353,.4370,.0933,.1745,.2164
5354,.2689,.2054,.3429,.0354
5355,.2446,.1743,.2226,.1472
5356,.3671,.1059,.3536,.0235
5357,.1505,.3009,.4536,.0000
5358,.4967,.0621,.3662,.0095
5359,.6351,.0071,.2970,.0038
5360,.6694,.0000,.2571,.0027
5361,.4846,.0077,.4216,.0161
5362,.4475,.0283,.4687,.0000
5363,.3905,.0369,.5143,.0000
5364,.5866,.0099,.3199,.0096
5365,.4565,.0399,.3670,.0585
5366,.5153,.0059,.4135,.0000
5367,.4311,.0793,.3290,.0822
5368,.5770,.0074,.3432,.0025
5369,.4517,.0032,.3786,.0936
5370,.5040,.0313,.3366,.0604
5371,.2846,.2805,.2478,.1305
5372,.1453,.0915,.0930,.5033
5373,.1890,.1687,.1689,.2912
5374,.1941,.1583,.2568,.1779
5375,.5090,.0425,.3618,.0243
5376,.4087,.0651,.4617,.0000
5377,.5200,.0176,.4001,.0000
5378,.6398,.0033,.3017,.0000
5379,.7581,.0000,.1916,.0000
5380,.7881,.0033,.1426,.0010
5381,.2743,.3248,.1719,.0548
5382,.0058,.3476,.0167,.1456
5383,.0716,.3876,.0669,.0874
5384,.0760,.5032,.0806,.0641
5385,.0565,.6947,.0320,.0182
5386,.0154,.5234,.0000,.0633
5387,.0135,.3343,.0204,.0930
5388,.1098,.2770,.0130,.1193
5389,.0105,.2827,.0467,.2727
5390,.0104,.3326,.1018,.3172
5391,.0176,.5728,.0113,.1608
5392,.0227,.3457,.0678,.1991
5393,.0133,.4519,.0501,.1774
5394,.0055,.6527,.1358,.0000
5395,.0160,.6231,.0883,.0429
5396,.0176,.5078,.0361,.1656
5397,.0218,.5848,.0974,.0610
5398,.0209,.4754,.0217,.1437
5399,.0225,.1782,.0871,.3373
5400,.0326,.1653,.0179,.4580
5401,.0777,.2630,.1082,.2586
5402,.0430,.2758,.0630,.3064
5403,.2344,.1590,.1827,.1669
5404,.0759,.0000,.2921,.1161
5405,.0191,.0000,.2593,.2962
5406,.1744,.0000,.4201,.2543
5407,.0499,.0000,.4764,.0906
5408,.0282,.0000,.4942,.1417
5409,.0225,.1426,.4948,.0837
5410,.0288,.2507,.1993,.2493
5411,.0342,.2431,.1650,.2913
5412,.1012,.2074,.1232,.2985
5413,.0836,.2813,.1534,.1862
5414,.1004,.1992,.3658,.1253
5415,.3244,.2748,.2209,.0814
5416,.1231,.2659,.2132,.1911
5417,.0294,.3437,.2122,.1263
5418,.0282,.2578,.2433,.1379
5419,.0084,.7076,.0788,.0318
5420,.0099,.7834,.0240,.0355
5421,.0089,.4635,.0401,.2775
5422,.0249,.7082,.1280,.0181
5423,.0209,.8042,.0303,.0146
5424,.0153,.8157,.0361,.0119
5425,.0095,.7573,.0054,.0548
5426,.0079,.7829,.0240,.0244
5427,.0034,.6912,.0047,.0908
5428,.0029,.6323,.0769,.1065
5429,.0076,.8249,.0159,.0190
5430,.0036,.6875,.0197,.0521
5431,.0078,.7837,.0555,.0000
5432,.0274,.7569,.0588,.0004
5433,.0191,.7506,.0560,.0130
5434,.0396,.5855,.1764,.0246
5435,.0376,.3920,.2447,.1065
5436,.0776,.3959,.4069,.0000
5437,.0204,.4563,.3875,.0150
5438,.1094,.3725,.3724,.0345
5439,.0388,.4722,.1219,.1097
5440,.0697,.3892,.2581,.1293
5441,.4940,.0121,.1269,.2616
5442,.1555,.1890,.2439,.2256
5443,.0721,.3688,.1093,.2348
5444,.0374,.2685,.2527,.2108
5445,.0183,.1976,.1776,.3367
5446,.0165,.7030,.0535,.0698
5447,.0106,.7013,.0063,.1698
5448,.0111,.5650,.0347,.2801
5449,.0422,.5716,.1355,.0894
5450,.0109,.5368,.1184,.1917
5451,.0708,.3323,.3713,.1236
5452,.5326,.0416,.1654,.1935
5453,.4619,.0693,.3772,.0090
5454,.2028,.2522,.4145,.0462
5455,.1416,.2591,.4653,.0477
5456,.5352,.0177,.3806,.0000
5457,.6213,.0163,.3000,.0000
5458,.7451,.0038,.2115,.0000
5459,.7918,.0007,.1694,.0000
5460,.5982,.0179,.3192,.0000
5461,.5028,.2255,.1694,.0367
5462,.5706,.0531,.2648,.0424
5463,.2934,.2549,.3685,.0007
5464,.3687,.1435,.3842,.0240
5465,.6362,.0611,.2277,.0031
5466,.5681,.0373,.3015,.0154
5467,.1816,.1344,.6096,.0072
5468,.2869,.0998,.5525,.0000
5469,.5703,.0399,.3255,.0000
5470,.7838,.0166,.1200,.0185
5471,.7653,.0034,.1359,.0328
5472,.6265,.0111,.2073,.0768
5473,.5920,.0253,.3058,.0120
5474,.4323,.0772,.4241,.0000
5475,.4287,.0967,.3914,.0000
5476,.5311,.0743,.2878,.0297
5477,.1221,.4395,.1224,.1592
5478,.1435,.2761,.1235,.1356
5479,.1731,.1415,.1602,.2876
5480,.3521,.1918,.1973,.1797
5481,.5847,.0450,.2153,.0737
5482,.5391,.0561,.3033,.0113
5483,.5338,.0401,.2983,.0527
5484,.4676,.0678,.3314,.0330
5485,.4052,.0786,.4173,.0002
5486,.4501,.0703,.3765,.0000
5487,.3381,.1887,.3698,.0018
5488,.3325,.0783,.4894,.0071
5489,.5992,.0237,.3072,.0000
5490,.7053,.0000,.2476,.0000
5491,.6593,.0023,.2801,.0000
5492,.4470,.0685,.4139,.0000
5493,.4503,.0495,.3239,.1120
5494,.5376,.0497,.3156,.0194
5495,.2861,.0509,.5660,.0195
5496,.3727,.0590,.4900,.0000
5497,.2891,.1551,.4512,.0141
5498,.4511,.0320,.4446,.0007
5499,.6310,.0000,.2942,.0073
5500,.4010,.0090,.5158,.0031
5501,.3561,.1215,.4192,.0219
5502,.0617,.4833,.2056,.1810
5503,.3050,.0501,.4210,.1540
5504,.4935,.0661,.3678,.0151
5505,.3343,.0766,.5387,.0000
5506,.4587,.0076,.4567,.0126
5507,.4815,.0139,.4280,.0195
5508,.6720,.0036,.2698,.0000
5509,.7602,.0000,.1965,.0000
5510,.8043,.0000,.1414,.0000
5511,.2382,.4813,.0886,.0407
5512,.0640,.6482,.0532,.0660
5513,.0281,.6967,.0804,.0129
5514,.0926,.7013,.0623,.0300
5515,.0068,.7595,.1250,.0137
5516,.1240,.6618,.1432,.0028
5517,.0079,.9188,.0007,.0103
5518,.0066,.8029,.0081,.0535
5519,.0345,.4512,.0007,.3090
5520,.0006,.2479,.0626,.4328
5521,.0420,.3197,.1590,.2352
5522,.1500,.1588,.0851,.3471
5523,.0454,.4998,.0779,.1549
5524,.0105,.7429,.0589,.0436
5525,.0293,.6754,.0504,.0349
5526,.0167,.6995,.0124,.0375
5527,.0037,.4464,.0000,.2006
5528,.0180,.4762,.0204,.1688
5529,.0171,.5159,.0856,.1985
5530,.0403,.5419,.1587,.0636
5531,.0085,.5842,.0026,.1349
5532,.0186,.3272,.0008,.3601
5533,.0365,.2747,.0623,.3368
5534,.0341,.0300,.2979,.1851
5535,.0073,.0000,.3075,.2125
5536,.2536,.0000,.3618,.2604
5537,.2298,.0000,.2015,.2869
5538,.0340,.0151,.5200,.1357
5539,.1375,.1481,.4256,.1258
5540,.1656,.2884,.3782,.0093
5541,.0787,.1967,.3560,.1771
5542,.3470,.1577,.3404,.0269
5543,.1060,.1858,.4052,.1703
5544,.3276,.0116,.5795,.0000
5545,.2992,.0550,.3812,.0727
5546,.0706,.3604,.2649,.0666
5547,.0856,.5235,.2491,.0000
5548,.0530,.4207,.2516,.0552
5549,.0294,.5528,.1488,.0531
5550,.0420,.5374,.1317,.0875
5551,.0285,.6045,.0711,.1831
5552,.0544,.6904,.1525,.0000
5553,.0254,.5613,.0500,.1566
5554,.0224,.8036,.0143,.0289
5555,.0138,.7670,.0481,.0136
5556,.0149,.8029,.0359,.0059
5557,.0064,.6751,.0549,.0374
5558,.0095,.5869,.2592,.0067
5559,.0139,.7104,.1406,.0058
5560,.0217,.7219,.0671,.0083
5561,.0271,.7262,.1072,.0107
5562,.0432,.6127,.1688,.0162
5563,.0288,.5650,.1774,.0507
5564,.0321,.5177,.2414,.0221
5565,.3301,.1428,.4304,.0000
5566,.5032,.0908,.3428,.0000
5567,.3422,.0890,.4594,.0331
5568,.2850,.1384,.4094,.0452
5569,.1741,.4763,.1828,.0301
5570,.0127,.4722,.0758,.1535
5571,.0404,.2839,.1657,.2218
5572,.1981,.0287,.3620,.2338
5573,.0554,.4283,.1814,.1695
5574,.0440,.3105,.0605,.3486
5575,.0289,.4290,.0308,.2947
5576,.0158,.6923,.0080,.0758
5577,.0063,.6475,.0150,.1307
5578,.0504,.5360,.0916,.1867
5579,.0275,.5396,.0886,.1525
5580,.0128,.6061,.0816,.1146
5581,.0209,.3181,.1422,.2182
5582,.0867,.2440,.5434,.0079
5583,.5166,.0357,.3544,.0183
5584,.6196,.0153,.3017,.0015
5585,.2118,.2610,.4254,.0100
5586,.4291,.1131,.3985,.0000
5587,.7528,.0017,.1919,.0000
5588,.7607,.0102,.1824,.0000
5589,.8258,.0000,.1403,.0000
5590,.6958,.0068,.2339,.0000
5591,.3138,.1950,.4194,.0125
5592,.3128,.2954,.2777,.0398
5593,.4372,.1108,.3728,.0000
5594,.2417,.1909,.4301,.0567
5595,.3249,.1696,.4486,.0014
5596,.7420,.0183,.1572,.0186
5597,.5142,.0548,.3627,.0011
5598,.2855,.1666,.4780,.0000
5599,.3024,.1137,.5179,.0000
5600,.4542,.0898,.3908,.0000
5601,.6790,.0208,.2274,.0115
5602,.5066,.0336,.3543,.0293
5603,.4349,.0493,.4183,.0217
5604,.4438,.0332,.3856,.0526
5605,.4403,.0970,.2952,.0588
5606,.1963,.1639,.2030,.2052
5607,.3303,.1702,.3693,.0382
5608,.4519,.0543,.4164,.0037
5609,.2885,.1177,.5150,.0074
5610,.6172,.0400,.2333,.0466
5611,.5001,.0502,.2826,.0875
5612,.5762,.0479,.2443,.0552
5613,.6125,.0539,.2411,.0183
5614,.4298,.0604,.3786,.0301
5615,.3862,.1532,.3215,.0144
5616,.2448,.1913,.4448,.0000
5617,.2658,.1392,.5059,.0000
5618,.3629,.0584,.4788,.0000
5619,.3247,.1070,.4649,.0319
5620,.5028,.0129,.4185,.0000
5621,.5786,.0051,.3586,.0000
5622,.6052,.0077,.3410,.0000
5623,.4749,.0608,.2491,.1539
5624,.2102,.0958,.6156,.0057
5625,.1464,.1171,.6561,.0064
5626,.3980,.0539,.4571,.0102
5627,.2727,.0622,.4696,.1198
5628,.4530,.0197,.3814,.0703
5629,.6351,.0116,.2587,.0185
5630,.4809,.0195,.4273,.0000
5631,.4646,.0086,.4363,.0193
5632,.4728,.1417,.2123,.0844
5633,.2703,.1733,.4182,.0524
5634,.6386,.0002,.2920,.0119
5635,.5952,.0006,.3336,.0081
5636,.4868,.0083,.3902,.0458
5637,.6432,.0157,.2704,.0035
5638,.5249,.0028,.4085,.0000
5639,.6206,.0111,.2813,.0203
5640,.6314,.0211,.2075,.0563
5641,.5338,.1790,.1094,.1111
5642,.2590,.4343,.1164,.1044
5643,.0295,.6328,.0512,.1983
5644,.0184,.8622,.0469,.0150
5645,.0095,.7650,.0452,.0819
5646,.0552,.8186,.0580,.0009
5647,.0195,.7723,.0496,.0028
5648,.0139,.9058,.0062,.0009
5649,.0428,.5618,.0217,.2024
5650,.0100,.1976,.1020,.2965
5651,.1441,.1879,.2712,.1840
5652,.2149,.3389,.0676,.1580
5653,.0355,.1523,.0323,.4176
5654,.0081,.7102,.0417,.0121
5655,.0029,.7142,.0405,.0198
5656,.0040,.7148,.0276,.0232
5657,.0037,.6981,.0196,.0246
5658,.0112,.7214,.0334,.0100
5659,.0137,.4738,.0743,.1361
5660,.0072,.5660,.1050,.0664
5661,.0069,.5875,.0081,.1096
5662,.0121,.8087,.0000,.0431
5663,.0062,.5373,.0092,.1575
5664,.0125,.2164,.0017,.4278
5665,.0062,.0000,.1212,.3788
5666,.0840,.0014,.1958,.3733
5667,.2967,.0176,.4060,.1031
5668,.2175,.0369,.4129,.1909
5669,.0726,.1497,.5143,.0725
5670,.4437,.0235,.4251,.0353
5671,.4131,.0359,.3337,.1497
5672,.3512,.0669,.5098,.0057
5673,.3216,.1283,.4601,.0192
5674,.3317,.0877,.2727,.1756
5675,.0952,.1483,.1325,.3221
5676,.0742,.2479,.1923,.2442
5677,.0896,.2748,.3847,.1143
5678,.3138,.3457,.2482,.0289
5679,.0945,.4151,.3030,.0478
5680,.0793,.3997,.4022,.0000
5681,.0220,.5863,.2051,.0531
5682,.0582,.6053,.1817,.0012
5683,.0506,.5282,.1862,.0441
5684,.0166,.5652,.1718,.0380
5685,.0033,.7221,.1086,.0089
5686,.0551,.6240,.1958,.0000
5687,.0263,.6581,.1171,.0123
5688,.0081,.6865,.1684,.0014
5689,.0047,.6236,.1657,.0457
5690,.0113,.6379,.1771,.0095
5691,.0146,.5886,.2057,.0218
5692,.0861,.4106,.2136,.0977
5693,.1364,.3405,.3435,.0607
5694,.0261,.5258,.1834,.1160
5695,.1810,.3459,.3921,.0140
5696,.5916,.0934,.2624,.0000
5697,.5777,.0804,.2830,.0000
5698,.3989,.0744,.4532,.0000
5699,.2395,.2851,.3572,.0060
5700,.1688,.4549,.2470,.0017
5701,.0757,.3370,.4408,.0155
5702,.2277,.0498,.4709,.1009
5703,.1595,.3778,.2543,.0398
5704,.0417,.2948,.2451,.1653
5705,.1018,.3841,.3545,.0497
5706,.2852,.3164,.1250,.0940
5707,.2049,.3175,.2147,.1601
5708,.3610,.0802,.4739,.0193
5709,.0682,.3278,.4875,.0224
5710,.0205,.6906,.0954,.0641
5711,.0202,.3926,.0886,.3093
5712,.0730,.2846,.5165,.0448
5713,.3947,.0574,.3974,.0737
5714,.6729,.0003,.2693,.0007
5715,.4901,.0416,.4240,.0000
5716,.6284,.0226,.2883,.0000
5717,.6996,.0288,.2166,.0000
5718,.7099,.0347,.2026,.0000
5719,.8597,.0000,.0935,.0000
5720,.7958,.0032,.1402,.0000
5721,.1595,.2313,.5305,.0000
5722,.2691,.1683,.4529,.0000
5723,.3162,.1310,.4382,.0172
5724,.3153,.2129,.3272,.0449
5725,.4624,.0427,.4089,.0027
5726,.6608,.0373,.2048,.0238
5727,.5496,.0458,.1849,.1417
5728,.4112,.0952,.3797,.0431
5729,.3765,.1044,.4424,.0120
5730,.6044,.0412,.2654,.0178
5731,.4957,.0341,.4060,.0000
5732,.3210,.1380,.4573,.0000
5733,.4736,.0638,.3945,.0000
5734,.3067,.1204,.3298,.1152
5735,.1214,.4428,.1547,.1259
5736,.1022,.4135,.1369,.0757
5737,.1439,.3005,.0819,.2232
5738,.2927,.1012,.3762,.1338
5739,.2766,.0960,.5499,.0147
5740,.4744,.0920,.3549,.0000
5741,.6423,.0293,.2112,.0292
5742,.5435,.0381,.2782,.0618
5743,.5912,.0269,.2720,.0238
5744,.3327,.1682,.3694,.0493
5745,.1317,.3307,.4491,.0072
5746,.1117,.2064,.5960,.0000
5747,.1875,.1143,.5317,.0827
5748,.5261,.0571,.2925,.0592
5749,.3907,.0695,.4000,.0644
5750,.3598,.1104,.4485,.0000
5751,.5286,.0075,.3870,.0000
5752,.6859,.0007,.2697,.0000
5753,.6719,.0155,.2222,.0248
5754,.3083,.1070,.3829,.1356
5755,.2838,.1211,.4614,.0642
5756,.4660,.0545,.3857,.0046
5757,.2653,.1661,.5007,.0000
5758,.3411,.0591,.5105,.0202
5759,.4901,.0132,.4336,.0054
5760,.6045,.0055,.3318,.0000
5761,.6317,.0061,.2934,.0000
5762,.5295,.0094,.3296,.0451
5763,.3348,.0738,.4793,.0407
5764,.5382,.0065,.3883,.0000
5765,.6651,.0091,.2655,.0043
5766,.5526,.0127,.3640,.0000
5767,.6827,.0096,.2375,.0000
5768,.6010,.0078,.3239,.0000
5769,.6999,.0070,.2195,.0000
5770,.6379,.0049,.2889,.0000
5771,.6121,.0093,.2772,.0255
5772,.6871,.0045,.2595,.0000
5773,.3555,.3122,.2401,.0000
5774,.0606,.7408,.1129,.0000
5775,.0128,.7419,.0885,.0253
5776,.0037,.8693,.0069,.0339
5777,.0739,.6125,.0890,.1127
5778,.0163,.8681,.0281,.0000
5779,.0062,.4232,.0310,.3087
5780,.0128,.4539,.0463,.2303
5781,.2436,.1373,.2413,.2425
5782,.1097,.4956,.2529,.0350
5783,.0335,.4804,.0973,.1696
5784,.0042,.6654,.0220,.0357
5785,.0214,.5071,.1239,.0919
5786,.0703,.3796,.0452,.1334
5787,.0112,.5775,.0442,.0647
5788,.0094,.7962,.0500,.0046
5789,.0203,.5099,.0617,.1248
5790,.0092,.6566,.0418,.0376
5791,.0085,.7005,.0228,.0478
5792,.0116,.7128,.0397,.1297
5793,.0042,.1680,.0745,.4314
5794,.0036,.1097,.0000,.5211
5795,.0151,.0520,.0000,.5589
5796,.0119,.0593,.1087,.4334
5797,.0710,.1236,.5741,.0596
5798,.0970,.2261,.4215,.0634
5799,.5431,.0254,.3112,.0626
5800,.6194,.0000,.2072,.1142
5801,.4771,.0155,.3743,.0614
5802,.5446,.0143,.3432,.0444
5803,.3636,.1415,.4184,.0212
5804,.5088,.0102,.3611,.0595
5805,.5601,.0817,.2545,.0404
5806,.3480,.1951,.2739,.0924
5807,.2698,.1307,.5380,.0000
5808,.2424,.2381,.4330,.0000
5809,.2091,.2094,.3977,.0734
5810,.1120,.3263,.4753,.0000
5811,.0395,.1780,.6956,.0000
5812,.0479,.4803,.3416,.0006
5813,.0646,.4277,.3366,.0434
5814,.0680,.3858,.3777,.0000
5815,.0341,.6202,.1003,.0502
5816,.0575,.3527,.4528,.0000
5817,.1036,.2746,.4746,.0211
5818,.2545,.1686,.4722,.0024
5819,.3871,.1421,.3324,.0411
5820,.2662,.2418,.3822,.0099
5821,.3158,.1325,.3629,.0951
5822,.0462,.4411,.2372,.0825
5823,.1672,.2045,.4668,.0303
5824,.1707,.3100,.2877,.1309
5825,.0683,.4899,.2503,.0390
5826,.1861,.2941,.4224,.0000
5827,.2055,.1312,.5844,.0000
5828,.5825,.0750,.2628,.0000
5829,.5566,.0693,.3191,.0000
5830,.4707,.0380,.4180,.0212
5831,.3570,.0796,.4604,.0378
5832,.4759,.0306,.3701,.0654
5833,.5202,.0153,.3850,.0000
5834,.2458,.1903,.2252,.1768
5835,.2051,.0950,.3581,.1979
5836,.4361,.0357,.3247,.1082
5837,.4906,.0244,.3469,.0639
5838,.4621,.0404,.4183,.0057
5839,.0690,.3003,.3774,.1418
5840,.0127,.6053,.1311,.0798
5841,.0707,.2692,.3639,.2303
5842,.0756,.3292,.4320,.0608
5843,.1983,.1541,.5408,.0405
5844,.6661,.0030,.2184,.0441
5845,.7319,.0004,.2257,.0000
5846,.7948,.0000,.1689,.0000
5847,.7732,.0112,.1730,.0000
5848,.7560,.0033,.1907,.0000
5849,.5941,.1198,.2349,.0000
5850,.5867,.0191,.3205,.0088
5851,.2123,.1729,.5310,.0000
5852,.4315,.1009,.3733,.0000
5853,.4371,.0870,.3919,.0000
5854,.3709,.1162,.3968,.0227
5855,.5528,.0502,.2638,.0547
5856,.6972,.0239,.2048,.0026
5857,.4284,.0893,.3925,.0112
5858,.1653,.3481,.4110,.0000
5859,.2010,.0985,.5327,.0909
5860,.5448,.0211,.3415,.0137
5861,.5345,.0576,.3349,.0000
5862,.4812,.0670,.3676,.0053
5863,.3542,.1384,.4295,.0000
5864,.5272,.0874,.2492,.0496
5865,.2686,.2008,.2738,.1352
5866,.3734,.1100,.3704,.0426
5867,.1594,.3263,.0468,.2327
5868,.2281,.2688,.3246,.0986
5869,.4810,.0247,.3566,.0616
5870,.6015,.0200,.2815,.0088
5871,.5852,.0334,.2539,.0356
5872,.6582,.0134,.2015,.0295
5873,.5273,.0084,.3251,.0404
5874,.5336,.0490,.2927,.0323
5875,.3294,.1058,.4243,.0438
5876,.1654,.2072,.5100,.0116
5877,.2163,.0930,.5905,.0135
5878,.4402,.0429,.3917,.0532
5879,.4836,.0375,.3757,.0331
5880,.3091,.0951,.4780,.0325
5881,.4184,.0123,.4753,.0192
5882,.6010,.0027,.3216,.0082
5883,.5155,.0289,.3889,.0078
5884,.2680,.1194,.5171,.0195
5885,.3154,.0617,.5460,.0093
5886,.4704,.0687,.3476,.0479
5887,.3263,.1288,.4228,.0463
5888,.3813,.0510,.4881,.0000
5889,.3235,.0656,.5522,.0000
5890,.4731,.0290,.4251,.0142
5891,.6446,.0035,.2718,.0189
5892,.5113,.0257,.3658,.0274
5893,.4792,.0234,.4016,.0239
5894,.4658,.0441,.3677,.0488
5895,.4559,.0338,.3626,.0769
5896,.6813,.0342,.1483,.0645
5897,.6770,.0347,.2154,.0000
5898,.6730,.0191,.2484,.0000
5899,.5686,.0426,.2885,.0247
5900,.5699,.0353,.3171,.0000
5901,.6402,.0245,.2703,.0000
5902,.7247,.0009,.2263,.0000
5903,.7281,.0124,.1939,.0000
5904,.4964,.0572,.2637,.1037
5905,.2516,.3407,.1696,.0748
5906,.0407,.8160,.0333,.0160
5907,.0062,.8018,.1034,.0000
5908,.0055,.8188,.0198,.0284
5909,.0096,.7836,.0000,.0468
5910,.0163,.6373,.0000,.1168
5911,.0020,.5127,.0439,.1592
5912,.0285,.6375,.1722,.0268
5913,.0345,.4736,.2759,.0222
5914,.0219,.6285,.1577,.0009
5915,.0128,.7936,.0222,.0000
5916,.0190,.6878,.1178,.0018
5917,.0029,.7708,.0438,.0054
5918,.0134,.6115,.1912,.0019
5919,.0311,.7242,.1091,.0120
5920,.1238,.4232,.1600,.1034
5921,.0106,.7079,.0472,.0541
5922,.0194,.7717,.0158,.0799
5923,.0130,.6172,.0098,.1768
5924,.0062,.1962,.0450,.3809
5925,.0047,.3287,.0845,.3346
5926,.0101,.2096,.1107,.3546
5927,.0230,.4216,.2119,.0750
5928,.0956,.3973,.3135,.0082
5929,.3903,.0894,.2171,.2178
5930,.4150,.0572,.3665,.0958
5931,.5082,.0537,.3725,.0000
5932,.2820,.1205,.4621,.0634
5933,.4149,.0400,.3903,.0778
5934,.3409,.0871,.4472,.0476
5935,.2304,.2722,.4040,.0198
5936,.1470,.3363,.4293,.0019
5937,.1422,.1635,.6052,.0048
5938,.0850,.2669,.5559,.0000
5939,.0974,.3479,.4513,.0000
5940,.0200,.5721,.2546,.0168
5941,.0981,.2143,.6040,.0000
5942,.0432,.2489,.5848,.0032
5943,.1142,.2551,.5045,.0028
5944,.0622,.4403,.3184,.0167
5945,.0710,.2890,.2823,.2109
5946,.4164,.0683,.4291,.0035
5947,.2171,.1903,.5092,.0000
5948,.4828,.0498,.4148,.0000
5949,.6039,.0046,.3404,.0000
5950,.5966,.0144,.3106,.0000
5951,.7039,.0253,.1933,.0050
5952,.5354,.1163,.2465,.0008
5953,.2797,.1809,.4324,.0000
5954,.0921,.2913,.2335,.2775
5955,.0533,.4880,.2197,.0846
5956,.0465,.4226,.3411,.0681
5957,.1455,.2905,.4003,.0713
5958,.1438,.1450,.5264,.0772
5959,.4633,.0606,.4106,.0000
5960,.6310,.0111,.3024,.0000
5961,.6477,.0004,.2782,.0093
5962,.5905,.0003,.3681,.0003
5963,.7342,.0000,.2035,.0000
5964,.6513,.0037,.2541,.0000
5965,.3756,.0342,.3568,.1149
5966,.4030,.0315,.4624,.0172
5967,.4969,.0326,.3810,.0113
5968,.5526,.0457,.2663,.0635
5969,.4542,.1069,.1941,.1490
5970,.0769,.4921,.2457,.0493
5971,.1388,.1662,.5473,.0850
5972,.0613,.6199,.2447,.0062
5973,.2381,.2706,.3893,.0382
5974,.4833,.0051,.3116,.1320
5975,.7174,.0074,.2110,.0176
5976,.4691,.0511,.3884,.0371
5977,.8243,.0000,.1397,.0000
5978,.7086,.0151,.2248,.0000
5979,.2103,.1564,.5680,.0000
5980,.7216,.0058,.2232,.0000
5981,.4368,.1875,.2936,.0199
5982,.4187,.1330,.3808,.0023
5983,.3379,.0917,.5024,.0000
5984,.1497,.1858,.5679,.0000
5985,.3045,.0996,.5086,.0000
5986,.5665,.0778,.1753,.1010
5987,.3146,.1217,.4110,.0763
5988,.3681,.1156,.3957,.0301
5989,.3606,.1220,.4296,.0000
5990,.5270,.1313,.2881,.0000
5991,.5826,.0519,.2997,.0000
5992,.3877,.1683,.3731,.0000
5993,.1957,.1846,.5626,.0000
5994,.3235,.1831,.4130,.0038
5995,.4077,.0946,.4245,.0031
5996,.3197,.1914,.2055,.1264
5997,.1387,.4067,.3301,.0709
5998,.3820,.0676,.4911,.0088
5999,.5138,.0352,.3799,.0000
6000,.5858,.0220,.3238,.0000
6001,.6212,.0274,.2573,.0138
6002,.5801,.0142,.2725,.0593
6003,.5788,.0032,.2828,.0597
6004,.5085,.1456,.2671,.0098
6005,.3697,.1092,.4154,.0293
6006,.4769,.0522,.3511,.0346
6007,.5449,.0540,.3359,.0000
6008,.3917,.0515,.4907,.0000
6009,.3465,.0790,.5028,.0000
6010,.3885,.1422,.4044,.0000
6011,.4123,.1376,.3816,.0090
6012,.4841,.0336,.3424,.0627
6013,.6684,.0099,.2569,.0000
6014,.6972,.0082,.2275,.0008
6015,.5428,.0155,.3171,.0528
6016,.3461,.1254,.4062,.0499
6017,.1998,.1123,.6116,.0045
6018,.2363,.0791,.5771,.0442
6019,.3710,.0336,.5341,.0000
6020,.4646,.0321,.4451,.0000
6021,.4238,.0272,.4717,.0095
6022,.5151,.0126,.3771,.0205
6023,.5121,.0237,.3418,.0494
6024,.5568,.0251,.3231,.0239
6025,.4325,.0344,.3726,.0857
6026,.5028,.0463,.3370,.0418
6027,.6511,.0067,.2861,.0000
6028,.7815,.0011,.1798,.0000
6029,.7407,.0040,.2035,.0000
6030,.6898,.0078,.2367,.0000
6031,.4987,.0166,.4043,.0061
6032,.4375,.0416,.4519,.0000
6033,.5718,.0167,.3466,.0000
6034,.7561,.0007,.1923,.0000
6035,.5766,.0474,.2334,.0512
6036,.4574,.2513,.1715,.0230
6037,.0161,.7667,.0986,.0000
6038,.0077,.8068,.0061,.0098
6039,.0086,.5937,.0228,.1361
6040,.0175,.3588,.1495,.1892
6041,.0078,.5412,.0368,.2302
6042,.0054,.6662,.0005,.1524
6043,.0028,.6386,.0063,.1846
6044,.0061,.7203,.0809,.0158
6045,.0000,.7088,.0629,.0041
6046,.0023,.8074,.0171,.0042
6047,.0101,.8002,.0641,.0000
6048,.0417,.6719,.2081,.0000
6049,.0077,.7901,.0638,.0064
6050,.0963,.6602,.1138,.0195
6051,.0083,.8137,.0220,.0180
6052,.0104,.8395,.0199,.0088
6053,.0016,.6369,.1029,.0715
6054,.0084,.1410,.0024,.5916
6055,.0090,.2670,.0000,.4558
6056,.0080,.3885,.0249,.3360
6057,.0129,.5935,.0922,.0558
6058,.0146,.6096,.1227,.0044
6059,.3533,.1097,.3405,.1048
6060,.4062,.0512,.4504,.0221
6061,.5084,.0263,.4033,.0000
6062,.6069,.0070,.2902,.0416
6063,.5237,.0150,.3334,.0626
6064,.4378,.0867,.4289,.0000
6065,.1007,.4794,.3104,.0000
6066,.0845,.5174,.2739,.0031
6067,.1696,.2234,.4509,.0078
6068,.0307,.3831,.3483,.0724
6069,.0885,.2730,.5367,.0000
6070,.0308,.5187,.3238,.0000
6071,.0249,.3912,.4431,.0000
6072,.2950,.1417,.3398,.1129
6073,.1628,.2387,.3409,.0769
6074,.0303,.4601,.1040,.1332
6075,.0397,.2998,.1701,.2432
6076,.2905,.1115,.5090,.0079
6077,.4327,.0535,.3885,.0626
6078,.6669,.0130,.2309,.0511
6079,.6833,.0127,.2482,.0000
6080,.7327,.0125,.2022,.0000
6081,.7783,.0070,.1632,.0000
6082,.6550,.0469,.2202,.0000
6083,.1840,.3624,.3273,.0221
6084,.0915,.2321,.2715,.3213
6085,.0994,.2915,.4646,.0564
6086,.2631,.2406,.4306,.0000
6087,.3091,.1913,.4164,.0206
6088,.1525,.3122,.4025,.0387
6089,.1096,.2290,.5772,.0198
6090,.4922,.0923,.2438,.1044
6091,.6248,.0546,.1969,.0259
6092,.8011,.0000,.1263,.0075
6093,.7491,.0000,.1765,.0000
6094,.7781,.0000,.1605,.0000
6095,.6453,.0039,.2742,.0000
6096,.1750,.0668,.5089,.1426
6097,.4642,.0567,.3916,.0097
6098,.0958,.3667,.4550,.0000
6099,.1450,.2430,.3225,.1508
6100,.0570,.5642,.1912,.0571
6101,.2402,.0797,.4972,.1049
6102,.3292,.0929,.3798,.1287
6103,.4802,.1185,.3403,.0000
6104,.6053,.0143,.2761,.0356
6105,.2948,.1177,.5269,.0068
6106,.4423,.0222,.4717,.0000
6107,.6469,.0000,.3084,.0000
6108,.5279,.0691,.3320,.0000
6109,.3237,.1517,.4545,.0000
6110,.6861,.0035,.2485,.0000
6111,.3247,.1534,.4342,.0000
6112,.5254,.0998,.2774,.0189
6113,.3769,.0578,.4769,.0000
6114,.2031,.2445,.4744,.0000
6115,.2762,.1664,.4612,.0000
6116,.4110,.0512,.3293,.1109
6117,.2043,.1018,.6059,.0090
6118,.1829,.1194,.5697,.0291
6119,.3198,.0695,.5382,.0000
6120,.7400,.0196,.1912,.0000
6121,.6037,.0552,.2682,.0000
6122,.2047,.2660,.4425,.0000
6123,.1948,.1776,.5660,.0000
6124,.3766,.0980,.4443,.0138
6125,.4142,.1032,.3224,.0655
6126,.0626,.2397,.2464,.1299
6127,.3928,.1308,.3029,.0932
6128,.4438,.1303,.3634,.0004
6129,.5279,.0562,.3524,.0003
6130,.5008,.0514,.3843,.0000
6131,.6276,.0207,.2763,.0001
6132,.6144,.0383,.2773,.0101
6133,.6658,.0982,.1864,.0000
6134,.5674,.1556,.2057,.0000
6135,.5168,.1138,.3076,.0000
6136,.6528,.0090,.2715,.0000
6137,.6245,.0436,.2718,.0011
6138,.5016,.2027,.2143,.0288
6139,.2894,.1629,.4873,.0000
6140,.3830,.0698,.4703,.0000
6141,.5339,.0453,.2251,.1186
6142,.5918,.0130,.3171,.0057
6143,.5417,.0042,.3908,.0000
6144,.5240,.0120,.3708,.0083
6145,.5518,.0145,.3125,.0370
6146,.2160,.2588,.4539,.0000
6147,.3313,.1410,.4563,.0000
6148,.3701,.0262,.5344,.0000
6149,.2617,.0720,.6033,.0000
6150,.4019,.0335,.4976,.0000
6151,.4612,.0487,.3987,.0292
6152,.4598,.1214,.3160,.0416
6153,.5756,.0448,.3030,.0013
6154,.2211,.1209,.5836,.0033
6155,.5089,.0328,.3729,.0135
6156,.5606,.0272,.3387,.0092
6157,.7130,.0106,.2173,.0010
6158,.7116,.0084,.2351,.0000
6159,.5979,.0197,.3190,.0000
6160,.6500,.0069,.2716,.0000
6161,.3839,.0268,.5102,.0018
6162,.1279,.1867,.5998,.0000
6163,.4410,.0487,.4299,.0000
6164,.4050,.2151,.2324,.0610
6165,.0683,.4924,.2620,.0163
6166,.0465,.4970,.1893,.0079
6167,.1127,.4667,.2088,.0228
6168,.1499,.5430,.1904,.0008
6169,.1525,.4008,.1123,.1768
6170,.0801,.3856,.0553,.3020
6171,.0073,.5822,.0550,.1639
6172,.0254,.4648,.0124,.3189
6173,.0084,.7043,.0119,.0664
6174,.0027,.8152,.0213,.0139
6175,.0051,.7383,.0790,.0000
6176,.0133,.7487,.0733,.0000
6177,.0082,.6417,.1770,.0000
6178,.0310,.6802,.1194,.0484
6179,.0000,.7855,.0124,.0275
6180,.0008,.7711,.0164,.0223
6181,.0044,.6782,.0048,.0945
6182,.0048,.7774,.0020,.0615
6183,.0069,.5338,.0811,.2219
6184,.0043,.7047,.0040,.1368
6185,.0042,.4708,.0781,.3030
6186,.0095,.1951,.0027,.5188
6187,.0039,.7597,.0624,.0019
6188,.0156,.6695,.0995,.0000
6189,.1208,.3649,.3285,.0049
6190,.5229,.0762,.3219,.0066
6191,.4271,.1514,.3163,.0346
6192,.2923,.1650,.4578,.0220
6193,.3473,.0674,.4690,.0530
6194,.4131,.1282,.3634,.0318
6195,.1570,.3952,.3347,.0000
6196,.0483,.4035,.4306,.0000
6197,.0620,.2892,.5196,.0038
6198,.0619,.2433,.4814,.0802
6199,.2074,.1604,.5636,.0000
6200,.2284,.2286,.4661,.0000
6201,.3793,.1406,.4159,.0000
6202,.5783,.0302,.3324,.0000
6203,.3582,.1616,.3673,.0230
6204,.0754,.4650,.3058,.0388
6205,.0858,.3407,.4250,.0291
6206,.4478,.0369,.4477,.0000
6207,.4241,.0290,.4209,.0519
6208,.6347,.0172,.2581,.0376
6209,.6777,.0018,.2765,.0000
6210,.8237,.0005,.1396,.0000
6211,.8536,.0012,.1087,.0000
6212,.5892,.1153,.2428,.0000
6213,.5018,.0757,.3599,.0000
6214,.3298,.0568,.4018,.1263
6215,.4149,.1454,.3918,.0000
6216,.4627,.0525,.4527,.0000
6217,.5520,.0298,.3678,.0000
6218,.5097,.1388,.3090,.0000
6219,.2199,.2508,.4567,.0043
6220,.3162,.1534,.3486,.1185
6221,.6211,.0125,.3117,.0000
6222,.8353,.0000,.1153,.0000
6223,.8011,.0000,.1441,.0000
6224,.8384,.0000,.0934,.0034
6225,.7699,.0000,.1530,.0026
6226,.3056,.0855,.3030,.1560
6227,.0143,.4819,.3757,.0169
6228,.1365,.3748,.3307,.0413
6229,.2667,.1842,.3839,.0470
6230,.4046,.1559,.3794,.0000
6231,.5091,.0239,.4031,.0000
6232,.5402,.0099,.3632,.0063
6233,.5553,.0050,.3878,.0000
6234,.6317,.0120,.3080,.0000
6235,.5393,.1348,.2670,.0000
6236,.6804,.0052,.2633,.0000
6237,.6756,.0108,.2558,.0000
6238,.1490,.1459,.6091,.0000
6239,.5288,.0312,.3608,.0000
6240,.7195,.0172,.1966,.0000
6241,.2249,.1210,.5717,.0000
6242,.2237,.1295,.5710,.0000
6243,.4881,.1076,.3313,.0000
6244,.5176,.1018,.2888,.0020
6245,.2824,.1422,.3081,.1344
6246,.3863,.1345,.3289,.0614
6247,.3808,.0614,.3604,.0937
6248,.1484,.2309,.5277,.0000
6249,.1476,.0512,.6210,.0656
6250,.7145,.0121,.2029,.0172
6251,.6454,.0084,.2713,.0000
6252,.4925,.1319,.2835,.0163
6253,.5695,.0608,.2696,.0243
6254,.6572,.0274,.2103,.0275
6255,.3670,.0715,.0821,.2654
6256,.2800,.1274,.4660,.0161
6257,.5756,.0773,.2594,.0086
6258,.5226,.1404,.2631,.0061
6259,.5269,.0600,.3381,.0039
6260,.2476,.2107,.4395,.0282
6261,.4647,.0941,.3672,.0175
6262,.4322,.1389,.3036,.0700
6263,.5129,.1609,.2319,.0497
6264,.2675,.4151,.2604,.0000
6265,.5245,.0849,.3167,.0000
6266,.6527,.1109,.1843,.0000
6267,.4233,.2252,.2914,.0105
6268,.4073,.1334,.2935,.1062
6269,.4175,.0704,.4427,.0000
6270,.6103,.0307,.2782,.0000
6271,.5171,.0817,.2637,.0415
6272,.6469,.0196,.2271,.0261
6273,.6045,.0764,.2562,.0000
6274,.4418,.0240,.4540,.0000
6275,.3823,.0648,.4674,.0000
6276,.3459,.1463,.4430,.0000
6277,.4519,.0747,.3958,.0000
6278,.6639,.0076,.2567,.0050
6279,.4971,.0240,.4030,.0032
6280,.3983,.1510,.3894,.0041
6281,.2933,.1445,.4950,.0000
6282,.3014,.1960,.4227,.0000
6283,.3431,.0644,.5194,.0000
6284,.4444,.0530,.4396,.0000
6285,.6354,.0406,.2591,.0036
6286,.5701,.0132,.3321,.0195
6287,.7333,.0053,.2184,.0000
6288,.2925,.0236,.6335,.0000
6289,.3190,.0683,.5520,.0000
6290,.4192,.0797,.4268,.0025
6291,.2767,.0872,.5214,.0433
6292,.3150,.1071,.3276,.1728
6293,.2408,.2988,.2082,.1383
6294,.0678,.5861,.1145,.0522
6295,.0128,.6840,.0154,.0565
6296,.0140,.4936,.1079,.1375
6297,.1275,.3097,.4035,.0019
6298,.2279,.1490,.5210,.0165
6299,.6076,.1129,.1902,.0024
6300,.0741,.5620,.1289,.0918
6301,.1091,.5266,.0397,.1852
6302,.0667,.5152,.0436,.1795
6303,.0565,.6715,.0760,.0016
6304,.0209,.7995,.0497,.0000
6305,.0178,.7285,.1486,.0000
6306,.0121,.8759,.0381,.0000
6307,.2272,.3941,.2102,.0873
6308,.2504,.2546,.0769,.2777
6309,.0235,.7883,.0159,.0383
6310,.0043,.6918,.0152,.0315
6311,.0089,.4224,.0106,.2839
6312,.0095,.7526,.0286,.0654
6313,.0137,.5775,.0535,.1643
6314,.0038,.5130,.0148,.1906
6315,.0058,.6323,.0854,.0614
6316,.0092,.2475,.0906,.3938
6317,.0107,.7666,.0504,.0057
6318,.0040,.7055,.1037,.0000
6319,.0399,.6266,.0935,.0000
6320,.1526,.4452,.2808,.0045
6321,.2575,.2694,.3680,.0255
6322,.2617,.2826,.3944,.0000
6323,.1345,.3829,.4176,.0000
6324,.0998,.5085,.3053,.0000
6325,.1841,.4621,.2872,.0000
6326,.3739,.2207,.3104,.0380
6327,.0489,.2351,.5806,.0228
6328,.0613,.4376,.3246,.0502
6329,.3103,.1391,.3724,.1174
6330,.4714,.0731,.3999,.0008
6331,.6327,.0153,.3062,.0000
6332,.5663,.1195,.2653,.0000
6333,.4683,.0720,.3955,.0000
6334,.2015,.2670,.4393,.0000
6335,.0912,.1630,.6290,.0000
6336,.5986,.0298,.3127,.0000
6337,.4756,.0238,.4511,.0000
6338,.5059,.0287,.4058,.0000
6339,.5501,.0183,.3724,.0000
6340,.7253,.0753,.1465,.0000
6341,.5545,.1365,.2564,.0000
6342,.4558,.0696,.4276,.0000
6343,.2676,.3403,.3207,.0044
6344,.0877,.3934,.3399,.0777
6345,.3161,.1383,.4620,.0118
6346,.6147,.0314,.3126,.0000
6347,.5478,.0297,.3705,.0000
6348,.6309,.0518,.2600,.0000
6349,.4715,.1330,.3443,.0000
6350,.3335,.0901,.4755,.0179
6351,.4382,.1770,.3008,.0249
6352,.6886,.0338,.2244,.0000
6353,.7826,.0056,.1559,.0000
6354,.7515,.0088,.1752,.0000
6355,.6123,.0164,.2891,.0162
6356,.1156,.0798,.6412,.0669
6357,.0217,.3905,.3885,.0124
6358,.1294,.4547,.1525,.1118
6359,.6473,.0188,.2345,.0263
6360,.6404,.0028,.2863,.0000
6361,.6305,.0000,.3080,.0000
6362,.6480,.0023,.2728,.0080
6363,.6326,.0032,.3012,.0000
6364,.5124,.0050,.4196,.0000
6365,.5014,.0008,.4353,.0000
6366,.6501,.0000,.2859,.0000
6367,.3860,.1407,.3866,.0000
6368,.3152,.0792,.5377,.0000
6369,.6549,.0142,.2722,.0000
6370,.6703,.0874,.1964,.0000
6371,.1926,.1749,.5296,.0317
6372,.1746,.2302,.4721,.0494
6373,.6132,.0533,.2685,.0000
6374,.4538,.1441,.2664,.0504
6375,.6243,.1045,.1286,.0605
6376,.1141,.2103,.2924,.2447
6377,.1039,.2858,.5210,.0000
6378,.1513,.1484,.6254,.0000
6379,.0625,.1872,.6249,.0469
6380,.4500,.0382,.4008,.0433
6381,.6819,.0040,.2598,.0000
6382,.5928,.0162,.2920,.0150
6383,.6886,.0204,.1951,.0115
6384,.7129,.0305,.1199,.0640
6385,.1611,.2397,.1417,.2837
6386,.5877,.1317,.2035,.0000
6387,.6177,.1574,.1604,.0000
6388,.5764,.0392,.2254,.0968
6389,.3691,.1523,.4056,.0000
6390,.1214,.2439,.5715,.0000
6391,.3238,.3430,.2417,.0342
6392,.1250,.5280,.2818,.0000
6393,.2391,.2506,.2922,.1498
6394,.5359,.0889,.3190,.0000
6395,.5778,.0485,.3146,.0000
6396,.7960,.0032,.1557,.0000
6397,.7505,.0051,.1765,.0053
6398,.6898,.0095,.2055,.0179
6399,.6418,.0045,.2859,.0000
6400,.7151,.0053,.1804,.0000
6401,.5648,.0646,.2658,.0036
6402,.5924,.0070,.2881,.0250
6403,.6043,.1272,.1763,.0173
6404,.5538,.0389,.3130,.0067
6405,.2584,.1390,.5205,.0000
6406,.4964,.0878,.3435,.0000
6407,.6544,.0343,.2435,.0000
6408,.7801,.0009,.1808,.0009
6409,.5309,.0367,.3198,.0281
6410,.3953,.0550,.4687,.0076
6411,.4612,.0374,.4213,.0038
6412,.2666,.0745,.5872,.0067
6413,.2747,.0539,.6127,.0000
6414,.5213,.0317,.3688,.0088
6415,.6021,.0185,.3035,.0007
6416,.6025,.0176,.3240,.0000
6417,.6204,.0057,.3271,.0000
6418,.3788,.0165,.5624,.0000
6419,.2663,.0561,.6171,.0075
6420,.3329,.1210,.4557,.0114
6421,.3345,.2181,.3332,.0519
6422,.2850,.1675,.3314,.1300
6423,.4844,.0291,.4005,.0148
6424,.1378,.4327,.2496,.0698
6425,.0044,.6723,.0262,.1519
6426,.1894,.2644,.2717,.0905
6427,.1415,.1831,.3308,.0780
6428,.2902,.2922,.3073,.0348
6429,.7280,.0161,.1931,.0000
6430,.2962,.3062,.2575,.0450
6431,.5180,.1054,.1589,.1487
6432,.2842,.3089,.2035,.0947
6433,.0156,.6544,.0845,.0777
6434,.0197,.7307,.0836,.0788
6435,.0247,.8318,.0455,.0062
6436,.0584,.7155,.1242,.0267
6437,.1795,.3373,.3981,.0101
6438,.1507,.5363,.0814,.1565
6439,.0270,.4955,.1481,.1521
6440,.2012,.4700,.1010,.0591
6441,.0966,.4529,.0765,.1285
6442,.0143,.3834,.0023,.2865
6443,.0168,.1217,.0710,.3729
6444,.0103,.3218,.0896,.2910
6445,.0036,.6830,.0296,.0151
6446,.0174,.5005,.0503,.0846
6447,.0046,.6001,.1108,.0785
6448,.0047,.5978,.1414,.0653
6449,.0073,.6775,.1427,.0000
6450,.0148,.6772,.1320,.0110
6451,.1264,.4190,.2934,.0466
6452,.3410,.4392,.1571,.0000
6453,.0780,.4174,.3984,.0179
6454,.1421,.5061,.2903,.0000
6455,.3858,.1673,.3742,.0185
6456,.4835,.0604,.3995,.0000
6457,.2458,.1780,.5020,.0000
6458,.0484,.3542,.4790,.0001
6459,.2464,.1882,.4548,.0374
6460,.4102,.0709,.4494,.0000
6461,.3361,.0934,.4992,.0000
6462,.3529,.0479,.4823,.0489
6463,.3835,.0861,.4270,.0243
6464,.1603,.2533,.4852,.0000
6465,.0639,.2329,.6071,.0000
6466,.2432,.0656,.6136,.0000
6467,.5621,.0244,.3617,.0000
6468,.4542,.0361,.4632,.0000
6469,.4046,.0711,.4593,.0000
6470,.6721,.0317,.2483,.0000
6471,.4960,.0493,.3831,.0000
6472,.6081,.0241,.3168,.0000
6473,.4731,.1233,.3546,.0000
6474,.1739,.3971,.3441,.0000
6475,.3076,.1551,.4853,.0000
6476,.5897,.0816,.2878,.0000
6477,.5099,.1060,.3433,.0000
6478,.6566,.0496,.2496,.0000
6479,.6410,.0592,.2415,.0000
6480,.4242,.1620,.3262,.0098
6481,.1489,.2679,.4593,.0145
6482,.1652,.2847,.4567,.0000
6483,.4756,.0866,.3068,.0574
6484,.6363,.0193,.2801,.0034
6485,.4782,.0959,.3630,.0000
6486,.2866,.0902,.5523,.0000
6487,.0626,.2963,.3155,.1911
6488,.0192,.6630,.0625,.1152
6489,.2969,.3117,.1023,.2340
6490,.6425,.0103,.2404,.0332
6491,.7293,.0107,.1792,.0000
6492,.2821,.1310,.4906,.0219
6493,.3871,.0920,.4420,.0176
6494,.5176,.0074,.4048,.0000
6495,.5355,.0929,.2923,.0106
6496,.2574,.1298,.5253,.0000
6497,.3191,.1369,.4402,.0221
6498,.5602,.0286,.3484,.0000
6499,.8120,.0039,.1454,.0000
6500,.6521,.0882,.2162,.0000
6501,.6145,.0333,.2625,.0069
6502,.4519,.1475,.3118,.0046
6503,.3158,.0792,.4095,.0830
6504,.1588,.2751,.3955,.0470
6505,.1533,.3117,.1851,.1372
6506,.0459,.5420,.0830,.1212
6507,.2470,.2460,.3137,.1242
6508,.3475,.0993,.4898,.0042
6509,.2037,.1595,.5697,.0033
6510,.4798,.0154,.4345,.0000
6511,.5968,.0008,.3476,.0000
6512,.5489,.1471,.2154,.0062
6513,.4314,.1181,.3094,.0584
6514,.4832,.1539,.2101,.0357
6515,.0546,.3354,.2980,.1053
6516,.5787,.0547,.2821,.0000
6517,.7097,.0232,.2055,.0000
6518,.5591,.0525,.3286,.0000
6519,.2048,.2189,.5268,.0000
6520,.4944,.1307,.2555,.0690
6521,.3643,.3327,.2408,.0000
6522,.0713,.4520,.3875,.0000
6523,.2118,.2149,.5012,.0011
6524,.6137,.0057,.3144,.0174
6525,.7450,.0033,.1957,.0009
6526,.7259,.0104,.1830,.0000
6527,.7817,.0081,.1073,.0181
6528,.6510,.0164,.2221,.0378
6529,.6469,.0109,.2430,.0216
6530,.7936,.0079,.1231,.0000
6531,.7831,.0195,.1267,.0000
6532,.5634,.2335,.1435,.0000
6533,.6980,.0082,.2104,.0015
6534,.6927,.0073,.2018,.0045
6535,.4220,.0408,.4171,.0000
6536,.1322,.3925,.3846,.0000
6537,.6479,.0490,.2072,.0245
6538,.8437,.0074,.0583,.0192
6539,.1591,.2684,.2319,.2099
6540,.4912,.0561,.3454,.0000
6541,.6351,.0379,.2488,.0000
6542,.2459,.1402,.5221,.0000
6543,.3742,.0522,.5001,.0000
6544,.4252,.0579,.4409,.0020
6545,.6045,.0092,.3163,.0000
6546,.3211,.0640,.5509,.0000
6547,.6667,.0264,.2584,.0000
6548,.5428,.0291,.3847,.0000
6549,.3649,.0276,.0858,.4698
6550,.2220,.3349,.2602,.0805
6551,.3081,.1399,.2975,.1587
6552,.4650,.0226,.3523,.0920
6553,.5176,.0388,.3653,.0032
6554,.2551,.2020,.4478,.0037
6555,.0542,.6862,.0702,.1119
6556,.2760,.2680,.3154,.0685
6557,.1290,.2325,.3838,.1233
6558,.1340,.2006,.5848,.0000
6559,.6545,.0463,.1710,.0667
6560,.2513,.2749,.3167,.0607
6561,.4688,.0627,.2052,.1906
6562,.2509,.0616,.1840,.3663
6563,.0181,.5622,.1086,.1665
6564,.0026,.7890,.0150,.0603
6565,.0044,.7514,.0012,.0879
6566,.0955,.5158,.0432,.2684
6567,.2085,.4755,.1628,.0814
6568,.0595,.6472,.1169,.0452
6569,.1690,.3185,.3161,.0746
6570,.3945,.0706,.3676,.0913
6571,.3052,.1698,.1885,.1627
6572,.0038,.2924,.0181,.3275
6573,.0154,.0000,.0000,.5750
6574,.0090,.3451,.0168,.2797
6575,.0084,.6854,.0404,.0277
6576,.0136,.4471,.0385,.1556
6577,.0077,.3881,.1466,.1291
6578,.0252,.5515,.2591,.0000
6579,.0539,.6104,.2074,.0000
6580,.0198,.6844,.1437,.0018
6581,.0295,.7076,.1246,.0041
6582,.1254,.6457,.1418,.0000
6583,.1167,.4805,.1648,.0801
6584,.1742,.3419,.3997,.0000
6585,.3244,.2228,.4096,.0000
6586,.3323,.1386,.4693,.0000
6587,.3036,.1773,.4488,.0000
6588,.2859,.1697,.4728,.0023
6589,.5117,.0692,.3487,.0181
6590,.5549,.0233,.3662,.0000
6591,.4690,.0641,.3969,.0000
6592,.1752,.1240,.5959,.0163
6593,.1429,.2101,.5419,.0120
6594,.1399,.2564,.5134,.0000
6595,.1628,.2037,.4969,.0211
6596,.1922,.1082,.6045,.0000
6597,.2699,.1125,.5406,.0111
6598,.3517,.0748,.5156,.0000
6599,.5607,.0149,.3706,.0000
6600,.6580,.0387,.2535,.0000
6601,.6180,.0593,.2683,.0000
6602,.7177,.0067,.2239,.0000
6603,.6448,.0269,.2736,.0000
6604,.5565,.0717,.3132,.0000
6605,.3971,.1204,.4186,.0000
6606,.5011,.0332,.4118,.0000
6607,.6286,.0196,.3092,.0000
6608,.6889,.0832,.1794,.0000
6609,.3905,.2714,.2912,.0000
6610,.3939,.1111,.4436,.0000
6611,.4271,.1953,.3148,.0014
6612,.0552,.4804,.2850,.0577
6613,.0584,.4656,.3004,.0450
6614,.1991,.1650,.5503,.0018
6615,.1352,.4319,.3558,.0000
6616,.0276,.5630,.2927,.0000
6617,.0398,.5041,.2046,.1405
6618,.0664,.4639,.1856,.1631
6619,.0753,.5091,.1015,.1977
6620,.2034,.4485,.0991,.1170
6621,.1861,.2227,.4693,.0259
6622,.3709,.0475,.5258,.0005
6623,.6464,.0109,.2621,.0150
6624,.7010,.0003,.2293,.0013
6625,.2941,.1212,.5119,.0000
6626,.1370,.2756,.4243,.0686
6627,.3967,.0586,.4527,.0120
6628,.6538,.0251,.2337,.0159
6629,.6514,.0150,.2711,.0028
6630,.4161,.0399,.4813,.0000
6631,.4879,.0607,.2571,.0908
6632,.2218,.3600,.1602,.1271
6633,.0329,.2532,.2217,.2071
6634,.1219,.4097,.1964,.0849
6635,.0083,.4173,.0783,.1437
6636,.0080,.6194,.0139,.0714
6637,.0843,.3322,.2068,.2413
6638,.4419,.0294,.3401,.1189
6639,.4882,.0200,.3568,.0544
6640,.5032,.0117,.4220,.0000
6641,.5775,.0050,.3557,.0000
6642,.5050,.0144,.4092,.0000
6643,.5566,.0188,.3057,.0367
6644,.3798,.2506,.1385,.1124
6645,.0453,.3066,.2406,.2251
6646,.6043,.0155,.3099,.0089
6647,.6981,.0129,.2263,.0000
6648,.6499,.0313,.2379,.0000
6649,.4328,.1306,.3184,.0695
6650,.5739,.0267,.2502,.0969
6651,.3202,.1478,.4400,.0308
6652,.0957,.4839,.3259,.0000
6653,.2253,.1875,.5166,.0003
6654,.6816,.0057,.2588,.0024
6655,.7188,.0033,.1991,.0026
6656,.6405,.0236,.2432,.0088
6657,.8089,.0038,.1264,.0011
6658,.8642,.0004,.1034,.0001
6659,.8200,.0017,.1196,.0005
6660,.7324,.0197,.1558,.0000
6661,.7198,.0194,.1601,.0115
6662,.6947,.0157,.2186,.0000
6663,.7107,.0011,.2140,.0001
6664,.7915,.0070,.0940,.0306
6665,.3612,.1486,.3999,.0101
6666,.4037,.1307,.3952,.0000
6667,.3445,.1868,.2722,.1242
6668,.5679,.1154,.0476,.1682
6669,.3113,.4512,.0492,.0919
6670,.3186,.5456,.0869,.0013
6671,.7145,.0051,.2207,.0000
6672,.7027,.0311,.1937,.0000
6673,.4648,.0310,.4288,.0000
6674,.4036,.0396,.4889,.0000
6675,.4521,.0100,.4771,.0000
6676,.2905,.0951,.5613,.0000
6677,.4382,.0590,.4401,.0000
6678,.6936,.0203,.2414,.0000
6679,.4764,.0296,.3741,.0684
6680,.2581,.1774,.3670,.0709
6681,.4728,.0244,.4318,.0000
6682,.4942,.0179,.3679,.0437
6683,.3418,.1393,.3816,.0663
6684,.2000,.3428,.3800,.0000
6685,.0477,.6030,.2286,.0450
6686,.1126,.3429,.3647,.1236
6687,.1641,.1662,.5752,.0000
6688,.2856,.2933,.3382,.0230
6689,.4233,.0993,.2907,.1254
6690,.1346,.5033,.2463,.0182
6691,.3352,.1433,.2434,.2035
6692,.2176,.2103,.0992,.2180
6693,.0129,.5242,.1548,.1003
6694,.0178,.6143,.0193,.1573
6695,.0164,.7301,.0833,.0214
6696,.1630,.6788,.0952,.0172
6697,.0145,.8663,.0277,.0243
6698,.0168,.7502,.1017,.0084
6699,.1079,.3775,.3879,.0335
6700,.1308,.4036,.3306,.0403
6701,.2269,.3552,.3155,.0282
6702,.2062,.2096,.1882,.1571
6703,.0179,.2551,.1282,.3219
6704,.0075,.6688,.1214,.0088
6705,.0079,.6663,.1394,.0000
6706,.0109,.5156,.2254,.0240
6707,.0153,.4699,.2625,.0027
6708,.0500,.5063,.2220,.0081
6709,.1503,.4065,.3051,.0000
6710,.0377,.5112,.2861,.0002
6711,.0218,.7001,.1600,.0001
6712,.0144,.7327,.1014,.0000
6713,.0400,.5839,.2097,.0591
6714,.2112,.2445,.4789,.0000
6715,.2509,.1301,.5616,.0050
6716,.4679,.1673,.3036,.0085
6717,.5463,.0524,.3433,.0000
6718,.5497,.0449,.3348,.0075
6719,.5470,.0606,.3024,.0162
6720,.5454,.0216,.3688,.0000
6721,.4750,.0861,.3672,.0000
6722,.2107,.2314,.4794,.0000
6723,.1249,.2862,.4922,.0000
6724,.0998,.3777,.4171,.0000
6725,.0653,.3147,.4433,.0575
6726,.1352,.2050,.5195,.0397
6727,.2360,.1732,.3565,.1701
6728,.4312,.0400,.4679,.0000
6729,.4519,.0331,.4673,.0017
6730,.5883,.0355,.2996,.0394
6731,.5040,.0424,.3812,.0176
6732,.6576,.0166,.2760,.0000
6733,.6282,.0880,.2322,.0000
6734,.4342,.0968,.4193,.0000
6735,.4950,.0327,.4223,.0000
6736,.5644,.0332,.3329,.0000
6737,.7111,.0229,.2090,.0000
6738,.7283,.0113,.2036,.0000
6739,.4402,.1097,.3881,.0000
6740,.4029,.1340,.3988,.0080
6741,.3822,.2138,.2577,.0864
6742,.2975,.2390,.3900,.0011
6743,.1266,.4855,.2725,.0089
6744,.0402,.5483,.2912,.0000
6745,.0373,.6938,.1523,.0203
6746,.0159,.6345,.2240,.0142
6747,.0087,.7005,.0690,.1179
6748,.0520,.5421,.2639,.0554
6749,.0929,.4385,.3051,.0530
6750,.0278,.5216,.3276,.0075
6751,.0147,.5830,.1715,.0577
6752,.3031,.1818,.3402,.0814
6753,.5535,.0571,.2857,.0307
6754,.6859,.0015,.2032,.0437
6755,.4645,.0674,.4104,.0000
6756,.4750,.0439,.4122,.0019
6757,.4962,.0110,.3624,.0546
6758,.2596,.1498,.4967,.0023
6759,.1598,.1959,.5572,.0016
6760,.1402,.1974,.5756,.0000
6761,.4589,.0911,.2259,.1126
6762,.3277,.2006,.2772,.0915
6763,.3676,.0492,.4821,.0180
6764,.3903,.0485,.4028,.0797
6765,.2890,.1569,.2735,.1455
6766,.0383,.5246,.0857,.1023
6767,.0256,.4847,.0404,.1433
6768,.1492,.3415,.1410,.1481
6769,.1348,.2324,.1603,.2449
6770,.1024,.1167,.2978,.2513
6771,.2013,.1010,.4021,.0404
6772,.2003,.1557,.2406,.1160
6773,.1657,.4193,.1144,.1733
6774,.2910,.1164,.0558,.3180
6775,.3365,.1639,.2799,.1035
6776,.5601,.0850,.2862,.0006
6777,.6230,.0072,.3082,.0000
6778,.5803,.0619,.2852,.0000
6779,.6739,.1032,.1589,.0018
6780,.7599,.0093,.1704,.0001
6781,.7315,.0116,.2024,.0000
6782,.4573,.1598,.3153,.0000
6783,.2267,.2102,.4907,.0000
6784,.5957,.2025,.1449,.0059
6785,.5688,.0341,.2969,.0170
6786,.7655,.0007,.1755,.0000
6787,.8569,.0000,.0852,.0185
6788,.8869,.0013,.0692,.0033
6789,.7575,.0164,.1391,.0005
6790,.7291,.0194,.1514,.0079
6791,.7096,.0314,.1504,.0203
6792,.7484,.0242,.1408,.0007
6793,.7753,.0095,.1357,.0013
6794,.7529,.0659,.0842,.0313
6795,.6280,.0343,.2611,.0050
6796,.7437,.0006,.1980,.0000
6797,.4938,.1074,.3268,.0000
6798,.5028,.0803,.2781,.0543
6799,.5155,.1469,.0992,.1248
6800,.4577,.1525,.0730,.1893
6801,.7417,.0069,.1862,.0000
6802,.5784,.0226,.3285,.0000
6803,.4168,.0383,.4739,.0000
6804,.1831,.2327,.5034,.0000
6805,.3136,.0377,.5921,.0000
6806,.2812,.0737,.5854,.0000
6807,.3844,.0343,.5245,.0000
6808,.4895,.0221,.4341,.0000
6809,.5219,.1012,.2529,.0559
6810,.4468,.1680,.2704,.0448
6811,.5517,.0257,.3795,.0000
6812,.6551,.0176,.2420,.0217
6813,.5395,.0439,.2994,.0338
6814,.0843,.3364,.4917,.0000
6815,.0333,.6581,.1616,.0590
6816,.1214,.3452,.3483,.1027
6817,.2877,.0813,.5419,.0000
6818,.2261,.2519,.4529,.0000
6819,.3720,.2263,.2344,.1026
6820,.0737,.5766,.0416,.1548
6821,.0902,.3707,.2835,.1654
6822,.0850,.4156,.1151,.2233
6823,.0098,.5917,.0887,.1143
6824,.0089,.7565,.0124,.0448
6825,.0292,.7788,.0658,.0014
6826,.0883,.5326,.2489,.0253
6827,.0506,.5518,.1989,.0592
6828,.0490,.3540,.2883,.0755
6829,.1496,.2853,.4217,.0133
6830,.0662,.4687,.2800,.0000
6831,.0220,.3208,.1210,.2379
6832,.0507,.3392,.1082,.1696
6833,.0652,.4064,.2524,.1075
6834,.0046,.6574,.1838,.0111
6835,.0116,.6406,.1678,.0058
6836,.0092,.6746,.1497,.0118
6837,.0127,.6888,.1765,.0000
6838,.0333,.5500,.0639,.1145
6839,.2873,.1804,.4088,.0022
6840,.1311,.3376,.3041,.0585
6841,.0952,.4783,.1450,.1303
6842,.1460,.3881,.3565,.0000
6843,.0975,.3973,.3134,.0000
6844,.2178,.2225,.4882,.0000
6845,.3834,.0694,.4782,.0164
6846,.5747,.0682,.3077,.0005
6847,.5961,.0234,.3238,.0000
6848,.6068,.0507,.2850,.0000
6849,.5522,.0486,.3365,.0000
6850,.4956,.0545,.3793,.0067
6851,.3240,.1907,.3692,.0304
6852,.1370,.2452,.5354,.0000
6853,.1844,.1199,.6217,.0000
6854,.1348,.2132,.5649,.0000
6855,.1802,.1515,.5841,.0046
6856,.4035,.0765,.3583,.0709
6857,.1696,.1031,.4712,.1646
6858,.3599,.1135,.4457,.0176
6859,.2922,.0811,.5464,.0076
6860,.4190,.1465,.2701,.0922
6861,.3116,.0611,.5472,.0158
6862,.5908,.0244,.3180,.0000
6863,.4475,.1465,.3631,.0000
6864,.4107,.0834,.4529,.0000
6865,.4910,.1157,.3415,.0000
6866,.5373,.0837,.3241,.0000
6867,.6302,.0500,.2623,.0000
6868,.7327,.0040,.2111,.0000
6869,.6248,.0910,.2239,.0000
6870,.6271,.0693,.2207,.0167
6871,.6377,.0485,.2313,.0206
6872,.5433,.0519,.3428,.0030
6873,.3021,.1550,.3904,.0810
6874,.1728,.3133,.4078,.0000
6875,.0160,.6494,.1873,.0353
6876,.0058,.6901,.1426,.0070
6877,.0326,.7610,.0980,.0085
6878,.0197,.5410,.2864,.0458
6879,.0088,.7699,.1420,.0020
6880,.0133,.7294,.1510,.0270
6881,.0828,.5891,.2057,.0155
6882,.1878,.2664,.3141,.1121
6883,.3481,.0756,.4611,.0342
6884,.5708,.0170,.3496,.0095
6885,.6478,.0059,.3003,.0000
6886,.5085,.0379,.3774,.0000
6887,.5940,.0115,.3097,.0083
6888,.3088,.2024,.4179,.0032
6889,.1273,.1368,.6525,.0000
6890,.1530,.1701,.5961,.0000
6891,.6292,.0087,.3103,.0000
6892,.5462,.0111,.3911,.0000
6893,.5564,.0147,.3651,.0010
6894,.6047,.0117,.2941,.0075
6895,.5462,.0525,.1842,.1208
6896,.1784,.3836,.1317,.1644
6897,.1572,.4097,.1181,.0964
6898,.0796,.5123,.0140,.1592
6899,.3197,.3495,.0438,.1558
6900,.4844,.2330,.1750,.0219
6901,.4828,.1450,.1919,.0917
6902,.5451,.0440,.2751,.0240
6903,.5693,.0199,.3295,.0073
6904,.5598,.0155,.3358,.0282
6905,.4524,.2579,.1206,.1097
6906,.4129,.2729,.1439,.1115
6907,.5784,.0255,.2576,.0784
6908,.5897,.0843,.2595,.0001
6909,.4725,.1417,.2542,.0662
6910,.6347,.0590,.2028,.0336
6911,.6862,.0725,.1841,.0149
6912,.7492,.0147,.1861,.0000
6913,.3625,.2813,.2725,.0000
6914,.1407,.5312,.2722,.0000
6915,.2791,.2599,.3820,.0000
6916,.5963,.0770,.2532,.0000
6917,.5503,.0224,.3251,.0336
6918,.6782,.0204,.1330,.0972
6919,.7645,.0192,.1364,.0000
6920,.7515,.0066,.1578,.0062
6921,.7649,.0125,.1380,.0026
6922,.7878,.0189,.1139,.0037
6923,.7807,.0022,.1481,.0044
6924,.8037,.0129,.1219,.0062
6925,.6910,.0017,.2406,.0009
6926,.7295,.0009,.2157,.0000
6927,.6611,.0186,.2602,.0000
6928,.6631,.0475,.2130,.0000
6929,.5754,.0683,.2117,.0377
6930,.4796,.1654,.1659,.0985
6931,.7324,.0237,.1618,.0077
6932,.7493,.0040,.1829,.0000
6933,.6053,.0026,.3449,.0000
6934,.5064,.0398,.3823,.0000
6935,.3741,.0478,.5162,.0000
6936,.5224,.0407,.3822,.0000
6937,.3237,.1334,.4485,.0192
6938,.3845,.1012,.4316,.0072
6939,.5000,.0500,.1842,.1540
6940,.4037,.0642,.4444,.0156
6941,.6397,.0076,.3004,.0000
6942,.6306,.0043,.3009,.0119
6943,.6590,.0132,.2352,.0141
6944,.2030,.4069,.3169,.0000
6945,.0620,.4213,.4436,.0000
6946,.0578,.2982,.5342,.0502
6947,.3203,.1584,.4158,.0141
6948,.3421,.2180,.2936,.0396
6949,.3840,.1439,.0548,.3489
6950,.3305,.3404,.1043,.1236
6951,.1087,.3917,.3571,.0083
6952,.4539,.1066,.2535,.1041
6953,.0704,.3224,.1722,.2405
6954,.0207,.6850,.1011,.0440
6955,.3109,.2452,.2309,.0550
6956,.0143,.6290,.0938,.0889
6957,.0316,.5546,.1836,.0775
6958,.0744,.2555,.1002,.2973
6959,.1760,.2756,.1723,.1685
6960,.2094,.2161,.3956,.0142
6961,.2638,.2950,.0562,.1935
6962,.0883,.3842,.2040,.0650
6963,.0326,.3972,.1038,.1915
6964,.0535,.5174,.1623,.0506
6965,.0297,.6522,.1481,.0000
6966,.0059,.6802,.1309,.0000
6967,.0040,.5828,.2348,.0000
6968,.0361,.5468,.2309,.0105
6969,.4287,.1233,.1764,.1587
6970,.5872,.1149,.0912,.1228
6971,.6284,.0459,.1982,.0441
6972,.2602,.2689,.3834,.0000
6973,.0453,.4778,.3270,.0000
6974,.0922,.4338,.3701,.0000
6975,.2873,.1005,.5549,.0101
6976,.6478,.0274,.2628,.0000
6977,.2904,.0476,.5597,.0420
6978,.4459,.0184,.3764,.1007
6979,.5631,.0035,.3710,.0188
6980,.3929,.1283,.4107,.0021
6981,.1597,.2395,.4849,.0102
6982,.0908,.3349,.4640,.0000
6983,.0991,.3494,.4504,.0122
6984,.3364,.1926,.3968,.0000
6985,.3833,.1116,.4394,.0000
6986,.5841,.0248,.3208,.0057
6987,.3515,.0727,.3030,.1783
6988,.1736,.1973,.4457,.0927
6989,.3674,.0986,.4621,.0009
6990,.2725,.1806,.4628,.0000
6991,.2639,.1339,.5022,.0169
6992,.5070,.0161,.4123,.0000
6993,.5508,.1363,.2688,.0000
6994,.5575,.1484,.2530,.0000
6995,.5528,.0271,.3677,.0000
6996,.7090,.0299,.2052,.0000
6997,.6349,.0104,.2970,.0000
6998,.6913,.0163,.2297,.0000
6999,.6815,.0319,.2218,.0000
7000,.6468,.0139,.2731,.0000
7001,.5125,.1190,.3058,.0000
7002,.5317,.0303,.3844,.0000
7003,.6446,.0349,.2569,.0000
7004,.5093,.1294,.2909,.0000
7005,.0488,.4735,.3674,.0000
7006,.0417,.6141,.2630,.0000
7007,.0149,.6234,.2703,.0000
7008,.0267,.5644,.2995,.0121
7009,.0616,.7173,.1555,.0000
7010,.2047,.1738,.4701,.0821
7011,.4401,.0252,.3716,.1033
7012,.3567,.0098,.5341,.0361
7013,.2865,.1500,.3861,.0760
7014,.4502,.1176,.1634,.1844
7015,.5746,.0076,.3273,.0291
7016,.7261,.0018,.2041,.0026
7017,.4627,.0934,.3570,.0210
7018,.4777,.1916,.2810,.0007
7019,.3747,.0466,.5101,.0000
7020,.3255,.0470,.5586,.0000
7021,.7170,.0009,.2233,.0000
7022,.6840,.0032,.2593,.0000
7023,.7190,.0044,.2114,.0000
7024,.6833,.0119,.2168,.0021
7025,.7183,.0086,.1158,.0601
7026,.2565,.2583,.2804,.0451
7027,.1302,.2996,.3486,.1138
7028,.3121,.4220,.1013,.0906
7029,.1821,.2779,.1352,.2551
7030,.5851,.0448,.2909,.0039
7031,.6141,.0071,.3044,.0098
7032,.7283,.0041,.1861,.0116
7033,.5060,.0308,.3321,.0487
7034,.6759,.0202,.2496,.0000
7035,.5849,.0277,.3165,.0035
7036,.5929,.0420,.1865,.0987
7037,.4881,.2174,.0457,.1784
7038,.6684,.0818,.1186,.0469
7039,.4715,.1407,.0978,.2262
7040,.5800,.0133,.1580,.1794
7041,.5294,.1002,.2805,.0254
7042,.4913,.0731,.3330,.0161
7043,.1158,.3921,.4146,.0001
7044,.3242,.4409,.1644,.0113
7045,.0553,.5894,.2822,.0000
7046,.1015,.4722,.3410,.0257
7047,.5646,.0749,.2788,.0150
7048,.5917,.0248,.3102,.0000
7049,.7659,.0135,.1543,.0032
7050,.8066,.0057,.1434,.0000
7051,.7854,.0042,.1444,.0037
7052,.6723,.0192,.1870,.0373
7053,.7671,.0213,.1449,.0008
7054,.5939,.0171,.2579,.0456
7055,.6550,.0059,.2517,.0184
7056,.5986,.0211,.2984,.0105
7057,.5050,.0448,.3842,.0015
7058,.1969,.2861,.3948,.0543
7059,.4052,.2004,.2508,.0204
7060,.6628,.0393,.2044,.0063
7061,.7441,.0017,.1873,.0008
7062,.8032,.0000,.1399,.0000
7063,.6909,.0031,.2540,.0000
7064,.4372,.1852,.3257,.0000
7065,.4791,.0798,.3805,.0000
7066,.6427,.0017,.3075,.0000
7067,.2079,.1834,.4000,.0867
7068,.4527,.0792,.3566,.0353
7069,.4771,.0226,.4314,.0000
7070,.4810,.0290,.4141,.0031
7071,.5891,.0177,.3406,.0000
7072,.6611,.0000,.2907,.0000
7073,.6087,.0120,.2594,.0447
7074,.2888,.3306,.1914,.1312
7075,.0665,.5788,.2794,.0000
7076,.1281,.3402,.4568,.0000
7077,.1730,.3035,.2794,.1315
7078,.1514,.4019,.3435,.0220
7079,.1710,.3579,.3646,.0170
7080,.4630,.2305,.1642,.0360
7081,.0817,.5144,.1532,.0991
7082,.5428,.0787,.2851,.0451
7083,.3523,.1363,.1887,.1864
7084,.0159,.4388,.0477,.1687
7085,.0722,.2084,.0892,.3433
7086,.0071,.5930,.1184,.1019
7087,.0421,.4162,.0096,.2658
7088,.1754,.2387,.0385,.3349
7089,.2272,.1902,.3723,.0364
7090,.2646,.1204,.2390,.2257
7091,.4476,.0039,.3406,.1192
7092,.4492,.0121,.2235,.2228
7093,.4654,.0444,.2417,.1393
7094,.3607,.1397,.2735,.0720
7095,.0871,.3166,.2686,.1234
7096,.0863,.4619,.2460,.0137
7097,.1087,.2709,.4699,.0000
7098,.6222,.0744,.2106,.0123
7099,.6759,.0215,.2127,.0164
7100,.6116,.0000,.2741,.0397
7101,.5685,.0174,.2953,.0300
7102,.1691,.1380,.5926,.0000
7103,.2217,.1602,.5365,.0078
7104,.0702,.3554,.4755,.0000
7105,.0613,.4672,.3140,.0000
7106,.2013,.3199,.4017,.0000
7107,.1780,.2129,.5097,.0047
7108,.1977,.1610,.4714,.0880
7109,.3908,.0814,.3907,.0504
7110,.4915,.0488,.3859,.0000
7111,.4512,.0509,.4269,.0000
7112,.2588,.1575,.4959,.0000
7113,.3466,.1464,.4329,.0019
7114,.5332,.0359,.3797,.0000
7115,.6080,.0087,.3184,.0000
7116,.5003,.0802,.3649,.0000
7117,.4637,.0321,.4123,.0162
7118,.3750,.1137,.4086,.0195
7119,.3633,.1255,.3123,.1100
7120,.4247,.1313,.3694,.0000
7121,.4022,.1531,.3843,.0000
7122,.5998,.0095,.3068,.0000
7123,.6657,.0186,.2558,.0000
7124,.7978,.0008,.1527,.0000
7125,.6323,.0024,.3181,.0000
7126,.6871,.0170,.2242,.0000
7127,.4857,.2133,.2508,.0000
7128,.5127,.0633,.3584,.0000
7129,.5516,.1923,.2074,.0000
7130,.7321,.0485,.1621,.0000
7131,.4722,.0900,.3361,.0328
7132,.3748,.1471,.4145,.0005
7133,.5263,.1006,.2923,.0100
7134,.3947,.1625,.3070,.0523
7135,.0979,.4555,.3353,.0132
7136,.0857,.2988,.5077,.0119
7137,.0244,.6010,.2763,.0000
7138,.0027,.6595,.1530,.0568
7139,.0059,.7766,.1248,.0000
7140,.0225,.5365,.3606,.0084
7141,.2769,.1319,.3831,.1419
7142,.4340,.0024,.3905,.1221
7143,.1700,.1320,.5437,.0393
7144,.0744,.2827,.4991,.0189
7145,.4305,.0327,.3323,.1386
7146,.5847,.0255,.2631,.0507
7147,.2289,.2432,.4493,.0173
7148,.2680,.0887,.5802,.0000
7149,.3280,.0696,.5305,.0000
7150,.3760,.0549,.5204,.0000
7151,.6562,.0012,.2801,.0000
7152,.5718,.0195,.2950,.0302
7153,.4894,.0511,.2981,.0613
7154,.5204,.0378,.3157,.0487
7155,.3826,.1313,.2990,.1144
7156,.3925,.0974,.3603,.0771
7157,.1421,.2405,.3752,.1568
7158,.2112,.2294,.3927,.0704
7159,.1523,.2833,.2157,.1875
7160,.4169,.0846,.3301,.0690
7161,.7319,.0018,.2011,.0000
7162,.7765,.0001,.1326,.0273
7163,.6310,.0108,.2382,.0424
7164,.7430,.0130,.1845,.0000
7165,.6604,.0062,.2808,.0000
7166,.5482,.0163,.3602,.0040
7167,.4092,.1613,.2012,.1494
7168,.6056,.1203,.1663,.0373
7169,.5313,.1211,.2545,.0417
7170,.6410,.0108,.2149,.0567
7171,.5771,.0189,.2183,.1047
7172,.4747,.0858,.3673,.0000
7173,.5231,.2049,.2018,.0001
7174,.5236,.1412,.2446,.0026
7175,.2432,.5396,.1522,.0033
7176,.4501,.1968,.2716,.0168
7177,.4991,.0139,.3943,.0135
7178,.6506,.0038,.2614,.0196
7179,.7332,.0071,.1918,.0038
7180,.7503,.0266,.1627,.0000
7181,.7823,.0893,.0970,.0000
7182,.5559,.0192,.2681,.0873
7183,.4901,.0697,.2968,.0678
7184,.4462,.0218,.4327,.0197
7185,.6131,.0204,.2764,.0097
7186,.5788,.0222,.3222,.0026
7187,.6055,.0175,.3052,.0006
7188,.4119,.0601,.4449,.0118
7189,.6055,.0176,.2632,.0251
7190,.6039,.0222,.2736,.0097
7191,.6254,.0154,.2581,.0185
7192,.7339,.0015,.2026,.0000
7193,.5146,.0087,.4156,.0000
7194,.3422,.1095,.4828,.0000
7195,.1916,.1441,.5952,.0000
7196,.4138,.0955,.4107,.0000
7197,.2696,.1359,.4960,.0079
7198,.5117,.0549,.3849,.0000
7199,.5920,.0092,.3476,.0000
7200,.2966,.0540,.5594,.0032
7201,.4742,.0226,.4284,.0089
7202,.6392,.0045,.3032,.0000
7203,.5730,.0010,.2990,.0589
7204,.5684,.0268,.1658,.1673
7205,.2152,.3821,.2703,.0516
7206,.0491,.5659,.2525,.0447
7207,.0784,.3522,.4652,.0096
7208,.4442,.1937,.2927,.0000
7209,.4216,.2174,.2641,.0206
7210,.6755,.0100,.2385,.0113
7211,.2762,.2823,.2287,.1170
7212,.2867,.1907,.3879,.0782
7213,.5089,.0546,.3873,.0000
7214,.0566,.5501,.2082,.0273
7215,.0170,.4077,.1417,.1573
7216,.0976,.3033,.3658,.0320
7217,.0227,.4261,.1748,.1920
7218,.0814,.3166,.3000,.1245
7219,.4027,.0631,.3319,.0743
7220,.3316,.2170,.2480,.0654
7221,.4880,.0497,.1774,.2057
7222,.5510,.0000,.2297,.1532
7223,.5942,.0000,.3050,.0393
7224,.6521,.0000,.2319,.0489
7225,.5761,.0390,.2074,.0856
7226,.2982,.0467,.4625,.0708
7227,.4352,.0235,.3515,.0938
7228,.5694,.0141,.2705,.0502
7229,.6139,.0003,.3061,.0087
7230,.5846,.0116,.3066,.0030
7231,.2706,.1367,.4934,.0034
7232,.2618,.1936,.4489,.0000
7233,.2875,.1922,.4583,.0019
7234,.2449,.2964,.3769,.0035
7235,.1689,.3672,.3486,.0000
7236,.0407,.6397,.0798,.0438
7237,.0221,.4313,.4230,.0023
7238,.0624,.2635,.5940,.0000
7239,.4323,.0779,.4353,.0000
7240,.4907,.0513,.4054,.0000
7241,.5885,.0309,.3261,.0000
7242,.5745,.0501,.3143,.0000
7243,.3891,.1201,.4049,.0113
7244,.1041,.3295,.4925,.0028
7245,.2745,.0582,.5808,.0000
7246,.4400,.1324,.3434,.0000
7247,.6105,.0079,.3117,.0000
7248,.1845,.1927,.5438,.0000
7249,.0886,.4499,.3438,.0186
7250,.4139,.0821,.4037,.0227
7251,.5937,.0013,.3603,.0000
7252,.5382,.0158,.3809,.0000
7253,.6547,.0077,.2959,.0000
7254,.5681,.1555,.2315,.0000
7255,.6102,.0328,.2942,.0000
7256,.6629,.0365,.2336,.0000
7257,.4800,.1234,.3472,.0000
7258,.4512,.1061,.3926,.0021
7259,.4847,.1131,.2951,.0364
7260,.4022,.1744,.3450,.0000
7261,.4401,.1238,.3648,.0039
7262,.2133,.3756,.3278,.0007
7263,.0298,.5416,.3244,.0000
7264,.1957,.2824,.3511,.0802
7265,.4700,.0348,.4259,.0137
7266,.5673,.0328,.3045,.0295
7267,.4257,.1955,.3032,.0039
7268,.0622,.5936,.2482,.0000
7269,.0084,.7762,.1013,.0000
7270,.0023,.8016,.0807,.0000
7271,.1050,.5518,.2508,.0225
7272,.4103,.1035,.2661,.1459
7273,.1637,.4275,.2362,.0619
7274,.0117,.5396,.2088,.0523
7275,.0560,.4931,.3361,.0248
7276,.1377,.2698,.5054,.0138
7277,.1130,.3938,.3966,.0095
7278,.1008,.2128,.5852,.0000
7279,.1934,.2642,.4707,.0000
7280,.4518,.0396,.4482,.0000
7281,.5771,.0247,.2820,.0292
7282,.4104,.1404,.3025,.0537
7283,.2827,.1145,.3759,.1285
7284,.2855,.0782,.3765,.1773
7285,.2919,.0688,.5351,.0310
7286,.6198,.0055,.3027,.0140
7287,.4129,.1030,.3760,.0436
7288,.1705,.2835,.4351,.0157
7289,.2609,.1634,.3873,.0995
7290,.2866,.1402,.2922,.1765
7291,.4130,.1123,.4066,.0000
7292,.6390,.0333,.2543,.0002
7293,.7572,.0120,.1533,.0000
7294,.7647,.0045,.1799,.0000
7295,.6315,.0173,.2992,.0000
7296,.5685,.0281,.3374,.0000
7297,.5200,.1362,.2612,.0120
7298,.4672,.1159,.3455,.0025
7299,.6774,.0124,.2577,.0000
7300,.6888,.0093,.2366,.0000
7301,.6582,.0210,.2158,.0308
7302,.6981,.0250,.2153,.0000
7303,.6208,.0259,.2883,.0000
7304,.6752,.0222,.2195,.0000
7305,.3609,.4197,.1655,.0002
7306,.4100,.2247,.3076,.0042
7307,.6791,.0139,.2321,.0099
7308,.7097,.0075,.2201,.0000
7309,.7398,.0058,.1917,.0000
7310,.7415,.0104,.1810,.0000
7311,.6240,.1531,.1034,.0738
7312,.6767,.0250,.2121,.0066
7313,.2907,.1195,.4525,.0643
7314,.6090,.0255,.2590,.0238
7315,.3670,.0490,.5066,.0029
7316,.6214,.0160,.2735,.0033
7317,.6966,.0236,.2028,.0141
7318,.5296,.0243,.3674,.0097
7319,.5853,.0256,.2475,.0589
7320,.5194,.0294,.3230,.0326
7321,.6110,.0178,.3018,.0000
7322,.5851,.0031,.3674,.0000
7323,.4397,.0348,.4819,.0000
7324,.2593,.0963,.5680,.0096
7325,.3215,.0953,.5189,.0001
7326,.1631,.2088,.4715,.0379
7327,.5091,.0365,.4008,.0000
7328,.5291,.0204,.3903,.0000
7329,.5133,.0496,.3667,.0000
7330,.4190,.0421,.4150,.0584
7331,.5681,.0291,.3132,.0208
7332,.5415,.0279,.3661,.0001
7333,.4702,.0318,.4005,.0247
7334,.5201,.0133,.3733,.0184
7335,.5088,.2228,.1982,.0057
7336,.0973,.5039,.3109,.0000
7337,.2249,.2105,.4509,.0200
7338,.2986,.1758,.4326,.0000
7339,.2414,.3770,.2929,.0197
7340,.6306,.0270,.2572,.0249
7341,.2415,.3685,.2218,.0655
7342,.0519,.3095,.2507,.3209
7343,.2999,.1009,.4021,.1336
7344,.2941,.1508,.3254,.0675
7345,.1188,.2759,.3245,.0442
7346,.0470,.2386,.4924,.0476
7347,.0151,.7751,.0650,.0159
7348,.0655,.5732,.0694,.1362
7349,.2346,.2148,.2288,.1043
7350,.1613,.1751,.0759,.2691
7351,.2594,.2129,.1959,.1840
7352,.4885,.0511,.2696,.1253
7353,.6380,.0000,.2604,.0411
7354,.5350,.0000,.3685,.0230
7355,.4781,.0234,.2401,.1722
7356,.2595,.1783,.4206,.0199
7357,.3385,.0315,.3036,.2284
7358,.4324,.0123,.3810,.0919
7359,.4563,.0224,.3021,.1301
7360,.5593,.0554,.2517,.0501
7361,.2801,.2088,.4207,.0000
7362,.1762,.2994,.3952,.0448
7363,.1443,.4158,.3784,.0002
7364,.1494,.4540,.2998,.0000
7365,.0745,.5358,.2446,.0016
7366,.0143,.6436,.1516,.0290
7367,.0276,.4411,.3724,.0033
7368,.0514,.3019,.5579,.0000
7369,.1724,.2298,.5314,.0000
7370,.2898,.0763,.5610,.0000
7371,.3706,.0829,.4769,.0000
7372,.2936,.1036,.5169,.0000
7373,.1785,.1653,.5405,.0333
7374,.6000,.0503,.2606,.0195
7375,.6183,.0183,.2777,.0000
7376,.5118,.0338,.3716,.0000
7377,.5794,.0566,.3068,.0000
7378,.2509,.1345,.5397,.0000
7379,.0141,.4357,.4426,.0000
7380,.3642,.1824,.3786,.0019
7381,.6453,.0047,.3042,.0000
7382,.5524,.0277,.3585,.0000
7383,.2910,.2567,.3558,.0409
7384,.4388,.1316,.3346,.0298
7385,.5304,.1210,.2843,.0226
7386,.5862,.0494,.3051,.0000
7387,.5374,.1422,.2590,.0000
7388,.3791,.1014,.4722,.0030
7389,.2644,.3053,.2871,.0594
7390,.0384,.4532,.3961,.0033
7391,.3504,.1261,.4536,.0000
7392,.4449,.2832,.2095,.0000
7393,.0270,.6900,.1510,.0105
7394,.0504,.4927,.3551,.0045
7395,.5402,.0588,.3512,.0061
7396,.6971,.0302,.2053,.0000
7397,.6528,.0201,.2036,.0551
7398,.3031,.1125,.4655,.0398
7399,.0802,.5040,.2446,.0517
7400,.0013,.8637,.0363,.0000
7401,.0066,.8168,.0922,.0000
7402,.0619,.4151,.4126,.0132
7403,.0495,.4109,.2740,.1234
7404,.0132,.5127,.2530,.0546
7405,.0813,.2851,.5084,.0046
7406,.1490,.2864,.4755,.0000
7407,.0306,.4650,.4014,.0000
7408,.0805,.3547,.4736,.0086
7409,.3671,.0922,.4724,.0043
7410,.5434,.0332,.3324,.0247
7411,.5233,.0578,.3409,.0000
7412,.4374,.0492,.3951,.0367
7413,.3222,.1062,.3976,.0860
7414,.5010,.0090,.3751,.0490
7415,.5468,.0446,.3327,.0090
7416,.5311,.0152,.3799,.0151
7417,.3040,.2074,.4177,.0049
7418,.1676,.3781,.3644,.0290
7419,.4154,.0723,.4388,.0079
7420,.2304,.1036,.5468,.0317
7421,.4273,.1634,.2040,.1383
7422,.5360,.0774,.2234,.0906
7423,.6235,.0464,.2508,.0088
7424,.6521,.0006,.2930,.0000
7425,.7169,.0007,.2269,.0000
7426,.6544,.0373,.2639,.0000
7427,.5950,.0622,.2850,.0000
7428,.6495,.0736,.2053,.0000
7429,.5737,.0132,.3584,.0000
7430,.6645,.0083,.2631,.0000
7431,.7129,.0137,.1996,.0001
7432,.6545,.0188,.2207,.0246
7433,.7109,.0092,.2124,.0070
7434,.6020,.0491,.2745,.0000
7435,.6318,.0337,.2502,.0000
7436,.3049,.3121,.3211,.0000
7437,.4941,.0856,.3474,.0099
7438,.6892,.0112,.2387,.0000
7439,.7510,.0048,.1463,.0209
7440,.7358,.0234,.1598,.0073
7441,.6366,.1184,.1473,.0391
7442,.5554,.0601,.2662,.0393
7443,.1836,.1594,.5603,.0155
7444,.1651,.1300,.5783,.0475
7445,.3635,.0892,.4261,.0257
7446,.4166,.0689,.4010,.0384
7447,.5702,.0629,.2864,.0186
7448,.6239,.0319,.2792,.0045
7449,.7068,.0109,.2281,.0002
7450,.5248,.0642,.3249,.0067
7451,.2878,.0501,.5772,.0000
7452,.4003,.0243,.5113,.0000
7453,.4513,.0198,.4771,.0000
7454,.3520,.0619,.4911,.0106
7455,.3564,.1714,.3234,.0649
7456,.4422,.0803,.3728,.0327
7457,.4802,.0578,.3819,.0064
7458,.5339,.0152,.3921,.0000
7459,.4537,.0338,.4484,.0000
7460,.4485,.0478,.3769,.0597
7461,.4573,.0991,.3535,.0230
7462,.3986,.0669,.4136,.0501
7463,.4787,.0351,.3920,.0211
7464,.6290,.0245,.2829,.0000
7465,.7347,.0003,.2037,.0018
7466,.6827,.0347,.1908,.0180
7467,.4906,.0799,.2990,.0650
7468,.5700,.1825,.1841,.0005
7469,.0376,.6469,.2390,.0000
7470,.1742,.3381,.4212,.0000
7471,.1193,.4768,.2548,.0697
7472,.0391,.6529,.1317,.1223
7473,.0173,.7964,.0690,.0696
7474,.0207,.7053,.0688,.0373
7475,.0113,.6059,.1077,.0731
7476,.0136,.5251,.2265,.0839
7477,.0177,.7357,.0739,.0452
7478,.0080,.5914,.0599,.1826
7479,.0592,.4640,.0475,.1736
7480,.2731,.1792,.2288,.1547
7481,.2993,.1359,.2951,.0946
7482,.3561,.1542,.3096,.0763
7483,.4654,.0284,.1750,.2502
7484,.3581,.2080,.2812,.0757
7485,.3740,.0339,.3532,.1415
7486,.3363,.0645,.3810,.1097
7487,.4424,.0344,.3721,.0481
7488,.3115,.1323,.4334,.0311
7489,.2276,.1402,.5121,.0224
7490,.1139,.2085,.5600,.0121
7491,.0981,.4463,.3147,.0123
7492,.0165,.7029,.1747,.0000
7493,.0223,.6090,.2161,.0264
7494,.0227,.5315,.1775,.0729
7495,.0215,.5204,.2524,.0801
7496,.0437,.5010,.3564,.0000
7497,.0374,.4345,.4161,.0000
7498,.1990,.2160,.4973,.0000
7499,.1492,.2283,.5127,.0240
7500,.2265,.2623,.4066,.0143
7501,.2270,.1791,.5118,.0000
7502,.4466,.1537,.3147,.0000
7503,.6356,.0214,.2828,.0018
7504,.6329,.0042,.2591,.0220
7505,.6762,.0000,.2511,.0000
7506,.5888,.0069,.3162,.0000
7507,.6299,.0141,.2888,.0000
7508,.4678,.0485,.3724,.0169
7509,.0858,.4164,.3339,.0473
7510,.1338,.1993,.5694,.0039
7511,.5566,.0182,.3635,.0000
7512,.6146,.0349,.3057,.0000
7513,.2425,.1799,.5034,.0061
7514,.1504,.2730,.4535,.0307
7515,.2259,.1435,.5279,.0230
7516,.6976,.0076,.2402,.0000
7517,.4958,.0465,.2910,.1044
7518,.4854,.0793,.2758,.0935
7519,.4128,.0863,.2065,.2228
7520,.1477,.3255,.4031,.0206
7521,.4941,.0247,.3693,.0560
7522,.7042,.0801,.1658,.0000
7523,.1675,.4095,.2845,.0423
7524,.0098,.5808,.3080,.0000
7525,.3608,.1598,.3677,.0419
7526,.6377,.0019,.3132,.0000
7527,.5736,.0119,.3467,.0000
7528,.5360,.0230,.2803,.0844
7529,.5349,.0445,.2272,.1075
7530,.0949,.5938,.1830,.0232
7531,.0152,.6798,.1394,.0156
7532,.0181,.5255,.2519,.0220
7533,.2192,.2880,.4174,.0000
7534,.3009,.0787,.5141,.0232
7535,.3067,.0734,.5411,.0188
7536,.2142,.0989,.6298,.0000
7537,.2803,.1216,.5314,.0014
7538,.4324,.0662,.3847,.0520
7539,.6126,.0512,.2544,.0140
7540,.5462,.0386,.3399,.0027
7541,.5614,.0104,.3640,.0000
7542,.5032,.0205,.3997,.0132
7543,.3599,.1874,.2988,.0762
7544,.5128,.0241,.3866,.0157
7545,.7145,.0022,.2242,.0000
7546,.6826,.0135,.2294,.0017
7547,.3936,.1350,.3933,.0107
7548,.1820,.2207,.3756,.1670
7549,.4586,.1017,.3691,.0000
7550,.4223,.0208,.4910,.0000
7551,.4262,.0693,.3749,.0644
7552,.6591,.0000,.2788,.0077
7553,.6653,.0059,.2718,.0000
7554,.6435,.0002,.3072,.0000
7555,.6732,.0000,.2756,.0000
7556,.5323,.0528,.3511,.0000
7557,.4768,.1109,.2483,.0929
7558,.5562,.0831,.2997,.0018
7559,.6064,.0945,.2552,.0000
7560,.6545,.0239,.2529,.0000
7561,.5734,.1158,.2369,.0000
7562,.5644,.2465,.1241,.0010
7563,.7312,.0235,.1633,.0070
7564,.6806,.0184,.2334,.0000
7565,.6595,.0237,.2335,.0106
7566,.6260,.0841,.2242,.0000
7567,.3931,.1584,.3981,.0000
7568,.5460,.0323,.3495,.0000
7569,.7338,.0458,.1630,.0000
7570,.6048,.2322,.1096,.0018
7571,.7967,.0081,.1189,.0097
7572,.5984,.0150,.3004,.0149
7573,.4913,.0412,.3585,.0308
7574,.1131,.2560,.5603,.0000
7575,.4792,.0927,.2190,.1218
7576,.4384,.1106,.3617,.0259
7577,.6056,.0324,.2710,.0228
7578,.3542,.1260,.3743,.0850
7579,.5521,.0309,.3206,.0280
7580,.6512,.0033,.3006,.0000
7581,.3821,.0211,.5280,.0000
7582,.3812,.0234,.5251,.0000
7583,.3013,.0877,.5357,.0000
7584,.3637,.0783,.4378,.0290
7585,.4503,.0479,.4296,.0000
7586,.2399,.1602,.4351,.0297
7587,.2732,.1720,.3274,.1100
7588,.4852,.0187,.4342,.0078
7589,.5381,.0146,.3923,.0000
7590,.5284,.0318,.3165,.0473
7591,.4019,.0756,.4256,.0000
7592,.3428,.0679,.4456,.0720
7593,.4886,.0329,.3667,.0425
7594,.7744,.0052,.1721,.0000
7595,.6744,.0011,.2688,.0000
7596,.6184,.0372,.2678,.0000
7597,.2915,.3652,.2542,.0193
7598,.6882,.0163,.2039,.0039
7599,.1765,.3784,.3716,.0000
7600,.0019,.8142,.0903,.0000
7601,.0110,.7968,.1307,.0000
7602,.0100,.8097,.0990,.0325
7603,.0278,.7993,.1324,.0009
7604,.0196,.7869,.0583,.0167
7605,.0137,.5351,.0364,.1908
7606,.0051,.7452,.0733,.0372
7607,.0062,.6963,.1084,.0082
7608,.0152,.5048,.0842,.1279
7609,.0281,.5674,.1319,.0810
7610,.1625,.3149,.4067,.0000
7611,.2799,.1997,.4045,.0220
7612,.1872,.3605,.3480,.0282
7613,.4860,.0920,.1788,.1892
7614,.4860,.0425,.1987,.1919
7615,.5189,.0564,.2782,.0334
7616,.4701,.0422,.2653,.1209
7617,.2353,.0879,.4871,.1032
7618,.3295,.1235,.3917,.0458
7619,.0643,.3338,.4014,.0691
7620,.0085,.5553,.2695,.0356
7621,.0143,.5299,.1605,.1447
7622,.0299,.2823,.4988,.0496
7623,.0148,.3795,.4371,.0403
7624,.0164,.4808,.3161,.0000
7625,.0137,.6130,.2609,.0000
7626,.0277,.5096,.3668,.0000
7627,.0390,.5564,.3026,.0000
7628,.1004,.4661,.3479,.0000
7629,.0543,.4177,.4190,.0045
7630,.3607,.1826,.3659,.0010
7631,.4549,.1064,.3470,.0307
7632,.7345,.0073,.1422,.0548
7633,.7498,.0001,.1871,.0042
7634,.7023,.0021,.2322,.0026
7635,.7349,.0015,.2031,.0000
7636,.7570,.0005,.1877,.0000
7637,.6817,.0054,.2447,.0000
7638,.6616,.0073,.2342,.0121
7639,.5952,.0700,.1382,.0945
7640,.3976,.0952,.3865,.0490
7641,.4095,.1356,.3832,.0034
7642,.4134,.0402,.4876,.0010
7643,.2608,.2024,.4801,.0000
7644,.2930,.1731,.4650,.0000
7645,.4393,.1527,.3641,.0000
7646,.3528,.1119,.3024,.1528
7647,.1500,.2533,.4410,.0498
7648,.3940,.1120,.3954,.0338
7649,.6347,.0456,.2254,.0221
7650,.0359,.6082,.2624,.0088
7651,.1684,.2534,.3749,.1210
7652,.5869,.0575,.2920,.0000
7653,.1342,.2506,.5266,.0010
7654,.0816,.3973,.3543,.0712
7655,.4755,.1109,.3613,.0000
7656,.7733,.0000,.1988,.0000
7657,.6002,.0089,.3379,.0000
7658,.5272,.0124,.3801,.0150
7659,.7180,.0012,.2094,.0010
7660,.4765,.1970,.2239,.0088
7661,.0308,.5466,.2047,.0454
7662,.0553,.5893,.2082,.0209
7663,.1599,.4049,.3059,.0027
7664,.6323,.0171,.2622,.0342
7665,.6649,.0265,.2037,.0382
7666,.4798,.1504,.3159,.0000
7667,.5155,.0369,.3795,.0027
7668,.3876,.0372,.5035,.0076
7669,.5798,.0219,.3297,.0011
7670,.7218,.0007,.1810,.0167
7671,.6634,.0039,.2830,.0026
7672,.3522,.1265,.2560,.2028
7673,.5332,.0616,.3193,.0241
7674,.5121,.0403,.3823,.0000
7675,.6271,.0000,.3220,.0000
7676,.6508,.0449,.2407,.0000
7677,.6206,.0333,.2741,.0041
7678,.4135,.1507,.3440,.0358
7679,.6394,.0014,.3006,.0000
7680,.5581,.0236,.3585,.0000
7681,.4450,.0501,.4110,.0300
7682,.5837,.0013,.3438,.0096
7683,.7382,.0000,.1987,.0000
7684,.5610,.0028,.3712,.0000
7685,.5686,.0019,.3693,.0000
7686,.6104,.0340,.2605,.0222
7687,.4206,.1889,.1881,.1190
7688,.5462,.0477,.3585,.0000
7689,.7300,.0007,.2209,.0000
7690,.7481,.0115,.1707,.0000
7691,.7512,.0203,.1460,.0000
7692,.5519,.1961,.0914,.0934
7693,.6123,.0989,.1717,.0494
7694,.6680,.0601,.1936,.0082
7695,.7154,.0627,.0651,.0843
7696,.7086,.0926,.1351,.0000
7697,.6261,.2510,.0845,.0000
7698,.4850,.2332,.2264,.0054
7699,.4969,.1568,.1979,.0914
7700,.6721,.0201,.1664,.0711
7701,.7240,.0117,.1949,.0041
7702,.5383,.0539,.3093,.0039
7703,.3873,.0910,.4145,.0303
7704,.1115,.2971,.4756,.0478
7705,.4185,.0459,.4229,.0292
7706,.6472,.0178,.2733,.0000
7707,.6650,.0116,.2687,.0013
7708,.6317,.0727,.2065,.0401
7709,.6746,.0030,.2726,.0000
7710,.3898,.0149,.5086,.0247
7711,.3679,.0811,.4474,.0156
7712,.4171,.0399,.4693,.0000
7713,.3569,.0289,.5398,.0000
7714,.4616,.0167,.4608,.0000
7715,.4492,.0169,.4949,.0000
7716,.4383,.0314,.4696,.0000
7717,.1958,.1603,.4842,.0502
7718,.3896,.1138,.4236,.0031
7719,.4632,.0288,.4214,.0224
7720,.6284,.0661,.2387,.0003
7721,.6073,.0581,.2605,.0016
7722,.4454,.1079,.3822,.0000
7723,.6025,.0244,.2746,.0316
7724,.8178,.0024,.1366,.0000
7725,.6681,.0114,.2384,.0163
7726,.5615,.0154,.3444,.0044
7727,.2784,.1174,.4845,.0378
7728,.6265,.0176,.2860,.0074
7729,.4266,.1224,.3812,.0000
7730,.0404,.7426,.1281,.0000
7731,.0049,.8143,.0684,.0122
7732,.0085,.8374,.0749,.0121
7733,.0133,.8982,.0076,.0284
7734,.0071,.8411,.0997,.0067
7735,.0132,.7468,.0125,.0800
7736,.0277,.8609,.0380,.0143
7737,.0150,.6055,.0261,.1620
7738,.0126,.6401,.0943,.0772
7739,.0187,.7029,.1284,.0319
7740,.0194,.6516,.2107,.0078
7741,.1086,.5118,.2192,.0428
7742,.0332,.5105,.0121,.2383
7743,.2443,.2375,.1208,.1665
7744,.2174,.2729,.2055,.1466
7745,.0942,.4243,.3188,.0244
7746,.4770,.0594,.2663,.0871
7747,.4692,.0134,.3073,.1094
7748,.4163,.0236,.4442,.0297
7749,.0999,.1981,.5877,.0000
7750,.0446,.5461,.2930,.0000
7751,.0694,.3054,.4972,.0000
7752,.0457,.2123,.6486,.0000
7753,.0563,.2606,.5874,.0000
7754,.1197,.4041,.3798,.0000
7755,.0850,.3991,.4067,.0233
7756,.2091,.1910,.4790,.0199
7757,.3197,.2269,.3546,.0148
7758,.1953,.2524,.3530,.0677
7759,.3164,.2263,.2854,.0741
7760,.4745,.1069,.3525,.0014
7761,.3864,.0797,.3171,.1416
7762,.4355,.0406,.4027,.0518
7763,.7801,.0008,.1674,.0002
7764,.8519,.0000,.1129,.0001
7765,.8095,.0012,.1316,.0000
7766,.7320,.0146,.1595,.0000
7767,.7658,.0000,.1719,.0000
7768,.7783,.0058,.1424,.0000
7769,.6159,.0051,.3128,.0000
7770,.4107,.0530,.4684,.0000
7771,.3978,.1631,.3625,.0088
7772,.5929,.0224,.3233,.0000
7773,.5946,.0621,.2873,.0000
7774,.5541,.0268,.3714,.0000
7775,.6657,.0240,.2659,.0000
7776,.4696,.1524,.3255,.0021
7777,.2000,.1695,.5088,.0279
7778,.2659,.2026,.4532,.0010
7779,.3084,.2641,.3380,.0007
7780,.1323,.4600,.3248,.0105
7781,.0683,.5348,.2853,.0393
7782,.1871,.3579,.2660,.0907
7783,.0953,.3814,.3952,.0252
7784,.5466,.0377,.1773,.1700
7785,.6754,.0150,.2229,.0388
7786,.8253,.0000,.1340,.0000
7787,.7301,.0018,.2341,.0000
7788,.6820,.0004,.2704,.0000
7789,.7246,.0032,.2061,.0000
7790,.5977,.0577,.2590,.0000
7791,.1590,.3371,.2666,.0817
7792,.0533,.5437,.0797,.0851
7793,.0140,.5264,.1453,.0574
7794,.3875,.1398,.3839,.0199
7795,.6050,.0441,.2806,.0000
7796,.6175,.0210,.2977,.0000
7797,.6888,.0205,.2185,.0000
7798,.6125,.0279,.2904,.0000
7799,.7565,.0039,.1818,.0017
7800,.7549,.0932,.0979,.0025
7801,.6374,.0339,.2034,.0691
7802,.4638,.0821,.1379,.2418
7803,.5832,.0526,.2952,.0058
7804,.7016,.0031,.2141,.0215
7805,.7182,.0008,.2317,.0000
7806,.3155,.2797,.3466,.0000
7807,.4615,.1542,.3225,.0000
7808,.5607,.0382,.3231,.0216
7809,.7161,.0000,.2353,.0000
7810,.6605,.0000,.3018,.0000
7811,.5881,.0000,.3653,.0000
7812,.5984,.0114,.3226,.0000
7813,.5702,.0000,.3639,.0000
7814,.6260,.0119,.2772,.0000
7815,.6171,.0330,.2706,.0000
7816,.5975,.0309,.2841,.0129
7817,.4933,.0795,.2720,.0571
7818,.6037,.0396,.2902,.0006
7819,.6271,.0049,.3225,.0000
7820,.6819,.0253,.2223,.0000
7821,.6416,.1146,.1804,.0000
7822,.6060,.0165,.2933,.0074
7823,.6366,.0664,.1420,.0708
7824,.3593,.4095,.1734,.0135
7825,.3767,.2638,.2118,.0940
7826,.5490,.1049,.2122,.0616
7827,.7228,.0504,.1612,.0040
7828,.7488,.0156,.1546,.0220
7829,.5320,.0851,.2886,.0449
7830,.4160,.0612,.3050,.1489
7831,.5175,.2226,.1934,.0130
7832,.6858,.0300,.2122,.0034
7833,.5462,.0489,.3328,.0014
7834,.4560,.0497,.3917,.0381
7835,.6607,.0045,.2785,.0014
7836,.5759,.0308,.3345,.0000
7837,.5384,.0182,.3881,.0000
7838,.5583,.0389,.3519,.0000
7839,.6656,.0001,.2917,.0000
7840,.3321,.0358,.5729,.0000
7841,.3857,.0242,.5115,.0028
7842,.2374,.0716,.5644,.0167
7843,.2003,.0308,.7031,.0000
7844,.4361,.0103,.4955,.0000
7845,.3904,.0196,.5349,.0000
7846,.4407,.0459,.4560,.0000
7847,.3924,.0313,.5067,.0000
7848,.3465,.0628,.5115,.0000
7849,.5371,.0429,.3561,.0000
7850,.4845,.1919,.1995,.0493
7851,.5707,.0410,.3231,.0006
7852,.6362,.0162,.2727,.0152
7853,.4841,.0306,.3862,.0356
7854,.6383,.0230,.2545,.0259
7855,.6041,.0163,.2832,.0307
7856,.6406,.0185,.2577,.0090
7857,.5139,.0578,.3407,.0094
7858,.6978,.0150,.2288,.0017
7859,.6863,.0027,.2679,.0000
7860,.4356,.2335,.2615,.0000
7861,.0713,.7023,.1342,.0042
7862,.0045,.7538,.0351,.1115
7863,.0070,.8700,.0625,.0258
7864,.0047,.8198,.0875,.0315
7865,.0486,.6642,.0565,.0040
7866,.0115,.7229,.0453,.0541
7867,.0035,.6749,.0768,.0923
7868,.0055,.4212,.0694,.2679
7869,.0100,.6803,.0690,.0895
7870,.0143,.8095,.0979,.0194
7871,.0608,.4485,.3613,.0192
7872,.1121,.4192,.2918,.0213
7873,.0107,.5907,.1405,.0802
7874,.0880,.3721,.2406,.1045
7875,.2208,.3549,.2648,.0555
7876,.3125,.1593,.3636,.0618
7877,.3512,.1092,.2669,.1585
7878,.5266,.0063,.3734,.0200
7879,.1855,.3310,.3841,.0002
7880,.0140,.6218,.2371,.0185
7881,.0611,.5279,.3256,.0000
7882,.1408,.2972,.4841,.0000
7883,.2411,.1332,.5609,.0000
7884,.6310,.0205,.2960,.0000
7885,.6469,.0161,.2496,.0155
7886,.6105,.0092,.2864,.0094
7887,.6828,.0136,.2326,.0005
7888,.6609,.0192,.1795,.0736
7889,.2774,.1644,.4065,.0513
7890,.5994,.0445,.2942,.0000
7891,.6988,.0132,.2001,.0406
7892,.5779,.0489,.2575,.0457
7893,.6887,.0449,.2114,.0000
7894,.8134,.0004,.1444,.0000
7895,.8370,.0000,.1161,.0000
7896,.8148,.0000,.1271,.0000
7897,.7521,.0167,.1305,.0224
7898,.7253,.0165,.1820,.0006
7899,.6713,.0111,.2459,.0000
7900,.6616,.0131,.2808,.0000
7901,.7147,.0000,.2363,.0000
7902,.6706,.0005,.2796,.0000
7903,.6927,.0141,.2451,.0000
7904,.6332,.0172,.3072,.0000
7905,.5596,.1997,.2010,.0000
7906,.7184,.0178,.1985,.0000
7907,.6549,.0144,.2050,.0509
7908,.4361,.1152,.2669,.0994
7909,.4803,.0733,.2747,.0885
7910,.2907,.3410,.2641,.0381
7911,.0380,.7089,.1494,.0084
7912,.0477,.5797,.2072,.0266
7913,.4705,.1442,.2434,.0644
7914,.5860,.0152,.2545,.0623
7915,.6687,.1096,.1374,.0205
7916,.7244,.0921,.1390,.0000
7917,.5633,.0000,.4004,.0000
7918,.6783,.0003,.2751,.0000
7919,.7639,.0005,.1908,.0000
7920,.7547,.0014,.1903,.0000
7921,.6326,.0135,.2098,.0599
7922,.3606,.2787,.1086,.0760
7923,.0279,.5876,.0448,.0928
7924,.0679,.4254,.3198,.0850
7925,.2586,.0496,.6367,.0004
7926,.5338,.0220,.3304,.0493
7927,.6422,.0109,.2909,.0000
7928,.5854,.0048,.3505,.0000
7929,.6608,.0337,.2025,.0467
7930,.7216,.0163,.1746,.0361
7931,.5166,.1495,.1905,.0550
7932,.5438,.0822,.2292,.0722
7933,.7101,.0011,.2386,.0021
7934,.6904,.0095,.2297,.0049
7935,.7823,.0058,.1495,.0000
7936,.7366,.0065,.1915,.0000
7937,.7767,.0159,.1368,.0000
7938,.6973,.0001,.2392,.0000
7939,.7572,.0027,.1877,.0000
7940,.7722,.0007,.1841,.0000
7941,.6437,.0049,.2994,.0000
7942,.6252,.0027,.3184,.0000
7943,.5619,.0134,.3498,.0000
7944,.5761,.0026,.3486,.0000
7945,.7443,.0023,.1978,.0000
7946,.7295,.0026,.2140,.0018
7947,.5496,.0182,.2755,.0730
7948,.6128,.0054,.1025,.2199
7949,.6980,.0035,.2509,.0000
7950,.6694,.0135,.2566,.0000
7951,.6282,.0366,.2666,.0000
7952,.5815,.0586,.2757,.0127
7953,.6002,.1537,.1381,.0314
7954,.2806,.3897,.1123,.1697
7955,.0500,.6469,.2810,.0016
7956,.4836,.1730,.2096,.0755
7957,.5947,.0665,.2127,.0541
7958,.6601,.0636,.1961,.0132
7959,.3555,.0948,.4845,.0021
7960,.2599,.2864,.3751,.0000
7961,.3586,.1206,.4536,.0017
7962,.5621,.1252,.1874,.0586
7963,.5857,.0156,.2836,.0521
7964,.2634,.2022,.3582,.1209
7965,.4689,.0537,.3226,.0685
7966,.5125,.0389,.3831,.0000
7967,.6152,.0050,.3300,.0000
7968,.5262,.0166,.3857,.0000
7969,.4700,.0179,.4371,.0000
7970,.3944,.0418,.5077,.0000
7971,.3642,.0341,.5349,.0000
7972,.3186,.0268,.5848,.0000
7973,.4578,.0059,.4797,.0000
7974,.4303,.0184,.4847,.0000
7975,.6758,.0097,.2756,.0000
7976,.6324,.0104,.2840,.0000
7977,.5291,.0041,.3935,.0025
7978,.5857,.0488,.2883,.0009
7979,.2903,.1915,.4313,.0140
7980,.4637,.2660,.2057,.0092
7981,.6559,.0223,.2554,.0026
7982,.3217,.1864,.4179,.0015
7983,.2388,.0980,.5930,.0000
7984,.5082,.0170,.4085,.0022
7985,.4627,.1276,.3278,.0207
7986,.5590,.0358,.3329,.0018
7987,.6703,.0078,.2422,.0000
7988,.6570,.0986,.1787,.0000
7989,.6816,.0027,.2471,.0000
7990,.6409,.0017,.2912,.0095
7991,.4158,.0988,.3403,.0467
7992,.1689,.5441,.1669,.0353
7993,.0049,.7917,.1082,.0275
7994,.0050,.8584,.0135,.0613
7995,.0043,.8307,.0481,.0298
7996,.0050,.7108,.0267,.0669
7997,.0224,.3328,.1048,.1910
7998,.0164,.5278,.0782,.1224
7999,.0302,.6713,.1009,.0569
8000,.0098,.6430,.0807,.0601
8001,.2882,.1230,.3215,.1920
8002,.5843,.0290,.2715,.0273
8003,.2831,.3538,.2103,.0532
8004,.0557,.5651,.2580,.0273
8005,.1123,.3461,.3603,.0916
8006,.5085,.0655,.3423,.0000
8007,.1135,.3510,.4127,.0300
8008,.3708,.1146,.3618,.0688
8009,.0489,.3523,.4762,.0014
8010,.0097,.5766,.2925,.0000
8011,.2235,.2708,.4228,.0091
8012,.4195,.1453,.3767,.0040
8013,.6064,.0455,.2968,.0000
8014,.6004,.0688,.2736,.0018
8015,.6368,.0943,.2059,.0000
8016,.5125,.1297,.2015,.0541
8017,.5226,.0422,.3386,.0406
8018,.4102,.0622,.3976,.0711
8019,.3627,.2767,.2528,.0260
8020,.2908,.2821,.3177,.0014
8021,.2191,.2495,.4601,.0041
8022,.5635,.1823,.2021,.0014
8023,.4763,.2002,.2663,.0000
8024,.7004,.0024,.2012,.0298
8025,.7186,.0190,.2027,.0000
8026,.7811,.0041,.1593,.0000
8027,.8219,.0000,.1156,.0158
8028,.5760,.0493,.3121,.0000
8029,.5728,.0567,.2222,.0949
8030,.6857,.0078,.2455,.0202
8031,.7292,.0013,.2329,.0000
8032,.7376,.0019,.2195,.0000
8033,.8023,.0035,.1499,.0011
8034,.6165,.0367,.2814,.0069
8035,.4997,.0254,.2965,.1166
8036,.5612,.0608,.3062,.0000
8037,.6143,.0383,.2603,.0100
8038,.6311,.0360,.2401,.0083
8039,.3921,.1262,.3595,.0200
8040,.1470,.3198,.4024,.0000
8041,.1634,.4157,.3031,.0141
8042,.0846,.4890,.3523,.0092
8043,.7133,.0385,.1949,.0040
8044,.7933,.0228,.1385,.0000
8045,.6678,.0138,.2562,.0000
8046,.6775,.0234,.2377,.0000
8047,.6731,.0098,.2615,.0000
8048,.8222,.0000,.1520,.0000
8049,.8534,.0000,.1080,.0000
8050,.8213,.0000,.1443,.0000
8051,.7223,.0020,.1937,.0290
8052,.4925,.1342,.1851,.0708
8053,.0527,.4961,.0505,.1407
8054,.0499,.4989,.1134,.1268
8055,.1007,.2243,.5350,.0206
8056,.1511,.1269,.6153,.0227
8057,.2202,.1298,.5842,.0000
8058,.4087,.0281,.3871,.1082
8059,.5836,.1313,.2035,.0238
8060,.6654,.0496,.2391,.0006
8061,.4029,.2623,.1163,.1656
8062,.5574,.0759,.2854,.0135
8063,.6854,.0031,.2578,.0000
8064,.6934,.0114,.2322,.0000
8065,.8570,.0000,.1004,.0000
8066,.7799,.0000,.1640,.0000
8067,.7435,.0105,.1733,.0000
8068,.5451,.0020,.3768,.0000
8069,.7689,.0008,.1783,.0000
8070,.6057,.0182,.3222,.0000
8071,.6077,.0517,.2500,.0202
8072,.6497,.0035,.2714,.0000
8073,.5820,.0239,.3219,.0000
8074,.5387,.0142,.3564,.0179
8075,.6709,.0201,.2268,.0232
8076,.6505,.0917,.1940,.0141
8077,.4662,.0658,.3068,.0774
8078,.6317,.0004,.3197,.0000
8079,.7562,.0033,.1864,.0000
8080,.7346,.0480,.1602,.0000
8081,.6740,.0136,.2528,.0000
8082,.5568,.1550,.1974,.0192
8083,.5514,.0536,.3001,.0136
8084,.3728,.1978,.1470,.2133
8085,.0853,.6260,.1600,.0664
8086,.1187,.4962,.3400,.0000
8087,.5493,.0245,.3499,.0000
8088,.6850,.0169,.1826,.0571
8089,.3768,.1514,.3745,.0234
8090,.4202,.2114,.2896,.0183
8091,.1468,.4505,.2887,.0546
8092,.2132,.4315,.3074,.0000
8093,.6192,.0638,.2104,.0566
8094,.3826,.1775,.3608,.0255
8095,.3584,.1449,.3354,.0976
8096,.5003,.0308,.4037,.0000
8097,.4639,.0249,.4448,.0000
8098,.5273,.0282,.3726,.0000
8099,.5320,.0115,.3946,.0000
8100,.5755,.0093,.3569,.0000
8101,.4691,.0087,.4598,.0000
8102,.3328,.0266,.5722,.0000
8103,.4719,.0052,.4798,.0000
8104,.3982,.0167,.5147,.0000
8105,.4516,.0763,.3872,.0273
8106,.4707,.0556,.4075,.0019
8107,.5289,.0174,.3525,.0388
8108,.6920,.0034,.2471,.0040
8109,.4920,.0250,.4029,.0141
8110,.3592,.0925,.4554,.0156
8111,.5961,.0033,.3130,.0349
8112,.3076,.1476,.4785,.0073
8113,.1048,.1973,.6159,.0000
8114,.2195,.0975,.5636,.0383
8115,.4887,.0252,.4031,.0266
8116,.7072,.0035,.2224,.0041
8117,.6276,.0175,.2878,.0000
8118,.3602,.0342,.5129,.0000
8119,.5559,.0000,.3680,.0000
8120,.4745,.0001,.4435,.0100
8121,.5752,.0000,.3366,.0175
8122,.5837,.0017,.3533,.0000
8123,.3451,.2615,.3127,.0001
8124,.1082,.6423,.1267,.0207
8125,.0239,.6363,.0953,.0897
8126,.0087,.5526,.0305,.1403
8127,.0094,.4752,.0625,.2461
8128,.0479,.5997,.1394,.0711
8129,.0861,.3942,.3154,.1072
8130,.0764,.4496,.3054,.0508
8131,.1378,.4263,.2619,.0798
8132,.6619,.0179,.1881,.0566
8133,.4243,.2577,.1323,.0603
8134,.0287,.5483,.2015,.0811
8135,.0124,.5585,.0415,.2241
8136,.2186,.3241,.3077,.0588
8137,.1343,.3749,.3941,.0014
8138,.2261,.2167,.3547,.0996
8139,.1347,.3150,.3963,.0295
8140,.1082,.4159,.3497,.0400
8141,.4982,.1010,.2313,.0920
8142,.2790,.2351,.3820,.0322
8143,.4876,.2172,.2439,.0000
8144,.3289,.2754,.3477,.0000
8145,.4441,.2283,.2585,.0133
8146,.1831,.3074,.4285,.0125
8147,.2509,.1745,.4763,.0324
8148,.3140,.2729,.3584,.0030
8149,.4484,.0908,.3344,.0471
8150,.3982,.1461,.3493,.0304
8151,.2970,.2376,.3825,.0034
8152,.7980,.0365,.1169,.0105
8153,.8154,.0006,.1348,.0095
8154,.7092,.0056,.2262,.0000
8155,.5039,.0452,.3817,.0000
8156,.6972,.0333,.2219,.0000
8157,.7177,.0000,.2308,.0000
8158,.5327,.0457,.3516,.0000
8159,.4617,.1511,.2785,.0425
8160,.2808,.2042,.3175,.1191
8161,.4642,.0761,.3905,.0000
8162,.4558,.1146,.3661,.0000
8163,.3446,.1681,.4111,.0112
8164,.1524,.1721,.5854,.0068
8165,.4440,.0671,.3539,.0569
8166,.5749,.0536,.2818,.0000
8167,.3845,.0931,.4409,.0023
8168,.3880,.1032,.4114,.0000
8169,.2480,.3390,.2631,.0379
8170,.2702,.2597,.3808,.0000
8171,.5831,.1229,.2455,.0000
8172,.4533,.1847,.2989,.0000
8173,.5649,.0618,.2873,.0281
8174,.7759,.0407,.1039,.0218
8175,.5780,.1222,.1767,.0668
8176,.7256,.0048,.2063,.0207
8177,.8197,.0135,.1263,.0103
8178,.8149,.0026,.1336,.0101
8179,.9199,.0000,.0614,.0000
8180,.8928,.0000,.0846,.0000
8181,.8491,.0000,.0984,.0159
8182,.5755,.0440,.2621,.0272
8183,.0785,.2946,.1645,.1856
8184,.0552,.3442,.1703,.1434
8185,.1934,.2812,.2488,.1141
8186,.3669,.2109,.2976,.0338
8187,.1997,.1522,.5669,.0032
8188,.1479,.2169,.5454,.0000
8189,.0965,.3226,.5034,.0000
8190,.4918,.0483,.3175,.0765
8191,.8071,.0114,.1313,.0000
8192,.5893,.0826,.2391,.0084
8193,.7709,.0120,.1567,.0000
8194,.7766,.0059,.1531,.0000
8195,.8260,.0000,.1194,.0000
8196,.7494,.0000,.1967,.0000
8197,.7337,.0006,.2058,.0000
8198,.7294,.0029,.1946,.0000
8199,.7858,.0052,.1522,.0000
8200,.7600,.0027,.1844,.0000
8201,.6803,.0041,.2599,.0000
8202,.6078,.0147,.3156,.0000
8203,.5699,.0346,.3239,.0000
8204,.4742,.0469,.2878,.1059
8205,.5155,.0671,.2813,.0626
8206,.5155,.1053,.2783,.0224
8207,.4592,.1330,.2452,.0818
8208,.6011,.0325,.3040,.0000
8209,.7727,.0039,.1754,.0000
8210,.7061,.0560,.1769,.0000
8211,.5949,.0374,.2471,.0423
8212,.6106,.0307,.2555,.0186
8213,.6181,.0764,.2053,.0184
8214,.4660,.2288,.2074,.0299
8215,.1035,.6382,.1653,.0226
8216,.0940,.7090,.1186,.0318
8217,.1350,.4208,.2814,.1163
8218,.6957,.0206,.1456,.0759
8219,.5443,.0331,.3542,.0000
8220,.4298,.1383,.3758,.0000
8221,.2831,.2744,.3853,.0000
8222,.2836,.2263,.4393,.0000
8223,.5640,.0412,.3416,.0000
8224,.4593,.0420,.4329,.0000
8225,.3983,.1077,.4335,.0000
8226,.4986,.0141,.4165,.0000
8227,.5841,.0085,.3476,.0000
8228,.6319,.0186,.2890,.0000
8229,.6142,.0077,.3157,.0000
8230,.4665,.0231,.4382,.0000
8231,.5279,.0035,.4004,.0000
8232,.3706,.0084,.4925,.0321
8233,.3378,.0064,.5534,.0309
8234,.4919,.0038,.4434,.0000
8235,.4197,.0432,.4706,.0053
8236,.4848,.0550,.3717,.0157
8237,.4615,.0245,.4269,.0117
8238,.6451,.0127,.2385,.0288
8239,.4246,.0412,.4575,.0057
8240,.4851,.0550,.3870,.0061
8241,.6166,.0071,.3197,.0076
8242,.4416,.0552,.3692,.0866
8243,.2155,.0840,.6430,.0000
8244,.4020,.0385,.4828,.0131
8245,.4939,.0222,.3652,.0473
8246,.5850,.0158,.3241,.0104
8247,.6203,.0844,.2288,.0000
8248,.5236,.0089,.3678,.0173
8249,.5370,.0000,.3909,.0000
8250,.6006,.0000,.3299,.0103
8251,.5419,.0000,.3664,.0413
8252,.4526,.0000,.5029,.0000
8253,.4526,.0000,.5020,.0000
8254,.4659,.0029,.4585,.0109
8255,.6253,.0019,.3274,.0000
8256,.6067,.0201,.2407,.0210
8257,.3165,.1685,.2981,.0854
8258,.3133,.2790,.3081,.0014
8259,.1767,.4417,.2842,.0015
8260,.1118,.5275,.1931,.0427
8261,.1048,.6308,.1785,.0008
8262,.3581,.2991,.2441,.0038
8263,.0829,.5729,.0902,.0606
8264,.1033,.4716,.3057,.0168
8265,.0796,.4372,.3908,.0217
8266,.0664,.5665,.1400,.1300
8267,.1937,.3102,.1864,.2074
8268,.1669,.3589,.2788,.0763
8269,.0515,.5938,.2258,.0061
8270,.0648,.5470,.2078,.0270
8271,.0601,.5422,.1060,.1286
8272,.0352,.5866,.1476,.0799
8273,.0390,.4807,.3777,.0000
8274,.2931,.1873,.4145,.0176
8275,.2753,.3227,.3167,.0097
8276,.3607,.2087,.3289,.0204
8277,.6372,.0440,.2237,.0153
8278,.5574,.1074,.2742,.0000
8279,.7062,.0238,.2033,.0000
8280,.5969,.0910,.2565,.0000
8281,.4875,.1064,.3210,.0178
8282,.5768,.0425,.2255,.0683
8283,.3728,.1880,.1620,.2194
8284,.7104,.0136,.2274,.0000
8285,.7418,.0033,.1989,.0000
8286,.7547,.0063,.1823,.0000
8287,.8252,.0088,.1228,.0000
8288,.7972,.0000,.1534,.0000
8289,.7122,.1042,.1278,.0000
8290,.6073,.0428,.2624,.0000
8291,.6208,.0202,.2667,.0000
8292,.7075,.0023,.2229,.0000
8293,.6968,.0287,.2137,.0000
8294,.4489,.0322,.4521,.0000
8295,.5024,.0358,.3970,.0000
8296,.3986,.1098,.4096,.0000
8297,.2856,.2578,.3758,.0000
8298,.0484,.6629,.1813,.0000
8299,.0062,.6586,.2097,.0034
8300,.1921,.2759,.4559,.0000
8301,.5965,.1126,.2334,.0000
8302,.7421,.0186,.1868,.0000
8303,.5930,.0571,.2112,.0798
8304,.3047,.1303,.0188,.3652
8305,.0567,.3617,.0018,.3803
8306,.0893,.1686,.2373,.2729
8307,.2721,.4367,.1084,.0947
8308,.2652,.3345,.0875,.2447
8309,.5973,.2312,.0488,.0637
8310,.5776,.0722,.1922,.1057
8311,.4023,.0880,.0788,.3547
8312,.3617,.1493,.0883,.2863
8313,.0658,.5181,.0934,.0729
8314,.0373,.3307,.0744,.1826
8315,.3689,.1401,.2776,.1016
8316,.6058,.0327,.3029,.0006
8317,.6710,.0300,.2314,.0045
8318,.5678,.0526,.2834,.0000
8319,.3688,.1662,.3775,.0000
8320,.2381,.1755,.4876,.0161
8321,.7531,.0072,.1819,.0000
8322,.7088,.0332,.1637,.0180
8323,.8080,.0038,.1160,.0200
8324,.7654,.0151,.1473,.0000
8325,.8331,.0062,.0947,.0070
8326,.8148,.0072,.0973,.0351
8327,.7312,.0000,.2193,.0000
8328,.7217,.0007,.2183,.0000
8329,.6181,.0098,.2845,.0235
8330,.5554,.0197,.3444,.0178
8331,.5972,.0068,.3257,.0000
8332,.5897,.0221,.3231,.0000
8333,.6302,.0215,.2454,.0410
8334,.5295,.0625,.3312,.0000
8335,.5503,.0797,.2049,.0848
8336,.5269,.1908,.1996,.0168
8337,.4473,.1031,.0993,.2669
8338,.4216,.1351,.2493,.1015
8339,.6937,.0059,.2380,.0000
8340,.7480,.0039,.1927,.0000
8341,.7572,.0097,.1447,.0264
8342,.6371,.0209,.2583,.0014
8343,.6188,.0168,.2531,.0273
8344,.4274,.2355,.2589,.0000
8345,.2733,.4233,.1740,.0457
8346,.2527,.2620,.3256,.0760
8347,.0869,.6198,.2395,.0070
8348,.2310,.2656,.3170,.1380
8349,.5338,.0334,.3399,.0114
8350,.5587,.0592,.3287,.0000
8351,.2183,.2736,.4661,.0000
8352,.4427,.0596,.4245,.0222
8353,.7875,.0018,.1620,.0000
8354,.7048,.0216,.1879,.0254
8355,.6399,.0093,.2532,.0316
8356,.6621,.0015,.2777,.0000
8357,.4749,.0171,.4456,.0000
8358,.6048,.0075,.3221,.0000
8359,.5953,.0102,.3234,.0000
8360,.5665,.0118,.3561,.0000
8361,.3625,.0271,.5097,.0185
8362,.2682,.0294,.5979,.0028
8363,.3718,.0143,.5614,.0000
8364,.5279,.0003,.4137,.0000
8365,.3749,.0161,.5348,.0087
8366,.3641,.0318,.4745,.0579
8367,.3378,.0300,.5613,.0048
8368,.5270,.0089,.4051,.0000
8369,.6778,.0039,.2619,.0031
8370,.7293,.0053,.2164,.0027
8371,.5984,.0098,.3319,.0125
8372,.5831,.0901,.2873,.0000
8373,.3493,.0847,.4995,.0051
8374,.6247,.0120,.2862,.0186
8375,.3825,.0200,.5290,.0000
8376,.4691,.0349,.4284,.0000
8377,.5932,.0007,.3484,.0000
8378,.4844,.0101,.3736,.0634
8379,.6169,.0000,.3095,.0000
8380,.4064,.0754,.4599,.0000
8381,.5374,.0079,.3843,.0146
8382,.4868,.0000,.4403,.0219
8383,.4569,.0000,.4024,.0847
8384,.4723,.0000,.4761,.0000
8385,.6010,.0000,.3552,.0000
8386,.7098,.0000,.2395,.0000
8387,.6804,.0026,.2514,.0000
8388,.7012,.0000,.2466,.0000
8389,.6444,.0000,.2964,.0000
8390,.6558,.0046,.2763,.0000
8391,.6451,.0359,.2367,.0000
8392,.2821,.1502,.4640,.0000
8393,.4753,.1178,.3112,.0034
8394,.0857,.3920,.2693,.0653
8395,.1453,.3971,.3344,.0209
8396,.0839,.4013,.3927,.0000
8397,.0941,.4302,.3621,.0000
8398,.0255,.4824,.3844,.0000
8399,.0382,.4585,.3762,.0000
8400,.4303,.1926,.2778,.0018
8401,.3821,.1882,.3311,.0052
8402,.3743,.2009,.3219,.0163
8403,.3493,.2473,.2590,.0487
8404,.5600,.0727,.2774,.0000
8405,.6259,.0883,.2059,.0218
8406,.6049,.0818,.2299,.0171
8407,.7457,.0191,.1649,.0142
8408,.6878,.0180,.2202,.0044
8409,.6881,.0100,.2400,.0000
8410,.7459,.0111,.1861,.0000
8411,.6588,.1681,.0724,.0491
8412,.3830,.2321,.0661,.2152
8413,.1895,.1693,.1106,.4142
8414,.6325,.0273,.2613,.0324
8415,.7666,.0487,.1192,.0079
8416,.4860,.1631,.2005,.0720
8417,.2378,.2678,.3456,.0470
8418,.5854,.0671,.2449,.0157
8419,.7120,.0135,.1499,.0634
8420,.7205,.0163,.2076,.0000
8421,.6273,.0082,.2931,.0000
8422,.5756,.0064,.3532,.0000
8423,.5349,.0291,.3645,.0000
8424,.6507,.0165,.2705,.0000
8425,.6383,.0111,.2862,.0000
8426,.4891,.0291,.4144,.0000
8427,.3715,.0732,.4662,.0122
8428,.0491,.6096,.2600,.0000
8429,.0224,.7190,.1586,.0227
8430,.3401,.2239,.3499,.0134
8431,.5958,.1153,.2333,.0000
8432,.5914,.1888,.1727,.0000
8433,.5130,.1833,.1410,.0910
8434,.0497,.5039,.0014,.0644
8435,.0072,.3919,.0014,.0271
8436,.0027,.1600,.0010,.0044
8437,.0372,.1079,.0000,.1510
8438,.0054,.3441,.0436,.1199
8439,.0462,.0212,.0000,.0892
8440,.1606,.1177,.1015,.1410
8441,.3897,.0000,.0393,.5488
8442,.6005,.0582,.1293,.1554
8443,.0881,.5476,.0303,.1492
8444,.0235,.6650,.0017,.0930
8445,.0669,.4260,.0697,.2060
8446,.4644,.0962,.3504,.0000
8447,.5233,.0097,.3188,.0736
8448,.7526,.0015,.1536,.0212
8449,.8105,.0020,.1221,.0000
8450,.7677,.0059,.1341,.0117
8451,.7280,.0209,.1890,.0000
8452,.6719,.0272,.2173,.0000
8453,.7205,.0189,.1729,.0116
8454,.8002,.0086,.1335,.0000
8455,.8132,.0089,.1193,.0000
8456,.7181,.0064,.2229,.0000
8457,.6495,.0000,.2957,.0000
8458,.7221,.0116,.1865,.0000
8459,.5811,.0159,.3306,.0000
8460,.4399,.0206,.4602,.0000
8461,.5458,.0355,.3304,.0000
8462,.6096,.0049,.3275,.0003
8463,.5501,.0162,.2839,.0790
8464,.5553,.0747,.1991,.1035
8465,.5184,.1171,.2790,.0258
8466,.3996,.1770,.2941,.0649
8467,.2391,.3195,.3265,.0393
8468,.3695,.0945,.3324,.1053
8469,.4445,.0424,.4319,.0000
8470,.7183,.0041,.2327,.0000
8471,.7544,.0001,.1890,.0000
8472,.6052,.1195,.1118,.0895
8473,.3845,.0876,.4079,.0298
8474,.3624,.1747,.3191,.0624
8475,.1300,.4350,.3353,.0006
8476,.3241,.2474,.3360,.0002
8477,.1429,.4702,.3036,.0000
8478,.0567,.4642,.3769,.0404
8479,.4483,.0147,.4141,.0570
8480,.5110,.0712,.3685,.0000
8481,.2491,.1870,.4948,.0165
8482,.4238,.0783,.3948,.0470
8483,.5362,.0487,.2229,.1320
8484,.5156,.0399,.3103,.0636
8485,.3727,.0497,.5004,.0000
8486,.5057,.0350,.3880,.0130
8487,.4171,.0605,.4721,.0000
8488,.3833,.0102,.5519,.0000
8489,.4033,.0187,.5027,.0000
8490,.4615,.0067,.4062,.0313
8491,.4742,.0081,.4335,.0003
8492,.4070,.0095,.5211,.0000
8493,.4762,.0180,.4414,.0000
8494,.5577,.0082,.3697,.0004
8495,.4666,.0170,.4565,.0000
8496,.5176,.0134,.3794,.0298
8497,.4262,.0080,.5136,.0000
8498,.5480,.0104,.4002,.0000
8499,.7035,.0034,.2555,.0000
8500,.8122,.0007,.1614,.0000
8501,.7054,.0001,.2612,.0000
8502,.5565,.0014,.3629,.0255
8503,.7181,.0036,.2178,.0181
8504,.7901,.0002,.1703,.0001
8505,.6646,.0040,.2718,.0000
8506,.4361,.0290,.4482,.0272
8507,.4179,.1114,.4230,.0000
8508,.3585,.0366,.5018,.0312
8509,.5494,.0009,.3865,.0127
8510,.2989,.1577,.4319,.0408
8511,.1867,.2329,.4678,.0407
8512,.3672,.1399,.3353,.0982
8513,.4392,.0352,.2678,.1738
8514,.4662,.0000,.4295,.0480
8515,.5774,.0000,.3747,.0000
8516,.5533,.0000,.3903,.0000
8517,.5467,.0000,.3914,.0000
8518,.6658,.0000,.2839,.0000
8519,.6771,.0000,.2687,.0000
8520,.6754,.0000,.2732,.0000
8521,.6613,.0026,.2631,.0000
8522,.4477,.0538,.4125,.0000
8523,.3999,.1257,.3991,.0000
8524,.1972,.3979,.2018,.0657
8525,.0276,.2762,.2345,.2543
8526,.1758,.2718,.4653,.0000
8527,.1953,.3183,.3992,.0058
8528,.1785,.3576,.3311,.0332
8529,.4402,.2036,.2577,.0242
8530,.4303,.0708,.4319,.0000
8531,.4999,.0381,.4054,.0005
8532,.6692,.0388,.2316,.0013
8533,.4255,.1035,.3659,.0300
8534,.5554,.0352,.2752,.0706
8535,.6244,.1402,.1836,.0083
8536,.6549,.1328,.1479,.0064
8537,.7832,.0051,.1513,.0000
8538,.7357,.0122,.1839,.0000
8539,.7308,.0189,.1766,.0000
8540,.7032,.0157,.2157,.0000
8541,.6662,.0179,.2355,.0188
8542,.7989,.0055,.1198,.0258
8543,.7042,.0062,.2409,.0000
8544,.6230,.0328,.2227,.0729
8545,.6911,.0969,.0819,.0825
8546,.7820,.0129,.1298,.0000
8547,.4613,.1289,.2813,.0466
8548,.4216,.1304,.3041,.0608
8549,.4486,.1092,.3112,.0577
8550,.3513,.0813,.4721,.0231
8551,.6266,.0109,.3171,.0000
8552,.8122,.0004,.1518,.0000
8553,.4806,.1470,.3085,.0011
8554,.7709,.0393,.0942,.0339
8555,.6827,.0098,.1811,.0699
8556,.6880,.0096,.2223,.0265
8557,.5296,.0267,.3302,.0376
8558,.2569,.2171,.3460,.0544
8559,.0946,.2796,.4972,.0165
8560,.4269,.0773,.4038,.0195
8561,.7745,.0597,.1064,.0000
8562,.6667,.1384,.1378,.0000
8563,.6633,.1118,.1589,.0018
8564,.4986,.0085,.1222,.2555
8565,.5176,.1094,.0787,.1716
8566,.4646,.2365,.0629,.0977
8567,.5898,.0968,.1028,.1157
8568,.2356,.0311,.0594,.3631
8569,.0160,.0254,.0138,.0661
8570,.0289,.0987,.0187,.1323
8571,.3452,.1753,.0092,.2100
8572,.5312,.1018,.1841,.1179
8573,.2392,.3385,.0455,.2362
8574,.0600,.4306,.0771,.1688
8575,.0192,.6371,.0137,.0678
8576,.1000,.4255,.2645,.0650
8577,.5788,.0373,.2771,.0231
8578,.5758,.1507,.1544,.0281
8579,.7056,.0105,.1605,.0324
8580,.7008,.0108,.1626,.0264
8581,.8060,.0010,.1347,.0000
8582,.6832,.0128,.2284,.0000
8583,.7533,.0050,.1870,.0000
8584,.6904,.0063,.2399,.0000
8585,.7256,.0071,.2029,.0000
8586,.7184,.0029,.2111,.0000
8587,.5896,.0026,.3435,.0000
8588,.6672,.0075,.2439,.0040
8589,.6067,.0251,.2968,.0000
8590,.5576,.0185,.3570,.0000
8591,.6229,.0074,.3194,.0000
8592,.6934,.0401,.1665,.0307
8593,.6292,.0198,.2242,.0653
8594,.5715,.0440,.2871,.0354
8595,.4174,.1889,.2928,.0435
8596,.1077,.4397,.3572,.0275
8597,.3411,.1739,.3789,.0322
8598,.4002,.1031,.3506,.0681
8599,.6432,.0092,.2634,.0000
8600,.6318,.0153,.2847,.0000
8601,.6993,.0041,.2295,.0000
8602,.6468,.0165,.2561,.0070
8603,.3585,.0945,.3331,.1333
8604,.1163,.4798,.3040,.0315
8605,.0241,.7080,.1937,.0000
8606,.1890,.2002,.5089,.0000
8607,.2362,.2132,.3970,.0509
8608,.0193,.6157,.3148,.0000
8609,.4807,.0751,.3531,.0368
8610,.6863,.0037,.2627,.0000
8611,.4348,.0611,.3354,.1128
8612,.5159,.0699,.2955,.0510
8613,.4324,.0812,.4066,.0084
8614,.1318,.1456,.6541,.0000
8615,.1331,.2401,.5707,.0000
8616,.1614,.2679,.4652,.0537
8617,.3480,.1625,.4141,.0160
8618,.3725,.0364,.5153,.0000
8619,.5014,.0157,.4105,.0000
8620,.4660,.0094,.4387,.0000
8621,.3884,.0189,.5337,.0000
8622,.4061,.0151,.5114,.0000
8623,.6142,.0025,.3225,.0032
8624,.6908,.0051,.2109,.0390
8625,.5257,.0216,.3501,.0324
8626,.6217,.0220,.2666,.0330
8627,.4826,.0191,.3879,.0483
8628,.7510,.0057,.1876,.0087
8629,.6200,.0071,.2952,.0333
8630,.6205,.0136,.3136,.0065
8631,.4809,.0490,.4157,.0000
8632,.2928,.0861,.4818,.0828
8633,.3989,.0921,.4330,.0194
8634,.4717,.0464,.3834,.0297
8635,.6401,.0051,.2743,.0193
8636,.5380,.0227,.3702,.0000
8637,.2530,.0235,.6531,.0000
8638,.2502,.0421,.6303,.0025
8639,.3506,.0110,.5785,.0000
8640,.5561,.0036,.3820,.0000
8641,.4939,.0481,.3688,.0241
8642,.2530,.0606,.5338,.0809
8643,.2687,.0891,.5314,.0089
8644,.3437,.0457,.4994,.0371
8645,.5673,.0000,.3779,.0000
8646,.6392,.0000,.3209,.0000
8647,.6886,.0000,.2321,.0396
8648,.6947,.0000,.2594,.0000
8649,.6256,.0000,.3224,.0000
8650,.6446,.0000,.2992,.0000
8651,.6132,.0049,.2967,.0000
8652,.4288,.0414,.4479,.0000
8653,.2379,.0699,.6162,.0000
8654,.5403,.0311,.2696,.0870
8655,.2064,.1147,.2879,.2821
8656,.3604,.0892,.4183,.0503
8657,.5703,.0262,.3046,.0333
8658,.5038,.0440,.3271,.0502
8659,.5937,.0108,.2834,.0442
8660,.4749,.0000,.4709,.0000
8661,.6362,.0018,.3045,.0000
8662,.6321,.0205,.2940,.0000
8663,.3320,.1351,.3965,.0591
8664,.7188,.0201,.1765,.0293
8665,.8433,.0013,.0880,.0305
8666,.6164,.0001,.3259,.0000
8667,.7337,.0001,.2102,.0000
8668,.7749,.0391,.1091,.0003
8669,.7796,.0614,.0984,.0003
8670,.7427,.0029,.1930,.0000
8671,.5864,.1004,.2239,.0245
8672,.5904,.0383,.2936,.0000
8673,.7193,.0175,.2021,.0000
8674,.6585,.0091,.2543,.0052
8675,.7015,.0121,.2017,.0039
8676,.7150,.0194,.1875,.0070
8677,.5197,.0587,.3311,.0193
8678,.2310,.1833,.3988,.1022
8679,.3639,.0864,.4499,.0250
8680,.4354,.0708,.4202,.0000
8681,.4955,.0660,.3761,.0000
8682,.6757,.0176,.2392,.0000
8683,.3616,.2620,.3063,.0106
8684,.7432,.0261,.1241,.0473
8685,.6648,.0245,.1351,.1057
8686,.7970,.0011,.1001,.0271
8687,.8068,.0079,.1341,.0000
8688,.5049,.1381,.2701,.0028
8689,.0876,.2745,.5433,.0000
8690,.3742,.0719,.3218,.1578
8691,.7847,.0004,.1694,.0000
8692,.7776,.0143,.1557,.0022
8693,.6547,.1139,.1146,.0675
8694,.5732,.0307,.0809,.1875
8695,.4990,.0989,.1355,.1417
8696,.7426,.0354,.0970,.0647
8697,.6654,.0229,.2354,.0110
8698,.4524,.1123,.2340,.1190
8699,.0098,.2224,.0018,.0548
8700,.0000,.0080,.0000,.0004
8701,.0000,.2350,.0046,.1591
8702,.4654,.0056,.0482,.4006
8703,.6683,.0473,.1923,.0202
8704,.2865,.1079,.2065,.1816
8705,.0879,.3540,.0381,.2411
8706,.0276,.4434,.0439,.1290
8707,.1276,.1947,.2028,.2572
8708,.6097,.0243,.2486,.0144
8709,.4279,.0386,.3391,.0988
8710,.3363,.0572,.4865,.0474
8711,.7340,.0097,.1998,.0000
8712,.5927,.0117,.3175,.0000
8713,.7026,.0024,.1909,.0435
8714,.8082,.0000,.0874,.0565
8715,.7528,.0000,.1751,.0222
8716,.6965,.0000,.2429,.0027
8717,.6984,.0033,.2321,.0000
8718,.6480,.0071,.2669,.0154
8719,.6416,.0075,.2885,.0000
8720,.6342,.0031,.2986,.0096
8721,.6706,.0077,.2686,.0000
8722,.5721,.0315,.2175,.1055
8723,.7430,.0045,.1976,.0000
8724,.6006,.0233,.2876,.0111
8725,.2415,.2832,.4249,.0000
8726,.0310,.4206,.3660,.1119
8727,.0466,.4588,.3305,.0977
8728,.2428,.2897,.3751,.0206
8729,.5934,.0248,.3095,.0000
8730,.6601,.0028,.2748,.0095
8731,.6732,.0109,.2550,.0000
8732,.5561,.0487,.2884,.0335
8733,.2609,.2450,.1667,.2474
8734,.0466,.7729,.1242,.0083
8735,.0252,.6607,.2263,.0184
8736,.3273,.1322,.4447,.0000
8737,.3060,.1502,.4101,.0394
8738,.0913,.5714,.2877,.0000
8739,.2982,.2101,.3743,.0719
8740,.7299,.0000,.2483,.0000
8741,.5695,.0115,.3694,.0000
8742,.3816,.0587,.4847,.0000
8743,.0234,.4150,.4792,.0281
8744,.0974,.2992,.5522,.0000
8745,.3351,.1275,.4374,.0280
8746,.1857,.2894,.4645,.0124
8747,.4466,.1324,.3495,.0190
8748,.2549,.1101,.5540,.0000
8749,.3199,.0427,.5649,.0000
8750,.3180,.0138,.5826,.0163
8751,.3162,.0094,.6180,.0000
8752,.3662,.0277,.5309,.0114
8753,.4462,.0354,.4625,.0046
8754,.5612,.0333,.3008,.0451
8755,.6272,.0170,.2724,.0175
8756,.6119,.0228,.2426,.0534
8757,.6064,.0135,.2857,.0315
8758,.6226,.0143,.2549,.0363
8759,.4829,.0574,.3451,.0553
8760,.5755,.0410,.2719,.0588
8761,.6118,.0000,.3489,.0000
8762,.5996,.0158,.3384,.0000
8763,.7645,.0140,.1547,.0174
8764,.7550,.0074,.1867,.0000
8765,.6089,.0000,.3250,.0057
8766,.5993,.0117,.3274,.0000
8767,.5110,.0120,.4152,.0003
8768,.6380,.0000,.2613,.0352
8769,.4739,.0000,.4887,.0000
8770,.5063,.0045,.4341,.0000
8771,.3018,.0644,.5199,.0543
8772,.2566,.1238,.4607,.0858
8773,.4293,.0211,.3209,.1000
8774,.5435,.0089,.3309,.0178
8775,.3565,.0877,.4867,.0000
8776,.5032,.0360,.3358,.0640
8777,.3231,.0706,.4558,.0975
8778,.5021,.0058,.4285,.0099
8779,.6717,.0000,.2795,.0000
8780,.6655,.0000,.2771,.0000
8781,.5918,.0000,.3131,.0184
8782,.5519,.0087,.3643,.0000
8783,.5822,.0105,.3400,.0000
8784,.5508,.0024,.2908,.0959
8785,.4689,.0170,.1962,.2540
8786,.6042,.0010,.3116,.0169
8787,.5814,.0000,.3550,.0000
8788,.7146,.0007,.2221,.0000
8789,.6065,.0231,.2914,.0000
8790,.6935,.0023,.2402,.0000
8791,.6315,.1035,.2035,.0000
8792,.5563,.0162,.3376,.0215
8793,.2585,.1712,.2986,.1160
8794,.1015,.3370,.3250,.0207
8795,.2909,.2303,.1659,.2164
8796,.4536,.1129,.2674,.0874
8797,.4600,.1314,.3022,.0248
8798,.4731,.1346,.3061,.0062
8799,.5444,.0779,.2353,.0756
8800,.8324,.0492,.0709,.0053
8801,.6881,.1399,.1216,.0000
8802,.6809,.0183,.2355,.0026
8803,.6769,.0163,.2375,.0000
8804,.5719,.0223,.2613,.0498
8805,.6487,.0245,.2369,.0058
8806,.7916,.0005,.1713,.0000
8807,.6528,.0126,.2748,.0027
8808,.3489,.0513,.4986,.0329
8809,.5735,.0260,.3217,.0082
8810,.6173,.0269,.2871,.0000
8811,.5151,.0459,.3683,.0000
8812,.5286,.0519,.3364,.0000
8813,.4304,.0721,.4164,.0103
8814,.6563,.0912,.1542,.0134
8815,.7557,.0071,.1633,.0000
8816,.6541,.0072,.2655,.0000
8817,.6026,.0442,.2927,.0000
8818,.4113,.0788,.4397,.0000
8819,.4848,.0239,.4111,.0000
8820,.6550,.0132,.2412,.0238
8821,.8009,.0572,.1001,.0000
8822,.5718,.1169,.2035,.0473
8823,.3780,.1588,.2285,.1688
8824,.2670,.1654,.0745,.2789
8825,.2501,.0235,.0009,.2196
8826,.4773,.2028,.0191,.1525
8827,.5880,.0173,.0923,.2366
8828,.0932,.0512,.0009,.3409
8829,.5936,.0747,.0572,.0332
8830,.1125,.0597,.0491,.2437
8831,.0017,.2302,.0000,.2387
8832,.2527,.2350,.1590,.2715
8833,.5943,.0934,.2150,.0394
8834,.6350,.0088,.2455,.0234
8835,.5545,.0530,.2404,.0228
8836,.1960,.2315,.1267,.1687
8837,.2567,.1233,.3360,.0534
8838,.3290,.0529,.3859,.0937
8839,.4211,.0959,.2171,.1351
8840,.3244,.1083,.3992,.0717
8841,.6722,.1150,.1606,.0000
8842,.7973,.0026,.1433,.0000
8843,.7675,.0008,.1495,.0310
8844,.7664,.0027,.0570,.1215
8845,.6314,.0122,.2140,.0812
8846,.5873,.0009,.2882,.0692
8847,.7775,.0014,.1710,.0000
8848,.8046,.0104,.1187,.0029
8849,.6349,.0347,.2568,.0000
8850,.6452,.0924,.1974,.0106
8851,.6769,.0030,.2182,.0457
8852,.6718,.0038,.2377,.0341
8853,.7428,.0000,.2101,.0000
8854,.6084,.0272,.2845,.0056
8855,.5739,.0492,.3167,.0000
8856,.2020,.2791,.4499,.0000
8857,.0344,.3686,.5197,.0000
8858,.4628,.0792,.3155,.0893
8859,.5877,.0067,.3407,.0000
8860,.7029,.0057,.2226,.0055
8861,.7155,.0320,.1941,.0000
8862,.4984,.0729,.3373,.0113
8863,.0986,.5916,.2456,.0286
8864,.0163,.8396,.0794,.0095
8865,.0881,.4436,.3488,.0604
8866,.5372,.0491,.2598,.0688
8867,.4625,.0844,.1596,.2084
8868,.3730,.2088,.3312,.0220
8869,.1023,.4981,.1632,.1849
8870,.7245,.0014,.0852,.1578
8871,.7055,.0049,.2274,.0088
8872,.3404,.2076,.3474,.0318
8873,.0214,.5958,.3117,.0316
8874,.0217,.4458,.5028,.0000
8875,.3399,.0493,.4384,.1070
8876,.2435,.2336,.4091,.0532
8877,.5849,.1060,.2221,.0233
8878,.2833,.3146,.3068,.0112
8879,.3409,.0847,.4848,.0333
8880,.4303,.0154,.4365,.0414
8881,.4653,.0108,.4399,.0043
8882,.4357,.0120,.4713,.0104
8883,.5908,.0062,.3268,.0073
8884,.5700,.0165,.3513,.0008
8885,.6826,.0043,.2655,.0053
8886,.6830,.0026,.2668,.0000
8887,.6917,.0044,.2393,.0000
8888,.7313,.0078,.1979,.0000
8889,.6204,.0137,.3024,.0021
8890,.5820,.0068,.3262,.0239
8891,.6001,.0044,.3328,.0000
8892,.7031,.0151,.1767,.0384
8893,.6920,.0038,.2041,.0452
8894,.7887,.0038,.1571,.0000
8895,.7043,.0000,.2374,.0066
8896,.7151,.0051,.2346,.0000
8897,.5388,.0139,.3938,.0004
8898,.3427,.1331,.4452,.0090
8899,.3774,.0872,.4289,.0552
8900,.5282,.0067,.4145,.0000
8901,.3246,.1402,.4412,.0393
8902,.1563,.3130,.4480,.0102
8903,.2941,.0585,.5013,.0287
8904,.4439,.0147,.4329,.0362
8905,.3335,.0725,.5181,.0002
8906,.2933,.1328,.4825,.0172
8907,.1549,.2213,.5518,.0000
8908,.1771,.1832,.5645,.0000
8909,.5906,.0018,.3375,.0000
8910,.5897,.0037,.3336,.0000
8911,.6519,.0117,.2632,.0000
8912,.7091,.0046,.2191,.0005
8913,.6969,.0022,.2028,.0221
8914,.5434,.0061,.2568,.1193
8915,.2665,.0272,.1944,.3793
8916,.4407,.0086,.4473,.0522
8917,.6968,.0099,.2405,.0000
8918,.7873,.0000,.1622,.0000
8919,.6028,.0521,.2821,.0000
8920,.2294,.1082,.5089,.0534
8921,.2324,.0470,.6141,.0000
8922,.4752,.0130,.3464,.0857
8923,.3009,.1837,.2347,.1474
8924,.1441,.2243,.3723,.0777
8925,.3105,.2128,.3298,.0460
8926,.3342,.1998,.3695,.0000
8927,.3516,.2608,.3065,.0001
8928,.2415,.3843,.2406,.0613
8929,.1593,.2823,.4595,.0228
8930,.7244,.0362,.1716,.0035
8931,.7565,.0307,.1395,.0000
8932,.7668,.0479,.1318,.0000
8933,.6655,.0034,.2682,.0000
8934,.6461,.0249,.2263,.0130
8935,.5566,.0327,.2979,.0243
8936,.6858,.0109,.2115,.0283
8937,.7670,.0131,.1401,.0181
8938,.6135,.0142,.3183,.0000
8939,.6491,.0056,.2894,.0000
8940,.5372,.0204,.3655,.0000
8941,.6813,.0144,.2440,.0000
8942,.4617,.0562,.4197,.0000
8943,.4328,.0476,.4288,.0093
8944,.6145,.0281,.2556,.0005
8945,.6235,.0203,.2763,.0000
8946,.6097,.0057,.3282,.0000
8947,.5234,.1356,.2727,.0000
8948,.1727,.2546,.4960,.0000
8949,.6487,.0281,.2526,.0000
8950,.7077,.0053,.2245,.0000
8951,.7969,.0055,.1407,.0000
8952,.7657,.0179,.1689,.0000
8953,.8024,.0026,.1510,.0000
8954,.6053,.0980,.1589,.0760
8955,.4829,.0357,.0779,.3340
8956,.1473,.3482,.0137,.2653
8957,.1707,.5008,.0281,.1065
8958,.1730,.0086,.0093,.2077
8959,.7370,.0040,.0978,.1188
8960,.5803,.0763,.1529,.1336
8961,.1973,.2483,.1083,.2110
8962,.0042,.3748,.0431,.1998
8963,.3635,.2546,.1651,.1636
8964,.6642,.0124,.2663,.0006
8965,.6395,.0032,.2728,.0000
8966,.6051,.1163,.0923,.0649
8967,.4010,.1411,.2835,.0409
8968,.4849,.0244,.4057,.0000
8969,.2130,.1171,.4929,.0645
8970,.2215,.2769,.3396,.0205
8971,.5977,.0892,.2240,.0094
8972,.6268,.0223,.2830,.0000
8973,.7257,.0039,.2145,.0000
8974,.7423,.0110,.1969,.0000
8975,.6984,.0014,.2581,.0000
8976,.6206,.0009,.3115,.0088
8977,.6910,.0091,.1830,.0450
8978,.6580,.0205,.2510,.0014
8979,.6402,.0207,.2737,.0000
8980,.5702,.0419,.2424,.0730
8981,.6706,.0284,.2352,.0085
8982,.5991,.0035,.3496,.0000
8983,.6131,.0016,.3056,.0202
8984,.6159,.0187,.2575,.0351
8985,.6990,.0077,.2363,.0009
8986,.2007,.2977,.4117,.0109
8987,.4412,.1113,.2733,.1165
8988,.4088,.1131,.4194,.0013
8989,.4761,.1256,.3336,.0000
8990,.5733,.0221,.3444,.0000
8991,.4918,.0872,.3442,.0000
8992,.0981,.4815,.3352,.0005
8993,.0154,.7210,.1420,.0028
8994,.0160,.7540,.0838,.0646
8995,.1223,.3946,.1780,.2154
8996,.5799,.0590,.1168,.1717
8997,.5913,.0728,.2546,.0141
8998,.6168,.0154,.2990,.0013
8999,.2250,.4458,.2697,.0160
9000,.5624,.0960,.2431,.0558
9001,.6575,.0605,.2150,.0227
9002,.0219,.6472,.2962,.0026
9003,.0036,.7598,.2267,.0000
9004,.0116,.5460,.3120,.0964
9005,.1989,.1498,.5265,.0567
9006,.1797,.1233,.6358,.0023
9007,.3141,.1615,.4142,.0156
9008,.0458,.6019,.1075,.0491
9009,.1417,.3747,.2908,.1195
9010,.5800,.0524,.2243,.0829
9011,.5864,.0094,.3279,.0037
9012,.2962,.0299,.5582,.0430
9013,.4680,.0442,.4186,.0000
9014,.3664,.0338,.5382,.0000
9015,.6339,.0230,.2875,.0026
9016,.7267,.0018,.2167,.0000
9017,.8226,.0030,.1315,.0000
9018,.8468,.0010,.1175,.0000
9019,.5819,.0551,.2706,.0254
9020,.7460,.0023,.2085,.0000
9021,.5530,.0109,.3534,.0113
9022,.7810,.0009,.1445,.0234
9023,.7053,.0050,.2037,.0263
9024,.7997,.0037,.1512,.0000
9025,.7534,.0000,.2096,.0000
9026,.6388,.0102,.2909,.0000
9027,.3641,.0186,.5137,.0431
9028,.2615,.1849,.4774,.0124
9029,.4385,.0454,.4317,.0262
9030,.5480,.0018,.3901,.0000
9031,.5511,.0050,.3596,.0121
9032,.2727,.1153,.5100,.0200
9033,.1369,.1503,.5497,.0000
9034,.2822,.0774,.5528,.0011
9035,.6649,.0047,.2624,.0003
9036,.5434,.0000,.3840,.0000
9037,.5055,.0122,.4134,.0000
9038,.5967,.0095,.3182,.0000
9039,.5807,.0067,.3481,.0000
9040,.5081,.0119,.4152,.0000
9041,.4552,.0224,.4344,.0154
9042,.4952,.0515,.3477,.0345
9043,.4701,.0189,.3530,.0861
9044,.4989,.0217,.2710,.1396
9045,.4327,.0414,.1578,.2870
9046,.5565,.0051,.1789,.2091
9047,.6762,.0024,.2721,.0000
9048,.8396,.0001,.1213,.0000
9049,.6522,.0035,.2778,.0000
9050,.5096,.0655,.3369,.0000
9051,.4903,.0467,.3669,.0000
9052,.4013,.0733,.4304,.0027
9053,.5049,.0596,.3457,.0023
9054,.5551,.0522,.2823,.0424
9055,.6631,.0889,.1855,.0001
9056,.5546,.0543,.3133,.0060
9057,.7484,.0055,.1792,.0004
9058,.7137,.0129,.1919,.0083
9059,.6261,.0513,.2382,.0054
9060,.7115,.0423,.1770,.0000
9061,.7291,.0224,.1923,.0000
9062,.7215,.0774,.1544,.0000
9063,.6796,.0090,.2703,.0000
9064,.6540,.0949,.1851,.0009
9065,.5051,.0329,.2505,.1041
9066,.5176,.0098,.2571,.1209
9067,.5216,.0464,.2831,.0672
9068,.5540,.0282,.2685,.0656
9069,.5052,.1337,.2767,.0097
9070,.5544,.0368,.3371,.0000
9071,.7187,.0164,.1469,.0493
9072,.5492,.0273,.3260,.0218
9073,.5475,.0331,.3140,.0102
9074,.5645,.0314,.3039,.0072
9075,.5778,.0407,.2942,.0000
9076,.5947,.0868,.2437,.0000
9077,.4320,.1309,.3748,.0000
9078,.6984,.0754,.1732,.0000
9079,.7358,.0029,.2023,.0000
9080,.8101,.0002,.1388,.0000
9081,.6711,.0065,.2628,.0000
9082,.7459,.0377,.1650,.0000
9083,.7379,.1114,.0978,.0000
9084,.6274,.1031,.2267,.0000
9085,.2663,.0876,.3231,.2533
9086,.0071,.1750,.0087,.2291
9087,.1010,.1113,.2418,.2493
9088,.4778,.0482,.2138,.1825
9089,.3720,.2007,.3219,.0653
9090,.6582,.0634,.2286,.0017
9091,.2543,.2152,.0700,.1924
9092,.0236,.2959,.0448,.1910
9093,.1373,.2464,.0088,.5075
9094,.5099,.1730,.1132,.1575
9095,.3809,.3561,.2121,.0112
9096,.7299,.0029,.1998,.0062
9097,.6556,.0283,.2205,.0060
9098,.6934,.0061,.2311,.0008
9099,.6423,.0125,.2685,.0000
9100,.5891,.0058,.3363,.0037
9101,.5572,.0910,.2421,.0096
9102,.5140,.1178,.3067,.0000
9103,.7120,.0005,.2484,.0000
9104,.7576,.0071,.1925,.0000
9105,.7195,.0033,.2326,.0012
9106,.7228,.0113,.1909,.0057
9107,.6988,.0055,.2353,.0058
9108,.5244,.0082,.4217,.0000
9109,.7214,.0038,.1687,.0517
9110,.7774,.0002,.1689,.0000
9111,.5258,.0484,.3571,.0114
9112,.7134,.0045,.2385,.0000
9113,.7172,.0044,.2229,.0000
9114,.6869,.0043,.2413,.0030
9115,.6761,.0399,.1685,.0477
9116,.0966,.4496,.2738,.0960
9117,.2229,.2134,.4326,.0606
9118,.3141,.1777,.4285,.0187
9119,.5169,.0842,.3353,.0000
9120,.5351,.0432,.3536,.0000
9121,.1175,.3026,.5088,.0000
9122,.0067,.6825,.2235,.0042
9123,.0069,.7788,.0748,.0389
9124,.0193,.5680,.0966,.2317
9125,.2479,.1815,.4151,.0586
9126,.5856,.1022,.1648,.0720
9127,.5266,.1629,.1721,.0771
9128,.6578,.0139,.2601,.0136
9129,.5375,.0769,.2907,.0328
9130,.1065,.3977,.3716,.0816
9131,.5757,.1517,.1716,.0557
9132,.0500,.7031,.2076,.0000
9133,.0066,.6760,.2732,.0000
9134,.0163,.4756,.4616,.0000
9135,.1346,.2454,.5007,.0476
9136,.2977,.1370,.4491,.0397
9137,.2958,.1771,.4551,.0000
9138,.0456,.4023,.4847,.0000
9139,.1845,.1631,.5527,.0421
9140,.3248,.0718,.4384,.1048
9141,.3742,.0467,.4759,.0274
9142,.3466,.0661,.4245,.0998
9143,.3415,.0750,.4738,.0578
9144,.2788,.0840,.5847,.0000
9145,.4774,.0547,.3578,.0385
9146,.7632,.0053,.1753,.0000
9147,.7758,.0038,.1810,.0000
9148,.7539,.0018,.1835,.0289
9149,.6181,.0890,.2508,.0000
9150,.7755,.0173,.1810,.0000
9151,.7350,.0045,.1977,.0001
9152,.8032,.0012,.1474,.0000
9153,.7712,.0015,.1652,.0000
9154,.8633,.0017,.0985,.0000
9155,.8251,.0018,.1540,.0000
9156,.6198,.0000,.3287,.0000
9157,.5883,.0004,.3355,.0060
9158,.4515,.0084,.4850,.0000
9159,.6166,.0054,.3286,.0000
9160,.4361,.0561,.4340,.0000
9161,.4405,.0538,.4306,.0000
9162,.3294,.1500,.4300,.0182
9163,.2702,.0803,.5627,.0000
9164,.4293,.0281,.4815,.0000
9165,.6135,.0000,.3308,.0000
9166,.6155,.0000,.3291,.0000
9167,.5027,.0033,.4343,.0000
9168,.6167,.0000,.3249,.0000
9169,.6607,.0744,.2155,.0000
9170,.7315,.0165,.1937,.0000
9171,.5671,.0325,.3406,.0000
9172,.3869,.0475,.4288,.0639
9173,.3775,.0172,.5328,.0000
9174,.5173,.0150,.2183,.1791
9175,.3809,.1076,.1529,.2534
9176,.6339,.0176,.2883,.0131
9177,.6944,.0133,.2430,.0000
9178,.7572,.0007,.1998,.0000
9179,.6759,.0000,.2720,.0000
9180,.7728,.0000,.1532,.0183
9181,.7697,.0024,.1650,.0000
9182,.4462,.0220,.4416,.0183
9183,.7000,.0015,.2505,.0000
9184,.6827,.0000,.2673,.0015
9185,.7028,.0002,.2480,.0000
9186,.5217,.0104,.3983,.0009
9187,.6818,.0199,.2391,.0000
9188,.7457,.0878,.1015,.0000
9189,.7271,.0094,.1833,.0025
9190,.5872,.0208,.3232,.0000
9191,.6878,.0239,.2119,.0125
9192,.6987,.0654,.1494,.0010
9193,.7312,.0558,.1510,.0000
9194,.5076,.2008,.2168,.0155
9195,.6657,.0342,.1494,.0435
9196,.6514,.0943,.1711,.0000
9197,.6993,.0731,.1578,.0000
9198,.7046,.0662,.1679,.0000
9199,.6634,.0240,.1960,.0160
9200,.7102,.0112,.1953,.0022
9201,.6216,.1051,.1568,.0359
9202,.7189,.0024,.2112,.0000
9203,.6871,.0947,.1495,.0000
9204,.7110,.0092,.1830,.0123
9205,.8160,.0000,.1282,.0000
9206,.6171,.1407,.1849,.0000
9207,.3641,.1216,.4418,.0000
9208,.7642,.0056,.1753,.0000
9209,.6699,.0065,.2654,.0000
9210,.8486,.0056,.0981,.0000
9211,.5878,.0953,.2481,.0000
9212,.6899,.1146,.1475,.0000
9213,.8186,.0040,.1377,.0000
9214,.9029,.0017,.0582,.0000
9215,.5766,.0019,.0742,.2887
9216,.4716,.0017,.0997,.3522
9217,.6356,.0032,.2078,.1099
9218,.5341,.1798,.1055,.1327
9219,.5634,.0994,.1111,.1689
9220,.5700,.0209,.3479,.0000
9221,.6129,.0578,.1843,.0809
9222,.4799,.2058,.1523,.0885
9223,.5272,.0107,.3312,.0563
9224,.6084,.0297,.2599,.0495
9225,.5769,.0503,.3210,.0079
9226,.6950,.0048,.2292,.0168
9227,.5480,.0213,.3491,.0062
9228,.6203,.0349,.2498,.0159
9229,.6794,.0086,.2471,.0000
9230,.7853,.0029,.1667,.0000
9231,.4566,.0681,.3118,.0800
9232,.4962,.0841,.3378,.0000
9233,.6079,.0101,.3229,.0000
9234,.7071,.0122,.2158,.0000
9235,.6509,.0054,.2700,.0224
9236,.7586,.0054,.1674,.0355
9237,.6303,.0106,.3028,.0228
9238,.7102,.0018,.2666,.0000
9239,.6876,.0024,.2437,.0000
9240,.6679,.0071,.2540,.0000
9241,.5730,.0655,.2948,.0000
9242,.6982,.0017,.2451,.0000
9243,.4411,.0292,.4652,.0000
9244,.6633,.0074,.2673,.0004
9245,.4763,.0683,.3544,.0267
9246,.0627,.2652,.5959,.0000
9247,.1464,.1770,.6147,.0000
9248,.4084,.1031,.3509,.0579
9249,.5387,.0438,.3543,.0000
9250,.1885,.2448,.5054,.0000
9251,.0728,.4882,.3684,.0000
9252,.0487,.4972,.3217,.0249
9253,.0125,.7733,.0000,.1535
9254,.1375,.4069,.2263,.1579
9255,.5381,.0303,.3220,.0307
9256,.6239,.0194,.2983,.0000
9257,.6655,.0696,.1834,.0212
9258,.6115,.0578,.2242,.0224
9259,.5163,.0870,.2105,.1044
9260,.2278,.3244,.4028,.0000
9261,.0835,.5382,.3155,.0237
9262,.0368,.6921,.2369,.0000
9263,.1082,.3399,.4201,.0737
9264,.0260,.3071,.5501,.0443
9265,.1279,.1663,.5254,.1103
9266,.3229,.1243,.4404,.0407
9267,.4267,.1230,.3842,.0000
9268,.2168,.1851,.5181,.0000
9269,.2929,.0637,.5587,.0184
9270,.4929,.0062,.4343,.0000
9271,.4033,.0430,.4926,.0000
9272,.4547,.0666,.4277,.0000
9273,.4927,.0173,.4176,.0178
9274,.3788,.0930,.3776,.0740
9275,.2616,.0964,.5166,.0614
9276,.6456,.0074,.2962,.0000
9277,.6717,.0027,.2749,.0000
9278,.7396,.0017,.2189,.0000
9279,.7697,.0000,.2047,.0000
9280,.7585,.0046,.2075,.0000
9281,.7604,.0027,.2062,.0000
9282,.8249,.0013,.1372,.0000
9283,.7720,.0026,.1563,.0000
9284,.8135,.0007,.1318,.0000
9285,.7106,.0054,.2283,.0132
9286,.7758,.0000,.2056,.0000
9287,.6773,.0000,.2914,.0000
9288,.6376,.0000,.3342,.0000
9289,.6859,.0000,.2450,.0054
9290,.5632,.0059,.3388,.0217
9291,.3976,.1192,.4120,.0079
9292,.2793,.1681,.4776,.0002
9293,.2190,.2656,.4270,.0132
9294,.3817,.1351,.4243,.0000
9295,.7101,.0016,.2415,.0000
9296,.6611,.0000,.2889,.0000
9297,.6648,.0005,.2762,.0000
9298,.5431,.0088,.3881,.0000
9299,.5988,.0271,.3112,.0000
9300,.7018,.0000,.2450,.0000
9301,.5921,.0023,.3587,.0000
9302,.5563,.0126,.3656,.0000
9303,.5189,.0159,.3928,.0000
9304,.3716,.0311,.4814,.0522
9305,.4792,.1188,.2114,.1403
9306,.5804,.0057,.2423,.1197
9307,.5666,.0162,.3709,.0000
9308,.6479,.0127,.2899,.0000
9309,.6462,.0047,.3003,.0000
9310,.6690,.0057,.2580,.0124
9311,.6256,.0186,.2970,.0000
9312,.6524,.0067,.2871,.0000
9313,.6457,.0000,.3085,.0000
9314,.7219,.0000,.2445,.0000
9315,.6760,.0022,.2681,.0000
9316,.6570,.0166,.2355,.0332
9317,.5282,.0219,.3604,.0232
9318,.6611,.0174,.2612,.0000
9319,.4016,.1646,.3216,.0343
9320,.4407,.0894,.3681,.0417
9321,.7168,.0290,.1960,.0047
9322,.7886,.0206,.1208,.0003
9323,.4550,.3236,.1788,.0000
9324,.5192,.1485,.2640,.0149
9325,.5088,.1966,.2433,.0000
9326,.8342,.0294,.0499,.0153
9327,.7601,.0390,.1177,.0280
9328,.8334,.0098,.0974,.0116
9329,.7126,.0160,.2089,.0000
9330,.5814,.1665,.1774,.0048
9331,.6144,.0392,.2443,.0175
9332,.7578,.0048,.1419,.0200
9333,.6690,.0184,.2157,.0090
9334,.6215,.0465,.1961,.0436
9335,.7494,.1020,.0990,.0000
9336,.7938,.0008,.1362,.0004
9337,.6955,.0177,.1946,.0016
9338,.7456,.0000,.1928,.0000
9339,.7973,.0024,.1571,.0000
9340,.8193,.0043,.1419,.0000
9341,.6588,.1284,.1700,.0000
9342,.6531,.1172,.1720,.0000
9343,.7549,.0105,.1848,.0000
9344,.7544,.0232,.1717,.0000
9345,.7653,.0942,.0892,.0000
9346,.7639,.0000,.1960,.0000
9347,.7699,.0374,.1397,.0000
9348,.8027,.0050,.1082,.0314
9349,.4520,.0003,.1904,.2972
9350,.6085,.0031,.2287,.0966
9351,.6181,.0075,.2438,.0756
9352,.7002,.0762,.1870,.0000
9353,.3415,.1146,.4571,.0010
9354,.1433,.2021,.5290,.0180
9355,.4610,.0687,.4096,.0000
9356,.8342,.0000,.1257,.0000
9357,.6045,.0996,.2368,.0000
9358,.5702,.0269,.3111,.0151
9359,.7265,.0049,.1729,.0131
9360,.6672,.0113,.2625,.0000
9361,.6042,.0563,.2187,.0463
9362,.5101,.1399,.2614,.0000
9363,.5065,.1041,.3175,.0000
9364,.6647,.0140,.2649,.0000
9365,.7502,.0013,.2053,.0000
9366,.6687,.0006,.2985,.0000
9367,.6821,.0064,.2413,.0166
9368,.7457,.0077,.1904,.0000
9369,.6603,.0051,.2730,.0000
9370,.6059,.0286,.2463,.0450
9371,.6914,.0149,.2348,.0010
9372,.6728,.0030,.2629,.0000
9373,.3863,.0495,.4895,.0000
9374,.6415,.0126,.2888,.0004
9375,.3943,.1363,.3585,.0285
9376,.0220,.2980,.5941,.0000
9377,.2405,.1008,.5850,.0000
9378,.2864,.1180,.5213,.0000
9379,.0790,.3039,.5056,.0455
9380,.0685,.3096,.5556,.0000
9381,.0093,.5859,.3062,.0245
9382,.0662,.2831,.5139,.0191
9383,.0151,.7021,.0976,.1054
9384,.1132,.3797,.3043,.1006
9385,.5570,.0257,.3547,.0000
9386,.5996,.0106,.3267,.0000
9387,.5462,.0272,.2899,.0550
9388,.5473,.0087,.3698,.0000
9389,.5248,.0597,.3305,.0048
9390,.1765,.2182,.5490,.0000
9391,.0090,.7437,.2128,.0000
9392,.0298,.7476,.1898,.0000
9393,.1883,.3680,.3796,.0000
9394,.0390,.5811,.2438,.0869
9395,.1844,.1724,.5456,.0220
9396,.3492,.1000,.4460,.0349
9397,.4684,.0365,.3929,.0403
9398,.3742,.0575,.5004,.0000
9399,.4397,.0182,.4800,.0000
9400,.5700,.0062,.3398,.0207
9401,.5279,.1066,.2613,.0455
9402,.3872,.1697,.3341,.0520
9403,.5232,.0237,.3863,.0101
9404,.1873,.2391,.4151,.0751
9405,.2122,.1232,.4947,.1036
9406,.4371,.0394,.4511,.0000
9407,.6688,.0097,.2449,.0073
9408,.6729,.0036,.2588,.0108
9409,.6650,.0067,.2543,.0184
9410,.5740,.0165,.3033,.0376
9411,.8018,.0000,.1507,.0000
9412,.7662,.0179,.1524,.0000
9413,.4590,.1298,.3017,.0188
9414,.5379,.0290,.3452,.0302
9415,.7454,.0016,.2035,.0000
9416,.7575,.0000,.1962,.0000
9417,.5708,.0061,.3733,.0000
9418,.7095,.0000,.2443,.0000
9419,.6346,.0317,.2804,.0000
9420,.4948,.0540,.3871,.0000
9421,.3863,.3037,.2533,.0000
9422,.1672,.2807,.4789,.0000
9423,.1997,.1616,.5157,.0560
9424,.1021,.1728,.6563,.0000
9425,.4648,.0402,.4345,.0000
9426,.6114,.0000,.3406,.0000
9427,.5511,.0065,.3775,.0000
9428,.4454,.0046,.4813,.0000
9429,.5183,.0046,.4208,.0000
9430,.4920,.0007,.4691,.0000
9431,.6510,.0000,.3127,.0000
9432,.4847,.0011,.4758,.0000
9433,.4860,.0684,.3939,.0000
9434,.3481,.0586,.4796,.0466
9435,.4612,.0078,.1303,.3200
9436,.5717,.0097,.2520,.1067
9437,.5676,.0027,.3730,.0000
9438,.6416,.0006,.3064,.0000
9439,.6248,.0141,.3017,.0000
9440,.4845,.1238,.3374,.0000
9441,.6394,.0026,.2985,.0000
9442,.6583,.0134,.2610,.0000
9443,.6690,.0027,.2751,.0000
9444,.7450,.0000,.2072,.0000
9445,.6856,.0051,.2487,.0000
9446,.3360,.1326,.4477,.0018
9447,.5235,.0666,.3317,.0057
9448,.3780,.1156,.2525,.1413
9449,.3676,.0990,.3599,.0877
9450,.7162,.0842,.1464,.0066
9451,.6225,.0402,.2241,.0402
9452,.3421,.1084,.4423,.0405
9453,.4876,.1275,.2765,.0437
9454,.3437,.1873,.4028,.0000
9455,.6574,.0626,.2048,.0118
9456,.6231,.2754,.0456,.0009
9457,.3805,.2681,.2744,.0284
9458,.5725,.1169,.2243,.0228
9459,.8423,.0138,.0965,.0000
9460,.6141,.1485,.1245,.0549
9461,.4083,.1372,.3330,.0446
9462,.7416,.0293,.1317,.0198
9463,.7442,.0166,.1682,.0000
9464,.5733,.1473,.2112,.0000
9465,.4707,.1886,.2704,.0000
9466,.7647,.0035,.1511,.0100
9467,.7225,.0135,.1827,.0049
9468,.7142,.0000,.2228,.0000
9469,.7037,.0887,.1620,.0000
9470,.7572,.0195,.1680,.0000
9471,.8297,.0023,.1309,.0000
9472,.7100,.0942,.1484,.0000
9473,.7877,.0812,.0827,.0000
9474,.7767,.0926,.0837,.0000
9475,.4096,.3160,.2270,.0000
9476,.8482,.0058,.1034,.0000
9477,.6637,.0696,.2090,.0000
9478,.7203,.0116,.1127,.0903
9479,.4848,.0939,.2287,.1440
9480,.4131,.0367,.2201,.2737
9481,.7732,.0011,.1790,.0064
9482,.6200,.0912,.2461,.0000
9483,.3725,.2512,.3159,.0011
9484,.1966,.1219,.6083,.0009
9485,.1136,.1784,.5816,.0277
9486,.3871,.0950,.4048,.0255
9487,.4540,.0538,.3865,.0203
9488,.6311,.0838,.2250,.0014
9489,.7752,.0920,.0747,.0085
9490,.7437,.0937,.1147,.0000
9491,.4540,.1727,.2299,.0650
9492,.5971,.0430,.2332,.0417
9493,.4518,.0994,.3658,.0000
9494,.6057,.0227,.3018,.0000
9495,.7389,.0016,.2139,.0000
9496,.7499,.0000,.2092,.0000
9497,.7626,.0007,.1826,.0000
9498,.6351,.0213,.2543,.0000
9499,.6135,.0224,.2868,.0000
9500,.5148,.0541,.2222,.1309
9501,.6893,.0061,.2560,.0017
9502,.6152,.0000,.3398,.0000
9503,.5230,.0174,.3970,.0000
9504,.6384,.0145,.2406,.0400
9505,.5548,.0475,.3125,.0189
9506,.3883,.1218,.4153,.0091
9507,.1452,.1765,.6153,.0101
9508,.1287,.1222,.6904,.0000
9509,.2531,.1347,.3372,.2145
9510,.0697,.1976,.6636,.0104
9511,.1326,.3284,.4756,.0000
9512,.1073,.3830,.4689,.0000
9513,.0302,.5330,.3733,.0024
9514,.2788,.2245,.4042,.0111
9515,.5879,.0037,.3645,.0000
9516,.5302,.0010,.4205,.0000
9517,.6445,.0223,.2740,.0000
9518,.5948,.0009,.3483,.0000
9519,.6002,.0186,.3200,.0000
9520,.3740,.1185,.4454,.0000
9521,.0049,.7325,.1877,.0259
9522,.0383,.6682,.2447,.0082
9523,.0566,.6341,.2328,.0004
9524,.0254,.6979,.1710,.0547
9525,.1922,.3085,.3247,.1040
9526,.3261,.0721,.5099,.0137
9527,.0748,.3684,.4765,.0079
9528,.2668,.0598,.5447,.0629
9529,.4833,.0477,.3990,.0000
9530,.4581,.0612,.3547,.0720
9531,.4458,.1298,.2549,.1137
9532,.3924,.1042,.3304,.0921
9533,.6421,.0058,.2963,.0000
9534,.2894,.1209,.3902,.1249
9535,.4773,.0304,.4249,.0000
9536,.5339,.0241,.3780,.0000
9537,.6772,.0081,.2513,.0026
9538,.6515,.0142,.2591,.0039
9539,.6557,.0259,.2629,.0000
9540,.6155,.0015,.3036,.0342
9541,.7316,.0008,.2143,.0000
9542,.4952,.0602,.3295,.0297
9543,.2569,.1859,.4762,.0000
9544,.4918,.0514,.3786,.0135
9545,.6247,.0145,.3000,.0102
9546,.6830,.0000,.2725,.0000
9547,.4975,.0079,.3364,.1024
9548,.6405,.0170,.2768,.0111
9549,.2684,.2611,.3574,.0464
9550,.5682,.0024,.3375,.0313
9551,.6750,.0000,.2733,.0000
9552,.3027,.1397,.5010,.0000
9553,.2282,.1714,.5341,.0000
9554,.2517,.1438,.5380,.0000
9555,.5100,.0441,.4028,.0000
9556,.4674,.0112,.4866,.0000
9557,.4631,.0051,.5045,.0000
9558,.2918,.0544,.6012,.0000
9559,.2890,.0486,.6116,.0000
9560,.3651,.0384,.5546,.0000
9561,.3851,.0047,.5616,.0000
9562,.3921,.0078,.5703,.0000
9563,.4420,.0113,.5203,.0000
9564,.4319,.0324,.4900,.0000
9565,.4791,.0093,.3228,.1395
9566,.3915,.0262,.2141,.2693
9567,.5742,.0016,.3739,.0042
9568,.6938,.0000,.2540,.0000
9569,.7080,.0093,.2266,.0000
9570,.3705,.1420,.4255,.0000
9571,.5024,.0621,.3788,.0000
9572,.5265,.0860,.3308,.0026
9573,.5682,.0467,.3032,.0220
9574,.6976,.0053,.2328,.0053
9575,.4619,.0488,.4215,.0000
9576,.2273,.2002,.4720,.0000
9577,.4219,.2174,.2836,.0000
9578,.3080,.1457,.4625,.0000
9579,.2371,.2824,.2082,.1323
9580,.3757,.0779,.3303,.1237
9581,.6786,.0235,.2329,.0015
9582,.3882,.1630,.3653,.0105
9583,.4629,.0488,.4347,.0000
9584,.6450,.0758,.1807,.0344
9585,.6863,.0588,.1202,.0615
9586,.5380,.1031,.2907,.0033
9587,.3861,.2168,.3018,.0335
9588,.2975,.1946,.4299,.0201
9589,.6279,.1260,.1668,.0138
9590,.5327,.1447,.2174,.0383
9591,.5276,.0280,.3599,.0189
9592,.5830,.0704,.2345,.0356
9593,.3009,.3079,.3274,.0000
9594,.3025,.1629,.4515,.0000
9595,.2942,.2664,.2670,.0829
9596,.6020,.0313,.2238,.0679
9597,.6326,.0278,.2240,.0300
9598,.8806,.0000,.0812,.0000
9599,.8656,.0040,.0930,.0000
9600,.4934,.2509,.2046,.0000
9601,.7862,.0153,.1521,.0041
9602,.4166,.0627,.3264,.1195
9603,.7289,.0196,.1852,.0013
9604,.7888,.0481,.1074,.0000
9605,.7996,.0260,.1168,.0000
9606,.6723,.0264,.2367,.0000
9607,.7053,.1044,.1495,.0000
9608,.7354,.0905,.0993,.0273
9609,.3114,.0016,.4709,.1572
9610,.5040,.0664,.1758,.2077
9611,.6811,.0037,.0506,.2194
9612,.7411,.0000,.1496,.0672
9613,.6840,.0177,.2135,.0225
9614,.3413,.0574,.5226,.0144
9615,.2146,.1724,.5037,.0000
9616,.1695,.2307,.4932,.0033
9617,.2228,.1721,.3413,.1120
9618,.4979,.0956,.2909,.0311
9619,.7273,.0186,.1494,.0231
9620,.7624,.0008,.1416,.0190
9621,.5800,.0846,.2576,.0085
9622,.6512,.0057,.2492,.0213
9623,.6551,.0147,.2588,.0000
9624,.6099,.0564,.2467,.0000
9625,.5572,.0347,.3007,.0338
9626,.7198,.0000,.2364,.0000
9627,.7277,.0934,.1374,.0000
9628,.7365,.0103,.1911,.0000
9629,.6734,.0043,.2715,.0000
9630,.6300,.0248,.1644,.1219
9631,.7018,.0236,.2097,.0075
9632,.6638,.0000,.2953,.0000
9633,.6226,.0118,.2642,.0216
9634,.6117,.0092,.3064,.0029
9635,.6270,.0126,.3014,.0000
9636,.6555,.0159,.2588,.0013
9637,.6470,.0124,.2593,.0078
9638,.6490,.0205,.2635,.0000
9639,.5838,.0036,.3556,.0011
9640,.6367,.0127,.2817,.0000
9641,.4835,.0641,.3718,.0000
9642,.2764,.2070,.4536,.0052
9643,.1883,.1986,.4708,.0700
9644,.5363,.0415,.2138,.1330
9645,.6812,.0000,.2723,.0000
9646,.6408,.0009,.3097,.0000
9647,.7027,.0077,.2316,.0000
9648,.5486,.0008,.4006,.0000
9649,.4407,.1079,.3923,.0000
9650,.4030,.1404,.3911,.0128
9651,.3212,.3300,.2754,.0204
9652,.1619,.4428,.3043,.0328
9653,.0686,.6876,.1981,.0045
9654,.0276,.7130,.2157,.0109
9655,.1764,.1797,.5301,.0340
9656,.3799,.0697,.4254,.0314
9657,.1291,.2987,.4543,.0435
9658,.0353,.3252,.5907,.0000
9659,.3805,.1086,.4536,.0000
9660,.5168,.0966,.3372,.0000
9661,.6980,.0013,.2556,.0000
9662,.6833,.0019,.2715,.0000
9663,.5807,.0060,.3367,.0157
9664,.5400,.0135,.2513,.1242
9665,.6071,.0116,.3281,.0000
9666,.6554,.0215,.2792,.0000
9667,.7206,.0092,.2257,.0000
9668,.7385,.0029,.2100,.0000
9669,.6557,.0002,.2881,.0000
9670,.6036,.0017,.3020,.0315
9671,.7076,.0113,.2089,.0000
9672,.4450,.0377,.4730,.0000
9673,.3424,.0982,.4516,.0341
9674,.2703,.1869,.4750,.0000
9675,.5491,.0727,.3161,.0140
9676,.6777,.0017,.2745,.0000
9677,.4158,.0250,.3962,.1003
9678,.1381,.4591,.2949,.0515
9679,.0208,.6803,.2257,.0162
9680,.3160,.1913,.3965,.0439
9681,.5540,.0000,.3892,.0076
9682,.4903,.0000,.4549,.0119
9683,.4763,.0880,.3830,.0000
9684,.5497,.0069,.4024,.0000
9685,.5196,.0085,.4503,.0000
9686,.3488,.0400,.5808,.0000
9687,.4861,.0000,.4979,.0000
9688,.4969,.0089,.4739,.0000
9689,.3626,.0201,.5941,.0000
9690,.2931,.0207,.6443,.0000
9691,.3678,.0167,.5707,.0000
9692,.3611,.0369,.5693,.0000
9693,.3868,.0076,.5751,.0000
9694,.4134,.0180,.5419,.0000
9695,.5042,.0191,.4060,.0326
9696,.5275,.0027,.2198,.1846
9697,.6223,.0000,.2887,.0411
9698,.7275,.0000,.2214,.0041
9699,.6257,.0027,.3242,.0037
9700,.7069,.0005,.2316,.0112
9701,.6513,.0161,.2685,.0000
9702,.5678,.0176,.3417,.0000
9703,.7415,.0037,.1817,.0025
9704,.7760,.0013,.1742,.0000
9705,.3686,.0404,.5286,.0000
9706,.2716,.1534,.4844,.0000
9707,.5228,.0270,.3688,.0000
9708,.7227,.0142,.1994,.0000
9709,.5881,.0437,.2923,.0055
9710,.2423,.3098,.3038,.0502
9711,.3935,.1436,.2969,.0471
9712,.3685,.1117,.4358,.0050
9713,.3001,.1391,.4896,.0000
9714,.3713,.0851,.4391,.0329
9715,.5618,.0422,.2703,.0449
9716,.4613,.0671,.3812,.0209
9717,.6570,.0252,.2089,.0387
9718,.6526,.0366,.2260,.0123
9719,.6447,.0154,.2643,.0019
9720,.6549,.0448,.1937,.0189
9721,.6461,.1083,.1704,.0135
9722,.4305,.1008,.3960,.0000
9723,.7827,.0162,.1413,.0000
9724,.6269,.1099,.1968,.0000
9725,.2679,.3728,.2367,.0469
9726,.1810,.2022,.4239,.0650
9727,.2848,.1807,.4326,.0106
9728,.6043,.0270,.2477,.0658
9729,.8814,.0000,.0907,.0000
9730,.7814,.0697,.1070,.0000
9731,.7348,.0090,.1830,.0258
9732,.3667,.0874,.3138,.1548
9733,.7678,.0000,.1638,.0058
9734,.8180,.0000,.1338,.0000
9735,.8673,.0006,.0927,.0000
9736,.7411,.0938,.1194,.0000
9737,.8599,.0027,.0959,.0000
9738,.5899,.0225,.2656,.0504
9739,.4215,.0794,.3132,.1299
9740,.6930,.0530,.1864,.0001
9741,.7307,.0095,.1850,.0214
9742,.6844,.0119,.1848,.0562
9743,.5003,.0437,.2231,.1709
9744,.3088,.1070,.4063,.0775
9745,.1637,.2552,.4400,.0111
9746,.1590,.2491,.4357,.0309
9747,.1644,.2835,.4037,.0000
9748,.3407,.1839,.3565,.0029
9749,.3390,.0630,.4026,.0891
9750,.5234,.0585,.2947,.0498
9751,.6884,.0163,.2007,.0285
9752,.6677,.0407,.1966,.0448
9753,.6064,.0000,.3370,.0000
9754,.6664,.0673,.1988,.0000
9755,.6038,.0439,.2911,.0003
9756,.6958,.0214,.2135,.0139
9757,.7140,.0003,.2536,.0014
9758,.7192,.0000,.2376,.0000
9759,.6280,.0488,.2644,.0000
9760,.6442,.0147,.2761,.0000
9761,.7173,.0001,.2277,.0000
9762,.5963,.0009,.3489,.0000
9763,.4923,.0011,.4288,.0141
9764,.5650,.0008,.3725,.0000
9765,.6632,.0434,.2319,.0000
9766,.5678,.0543,.2548,.0379
9767,.6302,.0018,.3062,.0000
9768,.5709,.0078,.3225,.0348
9769,.5489,.0353,.2821,.0683
9770,.7292,.0048,.2094,.0000
9771,.5286,.0050,.3667,.0208
9772,.4265,.1041,.3634,.0365
9773,.4924,.1199,.2105,.0985
9774,.6281,.0081,.2511,.0459
9775,.6734,.0039,.2422,.0166
9776,.5826,.0068,.3621,.0000
9777,.6109,.0027,.3457,.0000
9778,.5610,.0025,.3856,.0000
9779,.4669,.0294,.4063,.0290
9780,.2423,.1604,.5012,.0292
9781,.2238,.2632,.3998,.0492
9782,.4068,.0532,.3429,.1383
9783,.2798,.3116,.3430,.0000
9784,.0194,.4308,.4860,.0000
9785,.0681,.1875,.5979,.0657
9786,.1375,.1139,.5915,.0692
9787,.4236,.0449,.3785,.0693
9788,.2103,.1361,.5817,.0000
9789,.4984,.0454,.3918,.0000
9790,.6255,.0040,.3291,.0000
9791,.6425,.0093,.2919,.0000
9792,.6943,.0142,.2301,.0020
9793,.3652,.1419,.4010,.0113
9794,.3572,.2065,.3105,.0430
9795,.6032,.0318,.3055,.0000
9796,.7240,.0098,.2123,.0000
9797,.5781,.0161,.3559,.0000
9798,.6875,.0021,.2757,.0000
9799,.6621,.0042,.2720,.0111
9800,.6448,.0157,.2617,.0078
9801,.7441,.0050,.1800,.0090
9802,.5422,.0472,.3615,.0000
9803,.4051,.0460,.5003,.0000
9804,.3415,.0589,.5349,.0109
9805,.4119,.0511,.2608,.2229
9806,.5211,.0034,.3437,.0847
9807,.5085,.0535,.3344,.0401
9808,.1641,.5770,.2103,.0000
9809,.0250,.7615,.1517,.0000
9810,.1521,.5523,.2442,.0000
9811,.3830,.2471,.2162,.0910
9812,.3766,.1118,.4577,.0046
9813,.3848,.1415,.4064,.0026
9814,.3597,.0405,.5145,.0445
9815,.3976,.0331,.5441,.0000
9816,.3555,.0115,.6154,.0000
9817,.3722,.0022,.6044,.0000
9818,.4000,.0040,.5732,.0000
9819,.2174,.0378,.7109,.0000
9820,.2143,.0512,.6930,.0000
9821,.4553,.0398,.4593,.0000
9822,.3640,.0204,.5339,.0392
9823,.3965,.0155,.4830,.0677
9824,.4721,.0095,.4782,.0004
9825,.4152,.1131,.2443,.1760
9826,.4744,.0652,.3547,.0534
9827,.4615,.0656,.3785,.0474
9828,.5900,.0253,.1916,.1281
9829,.3978,.1592,.2725,.1104
9830,.6354,.0123,.2658,.0404
9831,.6869,.0007,.2627,.0000
9832,.5831,.0230,.3448,.0000
9833,.5196,.0421,.3702,.0000
9834,.7096,.0025,.2063,.0349
9835,.6729,.0055,.2601,.0071
9836,.7153,.0350,.1910,.0000
9837,.4217,.0958,.4040,.0009
9838,.5696,.0290,.3262,.0030
9839,.5879,.0243,.2954,.0000
9840,.3441,.0403,.5435,.0000
9841,.2586,.2634,.3629,.0223
9842,.2308,.2910,.3502,.0387
9843,.5249,.1289,.2593,.0000
9844,.5459,.0485,.3177,.0000
9845,.6346,.0316,.2414,.0149
9846,.4140,.0920,.3965,.0341
9847,.7760,.0000,.1520,.0000
9848,.6979,.0105,.1698,.0558
9849,.6820,.0242,.1425,.0744
9850,.6006,.0326,.1734,.1126
9851,.4839,.0541,.2124,.1784
9852,.4686,.0553,.4036,.0000
9853,.7156,.0000,.2282,.0000
9854,.4251,.0674,.4276,.0000
9855,.4041,.1970,.3279,.0011
9856,.3093,.1703,.3570,.0272
9857,.0804,.2818,.3342,.1047
9858,.3066,.0755,.5239,.0141
9859,.8132,.0000,.1442,.0000
9860,.8178,.0000,.1319,.0000
9861,.4366,.0136,.3745,.1049
9862,.5902,.0210,.2504,.0783
9863,.8473,.0000,.1062,.0000
9864,.8294,.0000,.1315,.0000
9865,.8090,.0120,.1425,.0000
9866,.7805,.0210,.1495,.0000
9867,.8226,.0000,.1366,.0000
9868,.8860,.0009,.0633,.0024
9869,.6941,.0945,.1188,.0423
9870,.7839,.0002,.1680,.0000
9871,.6427,.0018,.2806,.0000
9872,.5450,.0309,.3350,.0271
9873,.4152,.0642,.4405,.0099
9874,.1806,.1355,.5247,.0425
9875,.1052,.1481,.5778,.0551
9876,.2862,.1808,.4240,.0000
9877,.3181,.2064,.3671,.0000
9878,.2231,.0968,.5750,.0000
9879,.0888,.2546,.3453,.1985
9880,.1612,.2860,.4661,.0042
9881,.5327,.0245,.3512,.0135
9882,.6467,.0314,.2254,.0135
9883,.7495,.0031,.1647,.0101
9884,.7912,.0000,.1607,.0000
9885,.5565,.1198,.2463,.0116
9886,.4240,.1277,.1998,.1698
9887,.5073,.0520,.3982,.0104
9888,.7243,.0000,.2418,.0103
9889,.4618,.1697,.2703,.0338
9890,.5273,.1788,.2364,.0068
9891,.7080,.0020,.2242,.0119
9892,.6511,.0165,.2200,.0484
9893,.6612,.0016,.2538,.0168
9894,.6751,.0034,.2545,.0000
9895,.6423,.0049,.2788,.0000
9896,.5605,.0020,.3574,.0110
9897,.6823,.0050,.2549,.0000
9898,.6711,.0028,.2700,.0050
9899,.6789,.0053,.1687,.1129
9900,.7386,.0000,.2177,.0000
9901,.6154,.0007,.3162,.0000
9902,.4420,.0741,.3267,.0612
9903,.6265,.1009,.1919,.0056
9904,.6445,.0034,.2155,.0593
9905,.6968,.0004,.2448,.0000
9906,.7707,.0043,.1773,.0044
9907,.7036,.0000,.2484,.0121
9908,.6476,.0122,.2826,.0000
9909,.4949,.0576,.2889,.0865
9910,.5140,.0437,.3808,.0000
9911,.3974,.1203,.4214,.0000
9912,.5581,.0121,.3238,.0510
9913,.2866,.1594,.1973,.2817
9914,.4412,.0888,.3661,.0534
9915,.4083,.1830,.3545,.0000
9916,.3089,.1870,.4305,.0000
9917,.1333,.2785,.4504,.0543
9918,.1077,.4343,.3731,.0000
9919,.4814,.0692,.3459,.0049
9920,.7122,.0054,.2117,.0042
9921,.6073,.0703,.2615,.0000
9922,.5765,.0406,.2905,.0056
9923,.4429,.0542,.3643,.0520
9924,.2547,.1709,.3885,.0990
9925,.5091,.0725,.3591,.0000
9926,.8035,.0071,.1523,.0000
9927,.6362,.0990,.2206,.0000
9928,.6875,.0020,.2511,.0000
9929,.5648,.0515,.2965,.0257
9930,.5668,.0180,.3476,.0125
9931,.6759,.0028,.2391,.0144
9932,.6572,.0148,.2849,.0000
9933,.4439,.0781,.4110,.0184
9934,.2760,.0767,.5789,.0126
9935,.4143,.0202,.3740,.1439
9936,.5478,.0178,.3784,.0077
9937,.4133,.0867,.4440,.0000
9938,.1141,.3937,.3953,.0000
9939,.0815,.5116,.3510,.0000
9940,.2746,.1547,.5108,.0110
9941,.2104,.0358,.6485,.0367
9942,.2888,.0444,.5874,.0198
9943,.3386,.0872,.4622,.0451
9944,.1986,.1032,.5232,.1000
9945,.2792,.0471,.6178,.0000
9946,.4071,.0194,.5448,.0000
9947,.3115,.0167,.6546,.0000
9948,.3343,.0216,.6193,.0000
9949,.2523,.0451,.6603,.0000
9950,.2547,.0297,.6859,.0000
9951,.3381,.0466,.5684,.0023
9952,.2662,.0929,.5043,.0686
9953,.4170,.0283,.3008,.1976
9954,.3827,.0429,.4365,.0892
9955,.3422,.1392,.4003,.0744
9956,.3801,.0484,.5370,.0001
9957,.4902,.0233,.4463,.0000
9958,.2755,.3573,.2870,.0022
9959,.0102,.5363,.1262,.2105
9960,.4854,.1315,.2883,.0378
9961,.7210,.0127,.2109,.0000
9962,.6417,.0009,.2932,.0061
9963,.6141,.0124,.3229,.0000
9964,.6845,.0097,.2528,.0000
9965,.6636,.0017,.2328,.0332
9966,.7495,.0000,.1935,.0000
9967,.5361,.0130,.3125,.0534
9968,.4669,.0105,.3923,.0420
9969,.5236,.0109,.3256,.0420
9970,.4236,.0631,.3176,.0597
9971,.1820,.2302,.2217,.2380
9972,.1877,.2363,.3142,.1061
9973,.5763,.0088,.2435,.1033
9974,.5349,.0026,.3616,.0084
9975,.5781,.0039,.2333,.1069
9976,.6929,.0149,.1636,.0509
9977,.7235,.0000,.2058,.0000
9978,.6632,.0080,.1576,.0932
9979,.8131,.0000,.1239,.0000
9980,.7548,.0000,.1864,.0000
9981,.5849,.0027,.3156,.0263
9982,.4214,.0408,.3823,.0690
9983,.7522,.0000,.1659,.0009
9984,.7637,.0000,.1355,.0367
9985,.7629,.0000,.1774,.0000
9986,.7101,.0011,.1739,.0240
9987,.6752,.0144,.1912,.0294
9988,.3837,.1333,.4082,.0154
9989,.5463,.0549,.2952,.0299
9990,.5029,.0640,.3810,.0025
9991,.2528,.1329,.5288,.0170
9992,.3724,.1285,.4105,.0219
9993,.8613,.0001,.0968,.0000
9994,.9191,.0000,.0469,.0000
9995,.8877,.0000,.0775,.0000
9996,.8802,.0001,.0844,.0000
9997,.7618,.1440,.0599,.0000
9998,.7752,.0451,.0155,.0980
9999,.7831,.0068,.1364,.0263
10000,.7473,.0000,.2173,.0000
10001,.7412,.0033,.2043,.0000
10002,.5956,.0407,.2812,.0035
10003,.5007,.0203,.4033,.0000
10004,.2172,.0736,.6284,.0000
10005,.0485,.1914,.5810,.0508
10006,.2223,.1604,.4755,.0214
10007,.3166,.1650,.3981,.0000
10008,.2373,.1202,.5570,.0000
10009,.1207,.3008,.4404,.0325
10010,.2280,.1314,.5244,.0157
10011,.6300,.0189,.2385,.0266
10012,.6514,.0931,.1812,.0096
10013,.5898,.0176,.2680,.0390
10014,.7703,.0038,.1762,.0023
10015,.3231,.2236,.3467,.0085
10016,.1794,.1765,.5144,.0467
10017,.1428,.3824,.4058,.0067
10018,.6000,.0346,.2291,.0843
10019,.4903,.0762,.1290,.2520
10020,.4622,.1439,.2936,.0518
10021,.6100,.0614,.2265,.0357
10022,.6719,.0126,.1706,.0872
10023,.6532,.0086,.2422,.0265
10024,.6499,.0034,.2816,.0000
10025,.5694,.0067,.3493,.0000
10026,.5723,.0321,.2944,.0319
10027,.5202,.0128,.4025,.0000
10028,.6979,.0109,.2105,.0192
10029,.6111,.0065,.3111,.0081
10030,.5602,.0008,.3756,.0000
10031,.6701,.0071,.2524,.0000
10032,.5094,.1048,.2982,.0175
10033,.6188,.0066,.2891,.0322
10034,.6579,.0000,.0494,.2344
10035,.7351,.0025,.2192,.0000
10036,.6327,.0266,.1288,.1538
10037,.6180,.0252,.1608,.1481
10038,.7586,.0004,.2059,.0000
10039,.5667,.0136,.3465,.0000
10040,.4192,.0392,.4733,.0000
10041,.5149,.0290,.3784,.0000
10042,.6293,.0185,.2551,.0311
10043,.5122,.0454,.3448,.0297
10044,.5846,.0519,.3085,.0101
10045,.6805,.0033,.2603,.0000
10046,.5974,.0035,.3451,.0000
10047,.3270,.2188,.3652,.0268
10048,.3531,.2537,.3243,.0000
10049,.4387,.1428,.3173,.0017
10050,.3464,.0601,.4856,.0014
10051,.4460,.0850,.3811,.0000
10052,.5603,.0452,.2883,.0332
10053,.5993,.0247,.2665,.0123
10054,.5456,.0438,.2995,.0323
10055,.6419,.0170,.2405,.0202
10056,.6897,.0199,.2089,.0166
10057,.6809,.0238,.2357,.0000
10058,.5772,.0393,.3427,.0000
10059,.6887,.0150,.2596,.0000
10060,.6422,.0004,.3243,.0000
10061,.6634,.0002,.2791,.0000
10062,.5541,.0068,.3989,.0000
10063,.5108,.0095,.4239,.0000
10064,.2710,.0685,.5607,.0349
10065,.5174,.0028,.4251,.0000
10066,.3833,.0718,.5010,.0000
10067,.2581,.1641,.5174,.0000
10068,.0707,.4508,.3910,.0000
10069,.0709,.4034,.4436,.0175
10070,.4153,.0128,.5159,.0161
10071,.4543,.0255,.4327,.0252
10072,.4514,.1341,.3321,.0017
10073,.1077,.2391,.5598,.0000
10074,.1243,.1514,.6374,.0000
10075,.1738,.0602,.6824,.0000
10076,.3914,.0213,.5379,.0000
10077,.3550,.0219,.5299,.0598
10078,.3418,.0553,.5283,.0460
10079,.3688,.0567,.5400,.0000
10080,.4177,.0574,.5026,.0000
10081,.2636,.2377,.4134,.0484
10082,.2097,.0961,.4696,.1829
10083,.2556,.0873,.4998,.1090
10084,.4170,.0231,.5252,.0003
10085,.5186,.0233,.4383,.0000
10086,.5965,.0007,.3576,.0000
10087,.4078,.0172,.5257,.0000
10088,.3512,.1069,.3450,.1183
10089,.0780,.5951,.0891,.1289
10090,.1053,.4719,.2774,.0545
10091,.5179,.1078,.2828,.0390
10092,.4648,.0009,.3030,.1789
10093,.5247,.0000,.3030,.1329
10094,.6841,.0021,.2624,.0000
10095,.6323,.0018,.2915,.0000
10096,.6585,.0000,.2656,.0192
10097,.7543,.0000,.1885,.0074
10098,.2912,.1130,.4979,.0034
10099,.3272,.1394,.4195,.0079
10100,.5049,.1878,.1657,.0166
10101,.1514,.3726,.2128,.1417
10102,.4382,.0812,.4128,.0000
10103,.5893,.0052,.3296,.0000
10104,.4122,.0474,.4594,.0000
10105,.6205,.0064,.2729,.0454
10106,.6505,.1161,.1719,.0031
10107,.7335,.0016,.1809,.0103
10108,.5666,.0241,.3114,.0259
10109,.7263,.0099,.1219,.0682
10110,.7120,.0137,.1876,.0091
10111,.6726,.0143,.2132,.0288
10112,.4428,.0433,.4372,.0025
10113,.6905,.0000,.2012,.0141
10114,.8262,.0000,.1063,.0000
10115,.7623,.0000,.1550,.0073
10116,.6898,.0011,.1847,.0209
10117,.6784,.0020,.2335,.0145
10118,.6912,.0044,.2506,.0000
10119,.6429,.0062,.2135,.0610
10120,.3115,.1503,.3850,.0661
10121,.1653,.2331,.4252,.0812
10122,.2896,.1457,.4159,.0740
10123,.8002,.0010,.1490,.0000
10124,.8771,.0014,.0773,.0000
10125,.6841,.0251,.1598,.0689
10126,.7484,.0007,.0923,.1070
10127,.7435,.0078,.1496,.0324
10128,.8054,.0010,.1210,.0000
10129,.6873,.0158,.1930,.0083
10130,.6225,.0571,.1986,.0256
10131,.6729,.0148,.2313,.0019
10132,.6466,.0069,.2698,.0032
10133,.6855,.0020,.2319,.0074
10134,.5810,.0170,.3235,.0000
10135,.1107,.1405,.4469,.1472
10136,.0985,.2288,.3621,.1312
10137,.2557,.0968,.5424,.0000
10138,.2814,.0879,.5470,.0000
10139,.2979,.0967,.4967,.0344
10140,.2400,.0792,.3997,.1938
10141,.7923,.0020,.1477,.0000
10142,.7591,.0025,.1772,.0003
10143,.6760,.0016,.2715,.0007
10144,.4816,.1736,.2589,.0261
10145,.1446,.2630,.4860,.0057
10146,.2455,.1877,.3607,.1182
10147,.1398,.3544,.4273,.0000
10148,.2840,.2414,.3893,.0176
10149,.3091,.1480,.3411,.1445
10150,.4598,.0940,.2088,.1939
10151,.6149,.0162,.0554,.2543
10152,.6460,.0081,.1768,.1198
10153,.5532,.0140,.3597,.0158
10154,.6385,.0006,.2746,.0131
10155,.5227,.0104,.3741,.0000
10156,.5823,.0189,.2151,.1170
10157,.5072,.0241,.3612,.0325
10158,.6730,.0152,.2425,.0008
10159,.5872,.0044,.3456,.0007
10160,.5640,.0036,.3591,.0000
10161,.6712,.0302,.2093,.0000
10162,.5568,.0659,.1769,.1342
10163,.6580,.0077,.2632,.0131
10164,.6733,.0007,.1858,.0848
10165,.6998,.0299,.2032,.0092
10166,.5622,.0547,.2273,.0933
10167,.4392,.0500,.4515,.0143
10168,.7268,.0000,.2372,.0000
10169,.5284,.0678,.3248,.0000
10170,.4837,.0386,.4217,.0000
10171,.4109,.0853,.4368,.0000
10172,.6327,.0152,.2897,.0000
10173,.6405,.0101,.2892,.0000
10174,.6655,.0147,.2604,.0000
10175,.5558,.0279,.3331,.0133
10176,.7013,.0021,.2310,.0035
10177,.5774,.0228,.2792,.0537
10178,.5525,.0896,.2662,.0296
10179,.6016,.0226,.3109,.0016
10180,.4442,.0350,.4160,.0014
10181,.5968,.0692,.2522,.0120
10182,.6296,.0285,.2649,.0052
10183,.5700,.1089,.1881,.0584
10184,.7481,.0064,.1745,.0000
10185,.5092,.0868,.2374,.0870
10186,.5916,.1092,.2178,.0129
10187,.5005,.1288,.2956,.0000
10188,.3241,.1920,.4320,.0000
10189,.5627,.0074,.3891,.0000
10190,.6451,.0652,.2466,.0000
10191,.5392,.0201,.3930,.0000
10192,.6061,.0000,.3432,.0000
10193,.4633,.0140,.3406,.1392
10194,.4342,.0374,.3834,.0922
10195,.4927,.0000,.4498,.0000
10196,.3716,.0361,.5472,.0000
10197,.3338,.0860,.5161,.0000
10198,.0868,.4415,.3940,.0122
10199,.2998,.1610,.4889,.0000
10200,.4213,.0108,.5358,.0000
10201,.3604,.0205,.4108,.1598
10202,.4541,.0429,.4111,.0329
10203,.3450,.1017,.4779,.0000
10204,.3820,.1163,.4309,.0000
10205,.4378,.0324,.4683,.0000
10206,.3739,.0373,.5460,.0000
10207,.4001,.0278,.4843,.0715
10208,.1906,.1238,.5346,.1033
10209,.1858,.2179,.5265,.0000
10210,.0675,.3274,.5167,.0214
10211,.3579,.0629,.4456,.0921
10212,.3917,.0301,.5094,.0224
10213,.4191,.0034,.5102,.0192
10214,.3345,.0312,.5964,.0000
10215,.5736,.0061,.3837,.0000
10216,.5361,.0000,.4167,.0000
10217,.4469,.0524,.4519,.0002
10218,.1707,.2578,.4375,.0561
10219,.1579,.4997,.1135,.1650
10220,.0441,.7366,.0790,.0121
10221,.3521,.2191,.3018,.0474
10222,.6350,.0000,.2768,.0393
10223,.3672,.0000,.2896,.2974
10224,.6982,.0005,.2649,.0000
10225,.7526,.0000,.1983,.0000
10226,.6241,.0037,.3209,.0000
10227,.3133,.1407,.4628,.0068
10228,.2649,.2693,.3502,.0079
10229,.0404,.4337,.3230,.0899
10230,.0182,.5851,.2314,.0345
10231,.0822,.4399,.3789,.0096
10232,.3684,.1277,.4387,.0000
10233,.1537,.1703,.5949,.0000
10234,.1393,.1257,.6472,.0198
10235,.4460,.0421,.3968,.0528
10236,.5556,.0353,.2419,.0998
10237,.4174,.1048,.3283,.0705
10238,.5942,.0739,.2236,.0338
10239,.7935,.0030,.1307,.0149
10240,.7068,.0105,.1916,.0127
10241,.6201,.0196,.2839,.0000
10242,.4796,.0242,.4026,.0074
10243,.5827,.0009,.2923,.0342
10244,.7118,.0000,.1878,.0000
10245,.6646,.0000,.1685,.0050
10246,.5744,.0326,.2726,.0000
10247,.2653,.1284,.4600,.0441
10248,.6206,.0032,.3050,.0000
10249,.6040,.0778,.2489,.0000
10250,.1922,.1717,.5290,.0000
10251,.1238,.2687,.4963,.0069
10252,.2689,.1665,.4919,.0044
10253,.2985,.2053,.3260,.0913
10254,.1758,.3167,.4182,.0000
10255,.7335,.0297,.1825,.0038
10256,.7766,.0035,.1431,.0175
10257,.8510,.0000,.0705,.0194
10258,.8195,.0053,.1003,.0000
10259,.7001,.0156,.1453,.0100
10260,.4089,.2286,.1470,.0516
10261,.6005,.0689,.2383,.0222
10262,.7283,.0048,.1957,.0066
10263,.5501,.1823,.1863,.0160
10264,.5357,.0207,.3352,.0204
10265,.1779,.1017,.5583,.0293
10266,.0390,.2537,.5308,.0114
10267,.0847,.1746,.6234,.0015
10268,.1965,.0854,.6056,.0000
10269,.1652,.0917,.6312,.0000
10270,.2587,.1349,.5101,.0000
10271,.7142,.0034,.2271,.0000
10272,.5973,.0062,.3261,.0225
10273,.5560,.0113,.1875,.1961
10274,.4680,.1672,.2834,.0036
10275,.1352,.3278,.4532,.0001
10276,.2773,.0984,.2899,.2601
10277,.2272,.2842,.2662,.1300
10278,.1221,.3037,.4098,.0782
10279,.1876,.3799,.3253,.0361
10280,.3851,.1011,.3202,.1384
10281,.6438,.0120,.1165,.1690
10282,.7198,.0023,.1940,.0413
10283,.5923,.0195,.2068,.1264
10284,.5758,.0181,.2344,.0902
10285,.5053,.0201,.3816,.0006
10286,.6574,.0116,.2234,.0335
10287,.5869,.0124,.2884,.0378
10288,.5761,.0229,.3065,.0153
10289,.5139,.0134,.4121,.0000
10290,.5980,.0044,.3145,.0036
10291,.5425,.0430,.3097,.0248
10292,.6351,.0128,.2188,.0524
10293,.5288,.2021,.1682,.0491
10294,.6122,.0057,.3189,.0000
10295,.7448,.0015,.2089,.0000
10296,.6405,.0094,.2930,.0000
10297,.6798,.0067,.2774,.0000
10298,.8392,.0000,.1242,.0000
10299,.6100,.0614,.2595,.0000
10300,.7474,.0004,.2140,.0000
10301,.5430,.0678,.3309,.0000
10302,.8118,.0013,.1485,.0000
10303,.7597,.0030,.1713,.0000
10304,.7375,.0052,.2082,.0000
10305,.4834,.0652,.2875,.0960
10306,.6982,.0131,.2084,.0121
10307,.4683,.0435,.3813,.0295
10308,.6917,.0848,.1632,.0000
10309,.6068,.1011,.2326,.0061
10310,.5925,.0377,.2705,.0070
10311,.7237,.0168,.1881,.0025
10312,.6945,.0014,.2355,.0018
10313,.5457,.0204,.3236,.0151
10314,.6894,.0105,.2222,.0000
10315,.5578,.0477,.2629,.0498
10316,.5803,.0492,.2863,.0050
10317,.6146,.0315,.2888,.0000
10318,.2742,.2548,.4073,.0000
10319,.3824,.0668,.4982,.0000
10320,.3569,.0596,.5220,.0093
10321,.3800,.1546,.3636,.0326
10322,.4110,.0460,.4745,.0000
10323,.3827,.0827,.4272,.0642
10324,.4593,.0573,.3948,.0276
10325,.4263,.1878,.3334,.0000
10326,.4058,.1157,.3987,.0309
10327,.2450,.1107,.5785,.0084
10328,.1590,.2731,.4809,.0114
10329,.3312,.0263,.5110,.0975
10330,.4456,.0099,.3271,.1827
10331,.4898,.0090,.4361,.0201
10332,.3714,.0993,.4523,.0000
10333,.3270,.2074,.3576,.0467
10334,.5766,.0725,.2491,.0457
10335,.6298,.0000,.2218,.0962
10336,.5495,.0019,.4124,.0000
10337,.3336,.0223,.6040,.0000
10338,.1263,.2157,.5873,.0000
10339,.1017,.3506,.4393,.0351
10340,.1400,.3800,.3747,.0064
10341,.3428,.0839,.2761,.2418
10342,.3166,.0871,.4813,.0692
10343,.4644,.0203,.4492,.0216
10344,.5905,.0080,.3564,.0000
10345,.5848,.0005,.3724,.0000
10346,.6190,.0000,.3258,.0000
10347,.5590,.0300,.3497,.0039
10348,.1887,.3512,.3470,.0184
10349,.0384,.3935,.0399,.2941
10350,.0304,.2390,.0375,.3982
10351,.1027,.4488,.3072,.0450
10352,.6285,.0561,.2080,.0611
10353,.8051,.0000,.1428,.0057
10354,.4147,.0000,.4172,.1105
10355,.4569,.0000,.3727,.1300
10356,.6535,.0008,.2644,.0388
10357,.2390,.4926,.1957,.0000
10358,.0296,.4464,.3617,.0571
10359,.0297,.3890,.3552,.1014
10360,.0840,.3328,.4660,.0157
10361,.1640,.3204,.3708,.0660
10362,.3171,.1389,.4813,.0000
10363,.3235,.1254,.4805,.0000
10364,.0578,.4239,.4100,.0450
10365,.1312,.3434,.4407,.0267
10366,.1165,.3612,.4245,.0204
10367,.1686,.2800,.4584,.0112
10368,.1772,.2906,.4610,.0000
10369,.5426,.1798,.1931,.0078
10370,.4943,.1931,.1398,.0793
10371,.2784,.1621,.4562,.0239
10372,.4774,.1286,.3292,.0080
10373,.6331,.0399,.1426,.1111
10374,.6309,.0333,.2171,.0341
10375,.7472,.0000,.1547,.0131
10376,.6555,.0006,.2344,.0282
10377,.4361,.0780,.3940,.0024
10378,.6490,.0100,.2765,.0002
10379,.4536,.1019,.3461,.0192
10380,.3447,.1366,.4439,.0000
10381,.1838,.2193,.5187,.0088
10382,.2306,.1599,.5183,.0173
10383,.1916,.1690,.3027,.2147
10384,.3202,.1223,.4436,.0385
10385,.7820,.0655,.1044,.0000
10386,.8511,.0000,.1015,.0000
10387,.6129,.0900,.2228,.0000
10388,.5468,.1132,.2782,.0000
10389,.8493,.0069,.1054,.0000
10390,.8079,.0029,.1283,.0000
10391,.7018,.0032,.2201,.0000
10392,.7811,.0011,.1593,.0008
10393,.6519,.0118,.2344,.0120
10394,.5459,.0430,.2856,.0177
10395,.0944,.1990,.5163,.0480
10396,.1380,.1359,.4742,.0651
10397,.1345,.1316,.5084,.0636
10398,.1107,.1016,.5939,.0640
10399,.1002,.1625,.4854,.1338
10400,.2741,.1109,.4083,.0840
10401,.7817,.0000,.1680,.0000
10402,.6733,.0602,.2203,.0129
10403,.6789,.0271,.1784,.0629
10404,.2005,.1611,.4759,.0797
10405,.0757,.3686,.4614,.0005
10406,.3239,.1005,.3417,.1507
10407,.2140,.2756,.2105,.2377
10408,.0166,.5433,.3614,.0109
10409,.0085,.6087,.2099,.0711
10410,.2427,.1405,.2824,.2561
10411,.5369,.0050,.0950,.3053
10412,.5968,.0071,.0466,.2991
10413,.5493,.0845,.1972,.1025
10414,.5409,.0198,.1937,.1642
10415,.4557,.0219,.3184,.1227
10416,.5397,.0067,.2487,.1254
10417,.6112,.0097,.2585,.0442
10418,.5621,.0353,.3235,.0125
10419,.5959,.0192,.3221,.0000
10420,.5995,.0381,.2734,.0053
10421,.2009,.2166,.4551,.0361
10422,.3927,.1172,.2453,.1617
10423,.6145,.0429,.2475,.0154
10424,.6491,.0119,.2866,.0000
10425,.7637,.0006,.1980,.0000
10426,.6932,.0098,.2357,.0000
10427,.6545,.0132,.2801,.0000
10428,.7621,.0000,.1995,.0000
10429,.6955,.0239,.2109,.0000
10430,.7580,.0096,.1924,.0000
10431,.6424,.0557,.2583,.0000
10432,.7303,.0000,.2172,.0134
10433,.5685,.0836,.2186,.0553
10434,.3624,.1365,.4356,.0000
10435,.3266,.2363,.3722,.0000
10436,.5818,.0302,.3113,.0024
10437,.5292,.0581,.2454,.0770
10438,.6514,.0494,.1440,.0862
10439,.6545,.0231,.2336,.0200
10440,.5949,.0120,.3150,.0000
10441,.6709,.0029,.2717,.0000
10442,.7064,.0032,.2124,.0025
10443,.5230,.0167,.2985,.0669
10444,.6805,.0040,.2365,.0176
10445,.6038,.0178,.2767,.0288
10446,.4929,.1006,.3309,.0035
10447,.6718,.0185,.2539,.0000
10448,.5387,.0320,.3760,.0000
10449,.4946,.0460,.4149,.0000
10450,.4740,.0093,.4777,.0000
10451,.2575,.3052,.3639,.0000
10452,.4390,.1815,.3291,.0000
10453,.3242,.1824,.4562,.0000
10454,.4149,.0856,.4524,.0000
10455,.4310,.0417,.4807,.0000
10456,.2982,.0651,.5912,.0000
10457,.2735,.0656,.6180,.0000
10458,.2840,.0549,.5016,.1207
10459,.4058,.0025,.4931,.0608
10460,.4968,.0133,.3399,.0972
10461,.3990,.0469,.4799,.0000
10462,.1774,.3749,.3810,.0000
10463,.0927,.4333,.3699,.0345
10464,.2224,.1509,.4363,.1554
10465,.4457,.0051,.3132,.1670
10466,.6380,.0000,.3145,.0000
10467,.2300,.1724,.5265,.0000
10468,.0624,.3538,.4193,.0820
10469,.3047,.0863,.5197,.0304
10470,.3246,.1682,.3997,.0344
10471,.4253,.1108,.3973,.0240
10472,.2506,.2975,.4052,.0011
10473,.4165,.2136,.3349,.0000
10474,.4105,.1270,.4038,.0000
10475,.7227,.0027,.2265,.0000
10476,.5547,.0188,.3627,.0000
10477,.5270,.0390,.3882,.0004
10478,.4651,.1091,.3125,.0550
10479,.2378,.3449,.1994,.0959
10480,.0550,.4152,.0522,.2698
10481,.0459,.6802,.1228,.0298
10482,.0703,.5251,.3353,.0000
10483,.3824,.1379,.3585,.0750
10484,.6084,.0000,.2417,.0852
10485,.6492,.0000,.3024,.0000
10486,.5467,.0005,.3972,.0000
10487,.1726,.2640,.4843,.0000
10488,.1389,.3032,.3951,.0325
10489,.0756,.3602,.4418,.0181
10490,.0348,.6145,.1932,.0496
10491,.0863,.6128,.1664,.0504
10492,.1002,.3172,.5205,.0000
10493,.1313,.2007,.6059,.0000
10494,.0663,.4087,.4239,.0045
10495,.0914,.4295,.4020,.0051
10496,.2621,.2160,.4120,.0319
10497,.6560,.0208,.2130,.0464
10498,.5410,.0239,.3706,.0071
10499,.5770,.0909,.2508,.0176
10500,.1491,.3200,.3123,.1336
10501,.0752,.3466,.4078,.0773
10502,.2784,.1723,.4860,.0000
10503,.4005,.1378,.3614,.0365
10504,.6851,.0050,.2306,.0063
10505,.7268,.0003,.1978,.0000
10506,.6733,.0000,.2538,.0000
10507,.4876,.0282,.3981,.0000
10508,.5261,.0170,.3455,.0271
10509,.6313,.0248,.2370,.0224
10510,.5791,.0455,.2800,.0000
10511,.2625,.1187,.5395,.0000
10512,.0869,.3752,.4391,.0000
10513,.3061,.2455,.3688,.0000
10514,.1612,.2698,.5142,.0000
10515,.7008,.0094,.2241,.0000
10516,.8193,.0000,.1211,.0000
10517,.7183,.0391,.1682,.0000
10518,.4361,.1139,.3726,.0000
10519,.7954,.0110,.1501,.0000
10520,.7623,.0000,.1976,.0000
10521,.8009,.0003,.1535,.0000
10522,.6087,.0005,.3246,.0002
10523,.4513,.0303,.4077,.0141
10524,.3252,.1804,.3810,.0000
10525,.0260,.3829,.4273,.0401
10526,.1432,.1810,.4813,.0000
10527,.0995,.1658,.3440,.2162
10528,.1166,.1327,.4351,.1711
10529,.0495,.3227,.4568,.0498
10530,.2409,.1559,.3690,.0861
10531,.7737,.0011,.1637,.0000
10532,.6562,.0029,.3012,.0000
10533,.6656,.0165,.2371,.0232
10534,.1906,.3111,.2468,.1846
10535,.0540,.4314,.4259,.0000
10536,.2085,.1965,.4249,.0804
10537,.3628,.1130,.2447,.2047
10538,.1171,.5554,.1724,.0747
10539,.0139,.6511,.1994,.0360
10540,.2059,.1289,.4625,.1362
10541,.4861,.0221,.2222,.2030
10542,.6130,.0180,.1461,.1734
10543,.6694,.0236,.2189,.0308
10544,.6549,.0025,.2368,.0477
10545,.5794,.0009,.2154,.1506
10546,.5954,.0048,.2499,.0991
10547,.6261,.0013,.3161,.0000
10548,.6454,.0059,.2966,.0000
10549,.6375,.0043,.3026,.0000
10550,.6393,.0237,.2675,.0000
10551,.4293,.1079,.3894,.0000
10552,.6791,.0298,.2292,.0019
10553,.6606,.0366,.2279,.0042
10554,.6467,.0601,.2408,.0000
10555,.8852,.0000,.0847,.0000
10556,.8585,.0000,.1110,.0000
10557,.6509,.0089,.2969,.0000
10558,.8883,.0010,.0762,.0000
10559,.7372,.0011,.2067,.0000
10560,.6106,.0180,.3168,.0000
10561,.6363,.0040,.3152,.0000
10562,.6511,.0802,.2101,.0059
10563,.4021,.2761,.2357,.0120
10564,.6228,.0343,.2861,.0000
10565,.5982,.0092,.3221,.0000
10566,.6721,.0243,.1960,.0115
10567,.5508,.0685,.2947,.0139
10568,.6496,.0706,.1509,.0590
10569,.7590,.0194,.1569,.0098
10570,.6820,.0063,.2530,.0000
10571,.7694,.0000,.1823,.0000
10572,.6892,.0102,.1345,.0703
10573,.6718,.0143,.2114,.0263
10574,.5634,.0232,.1502,.1799
10575,.6753,.0012,.2462,.0000
10576,.7659,.0029,.1687,.0000
10577,.7378,.0000,.2301,.0000
10578,.5335,.0066,.3421,.0794
10579,.4968,.0263,.4405,.0000
10580,.2224,.2115,.4855,.0000
10581,.0509,.6367,.2370,.0051
10582,.3682,.1553,.2978,.1257
10583,.4792,.0430,.2162,.2314
10584,.6203,.0485,.2436,.0489
10585,.3852,.1511,.3863,.0174
10586,.5729,.0131,.3272,.0418
10587,.3100,.0618,.5831,.0000
10588,.3735,.0593,.3872,.1341
10589,.3430,.0262,.5538,.0266
10590,.3076,.0872,.4945,.0242
10591,.3632,.1810,.3775,.0000
10592,.2660,.3300,.3043,.0322
10593,.2865,.1593,.4957,.0000
10594,.4291,.0358,.4476,.0384
10595,.4815,.0132,.3491,.1171
10596,.2855,.2488,.3981,.0025
10597,.0649,.3654,.4842,.0000
10598,.2597,.1696,.5060,.0000
10599,.2072,.1867,.5443,.0000
10600,.0186,.6758,.2195,.0000
10601,.0595,.5986,.2392,.0121
10602,.1652,.2175,.5712,.0000
10603,.2972,.1814,.4940,.0011
10604,.3393,.2021,.4075,.0110
10605,.1161,.4287,.3281,.0699
10606,.1357,.2383,.5716,.0000
10607,.5097,.0695,.3845,.0014
10608,.3981,.0946,.3997,.0585
10609,.3891,.1999,.2522,.0848
10610,.0592,.4014,.4035,.0442
10611,.0652,.5813,.1717,.0552
10612,.0211,.5495,.3274,.0096
10613,.1574,.2976,.4931,.0000
10614,.4837,.0152,.4543,.0000
10615,.6731,.0000,.2763,.0000
10616,.5594,.0161,.3543,.0000
10617,.1211,.4076,.3961,.0000
10618,.0658,.4401,.3591,.0147
10619,.0776,.3544,.3656,.0928
10620,.0683,.4765,.2695,.0778
10621,.0945,.4887,.3190,.0059
10622,.0625,.4819,.3932,.0000
10623,.2294,.1197,.5892,.0000
10624,.0428,.3215,.5574,.0000
10625,.0194,.3398,.4208,.0994
10626,.1369,.3329,.3529,.0778
10627,.1761,.3124,.3131,.1198
10628,.5840,.0933,.2019,.0516
10629,.3120,.2044,.4047,.0000
10630,.3341,.3361,.2674,.0000
10631,.2752,.2408,.4092,.0000
10632,.3531,.1269,.4136,.0297
10633,.7360,.0080,.2032,.0000
10634,.7165,.0000,.2180,.0050
10635,.5205,.0368,.3646,.0003
10636,.4216,.0653,.4233,.0000
10637,.5252,.0031,.3798,.0053
10638,.5793,.0097,.2957,.0244
10639,.5939,.0023,.3202,.0000
10640,.5792,.0064,.2974,.0288
10641,.2376,.1277,.5555,.0000
10642,.2143,.2052,.5008,.0000
10643,.1961,.1211,.6027,.0000
10644,.4211,.0903,.4154,.0000
10645,.7158,.0000,.1930,.0156
10646,.6936,.0012,.2117,.0228
10647,.7348,.0014,.1709,.0262
10648,.8031,.0000,.1507,.0000
10649,.7985,.0000,.1629,.0000
10650,.7677,.0000,.1946,.0000
10651,.7299,.0007,.2084,.0000
10652,.2799,.0994,.5125,.0000
10653,.0232,.4657,.4180,.0000
10654,.0404,.4181,.3775,.0000
10655,.0295,.4987,.3241,.0689
10656,.0999,.2997,.2149,.2113
10657,.0132,.4520,.1832,.2415
10658,.1416,.1874,.1863,.3021
10659,.2153,.1243,.5395,.0001
10660,.3209,.2164,.3386,.0048
10661,.6488,.0535,.1995,.0271
10662,.6012,.0114,.3132,.0183
10663,.5358,.0384,.2814,.0777
10664,.4611,.1059,.2273,.1305
10665,.1519,.3315,.4355,.0000
10666,.1593,.2655,.4639,.0000
10667,.3571,.1708,.3952,.0084
10668,.2724,.2779,.2891,.0926
10669,.0191,.4870,.4001,.0144
10670,.3181,.1374,.4170,.0657
10671,.3027,.0927,.4351,.1074
10672,.2077,.1727,.4985,.0552
10673,.5088,.0226,.4001,.0063
10674,.5523,.0015,.3371,.0469
10675,.6622,.0063,.1156,.1568
10676,.6760,.0005,.1816,.0970
10677,.4293,.1953,.2141,.1121
10678,.5118,.0429,.3995,.0000
10679,.6088,.0036,.3293,.0013
10680,.5019,.0344,.3939,.0000
10681,.5368,.0882,.2944,.0141
10682,.5066,.1296,.2894,.0007
10683,.4895,.0613,.3909,.0000
10684,.6556,.0090,.1879,.0922
10685,.8495,.0003,.1054,.0000
10686,.8718,.0013,.0885,.0000
10687,.4163,.1033,.4131,.0000
10688,.6450,.0106,.2795,.0000
10689,.7441,.0004,.2238,.0000
10690,.6342,.0089,.3210,.0000
10691,.6840,.0121,.2601,.0000
10692,.7018,.0061,.2415,.0000
10693,.6114,.0614,.2544,.0000
10694,.7860,.0108,.1575,.0000
10695,.7004,.0475,.1796,.0017
10696,.4723,.0941,.3224,.0201
10697,.4695,.1100,.2168,.1339
10698,.3644,.2645,.2225,.0852
10699,.7076,.0124,.1843,.0351
10700,.6574,.0382,.2597,.0000
10701,.7220,.0000,.2532,.0000
10702,.7174,.0033,.1391,.0418
10703,.6697,.0092,.1885,.0744
10704,.6705,.0238,.2359,.0014
10705,.6714,.0879,.1744,.0000
10706,.7793,.0140,.1634,.0000
10707,.7179,.0083,.2454,.0000
10708,.4555,.0496,.4515,.0000
10709,.2889,.0805,.5829,.0000
10710,.1023,.4702,.3777,.0000
10711,.1157,.5021,.3125,.0000
10712,.2082,.1448,.5478,.0242
10713,.5082,.0166,.2457,.1930
10714,.4964,.0364,.4093,.0166
10715,.4456,.0763,.4233,.0011
10716,.4178,.0027,.5431,.0025
10717,.4490,.0852,.4240,.0000
10718,.4045,.0680,.4863,.0000
10719,.2869,.0213,.6478,.0000
10720,.3924,.0447,.4767,.0253
10721,.3306,.0529,.5209,.0599
10722,.4597,.0300,.4211,.0533
10723,.5087,.0000,.4240,.0000
10724,.5914,.0067,.3417,.0006
10725,.5463,.0141,.2612,.1532
10726,.3067,.2148,.4159,.0027
10727,.1560,.3689,.3743,.0248
10728,.3054,.2461,.3772,.0024
10729,.0571,.6406,.2321,.0000
10730,.0336,.5943,.2612,.0000
10731,.1967,.3502,.3341,.0363
10732,.1949,.3959,.3457,.0000
10733,.2328,.3380,.2956,.0732
10734,.2024,.3405,.3354,.0542
10735,.2974,.2116,.4431,.0000
10736,.1558,.3844,.4028,.0027
10737,.2947,.0446,.4789,.1273
10738,.1104,.2208,.5781,.0249
10739,.1837,.2328,.3668,.1259
10740,.0295,.6879,.0807,.0161
10741,.0067,.7051,.0388,.0642
10742,.0093,.5020,.0924,.2286
10743,.1724,.2737,.3832,.1043
10744,.5403,.0141,.3719,.0314
10745,.5909,.0000,.3284,.0264
10746,.5180,.0281,.3516,.0312
10747,.1022,.5340,.2678,.0309
10748,.0192,.6200,.2717,.0087
10749,.1351,.4073,.3221,.0214
10750,.0895,.3967,.2267,.1697
10751,.0470,.5827,.1820,.0923
10752,.0635,.3334,.5201,.0000
10753,.2293,.1358,.5774,.0000
10754,.2270,.1830,.5063,.0046
10755,.1641,.2005,.4909,.0118
10756,.1313,.1973,.5474,.0381
10757,.1897,.2996,.3989,.0097
10758,.1278,.3338,.3854,.0654
10759,.4046,.0844,.4470,.0000
10760,.1414,.3664,.3223,.0777
10761,.0372,.4438,.3477,.0841
10762,.1882,.2140,.5280,.0000
10763,.5509,.0865,.2552,.0409
10764,.7746,.0026,.1767,.0120
10765,.6273,.0056,.3173,.0000
10766,.6013,.0472,.2870,.0000
10767,.5521,.0563,.3057,.0077
10768,.6296,.0351,.2610,.0000
10769,.7015,.0000,.2102,.0000
10770,.6952,.0012,.2290,.0000
10771,.6887,.0000,.2411,.0042
10772,.5916,.0090,.3001,.0279
10773,.2872,.1904,.4380,.0000
10774,.2083,.2504,.4732,.0000
10775,.6586,.0086,.2668,.0028
10776,.7227,.0000,.2034,.0000
10777,.7579,.0017,.1701,.0000
10778,.8652,.0000,.0893,.0000
10779,.7956,.0000,.1572,.0000
10780,.7696,.0088,.1603,.0000
10781,.6163,.0234,.2693,.0000
10782,.1696,.2116,.5272,.0000
10783,.0726,.2850,.5448,.0000
10784,.0477,.3844,.4407,.0252
10785,.2779,.0981,.3320,.2017
10786,.1974,.0766,.4964,.0986
10787,.0920,.3505,.2852,.1455
10788,.0462,.2730,.2345,.2846
10789,.2177,.1877,.4726,.0000
10790,.2919,.1054,.4246,.0704
10791,.6492,.0232,.2371,.0302
10792,.6821,.0059,.2514,.0095
10793,.4694,.1468,.2592,.0569
10794,.4984,.0631,.1623,.2141
10795,.3292,.1675,.4377,.0010
10796,.1698,.3174,.4599,.0000
10797,.2836,.2449,.4134,.0029
10798,.4042,.1916,.3062,.0354
10799,.2952,.1877,.4294,.0224
10800,.5036,.0258,.2089,.1970
10801,.3249,.0509,.4709,.1060
10802,.4337,.0500,.4498,.0029
10803,.2325,.2265,.4602,.0001
10804,.4213,.1034,.1657,.2448
10805,.4825,.0197,.2322,.1994
10806,.4584,.0292,.2373,.2165
10807,.4248,.0631,.3985,.0442
10808,.4358,.0766,.2700,.1518
10809,.5251,.0357,.2895,.0767
10810,.3206,.1558,.4347,.0000
10811,.3971,.2566,.2203,.0119
10812,.0493,.5450,.2730,.0066
10813,.5215,.0769,.2824,.0719
10814,.5692,.0279,.0270,.3291
10815,.7060,.0069,.1935,.0281
10816,.7487,.0018,.1906,.0000
10817,.6871,.0030,.2460,.0000
10818,.6454,.0571,.2489,.0000
10819,.8107,.0000,.1611,.0000
10820,.7091,.0102,.2389,.0000
10821,.7615,.0193,.1694,.0069
10822,.7154,.0335,.1821,.0262
10823,.7104,.0744,.1807,.0000
10824,.6925,.0133,.2530,.0000
10825,.4623,.1298,.3294,.0200
10826,.4037,.1117,.4078,.0000
10827,.5248,.0647,.2414,.0935
10828,.5010,.0654,.3392,.0205
10829,.6836,.0075,.2305,.0225
10830,.7049,.0401,.2186,.0000
10831,.6249,.0002,.3442,.0000
10832,.6976,.0137,.2181,.0000
10833,.7160,.0189,.2133,.0000
10834,.7817,.0006,.1517,.0181
10835,.8187,.0055,.1170,.0142
10836,.7776,.0000,.1969,.0000
10837,.7383,.0000,.2352,.0015
10838,.7126,.0009,.2375,.0010
10839,.6685,.0057,.2648,.0131
10840,.5098,.0767,.3393,.0253
10841,.0902,.5455,.2908,.0000
10842,.1230,.3401,.4560,.0000
10843,.4605,.0408,.4536,.0000
10844,.6445,.0198,.2944,.0000
10845,.4092,.0668,.4669,.0000
10846,.3084,.0686,.5668,.0000
10847,.3810,.0124,.5703,.0000
10848,.3648,.0052,.5840,.0000
10849,.3749,.0244,.5467,.0000
10850,.5359,.0073,.3953,.0061
10851,.5834,.0080,.3666,.0019
10852,.5398,.0001,.4169,.0062
10853,.3074,.0924,.5369,.0000
10854,.2574,.3166,.3783,.0000
10855,.2726,.2395,.4325,.0000
10856,.3704,.0796,.4896,.0000
10857,.3978,.2143,.3041,.0165
10858,.0056,.6925,.2168,.0172
10859,.0349,.5852,.3025,.0001
10860,.0696,.5040,.3128,.0257
10861,.0675,.3822,.4563,.0196
10862,.0941,.2579,.5821,.0000
10863,.1723,.2968,.4032,.0655
10864,.2528,.2015,.4362,.0479
10865,.4046,.0430,.4206,.0888
10866,.3358,.0894,.4939,.0254
10867,.4939,.0480,.2810,.1379
10868,.1218,.1148,.6770,.0000
10869,.1125,.5614,.2241,.0000
10870,.1186,.3599,.2598,.0818
10871,.0357,.5171,.3510,.0064
10872,.1636,.2175,.4937,.0411
10873,.0315,.1675,.5529,.1508
10874,.3613,.0961,.4671,.0205
10875,.5989,.0166,.2927,.0457
10876,.7478,.0041,.1879,.0110
10877,.2288,.4164,.2615,.0328
10878,.0238,.5940,.3229,.0000
10879,.0728,.3630,.4585,.0000
10880,.0517,.5605,.2346,.0631
10881,.0860,.4609,.3465,.0170
10882,.1659,.2830,.4644,.0000
10883,.1346,.2446,.5391,.0000
10884,.2905,.0622,.5497,.0285
10885,.1898,.2484,.4194,.0194
10886,.1432,.1683,.5269,.0310
10887,.2671,.1898,.4485,.0000
10888,.0747,.3741,.4372,.0000
10889,.3390,.1260,.4794,.0000
10890,.1754,.4626,.2504,.0541
10891,.1064,.3395,.4285,.0295
10892,.1801,.2144,.5240,.0000
10893,.3103,.1010,.5171,.0018
10894,.6117,.0378,.2900,.0022
10895,.7169,.0193,.2018,.0004
10896,.6284,.0003,.1371,.1814
10897,.7920,.0000,.1607,.0000
10898,.7833,.0000,.1654,.0000
10899,.7346,.0000,.1958,.0000
10900,.6164,.0328,.2286,.0426
10901,.4746,.0778,.3393,.0364
10902,.6765,.0146,.2438,.0000
10903,.5312,.0443,.3377,.0000
10904,.2818,.2056,.3946,.0246
10905,.6027,.0339,.2242,.0587
10906,.6804,.0010,.2404,.0034
10907,.7551,.0003,.1916,.0000
10908,.8225,.0000,.1351,.0000
10909,.8667,.0000,.0986,.0000
10910,.7298,.0058,.1997,.0000
10911,.6520,.0037,.2757,.0000
10912,.4821,.0329,.3973,.0000
10913,.4134,.0297,.4750,.0000
10914,.0696,.3409,.3699,.1299
10915,.5626,.0120,.1967,.1467
10916,.5784,.0039,.3363,.0145
10917,.4927,.0931,.2844,.0228
10918,.0494,.4718,.1981,.1397
10919,.0526,.4171,.2017,.1659
10920,.3591,.0806,.3515,.1048
10921,.5315,.0183,.2510,.1492
10922,.7000,.0000,.2576,.0000
10923,.7282,.0104,.2091,.0000
10924,.5105,.0762,.3273,.0200
10925,.4297,.1221,.3435,.0175
10926,.4721,.0907,.3723,.0000
10927,.3812,.1356,.4232,.0000
10928,.2779,.2013,.3974,.0671
10929,.4609,.1433,.2461,.0862
10930,.3053,.2041,.3248,.0631
10931,.1852,.1523,.5015,.0838
10932,.4214,.1268,.3805,.0132
10933,.0183,.5386,.3611,.0000
10934,.0304,.6606,.2498,.0000
10935,.4510,.1391,.2856,.0724
10936,.3229,.1623,.4368,.0206
10937,.3314,.1282,.4854,.0000
10938,.3595,.1429,.2300,.2165
10939,.5644,.0253,.0580,.2982
10940,.1405,.2870,.3945,.0543
10941,.0207,.6134,.2228,.0063
10942,.0852,.3491,.4704,.0023
10943,.5750,.0312,.2016,.1367
10944,.6507,.0004,.1611,.1458
10945,.7507,.0018,.2040,.0000
10946,.7822,.0001,.1668,.0000
10947,.7652,.0026,.1957,.0000
10948,.6568,.0541,.2610,.0000
10949,.7305,.0000,.2399,.0000
10950,.5776,.0219,.3556,.0000
10951,.4381,.1011,.3797,.0183
10952,.6920,.0677,.1971,.0000
10953,.7675,.0000,.2078,.0000
10954,.6509,.0026,.3261,.0000
10955,.6347,.0163,.3118,.0000
10956,.3983,.1037,.4311,.0000
10957,.5743,.0402,.3228,.0000
10958,.6810,.0125,.2519,.0000
10959,.5932,.0000,.3874,.0000
10960,.5442,.0105,.4059,.0087
10961,.6633,.0004,.3025,.0000
10962,.7223,.0178,.1997,.0000
10963,.7727,.0258,.1548,.0000
10964,.7096,.0029,.2541,.0000
10965,.6489,.0082,.3131,.0000
10966,.7518,.0370,.1841,.0000
10967,.7447,.0511,.1591,.0037
10968,.5635,.0136,.3402,.0147
10969,.4164,.0462,.4254,.0366
10970,.4273,.2357,.2782,.0000
10971,.0361,.7006,.1974,.0000
10972,.2001,.1993,.5333,.0000
10973,.1726,.2833,.4692,.0000
10974,.1512,.3684,.4112,.0000
10975,.3049,.0417,.6005,.0000
10976,.3363,.0341,.4596,.1274
10977,.3731,.0000,.5791,.0042
10978,.2820,.0358,.6156,.0000
10979,.3540,.0236,.5478,.0000
10980,.4939,.0016,.4554,.0000
10981,.5036,.0010,.4616,.0000
10982,.4925,.0014,.4578,.0000
10983,.1999,.0980,.6169,.0000
10984,.0793,.4525,.3650,.0033
10985,.1343,.4109,.3429,.0414
10986,.4534,.0425,.3589,.0898
10987,.1304,.4048,.3857,.0000
10988,.2317,.3284,.3739,.0000
10989,.1188,.3271,.4683,.0001
10990,.0730,.5764,.2390,.0304
10991,.2870,.3169,.3064,.0277
10992,.1238,.1803,.6126,.0000
10993,.0752,.2781,.5475,.0252
10994,.1927,.1221,.5676,.0549
10995,.2365,.1028,.5438,.0637
10996,.3086,.0188,.6314,.0000
10997,.4656,.1135,.3219,.0412
10998,.1694,.3536,.4041,.0000
10999,.2398,.1764,.3340,.1786
11000,.1491,.3914,.3091,.0336
11001,.0096,.2692,.2031,.3980
11002,.4150,.0998,.2997,.1256
11003,.3470,.2097,.3429,.0421
11004,.4451,.0932,.4244,.0000
11005,.4869,.0200,.4570,.0000
11006,.5051,.0201,.3970,.0187
11007,.5064,.0506,.2994,.0656
11008,.5758,.0115,.3391,.0030
11009,.5078,.0598,.3678,.0000
11010,.2416,.2533,.4287,.0095
11011,.1566,.2130,.5394,.0027
11012,.1546,.2817,.4966,.0000
11013,.0644,.2768,.4898,.0750
11014,.3180,.0394,.5663,.0000
11015,.5408,.0047,.3747,.0000
11016,.4248,.0532,.4353,.0000
11017,.1497,.3717,.3674,.0000
11018,.1761,.3714,.3399,.0113
11019,.0366,.4539,.4093,.0000
11020,.3482,.0808,.4874,.0000
11021,.2140,.3800,.3071,.0000
11022,.2062,.2811,.4338,.0000
11023,.1381,.2375,.5306,.0000
11024,.3556,.1179,.4458,.0032
11025,.3262,.2276,.3561,.0181
11026,.4898,.1018,.3305,.0200
11027,.7581,.0000,.1988,.0000
11028,.7820,.0000,.1621,.0000
11029,.6894,.0000,.2502,.0000
11030,.7136,.0200,.1608,.0343
11031,.6789,.0261,.2273,.0029
11032,.6780,.1046,.1750,.0000
11033,.6369,.0276,.2838,.0000
11034,.5885,.0321,.3011,.0000
11035,.3564,.1321,.3067,.1187
11036,.5997,.0421,.2339,.0500
11037,.7021,.0016,.2321,.0000
11038,.8483,.0000,.1035,.0000
11039,.7173,.0000,.2316,.0000
11040,.7919,.0000,.1634,.0000
11041,.6915,.0026,.2416,.0000
11042,.4483,.0701,.3911,.0000
11043,.5790,.0603,.2745,.0000
11044,.2176,.2217,.4673,.0006
11045,.4375,.0341,.4361,.0102
11046,.5912,.0382,.2838,.0126
11047,.6572,.0186,.1639,.0709
11048,.5059,.0780,.2985,.0111
11049,.3763,.0941,.3810,.0461
11050,.3096,.0361,.5619,.0099
11051,.4309,.1012,.2991,.0881
11052,.3628,.1463,.4165,.0161
11053,.5722,.0115,.3242,.0472
11054,.6623,.0000,.2925,.0000
11055,.6145,.0209,.3000,.0000
11056,.2886,.1334,.4861,.0000
11057,.1554,.2458,.4762,.0541
11058,.3480,.0796,.3230,.1850
11059,.4476,.0581,.3934,.0341
11060,.5048,.1236,.2515,.0212
11061,.0343,.3478,.5363,.0014
11062,.4200,.0267,.3431,.1454
11063,.1068,.2799,.4608,.0921
11064,.0000,.5600,.3595,.0000
11065,.0969,.3167,.4563,.0562
11066,.0922,.4364,.3959,.0086
11067,.0501,.3936,.4667,.0000
11068,.2290,.1915,.4898,.0212
11069,.5298,.0351,.1459,.2317
11070,.1473,.3755,.2053,.1648
11071,.0250,.6057,.1986,.0460
11072,.0299,.5375,.3186,.0049
11073,.3028,.1748,.4299,.0189
11074,.5954,.0040,.3253,.0134
11075,.7955,.0043,.1547,.0000
11076,.7653,.0000,.1929,.0000
11077,.8603,.0000,.1157,.0000
11078,.8564,.0000,.1299,.0000
11079,.8638,.0000,.1297,.0000
11080,.8729,.0011,.1071,.0000
11081,.4970,.1133,.3148,.0049
11082,.6124,.0527,.2527,.0186
11083,.6809,.0193,.2134,.0354
11084,.7657,.0072,.1722,.0130
11085,.6603,.0533,.2422,.0000
11086,.5893,.0492,.3249,.0000
11087,.5825,.0077,.3762,.0000
11088,.6028,.0020,.3586,.0000
11089,.6160,.0000,.3752,.0000
11090,.7261,.0000,.2560,.0000
11091,.7593,.0000,.2085,.0000
11092,.8140,.0077,.1356,.0000
11093,.7330,.0241,.2023,.0000
11094,.6734,.0000,.3095,.0000
11095,.6965,.0000,.2866,.0000
11096,.7299,.0020,.2324,.0000
11097,.7919,.0055,.1624,.0000
11098,.6804,.0045,.2655,.0000
11099,.6132,.0000,.3240,.0000
11100,.6105,.0055,.3205,.0000
11101,.3508,.1967,.3278,.0322
11102,.0687,.6904,.1743,.0000
11103,.3322,.2358,.3741,.0000
11104,.3117,.3011,.3164,.0000
11105,.2377,.2190,.4936,.0000
11106,.4050,.0475,.4319,.0699
11107,.4107,.0110,.5307,.0000
11108,.3077,.0354,.6018,.0006
11109,.3963,.0230,.5109,.0160
11110,.5349,.0000,.4035,.0262
11111,.4330,.0083,.5240,.0000
11112,.3361,.0579,.5517,.0000
11113,.1198,.2692,.5066,.0355
11114,.0178,.5795,.2474,.0418
11115,.2657,.2692,.2674,.1381
11116,.4778,.0603,.3755,.0173
11117,.4142,.0442,.5075,.0000
11118,.4452,.0528,.4773,.0000
11119,.5577,.0963,.3091,.0000
11120,.1352,.2994,.4921,.0008
11121,.0607,.2964,.5245,.0150
11122,.1057,.1030,.6887,.0000
11123,.1683,.1971,.5745,.0000
11124,.2797,.1689,.4971,.0000
11125,.4373,.0487,.4853,.0000
11126,.3828,.0246,.5549,.0000
11127,.3147,.1838,.4346,.0025
11128,.0524,.4394,.4302,.0000
11129,.0940,.3561,.4708,.0000
11130,.0338,.5471,.3099,.0000
11131,.0493,.4506,.2443,.1495
11132,.0919,.2592,.3455,.1952
11133,.4124,.0763,.4755,.0000
11134,.4935,.0611,.4062,.0000
11135,.3734,.0543,.5265,.0000
11136,.2766,.0000,.5040,.1443
11137,.4316,.0000,.3594,.1254
11138,.7975,.0000,.1672,.0000
11139,.8182,.0000,.1509,.0000
11140,.5847,.1352,.2180,.0000
11141,.0798,.3880,.4384,.0000
11142,.0610,.3984,.4525,.0000
11143,.0980,.2934,.5010,.0080
11144,.5254,.0330,.3467,.0268
11145,.3136,.1075,.4755,.0279
11146,.7327,.0042,.2007,.0004
11147,.6634,.0427,.2231,.0000
11148,.1814,.2834,.4370,.0000
11149,.4142,.1279,.3871,.0000
11150,.6708,.0361,.2172,.0031
11151,.4976,.0588,.3365,.0239
11152,.3464,.2196,.3218,.0105
11153,.0640,.3391,.4182,.0770
11154,.1279,.4195,.3283,.0000
11155,.1538,.3482,.4100,.0000
11156,.3637,.1206,.3814,.0733
11157,.7101,.0026,.2340,.0048
11158,.8359,.0000,.1348,.0000
11159,.7274,.0000,.2338,.0000
11160,.7269,.0222,.1915,.0000
11161,.8386,.0003,.1117,.0000
11162,.5965,.1756,.1781,.0011
11163,.7664,.0954,.1129,.0006
11164,.7011,.0075,.2290,.0000
11165,.6365,.0124,.2743,.0122
11166,.3457,.2049,.3640,.0000
11167,.5633,.0571,.2553,.0455
11168,.5585,.0765,.2433,.0445
11169,.7213,.0355,.1882,.0000
11170,.9050,.0001,.0604,.0000
11171,.7076,.1467,.0708,.0119
11172,.6724,.0315,.2023,.0099
11173,.6625,.0311,.2230,.0000
11174,.6193,.0217,.2738,.0170
11175,.3931,.0583,.4012,.0771
11176,.4278,.0401,.4271,.0272
11177,.5559,.0273,.3015,.0426
11178,.5157,.0070,.3869,.0097
11179,.4860,.0109,.4138,.0124
11180,.2886,.0729,.5515,.0000
11181,.3571,.1219,.3639,.0788
11182,.3432,.2660,.2553,.0629
11183,.3882,.1321,.3685,.0521
11184,.3443,.0602,.5322,.0000
11185,.2661,.2053,.4188,.0279
11186,.1197,.1995,.6152,.0000
11187,.2410,.1237,.5613,.0166
11188,.2390,.1559,.2521,.2698
11189,.0856,.3373,.4561,.0591
11190,.0500,.5520,.3186,.0039
11191,.0395,.5451,.3548,.0000
11192,.3879,.0516,.4445,.0442
11193,.3136,.1601,.3260,.1131
11194,.0334,.3964,.4088,.0643
11195,.0362,.5559,.3185,.0000
11196,.0872,.4834,.3604,.0000
11197,.0092,.5741,.3416,.0000
11198,.0508,.3200,.5214,.0000
11199,.0440,.3752,.4350,.0283
11200,.0668,.2808,.4476,.0754
11201,.0723,.4479,.3559,.0536
11202,.0375,.4848,.3872,.0000
11203,.3160,.1743,.3596,.0635
11204,.7441,.0016,.1965,.0151
11205,.6833,.0097,.2353,.0025
11206,.6910,.0070,.2334,.0000
11207,.8221,.0000,.1528,.0000
11208,.9086,.0000,.0865,.0000
11209,.8692,.0000,.1265,.0000
11210,.7893,.0248,.1323,.0131
11211,.2733,.1800,.4633,.0000
11212,.4257,.0625,.3572,.0889
11213,.5597,.0463,.2247,.1031
11214,.6412,.0002,.2314,.0681
11215,.4645,.1457,.2952,.0331
11216,.5175,.0703,.3564,.0000
11217,.6118,.0080,.3059,.0370
11218,.5928,.0000,.3749,.0012
11219,.6052,.0000,.3607,.0000
11220,.6326,.0000,.3227,.0000
11221,.6847,.0105,.2389,.0000
11222,.7677,.0020,.1864,.0000
11223,.7355,.0064,.2177,.0000
11224,.7224,.0000,.2542,.0000
11225,.7576,.0000,.2139,.0000
11226,.7978,.0002,.1666,.0000
11227,.6440,.0113,.3025,.0000
11228,.5030,.0046,.4446,.0000
11229,.5065,.0007,.4303,.0000
11230,.6354,.0023,.3022,.0000
11231,.6169,.0025,.3242,.0070
11232,.4280,.1087,.3872,.0278
11233,.3177,.2340,.3319,.0610
11234,.6314,.0079,.3258,.0000
11235,.4226,.0731,.4543,.0000
11236,.2743,.1567,.5145,.0000
11237,.3668,.0793,.5176,.0000
11238,.4644,.0016,.3476,.1400
11239,.5689,.0016,.3442,.0445
11240,.6086,.0054,.3417,.0000
11241,.4238,.0645,.4588,.0000
11242,.3902,.0077,.5528,.0000
11243,.3319,.1978,.4160,.0000
11244,.0332,.6311,.2284,.0196
11245,.3355,.1578,.4329,.0040
11246,.4810,.0996,.3686,.0005
11247,.5183,.0264,.4196,.0000
11248,.4084,.0214,.5398,.0000
11249,.5666,.0584,.3488,.0000
11250,.2440,.2925,.3881,.0000
11251,.0678,.3529,.3966,.0632
11252,.3360,.1447,.4234,.0000
11253,.2206,.2073,.4851,.0000
11254,.2587,.1342,.5535,.0000
11255,.3383,.0332,.5878,.0000
11256,.3687,.0391,.5455,.0000
11257,.3746,.1111,.4510,.0000
11258,.1566,.3554,.4096,.0000
11259,.1185,.4948,.3010,.0000
11260,.0313,.6316,.2342,.0000
11261,.1601,.2355,.3979,.0892
11262,.0869,.5811,.1416,.0926
11263,.0369,.2747,.5327,.0568
11264,.4380,.0912,.4404,.0000
11265,.3886,.2178,.3538,.0000
11266,.7755,.0105,.1584,.0250
11267,.6648,.0000,.2703,.0017
11268,.6397,.0085,.2921,.0087
11269,.7968,.0000,.1717,.0000
11270,.8045,.0040,.1336,.0000
11271,.1779,.3040,.4213,.0000
11272,.0039,.6388,.2585,.0000
11273,.0639,.4191,.3949,.0006
11274,.0114,.4917,.3999,.0014
11275,.2272,.1386,.5377,.0209
11276,.7735,.0260,.1267,.0144
11277,.8340,.0003,.1256,.0000
11278,.6547,.0435,.2226,.0000
11279,.2980,.2624,.3560,.0000
11280,.4636,.1688,.2929,.0000
11281,.6044,.0198,.2966,.0027
11282,.6009,.0285,.2647,.0213
11283,.2151,.3069,.1266,.2022
11284,.0378,.3996,.2735,.0391
11285,.2329,.2728,.4074,.0000
11286,.5614,.0489,.3301,.0000
11287,.6008,.0194,.3010,.0092
11288,.6716,.0332,.2364,.0000
11289,.8237,.0133,.1248,.0000
11290,.7217,.0959,.1485,.0000
11291,.8610,.0027,.1031,.0000
11292,.7156,.0077,.2255,.0001
11293,.5888,.1349,.1827,.0339
11294,.6898,.0468,.1854,.0111
11295,.7212,.0064,.1409,.0733
11296,.2520,.2977,.2740,.0434
11297,.3777,.1267,.3845,.0111
11298,.4656,.0995,.3413,.0294
11299,.7148,.0073,.1873,.0238
11300,.8905,.0034,.0678,.0000
11301,.7733,.0385,.1546,.0000
11302,.7974,.0254,.1284,.0000
11303,.8289,.0007,.1139,.0000
11304,.8882,.0005,.0774,.0000
11305,.7081,.0026,.2486,.0000
11306,.4823,.0418,.4092,.0033
11307,.1951,.0590,.5731,.0848
11308,.4904,.0140,.3514,.0585
11309,.5449,.0103,.3494,.0292
11310,.1456,.1197,.5661,.0645
11311,.0620,.3452,.4270,.0794
11312,.1761,.1639,.4803,.1098
11313,.2874,.1029,.5136,.0346
11314,.0788,.3295,.4621,.0401
11315,.2679,.1864,.3751,.1068
11316,.2630,.2310,.2893,.1522
11317,.0248,.4199,.4899,.0000
11318,.0157,.5351,.3928,.0000
11319,.0023,.7903,.1699,.0000
11320,.0072,.7571,.1872,.0122
11321,.1545,.2905,.4500,.0436
11322,.5325,.0116,.3677,.0343
11323,.5533,.0339,.2201,.1270
11324,.2529,.2290,.4133,.0226
11325,.0866,.4576,.2908,.0212
11326,.0068,.4969,.2100,.0610
11327,.0239,.4352,.2023,.0997
11328,.0253,.6092,.1712,.0491
11329,.0230,.4637,.3243,.0873
11330,.0351,.2332,.6425,.0000
11331,.1977,.3041,.3260,.1106
11332,.0614,.4809,.3624,.0282
11333,.5889,.1483,.1766,.0246
11334,.5683,.0054,.3688,.0059
11335,.6645,.0028,.2235,.0590
11336,.6879,.0012,.2198,.0397
11337,.6538,.0045,.2706,.0223
11338,.7549,.0051,.1886,.0000
11339,.8421,.0001,.1277,.0019
11340,.6653,.0165,.1932,.0588
11341,.5136,.0513,.3569,.0279
11342,.5203,.0005,.2667,.1461
11343,.5753,.0001,.3086,.0474
11344,.5751,.0038,.3477,.0000
11345,.3260,.1428,.4362,.0090
11346,.6477,.0315,.2663,.0000
11347,.5906,.0011,.3137,.0558
11348,.6464,.0000,.3162,.0141
11349,.7395,.0010,.2154,.0000
11350,.6426,.0123,.2937,.0000
11351,.7177,.0012,.2482,.0000
11352,.7426,.0026,.1988,.0000
11353,.7111,.0210,.2184,.0056
11354,.6806,.0484,.2295,.0012
11355,.6649,.1098,.1588,.0208
11356,.7166,.0035,.2453,.0018
11357,.5634,.0027,.3846,.0002
11358,.5211,.0143,.3963,.0105
11359,.3617,.0769,.4604,.0445
11360,.5374,.0070,.4029,.0000
11361,.5891,.0000,.3532,.0173
11362,.4761,.0210,.4116,.0293
11363,.3478,.1672,.4264,.0000
11364,.5500,.0675,.3306,.0000
11365,.1385,.3847,.4091,.0000
11366,.2178,.2457,.4203,.0544
11367,.4221,.0153,.5347,.0005
11368,.4024,.0459,.4537,.0655
11369,.3246,.1036,.5267,.0000
11370,.3516,.0773,.5022,.0000
11371,.2094,.1864,.5425,.0000
11372,.2735,.0063,.6674,.0000
11373,.1498,.2244,.5364,.0000
11374,.2301,.2203,.4247,.0708
11375,.4715,.0658,.3854,.0342
11376,.4561,.0093,.5084,.0000
11377,.5413,.0257,.4214,.0000
11378,.3831,.0513,.5327,.0000
11379,.3348,.0534,.5684,.0000
11380,.3308,.0767,.4874,.0246
11381,.5328,.0285,.3490,.0000
11382,.5969,.0127,.3190,.0000
11383,.4251,.1383,.3633,.0000
11384,.3640,.1312,.4263,.0000
11385,.6141,.0063,.3333,.0000
11386,.7002,.0000,.2488,.0000
11387,.5351,.0175,.3892,.0000
11388,.4925,.0198,.4399,.0000
11389,.3594,.1017,.4649,.0000
11390,.2741,.2250,.4104,.0000
11391,.1496,.1755,.3721,.1706
11392,.0147,.5320,.2240,.1430
11393,.0007,.5628,.0522,.2193
11394,.1366,.4161,.3519,.0032
11395,.3368,.1262,.4936,.0000
11396,.7356,.0078,.2092,.0148
11397,.7845,.0000,.1813,.0000
11398,.6145,.0055,.2711,.0450
11399,.6588,.0191,.2422,.0104
11400,.7408,.0000,.2075,.0000
11401,.5331,.1139,.2769,.0000
11402,.0405,.5576,.3081,.0000
11403,.0334,.6059,.2517,.0010
11404,.0505,.5441,.2692,.0022
11405,.3126,.0791,.5213,.0117
11406,.7217,.0007,.2313,.0000
11407,.8123,.0000,.1425,.0000
11408,.7452,.0152,.1608,.0000
11409,.8014,.0045,.1441,.0000
11410,.5028,.2189,.2259,.0000
11411,.4591,.1838,.2899,.0000
11412,.6960,.0216,.1796,.0395
11413,.6541,.0681,.2044,.0000
11414,.1334,.3657,.4078,.0000
11415,.0901,.3600,.4737,.0000
11416,.1903,.2119,.4677,.0714
11417,.2899,.2074,.4407,.0000
11418,.6359,.0937,.2120,.0000
11419,.5856,.1745,.1875,.0000
11420,.3925,.1392,.4002,.0018
11421,.6697,.0547,.2298,.0008
11422,.8113,.0098,.1334,.0011
11423,.7053,.0346,.1491,.0361
11424,.6758,.0225,.2292,.0000
11425,.3299,.0817,.4999,.0165
11426,.0990,.3421,.3827,.0209
11427,.5079,.0730,.2613,.0827
11428,.3493,.1235,.4092,.0215
11429,.2308,.2580,.4074,.0223
11430,.5769,.0501,.2781,.0105
11431,.7733,.0259,.1485,.0000
11432,.8291,.0020,.1055,.0000
11433,.7493,.0250,.1454,.0000
11434,.7937,.0211,.1266,.0048
11435,.8308,.0000,.1360,.0000
11436,.4846,.0880,.3524,.0000
11437,.3077,.1616,.4396,.0061
11438,.6104,.0418,.2762,.0004
11439,.7369,.0015,.2019,.0000
11440,.5703,.0313,.2983,.0087
11441,.1081,.3301,.3878,.0697
11442,.1212,.1710,.5324,.0925
11443,.3459,.0732,.5243,.0000
11444,.2452,.2113,.4498,.0007
11445,.0549,.3174,.5416,.0000
11446,.1422,.2090,.5743,.0000
11447,.0431,.5392,.3652,.0000
11448,.0059,.7260,.2037,.0000
11449,.0047,.6794,.2214,.0316
11450,.1603,.4788,.2432,.0391
11451,.4787,.0666,.3733,.0209
11452,.2338,.2023,.2726,.2244
11453,.2312,.1619,.2744,.2683
11454,.2457,.2382,.3832,.0452
11455,.0494,.3953,.2289,.1972
11456,.0150,.5508,.1569,.1366
11457,.0612,.4116,.3826,.0297
11458,.0804,.3502,.4214,.0343
11459,.0116,.3781,.5262,.0000
11460,.0314,.3321,.5180,.0383
11461,.0072,.5202,.3765,.0113
11462,.0661,.4356,.3158,.1115
11463,.4724,.1384,.2977,.0296
11464,.4929,.0299,.3762,.0269
11465,.5920,.0073,.3433,.0000
11466,.5775,.0022,.3450,.0143
11467,.5518,.0138,.3555,.0174
11468,.6290,.0071,.3011,.0000
11469,.6782,.0004,.2786,.0000
11470,.6243,.0272,.2649,.0229
11471,.6822,.0213,.2596,.0000
11472,.4973,.0277,.3850,.0321
11473,.5712,.0062,.3280,.0305
11474,.5860,.0159,.3214,.0000
11475,.4914,.0873,.3336,.0188
11476,.4929,.0124,.3768,.0606
11477,.6663,.0024,.2764,.0134
11478,.6846,.0000,.2754,.0105
11479,.6131,.0023,.3286,.0000
11480,.3512,.1090,.4686,.0000
11481,.5616,.0678,.3328,.0000
11482,.5523,.0396,.3454,.0034
11483,.6336,.0344,.2801,.0238
11484,.5208,.0486,.3659,.0032
11485,.4679,.1257,.3012,.0470
11486,.4374,.0108,.4262,.0713
11487,.6472,.0036,.2650,.0422
11488,.4224,.0549,.4203,.0383
11489,.2276,.2431,.4516,.0000
11490,.4016,.0456,.5109,.0000
11491,.5642,.0013,.3553,.0476
11492,.3982,.0312,.5123,.0053
11493,.3094,.1280,.5004,.0000
11494,.1475,.2074,.5670,.0000
11495,.2533,.2039,.4951,.0000
11496,.3260,.0385,.5160,.0583
11497,.3685,.0214,.5785,.0000
11498,.4230,.0043,.5344,.0000
11499,.3858,.0023,.5597,.0000
11500,.2035,.0191,.7103,.0000
11501,.1892,.0003,.7750,.0000
11502,.2061,.0075,.7308,.0000
11503,.0810,.1994,.5765,.0523
11504,.3515,.0388,.5364,.0299
11505,.4420,.0136,.5052,.0149
11506,.4552,.0365,.4719,.0000
11507,.4792,.0532,.4246,.0000
11508,.5058,.0349,.4181,.0000
11509,.5449,.0105,.3621,.0366
11510,.5195,.0033,.3708,.0438
11511,.5751,.0105,.3096,.0224
11512,.6787,.0042,.2502,.0000
11513,.8171,.0006,.1394,.0000
11514,.5680,.0074,.3660,.0000
11515,.8136,.0000,.1653,.0000
11516,.7426,.0000,.2085,.0000
11517,.6742,.0000,.2848,.0000
11518,.5251,.0613,.3504,.0000
11519,.6119,.0066,.3206,.0000
11520,.7420,.0024,.2136,.0000
11521,.6830,.0067,.2507,.0000
11522,.3848,.0184,.5262,.0000
11523,.1183,.1141,.3658,.1995
11524,.1793,.2935,.3974,.0294
11525,.3086,.1869,.4304,.0000
11526,.1896,.4160,.3289,.0000
11527,.4756,.0704,.3492,.0549
11528,.6819,.0000,.2846,.0046
11529,.6498,.0000,.2965,.0000
11530,.7348,.0000,.1858,.0185
11531,.6695,.0014,.2212,.0575
11532,.1060,.2298,.4297,.1144
11533,.0514,.3981,.3755,.0174
11534,.0845,.3225,.4208,.0233
11535,.5546,.0429,.2972,.0388
11536,.8214,.0000,.1587,.0000
11537,.7535,.0000,.1719,.0000
11538,.7493,.0026,.1752,.0000
11539,.6866,.0114,.2293,.0000
11540,.7648,.0043,.1545,.0000
11541,.4393,.1389,.3515,.0000
11542,.4912,.1019,.3352,.0000
11543,.2647,.1289,.5351,.0000
11544,.0867,.3754,.3180,.1395
11545,.0537,.2805,.3702,.1797
11546,.1776,.2397,.5027,.0157
11547,.1893,.2450,.4987,.0009
11548,.2257,.3139,.3925,.0131
11549,.2055,.4752,.2560,.0000
11550,.3554,.1882,.4030,.0000
11551,.5185,.1296,.2683,.0262
11552,.6087,.0278,.2644,.0284
11553,.6879,.0091,.2473,.0000
11554,.6788,.0208,.2381,.0000
11555,.3942,.0555,.4571,.0063
11556,.2973,.1298,.4730,.0000
11557,.1424,.2326,.4907,.0459
11558,.5865,.0056,.3032,.0296
11559,.4948,.0722,.2288,.1257
11560,.4423,.0915,.3892,.0111
11561,.8051,.0208,.1228,.0069
11562,.8067,.0000,.1483,.0000
11563,.7471,.0205,.1622,.0000
11564,.8250,.0023,.1150,.0040
11565,.8891,.0000,.0830,.0000
11566,.8875,.0012,.0714,.0000
11567,.7702,.0661,.1164,.0000
11568,.7503,.0017,.1807,.0000
11569,.6968,.0153,.2139,.0000
11570,.7958,.0018,.1493,.0000
11571,.1236,.3394,.3038,.1453
11572,.0526,.4010,.3392,.1088
11573,.0854,.2333,.5770,.0208
11574,.1404,.2831,.4995,.0000
11575,.0058,.5956,.3289,.0000
11576,.0142,.4779,.4172,.0077
11577,.0087,.5920,.2768,.0403
11578,.0140,.5120,.3078,.0422
11579,.1746,.2567,.4800,.0111
11580,.2371,.1809,.4708,.0333
11581,.0488,.3390,.4706,.0795
11582,.0403,.5703,.2307,.1144
11583,.0126,.4691,.3785,.0709
11584,.1246,.2039,.5674,.0000
11585,.0211,.5649,.2842,.0245
11586,.0053,.6174,.2493,.0591
11587,.0908,.3972,.3386,.1035
11588,.0912,.3854,.4151,.0131
11589,.0441,.2638,.6116,.0232
11590,.4240,.0825,.4445,.0000
11591,.4529,.1048,.3836,.0000
11592,.5247,.0398,.3615,.0142
11593,.7123,.0000,.2371,.0000
11594,.6342,.0000,.2960,.0093
11595,.4409,.0421,.3825,.0665
11596,.5292,.0157,.3813,.0038
11597,.6087,.0017,.3336,.0000
11598,.7726,.0000,.2010,.0000
11599,.7796,.0118,.1731,.0000
11600,.5978,.0237,.3285,.0000
11601,.6293,.0167,.3001,.0000
11602,.5914,.0264,.3317,.0000
11603,.5863,.0167,.3422,.0000
11604,.6554,.0285,.2526,.0000
11605,.5474,.0069,.3830,.0000
11606,.4628,.0076,.4615,.0000
11607,.5739,.0000,.2944,.0922
11608,.5882,.0000,.3723,.0086
11609,.5906,.0016,.3573,.0105
11610,.3655,.2003,.3172,.0366
11611,.4178,.0293,.5170,.0000
11612,.3923,.2214,.3251,.0033
11613,.4437,.1179,.3800,.0082
11614,.2541,.2778,.3760,.0218
11615,.5410,.0386,.3562,.0000
11616,.5534,.0128,.3353,.0418
11617,.5401,.0030,.3733,.0334
11618,.4998,.0499,.3049,.0906
11619,.1751,.2419,.4970,.0000
11620,.2361,.0702,.6369,.0000
11621,.4863,.0065,.4630,.0029
11622,.4691,.0193,.4515,.0083
11623,.3533,.1158,.3289,.0764
11624,.1959,.2229,.4137,.0659
11625,.4239,.0586,.4834,.0000
11626,.2937,.1368,.5195,.0000
11627,.0969,.2888,.5050,.0428
11628,.2230,.1916,.4804,.0361
11629,.2270,.0808,.5975,.0387
11630,.3007,.1248,.5333,.0000
11631,.2317,.0361,.6879,.0000
11632,.2163,.1134,.6104,.0000
11633,.4294,.0629,.4578,.0000
11634,.5606,.0017,.4005,.0083
11635,.5173,.0180,.4180,.0108
11636,.4528,.0343,.4725,.0000
11637,.6588,.0015,.2892,.0000
11638,.5113,.0759,.3573,.0000
11639,.3771,.0118,.5343,.0037
11640,.6055,.0000,.3122,.0272
11641,.6943,.0003,.2426,.0013
11642,.7526,.0007,.1938,.0000
11643,.8720,.0000,.0984,.0000
11644,.7849,.0000,.1725,.0000
11645,.7750,.0000,.1816,.0000
11646,.7002,.0000,.2529,.0000
11647,.7013,.0000,.2534,.0000
11648,.6201,.0078,.2924,.0000
11649,.8187,.0000,.1501,.0000
11650,.7210,.0000,.2425,.0000
11651,.7351,.0000,.2190,.0000
11652,.7471,.0015,.1988,.0000
11653,.6197,.0139,.2483,.0545
11654,.2781,.0525,.4105,.1865
11655,.6494,.0000,.2699,.0058
11656,.6101,.0197,.3001,.0000
11657,.3926,.1823,.3645,.0000
11658,.6454,.0134,.3064,.0000
11659,.7758,.0000,.2005,.0026
11660,.5813,.0019,.3291,.0268
11661,.7967,.0000,.1635,.0023
11662,.4617,.0782,.3785,.0039
11663,.0349,.2477,.6130,.0006
11664,.0904,.1960,.5315,.0826
11665,.4078,.0928,.4225,.0122
11666,.7720,.0010,.1952,.0000
11667,.7311,.0000,.2075,.0000
11668,.6547,.0107,.2458,.0000
11669,.6816,.0170,.2097,.0000
11670,.7334,.0107,.1901,.0000
11671,.5225,.0392,.3549,.0143
11672,.0578,.3967,.4390,.0022
11673,.0738,.4779,.3457,.0194
11674,.0301,.3955,.1742,.2729
11675,.0626,.3305,.3055,.1933
11676,.5755,.0211,.2981,.0250
11677,.7350,.0107,.1282,.0496
11678,.7441,.0136,.1844,.0000
11679,.5533,.0559,.3360,.0000
11680,.3469,.1516,.4333,.0000
11681,.5675,.0717,.2654,.0339
11682,.6065,.0323,.2970,.0000
11683,.8126,.0044,.1396,.0000
11684,.7944,.0004,.1531,.0001
11685,.7404,.0100,.1877,.0066
11686,.7435,.0342,.1523,.0000
11687,.5321,.1073,.2953,.0000
11688,.5739,.0210,.3068,.0295
11689,.2758,.1101,.4639,.0687
11690,.7599,.0020,.1097,.0759
11691,.8416,.0026,.1281,.0000
11692,.7927,.0000,.1670,.0000
11693,.7852,.0000,.1693,.0000
11694,.7835,.0011,.1700,.0000
11695,.8447,.0000,.1160,.0000
11696,.7072,.0000,.2430,.0000
11697,.6062,.0204,.2965,.0080
11698,.5202,.1630,.2212,.0320
11699,.6964,.0046,.2479,.0000
11700,.7431,.0032,.1877,.0000
11701,.1802,.2479,.4107,.0830
11702,.1215,.2402,.5572,.0090
11703,.1426,.2920,.3802,.0923
11704,.0323,.4389,.4494,.0000
11705,.0093,.4666,.3876,.0713
11706,.0430,.4644,.3529,.0720
11707,.2635,.1876,.2530,.2070
11708,.1493,.1602,.4043,.1740
11709,.1520,.1666,.5764,.0289
11710,.0278,.3426,.5099,.0440
11711,.0142,.4936,.3334,.0747
11712,.0119,.5881,.0711,.2572
11713,.0448,.4482,.2359,.1941
11714,.2755,.2693,.3062,.0600
11715,.0366,.6470,.1861,.0310
11716,.0777,.3882,.2816,.1707
11717,.1380,.2916,.4579,.0299
11718,.1128,.3130,.4396,.0000
11719,.2212,.1045,.5832,.0193
11720,.3012,.0891,.5390,.0080
11721,.6210,.0065,.3270,.0000
11722,.5926,.0056,.3387,.0000
11723,.7426,.0064,.1866,.0000
11724,.6455,.0015,.2818,.0000
11725,.6666,.0069,.2585,.0086
11726,.5336,.0156,.2649,.1099
11727,.6384,.0005,.2902,.0000
11728,.6385,.0185,.2800,.0011
11729,.5524,.0541,.3160,.0000
11730,.5556,.0119,.2785,.0957
11731,.6634,.0041,.2789,.0129
11732,.6722,.0021,.2846,.0000
11733,.6919,.0009,.2609,.0000
11734,.5297,.0467,.3440,.0087
11735,.3756,.0603,.4791,.0000
11736,.5748,.0000,.3475,.0383
11737,.6213,.0000,.3456,.0000
11738,.6989,.0000,.2655,.0000
11739,.5489,.0000,.4132,.0000
11740,.2927,.1338,.5077,.0034
11741,.3491,.0127,.5877,.0000
11742,.2633,.2906,.3313,.0540
11743,.1679,.3289,.3922,.0461
11744,.2197,.2753,.4037,.0319
11745,.4184,.0499,.4812,.0000
11746,.2859,.0723,.5379,.0297
11747,.2185,.1940,.4959,.0207
11748,.5311,.0562,.3743,.0000
11749,.2166,.1429,.5339,.0375
11750,.2274,.1284,.5574,.0000
11751,.3749,.0344,.5372,.0000
11752,.3866,.0618,.4917,.0000
11753,.2395,.0785,.1163,.4279
11754,.4002,.0000,.3064,.1944
11755,.2877,.0643,.5999,.0000
11756,.1378,.3021,.4814,.0000
11757,.2558,.1749,.5116,.0000
11758,.3222,.0669,.5682,.0000
11759,.1877,.1031,.6264,.0268
11760,.1364,.3376,.4662,.0106
11761,.2549,.0580,.6434,.0000
11762,.2727,.0672,.6181,.0000
11763,.5885,.0113,.3596,.0000
11764,.4419,.0127,.5132,.0000
11765,.3112,.0673,.5522,.0069
11766,.5290,.0265,.3854,.0109
11767,.6582,.0192,.2441,.0317
11768,.3819,.0464,.5257,.0000
11769,.2673,.0921,.5598,.0057
11770,.5395,.0085,.3727,.0185
11771,.6217,.0000,.3291,.0000
11772,.6673,.0000,.2583,.0174
11773,.8037,.0000,.1590,.0000
11774,.7429,.0000,.2067,.0000
11775,.7816,.0000,.1666,.0000
11776,.7900,.0000,.1735,.0000
11777,.7153,.0008,.2430,.0000
11778,.7660,.0003,.1738,.0006
11779,.8116,.0000,.1683,.0000
11780,.6927,.0000,.2635,.0000
11781,.7113,.0000,.2509,.0000
11782,.7864,.0000,.1709,.0000
11783,.6867,.0000,.2681,.0000
11784,.2962,.2147,.4107,.0201
11785,.3854,.0711,.4188,.0658
11786,.6004,.0502,.2947,.0000
11787,.2826,.2638,.3926,.0000
11788,.6651,.0545,.2378,.0000
11789,.7703,.0060,.1831,.0052
11790,.5978,.0191,.2293,.1000
11791,.8495,.0000,.1127,.0000
11792,.5608,.0484,.3106,.0000
11793,.0816,.2772,.4185,.0993
11794,.0594,.2605,.5708,.0324
11795,.3534,.1616,.4083,.0090
11796,.6705,.0219,.2462,.0058
11797,.7725,.0025,.1766,.0056
11798,.6048,.0288,.2257,.0291
11799,.5945,.0517,.2470,.0221
11800,.7260,.0183,.2078,.0040
11801,.6535,.0194,.2617,.0000
11802,.0434,.4042,.4219,.0173
11803,.1981,.2394,.4261,.0462
11804,.0522,.4064,.2759,.1577
11805,.3056,.0742,.4785,.0367
11806,.6946,.0044,.2540,.0000
11807,.7502,.0000,.2051,.0000
11808,.7242,.0722,.1574,.0000
11809,.6344,.0641,.2446,.0000
11810,.7237,.0313,.1956,.0000
11811,.8354,.0025,.1000,.0092
11812,.7625,.0128,.1598,.0052
11813,.7085,.0209,.2172,.0000
11814,.7628,.0044,.1685,.0000
11815,.7841,.0799,.0914,.0000
11816,.7971,.0020,.1408,.0122
11817,.7508,.0080,.1674,.0120
11818,.6344,.0274,.2645,.0000
11819,.2937,.1649,.4524,.0000
11820,.6464,.0204,.2412,.0252
11821,.7125,.0000,.2518,.0000
11822,.6130,.0016,.3402,.0000
11823,.7810,.0014,.1736,.0000
11824,.6970,.0024,.2553,.0000
11825,.6791,.0000,.2791,.0000
11826,.8301,.0000,.1248,.0000
11827,.6911,.0288,.2078,.0009
11828,.4975,.0900,.3054,.0409
11829,.7248,.0000,.2217,.0061
11830,.3723,.0801,.3710,.0679
11831,.1740,.3267,.3925,.0381
11832,.4189,.0944,.3791,.0461
11833,.2172,.2443,.4158,.0309
11834,.0093,.6234,.3015,.0000
11835,.1569,.3294,.4122,.0452
11836,.2522,.1457,.4165,.1050
11837,.2880,.2004,.3068,.1184
11838,.0291,.4412,.3529,.0750
11839,.0054,.5512,.3246,.0536
11840,.0585,.4615,.3270,.0617
11841,.0055,.4752,.1720,.2598
11842,.0136,.5033,.2770,.1267
11843,.1231,.2915,.4379,.0571
11844,.1821,.3642,.2775,.0839
11845,.0124,.7346,.0687,.0626
11846,.0737,.3004,.4313,.0556
11847,.3778,.0939,.4327,.0238
11848,.3250,.0952,.4889,.0004
11849,.2077,.1574,.5147,.0000
11850,.3572,.1204,.4698,.0000
11851,.5069,.0009,.4446,.0052
11852,.6243,.0875,.2295,.0027
11853,.6594,.0081,.2408,.0157
11854,.7327,.0008,.1953,.0000
11855,.7974,.0040,.1461,.0000
11856,.6995,.0032,.2326,.0000
11857,.5613,.0145,.3153,.0322
11858,.4967,.0708,.2417,.1145
11859,.4405,.0358,.3860,.0575
11860,.5385,.0095,.3914,.0000
11861,.7149,.0008,.2233,.0262
11862,.8133,.0000,.1799,.0000
11863,.8215,.0000,.1364,.0000
11864,.6590,.0064,.2688,.0000
11865,.6455,.0048,.2809,.0000
11866,.6600,.0000,.2936,.0000
11867,.6146,.0000,.3449,.0000
11868,.5425,.0000,.3769,.0022
11869,.6346,.0000,.2875,.0284
11870,.6261,.0098,.3205,.0000
11871,.4286,.1074,.4068,.0000
11872,.4073,.1809,.3590,.0000
11873,.1285,.5061,.2998,.0000
11874,.1451,.2593,.5148,.0012
11875,.3339,.1648,.4424,.0000
11876,.2532,.2546,.4313,.0000
11877,.1027,.4130,.4136,.0000
11878,.2161,.2040,.5429,.0000
11879,.2355,.0251,.6961,.0000
11880,.3051,.0925,.5481,.0000
11881,.3547,.0654,.5366,.0000
11882,.3418,.0590,.5685,.0000
11883,.5099,.0180,.2788,.1399
11884,.6756,.0000,.2857,.0040
11885,.2236,.1311,.5987,.0000
11886,.3259,.1437,.4847,.0000
11887,.4374,.0275,.5020,.0000
11888,.3150,.0096,.6344,.0000
11889,.2052,.1633,.5723,.0000
11890,.2207,.1122,.6069,.0000
11891,.2493,.1095,.5972,.0000
11892,.4693,.0924,.4092,.0000
11893,.3436,.1052,.5100,.0000
11894,.3448,.0605,.5465,.0000
11895,.4194,.0946,.4290,.0062
11896,.5706,.0017,.3830,.0000
11897,.6061,.0136,.3423,.0000
11898,.4133,.0520,.4676,.0000
11899,.2036,.0662,.5636,.0652
11900,.4102,.0457,.4114,.0105
11901,.4405,.0000,.4070,.0539
11902,.4725,.0000,.4070,.0357
11903,.5476,.0000,.3790,.0008
11904,.5770,.0000,.3660,.0000
11905,.8366,.0000,.1306,.0000
11906,.7691,.0000,.1954,.0000
11907,.5762,.0920,.2587,.0000
11908,.3367,.1359,.3861,.0776
11909,.7493,.0000,.2153,.0202
11910,.8284,.0000,.1464,.0000
11911,.7638,.0024,.1872,.0000
11912,.6714,.0106,.2588,.0000
11913,.6241,.0157,.3068,.0000
11914,.4411,.1325,.3867,.0000
11915,.0633,.4082,.3976,.0489
11916,.2400,.3287,.3869,.0000
11917,.2361,.2414,.4617,.0000
11918,.5538,.0963,.2976,.0000
11919,.4693,.0732,.3899,.0000
11920,.6970,.0028,.1984,.0471
11921,.6232,.0166,.2549,.0435
11922,.5196,.0871,.3400,.0003
11923,.4218,.0961,.3854,.0325
11924,.5016,.0849,.3491,.0000
11925,.6673,.0061,.2791,.0000
11926,.6175,.0684,.2516,.0000
11927,.7535,.0125,.1791,.0000
11928,.7069,.0026,.1889,.0218
11929,.7055,.0143,.1957,.0116
11930,.7984,.0002,.1551,.0015
11931,.6287,.0247,.2793,.0000
11932,.0543,.5054,.2618,.0837
11933,.3887,.0969,.3949,.0280
11934,.0641,.5593,.0892,.1661
11935,.4116,.0855,.4009,.0218
11936,.8005,.0000,.1679,.0000
11937,.7848,.0000,.1737,.0000
11938,.7424,.0074,.1735,.0184
11939,.3550,.1364,.4412,.0000
11940,.6262,.0937,.2149,.0052
11941,.6300,.0852,.1868,.0413
11942,.7156,.0182,.2122,.0000
11943,.6398,.1456,.1589,.0113
11944,.7456,.0054,.2148,.0000
11945,.7598,.0079,.1815,.0000
11946,.7809,.0185,.1487,.0000
11947,.6945,.0938,.1494,.0037
11948,.4698,.0362,.4217,.0000
11949,.0652,.4300,.4077,.0000
11950,.2104,.2543,.3841,.0556
11951,.7090,.0106,.2097,.0258
11952,.7215,.0051,.2440,.0000
11953,.7387,.0002,.2338,.0000
11954,.7854,.0000,.1924,.0000
11955,.7371,.0004,.2327,.0000
11956,.7500,.0002,.2036,.0000
11957,.5739,.0822,.2465,.0108
11958,.5600,.0239,.2999,.0426
11959,.7622,.0000,.1783,.0054
11960,.2116,.1272,.4873,.0502
11961,.7085,.0035,.2396,.0005
11962,.4374,.0474,.4378,.0029
11963,.2732,.1878,.4352,.0349
11964,.1214,.2580,.5621,.0000
11965,.3454,.0391,.5456,.0170
11966,.1908,.1329,.5503,.0530
11967,.2009,.2667,.3676,.0949
11968,.0558,.5410,.1239,.1284
11969,.0063,.6298,.1767,.0677
11970,.0000,.6272,.0236,.3018
11971,.0000,.4948,.0036,.4751
11972,.0403,.3496,.3098,.2007
11973,.2086,.1730,.3698,.1850
11974,.0682,.4211,.3584,.0470
11975,.0429,.2716,.3897,.1416
11976,.4819,.0997,.3704,.0000
11977,.5160,.0870,.3413,.0016
11978,.3922,.1521,.3364,.0208
11979,.3035,.1033,.3182,.1746
11980,.5793,.0079,.3802,.0000
11981,.7785,.0000,.1988,.0000
11982,.6211,.0015,.3155,.0000
11983,.5863,.0061,.3513,.0000
11984,.6279,.0102,.2945,.0000
11985,.4910,.0890,.3578,.0104
11986,.3002,.1718,.2916,.1686
11987,.4835,.0787,.3735,.0000
11988,.3146,.2903,.2825,.0295
11989,.3160,.2136,.4002,.0000
11990,.4613,.0378,.4295,.0000
11991,.6368,.0001,.3005,.0000
11992,.7030,.0021,.2426,.0162
11993,.6952,.0042,.2031,.0336
11994,.6453,.0006,.2644,.0295
11995,.7448,.0000,.2118,.0052
11996,.6911,.0000,.1939,.0688
11997,.6567,.0000,.3128,.0002
11998,.6965,.0000,.2544,.0000
11999,.5145,.0000,.2862,.1177
12000,.5904,.0000,.3226,.0192
12001,.5819,.0099,.3609,.0000
12002,.4323,.0557,.4720,.0000
12003,.3171,.1358,.4791,.0000
12004,.1280,.2389,.5449,.0121
12005,.1803,.2198,.5370,.0000
12006,.2551,.2435,.4416,.0000
12007,.1870,.2599,.4869,.0000
12008,.2415,.2301,.4805,.0000
12009,.3489,.0648,.5442,.0000
12010,.2868,.0191,.6223,.0288
12011,.3511,.0676,.5319,.0086
12012,.4059,.0861,.4688,.0000
12013,.2953,.0982,.5448,.0000
12014,.4020,.0039,.5390,.0000
12015,.2269,.1130,.6172,.0000
12016,.2189,.1330,.6054,.0000
12017,.3624,.0504,.5451,.0000
12018,.3928,.0084,.5680,.0000
12019,.4177,.0594,.4942,.0000
12020,.1857,.1506,.6056,.0000
12021,.2868,.1042,.5580,.0000
12022,.2817,.0666,.6105,.0000
12023,.4006,.1156,.4444,.0000
12024,.2767,.1053,.5754,.0000
12025,.3122,.0594,.5846,.0000
12026,.4736,.1252,.3544,.0000
12027,.4240,.1380,.3993,.0000
12028,.5517,.0008,.3842,.0000
12029,.4572,.0125,.4238,.0000
12030,.2347,.1538,.4973,.0000
12031,.2239,.1076,.4910,.0696
12032,.4384,.0000,.4402,.0278
12033,.5912,.0000,.3182,.0356
12034,.5751,.0000,.3612,.0000
12035,.7699,.0034,.1758,.0080
12036,.6939,.0063,.2370,.0000
12037,.4349,.1601,.3323,.0000
12038,.4206,.1125,.3467,.0228
12039,.6828,.0004,.1764,.0727
12040,.7408,.0072,.2257,.0000
12041,.7588,.0038,.2052,.0000
12042,.6022,.0904,.2588,.0000
12043,.1222,.5221,.2885,.0000
12044,.2411,.1994,.4749,.0057
12045,.0447,.6499,.2113,.0050
12046,.0506,.4515,.3695,.0413
12047,.4828,.0609,.4139,.0000
12048,.6649,.0027,.2449,.0296
12049,.4615,.1045,.3328,.0352
12050,.5036,.0399,.2688,.0829
12051,.7715,.0005,.1826,.0007
12052,.7189,.0011,.2424,.0000
12053,.6319,.0156,.2912,.0000
12054,.5610,.0479,.3135,.0000
12055,.8343,.0016,.1126,.0000
12056,.6640,.1225,.1473,.0047
12057,.8010,.0227,.0875,.0109
12058,.8385,.0006,.1074,.0000
12059,.7032,.0037,.2386,.0000
12060,.7224,.0000,.2305,.0000
12061,.7205,.0104,.2127,.0000
12062,.0712,.4746,.3171,.0387
12063,.1313,.4188,.3614,.0071
12064,.0942,.3389,.4953,.0010
12065,.2449,.1529,.4973,.0226
12066,.6932,.0657,.1905,.0000
12067,.6147,.0711,.2513,.0000
12068,.6923,.0046,.2405,.0051
12069,.5883,.0369,.3072,.0000
12070,.3972,.1059,.4250,.0000
12071,.6076,.0828,.2392,.0000
12072,.5688,.1760,.2011,.0000
12073,.7667,.1013,.0922,.0000
12074,.7247,.1148,.1371,.0000
12075,.7826,.0000,.1936,.0000
12076,.8269,.0000,.1325,.0000
12077,.7431,.0138,.1831,.0000
12078,.8587,.0197,.0706,.0097
12079,.6461,.0420,.2392,.0085
12080,.4096,.1785,.3055,.0338
12081,.5453,.1706,.2115,.0167
12082,.6947,.0321,.2017,.0151
12083,.8250,.0023,.1530,.0000
12084,.7519,.0235,.1876,.0000
12085,.6310,.0383,.2585,.0045
12086,.6868,.0059,.2560,.0061
12087,.7357,.0023,.1689,.0317
12088,.6482,.0000,.1902,.1113
12089,.6264,.0016,.2789,.0186
12090,.1520,.1035,.6166,.0173
12091,.7547,.0115,.1344,.0304
12092,.5782,.0065,.2548,.0809
12093,.3414,.0188,.5126,.0623
12094,.1442,.1169,.6663,.0000
12095,.3311,.0357,.5336,.0449
12096,.1640,.1525,.4592,.1517
12097,.3481,.0882,.4930,.0161
12098,.0733,.5294,.1794,.1373
12099,.0357,.5319,.0619,.3198
12100,.0039,.6203,.0226,.3064
12101,.0129,.5636,.0000,.3814
12102,.0514,.4522,.1828,.2260
12103,.1433,.2970,.3446,.1169
12104,.1970,.2181,.4134,.0911
12105,.2772,.1618,.2178,.1686
12106,.5718,.0356,.3302,.0147
12107,.7016,.0024,.2468,.0000
12108,.6181,.0027,.3147,.0000
12109,.5346,.0129,.3119,.0581
12110,.6035,.0237,.3174,.0000
12111,.6237,.0000,.3481,.0000
12112,.6317,.0006,.3320,.0000
12113,.7136,.0007,.2369,.0000
12114,.6367,.0054,.2744,.0146
12115,.3701,.1859,.3010,.0725
12116,.3717,.1180,.4335,.0033
12117,.5485,.0247,.3681,.0000
12118,.4759,.1046,.3239,.0264
12119,.4319,.1431,.3017,.0525
12120,.7191,.0028,.2382,.0000
12121,.5532,.0044,.3563,.0252
12122,.6890,.0003,.2537,.0077
12123,.6592,.0322,.1879,.0522
12124,.4053,.0879,.4180,.0000
12125,.2550,.0569,.4650,.1022
12126,.2477,.1245,.4161,.1479
12127,.6231,.0001,.3374,.0010
12128,.6782,.0000,.2786,.0000
12129,.5493,.0000,.3347,.0325
12130,.5687,.0012,.3392,.0250
12131,.6165,.0000,.3393,.0000
12132,.6227,.0062,.3305,.0000
12133,.3199,.1473,.4573,.0000
12134,.1318,.4105,.3626,.0157
12135,.1372,.3104,.4627,.0000
12136,.0939,.4245,.4033,.0000
12137,.2199,.1421,.5888,.0000
12138,.3902,.1045,.4649,.0000
12139,.2508,.2202,.4686,.0000
12140,.5055,.0439,.4073,.0000
12141,.4866,.0293,.4495,.0000
12142,.3406,.0286,.5682,.0000
12143,.2108,.0256,.7038,.0000
12144,.1946,.0766,.6763,.0000
12145,.0780,.4306,.4279,.0000
12146,.1517,.1502,.6364,.0000
12147,.2757,.0394,.6360,.0000
12148,.3934,.0233,.5548,.0000
12149,.3904,.0201,.5638,.0000
12150,.3301,.0498,.5877,.0000
12151,.1932,.0733,.6837,.0000
12152,.3007,.0633,.5803,.0000
12153,.3595,.0405,.5511,.0056
12154,.3633,.0655,.5293,.0000
12155,.3823,.0227,.5482,.0025
12156,.4331,.0108,.4327,.0628
12157,.5411,.0320,.3760,.0000
12158,.5649,.0028,.3673,.0256
12159,.5532,.0003,.3380,.0423
12160,.4492,.0137,.4719,.0000
12161,.5774,.0159,.3468,.0000
12162,.7248,.0000,.2372,.0000
12163,.7341,.0000,.2211,.0000
12164,.8160,.0000,.1611,.0000
12165,.7644,.0018,.1881,.0042
12166,.7772,.0035,.1860,.0000
12167,.8515,.0000,.1290,.0000
12168,.7519,.0000,.1917,.0000
12169,.7841,.0004,.1528,.0000
12170,.5325,.0301,.3579,.0000
12171,.4795,.0868,.3720,.0000
12172,.3597,.2504,.3361,.0000
12173,.1170,.5615,.2721,.0000
12174,.1326,.4847,.3066,.0152
12175,.1096,.3242,.4440,.0303
12176,.3487,.1406,.3312,.1189
12177,.6642,.0170,.2822,.0000
12178,.8207,.0000,.1421,.0000
12179,.7017,.0000,.2392,.0008
12180,.1854,.0715,.2131,.3189
12181,.6724,.0188,.1890,.0485
12182,.6822,.0956,.1675,.0000
12183,.7841,.0005,.1653,.0000
12184,.6935,.0086,.2335,.0000
12185,.7394,.0099,.1949,.0000
12186,.6202,.0343,.2704,.0000
12187,.8159,.0049,.1310,.0000
12188,.8398,.0000,.1075,.0000
12189,.7498,.0069,.1865,.0000
12190,.7839,.0144,.1734,.0000
12191,.7664,.0035,.1999,.0000
12192,.2232,.2315,.4159,.0264
12193,.3237,.2026,.3888,.0000
12194,.3956,.2512,.2945,.0000
12195,.3211,.1523,.4577,.0000
12196,.4911,.1482,.2965,.0000
12197,.7824,.0110,.1539,.0000
12198,.7729,.0000,.1828,.0000
12199,.8919,.0000,.0689,.0000
12200,.7092,.0122,.2128,.0000
12201,.6811,.0477,.2000,.0000
12202,.8294,.0320,.1017,.0000
12203,.6326,.1393,.1792,.0000
12204,.6746,.0571,.2085,.0000
12205,.8814,.0502,.0520,.0000
12206,.7746,.0044,.1874,.0000
12207,.8383,.0004,.1161,.0000
12208,.8295,.0685,.0784,.0000
12209,.8506,.0252,.0982,.0000
12210,.8115,.0093,.1295,.0000
12211,.6305,.1876,.0914,.0435
12212,.3173,.2430,.3614,.0000
12213,.6732,.0145,.2695,.0000
12214,.6592,.0358,.2393,.0000
12215,.3909,.1641,.2740,.0851
12216,.6071,.0585,.1835,.0877
12217,.6867,.0133,.1969,.0489
12218,.5502,.0000,.2355,.1775
12219,.5918,.0097,.2952,.0367
12220,.2647,.0692,.5418,.0091
12221,.6722,.0059,.2553,.0069
12222,.5929,.0072,.2938,.0426
12223,.5096,.0162,.3193,.0879
12224,.1219,.2091,.5578,.0294
12225,.2077,.0962,.5698,.0672
12226,.4058,.0533,.3899,.0799
12227,.0625,.4308,.4036,.0138
12228,.0163,.6276,.0599,.2250
12229,.0752,.4537,.0786,.3418
12230,.0506,.3255,.2369,.3036
12231,.0491,.4903,.1101,.2850
12232,.0628,.4043,.1294,.2709
12233,.3732,.0594,.4275,.0905
12234,.4101,.0419,.5058,.0000
12235,.6863,.0162,.2613,.0000
12236,.7705,.0018,.1870,.0000
12237,.7979,.0000,.1466,.0061
12238,.6900,.0033,.2551,.0000
12239,.4945,.0327,.3579,.0404
12240,.2594,.1483,.4298,.0698
12241,.6670,.0080,.2869,.0000
12242,.6904,.0000,.2860,.0000
12243,.7047,.0000,.2440,.0000
12244,.5079,.0520,.1556,.2274
12245,.5751,.0096,.2896,.0581
12246,.4170,.0526,.4095,.0506
12247,.5153,.0130,.4028,.0000
12248,.4439,.0638,.2944,.1256
12249,.6669,.0112,.2435,.0075
12250,.6971,.0000,.2626,.0000
12251,.6432,.0009,.3131,.0000
12252,.7910,.0000,.1751,.0000
12253,.6725,.0185,.2276,.0294
12254,.4138,.1048,.3098,.0992
12255,.5511,.0047,.3576,.0253
12256,.3568,.1024,.4233,.0552
12257,.5065,.0002,.4704,.0004
12258,.6287,.0000,.3420,.0000
12259,.6241,.0005,.3166,.0066
12260,.6622,.0025,.2740,.0138
12261,.6764,.0076,.2816,.0000
12262,.3404,.1260,.4737,.0000
12263,.1710,.1636,.6019,.0000
12264,.2109,.1464,.5721,.0000
12265,.2290,.2223,.4307,.0400
12266,.0531,.3976,.4594,.0000
12267,.2506,.1211,.5738,.0000
12268,.4554,.0389,.4683,.0000
12269,.4023,.0417,.4721,.0438
12270,.3350,.2210,.3418,.0518
12271,.4226,.0426,.5002,.0000
12272,.3309,.0627,.4954,.0651
12273,.3877,.1239,.4576,.0000
12274,.3115,.0931,.5540,.0000
12275,.0972,.3181,.5143,.0000
12276,.2572,.0882,.6038,.0000
12277,.2489,.0272,.6789,.0000
12278,.3272,.0123,.6346,.0000
12279,.4411,.0126,.5158,.0000
12280,.4171,.0102,.5446,.0000
12281,.3384,.0070,.6299,.0000
12282,.2600,.0856,.5994,.0000
12283,.3530,.0626,.5115,.0127
12284,.3797,.0000,.5883,.0000
12285,.5450,.0169,.4185,.0000
12286,.5193,.0057,.4472,.0000
12287,.6008,.0000,.3586,.0070
12288,.6441,.0000,.3178,.0000
12289,.6426,.0000,.3173,.0000
12290,.6843,.0000,.2729,.0000
12291,.6358,.0000,.2898,.0000
12292,.5953,.0085,.3375,.0000
12293,.6857,.0078,.2454,.0000
12294,.7756,.0000,.1876,.0000
12295,.7501,.0000,.2052,.0000
12296,.7698,.0000,.1907,.0000
12297,.7547,.0000,.2152,.0000
12298,.6502,.0000,.2932,.0000
12299,.7416,.0000,.2195,.0000
12300,.7281,.0000,.1948,.0338
12301,.7617,.0000,.1843,.0000
12302,.8094,.0000,.1359,.0000
12303,.7505,.0120,.1759,.0000
12304,.5550,.0098,.3401,.0195
12305,.2199,.2051,.3613,.0575
12306,.2245,.1955,.4306,.0804
12307,.5352,.0303,.3795,.0000
12308,.5640,.0142,.3674,.0000
12309,.6952,.0600,.1973,.0000
12310,.7216,.0336,.1507,.0148
12311,.7924,.0070,.1582,.0000
12312,.8020,.0125,.1315,.0000
12313,.6403,.0467,.2609,.0000
12314,.4257,.2325,.2864,.0000
12315,.6751,.0393,.2282,.0000
12316,.7956,.0021,.1502,.0000
12317,.6578,.1809,.1047,.0073
12318,.6216,.2264,.1142,.0000
12319,.6452,.2017,.1077,.0000
12320,.8681,.0000,.1079,.0000
12321,.6829,.1138,.1539,.0000
12322,.3658,.0940,.4501,.0122
12323,.7188,.0023,.2185,.0000
12324,.6705,.0884,.1415,.0399
12325,.5123,.1034,.3188,.0000
12326,.5050,.1206,.3062,.0000
12327,.7240,.0213,.1878,.0000
12328,.7966,.0144,.1297,.0000
12329,.8325,.0000,.1329,.0000
12330,.8349,.0009,.1326,.0000
12331,.7172,.0090,.2310,.0000
12332,.8079,.0021,.1540,.0012
12333,.7397,.0103,.1996,.0000
12334,.7708,.0958,.0949,.0000
12335,.8276,.0341,.1327,.0000
12336,.7051,.0310,.2301,.0000
12337,.8222,.0193,.1171,.0000
12338,.8650,.0000,.1091,.0000
12339,.7687,.0757,.1347,.0000
12340,.7549,.0169,.1872,.0000
12341,.6546,.1173,.1560,.0174
12342,.6889,.0154,.2089,.0000
12343,.4689,.0581,.3418,.0562
12344,.5363,.0244,.2314,.1311
12345,.2828,.1674,.4198,.0227
12346,.2154,.1684,.5192,.0000
12347,.6103,.0072,.3267,.0000
12348,.5810,.0222,.3335,.0259
12349,.5683,.0061,.3394,.0286
12350,.4427,.0390,.3720,.0533
12351,.5323,.0076,.3624,.0251
12352,.6040,.0015,.3329,.0070
12353,.5449,.0270,.3571,.0068
12354,.2555,.1982,.4313,.0394
12355,.1766,.1048,.5557,.0909
12356,.3822,.0446,.4992,.0149
12357,.0570,.3779,.2629,.2210
12358,.0578,.5318,.0429,.3187
12359,.0959,.3607,.1995,.2943
12360,.1056,.2612,.3343,.2126
12361,.3782,.1160,.2188,.2020
12362,.2068,.2131,.3294,.1666
12363,.4089,.0365,.4970,.0114
12364,.3902,.0331,.5247,.0000
12365,.7631,.0019,.2154,.0000
12366,.7641,.0001,.2104,.0000
12367,.8416,.0000,.1161,.0000
12368,.7601,.0000,.2042,.0000
12369,.5150,.0718,.2864,.0466
12370,.2261,.1413,.3492,.2052
12371,.5878,.0220,.3457,.0059
12372,.6840,.0004,.2995,.0000
12373,.6311,.0000,.3364,.0000
12374,.4231,.1057,.2721,.1281
12375,.5197,.0216,.3597,.0317
12376,.2086,.1452,.5807,.0054
12377,.2256,.1667,.3693,.1702
12378,.4555,.0394,.3633,.0651
12379,.7150,.0043,.2341,.0000
12380,.6953,.0000,.2557,.0087
12381,.7533,.0000,.2305,.0000
12382,.5440,.0497,.2996,.0505
12383,.1423,.1899,.5561,.0202
12384,.4232,.0197,.4775,.0000
12385,.6026,.0312,.3058,.0000
12386,.5226,.0002,.3908,.0480
12387,.5041,.0018,.4607,.0057
12388,.6291,.0022,.3325,.0054
12389,.7605,.0000,.2017,.0004
12390,.4505,.0146,.4655,.0002
12391,.3912,.0394,.5049,.0000
12392,.1782,.0849,.6583,.0295
12393,.2114,.0222,.7065,.0000
12394,.2551,.0859,.5692,.0000
12395,.2576,.1648,.4893,.0000
12396,.1476,.3931,.3729,.0000
12397,.2733,.1804,.4877,.0000
12398,.3923,.0414,.4580,.0611
12399,.4001,.0482,.4940,.0197
12400,.3253,.0531,.5724,.0000
12401,.3242,.0350,.5875,.0000
12402,.2500,.0963,.5903,.0000
12403,.4192,.0237,.5246,.0000
12404,.3462,.0889,.5233,.0000
12405,.0477,.3151,.5621,.0000
12406,.1178,.1708,.6443,.0000
12407,.3369,.0443,.5761,.0000
12408,.4068,.0132,.5508,.0000
12409,.4700,.0046,.4944,.0000
12410,.3533,.0058,.6114,.0000
12411,.3146,.0094,.6414,.0000
12412,.2706,.0228,.6727,.0000
12413,.3323,.0250,.6117,.0000
12414,.3925,.0143,.5541,.0000
12415,.5664,.0004,.3922,.0000
12416,.5871,.0019,.3757,.0000
12417,.6415,.0000,.3219,.0000
12418,.6615,.0000,.2690,.0197
12419,.8843,.0000,.0896,.0029
12420,.8094,.0000,.1769,.0000
12421,.6918,.0000,.2739,.0000
12422,.6090,.0367,.2822,.0148
12423,.6254,.0000,.3006,.0000
12424,.7154,.0000,.2473,.0000
12425,.6838,.0000,.2481,.0218
12426,.6222,.0000,.3138,.0061
12427,.8105,.0000,.1650,.0000
12428,.7541,.0000,.2028,.0000
12429,.7662,.0000,.2038,.0000
12430,.7616,.0000,.2121,.0000
12431,.6351,.0078,.2619,.0391
12432,.5628,.0000,.3683,.0000
12433,.1397,.0137,.6878,.0861
12434,.2105,.1108,.5134,.0854
12435,.1147,.2008,.5055,.0924
12436,.4241,.2224,.3065,.0062
12437,.7329,.0054,.2238,.0000
12438,.4074,.1255,.3763,.0000
12439,.4277,.2781,.2492,.0000
12440,.7883,.0147,.1471,.0000
12441,.7488,.0213,.1874,.0000
12442,.8052,.0123,.1454,.0000
12443,.8109,.0021,.1359,.0000
12444,.6036,.1242,.2013,.0000
12445,.6855,.0912,.1742,.0000
12446,.8058,.0000,.1651,.0000
12447,.7964,.0218,.1137,.0083
12448,.5355,.2370,.1649,.0087
12449,.5151,.1859,.2265,.0000
12450,.7749,.0118,.1638,.0000
12451,.7898,.0206,.1511,.0000
12452,.7968,.0057,.1486,.0000
12453,.7876,.0061,.1520,.0000
12454,.7570,.0134,.1644,.0000
12455,.7515,.0044,.1823,.0000
12456,.6675,.0020,.2566,.0000
12457,.6899,.0222,.2066,.0000
12458,.7380,.0033,.1973,.0000
12459,.8431,.0000,.1143,.0000
12460,.8187,.0455,.0913,.0087
12461,.6676,.0290,.2342,.0207
12462,.4628,.0727,.3417,.0363
12463,.7216,.0153,.2076,.0213
12464,.9354,.0015,.0409,.0000
12465,.8706,.0032,.1066,.0000
12466,.8580,.0072,.1078,.0142
12467,.5769,.0737,.2333,.0614
12468,.8428,.0053,.1309,.0000
12469,.7038,.0435,.1544,.0360
12470,.3580,.1966,.2814,.0787
12471,.6816,.0176,.2359,.0000
12472,.6841,.0901,.1662,.0004
12473,.6018,.0802,.1925,.0468
12474,.2674,.0521,.4448,.1435
12475,.1553,.1830,.5612,.0000
12476,.4523,.0458,.4255,.0000
12477,.7597,.0095,.1568,.0000
12478,.5366,.1485,.2647,.0029
12479,.4373,.1533,.3640,.0000
12480,.5515,.0121,.3740,.0000
12481,.6149,.0069,.3080,.0079
12482,.6995,.0055,.2396,.0017
12483,.5884,.0190,.2588,.0629
12484,.1326,.2844,.4534,.0554
12485,.3015,.0232,.5999,.0132
12486,.5276,.0091,.4221,.0014
12487,.2555,.1021,.4718,.1281
12488,.2674,.1737,.3458,.1539
12489,.4227,.0310,.4531,.0386
12490,.3983,.0399,.4766,.0288
12491,.4077,.1075,.3608,.0500
12492,.2537,.1762,.4012,.0957
12493,.4266,.0326,.4085,.0608
12494,.4268,.0886,.3712,.0643
12495,.5975,.0325,.3242,.0000
12496,.6473,.0016,.3104,.0000
12497,.7327,.0000,.2301,.0000
12498,.7351,.0003,.2266,.0000
12499,.3988,.0797,.4130,.0235
12500,.4413,.0276,.3261,.1351
12501,.5090,.0051,.4146,.0346
12502,.6046,.0073,.3321,.0165
12503,.5909,.0019,.3214,.0269
12504,.3163,.1791,.4416,.0000
12505,.1217,.4833,.3458,.0000
12506,.0669,.4530,.4154,.0000
12507,.3012,.0812,.4931,.0451
12508,.5868,.0176,.3174,.0000
12509,.6060,.0478,.3102,.0000
12510,.7880,.0000,.2095,.0000
12511,.7996,.0062,.1593,.0072
12512,.4525,.0714,.3369,.0755
12513,.3304,.1896,.3500,.0669
12514,.4004,.1435,.3871,.0000
12515,.5110,.0169,.4050,.0122
12516,.3848,.0021,.5356,.0258
12517,.2335,.0696,.6010,.0374
12518,.2499,.1338,.5198,.0337
12519,.4242,.0431,.4583,.0234
12520,.4560,.0167,.4643,.0000
12521,.3064,.1173,.5210,.0000
12522,.2474,.0941,.6082,.0000
12523,.2146,.0486,.6050,.0647
12524,.2053,.0990,.6347,.0056
12525,.2371,.3889,.3107,.0000
12526,.3564,.1768,.4315,.0000
12527,.3324,.0705,.5191,.0252
12528,.3406,.1129,.4881,.0000
12529,.4145,.0291,.5172,.0000
12530,.3257,.0301,.5970,.0000
12531,.3623,.0496,.5420,.0000
12532,.2806,.0659,.6109,.0000
12533,.2619,.1316,.5536,.0000
12534,.3219,.0427,.4455,.1304
12535,.2714,.0355,.5928,.0389
12536,.2219,.0921,.6369,.0000
12537,.3012,.0138,.6452,.0000
12538,.4483,.0014,.5211,.0000
12539,.5453,.0014,.4119,.0000
12540,.4547,.0005,.5122,.0000
12541,.4939,.0045,.4701,.0008
12542,.3661,.0000,.5864,.0000
12543,.4504,.0000,.5052,.0000
12544,.5821,.0009,.3597,.0000
12545,.6622,.0000,.2438,.0409
12546,.7353,.0000,.2182,.0000
12547,.7901,.0000,.1707,.0000
12548,.5997,.0285,.2773,.0417
12549,.7993,.0046,.1557,.0000
12550,.6840,.0000,.2765,.0000
12551,.8181,.0000,.1490,.0000
12552,.7049,.0026,.2085,.0148
12553,.6583,.0041,.2725,.0000
12554,.6069,.0376,.2861,.0000
12555,.6821,.0169,.2259,.0174
12556,.5782,.0084,.3312,.0110
12557,.7494,.0000,.1912,.0000
12558,.7333,.0048,.2268,.0000
12559,.6546,.0117,.2604,.0095
12560,.5598,.0426,.3134,.0392
12561,.6395,.0151,.2930,.0017
12562,.3961,.0545,.4821,.0065
12563,.2740,.2295,.3624,.0505
12564,.3729,.2387,.3108,.0149
12565,.1734,.3249,.4428,.0000
12566,.2538,.3676,.3134,.0007
12567,.3171,.3769,.2523,.0000
12568,.5161,.1457,.2932,.0000
12569,.7329,.0846,.1367,.0000
12570,.6683,.0441,.1963,.0272
12571,.7385,.0248,.1422,.0338
12572,.6987,.0281,.2065,.0000
12573,.7841,.0044,.1754,.0000
12574,.7188,.0338,.1921,.0000
12575,.8230,.0005,.1555,.0000
12576,.8978,.0017,.0710,.0000
12577,.6818,.1396,.0968,.0249
12578,.4220,.1340,.3843,.0000
12579,.4401,.1560,.3034,.0201
12580,.6399,.1193,.1838,.0000
12581,.7903,.0065,.1473,.0000
12582,.6816,.2044,.0663,.0000
12583,.6388,.1995,.1170,.0000
12584,.8635,.0007,.1030,.0000
12585,.7502,.0049,.1886,.0000
12586,.6283,.0205,.2744,.0000
12587,.7500,.0108,.1560,.0000
12588,.6181,.0127,.2978,.0000
12589,.8185,.0000,.1465,.0000
12590,.8412,.0514,.0589,.0091
12591,.3908,.1647,.3373,.0463
12592,.0546,.2433,.5607,.0000
12593,.1506,.1359,.5001,.1160
12594,.6398,.0382,.2657,.0062
12595,.7636,.0156,.1816,.0032
12596,.7637,.0933,.1195,.0000
12597,.8031,.0912,.0824,.0003
12598,.7184,.0258,.2011,.0006
12599,.3542,.1299,.2767,.1349
12600,.0535,.4383,.2330,.1606
12601,.1833,.2023,.5141,.0000
12602,.4306,.0487,.4406,.0005
12603,.4398,.0611,.3649,.0509
12604,.3716,.0619,.4090,.0695
12605,.4454,.0614,.3771,.0336
12606,.7542,.0071,.1642,.0223
12607,.7640,.0045,.1500,.0279
12608,.4853,.1910,.2647,.0034
12609,.7134,.0128,.1899,.0076
12610,.6069,.0145,.3265,.0000
12611,.5779,.0054,.3512,.0000
12612,.4964,.0158,.4270,.0000
12613,.3771,.0750,.4322,.0424
12614,.1126,.2832,.5178,.0178
12615,.4234,.0283,.4963,.0000
12616,.5423,.0565,.3472,.0003
12617,.2663,.1232,.4690,.0840
12618,.3374,.1219,.2253,.2696
12619,.7183,.0023,.2567,.0000
12620,.5405,.0327,.3483,.0307
12621,.2610,.1848,.4067,.0620
12622,.2400,.1410,.4315,.1031
12623,.3705,.0982,.4386,.0160
12624,.4674,.0872,.3740,.0000
12625,.5670,.0260,.3622,.0000
12626,.6970,.0018,.2516,.0000
12627,.6730,.0067,.2654,.0000
12628,.5844,.0906,.2757,.0000
12629,.5538,.0106,.3762,.0000
12630,.5104,.0034,.4161,.0156
12631,.5431,.0035,.4147,.0000
12632,.5059,.0071,.3941,.0451
12633,.5849,.0107,.2864,.0400
12634,.5278,.0385,.3386,.0257
12635,.0068,.6288,.2857,.0000
12636,.0038,.6521,.2704,.0068
12637,.1059,.2807,.5449,.0000
12638,.6469,.0047,.2819,.0000
12639,.5384,.0359,.3152,.0356
12640,.6616,.0034,.2388,.0447
12641,.5526,.0501,.2557,.0609
12642,.2952,.1413,.3002,.1893
12643,.5887,.0159,.2920,.0547
12644,.6030,.0297,.3109,.0000
12645,.5472,.0051,.4078,.0000
12646,.3614,.0609,.5319,.0000
12647,.3689,.1168,.4095,.0599
12648,.2826,.0198,.6103,.0239
12649,.2155,.1230,.5572,.0442
12650,.6009,.0000,.3511,.0070
12651,.3758,.1874,.3702,.0000
12652,.3791,.0920,.4639,.0113
12653,.2443,.2321,.4577,.0000
12654,.2820,.1627,.4855,.0000
12655,.2527,.2403,.4541,.0000
12656,.1724,.2113,.4771,.0566
12657,.2545,.1360,.5391,.0087
12658,.2829,.0613,.5935,.0000
12659,.4884,.0100,.4572,.0000
12660,.4732,.0592,.4169,.0000
12661,.3405,.1184,.4548,.0000
12662,.2491,.0861,.5861,.0000
12663,.2555,.0154,.6648,.0000
12664,.4479,.0002,.5042,.0000
12665,.4255,.0216,.4526,.0477
12666,.4799,.0426,.4503,.0000
12667,.4659,.0554,.4481,.0000
12668,.4056,.0276,.5341,.0000
12669,.5487,.0015,.4252,.0000
12670,.5124,.0062,.4476,.0000
12671,.3972,.0119,.5242,.0178
12672,.7213,.0000,.2446,.0000
12673,.8062,.0000,.1752,.0000
12674,.7020,.0000,.2676,.0000
12675,.7040,.0000,.2486,.0000
12676,.7908,.0000,.1709,.0000
12677,.6593,.0338,.2181,.0353
12678,.6795,.0276,.2448,.0000
12679,.7465,.0289,.1702,.0000
12680,.6840,.0253,.2310,.0000
12681,.8039,.0008,.1508,.0000
12682,.7998,.0055,.1464,.0000
12683,.5130,.0069,.4120,.0000
12684,.6972,.0077,.2227,.0087
12685,.7636,.0021,.1600,.0000
12686,.7200,.0029,.1971,.0081
12687,.5525,.0239,.3491,.0000
12688,.4218,.0170,.5082,.0000
12689,.3202,.0610,.5673,.0000
12690,.2063,.2064,.5250,.0000
12691,.3990,.0605,.4801,.0036
12692,.2424,.3460,.2835,.0443
12693,.1420,.4102,.1678,.1375
12694,.3734,.1973,.3305,.0165
12695,.0636,.6369,.1788,.0018
12696,.0285,.5594,.2906,.0260
12697,.0982,.4959,.3375,.0127
12698,.4415,.1607,.3246,.0082
12699,.6560,.0339,.2659,.0000
12700,.7177,.0944,.1446,.0004
12701,.7361,.0596,.1422,.0012
12702,.7241,.0133,.2027,.0000
12703,.7471,.0364,.1590,.0000
12704,.6691,.1089,.1781,.0000
12705,.7672,.0863,.1121,.0000
12706,.7090,.2218,.0299,.0000
12707,.7721,.0442,.0893,.0237
12708,.7063,.0775,.1523,.0000
12709,.6836,.0390,.1751,.0268
12710,.5586,.0771,.2416,.0539
12711,.6156,.0536,.2732,.0007
12712,.4818,.1977,.2584,.0000
12713,.3740,.4086,.1798,.0000
12714,.6932,.0618,.1938,.0000
12715,.7591,.0000,.2036,.0000
12716,.6746,.0004,.2686,.0000
12717,.5335,.0298,.3620,.0026
12718,.6969,.0181,.1988,.0132
12719,.7240,.0188,.1714,.0262
12720,.6074,.0089,.2161,.1075
12721,.6012,.0129,.2039,.1139
12722,.3184,.1767,.3931,.0285
12723,.4116,.0743,.4037,.0218
12724,.7639,.0329,.1483,.0105
12725,.7723,.0153,.1561,.0053
12726,.7881,.0064,.1613,.0000
12727,.8567,.0000,.1134,.0021
12728,.7300,.0169,.1946,.0040
12729,.2732,.1779,.4467,.0178
12730,.1734,.2881,.3049,.1260
12731,.3108,.2022,.3147,.0697
12732,.3823,.0989,.4243,.0226
12733,.7488,.0278,.1793,.0000
12734,.5719,.0417,.2969,.0109
12735,.1703,.2735,.4235,.0209
12736,.4781,.0444,.3523,.0506
12737,.7978,.0036,.1380,.0000
12738,.3812,.0831,.2726,.1786
12739,.3542,.0761,.2282,.2481
12740,.3655,.0681,.4861,.0000
12741,.7279,.0037,.2107,.0000
12742,.5550,.0150,.3734,.0000
12743,.4702,.0858,.3438,.0351
12744,.2971,.1072,.4789,.0663
12745,.4795,.0068,.4730,.0000
12746,.7359,.0376,.1753,.0074
12747,.0564,.4111,.2301,.1577
12748,.1835,.0558,.2842,.2900
12749,.4532,.0364,.3970,.0677
12750,.5271,.1022,.3029,.0031
12751,.0666,.4500,.3417,.0348
12752,.1757,.3602,.3826,.0000
12753,.2027,.1093,.6257,.0000
12754,.3365,.1683,.4246,.0000
12755,.5747,.0151,.3706,.0000
12756,.5536,.0211,.3658,.0000
12757,.5748,.0052,.3792,.0000
12758,.6065,.0035,.3308,.0000
12759,.5846,.0024,.3635,.0000
12760,.6027,.0021,.3470,.0000
12761,.7112,.0000,.2347,.0106
12762,.7063,.0031,.2247,.0154
12763,.6909,.0074,.2360,.0000
12764,.5058,.1216,.2889,.0142
12765,.0635,.6118,.2562,.0000
12766,.0041,.6891,.2531,.0036
12767,.1517,.3079,.3518,.1266
12768,.6371,.0053,.3001,.0010
12769,.6020,.0284,.2500,.0515
12770,.5737,.0313,.2693,.0476
12771,.6558,.0166,.2156,.0574
12772,.6496,.0385,.1832,.0816
12773,.6904,.0019,.2378,.0251
12774,.5790,.0117,.3155,.0456
12775,.4964,.0091,.3382,.1171
12776,.5276,.0750,.3679,.0000
12777,.2142,.2457,.4658,.0147
12778,.2063,.1428,.5775,.0000
12779,.3496,.0666,.5126,.0194
12780,.5955,.0120,.3201,.0340
12781,.2988,.2145,.3745,.0296
12782,.3552,.1245,.4569,.0000
12783,.2467,.2788,.3982,.0000
12784,.2816,.1309,.5309,.0000
12785,.4302,.1316,.3995,.0000
12786,.2200,.2435,.4303,.0071
12787,.2230,.1535,.5477,.0006
12788,.3666,.1283,.4661,.0000
12789,.4708,.0296,.4570,.0000
12790,.3074,.0827,.5247,.0000
12791,.3061,.0930,.5179,.0000
12792,.4558,.0500,.4275,.0000
12793,.2759,.0061,.6541,.0000
12794,.2403,.0579,.6455,.0000
12795,.3972,.0679,.4779,.0000
12796,.4925,.0315,.4373,.0000
12797,.6765,.0028,.3032,.0000
12798,.4913,.0059,.4676,.0000
12799,.5216,.0000,.4551,.0000
12800,.5250,.0061,.4253,.0038
12801,.6241,.0066,.3117,.0147
12802,.7818,.0000,.1934,.0000
12803,.8570,.0000,.1233,.0000
12804,.8050,.0000,.1697,.0000
12805,.6865,.0000,.2820,.0000
12806,.6481,.0148,.2848,.0000
12807,.6064,.0192,.2889,.0324
12808,.7232,.0054,.2402,.0000
12809,.7128,.0118,.2301,.0000
12810,.6871,.0073,.2698,.0000
12811,.8541,.0000,.1345,.0000
12812,.7965,.0000,.1915,.0000
12813,.5925,.0000,.3738,.0000
12814,.6166,.0091,.2994,.0239
12815,.5174,.0436,.3607,.0151
12816,.4024,.0652,.4798,.0000
12817,.2999,.0816,.5541,.0000
12818,.1253,.2880,.5329,.0000
12819,.1828,.3080,.4391,.0000
12820,.1234,.4302,.3422,.0235
12821,.3823,.1424,.4027,.0082
12822,.2244,.3559,.2764,.0446
12823,.0300,.6669,.0906,.0836
12824,.1418,.3271,.3859,.0528
12825,.0150,.6576,.1261,.0178
12826,.0000,.3481,.0364,.3917
12827,.0957,.4496,.2412,.0757
12828,.1463,.5327,.2597,.0109
12829,.5084,.0858,.3606,.0000
12830,.8154,.0033,.1383,.0000
12831,.7277,.0305,.1987,.0000
12832,.8635,.0147,.0895,.0000
12833,.5458,.3868,.0300,.0009
12834,.7004,.2583,.0132,.0018
12835,.9122,.0011,.0529,.0000
12836,.8846,.0172,.0556,.0000
12837,.6928,.0252,.2278,.0000
12838,.7371,.0094,.2087,.0000
12839,.6632,.0198,.2624,.0000
12840,.7894,.0013,.1621,.0000
12841,.6886,.0214,.2349,.0000
12842,.4142,.2743,.2644,.0000
12843,.6451,.0899,.2093,.0000
12844,.7000,.0411,.2004,.0000
12845,.8631,.0007,.1154,.0000
12846,.8491,.0135,.1019,.0000
12847,.5627,.1216,.2398,.0156
12848,.6690,.1022,.1781,.0000
12849,.6563,.0133,.2252,.0370
12850,.8018,.0084,.1375,.0012
12851,.6446,.0255,.2463,.0160
12852,.1752,.1344,.4771,.1353
12853,.1976,.1658,.5353,.0119
12854,.3448,.1014,.4917,.0000
12855,.8070,.0009,.1504,.0000
12856,.7545,.0039,.1988,.0000
12857,.5617,.0219,.2352,.1490
12858,.8035,.0006,.1823,.0000
12859,.7866,.0016,.1693,.0000
12860,.6888,.0221,.2134,.0103
12861,.6110,.0288,.2318,.0550
12862,.7637,.0111,.1823,.0000
12863,.7705,.0899,.1119,.0000
12864,.7192,.0885,.1693,.0003
12865,.6109,.0552,.2537,.0015
12866,.4359,.0754,.3557,.0198
12867,.4547,.1135,.3404,.0218
12868,.6041,.0068,.3239,.0000
12869,.4779,.0544,.3458,.0000
12870,.5997,.0308,.2868,.0000
12871,.6958,.0049,.2642,.0000
12872,.6248,.0297,.2939,.0000
12873,.3940,.0960,.4261,.0205
12874,.5897,.0016,.3813,.0000
12875,.7408,.0032,.2216,.0000
12876,.6565,.0488,.1907,.0243
12877,.0121,.4227,.2723,.0883
12878,.0000,.1501,.0357,.1160
12879,.0049,.3915,.2471,.1431
12880,.0973,.3684,.3830,.0523
12881,.1512,.2653,.4689,.0436
12882,.1048,.3365,.4242,.0520
12883,.1341,.2259,.5476,.0167
12884,.2048,.1087,.5031,.1016
12885,.1427,.3716,.3548,.0203
12886,.2426,.1518,.4260,.0585
12887,.3271,.0586,.4817,.0650
12888,.5923,.0002,.3543,.0000
12889,.6533,.0073,.2907,.0000
12890,.6203,.0074,.3245,.0000
12891,.6959,.0039,.2534,.0000
12892,.6448,.0133,.2514,.0429
12893,.5235,.0332,.3073,.0689
12894,.6677,.0062,.2490,.0306
12895,.5103,.0875,.3394,.0000
12896,.4428,.1294,.3749,.0000
12897,.5740,.0682,.2374,.0580
12898,.6791,.0107,.2523,.0161
12899,.5698,.0352,.2619,.0647
12900,.4854,.0624,.3919,.0034
12901,.5977,.0172,.3447,.0000
12902,.7189,.0019,.2552,.0000
12903,.5685,.0002,.3790,.0113
12904,.5976,.0002,.3082,.0582
12905,.6821,.0000,.2850,.0007
12906,.6722,.0000,.3037,.0000
12907,.5242,.0062,.3608,.0607
12908,.4597,.0158,.4769,.0020
12909,.5223,.0024,.4370,.0025
12910,.7361,.0009,.2312,.0039
12911,.4408,.1588,.3175,.0000
12912,.0406,.3664,.4910,.0000
12913,.2786,.1204,.5374,.0000
12914,.0820,.1985,.6410,.0000
12915,.2377,.1899,.5132,.0000
12916,.3809,.0825,.4784,.0000
12917,.4672,.0422,.4442,.0000
12918,.5026,.0222,.4346,.0000
12919,.4801,.0547,.4092,.0000
12920,.3051,.0561,.5508,.0000
12921,.3154,.1067,.5088,.0000
12922,.4700,.0673,.4091,.0000
12923,.5159,.0507,.3758,.0000
12924,.4735,.0502,.4214,.0000
12925,.5488,.0035,.4116,.0000
12926,.3887,.0464,.5127,.0000
12927,.6200,.0000,.3551,.0000
12928,.4511,.0079,.5073,.0000
12929,.5093,.0132,.4458,.0000
12930,.5821,.0000,.3444,.0335
12931,.6993,.0000,.2531,.0031
12932,.7641,.0000,.2034,.0000
12933,.8983,.0000,.0835,.0000
12934,.8749,.0000,.1000,.0000
12935,.6702,.0006,.2765,.0000
12936,.5916,.0546,.2865,.0000
12937,.7270,.0014,.2423,.0000
12938,.6343,.0000,.3243,.0000
12939,.6642,.0014,.2916,.0000
12940,.5640,.0222,.1908,.1559
12941,.4343,.2001,.1374,.1804
12942,.6240,.0122,.2932,.0482
12943,.6049,.0038,.3601,.0000
12944,.5260,.0272,.4007,.0000
12945,.2626,.1143,.5672,.0000
12946,.2772,.2306,.4330,.0000
12947,.4222,.0494,.4838,.0000
12948,.5323,.0250,.3996,.0000
12949,.4655,.2197,.2568,.0000
12950,.0906,.3754,.4132,.0323
12951,.0372,.5677,.2845,.0187
12952,.1597,.4284,.2481,.0599
12953,.0402,.5445,.1118,.1551
12954,.1811,.2070,.2772,.2117
12955,.0311,.2537,.1998,.2479
12956,.2427,.2627,.3577,.0397
12957,.1424,.4639,.2084,.0196
12958,.1647,.4619,.1850,.0414
12959,.3458,.1995,.3958,.0000
12960,.4559,.1508,.3270,.0000
12961,.3216,.3186,.3010,.0000
12962,.5810,.0728,.2941,.0000
12963,.5626,.3268,.0703,.0004
12964,.6192,.2142,.0903,.0299
12965,.5962,.1995,.1571,.0000
12966,.8021,.0854,.0815,.0000
12967,.7716,.0011,.1910,.0000
12968,.7338,.0000,.2157,.0045
12969,.8365,.0000,.1096,.0000
12970,.8398,.0000,.1192,.0000
12971,.7703,.0000,.1784,.0000
12972,.6342,.1110,.1666,.0324
12973,.7534,.0933,.1060,.0000
12974,.7587,.0915,.1106,.0000
12975,.5949,.2723,.1028,.0000
12976,.7748,.0269,.1585,.0000
12977,.7859,.0950,.0885,.0000
12978,.8365,.0479,.0957,.0000
12979,.7569,.0057,.1776,.0150
12980,.7825,.0449,.1171,.0023
12981,.7083,.0178,.1677,.0324
12982,.3249,.0511,.5336,.0000
12983,.1220,.1584,.6246,.0000
12984,.5065,.0800,.3514,.0000
12985,.8508,.0003,.1143,.0000
12986,.6766,.0105,.2678,.0000
12987,.4452,.0082,.3958,.0784
12988,.7817,.0000,.1322,.0616
12989,.9009,.0000,.0735,.0000
12990,.7779,.0144,.1589,.0046
12991,.6905,.0311,.1198,.0912
12992,.6918,.0167,.1951,.0372
12993,.7716,.0045,.1643,.0126
12994,.5282,.0194,.2774,.1115
12995,.6340,.0270,.1841,.0890
12996,.4790,.1434,.2514,.0312
12997,.4286,.1560,.3405,.0039
12998,.5304,.1005,.3208,.0000
12999,.4916,.0540,.3542,.0212
13000,.6267,.0163,.2677,.0000
13001,.5659,.0411,.2916,.0364
13002,.4093,.1247,.3796,.0000
13003,.5760,.0093,.3726,.0000
13004,.6194,.0066,.3398,.0000
13005,.6265,.0009,.3191,.0000
13006,.5104,.1119,.1995,.0903
13007,.0093,.5371,.1882,.1723
13008,.0000,.3430,.1433,.0298
13009,.0000,.2513,.0298,.0985
13010,.0043,.5838,.2242,.1029
13011,.0547,.3947,.4896,.0000
13012,.0395,.4506,.3793,.0413
13013,.1376,.1958,.5779,.0000
13014,.1353,.2421,.4887,.0450
13015,.0875,.4584,.1286,.2426
13016,.0273,.6094,.2357,.0594
13017,.1846,.4475,.1652,.1352
13018,.6021,.0097,.3428,.0000
13019,.7811,.0005,.2002,.0000
13020,.8035,.0009,.1825,.0000
13021,.7934,.0000,.1813,.0000
13022,.3508,.2317,.2911,.0599
13023,.1109,.3827,.3766,.0575
13024,.5905,.0308,.3090,.0335
13025,.6626,.0009,.3172,.0000
13026,.6936,.0012,.2792,.0000
13027,.7359,.0026,.2118,.0000
13028,.6559,.0011,.3120,.0000
13029,.7223,.0043,.2308,.0000
13030,.6819,.0064,.2732,.0000
13031,.6324,.0152,.3144,.0000
13032,.7793,.0000,.2088,.0000
13033,.6804,.0000,.3080,.0000
13034,.5569,.0034,.2516,.1415
13035,.3981,.0533,.4767,.0081
13036,.4973,.0010,.4452,.0000
13037,.6687,.0060,.2599,.0000
13038,.5842,.0052,.3493,.0136
13039,.6806,.0013,.2880,.0000
13040,.7707,.0000,.2016,.0000
13041,.3524,.0857,.5103,.0000
13042,.2306,.2469,.4334,.0306
13043,.1153,.4468,.3153,.0448
13044,.1037,.3564,.4564,.0000
13045,.1404,.2823,.4973,.0000
13046,.4115,.0638,.4788,.0000
13047,.4574,.0629,.4315,.0000
13048,.4063,.1327,.4001,.0000
13049,.5694,.0234,.3749,.0000
13050,.3069,.0349,.5856,.0077
13051,.5103,.0186,.4240,.0000
13052,.4914,.1258,.3158,.0000
13053,.5208,.0518,.3710,.0013
13054,.5811,.0359,.3506,.0000
13055,.5724,.0000,.3869,.0000
13056,.4065,.0001,.5472,.0000
13057,.5763,.0045,.3991,.0000
13058,.4649,.0104,.4950,.0000
13059,.2885,.0526,.6038,.0000
13060,.5251,.0035,.4301,.0029
13061,.7026,.0000,.2573,.0023
13062,.7945,.0000,.1838,.0000
13063,.8438,.0000,.1271,.0000
13064,.7494,.0000,.2113,.0000
13065,.5814,.0255,.3249,.0000
13066,.4668,.0790,.3810,.0000
13067,.6628,.0033,.2921,.0000
13068,.6344,.0000,.3236,.0000
13069,.6681,.0248,.2589,.0000
13070,.7312,.0004,.2150,.0000
13071,.2508,.0843,.2142,.3421
13072,.3943,.0313,.3393,.1556
13073,.5405,.0256,.3965,.0000
13074,.2884,.0717,.5939,.0000
13075,.3948,.0832,.4564,.0000
13076,.0912,.3772,.4020,.0224
13077,.1708,.2122,.4500,.0574
13078,.4016,.1193,.4129,.0000
13079,.3553,.1265,.4532,.0000
13080,.1832,.2955,.4169,.0000
13081,.0607,.4360,.3937,.0000
13082,.1392,.3261,.3694,.0226
13083,.1092,.4757,.1179,.1297
13084,.0680,.4280,.2716,.0810
13085,.0305,.2264,.2498,.1817
13086,.1879,.2749,.4621,.0000
13087,.4052,.1325,.3678,.0234
13088,.1708,.3524,.3884,.0000
13089,.1010,.4653,.3427,.0000
13090,.1656,.4151,.3527,.0000
13091,.3279,.2531,.3519,.0000
13092,.3675,.0861,.4773,.0000
13093,.5937,.1225,.2327,.0000
13094,.7282,.0561,.1558,.0000
13095,.9034,.0111,.0398,.0000
13096,.8325,.0038,.1435,.0000
13097,.8662,.0000,.1171,.0000
13098,.7570,.0000,.1863,.0215
13099,.7738,.0000,.1840,.0000
13100,.7828,.0000,.1871,.0000
13101,.6900,.0000,.2691,.0000
13102,.6183,.0313,.2310,.0590
13103,.7418,.0201,.1798,.0093
13104,.8720,.0000,.1074,.0000
13105,.8632,.0000,.1260,.0000
13106,.7767,.0013,.2068,.0000
13107,.7768,.0005,.1843,.0000
13108,.7140,.1812,.0607,.0000
13109,.8011,.0455,.1029,.0187
13110,.7535,.0690,.1326,.0040
13111,.4632,.1169,.3553,.0020
13112,.2510,.0854,.5783,.0000
13113,.1448,.1808,.5484,.0496
13114,.5374,.0779,.3196,.0000
13115,.6052,.0221,.3199,.0000
13116,.7050,.0039,.2352,.0084
13117,.2947,.0400,.5038,.0373
13118,.3537,.0300,.4582,.0905
13119,.7165,.0047,.2090,.0270
13120,.6788,.0469,.2212,.0019
13121,.4414,.1513,.3080,.0235
13122,.5974,.0404,.2729,.0312
13123,.6848,.0023,.2431,.0198
13124,.7289,.0159,.1946,.0157
13125,.8229,.0005,.1397,.0011
13126,.5727,.0205,.3015,.0273
13127,.6001,.0292,.2075,.1037
13128,.5369,.0329,.3239,.0544
13129,.4830,.0996,.3323,.0031
13130,.5850,.1064,.2285,.0032
13131,.7302,.0344,.1929,.0032
13132,.3853,.2004,.2787,.0781
13133,.7667,.0000,.2149,.0000
13134,.7279,.0000,.2505,.0000
13135,.7267,.0000,.2273,.0000
13136,.4743,.1412,.2499,.0548
13137,.0150,.4651,.3077,.0901
13138,.0000,.5866,.0757,.1593
13139,.0000,.6127,.2031,.0926
13140,.0000,.4718,.4163,.0328
13141,.0206,.5476,.3139,.0576
13142,.0229,.3737,.3516,.1492
13143,.0574,.3367,.4926,.0242
13144,.1458,.2594,.4105,.0782
13145,.0941,.2947,.1332,.3646
13146,.0450,.5366,.3209,.0000
13147,.1138,.3584,.3057,.1564
13148,.5365,.0050,.3781,.0471
13149,.7201,.0047,.2445,.0000
13150,.7394,.0053,.2402,.0000
13151,.7429,.0037,.2244,.0000
13152,.1707,.1828,.5497,.0000
13153,.1004,.3123,.4331,.0802
13154,.4814,.0314,.4109,.0278
13155,.6367,.0000,.3345,.0000
13156,.6740,.0009,.3005,.0000
13157,.5956,.0048,.3683,.0000
13158,.6288,.0000,.3317,.0000
13159,.6965,.0065,.1862,.0745
13160,.7247,.0015,.2554,.0000
13161,.7807,.0014,.1889,.0000
13162,.6966,.0000,.2744,.0000
13163,.7041,.0000,.2487,.0094
13164,.4526,.0277,.3518,.0963
13165,.2974,.0927,.5524,.0000
13166,.6230,.0016,.3414,.0000
13167,.5751,.0000,.3894,.0000
13168,.7527,.0000,.2195,.0000
13169,.7212,.0000,.2206,.0000
13170,.7016,.0000,.2181,.0203
13171,.5663,.0280,.2829,.0722
13172,.2767,.1589,.5204,.0000
13173,.1917,.3043,.4282,.0000
13174,.0480,.3155,.4681,.0000
13175,.0465,.1938,.6294,.0000
13176,.2860,.1875,.4636,.0000
13177,.3189,.1187,.4894,.0062
13178,.2529,.2989,.3846,.0000
13179,.3844,.1213,.4181,.0000
13180,.3080,.0420,.5288,.0244
13181,.4829,.0302,.4243,.0098
13182,.4194,.3194,.2092,.0226
13183,.5777,.1320,.2302,.0264
13184,.6146,.0097,.3213,.0191
13185,.5734,.0000,.3883,.0000
13186,.6064,.0000,.3633,.0000
13187,.6175,.0128,.3434,.0000
13188,.3693,.0065,.5903,.0000
13189,.3093,.0471,.5797,.0000
13190,.4146,.0616,.4705,.0000
13191,.8670,.0000,.1103,.0000
13192,.8385,.0000,.1417,.0000
13193,.8140,.0000,.1674,.0000
13194,.7621,.0014,.1987,.0000
13195,.6083,.0054,.3222,.0000
13196,.4461,.0220,.4375,.0000
13197,.6725,.0002,.2845,.0000
13198,.7637,.0000,.2207,.0000
13199,.7740,.0085,.1978,.0000
13200,.7340,.0020,.2379,.0000
13201,.6036,.0152,.1526,.1816
13202,.2235,.0338,.0884,.4332
13203,.3660,.0686,.3588,.1704
13204,.4199,.0855,.4083,.0105
13205,.0570,.4031,.2949,.0597
13206,.0648,.4429,.3272,.0260
13207,.3295,.1440,.4731,.0000
13208,.3721,.0979,.4813,.0000
13209,.4568,.0877,.4153,.0000
13210,.3531,.0870,.5107,.0000
13211,.2765,.0669,.5844,.0000
13212,.1933,.3055,.2988,.0969
13213,.0593,.4537,.1237,.1680
13214,.0834,.3920,.3404,.0618
13215,.1418,.0673,.2943,.2521
13216,.1221,.2745,.3413,.1756
13217,.2264,.2504,.4124,.0000
13218,.2043,.2050,.4527,.0121
13219,.2007,.3364,.3341,.0000
13220,.1666,.5335,.2106,.0000
13221,.2055,.4183,.2893,.0013
13222,.4778,.1184,.3166,.0169
13223,.4001,.1065,.4305,.0000
13224,.5923,.0727,.2681,.0000
13225,.6760,.1334,.1500,.0000
13226,.9349,.0000,.0546,.0000
13227,.8561,.0000,.1244,.0000
13228,.6654,.0000,.3042,.0000
13229,.7561,.0000,.2053,.0000
13230,.8585,.0000,.1180,.0000
13231,.8423,.0000,.1409,.0000
13232,.7837,.0005,.1669,.0002
13233,.8964,.0017,.0807,.0004
13234,.8236,.0000,.1586,.0000
13235,.8857,.0000,.1061,.0000
13236,.7436,.0000,.2455,.0000
13237,.7496,.0000,.2364,.0000
13238,.7189,.0429,.1993,.0000
13239,.4853,.1117,.3471,.0000
13240,.7025,.0240,.2325,.0000
13241,.7236,.0106,.2158,.0000
13242,.5295,.0708,.3347,.0000
13243,.2245,.1835,.5094,.0083
13244,.6510,.0040,.2829,.0083
13245,.4421,.0843,.4067,.0000
13246,.2613,.0418,.5803,.0315
13247,.2260,.1428,.4725,.0197
13248,.0972,.2899,.4300,.0340
13249,.2484,.1847,.4550,.0007
13250,.5090,.1156,.2975,.0085
13251,.6472,.0141,.2745,.0140
13252,.8326,.0000,.1309,.0000
13253,.7873,.0000,.1756,.0000
13254,.7090,.0085,.2429,.0000
13255,.5783,.0445,.2755,.0312
13256,.3610,.0251,.5249,.0000
13257,.3789,.0685,.4286,.0525
13258,.5666,.0206,.3080,.0463
13259,.4956,.0546,.3765,.0175
13260,.4747,.0629,.3747,.0176
13261,.5687,.1164,.2514,.0194
13262,.5509,.0092,.3711,.0270
13263,.7784,.0000,.1956,.0000
13264,.6922,.0000,.2711,.0091
13265,.6185,.0014,.2883,.0161
13266,.4744,.1154,.2835,.0460
13267,.0121,.4123,.3538,.1065
13268,.0000,.5251,.1151,.2075
13269,.0019,.6408,.2683,.0160
13270,.0006,.5784,.2811,.0729
13271,.0098,.3625,.3727,.1523
13272,.0284,.3880,.4456,.0528
13273,.0764,.3884,.3607,.0813
13274,.1389,.2817,.4347,.0710
13275,.1170,.2949,.3744,.1332
13276,.0221,.4732,.1181,.2703
13277,.1170,.4443,.3092,.0370
13278,.4421,.1459,.3140,.0485
13279,.6960,.0032,.2725,.0000
13280,.7332,.0257,.1922,.0000
13281,.6513,.0134,.2791,.0000
13282,.1752,.1743,.5438,.0120
13283,.1188,.2616,.5189,.0314
13284,.6049,.0284,.3262,.0078
13285,.7225,.0007,.2441,.0000
13286,.6689,.0104,.2802,.0000
13287,.7009,.0146,.2551,.0000
13288,.6051,.0015,.3365,.0000
13289,.6027,.0083,.3338,.0000
13290,.5734,.0147,.3634,.0000
13291,.6521,.0037,.2993,.0000
13292,.4750,.0258,.4052,.0413
13293,.6196,.0000,.3420,.0052
13294,.5889,.0000,.3651,.0000
13295,.5417,.0154,.4048,.0000
13296,.6046,.0000,.2889,.0659
13297,.6650,.0000,.2954,.0000
13298,.7761,.0000,.1849,.0000
13299,.8058,.0000,.1610,.0053
13300,.7176,.0000,.1840,.0331
13301,.3831,.0881,.4239,.0426
13302,.2455,.2577,.4442,.0000
13303,.3395,.1432,.4764,.0000
13304,.2151,.2615,.4290,.0000
13305,.1463,.1863,.5673,.0000
13306,.3919,.0754,.4862,.0000
13307,.4931,.1007,.2802,.0840
13308,.2551,.1162,.5654,.0000
13309,.3778,.1054,.4418,.0000
13310,.4245,.1090,.3677,.0450
13311,.5869,.0207,.3065,.0396
13312,.5369,.1362,.2492,.0425
13313,.7028,.0832,.1649,.0024
13314,.7468,.0000,.2224,.0000
13315,.6312,.0000,.3314,.0000
13316,.6783,.0000,.2987,.0000
13317,.5918,.0086,.3563,.0000
13318,.4592,.0083,.4967,.0000
13319,.5175,.0000,.4564,.0000
13320,.4673,.0182,.4773,.0000
13321,.6263,.0000,.3276,.0000
13322,.7877,.0000,.1934,.0000
13323,.8739,.0000,.1123,.0000
13324,.7632,.0341,.1721,.0000
13325,.6437,.0000,.3167,.0000
13326,.6471,.0112,.2907,.0000
13327,.6961,.0060,.2289,.0364
13328,.7689,.0000,.2155,.0000
13329,.7890,.0000,.1999,.0000
13330,.7528,.0069,.2144,.0004
13331,.4499,.0660,.2339,.2080
13332,.0518,.1217,.3662,.3297
13333,.5077,.0051,.2862,.1580
13334,.6862,.0103,.2505,.0015
13335,.5188,.0715,.3411,.0000
13336,.3821,.1472,.4068,.0000
13337,.1779,.3246,.4008,.0113
13338,.2732,.2022,.4645,.0000
13339,.4631,.0505,.4433,.0000
13340,.5559,.0407,.3639,.0000
13341,.3407,.1312,.4788,.0000
13342,.2288,.1809,.5240,.0000
13343,.2428,.2096,.4015,.0187
13344,.1030,.2899,.3511,.0516
13345,.0088,.0049,.2055,.4827
13346,.0099,.0881,.3801,.2648
13347,.1466,.4031,.3122,.0000
13348,.2021,.2870,.3385,.0631
13349,.1763,.3139,.4111,.0000
13350,.3497,.1459,.4214,.0000
13351,.3624,.1619,.3848,.0000
13352,.3348,.2793,.3060,.0000
13353,.0845,.4903,.3679,.0000
13354,.2558,.3141,.3744,.0000
13355,.5198,.1016,.3166,.0000
13356,.6096,.0946,.2419,.0000
13357,.8262,.0001,.1477,.0000
13358,.7788,.0000,.2024,.0000
13359,.8470,.0000,.1257,.0000
13360,.8279,.0000,.1457,.0000
13361,.8366,.0000,.1403,.0000
13362,.8111,.0095,.1397,.0003
13363,.9781,.0000,.0137,.0008
13364,.7986,.0000,.1745,.0000
13365,.8329,.0000,.1507,.0000
13366,.7276,.0000,.2449,.0000
13367,.8383,.0000,.1334,.0000
13368,.7953,.0293,.1268,.0000
13369,.7233,.0181,.2092,.0000
13370,.8146,.0021,.1469,.0000
13371,.8269,.0039,.1249,.0000
13372,.7155,.0067,.2256,.0000
13373,.6410,.0456,.2548,.0052
13374,.6737,.0247,.2192,.0051
13375,.3483,.1563,.4171,.0000
13376,.2558,.1268,.5178,.0303
13377,.3300,.0920,.4871,.0000
13378,.3679,.1266,.4161,.0000
13379,.4262,.1430,.3529,.0048
13380,.5659,.0448,.3088,.0103
13381,.7568,.0099,.0527,.1312
13382,.8593,.0000,.1046,.0000
13383,.8431,.0000,.1272,.0000
13384,.8193,.0000,.1500,.0000
13385,.6792,.0114,.2087,.0449
13386,.4665,.0240,.3749,.0601
13387,.5463,.0668,.3282,.0000
13388,.5915,.0102,.3335,.0000
13389,.2894,.1165,.4411,.0540
13390,.0807,.2638,.5140,.0320
13391,.4596,.0676,.3794,.0259
13392,.4950,.0457,.3571,.0527
13393,.7866,.0000,.1847,.0047
13394,.6261,.0000,.2970,.0426
13395,.6610,.0030,.2807,.0142
13396,.5213,.1798,.2185,.0205
13397,.0210,.5051,.2261,.1330
13398,.0104,.5271,.1522,.1652
13399,.0052,.6963,.1411,.0896
13400,.0000,.5545,.3290,.0620
13401,.0139,.3974,.4286,.0841
13402,.0361,.4063,.4890,.0106
13403,.0592,.3232,.4316,.0849
13404,.1812,.2879,.1892,.2651
13405,.0665,.4202,.2232,.2119
13406,.0268,.5401,.1750,.1676
13407,.0705,.4592,.3107,.0646
13408,.5014,.0376,.3559,.0595
13409,.7180,.0001,.2265,.0163
13410,.6694,.0200,.2372,.0254
13411,.5769,.0098,.3532,.0000
13412,.1483,.1964,.5142,.0610
13413,.1103,.2195,.4915,.1029
13414,.7363,.0061,.2123,.0227
13415,.7071,.0706,.1887,.0000
13416,.6469,.1300,.1693,.0006
13417,.7002,.0220,.2246,.0000
13418,.7926,.0002,.1751,.0000
13419,.7223,.0021,.2421,.0015
13420,.5819,.0145,.2304,.1068
13421,.6420,.0051,.2743,.0311
13422,.7057,.0069,.2327,.0029
13423,.5360,.0237,.3478,.0401
13424,.5635,.0473,.2363,.1053
13425,.7477,.0000,.2262,.0000
13426,.7917,.0000,.1806,.0000
13427,.8121,.0000,.1588,.0000
13428,.7978,.0000,.1567,.0000
13429,.6648,.0000,.2760,.0125
13430,.5943,.0000,.3383,.0074
13431,.5619,.0005,.3513,.0269
13432,.2841,.1579,.4876,.0000
13433,.3103,.0942,.5458,.0000
13434,.2332,.2252,.4745,.0000
13435,.2334,.1741,.5215,.0000
13436,.4271,.0333,.4814,.0295
13437,.5165,.0392,.3973,.0103
13438,.4123,.2188,.3056,.0025
13439,.3740,.1215,.4364,.0061
13440,.3660,.1314,.4385,.0000
13441,.3940,.1227,.3781,.0454
13442,.6288,.0175,.3265,.0000
13443,.7766,.0049,.1901,.0000
13444,.8664,.0000,.1184,.0000
13445,.7748,.0000,.2032,.0000
13446,.7522,.0000,.2028,.0208
13447,.5675,.0000,.3922,.0000
13448,.5898,.0035,.3698,.0000
13449,.6307,.0000,.3454,.0000
13450,.6897,.0022,.2771,.0000
13451,.7095,.0012,.2605,.0000
13452,.7132,.0000,.2667,.0000
13453,.7949,.0000,.1838,.0000
13454,.5459,.0572,.3427,.0000
13455,.5909,.0053,.3295,.0000
13456,.6740,.0000,.2867,.0000
13457,.7341,.0000,.2321,.0000
13458,.7308,.0000,.2361,.0000
13459,.7643,.0000,.2052,.0000
13460,.7319,.0003,.2193,.0113
13461,.2515,.0637,.3054,.2504
13462,.2944,.2727,.2125,.1762
13463,.7176,.0024,.2603,.0000
13464,.6366,.0849,.2431,.0000
13465,.7053,.0015,.2723,.0000
13466,.6490,.0082,.3003,.0000
13467,.3633,.1983,.3488,.0000
13468,.0388,.5949,.2945,.0000
13469,.0982,.4493,.3582,.0000
13470,.3923,.1327,.4261,.0000
13471,.5630,.0294,.3622,.0000
13472,.3097,.0518,.5779,.0000
13473,.2031,.3486,.3185,.0000
13474,.0521,.4463,.2942,.0106
13475,.0722,.1172,.3741,.2197
13476,.0907,.1948,.2672,.2084
13477,.1228,.4593,.2756,.0000
13478,.2811,.1627,.4522,.0218
13479,.1360,.2842,.4771,.0000
13480,.2371,.2830,.3524,.0197
13481,.2680,.3723,.2941,.0029
13482,.5204,.1678,.2606,.0000
13483,.5936,.0500,.2986,.0000
13484,.6165,.0268,.3055,.0000
13485,.7259,.0069,.2357,.0000
13486,.8625,.0000,.1201,.0000
13487,.8041,.0000,.1788,.0000
13488,.7774,.0000,.1987,.0000
13489,.8335,.0000,.1342,.0000
13490,.8522,.0035,.0983,.0000
13491,.8047,.0084,.1385,.0000
13492,.8035,.0000,.1636,.0000
13493,.9096,.0000,.0588,.0000
13494,.7492,.0282,.1699,.0000
13495,.8057,.0107,.1545,.0000
13496,.8278,.0000,.1405,.0000
13497,.8199,.0126,.1230,.0000
13498,.7566,.0883,.0932,.0000
13499,.8241,.0020,.1313,.0000
13500,.7080,.0069,.2447,.0000
13501,.8025,.0000,.1649,.0000
13502,.7738,.0025,.1873,.0000
13503,.7230,.0058,.2236,.0000
13504,.6879,.0122,.2401,.0000
13505,.6794,.0124,.1910,.0598
13506,.4580,.0698,.4103,.0023
13507,.4239,.1034,.3976,.0000
13508,.7082,.0240,.2112,.0000
13509,.6822,.0034,.2652,.0065
13510,.6530,.0094,.2620,.0148
13511,.6234,.0149,.2325,.0444
13512,.5078,.0113,.3582,.0260
13513,.6600,.0061,.2735,.0033
13514,.7978,.0014,.1451,.0213
13515,.3649,.0215,.4990,.0369
13516,.3632,.0348,.4995,.0018
13517,.4042,.1187,.3983,.0000
13518,.4252,.0048,.4791,.0000
13519,.2196,.0771,.5969,.0224
13520,.4278,.0493,.4280,.0157
13521,.5527,.0424,.3293,.0000
13522,.5695,.0452,.3368,.0000
13523,.8325,.0000,.1526,.0000
13524,.8155,.0000,.1509,.0265
13525,.6738,.0000,.2774,.0029
13526,.5374,.1158,.2665,.0028
13527,.0052,.4869,.2724,.1307
13528,.0136,.6178,.1710,.0729
13529,.0237,.7113,.0687,.0573
13530,.0004,.6523,.2341,.0468
13531,.0101,.5751,.1972,.1460
13532,.1115,.3454,.3999,.0708
13533,.1442,.2802,.3708,.1209
13534,.1885,.2507,.2988,.1758
13535,.0506,.4605,.2194,.1728
13536,.0490,.4111,.3804,.0414
13537,.0401,.4310,.3959,.0528
13538,.4594,.0110,.4143,.0622
13539,.6013,.0000,.3474,.0082
13540,.6552,.0040,.2465,.0427
13541,.2366,.2000,.4360,.0446
13542,.0897,.3765,.4103,.0378
13543,.2368,.1919,.4178,.0981
13544,.7731,.0033,.2015,.0000
13545,.7488,.0088,.1992,.0000
13546,.7077,.0197,.1962,.0193
13547,.7636,.0013,.2010,.0000
13548,.7634,.0000,.2078,.0000
13549,.7760,.0019,.1878,.0000
13550,.7380,.0000,.2210,.0000
13551,.5635,.0035,.2769,.0938
13552,.5623,.0225,.2442,.1063
13553,.6379,.0000,.3143,.0027
13554,.7214,.0000,.2340,.0000
13555,.7106,.0000,.2401,.0093
13556,.7341,.0000,.2321,.0000
13557,.8414,.0000,.1369,.0000
13558,.8114,.0000,.1543,.0000
13559,.7484,.0000,.1951,.0000
13560,.5783,.0078,.3454,.0000
13561,.5517,.0093,.3686,.0000
13562,.1075,.3060,.5260,.0000
13563,.3728,.0834,.4942,.0000
13564,.2889,.2067,.4440,.0000
13565,.4807,.1057,.3690,.0000
13566,.2877,.1355,.5249,.0000
13567,.3969,.1517,.4199,.0000
13568,.4248,.1423,.3965,.0001
13569,.3007,.1035,.5234,.0000
13570,.3834,.0288,.5106,.0000
13571,.3662,.0459,.5115,.0032
13572,.5541,.0148,.3170,.0579
13573,.6186,.0028,.2631,.0734
13574,.8625,.0000,.1120,.0000
13575,.8441,.0000,.1292,.0000
13576,.7144,.0000,.2566,.0000
13577,.8082,.0000,.1677,.0000
13578,.7860,.0000,.1962,.0000
13579,.7981,.0000,.1778,.0000
13580,.7105,.0000,.2670,.0000
13581,.6717,.0000,.2931,.0000
13582,.7517,.0000,.2162,.0000
13583,.7677,.0000,.2055,.0000
13584,.7139,.0082,.2172,.0105
13585,.6818,.0049,.2555,.0065
13586,.7281,.0004,.2287,.0000
13587,.8049,.0000,.1697,.0000
13588,.7506,.0000,.2189,.0000
13589,.8110,.0000,.1601,.0000
13590,.6740,.0175,.2529,.0035
13591,.3823,.0599,.3729,.1246
13592,.4884,.1585,.3185,.0025
13593,.7105,.0260,.2490,.0000
13594,.7348,.0000,.2434,.0000
13595,.7550,.0010,.2236,.0000
13596,.6568,.0099,.2795,.0000
13597,.6686,.0114,.2684,.0000
13598,.3473,.1917,.3664,.0000
13599,.0849,.5112,.3036,.0000
13600,.0965,.4810,.3327,.0000
13601,.4015,.0435,.4462,.0649
13602,.4473,.0543,.4148,.0183
13603,.1069,.3409,.3411,.0779
13604,.0138,.5703,.2111,.0209
13605,.4078,.1019,.3878,.0499
13606,.4787,.1450,.2270,.0598
13607,.2248,.2722,.3708,.0279
13608,.2679,.1800,.3588,.0904
13609,.2706,.1725,.4760,.0000
13610,.2630,.2626,.3838,.0000
13611,.6385,.0696,.2441,.0000
13612,.7396,.0032,.2210,.0000
13613,.7728,.0000,.1895,.0000
13614,.8496,.0000,.1324,.0000
13615,.8236,.0000,.1640,.0000
13616,.8475,.0000,.1337,.0000
13617,.8995,.0000,.0888,.0000
13618,.8991,.0000,.0967,.0000
13619,.8277,.0000,.1570,.0000
13620,.8859,.0001,.0837,.0000
13621,.8221,.0079,.1333,.0000
13622,.6133,.0878,.1878,.0517
13623,.6642,.0438,.2280,.0184
13624,.5850,.0499,.3050,.0000
13625,.6451,.0723,.2352,.0000
13626,.6260,.0401,.2810,.0000
13627,.6721,.0358,.2328,.0000
13628,.9050,.0000,.0504,.0000
13629,.8783,.0017,.0974,.0006
13630,.7681,.0000,.1927,.0000
13631,.7655,.0000,.1981,.0000
13632,.7547,.0115,.1877,.0000
13633,.7142,.0984,.1464,.0000
13634,.6970,.0939,.1638,.0000
13635,.5501,.0111,.3352,.0366
13636,.7552,.0004,.2065,.0001
13637,.7573,.0975,.1022,.0000
13638,.7987,.0516,.1190,.0000
13639,.8151,.0410,.1189,.0000
13640,.7542,.0000,.1989,.0000
13641,.6626,.0017,.2666,.0058
13642,.3821,.0779,.4216,.0311
13643,.5053,.0056,.3948,.0043
13644,.6630,.0048,.2590,.0137
13645,.4592,.0172,.3754,.0376
13646,.1085,.0884,.4548,.2072
13647,.2845,.0772,.4518,.0628
13648,.1186,.0225,.5982,.1069
13649,.5628,.0028,.3611,.0000
13650,.7101,.0167,.2045,.0000
13651,.6069,.0102,.2749,.0364
13652,.6440,.0161,.3098,.0000
13653,.6965,.0002,.2817,.0000
13654,.7055,.0000,.2888,.0000
13655,.7678,.0000,.2008,.0000
13656,.5023,.0742,.3448,.0063
13657,.0226,.6781,.0996,.0935
13658,.0016,.7116,.0674,.1518
13659,.0115,.6445,.0308,.2278
13660,.0220,.6481,.1057,.1525
13661,.0345,.4950,.2341,.1616
13662,.0607,.3450,.4929,.0302
13663,.2535,.2241,.2202,.2047
13664,.1243,.3244,.2685,.1831
13665,.0100,.4562,.4354,.0000
13666,.0762,.3889,.4002,.0230
13667,.1844,.2932,.3631,.0851
13668,.6092,.0000,.3110,.0440
13669,.6450,.0000,.3007,.0247
13670,.7514,.0000,.1928,.0204
13671,.1761,.1095,.5923,.0485
13672,.0577,.3190,.5288,.0095
13673,.3710,.1644,.3774,.0308
13674,.6929,.0022,.2742,.0000
13675,.7147,.0064,.1997,.0329
13676,.7387,.0257,.1483,.0338
13677,.6568,.0102,.2919,.0000
13678,.7841,.0008,.1852,.0000
13679,.6694,.0034,.2793,.0000
13680,.7231,.0000,.2385,.0000
13681,.7788,.0017,.1920,.0006
13682,.5409,.0367,.2544,.1134
13683,.4367,.0160,.4290,.0574
13684,.7073,.0000,.2451,.0078
13685,.6796,.0000,.2503,.0373
13686,.7724,.0000,.1970,.0000
13687,.8760,.0000,.1025,.0000
13688,.8449,.0000,.1087,.0000
13689,.8130,.0000,.1343,.0000
13690,.7942,.0000,.1625,.0000
13691,.5078,.0526,.3395,.0382
13692,.1941,.2383,.3379,.1649
13693,.3735,.0752,.4945,.0008
13694,.1560,.2858,.4620,.0355
13695,.4264,.0668,.4703,.0000
13696,.3337,.0836,.5236,.0000
13697,.4051,.0885,.4494,.0076
13698,.2801,.0848,.5690,.0145
13699,.1361,.2876,.4857,.0021
13700,.1246,.1345,.5466,.0946
13701,.3550,.0509,.5268,.0099
13702,.5332,.0056,.3516,.0708
13703,.6032,.0013,.3627,.0000
13704,.6780,.0000,.2977,.0000
13705,.6763,.0000,.2920,.0000
13706,.7838,.0000,.1894,.0000
13707,.8467,.0000,.1322,.0000
13708,.7202,.0000,.2507,.0000
13709,.6794,.0000,.2895,.0000
13710,.6367,.0000,.3257,.0000
13711,.6890,.0000,.2781,.0000
13712,.7753,.0000,.2037,.0000
13713,.7344,.0000,.2396,.0000
13714,.3926,.0139,.2954,.2217
13715,.5367,.0123,.3340,.0610
13716,.7652,.0000,.2142,.0000
13717,.8205,.0000,.1529,.0000
13718,.8153,.0000,.1505,.0000
13719,.7965,.0000,.1673,.0000
13720,.6699,.0438,.2343,.0000
13721,.4543,.0596,.4115,.0209
13722,.4963,.0941,.3260,.0402
13723,.5973,.0550,.2540,.0647
13724,.7389,.0000,.2439,.0000
13725,.7439,.0002,.2387,.0000
13726,.7688,.0046,.1931,.0000
13727,.7266,.0023,.2264,.0000
13728,.6358,.0032,.2987,.0000
13729,.1178,.3883,.3931,.0000
13730,.0993,.3730,.4441,.0000
13731,.0987,.4047,.4161,.0000
13732,.1745,.4219,.3138,.0000
13733,.0784,.5280,.1860,.0601
13734,.1531,.3193,.3425,.0258
13735,.3541,.1042,.4242,.0416
13736,.4167,.0728,.4489,.0000
13737,.4320,.0496,.4257,.0298
13738,.3999,.0624,.3631,.0985
13739,.3801,.1131,.3670,.0194
13740,.3769,.1073,.3996,.0017
13741,.4980,.0915,.3306,.0156
13742,.6958,.0984,.1714,.0000
13743,.7757,.0000,.2007,.0000
13744,.7874,.0001,.1945,.0000
13745,.5969,.0950,.2325,.0251
13746,.6755,.0266,.2581,.0000
13747,.8963,.0000,.0941,.0000
13748,.8801,.0000,.1160,.0000
13749,.8242,.0000,.1597,.0000
13750,.8631,.0000,.1149,.0000
13751,.7257,.0000,.2459,.0000
13752,.7776,.0000,.1918,.0000
13753,.5012,.0808,.3566,.0000
13754,.3254,.2060,.4085,.0000
13755,.6135,.0468,.2828,.0000
13756,.2693,.3021,.3748,.0000
13757,.3782,.2725,.2920,.0000
13758,.9182,.0000,.0352,.0000
13759,.5904,.1084,.2441,.0003
13760,.7526,.0007,.1799,.0225
13761,.8086,.0111,.1385,.0000
13762,.8409,.0079,.1121,.0000
13763,.7490,.0106,.1871,.0000
13764,.7587,.0304,.1618,.0000
13765,.6766,.0241,.2347,.0000
13766,.7611,.0073,.1095,.0853
13767,.8671,.0254,.0864,.0000
13768,.8039,.0847,.0819,.0000
13769,.8296,.0043,.1319,.0000
13770,.8145,.0035,.1359,.0087
13771,.7945,.0000,.1670,.0000
13772,.7050,.0123,.2224,.0000
13773,.1972,.1252,.5333,.0057
13774,.1400,.3849,.3762,.0091
13775,.2688,.0075,.5294,.0686
13776,.2523,.1764,.2149,.1866
13777,.3502,.0422,.5011,.0000
13778,.3051,.0146,.5655,.0203
13779,.4811,.0258,.4125,.0000
13780,.4764,.0252,.3450,.0728
13781,.7173,.0174,.2001,.0000
13782,.6518,.0006,.3258,.0000
13783,.6940,.0007,.2851,.0000
13784,.7461,.0000,.2370,.0000
13785,.7175,.0000,.2602,.0000
13786,.4686,.1672,.2556,.0377
13787,.0343,.5245,.1740,.2000
13788,.0258,.5712,.0976,.2616
13789,.0402,.5688,.0053,.2841
13790,.0416,.5767,.0977,.2216
13791,.0241,.4396,.3130,.1281
13792,.0525,.4037,.3079,.1448
13793,.1397,.2360,.3431,.1749
13794,.0927,.3494,.3133,.1222
13795,.0395,.4553,.3654,.0122
13796,.0440,.5318,.3457,.0000
13797,.1527,.4599,.2813,.0089
13798,.3283,.1481,.3920,.0683
13799,.5352,.0220,.3667,.0294
13800,.5878,.0000,.3172,.0470
13801,.1622,.1223,.4801,.1497
13802,.1658,.2585,.4189,.0697
13803,.1808,.1940,.4395,.1190
13804,.5887,.0019,.3428,.0294
13805,.7363,.0064,.2182,.0000
13806,.6752,.0270,.2549,.0000
13807,.6501,.0061,.2981,.0000
13808,.7435,.0089,.2061,.0000
13809,.7652,.0006,.2011,.0000
13810,.7107,.0000,.2476,.0000
13811,.6612,.0009,.2988,.0000
13812,.7606,.0014,.2042,.0000
13813,.3981,.0360,.4101,.0695
13814,.3565,.0714,.4402,.0697
13815,.7221,.0000,.2374,.0139
13816,.7438,.0000,.2350,.0000
13817,.7780,.0000,.1907,.0000
13818,.8636,.0000,.1109,.0000
13819,.7899,.0000,.1818,.0000
13820,.6390,.0163,.2658,.0227
13821,.1679,.1852,.3597,.2056
13822,.1012,.3514,.3256,.1554
13823,.4043,.0595,.5037,.0000
13824,.3409,.0871,.5308,.0000
13825,.1123,.2642,.5714,.0000
13826,.4117,.0581,.4895,.0000
13827,.6745,.0107,.2787,.0088
13828,.2680,.2863,.3363,.0323
13829,.1108,.2293,.2119,.3486
13830,.2154,.0339,.6108,.0508
13831,.3270,.0709,.5249,.0000
13832,.3319,.0204,.5894,.0000
13833,.6447,.0022,.3143,.0000
13834,.6173,.0000,.3467,.0000
13835,.8103,.0000,.1543,.0000
13836,.8545,.0000,.1064,.0000
13837,.9229,.0000,.0554,.0000
13838,.8828,.0000,.1007,.0000
13839,.7904,.0000,.1867,.0000
13840,.7706,.0000,.2035,.0000
13841,.7387,.0000,.2439,.0000
13842,.6283,.0000,.3362,.0000
13843,.6431,.0000,.3248,.0000
13844,.6117,.0015,.3378,.0000
13845,.6090,.0008,.3525,.0000
13846,.8363,.0000,.1345,.0000
13847,.7303,.0009,.2259,.0000
13848,.7060,.0000,.2320,.0065
13849,.6898,.0037,.2384,.0095
13850,.3099,.1118,.5025,.0080
13851,.2040,.1849,.5241,.0291
13852,.4510,.1088,.4070,.0000
13853,.5295,.0642,.3817,.0000
13854,.6696,.0000,.3135,.0000
13855,.6900,.0000,.2798,.0000
13856,.6581,.0078,.2979,.0000
13857,.6807,.0077,.2720,.0000
13858,.6359,.0033,.3047,.0000
13859,.3409,.3125,.2638,.0000
13860,.0175,.5952,.3226,.0000
13861,.1373,.3624,.4152,.0000
13862,.1099,.4770,.2829,.0267
13863,.0617,.5074,.3060,.0026
13864,.1327,.4425,.3455,.0000
13865,.2763,.1794,.4082,.0398
13866,.2860,.2291,.3972,.0087
13867,.3870,.1245,.3877,.0288
13868,.5788,.0156,.2977,.0531
13869,.5747,.0026,.2861,.0800
13870,.3814,.0523,.4384,.0244
13871,.2101,.3912,.3367,.0000
13872,.5122,.1574,.2750,.0000
13873,.8397,.0001,.1261,.0000
13874,.8699,.0147,.0829,.0000
13875,.3464,.0799,.5187,.0076
13876,.6903,.0035,.2818,.0045
13877,.8365,.0000,.1373,.0000
13878,.8584,.0000,.1287,.0000
13879,.6062,.0238,.3259,.0000
13880,.5612,.0063,.3651,.0000
13881,.4533,.0043,.4754,.0000
13882,.3008,.0825,.5108,.0297
13883,.2338,.3364,.3536,.0188
13884,.0437,.4993,.4080,.0000
13885,.1720,.1984,.5659,.0000
13886,.5274,.0853,.3354,.0000
13887,.8111,.0205,.1080,.0000
13888,.7827,.0150,.1428,.0038
13889,.6224,.0186,.2104,.0925
13890,.6481,.0616,.1855,.0419
13891,.6097,.0847,.1774,.0615
13892,.7356,.0917,.1136,.0000
13893,.8084,.0051,.1233,.0000
13894,.6928,.0277,.2241,.0000
13895,.6797,.0265,.2351,.0000
13896,.7067,.0868,.1405,.0177
13897,.7940,.0612,.1258,.0000
13898,.9225,.0000,.0483,.0000
13899,.8237,.0022,.1287,.0000
13900,.7383,.0006,.2126,.0000
13901,.7446,.0000,.2073,.0000
13902,.6683,.0000,.2752,.0000
13903,.5525,.0330,.3211,.0016
13904,.0910,.4705,.3223,.0035
13905,.1608,.2438,.3368,.1451
13906,.1319,.2080,.4141,.0900
13907,.3786,.0509,.4018,.0730
13908,.3289,.0102,.5536,.0281
13909,.4924,.0186,.3874,.0062
13910,.5492,.0091,.3567,.0185
13911,.7464,.0029,.2051,.0026
13912,.7148,.0000,.2551,.0000
13913,.7361,.0000,.2312,.0000
13914,.8263,.0000,.1573,.0000
13915,.7365,.0072,.1632,.0423
13916,.2947,.2917,.3146,.0035
13917,.0242,.6328,.1291,.1466
13918,.0099,.5946,.0866,.2662
13919,.0201,.4590,.2469,.1918
13920,.0324,.4784,.0849,.3359
13921,.0403,.5383,.2601,.0714
13922,.0460,.4012,.3162,.1507
13923,.1393,.2133,.4462,.1059
13924,.1076,.3181,.2829,.1704
13925,.1061,.3280,.3969,.0456
13926,.0417,.4068,.3959,.0239
13927,.0870,.2840,.3850,.1300
13928,.1441,.2310,.4665,.0623
13929,.1018,.3357,.4733,.0216
13930,.5724,.0000,.3842,.0043
13931,.1605,.1980,.4483,.1127
13932,.0883,.2422,.5192,.0359
13933,.0516,.3181,.4415,.1195
13934,.5977,.0164,.3284,.0169
13935,.6667,.0155,.2786,.0000
13936,.6832,.0097,.1969,.0654
13937,.6907,.0000,.2759,.0000
13938,.5921,.0002,.3618,.0000
13939,.6734,.0000,.2700,.0164
13940,.6462,.0000,.2799,.0285
13941,.5832,.0000,.3668,.0013
13942,.6227,.0000,.2920,.0502
13943,.7326,.0016,.2283,.0080
13944,.4166,.0377,.4119,.0722
13945,.4573,.0479,.3812,.0612
13946,.5919,.0003,.3503,.0161
13947,.6200,.0001,.3429,.0000
13948,.5274,.0003,.4275,.0000
13949,.7358,.0000,.2404,.0000
13950,.3884,.1635,.3856,.0012
13951,.0542,.3405,.5287,.0024
13952,.0760,.3935,.4357,.0303
13953,.3670,.0796,.4493,.0674
13954,.3474,.0760,.5339,.0000
13955,.3802,.0628,.5179,.0000
13956,.4273,.0087,.5137,.0000
13957,.6007,.0292,.3343,.0000
13958,.3951,.0978,.4579,.0066
13959,.1761,.3013,.3915,.0457
13960,.0730,.3468,.4790,.0000
13961,.0551,.5891,.2793,.0000
13962,.2078,.0667,.4832,.1578
13963,.5101,.0021,.4392,.0000
13964,.5098,.0000,.3006,.1275
13965,.6851,.0000,.0884,.1653
13966,.6057,.0000,.1385,.1789
13967,.8080,.0000,.1626,.0000
13968,.8219,.0000,.1583,.0000
13969,.6920,.0000,.2804,.0000
13970,.6997,.0000,.2574,.0000
13971,.7018,.0000,.2739,.0000
13972,.6820,.0000,.2903,.0000
13973,.7432,.0000,.2192,.0000
13974,.7015,.0000,.2666,.0000
13975,.8227,.0000,.1609,.0000
13976,.8657,.0000,.1147,.0000
13977,.8585,.0003,.1173,.0000
13978,.5607,.0104,.3559,.0257
13979,.3710,.0387,.4861,.0393
13980,.4052,.1408,.3352,.0495
13981,.1843,.2665,.3728,.1021
13982,.3334,.1945,.3487,.0679
13983,.5159,.1136,.3085,.0240
13984,.6949,.0000,.2793,.0000
13985,.6875,.0016,.2721,.0000
13986,.6639,.0054,.2904,.0000
13987,.6578,.0138,.2843,.0000
13988,.6291,.0033,.2985,.0001
13989,.3849,.1259,.3282,.0497
13990,.0031,.7654,.0920,.0081
13991,.0601,.4699,.3743,.0000
13992,.1802,.2858,.4118,.0302
13993,.2520,.2495,.4266,.0000
13994,.1919,.3130,.4131,.0000
13995,.1707,.1210,.6373,.0008
13996,.3424,.1224,.3847,.0767
13997,.5163,.0152,.3980,.0084
13998,.4684,.0084,.4670,.0000
13999,.5524,.0057,.3305,.0458
14000,.4598,.0257,.4521,.0000
14001,.2599,.3685,.3104,.0000
14002,.2880,.2376,.3894,.0000
14003,.6920,.0123,.2609,.0000
14004,.7379,.0002,.2192,.0000
14005,.6819,.0051,.2868,.0000
14006,.6095,.0207,.3375,.0000
14007,.6686,.0322,.2437,.0064
14008,.4428,.2896,.2010,.0048
14009,.1534,.4585,.3435,.0000
14010,.1220,.2815,.5173,.0051
14011,.0738,.5175,.2164,.0843
14012,.0298,.7289,.1028,.0672
14013,.0035,.7716,.1328,.0374
14014,.0149,.4859,.3449,.0746
14015,.1922,.1458,.5998,.0000
14016,.6489,.0172,.2767,.0000
14017,.8181,.0000,.1337,.0000
14018,.7601,.0048,.1830,.0000
14019,.6034,.0631,.2729,.0000
14020,.2547,.1481,.5068,.0000
14021,.2740,.1737,.4808,.0000
14022,.7310,.0858,.1345,.0000
14023,.7428,.0037,.1517,.0521
14024,.3823,.1009,.3019,.1517
14025,.3572,.1389,.4177,.0284
14026,.7052,.1948,.0529,.0312
14027,.8470,.0039,.1109,.0132
14028,.6720,.2302,.0787,.0000
14029,.8251,.0039,.1570,.0000
14030,.7276,.0012,.2554,.0000
14031,.7026,.0002,.2613,.0000
14032,.6204,.0121,.3061,.0000
14033,.6411,.0187,.2728,.0000
14034,.5225,.0371,.3138,.0156
14035,.2352,.3428,.3006,.0041
14036,.0004,.4755,.0416,.2686
14037,.0451,.3597,.3874,.0501
14038,.1769,.3032,.3937,.0278
14039,.1191,.3025,.4348,.0346
14040,.6376,.0000,.2390,.0629
14041,.7731,.0064,.1305,.0480
14042,.7822,.0000,.1576,.0190
14043,.7109,.0160,.2141,.0094
14044,.5988,.0872,.2553,.0000
14045,.1700,.3380,.3462,.0455
14046,.0273,.4504,.4233,.0000
14047,.0286,.6102,.2270,.0831
14048,.0207,.4926,.4090,.0044
14049,.1158,.2250,.5324,.0502
14050,.1434,.3299,.4151,.0299
14051,.1479,.2109,.4857,.0788
14052,.0378,.4987,.1195,.2724
14053,.0886,.4160,.2877,.1208
14054,.0404,.5117,.2629,.0914
14055,.0492,.4556,.3433,.0179
14056,.0939,.3677,.3556,.0499
14057,.2342,.2376,.1946,.2173
14058,.0405,.4966,.3413,.0177
14059,.0705,.3375,.4392,.0743
14060,.6365,.0000,.3431,.0000
14061,.5544,.0170,.3535,.0285
14062,.2623,.1455,.4754,.0294
14063,.0982,.2270,.5841,.0170
14064,.4598,.0061,.4593,.0255
14065,.6107,.0000,.3515,.0023
14066,.6039,.0000,.1729,.1649
14067,.6864,.0000,.2641,.0020
14068,.6496,.0000,.3130,.0000
14069,.6479,.0000,.2700,.0332
14070,.6511,.0000,.3061,.0066
14071,.6221,.0000,.3068,.0298
14072,.6315,.0000,.3288,.0000
14073,.7554,.0000,.2115,.0000
14074,.7341,.0000,.1907,.0374
14075,.5721,.0445,.2348,.0957
14076,.5191,.0211,.3824,.0259
14077,.4341,.0420,.4775,.0000
14078,.4450,.0646,.4314,.0000
14079,.4038,.1086,.4338,.0000
14080,.4956,.0367,.4183,.0000
14081,.2690,.1847,.4557,.0332
14082,.1187,.3562,.4373,.0360
14083,.2506,.1410,.5626,.0000
14084,.3317,.1035,.5229,.0000
14085,.5521,.0487,.3536,.0000
14086,.5322,.0180,.3943,.0000
14087,.5048,.0191,.4368,.0000
14088,.4006,.0559,.5001,.0000
14089,.2317,.3532,.3205,.0182
14090,.0057,.6371,.2472,.0000
14091,.0121,.4747,.4040,.0000
14092,.0640,.4253,.3468,.0424
14093,.1553,.0541,.6950,.0265
14094,.1705,.0000,.4708,.2691
14095,.1416,.0000,.2126,.3066
14096,.6313,.0000,.2952,.0253
14097,.7414,.0000,.2302,.0000
14098,.7776,.0000,.1990,.0000
14099,.7996,.0000,.1717,.0000
14100,.6545,.0000,.2933,.0000
14101,.6267,.0000,.3457,.0000
14102,.8178,.0000,.1542,.0000
14103,.8518,.0000,.1086,.0000
14104,.7968,.0000,.1755,.0000
14105,.8170,.0000,.1526,.0000
14106,.7890,.0000,.1805,.0000
14107,.5727,.0582,.3098,.0000
14108,.2042,.1036,.6340,.0000
14109,.3183,.1024,.5168,.0000
14110,.3815,.1340,.3957,.0000
14111,.2831,.3459,.2960,.0200
14112,.4499,.1439,.3442,.0193
14113,.5209,.1580,.2795,.0064
14114,.6738,.0000,.3011,.0000
14115,.7412,.0007,.2258,.0000
14116,.6091,.0060,.3340,.0000
14117,.5656,.0235,.3474,.0000
14118,.4911,.0060,.4285,.0000
14119,.4126,.1603,.2531,.0420
14120,.0208,.5779,.2525,.0105
14121,.1277,.4257,.3869,.0000
14122,.2095,.2065,.5145,.0000
14123,.1635,.2704,.4947,.0000
14124,.2114,.2243,.5004,.0000
14125,.3823,.0942,.4443,.0134
14126,.4311,.0665,.4302,.0102
14127,.2528,.0612,.6192,.0000
14128,.4381,.0641,.4436,.0000
14129,.4785,.0013,.4511,.0000
14130,.4895,.0000,.4512,.0000
14131,.4457,.0679,.4209,.0000
14132,.1227,.5651,.2155,.0000
14133,.2242,.3109,.3854,.0000
14134,.6000,.0469,.3010,.0000
14135,.6017,.0985,.2556,.0000
14136,.4166,.0427,.4639,.0000
14137,.6160,.0075,.2897,.0199
14138,.6402,.0059,.2961,.0000
14139,.5714,.0715,.2870,.0000
14140,.2308,.3787,.3159,.0004
14141,.1291,.3542,.2098,.1579
14142,.0680,.4657,.0815,.2428
14143,.1024,.3079,.2812,.1779
14144,.3287,.0642,.3389,.1548
14145,.4029,.1143,.4084,.0000
14146,.7101,.0022,.1614,.0724
14147,.8155,.0000,.1399,.0000
14148,.7877,.0000,.1679,.0000
14149,.7455,.0021,.2060,.0000
14150,.5903,.0685,.2515,.0225
14151,.4900,.0331,.3992,.0179
14152,.8108,.0006,.1466,.0007
14153,.8861,.0010,.0813,.0000
14154,.4961,.0712,.3513,.0000
14155,.1971,.2161,.5087,.0000
14156,.6220,.0679,.2250,.0277
14157,.7616,.0413,.1355,.0101
14158,.6048,.2314,.1297,.0000
14159,.8229,.0190,.1302,.0000
14160,.7266,.0679,.1916,.0000
14161,.8481,.0003,.1358,.0000
14162,.6367,.0101,.2889,.0000
14163,.4149,.1095,.3890,.0000
14164,.5638,.0566,.2867,.0061
14165,.2841,.2218,.3936,.0000
14166,.1493,.5670,.1832,.0131
14167,.5664,.1159,.2348,.0074
14168,.6466,.0001,.2584,.0275
14169,.5573,.0165,.3491,.0000
14170,.5448,.0122,.3569,.0216
14171,.4340,.1055,.1912,.2003
14172,.4601,.1762,.1650,.1513
14173,.1389,.5068,.2139,.0770
14174,.0465,.4190,.3756,.0560
14175,.1624,.4290,.1646,.1577
14176,.2947,.1849,.4362,.0000
14177,.0724,.3490,.3224,.1974
14178,.0328,.3012,.3923,.1671
14179,.1905,.1441,.5893,.0042
14180,.1020,.2387,.5355,.0400
14181,.1216,.1060,.7054,.0000
14182,.1013,.2217,.4575,.1397
14183,.0530,.3220,.4012,.1425
14184,.1159,.3601,.3239,.1354
14185,.0869,.3797,.3206,.1000
14186,.1252,.2792,.3102,.1700
14187,.2043,.1849,.2827,.2442
14188,.2212,.2228,.4263,.0550
14189,.4836,.0554,.4234,.0000
14190,.6628,.0000,.3164,.0000
14191,.6485,.0000,.3009,.0163
14192,.7136,.0003,.2411,.0086
14193,.4283,.0595,.4504,.0092
14194,.6982,.0000,.2541,.0149
14195,.6095,.0000,.3001,.0401
14196,.6050,.0000,.3260,.0244
14197,.7038,.0000,.2498,.0055
14198,.6859,.0000,.2773,.0000
14199,.6776,.0000,.2842,.0009
14200,.6907,.0000,.2467,.0171
14201,.6174,.0000,.3443,.0000
14202,.6827,.0000,.2649,.0000
14203,.6646,.0000,.2812,.0000
14204,.6442,.0000,.3096,.0000
14205,.6696,.0000,.2869,.0000
14206,.6305,.0097,.3094,.0000
14207,.5174,.0210,.4205,.0000
14208,.4779,.0446,.3846,.0363
14209,.3324,.1558,.4620,.0000
14210,.5208,.0310,.4044,.0080
14211,.4167,.1012,.3787,.0534
14212,.0970,.4443,.3923,.0000
14213,.3009,.1218,.5314,.0000
14214,.4141,.1216,.4256,.0000
14215,.6690,.0022,.2916,.0047
14216,.5218,.0221,.4010,.0169
14217,.6105,.0004,.3711,.0000
14218,.5360,.0110,.4308,.0000
14219,.4352,.1172,.4082,.0000
14220,.1914,.5918,.1512,.0000
14221,.0167,.2647,.6065,.0018
14222,.1083,.2484,.5366,.0154
14223,.2599,.1185,.5163,.0195
14224,.5777,.0011,.3791,.0000
14225,.4558,.0000,.4954,.0000
14226,.5098,.0000,.4502,.0000
14227,.7611,.0000,.2072,.0000
14228,.8156,.0000,.1625,.0000
14229,.7413,.0000,.2234,.0000
14230,.5814,.0110,.3353,.0000
14231,.5507,.0028,.4031,.0000
14232,.7734,.0000,.1867,.0000
14233,.7825,.0000,.1891,.0000
14234,.8354,.0000,.1357,.0020
14235,.7239,.0000,.1801,.0416
14236,.4625,.0077,.4672,.0000
14237,.3522,.0589,.5074,.0000
14238,.1904,.1356,.5939,.0000
14239,.2099,.2175,.5021,.0000
14240,.2489,.1560,.5134,.0000
14241,.3686,.1992,.3699,.0000
14242,.5775,.0715,.3082,.0000
14243,.5850,.0546,.3053,.0086
14244,.6133,.0061,.3498,.0000
14245,.6538,.0000,.3119,.0000
14246,.7339,.0015,.2318,.0000
14247,.6331,.0031,.3254,.0000
14248,.6159,.0014,.2870,.0371
14249,.2686,.2530,.2534,.0977
14250,.1504,.3897,.3164,.0675
14251,.2261,.3475,.3459,.0235
14252,.3011,.1500,.4910,.0000
14253,.3660,.0567,.5355,.0000
14254,.3466,.1459,.4506,.0000
14255,.3018,.3206,.3114,.0181
14256,.3141,.1694,.4250,.0190
14257,.3600,.0493,.5224,.0000
14258,.4816,.0486,.4130,.0000
14259,.4931,.0375,.4120,.0000
14260,.5018,.0001,.4425,.0000
14261,.4879,.0032,.4580,.0000
14262,.3499,.2010,.3743,.0000
14263,.1833,.4720,.2726,.0000
14264,.2241,.3328,.3579,.0000
14265,.2193,.2965,.3946,.0000
14266,.1535,.3946,.3493,.0000
14267,.1629,.4053,.3181,.0000
14268,.2656,.2268,.4106,.0000
14269,.3873,.1108,.3930,.0000
14270,.2334,.0919,.5576,.0000
14271,.2694,.0107,.6041,.0000
14272,.2301,.0368,.6035,.0000
14273,.5140,.0204,.3795,.0190
14274,.4982,.0224,.3986,.0000
14275,.4508,.0089,.4302,.0192
14276,.4189,.0025,.4636,.0416
14277,.7494,.0053,.2058,.0023
14278,.7859,.0279,.1533,.0009
14279,.6271,.1063,.2107,.0086
14280,.7488,.0160,.1894,.0000
14281,.7028,.0068,.2114,.0386
14282,.6935,.0009,.2646,.0008
14283,.7284,.0050,.2199,.0000
14284,.7898,.0304,.1234,.0000
14285,.8041,.0115,.1280,.0000
14286,.7489,.0128,.1882,.0000
14287,.4195,.1800,.3299,.0001
14288,.5261,.1810,.2359,.0000
14289,.6405,.1189,.1469,.0395
14290,.7548,.0198,.1143,.0494
14291,.9030,.0047,.0602,.0000
14292,.8451,.0000,.1310,.0000
14293,.7779,.0000,.1856,.0000
14294,.8304,.0000,.1329,.0000
14295,.7003,.0192,.1556,.0677
14296,.6789,.0143,.1789,.0847
14297,.7523,.0000,.1870,.0268
14298,.6554,.0023,.2997,.0000
14299,.6233,.0148,.3039,.0068
14300,.5741,.0429,.3051,.0381
14301,.3028,.2737,.2822,.0618
14302,.3559,.2376,.2095,.1037
14303,.0460,.5181,.2246,.1037
14304,.0359,.5059,.3514,.0116
14305,.0308,.4815,.3216,.0777
14306,.1929,.0993,.6220,.0000
14307,.1576,.1851,.4736,.0893
14308,.1158,.2545,.3466,.1817
14309,.0926,.2595,.5569,.0109
14310,.0697,.3628,.3249,.1510
14311,.0527,.3777,.4692,.0000
14312,.1675,.2149,.4546,.0854
14313,.0515,.3399,.2367,.2809
14314,.1123,.1814,.5275,.1004
14315,.1047,.3162,.3513,.1275
14316,.0714,.4219,.3550,.0372
14317,.0518,.4198,.4240,.0145
14318,.2004,.1605,.3664,.2012
14319,.7004,.0000,.2770,.0108
14320,.6846,.0000,.2665,.0145
14321,.4579,.0218,.4493,.0259
14322,.7833,.0000,.2033,.0000
14323,.6771,.0000,.2756,.0143
14324,.5927,.0000,.3300,.0363
14325,.7620,.0000,.1970,.0104
14326,.6965,.0000,.2661,.0000
14327,.7225,.0000,.2380,.0000
14328,.6597,.0000,.2999,.0000
14329,.6260,.0026,.3210,.0006
14330,.6154,.0000,.2852,.0426
14331,.6613,.0000,.2990,.0000
14332,.6062,.0000,.3377,.0000
14333,.6665,.0000,.2907,.0000
14334,.7836,.0000,.1783,.0000
14335,.7578,.0000,.2065,.0000
14336,.8040,.0000,.1586,.0000
14337,.7415,.0000,.2353,.0000
14338,.5325,.0116,.4146,.0000
14339,.4340,.0743,.3942,.0502
14340,.2148,.2448,.3431,.1245
14341,.3185,.1596,.3923,.0848
14342,.3311,.1298,.4941,.0013
14343,.2955,.1986,.4653,.0000
14344,.4705,.0563,.4420,.0000
14345,.5155,.0060,.4010,.0242
14346,.5038,.0261,.4206,.0000
14347,.7661,.0000,.2245,.0000
14348,.6953,.0000,.2933,.0000
14349,.2711,.1096,.4925,.0570
14350,.2982,.1202,.5190,.0000
14351,.2489,.2117,.4454,.0034
14352,.0182,.4722,.4012,.0259
14353,.1353,.2371,.5221,.0047
14354,.3264,.0469,.5490,.0000
14355,.4591,.0024,.4876,.0000
14356,.4555,.0000,.4867,.0000
14357,.5692,.0000,.3798,.0000
14358,.5805,.0000,.3629,.0000
14359,.5106,.0087,.4143,.0000
14360,.5460,.0000,.3901,.0086
14361,.4610,.1211,.3756,.0000
14362,.6195,.0000,.3383,.0000
14363,.6794,.0000,.2613,.0000
14364,.7936,.0000,.1638,.0027
14365,.7736,.0000,.1493,.0357
14366,.3595,.0889,.4795,.0000
14367,.1085,.2490,.5379,.0000
14368,.2101,.2046,.5070,.0000
14369,.2938,.1328,.5143,.0000
14370,.1784,.2277,.5224,.0000
14371,.4247,.0745,.4562,.0000
14372,.6372,.0302,.2939,.0000
14373,.5877,.0482,.3116,.0103
14374,.5676,.0073,.3867,.0000
14375,.5831,.0044,.3633,.0000
14376,.5709,.0211,.3633,.0000
14377,.5954,.1452,.2186,.0000
14378,.5239,.0331,.3573,.0063
14379,.0473,.3822,.4025,.0519
14380,.4288,.1299,.3680,.0228
14381,.4327,.0764,.4400,.0000
14382,.4263,.0597,.4560,.0000
14383,.4387,.0699,.2943,.1344
14384,.3730,.1870,.3658,.0134
14385,.2189,.2663,.4344,.0062
14386,.2487,.1547,.4991,.0284
14387,.5298,.0176,.3963,.0000
14388,.6096,.0110,.3312,.0000
14389,.3897,.1617,.3594,.0168
14390,.4106,.0532,.4655,.0189
14391,.4534,.0066,.4861,.0152
14392,.3693,.1411,.3797,.0453
14393,.4108,.0159,.4955,.0299
14394,.4056,.0503,.4948,.0000
14395,.7031,.0292,.2215,.0000
14396,.6883,.1321,.1395,.0000
14397,.6175,.0861,.2427,.0000
14398,.6411,.0295,.2798,.0000
14399,.5368,.0379,.3750,.0000
14400,.4220,.0794,.4268,.0000
14401,.4235,.0693,.4318,.0000
14402,.3112,.0037,.6061,.0000
14403,.1161,.2826,.4911,.0064
14404,.3054,.2105,.3757,.0066
14405,.1961,.2014,.5013,.0187
14406,.3099,.0566,.4908,.0213
14407,.4814,.0216,.3991,.0280
14408,.7588,.0033,.1652,.0303
14409,.7703,.0254,.1730,.0000
14410,.7625,.0267,.1709,.0000
14411,.7791,.0023,.1748,.0000
14412,.6936,.0000,.2692,.0000
14413,.6837,.0690,.2090,.0000
14414,.5718,.2654,.1226,.0000
14415,.6786,.0285,.2120,.0061
14416,.7289,.0271,.1830,.0000
14417,.6129,.0836,.2455,.0000
14418,.5925,.1401,.1766,.0000
14419,.3981,.1203,.3567,.0299
14420,.7300,.0296,.1742,.0110
14421,.9508,.0000,.0434,.0000
14422,.8342,.0018,.1430,.0000
14423,.8244,.0000,.1728,.0000
14424,.7733,.0000,.1943,.0000
14425,.7632,.0772,.1085,.0000
14426,.4616,.2311,.2693,.0000
14427,.8362,.0014,.1478,.0000
14428,.7526,.0000,.2225,.0000
14429,.6082,.0897,.2309,.0000
14430,.6027,.0526,.2404,.0596
14431,.0801,.4448,.3446,.0547
14432,.0996,.2199,.5475,.0408
14433,.0666,.2845,.2143,.3424
14434,.1610,.1669,.5222,.0830
14435,.2272,.2148,.4035,.0862
14436,.1115,.2959,.3744,.1472
14437,.1385,.2185,.3497,.1882
14438,.1388,.1982,.3723,.1793
14439,.0260,.3135,.3190,.2520
14440,.0291,.5515,.3228,.0000
14441,.0654,.6138,.2106,.0109
14442,.0667,.2833,.4257,.1040
14443,.0544,.3199,.1766,.3441
14444,.0653,.2904,.4180,.1516
14445,.0966,.1787,.3985,.2136
14446,.0922,.3056,.3446,.1454
14447,.1008,.3220,.3707,.0779
14448,.1108,.2511,.2695,.2813
14449,.5057,.0440,.3984,.0121
14450,.6710,.0000,.3043,.0000
14451,.6788,.0041,.2937,.0021
14452,.6924,.0000,.2149,.0527
14453,.6603,.0000,.2785,.0321
14454,.6541,.0000,.2918,.0173
14455,.6935,.0000,.2598,.0112
14456,.6825,.0000,.2780,.0000
14457,.7273,.0000,.2384,.0000
14458,.6905,.0000,.2716,.0000
14459,.6066,.0009,.3520,.0011
14460,.6523,.0000,.2573,.0417
14461,.7146,.0000,.2524,.0000
14462,.6258,.0000,.3319,.0000
14463,.6405,.0000,.2870,.0234
14464,.7312,.0000,.2172,.0102
14465,.6724,.0000,.2889,.0000
14466,.6460,.0000,.3169,.0000
14467,.7392,.0000,.2348,.0000
14468,.5793,.0177,.3636,.0000
14469,.3993,.1059,.4057,.0315
14470,.2015,.3151,.2331,.1803
14471,.1287,.4151,.2648,.1187
14472,.3458,.1967,.4013,.0205
14473,.6567,.0000,.2457,.0698
14474,.6454,.0000,.3233,.0000
14475,.5406,.0236,.3937,.0000
14476,.7113,.0000,.2463,.0000
14477,.6056,.0000,.3601,.0000
14478,.3642,.0015,.6018,.0000
14479,.2239,.1760,.5401,.0000
14480,.1776,.0769,.6651,.0000
14481,.1926,.0238,.6737,.0000
14482,.0636,.4979,.3286,.0081
14483,.2000,.2109,.4659,.0230
14484,.2486,.2217,.4167,.0000
14485,.3189,.0152,.5828,.0000
14486,.2975,.0372,.5636,.0000
14487,.2733,.0774,.5840,.0000
14488,.3787,.0247,.5329,.0000
14489,.2592,.1905,.4683,.0000
14490,.2638,.0670,.6126,.0000
14491,.4190,.0059,.5248,.0000
14492,.5060,.0000,.4309,.0000
14493,.5558,.0000,.3702,.0106
14494,.5164,.0000,.3981,.0274
14495,.6936,.0000,.2679,.0000
14496,.3083,.0301,.5775,.0066
14497,.1297,.2073,.5527,.0122
14498,.3356,.1582,.4436,.0000
14499,.3382,.1245,.4733,.0007
14500,.1845,.1903,.5216,.0226
14501,.3981,.0891,.4637,.0000
14502,.5168,.0950,.3569,.0000
14503,.5506,.0545,.3621,.0001
14504,.6744,.0000,.2939,.0085
14505,.5832,.0207,.3436,.0010
14506,.6318,.0205,.2913,.0000
14507,.3262,.1986,.4023,.0000
14508,.1684,.3896,.2881,.0346
14509,.0572,.6701,.1136,.0436
14510,.4194,.1173,.4150,.0018
14511,.3763,.0488,.5359,.0030
14512,.4840,.0768,.3508,.0376
14513,.4451,.0704,.4194,.0164
14514,.3063,.0784,.5622,.0000
14515,.3577,.0678,.4726,.0440
14516,.3423,.1040,.4845,.0046
14517,.3160,.1677,.4340,.0000
14518,.3621,.1708,.3837,.0000
14519,.2822,.2380,.4055,.0000
14520,.4755,.0436,.4013,.0158
14521,.4110,.0921,.3331,.0687
14522,.2771,.2386,.4052,.0000
14523,.3942,.1415,.3990,.0000
14524,.6417,.0181,.2912,.0000
14525,.8021,.0063,.1596,.0000
14526,.7922,.0004,.1764,.0000
14527,.6482,.0000,.3152,.0000
14528,.6544,.0000,.2977,.0000
14529,.7424,.0000,.2204,.0000
14530,.7697,.0023,.1901,.0000
14531,.6701,.0320,.2412,.0000
14532,.4494,.0455,.4434,.0000
14533,.1379,.2542,.3949,.1110
14534,.0491,.5603,.1963,.0883
14535,.0029,.7944,.1010,.0091
14536,.0815,.4679,.2979,.0476
14537,.2577,.1650,.4683,.0000
14538,.4507,.0018,.4544,.0056
14539,.5472,.0594,.3201,.0137
14540,.7513,.0036,.2005,.0079
14541,.7268,.0121,.1170,.0769
14542,.7915,.0021,.1763,.0000
14543,.6738,.0233,.2750,.0000
14544,.7119,.0944,.1649,.0000
14545,.7979,.0356,.1124,.0035
14546,.7498,.0350,.1634,.0000
14547,.7328,.0384,.1663,.0080
14548,.6736,.0472,.2107,.0058
14549,.4405,.1363,.2908,.0595
14550,.6993,.0793,.1703,.0008
14551,.7383,.0200,.1992,.0000
14552,.8066,.0308,.1149,.0000
14553,.7813,.0151,.1760,.0000
14554,.7421,.0000,.2047,.0197
14555,.5391,.2261,.1816,.0013
14556,.2750,.2584,.3894,.0000
14557,.6149,.0839,.2611,.0000
14558,.7623,.0143,.1870,.0000
14559,.5408,.1222,.2613,.0102
14560,.5140,.0888,.3356,.0123
14561,.0052,.5552,.3925,.0000
14562,.0211,.4650,.4043,.0181
14563,.1481,.2073,.4284,.1191
14564,.2306,.1000,.5792,.0119
14565,.2565,.0429,.6592,.0015
14566,.1643,.2223,.5013,.0501
14567,.1345,.2053,.5159,.0704
14568,.1837,.2222,.3665,.1416
14569,.0357,.3643,.4681,.0432
14570,.0490,.4910,.3243,.0287
14571,.0620,.4636,.2131,.1848
14572,.0972,.2478,.4807,.0822
14573,.0239,.3305,.1929,.3363
14574,.0568,.2542,.3908,.1974
14575,.1216,.0803,.5881,.1004
14576,.0794,.1339,.5361,.1410
14577,.0942,.2580,.3887,.1080
14578,.0494,.4206,.4270,.0097
14579,.1448,.2374,.4097,.1389
14580,.5745,.0029,.3960,.0000
14581,.7883,.0000,.1998,.0000
14582,.6834,.0000,.2770,.0017
14583,.7929,.0000,.1867,.0000
14584,.6867,.0000,.2664,.0000
14585,.5405,.0069,.4066,.0000
14586,.6237,.0000,.3006,.0268
14587,.6446,.0000,.2885,.0069
14588,.7522,.0001,.2069,.0060
14589,.7486,.0001,.2133,.0000
14590,.7514,.0000,.1950,.0003
14591,.7137,.0000,.2486,.0000
14592,.7574,.0000,.2153,.0000
14593,.7325,.0000,.2165,.0001
14594,.7252,.0000,.2400,.0000
14595,.7652,.0000,.2008,.0000
14596,.6168,.0000,.3353,.0000
14597,.6103,.0000,.3627,.0000
14598,.5887,.0005,.3774,.0000
14599,.7346,.0142,.2073,.0000
14600,.5103,.1015,.3172,.0174
14601,.5977,.0612,.2430,.0674
14602,.3226,.0730,.5707,.0000
14603,.6475,.0024,.3373,.0000
14604,.5953,.0000,.3691,.0000
14605,.6465,.0006,.3235,.0000
14606,.7195,.0000,.2561,.0000
14607,.6548,.0000,.3084,.0000
14608,.3827,.0019,.5719,.0000
14609,.2399,.1256,.5734,.0000
14610,.1783,.1156,.6221,.0000
14611,.2232,.1244,.5469,.0000
14612,.0767,.2050,.4622,.1303
14613,.2230,.0304,.6319,.0000
14614,.3595,.1372,.3848,.0552
14615,.3338,.1008,.3801,.0994
14616,.3295,.0866,.5112,.0000
14617,.1636,.0429,.7094,.0000
14618,.1452,.1371,.5999,.0230
14619,.1871,.3161,.3483,.0406
14620,.1390,.5257,.2503,.0000
14621,.3130,.1966,.4178,.0000
14622,.2141,.1976,.5178,.0000
14623,.3271,.1520,.4646,.0000
14624,.3907,.0330,.5260,.0000
14625,.3920,.0259,.5182,.0173
14626,.3308,.0334,.4835,.0756
14627,.0629,.4240,.3619,.0473
14628,.3625,.0917,.4930,.0000
14629,.3995,.0735,.4603,.0000
14630,.0854,.2549,.5796,.0000
14631,.4212,.1394,.4015,.0000
14632,.7844,.0121,.1809,.0000
14633,.6045,.0419,.2634,.0457
14634,.6325,.0083,.3317,.0000
14635,.7533,.0015,.2087,.0000
14636,.5714,.0581,.3010,.0000
14637,.1655,.3869,.3628,.0000
14638,.2285,.4795,.1618,.0244
14639,.0560,.5873,.1938,.0497
14640,.3189,.2551,.3096,.0602
14641,.4877,.0007,.4563,.0041
14642,.4056,.0322,.4190,.0941
14643,.4806,.0063,.4471,.0176
14644,.5323,.0778,.3422,.0000
14645,.0905,.6439,.2158,.0018
14646,.0299,.7555,.1329,.0023
14647,.0108,.7591,.1556,.0000
14648,.0643,.6032,.2644,.0000
14649,.1399,.3991,.3612,.0000
14650,.3464,.1603,.3916,.0247
14651,.1936,.4496,.2787,.0000
14652,.2851,.2717,.3738,.0000
14653,.2781,.2804,.3767,.0000
14654,.5166,.0704,.3466,.0000
14655,.7240,.0288,.1907,.0000
14656,.6415,.0934,.2071,.0000
14657,.7906,.0000,.1688,.0000
14658,.7928,.0000,.1735,.0000
14659,.7737,.0000,.1904,.0000
14660,.8419,.0000,.1244,.0000
14661,.7653,.0009,.1944,.0000
14662,.5969,.0281,.3170,.0000
14663,.1974,.2348,.3996,.0769
14664,.0560,.3765,.1903,.2956
14665,.0574,.5246,.1499,.1492
14666,.0116,.6967,.1378,.0331
14667,.0229,.6701,.1803,.0054
14668,.0667,.4475,.4052,.0103
14669,.2159,.2291,.4097,.0515
14670,.2441,.1044,.5441,.0249
14671,.4319,.1625,.3559,.0000
14672,.7253,.0525,.1745,.0086
14673,.7385,.0071,.2285,.0000
14674,.8144,.0192,.1304,.0000
14675,.8130,.0414,.1214,.0000
14676,.7204,.0631,.1769,.0000
14677,.8071,.0073,.1427,.0000
14678,.6813,.1316,.1334,.0000
14679,.3128,.2056,.4009,.0207
14680,.4020,.3353,.1959,.0241
14681,.6523,.0852,.2123,.0000
14682,.7382,.0203,.1972,.0000
14683,.7423,.0195,.1648,.0354
14684,.8208,.0000,.1511,.0048
14685,.7467,.0356,.1297,.0323
14686,.4091,.2038,.3304,.0066
14687,.7740,.0032,.1854,.0000
14688,.6561,.1053,.1975,.0000
14689,.5167,.2148,.2105,.0000
14690,.5974,.1448,.2015,.0000
14691,.0086,.5715,.3472,.0019
14692,.0182,.5914,.2993,.0048
14693,.0286,.5897,.2005,.0762
14694,.1516,.2306,.4175,.1159
14695,.2895,.0612,.5981,.0000
14696,.2552,.1715,.5015,.0164
14697,.1734,.1335,.5469,.1015
14698,.5590,.0683,.3461,.0029
14699,.2090,.2849,.3267,.0806
14700,.0688,.3214,.2589,.1981
14701,.0526,.4614,.1794,.2196
14702,.0517,.3458,.2404,.2688
14703,.1330,.2445,.4465,.0606
14704,.0430,.3108,.3685,.1639
14705,.1057,.2037,.3410,.2530
14706,.2264,.1424,.4262,.1076
14707,.0530,.3578,.1778,.2538
14708,.1226,.2144,.4674,.0835
14709,.1283,.1768,.5503,.0520
14710,.2849,.1400,.5102,.0000
14711,.7291,.0000,.2548,.0000
14712,.7143,.0000,.2457,.0000
14713,.7337,.0000,.1199,.1138
14714,.7456,.0000,.2286,.0000
14715,.5983,.0000,.3492,.0130
14716,.6654,.0000,.2955,.0000
14717,.7173,.0000,.2455,.0000
14718,.6488,.0072,.2948,.0000
14719,.6510,.0004,.3175,.0000
14720,.6222,.0000,.3490,.0000
14721,.6733,.0000,.2822,.0000
14722,.6387,.0000,.3115,.0000
14723,.6343,.0000,.3103,.0000
14724,.7533,.0000,.2076,.0000
14725,.6770,.0000,.2729,.0000
14726,.4098,.0527,.4668,.0008
14727,.5488,.0000,.4045,.0092
14728,.5598,.0000,.3961,.0000
14729,.6178,.0112,.3167,.0000
14730,.7245,.0032,.2391,.0000
14731,.6796,.0000,.3022,.0000
14732,.5146,.0019,.4548,.0000
14733,.6171,.0016,.3519,.0000
14734,.6216,.0000,.3469,.0000
14735,.6552,.0000,.3105,.0000
14736,.7025,.0000,.2848,.0000
14737,.6486,.0000,.3171,.0000
14738,.6359,.0000,.3253,.0000
14739,.4797,.0148,.4663,.0000
14740,.2166,.2960,.4067,.0000
14741,.2399,.0641,.6062,.0000
14742,.1400,.0722,.6414,.0000
14743,.2277,.0104,.6118,.0000
14744,.2253,.0583,.6061,.0000
14745,.3452,.0775,.5110,.0000
14746,.1626,.1491,.6120,.0000
14747,.1582,.0616,.6950,.0000
14748,.2304,.1253,.5731,.0000
14749,.1823,.4215,.2782,.0012
14750,.2123,.2709,.3937,.0000
14751,.1982,.4033,.2650,.0347
14752,.1676,.4062,.3124,.0139
14753,.2032,.1700,.5773,.0000
14754,.3503,.0793,.5167,.0000
14755,.2342,.1782,.5234,.0000
14756,.3107,.1736,.4577,.0000
14757,.3416,.2780,.3036,.0000
14758,.3680,.0874,.4914,.0025
14759,.4061,.0561,.4779,.0020
14760,.3395,.1001,.4686,.0173
14761,.3986,.2149,.3405,.0000
14762,.7382,.0505,.1856,.0000
14763,.5688,.0555,.2932,.0354
14764,.5808,.1048,.2730,.0000
14765,.7024,.0009,.2741,.0000
14766,.5030,.0614,.3698,.0000
14767,.1812,.2721,.4265,.0244
14768,.0877,.4606,.2029,.1048
14769,.0540,.4840,.3296,.0426
14770,.0354,.4861,.3132,.0836
14771,.2689,.1776,.3639,.1320
14772,.3685,.0947,.4844,.0000
14773,.6089,.0106,.3402,.0000
14774,.1438,.3561,.4577,.0000
14775,.3034,.3008,.3553,.0000
14776,.1479,.6352,.1864,.0000
14777,.0089,.8306,.1144,.0000
14778,.0634,.6139,.2650,.0000
14779,.1830,.5842,.1689,.0000
14780,.1278,.4309,.3199,.0031
14781,.2014,.4081,.2912,.0000
14782,.5492,.0615,.3307,.0000
14783,.6623,.0135,.2677,.0000
14784,.7341,.0003,.1990,.0000
14785,.7916,.0002,.1553,.0000
14786,.7095,.0173,.2007,.0000
14787,.7554,.0048,.1932,.0000
14788,.6955,.0000,.2606,.0000
14789,.6747,.0068,.2702,.0000
14790,.7550,.0042,.2066,.0000
14791,.7469,.0000,.2100,.0000
14792,.6710,.0014,.2900,.0000
14793,.5573,.0646,.3230,.0000
14794,.3778,.0878,.4550,.0000
14795,.4198,.0406,.4361,.0053
14796,.1899,.1416,.4269,.1086
14797,.0972,.4101,.3352,.0022
14798,.0163,.6469,.2217,.0000
14799,.1287,.3023,.4157,.0625
14800,.0954,.2464,.5411,.0117
14801,.1354,.1358,.4896,.1001
14802,.0931,.2635,.4353,.0872
14803,.3633,.1920,.2817,.0494
14804,.4380,.1119,.3548,.0071
14805,.7403,.0754,.1585,.0000
14806,.6226,.2838,.0690,.0000
14807,.5490,.2913,.1169,.0000
14808,.7971,.0311,.1341,.0000
14809,.6935,.0373,.2096,.0000
14810,.5173,.2955,.1242,.0190
14811,.3075,.3086,.3381,.0000
14812,.3927,.1150,.3940,.0380
14813,.3858,.1115,.4485,.0000
14814,.6224,.0542,.2679,.0000
14815,.5025,.2163,.1696,.0511
14816,.5098,.2459,.1891,.0056
14817,.7365,.0516,.1357,.0379
14818,.5154,.1847,.2503,.0071
14819,.6018,.1926,.1279,.0052
14820,.5724,.1050,.2183,.0224
14821,.2928,.2323,.2179,.1867
14822,.1574,.2442,.2311,.2844
14823,.0289,.4474,.2707,.1572
14824,.0923,.3202,.4834,.0000
14825,.2505,.1048,.5795,.0000
14826,.2508,.0906,.5055,.0793
14827,.2431,.0995,.4166,.1677
14828,.5207,.0425,.3439,.0598
14829,.3224,.1793,.2930,.0913
14830,.1023,.2575,.2406,.2880
14831,.0905,.4406,.0732,.3049
14832,.1175,.3799,.1691,.2366
14833,.0363,.3751,.3600,.1251
14834,.0513,.4193,.2570,.1626
14835,.1358,.1504,.5847,.0464
14836,.4726,.0620,.4131,.0000
14837,.1422,.2900,.4007,.0478
14838,.0646,.3326,.4800,.0173
14839,.0838,.3192,.4534,.0322
14840,.1308,.2916,.4429,.0461
14841,.5626,.0119,.3689,.0124
14842,.7560,.0000,.1850,.0301
14843,.7774,.0000,.1802,.0131
14844,.7355,.0012,.2319,.0000
14845,.6240,.0000,.3394,.0000
14846,.6912,.0000,.2758,.0000
14847,.6052,.0046,.3473,.0000
14848,.5911,.0006,.3564,.0000
14849,.8239,.0000,.1563,.0000
14850,.6979,.0000,.2661,.0000
14851,.5917,.0000,.3569,.0000
14852,.5973,.0000,.3568,.0000
14853,.6722,.0000,.2820,.0000
14854,.6482,.0000,.3067,.0000
14855,.6933,.0000,.2439,.0000
14856,.5776,.0129,.3371,.0027
14857,.4848,.0043,.4371,.0304
14858,.5915,.0000,.3683,.0000
14859,.6369,.0192,.2911,.0000
14860,.6595,.0075,.2997,.0000
14861,.6535,.0000,.3288,.0000
14862,.7043,.0000,.2676,.0000
14863,.6429,.0000,.2995,.0000
14864,.6270,.0000,.3542,.0000
14865,.5798,.0000,.3911,.0000
14866,.6391,.0000,.3341,.0000
14867,.6941,.0000,.2757,.0000
14868,.5896,.0000,.3714,.0000
14869,.4647,.0071,.4884,.0069
14870,.4695,.0363,.4469,.0045
14871,.4172,.0160,.5132,.0000
14872,.3131,.1585,.4339,.0000
14873,.2677,.0475,.5908,.0000
14874,.3917,.0600,.4670,.0000
14875,.2151,.0479,.6383,.0188
14876,.1197,.1258,.5609,.0685
14877,.2160,.0901,.5530,.0000
14878,.1713,.2807,.4177,.0000
14879,.2323,.3292,.3015,.0000
14880,.2605,.1543,.4624,.0000
14881,.1017,.4023,.3056,.0878
14882,.1464,.2963,.4684,.0233
14883,.1501,.2302,.5496,.0046
14884,.3321,.1456,.4573,.0000
14885,.3758,.0556,.4921,.0000
14886,.1359,.1935,.5428,.0457
14887,.1397,.3785,.3737,.0290
14888,.2260,.1859,.5142,.0004
14889,.3589,.1473,.4308,.0003
14890,.4576,.1665,.3441,.0000
14891,.7072,.0503,.2284,.0000
14892,.7762,.0020,.1975,.0000
14893,.7188,.0019,.2434,.0000
14894,.7851,.0337,.1487,.0000
14895,.6756,.0068,.2571,.0000
14896,.3179,.2004,.3406,.0270
14897,.0114,.4077,.1526,.1634
14898,.0289,.4435,.2411,.1208
14899,.1449,.3188,.3101,.0802
14900,.0072,.5497,.3595,.0000
14901,.0100,.6085,.3394,.0000
14902,.4059,.1375,.4092,.0050
14903,.6510,.0156,.2925,.0000
14904,.5132,.0513,.3972,.0000
14905,.7474,.0013,.2092,.0000
14906,.5899,.1099,.2556,.0000
14907,.2740,.1545,.4692,.0239
14908,.4561,.0610,.3810,.0331
14909,.5631,.0877,.3001,.0000
14910,.6307,.1351,.1888,.0030
14911,.3417,.2762,.2816,.0312
14912,.3416,.1375,.4741,.0000
14913,.7346,.0103,.2179,.0000
14914,.7458,.0000,.2038,.0000
14915,.6851,.0284,.2248,.0086
14916,.6892,.0144,.2344,.0000
14917,.6247,.0153,.3040,.0000
14918,.5324,.0426,.3282,.0436
14919,.5567,.0316,.3422,.0120
14920,.6473,.0039,.3152,.0000
14921,.7024,.0000,.2659,.0000
14922,.7049,.0017,.2530,.0000
14923,.6073,.0078,.3251,.0000
14924,.6141,.0236,.3087,.0000
14925,.5142,.0180,.3910,.0103
14926,.4180,.0237,.4683,.0005
14927,.1852,.3269,.3249,.0355
14928,.0042,.7027,.1062,.0095
14929,.0217,.1998,.2669,.2693
14930,.0076,.5211,.2487,.0944
14931,.0146,.7255,.1178,.0324
14932,.0194,.5552,.1619,.1463
14933,.0409,.2659,.3604,.2098
14934,.1630,.2296,.3698,.1143
14935,.2438,.4827,.2043,.0197
14936,.3323,.5679,.0454,.0192
14937,.6673,.2354,.0523,.0146
14938,.6594,.0665,.2299,.0000
14939,.6016,.1791,.1701,.0000
14940,.5284,.0799,.3141,.0183
14941,.3737,.1316,.4066,.0143
14942,.3861,.1709,.3914,.0000
14943,.4869,.1133,.3449,.0000
14944,.3158,.2028,.4202,.0000
14945,.3785,.1223,.4209,.0104
14946,.4638,.1382,.2741,.0501
14947,.3186,.2840,.2493,.0817
14948,.4865,.2686,.1820,.0179
14949,.6656,.0988,.1713,.0170
14950,.5334,.0473,.3446,.0050
14951,.7169,.0010,.2482,.0000
14952,.5890,.0255,.3427,.0067
14953,.1898,.2526,.3475,.1383
14954,.0469,.5022,.3520,.0004
14955,.0949,.3604,.4540,.0000
14956,.0908,.1608,.6601,.0000
14957,.2012,.0965,.6058,.0240
14958,.3860,.1004,.4739,.0000
14959,.4134,.0839,.3500,.0750
14960,.0959,.2212,.3754,.1959
14961,.1962,.2322,.1715,.2761
14962,.0777,.4589,.1006,.2604
14963,.0698,.3462,.1639,.3209
14964,.1270,.2054,.5727,.0188
14965,.3554,.0402,.5751,.0000
14966,.3285,.0339,.5324,.0143
14967,.0839,.3167,.3030,.1680
14968,.0102,.3215,.3724,.1816
14969,.0309,.4067,.2790,.1631
14970,.0287,.4432,.3461,.0757
14971,.4685,.0452,.4462,.0019
14972,.6748,.0000,.2501,.0497
14973,.6800,.0000,.2851,.0000
14974,.7144,.0005,.2571,.0000
14975,.6668,.0000,.3075,.0000
14976,.5816,.0000,.3779,.0000
14977,.5758,.0000,.3829,.0000
14978,.6822,.0000,.2850,.0000
14979,.6841,.0000,.2632,.0000
14980,.6781,.0000,.2718,.0000
14981,.7236,.0000,.2393,.0000
14982,.7346,.0000,.2110,.0000
14983,.7032,.0000,.2540,.0000
14984,.6510,.0000,.3095,.0000
14985,.6568,.0000,.2834,.0000
14986,.5356,.0002,.3975,.0000
14987,.4938,.0016,.4521,.0000
14988,.5880,.0000,.3747,.0000
14989,.5588,.0000,.3759,.0000
14990,.6598,.0000,.3191,.0000
14991,.6754,.0000,.2956,.0000
14992,.5586,.0000,.4075,.0000
14993,.5814,.0000,.3711,.0000
14994,.6224,.0000,.3595,.0000
14995,.6125,.0000,.3640,.0000
14996,.5541,.0000,.4121,.0000
14997,.5938,.0000,.3724,.0000
14998,.6057,.0001,.3528,.0000
14999,.5410,.0358,.3598,.0051
15000,.4181,.0543,.4731,.0034
15001,.3801,.0686,.4833,.0000
15002,.4127,.0502,.4915,.0000
15003,.3011,.0584,.5461,.0281
15004,.3063,.0546,.5547,.0058
15005,.1653,.1152,.5862,.0207
15006,.0795,.2463,.4435,.0796
15007,.1679,.0670,.6315,.0000
15008,.2303,.2688,.3459,.0000
15009,.2210,.1296,.5243,.0000
15010,.1870,.3433,.3407,.0000
15011,.0950,.5207,.2507,.0302
15012,.1510,.4042,.3641,.0000
15013,.2156,.2683,.4424,.0118
15014,.3641,.1029,.4858,.0000
15015,.2510,.2086,.4682,.0000
15016,.1709,.2520,.4548,.0458
15017,.2566,.2064,.4328,.0245
15018,.2048,.2473,.4804,.0000
15019,.3924,.0760,.4788,.0000
15020,.4433,.2475,.2681,.0000
15021,.7759,.0271,.1822,.0000
15022,.6277,.0036,.2457,.0737
15023,.7346,.0000,.2180,.0030
15024,.7372,.0000,.2198,.0000
15025,.6866,.0269,.2248,.0000
15026,.6930,.0409,.2082,.0120
15027,.0939,.4161,.1440,.2408
15028,.0972,.3552,.2987,.1459
15029,.1857,.2023,.3311,.1805
15030,.0616,.3961,.3132,.1284
15031,.0176,.6847,.2423,.0029
15032,.5468,.0667,.3051,.0298
15033,.7122,.0000,.2575,.0000
15034,.7199,.0000,.2571,.0000
15035,.6973,.0024,.2556,.0000
15036,.6681,.0000,.2962,.0000
15037,.7012,.0000,.2496,.0000
15038,.5688,.0000,.3862,.0000
15039,.6571,.0000,.2988,.0000
15040,.6676,.0000,.2302,.0622
15041,.5626,.0147,.3170,.0563
15042,.4060,.1981,.3325,.0000
15043,.6177,.0660,.2852,.0000
15044,.7584,.0000,.1977,.0000
15045,.5202,.0681,.3340,.0122
15046,.4594,.0731,.3595,.0448
15047,.5352,.0486,.3343,.0194
15048,.5562,.0294,.2782,.0893
15049,.6439,.0139,.2851,.0164
15050,.7436,.0041,.2209,.0031
15051,.6776,.0000,.2925,.0000
15052,.7716,.0000,.1887,.0000
15053,.7602,.0000,.2055,.0000
15054,.7251,.0103,.2222,.0000
15055,.6432,.0023,.2502,.0621
15056,.5477,.0001,.3745,.0012
15057,.2399,.2083,.3924,.0568
15058,.0000,.7778,.1297,.0089
15059,.0056,.4830,.1402,.2655
15060,.0016,.3556,.4787,.0509
15061,.0242,.8424,.0609,.0005
15062,.0064,.8990,.0078,.0046
15063,.0053,.5954,.1908,.0912
15064,.0469,.1500,.6144,.0485
15065,.0651,.1027,.6797,.0135
15066,.2975,.2968,.2798,.0188
15067,.5257,.2785,.1459,.0000
15068,.4674,.1427,.2960,.0295
15069,.4610,.1471,.3400,.0025
15070,.5167,.2783,.1586,.0096
15071,.2656,.2452,.4315,.0000
15072,.3649,.1779,.4117,.0014
15073,.6318,.1784,.1480,.0003
15074,.5828,.1491,.2065,.0000
15075,.4800,.0817,.3598,.0000
15076,.4371,.2654,.2110,.0102
15077,.3412,.2791,.2905,.0292
15078,.6686,.1118,.1733,.0000
15079,.3942,.1502,.3829,.0047
15080,.0695,.2330,.5546,.0309
15081,.7687,.0000,.2026,.0000
15082,.7285,.0168,.1910,.0203
15083,.6769,.0400,.2167,.0153
15084,.3237,.2360,.1578,.1973
15085,.0242,.5289,.2925,.0716
15086,.0450,.4499,.3506,.0460
15087,.0719,.3470,.4330,.0621
15088,.1961,.1913,.4976,.0379
15089,.3310,.1083,.3926,.0711
15090,.0922,.3933,.3461,.0373
15091,.2445,.2184,.3856,.0460
15092,.1157,.3611,.3340,.1065
15093,.1535,.2050,.4206,.1325
15094,.1447,.1571,.5845,.0241
15095,.5130,.0040,.4613,.0000
15096,.2600,.2175,.3640,.0589
15097,.0182,.3159,.3266,.1809
15098,.0114,.0696,.6634,.0755
15099,.0410,.3989,.3775,.0764
15100,.0079,.3142,.5780,.0034
15101,.4648,.0441,.4061,.0483
15102,.7146,.0000,.2658,.0000
15103,.6826,.0000,.3016,.0000
15104,.6489,.0000,.3178,.0000
15105,.6122,.0003,.3430,.0000
15106,.4897,.0000,.4572,.0000
15107,.5966,.0000,.3654,.0000
15108,.5873,.0000,.3342,.0517
15109,.5981,.0000,.3647,.0000
15110,.6178,.0000,.3387,.0000
15111,.7354,.0000,.2402,.0000
15112,.7146,.0000,.2536,.0000
15113,.6039,.0000,.3464,.0000
15114,.5503,.0000,.3884,.0000
15115,.5322,.0000,.3981,.0000
15116,.6454,.0000,.2924,.0013
15117,.5041,.0000,.4297,.0125
15118,.5817,.0000,.3838,.0018
15119,.5460,.0000,.3959,.0000
15120,.6216,.0000,.3362,.0000
15121,.6222,.0000,.3463,.0000
15122,.6826,.0000,.2947,.0000
15123,.6374,.0000,.3376,.0000
15124,.6882,.0000,.2921,.0000
15125,.6802,.0000,.2952,.0000
15126,.6080,.0000,.3499,.0000
15127,.3446,.0000,.5970,.0000
15128,.5574,.0000,.3899,.0000
15129,.5633,.0121,.3623,.0000
15130,.4242,.0654,.4333,.0000
15131,.2853,.0734,.5844,.0000
15132,.2089,.2070,.4991,.0000
15133,.1873,.3125,.2946,.0688
15134,.2337,.0728,.5029,.0761
15135,.1048,.0952,.6022,.0573
15136,.1383,.0626,.6064,.0697
15137,.4180,.1604,.3500,.0000
15138,.1954,.4022,.2880,.0017
15139,.2027,.2704,.4329,.0000
15140,.0904,.4180,.3663,.0174
15141,.1452,.4026,.3532,.0000
15142,.1674,.3269,.3504,.0032
15143,.1051,.3473,.4259,.0384
15144,.1539,.2871,.4852,.0033
15145,.2128,.1710,.5436,.0065
15146,.1941,.2943,.4484,.0000
15147,.2151,.3313,.3834,.0052
15148,.1540,.2628,.4907,.0000
15149,.3031,.2837,.3262,.0000
15150,.2577,.2387,.4366,.0000
15151,.7114,.0135,.2435,.0000
15152,.5535,.0638,.2672,.0618
15153,.7094,.0023,.2565,.0013
15154,.6378,.0447,.2544,.0050
15155,.6404,.0282,.2482,.0320
15156,.7820,.0009,.1870,.0000
15157,.2186,.4599,.2409,.0000
15158,.2475,.3090,.3249,.0449
15159,.5932,.1064,.2353,.0285
15160,.2548,.2872,.3963,.0032
15161,.2326,.3466,.3844,.0003
15162,.5308,.0559,.3403,.0103
15163,.6493,.0117,.3150,.0043
15164,.7345,.0045,.2280,.0000
15165,.6748,.0177,.2715,.0000
15166,.7005,.0000,.2796,.0000
15167,.6298,.0009,.3265,.0000
15168,.5305,.0216,.3911,.0000
15169,.5991,.0000,.3492,.0000
15170,.6859,.0000,.2619,.0000
15171,.6503,.0000,.3053,.0000
15172,.4428,.1663,.3392,.0000
15173,.5466,.0698,.3408,.0000
15174,.6318,.0108,.3163,.0000
15175,.6631,.0060,.2908,.0000
15176,.5816,.0549,.2817,.0340
15177,.6645,.0177,.2757,.0000
15178,.5215,.0237,.3816,.0295
15179,.5145,.0147,.3820,.0274
15180,.5318,.0332,.2868,.0646
15181,.6668,.0000,.2898,.0013
15182,.6653,.0000,.2832,.0000
15183,.5016,.0084,.4288,.0000
15184,.5006,.0174,.3251,.0942
15185,.6290,.0004,.3209,.0060
15186,.6991,.0000,.2700,.0000
15187,.6734,.0310,.2241,.0121
15188,.1238,.1902,.4333,.0883
15189,.0089,.1883,.3725,.2724
15190,.0055,.3172,.3896,.1416
15191,.0187,.7844,.1336,.0000
15192,.0239,.6872,.2145,.0000
15193,.0001,.8940,.0194,.0130
15194,.0131,.7004,.1259,.0509
15195,.0104,.5594,.2786,.0269
15196,.1047,.2636,.3964,.0831
15197,.2170,.1166,.4935,.0350
15198,.0685,.2457,.5169,.0825
15199,.4600,.1431,.3347,.0020
15200,.5682,.1359,.2522,.0000
15201,.4655,.1889,.2708,.0167
15202,.5557,.1444,.2413,.0150
15203,.6407,.1222,.1839,.0086
15204,.4181,.1593,.2776,.0937
15205,.6137,.0746,.2535,.0000
15206,.5358,.2838,.1434,.0001
15207,.6346,.0641,.2306,.0180
15208,.3058,.1852,.4116,.0124
15209,.0765,.3723,.2591,.1581
15210,.0008,.3119,.5297,.0180
15211,.5704,.0208,.2682,.0915
15212,.7463,.0000,.2192,.0056
15213,.7511,.0000,.2153,.0000
15214,.6966,.0100,.1964,.0386
15215,.3763,.0826,.4294,.0597
15216,.3001,.2174,.2221,.1816
15217,.0686,.3876,.3526,.0943
15218,.0694,.3489,.3748,.1137
15219,.1685,.1284,.5914,.0298
15220,.2171,.2314,.3018,.1363
15221,.1534,.4108,.1703,.1807
15222,.2014,.2657,.3807,.0599
15223,.1352,.1478,.6315,.0000
15224,.1348,.2449,.4687,.0458
15225,.3952,.0499,.5091,.0000
15226,.0810,.2691,.4953,.0555
15227,.0447,.4239,.3566,.0538
15228,.0615,.4433,.3601,.0194
15229,.0418,.4054,.4104,.0379
15230,.0857,.1784,.5852,.0685
15231,.5947,.0098,.3565,.0039
15232,.7324,.0000,.2515,.0000
15233,.7380,.0000,.2605,.0000
15234,.7817,.0000,.1916,.0000
15235,.6938,.0014,.2498,.0000
15236,.5054,.0000,.4539,.0000
15237,.6697,.0019,.2770,.0000
15238,.8005,.0003,.1730,.0000
15239,.6078,.0000,.3550,.0000
15240,.5159,.0000,.4430,.0000
15241,.7517,.0000,.2209,.0000
15242,.6532,.0000,.3034,.0000
15243,.4775,.0000,.4718,.0000
15244,.5321,.0000,.4005,.0000
15245,.6548,.0004,.2922,.0000
15246,.5169,.0004,.4127,.0055
15247,.4281,.0111,.4931,.0000
15248,.5839,.0000,.3509,.0085
15249,.5774,.0000,.3850,.0000
15250,.6461,.0000,.3080,.0000
15251,.6521,.0000,.3206,.0000
15252,.7111,.0000,.2569,.0000
15253,.7119,.0000,.2516,.0077
15254,.6801,.0000,.2976,.0000
15255,.6527,.0000,.3065,.0000
15256,.6170,.0000,.3451,.0000
15257,.5931,.0000,.3677,.0000
15258,.7103,.0000,.2394,.0000
15259,.5963,.0022,.3349,.0000
15260,.2551,.2776,.3938,.0000
15261,.2208,.1056,.5159,.0620
15262,.0781,.3220,.4907,.0000
15263,.1590,.1169,.6174,.0346
15264,.1313,.2624,.4611,.0184
15265,.1466,.0543,.5991,.0845
15266,.0951,.1331,.5971,.0610
15267,.2555,.3155,.3516,.0005
15268,.2696,.3265,.3344,.0000
15269,.2563,.2264,.4366,.0000
15270,.1817,.2562,.4547,.0033
15271,.1683,.3373,.4047,.0000
15272,.1574,.3717,.3422,.0049
15273,.1437,.4199,.2859,.0268
15274,.0623,.5299,.3122,.0014
15275,.1091,.3920,.4173,.0027
15276,.2410,.1984,.4864,.0181
15277,.3703,.1917,.3699,.0000
15278,.3805,.1716,.3878,.0000
15279,.3128,.2381,.3779,.0035
15280,.4834,.0925,.3650,.0000
15281,.7489,.0015,.2307,.0000
15282,.6275,.0437,.2770,.0223
15283,.7251,.0052,.2464,.0000
15284,.7027,.0231,.2331,.0000
15285,.6341,.0866,.2277,.0000
15286,.7547,.0017,.2127,.0000
15287,.4063,.2157,.3124,.0000
15288,.4586,.1924,.2811,.0242
15289,.7587,.0036,.2190,.0000
15290,.7224,.0088,.2324,.0000
15291,.6074,.0240,.3103,.0000
15292,.5419,.0266,.3673,.0023
15293,.5416,.0032,.4254,.0000
15294,.6168,.0166,.3256,.0000
15295,.5166,.0373,.3951,.0000
15296,.6900,.0008,.2456,.0021
15297,.7402,.0002,.2237,.0000
15298,.6807,.0040,.2676,.0000
15299,.3700,.0740,.4814,.0110
15300,.6260,.0031,.2856,.0321
15301,.6176,.0000,.3300,.0086
15302,.7636,.0091,.1864,.0000
15303,.7964,.0038,.1703,.0000
15304,.3865,.1812,.3896,.0000
15305,.4918,.1040,.3629,.0000
15306,.5871,.0397,.2964,.0298
15307,.5585,.0367,.3592,.0000
15308,.4106,.0141,.4605,.0645
15309,.4566,.0142,.3623,.1102
15310,.4886,.0386,.3099,.1050
15311,.6781,.0000,.2470,.0329
15312,.5999,.0181,.3030,.0415
15313,.6496,.0012,.3149,.0000
15314,.6448,.0309,.2721,.0000
15315,.6475,.0015,.3091,.0001
15316,.6543,.0000,.3091,.0000
15317,.6560,.0029,.2624,.0258
15318,.2815,.0691,.5703,.0000
15319,.3171,.0480,.4055,.1012
15320,.1035,.0704,.5390,.0954
15321,.0010,.6760,.1484,.0700
15322,.0003,.8366,.1064,.0024
15323,.0038,.7339,.1179,.0616
15324,.0360,.5765,.1585,.1436
15325,.0048,.7594,.1370,.0174
15326,.0282,.5876,.2106,.0791
15327,.0894,.3635,.2876,.1383
15328,.1752,.3158,.2518,.1389
15329,.1585,.1880,.5659,.0000
15330,.3320,.2838,.3120,.0000
15331,.5690,.0740,.2897,.0073
15332,.5144,.1313,.2941,.0000
15333,.3870,.2131,.3347,.0115
15334,.5965,.0933,.2357,.0253
15335,.6002,.0676,.2281,.0595
15336,.6497,.0022,.2980,.0000
15337,.7501,.0007,.1943,.0000
15338,.6773,.0547,.1915,.0000
15339,.2393,.1949,.3606,.0852
15340,.0004,.4795,.2922,.0938
