gridID,EcotypeID,EcotypeFrac
1,5279,1.0000
2,5279,1.0000
3,5279,1.0000
4,5279,1.0000
5,5279,1.0000
6,5279,1.0000
7,5279,1.0000
8,5279,1.0000
9,5279,.9915
9,5243,.0085
10,5279,.3860
10,5243,.6140
11,5243,1.0000
12,5243,.8390
12,5241,.1610
13,5243,.0348
13,5241,.9652
14,5241,1.0000
15,5241,1.0000
16,5241,1.0000
17,5241,1.0000
18,5241,1.0000
19,5241,1.0000
20,5241,1.0000
21,5241,1.0000
22,5241,1.0000
23,5241,1.0000
24,5241,1.0000
25,5241,1.0000
26,5241,1.0000
27,5241,1.0000
28,5241,1.0000
29,5241,1.0000
30,5241,1.0000
31,5241,1.0000
32,5241,1.0000
33,5241,.5537
33,5246,.4463
34,5246,.5487
34,-999,.4513
35,-999,1.0000
36,-999,1.0000
37,-999,1.0000
38,-999,1.0000
39,-999,1.0000
40,-999,1.0000
41,-999,1.0000
42,-999,1.0000
43,-999,1.0000
44,-999,1.0000
45,-999,1.0000
46,-999,1.0000
47,-999,1.0000
48,-999,1.0000
49,-999,1.0000
50,-999,1.0000
51,-999,1.0000
52,-999,1.0000
53,-999,1.0000
54,-999,1.0000
55,-999,1.0000
56,-999,1.0000
57,-999,1.0000
58,-999,1.0000
59,-999,1.0000
60,-999,1.0000
61,-999,1.0000
62,-999,1.0000
63,-999,1.0000
64,-999,1.0000
65,-999,1.0000
66,-999,1.0000
67,-999,1.0000
68,-999,1.0000
69,-999,1.0000
70,-999,1.0000
71,-999,1.0000
72,-999,1.0000
73,-999,1.0000
74,-999,1.0000
75,-999,1.0000
76,-999,1.0000
77,-999,1.0000
78,-999,1.0000
79,-999,1.0000
80,-999,1.0000
81,-999,1.0000
82,-999,1.0000
83,-999,1.0000
84,-999,1.0000
85,-999,1.0000
86,-999,1.0000
87,-999,1.0000
88,-999,1.0000
89,-999,1.0000
90,-999,1.0000
91,-999,1.0000
92,-999,1.0000
93,-999,1.0000
94,-999,1.0000
95,-999,1.0000
96,-999,1.0000
97,-999,1.0000
98,-999,1.0000
99,-999,1.0000
100,-999,1.0000
101,-999,1.0000
102,-999,1.0000
103,-999,1.0000
104,-999,1.0000
105,-999,1.0000
106,-999,1.0000
107,-999,1.0000
108,-999,1.0000
109,-999,1.0000
110,-999,1.0000
111,-999,1.0000
112,-999,1.0000
113,-999,1.0000
114,-999,1.0000
115,-999,1.0000
116,-999,1.0000
117,-999,1.0000
118,-999,1.0000
119,-999,1.0000
120,-999,1.0000
121,-999,1.0000
122,-999,1.0000
123,-999,1.0000
124,-999,1.0000
125,-999,1.0000
126,-999,1.0000
127,-999,1.0000
128,-999,1.0000
129,-999,1.0000
130,-999,1.0000
131,-999,1.0000
132,-999,1.0000
133,-999,1.0000
134,-999,1.0000
135,-999,1.0000
136,-999,1.0000
137,-999,1.0000
138,-999,1.0000
139,-999,1.0000
140,-999,1.0000
141,-999,1.0000
142,-999,1.0000
143,-999,1.0000
144,-999,1.0000
145,-999,1.0000
146,-999,1.0000
147,-999,1.0000
148,-999,1.0000
149,-999,1.0000
150,-999,1.0000
151,-999,1.0000
152,-999,1.0000
153,-999,1.0000
154,-999,1.0000
155,-999,1.0000
156,-999,1.0000
157,-999,1.0000
158,-999,1.0000
159,-999,1.0000
160,-999,1.0000
161,-999,1.0000
162,-999,1.0000
163,-999,1.0000
164,-999,1.0000
165,-999,1.0000
166,-999,1.0000
167,-999,1.0000
168,-999,1.0000
169,-999,1.0000
170,-999,1.0000
171,-999,1.0000
172,-999,1.0000
173,-999,1.0000
174,-999,1.0000
175,-999,1.0000
176,-999,1.0000
177,-999,1.0000
178,-999,1.0000
179,-999,1.0000
180,-999,1.0000
181,-999,1.0000
182,-999,1.0000
183,-999,1.0000
184,-999,1.0000
185,-999,1.0000
186,-999,1.0000
187,-999,1.0000
188,-999,1.0000
189,-999,1.0000
190,-999,1.0000
191,-999,1.0000
192,-999,1.0000
193,-999,1.0000
194,-999,1.0000
195,-999,1.0000
196,-999,1.0000
197,-999,1.0000
198,-999,1.0000
199,-999,1.0000
200,5279,1.0000
201,5279,1.0000
202,5279,1.0000
203,5279,1.0000
204,5279,1.0000
205,5279,1.0000
206,5279,1.0000
207,5279,1.0000
208,5279,.8017
208,5243,.1983
209,5279,.0169
209,5243,.9831
210,5243,.8596
210,5241,.1404
211,5243,.1739
211,5241,.8261
212,5241,1.0000
213,5241,1.0000
214,5241,1.0000
215,5241,1.0000
216,5241,1.0000
217,5241,1.0000
218,5241,1.0000
219,5241,1.0000
220,5241,1.0000
221,5241,1.0000
222,5241,1.0000
223,5241,1.0000
224,5241,1.0000
225,5241,1.0000
226,5241,1.0000
227,5241,1.0000
228,5241,1.0000
229,5241,1.0000
230,5241,1.0000
231,5241,.6446
231,5246,.3554
232,5241,.0982
232,5246,.9018
233,5246,.8583
233,-999,.1417
234,-999,.9279
234,5246,.0721
235,-999,1.0000
236,-999,1.0000
237,-999,1.0000
238,-999,1.0000
239,-999,1.0000
240,-999,1.0000
241,-999,1.0000
242,-999,1.0000
243,-999,1.0000
244,-999,1.0000
245,-999,1.0000
246,-999,1.0000
247,-999,1.0000
248,-999,1.0000
249,-999,1.0000
250,-999,1.0000
251,-999,1.0000
252,-999,1.0000
253,-999,1.0000
254,-999,1.0000
255,-999,1.0000
256,-999,1.0000
257,-999,1.0000
258,-999,1.0000
259,-999,1.0000
260,-999,1.0000
261,-999,1.0000
262,-999,1.0000
263,-999,1.0000
264,-999,1.0000
265,-999,1.0000
266,-999,1.0000
267,-999,1.0000
268,-999,1.0000
269,-999,1.0000
270,-999,1.0000
271,-999,1.0000
272,-999,1.0000
273,-999,1.0000
274,-999,1.0000
275,-999,1.0000
276,-999,1.0000
277,-999,1.0000
278,-999,1.0000
279,-999,1.0000
280,-999,1.0000
281,-999,1.0000
282,-999,1.0000
283,-999,1.0000
284,-999,1.0000
285,-999,1.0000
286,-999,1.0000
287,-999,1.0000
288,-999,1.0000
289,-999,1.0000
290,-999,1.0000
291,-999,1.0000
292,-999,1.0000
293,-999,1.0000
294,-999,1.0000
295,-999,1.0000
296,-999,1.0000
297,-999,1.0000
298,-999,1.0000
299,-999,1.0000
300,-999,1.0000
301,-999,1.0000
302,-999,1.0000
303,-999,1.0000
304,-999,1.0000
305,-999,1.0000
306,-999,1.0000
307,-999,1.0000
308,-999,1.0000
309,-999,1.0000
310,-999,1.0000
311,-999,1.0000
312,-999,1.0000
313,-999,1.0000
314,-999,1.0000
315,-999,1.0000
316,-999,1.0000
317,-999,1.0000
318,-999,1.0000
319,-999,1.0000
320,-999,1.0000
321,-999,1.0000
322,-999,1.0000
323,-999,1.0000
324,-999,1.0000
325,-999,1.0000
326,-999,1.0000
327,-999,1.0000
328,-999,1.0000
329,-999,1.0000
330,-999,1.0000
331,-999,1.0000
332,-999,1.0000
333,-999,1.0000
334,-999,1.0000
335,-999,1.0000
336,-999,1.0000
337,-999,1.0000
338,-999,1.0000
339,-999,1.0000
340,-999,1.0000
341,-999,1.0000
342,-999,1.0000
343,-999,1.0000
344,-999,1.0000
345,-999,1.0000
346,-999,1.0000
347,-999,1.0000
348,-999,1.0000
349,-999,1.0000
350,-999,1.0000
351,-999,1.0000
352,-999,1.0000
353,-999,1.0000
354,-999,1.0000
355,-999,1.0000
356,-999,1.0000
357,-999,1.0000
358,-999,1.0000
359,-999,1.0000
360,-999,1.0000
361,-999,1.0000
362,-999,1.0000
363,-999,1.0000
364,-999,1.0000
365,-999,1.0000
366,-999,1.0000
367,-999,1.0000
368,-999,1.0000
369,-999,1.0000
370,-999,1.0000
371,-999,1.0000
372,-999,1.0000
373,-999,1.0000
374,-999,1.0000
375,-999,1.0000
376,-999,1.0000
377,-999,1.0000
378,-999,1.0000
379,-999,1.0000
380,-999,1.0000
381,-999,1.0000
382,-999,1.0000
383,-999,1.0000
384,-999,1.0000
385,-999,1.0000
386,-999,1.0000
387,-999,1.0000
388,-999,1.0000
389,-999,1.0000
390,-999,1.0000
391,-999,1.0000
392,-999,1.0000
393,-999,1.0000
394,-999,1.0000
395,-999,1.0000
396,-999,1.0000
397,-999,1.0000
398,-999,1.0000
399,5279,1.0000
400,5279,1.0000
401,5279,1.0000
402,5279,1.0000
403,5279,1.0000
404,5279,1.0000
405,5279,1.0000
406,5279,.8136
406,5243,.1864
407,5279,.2137
407,5243,.7863
408,5243,.9826
408,5241,.0174
409,5243,.3109
409,5241,.6891
410,5241,1.0000
411,5241,1.0000
412,5241,1.0000
413,5241,1.0000
414,5241,1.0000
415,5241,1.0000
416,5241,1.0000
417,5241,1.0000
418,5241,1.0000
419,5241,1.0000
420,5241,1.0000
421,5241,1.0000
422,5241,1.0000
423,5241,1.0000
424,5241,1.0000
425,5241,1.0000
426,5241,1.0000
427,5241,1.0000
428,5241,.9204
428,5246,.0796
429,5241,.4132
429,5246,.5868
430,5241,.0177
430,5246,.9823
431,5246,1.0000
432,5246,.9911
432,-999,.0089
433,5246,.2951
433,-999,.7049
434,-999,1.0000
435,-999,1.0000
436,-999,1.0000
437,-999,1.0000
438,-999,1.0000
439,-999,1.0000
440,-999,1.0000
441,-999,1.0000
442,-999,1.0000
443,-999,1.0000
444,-999,1.0000
445,-999,1.0000
446,-999,1.0000
447,-999,1.0000
448,-999,1.0000
449,-999,1.0000
450,-999,1.0000
451,-999,1.0000
452,-999,1.0000
453,-999,1.0000
454,-999,1.0000
455,-999,1.0000
456,-999,1.0000
457,-999,1.0000
458,-999,1.0000
459,-999,1.0000
460,-999,1.0000
461,-999,1.0000
462,-999,1.0000
463,-999,1.0000
464,-999,1.0000
465,-999,1.0000
466,-999,1.0000
467,-999,1.0000
468,-999,1.0000
469,-999,1.0000
470,-999,1.0000
471,-999,1.0000
472,-999,1.0000
473,-999,1.0000
474,-999,1.0000
475,-999,1.0000
476,-999,1.0000
477,-999,1.0000
478,-999,1.0000
479,-999,1.0000
480,-999,1.0000
481,-999,1.0000
482,-999,1.0000
483,-999,1.0000
484,-999,1.0000
485,-999,1.0000
486,-999,1.0000
487,-999,1.0000
488,-999,1.0000
489,-999,1.0000
490,-999,1.0000
491,-999,1.0000
492,-999,1.0000
493,-999,1.0000
494,-999,1.0000
495,-999,1.0000
496,-999,1.0000
497,-999,1.0000
498,-999,1.0000
499,-999,1.0000
500,-999,1.0000
501,-999,1.0000
502,-999,1.0000
503,-999,1.0000
504,-999,1.0000
505,-999,1.0000
506,-999,1.0000
507,-999,1.0000
508,-999,1.0000
509,-999,1.0000
510,-999,1.0000
511,-999,1.0000
512,-999,1.0000
513,-999,1.0000
514,-999,1.0000
515,-999,1.0000
516,-999,1.0000
517,-999,1.0000
518,-999,1.0000
519,-999,1.0000
520,-999,1.0000
521,-999,1.0000
522,-999,1.0000
523,-999,1.0000
524,-999,1.0000
525,-999,1.0000
526,-999,1.0000
527,-999,1.0000
528,-999,1.0000
529,-999,1.0000
530,-999,1.0000
531,-999,1.0000
532,-999,1.0000
533,-999,1.0000
534,-999,1.0000
535,-999,1.0000
536,-999,1.0000
537,-999,1.0000
538,-999,1.0000
539,-999,1.0000
540,-999,1.0000
541,-999,1.0000
542,-999,1.0000
543,-999,1.0000
544,-999,1.0000
545,-999,1.0000
546,-999,1.0000
547,-999,1.0000
548,-999,1.0000
549,-999,1.0000
550,-999,1.0000
551,-999,1.0000
552,-999,1.0000
553,-999,1.0000
554,-999,1.0000
555,-999,1.0000
556,-999,1.0000
557,-999,1.0000
558,-999,1.0000
559,-999,1.0000
560,-999,1.0000
561,-999,1.0000
562,-999,1.0000
563,-999,1.0000
564,-999,1.0000
565,-999,1.0000
566,-999,1.0000
567,-999,1.0000
568,-999,1.0000
569,-999,1.0000
570,-999,1.0000
571,-999,1.0000
572,-999,1.0000
573,-999,1.0000
574,-999,1.0000
575,-999,1.0000
576,-999,1.0000
577,-999,1.0000
578,-999,1.0000
579,-999,1.0000
580,-999,1.0000
581,-999,1.0000
582,-999,1.0000
583,-999,1.0000
584,-999,1.0000
585,-999,1.0000
586,-999,1.0000
587,-999,1.0000
588,-999,1.0000
589,-999,1.0000
590,-999,1.0000
591,-999,1.0000
592,-999,1.0000
593,-999,1.0000
594,-999,1.0000
595,-999,1.0000
596,-999,1.0000
597,-999,1.0000
598,5279,1.0000
599,5279,1.0000
600,5279,1.0000
601,5279,.9828
601,5243,.0172
602,5279,.9052
602,5243,.0948
603,5279,.9153
603,5243,.0847
604,5279,.3475
604,5243,.6525
605,5279,.0261
605,5243,.9739
606,5243,1.0000
607,5243,.8067
607,5241,.1933
608,5241,1.0000
609,5241,1.0000
610,5241,1.0000
611,5241,1.0000
612,5241,1.0000
613,5241,1.0000
614,5241,1.0000
615,5241,1.0000
616,5241,1.0000
617,5241,1.0000
618,5241,1.0000
619,5241,1.0000
620,5241,1.0000
621,5241,1.0000
622,5241,1.0000
623,5241,1.0000
624,5241,1.0000
625,5241,1.0000
626,5241,1.0000
627,5241,.8417
627,5246,.1583
628,5246,.4425
628,5241,.5575
629,5246,.8843
629,5241,.1157
630,5246,.9821
630,-999,.0179
631,5246,.6198
631,-999,.3802
632,5246,.0089
632,-999,.9911
633,-999,1.0000
634,-999,1.0000
635,-999,1.0000
636,-999,1.0000
637,-999,1.0000
638,-999,1.0000
639,-999,1.0000
640,-999,1.0000
641,-999,1.0000
642,-999,1.0000
643,-999,1.0000
644,-999,1.0000
645,-999,1.0000
646,-999,1.0000
647,-999,1.0000
648,-999,1.0000
649,-999,1.0000
650,-999,1.0000
651,-999,1.0000
652,-999,1.0000
653,-999,1.0000
654,-999,1.0000
655,-999,1.0000
656,-999,1.0000
657,-999,1.0000
658,-999,1.0000
659,-999,1.0000
660,-999,1.0000
661,-999,1.0000
662,-999,1.0000
663,-999,1.0000
664,-999,1.0000
665,-999,1.0000
666,-999,1.0000
667,-999,1.0000
668,-999,1.0000
669,-999,.9369
669,5254,.0631
670,-999,.9915
670,5254,.0085
671,-999,.9918
671,5254,.0082
672,-999,1.0000
673,-999,1.0000
674,-999,1.0000
675,-999,1.0000
676,-999,1.0000
677,-999,1.0000
678,-999,1.0000
679,-999,1.0000
680,-999,1.0000
681,-999,1.0000
682,-999,1.0000
683,-999,1.0000
684,-999,1.0000
685,-999,1.0000
686,-999,1.0000
687,-999,1.0000
688,-999,1.0000
689,-999,1.0000
690,-999,1.0000
691,-999,1.0000
692,-999,1.0000
693,-999,1.0000
694,-999,1.0000
695,-999,1.0000
696,-999,1.0000
697,-999,1.0000
698,-999,1.0000
699,-999,1.0000
700,-999,1.0000
701,-999,1.0000
702,-999,1.0000
703,-999,1.0000
704,-999,1.0000
705,-999,1.0000
706,-999,1.0000
707,-999,1.0000
708,-999,1.0000
709,-999,1.0000
710,-999,1.0000
711,-999,1.0000
712,-999,1.0000
713,-999,1.0000
714,-999,1.0000
715,-999,1.0000
716,-999,1.0000
717,-999,1.0000
718,-999,1.0000
719,-999,1.0000
720,-999,1.0000
721,-999,1.0000
722,-999,1.0000
723,-999,1.0000
724,-999,1.0000
725,-999,1.0000
726,-999,1.0000
727,-999,1.0000
728,-999,1.0000
729,-999,1.0000
730,-999,1.0000
731,-999,1.0000
732,-999,1.0000
733,-999,1.0000
734,-999,1.0000
735,-999,1.0000
736,-999,1.0000
737,-999,1.0000
738,-999,1.0000
739,-999,1.0000
740,-999,1.0000
741,-999,1.0000
742,-999,1.0000
743,-999,1.0000
744,-999,1.0000
745,-999,1.0000
746,-999,1.0000
747,-999,1.0000
748,-999,1.0000
749,-999,1.0000
750,-999,1.0000
751,-999,1.0000
752,-999,1.0000
753,-999,1.0000
754,-999,1.0000
755,-999,1.0000
756,-999,1.0000
757,-999,1.0000
758,-999,1.0000
759,-999,1.0000
760,-999,1.0000
761,-999,1.0000
762,-999,1.0000
763,-999,1.0000
764,-999,1.0000
765,-999,1.0000
766,-999,1.0000
767,-999,1.0000
768,-999,1.0000
769,-999,1.0000
770,-999,1.0000
771,-999,1.0000
772,-999,1.0000
773,-999,1.0000
774,-999,1.0000
775,-999,1.0000
776,-999,1.0000
777,-999,1.0000
778,-999,1.0000
779,-999,1.0000
780,-999,1.0000
781,-999,1.0000
782,-999,1.0000
783,-999,1.0000
784,-999,1.0000
785,-999,1.0000
786,-999,1.0000
787,-999,1.0000
788,-999,1.0000
789,-999,1.0000
790,-999,1.0000
791,-999,1.0000
792,-999,1.0000
793,-999,1.0000
794,-999,1.0000
795,-999,1.0000
796,-999,1.0000
797,5279,1.0000
798,5279,.9569
798,5243,.0431
799,5279,.8034
799,5243,.1966
800,5279,.2821
800,5243,.7179
801,5243,.9746
801,5279,.0254
802,5243,.9043
802,5279,.0957
803,5243,1.0000
804,5243,1.0000
805,5243,.9913
805,5241,.0087
806,5243,.3217
806,5241,.6783
807,5241,1.0000
808,5241,1.0000
809,5241,1.0000
810,5241,1.0000
811,5241,1.0000
812,5241,1.0000
813,5241,1.0000
814,5241,1.0000
815,5241,1.0000
816,5241,1.0000
817,5241,1.0000
818,5241,1.0000
819,5241,1.0000
820,5241,1.0000
821,5241,1.0000
822,5241,1.0000
823,5241,.9915
823,5246,.0085
824,5241,.7043
824,5246,.2957
825,5241,.7983
825,5246,.2017
826,5241,.7368
826,5246,.2632
827,5241,.2810
827,5246,.7190
828,5241,.0089
828,5246,.9911
829,5246,.6116
829,-999,.3884
830,5246,.0536
830,-999,.9464
831,-999,1.0000
832,-999,1.0000
833,-999,1.0000
834,-999,1.0000
835,-999,1.0000
836,-999,1.0000
837,-999,1.0000
838,-999,1.0000
839,-999,1.0000
840,-999,1.0000
841,-999,1.0000
842,-999,1.0000
843,-999,1.0000
844,-999,1.0000
845,-999,1.0000
846,-999,1.0000
847,-999,1.0000
848,-999,1.0000
849,-999,1.0000
850,-999,1.0000
851,-999,1.0000
852,-999,1.0000
853,-999,1.0000
854,-999,1.0000
855,-999,1.0000
856,-999,1.0000
857,-999,1.0000
858,-999,1.0000
859,-999,1.0000
860,-999,1.0000
861,-999,1.0000
862,-999,1.0000
863,-999,1.0000
864,-999,1.0000
865,-999,1.0000
866,-999,1.0000
867,-999,.7000
867,5254,.3000
868,-999,.2066
868,5254,.7934
869,-999,.4000
869,5254,.6000
870,5254,.1636
870,-999,.8364
871,-999,1.0000
872,-999,1.0000
873,-999,1.0000
874,-999,1.0000
875,-999,1.0000
876,-999,1.0000
877,-999,1.0000
878,-999,1.0000
879,-999,1.0000
880,-999,1.0000
881,-999,1.0000
882,-999,1.0000
883,-999,1.0000
884,-999,1.0000
885,-999,1.0000
886,-999,1.0000
887,-999,1.0000
888,-999,1.0000
889,-999,1.0000
890,-999,1.0000
891,-999,1.0000
892,-999,1.0000
893,-999,1.0000
894,-999,1.0000
895,-999,1.0000
896,-999,1.0000
897,-999,1.0000
898,-999,1.0000
899,-999,1.0000
900,-999,1.0000
901,-999,1.0000
902,-999,1.0000
903,-999,1.0000
904,-999,1.0000
905,-999,1.0000
906,-999,1.0000
907,-999,1.0000
908,-999,1.0000
909,-999,1.0000
910,-999,1.0000
911,-999,1.0000
912,-999,1.0000
913,-999,1.0000
914,-999,1.0000
915,-999,1.0000
916,-999,1.0000
917,-999,1.0000
918,-999,1.0000
919,-999,1.0000
920,-999,1.0000
921,-999,1.0000
922,-999,1.0000
923,-999,1.0000
924,-999,1.0000
925,-999,1.0000
926,-999,1.0000
927,-999,1.0000
928,-999,1.0000
929,-999,1.0000
930,-999,1.0000
931,-999,1.0000
932,-999,1.0000
933,-999,1.0000
934,-999,1.0000
935,-999,1.0000
936,-999,1.0000
937,-999,1.0000
938,-999,1.0000
939,-999,1.0000
940,-999,1.0000
941,-999,1.0000
942,-999,1.0000
943,-999,1.0000
944,-999,1.0000
945,-999,1.0000
946,-999,1.0000
947,-999,1.0000
948,-999,1.0000
949,-999,1.0000
950,-999,1.0000
951,-999,1.0000
952,-999,1.0000
953,-999,1.0000
954,-999,1.0000
955,-999,1.0000
956,-999,1.0000
957,-999,1.0000
958,-999,1.0000
959,-999,1.0000
960,-999,1.0000
961,-999,1.0000
962,-999,1.0000
963,-999,1.0000
964,-999,1.0000
965,-999,1.0000
966,-999,1.0000
967,-999,1.0000
968,-999,1.0000
969,-999,1.0000
970,-999,1.0000
971,-999,1.0000
972,-999,1.0000
973,-999,1.0000
974,-999,1.0000
975,-999,1.0000
976,-999,1.0000
977,-999,1.0000
978,-999,1.0000
979,-999,1.0000
980,-999,1.0000
981,-999,1.0000
982,-999,1.0000
983,-999,1.0000
984,-999,1.0000
985,-999,1.0000
986,-999,1.0000
987,-999,1.0000
988,-999,1.0000
989,-999,1.0000
990,-999,1.0000
991,-999,1.0000
992,-999,1.0000
993,-999,1.0000
994,-999,1.0000
995,-999,1.0000
996,5279,.5948
996,5243,.4052
997,5279,.0756
997,5243,.9244
998,5243,1.0000
999,5243,1.0000
1000,5243,1.0000
1001,5243,1.0000
1002,5243,1.0000
1003,5243,1.0000
1004,5243,.7373
1004,5241,.2627
1005,5241,1.0000
1006,5241,1.0000
1007,5241,1.0000
1008,5241,1.0000
1009,5241,1.0000
1010,5241,1.0000
1011,5241,1.0000
1012,5241,1.0000
1013,5241,1.0000
1014,5241,1.0000
1015,5241,1.0000
1016,5241,1.0000
1017,5241,1.0000
1018,5241,1.0000
1019,5241,1.0000
1020,5241,1.0000
1021,5241,1.0000
1022,5241,.9130
1022,5246,.0870
1023,5246,1.0000
1024,5246,.7807
1024,5241,.2193
1025,5246,1.0000
1026,5246,1.0000
1027,5246,.6917
1027,-999,.3083
1028,5246,.0442
1028,-999,.9558
1029,-999,1.0000
1030,-999,1.0000
1031,-999,1.0000
1032,-999,1.0000
1033,-999,1.0000
1034,-999,1.0000
1035,-999,1.0000
1036,-999,1.0000
1037,-999,1.0000
1038,-999,1.0000
1039,-999,1.0000
1040,-999,1.0000
1041,-999,1.0000
1042,-999,1.0000
1043,-999,1.0000
1044,-999,1.0000
1045,-999,1.0000
1046,-999,1.0000
1047,-999,1.0000
1048,-999,1.0000
1049,-999,1.0000
1050,-999,1.0000
1051,-999,1.0000
1052,-999,1.0000
1053,-999,1.0000
1054,-999,1.0000
1055,-999,1.0000
1056,-999,1.0000
1057,-999,1.0000
1058,-999,1.0000
1059,-999,1.0000
1060,-999,1.0000
1061,-999,1.0000
1062,-999,.7364
1062,5254,.2636
1063,-999,.4286
1063,5254,.5714
1064,-999,.3719
1064,5254,.6281
1065,-999,.2314
1065,5254,.7686
1066,-999,.0268
1066,5254,.9732
1067,5254,1.0000
1068,5254,.9746
1068,-999,.0254
1069,-999,.7107
1069,5254,.2893
1070,-999,1.0000
1071,-999,1.0000
1072,-999,1.0000
1073,-999,1.0000
1074,-999,1.0000
1075,-999,1.0000
1076,-999,1.0000
1077,-999,1.0000
1078,-999,1.0000
1079,-999,1.0000
1080,-999,1.0000
1081,-999,1.0000
1082,-999,1.0000
1083,-999,1.0000
1084,-999,1.0000
1085,-999,1.0000
1086,-999,1.0000
1087,-999,1.0000
1088,-999,1.0000
1089,-999,1.0000
1090,-999,1.0000
1091,-999,1.0000
1092,-999,1.0000
1093,-999,1.0000
1094,-999,1.0000
1095,-999,1.0000
1096,-999,1.0000
1097,-999,1.0000
1098,-999,1.0000
1099,-999,1.0000
1100,-999,1.0000
1101,-999,1.0000
1102,-999,1.0000
1103,-999,1.0000
1104,-999,1.0000
1105,-999,1.0000
1106,-999,1.0000
1107,-999,1.0000
1108,-999,1.0000
1109,-999,1.0000
1110,-999,1.0000
1111,-999,1.0000
1112,-999,1.0000
1113,-999,1.0000
1114,-999,1.0000
1115,-999,1.0000
1116,-999,1.0000
1117,-999,1.0000
1118,-999,1.0000
1119,-999,1.0000
1120,-999,1.0000
1121,-999,1.0000
1122,-999,1.0000
1123,-999,1.0000
1124,-999,1.0000
1125,-999,1.0000
1126,-999,1.0000
1127,-999,1.0000
1128,-999,1.0000
1129,-999,1.0000
1130,-999,1.0000
1131,-999,1.0000
1132,-999,1.0000
1133,-999,1.0000
1134,-999,1.0000
1135,-999,1.0000
1136,-999,1.0000
1137,-999,1.0000
1138,-999,1.0000
1139,-999,1.0000
1140,-999,1.0000
1141,-999,1.0000
1142,-999,1.0000
1143,-999,1.0000
1144,-999,1.0000
1145,-999,1.0000
1146,-999,1.0000
1147,-999,1.0000
1148,-999,1.0000
1149,-999,1.0000
1150,-999,1.0000
1151,-999,1.0000
1152,-999,1.0000
1153,-999,1.0000
1154,-999,1.0000
1155,-999,1.0000
1156,-999,1.0000
1157,-999,1.0000
1158,-999,1.0000
1159,-999,1.0000
1160,-999,1.0000
1161,-999,1.0000
1162,-999,1.0000
1163,-999,1.0000
1164,-999,1.0000
1165,-999,1.0000
1166,-999,1.0000
1167,-999,1.0000
1168,-999,1.0000
1169,-999,1.0000
1170,-999,1.0000
1171,-999,1.0000
1172,-999,1.0000
1173,-999,1.0000
1174,-999,1.0000
1175,-999,1.0000
1176,-999,1.0000
1177,-999,1.0000
1178,-999,1.0000
1179,-999,1.0000
1180,-999,1.0000
1181,-999,1.0000
1182,-999,1.0000
1183,-999,1.0000
1184,-999,1.0000
1185,-999,1.0000
1186,-999,1.0000
1187,-999,1.0000
1188,-999,1.0000
1189,-999,1.0000
1190,-999,1.0000
1191,-999,1.0000
1192,-999,1.0000
1193,-999,1.0000
1194,-999,1.0000
1195,5279,.0252
1195,5243,.9748
1196,5243,1.0000
1197,5243,1.0000
1198,5243,1.0000
1199,5243,1.0000
1200,5243,1.0000
1201,5243,1.0000
1202,5243,.9664
1202,5241,.0336
1203,5243,.2241
1203,5241,.7759
1204,5241,1.0000
1205,5241,1.0000
1206,5241,1.0000
1207,5241,1.0000
1208,5241,1.0000
1209,5241,1.0000
1210,5241,1.0000
1211,5241,1.0000
1212,5241,1.0000
1213,5241,1.0000
1214,5241,1.0000
1215,5241,1.0000
1216,5241,1.0000
1217,5241,1.0000
1218,5241,1.0000
1219,5241,.9310
1219,5246,.0690
1220,5241,1.0000
1221,5241,.8136
1221,5246,.1864
1222,5246,.9826
1222,5241,.0174
1223,5246,1.0000
1224,5246,.8435
1224,-999,.1565
1225,5246,.3917
1225,-999,.6083
1226,5246,.0351
1226,-999,.9649
1227,-999,1.0000
1228,-999,1.0000
1229,-999,1.0000
1230,-999,1.0000
1231,-999,1.0000
1232,-999,1.0000
1233,-999,1.0000
1234,-999,1.0000
1235,-999,1.0000
1236,-999,1.0000
1237,-999,1.0000
1238,-999,1.0000
1239,-999,1.0000
1240,-999,1.0000
1241,-999,1.0000
1242,-999,1.0000
1243,-999,1.0000
1244,-999,1.0000
1245,-999,1.0000
1246,-999,1.0000
1247,-999,1.0000
1248,-999,1.0000
1249,-999,1.0000
1250,-999,1.0000
1251,-999,1.0000
1252,-999,1.0000
1253,-999,1.0000
1254,-999,1.0000
1255,-999,1.0000
1256,-999,1.0000
1257,-999,1.0000
1258,-999,.9187
1258,5254,.0813
1259,-999,.5133
1259,5254,.4867
1260,-999,.2456
1260,5254,.7544
1261,-999,.0244
1261,5254,.9756
1262,5254,1.0000
1263,5254,.8909
1263,5274,.1091
1264,5254,.9911
1264,5274,.0089
1265,5254,1.0000
1266,5254,1.0000
1267,5254,1.0000
1268,5254,.7636
1268,-999,.2364
1269,-999,.5614
1269,5254,.4386
1270,-999,.6198
1270,5254,.3802
1271,-999,.5207
1271,5254,.4793
1272,-999,.8621
1272,5254,.1379
1273,-999,1.0000
1274,-999,1.0000
1275,-999,1.0000
1276,-999,1.0000
1277,-999,1.0000
1278,-999,1.0000
1279,-999,1.0000
1280,-999,1.0000
1281,-999,1.0000
1282,-999,1.0000
1283,-999,1.0000
1284,-999,1.0000
1285,-999,1.0000
1286,-999,1.0000
1287,-999,1.0000
1288,-999,1.0000
1289,-999,1.0000
1290,-999,1.0000
1291,-999,1.0000
1292,-999,1.0000
1293,-999,1.0000
1294,-999,1.0000
1295,-999,1.0000
1296,-999,1.0000
1297,-999,1.0000
1298,-999,1.0000
1299,-999,1.0000
1300,-999,1.0000
1301,-999,1.0000
1302,-999,1.0000
1303,-999,1.0000
1304,-999,1.0000
1305,-999,1.0000
1306,-999,1.0000
1307,-999,1.0000
1308,-999,1.0000
1309,-999,1.0000
1310,-999,1.0000
1311,-999,1.0000
1312,-999,1.0000
1313,-999,1.0000
1314,-999,1.0000
1315,-999,1.0000
1316,-999,1.0000
1317,-999,1.0000
1318,-999,1.0000
1319,-999,1.0000
1320,-999,1.0000
1321,-999,1.0000
1322,-999,1.0000
1323,-999,1.0000
1324,-999,1.0000
1325,-999,1.0000
1326,-999,1.0000
1327,-999,1.0000
1328,-999,1.0000
1329,-999,1.0000
1330,-999,1.0000
1331,-999,1.0000
1332,-999,1.0000
1333,-999,1.0000
1334,-999,1.0000
1335,-999,1.0000
1336,-999,1.0000
1337,-999,1.0000
1338,-999,1.0000
1339,-999,1.0000
1340,-999,1.0000
1341,-999,1.0000
1342,-999,1.0000
1343,-999,1.0000
1344,-999,1.0000
1345,-999,1.0000
1346,-999,1.0000
1347,-999,1.0000
1348,-999,1.0000
1349,-999,1.0000
1350,-999,1.0000
1351,-999,1.0000
1352,-999,1.0000
1353,-999,1.0000
1354,-999,1.0000
1355,-999,1.0000
1356,-999,1.0000
1357,-999,1.0000
1358,-999,1.0000
1359,-999,1.0000
1360,-999,1.0000
1361,-999,1.0000
1362,-999,1.0000
1363,-999,1.0000
1364,-999,1.0000
1365,-999,1.0000
1366,-999,1.0000
1367,-999,1.0000
1368,-999,1.0000
1369,-999,1.0000
1370,-999,1.0000
1371,-999,1.0000
1372,-999,1.0000
1373,-999,1.0000
1374,-999,1.0000
1375,-999,1.0000
1376,-999,1.0000
1377,-999,1.0000
1378,-999,1.0000
1379,-999,1.0000
1380,-999,1.0000
1381,-999,1.0000
1382,-999,1.0000
1383,-999,1.0000
1384,-999,1.0000
1385,-999,1.0000
1386,-999,1.0000
1387,-999,1.0000
1388,-999,1.0000
1389,-999,1.0000
1390,-999,1.0000
1391,-999,1.0000
1392,-999,1.0000
1393,-999,1.0000
1394,5243,1.0000
1395,5243,1.0000
1396,5243,1.0000
1397,5243,1.0000
1398,5243,1.0000
1399,5243,1.0000
1400,5243,.9310
1400,5241,.0690
1401,5243,.2870
1401,5241,.7130
1402,5241,1.0000
1403,5241,1.0000
1404,5241,1.0000
1405,5241,1.0000
1406,5241,1.0000
1407,5241,1.0000
1408,5241,1.0000
1409,5241,1.0000
1410,5241,1.0000
1411,5241,1.0000
1412,5241,1.0000
1413,5241,1.0000
1414,5241,1.0000
1415,5241,1.0000
1416,5241,1.0000
1417,5241,.8870
1417,5246,.1130
1418,5241,.1167
1418,5246,.8833
1419,5241,.0948
1419,5246,.9052
1420,5241,.0508
1420,5246,.9492
1421,5246,1.0000
1422,5246,.8870
1422,-999,.1130
1423,5246,.1250
1423,-999,.8750
1424,-999,1.0000
1425,-999,1.0000
1426,-999,1.0000
1427,-999,1.0000
1428,-999,1.0000
1429,-999,1.0000
1430,-999,1.0000
1431,-999,1.0000
1432,-999,1.0000
1433,-999,1.0000
1434,-999,1.0000
1435,-999,1.0000
1436,-999,1.0000
1437,-999,1.0000
1438,-999,1.0000
1439,-999,1.0000
1440,-999,1.0000
1441,-999,1.0000
1442,-999,1.0000
1443,-999,1.0000
1444,-999,1.0000
1445,-999,1.0000
1446,-999,1.0000
1447,-999,1.0000
1448,-999,1.0000
1449,-999,1.0000
1450,-999,1.0000
1451,-999,1.0000
1452,-999,1.0000
1453,-999,1.0000
1454,-999,1.0000
1455,-999,.9174
1455,5254,.0826
1456,-999,.6106
1456,5254,.3894
1457,-999,.1081
1457,5254,.8919
1458,5254,.9256
1458,5274,.0744
1459,5254,.9167
1459,5274,.0833
1460,5254,.9730
1460,5274,.0270
1461,5254,.4483
1461,5274,.5517
1462,5254,.0325
1462,5274,.9675
1463,5274,.6967
1463,5254,.3033
1464,5254,.8761
1464,5274,.1239
1465,5254,1.0000
1466,5254,1.0000
1467,5254,1.0000
1468,5254,1.0000
1469,5254,1.0000
1470,5254,.9909
1470,-999,.0091
1471,5254,.4530
1471,-999,.5470
1472,-999,1.0000
1473,-999,1.0000
1474,-999,1.0000
1475,-999,1.0000
1476,-999,1.0000
1477,-999,1.0000
1478,-999,1.0000
1479,-999,1.0000
1480,-999,1.0000
1481,-999,1.0000
1482,-999,1.0000
1483,-999,1.0000
1484,-999,1.0000
1485,-999,1.0000
1486,-999,1.0000
1487,-999,1.0000
1488,-999,1.0000
1489,-999,1.0000
1490,-999,1.0000
1491,-999,1.0000
1492,-999,1.0000
1493,-999,1.0000
1494,-999,1.0000
1495,-999,1.0000
1496,-999,1.0000
1497,-999,1.0000
1498,-999,1.0000
1499,-999,1.0000
1500,-999,1.0000
1501,-999,1.0000
1502,-999,1.0000
1503,-999,1.0000
1504,-999,1.0000
1505,-999,1.0000
1506,-999,1.0000
1507,-999,1.0000
1508,-999,1.0000
1509,-999,1.0000
1510,-999,1.0000
1511,-999,1.0000
1512,-999,1.0000
1513,-999,1.0000
1514,-999,1.0000
1515,-999,1.0000
1516,-999,1.0000
1517,-999,1.0000
1518,-999,1.0000
1519,-999,1.0000
1520,-999,1.0000
1521,-999,1.0000
1522,-999,1.0000
1523,-999,1.0000
1524,-999,1.0000
1525,-999,1.0000
1526,-999,1.0000
1527,-999,1.0000
1528,-999,1.0000
1529,-999,1.0000
1530,-999,1.0000
1531,-999,1.0000
1532,-999,1.0000
1533,-999,1.0000
1534,-999,1.0000
1535,-999,1.0000
1536,-999,1.0000
1537,-999,1.0000
1538,-999,1.0000
1539,-999,1.0000
1540,-999,1.0000
1541,-999,1.0000
1542,-999,1.0000
1543,-999,1.0000
1544,-999,1.0000
1545,-999,1.0000
1546,-999,1.0000
1547,-999,1.0000
1548,-999,1.0000
1549,-999,1.0000
1550,-999,1.0000
1551,-999,1.0000
1552,-999,1.0000
1553,-999,1.0000
1554,-999,1.0000
1555,-999,1.0000
1556,-999,1.0000
1557,-999,1.0000
1558,-999,1.0000
1559,-999,1.0000
1560,-999,1.0000
1561,-999,1.0000
1562,-999,1.0000
1563,-999,1.0000
1564,-999,1.0000
1565,-999,1.0000
1566,-999,1.0000
1567,-999,1.0000
1568,-999,1.0000
1569,-999,1.0000
1570,-999,1.0000
1571,-999,1.0000
1572,-999,1.0000
1573,-999,1.0000
1574,-999,1.0000
1575,-999,1.0000
1576,-999,1.0000
1577,-999,1.0000
1578,-999,1.0000
1579,-999,1.0000
1580,-999,1.0000
1581,-999,1.0000
1582,-999,1.0000
1583,-999,1.0000
1584,-999,1.0000
1585,-999,1.0000
1586,-999,1.0000
1587,-999,1.0000
1588,-999,1.0000
1589,-999,1.0000
1590,-999,1.0000
1591,-999,1.0000
1592,-999,1.0000
1593,5243,1.0000
1594,5243,1.0000
1595,5243,1.0000
1596,5243,1.0000
1597,5243,1.0000
1598,5243,1.0000
1599,5243,.4746
1599,5241,.5254
1600,5241,1.0000
1601,5241,1.0000
1602,5241,1.0000
1603,5241,1.0000
1604,5241,1.0000
1605,5241,1.0000
1606,5241,1.0000
1607,5241,1.0000
1608,5241,1.0000
1609,5241,1.0000
1610,5241,1.0000
1611,5241,1.0000
1612,5241,1.0000
1613,5241,1.0000
1614,5241,1.0000
1615,5241,1.0000
1616,5241,.4874
1616,5246,.5126
1617,5246,1.0000
1618,5246,1.0000
1619,5246,1.0000
1620,5246,.9739
1620,-999,.0261
1621,5246,.3051
1621,-999,.6949
1622,-999,1.0000
1623,-999,1.0000
1624,-999,1.0000
1625,-999,1.0000
1626,-999,1.0000
1627,-999,1.0000
1628,-999,1.0000
1629,-999,1.0000
1630,-999,1.0000
1631,-999,1.0000
1632,-999,1.0000
1633,-999,1.0000
1634,-999,1.0000
1635,-999,1.0000
1636,-999,1.0000
1637,-999,1.0000
1638,-999,1.0000
1639,-999,1.0000
1640,-999,1.0000
1641,-999,1.0000
1642,-999,1.0000
1643,-999,1.0000
1644,-999,1.0000
1645,-999,1.0000
1646,-999,1.0000
1647,-999,1.0000
1648,-999,1.0000
1649,-999,1.0000
1650,-999,1.0000
1651,-999,1.0000
1652,-999,1.0000
1653,-999,.8190
1653,5254,.1810
1654,-999,.0182
1654,5254,.9818
1655,5254,1.0000
1656,5254,1.0000
1657,5254,.4818
1657,5274,.5182
1658,5274,.9381
1658,5254,.0619
1659,5254,.1405
1659,5274,.8595
1660,5274,1.0000
1661,5274,1.0000
1662,5274,1.0000
1663,5274,.8678
1663,5254,.1322
1664,5254,.7521
1664,5274,.2479
1665,5254,1.0000
1666,5254,1.0000
1667,5254,1.0000
1668,5254,1.0000
1669,5254,1.0000
1670,5254,.9328
1670,-999,.0672
1671,-999,.7168
1671,5254,.2832
1672,-999,1.0000
1673,-999,1.0000
1674,-999,1.0000
1675,-999,1.0000
1676,-999,1.0000
1677,-999,1.0000
1678,-999,1.0000
1679,-999,1.0000
1680,-999,1.0000
1681,-999,1.0000
1682,-999,1.0000
1683,-999,1.0000
1684,-999,1.0000
1685,-999,1.0000
1686,-999,1.0000
1687,-999,1.0000
1688,-999,1.0000
1689,-999,1.0000
1690,-999,1.0000
1691,-999,1.0000
1692,-999,1.0000
1693,-999,1.0000
1694,-999,1.0000
1695,-999,1.0000
1696,-999,1.0000
1697,-999,1.0000
1698,-999,1.0000
1699,-999,1.0000
1700,-999,1.0000
1701,-999,1.0000
1702,-999,1.0000
1703,-999,1.0000
1704,-999,1.0000
1705,-999,1.0000
1706,-999,1.0000
1707,-999,1.0000
1708,-999,1.0000
1709,-999,1.0000
1710,-999,1.0000
1711,-999,1.0000
1712,-999,1.0000
1713,-999,1.0000
1714,-999,1.0000
1715,-999,1.0000
1716,-999,1.0000
1717,-999,1.0000
1718,-999,1.0000
1719,-999,1.0000
1720,-999,1.0000
1721,-999,1.0000
1722,-999,1.0000
1723,-999,1.0000
1724,-999,1.0000
1725,-999,1.0000
1726,-999,1.0000
1727,-999,1.0000
1728,-999,1.0000
1729,-999,1.0000
1730,-999,1.0000
1731,-999,1.0000
1732,-999,1.0000
1733,-999,1.0000
1734,-999,1.0000
1735,-999,1.0000
1736,-999,1.0000
1737,-999,1.0000
1738,-999,1.0000
1739,-999,1.0000
1740,-999,1.0000
1741,-999,1.0000
1742,-999,1.0000
1743,-999,1.0000
1744,-999,1.0000
1745,-999,1.0000
1746,-999,1.0000
1747,-999,1.0000
1748,-999,1.0000
1749,-999,1.0000
1750,-999,1.0000
1751,-999,1.0000
1752,-999,1.0000
1753,-999,1.0000
1754,-999,1.0000
1755,-999,1.0000
1756,-999,1.0000
1757,-999,1.0000
1758,-999,1.0000
1759,-999,1.0000
1760,-999,1.0000
1761,-999,1.0000
1762,-999,1.0000
1763,-999,1.0000
1764,-999,1.0000
1765,-999,1.0000
1766,-999,1.0000
1767,-999,1.0000
1768,-999,1.0000
1769,-999,1.0000
1770,-999,1.0000
1771,-999,1.0000
1772,-999,1.0000
1773,-999,1.0000
1774,-999,1.0000
1775,-999,1.0000
1776,-999,1.0000
1777,-999,1.0000
1778,-999,1.0000
1779,-999,1.0000
1780,-999,1.0000
1781,-999,1.0000
1782,-999,1.0000
1783,-999,1.0000
1784,-999,1.0000
1785,-999,1.0000
1786,-999,1.0000
1787,-999,1.0000
1788,-999,1.0000
1789,-999,1.0000
1790,-999,1.0000
1791,-999,1.0000
1792,5243,1.0000
1793,5243,1.0000
1794,5243,1.0000
1795,5243,1.0000
1796,5243,.9914
1796,5241,.0086
1797,5243,.5798
1797,5241,.4202
1798,5243,.0085
1798,5241,.9915
1799,5241,1.0000
1800,5241,1.0000
1801,5241,1.0000
1802,5241,1.0000
1803,5241,1.0000
1804,5241,1.0000
1805,5241,1.0000
1806,5241,1.0000
1807,5241,1.0000
1808,5241,1.0000
1809,5241,1.0000
1810,5241,1.0000
1811,5241,1.0000
1812,5241,1.0000
1813,5241,1.0000
1814,5241,.9669
1814,5246,.0331
1815,5241,.2000
1815,5246,.8000
1816,5246,1.0000
1817,5246,1.0000
1818,5246,1.0000
1819,5246,.4622
1819,-999,.5378
1820,-999,1.0000
1821,-999,1.0000
1822,-999,1.0000
1823,-999,1.0000
1824,-999,1.0000
1825,-999,1.0000
1826,-999,1.0000
1827,-999,1.0000
1828,-999,1.0000
1829,-999,1.0000
1830,-999,1.0000
1831,-999,1.0000
1832,-999,1.0000
1833,-999,1.0000
1834,-999,1.0000
1835,-999,1.0000
1836,-999,1.0000
1837,-999,1.0000
1838,-999,1.0000
1839,-999,1.0000
1840,-999,1.0000
1841,-999,1.0000
1842,-999,1.0000
1843,-999,1.0000
1844,-999,1.0000
1845,-999,1.0000
1846,-999,1.0000
1847,-999,1.0000
1848,-999,1.0000
1849,-999,1.0000
1850,-999,1.0000
1851,-999,1.0000
1852,-999,.9000
1852,5254,.1000
1853,5254,.9435
1853,-999,.0565
1854,5254,1.0000
1855,5254,1.0000
1856,5254,.2727
1856,5274,.7273
1857,5274,1.0000
1858,5274,1.0000
1859,5274,1.0000
1860,5274,1.0000
1861,5274,1.0000
1862,5274,1.0000
1863,5274,.9820
1863,5254,.0180
1864,5254,.4132
1864,5274,.5868
1865,5254,.9008
1865,5274,.0992
1866,5254,1.0000
1867,5254,1.0000
1868,5254,1.0000
1869,5254,1.0000
1870,5254,.9672
1870,-999,.0328
1871,-999,.4960
1871,5254,.5040
1872,-999,.8729
1872,5254,.1271
1873,-999,1.0000
1874,-999,1.0000
1875,-999,1.0000
1876,-999,1.0000
1877,-999,1.0000
1878,-999,1.0000
1879,-999,1.0000
1880,-999,1.0000
1881,-999,1.0000
1882,-999,1.0000
1883,-999,1.0000
1884,-999,1.0000
1885,-999,1.0000
1886,-999,1.0000
1887,-999,1.0000
1888,-999,1.0000
1889,-999,1.0000
1890,-999,1.0000
1891,-999,1.0000
1892,-999,1.0000
1893,-999,1.0000
1894,-999,1.0000
1895,-999,1.0000
1896,-999,1.0000
1897,-999,1.0000
1898,-999,1.0000
1899,-999,1.0000
1900,-999,1.0000
1901,-999,1.0000
1902,-999,1.0000
1903,-999,1.0000
1904,-999,1.0000
1905,-999,1.0000
1906,-999,1.0000
1907,-999,1.0000
1908,-999,1.0000
1909,-999,1.0000
1910,-999,1.0000
1911,-999,1.0000
1912,-999,1.0000
1913,-999,1.0000
1914,-999,1.0000
1915,-999,1.0000
1916,-999,1.0000
1917,-999,1.0000
1918,-999,1.0000
1919,-999,1.0000
1920,-999,1.0000
1921,-999,1.0000
1922,-999,1.0000
1923,-999,1.0000
1924,-999,1.0000
1925,-999,1.0000
1926,-999,1.0000
1927,-999,1.0000
1928,-999,1.0000
1929,-999,1.0000
1930,-999,1.0000
1931,-999,1.0000
1932,-999,1.0000
1933,-999,1.0000
1934,-999,1.0000
1935,-999,1.0000
1936,-999,1.0000
1937,-999,1.0000
1938,-999,1.0000
1939,-999,1.0000
1940,-999,1.0000
1941,-999,1.0000
1942,-999,1.0000
1943,-999,1.0000
1944,-999,1.0000
1945,-999,1.0000
1946,-999,1.0000
1947,-999,1.0000
1948,-999,1.0000
1949,-999,1.0000
1950,-999,1.0000
1951,-999,1.0000
1952,-999,1.0000
1953,-999,1.0000
1954,-999,1.0000
1955,-999,1.0000
1956,-999,1.0000
1957,-999,1.0000
1958,-999,1.0000
1959,-999,1.0000
1960,-999,1.0000
1961,-999,1.0000
1962,-999,1.0000
1963,-999,1.0000
1964,-999,1.0000
1965,-999,1.0000
1966,-999,1.0000
1967,-999,1.0000
1968,-999,1.0000
1969,-999,1.0000
1970,-999,1.0000
1971,-999,1.0000
1972,-999,1.0000
1973,-999,1.0000
1974,-999,1.0000
1975,-999,1.0000
1976,-999,1.0000
1977,-999,1.0000
1978,-999,1.0000
1979,-999,1.0000
1980,-999,1.0000
1981,-999,1.0000
1982,-999,1.0000
1983,-999,1.0000
1984,-999,1.0000
1985,-999,1.0000
1986,-999,1.0000
1987,-999,1.0000
1988,-999,1.0000
1989,-999,1.0000
1990,-999,1.0000
1991,5243,1.0000
1992,5243,1.0000
1993,5243,.9914
1993,5241,.0086
1994,5243,.5167
1994,5241,.4833
1995,5243,.1864
1995,5241,.8136
1996,5241,1.0000
1997,5241,1.0000
1998,5241,1.0000
1999,5241,1.0000
2000,5241,1.0000
2001,5241,1.0000
2002,5241,1.0000
2003,5241,1.0000
2004,5241,1.0000
2005,5241,1.0000
2006,5241,1.0000
2007,5241,1.0000
2008,5241,1.0000
2009,5241,1.0000
2010,5241,1.0000
2011,5241,1.0000
2012,5241,1.0000
2013,5241,.3947
2013,5246,.6053
2014,5246,1.0000
2015,5246,1.0000
2016,5246,1.0000
2017,5246,.8376
2017,-999,.1624
2018,5246,.0609
2018,-999,.9391
2019,-999,1.0000
2020,-999,1.0000
2021,-999,1.0000
2022,-999,1.0000
2023,-999,1.0000
2024,-999,1.0000
2025,-999,1.0000
2026,-999,1.0000
2027,-999,1.0000
2028,-999,1.0000
2029,-999,1.0000
2030,-999,1.0000
2031,-999,1.0000
2032,-999,1.0000
2033,-999,1.0000
2034,-999,1.0000
2035,-999,1.0000
2036,-999,1.0000
2037,-999,1.0000
2038,-999,1.0000
2039,-999,1.0000
2040,-999,1.0000
2041,-999,1.0000
2042,-999,1.0000
2043,-999,1.0000
2044,-999,1.0000
2045,-999,1.0000
2046,-999,1.0000
2047,-999,1.0000
2048,-999,1.0000
2049,-999,1.0000
2050,-999,1.0000
2051,-999,1.0000
2052,-999,.1339
2052,5254,.8661
2053,5254,1.0000
2054,5254,1.0000
2055,5254,.2124
2055,5274,.7876
2056,5274,1.0000
2057,5274,1.0000
2058,5274,1.0000
2059,5274,1.0000
2060,5274,1.0000
2061,5274,1.0000
2062,5274,1.0000
2063,5274,1.0000
2064,5274,.9182
2064,5254,.0818
2065,5254,.3559
2065,5274,.6441
2066,5254,.4959
2066,5274,.5041
2067,5254,.6694
2067,5274,.3306
2068,5254,.9292
2068,5274,.0708
2069,5254,1.0000
2070,5254,1.0000
2071,5254,.9750
2071,-999,.0250
2072,-999,.3197
2072,5254,.6803
2073,-999,.9520
2073,5254,.0480
2074,-999,1.0000
2075,-999,1.0000
2076,-999,1.0000
2077,-999,1.0000
2078,-999,1.0000
2079,-999,1.0000
2080,-999,1.0000
2081,-999,1.0000
2082,-999,1.0000
2083,-999,1.0000
2084,-999,1.0000
2085,-999,1.0000
2086,-999,1.0000
2087,-999,1.0000
2088,-999,1.0000
2089,-999,1.0000
2090,-999,1.0000
2091,-999,1.0000
2092,-999,1.0000
2093,-999,1.0000
2094,-999,1.0000
2095,-999,1.0000
2096,-999,1.0000
2097,-999,1.0000
2098,-999,1.0000
2099,-999,1.0000
2100,-999,1.0000
2101,-999,1.0000
2102,-999,1.0000
2103,-999,1.0000
2104,-999,1.0000
2105,-999,1.0000
2106,-999,1.0000
2107,-999,1.0000
2108,-999,1.0000
2109,-999,1.0000
2110,-999,1.0000
2111,-999,1.0000
2112,-999,1.0000
2113,-999,1.0000
2114,-999,1.0000
2115,-999,1.0000
2116,-999,1.0000
2117,-999,1.0000
2118,-999,1.0000
2119,-999,1.0000
2120,-999,1.0000
2121,-999,1.0000
2122,-999,1.0000
2123,-999,1.0000
2124,-999,1.0000
2125,-999,1.0000
2126,-999,1.0000
2127,-999,1.0000
2128,-999,1.0000
2129,-999,1.0000
2130,-999,1.0000
2131,-999,1.0000
2132,-999,1.0000
2133,-999,1.0000
2134,-999,1.0000
2135,-999,1.0000
2136,-999,1.0000
2137,-999,1.0000
2138,-999,1.0000
2139,-999,1.0000
2140,-999,1.0000
2141,-999,1.0000
2142,-999,1.0000
2143,-999,1.0000
2144,-999,1.0000
2145,-999,1.0000
2146,-999,1.0000
2147,-999,1.0000
2148,-999,1.0000
2149,-999,1.0000
2150,-999,1.0000
2151,-999,1.0000
2152,-999,1.0000
2153,-999,1.0000
2154,-999,1.0000
2155,-999,1.0000
2156,-999,1.0000
2157,-999,1.0000
2158,-999,1.0000
2159,-999,1.0000
2160,-999,1.0000
2161,-999,1.0000
2162,-999,1.0000
2163,-999,1.0000
2164,-999,1.0000
2165,-999,1.0000
2166,-999,1.0000
2167,-999,1.0000
2168,-999,1.0000
2169,-999,1.0000
2170,-999,1.0000
2171,-999,1.0000
2172,-999,1.0000
2173,-999,1.0000
2174,-999,1.0000
2175,-999,1.0000
2176,-999,1.0000
2177,-999,1.0000
2178,-999,1.0000
2179,-999,1.0000
2180,-999,1.0000
2181,-999,1.0000
2182,-999,1.0000
2183,-999,1.0000
2184,-999,1.0000
2185,-999,1.0000
2186,-999,1.0000
2187,-999,1.0000
2188,-999,1.0000
2189,-999,1.0000
2190,5243,.9487
2190,5225,.0513
2191,5243,1.0000
2192,5243,.6356
2192,5241,.3644
2193,5241,1.0000
2194,5241,1.0000
2195,5241,1.0000
2196,5241,1.0000
2197,5241,1.0000
2198,5241,1.0000
2199,5241,1.0000
2200,5241,1.0000
2201,5241,1.0000
2202,5241,1.0000
2203,5241,1.0000
2204,5241,1.0000
2205,5241,1.0000
2206,5241,1.0000
2207,5241,1.0000
2208,5241,1.0000
2209,5241,1.0000
2210,5241,1.0000
2211,5241,.5739
2211,5246,.4261
2212,5241,.0165
2212,5246,.9835
2213,5246,1.0000
2214,5246,1.0000
2215,5246,.9915
2215,-999,.0085
2216,5246,.4786
2216,-999,.5214
2217,-999,1.0000
2218,-999,1.0000
2219,-999,1.0000
2220,-999,1.0000
2221,-999,1.0000
2222,-999,1.0000
2223,-999,1.0000
2224,-999,1.0000
2225,-999,1.0000
2226,-999,1.0000
2227,-999,1.0000
2228,-999,1.0000
2229,-999,1.0000
2230,-999,1.0000
2231,-999,1.0000
2232,-999,1.0000
2233,-999,1.0000
2234,-999,1.0000
2235,-999,1.0000
2236,-999,1.0000
2237,-999,1.0000
2238,-999,1.0000
2239,-999,1.0000
2240,-999,1.0000
2241,-999,1.0000
2242,-999,1.0000
2243,-999,1.0000
2244,-999,1.0000
2245,-999,1.0000
2246,-999,1.0000
2247,-999,1.0000
2248,-999,1.0000
2249,-999,1.0000
2250,-999,.9076
2250,5254,.0924
2251,-999,.0248
2251,5254,.9752
2252,5254,1.0000
2253,5254,.8684
2253,5274,.1316
2254,5254,.0661
2254,5274,.9339
2255,5274,1.0000
2256,5274,1.0000
2257,5274,1.0000
2258,5274,1.0000
2259,5274,1.0000
2260,5274,1.0000
2261,5274,1.0000
2262,5274,1.0000
2263,5274,1.0000
2264,5274,1.0000
2265,5274,1.0000
2266,5274,1.0000
2267,5274,.8595
2267,5254,.1405
2268,5254,.8264
2268,5274,.1736
2269,5254,1.0000
2270,5254,1.0000
2271,5254,.9364
2271,-999,.0636
2272,5254,.3818
2272,-999,.6182
2273,-999,1.0000
2274,-999,1.0000
2275,-999,1.0000
2276,-999,1.0000
2277,-999,1.0000
2278,-999,1.0000
2279,-999,1.0000
2280,-999,1.0000
2281,-999,1.0000
2282,-999,1.0000
2283,-999,1.0000
2284,-999,1.0000
2285,-999,1.0000
2286,-999,1.0000
2287,-999,1.0000
2288,-999,1.0000
2289,-999,1.0000
2290,-999,1.0000
2291,-999,1.0000
2292,-999,1.0000
2293,-999,1.0000
2294,-999,1.0000
2295,-999,1.0000
2296,-999,1.0000
2297,-999,1.0000
2298,-999,1.0000
2299,-999,1.0000
2300,-999,1.0000
2301,-999,1.0000
2302,-999,1.0000
2303,-999,1.0000
2304,-999,1.0000
2305,-999,1.0000
2306,-999,1.0000
2307,-999,1.0000
2308,-999,1.0000
2309,-999,1.0000
2310,-999,1.0000
2311,-999,1.0000
2312,-999,1.0000
2313,-999,1.0000
2314,-999,1.0000
2315,-999,1.0000
2316,-999,1.0000
2317,-999,1.0000
2318,-999,1.0000
2319,-999,1.0000
2320,-999,1.0000
2321,-999,1.0000
2322,-999,1.0000
2323,-999,1.0000
2324,-999,1.0000
2325,-999,1.0000
2326,-999,1.0000
2327,-999,1.0000
2328,-999,1.0000
2329,-999,1.0000
2330,-999,1.0000
2331,-999,1.0000
2332,-999,1.0000
2333,-999,1.0000
2334,-999,1.0000
2335,-999,1.0000
2336,-999,1.0000
2337,-999,1.0000
2338,-999,1.0000
2339,-999,1.0000
2340,-999,1.0000
2341,-999,1.0000
2342,-999,1.0000
2343,-999,1.0000
2344,-999,1.0000
2345,-999,1.0000
2346,-999,1.0000
2347,-999,1.0000
2348,-999,1.0000
2349,-999,1.0000
2350,-999,1.0000
2351,-999,1.0000
2352,-999,1.0000
2353,-999,1.0000
2354,-999,1.0000
2355,-999,1.0000
2356,-999,1.0000
2357,-999,1.0000
2358,-999,1.0000
2359,-999,1.0000
2360,-999,1.0000
2361,-999,1.0000
2362,-999,1.0000
2363,-999,1.0000
2364,-999,1.0000
2365,-999,1.0000
2366,-999,1.0000
2367,-999,1.0000
2368,-999,1.0000
2369,-999,1.0000
2370,-999,1.0000
2371,-999,1.0000
2372,-999,1.0000
2373,-999,1.0000
2374,-999,1.0000
2375,-999,1.0000
2376,-999,1.0000
2377,-999,1.0000
2378,-999,1.0000
2379,-999,1.0000
2380,-999,1.0000
2381,-999,1.0000
2382,-999,1.0000
2383,-999,1.0000
2384,-999,1.0000
2385,-999,1.0000
2386,-999,1.0000
2387,-999,1.0000
2388,-999,1.0000
2389,5225,.0339
2389,5243,.9237
2389,5241,.0424
2390,5243,.6581
2390,5241,.3419
2391,5243,.4786
2391,5241,.5214
2392,5241,1.0000
2393,5241,1.0000
2394,5241,1.0000
2395,5241,1.0000
2396,5241,1.0000
2397,5241,1.0000
2398,5241,1.0000
2399,5241,1.0000
2400,5241,1.0000
2401,5241,1.0000
2402,5241,1.0000
2403,5241,1.0000
2404,5241,1.0000
2405,5241,1.0000
2406,5241,.9913
2406,5246,.0087
2407,5241,.8167
2407,5246,.1833
2408,5241,.8220
2408,5246,.1780
2409,5241,.4444
2409,5246,.5556
2410,5241,.0167
2410,5246,.9833
2411,5246,1.0000
2412,5246,1.0000
2413,5246,1.0000
2414,5246,.9833
2414,-999,.0167
2415,5246,.0847
2415,-999,.9153
2416,-999,1.0000
2417,-999,1.0000
2418,-999,1.0000
2419,-999,1.0000
2420,-999,1.0000
2421,-999,1.0000
2422,-999,1.0000
2423,-999,1.0000
2424,-999,1.0000
2425,-999,1.0000
2426,-999,1.0000
2427,-999,1.0000
2428,-999,1.0000
2429,-999,1.0000
2430,-999,1.0000
2431,-999,1.0000
2432,-999,1.0000
2433,-999,1.0000
2434,-999,1.0000
2435,-999,1.0000
2436,-999,1.0000
2437,-999,1.0000
2438,-999,1.0000
2439,-999,1.0000
2440,-999,1.0000
2441,-999,1.0000
2442,-999,1.0000
2443,-999,1.0000
2444,-999,1.0000
2445,-999,1.0000
2446,-999,1.0000
2447,-999,1.0000
2448,-999,1.0000
2449,-999,.7759
2449,5254,.2241
2450,5254,1.0000
2451,5254,.7851
2451,5274,.2149
2452,5254,.0339
2452,5274,.9661
2453,5274,1.0000
2454,5274,1.0000
2455,5274,1.0000
2456,5274,1.0000
2457,5274,1.0000
2458,5274,1.0000
2459,5274,1.0000
2460,5274,1.0000
2461,5274,1.0000
2462,5274,1.0000
2463,5274,1.0000
2464,5274,1.0000
2465,5274,1.0000
2466,5274,1.0000
2467,5274,.8545
2467,5254,.1455
2468,5254,.7456
2468,5274,.2544
2469,5254,1.0000
2470,5254,1.0000
2471,5254,.4298
2471,-999,.5702
2472,-999,1.0000
2473,-999,1.0000
2474,-999,1.0000
2475,-999,1.0000
2476,-999,1.0000
2477,-999,1.0000
2478,-999,1.0000
2479,-999,1.0000
2480,-999,1.0000
2481,-999,1.0000
2482,-999,1.0000
2483,-999,1.0000
2484,-999,1.0000
2485,-999,1.0000
2486,-999,1.0000
2487,-999,1.0000
2488,-999,1.0000
2489,-999,1.0000
2490,-999,1.0000
2491,-999,1.0000
2492,-999,1.0000
2493,-999,1.0000
2494,-999,1.0000
2495,-999,1.0000
2496,-999,1.0000
2497,-999,1.0000
2498,-999,1.0000
2499,-999,1.0000
2500,-999,1.0000
2501,-999,1.0000
2502,-999,1.0000
2503,-999,1.0000
2504,-999,1.0000
2505,-999,1.0000
2506,-999,1.0000
2507,-999,1.0000
2508,-999,1.0000
2509,-999,1.0000
2510,-999,1.0000
2511,-999,1.0000
2512,-999,1.0000
2513,-999,1.0000
2514,-999,1.0000
2515,-999,1.0000
2516,-999,1.0000
2517,-999,1.0000
2518,-999,1.0000
2519,-999,1.0000
2520,-999,1.0000
2521,-999,1.0000
2522,-999,1.0000
2523,-999,1.0000
2524,-999,1.0000
2525,-999,1.0000
2526,-999,1.0000
2527,-999,1.0000
2528,-999,1.0000
2529,-999,1.0000
2530,-999,1.0000
2531,-999,1.0000
2532,-999,1.0000
2533,-999,1.0000
2534,-999,1.0000
2535,-999,1.0000
2536,-999,1.0000
2537,-999,1.0000
2538,-999,1.0000
2539,-999,1.0000
2540,-999,1.0000
2541,-999,1.0000
2542,-999,1.0000
2543,-999,1.0000
2544,-999,1.0000
2545,-999,1.0000
2546,-999,1.0000
2547,-999,1.0000
2548,-999,1.0000
2549,-999,1.0000
2550,-999,1.0000
2551,-999,1.0000
2552,-999,1.0000
2553,-999,1.0000
2554,-999,1.0000
2555,-999,1.0000
2556,-999,1.0000
2557,-999,1.0000
2558,-999,1.0000
2559,-999,1.0000
2560,-999,1.0000
2561,-999,1.0000
2562,-999,1.0000
2563,-999,1.0000
2564,-999,1.0000
2565,-999,1.0000
2566,-999,1.0000
2567,-999,1.0000
2568,-999,1.0000
2569,-999,1.0000
2570,-999,1.0000
2571,-999,1.0000
2572,-999,1.0000
2573,-999,1.0000
2574,-999,1.0000
2575,-999,1.0000
2576,-999,1.0000
2577,-999,1.0000
2578,-999,1.0000
2579,-999,1.0000
2580,-999,1.0000
2581,-999,1.0000
2582,-999,1.0000
2583,-999,1.0000
2584,-999,1.0000
2585,-999,1.0000
2586,-999,1.0000
2587,-999,1.0000
2588,5243,.3504
2588,5241,.6154
2588,5225,.0342
2589,5241,1.0000
2590,5241,1.0000
2591,5241,1.0000
2592,5241,1.0000
2593,5241,1.0000
2594,5241,.5726
2594,5225,.4274
2595,5241,.8621
2595,5225,.1379
2596,5241,1.0000
2597,5241,1.0000
2598,5241,1.0000
2599,5241,1.0000
2600,5241,1.0000
2601,5241,1.0000
2602,5241,1.0000
2603,5241,1.0000
2604,5241,.7949
2604,5246,.2051
2605,5241,.2397
2605,5246,.7603
2606,5246,1.0000
2607,5246,1.0000
2608,5246,1.0000
2609,5246,1.0000
2610,5246,1.0000
2611,5246,1.0000
2612,5246,1.0000
2613,5246,.7692
2613,-999,.2308
2614,5246,.0342
2614,-999,.9658
2615,-999,1.0000
2616,-999,1.0000
2617,-999,1.0000
2618,-999,1.0000
2619,-999,1.0000
2620,-999,1.0000
2621,-999,1.0000
2622,-999,1.0000
2623,-999,1.0000
2624,-999,1.0000
2625,-999,1.0000
2626,-999,1.0000
2627,-999,1.0000
2628,-999,1.0000
2629,-999,1.0000
2630,-999,1.0000
2631,-999,1.0000
2632,-999,1.0000
2633,-999,1.0000
2634,-999,1.0000
2635,-999,1.0000
2636,-999,1.0000
2637,-999,1.0000
2638,-999,1.0000
2639,-999,1.0000
2640,-999,1.0000
2641,-999,1.0000
2642,-999,1.0000
2643,-999,1.0000
2644,-999,1.0000
2645,-999,1.0000
2646,-999,1.0000
2647,-999,1.0000
2648,-999,.6942
2648,5254,.3058
2649,5254,1.0000
2650,5254,.6726
2650,5274,.3274
2651,5274,1.0000
2652,5274,1.0000
2653,5274,1.0000
2654,5274,1.0000
2655,5274,1.0000
2656,5274,1.0000
2657,5274,1.0000
2658,5274,1.0000
2659,5274,1.0000
2660,5274,1.0000
2661,5274,1.0000
2662,5274,1.0000
2663,5274,1.0000
2664,5274,1.0000
2665,5274,1.0000
2666,5274,1.0000
2667,5274,.9831
2667,5254,.0169
2668,5254,.6818
2668,5274,.3182
2669,5254,1.0000
2670,5254,.7411
2670,-999,.2589
2671,-999,1.0000
2672,-999,1.0000
2673,-999,1.0000
2674,-999,1.0000
2675,-999,1.0000
2676,-999,1.0000
2677,-999,1.0000
2678,-999,1.0000
2679,-999,1.0000
2680,-999,1.0000
2681,-999,1.0000
2682,-999,1.0000
2683,-999,1.0000
2684,-999,1.0000
2685,-999,1.0000
2686,-999,1.0000
2687,-999,1.0000
2688,-999,1.0000
2689,-999,1.0000
2690,-999,1.0000
2691,-999,1.0000
2692,-999,1.0000
2693,-999,1.0000
2694,-999,1.0000
2695,-999,1.0000
2696,-999,1.0000
2697,-999,1.0000
2698,-999,1.0000
2699,-999,1.0000
2700,-999,1.0000
2701,-999,1.0000
2702,-999,1.0000
2703,-999,1.0000
2704,-999,1.0000
2705,-999,1.0000
2706,-999,1.0000
2707,-999,1.0000
2708,-999,1.0000
2709,-999,1.0000
2710,-999,1.0000
2711,-999,1.0000
2712,-999,1.0000
2713,-999,1.0000
2714,-999,1.0000
2715,-999,1.0000
2716,-999,1.0000
2717,-999,1.0000
2718,-999,1.0000
2719,-999,1.0000
2720,-999,1.0000
2721,-999,1.0000
2722,-999,1.0000
2723,-999,1.0000
2724,-999,1.0000
2725,-999,1.0000
2726,-999,1.0000
2727,-999,1.0000
2728,-999,1.0000
2729,-999,1.0000
2730,-999,1.0000
2731,-999,1.0000
2732,-999,1.0000
2733,-999,1.0000
2734,-999,1.0000
2735,-999,1.0000
2736,-999,1.0000
2737,-999,1.0000
2738,-999,1.0000
2739,-999,1.0000
2740,-999,1.0000
2741,-999,1.0000
2742,-999,1.0000
2743,-999,1.0000
2744,-999,1.0000
2745,-999,1.0000
2746,-999,1.0000
2747,-999,1.0000
2748,-999,1.0000
2749,-999,1.0000
2750,-999,1.0000
2751,-999,1.0000
2752,-999,1.0000
2753,-999,1.0000
2754,-999,1.0000
2755,-999,1.0000
2756,-999,1.0000
2757,-999,1.0000
2758,-999,1.0000
2759,-999,1.0000
2760,-999,1.0000
2761,-999,1.0000
2762,-999,1.0000
2763,-999,1.0000
2764,-999,1.0000
2765,-999,1.0000
2766,-999,1.0000
2767,-999,1.0000
2768,-999,1.0000
2769,-999,1.0000
2770,-999,1.0000
2771,-999,1.0000
2772,-999,1.0000
2773,-999,1.0000
2774,-999,1.0000
2775,-999,1.0000
2776,-999,1.0000
2777,-999,1.0000
2778,-999,1.0000
2779,-999,1.0000
2780,-999,1.0000
2781,-999,1.0000
2782,-999,1.0000
2783,-999,1.0000
2784,-999,1.0000
2785,-999,1.0000
2786,-999,1.0000
2787,5241,1.0000
2788,5241,1.0000
2789,5241,1.0000
2790,5241,1.0000
2791,5241,.8305
2791,5225,.1695
2792,5241,.6667
2792,5225,.3333
2793,5241,.1345
2793,5225,.8655
2794,5225,.1429
2794,5241,.8571
2795,5241,1.0000
2796,5241,1.0000
2797,5241,1.0000
2798,5241,1.0000
2799,5241,1.0000
2800,5241,1.0000
2801,5241,.7018
2801,5246,.2982
2802,5241,.6325
2802,5246,.3675
2803,5241,.4118
2803,5246,.5882
2804,5246,1.0000
2805,5246,1.0000
2806,5246,1.0000
2807,5246,1.0000
2808,5246,1.0000
2809,5246,1.0000
2810,5246,1.0000
2811,5246,.8718
2811,-999,.1282
2812,5246,.1849
2812,-999,.8151
2813,-999,1.0000
2814,-999,1.0000
2815,-999,1.0000
2816,-999,1.0000
2817,-999,1.0000
2818,-999,1.0000
2819,-999,1.0000
2820,-999,1.0000
2821,-999,1.0000
2822,-999,1.0000
2823,-999,1.0000
2824,-999,1.0000
2825,-999,1.0000
2826,-999,1.0000
2827,-999,1.0000
2828,-999,1.0000
2829,-999,1.0000
2830,-999,1.0000
2831,-999,1.0000
2832,-999,1.0000
2833,-999,1.0000
2834,-999,1.0000
2835,-999,1.0000
2836,-999,1.0000
2837,-999,1.0000
2838,-999,1.0000
2839,-999,1.0000
2840,-999,1.0000
2841,-999,1.0000
2842,-999,1.0000
2843,-999,1.0000
2844,-999,1.0000
2845,-999,1.0000
2846,-999,1.0000
2847,-999,.5357
2847,5254,.4643
2848,5254,1.0000
2849,5254,.3306
2849,5274,.6694
2850,5274,1.0000
2851,5274,1.0000
2852,5274,1.0000
2853,5274,1.0000
2854,5274,1.0000
2855,5274,1.0000
2856,5274,1.0000
2857,5274,1.0000
2858,5274,1.0000
2859,5274,1.0000
2860,5274,1.0000
2861,5274,1.0000
2862,5274,1.0000
2863,5274,1.0000
2864,5274,1.0000
2865,5274,1.0000
2866,5274,1.0000
2867,5274,.5455
2867,5254,.4545
2868,5254,1.0000
2869,5254,.9917
2869,-999,.0083
2870,-999,.7545
2870,5254,.2455
2871,-999,1.0000
2872,-999,1.0000
2873,-999,1.0000
2874,-999,1.0000
2875,-999,1.0000
2876,-999,1.0000
2877,-999,1.0000
2878,-999,1.0000
2879,-999,1.0000
2880,-999,1.0000
2881,-999,1.0000
2882,-999,1.0000
2883,-999,1.0000
2884,-999,1.0000
2885,-999,1.0000
2886,-999,1.0000
2887,-999,1.0000
2888,-999,1.0000
2889,-999,1.0000
2890,-999,1.0000
2891,-999,1.0000
2892,-999,1.0000
2893,-999,1.0000
2894,-999,1.0000
2895,-999,1.0000
2896,-999,1.0000
2897,-999,1.0000
2898,-999,1.0000
2899,-999,1.0000
2900,-999,1.0000
2901,-999,1.0000
2902,-999,1.0000
2903,-999,1.0000
2904,-999,1.0000
2905,-999,1.0000
2906,-999,1.0000
2907,-999,1.0000
2908,-999,1.0000
2909,-999,1.0000
2910,-999,1.0000
2911,-999,1.0000
2912,-999,1.0000
2913,-999,1.0000
2914,-999,1.0000
2915,-999,1.0000
2916,-999,1.0000
2917,-999,1.0000
2918,-999,1.0000
2919,-999,1.0000
2920,-999,1.0000
2921,-999,1.0000
2922,-999,1.0000
2923,-999,1.0000
2924,-999,1.0000
2925,-999,1.0000
2926,-999,1.0000
2927,-999,1.0000
2928,-999,1.0000
2929,-999,1.0000
2930,-999,1.0000
2931,-999,1.0000
2932,-999,1.0000
2933,-999,1.0000
2934,-999,1.0000
2935,-999,1.0000
2936,-999,1.0000
2937,-999,1.0000
2938,-999,1.0000
2939,-999,1.0000
2940,-999,1.0000
2941,-999,1.0000
2942,-999,1.0000
2943,-999,1.0000
2944,-999,1.0000
2945,-999,1.0000
2946,-999,1.0000
2947,-999,1.0000
2948,-999,1.0000
2949,-999,1.0000
2950,-999,1.0000
2951,-999,1.0000
2952,-999,1.0000
2953,-999,1.0000
2954,-999,1.0000
2955,-999,1.0000
2956,-999,1.0000
2957,-999,1.0000
2958,-999,1.0000
2959,-999,1.0000
2960,-999,1.0000
2961,-999,1.0000
2962,-999,1.0000
2963,-999,1.0000
2964,-999,1.0000
2965,-999,1.0000
2966,-999,1.0000
2967,-999,1.0000
2968,-999,1.0000
2969,-999,1.0000
2970,-999,1.0000
2971,-999,1.0000
2972,-999,1.0000
2973,-999,1.0000
2974,-999,1.0000
2975,-999,1.0000
2976,-999,1.0000
2977,-999,1.0000
2978,-999,1.0000
2979,-999,1.0000
2980,-999,1.0000
2981,-999,1.0000
2982,-999,1.0000
2983,-999,1.0000
2984,-999,1.0000
2985,-999,1.0000
2986,5241,.6923
2986,5225,.3077
2987,5241,.9500
2987,5225,.0500
2988,5241,1.0000
2989,5241,1.0000
2990,5241,.2627
2990,5225,.7373
2991,5225,.9916
2991,5241,.0084
2992,5225,.8870
2992,5241,.1130
2993,5225,.0431
2993,5241,.9569
2994,5241,1.0000
2995,5241,1.0000
2996,5241,1.0000
2997,5241,1.0000
2998,5241,1.0000
2999,5241,.8707
2999,5246,.1293
3000,5241,.9083
3000,5246,.0917
3001,5246,.6303
3001,5241,.3697
3002,5246,1.0000
3003,5246,1.0000
3004,5246,1.0000
3005,5246,1.0000
3006,5246,1.0000
3007,5246,1.0000
3008,5246,1.0000
3009,5246,1.0000
3010,5246,.5983
3010,-999,.4017
3011,-999,1.0000
3012,-999,1.0000
3013,-999,1.0000
3014,-999,1.0000
3015,-999,1.0000
3016,-999,1.0000
3017,-999,1.0000
3018,-999,1.0000
3019,-999,1.0000
3020,-999,1.0000
3021,-999,1.0000
3022,-999,1.0000
3023,-999,1.0000
3024,-999,1.0000
3025,-999,1.0000
3026,-999,1.0000
3027,-999,1.0000
3028,-999,1.0000
3029,-999,1.0000
3030,-999,1.0000
3031,-999,1.0000
3032,-999,1.0000
3033,-999,1.0000
3034,-999,1.0000
3035,-999,1.0000
3036,-999,1.0000
3037,-999,1.0000
3038,-999,1.0000
3039,-999,1.0000
3040,-999,1.0000
3041,-999,1.0000
3042,-999,1.0000
3043,-999,1.0000
3044,-999,1.0000
3045,-999,1.0000
3046,-999,.3984
3046,5254,.6016
3047,5254,1.0000
3048,5254,.3727
3048,5274,.6273
3049,5274,1.0000
3050,5274,1.0000
3051,5274,1.0000
3052,5274,1.0000
3053,5274,1.0000
3054,5274,1.0000
3055,5274,1.0000
3056,5274,1.0000
3057,5274,1.0000
3058,5274,1.0000
3059,5274,1.0000
3060,5274,1.0000
3061,5274,1.0000
3062,5274,1.0000
3063,5274,1.0000
3064,5274,1.0000
3065,5274,1.0000
3066,5274,.5690
3066,5254,.4310
3067,5254,1.0000
3068,5254,.8644
3068,-999,.1356
3069,5254,.3554
3069,-999,.6446
3070,-999,1.0000
3071,-999,1.0000
3072,-999,1.0000
3073,-999,1.0000
3074,-999,1.0000
3075,-999,1.0000
3076,-999,1.0000
3077,-999,1.0000
3078,-999,1.0000
3079,-999,1.0000
3080,-999,1.0000
3081,-999,1.0000
3082,-999,1.0000
3083,-999,1.0000
3084,-999,1.0000
3085,-999,1.0000
3086,-999,1.0000
3087,-999,1.0000
3088,-999,1.0000
3089,-999,1.0000
3090,-999,1.0000
3091,-999,1.0000
3092,-999,1.0000
3093,-999,1.0000
3094,-999,1.0000
3095,-999,1.0000
3096,-999,1.0000
3097,-999,1.0000
3098,-999,1.0000
3099,-999,1.0000
3100,-999,1.0000
3101,-999,1.0000
3102,-999,1.0000
3103,-999,1.0000
3104,-999,1.0000
3105,-999,1.0000
3106,-999,1.0000
3107,-999,1.0000
3108,-999,1.0000
3109,-999,1.0000
3110,-999,1.0000
3111,-999,1.0000
3112,-999,1.0000
3113,-999,1.0000
3114,-999,1.0000
3115,-999,1.0000
3116,-999,1.0000
3117,-999,1.0000
3118,-999,1.0000
3119,-999,1.0000
3120,-999,1.0000
3121,-999,1.0000
3122,-999,1.0000
3123,-999,1.0000
3124,-999,1.0000
3125,-999,1.0000
3126,-999,1.0000
3127,-999,1.0000
3128,-999,1.0000
3129,-999,1.0000
3130,-999,1.0000
3131,-999,1.0000
3132,-999,1.0000
3133,-999,1.0000
3134,-999,1.0000
3135,-999,1.0000
3136,-999,1.0000
3137,-999,1.0000
3138,-999,1.0000
3139,-999,1.0000
3140,-999,1.0000
3141,-999,1.0000
3142,-999,1.0000
3143,-999,1.0000
3144,-999,1.0000
3145,-999,1.0000
3146,-999,1.0000
3147,-999,1.0000
3148,-999,1.0000
3149,-999,1.0000
3150,-999,1.0000
3151,-999,1.0000
3152,-999,1.0000
3153,-999,1.0000
3154,-999,1.0000
3155,-999,1.0000
3156,-999,1.0000
3157,-999,1.0000
3158,-999,1.0000
3159,-999,1.0000
3160,-999,1.0000
3161,-999,1.0000
3162,-999,1.0000
3163,-999,1.0000
3164,-999,1.0000
3165,-999,1.0000
3166,-999,1.0000
3167,-999,1.0000
3168,-999,1.0000
3169,-999,1.0000
3170,-999,1.0000
3171,-999,1.0000
3172,-999,1.0000
3173,-999,1.0000
3174,-999,1.0000
3175,-999,1.0000
3176,-999,1.0000
3177,-999,1.0000
3178,-999,1.0000
3179,-999,1.0000
3180,-999,1.0000
3181,-999,1.0000
3182,-999,1.0000
3183,-999,1.0000
3184,-999,1.0000
3185,5225,.9407
3185,5241,.0593
3186,5241,.6810
3186,5225,.3190
3187,5241,.9828
3187,5225,.0172
3188,5241,.2773
3188,5225,.7227
3189,5241,.0085
3189,5225,.9915
3190,5225,1.0000
3191,5225,.9667
3191,5241,.0333
3192,5241,.7500
3192,5225,.2500
3193,5241,.9576
3193,5225,.0424
3194,5241,1.0000
3195,5241,1.0000
3196,5241,1.0000
3197,5241,.9573
3197,5246,.0427
3198,5241,.1230
3198,5246,.8770
3199,5241,.3879
3199,5246,.6121
3200,5241,.0840
3200,5246,.9160
3201,5246,1.0000
3202,5246,1.0000
3203,5246,1.0000
3204,5246,1.0000
3205,5246,1.0000
3206,5246,1.0000
3207,5246,1.0000
3208,5246,1.0000
3209,5246,.7265
3209,-999,.2735
3210,-999,.9831
3210,5246,.0169
3211,-999,1.0000
3212,-999,1.0000
3213,-999,1.0000
3214,-999,1.0000
3215,-999,1.0000
3216,-999,1.0000
3217,-999,1.0000
3218,-999,1.0000
3219,-999,1.0000
3220,-999,1.0000
3221,-999,1.0000
3222,-999,1.0000
3223,-999,1.0000
3224,-999,1.0000
3225,-999,1.0000
3226,-999,1.0000
3227,-999,1.0000
3228,-999,1.0000
3229,-999,1.0000
3230,-999,1.0000
3231,-999,1.0000
3232,-999,1.0000
3233,-999,1.0000
3234,-999,1.0000
3235,-999,1.0000
3236,-999,1.0000
3237,-999,1.0000
3238,-999,1.0000
3239,-999,1.0000
3240,-999,1.0000
3241,-999,1.0000
3242,-999,1.0000
3243,-999,1.0000
3244,-999,1.0000
3245,-999,.9115
3245,5254,.0885
3246,5254,.9421
3246,-999,.0579
3247,5254,.8400
3247,5274,.1600
3248,5274,.8621
3248,5254,.1379
3249,5274,1.0000
3250,5274,1.0000
3251,5274,1.0000
3252,5274,1.0000
3253,5274,1.0000
3254,5274,1.0000
3255,5274,1.0000
3256,5274,1.0000
3257,5274,1.0000
3258,5274,1.0000
3259,5274,1.0000
3260,5274,1.0000
3261,5274,1.0000
3262,5274,1.0000
3263,5274,1.0000
3264,5274,1.0000
3265,5274,.6911
3265,5254,.3089
3266,5254,1.0000
3267,5254,1.0000
3268,5254,.8545
3268,-999,.1455
3269,-999,.9636
3269,5254,.0364
3270,-999,1.0000
3271,-999,1.0000
3272,-999,1.0000
3273,-999,1.0000
3274,-999,1.0000
3275,-999,1.0000
3276,-999,1.0000
3277,-999,1.0000
3278,-999,1.0000
3279,-999,1.0000
3280,-999,1.0000
3281,-999,1.0000
3282,-999,1.0000
3283,-999,1.0000
3284,-999,1.0000
3285,-999,1.0000
3286,-999,1.0000
3287,-999,1.0000
3288,-999,1.0000
3289,-999,1.0000
3290,-999,1.0000
3291,-999,1.0000
3292,-999,1.0000
3293,-999,1.0000
3294,-999,1.0000
3295,-999,1.0000
3296,-999,1.0000
3297,-999,1.0000
3298,-999,1.0000
3299,-999,1.0000
3300,-999,1.0000
3301,-999,1.0000
3302,-999,1.0000
3303,-999,1.0000
3304,-999,1.0000
3305,-999,1.0000
3306,-999,1.0000
3307,-999,1.0000
3308,-999,1.0000
3309,-999,1.0000
3310,-999,1.0000
3311,-999,1.0000
3312,-999,1.0000
3313,-999,1.0000
3314,-999,1.0000
3315,-999,1.0000
3316,-999,1.0000
3317,-999,1.0000
3318,-999,1.0000
3319,-999,1.0000
3320,-999,1.0000
3321,-999,1.0000
3322,-999,1.0000
3323,-999,1.0000
3324,-999,1.0000
3325,-999,1.0000
3326,-999,1.0000
3327,-999,1.0000
3328,-999,1.0000
3329,-999,1.0000
3330,-999,1.0000
3331,-999,1.0000
3332,-999,1.0000
3333,-999,1.0000
3334,-999,1.0000
3335,-999,1.0000
3336,-999,1.0000
3337,-999,1.0000
3338,-999,1.0000
3339,-999,1.0000
3340,-999,1.0000
3341,-999,1.0000
3342,-999,1.0000
3343,-999,1.0000
3344,-999,1.0000
3345,-999,1.0000
3346,-999,1.0000
3347,-999,1.0000
3348,-999,1.0000
3349,-999,1.0000
3350,-999,1.0000
3351,-999,1.0000
3352,-999,1.0000
3353,-999,1.0000
3354,-999,1.0000
3355,-999,1.0000
3356,-999,1.0000
3357,-999,1.0000
3358,-999,1.0000
3359,-999,1.0000
3360,-999,1.0000
3361,-999,1.0000
3362,-999,1.0000
3363,-999,1.0000
3364,-999,1.0000
3365,-999,1.0000
3366,-999,1.0000
3367,-999,1.0000
3368,-999,1.0000
3369,-999,1.0000
3370,-999,1.0000
3371,-999,1.0000
3372,-999,1.0000
3373,-999,1.0000
3374,-999,1.0000
3375,-999,1.0000
3376,-999,1.0000
3377,-999,1.0000
3378,-999,1.0000
3379,-999,1.0000
3380,-999,1.0000
3381,-999,1.0000
3382,-999,1.0000
3383,-999,1.0000
3384,5225,1.0000
3385,5225,.6667
3385,5241,.3333
3386,5241,.4202
3386,5225,.5798
3387,5241,.0684
3387,5225,.9316
3388,5225,1.0000
3389,5225,1.0000
3390,5225,1.0000
3391,5225,.9829
3391,5241,.0171
3392,5225,.4132
3392,5241,.5868
3393,5241,1.0000
3394,5241,1.0000
3395,5241,1.0000
3396,5241,1.0000
3397,5241,.2672
3397,5246,.7328
3398,5246,1.0000
3399,5246,.9658
3399,5242,.0342
3400,5246,.5913
3400,5242,.4087
3401,5246,.3967
3401,5242,.6033
3402,5246,.6752
3402,5242,.3248
3403,5246,.8644
3403,5242,.1356
3404,5246,.9835
3404,5242,.0165
3405,5246,1.0000
3406,5246,1.0000
3407,5246,1.0000
3408,5246,1.0000
3409,5246,.3917
3409,-999,.6083
3410,-999,1.0000
3411,-999,1.0000
3412,-999,1.0000
3413,-999,1.0000
3414,-999,1.0000
3415,-999,1.0000
3416,-999,1.0000
3417,-999,1.0000
3418,-999,1.0000
3419,-999,1.0000
3420,-999,1.0000
3421,-999,1.0000
3422,-999,1.0000
3423,-999,1.0000
3424,-999,1.0000
3425,-999,1.0000
3426,-999,1.0000
3427,-999,1.0000
3428,-999,1.0000
3429,-999,1.0000
3430,-999,1.0000
3431,-999,1.0000
3432,-999,1.0000
3433,-999,1.0000
3434,-999,1.0000
3435,-999,1.0000
3436,-999,1.0000
3437,-999,1.0000
3438,-999,1.0000
3439,-999,1.0000
3440,-999,1.0000
3441,-999,1.0000
3442,-999,1.0000
3443,-999,1.0000
3444,-999,.5455
3444,5254,.4545
3445,5254,1.0000
3446,5254,1.0000
3447,5254,.8065
3447,5274,.1935
3448,5274,.8320
3448,5254,.1680
3449,5274,1.0000
3450,5274,1.0000
3451,5274,1.0000
3452,5274,1.0000
3453,5274,1.0000
3454,5274,1.0000
3455,5274,1.0000
3456,5274,1.0000
3457,5274,1.0000
3458,5274,1.0000
3459,5274,1.0000
3460,5274,.8512
3460,5254,.1488
3461,5274,.5785
3461,5254,.4215
3462,5274,.8403
3462,5254,.1597
3463,5274,1.0000
3464,5274,.7545
3464,5254,.2455
3465,5254,1.0000
3466,5254,1.0000
3467,5254,1.0000
3468,5254,.2893
3468,-999,.7107
3469,-999,1.0000
3470,-999,1.0000
3471,-999,1.0000
3472,-999,1.0000
3473,-999,1.0000
3474,-999,1.0000
3475,-999,1.0000
3476,-999,1.0000
3477,-999,1.0000
3478,-999,1.0000
3479,-999,1.0000
3480,-999,1.0000
3481,-999,1.0000
3482,-999,1.0000
3483,-999,1.0000
3484,-999,1.0000
3485,-999,1.0000
3486,-999,1.0000
3487,-999,1.0000
3488,-999,1.0000
3489,-999,1.0000
3490,-999,1.0000
3491,-999,1.0000
3492,-999,1.0000
3493,-999,1.0000
3494,-999,1.0000
3495,-999,1.0000
3496,-999,1.0000
3497,-999,1.0000
3498,-999,1.0000
3499,-999,1.0000
3500,-999,1.0000
3501,-999,1.0000
3502,-999,1.0000
3503,-999,1.0000
3504,-999,1.0000
3505,-999,1.0000
3506,-999,1.0000
3507,-999,1.0000
3508,-999,1.0000
3509,-999,1.0000
3510,-999,1.0000
3511,-999,1.0000
3512,-999,1.0000
3513,-999,1.0000
3514,-999,1.0000
3515,-999,1.0000
3516,-999,1.0000
3517,-999,1.0000
3518,-999,1.0000
3519,-999,1.0000
3520,-999,1.0000
3521,-999,1.0000
3522,-999,1.0000
3523,-999,1.0000
3524,-999,1.0000
3525,-999,1.0000
3526,-999,1.0000
3527,-999,1.0000
3528,-999,1.0000
3529,-999,1.0000
3530,-999,1.0000
3531,-999,1.0000
3532,-999,1.0000
3533,-999,1.0000
3534,-999,1.0000
3535,-999,1.0000
3536,-999,1.0000
3537,-999,1.0000
3538,-999,1.0000
3539,-999,1.0000
3540,-999,1.0000
3541,-999,1.0000
3542,-999,1.0000
3543,-999,1.0000
3544,-999,1.0000
3545,-999,1.0000
3546,-999,1.0000
3547,-999,1.0000
3548,-999,1.0000
3549,-999,1.0000
3550,-999,1.0000
3551,-999,1.0000
3552,-999,1.0000
3553,-999,1.0000
3554,-999,1.0000
3555,-999,1.0000
3556,-999,1.0000
3557,-999,1.0000
3558,-999,1.0000
3559,-999,1.0000
3560,-999,1.0000
3561,-999,1.0000
3562,-999,1.0000
3563,-999,1.0000
3564,-999,1.0000
3565,-999,1.0000
3566,-999,1.0000
3567,-999,1.0000
3568,-999,1.0000
3569,-999,1.0000
3570,-999,1.0000
3571,-999,1.0000
3572,-999,1.0000
3573,-999,1.0000
3574,-999,1.0000
3575,-999,1.0000
3576,-999,1.0000
3577,-999,1.0000
3578,-999,1.0000
3579,-999,1.0000
3580,-999,1.0000
3581,-999,1.0000
3582,-999,1.0000
3583,5225,1.0000
3584,5225,1.0000
3585,5225,1.0000
3586,5225,1.0000
3587,5225,1.0000
3588,5225,1.0000
3589,5225,1.0000
3590,5225,1.0000
3591,5225,.5214
3591,5241,.4786
3592,5241,1.0000
3593,5241,1.0000
3594,5241,1.0000
3595,5241,.6581
3595,5246,.3419
3596,5241,.0331
3596,5246,.6942
3596,5242,.2727
3597,5246,.5299
3597,5242,.4701
3598,5246,.2542
3598,5242,.7458
3599,5242,1.0000
3600,5242,1.0000
3601,5242,1.0000
3602,5242,1.0000
3603,5242,.7265
3603,5246,.2735
3604,5246,.8525
3604,5242,.1475
3605,5246,1.0000
3606,5246,1.0000
3607,5246,1.0000
3608,5246,.9310
3608,-999,.0690
3609,-999,.8361
3609,5246,.1639
3610,-999,1.0000
3611,-999,1.0000
3612,-999,1.0000
3613,-999,1.0000
3614,-999,1.0000
3615,-999,1.0000
3616,-999,1.0000
3617,-999,1.0000
3618,-999,1.0000
3619,-999,1.0000
3620,-999,1.0000
3621,-999,1.0000
3622,-999,1.0000
3623,-999,1.0000
3624,-999,1.0000
3625,-999,1.0000
3626,-999,1.0000
3627,-999,1.0000
3628,-999,1.0000
3629,-999,1.0000
3630,-999,1.0000
3631,-999,1.0000
3632,-999,1.0000
3633,-999,1.0000
3634,-999,1.0000
3635,-999,1.0000
3636,-999,1.0000
3637,-999,1.0000
3638,-999,1.0000
3639,-999,1.0000
3640,-999,1.0000
3641,-999,1.0000
3642,-999,1.0000
3643,-999,.8559
3643,5254,.1441
3644,5254,.9500
3644,-999,.0500
3645,5254,1.0000
3646,5254,1.0000
3647,5254,.9304
3647,5274,.0696
3648,5274,.5656
3648,5254,.4344
3649,5274,.9754
3649,5254,.0246
3650,5274,1.0000
3651,5274,1.0000
3652,5274,1.0000
3653,5274,1.0000
3654,5274,1.0000
3655,5274,1.0000
3656,5274,1.0000
3657,5274,1.0000
3658,5274,1.0000
3659,5274,.8174
3659,5254,.1826
3660,5254,.9818
3660,5274,.0182
3661,5254,.9748
3661,5274,.0252
3662,5274,.2893
3662,5254,.7107
3663,5274,.3058
3663,5254,.6942
3664,5254,1.0000
3665,5254,1.0000
3666,5254,1.0000
3667,5254,.7009
3667,-999,.2991
3668,-999,.9916
3668,5254,.0084
3669,-999,1.0000
3670,-999,1.0000
3671,-999,1.0000
3672,-999,1.0000
3673,-999,1.0000
3674,-999,1.0000
3675,-999,1.0000
3676,-999,1.0000
3677,-999,1.0000
3678,-999,1.0000
3679,-999,1.0000
3680,-999,1.0000
3681,-999,1.0000
3682,-999,1.0000
3683,-999,1.0000
3684,-999,1.0000
3685,-999,1.0000
3686,-999,1.0000
3687,-999,1.0000
3688,-999,1.0000
3689,-999,1.0000
3690,-999,1.0000
3691,-999,1.0000
3692,-999,1.0000
3693,-999,1.0000
3694,-999,1.0000
3695,-999,1.0000
3696,-999,1.0000
3697,-999,1.0000
3698,-999,1.0000
3699,-999,1.0000
3700,-999,1.0000
3701,-999,1.0000
3702,-999,1.0000
3703,-999,1.0000
3704,-999,1.0000
3705,-999,1.0000
3706,-999,1.0000
3707,-999,1.0000
3708,-999,1.0000
3709,-999,1.0000
3710,-999,1.0000
3711,-999,1.0000
3712,-999,1.0000
3713,-999,1.0000
3714,-999,1.0000
3715,-999,1.0000
3716,-999,1.0000
3717,-999,1.0000
3718,-999,1.0000
3719,-999,1.0000
3720,-999,1.0000
3721,-999,1.0000
3722,-999,1.0000
3723,-999,1.0000
3724,-999,1.0000
3725,-999,1.0000
3726,-999,1.0000
3727,-999,1.0000
3728,-999,1.0000
3729,-999,1.0000
3730,-999,1.0000
3731,-999,1.0000
3732,-999,1.0000
3733,-999,1.0000
3734,-999,1.0000
3735,-999,1.0000
3736,-999,1.0000
3737,-999,1.0000
3738,-999,1.0000
3739,-999,1.0000
3740,-999,1.0000
3741,-999,1.0000
3742,-999,1.0000
3743,-999,1.0000
3744,-999,1.0000
3745,-999,1.0000
3746,-999,1.0000
3747,-999,1.0000
3748,-999,1.0000
3749,-999,1.0000
3750,-999,1.0000
3751,-999,1.0000
3752,-999,1.0000
3753,-999,1.0000
3754,-999,1.0000
3755,-999,1.0000
3756,-999,1.0000
3757,-999,1.0000
3758,-999,1.0000
3759,-999,1.0000
3760,-999,1.0000
3761,-999,1.0000
3762,-999,1.0000
3763,-999,1.0000
3764,-999,1.0000
3765,-999,1.0000
3766,-999,1.0000
3767,-999,1.0000
3768,-999,1.0000
3769,-999,1.0000
3770,-999,1.0000
3771,-999,1.0000
3772,-999,1.0000
3773,-999,1.0000
3774,-999,1.0000
3775,-999,1.0000
3776,-999,1.0000
3777,-999,1.0000
3778,-999,1.0000
3779,-999,1.0000
3780,-999,1.0000
3781,-999,1.0000
3782,5225,1.0000
3783,5225,1.0000
3784,5225,1.0000
3785,5225,1.0000
3786,5225,1.0000
3787,5225,1.0000
3788,5225,1.0000
3789,5225,1.0000
3790,5225,.9412
3790,5241,.0168
3790,5242,.0420
3791,5241,.6218
3791,5225,.1008
3791,5242,.2773
3792,5241,.8632
3792,5246,.0684
3792,5242,.0684
3793,5241,.3417
3793,5246,.6167
3793,5242,.0417
3794,5241,.0504
3794,5246,.5630
3794,5242,.3866
3795,5246,.0427
3795,5242,.9573
3796,5242,1.0000
3797,5242,1.0000
3798,5242,1.0000
3799,5242,1.0000
3800,5242,1.0000
3801,5242,.7913
3801,5246,.2087
3802,5242,1.0000
3803,5242,.7350
3803,5246,.2650
3804,5246,.8926
3804,5242,.1074
3805,5246,1.0000
3806,5246,.9322
3806,5242,.0678
3807,5246,.9752
3807,5242,.0248
3808,5246,.8362
3808,-999,.1638
3809,-999,.9756
3809,5246,.0244
3810,-999,1.0000
3811,-999,1.0000
3812,-999,1.0000
3813,-999,1.0000
3814,-999,1.0000
3815,-999,1.0000
3816,-999,1.0000
3817,-999,1.0000
3818,-999,1.0000
3819,-999,1.0000
3820,-999,1.0000
3821,-999,1.0000
3822,-999,1.0000
3823,-999,1.0000
3824,-999,1.0000
3825,-999,1.0000
3826,-999,1.0000
3827,-999,1.0000
3828,-999,1.0000
3829,-999,1.0000
3830,-999,1.0000
3831,-999,1.0000
3832,-999,1.0000
3833,-999,1.0000
3834,-999,1.0000
3835,-999,1.0000
3836,-999,1.0000
3837,-999,1.0000
3838,-999,1.0000
3839,-999,1.0000
3840,-999,1.0000
3841,-999,1.0000
3842,-999,1.0000
3843,-999,.9145
3843,5254,.0855
3844,5254,.5000
3844,-999,.5000
3845,5254,.9587
3845,-999,.0413
3846,5254,1.0000
3847,5254,1.0000
3848,5254,.7542
3848,5274,.2458
3849,5274,.7025
3849,5254,.2975
3850,5274,1.0000
3851,5274,1.0000
3852,5274,1.0000
3853,5274,1.0000
3854,5274,1.0000
3855,5274,1.0000
3856,5274,1.0000
3857,5274,1.0000
3858,5274,1.0000
3859,5274,.2171
3859,5254,.7829
3860,5254,1.0000
3861,5254,1.0000
3862,5254,1.0000
3863,5254,1.0000
3864,5254,1.0000
3865,5254,1.0000
3866,5254,.9920
3866,-999,.0080
3867,-999,.3140
3867,5254,.6860
3868,-999,.9909
3868,5254,.0091
3869,-999,1.0000
3870,-999,1.0000
3871,-999,1.0000
3872,-999,1.0000
3873,-999,1.0000
3874,-999,1.0000
3875,-999,1.0000
3876,-999,1.0000
3877,-999,1.0000
3878,-999,1.0000
3879,-999,1.0000
3880,-999,1.0000
3881,-999,1.0000
3882,-999,1.0000
3883,-999,1.0000
3884,-999,1.0000
3885,-999,1.0000
3886,-999,1.0000
3887,-999,1.0000
3888,-999,1.0000
3889,-999,1.0000
3890,-999,1.0000
3891,-999,1.0000
3892,-999,1.0000
3893,-999,1.0000
3894,-999,1.0000
3895,-999,1.0000
3896,-999,1.0000
3897,-999,1.0000
3898,-999,1.0000
3899,-999,1.0000
3900,-999,1.0000
3901,-999,1.0000
3902,-999,1.0000
3903,-999,1.0000
3904,-999,1.0000
3905,-999,1.0000
3906,-999,1.0000
3907,-999,1.0000
3908,-999,1.0000
3909,-999,1.0000
3910,-999,1.0000
3911,-999,1.0000
3912,-999,1.0000
3913,-999,1.0000
3914,-999,1.0000
3915,-999,1.0000
3916,-999,1.0000
3917,-999,1.0000
3918,-999,1.0000
3919,-999,1.0000
3920,-999,1.0000
3921,-999,1.0000
3922,-999,1.0000
3923,-999,1.0000
3924,-999,1.0000
3925,-999,1.0000
3926,-999,1.0000
3927,-999,1.0000
3928,-999,1.0000
3929,-999,1.0000
3930,-999,1.0000
3931,-999,1.0000
3932,-999,1.0000
3933,-999,1.0000
3934,-999,1.0000
3935,-999,1.0000
3936,-999,1.0000
3937,-999,1.0000
3938,-999,1.0000
3939,-999,1.0000
3940,-999,1.0000
3941,-999,1.0000
3942,-999,1.0000
3943,-999,1.0000
3944,-999,1.0000
3945,-999,1.0000
3946,-999,1.0000
3947,-999,1.0000
3948,-999,1.0000
3949,-999,1.0000
3950,-999,1.0000
3951,-999,1.0000
3952,-999,1.0000
3953,-999,1.0000
3954,-999,1.0000
3955,-999,1.0000
3956,-999,1.0000
3957,-999,1.0000
3958,-999,1.0000
3959,-999,1.0000
3960,-999,1.0000
3961,-999,1.0000
3962,-999,1.0000
3963,-999,1.0000
3964,-999,1.0000
3965,-999,1.0000
3966,-999,1.0000
3967,-999,1.0000
3968,-999,1.0000
3969,-999,1.0000
3970,-999,1.0000
3971,-999,1.0000
3972,-999,1.0000
3973,-999,1.0000
3974,-999,1.0000
3975,-999,1.0000
3976,-999,1.0000
3977,-999,1.0000
3978,-999,1.0000
3979,-999,1.0000
3980,-999,1.0000
3981,5225,1.0000
3982,5225,1.0000
3983,5225,1.0000
3984,5225,1.0000
3985,5225,1.0000
3986,5225,1.0000
3987,5225,1.0000
3988,5225,.8678
3988,5242,.1322
3989,5225,.2542
3989,5242,.7458
3990,5242,1.0000
3991,5242,.9508
3991,5241,.0328
3991,5246,.0164
3992,5242,.9492
3992,5246,.0508
3993,5242,1.0000
3994,5242,1.0000
3995,5242,1.0000
3996,5242,1.0000
3997,5242,1.0000
3998,5242,1.0000
3999,5242,1.0000
4000,5242,.6116
4000,5246,.3884
4001,5242,.1795
4001,5246,.8205
4002,5242,.3443
4002,5246,.6557
4003,5242,.2735
4003,5246,.7265
4004,5246,.7000
4004,5242,.3000
4005,5246,.1429
4005,5242,.8571
4006,5242,.2368
4006,5246,.7632
4007,5246,.8750
4007,-999,.1250
4008,5246,.0087
4008,-999,.9913
4009,-999,1.0000
4010,-999,1.0000
4011,-999,1.0000
4012,-999,1.0000
4013,-999,1.0000
4014,-999,1.0000
4015,-999,1.0000
4016,-999,1.0000
4017,-999,1.0000
4018,-999,1.0000
4019,-999,1.0000
4020,-999,1.0000
4021,-999,1.0000
4022,-999,1.0000
4023,-999,1.0000
4024,-999,1.0000
4025,-999,1.0000
4026,-999,1.0000
4027,-999,1.0000
4028,-999,1.0000
4029,-999,1.0000
4030,-999,1.0000
4031,-999,1.0000
4032,-999,1.0000
4033,-999,1.0000
4034,-999,1.0000
4035,-999,1.0000
4036,-999,1.0000
4037,-999,1.0000
4038,-999,1.0000
4039,-999,1.0000
4040,-999,1.0000
4041,-999,1.0000
4042,-999,1.0000
4043,-999,1.0000
4044,-999,.7652
4044,5254,.2348
4045,5254,.8387
4045,-999,.1613
4046,5254,1.0000
4047,5254,1.0000
4048,5254,.9909
4048,5274,.0091
4049,5274,.3917
4049,5254,.6083
4050,5274,.9752
4050,5254,.0248
4051,5274,1.0000
4052,5274,1.0000
4053,5274,1.0000
4054,5274,1.0000
4055,5274,1.0000
4056,5274,1.0000
4057,5274,.9182
4057,5254,.0818
4058,5274,.0957
4058,5254,.9043
4059,5254,1.0000
4060,5254,1.0000
4061,5254,1.0000
4062,5254,1.0000
4063,5254,1.0000
4064,5254,1.0000
4065,5254,1.0000
4066,5254,1.0000
4067,5254,.5156
4067,-999,.4844
4068,-999,.8760
4068,5254,.1240
4069,-999,1.0000
4070,-999,1.0000
4071,-999,1.0000
4072,-999,1.0000
4073,-999,1.0000
4074,-999,1.0000
4075,-999,1.0000
4076,-999,1.0000
4077,-999,1.0000
4078,-999,1.0000
4079,-999,1.0000
4080,-999,1.0000
4081,-999,1.0000
4082,-999,1.0000
4083,-999,1.0000
4084,-999,1.0000
4085,-999,1.0000
4086,-999,1.0000
4087,-999,1.0000
4088,-999,1.0000
4089,-999,1.0000
4090,-999,1.0000
4091,-999,1.0000
4092,-999,1.0000
4093,-999,1.0000
4094,-999,1.0000
4095,-999,1.0000
4096,-999,1.0000
4097,-999,1.0000
4098,-999,1.0000
4099,-999,1.0000
4100,-999,1.0000
4101,-999,1.0000
4102,-999,1.0000
4103,-999,1.0000
4104,-999,1.0000
4105,-999,1.0000
4106,-999,1.0000
4107,-999,1.0000
4108,-999,1.0000
4109,-999,1.0000
4110,-999,1.0000
4111,-999,1.0000
4112,-999,1.0000
4113,-999,1.0000
4114,-999,1.0000
4115,-999,1.0000
4116,-999,1.0000
4117,-999,1.0000
4118,-999,1.0000
4119,-999,1.0000
4120,-999,1.0000
4121,-999,1.0000
4122,-999,1.0000
4123,-999,1.0000
4124,-999,1.0000
4125,-999,1.0000
4126,-999,1.0000
4127,-999,1.0000
4128,-999,1.0000
4129,-999,1.0000
4130,-999,1.0000
4131,-999,1.0000
4132,-999,1.0000
4133,-999,1.0000
4134,-999,1.0000
4135,-999,1.0000
4136,-999,1.0000
4137,-999,1.0000
4138,-999,1.0000
4139,-999,1.0000
4140,-999,1.0000
4141,-999,1.0000
4142,-999,1.0000
4143,-999,1.0000
4144,-999,1.0000
4145,-999,1.0000
4146,-999,1.0000
4147,-999,1.0000
4148,-999,1.0000
4149,-999,1.0000
4150,-999,1.0000
4151,-999,1.0000
4152,-999,1.0000
4153,-999,1.0000
4154,-999,1.0000
4155,-999,1.0000
4156,-999,1.0000
4157,-999,1.0000
4158,-999,1.0000
4159,-999,1.0000
4160,-999,1.0000
4161,-999,1.0000
4162,-999,1.0000
4163,-999,1.0000
4164,-999,1.0000
4165,-999,1.0000
4166,-999,1.0000
4167,-999,1.0000
4168,-999,1.0000
4169,-999,1.0000
4170,-999,1.0000
4171,-999,1.0000
4172,-999,1.0000
4173,-999,1.0000
4174,-999,1.0000
4175,-999,1.0000
4176,-999,1.0000
4177,-999,1.0000
4178,-999,1.0000
4179,-999,1.0000
4180,5225,1.0000
4181,5225,1.0000
4182,5225,1.0000
4183,5225,1.0000
4184,5225,1.0000
4185,5225,1.0000
4186,5225,1.0000
4187,5225,.7373
4187,5242,.2627
4188,5242,1.0000
4189,5242,1.0000
4190,5242,1.0000
4191,5242,1.0000
4192,5242,1.0000
4193,5242,1.0000
4194,5242,1.0000
4195,5242,1.0000
4196,5242,1.0000
4197,5242,1.0000
4198,5242,1.0000
4199,5242,1.0000
4200,5242,.6341
4200,5246,.3659
4201,5246,.3246
4201,5242,.6754
4202,5246,.1695
4202,5242,.8305
4203,5242,.8051
4203,5246,.1949
4204,5242,1.0000
4205,5242,.2276
4205,5246,.7724
4206,5246,.9569
4206,-999,.0431
4207,-999,.8629
4207,5246,.1371
4208,-999,1.0000
4209,-999,1.0000
4210,-999,1.0000
4211,-999,1.0000
4212,-999,1.0000
4213,-999,1.0000
4214,-999,1.0000
4215,-999,1.0000
4216,-999,1.0000
4217,-999,1.0000
4218,-999,1.0000
4219,-999,1.0000
4220,-999,1.0000
4221,-999,1.0000
4222,-999,1.0000
4223,-999,1.0000
4224,-999,1.0000
4225,-999,1.0000
4226,-999,1.0000
4227,-999,1.0000
4228,-999,1.0000
4229,-999,1.0000
4230,-999,1.0000
4231,-999,1.0000
4232,-999,1.0000
4233,-999,1.0000
4234,-999,1.0000
4235,-999,1.0000
4236,-999,1.0000
4237,-999,1.0000
4238,-999,1.0000
4239,-999,1.0000
4240,-999,1.0000
4241,-999,1.0000
4242,-999,1.0000
4243,-999,1.0000
4244,-999,.8783
4244,5254,.1217
4245,5254,.8136
4245,-999,.1864
4246,5254,.9528
4246,-999,.0472
4247,5254,1.0000
4248,5254,1.0000
4249,5254,.6875
4249,5274,.3125
4250,5274,.5537
4250,5254,.4463
4251,5274,.9339
4251,5254,.0661
4252,5274,1.0000
4253,5274,1.0000
4254,5274,.9652
4254,5254,.0348
4255,5274,.6777
4255,5254,.3223
4256,5274,.2149
4256,5254,.7851
4257,5254,1.0000
4258,5254,1.0000
4259,5254,1.0000
4260,5254,1.0000
4261,5254,1.0000
4262,5254,1.0000
4263,5254,1.0000
4264,5254,1.0000
4265,5254,1.0000
4266,5254,.8376
4266,-999,.1624
4267,5254,.8421
4267,-999,.1579
4268,-999,.8017
4268,5254,.1983
4269,-999,1.0000
4270,-999,1.0000
4271,-999,1.0000
4272,-999,1.0000
4273,-999,1.0000
4274,-999,1.0000
4275,-999,1.0000
4276,-999,1.0000
4277,-999,1.0000
4278,-999,1.0000
4279,-999,1.0000
4280,-999,1.0000
4281,-999,1.0000
4282,-999,1.0000
4283,-999,1.0000
4284,-999,1.0000
4285,-999,1.0000
4286,-999,1.0000
4287,-999,1.0000
4288,-999,1.0000
4289,-999,1.0000
4290,-999,1.0000
4291,-999,1.0000
4292,-999,1.0000
4293,-999,1.0000
4294,-999,1.0000
4295,-999,1.0000
4296,-999,1.0000
4297,-999,1.0000
4298,-999,1.0000
4299,-999,1.0000
4300,-999,1.0000
4301,-999,1.0000
4302,-999,1.0000
4303,-999,1.0000
4304,-999,1.0000
4305,-999,1.0000
4306,-999,1.0000
4307,-999,1.0000
4308,-999,1.0000
4309,-999,1.0000
4310,-999,1.0000
4311,-999,1.0000
4312,-999,1.0000
4313,-999,1.0000
4314,-999,1.0000
4315,-999,1.0000
4316,-999,1.0000
4317,-999,1.0000
4318,-999,1.0000
4319,-999,1.0000
4320,-999,1.0000
4321,-999,1.0000
4322,-999,1.0000
4323,-999,1.0000
4324,-999,1.0000
4325,-999,1.0000
4326,-999,1.0000
4327,-999,1.0000
4328,-999,1.0000
4329,-999,1.0000
4330,-999,1.0000
4331,-999,1.0000
4332,-999,1.0000
4333,-999,1.0000
4334,-999,1.0000
4335,-999,1.0000
4336,-999,1.0000
4337,-999,1.0000
4338,-999,1.0000
4339,-999,1.0000
4340,-999,1.0000
4341,-999,1.0000
4342,-999,1.0000
4343,-999,1.0000
4344,-999,1.0000
4345,-999,1.0000
4346,-999,1.0000
4347,-999,1.0000
4348,-999,1.0000
4349,-999,1.0000
4350,-999,1.0000
4351,-999,1.0000
4352,-999,1.0000
4353,-999,1.0000
4354,-999,1.0000
4355,-999,1.0000
4356,-999,1.0000
4357,-999,1.0000
4358,-999,1.0000
4359,-999,1.0000
4360,-999,1.0000
4361,-999,1.0000
4362,-999,1.0000
4363,-999,1.0000
4364,-999,1.0000
4365,-999,1.0000
4366,-999,1.0000
4367,-999,1.0000
4368,-999,1.0000
4369,-999,1.0000
4370,-999,1.0000
4371,-999,1.0000
4372,-999,1.0000
4373,-999,1.0000
4374,-999,1.0000
4375,-999,1.0000
4376,-999,1.0000
4377,-999,1.0000
4378,-999,1.0000
4379,5225,1.0000
4380,5225,1.0000
4381,5225,1.0000
4382,5225,1.0000
4383,5225,1.0000
4384,5225,1.0000
4385,5225,.7563
4385,5242,.2437
4386,5225,.2727
4386,5242,.7273
4387,5242,.6017
4387,5225,.3983
4388,5242,.2155
4388,5225,.7845
4389,5242,.5210
4389,5225,.4790
4390,5242,.9831
4390,5225,.0169
4391,5242,1.0000
4392,5242,1.0000
4393,5242,1.0000
4394,5242,1.0000
4395,5242,1.0000
4396,5242,1.0000
4397,5242,1.0000
4398,5242,1.0000
4399,5242,1.0000
4400,5242,1.0000
4401,5242,1.0000
4402,5242,.8739
4402,5246,.1261
4403,5242,.8347
4403,5246,.1653
4404,5242,.0508
4404,5246,.9492
4405,5246,1.0000
4406,5246,.3097
4406,-999,.6903
4407,-999,1.0000
4408,-999,1.0000
4409,-999,1.0000
4410,-999,1.0000
4411,-999,1.0000
4412,-999,1.0000
4413,-999,1.0000
4414,-999,1.0000
4415,-999,1.0000
4416,-999,1.0000
4417,-999,1.0000
4418,-999,1.0000
4419,-999,1.0000
4420,-999,1.0000
4421,-999,1.0000
4422,-999,1.0000
4423,-999,1.0000
4424,-999,1.0000
4425,-999,1.0000
4426,-999,1.0000
4427,-999,1.0000
4428,-999,1.0000
4429,-999,1.0000
4430,-999,1.0000
4431,-999,1.0000
4432,-999,1.0000
4433,-999,1.0000
4434,-999,1.0000
4435,-999,1.0000
4436,-999,1.0000
4437,-999,1.0000
4438,-999,1.0000
4439,-999,1.0000
4440,-999,1.0000
4441,-999,1.0000
4442,-999,1.0000
4443,-999,1.0000
4444,-999,1.0000
4445,-999,.8378
4445,5254,.1622
4446,5254,.7934
4446,-999,.2066
4447,5254,1.0000
4448,5254,1.0000
4449,5254,1.0000
4450,5254,.4821
4450,5274,.5179
4451,5274,.9917
4451,5254,.0083
4452,5274,.7258
4452,5254,.2742
4453,5274,.2720
4453,5254,.7280
4454,5254,1.0000
4455,5254,1.0000
4456,5254,1.0000
4457,5254,1.0000
4458,5254,1.0000
4459,5254,1.0000
4460,5254,1.0000
4461,5254,1.0000
4462,5254,1.0000
4463,5254,1.0000
4464,5254,1.0000
4465,5254,1.0000
4466,5254,1.0000
4467,5254,.6552
4467,-999,.3448
4468,-999,1.0000
4469,-999,1.0000
4470,-999,1.0000
4471,-999,1.0000
4472,-999,1.0000
4473,-999,1.0000
4474,-999,1.0000
4475,-999,1.0000
4476,-999,1.0000
4477,-999,1.0000
4478,-999,1.0000
4479,-999,1.0000
4480,-999,1.0000
4481,-999,1.0000
4482,-999,1.0000
4483,-999,1.0000
4484,-999,1.0000
4485,-999,1.0000
4486,-999,1.0000
4487,-999,1.0000
4488,-999,1.0000
4489,-999,1.0000
4490,-999,1.0000
4491,-999,1.0000
4492,-999,1.0000
4493,-999,1.0000
4494,-999,1.0000
4495,-999,1.0000
4496,-999,1.0000
4497,-999,1.0000
4498,-999,1.0000
4499,-999,1.0000
4500,-999,1.0000
4501,-999,1.0000
4502,-999,1.0000
4503,-999,1.0000
4504,-999,1.0000
4505,-999,1.0000
4506,-999,1.0000
4507,-999,1.0000
4508,-999,1.0000
4509,-999,1.0000
4510,-999,1.0000
4511,-999,1.0000
4512,-999,1.0000
4513,-999,1.0000
4514,-999,1.0000
4515,-999,1.0000
4516,-999,1.0000
4517,-999,1.0000
4518,-999,1.0000
4519,-999,1.0000
4520,-999,1.0000
4521,-999,1.0000
4522,-999,1.0000
4523,-999,1.0000
4524,-999,1.0000
4525,-999,1.0000
4526,-999,1.0000
4527,-999,1.0000
4528,-999,1.0000
4529,-999,1.0000
4530,-999,1.0000
4531,-999,1.0000
4532,-999,1.0000
4533,-999,1.0000
4534,-999,1.0000
4535,-999,1.0000
4536,-999,1.0000
4537,-999,1.0000
4538,-999,1.0000
4539,-999,1.0000
4540,-999,1.0000
4541,-999,1.0000
4542,-999,1.0000
4543,-999,1.0000
4544,-999,1.0000
4545,-999,1.0000
4546,-999,1.0000
4547,-999,1.0000
4548,-999,1.0000
4549,-999,1.0000
4550,-999,1.0000
4551,-999,1.0000
4552,-999,1.0000
4553,-999,1.0000
4554,-999,1.0000
4555,-999,1.0000
4556,-999,1.0000
4557,-999,1.0000
4558,-999,1.0000
4559,-999,1.0000
4560,-999,1.0000
4561,-999,1.0000
4562,-999,1.0000
4563,-999,1.0000
4564,-999,1.0000
4565,-999,1.0000
4566,-999,1.0000
4567,-999,1.0000
4568,-999,1.0000
4569,-999,1.0000
4570,-999,1.0000
4571,-999,1.0000
4572,-999,1.0000
4573,-999,1.0000
4574,-999,1.0000
4575,-999,1.0000
4576,-999,1.0000
4577,-999,1.0000
4578,5225,1.0000
4579,5225,1.0000
4580,5225,1.0000
4581,5225,1.0000
4582,5225,1.0000
4583,5225,1.0000
4584,5225,1.0000
4585,5225,1.0000
4586,5225,1.0000
4587,5225,1.0000
4588,5225,.8390
4588,5242,.1610
4589,5225,.0588
4589,5242,.9412
4590,5242,1.0000
4591,5242,1.0000
4592,5242,1.0000
4593,5242,1.0000
4594,5242,1.0000
4595,5242,1.0000
4596,5242,1.0000
4597,5242,1.0000
4598,5242,1.0000
4599,5242,1.0000
4600,5242,1.0000
4601,5242,.2966
4601,5246,.7034
4602,5246,.9652
4602,5242,.0348
4603,5246,1.0000
4604,5246,1.0000
4605,5246,.4426
4605,-999,.5574
4606,-999,1.0000
4607,-999,1.0000
4608,-999,1.0000
4609,-999,1.0000
4610,-999,1.0000
4611,-999,1.0000
4612,-999,1.0000
4613,-999,1.0000
4614,-999,1.0000
4615,-999,1.0000
4616,-999,1.0000
4617,-999,1.0000
4618,-999,1.0000
4619,-999,1.0000
4620,-999,1.0000
4621,-999,1.0000
4622,-999,1.0000
4623,-999,1.0000
4624,-999,1.0000
4625,-999,1.0000
4626,-999,1.0000
4627,-999,1.0000
4628,-999,1.0000
4629,-999,1.0000
4630,-999,1.0000
4631,-999,1.0000
4632,-999,1.0000
4633,-999,1.0000
4634,-999,1.0000
4635,-999,1.0000
4636,-999,1.0000
4637,-999,1.0000
4638,-999,1.0000
4639,-999,1.0000
4640,-999,1.0000
4641,-999,1.0000
4642,-999,1.0000
4643,-999,1.0000
4644,-999,.9752
4644,5254,.0248
4645,-999,.5508
4645,5254,.4492
4646,5254,.6372
4646,-999,.3628
4647,5254,1.0000
4648,5254,1.0000
4649,5254,.9000
4649,5274,.1000
4650,5274,.2727
4650,5254,.7273
4651,5254,1.0000
4652,5254,1.0000
4653,5254,1.0000
4654,5254,1.0000
4655,5254,1.0000
4656,5254,1.0000
4657,5254,1.0000
4658,5254,1.0000
4659,5254,1.0000
4660,5254,1.0000
4661,5254,1.0000
4662,5254,1.0000
4663,5254,1.0000
4664,5254,1.0000
4665,5254,1.0000
4666,5254,.5496
4666,-999,.4504
4667,-999,1.0000
4668,-999,1.0000
4669,-999,1.0000
4670,-999,1.0000
4671,-999,1.0000
4672,-999,1.0000
4673,-999,1.0000
4674,-999,1.0000
4675,-999,1.0000
4676,-999,1.0000
4677,-999,1.0000
4678,-999,1.0000
4679,-999,1.0000
4680,-999,1.0000
4681,-999,1.0000
4682,-999,1.0000
4683,-999,1.0000
4684,-999,1.0000
4685,-999,1.0000
4686,-999,1.0000
4687,-999,1.0000
4688,-999,1.0000
4689,-999,1.0000
4690,-999,1.0000
4691,-999,1.0000
4692,-999,1.0000
4693,-999,1.0000
4694,-999,1.0000
4695,-999,1.0000
4696,-999,1.0000
4697,-999,1.0000
4698,-999,1.0000
4699,-999,1.0000
4700,-999,1.0000
4701,-999,1.0000
4702,-999,1.0000
4703,-999,1.0000
4704,-999,1.0000
4705,-999,1.0000
4706,-999,1.0000
4707,-999,1.0000
4708,-999,1.0000
4709,-999,1.0000
4710,-999,1.0000
4711,-999,1.0000
4712,-999,1.0000
4713,-999,1.0000
4714,-999,1.0000
4715,-999,1.0000
4716,-999,1.0000
4717,-999,1.0000
4718,-999,1.0000
4719,-999,1.0000
4720,-999,1.0000
4721,-999,1.0000
4722,-999,1.0000
4723,-999,1.0000
4724,-999,1.0000
4725,-999,1.0000
4726,-999,1.0000
4727,-999,1.0000
4728,-999,1.0000
4729,-999,1.0000
4730,-999,1.0000
4731,-999,1.0000
4732,-999,1.0000
4733,-999,1.0000
4734,-999,1.0000
4735,-999,1.0000
4736,-999,1.0000
4737,-999,1.0000
4738,-999,1.0000
4739,-999,1.0000
4740,-999,1.0000
4741,-999,1.0000
4742,-999,1.0000
4743,-999,1.0000
4744,-999,1.0000
4745,-999,1.0000
4746,-999,1.0000
4747,-999,1.0000
4748,-999,1.0000
4749,-999,1.0000
4750,-999,1.0000
4751,-999,1.0000
4752,-999,1.0000
4753,-999,1.0000
4754,-999,1.0000
4755,-999,1.0000
4756,-999,1.0000
4757,-999,1.0000
4758,-999,1.0000
4759,-999,1.0000
4760,-999,1.0000
4761,-999,1.0000
4762,-999,1.0000
4763,-999,1.0000
4764,-999,1.0000
4765,-999,1.0000
4766,-999,1.0000
4767,-999,1.0000
4768,-999,1.0000
4769,-999,1.0000
4770,-999,1.0000
4771,-999,1.0000
4772,-999,1.0000
4773,-999,1.0000
4774,-999,1.0000
4775,-999,1.0000
4776,-999,1.0000
4777,5225,1.0000
4778,5225,1.0000
4779,5225,1.0000
4780,5225,1.0000
4781,5225,1.0000
4782,5225,1.0000
4783,5225,1.0000
4784,5225,1.0000
4785,5225,.8403
4785,5242,.1597
4786,5225,.4706
4786,5242,.5294
4787,5225,.0992
4787,5242,.9008
4788,5242,1.0000
4789,5242,1.0000
4790,5242,1.0000
4791,5242,1.0000
4792,5242,1.0000
4793,5242,1.0000
4794,5242,1.0000
4795,5242,1.0000
4796,5242,1.0000
4797,5242,1.0000
4798,5242,1.0000
4799,5242,1.0000
4800,5242,.8376
4800,5246,.1624
4801,5246,.6855
4801,5242,.3145
4802,5246,1.0000
4803,5246,1.0000
4804,5246,.8291
4804,-999,.1709
4805,-999,.9658
4805,5246,.0342
4806,-999,1.0000
4807,-999,1.0000
4808,-999,1.0000
4809,-999,1.0000
4810,-999,1.0000
4811,-999,1.0000
4812,-999,1.0000
4813,-999,1.0000
4814,-999,1.0000
4815,-999,1.0000
4816,-999,1.0000
4817,-999,1.0000
4818,-999,1.0000
4819,-999,1.0000
4820,-999,1.0000
4821,-999,1.0000
4822,-999,1.0000
4823,-999,1.0000
4824,-999,1.0000
4825,-999,1.0000
4826,-999,1.0000
4827,-999,1.0000
4828,-999,1.0000
4829,-999,1.0000
4830,-999,1.0000
4831,-999,1.0000
4832,-999,1.0000
4833,-999,1.0000
4834,-999,1.0000
4835,-999,1.0000
4836,-999,1.0000
4837,-999,1.0000
4838,-999,1.0000
4839,-999,1.0000
4840,-999,1.0000
4841,-999,1.0000
4842,-999,1.0000
4843,-999,.9818
4843,5254,.0182
4844,5254,.6333
4844,-999,.3667
4845,5254,.9504
4845,-999,.0496
4846,5254,.9828
4846,-999,.0172
4847,5254,.8261
4847,-999,.1739
4848,5254,.8548
4848,-999,.1452
4849,5254,1.0000
4850,5254,1.0000
4851,5254,1.0000
4852,5254,1.0000
4853,5254,1.0000
4854,5254,1.0000
4855,5254,1.0000
4856,5254,1.0000
4857,5254,1.0000
4858,5254,1.0000
4859,5254,1.0000
4860,5254,1.0000
4861,5254,1.0000
4862,5254,1.0000
4863,5254,1.0000
4864,5254,1.0000
4865,5254,.4286
4865,-999,.5714
4866,-999,1.0000
4867,-999,1.0000
4868,-999,1.0000
4869,-999,1.0000
4870,-999,1.0000
4871,-999,1.0000
4872,-999,1.0000
4873,-999,1.0000
4874,-999,1.0000
4875,-999,1.0000
4876,-999,1.0000
4877,-999,1.0000
4878,-999,1.0000
4879,-999,1.0000
4880,-999,1.0000
4881,-999,1.0000
4882,-999,1.0000
4883,-999,1.0000
4884,-999,1.0000
4885,-999,1.0000
4886,-999,1.0000
4887,-999,1.0000
4888,-999,1.0000
4889,-999,1.0000
4890,-999,1.0000
4891,-999,1.0000
4892,-999,1.0000
4893,-999,1.0000
4894,-999,1.0000
4895,-999,1.0000
4896,-999,1.0000
4897,-999,1.0000
4898,-999,1.0000
4899,-999,1.0000
4900,-999,1.0000
4901,-999,1.0000
4902,-999,1.0000
4903,-999,1.0000
4904,-999,1.0000
4905,-999,1.0000
4906,-999,1.0000
4907,-999,1.0000
4908,-999,1.0000
4909,-999,1.0000
4910,-999,1.0000
4911,-999,1.0000
4912,-999,1.0000
4913,-999,1.0000
4914,-999,1.0000
4915,-999,1.0000
4916,-999,1.0000
4917,-999,1.0000
4918,-999,1.0000
4919,-999,1.0000
4920,-999,1.0000
4921,-999,1.0000
4922,-999,1.0000
4923,-999,1.0000
4924,-999,1.0000
4925,-999,1.0000
4926,-999,1.0000
4927,-999,1.0000
4928,-999,1.0000
4929,-999,1.0000
4930,-999,1.0000
4931,-999,1.0000
4932,-999,1.0000
4933,-999,1.0000
4934,-999,1.0000
4935,-999,1.0000
4936,-999,1.0000
4937,-999,1.0000
4938,-999,1.0000
4939,-999,1.0000
4940,-999,1.0000
4941,-999,1.0000
4942,-999,1.0000
4943,-999,1.0000
4944,-999,1.0000
4945,-999,1.0000
4946,-999,1.0000
4947,-999,1.0000
4948,-999,1.0000
4949,-999,1.0000
4950,-999,1.0000
4951,-999,1.0000
4952,-999,1.0000
4953,-999,1.0000
4954,-999,1.0000
4955,-999,1.0000
4956,-999,1.0000
4957,-999,1.0000
4958,-999,1.0000
4959,-999,1.0000
4960,-999,1.0000
4961,-999,1.0000
4962,-999,1.0000
4963,-999,1.0000
4964,-999,1.0000
4965,-999,1.0000
4966,-999,1.0000
4967,-999,1.0000
4968,-999,1.0000
4969,-999,1.0000
4970,-999,1.0000
4971,-999,1.0000
4972,-999,1.0000
4973,-999,1.0000
4974,-999,1.0000
4975,-999,1.0000
4976,5225,.5042
4976,5242,.4958
4977,5225,.2667
4977,5242,.7333
4978,5225,.3000
4978,5242,.7000
4979,5225,.8034
4979,5242,.1966
4980,5225,.9407
4980,5242,.0593
4981,5225,.7083
4981,5242,.2917
4982,5225,.5902
4982,5242,.4098
4983,5225,.4874
4983,5242,.5126
4984,5225,.7311
4984,5242,.2689
4985,5242,1.0000
4986,5242,1.0000
4987,5242,1.0000
4988,5242,1.0000
4989,5242,1.0000
4990,5242,1.0000
4991,5242,1.0000
4992,5242,1.0000
4993,5242,1.0000
4994,5242,1.0000
4995,5242,1.0000
4996,5242,1.0000
4997,5242,1.0000
4998,5242,1.0000
4999,5242,.8537
4999,5246,.1463
5000,5242,.0855
5000,5246,.9145
5001,5246,1.0000
5002,5246,1.0000
5003,5246,1.0000
5004,5246,.5041
5004,-999,.4959
5005,-999,1.0000
5006,-999,1.0000
5007,-999,1.0000
5008,-999,1.0000
5009,-999,1.0000
5010,-999,1.0000
5011,-999,1.0000
5012,-999,1.0000
5013,-999,1.0000
5014,-999,1.0000
5015,-999,1.0000
5016,-999,1.0000
5017,-999,1.0000
5018,-999,1.0000
5019,-999,1.0000
5020,-999,1.0000
5021,-999,1.0000
5022,-999,1.0000
5023,-999,1.0000
5024,-999,1.0000
5025,-999,1.0000
5026,-999,1.0000
5027,-999,1.0000
5028,-999,1.0000
5029,-999,1.0000
5030,-999,1.0000
5031,-999,1.0000
5032,-999,1.0000
5033,-999,1.0000
5034,-999,1.0000
5035,-999,1.0000
5036,-999,1.0000
5037,-999,1.0000
5038,-999,1.0000
5039,-999,1.0000
5040,-999,1.0000
5041,-999,1.0000
5042,-999,1.0000
5043,-999,1.0000
5044,-999,.5268
5044,5254,.4732
5045,5254,.2231
5045,-999,.7769
5046,-999,.9752
5046,5254,.0248
5047,-999,.4017
5047,5254,.5983
5048,5254,1.0000
5049,5254,.9916
5049,-999,.0084
5050,5254,.9587
5050,-999,.0413
5051,5254,.9091
5051,-999,.0909
5052,5254,.7632
5052,-999,.2368
5053,5254,.9304
5053,-999,.0696
5054,5254,1.0000
5055,5254,1.0000
5056,5254,1.0000
5057,5254,.9091
5057,-999,.0909
5058,5254,1.0000
5059,5254,.9076
5059,-999,.0924
5060,5254,.8750
5060,-999,.1250
5061,5254,1.0000
5062,5254,1.0000
5063,5254,1.0000
5064,5254,.2397
5064,-999,.7603
5065,-999,1.0000
5066,-999,1.0000
5067,-999,1.0000
5068,-999,1.0000
5069,-999,1.0000
5070,-999,1.0000
5071,-999,1.0000
5072,-999,1.0000
5073,-999,1.0000
5074,-999,1.0000
5075,-999,1.0000
5076,-999,1.0000
5077,-999,1.0000
5078,-999,1.0000
5079,-999,1.0000
5080,-999,1.0000
5081,-999,1.0000
5082,-999,1.0000
5083,-999,1.0000
5084,-999,1.0000
5085,-999,1.0000
5086,-999,1.0000
5087,-999,1.0000
5088,-999,1.0000
5089,-999,1.0000
5090,-999,1.0000
5091,-999,1.0000
5092,-999,1.0000
5093,-999,1.0000
5094,-999,1.0000
5095,-999,1.0000
5096,-999,1.0000
5097,-999,1.0000
5098,-999,1.0000
5099,-999,1.0000
5100,-999,1.0000
5101,-999,1.0000
5102,-999,1.0000
5103,-999,1.0000
5104,-999,1.0000
5105,-999,1.0000
5106,-999,1.0000
5107,-999,1.0000
5108,-999,1.0000
5109,-999,1.0000
5110,-999,1.0000
5111,-999,1.0000
5112,-999,1.0000
5113,-999,1.0000
5114,-999,1.0000
5115,-999,1.0000
5116,-999,1.0000
5117,-999,1.0000
5118,-999,1.0000
5119,-999,1.0000
5120,-999,1.0000
5121,-999,1.0000
5122,-999,1.0000
5123,-999,1.0000
5124,-999,1.0000
5125,-999,1.0000
5126,-999,1.0000
5127,-999,1.0000
5128,-999,1.0000
5129,-999,1.0000
5130,-999,1.0000
5131,-999,1.0000
5132,-999,1.0000
5133,-999,1.0000
5134,-999,1.0000
5135,-999,1.0000
5136,-999,1.0000
5137,-999,1.0000
5138,-999,1.0000
5139,-999,1.0000
5140,-999,1.0000
5141,-999,1.0000
5142,-999,1.0000
5143,-999,1.0000
5144,-999,1.0000
5145,-999,1.0000
5146,-999,1.0000
5147,-999,1.0000
5148,-999,1.0000
5149,-999,1.0000
5150,-999,1.0000
5151,-999,1.0000
5152,-999,1.0000
5153,-999,1.0000
5154,-999,1.0000
5155,-999,1.0000
5156,-999,1.0000
5157,-999,1.0000
5158,-999,1.0000
5159,-999,1.0000
5160,-999,1.0000
5161,-999,1.0000
5162,-999,1.0000
5163,-999,1.0000
5164,-999,1.0000
5165,-999,1.0000
5166,-999,1.0000
5167,-999,1.0000
5168,-999,1.0000
5169,-999,1.0000
5170,-999,1.0000
5171,-999,1.0000
5172,-999,1.0000
5173,-999,1.0000
5174,-999,1.0000
5175,5225,.0496
5175,5242,.9504
5176,5242,1.0000
5177,5242,1.0000
5178,5242,1.0000
5179,5242,.9426
5179,5225,.0574
5180,5242,1.0000
5181,5242,1.0000
5182,5242,1.0000
5183,5242,1.0000
5184,5242,1.0000
5185,5242,1.0000
5186,5242,1.0000
5187,5242,1.0000
5188,5242,1.0000
5189,5242,1.0000
5190,5242,1.0000
5191,5242,1.0000
5192,5242,1.0000
5193,5242,1.0000
5194,5242,1.0000
5195,5242,1.0000
5196,5242,1.0000
5197,5242,1.0000
5198,5242,.6348
5198,5246,.3652
5199,5246,1.0000
5200,5246,1.0000
5201,5246,1.0000
5202,5246,1.0000
5203,5246,.8983
5203,-999,.1017
5204,-999,.9748
5204,5246,.0252
5205,-999,1.0000
5206,-999,1.0000
5207,-999,1.0000
5208,-999,1.0000
5209,-999,1.0000
5210,-999,1.0000
5211,-999,1.0000
5212,-999,1.0000
5213,-999,1.0000
5214,-999,1.0000
5215,-999,1.0000
5216,-999,1.0000
5217,-999,1.0000
5218,-999,1.0000
5219,-999,1.0000
5220,-999,1.0000
5221,-999,1.0000
5222,-999,1.0000
5223,-999,1.0000
5224,-999,1.0000
5225,-999,1.0000
5226,-999,1.0000
5227,-999,1.0000
5228,-999,1.0000
5229,-999,1.0000
5230,-999,1.0000
5231,-999,1.0000
5232,-999,1.0000
5233,-999,1.0000
5234,-999,1.0000
5235,-999,1.0000
5236,-999,1.0000
5237,-999,1.0000
5238,-999,1.0000
5239,-999,1.0000
5240,-999,1.0000
5241,-999,1.0000
5242,-999,1.0000
5243,-999,1.0000
5244,-999,1.0000
5245,-999,1.0000
5246,-999,.8595
5246,5254,.1405
5247,5254,.5492
5247,-999,.4508
5248,5254,.4878
5248,-999,.5122
5249,5254,.1593
5249,-999,.8407
5250,-999,.8103
5250,5254,.1897
5251,5254,.1653
5251,-999,.8347
5252,-999,.9091
5252,5254,.0909
5253,5254,.6016
5253,-999,.3984
5254,5254,.9316
5254,-999,.0684
5255,5254,.9091
5255,-999,.0909
5256,5254,.7845
5256,-999,.2155
5257,5254,.7273
5257,-999,.2727
5258,5254,.4215
5258,-999,.5785
5259,-999,.1136
5259,5254,.8864
5260,5254,.9167
5260,-999,.0833
5261,5254,.4091
5261,-999,.5909
5262,5254,.3455
5262,-999,.6545
5263,5254,.0182
5263,-999,.9818
5264,-999,1.0000
5265,-999,1.0000
5266,-999,1.0000
5267,-999,1.0000
5268,-999,1.0000
5269,-999,1.0000
5270,-999,1.0000
5271,-999,1.0000
5272,-999,1.0000
5273,-999,1.0000
5274,-999,1.0000
5275,-999,1.0000
5276,-999,1.0000
5277,-999,1.0000
5278,-999,1.0000
5279,-999,1.0000
5280,-999,1.0000
5281,-999,1.0000
5282,-999,1.0000
5283,-999,1.0000
5284,-999,1.0000
5285,-999,1.0000
5286,-999,1.0000
5287,-999,1.0000
5288,-999,1.0000
5289,-999,1.0000
5290,-999,1.0000
5291,-999,1.0000
5292,-999,1.0000
5293,-999,1.0000
5294,-999,1.0000
5295,-999,1.0000
5296,-999,1.0000
5297,-999,1.0000
5298,-999,1.0000
5299,-999,1.0000
5300,-999,1.0000
5301,-999,1.0000
5302,-999,1.0000
5303,-999,1.0000
5304,-999,1.0000
5305,-999,1.0000
5306,-999,1.0000
5307,-999,1.0000
5308,-999,1.0000
5309,-999,1.0000
5310,-999,1.0000
5311,-999,1.0000
5312,-999,1.0000
5313,-999,1.0000
5314,-999,1.0000
5315,-999,1.0000
5316,-999,1.0000
5317,-999,1.0000
5318,-999,1.0000
5319,-999,1.0000
5320,-999,1.0000
5321,-999,1.0000
5322,-999,1.0000
5323,-999,1.0000
5324,-999,1.0000
5325,-999,1.0000
5326,-999,1.0000
5327,-999,1.0000
5328,-999,1.0000
5329,-999,1.0000
5330,-999,1.0000
5331,-999,1.0000
5332,-999,1.0000
5333,-999,1.0000
5334,-999,1.0000
5335,-999,1.0000
5336,-999,1.0000
5337,-999,1.0000
5338,-999,1.0000
5339,-999,1.0000
5340,-999,1.0000
5341,-999,1.0000
5342,-999,1.0000
5343,-999,1.0000
5344,-999,1.0000
5345,-999,1.0000
5346,-999,1.0000
5347,-999,1.0000
5348,-999,1.0000
5349,-999,1.0000
5350,-999,1.0000
5351,-999,1.0000
5352,-999,1.0000
5353,-999,1.0000
5354,-999,1.0000
5355,-999,1.0000
5356,-999,1.0000
5357,-999,1.0000
5358,-999,1.0000
5359,-999,1.0000
5360,-999,1.0000
5361,-999,1.0000
5362,-999,1.0000
5363,-999,1.0000
5364,-999,1.0000
5365,-999,1.0000
5366,-999,1.0000
5367,-999,1.0000
5368,-999,1.0000
5369,-999,1.0000
5370,-999,1.0000
5371,-999,1.0000
5372,-999,1.0000
5373,-999,1.0000
5374,5242,1.0000
5375,5242,1.0000
5376,5242,1.0000
5377,5242,1.0000
5378,5242,1.0000
5379,5242,1.0000
5380,5242,1.0000
5381,5242,1.0000
5382,5242,1.0000
5383,5242,1.0000
5384,5242,1.0000
5385,5242,1.0000
5386,5242,1.0000
5387,5242,1.0000
5388,5242,1.0000
5389,5242,1.0000
5390,5242,1.0000
5391,5242,1.0000
5392,5242,1.0000
5393,5242,1.0000
5394,5242,1.0000
5395,5242,1.0000
5396,5242,.8475
5396,5246,.1525
5397,5242,.2258
5397,5246,.7742
5398,5246,.9492
5398,5242,.0508
5399,5246,1.0000
5400,5246,1.0000
5401,5246,1.0000
5402,5246,1.0000
5403,5246,.3932
5403,-999,.5128
5403,5307,.0940
5404,-999,.9597
5404,5307,.0403
5405,-999,.9487
5405,5307,.0513
5406,-999,1.0000
5407,-999,1.0000
5408,-999,1.0000
5409,-999,1.0000
5410,-999,1.0000
5411,-999,1.0000
5412,-999,1.0000
5413,-999,1.0000
5414,-999,1.0000
5415,-999,1.0000
5416,-999,1.0000
5417,-999,1.0000
5418,-999,1.0000
5419,-999,1.0000
5420,-999,1.0000
5421,-999,1.0000
5422,-999,1.0000
5423,-999,1.0000
5424,-999,1.0000
5425,-999,1.0000
5426,-999,1.0000
5427,-999,1.0000
5428,-999,1.0000
5429,-999,1.0000
5430,-999,1.0000
5431,-999,1.0000
5432,-999,1.0000
5433,-999,1.0000
5434,-999,1.0000
5435,-999,1.0000
5436,-999,1.0000
5437,-999,1.0000
5438,-999,1.0000
5439,-999,1.0000
5440,-999,1.0000
5441,-999,1.0000
5442,-999,1.0000
5443,-999,1.0000
5444,-999,1.0000
5445,-999,1.0000
5446,-999,1.0000
5447,-999,1.0000
5448,-999,1.0000
5449,-999,1.0000
5450,-999,1.0000
5451,-999,1.0000
5452,-999,.9091
5452,5254,.0909
5453,5254,.1260
5453,-999,.8740
5454,-999,.9213
5454,5254,.0787
5455,5254,.0776
5455,-999,.9224
5456,-999,1.0000
5457,-999,.7636
5457,5254,.2364
5458,5254,.8475
5458,-999,.1525
5459,5254,.2791
5459,-999,.7209
5460,-999,1.0000
5461,-999,1.0000
5462,-999,1.0000
5463,-999,1.0000
5464,-999,1.0000
5465,-999,1.0000
5466,-999,1.0000
5467,-999,1.0000
5468,-999,1.0000
5469,-999,1.0000
5470,-999,1.0000
5471,-999,1.0000
5472,-999,1.0000
5473,-999,1.0000
5474,-999,1.0000
5475,-999,1.0000
5476,-999,1.0000
5477,-999,1.0000
5478,-999,1.0000
5479,-999,1.0000
5480,-999,1.0000
5481,-999,1.0000
5482,-999,1.0000
5483,-999,1.0000
5484,-999,1.0000
5485,-999,1.0000
5486,-999,1.0000
5487,-999,1.0000
5488,-999,1.0000
5489,-999,1.0000
5490,-999,1.0000
5491,-999,1.0000
5492,-999,1.0000
5493,-999,1.0000
5494,-999,1.0000
5495,-999,1.0000
5496,-999,1.0000
5497,-999,1.0000
5498,-999,1.0000
5499,-999,1.0000
5500,-999,1.0000
5501,-999,1.0000
5502,-999,1.0000
5503,-999,1.0000
5504,-999,1.0000
5505,-999,1.0000
5506,-999,1.0000
5507,-999,1.0000
5508,-999,1.0000
5509,-999,1.0000
5510,-999,1.0000
5511,-999,1.0000
5512,-999,1.0000
5513,-999,1.0000
5514,-999,1.0000
5515,-999,1.0000
5516,-999,1.0000
5517,-999,1.0000
5518,-999,1.0000
5519,-999,1.0000
5520,-999,1.0000
5521,-999,1.0000
5522,-999,1.0000
5523,-999,1.0000
5524,-999,1.0000
5525,-999,1.0000
5526,-999,1.0000
5527,-999,1.0000
5528,-999,1.0000
5529,-999,1.0000
5530,-999,1.0000
5531,-999,1.0000
5532,-999,1.0000
5533,-999,1.0000
5534,-999,1.0000
5535,-999,1.0000
5536,-999,1.0000
5537,-999,1.0000
5538,-999,1.0000
5539,-999,1.0000
5540,-999,1.0000
5541,-999,1.0000
5542,-999,1.0000
5543,-999,1.0000
5544,-999,1.0000
5545,-999,1.0000
5546,-999,1.0000
5547,-999,1.0000
5548,-999,1.0000
5549,-999,1.0000
5550,-999,1.0000
5551,-999,1.0000
5552,-999,1.0000
5553,-999,1.0000
5554,-999,1.0000
5555,-999,1.0000
5556,-999,1.0000
5557,-999,1.0000
5558,-999,1.0000
5559,-999,1.0000
5560,-999,1.0000
5561,-999,1.0000
5562,-999,1.0000
5563,-999,1.0000
5564,-999,1.0000
5565,-999,1.0000
5566,-999,1.0000
5567,-999,1.0000
5568,-999,1.0000
5569,-999,1.0000
5570,-999,1.0000
5571,-999,1.0000
5572,-999,1.0000
5573,5242,1.0000
5574,5242,1.0000
5575,5242,1.0000
5576,5242,1.0000
5577,5242,1.0000
5578,5242,1.0000
5579,5242,1.0000
5580,5242,1.0000
5581,5242,1.0000
5582,5242,1.0000
5583,5242,1.0000
5584,5242,1.0000
5585,5242,1.0000
5586,5242,1.0000
5587,5242,1.0000
5588,5242,1.0000
5589,5242,1.0000
5590,5242,1.0000
5591,5242,1.0000
5592,5242,1.0000
5593,5242,1.0000
5594,5242,1.0000
5595,5242,.9677
5595,5246,.0323
5596,5246,.3761
5596,5242,.6239
5597,5246,.4492
5597,5242,.5508
5598,5246,1.0000
5599,5246,1.0000
5600,5246,1.0000
5601,5246,1.0000
5602,5246,.5447
5602,5307,.4390
5602,-999,.0163
5603,-999,.1140
5603,5307,.8421
5603,5246,.0439
5604,-999,.1074
5604,5307,.8926
5605,-999,.5214
5605,5307,.4786
5606,-999,.9920
5606,5307,.0080
5607,-999,1.0000
5608,-999,1.0000
5609,-999,1.0000
5610,-999,1.0000
5611,-999,1.0000
5612,-999,1.0000
5613,-999,1.0000
5614,-999,1.0000
5615,-999,1.0000
5616,-999,1.0000
5617,-999,1.0000
5618,-999,1.0000
5619,-999,1.0000
5620,-999,1.0000
5621,-999,1.0000
5622,-999,1.0000
5623,-999,1.0000
5624,-999,1.0000
5625,-999,1.0000
5626,-999,1.0000
5627,-999,1.0000
5628,-999,1.0000
5629,-999,1.0000
5630,-999,1.0000
5631,-999,1.0000
5632,-999,1.0000
5633,-999,1.0000
5634,-999,1.0000
5635,-999,1.0000
5636,-999,1.0000
5637,-999,1.0000
5638,-999,1.0000
5639,-999,1.0000
5640,-999,1.0000
5641,-999,1.0000
5642,-999,1.0000
5643,-999,1.0000
5644,-999,1.0000
5645,-999,1.0000
5646,-999,1.0000
5647,-999,1.0000
5648,-999,1.0000
5649,-999,1.0000
5650,-999,1.0000
5651,-999,1.0000
5652,-999,1.0000
5653,-999,1.0000
5654,-999,1.0000
5655,-999,1.0000
5656,-999,1.0000
5657,-999,.9831
5657,5254,.0169
5658,-999,1.0000
5659,-999,1.0000
5660,-999,1.0000
5661,-999,1.0000
5662,-999,1.0000
5663,-999,1.0000
5664,-999,1.0000
5665,-999,1.0000
5666,-999,1.0000
5667,-999,1.0000
5668,-999,1.0000
5669,-999,1.0000
5670,-999,1.0000
5671,-999,1.0000
5672,-999,1.0000
5673,-999,1.0000
5674,-999,1.0000
5675,-999,1.0000
5676,-999,1.0000
5677,-999,1.0000
5678,-999,1.0000
5679,-999,1.0000
5680,-999,1.0000
5681,-999,1.0000
5682,-999,1.0000
5683,-999,1.0000
5684,-999,1.0000
5685,-999,1.0000
5686,-999,1.0000
5687,-999,1.0000
5688,-999,1.0000
5689,-999,1.0000
5690,-999,1.0000
5691,-999,1.0000
5692,-999,1.0000
5693,-999,1.0000
5694,-999,1.0000
5695,-999,1.0000
5696,-999,1.0000
5697,-999,1.0000
5698,-999,1.0000
5699,-999,1.0000
5700,-999,1.0000
5701,-999,1.0000
5702,-999,1.0000
5703,-999,1.0000
5704,-999,1.0000
5705,-999,1.0000
5706,-999,1.0000
5707,-999,1.0000
5708,-999,1.0000
5709,-999,1.0000
5710,-999,1.0000
5711,-999,1.0000
5712,-999,1.0000
5713,-999,1.0000
5714,-999,1.0000
5715,-999,1.0000
5716,-999,1.0000
5717,-999,1.0000
5718,-999,1.0000
5719,-999,1.0000
5720,-999,1.0000
5721,-999,1.0000
5722,-999,1.0000
5723,-999,1.0000
5724,-999,1.0000
5725,-999,1.0000
5726,-999,1.0000
5727,-999,1.0000
5728,-999,1.0000
5729,-999,1.0000
5730,-999,1.0000
5731,-999,1.0000
5732,-999,1.0000
5733,-999,1.0000
5734,-999,1.0000
5735,-999,1.0000
5736,-999,1.0000
5737,-999,1.0000
5738,-999,1.0000
5739,-999,1.0000
5740,-999,1.0000
5741,-999,1.0000
5742,-999,1.0000
5743,-999,1.0000
5744,-999,1.0000
5745,-999,1.0000
5746,-999,1.0000
5747,-999,1.0000
5748,-999,1.0000
5749,-999,1.0000
5750,-999,1.0000
5751,-999,1.0000
5752,-999,1.0000
5753,-999,1.0000
5754,-999,1.0000
5755,-999,1.0000
5756,-999,1.0000
5757,-999,1.0000
5758,-999,1.0000
5759,-999,1.0000
5760,-999,1.0000
5761,-999,1.0000
5762,-999,1.0000
5763,-999,1.0000
5764,-999,1.0000
5765,-999,1.0000
5766,-999,1.0000
5767,-999,1.0000
5768,-999,1.0000
5769,-999,1.0000
5770,-999,1.0000
5771,-999,1.0000
5772,5242,1.0000
5773,5242,1.0000
5774,5242,1.0000
5775,5242,1.0000
5776,5242,1.0000
5777,5242,1.0000
5778,5242,1.0000
5779,5242,1.0000
5780,5242,1.0000
5781,5242,1.0000
5782,5242,1.0000
5783,5242,1.0000
5784,5242,1.0000
5785,5242,1.0000
5786,5242,1.0000
5787,5242,1.0000
5788,5242,1.0000
5789,5242,1.0000
5790,5242,1.0000
5791,5242,1.0000
5792,5242,1.0000
5793,5242,1.0000
5794,5242,1.0000
5795,5242,1.0000
5796,5242,.6198
5796,5246,.3802
5797,5246,1.0000
5798,5246,1.0000
5799,5246,1.0000
5800,5246,1.0000
5801,5246,.9741
5801,5307,.0259
5802,5246,.1520
5802,5307,.8400
5802,5252,.0080
5803,5307,.7458
5803,5252,.2542
5804,5307,.9344
5804,5252,.0656
5805,5307,.4957
5805,-999,.5043
5806,-999,1.0000
5807,-999,1.0000
5808,-999,1.0000
5809,-999,1.0000
5810,-999,1.0000
5811,-999,1.0000
5812,-999,1.0000
5813,-999,1.0000
5814,-999,1.0000
5815,-999,1.0000
5816,-999,1.0000
5817,-999,1.0000
5818,-999,1.0000
5819,-999,1.0000
5820,-999,1.0000
5821,-999,1.0000
5822,-999,1.0000
5823,-999,1.0000
5824,-999,1.0000
5825,-999,1.0000
5826,-999,1.0000
5827,-999,1.0000
5828,-999,1.0000
5829,-999,1.0000
5830,-999,1.0000
5831,-999,1.0000
5832,-999,1.0000
5833,-999,1.0000
5834,-999,1.0000
5835,-999,1.0000
5836,-999,1.0000
5837,-999,1.0000
5838,-999,1.0000
5839,-999,1.0000
5840,-999,1.0000
5841,-999,1.0000
5842,-999,1.0000
5843,-999,1.0000
5844,-999,1.0000
5845,-999,1.0000
5846,-999,1.0000
5847,-999,1.0000
5848,-999,.8824
5848,5254,.1176
5849,-999,.9600
5849,5254,.0400
5850,-999,.6116
5850,5254,.3884
5851,-999,.7934
5851,5254,.2066
5852,-999,.7586
5852,5254,.2414
5853,-999,.9917
5853,5254,.0083
5854,-999,1.0000
5855,-999,1.0000
5856,-999,1.0000
5857,-999,1.0000
5858,-999,1.0000
5859,-999,1.0000
5860,-999,1.0000
5861,-999,1.0000
5862,-999,1.0000
5863,-999,1.0000
5864,-999,1.0000
5865,-999,1.0000
5866,-999,1.0000
5867,-999,1.0000
5868,-999,1.0000
5869,-999,1.0000
5870,-999,1.0000
5871,-999,1.0000
5872,-999,1.0000
5873,-999,1.0000
5874,-999,1.0000
5875,-999,1.0000
5876,-999,1.0000
5877,-999,1.0000
5878,-999,1.0000
5879,-999,1.0000
5880,-999,1.0000
5881,-999,1.0000
5882,-999,1.0000
5883,-999,1.0000
5884,-999,1.0000
5885,-999,1.0000
5886,-999,1.0000
5887,-999,1.0000
5888,-999,1.0000
5889,-999,1.0000
5890,-999,1.0000
5891,-999,1.0000
5892,-999,1.0000
5893,-999,1.0000
5894,-999,1.0000
5895,-999,1.0000
5896,-999,1.0000
5897,-999,1.0000
5898,-999,1.0000
5899,-999,1.0000
5900,-999,1.0000
5901,-999,1.0000
5902,-999,1.0000
5903,-999,1.0000
5904,-999,1.0000
5905,-999,1.0000
5906,-999,1.0000
5907,-999,1.0000
5908,-999,1.0000
5909,-999,1.0000
5910,-999,1.0000
5911,-999,1.0000
5912,-999,1.0000
5913,-999,1.0000
5914,-999,1.0000
5915,-999,1.0000
5916,-999,1.0000
5917,-999,1.0000
5918,-999,1.0000
5919,-999,1.0000
5920,-999,1.0000
5921,-999,1.0000
5922,-999,1.0000
5923,-999,1.0000
5924,-999,1.0000
5925,-999,1.0000
5926,-999,1.0000
5927,-999,1.0000
5928,-999,1.0000
5929,-999,1.0000
5930,-999,1.0000
5931,-999,1.0000
5932,-999,1.0000
5933,-999,1.0000
5934,-999,1.0000
5935,-999,1.0000
5936,-999,1.0000
5937,-999,1.0000
5938,-999,1.0000
5939,-999,1.0000
5940,-999,1.0000
5941,-999,1.0000
5942,-999,1.0000
5943,-999,1.0000
5944,-999,1.0000
5945,-999,1.0000
5946,-999,1.0000
5947,-999,1.0000
5948,-999,1.0000
5949,-999,1.0000
5950,-999,1.0000
5951,-999,1.0000
5952,-999,1.0000
5953,-999,1.0000
5954,-999,1.0000
5955,-999,1.0000
5956,-999,1.0000
5957,-999,1.0000
5958,-999,1.0000
5959,-999,1.0000
5960,-999,1.0000
5961,-999,1.0000
5962,-999,1.0000
5963,-999,1.0000
5964,-999,1.0000
5965,-999,1.0000
5966,-999,1.0000
5967,-999,1.0000
5968,-999,1.0000
5969,-999,1.0000
5970,-999,1.0000
5971,5242,1.0000
5972,5242,1.0000
5973,5242,1.0000
5974,5242,1.0000
5975,5242,1.0000
5976,5242,1.0000
5977,5242,1.0000
5978,5242,1.0000
5979,5242,1.0000
5980,5242,1.0000
5981,5242,1.0000
5982,5242,1.0000
5983,5242,1.0000
5984,5242,1.0000
5985,5242,1.0000
5986,5242,1.0000
5987,5242,1.0000
5988,5242,1.0000
5989,5242,1.0000
5990,5242,1.0000
5991,5242,1.0000
5992,5242,1.0000
5993,5242,1.0000
5994,5242,1.0000
5995,5242,.7000
5995,5246,.3000
5996,5246,.8083
5996,5242,.1917
5997,5246,1.0000
5998,5246,1.0000
5999,5246,1.0000
6000,5246,.9520
6000,5252,.0480
6001,5246,.0598
6001,5252,.6923
6001,5307,.2479
6002,5307,.3529
6002,5252,.6471
6003,5252,.1197
6003,5307,.8803
6004,5307,.8197
6004,-999,.0082
6004,5252,.1721
6005,-999,.4833
6005,5307,.5167
6006,-999,.6860
6006,5307,.3140
6007,-999,.9914
6007,5307,.0086
6008,-999,1.0000
6009,-999,1.0000
6010,-999,1.0000
6011,-999,1.0000
6012,-999,1.0000
6013,-999,1.0000
6014,-999,1.0000
6015,-999,1.0000
6016,-999,1.0000
6017,-999,1.0000
6018,-999,1.0000
6019,-999,1.0000
6020,-999,1.0000
6021,-999,1.0000
6022,-999,1.0000
6023,-999,1.0000
6024,-999,1.0000
6025,-999,1.0000
6026,-999,1.0000
6027,-999,1.0000
6028,-999,1.0000
6029,-999,1.0000
6030,-999,1.0000
6031,-999,1.0000
6032,-999,1.0000
6033,-999,1.0000
6034,-999,1.0000
6035,-999,1.0000
6036,-999,1.0000
6037,-999,1.0000
6038,-999,1.0000
6039,-999,1.0000
6040,-999,1.0000
6041,-999,1.0000
6042,-999,1.0000
6043,-999,1.0000
6044,-999,1.0000
6045,-999,1.0000
6046,-999,.9917
6046,5254,.0083
6047,-999,.2893
6047,5254,.7107
6048,-999,.1681
6048,5254,.8319
6049,5254,1.0000
6050,5254,1.0000
6051,5254,1.0000
6052,5254,.7317
6052,-999,.2683
6053,-999,.8702
6053,5254,.1298
6054,-999,1.0000
6055,-999,1.0000
6056,-999,1.0000
6057,-999,1.0000
6058,-999,1.0000
6059,-999,1.0000
6060,-999,1.0000
6061,-999,1.0000
6062,-999,1.0000
6063,-999,1.0000
6064,-999,1.0000
6065,-999,1.0000
6066,-999,1.0000
6067,-999,1.0000
6068,-999,1.0000
6069,-999,1.0000
6070,-999,1.0000
6071,-999,1.0000
6072,-999,1.0000
6073,-999,1.0000
6074,-999,1.0000
6075,-999,1.0000
6076,-999,1.0000
6077,-999,1.0000
6078,-999,1.0000
6079,-999,1.0000
6080,-999,1.0000
6081,-999,1.0000
6082,-999,1.0000
6083,-999,1.0000
6084,-999,1.0000
6085,-999,1.0000
6086,-999,1.0000
6087,-999,1.0000
6088,-999,1.0000
6089,-999,1.0000
6090,-999,1.0000
6091,-999,1.0000
6092,-999,1.0000
6093,-999,1.0000
6094,-999,1.0000
6095,-999,1.0000
6096,-999,1.0000
6097,-999,1.0000
6098,-999,1.0000
6099,-999,1.0000
6100,-999,1.0000
6101,-999,1.0000
6102,-999,1.0000
6103,-999,1.0000
6104,-999,1.0000
6105,-999,1.0000
6106,-999,1.0000
6107,-999,1.0000
6108,-999,1.0000
6109,-999,1.0000
6110,-999,1.0000
6111,-999,1.0000
6112,-999,1.0000
6113,-999,1.0000
6114,-999,1.0000
6115,-999,1.0000
6116,-999,1.0000
6117,-999,1.0000
6118,-999,1.0000
6119,-999,1.0000
6120,-999,1.0000
6121,-999,1.0000
6122,-999,1.0000
6123,-999,1.0000
6124,-999,1.0000
6125,-999,1.0000
6126,-999,1.0000
6127,-999,1.0000
6128,-999,1.0000
6129,-999,1.0000
6130,-999,1.0000
6131,-999,1.0000
6132,-999,1.0000
6133,-999,1.0000
6134,-999,1.0000
6135,-999,1.0000
6136,-999,1.0000
6137,-999,1.0000
6138,-999,1.0000
6139,-999,1.0000
6140,-999,1.0000
6141,-999,1.0000
6142,-999,1.0000
6143,-999,1.0000
6144,-999,1.0000
6145,-999,1.0000
6146,-999,1.0000
6147,-999,1.0000
6148,-999,1.0000
6149,-999,1.0000
6150,-999,1.0000
6151,-999,1.0000
6152,-999,1.0000
6153,-999,1.0000
6154,-999,1.0000
6155,-999,1.0000
6156,-999,1.0000
6157,-999,1.0000
6158,-999,1.0000
6159,-999,1.0000
6160,-999,1.0000
6161,-999,1.0000
6162,-999,1.0000
6163,-999,1.0000
6164,-999,1.0000
6165,-999,1.0000
6166,-999,1.0000
6167,-999,1.0000
6168,-999,1.0000
6169,-999,1.0000
6170,5242,1.0000
6171,5242,1.0000
6172,5242,1.0000
6173,5242,1.0000
6174,5242,1.0000
6175,5242,1.0000
6176,5242,1.0000
6177,5242,1.0000
6178,5242,1.0000
6179,5242,1.0000
6180,5242,1.0000
6181,5242,1.0000
6182,5242,1.0000
6183,5242,1.0000
6184,5242,1.0000
6185,5242,1.0000
6186,5242,1.0000
6187,5242,1.0000
6188,5242,1.0000
6189,5242,1.0000
6190,5242,1.0000
6191,5242,1.0000
6192,5242,1.0000
6193,5242,1.0000
6194,5242,.8739
6194,5246,.1261
6195,5242,.2373
6195,5246,.7627
6196,5246,1.0000
6197,5246,1.0000
6198,5246,1.0000
6199,5246,.6870
6199,5252,.3130
6200,5252,1.0000
6201,5252,.9339
6201,5307,.0661
6202,5307,.6639
6202,5252,.3361
6203,5252,.8729
6203,5307,.1271
6204,5307,.6724
6204,5252,.3276
6205,5307,.8333
6205,5252,.1667
6206,5307,.4876
6206,-999,.5124
6207,-999,1.0000
6208,-999,1.0000
6209,-999,1.0000
6210,-999,1.0000
6211,-999,1.0000
6212,-999,1.0000
6213,-999,1.0000
6214,-999,1.0000
6215,-999,1.0000
6216,-999,1.0000
6217,-999,1.0000
6218,-999,1.0000
6219,-999,1.0000
6220,-999,1.0000
6221,-999,1.0000
6222,-999,1.0000
6223,-999,1.0000
6224,-999,1.0000
6225,-999,1.0000
6226,-999,1.0000
6227,-999,1.0000
6228,-999,1.0000
6229,-999,1.0000
6230,-999,1.0000
6231,-999,1.0000
6232,-999,1.0000
6233,-999,1.0000
6234,-999,1.0000
6235,-999,1.0000
6236,-999,1.0000
6237,-999,1.0000
6238,-999,1.0000
6239,-999,1.0000
6240,-999,1.0000
6241,-999,1.0000
6242,-999,1.0000
6243,-999,1.0000
6244,-999,1.0000
6245,-999,.9636
6245,5254,.0364
6246,5254,.2250
6246,-999,.7750
6247,5254,.9091
6247,-999,.0909
6248,5254,.9545
6248,5274,.0455
6249,5254,.4696
6249,5274,.5304
6250,5254,.6818
6250,5274,.3182
6251,5254,.8727
6251,5274,.1273
6252,5254,.5556
6252,-999,.2778
6252,5274,.1667
6253,-999,.9444
6253,5254,.0079
6253,5274,.0476
6254,-999,1.0000
6255,-999,1.0000
6256,-999,1.0000
6257,-999,1.0000
6258,-999,1.0000
6259,-999,1.0000
6260,-999,1.0000
6261,-999,1.0000
6262,-999,1.0000
6263,-999,1.0000
6264,-999,1.0000
6265,-999,1.0000
6266,-999,1.0000
6267,-999,1.0000
6268,-999,1.0000
6269,-999,1.0000
6270,-999,1.0000
6271,-999,1.0000
6272,-999,1.0000
6273,-999,1.0000
6274,-999,1.0000
6275,-999,1.0000
6276,-999,1.0000
6277,-999,1.0000
6278,-999,1.0000
6279,-999,1.0000
6280,-999,1.0000
6281,-999,1.0000
6282,-999,1.0000
6283,-999,1.0000
6284,-999,1.0000
6285,-999,1.0000
6286,-999,1.0000
6287,-999,1.0000
6288,-999,1.0000
6289,-999,1.0000
6290,-999,1.0000
6291,-999,1.0000
6292,-999,1.0000
6293,-999,1.0000
6294,-999,1.0000
6295,-999,1.0000
6296,-999,1.0000
6297,-999,1.0000
6298,-999,1.0000
6299,-999,1.0000
6300,-999,1.0000
6301,-999,1.0000
6302,-999,1.0000
6303,-999,1.0000
6304,-999,1.0000
6305,-999,1.0000
6306,-999,1.0000
6307,-999,1.0000
6308,-999,1.0000
6309,-999,1.0000
6310,-999,1.0000
6311,-999,1.0000
6312,-999,1.0000
6313,-999,1.0000
6314,-999,1.0000
6315,-999,1.0000
6316,-999,1.0000
6317,-999,1.0000
6318,-999,1.0000
6319,-999,1.0000
6320,-999,1.0000
6321,-999,1.0000
6322,-999,1.0000
6323,-999,1.0000
6324,-999,1.0000
6325,-999,1.0000
6326,-999,1.0000
6327,-999,1.0000
6328,-999,1.0000
6329,-999,1.0000
6330,-999,1.0000
6331,-999,1.0000
6332,-999,1.0000
6333,-999,1.0000
6334,-999,1.0000
6335,-999,1.0000
6336,-999,1.0000
6337,-999,1.0000
6338,-999,1.0000
6339,-999,1.0000
6340,-999,1.0000
6341,-999,1.0000
6342,-999,1.0000
6343,-999,1.0000
6344,-999,1.0000
6345,-999,1.0000
6346,-999,1.0000
6347,-999,1.0000
6348,-999,1.0000
6349,-999,1.0000
6350,-999,1.0000
6351,-999,1.0000
6352,-999,1.0000
6353,-999,1.0000
6354,-999,1.0000
6355,-999,1.0000
6356,-999,1.0000
6357,-999,1.0000
6358,-999,1.0000
6359,-999,1.0000
6360,-999,1.0000
6361,-999,1.0000
6362,-999,1.0000
6363,-999,1.0000
6364,-999,1.0000
6365,-999,1.0000
6366,-999,1.0000
6367,-999,1.0000
6368,-999,1.0000
6369,5242,1.0000
6370,5242,1.0000
6371,5242,1.0000
6372,5242,1.0000
6373,5242,1.0000
6374,5242,1.0000
6375,5242,1.0000
6376,5242,1.0000
6377,5242,1.0000
6378,5242,1.0000
6379,5242,1.0000
6380,5242,1.0000
6381,5242,1.0000
6382,5242,1.0000
6383,5242,1.0000
6384,5242,1.0000
6385,5242,1.0000
6386,5242,1.0000
6387,5242,1.0000
6388,5242,1.0000
6389,5242,1.0000
6390,5242,1.0000
6391,5242,1.0000
6392,5242,1.0000
6393,5242,1.0000
6394,5242,.2823
6394,5246,.7177
6395,5246,1.0000
6396,5246,1.0000
6397,5246,1.0000
6398,5246,.3852
6398,5252,.6148
6399,5252,1.0000
6400,5252,1.0000
6401,5252,.8739
6401,5307,.1261
6402,5252,1.0000
6403,5252,1.0000
6404,5252,.6387
6404,5307,.3613
6405,5307,.8571
6405,-999,.1429
6406,-999,.9914
6406,5307,.0086
6407,-999,1.0000
6408,-999,1.0000
6409,-999,1.0000
6410,-999,1.0000
6411,-999,1.0000
6412,-999,1.0000
6413,-999,1.0000
6414,-999,1.0000
6415,-999,1.0000
6416,-999,1.0000
6417,-999,1.0000
6418,-999,1.0000
6419,-999,1.0000
6420,-999,1.0000
6421,-999,1.0000
6422,-999,1.0000
6423,-999,1.0000
6424,-999,1.0000
6425,-999,1.0000
6426,-999,1.0000
6427,-999,1.0000
6428,-999,1.0000
6429,-999,1.0000
6430,-999,1.0000
6431,-999,1.0000
6432,-999,1.0000
6433,-999,1.0000
6434,-999,1.0000
6435,-999,1.0000
6436,-999,1.0000
6437,-999,1.0000
6438,-999,1.0000
6439,-999,1.0000
6440,-999,1.0000
6441,-999,1.0000
6442,-999,1.0000
6443,-999,1.0000
6444,-999,.7717
6444,5254,.2283
6445,-999,.3571
6445,5254,.6429
6446,-999,.0091
6446,5254,.9909
6447,5254,.9916
6447,5274,.0084
6448,5254,.2443
6448,5274,.7557
6449,5274,1.0000
6450,5274,1.0000
6451,5274,1.0000
6452,5274,.1833
6452,-999,.8167
6453,-999,1.0000
6454,-999,1.0000
6455,-999,1.0000
6456,-999,1.0000
6457,-999,1.0000
6458,-999,1.0000
6459,-999,1.0000
6460,-999,1.0000
6461,-999,1.0000
6462,-999,1.0000
6463,-999,1.0000
6464,-999,1.0000
6465,-999,1.0000
6466,-999,1.0000
6467,-999,1.0000
6468,-999,1.0000
6469,-999,1.0000
6470,-999,1.0000
6471,-999,1.0000
6472,-999,1.0000
6473,-999,1.0000
6474,-999,1.0000
6475,-999,1.0000
6476,-999,1.0000
6477,-999,1.0000
6478,-999,1.0000
6479,-999,1.0000
6480,-999,1.0000
6481,-999,1.0000
6482,-999,1.0000
6483,-999,1.0000
6484,-999,1.0000
6485,-999,1.0000
6486,-999,1.0000
6487,-999,1.0000
6488,-999,1.0000
6489,-999,1.0000
6490,-999,1.0000
6491,-999,1.0000
6492,-999,1.0000
6493,-999,1.0000
6494,-999,1.0000
6495,-999,1.0000
6496,-999,1.0000
6497,-999,1.0000
6498,-999,1.0000
6499,-999,1.0000
6500,-999,1.0000
6501,-999,1.0000
6502,-999,1.0000
6503,-999,1.0000
6504,-999,1.0000
6505,-999,1.0000
6506,-999,1.0000
6507,-999,1.0000
6508,-999,1.0000
6509,-999,1.0000
6510,-999,1.0000
6511,-999,1.0000
6512,-999,1.0000
6513,-999,1.0000
6514,-999,1.0000
6515,-999,1.0000
6516,-999,1.0000
6517,-999,1.0000
6518,-999,1.0000
6519,-999,1.0000
6520,-999,1.0000
6521,-999,1.0000
6522,-999,1.0000
6523,-999,1.0000
6524,-999,1.0000
6525,-999,1.0000
6526,-999,1.0000
6527,-999,1.0000
6528,-999,1.0000
6529,-999,1.0000
6530,-999,1.0000
6531,-999,1.0000
6532,-999,1.0000
6533,-999,1.0000
6534,-999,1.0000
6535,-999,1.0000
6536,-999,1.0000
6537,-999,1.0000
6538,-999,1.0000
6539,-999,1.0000
6540,-999,1.0000
6541,-999,1.0000
6542,-999,1.0000
6543,-999,1.0000
6544,-999,1.0000
6545,-999,1.0000
6546,-999,1.0000
6547,-999,1.0000
6548,-999,1.0000
6549,-999,1.0000
6550,-999,1.0000
6551,-999,1.0000
6552,-999,1.0000
6553,-999,1.0000
6554,-999,1.0000
6555,-999,1.0000
6556,-999,1.0000
6557,-999,1.0000
6558,-999,1.0000
6559,-999,1.0000
6560,-999,1.0000
6561,-999,1.0000
6562,-999,1.0000
6563,-999,1.0000
6564,-999,1.0000
6565,-999,1.0000
6566,-999,1.0000
6567,-999,1.0000
6568,5242,1.0000
6569,5242,1.0000
6570,5242,1.0000
6571,5242,1.0000
6572,5242,1.0000
6573,5242,1.0000
6574,5242,1.0000
6575,5242,1.0000
6576,5242,1.0000
6577,5242,1.0000
6578,5242,1.0000
6579,5242,1.0000
6580,5242,1.0000
6581,5242,1.0000
6582,5242,1.0000
6583,5242,1.0000
6584,5242,1.0000
6585,5242,1.0000
6586,5242,1.0000
6587,5242,1.0000
6588,5242,1.0000
6589,5242,1.0000
6590,5242,1.0000
6591,5242,1.0000
6592,5242,.9919
6592,5246,.0081
6593,5242,.4087
6593,5246,.5913
6594,5246,1.0000
6595,5246,1.0000
6596,5246,1.0000
6597,5246,.1513
6597,5252,.8487
6598,5252,1.0000
6599,5252,1.0000
6600,5252,1.0000
6601,5252,1.0000
6602,5252,1.0000
6603,5252,.7213
6603,5307,.2787
6604,5307,.9496
6604,-999,.0336
6604,5252,.0168
6605,5307,.0800
6605,-999,.9200
6606,-999,1.0000
6607,-999,1.0000
6608,-999,1.0000
6609,-999,1.0000
6610,-999,1.0000
6611,-999,1.0000
6612,-999,1.0000
6613,-999,1.0000
6614,-999,1.0000
6615,-999,1.0000
6616,-999,1.0000
6617,-999,1.0000
6618,-999,1.0000
6619,-999,1.0000
6620,-999,1.0000
6621,-999,1.0000
6622,-999,1.0000
6623,-999,1.0000
6624,-999,1.0000
6625,-999,1.0000
6626,-999,1.0000
6627,-999,1.0000
6628,-999,1.0000
6629,-999,1.0000
6630,-999,1.0000
6631,-999,1.0000
6632,-999,1.0000
6633,-999,1.0000
6634,-999,1.0000
6635,-999,1.0000
6636,-999,1.0000
6637,-999,1.0000
6638,-999,1.0000
6639,-999,1.0000
6640,-999,1.0000
6641,-999,1.0000
6642,-999,.9545
6642,5254,.0455
6643,-999,.1429
6643,5254,.8571
6644,5254,1.0000
6645,5254,1.0000
6646,5254,.4696
6646,5274,.5304
6647,5274,1.0000
6648,5274,1.0000
6649,5274,.8843
6649,-999,.1157
6650,5274,.4793
6650,-999,.5207
6651,5274,.0160
6651,-999,.9840
6652,-999,1.0000
6653,-999,1.0000
6654,-999,1.0000
6655,-999,1.0000
6656,-999,1.0000
6657,-999,1.0000
6658,-999,1.0000
6659,-999,1.0000
6660,-999,1.0000
6661,-999,1.0000
6662,-999,1.0000
6663,-999,1.0000
6664,-999,1.0000
6665,-999,1.0000
6666,-999,1.0000
6667,-999,1.0000
6668,-999,1.0000
6669,-999,1.0000
6670,-999,1.0000
6671,-999,1.0000
6672,-999,1.0000
6673,-999,1.0000
6674,-999,1.0000
6675,-999,1.0000
6676,-999,1.0000
6677,-999,1.0000
6678,-999,1.0000
6679,-999,1.0000
6680,-999,1.0000
6681,-999,1.0000
6682,-999,1.0000
6683,-999,1.0000
6684,-999,1.0000
6685,-999,1.0000
6686,-999,1.0000
6687,-999,1.0000
6688,-999,1.0000
6689,-999,1.0000
6690,-999,1.0000
6691,-999,1.0000
6692,-999,1.0000
6693,-999,1.0000
6694,-999,1.0000
6695,-999,1.0000
6696,-999,1.0000
6697,-999,1.0000
6698,-999,1.0000
6699,-999,1.0000
6700,-999,1.0000
6701,-999,1.0000
6702,-999,1.0000
6703,-999,1.0000
6704,-999,1.0000
6705,-999,1.0000
6706,-999,1.0000
6707,-999,1.0000
6708,-999,1.0000
6709,-999,1.0000
6710,-999,1.0000
6711,-999,1.0000
6712,-999,1.0000
6713,-999,1.0000
6714,-999,1.0000
6715,-999,1.0000
6716,-999,1.0000
6717,-999,1.0000
6718,-999,1.0000
6719,-999,1.0000
6720,-999,1.0000
6721,-999,1.0000
6722,-999,1.0000
6723,-999,1.0000
6724,-999,1.0000
6725,-999,1.0000
6726,-999,1.0000
6727,-999,1.0000
6728,-999,1.0000
6729,-999,1.0000
6730,-999,1.0000
6731,-999,1.0000
6732,-999,1.0000
6733,-999,1.0000
6734,-999,1.0000
6735,-999,1.0000
6736,-999,1.0000
6737,-999,1.0000
6738,-999,1.0000
6739,-999,1.0000
6740,-999,1.0000
6741,-999,1.0000
6742,-999,1.0000
6743,-999,1.0000
6744,-999,1.0000
6745,-999,1.0000
6746,-999,1.0000
6747,-999,1.0000
6748,-999,1.0000
6749,-999,1.0000
6750,-999,1.0000
6751,-999,1.0000
6752,-999,1.0000
6753,-999,1.0000
6754,-999,1.0000
6755,-999,1.0000
6756,-999,1.0000
6757,-999,1.0000
6758,-999,1.0000
6759,-999,1.0000
6760,-999,1.0000
6761,-999,1.0000
6762,-999,1.0000
6763,-999,1.0000
6764,-999,1.0000
6765,-999,1.0000
6766,-999,1.0000
6767,5242,1.0000
6768,5242,1.0000
6769,5242,1.0000
6770,5242,1.0000
6771,5242,1.0000
6772,5242,1.0000
6773,5242,1.0000
6774,5242,1.0000
6775,5242,1.0000
6776,5242,1.0000
6777,5242,1.0000
6778,5242,1.0000
6779,5242,1.0000
6780,5242,1.0000
6781,5242,1.0000
6782,5242,1.0000
6783,5242,1.0000
6784,5242,1.0000
6785,5242,1.0000
6786,5242,1.0000
6787,5242,1.0000
6788,5242,1.0000
6789,5242,1.0000
6790,5242,1.0000
6791,5242,.6864
6791,5246,.3136
6792,5246,.7419
6792,5242,.2581
6793,5246,.6667
6793,5242,.3333
6794,5246,1.0000
6795,5246,.8908
6795,5252,.1092
6796,5246,.0420
6796,5252,.9580
6797,5252,1.0000
6798,5252,1.0000
6799,5252,1.0000
6800,5252,1.0000
6801,5252,1.0000
6802,5252,1.0000
6803,5252,.6585
6803,5307,.2520
6803,-999,.0894
6804,5307,.0265
6804,-999,.9646
6804,5252,.0088
6805,-999,1.0000
6806,-999,1.0000
6807,-999,1.0000
6808,-999,1.0000
6809,-999,1.0000
6810,-999,1.0000
6811,-999,1.0000
6812,-999,1.0000
6813,-999,1.0000
6814,-999,1.0000
6815,-999,1.0000
6816,-999,1.0000
6817,-999,1.0000
6818,-999,1.0000
6819,-999,1.0000
6820,-999,1.0000
6821,-999,1.0000
6822,-999,1.0000
6823,-999,1.0000
6824,-999,1.0000
6825,-999,1.0000
6826,-999,1.0000
6827,-999,1.0000
6828,-999,1.0000
6829,-999,1.0000
6830,-999,1.0000
6831,-999,1.0000
6832,-999,1.0000
6833,-999,1.0000
6834,-999,1.0000
6835,-999,1.0000
6836,-999,1.0000
6837,-999,1.0000
6838,-999,1.0000
6839,-999,1.0000
6840,-999,1.0000
6841,-999,.4711
6841,5254,.5289
6842,5254,1.0000
6843,5254,1.0000
6844,5254,1.0000
6845,5254,.2479
6845,5274,.7521
6846,5274,1.0000
6847,5274,.8626
6847,-999,.1298
6847,5254,.0076
6848,5274,.1802
6848,-999,.8198
6849,-999,1.0000
6850,-999,1.0000
6851,-999,1.0000
6852,-999,1.0000
6853,-999,1.0000
6854,-999,1.0000
6855,-999,1.0000
6856,-999,1.0000
6857,-999,1.0000
6858,-999,1.0000
6859,-999,1.0000
6860,-999,1.0000
6861,-999,1.0000
6862,-999,1.0000
6863,-999,1.0000
6864,-999,1.0000
6865,-999,1.0000
6866,-999,1.0000
6867,-999,1.0000
6868,-999,1.0000
6869,-999,1.0000
6870,-999,1.0000
6871,-999,1.0000
6872,-999,1.0000
6873,-999,1.0000
6874,-999,1.0000
6875,-999,1.0000
6876,-999,1.0000
6877,-999,1.0000
6878,-999,1.0000
6879,-999,1.0000
6880,-999,1.0000
6881,-999,1.0000
6882,-999,1.0000
6883,-999,1.0000
6884,-999,1.0000
6885,-999,1.0000
6886,-999,1.0000
6887,-999,1.0000
6888,-999,1.0000
6889,-999,1.0000
6890,-999,1.0000
6891,-999,1.0000
6892,-999,1.0000
6893,-999,1.0000
6894,-999,1.0000
6895,-999,1.0000
6896,-999,1.0000
6897,-999,1.0000
6898,-999,1.0000
6899,-999,1.0000
6900,-999,1.0000
6901,-999,1.0000
6902,-999,1.0000
6903,-999,1.0000
6904,-999,1.0000
6905,-999,1.0000
6906,-999,1.0000
6907,-999,1.0000
6908,-999,1.0000
6909,-999,1.0000
6910,-999,1.0000
6911,-999,1.0000
6912,-999,1.0000
6913,-999,1.0000
6914,-999,1.0000
6915,-999,1.0000
6916,-999,1.0000
6917,-999,1.0000
6918,-999,1.0000
6919,-999,1.0000
6920,-999,1.0000
6921,-999,1.0000
6922,-999,1.0000
6923,-999,1.0000
6924,-999,1.0000
6925,-999,1.0000
6926,-999,1.0000
6927,-999,1.0000
6928,-999,1.0000
6929,-999,1.0000
6930,-999,1.0000
6931,-999,1.0000
6932,-999,1.0000
6933,-999,1.0000
6934,-999,1.0000
6935,-999,1.0000
6936,-999,1.0000
6937,-999,1.0000
6938,-999,1.0000
6939,-999,1.0000
6940,-999,1.0000
6941,-999,1.0000
6942,-999,1.0000
6943,-999,1.0000
6944,-999,1.0000
6945,-999,1.0000
6946,-999,1.0000
6947,-999,1.0000
6948,-999,1.0000
6949,-999,1.0000
6950,-999,1.0000
6951,-999,1.0000
6952,-999,1.0000
6953,-999,1.0000
6954,-999,1.0000
6955,-999,1.0000
6956,-999,1.0000
6957,-999,1.0000
6958,-999,1.0000
6959,-999,1.0000
6960,-999,1.0000
6961,-999,1.0000
6962,-999,1.0000
6963,-999,1.0000
6964,-999,1.0000
6965,-999,1.0000
6966,5242,1.0000
6967,5242,1.0000
6968,5242,1.0000
6969,5242,1.0000
6970,5242,1.0000
6971,5242,1.0000
6972,5242,1.0000
6973,5242,1.0000
6974,5242,1.0000
6975,5242,1.0000
6976,5242,1.0000
6977,5242,1.0000
6978,5242,1.0000
6979,5242,1.0000
6980,5242,1.0000
6981,5242,1.0000
6982,5242,1.0000
6983,5242,1.0000
6984,5242,1.0000
6985,5242,1.0000
6986,5242,1.0000
6987,5242,1.0000
6988,5242,1.0000
6989,5242,1.0000
6990,5242,.9919
6990,5246,.0081
6991,5242,.7966
6991,5246,.2034
6992,5242,.2051
6992,5246,.7949
6993,5246,.9426
6993,5252,.0574
6994,5246,.3950
6994,5252,.6050
6995,5252,1.0000
6996,5252,1.0000
6997,5252,1.0000
6998,5252,1.0000
6999,5252,1.0000
7000,5252,1.0000
7001,5252,1.0000
7002,5252,1.0000
7003,5252,.3465
7003,-999,.5433
7003,5307,.1102
7004,-999,.9478
7004,5307,.0522
7005,-999,1.0000
7006,-999,1.0000
7007,-999,1.0000
7008,-999,1.0000
7009,-999,1.0000
7010,-999,1.0000
7011,-999,1.0000
7012,-999,1.0000
7013,-999,1.0000
7014,-999,1.0000
7015,-999,1.0000
7016,-999,1.0000
7017,-999,1.0000
7018,-999,1.0000
7019,-999,1.0000
7020,-999,1.0000
7021,-999,1.0000
7022,-999,1.0000
7023,-999,1.0000
7024,-999,1.0000
7025,-999,1.0000
7026,-999,1.0000
7027,-999,1.0000
7028,-999,1.0000
7029,-999,1.0000
7030,-999,1.0000
7031,-999,1.0000
7032,-999,1.0000
7033,-999,1.0000
7034,-999,1.0000
7035,-999,1.0000
7036,-999,1.0000
7037,-999,1.0000
7038,-999,1.0000
7039,-999,1.0000
7040,-999,.4538
7040,5254,.5462
7041,5254,.9008
7041,-999,.0992
7042,5254,1.0000
7043,5254,1.0000
7044,5254,.9636
7044,5274,.0364
7045,5274,.3097
7045,5254,.6903
7046,5274,.0984
7046,5254,.6721
7046,-999,.2295
7047,-999,.7500
7047,5254,.2500
7048,-999,1.0000
7049,-999,1.0000
7050,-999,1.0000
7051,-999,1.0000
7052,-999,1.0000
7053,-999,1.0000
7054,-999,1.0000
7055,-999,1.0000
7056,-999,1.0000
7057,-999,1.0000
7058,-999,1.0000
7059,-999,1.0000
7060,-999,1.0000
7061,-999,1.0000
7062,-999,1.0000
7063,-999,1.0000
7064,-999,1.0000
7065,-999,1.0000
7066,-999,1.0000
7067,-999,1.0000
7068,-999,1.0000
7069,-999,1.0000
7070,-999,1.0000
7071,-999,1.0000
7072,-999,1.0000
7073,-999,1.0000
7074,-999,1.0000
7075,-999,1.0000
7076,-999,1.0000
7077,-999,1.0000
7078,-999,1.0000
7079,-999,1.0000
7080,-999,1.0000
7081,-999,1.0000
7082,-999,1.0000
7083,-999,1.0000
7084,-999,1.0000
7085,-999,1.0000
7086,-999,1.0000
7087,-999,1.0000
7088,-999,1.0000
7089,-999,1.0000
7090,-999,1.0000
7091,-999,1.0000
7092,-999,1.0000
7093,-999,1.0000
7094,-999,1.0000
7095,-999,1.0000
7096,-999,1.0000
7097,-999,1.0000
7098,-999,1.0000
7099,-999,1.0000
7100,-999,1.0000
7101,-999,1.0000
7102,-999,1.0000
7103,-999,1.0000
7104,-999,1.0000
7105,-999,1.0000
7106,-999,1.0000
7107,-999,1.0000
7108,-999,1.0000
7109,-999,1.0000
7110,-999,1.0000
7111,-999,1.0000
7112,-999,1.0000
7113,-999,1.0000
7114,-999,1.0000
7115,-999,1.0000
7116,-999,1.0000
7117,-999,1.0000
7118,-999,1.0000
7119,-999,1.0000
7120,-999,1.0000
7121,-999,1.0000
7122,-999,1.0000
7123,-999,1.0000
7124,-999,1.0000
7125,-999,1.0000
7126,-999,1.0000
7127,-999,1.0000
7128,-999,1.0000
7129,-999,1.0000
7130,-999,1.0000
7131,-999,1.0000
7132,-999,1.0000
7133,-999,1.0000
7134,-999,1.0000
7135,-999,1.0000
7136,-999,1.0000
7137,-999,1.0000
7138,-999,1.0000
7139,-999,1.0000
7140,-999,1.0000
7141,-999,1.0000
7142,-999,1.0000
7143,-999,1.0000
7144,-999,1.0000
7145,-999,1.0000
7146,-999,1.0000
7147,-999,1.0000
7148,-999,1.0000
7149,-999,1.0000
7150,-999,1.0000
7151,-999,1.0000
7152,-999,1.0000
7153,-999,1.0000
7154,-999,1.0000
7155,-999,1.0000
7156,-999,1.0000
7157,-999,1.0000
7158,-999,1.0000
7159,-999,1.0000
7160,-999,1.0000
7161,-999,1.0000
7162,-999,1.0000
7163,-999,1.0000
7164,-999,1.0000
7165,5242,1.0000
7166,5242,1.0000
7167,5242,1.0000
7168,5242,1.0000
7169,5242,1.0000
7170,5242,1.0000
7171,5242,1.0000
7172,5242,1.0000
7173,5242,1.0000
7174,5242,1.0000
7175,5242,1.0000
7176,5242,1.0000
7177,5242,1.0000
7178,5242,1.0000
7179,5242,1.0000
7180,5242,1.0000
7181,5242,1.0000
7182,5242,1.0000
7183,5242,1.0000
7184,5242,1.0000
7185,5242,1.0000
7186,5242,1.0000
7187,5242,1.0000
7188,5242,1.0000
7189,5242,1.0000
7190,5242,.8917
7190,5246,.1083
7191,5246,.6260
7191,5242,.1870
7191,5252,.1870
7192,5246,.4622
7192,5252,.5378
7193,5246,.0328
7193,5252,.9672
7194,5252,1.0000
7195,5252,1.0000
7196,5252,1.0000
7197,5252,1.0000
7198,5252,1.0000
7199,5252,1.0000
7200,5252,1.0000
7201,5252,.9918
7201,5307,.0082
7202,5252,.4087
7202,5307,.5913
7203,5307,.6613
7203,-999,.2823
7203,5252,.0565
7204,-999,.8571
7204,5307,.1429
7205,-999,1.0000
7206,-999,.9821
7206,5254,.0179
7207,-999,.8800
7207,5254,.1200
7208,-999,1.0000
7209,-999,1.0000
7210,-999,1.0000
7211,-999,1.0000
7212,-999,1.0000
7213,-999,1.0000
7214,-999,1.0000
7215,-999,1.0000
7216,-999,1.0000
7217,-999,1.0000
7218,-999,1.0000
7219,-999,1.0000
7220,-999,1.0000
7221,-999,1.0000
7222,-999,1.0000
7223,-999,1.0000
7224,-999,1.0000
7225,-999,1.0000
7226,-999,1.0000
7227,-999,1.0000
7228,-999,1.0000
7229,-999,1.0000
7230,-999,1.0000
7231,-999,1.0000
7232,-999,1.0000
7233,-999,1.0000
7234,-999,1.0000
7235,-999,1.0000
7236,-999,1.0000
7237,-999,1.0000
7238,-999,.9344
7238,5254,.0656
7239,-999,.3710
7239,5254,.6290
7240,5254,1.0000
7241,5254,1.0000
7242,5254,1.0000
7243,5254,1.0000
7244,5254,.9328
7244,-999,.0672
7245,5254,.9273
7245,-999,.0727
7246,-999,.4615
7246,5254,.5385
7247,-999,1.0000
7248,-999,1.0000
7249,-999,1.0000
7250,-999,1.0000
7251,-999,1.0000
7252,-999,1.0000
7253,-999,1.0000
7254,-999,1.0000
7255,-999,1.0000
7256,-999,1.0000
7257,-999,1.0000
7258,-999,1.0000
7259,-999,1.0000
7260,-999,1.0000
7261,-999,1.0000
7262,-999,1.0000
7263,-999,1.0000
7264,-999,1.0000
7265,-999,1.0000
7266,-999,1.0000
7267,-999,1.0000
7268,-999,1.0000
7269,-999,1.0000
7270,-999,1.0000
7271,-999,1.0000
7272,-999,1.0000
7273,-999,1.0000
7274,-999,1.0000
7275,-999,1.0000
7276,-999,1.0000
7277,-999,1.0000
7278,-999,1.0000
7279,-999,1.0000
7280,-999,1.0000
7281,-999,1.0000
7282,-999,1.0000
7283,-999,1.0000
7284,-999,1.0000
7285,-999,1.0000
7286,-999,1.0000
7287,-999,1.0000
7288,-999,1.0000
7289,-999,1.0000
7290,-999,1.0000
7291,-999,1.0000
7292,-999,1.0000
7293,-999,1.0000
7294,-999,1.0000
7295,-999,1.0000
7296,-999,1.0000
7297,-999,1.0000
7298,-999,1.0000
7299,-999,1.0000
7300,-999,1.0000
7301,-999,1.0000
7302,-999,1.0000
7303,-999,1.0000
7304,-999,1.0000
7305,-999,1.0000
7306,-999,1.0000
7307,-999,1.0000
7308,-999,1.0000
7309,-999,1.0000
7310,-999,1.0000
7311,-999,1.0000
7312,-999,1.0000
7313,-999,1.0000
7314,-999,1.0000
7315,-999,1.0000
7316,-999,1.0000
7317,-999,1.0000
7318,-999,1.0000
7319,-999,1.0000
7320,-999,1.0000
7321,-999,1.0000
7322,-999,1.0000
7323,-999,1.0000
7324,-999,1.0000
7325,-999,1.0000
7326,-999,1.0000
7327,-999,1.0000
7328,-999,1.0000
7329,-999,1.0000
7330,-999,1.0000
7331,-999,1.0000
7332,-999,1.0000
7333,-999,1.0000
7334,-999,1.0000
7335,-999,1.0000
7336,-999,1.0000
7337,-999,1.0000
7338,-999,1.0000
7339,-999,1.0000
7340,-999,1.0000
7341,-999,1.0000
7342,-999,1.0000
7343,-999,1.0000
7344,-999,1.0000
7345,-999,1.0000
7346,-999,1.0000
7347,-999,1.0000
7348,-999,1.0000
7349,-999,1.0000
7350,-999,1.0000
7351,-999,1.0000
7352,-999,1.0000
7353,-999,1.0000
7354,-999,1.0000
7355,-999,1.0000
7356,-999,1.0000
7357,-999,1.0000
7358,-999,1.0000
7359,-999,1.0000
7360,-999,1.0000
7361,-999,1.0000
7362,-999,1.0000
7363,-999,1.0000
7364,5242,1.0000
7365,5242,1.0000
7366,5242,1.0000
7367,5242,1.0000
7368,5242,1.0000
7369,5242,1.0000
7370,5242,1.0000
7371,5242,1.0000
7372,5242,1.0000
7373,5242,1.0000
7374,5242,1.0000
7375,5242,1.0000
7376,5242,1.0000
7377,5242,1.0000
7378,5242,1.0000
7379,5242,1.0000
7380,5242,1.0000
7381,5242,1.0000
7382,5242,1.0000
7383,5242,1.0000
7384,5242,1.0000
7385,5242,1.0000
7386,5242,1.0000
7387,5242,1.0000
7388,5242,1.0000
7389,5242,.9919
7389,5252,.0081
7390,5242,.2797
7390,5252,.7203
7391,5252,1.0000
7392,5252,1.0000
7393,5252,1.0000
7394,5252,1.0000
7395,5252,1.0000
7396,5252,1.0000
7397,5252,1.0000
7398,5252,1.0000
7399,5252,1.0000
7400,5252,1.0000
7401,5252,1.0000
7402,5252,.5966
7402,5307,.3445
7402,-999,.0588
7403,5307,.1597
7403,-999,.8403
7404,-999,1.0000
7405,-999,.5276
7405,5254,.4724
7406,5254,.8087
7406,-999,.1913
7407,-999,.9091
7407,5254,.0909
7408,-999,1.0000
7409,-999,1.0000
7410,-999,1.0000
7411,-999,1.0000
7412,-999,1.0000
7413,-999,1.0000
7414,-999,1.0000
7415,-999,1.0000
7416,-999,1.0000
7417,-999,1.0000
7418,-999,1.0000
7419,-999,1.0000
7420,-999,1.0000
7421,-999,1.0000
7422,-999,1.0000
7423,-999,1.0000
7424,-999,1.0000
7425,-999,1.0000
7426,-999,1.0000
7427,-999,1.0000
7428,-999,1.0000
7429,-999,1.0000
7430,-999,1.0000
7431,-999,1.0000
7432,-999,1.0000
7433,-999,1.0000
7434,-999,1.0000
7435,-999,1.0000
7436,-999,1.0000
7437,-999,.3390
7437,5254,.6610
7438,5254,.9040
7438,-999,.0960
7439,5254,1.0000
7440,5254,1.0000
7441,5254,1.0000
7442,5254,.9024
7442,-999,.0976
7443,5254,.0240
7443,-999,.9760
7444,-999,.9008
7444,5254,.0992
7445,5254,.0579
7445,-999,.9421
7446,-999,1.0000
7447,-999,1.0000
7448,-999,1.0000
7449,-999,1.0000
7450,-999,1.0000
7451,-999,1.0000
7452,-999,1.0000
7453,-999,1.0000
7454,-999,1.0000
7455,-999,1.0000
7456,-999,1.0000
7457,-999,1.0000
7458,-999,1.0000
7459,-999,1.0000
7460,-999,1.0000
7461,-999,1.0000
7462,-999,1.0000
7463,-999,1.0000
7464,-999,1.0000
7465,-999,1.0000
7466,-999,1.0000
7467,-999,1.0000
7468,-999,1.0000
7469,-999,1.0000
7470,-999,1.0000
7471,-999,1.0000
7472,-999,1.0000
7473,-999,1.0000
7474,-999,1.0000
7475,-999,1.0000
7476,-999,1.0000
7477,-999,1.0000
7478,-999,1.0000
7479,-999,1.0000
7480,-999,1.0000
7481,-999,1.0000
7482,-999,1.0000
7483,-999,1.0000
7484,-999,1.0000
7485,-999,1.0000
7486,-999,1.0000
7487,-999,1.0000
7488,-999,1.0000
7489,-999,1.0000
7490,-999,1.0000
7491,-999,1.0000
7492,-999,1.0000
7493,-999,1.0000
7494,-999,1.0000
7495,-999,1.0000
7496,-999,1.0000
7497,-999,1.0000
7498,-999,1.0000
7499,-999,1.0000
7500,-999,1.0000
7501,-999,1.0000
7502,-999,1.0000
7503,-999,1.0000
7504,-999,1.0000
7505,-999,1.0000
7506,-999,1.0000
7507,-999,1.0000
7508,-999,1.0000
7509,-999,1.0000
7510,-999,1.0000
7511,-999,1.0000
7512,-999,1.0000
7513,-999,1.0000
7514,-999,1.0000
7515,-999,1.0000
7516,-999,1.0000
7517,-999,1.0000
7518,-999,1.0000
7519,-999,1.0000
7520,-999,1.0000
7521,-999,1.0000
7522,-999,1.0000
7523,-999,1.0000
7524,-999,1.0000
7525,-999,1.0000
7526,-999,1.0000
7527,-999,1.0000
7528,-999,1.0000
7529,-999,1.0000
7530,-999,1.0000
7531,-999,1.0000
7532,-999,1.0000
7533,-999,1.0000
7534,-999,1.0000
7535,-999,1.0000
7536,-999,1.0000
7537,-999,1.0000
7538,-999,1.0000
7539,-999,1.0000
7540,-999,1.0000
7541,-999,1.0000
7542,-999,1.0000
7543,-999,1.0000
7544,-999,1.0000
7545,-999,1.0000
7546,-999,1.0000
7547,-999,1.0000
7548,-999,1.0000
7549,-999,1.0000
7550,-999,1.0000
7551,-999,1.0000
7552,-999,1.0000
7553,-999,1.0000
7554,-999,1.0000
7555,-999,1.0000
7556,-999,1.0000
7557,-999,1.0000
7558,-999,1.0000
7559,-999,1.0000
7560,-999,1.0000
7561,-999,1.0000
7562,-999,1.0000
7563,5242,1.0000
7564,5242,1.0000
7565,5242,1.0000
7566,5242,1.0000
7567,5242,1.0000
7568,5242,1.0000
7569,5242,1.0000
7570,5242,1.0000
7571,5242,1.0000
7572,5242,1.0000
7573,5242,1.0000
7574,5242,1.0000
7575,5242,1.0000
7576,5242,1.0000
7577,5242,1.0000
7578,5242,1.0000
7579,5242,1.0000
7580,5242,1.0000
7581,5242,1.0000
7582,5242,1.0000
7583,5242,1.0000
7584,5242,1.0000
7585,5242,1.0000
7586,5242,1.0000
7587,5242,1.0000
7588,5242,1.0000
7589,5242,.3680
7589,5252,.6320
7590,5252,1.0000
7591,5252,1.0000
7592,5252,1.0000
7593,5252,1.0000
7594,5252,1.0000
7595,5252,1.0000
7596,5252,1.0000
7597,5252,1.0000
7598,5252,1.0000
7599,5252,1.0000
7600,5252,1.0000
7601,5252,.7603
7601,5307,.1074
7601,-999,.1322
7602,-999,.9593
7602,5307,.0325
7602,5252,.0081
7603,-999,.9333
7603,5307,.0667
7604,-999,.7241
7604,5254,.2759
7605,5254,.2880
7605,-999,.7120
7606,-999,1.0000
7607,-999,1.0000
7608,-999,1.0000
7609,-999,1.0000
7610,-999,1.0000
7611,-999,1.0000
7612,-999,1.0000
7613,-999,1.0000
7614,-999,1.0000
7615,-999,1.0000
7616,-999,1.0000
7617,-999,1.0000
7618,-999,1.0000
7619,-999,1.0000
7620,-999,1.0000
7621,-999,1.0000
7622,-999,1.0000
7623,-999,1.0000
7624,-999,1.0000
7625,-999,1.0000
7626,-999,1.0000
7627,-999,1.0000
7628,-999,1.0000
7629,-999,1.0000
7630,-999,1.0000
7631,-999,1.0000
7632,-999,1.0000
7633,-999,1.0000
7634,-999,1.0000
7635,-999,1.0000
7636,-999,.3596
7636,5254,.6404
7637,5254,1.0000
7638,5254,1.0000
7639,5254,1.0000
7640,5254,1.0000
7641,5254,.9231
7641,-999,.0769
7642,-999,.9833
7642,5254,.0167
7643,-999,.7838
7643,5254,.2162
7644,-999,.9256
7644,5254,.0744
7645,-999,.8268
7645,5254,.1732
7646,-999,.8425
7646,5254,.1575
7647,-999,1.0000
7648,-999,1.0000
7649,-999,1.0000
7650,-999,1.0000
7651,-999,1.0000
7652,-999,1.0000
7653,-999,1.0000
7654,-999,1.0000
7655,-999,1.0000
7656,-999,1.0000
7657,-999,1.0000
7658,-999,1.0000
7659,-999,1.0000
7660,-999,1.0000
7661,-999,1.0000
7662,-999,1.0000
7663,-999,1.0000
7664,-999,1.0000
7665,-999,1.0000
7666,-999,1.0000
7667,-999,1.0000
7668,-999,1.0000
7669,-999,1.0000
7670,-999,1.0000
7671,-999,1.0000
7672,-999,1.0000
7673,-999,1.0000
7674,-999,1.0000
7675,-999,1.0000
7676,-999,1.0000
7677,-999,1.0000
7678,-999,1.0000
7679,-999,1.0000
7680,-999,1.0000
7681,-999,1.0000
7682,-999,1.0000
7683,-999,1.0000
7684,-999,1.0000
7685,-999,1.0000
7686,-999,1.0000
7687,-999,1.0000
7688,-999,1.0000
7689,-999,1.0000
7690,-999,1.0000
7691,-999,1.0000
7692,-999,1.0000
7693,-999,1.0000
7694,-999,1.0000
7695,-999,1.0000
7696,-999,1.0000
7697,-999,1.0000
7698,-999,1.0000
7699,-999,1.0000
7700,-999,1.0000
7701,-999,1.0000
7702,-999,1.0000
7703,-999,1.0000
7704,-999,1.0000
7705,-999,1.0000
7706,-999,1.0000
7707,-999,1.0000
7708,-999,1.0000
7709,-999,1.0000
7710,-999,1.0000
7711,-999,1.0000
7712,-999,1.0000
7713,-999,1.0000
7714,-999,1.0000
7715,-999,1.0000
7716,-999,1.0000
7717,-999,1.0000
7718,-999,1.0000
7719,-999,1.0000
7720,-999,1.0000
7721,-999,1.0000
7722,-999,1.0000
7723,-999,1.0000
7724,-999,1.0000
7725,-999,1.0000
7726,-999,1.0000
7727,-999,1.0000
7728,-999,1.0000
7729,-999,1.0000
7730,-999,1.0000
7731,-999,1.0000
7732,-999,1.0000
7733,-999,1.0000
7734,-999,1.0000
7735,-999,1.0000
7736,-999,1.0000
7737,-999,1.0000
7738,-999,1.0000
7739,-999,1.0000
7740,-999,1.0000
7741,-999,1.0000
7742,-999,1.0000
7743,-999,1.0000
7744,-999,1.0000
7745,-999,1.0000
7746,-999,1.0000
7747,-999,1.0000
7748,-999,1.0000
7749,-999,1.0000
7750,-999,1.0000
7751,-999,1.0000
7752,-999,1.0000
7753,-999,1.0000
7754,-999,1.0000
7755,-999,1.0000
7756,-999,1.0000
7757,-999,1.0000
7758,-999,1.0000
7759,-999,1.0000
7760,-999,1.0000
7761,-999,1.0000
7762,5242,1.0000
7763,5242,1.0000
7764,5242,1.0000
7765,5242,1.0000
7766,5242,1.0000
7767,5242,1.0000
7768,5242,1.0000
7769,5242,1.0000
7770,5242,1.0000
7771,5242,1.0000
7772,5242,1.0000
7773,5242,1.0000
7774,5242,1.0000
7775,5242,1.0000
7776,5242,1.0000
7777,5242,1.0000
7778,5242,1.0000
7779,5242,1.0000
7780,5242,1.0000
7781,5242,1.0000
7782,5242,1.0000
7783,5242,1.0000
7784,5242,1.0000
7785,5242,1.0000
7786,5242,1.0000
7787,5242,.8976
7787,5252,.1024
7788,5242,.1345
7788,5252,.8655
7789,5252,1.0000
7790,5252,1.0000
7791,5252,1.0000
7792,5252,1.0000
7793,5252,1.0000
7794,5252,1.0000
7795,5252,1.0000
7796,5252,1.0000
7797,5252,1.0000
7798,5252,1.0000
7799,5252,1.0000
7800,5252,.6911
7800,5307,.0894
7800,-999,.2195
7801,-999,.7478
7801,5307,.2174
7801,5252,.0348
7802,-999,.4355
7802,5307,.5645
7803,-999,.5772
7803,5307,.2927
7803,5254,.1301
7804,-999,.8729
7804,5307,.1102
7804,5254,.0169
7805,-999,.5798
7805,5254,.4202
7806,-999,.6417
7806,5254,.3583
7807,-999,.9921
7807,5254,.0079
7808,-999,1.0000
7809,-999,1.0000
7810,-999,1.0000
7811,-999,1.0000
7812,-999,1.0000
7813,-999,1.0000
7814,-999,1.0000
7815,-999,1.0000
7816,-999,1.0000
7817,-999,1.0000
7818,-999,1.0000
7819,-999,1.0000
7820,-999,1.0000
7821,-999,1.0000
7822,-999,1.0000
7823,-999,1.0000
7824,-999,1.0000
7825,-999,1.0000
7826,-999,1.0000
7827,-999,1.0000
7828,-999,1.0000
7829,-999,1.0000
7830,-999,1.0000
7831,-999,1.0000
7832,-999,1.0000
7833,-999,1.0000
7834,-999,1.0000
7835,-999,.6154
7835,5254,.3846
7836,5254,1.0000
7837,5254,1.0000
7838,5254,1.0000
7839,5254,1.0000
7840,5254,1.0000
7841,5254,.4683
7841,-999,.5317
7842,-999,.4844
7842,5254,.5156
7843,-999,.2072
7843,5254,.7928
7844,5254,.6909
7844,-999,.3091
7845,5254,.4390
7845,-999,.5610
7846,-999,1.0000
7847,-999,1.0000
7848,-999,1.0000
7849,-999,1.0000
7850,-999,1.0000
7851,-999,1.0000
7852,-999,1.0000
7853,-999,1.0000
7854,-999,1.0000
7855,-999,1.0000
7856,-999,1.0000
7857,-999,1.0000
7858,-999,1.0000
7859,-999,1.0000
7860,-999,1.0000
7861,-999,1.0000
7862,-999,1.0000
7863,-999,1.0000
7864,-999,1.0000
7865,-999,1.0000
7866,-999,1.0000
7867,-999,1.0000
7868,-999,1.0000
7869,-999,1.0000
7870,-999,1.0000
7871,-999,1.0000
7872,-999,1.0000
7873,-999,1.0000
7874,-999,1.0000
7875,-999,1.0000
7876,-999,1.0000
7877,-999,1.0000
7878,-999,1.0000
7879,-999,1.0000
7880,-999,1.0000
7881,-999,1.0000
7882,-999,1.0000
7883,-999,1.0000
7884,-999,1.0000
7885,-999,1.0000
7886,-999,1.0000
7887,-999,1.0000
7888,-999,1.0000
7889,-999,1.0000
7890,-999,1.0000
7891,-999,1.0000
7892,-999,1.0000
7893,-999,1.0000
7894,-999,1.0000
7895,-999,1.0000
7896,-999,1.0000
7897,-999,1.0000
7898,-999,1.0000
7899,-999,1.0000
7900,-999,1.0000
7901,-999,1.0000
7902,-999,1.0000
7903,-999,1.0000
7904,-999,1.0000
7905,-999,1.0000
7906,-999,1.0000
7907,-999,1.0000
7908,-999,1.0000
7909,-999,1.0000
7910,-999,1.0000
7911,-999,1.0000
7912,-999,1.0000
7913,-999,1.0000
7914,-999,1.0000
7915,-999,1.0000
7916,-999,1.0000
7917,-999,1.0000
7918,-999,1.0000
7919,-999,1.0000
7920,-999,1.0000
7921,-999,1.0000
7922,-999,1.0000
7923,-999,1.0000
7924,-999,1.0000
7925,-999,1.0000
7926,-999,1.0000
7927,-999,1.0000
7928,-999,1.0000
7929,-999,1.0000
7930,-999,1.0000
7931,-999,1.0000
7932,-999,1.0000
7933,-999,1.0000
7934,-999,1.0000
7935,-999,1.0000
7936,-999,1.0000
7937,-999,1.0000
7938,-999,1.0000
7939,-999,1.0000
7940,-999,1.0000
7941,-999,1.0000
7942,-999,1.0000
7943,-999,1.0000
7944,-999,1.0000
7945,-999,1.0000
7946,-999,1.0000
7947,-999,1.0000
7948,-999,1.0000
7949,-999,1.0000
7950,-999,1.0000
7951,-999,1.0000
7952,-999,1.0000
7953,-999,1.0000
7954,-999,1.0000
7955,-999,1.0000
7956,-999,1.0000
7957,-999,1.0000
7958,-999,1.0000
7959,-999,1.0000
7960,-999,1.0000
7961,5242,1.0000
7962,5242,1.0000
7963,5242,1.0000
7964,5242,1.0000
7965,5242,1.0000
7966,5242,1.0000
7967,5242,1.0000
7968,5242,1.0000
7969,5242,1.0000
7970,5242,1.0000
7971,5242,1.0000
7972,5242,1.0000
7973,5242,1.0000
7974,5242,1.0000
7975,5242,1.0000
7976,5242,1.0000
7977,5242,1.0000
7978,5242,1.0000
7979,5242,1.0000
7980,5242,1.0000
7981,5242,1.0000
7982,5242,.9919
7982,5252,.0081
7983,5242,.7227
7983,5252,.2773
7984,5242,1.0000
7985,5242,.9685
7985,5252,.0315
7986,5242,.3109
7986,5252,.6891
7987,5242,.0168
7987,5252,.9832
7988,5252,1.0000
7989,5252,1.0000
7990,5252,1.0000
7991,5252,1.0000
7992,5252,1.0000
7993,5252,1.0000
7994,5252,1.0000
7995,5252,1.0000
7996,5252,1.0000
7997,5252,.9160
7997,5254,.0840
7998,5252,.6612
7998,5307,.1570
7998,5254,.1818
7999,5252,.0593
7999,5307,.4576
7999,-999,.4746
7999,5254,.0085
8000,-999,.6063
8000,5307,.1732
8000,5254,.2205
8001,-999,.1034
8001,5307,.3966
8001,5254,.5000
8002,5307,.0826
8002,5254,.9174
8003,5254,.1393
8003,5307,.7295
8003,-999,.1311
8004,-999,.2033
8004,5254,.4472
8004,5307,.3496
8005,5254,1.0000
8006,5254,.8898
8006,-999,.1102
8007,-999,.4922
8007,5254,.5078
8008,-999,.9043
8008,5254,.0957
8009,-999,1.0000
8010,-999,1.0000
8011,-999,1.0000
8012,-999,1.0000
8013,-999,1.0000
8014,-999,1.0000
8015,-999,1.0000
8016,-999,1.0000
8017,-999,1.0000
8018,-999,1.0000
8019,-999,1.0000
8020,-999,1.0000
8021,-999,1.0000
8022,-999,1.0000
8023,-999,1.0000
8024,-999,1.0000
8025,-999,1.0000
8026,-999,1.0000
8027,-999,1.0000
8028,-999,1.0000
8029,-999,1.0000
8030,-999,1.0000
8031,-999,1.0000
8032,-999,1.0000
8033,-999,1.0000
8034,-999,.5172
8034,5254,.4828
8035,5254,1.0000
8036,5254,1.0000
8037,5254,1.0000
8038,5254,1.0000
8039,5254,1.0000
8040,5254,1.0000
8041,5254,.8106
8041,-999,.1894
8042,-999,.7438
8042,5254,.2562
8043,-999,.8760
8043,5254,.1240
8044,-999,.4524
8044,5254,.5476
8045,-999,.9478
8045,5254,.0522
8046,-999,1.0000
8047,-999,1.0000
8048,-999,1.0000
8049,-999,1.0000
8050,-999,1.0000
8051,-999,1.0000
8052,-999,1.0000
8053,-999,1.0000
8054,-999,1.0000
8055,-999,1.0000
8056,-999,1.0000
8057,-999,1.0000
8058,-999,1.0000
8059,-999,1.0000
8060,-999,1.0000
8061,-999,1.0000
8062,-999,1.0000
8063,-999,1.0000
8064,-999,1.0000
8065,-999,1.0000
8066,-999,1.0000
8067,-999,1.0000
8068,-999,1.0000
8069,-999,1.0000
8070,-999,1.0000
8071,-999,1.0000
8072,-999,1.0000
8073,-999,1.0000
8074,-999,1.0000
8075,-999,1.0000
8076,-999,1.0000
8077,-999,1.0000
8078,-999,1.0000
8079,-999,1.0000
8080,-999,1.0000
8081,-999,1.0000
8082,-999,1.0000
8083,-999,1.0000
8084,-999,1.0000
8085,-999,1.0000
8086,-999,1.0000
8087,-999,1.0000
8088,-999,1.0000
8089,-999,1.0000
8090,-999,1.0000
8091,-999,1.0000
8092,-999,1.0000
8093,-999,1.0000
8094,-999,1.0000
8095,-999,1.0000
8096,-999,1.0000
8097,-999,1.0000
8098,-999,1.0000
8099,-999,1.0000
8100,-999,1.0000
8101,-999,1.0000
8102,-999,1.0000
8103,-999,1.0000
8104,-999,1.0000
8105,-999,1.0000
8106,-999,1.0000
8107,-999,1.0000
8108,-999,1.0000
8109,-999,1.0000
8110,-999,1.0000
8111,-999,1.0000
8112,-999,1.0000
8113,-999,1.0000
8114,-999,1.0000
8115,-999,1.0000
8116,-999,1.0000
8117,-999,1.0000
8118,-999,1.0000
8119,-999,1.0000
8120,-999,1.0000
8121,-999,1.0000
8122,-999,1.0000
8123,-999,1.0000
8124,-999,1.0000
8125,-999,1.0000
8126,-999,1.0000
8127,-999,1.0000
8128,-999,1.0000
8129,-999,1.0000
8130,-999,1.0000
8131,-999,1.0000
8132,-999,1.0000
8133,-999,1.0000
8134,-999,1.0000
8135,-999,1.0000
8136,-999,1.0000
8137,-999,1.0000
8138,-999,1.0000
8139,-999,1.0000
8140,-999,1.0000
8141,-999,1.0000
8142,-999,1.0000
8143,-999,1.0000
8144,-999,1.0000
8145,-999,1.0000
8146,-999,1.0000
8147,-999,1.0000
8148,-999,1.0000
8149,-999,1.0000
8150,-999,1.0000
8151,-999,1.0000
8152,-999,1.0000
8153,-999,1.0000
8154,-999,1.0000
8155,-999,1.0000
8156,-999,1.0000
8157,-999,1.0000
8158,-999,1.0000
8159,-999,1.0000
8160,5242,1.0000
8161,5242,1.0000
8162,5242,1.0000
8163,5242,1.0000
8164,5242,1.0000
8165,5242,1.0000
8166,5242,1.0000
8167,5242,1.0000
8168,5242,1.0000
8169,5242,1.0000
8170,5242,1.0000
8171,5242,1.0000
8172,5242,1.0000
8173,5242,1.0000
8174,5242,1.0000
8175,5242,1.0000
8176,5242,1.0000
8177,5242,1.0000
8178,5242,1.0000
8179,5242,1.0000
8180,5242,1.0000
8181,5242,.9412
8181,5252,.0588
8182,5242,.2250
8182,5252,.7750
8183,5242,.8819
8183,5252,.1181
8184,5242,.8136
8184,5252,.1864
8185,5242,.1833
8185,5252,.8167
8186,5252,1.0000
8187,5252,1.0000
8188,5252,1.0000
8189,5252,.9831
8189,5254,.0169
8190,5252,.9213
8190,5254,.0787
8191,5252,.9832
8191,5254,.0168
8192,5252,.9504
8192,5254,.0496
8193,5252,1.0000
8194,5252,.6850
8194,5254,.3150
8195,5252,.5391
8195,5254,.4609
8196,5252,.1789
8196,5254,.8211
8197,5254,.9250
8197,5252,.0083
8197,5307,.0667
8198,5307,.1600
8198,5254,.8400
8199,5254,1.0000
8200,5254,1.0000
8201,5254,1.0000
8202,5254,.9431
8202,5307,.0569
8203,5307,.0256
8203,5254,.9744
8204,5254,1.0000
8205,5254,1.0000
8206,5254,.6783
8206,-999,.3217
8207,5254,.7323
8207,-999,.2677
8208,-999,.8051
8208,5254,.1949
8209,-999,1.0000
8210,-999,1.0000
8211,-999,1.0000
8212,-999,1.0000
8213,-999,1.0000
8214,-999,1.0000
8215,-999,1.0000
8216,-999,1.0000
8217,-999,1.0000
8218,-999,1.0000
8219,-999,1.0000
8220,-999,1.0000
8221,-999,1.0000
8222,-999,1.0000
8223,-999,1.0000
8224,-999,1.0000
8225,-999,1.0000
8226,-999,1.0000
8227,-999,1.0000
8228,-999,1.0000
8229,-999,1.0000
8230,-999,1.0000
8231,-999,1.0000
8232,-999,1.0000
8233,-999,.8595
8233,5254,.1405
8234,5254,.6667
8234,-999,.3333
8235,5254,1.0000
8236,5254,1.0000
8237,5254,1.0000
8238,5254,1.0000
8239,5254,1.0000
8240,5254,1.0000
8241,5254,.8319
8241,-999,.1681
8242,-999,.4454
8242,5254,.5546
8243,5254,.6860
8243,-999,.3140
8244,5254,.1970
8244,-999,.8030
8245,-999,1.0000
8246,-999,1.0000
8247,-999,1.0000
8248,-999,1.0000
8249,-999,1.0000
8250,-999,1.0000
8251,-999,1.0000
8252,-999,1.0000
8253,-999,1.0000
8254,-999,1.0000
8255,-999,1.0000
8256,-999,1.0000
8257,-999,1.0000
8258,-999,1.0000
8259,-999,1.0000
8260,-999,1.0000
8261,-999,1.0000
8262,-999,1.0000
8263,-999,1.0000
8264,-999,1.0000
8265,-999,1.0000
8266,-999,1.0000
8267,-999,1.0000
8268,-999,1.0000
8269,-999,1.0000
8270,-999,1.0000
8271,-999,1.0000
8272,-999,1.0000
8273,-999,1.0000
8274,-999,1.0000
8275,-999,1.0000
8276,-999,1.0000
8277,-999,1.0000
8278,-999,1.0000
8279,-999,1.0000
8280,-999,1.0000
8281,-999,1.0000
8282,-999,1.0000
8283,-999,1.0000
8284,-999,1.0000
8285,-999,1.0000
8286,-999,1.0000
8287,-999,1.0000
8288,-999,1.0000
8289,-999,1.0000
8290,-999,1.0000
8291,-999,1.0000
8292,-999,1.0000
8293,-999,1.0000
8294,-999,1.0000
8295,-999,1.0000
8296,-999,1.0000
8297,-999,1.0000
8298,-999,1.0000
8299,-999,1.0000
8300,-999,1.0000
8301,-999,1.0000
8302,-999,1.0000
8303,-999,1.0000
8304,-999,1.0000
8305,-999,1.0000
8306,-999,1.0000
8307,-999,1.0000
8308,-999,1.0000
8309,-999,1.0000
8310,-999,1.0000
8311,-999,1.0000
8312,-999,1.0000
8313,-999,1.0000
8314,-999,1.0000
8315,-999,1.0000
8316,-999,1.0000
8317,-999,1.0000
8318,-999,1.0000
8319,-999,1.0000
8320,-999,1.0000
8321,-999,1.0000
8322,-999,1.0000
8323,-999,1.0000
8324,-999,1.0000
8325,-999,1.0000
8326,-999,1.0000
8327,-999,1.0000
8328,-999,1.0000
8329,-999,1.0000
8330,-999,1.0000
8331,-999,1.0000
8332,-999,1.0000
8333,-999,1.0000
8334,-999,1.0000
8335,-999,1.0000
8336,-999,1.0000
8337,-999,1.0000
8338,-999,1.0000
8339,-999,1.0000
8340,-999,1.0000
8341,-999,1.0000
8342,-999,1.0000
8343,-999,1.0000
8344,-999,1.0000
8345,-999,1.0000
8346,-999,1.0000
8347,-999,1.0000
8348,-999,1.0000
8349,-999,1.0000
8350,-999,1.0000
8351,-999,1.0000
8352,-999,1.0000
8353,-999,1.0000
8354,-999,1.0000
8355,-999,1.0000
8356,-999,1.0000
8357,-999,1.0000
8358,-999,1.0000
8359,5242,1.0000
8360,5242,1.0000
8361,5242,1.0000
8362,5242,1.0000
8363,5242,1.0000
8364,5242,1.0000
8365,5242,1.0000
8366,5242,1.0000
8367,5242,1.0000
8368,5242,1.0000
8369,5242,1.0000
8370,5242,1.0000
8371,5242,1.0000
8372,5242,1.0000
8373,5242,1.0000
8374,5242,1.0000
8375,5242,1.0000
8376,5242,1.0000
8377,5242,1.0000
8378,5242,1.0000
8379,5242,1.0000
8380,5242,.8167
8380,5252,.1833
8381,5252,1.0000
8382,5252,.9829
8382,5242,.0171
8383,5242,.0164
8383,5252,.9836
8384,5252,1.0000
8385,5252,1.0000
8386,5252,1.0000
8387,5252,.9333
8387,5254,.0667
8388,5252,.4016
8388,5254,.5984
8389,5254,.6983
8389,5252,.3017
8390,5252,.2131
8390,5254,.7869
8391,5254,.5246
8391,5252,.4754
8392,5252,.9593
8392,5254,.0407
8393,5252,.4274
8393,5254,.5726
8394,5254,1.0000
8395,5254,1.0000
8396,5254,1.0000
8397,5254,1.0000
8398,5254,1.0000
8399,5254,1.0000
8400,5254,1.0000
8401,5254,1.0000
8402,5254,1.0000
8403,5254,1.0000
8404,5254,1.0000
8405,5254,.5935
8405,-999,.4065
8406,-999,.3966
8406,5254,.6034
8407,5254,.6048
8407,-999,.3952
8408,-999,.9244
8408,5254,.0756
8409,-999,1.0000
8410,-999,1.0000
8411,-999,1.0000
8412,-999,1.0000
8413,-999,1.0000
8414,-999,1.0000
8415,-999,1.0000
8416,-999,1.0000
8417,-999,1.0000
8418,-999,1.0000
8419,-999,1.0000
8420,-999,1.0000
8421,-999,1.0000
8422,-999,1.0000
8423,-999,1.0000
8424,-999,1.0000
8425,-999,1.0000
8426,-999,1.0000
8427,-999,1.0000
8428,-999,1.0000
8429,-999,1.0000
8430,-999,1.0000
8431,-999,1.0000
8432,-999,1.0000
8433,-999,.5574
8433,5254,.4426
8434,5254,1.0000
8435,5254,1.0000
8436,5254,1.0000
8437,5254,1.0000
8438,5254,1.0000
8439,5254,1.0000
8440,5254,.5833
8440,-999,.4167
8441,-999,.3628
8441,5254,.6372
8442,5254,1.0000
8443,5254,.5750
8443,-999,.4250
8444,-999,.9417
8444,5254,.0583
8445,-999,1.0000
8446,-999,1.0000
8447,-999,1.0000
8448,-999,1.0000
8449,-999,1.0000
8450,-999,1.0000
8451,-999,1.0000
8452,-999,1.0000
8453,-999,1.0000
8454,-999,1.0000
8455,-999,1.0000
8456,-999,1.0000
8457,-999,1.0000
8458,-999,1.0000
8459,-999,1.0000
8460,-999,1.0000
8461,-999,1.0000
8462,-999,1.0000
8463,-999,1.0000
8464,-999,1.0000
8465,-999,1.0000
8466,-999,1.0000
8467,-999,1.0000
8468,-999,1.0000
8469,-999,1.0000
8470,-999,1.0000
8471,-999,1.0000
8472,-999,1.0000
8473,-999,1.0000
8474,-999,1.0000
8475,-999,1.0000
8476,-999,1.0000
8477,-999,1.0000
8478,-999,1.0000
8479,-999,1.0000
8480,-999,1.0000
8481,-999,1.0000
8482,-999,1.0000
8483,-999,1.0000
8484,-999,1.0000
8485,-999,1.0000
8486,-999,1.0000
8487,-999,1.0000
8488,-999,1.0000
8489,-999,1.0000
8490,-999,1.0000
8491,-999,1.0000
8492,-999,1.0000
8493,-999,1.0000
8494,-999,1.0000
8495,-999,1.0000
8496,-999,1.0000
8497,-999,1.0000
8498,-999,1.0000
8499,-999,1.0000
8500,-999,1.0000
8501,-999,1.0000
8502,-999,1.0000
8503,-999,1.0000
8504,-999,1.0000
8505,-999,1.0000
8506,-999,1.0000
8507,-999,1.0000
8508,-999,1.0000
8509,-999,1.0000
8510,-999,1.0000
8511,-999,1.0000
8512,-999,1.0000
8513,-999,1.0000
8514,-999,1.0000
8515,-999,1.0000
8516,-999,1.0000
8517,-999,1.0000
8518,-999,1.0000
8519,-999,1.0000
8520,-999,1.0000
8521,-999,1.0000
8522,-999,1.0000
8523,-999,1.0000
8524,-999,1.0000
8525,-999,1.0000
8526,-999,1.0000
8527,-999,1.0000
8528,-999,1.0000
8529,-999,1.0000
8530,-999,1.0000
8531,-999,1.0000
8532,-999,1.0000
8533,-999,1.0000
8534,-999,1.0000
8535,-999,1.0000
8536,-999,1.0000
8537,-999,1.0000
8538,-999,1.0000
8539,-999,1.0000
8540,-999,1.0000
8541,-999,1.0000
8542,-999,1.0000
8543,-999,1.0000
8544,-999,1.0000
8545,-999,1.0000
8546,-999,1.0000
8547,-999,1.0000
8548,-999,1.0000
8549,-999,1.0000
8550,-999,1.0000
8551,-999,1.0000
8552,-999,1.0000
8553,-999,1.0000
8554,-999,1.0000
8555,-999,1.0000
8556,-999,1.0000
8557,-999,1.0000
8558,5242,1.0000
8559,5242,1.0000
8560,5242,1.0000
8561,5242,1.0000
8562,5242,1.0000
8563,5242,1.0000
8564,5242,1.0000
8565,5242,1.0000
8566,5242,1.0000
8567,5242,1.0000
8568,5242,1.0000
8569,5242,1.0000
8570,5242,1.0000
8571,5242,1.0000
8572,5242,1.0000
8573,5242,1.0000
8574,5242,1.0000
8575,5242,1.0000
8576,5242,1.0000
8577,5242,1.0000
8578,5242,1.0000
8579,5242,.9048
8579,5252,.0952
8580,5252,.9828
8580,5242,.0172
8581,5252,1.0000
8582,5252,1.0000
8583,5252,.8305
8583,5254,.1695
8584,5252,.7398
8584,5254,.2602
8585,5252,.4333
8585,5254,.5667
8586,5252,.0880
8586,5254,.9120
8587,5254,1.0000
8588,5254,1.0000
8589,5254,1.0000
8590,5254,.8908
8590,5252,.1092
8591,5252,.0833
8591,5254,.9167
8592,5254,.9919
8592,5252,.0081
8593,5254,1.0000
8594,5254,1.0000
8595,5254,1.0000
8596,5254,1.0000
8597,5254,1.0000
8598,5254,1.0000
8599,5254,1.0000
8600,5254,1.0000
8601,5254,1.0000
8602,5254,1.0000
8603,5254,1.0000
8604,5254,.7787
8604,-999,.2213
8605,-999,.7581
8605,5254,.2419
8606,5254,.4167
8606,-999,.5833
8607,-999,.7769
8607,5254,.2231
8608,-999,1.0000
8609,-999,1.0000
8610,-999,1.0000
8611,-999,1.0000
8612,-999,1.0000
8613,-999,1.0000
8614,-999,1.0000
8615,-999,1.0000
8616,-999,1.0000
8617,-999,1.0000
8618,-999,1.0000
8619,-999,1.0000
8620,-999,1.0000
8621,-999,1.0000
8622,-999,1.0000
8623,-999,1.0000
8624,-999,1.0000
8625,-999,1.0000
8626,-999,1.0000
8627,-999,1.0000
8628,-999,1.0000
8629,-999,1.0000
8630,-999,1.0000
8631,-999,1.0000
8632,-999,.8829
8632,5254,.1171
8633,5254,.5039
8633,-999,.4961
8634,5254,.8583
8634,-999,.1417
8635,5254,1.0000
8636,5254,1.0000
8637,5254,1.0000
8638,5254,1.0000
8639,5254,.7097
8639,-999,.2903
8640,-999,.2077
8640,5254,.7923
8641,5254,1.0000
8642,5254,.7705
8642,-999,.2295
8643,5254,.5854
8643,-999,.4146
8644,-999,.7818
8644,5254,.2182
8645,-999,.7818
8645,5254,.2182
8646,-999,1.0000
8647,-999,1.0000
8648,-999,1.0000
8649,-999,1.0000
8650,-999,1.0000
8651,-999,1.0000
8652,-999,1.0000
8653,-999,1.0000
8654,-999,1.0000
8655,-999,1.0000
8656,-999,1.0000
8657,-999,1.0000
8658,-999,1.0000
8659,-999,1.0000
8660,-999,1.0000
8661,-999,1.0000
8662,-999,1.0000
8663,-999,1.0000
8664,-999,1.0000
8665,-999,1.0000
8666,-999,1.0000
8667,-999,1.0000
8668,-999,1.0000
8669,-999,1.0000
8670,-999,1.0000
8671,-999,1.0000
8672,-999,1.0000
8673,-999,1.0000
8674,-999,1.0000
8675,-999,1.0000
8676,-999,1.0000
8677,-999,1.0000
8678,-999,1.0000
8679,-999,1.0000
8680,-999,1.0000
8681,-999,1.0000
8682,-999,1.0000
8683,-999,1.0000
8684,-999,1.0000
8685,-999,1.0000
8686,-999,1.0000
8687,-999,1.0000
8688,-999,1.0000
8689,-999,1.0000
8690,-999,1.0000
8691,-999,1.0000
8692,-999,1.0000
8693,-999,1.0000
8694,-999,1.0000
8695,-999,1.0000
8696,-999,1.0000
8697,-999,1.0000
8698,-999,1.0000
8699,-999,1.0000
8700,-999,1.0000
8701,-999,1.0000
8702,-999,1.0000
8703,-999,1.0000
8704,-999,1.0000
8705,-999,1.0000
8706,-999,1.0000
8707,-999,1.0000
8708,-999,1.0000
8709,-999,1.0000
8710,-999,1.0000
8711,-999,1.0000
8712,-999,1.0000
8713,-999,1.0000
8714,-999,1.0000
8715,-999,1.0000
8716,-999,1.0000
8717,-999,1.0000
8718,-999,1.0000
8719,-999,1.0000
8720,-999,1.0000
8721,-999,1.0000
8722,-999,1.0000
8723,-999,1.0000
8724,-999,1.0000
8725,-999,1.0000
8726,-999,1.0000
8727,-999,1.0000
8728,-999,1.0000
8729,-999,1.0000
8730,-999,1.0000
8731,-999,1.0000
8732,-999,1.0000
8733,-999,1.0000
8734,-999,1.0000
8735,-999,1.0000
8736,-999,1.0000
8737,-999,1.0000
8738,-999,1.0000
8739,-999,1.0000
8740,-999,1.0000
8741,-999,1.0000
8742,-999,1.0000
8743,-999,1.0000
8744,-999,1.0000
8745,-999,1.0000
8746,-999,1.0000
8747,-999,1.0000
8748,-999,1.0000
8749,-999,1.0000
8750,-999,1.0000
8751,-999,1.0000
8752,-999,1.0000
8753,-999,1.0000
8754,-999,1.0000
8755,-999,1.0000
8756,-999,1.0000
8757,5242,1.0000
8758,5242,1.0000
8759,5242,1.0000
8760,5242,1.0000
8761,5242,1.0000
8762,5242,1.0000
8763,5242,1.0000
8764,5242,1.0000
8765,5242,1.0000
8766,5242,1.0000
8767,5242,1.0000
8768,5242,1.0000
8769,5242,1.0000
8770,5242,1.0000
8771,5242,1.0000
8772,5242,1.0000
8773,5242,1.0000
8774,5242,1.0000
8775,5242,1.0000
8776,5242,1.0000
8777,5242,.8468
8777,5252,.1532
8778,5242,.6239
8778,5252,.3761
8779,5242,.0887
8779,5252,.9113
8780,5252,.9593
8780,5242,.0407
8781,5252,.7521
8781,5254,.2479
8782,5252,.0323
8782,5254,.9677
8783,5254,1.0000
8784,5254,1.0000
8785,5254,1.0000
8786,5254,1.0000
8787,5254,1.0000
8788,5254,1.0000
8789,5254,1.0000
8790,5254,1.0000
8791,5254,1.0000
8792,5254,1.0000
8793,5254,1.0000
8794,5254,1.0000
8795,5254,1.0000
8796,5254,1.0000
8797,5254,1.0000
8798,5254,1.0000
8799,5254,1.0000
8800,5254,1.0000
8801,5254,1.0000
8802,5254,1.0000
8803,5254,1.0000
8804,5254,.9917
8804,-999,.0083
8805,5254,1.0000
8806,5254,.8699
8806,-999,.1301
8807,-999,.7769
8807,5254,.2231
8808,-999,1.0000
8809,-999,1.0000
8810,-999,1.0000
8811,-999,1.0000
8812,-999,1.0000
8813,-999,1.0000
8814,-999,1.0000
8815,-999,1.0000
8816,-999,1.0000
8817,-999,1.0000
8818,-999,1.0000
8819,-999,1.0000
8820,-999,1.0000
8821,-999,1.0000
8822,-999,1.0000
8823,-999,.7826
8823,5254,.2174
8824,-999,.4472
8824,5254,.5528
8825,-999,.7107
8825,5254,.2893
8826,-999,.8264
8826,5254,.1736
8827,-999,.8640
8827,5254,.1360
8828,-999,1.0000
8829,-999,1.0000
8830,-999,1.0000
8831,-999,1.0000
8832,-999,.9910
8832,5254,.0090
8833,-999,.4628
8833,5254,.5372
8834,5254,1.0000
8835,5254,1.0000
8836,5254,1.0000
8837,5254,1.0000
8838,5254,.8818
8838,-999,.1182
8839,5254,1.0000
8840,5254,1.0000
8841,5254,1.0000
8842,5254,.8788
8842,-999,.1212
8843,5254,.9504
8843,-999,.0496
8844,5254,.9917
8844,-999,.0083
8845,-999,.4154
8845,5254,.5846
8846,-999,.9364
8846,5254,.0636
8847,-999,.7909
8847,5254,.2091
8848,-999,.9833
8848,5254,.0167
8849,-999,1.0000
8850,-999,1.0000
8851,-999,1.0000
8852,-999,1.0000
8853,-999,1.0000
8854,-999,1.0000
8855,-999,1.0000
8856,-999,1.0000
8857,-999,1.0000
8858,-999,1.0000
8859,-999,1.0000
8860,-999,1.0000
8861,-999,1.0000
8862,-999,1.0000
8863,-999,1.0000
8864,-999,1.0000
8865,-999,1.0000
8866,-999,1.0000
8867,-999,1.0000
8868,-999,1.0000
8869,-999,1.0000
8870,-999,1.0000
8871,-999,1.0000
8872,-999,1.0000
8873,-999,1.0000
8874,-999,1.0000
8875,-999,1.0000
8876,-999,1.0000
8877,-999,1.0000
8878,-999,1.0000
8879,-999,1.0000
8880,-999,1.0000
8881,-999,1.0000
8882,-999,1.0000
8883,-999,1.0000
8884,-999,1.0000
8885,-999,1.0000
8886,-999,1.0000
8887,-999,1.0000
8888,-999,1.0000
8889,-999,1.0000
8890,-999,1.0000
8891,-999,1.0000
8892,-999,1.0000
8893,-999,1.0000
8894,-999,1.0000
8895,-999,1.0000
8896,-999,1.0000
8897,-999,1.0000
8898,-999,1.0000
8899,-999,1.0000
8900,-999,1.0000
8901,-999,1.0000
8902,-999,1.0000
8903,-999,1.0000
8904,-999,1.0000
8905,-999,1.0000
8906,-999,1.0000
8907,-999,1.0000
8908,-999,1.0000
8909,-999,1.0000
8910,-999,1.0000
8911,-999,1.0000
8912,-999,1.0000
8913,-999,1.0000
8914,-999,1.0000
8915,-999,1.0000
8916,-999,1.0000
8917,-999,1.0000
8918,-999,1.0000
8919,-999,1.0000
8920,-999,1.0000
8921,-999,1.0000
8922,-999,1.0000
8923,-999,1.0000
8924,-999,1.0000
8925,-999,1.0000
8926,-999,1.0000
8927,-999,1.0000
8928,-999,1.0000
8929,-999,1.0000
8930,-999,1.0000
8931,-999,1.0000
8932,-999,1.0000
8933,-999,1.0000
8934,-999,1.0000
8935,-999,1.0000
8936,-999,1.0000
8937,-999,1.0000
8938,-999,1.0000
8939,-999,1.0000
8940,-999,1.0000
8941,-999,1.0000
8942,-999,1.0000
8943,-999,1.0000
8944,-999,1.0000
8945,-999,1.0000
8946,-999,1.0000
8947,-999,1.0000
8948,-999,1.0000
8949,-999,1.0000
8950,-999,1.0000
8951,-999,1.0000
8952,-999,1.0000
8953,-999,1.0000
8954,-999,1.0000
8955,-999,1.0000
8956,5242,1.0000
8957,5242,1.0000
8958,5242,1.0000
8959,5242,1.0000
8960,5242,1.0000
8961,5242,1.0000
8962,5242,1.0000
8963,5242,1.0000
8964,5242,1.0000
8965,5242,1.0000
8966,5242,1.0000
8967,5242,1.0000
8968,5242,1.0000
8969,5242,1.0000
8970,5242,1.0000
8971,5242,1.0000
8972,5242,1.0000
8973,5242,1.0000
8974,5242,1.0000
8975,5242,.5645
8975,5252,.4355
8976,5242,.0678
8976,5252,.9322
8977,5252,.9194
8977,5242,.0806
8978,5242,.4472
8978,5252,.5528
8979,5252,.5391
8979,5242,.3565
8979,5254,.1043
8980,5252,.5200
8980,5254,.4800
8981,5254,.8279
8981,5252,.1721
8982,5254,1.0000
8983,5254,1.0000
8984,5254,1.0000
8985,5254,1.0000
8986,5254,1.0000
8987,5254,1.0000
8988,5254,1.0000
8989,5254,1.0000
8990,5254,1.0000
8991,5254,1.0000
8992,5254,1.0000
8993,5254,1.0000
8994,5254,1.0000
8995,5254,1.0000
8996,5254,1.0000
8997,5254,1.0000
8998,5254,1.0000
8999,5254,1.0000
9000,5254,1.0000
9001,5254,1.0000
9002,5254,1.0000
9003,5254,1.0000
9004,5254,1.0000
9005,5254,1.0000
9006,5254,.9760
9006,-999,.0240
9007,-999,.6529
9007,5254,.3471
9008,-999,1.0000
9009,-999,.6462
9009,5254,.3538
9010,-999,.8487
9010,5254,.1513
9011,-999,1.0000
9012,-999,.9618
9012,5254,.0382
9013,-999,1.0000
9014,-999,1.0000
9015,-999,1.0000
9016,-999,1.0000
9017,-999,1.0000
9018,-999,1.0000
9019,-999,1.0000
9020,-999,1.0000
9021,-999,1.0000
9022,-999,.8760
9022,5254,.1240
9023,5254,.7769
9023,-999,.2231
9024,5254,.9667
9024,-999,.0333
9025,5254,.9744
9025,-999,.0256
9026,5254,.9675
9026,-999,.0325
9027,-999,.2595
9027,5254,.7405
9028,-999,.9196
9028,5254,.0804
9029,-999,.5877
9029,5254,.4123
9030,-999,.5115
9030,5254,.4885
9031,-999,.1818
9031,5254,.8182
9032,-999,.0726
9032,5254,.9274
9033,5254,1.0000
9034,5254,1.0000
9035,5254,1.0000
9036,5254,1.0000
9037,5254,1.0000
9038,5254,1.0000
9039,5254,1.0000
9040,5254,1.0000
9041,5254,1.0000
9042,5254,1.0000
9043,5254,1.0000
9044,5254,.9008
9044,-999,.0992
9045,-999,.3252
9045,5254,.6748
9046,-999,.0909
9046,5254,.9091
9047,5254,.6818
9047,-999,.3182
9048,-999,.2645
9048,5254,.7355
9049,-999,.6777
9049,5254,.3223
9050,-999,.4919
9050,5254,.5081
9051,-999,.4727
9051,5254,.5273
9052,-999,.7000
9052,5254,.3000
9053,-999,1.0000
9054,-999,.9273
9054,5254,.0727
9055,-999,1.0000
9056,-999,1.0000
9057,-999,1.0000
9058,-999,1.0000
9059,-999,1.0000
9060,-999,1.0000
9061,-999,1.0000
9062,-999,1.0000
9063,-999,1.0000
9064,-999,1.0000
9065,-999,1.0000
9066,-999,1.0000
9067,-999,1.0000
9068,-999,1.0000
9069,-999,1.0000
9070,-999,1.0000
9071,-999,1.0000
9072,-999,1.0000
9073,-999,1.0000
9074,-999,1.0000
9075,-999,1.0000
9076,-999,1.0000
9077,-999,1.0000
9078,-999,1.0000
9079,-999,1.0000
9080,-999,1.0000
9081,-999,1.0000
9082,-999,1.0000
9083,-999,1.0000
9084,-999,1.0000
9085,-999,1.0000
9086,-999,1.0000
9087,-999,1.0000
9088,-999,1.0000
9089,-999,1.0000
9090,-999,1.0000
9091,-999,1.0000
9092,-999,1.0000
9093,-999,1.0000
9094,-999,1.0000
9095,-999,1.0000
9096,-999,1.0000
9097,-999,1.0000
9098,-999,1.0000
9099,-999,1.0000
9100,-999,1.0000
9101,-999,1.0000
9102,-999,1.0000
9103,-999,1.0000
9104,-999,1.0000
9105,-999,1.0000
9106,-999,1.0000
9107,-999,1.0000
9108,-999,1.0000
9109,-999,1.0000
9110,-999,1.0000
9111,-999,1.0000
9112,-999,1.0000
9113,-999,1.0000
9114,-999,1.0000
9115,-999,1.0000
9116,-999,1.0000
9117,-999,1.0000
9118,-999,1.0000
9119,-999,1.0000
9120,-999,1.0000
9121,-999,1.0000
9122,-999,1.0000
9123,-999,1.0000
9124,-999,1.0000
9125,-999,1.0000
9126,-999,1.0000
9127,-999,1.0000
9128,-999,1.0000
9129,-999,1.0000
9130,-999,1.0000
9131,-999,1.0000
9132,-999,1.0000
9133,-999,1.0000
9134,-999,1.0000
9135,-999,1.0000
9136,-999,1.0000
9137,-999,1.0000
9138,-999,1.0000
9139,-999,1.0000
9140,-999,1.0000
9141,-999,1.0000
9142,-999,1.0000
9143,-999,1.0000
9144,-999,1.0000
9145,-999,1.0000
9146,-999,1.0000
9147,-999,1.0000
9148,-999,1.0000
9149,-999,1.0000
9150,-999,1.0000
9151,-999,1.0000
9152,-999,1.0000
9153,-999,1.0000
9154,-999,1.0000
9155,5242,1.0000
9156,5242,1.0000
9157,5242,1.0000
9158,5242,1.0000
9159,5242,1.0000
9160,5242,1.0000
9161,5242,1.0000
9162,5242,1.0000
9163,5242,1.0000
9164,5242,1.0000
9165,5242,1.0000
9166,5242,1.0000
9167,5242,1.0000
9168,5242,1.0000
9169,5242,1.0000
9170,5242,1.0000
9171,5242,1.0000
9172,5242,1.0000
9173,5242,.8780
9173,5252,.1220
9174,5242,.1017
9174,5252,.8983
9175,5252,1.0000
9176,5252,.4262
9176,5242,.5738
9177,5252,.1724
9177,5242,.7672
9177,5254,.0603
9178,5252,.4365
9178,5254,.5476
9178,5242,.0159
9179,5254,1.0000
9180,5254,.9833
9180,5252,.0167
9181,5254,1.0000
9182,5254,1.0000
9183,5254,1.0000
9184,5254,1.0000
9185,5254,1.0000
9186,5254,1.0000
9187,5254,1.0000
9188,5254,1.0000
9189,5254,1.0000
9190,5254,1.0000
9191,5254,1.0000
9192,5254,1.0000
9193,5254,1.0000
9194,5254,1.0000
9195,5254,1.0000
9196,5254,1.0000
9197,5254,1.0000
9198,5254,1.0000
9199,5254,1.0000
9200,5254,1.0000
9201,5254,1.0000
9202,5254,1.0000
9203,5254,1.0000
9204,5254,1.0000
9205,5254,1.0000
9206,5254,.8720
9206,-999,.1280
9207,-999,.3226
9207,5254,.6774
9208,-999,.0885
9208,5254,.9115
9209,5254,.6154
9209,-999,.3846
9210,-999,.6721
9210,5254,.3279
9211,-999,.7857
9211,5254,.2143
9212,-999,.6439
9212,5254,.3561
9213,-999,.8167
9213,5254,.1833
9214,-999,.6786
9214,5254,.3214
9215,-999,.9621
9215,5254,.0379
9216,-999,1.0000
9217,-999,.9912
9217,5254,.0088
9218,-999,1.0000
9219,-999,.9835
9219,5254,.0165
9220,-999,.9076
9220,5254,.0924
9221,-999,.8760
9221,5254,.1240
9222,-999,.2397
9222,5254,.7603
9223,5254,1.0000
9224,5254,1.0000
9225,5254,1.0000
9226,5254,.9921
9226,-999,.0079
9227,5254,.4062
9227,-999,.5937
9228,-999,.3250
9228,5254,.6750
9229,5254,.8803
9229,-999,.1197
9230,5254,1.0000
9231,5254,1.0000
9232,5254,1.0000
9233,5254,1.0000
9234,5254,1.0000
9235,5254,1.0000
9236,5254,1.0000
9237,5254,1.0000
9238,5254,1.0000
9239,5254,1.0000
9240,5254,1.0000
9241,5254,1.0000
9242,5254,1.0000
9243,5254,1.0000
9244,5254,1.0000
9245,5254,1.0000
9246,5254,1.0000
9247,5254,1.0000
9248,5254,.9256
9248,-999,.0744
9249,-999,.0152
9249,5254,.9848
9250,5254,.9917
9250,-999,.0083
9251,5254,.8926
9251,-999,.1074
9252,-999,.6288
9252,5254,.3712
9253,-999,.6364
9253,5254,.3636
9254,-999,.3967
9254,5254,.6033
9255,-999,.7500
9255,5254,.2500
9256,-999,1.0000
9257,-999,1.0000
9258,-999,1.0000
9259,-999,1.0000
9260,-999,1.0000
9261,-999,1.0000
9262,-999,1.0000
9263,-999,.9685
9263,5254,.0315
9264,-999,.5591
9264,5254,.4409
9265,-999,1.0000
9266,-999,1.0000
9267,-999,1.0000
9268,-999,1.0000
9269,-999,1.0000
9270,-999,1.0000
9271,-999,1.0000
9272,-999,1.0000
9273,-999,1.0000
9274,-999,1.0000
9275,-999,1.0000
9276,-999,1.0000
9277,-999,1.0000
9278,-999,1.0000
9279,-999,1.0000
9280,-999,1.0000
9281,-999,1.0000
9282,-999,1.0000
9283,-999,1.0000
9284,-999,1.0000
9285,-999,1.0000
9286,-999,1.0000
9287,-999,1.0000
9288,-999,1.0000
9289,-999,1.0000
9290,-999,1.0000
9291,-999,1.0000
9292,-999,1.0000
9293,-999,1.0000
9294,-999,1.0000
9295,-999,1.0000
9296,-999,1.0000
9297,-999,1.0000
9298,-999,1.0000
9299,-999,1.0000
9300,-999,1.0000
9301,-999,1.0000
9302,-999,1.0000
9303,-999,1.0000
9304,-999,1.0000
9305,-999,1.0000
9306,-999,1.0000
9307,-999,1.0000
9308,-999,1.0000
9309,-999,1.0000
9310,-999,1.0000
9311,-999,1.0000
9312,-999,1.0000
9313,-999,1.0000
9314,-999,1.0000
9315,-999,1.0000
9316,-999,1.0000
9317,-999,1.0000
9318,-999,1.0000
9319,-999,1.0000
9320,-999,1.0000
9321,-999,1.0000
9322,-999,1.0000
9323,-999,1.0000
9324,-999,1.0000
9325,-999,1.0000
9326,-999,1.0000
9327,-999,1.0000
9328,-999,1.0000
9329,-999,1.0000
9330,-999,1.0000
9331,-999,1.0000
9332,-999,1.0000
9333,-999,1.0000
9334,-999,1.0000
9335,-999,1.0000
9336,-999,1.0000
9337,-999,1.0000
9338,-999,1.0000
9339,-999,1.0000
9340,-999,1.0000
9341,-999,1.0000
9342,-999,1.0000
9343,-999,1.0000
9344,-999,1.0000
9345,-999,1.0000
9346,-999,1.0000
9347,-999,1.0000
9348,-999,1.0000
9349,-999,1.0000
9350,-999,1.0000
9351,-999,1.0000
9352,-999,1.0000
9353,-999,1.0000
9354,5242,1.0000
9355,5242,1.0000
9356,5242,1.0000
9357,5242,1.0000
9358,5242,1.0000
9359,5242,1.0000
9360,5242,1.0000
9361,5242,1.0000
9362,5242,1.0000
9363,5242,1.0000
9364,5242,1.0000
9365,5242,1.0000
9366,5242,1.0000
9367,5242,1.0000
9368,5242,1.0000
9369,5242,1.0000
9370,5242,1.0000
9371,5242,1.0000
9372,5242,.5424
9372,5252,.4576
9373,5252,.9841
9373,5242,.0159
9374,5252,.4298
9374,5242,.5702
9375,5252,.0424
9375,5242,.9576
9376,5242,.3889
9376,5254,.6111
9377,5254,1.0000
9378,5254,1.0000
9379,5254,1.0000
9380,5254,1.0000
9381,5254,1.0000
9382,5254,1.0000
9383,5254,1.0000
9384,5254,1.0000
9385,5254,1.0000
9386,5254,1.0000
9387,5254,1.0000
9388,5254,1.0000
9389,5254,1.0000
9390,5254,1.0000
9391,5254,1.0000
9392,5254,1.0000
9393,5254,1.0000
9394,5254,1.0000
9395,5254,1.0000
9396,5254,1.0000
9397,5254,1.0000
9398,5254,1.0000
9399,5254,1.0000
9400,5254,1.0000
9401,5254,1.0000
9402,5254,1.0000
9403,5254,1.0000
9404,5254,1.0000
9405,5254,1.0000
9406,5254,1.0000
9407,5254,1.0000
9408,5254,1.0000
9409,5254,1.0000
9410,5254,.7984
9410,-999,.2016
9411,5254,.7207
9411,-999,.2793
9412,-999,.9000
9412,5254,.1000
9413,5254,.7886
9413,-999,.2114
9414,5254,.3274
9414,-999,.6726
9415,-999,1.0000
9416,-999,.6612
9416,5254,.3388
9417,-999,.4153
9417,5254,.5847
9418,-999,.4797
9418,5254,.5203
9419,5254,.9835
9419,-999,.0165
9420,-999,.0800
9420,5254,.9200
9421,5254,1.0000
9422,5254,1.0000
9423,5254,1.0000
9424,5254,1.0000
9425,5254,.5586
9425,-999,.4414
9426,-999,.3952
9426,5254,.6048
9427,5254,1.0000
9428,5254,1.0000
9429,5254,1.0000
9430,5254,1.0000
9431,5254,1.0000
9432,5254,1.0000
9433,5254,1.0000
9434,5254,1.0000
9435,5254,1.0000
9436,5254,1.0000
9437,5254,1.0000
9438,5254,1.0000
9439,5254,1.0000
9440,5254,1.0000
9441,5254,1.0000
9442,5254,1.0000
9443,5254,1.0000
9444,5254,1.0000
9445,5254,1.0000
9446,5254,1.0000
9447,5254,1.0000
9448,5254,1.0000
9449,5254,1.0000
9450,5254,1.0000
9451,5254,.7603
9451,-999,.2397
9452,-999,.7107
9452,5254,.2893
9453,-999,.6777
9453,5254,.3223
9454,-999,1.0000
9455,-999,1.0000
9456,-999,.9835
9456,5254,.0165
9457,-999,.7190
9457,5254,.2810
9458,-999,.8909
9458,5254,.1091
9459,-999,1.0000
9460,-999,1.0000
9461,-999,1.0000
9462,-999,.8583
9462,5254,.1417
9463,-999,.4273
9463,5254,.5727
9464,-999,1.0000
9465,-999,1.0000
9466,-999,1.0000
9467,-999,1.0000
9468,-999,1.0000
9469,-999,1.0000
9470,-999,1.0000
9471,-999,1.0000
9472,-999,1.0000
9473,-999,1.0000
9474,-999,1.0000
9475,-999,1.0000
9476,-999,1.0000
9477,-999,1.0000
9478,-999,1.0000
9479,-999,1.0000
9480,-999,1.0000
9481,-999,1.0000
9482,-999,1.0000
9483,-999,1.0000
9484,-999,1.0000
9485,-999,1.0000
9486,-999,1.0000
9487,-999,1.0000
9488,-999,1.0000
9489,-999,1.0000
9490,-999,1.0000
9491,-999,1.0000
9492,-999,1.0000
9493,-999,1.0000
9494,-999,1.0000
9495,-999,1.0000
9496,-999,1.0000
9497,-999,1.0000
9498,-999,1.0000
9499,-999,1.0000
9500,-999,1.0000
9501,-999,1.0000
9502,-999,1.0000
9503,-999,1.0000
9504,-999,1.0000
9505,-999,1.0000
9506,-999,1.0000
9507,-999,1.0000
9508,-999,1.0000
9509,-999,1.0000
9510,-999,1.0000
9511,-999,1.0000
9512,-999,1.0000
9513,-999,1.0000
9514,-999,1.0000
9515,-999,1.0000
9516,-999,1.0000
9517,-999,1.0000
9518,-999,1.0000
9519,-999,1.0000
9520,-999,1.0000
9521,-999,1.0000
9522,-999,1.0000
9523,-999,1.0000
9524,-999,1.0000
9525,-999,1.0000
9526,-999,1.0000
9527,-999,1.0000
9528,-999,1.0000
9529,-999,1.0000
9530,-999,1.0000
9531,-999,1.0000
9532,-999,1.0000
9533,-999,1.0000
9534,-999,1.0000
9535,-999,1.0000
9536,-999,1.0000
9537,-999,1.0000
9538,-999,1.0000
9539,-999,1.0000
9540,-999,1.0000
9541,-999,1.0000
9542,-999,1.0000
9543,-999,1.0000
9544,-999,1.0000
9545,-999,1.0000
9546,-999,1.0000
9547,-999,1.0000
9548,-999,1.0000
9549,-999,1.0000
9550,-999,1.0000
9551,-999,1.0000
9552,-999,1.0000
9553,5242,1.0000
9554,5242,1.0000
9555,5242,1.0000
9556,5242,1.0000
9557,5242,1.0000
9558,5242,1.0000
9559,5242,1.0000
9560,5242,1.0000
9561,5242,1.0000
9562,5242,1.0000
9563,5242,1.0000
9564,5242,1.0000
9565,5242,1.0000
9566,5242,1.0000
9567,5242,1.0000
9568,5242,1.0000
9569,5242,1.0000
9570,5242,1.0000
9571,5242,.6220
9571,5252,.3780
9572,5242,.4876
9572,5252,.5124
9573,5242,1.0000
9574,5242,.8095
9574,5254,.1905
9575,5242,.0579
9575,5254,.9421
9576,5254,1.0000
9577,5254,1.0000
9578,5254,1.0000
9579,5254,1.0000
9580,5254,1.0000
9581,5254,1.0000
9582,5254,1.0000
9583,5254,1.0000
9584,5254,1.0000
9585,5254,1.0000
9586,5254,1.0000
9587,5254,1.0000
9588,5254,1.0000
9589,5254,1.0000
9590,5254,1.0000
9591,5254,1.0000
9592,5254,1.0000
9593,5254,1.0000
9594,5254,1.0000
9595,5254,1.0000
9596,5254,1.0000
9597,5254,1.0000
9598,5254,1.0000
9599,5254,1.0000
9600,5254,1.0000
9601,5254,1.0000
9602,5254,1.0000
9603,5254,1.0000
9604,5254,1.0000
9605,5254,1.0000
9606,5254,1.0000
9607,5254,1.0000
9608,5254,1.0000
9609,5254,1.0000
9610,5254,.9040
9610,-999,.0960
9611,-999,.1339
9611,5254,.8661
9612,5254,.7752
9612,-999,.2248
9613,-999,.9174
9613,5254,.0826
9614,-999,.8793
9614,5254,.1207
9615,-999,.2222
9615,5254,.7778
9616,5254,.7107
9616,-999,.2893
9617,-999,.4262
9617,5254,.5738
9618,5254,1.0000
9619,5254,1.0000
9620,5254,1.0000
9621,5254,1.0000
9622,5254,1.0000
9623,5254,1.0000
9624,5254,.9174
9624,-999,.0826
9625,-999,.2203
9625,5254,.7797
9626,5254,1.0000
9627,5254,1.0000
9628,5254,1.0000
9629,5254,1.0000
9630,5254,1.0000
9631,5254,1.0000
9632,5254,1.0000
9633,5254,1.0000
9634,5254,1.0000
9635,5254,1.0000
9636,5254,1.0000
9637,5254,1.0000
9638,5254,1.0000
9639,5254,1.0000
9640,5254,1.0000
9641,5254,1.0000
9642,5254,1.0000
9643,5254,1.0000
9644,5254,1.0000
9645,5254,1.0000
9646,5254,1.0000
9647,5254,1.0000
9648,5254,1.0000
9649,5254,.9752
9649,-999,.0248
9650,5254,.7634
9650,-999,.2366
9651,-999,.0455
9651,5254,.9545
9652,5254,.8273
9652,-999,.1727
9653,-999,.8833
9653,5254,.1167
9654,-999,.7364
9654,5254,.2636
9655,-999,.6636
9655,5254,.3364
9656,-999,.0076
9656,5254,.9924
9657,5254,.9256
9657,-999,.0744
9658,-999,.8864
9658,5254,.1136
9659,-999,.6694
9659,5254,.3306
9660,-999,.6116
9660,5254,.3884
9661,-999,1.0000
9662,-999,.7190
9662,5254,.2810
9663,-999,.8099
9663,5254,.1901
9664,-999,1.0000
9665,-999,1.0000
9666,-999,1.0000
9667,-999,1.0000
9668,-999,1.0000
9669,-999,1.0000
9670,-999,1.0000
9671,-999,1.0000
9672,-999,1.0000
9673,-999,1.0000
9674,-999,1.0000
9675,-999,1.0000
9676,-999,1.0000
9677,-999,1.0000
9678,-999,1.0000
9679,-999,1.0000
9680,-999,1.0000
9681,-999,1.0000
9682,-999,1.0000
9683,-999,1.0000
9684,-999,1.0000
9685,-999,1.0000
9686,-999,1.0000
9687,-999,1.0000
9688,-999,1.0000
9689,-999,1.0000
9690,-999,1.0000
9691,-999,1.0000
9692,-999,1.0000
9693,-999,1.0000
9694,-999,1.0000
9695,-999,1.0000
9696,-999,1.0000
9697,-999,1.0000
9698,-999,1.0000
9699,-999,1.0000
9700,-999,1.0000
9701,-999,1.0000
9702,-999,1.0000
9703,-999,1.0000
9704,-999,1.0000
9705,-999,1.0000
9706,-999,1.0000
9707,-999,1.0000
9708,-999,1.0000
9709,-999,1.0000
9710,-999,1.0000
9711,-999,1.0000
9712,-999,1.0000
9713,-999,1.0000
9714,-999,1.0000
9715,-999,1.0000
9716,-999,1.0000
9717,-999,1.0000
9718,-999,1.0000
9719,-999,1.0000
9720,-999,1.0000
9721,-999,1.0000
9722,-999,1.0000
9723,-999,1.0000
9724,-999,1.0000
9725,-999,1.0000
9726,-999,1.0000
9727,-999,1.0000
9728,-999,1.0000
9729,-999,1.0000
9730,-999,1.0000
9731,-999,1.0000
9732,-999,1.0000
9733,-999,1.0000
9734,-999,1.0000
9735,-999,1.0000
9736,-999,1.0000
9737,-999,1.0000
9738,-999,1.0000
9739,-999,1.0000
9740,-999,1.0000
9741,-999,1.0000
9742,-999,1.0000
9743,-999,1.0000
9744,-999,1.0000
9745,-999,1.0000
9746,-999,1.0000
9747,-999,1.0000
9748,-999,1.0000
9749,-999,1.0000
9750,-999,1.0000
9751,-999,1.0000
9752,5242,1.0000
9753,5242,1.0000
9754,5242,1.0000
9755,5242,1.0000
9756,5242,1.0000
9757,5242,1.0000
9758,5242,1.0000
9759,5242,1.0000
9760,5242,1.0000
9761,5242,1.0000
9762,5242,1.0000
9763,5242,1.0000
9764,5242,1.0000
9765,5242,1.0000
9766,5242,1.0000
9767,5242,1.0000
9768,5242,1.0000
9769,5242,1.0000
9770,5242,.6860
9770,5252,.3140
9771,5252,.0508
9771,5242,.9492
9772,5242,1.0000
9773,5242,.6612
9773,5254,.3388
9774,5254,.9752
9774,5242,.0248
9775,5254,1.0000
9776,5254,1.0000
9777,5254,1.0000
9778,5254,1.0000
9779,5254,1.0000
9780,5254,1.0000
9781,5254,1.0000
9782,5254,1.0000
9783,5254,1.0000
9784,5254,1.0000
9785,5254,1.0000
9786,5254,1.0000
9787,5254,1.0000
9788,5254,1.0000
9789,5254,1.0000
9790,5254,1.0000
9791,5254,1.0000
9792,5254,1.0000
9793,5254,1.0000
9794,5254,1.0000
9795,5254,1.0000
9796,5254,1.0000
9797,5254,1.0000
9798,5254,1.0000
9799,5254,1.0000
9800,5254,1.0000
9801,5254,1.0000
9802,5254,1.0000
9803,5254,1.0000
9804,5254,1.0000
9805,5254,1.0000
9806,5254,1.0000
9807,5254,1.0000
9808,5254,1.0000
9809,5254,1.0000
9810,5254,1.0000
9811,5254,.7304
9811,-999,.2696
9812,-999,1.0000
9813,-999,.5124
9813,5254,.4876
9814,5254,.9832
9814,-999,.0168
9815,5254,.8115
9815,-999,.1885
9816,-999,.2066
9816,5254,.7934
9817,5254,1.0000
9818,5254,1.0000
9819,5254,1.0000
9820,5254,1.0000
9821,5254,1.0000
9822,5254,1.0000
9823,5254,1.0000
9824,5254,1.0000
9825,5254,1.0000
9826,5254,1.0000
9827,5254,1.0000
9828,5254,1.0000
9829,5254,1.0000
9830,5254,1.0000
9831,5254,1.0000
9832,5254,1.0000
9833,5254,1.0000
9834,5254,1.0000
9835,5254,1.0000
9836,5254,1.0000
9837,5254,1.0000
9838,5254,1.0000
9839,5254,1.0000
9840,5254,1.0000
9841,5254,1.0000
9842,5254,1.0000
9843,5254,1.0000
9844,5254,1.0000
9845,5254,1.0000
9846,5254,1.0000
9847,5254,1.0000
9848,5254,1.0000
9849,5254,1.0000
9850,5254,1.0000
9851,5254,.4298
9851,-999,.5702
9852,-999,.2955
9852,5254,.7045
9853,5254,1.0000
9854,5254,.9504
9854,-999,.0496
9855,5254,1.0000
9856,5254,.9835
9856,-999,.0165
9857,5254,.7045
9857,-999,.2955
9858,5254,1.0000
9859,5254,.9835
9859,-999,.0165
9860,-999,.7121
9860,5254,.2879
9861,-999,1.0000
9862,-999,.8661
9862,5254,.1339
9863,-999,.8319
9863,5254,.1681
9864,-999,1.0000
9865,-999,1.0000
9866,-999,1.0000
9867,-999,1.0000
9868,-999,1.0000
9869,-999,1.0000
9870,-999,1.0000
9871,-999,1.0000
9872,-999,1.0000
9873,-999,1.0000
9874,-999,1.0000
9875,-999,1.0000
9876,-999,1.0000
9877,-999,1.0000
9878,-999,1.0000
9879,-999,1.0000
9880,-999,1.0000
9881,-999,1.0000
9882,-999,1.0000
9883,-999,1.0000
9884,-999,1.0000
9885,-999,1.0000
9886,-999,1.0000
9887,-999,1.0000
9888,-999,1.0000
9889,-999,1.0000
9890,-999,1.0000
9891,-999,1.0000
9892,-999,1.0000
9893,-999,1.0000
9894,-999,1.0000
9895,-999,1.0000
9896,-999,1.0000
9897,-999,1.0000
9898,-999,1.0000
9899,-999,1.0000
9900,-999,1.0000
9901,-999,1.0000
9902,-999,1.0000
9903,-999,1.0000
9904,-999,1.0000
9905,-999,1.0000
9906,-999,1.0000
9907,-999,1.0000
9908,-999,1.0000
9909,-999,1.0000
9910,-999,1.0000
9911,-999,1.0000
9912,-999,1.0000
9913,-999,1.0000
9914,-999,1.0000
9915,-999,1.0000
9916,-999,1.0000
9917,-999,1.0000
9918,-999,1.0000
9919,-999,1.0000
9920,-999,1.0000
9921,-999,1.0000
9922,-999,1.0000
9923,-999,1.0000
9924,-999,1.0000
9925,-999,1.0000
9926,-999,1.0000
9927,-999,1.0000
9928,-999,1.0000
9929,-999,1.0000
9930,-999,1.0000
9931,-999,1.0000
9932,-999,1.0000
9933,-999,1.0000
9934,-999,1.0000
9935,-999,1.0000
9936,-999,1.0000
9937,-999,1.0000
9938,-999,1.0000
9939,-999,1.0000
9940,-999,1.0000
9941,-999,1.0000
9942,-999,1.0000
9943,-999,1.0000
9944,-999,1.0000
9945,-999,1.0000
9946,-999,1.0000
9947,-999,1.0000
9948,-999,1.0000
9949,-999,1.0000
9950,-999,1.0000
9951,5242,1.0000
9952,5242,1.0000
9953,5242,1.0000
9954,5242,1.0000
9955,5242,1.0000
9956,5242,1.0000
9957,5242,1.0000
9958,5242,1.0000
9959,5242,1.0000
9960,5242,1.0000
9961,5242,1.0000
9962,5242,1.0000
9963,5242,1.0000
9964,5242,1.0000
9965,5242,1.0000
9966,5242,1.0000
9967,5242,1.0000
9968,5242,1.0000
9969,5242,1.0000
9970,5242,1.0000
9971,5242,1.0000
9972,5242,1.0000
9973,5242,.3171
9973,5254,.6829
9974,5254,1.0000
9975,5254,1.0000
9976,5254,1.0000
9977,5254,1.0000
9978,5254,1.0000
9979,5254,1.0000
9980,5254,1.0000
9981,5254,1.0000
9982,5254,1.0000
9983,5254,1.0000
9984,5254,1.0000
9985,5254,1.0000
9986,5254,1.0000
9987,5254,1.0000
9988,5254,1.0000
9989,5254,1.0000
9990,5254,1.0000
9991,5254,1.0000
9992,5254,1.0000
9993,5254,1.0000
9994,5254,1.0000
9995,5254,1.0000
9996,5254,1.0000
9997,5254,1.0000
9998,5254,1.0000
9999,5254,1.0000
10000,5254,1.0000
10001,5254,1.0000
10002,5254,1.0000
10003,5254,1.0000
10004,5254,1.0000
10005,5254,1.0000
10006,5254,1.0000
10007,5254,1.0000
10008,5254,1.0000
10009,5254,1.0000
10010,5254,.4758
10010,-999,.5242
10011,-999,.9829
10011,5254,.0171
10012,-999,.3600
10012,5254,.6400
10013,5254,1.0000
10014,5254,1.0000
10015,5254,1.0000
10016,5254,1.0000
10017,5254,1.0000
10018,5254,1.0000
10019,5254,1.0000
10020,5254,1.0000
10021,5254,1.0000
10022,5254,1.0000
10023,5254,1.0000
10024,5254,1.0000
10025,5254,1.0000
10026,5254,1.0000
10027,5254,1.0000
10028,5254,1.0000
10029,5254,1.0000
10030,5254,1.0000
10031,5254,1.0000
10032,5254,1.0000
10033,5254,1.0000
10034,5254,1.0000
10035,5254,1.0000
10036,5254,1.0000
10037,5254,1.0000
10038,5254,1.0000
10039,5254,1.0000
10040,5254,1.0000
10041,5254,.7121
10041,5222,.2879
10042,5254,.9091
10042,5222,.0909
10043,5254,1.0000
10044,5254,1.0000
10045,5254,1.0000
10046,5254,1.0000
10047,5254,1.0000
10048,5254,1.0000
10049,5254,1.0000
10050,5254,.9182
10050,-999,.0818
10051,5254,1.0000
10052,5254,1.0000
10053,5254,1.0000
10054,5254,1.0000
10055,5254,.8273
10055,-999,.1727
10056,5254,.6417
10056,-999,.3583
10057,5254,.9636
10057,-999,.0364
10058,5254,1.0000
10059,5254,.9167
10059,-999,.0833
10060,-999,.6942
10060,5254,.3058
10061,-999,.3636
10061,5254,.6364
10062,5254,.8843
10062,-999,.1157
10063,-999,.9587
10063,5254,.0413
10064,-999,1.0000
10065,-999,1.0000
10066,-999,1.0000
10067,-999,1.0000
10068,-999,1.0000
10069,-999,1.0000
10070,-999,1.0000
10071,-999,1.0000
10072,-999,1.0000
10073,-999,1.0000
10074,-999,1.0000
10075,-999,1.0000
10076,-999,1.0000
10077,-999,1.0000
10078,-999,1.0000
10079,-999,1.0000
10080,-999,1.0000
10081,-999,1.0000
10082,-999,1.0000
10083,-999,1.0000
10084,-999,1.0000
10085,-999,1.0000
10086,-999,1.0000
10087,-999,1.0000
10088,-999,1.0000
10089,-999,1.0000
10090,-999,1.0000
10091,-999,1.0000
10092,-999,1.0000
10093,-999,1.0000
10094,-999,1.0000
10095,-999,1.0000
10096,-999,1.0000
10097,-999,1.0000
10098,-999,1.0000
10099,-999,1.0000
10100,-999,1.0000
10101,-999,1.0000
10102,-999,1.0000
10103,-999,1.0000
10104,-999,1.0000
10105,-999,1.0000
10106,-999,1.0000
10107,-999,1.0000
10108,-999,1.0000
10109,-999,1.0000
10110,-999,1.0000
10111,-999,1.0000
10112,-999,1.0000
10113,-999,1.0000
10114,-999,1.0000
10115,-999,1.0000
10116,-999,1.0000
10117,-999,1.0000
10118,-999,1.0000
10119,-999,1.0000
10120,-999,1.0000
10121,-999,1.0000
10122,-999,1.0000
10123,-999,1.0000
10124,-999,1.0000
10125,-999,1.0000
10126,-999,1.0000
10127,-999,1.0000
10128,-999,1.0000
10129,-999,1.0000
10130,-999,1.0000
10131,-999,1.0000
10132,-999,1.0000
10133,-999,1.0000
10134,-999,1.0000
10135,-999,1.0000
10136,-999,1.0000
10137,-999,1.0000
10138,-999,1.0000
10139,-999,1.0000
10140,-999,1.0000
10141,-999,1.0000
10142,-999,1.0000
10143,-999,1.0000
10144,-999,1.0000
10145,-999,1.0000
10146,-999,1.0000
10147,-999,1.0000
10148,-999,1.0000
10149,-999,1.0000
10150,5242,1.0000
10151,5242,1.0000
10152,5242,1.0000
10153,5242,1.0000
10154,5242,1.0000
10155,5242,1.0000
10156,5242,1.0000
10157,5242,1.0000
10158,5242,1.0000
10159,5242,1.0000
10160,5242,1.0000
10161,5242,1.0000
10162,5242,1.0000
10163,5242,1.0000
10164,5242,1.0000
10165,5242,1.0000
10166,5242,1.0000
10167,5242,1.0000
10168,5242,1.0000
10169,5242,1.0000
10170,5242,1.0000
10171,5242,.7480
10171,5254,.2520
10172,5242,.0413
10172,5254,.9587
10173,5254,1.0000
10174,5254,1.0000
10175,5254,1.0000
10176,5254,1.0000
10177,5254,1.0000
10178,5254,1.0000
10179,5254,1.0000
10180,5254,1.0000
10181,5254,1.0000
10182,5254,1.0000
10183,5254,1.0000
10184,5254,1.0000
10185,5254,1.0000
10186,5254,1.0000
10187,5254,1.0000
10188,5254,1.0000
10189,5254,1.0000
10190,5254,1.0000
10191,5254,1.0000
10192,5254,1.0000
10193,5254,1.0000
10194,5254,1.0000
10195,5254,1.0000
10196,5254,1.0000
10197,5254,1.0000
10198,5254,1.0000
10199,5254,1.0000
10200,5254,1.0000
10201,5254,1.0000
10202,5254,1.0000
10203,5254,1.0000
10204,5254,1.0000
10205,5254,1.0000
10206,5254,1.0000
10207,5254,1.0000
10208,5254,1.0000
10209,5254,.9194
10209,-999,.0806
10210,-999,.1220
10210,5254,.8780
10211,5254,1.0000
10212,5254,1.0000
10213,5254,1.0000
10214,5254,1.0000
10215,5254,1.0000
10216,5254,1.0000
10217,5254,1.0000
10218,5254,1.0000
10219,5254,1.0000
10220,5254,1.0000
10221,5254,1.0000
10222,5254,1.0000
10223,5254,1.0000
10224,5254,1.0000
10225,5254,1.0000
10226,5254,1.0000
10227,5254,1.0000
10228,5254,1.0000
10229,5254,1.0000
10230,5254,1.0000
10231,5254,1.0000
10232,5254,1.0000
10233,5254,1.0000
10234,5254,1.0000
10235,5254,1.0000
10236,5254,1.0000
10237,5254,1.0000
10238,5254,1.0000
10239,5254,.7438
10239,5222,.2562
10240,5254,.0152
10240,5222,.9848
10241,5222,.8760
10241,5254,.1240
10242,5254,.7879
10242,5222,.2121
10243,5254,1.0000
10244,5254,1.0000
10245,5254,1.0000
10246,5254,1.0000
10247,5254,1.0000
10248,5254,.7623
10248,5222,.2377
10249,5254,.8843
10249,5222,.1157
10250,5254,1.0000
10251,5254,1.0000
10252,5254,1.0000
10253,5254,1.0000
10254,5254,.7934
10254,-999,.2066
10255,5254,.9697
10255,-999,.0303
10256,5254,1.0000
10257,5254,1.0000
10258,5254,1.0000
10259,5254,1.0000
10260,5254,1.0000
10261,5254,.9421
10261,-999,.0579
10262,5254,.0345
10262,-999,.9655
10263,-999,1.0000
10264,-999,.9727
10264,5254,.0273
10265,-999,1.0000
10266,-999,1.0000
10267,-999,1.0000
10268,-999,1.0000
10269,-999,1.0000
10270,-999,1.0000
10271,-999,1.0000
10272,-999,1.0000
10273,-999,1.0000
10274,-999,1.0000
10275,-999,1.0000
10276,-999,1.0000
10277,-999,1.0000
10278,-999,1.0000
10279,-999,1.0000
10280,-999,1.0000
10281,-999,1.0000
10282,-999,1.0000
10283,-999,1.0000
10284,-999,1.0000
10285,-999,1.0000
10286,-999,1.0000
10287,-999,1.0000
10288,-999,1.0000
10289,-999,1.0000
10290,-999,1.0000
10291,-999,1.0000
10292,-999,1.0000
10293,-999,1.0000
10294,-999,1.0000
10295,-999,1.0000
10296,-999,1.0000
10297,-999,1.0000
10298,-999,1.0000
10299,-999,1.0000
10300,-999,1.0000
10301,-999,1.0000
10302,-999,1.0000
10303,-999,1.0000
10304,-999,1.0000
10305,-999,1.0000
10306,-999,1.0000
10307,-999,1.0000
10308,-999,1.0000
10309,-999,1.0000
10310,-999,1.0000
10311,-999,1.0000
10312,-999,1.0000
10313,-999,1.0000
10314,-999,1.0000
10315,-999,1.0000
10316,-999,1.0000
10317,-999,1.0000
10318,-999,1.0000
10319,-999,1.0000
10320,-999,1.0000
10321,-999,1.0000
10322,-999,1.0000
10323,-999,1.0000
10324,-999,1.0000
10325,-999,1.0000
10326,-999,1.0000
10327,-999,1.0000
10328,-999,1.0000
10329,-999,1.0000
10330,-999,1.0000
10331,-999,1.0000
10332,-999,1.0000
10333,-999,1.0000
10334,-999,1.0000
10335,-999,1.0000
10336,-999,1.0000
10337,-999,1.0000
10338,-999,1.0000
10339,-999,1.0000
10340,-999,1.0000
10341,-999,1.0000
10342,-999,1.0000
10343,-999,1.0000
10344,-999,1.0000
10345,-999,1.0000
10346,-999,1.0000
10347,-999,1.0000
10348,-999,1.0000
10349,5242,1.0000
10350,5242,1.0000
10351,5242,1.0000
10352,5242,1.0000
10353,5242,1.0000
10354,5242,1.0000
10355,5242,1.0000
10356,5242,1.0000
10357,5242,1.0000
10358,5242,1.0000
10359,5242,1.0000
10360,5242,1.0000
10361,5242,1.0000
10362,5242,1.0000
10363,5242,1.0000
10364,5242,1.0000
10365,5242,1.0000
10366,5242,1.0000
10367,5242,1.0000
10368,5242,1.0000
10369,5242,1.0000
10370,5242,.6446
10370,5254,.3554
10371,5254,1.0000
10372,5254,1.0000
10373,5254,1.0000
10374,5254,1.0000
10375,5254,1.0000
10376,5254,1.0000
10377,5254,1.0000
10378,5254,1.0000
10379,5254,1.0000
10380,5254,1.0000
10381,5254,1.0000
10382,5254,1.0000
10383,5254,1.0000
10384,5254,1.0000
10385,5254,1.0000
10386,5254,1.0000
10387,5254,1.0000
10388,5254,1.0000
10389,5254,1.0000
10390,5254,1.0000
10391,5254,1.0000
10392,5254,1.0000
10393,5254,1.0000
10394,5254,1.0000
10395,5254,1.0000
10396,5254,1.0000
10397,5254,1.0000
10398,5254,1.0000
10399,5254,1.0000
10400,5254,1.0000
10401,5254,1.0000
10402,5254,1.0000
10403,5254,1.0000
10404,5254,1.0000
10405,5254,1.0000
10406,5254,1.0000
10407,5254,1.0000
10408,5254,1.0000
10409,5254,1.0000
10410,5254,1.0000
10411,5254,1.0000
10412,5254,1.0000
10413,5254,1.0000
10414,5254,1.0000
10415,5254,1.0000
10416,5254,1.0000
10417,5254,1.0000
10418,5254,1.0000
10419,5254,1.0000
10420,5254,1.0000
10421,5254,1.0000
10422,5254,1.0000
10423,5254,1.0000
10424,5254,1.0000
10425,5254,1.0000
10426,5254,1.0000
10427,5254,1.0000
10428,5254,1.0000
10429,5254,1.0000
10430,5254,1.0000
10431,5254,1.0000
10432,5254,1.0000
10433,5254,1.0000
10434,5254,1.0000
10435,5254,1.0000
10436,5254,1.0000
10437,5254,.9286
10437,5222,.0714
10438,5254,.1000
10438,5222,.9000
10439,5222,1.0000
10440,5222,1.0000
10441,5222,.8919
10441,5254,.1081
10442,5254,.8031
10442,5222,.1969
10443,5254,1.0000
10444,5254,1.0000
10445,5254,1.0000
10446,5254,1.0000
10447,5254,.4621
10447,5222,.5379
10448,5222,.9669
10448,5254,.0331
10449,5254,.5000
10449,5222,.5000
10450,5254,1.0000
10451,5254,1.0000
10452,5254,1.0000
10453,5254,.9835
10453,-999,.0165
10454,-999,.0152
10454,5254,.9848
10455,5254,1.0000
10456,5254,1.0000
10457,5254,1.0000
10458,5254,1.0000
10459,5254,1.0000
10460,5254,.9182
10460,-999,.0818
10461,-999,.9524
10461,5254,.0476
10462,-999,.6179
10462,5254,.3821
10463,-999,.2066
10463,5254,.7934
10464,-999,.9848
10464,5254,.0152
10465,-999,1.0000
10466,-999,1.0000
10467,-999,1.0000
10468,-999,1.0000
10469,-999,1.0000
10470,-999,1.0000
10471,-999,1.0000
10472,-999,1.0000
10473,-999,1.0000
10474,-999,1.0000
10475,-999,1.0000
10476,-999,1.0000
10477,-999,1.0000
10478,-999,1.0000
10479,-999,1.0000
10480,-999,1.0000
10481,-999,1.0000
10482,-999,1.0000
10483,-999,1.0000
10484,-999,1.0000
10485,-999,1.0000
10486,-999,1.0000
10487,-999,1.0000
10488,-999,1.0000
10489,-999,1.0000
10490,-999,1.0000
10491,-999,1.0000
10492,-999,1.0000
10493,-999,1.0000
10494,-999,1.0000
10495,-999,1.0000
10496,-999,1.0000
10497,-999,1.0000
10498,-999,1.0000
10499,-999,1.0000
10500,-999,1.0000
10501,-999,1.0000
10502,-999,1.0000
10503,-999,1.0000
10504,-999,1.0000
10505,-999,1.0000
10506,-999,1.0000
10507,-999,1.0000
10508,-999,1.0000
10509,-999,1.0000
10510,-999,1.0000
10511,-999,1.0000
10512,-999,1.0000
10513,-999,1.0000
10514,-999,1.0000
10515,-999,1.0000
10516,-999,1.0000
10517,-999,1.0000
10518,-999,1.0000
10519,-999,1.0000
10520,-999,1.0000
10521,-999,1.0000
10522,-999,1.0000
10523,-999,1.0000
10524,-999,1.0000
10525,-999,1.0000
10526,-999,1.0000
10527,-999,1.0000
10528,-999,1.0000
10529,-999,1.0000
10530,-999,1.0000
10531,-999,1.0000
10532,-999,1.0000
10533,-999,1.0000
10534,-999,1.0000
10535,-999,1.0000
10536,-999,1.0000
10537,-999,1.0000
10538,-999,1.0000
10539,-999,1.0000
10540,-999,1.0000
10541,-999,1.0000
10542,-999,1.0000
10543,-999,1.0000
10544,-999,1.0000
10545,-999,1.0000
10546,-999,1.0000
10547,-999,1.0000
10548,5242,1.0000
10549,5242,1.0000
10550,5242,1.0000
10551,5242,1.0000
10552,5242,1.0000
10553,5242,1.0000
10554,5242,1.0000
10555,5242,1.0000
10556,5242,1.0000
10557,5242,1.0000
10558,5242,1.0000
10559,5242,1.0000
10560,5242,1.0000
10561,5242,1.0000
10562,5242,1.0000
10563,5242,1.0000
10564,5242,1.0000
10565,5242,1.0000
10566,5242,1.0000
10567,5242,1.0000
10568,5242,1.0000
10569,5242,.9355
10569,5254,.0645
10570,5254,.9098
10570,5242,.0902
10571,5254,1.0000
10572,5254,1.0000
10573,5254,1.0000
10574,5254,1.0000
10575,5254,1.0000
10576,5254,1.0000
10577,5254,1.0000
10578,5254,1.0000
10579,5254,1.0000
10580,5254,1.0000
10581,5254,1.0000
10582,5254,1.0000
10583,5254,1.0000
10584,5254,1.0000
10585,5254,1.0000
10586,5254,1.0000
10587,5254,1.0000
10588,5254,1.0000
10589,5254,1.0000
10590,5254,1.0000
10591,5254,1.0000
10592,5254,1.0000
10593,5254,1.0000
10594,5254,1.0000
10595,5254,1.0000
10596,5254,1.0000
10597,5254,1.0000
10598,5254,1.0000
10599,5254,1.0000
10600,5254,1.0000
10601,5254,1.0000
10602,5254,1.0000
10603,5254,1.0000
10604,5254,1.0000
10605,5254,1.0000
10606,5254,1.0000
10607,5254,1.0000
10608,5254,1.0000
10609,5254,1.0000
10610,5254,1.0000
10611,5254,1.0000
10612,5254,1.0000
10613,5254,1.0000
10614,5254,1.0000
10615,5254,1.0000
10616,5254,1.0000
10617,5254,1.0000
10618,5254,1.0000
10619,5254,1.0000
10620,5254,1.0000
10621,5254,1.0000
10622,5254,1.0000
10623,5254,1.0000
10624,5254,1.0000
10625,5254,1.0000
10626,5254,1.0000
10627,5254,1.0000
10628,5254,1.0000
10629,5254,1.0000
10630,5254,1.0000
10631,5254,1.0000
10632,5254,1.0000
10633,5254,.9583
10633,5222,.0417
10634,5254,.5680
10634,5222,.4320
10635,5254,.5950
10635,5222,.4050
10636,5254,.3939
10636,5222,.6061
10637,5222,1.0000
10638,5222,1.0000
10639,5222,1.0000
10640,5222,1.0000
10641,5222,.9762
10641,5254,.0238
10642,5254,.3091
10642,5222,.6909
10643,5254,.5417
10643,5222,.4583
10644,5254,.5818
10644,5222,.4182
10645,5254,.3818
10645,5222,.6182
10646,5254,.0500
10646,5222,.9500
10647,5222,1.0000
10648,5222,.9000
10648,5254,.1000
10649,5254,1.0000
10650,5254,1.0000
10651,5254,1.0000
10652,5254,1.0000
10653,5254,1.0000
10654,5254,1.0000
10655,5254,1.0000
10656,5254,1.0000
10657,5254,1.0000
10658,5254,1.0000
10659,5254,1.0000
10660,5254,.5909
10660,-999,.4091
10661,-999,.3636
10661,5254,.6364
10662,5254,1.0000
10663,5254,.5333
10663,-999,.4667
10664,-999,.7818
10664,5254,.2182
10665,-999,.6066
10665,5254,.3934
10666,-999,.9587
10666,5254,.0413
10667,-999,1.0000
10668,-999,1.0000
10669,-999,.9587
10669,5254,.0413
10670,-999,.9837
10670,5254,.0163
10671,-999,1.0000
10672,-999,1.0000
10673,-999,1.0000
10674,-999,1.0000
10675,-999,1.0000
10676,-999,1.0000
10677,-999,1.0000
10678,-999,1.0000
10679,-999,1.0000
10680,-999,1.0000
10681,-999,1.0000
10682,-999,1.0000
10683,-999,1.0000
10684,-999,1.0000
10685,-999,1.0000
10686,-999,1.0000
10687,-999,1.0000
10688,-999,1.0000
10689,-999,1.0000
10690,-999,1.0000
10691,-999,1.0000
10692,-999,1.0000
10693,-999,1.0000
10694,-999,1.0000
10695,-999,1.0000
10696,-999,1.0000
10697,-999,1.0000
10698,-999,1.0000
10699,-999,1.0000
10700,-999,1.0000
10701,-999,1.0000
10702,-999,1.0000
10703,-999,1.0000
10704,-999,1.0000
10705,-999,1.0000
10706,-999,1.0000
10707,-999,1.0000
10708,-999,1.0000
10709,-999,1.0000
10710,-999,1.0000
10711,-999,1.0000
10712,-999,1.0000
10713,-999,1.0000
10714,-999,1.0000
10715,-999,1.0000
10716,-999,1.0000
10717,-999,1.0000
10718,-999,1.0000
10719,-999,1.0000
10720,-999,1.0000
10721,-999,1.0000
10722,-999,1.0000
10723,-999,1.0000
10724,-999,1.0000
10725,-999,1.0000
10726,-999,1.0000
10727,-999,1.0000
10728,-999,1.0000
10729,-999,1.0000
10730,-999,1.0000
10731,-999,1.0000
10732,-999,1.0000
10733,-999,1.0000
10734,-999,1.0000
10735,-999,1.0000
10736,-999,1.0000
10737,-999,1.0000
10738,-999,1.0000
10739,-999,1.0000
10740,-999,1.0000
10741,-999,1.0000
10742,-999,1.0000
10743,-999,1.0000
10744,-999,1.0000
10745,-999,1.0000
10746,-999,1.0000
10747,5242,1.0000
10748,5242,1.0000
10749,5242,1.0000
10750,5242,1.0000
10751,5242,1.0000
10752,5242,1.0000
10753,5242,1.0000
10754,5242,1.0000
10755,5242,1.0000
10756,5242,1.0000
10757,5242,1.0000
10758,5242,1.0000
10759,5242,1.0000
10760,5242,1.0000
10761,5242,1.0000
10762,5242,1.0000
10763,5242,1.0000
10764,5242,1.0000
10765,5242,1.0000
10766,5242,1.0000
10767,5242,1.0000
10768,5242,1.0000
10769,5242,.7049
10769,5254,.2951
10770,5254,1.0000
10771,5254,1.0000
10772,5254,1.0000
10773,5254,1.0000
10774,5254,1.0000
10775,5254,1.0000
10776,5254,1.0000
10777,5254,1.0000
10778,5254,1.0000
10779,5254,1.0000
10780,5254,1.0000
10781,5254,1.0000
10782,5254,1.0000
10783,5254,1.0000
10784,5254,1.0000
10785,5254,1.0000
10786,5254,1.0000
10787,5254,1.0000
10788,5254,1.0000
10789,5254,1.0000
10790,5254,1.0000
10791,5254,1.0000
10792,5254,1.0000
10793,5254,1.0000
10794,5254,1.0000
10795,5254,1.0000
10796,5254,1.0000
10797,5254,1.0000
10798,5254,1.0000
10799,5254,1.0000
10800,5254,1.0000
10801,5254,1.0000
10802,5254,1.0000
10803,5254,1.0000
10804,5254,1.0000
10805,5254,1.0000
10806,5254,1.0000
10807,5254,1.0000
10808,5254,1.0000
10809,5254,1.0000
10810,5254,1.0000
10811,5254,1.0000
10812,5254,1.0000
10813,5254,1.0000
10814,5254,1.0000
10815,5254,1.0000
10816,5254,1.0000
10817,5254,1.0000
10818,5254,1.0000
10819,5254,1.0000
10820,5254,1.0000
10821,5254,1.0000
10822,5254,1.0000
10823,5254,1.0000
10824,5254,1.0000
10825,5254,1.0000
10826,5254,1.0000
10827,5254,1.0000
10828,5254,1.0000
10829,5254,1.0000
10830,5254,1.0000
10831,5254,1.0000
10832,5254,.6583
10832,5222,.3417
10833,5222,1.0000
10834,5222,1.0000
10835,5222,1.0000
10836,5222,1.0000
10837,5222,1.0000
10838,5222,1.0000
10839,5222,1.0000
10840,5222,1.0000
10841,5222,1.0000
10842,5222,1.0000
10843,5222,1.0000
10844,5222,1.0000
10845,5222,1.0000
10846,5222,1.0000
10847,5222,.8561
10847,5254,.1439
10848,5254,1.0000
10849,5254,1.0000
10850,5254,1.0000
10851,5254,1.0000
10852,5254,1.0000
10853,5254,1.0000
10854,5254,1.0000
10855,5254,1.0000
10856,5254,1.0000
10857,5254,1.0000
10858,5254,1.0000
10859,5254,1.0000
10860,5254,.9909
10860,-999,.0091
10861,5254,1.0000
10862,5254,.8250
10862,-999,.1750
10863,5254,.6393
10863,-999,.3607
10864,5254,1.0000
10865,5254,.5372
10865,-999,.4628
10866,-999,1.0000
10867,-999,1.0000
10868,-999,.7009
10868,5254,.2991
10869,-999,.1935
10869,5254,.8065
10870,-999,.6860
10870,5254,.3140
10871,-999,.9924
10871,5254,.0076
10872,-999,.5641
10872,5254,.4359
10873,-999,.8000
10873,5254,.2000
10874,-999,1.0000
10875,-999,1.0000
10876,-999,1.0000
10877,-999,1.0000
10878,-999,1.0000
10879,-999,1.0000
10880,-999,1.0000
10881,-999,1.0000
10882,-999,1.0000
10883,-999,1.0000
10884,-999,1.0000
10885,-999,1.0000
10886,-999,1.0000
10887,-999,1.0000
10888,-999,1.0000
10889,-999,1.0000
10890,-999,1.0000
10891,-999,1.0000
10892,-999,1.0000
10893,-999,1.0000
10894,-999,1.0000
10895,-999,1.0000
10896,-999,1.0000
10897,-999,1.0000
10898,-999,1.0000
10899,-999,1.0000
10900,-999,1.0000
10901,-999,1.0000
10902,-999,1.0000
10903,-999,1.0000
10904,-999,1.0000
10905,-999,1.0000
10906,-999,1.0000
10907,-999,1.0000
10908,-999,1.0000
10909,-999,1.0000
10910,-999,1.0000
10911,-999,1.0000
10912,-999,1.0000
10913,-999,1.0000
10914,-999,1.0000
10915,-999,1.0000
10916,-999,1.0000
10917,-999,1.0000
10918,-999,1.0000
10919,-999,1.0000
10920,-999,1.0000
10921,-999,1.0000
10922,-999,1.0000
10923,-999,1.0000
10924,-999,1.0000
10925,-999,1.0000
10926,-999,1.0000
10927,-999,1.0000
10928,-999,1.0000
10929,-999,1.0000
10930,-999,1.0000
10931,-999,1.0000
10932,-999,1.0000
10933,-999,1.0000
10934,-999,1.0000
10935,-999,1.0000
10936,-999,1.0000
10937,-999,1.0000
10938,-999,1.0000
10939,-999,1.0000
10940,-999,1.0000
10941,-999,1.0000
10942,-999,1.0000
10943,-999,1.0000
10944,-999,1.0000
10945,-999,1.0000
10946,5242,1.0000
10947,5242,1.0000
10948,5242,1.0000
10949,5242,1.0000
10950,5242,1.0000
10951,5242,1.0000
10952,5242,1.0000
10953,5242,1.0000
10954,5242,1.0000
10955,5242,1.0000
10956,5242,1.0000
10957,5242,1.0000
10958,5242,1.0000
10959,5242,1.0000
10960,5242,1.0000
10961,5242,1.0000
10962,5242,1.0000
10963,5242,1.0000
10964,5242,1.0000
10965,5242,1.0000
10966,5242,1.0000
10967,5242,1.0000
10968,5242,.9180
10968,5254,.0820
10969,5254,.9350
10969,5242,.0650
10970,5254,1.0000
10971,5254,1.0000
10972,5254,1.0000
10973,5254,1.0000
10974,5254,1.0000
10975,5254,1.0000
10976,5254,1.0000
10977,5254,1.0000
10978,5254,1.0000
10979,5254,1.0000
10980,5254,1.0000
10981,5254,1.0000
10982,5254,1.0000
10983,5254,1.0000
10984,5254,1.0000
10985,5254,1.0000
10986,5254,1.0000
10987,5254,1.0000
10988,5254,1.0000
10989,5254,1.0000
10990,5254,1.0000
10991,5254,1.0000
10992,5254,1.0000
10993,5254,1.0000
10994,5254,1.0000
10995,5254,1.0000
10996,5254,1.0000
10997,5254,1.0000
10998,5254,1.0000
10999,5254,1.0000
11000,5254,1.0000
11001,5254,1.0000
11002,5254,1.0000
11003,5254,1.0000
11004,5254,1.0000
11005,5254,1.0000
11006,5254,1.0000
11007,5254,1.0000
11008,5254,1.0000
11009,5254,1.0000
11010,5254,1.0000
11011,5254,1.0000
11012,5254,1.0000
11013,5254,1.0000
11014,5254,1.0000
11015,5254,1.0000
11016,5254,1.0000
11017,5254,1.0000
11018,5254,1.0000
11019,5254,1.0000
11020,5254,1.0000
11021,5254,1.0000
11022,5254,1.0000
11023,5254,1.0000
11024,5254,1.0000
11025,5254,1.0000
11026,5254,1.0000
11027,5254,1.0000
11028,5254,1.0000
11029,5254,1.0000
11030,5254,1.0000
11031,5254,.5950
11031,5222,.4050
11032,5222,1.0000
11033,5222,1.0000
11034,5222,1.0000
11035,5222,1.0000
11036,5222,1.0000
11037,5222,1.0000
11038,5222,1.0000
11039,5222,1.0000
11040,5222,1.0000
11041,5222,1.0000
11042,5222,1.0000
11043,5222,1.0000
11044,5222,1.0000
11045,5222,1.0000
11046,5222,.6970
11046,5254,.3030
11047,5254,1.0000
11048,5254,1.0000
11049,5254,1.0000
11050,5254,1.0000
11051,5254,1.0000
11052,5254,1.0000
11053,5254,1.0000
11054,5254,1.0000
11055,5254,1.0000
11056,5254,1.0000
11057,5254,1.0000
11058,5254,1.0000
11059,5254,1.0000
11060,5254,.9773
11060,-999,.0227
11061,5254,.6860
11061,-999,.3140
11062,-999,.0379
11062,5254,.9621
11063,5254,1.0000
11064,5254,.6847
11064,-999,.3153
11065,-999,1.0000
11066,-999,1.0000
11067,-999,1.0000
11068,-999,.8843
11068,5254,.1157
11069,5254,.3465
11069,-999,.6535
11070,-999,.9381
11070,5254,.0619
11071,5254,.5641
11071,-999,.4359
11072,5254,.5038
11072,-999,.4962
11073,-999,.9917
11073,5254,.0083
11074,-999,1.0000
11075,-999,1.0000
11076,-999,1.0000
11077,-999,1.0000
11078,-999,1.0000
11079,-999,1.0000
11080,-999,1.0000
11081,-999,1.0000
11082,-999,1.0000
11083,-999,1.0000
11084,-999,1.0000
11085,-999,1.0000
11086,-999,1.0000
11087,-999,1.0000
11088,-999,1.0000
11089,-999,1.0000
11090,-999,1.0000
11091,-999,1.0000
11092,-999,1.0000
11093,-999,1.0000
11094,-999,1.0000
11095,-999,1.0000
11096,-999,1.0000
11097,-999,1.0000
11098,-999,1.0000
11099,-999,1.0000
11100,-999,1.0000
11101,-999,1.0000
11102,-999,1.0000
11103,-999,1.0000
11104,-999,1.0000
11105,-999,1.0000
11106,-999,1.0000
11107,-999,1.0000
11108,-999,1.0000
11109,-999,1.0000
11110,-999,1.0000
11111,-999,1.0000
11112,-999,1.0000
11113,-999,1.0000
11114,-999,1.0000
11115,-999,1.0000
11116,-999,1.0000
11117,-999,1.0000
11118,-999,1.0000
11119,-999,1.0000
11120,-999,1.0000
11121,-999,1.0000
11122,-999,1.0000
11123,-999,1.0000
11124,-999,1.0000
11125,-999,1.0000
11126,-999,1.0000
11127,-999,1.0000
11128,-999,1.0000
11129,-999,1.0000
11130,-999,1.0000
11131,-999,1.0000
11132,-999,1.0000
11133,-999,1.0000
11134,-999,1.0000
11135,-999,1.0000
11136,-999,1.0000
11137,-999,1.0000
11138,-999,1.0000
11139,-999,1.0000
11140,-999,1.0000
11141,-999,1.0000
11142,-999,1.0000
11143,-999,1.0000
11144,-999,1.0000
11145,5242,1.0000
11146,5242,1.0000
11147,5242,1.0000
11148,5242,1.0000
11149,5242,1.0000
11150,5242,1.0000
11151,5242,1.0000
11152,5242,1.0000
11153,5242,1.0000
11154,5242,1.0000
11155,5242,1.0000
11156,5242,1.0000
11157,5242,1.0000
11158,5242,1.0000
11159,5242,1.0000
11160,5242,1.0000
11161,5242,1.0000
11162,5242,1.0000
11163,5242,1.0000
11164,5242,1.0000
11165,5242,1.0000
11166,5242,1.0000
11167,5242,1.0000
11168,5242,.6290
11168,5254,.3710
11169,5254,1.0000
11170,5254,1.0000
11171,5254,1.0000
11172,5254,1.0000
11173,5254,1.0000
11174,5254,1.0000
11175,5254,1.0000
11176,5254,1.0000
11177,5254,1.0000
11178,5254,1.0000
11179,5254,1.0000
11180,5254,1.0000
11181,5254,1.0000
11182,5254,1.0000
11183,5254,1.0000
11184,5254,1.0000
11185,5254,1.0000
11186,5254,1.0000
11187,5254,1.0000
11188,5254,1.0000
11189,5254,1.0000
11190,5254,1.0000
11191,5254,1.0000
11192,5254,1.0000
11193,5254,1.0000
11194,5254,1.0000
11195,5254,1.0000
11196,5254,1.0000
11197,5254,1.0000
11198,5254,1.0000
11199,5254,1.0000
11200,5254,1.0000
11201,5254,1.0000
11202,5254,1.0000
11203,5254,1.0000
11204,5254,1.0000
11205,5254,1.0000
11206,5254,1.0000
11207,5254,1.0000
11208,5254,1.0000
11209,5254,1.0000
11210,5254,1.0000
11211,5254,1.0000
11212,5254,1.0000
11213,5254,1.0000
11214,5254,1.0000
11215,5254,1.0000
11216,5254,1.0000
11217,5254,1.0000
11218,5254,1.0000
11219,5254,1.0000
11220,5254,1.0000
11221,5254,1.0000
11222,5254,1.0000
11223,5254,1.0000
11224,5254,1.0000
11225,5254,1.0000
11226,5254,1.0000
11227,5254,1.0000
11228,5254,1.0000
11229,5254,1.0000
11230,5254,.7000
11230,5222,.3000
11231,5222,1.0000
11232,5222,1.0000
11233,5222,1.0000
11234,5222,1.0000
11235,5222,1.0000
11236,5222,1.0000
11237,5222,1.0000
11238,5222,1.0000
11239,5222,1.0000
11240,5222,1.0000
11241,5222,1.0000
11242,5222,1.0000
11243,5222,1.0000
11244,5222,1.0000
11245,5222,.9917
11245,5254,.0083
11246,5254,.2818
11246,5222,.7182
11247,5254,.6667
11247,5222,.3333
11248,5254,1.0000
11249,5254,1.0000
11250,5254,1.0000
11251,5254,1.0000
11252,5254,1.0000
11253,5254,1.0000
11254,5254,1.0000
11255,5254,1.0000
11256,5254,1.0000
11257,5254,1.0000
11258,5254,1.0000
11259,5254,.7480
11259,-999,.2520
11260,-999,.0364
11260,5254,.9636
11261,5254,1.0000
11262,5254,1.0000
11263,5254,.2879
11263,-999,.7121
11264,-999,1.0000
11265,-999,1.0000
11266,-999,1.0000
11267,-999,.5364
11267,5254,.4636
11268,5254,.9435
11268,-999,.0565
11269,-999,.0909
11269,5254,.9091
11270,5254,.8409
11270,-999,.1591
11271,5254,.7025
11271,-999,.2975
11272,-999,.4188
11272,5254,.5812
11273,-999,1.0000
11274,-999,1.0000
11275,-999,1.0000
11276,-999,1.0000
11277,-999,1.0000
11278,-999,1.0000
11279,-999,1.0000
11280,-999,1.0000
11281,-999,1.0000
11282,-999,1.0000
11283,-999,1.0000
11284,-999,1.0000
11285,-999,1.0000
11286,-999,1.0000
11287,-999,1.0000
11288,-999,1.0000
11289,-999,1.0000
11290,-999,1.0000
11291,-999,1.0000
11292,-999,1.0000
11293,-999,1.0000
11294,-999,1.0000
11295,-999,1.0000
11296,-999,1.0000
11297,-999,1.0000
11298,-999,1.0000
11299,-999,1.0000
11300,-999,1.0000
11301,-999,1.0000
11302,-999,1.0000
11303,-999,1.0000
11304,-999,1.0000
11305,-999,1.0000
11306,-999,1.0000
11307,-999,1.0000
11308,-999,1.0000
11309,-999,1.0000
11310,-999,1.0000
11311,-999,1.0000
11312,-999,1.0000
11313,-999,1.0000
11314,-999,1.0000
11315,-999,1.0000
11316,-999,1.0000
11317,-999,1.0000
11318,-999,1.0000
11319,-999,1.0000
11320,-999,1.0000
11321,-999,1.0000
11322,-999,1.0000
11323,-999,1.0000
11324,-999,1.0000
11325,-999,1.0000
11326,-999,1.0000
11327,-999,1.0000
11328,-999,1.0000
11329,-999,1.0000
11330,-999,1.0000
11331,-999,1.0000
11332,-999,1.0000
11333,-999,1.0000
11334,-999,1.0000
11335,-999,1.0000
11336,-999,1.0000
11337,-999,1.0000
11338,-999,1.0000
11339,-999,1.0000
11340,-999,1.0000
11341,-999,1.0000
11342,-999,1.0000
11343,-999,1.0000
11344,5242,1.0000
11345,5242,1.0000
11346,5242,1.0000
11347,5242,1.0000
11348,5242,1.0000
11349,5242,1.0000
11350,5242,1.0000
11351,5242,1.0000
11352,5242,1.0000
11353,5242,1.0000
11354,5242,1.0000
11355,5242,1.0000
11356,5242,1.0000
11357,5242,1.0000
11358,5242,1.0000
11359,5242,1.0000
11360,5242,1.0000
11361,5242,1.0000
11362,5242,1.0000
11363,5242,1.0000
11364,5242,1.0000
11365,5242,1.0000
11366,5242,1.0000
11367,5242,.9174
11367,5254,.0826
11368,5254,.9435
11368,5242,.0565
11369,5254,1.0000
11370,5254,1.0000
11371,5254,1.0000
11372,5254,1.0000
11373,5254,1.0000
11374,5254,1.0000
11375,5254,1.0000
11376,5254,1.0000
11377,5254,1.0000
11378,5254,1.0000
11379,5254,1.0000
11380,5254,1.0000
11381,5254,1.0000
11382,5254,1.0000
11383,5254,1.0000
11384,5254,1.0000
11385,5254,1.0000
11386,5254,1.0000
11387,5254,1.0000
11388,5254,1.0000
11389,5254,1.0000
11390,5254,1.0000
11391,5254,1.0000
11392,5254,1.0000
11393,5254,1.0000
11394,5254,1.0000
11395,5254,1.0000
11396,5254,1.0000
11397,5254,1.0000
11398,5254,1.0000
11399,5254,1.0000
11400,5254,1.0000
11401,5254,1.0000
11402,5254,1.0000
11403,5254,1.0000
11404,5254,1.0000
11405,5254,1.0000
11406,5254,1.0000
11407,5254,1.0000
11408,5254,1.0000
11409,5254,1.0000
11410,5254,1.0000
11411,5254,1.0000
11412,5254,1.0000
11413,5254,1.0000
11414,5254,1.0000
11415,5254,1.0000
11416,5254,1.0000
11417,5254,1.0000
11418,5254,1.0000
11419,5254,1.0000
11420,5254,1.0000
11421,5254,1.0000
11422,5254,1.0000
11423,5254,1.0000
11424,5254,1.0000
11425,5254,1.0000
11426,5254,1.0000
11427,5254,1.0000
11428,5254,1.0000
11429,5254,.8182
11429,5222,.1818
11430,5222,.9333
11430,5254,.0667
11431,5222,.9402
11431,5254,.0598
11432,5222,1.0000
11433,5222,1.0000
11434,5222,1.0000
11435,5222,1.0000
11436,5222,1.0000
11437,5222,1.0000
11438,5222,1.0000
11439,5222,1.0000
11440,5222,1.0000
11441,5222,1.0000
11442,5222,1.0000
11443,5222,1.0000
11444,5222,1.0000
11445,5222,1.0000
11446,5222,.9470
11446,5254,.0530
11447,5254,.8430
11447,5222,.1570
11448,5254,1.0000
11449,5254,1.0000
11450,5254,1.0000
11451,5254,1.0000
11452,5254,1.0000
11453,5254,1.0000
11454,5254,1.0000
11455,5254,1.0000
11456,5254,1.0000
11457,5254,.8120
11457,-999,.1880
11458,-999,.4417
11458,5254,.5583
11459,5254,1.0000
11460,5254,1.0000
11461,5254,1.0000
11462,5254,.3939
11462,-999,.6061
11463,-999,1.0000
11464,-999,1.0000
11465,-999,.9912
11465,5254,.0088
11466,-999,.8125
11466,5254,.1875
11467,5254,.5714
11467,-999,.4286
11468,5254,1.0000
11469,5254,.7984
11469,-999,.2016
11470,-999,.8818
11470,5254,.1182
11471,5254,.2290
11471,-999,.7710
11472,-999,1.0000
11473,-999,.7154
11473,5254,.2846
11474,-999,.9196
11474,5254,.0804
11475,-999,1.0000
11476,-999,1.0000
11477,-999,1.0000
11478,-999,1.0000
11479,-999,1.0000
11480,-999,1.0000
11481,-999,1.0000
11482,-999,1.0000
11483,-999,1.0000
11484,-999,1.0000
11485,-999,1.0000
11486,-999,1.0000
11487,-999,1.0000
11488,-999,1.0000
11489,-999,1.0000
11490,-999,1.0000
11491,-999,1.0000
11492,-999,1.0000
11493,-999,1.0000
11494,-999,1.0000
11495,-999,1.0000
11496,-999,1.0000
11497,-999,1.0000
11498,-999,1.0000
11499,-999,1.0000
11500,-999,1.0000
11501,-999,1.0000
11502,-999,1.0000
11503,-999,1.0000
11504,-999,1.0000
11505,-999,1.0000
11506,-999,1.0000
11507,-999,1.0000
11508,-999,1.0000
11509,-999,1.0000
11510,-999,1.0000
11511,-999,1.0000
11512,-999,1.0000
11513,-999,1.0000
11514,-999,1.0000
11515,-999,1.0000
11516,-999,1.0000
11517,-999,1.0000
11518,-999,1.0000
11519,-999,1.0000
11520,-999,1.0000
11521,-999,1.0000
11522,-999,1.0000
11523,-999,1.0000
11524,-999,1.0000
11525,-999,1.0000
11526,-999,1.0000
11527,-999,1.0000
11528,-999,1.0000
11529,-999,1.0000
11530,-999,1.0000
11531,-999,1.0000
11532,-999,1.0000
11533,-999,1.0000
11534,-999,1.0000
11535,-999,1.0000
11536,-999,1.0000
11537,-999,1.0000
11538,-999,1.0000
11539,-999,1.0000
11540,-999,1.0000
11541,-999,1.0000
11542,-999,1.0000
11543,5242,1.0000
11544,5242,1.0000
11545,5242,1.0000
11546,5242,1.0000
11547,5242,1.0000
11548,5242,1.0000
11549,5242,1.0000
11550,5242,1.0000
11551,5242,1.0000
11552,5242,1.0000
11553,5242,1.0000
11554,5242,1.0000
11555,5242,1.0000
11556,5242,1.0000
11557,5242,1.0000
11558,5242,1.0000
11559,5242,1.0000
11560,5242,1.0000
11561,5242,1.0000
11562,5242,1.0000
11563,5242,1.0000
11564,5242,1.0000
11565,5242,1.0000
11566,5242,1.0000
11567,5242,.3306
11567,5254,.6694
11568,5254,1.0000
11569,5254,1.0000
11570,5254,1.0000
11571,5254,1.0000
11572,5254,1.0000
11573,5254,1.0000
11574,5254,1.0000
11575,5254,1.0000
11576,5254,1.0000
11577,5254,1.0000
11578,5254,1.0000
11579,5254,1.0000
11580,5254,1.0000
11581,5254,1.0000
11582,5254,1.0000
11583,5254,1.0000
11584,5254,1.0000
11585,5254,1.0000
11586,5254,1.0000
11587,5254,1.0000
11588,5254,1.0000
11589,5254,1.0000
11590,5254,1.0000
11591,5254,1.0000
11592,5254,1.0000
11593,5254,1.0000
11594,5254,1.0000
11595,5254,1.0000
11596,5254,1.0000
11597,5254,1.0000
11598,5254,1.0000
11599,5254,1.0000
11600,5254,1.0000
11601,5254,1.0000
11602,5254,1.0000
11603,5254,1.0000
11604,5254,1.0000
11605,5254,1.0000
11606,5254,1.0000
11607,5254,1.0000
11608,5254,1.0000
11609,5254,1.0000
11610,5254,1.0000
11611,5254,1.0000
11612,5254,1.0000
11613,5254,1.0000
11614,5254,1.0000
11615,5254,1.0000
11616,5254,1.0000
11617,5254,1.0000
11618,5254,1.0000
11619,5254,1.0000
11620,5254,1.0000
11621,5254,1.0000
11622,5254,1.0000
11623,5254,1.0000
11624,5254,1.0000
11625,5254,1.0000
11626,5254,1.0000
11627,5254,1.0000
11628,5254,1.0000
11629,5254,.9752
11629,5222,.0248
11630,5254,.9394
11630,5222,.0606
11631,5222,.6694
11631,5254,.3306
11632,5222,1.0000
11633,5222,1.0000
11634,5222,1.0000
11635,5222,1.0000
11636,5222,1.0000
11637,5222,1.0000
11638,5222,1.0000
11639,5222,1.0000
11640,5222,1.0000
11641,5222,1.0000
11642,5222,1.0000
11643,5222,1.0000
11644,5222,1.0000
11645,5222,1.0000
11646,5222,.9421
11646,5254,.0579
11647,5254,.1818
11647,5222,.8182
11648,5254,.7589
11648,5222,.2411
11649,5254,1.0000
11650,5254,1.0000
11651,5254,1.0000
11652,5254,1.0000
11653,5254,1.0000
11654,5254,1.0000
11655,5254,1.0000
11656,5254,.9242
11656,-999,.0758
11657,-999,.0331
11657,5254,.9669
11658,5254,1.0000
11659,5254,1.0000
11660,5254,1.0000
11661,5254,.4034
11661,-999,.5966
11662,-999,1.0000
11663,-999,1.0000
11664,-999,.6942
11664,5254,.3058
11665,-999,.0758
11665,5254,.9242
11666,-999,.0259
11666,5254,.9741
11667,5254,1.0000
11668,5254,.9746
11668,-999,.0254
11669,-999,.7323
11669,5254,.2677
11670,-999,1.0000
11671,-999,.7119
11671,5254,.2881
11672,5254,.6612
11672,-999,.3388
11673,5254,.1983
11673,-999,.8017
11674,-999,.9924
11674,5254,.0076
11675,-999,.9402
11675,5254,.0598
11676,-999,.8852
11676,5254,.1148
11677,-999,1.0000
11678,-999,1.0000
11679,-999,1.0000
11680,-999,1.0000
11681,-999,1.0000
11682,-999,1.0000
11683,-999,1.0000
11684,-999,1.0000
11685,-999,1.0000
11686,-999,1.0000
11687,-999,1.0000
11688,-999,1.0000
11689,-999,1.0000
11690,-999,1.0000
11691,-999,1.0000
11692,-999,1.0000
11693,-999,1.0000
11694,-999,1.0000
11695,-999,1.0000
11696,-999,1.0000
11697,-999,1.0000
11698,-999,1.0000
11699,-999,1.0000
11700,-999,1.0000
11701,-999,1.0000
11702,-999,1.0000
11703,-999,1.0000
11704,-999,1.0000
11705,-999,1.0000
11706,-999,1.0000
11707,-999,1.0000
11708,-999,1.0000
11709,-999,1.0000
11710,-999,1.0000
11711,-999,1.0000
11712,-999,1.0000
11713,-999,1.0000
11714,-999,1.0000
11715,-999,1.0000
11716,-999,1.0000
11717,-999,1.0000
11718,-999,1.0000
11719,-999,1.0000
11720,-999,1.0000
11721,-999,1.0000
11722,-999,1.0000
11723,-999,1.0000
11724,-999,1.0000
11725,-999,1.0000
11726,-999,1.0000
11727,-999,1.0000
11728,-999,1.0000
11729,-999,1.0000
11730,-999,1.0000
11731,-999,1.0000
11732,-999,1.0000
11733,-999,1.0000
11734,-999,1.0000
11735,-999,1.0000
11736,-999,1.0000
11737,-999,1.0000
11738,-999,1.0000
11739,-999,1.0000
11740,-999,1.0000
11741,-999,1.0000
11742,5242,1.0000
11743,5242,1.0000
11744,5242,1.0000
11745,5242,1.0000
11746,5242,1.0000
11747,5242,1.0000
11748,5242,1.0000
11749,5242,1.0000
11750,5242,1.0000
11751,5242,1.0000
11752,5242,1.0000
11753,5242,1.0000
11754,5242,1.0000
11755,5242,1.0000
11756,5242,1.0000
11757,5242,1.0000
11758,5242,1.0000
11759,5242,1.0000
11760,5242,1.0000
11761,5242,1.0000
11762,5242,1.0000
11763,5242,1.0000
11764,5242,1.0000
11765,5242,.9274
11765,5254,.0726
11766,5242,.1967
11766,5254,.8033
11767,5254,1.0000
11768,5254,1.0000
11769,5254,1.0000
11770,5254,1.0000
11771,5254,1.0000
11772,5254,1.0000
11773,5254,1.0000
11774,5254,1.0000
11775,5254,1.0000
11776,5254,1.0000
11777,5254,1.0000
11778,5254,1.0000
11779,5254,1.0000
11780,5254,1.0000
11781,5254,1.0000
11782,5254,1.0000
11783,5254,1.0000
11784,5254,1.0000
11785,5254,1.0000
11786,5254,1.0000
11787,5254,1.0000
11788,5254,1.0000
11789,5254,1.0000
11790,5254,1.0000
11791,5254,1.0000
11792,5254,1.0000
11793,5254,1.0000
11794,5254,1.0000
11795,5254,1.0000
11796,5254,1.0000
11797,5254,1.0000
11798,5254,1.0000
11799,5254,1.0000
11800,5254,1.0000
11801,5254,1.0000
11802,5254,1.0000
11803,5254,1.0000
11804,5254,1.0000
11805,5254,1.0000
11806,5254,1.0000
11807,5254,1.0000
11808,5254,1.0000
11809,5254,1.0000
11810,5254,1.0000
11811,5254,1.0000
11812,5254,1.0000
11813,5254,1.0000
11814,5254,1.0000
11815,5254,1.0000
11816,5254,1.0000
11817,5254,1.0000
11818,5254,1.0000
11819,5254,1.0000
11820,5254,1.0000
11821,5254,1.0000
11822,5254,1.0000
11823,5254,1.0000
11824,5254,1.0000
11825,5254,1.0000
11826,5254,1.0000
11827,5254,1.0000
11828,5254,1.0000
11829,5254,.8333
11829,5222,.1667
11830,5254,.1488
11830,5222,.8512
11831,5222,1.0000
11832,5222,1.0000
11833,5222,1.0000
11834,5222,1.0000
11835,5222,1.0000
11836,5222,1.0000
11837,5222,1.0000
11838,5222,1.0000
11839,5222,1.0000
11840,5222,1.0000
11841,5222,1.0000
11842,5222,1.0000
11843,5222,1.0000
11844,5222,1.0000
11845,5222,1.0000
11846,5222,1.0000
11847,5222,.9083
11847,5254,.0917
11848,5254,.8372
11848,5222,.1628
11849,5254,1.0000
11850,5254,1.0000
11851,5254,1.0000
11852,5254,1.0000
11853,5254,1.0000
11854,5254,1.0000
11855,5254,1.0000
11856,5254,1.0000
11857,5254,1.0000
11858,5254,1.0000
11859,5254,.8550
11859,-999,.1450
11860,5254,.0579
11860,-999,.9421
11861,-999,1.0000
11862,-999,.9921
11862,5254,.0079
11863,-999,.2203
11863,5254,.7797
11864,5254,1.0000
11865,5254,1.0000
11866,5254,1.0000
11867,5254,1.0000
11868,5254,.9923
11868,-999,.0077
11869,-999,.1545
11869,5254,.8455
11870,5254,.9685
11870,-999,.0315
11871,5254,.3058
11871,-999,.6942
11872,-999,1.0000
11873,-999,.7672
11873,5254,.2328
11874,-999,.0336
11874,5254,.9664
11875,-999,.1562
11875,5254,.8437
11876,-999,.9435
11876,5254,.0565
11877,-999,1.0000
11878,-999,1.0000
11879,-999,1.0000
11880,-999,1.0000
11881,-999,1.0000
11882,-999,1.0000
11883,-999,1.0000
11884,-999,1.0000
11885,-999,1.0000
11886,-999,1.0000
11887,-999,1.0000
11888,-999,1.0000
11889,-999,1.0000
11890,-999,1.0000
11891,-999,1.0000
11892,-999,1.0000
11893,-999,1.0000
11894,-999,1.0000
11895,-999,1.0000
11896,-999,1.0000
11897,-999,1.0000
11898,-999,1.0000
11899,-999,1.0000
11900,-999,1.0000
11901,-999,1.0000
11902,-999,1.0000
11903,-999,1.0000
11904,-999,1.0000
11905,-999,1.0000
11906,-999,1.0000
11907,-999,1.0000
11908,-999,1.0000
11909,-999,1.0000
11910,-999,1.0000
11911,-999,1.0000
11912,-999,1.0000
11913,-999,1.0000
11914,-999,1.0000
11915,-999,1.0000
11916,-999,1.0000
11917,-999,1.0000
11918,-999,1.0000
11919,-999,1.0000
11920,-999,1.0000
11921,-999,1.0000
11922,-999,1.0000
11923,-999,1.0000
11924,-999,1.0000
11925,-999,1.0000
11926,-999,1.0000
11927,-999,1.0000
11928,-999,1.0000
11929,-999,1.0000
11930,-999,1.0000
11931,-999,1.0000
11932,-999,1.0000
11933,-999,1.0000
11934,-999,1.0000
11935,-999,1.0000
11936,-999,1.0000
11937,-999,1.0000
11938,-999,1.0000
11939,-999,1.0000
11940,-999,.9758
11940,5276,.0242
11941,5242,1.0000
11942,5242,1.0000
11943,5242,1.0000
11944,5242,1.0000
11945,5242,1.0000
11946,5242,1.0000
11947,5242,1.0000
11948,5242,1.0000
11949,5242,1.0000
11950,5242,1.0000
11951,5242,1.0000
11952,5242,1.0000
11953,5242,1.0000
11954,5242,1.0000
11955,5242,1.0000
11956,5242,1.0000
11957,5242,1.0000
11958,5242,1.0000
11959,5242,1.0000
11960,5242,1.0000
11961,5242,1.0000
11962,5242,1.0000
11963,5242,.9762
11963,5254,.0238
11964,5242,.4016
11964,5254,.5984
11965,5254,1.0000
11966,5254,1.0000
11967,5254,1.0000
11968,5254,1.0000
11969,5254,1.0000
11970,5254,1.0000
11971,5254,1.0000
11972,5254,1.0000
11973,5254,1.0000
11974,5254,1.0000
11975,5254,1.0000
11976,5254,1.0000
11977,5254,1.0000
11978,5254,1.0000
11979,5254,1.0000
11980,5254,1.0000
11981,5254,1.0000
11982,5254,1.0000
11983,5254,1.0000
11984,5254,1.0000
11985,5254,1.0000
11986,5254,1.0000
11987,5254,1.0000
11988,5254,1.0000
11989,5254,1.0000
11990,5254,1.0000
11991,5254,1.0000
11992,5254,1.0000
11993,5254,1.0000
11994,5254,1.0000
11995,5254,1.0000
11996,5254,1.0000
11997,5254,1.0000
11998,5254,1.0000
11999,5254,1.0000
12000,5254,1.0000
12001,5254,1.0000
12002,5254,1.0000
12003,5254,1.0000
12004,5254,1.0000
12005,5254,1.0000
12006,5254,1.0000
12007,5254,1.0000
12008,5254,1.0000
12009,5254,1.0000
12010,5254,1.0000
12011,5254,1.0000
12012,5254,1.0000
12013,5254,1.0000
12014,5254,1.0000
12015,5254,1.0000
12016,5254,1.0000
12017,5254,1.0000
12018,5254,1.0000
12019,5254,1.0000
12020,5254,1.0000
12021,5254,1.0000
12022,5254,1.0000
12023,5254,1.0000
12024,5254,1.0000
12025,5254,1.0000
12026,5254,1.0000
12027,5254,1.0000
12028,5254,.3417
12028,5222,.6583
12029,5222,1.0000
12030,5222,1.0000
12031,5222,1.0000
12032,5222,1.0000
12033,5222,1.0000
12034,5222,1.0000
12035,5222,1.0000
12036,5222,1.0000
12037,5222,1.0000
12038,5222,1.0000
12039,5222,1.0000
12040,5222,1.0000
12041,5222,1.0000
12042,5222,1.0000
12043,5222,1.0000
12044,5222,1.0000
12045,5222,1.0000
12046,5222,1.0000
12047,5222,.9091
12047,5254,.0909
12048,5254,.5207
12048,5222,.4793
12049,5254,.8605
12049,5222,.1395
12050,5254,1.0000
12051,5254,1.0000
12052,5254,1.0000
12053,5254,1.0000
12054,5254,1.0000
12055,5254,1.0000
12056,5254,1.0000
12057,5254,.9008
12057,-999,.0992
12058,5254,.2803
12058,-999,.7197
12059,-999,.8430
12059,5254,.1570
12060,-999,1.0000
12061,-999,.7091
12061,5254,.2909
12062,5254,1.0000
12063,5254,1.0000
12064,5254,1.0000
12065,5254,1.0000
12066,5254,1.0000
12067,5254,1.0000
12068,5254,1.0000
12069,5254,1.0000
12070,5254,.5882
12070,-999,.4118
12071,-999,.9750
12071,5254,.0250
12072,-999,.7395
12072,5254,.2605
12073,5254,.9924
12073,-999,.0076
12074,5254,.5630
12074,-999,.4370
12075,5254,.0083
12075,-999,.9917
12076,-999,1.0000
12077,-999,1.0000
12078,-999,1.0000
12079,-999,.8934
12079,5254,.1066
12080,-999,.5159
12080,5254,.4841
12081,-999,.3852
12081,5254,.6148
12082,-999,.7934
12082,5254,.2066
12083,-999,1.0000
12084,-999,1.0000
12085,-999,1.0000
12086,-999,1.0000
12087,-999,1.0000
12088,-999,1.0000
12089,-999,1.0000
12090,-999,1.0000
12091,-999,1.0000
12092,-999,1.0000
12093,-999,1.0000
12094,-999,1.0000
12095,-999,1.0000
12096,-999,1.0000
12097,-999,1.0000
12098,-999,1.0000
12099,-999,1.0000
12100,-999,1.0000
12101,-999,1.0000
12102,-999,1.0000
12103,-999,1.0000
12104,-999,1.0000
12105,-999,1.0000
12106,-999,1.0000
12107,-999,1.0000
12108,-999,1.0000
12109,-999,1.0000
12110,-999,1.0000
12111,-999,1.0000
12112,-999,1.0000
12113,-999,1.0000
12114,-999,1.0000
12115,-999,1.0000
12116,-999,1.0000
12117,-999,1.0000
12118,-999,1.0000
12119,-999,1.0000
12120,-999,1.0000
12121,-999,1.0000
12122,-999,1.0000
12123,-999,1.0000
12124,-999,1.0000
12125,-999,1.0000
12126,-999,1.0000
12127,-999,1.0000
12128,-999,1.0000
12129,-999,1.0000
12130,-999,1.0000
12131,-999,1.0000
12132,-999,1.0000
12133,-999,1.0000
12134,-999,1.0000
12135,-999,1.0000
12136,-999,1.0000
12137,-999,1.0000
12138,-999,.7561
12138,5276,.2439
12139,-999,.2640
12139,5276,.7360
12140,5242,1.0000
12141,5242,1.0000
12142,5242,1.0000
12143,5242,1.0000
12144,5242,1.0000
12145,5242,1.0000
12146,5242,1.0000
12147,5242,1.0000
12148,5242,1.0000
12149,5242,1.0000
12150,5242,1.0000
12151,5242,1.0000
12152,5242,1.0000
12153,5242,1.0000
12154,5242,1.0000
12155,5242,1.0000
12156,5242,1.0000
12157,5242,1.0000
12158,5242,1.0000
12159,5242,1.0000
12160,5242,1.0000
12161,5242,1.0000
12162,5242,.8417
12162,5254,.1583
12163,5254,.9680
12163,5242,.0320
12164,5254,1.0000
12165,5254,1.0000
12166,5254,1.0000
12167,5254,1.0000
12168,5254,1.0000
12169,5254,1.0000
12170,5254,1.0000
12171,5254,1.0000
12172,5254,1.0000
12173,5254,1.0000
12174,5254,1.0000
12175,5254,1.0000
12176,5254,1.0000
12177,5254,1.0000
12178,5254,1.0000
12179,5254,1.0000
12180,5254,1.0000
12181,5254,1.0000
12182,5254,1.0000
12183,5254,1.0000
12184,5254,1.0000
12185,5254,1.0000
12186,5254,1.0000
12187,5254,1.0000
12188,5254,1.0000
12189,5254,1.0000
12190,5254,1.0000
12191,5254,1.0000
12192,5254,1.0000
12193,5254,1.0000
12194,5254,1.0000
12195,5254,1.0000
12196,5254,1.0000
12197,5254,1.0000
12198,5254,1.0000
12199,5254,1.0000
12200,5254,1.0000
12201,5254,1.0000
12202,5254,1.0000
12203,5254,1.0000
12204,5254,1.0000
12205,5254,1.0000
12206,5254,1.0000
12207,5254,1.0000
12208,5254,1.0000
12209,5254,1.0000
12210,5254,1.0000
12211,5254,1.0000
12212,5254,1.0000
12213,5254,1.0000
12214,5254,1.0000
12215,5254,1.0000
12216,5254,1.0000
12217,5254,1.0000
12218,5254,1.0000
12219,5254,1.0000
12220,5254,1.0000
12221,5254,1.0000
12222,5254,1.0000
12223,5254,1.0000
12224,5254,1.0000
12225,5254,1.0000
12226,5254,1.0000
12227,5254,.1496
12227,5222,.8504
12228,5222,1.0000
12229,5222,1.0000
12230,5222,1.0000
12231,5222,1.0000
12232,5222,1.0000
12233,5222,1.0000
12234,5222,1.0000
12235,5222,1.0000
12236,5222,1.0000
12237,5222,1.0000
12238,5222,1.0000
12239,5222,1.0000
12240,5222,1.0000
12241,5222,1.0000
12242,5222,1.0000
12243,5222,1.0000
12244,5222,1.0000
12245,5222,1.0000
12246,5222,1.0000
12247,5222,1.0000
12248,5222,.6167
12248,5254,.3833
12249,5254,1.0000
12250,5254,1.0000
12251,5254,1.0000
12252,5254,1.0000
12253,5254,1.0000
12254,5254,1.0000
12255,5254,1.0000
12256,5254,.8083
12256,-999,.1917
12257,5254,.5500
12257,-999,.4500
12258,-999,.5545
12258,5254,.4455
12259,-999,.6202
12259,5254,.3798
12260,-999,.0579
12260,5254,.9421
12261,5254,1.0000
12262,5254,1.0000
12263,5254,1.0000
12264,5254,1.0000
12265,5254,1.0000
12266,5254,1.0000
12267,5254,1.0000
12268,5254,1.0000
12269,5254,1.0000
12270,5254,.8293
12270,-999,.1707
12271,-999,.5231
12271,5254,.4769
12272,-999,.4034
12272,5254,.5966
12273,-999,.0924
12273,5254,.9076
12274,-999,.2283
12274,5254,.7717
12275,-999,.5079
12275,5254,.4921
12276,-999,.8500
12276,5254,.1500
12277,-999,.8083
12277,5254,.1917
12278,-999,.5308
12278,5254,.4692
12279,5254,.7966
12279,-999,.2034
12280,5254,.8320
12280,-999,.1680
12281,5254,.0331
12281,-999,.9669
12282,-999,1.0000
12283,-999,.9386
12283,5254,.0614
12284,-999,.7652
12284,5254,.2348
12285,-999,1.0000
12286,-999,1.0000
12287,-999,1.0000
12288,-999,1.0000
12289,-999,1.0000
12290,-999,1.0000
12291,-999,1.0000
12292,-999,1.0000
12293,-999,1.0000
12294,-999,1.0000
12295,-999,1.0000
12296,-999,1.0000
12297,-999,1.0000
12298,-999,1.0000
12299,-999,1.0000
12300,-999,1.0000
12301,-999,1.0000
12302,-999,1.0000
12303,-999,1.0000
12304,-999,1.0000
12305,-999,1.0000
12306,-999,1.0000
12307,-999,1.0000
12308,-999,1.0000
12309,-999,1.0000
12310,-999,1.0000
12311,-999,1.0000
12312,-999,1.0000
12313,-999,1.0000
12314,-999,1.0000
12315,-999,1.0000
12316,-999,1.0000
12317,-999,1.0000
12318,-999,1.0000
12319,-999,1.0000
12320,-999,1.0000
12321,-999,1.0000
12322,-999,1.0000
12323,-999,1.0000
12324,-999,1.0000
12325,-999,1.0000
12326,-999,1.0000
12327,-999,1.0000
12328,-999,1.0000
12329,-999,1.0000
12330,-999,1.0000
12331,-999,1.0000
12332,-999,1.0000
12333,-999,1.0000
12334,-999,1.0000
12335,-999,.9600
12335,5276,.0320
12335,5277,.0080
12336,-999,.3008
12336,5276,.6992
12337,5276,.9590
12337,-999,.0410
12338,5276,1.0000
12339,5242,1.0000
12340,5242,1.0000
12341,5242,1.0000
12342,5242,1.0000
12343,5242,1.0000
12344,5242,1.0000
12345,5242,1.0000
12346,5242,1.0000
12347,5242,1.0000
12348,5242,1.0000
12349,5242,1.0000
12350,5242,1.0000
12351,5242,1.0000
12352,5242,1.0000
12353,5242,1.0000
12354,5242,1.0000
12355,5242,1.0000
12356,5242,1.0000
12357,5242,1.0000
12358,5242,1.0000
12359,5242,1.0000
12360,5242,1.0000
12361,5242,.8240
12361,5254,.1760
12362,5242,.0242
12362,5254,.9758
12363,5254,.9268
12363,5242,.0732
12364,5254,1.0000
12365,5254,1.0000
12366,5254,1.0000
12367,5254,1.0000
12368,5254,1.0000
12369,5254,1.0000
12370,5254,1.0000
12371,5254,1.0000
12372,5254,1.0000
12373,5254,1.0000
12374,5254,1.0000
12375,5254,1.0000
12376,5254,1.0000
12377,5254,1.0000
12378,5254,1.0000
12379,5254,1.0000
12380,5254,1.0000
12381,5254,1.0000
12382,5254,1.0000
12383,5254,1.0000
12384,5254,1.0000
12385,5254,1.0000
12386,5254,1.0000
12387,5254,1.0000
12388,5254,1.0000
12389,5254,1.0000
12390,5254,1.0000
12391,5254,1.0000
12392,5254,1.0000
12393,5254,1.0000
12394,5254,1.0000
12395,5254,1.0000
12396,5254,1.0000
12397,5254,1.0000
12398,5254,1.0000
12399,5254,1.0000
12400,5254,1.0000
12401,5254,1.0000
12402,5254,1.0000
12403,5254,1.0000
12404,5254,1.0000
12405,5254,1.0000
12406,5254,1.0000
12407,5254,1.0000
12408,5254,1.0000
12409,5254,1.0000
12410,5254,1.0000
12411,5254,1.0000
12412,5254,1.0000
12413,5254,1.0000
12414,5254,1.0000
12415,5254,1.0000
12416,5254,1.0000
12417,5254,1.0000
12418,5254,1.0000
12419,5254,1.0000
12420,5254,1.0000
12421,5254,1.0000
12422,5254,1.0000
12423,5254,1.0000
12424,5254,1.0000
12425,5254,1.0000
12426,5254,.3554
12426,5222,.6446
12427,5222,1.0000
12428,5222,1.0000
12429,5222,1.0000
12430,5222,1.0000
12431,5222,1.0000
12432,5222,1.0000
12433,5222,1.0000
12434,5222,1.0000
12435,5222,1.0000
12436,5222,1.0000
12437,5222,1.0000
12438,5222,1.0000
12439,5222,1.0000
12440,5222,1.0000
12441,5222,1.0000
12442,5222,1.0000
12443,5222,1.0000
12444,5222,1.0000
12445,5222,1.0000
12446,5222,1.0000
12447,5222,.3712
12447,5254,.6288
12448,5254,1.0000
12449,5254,1.0000
12450,5254,1.0000
12451,5254,1.0000
12452,5254,1.0000
12453,5254,.9256
12453,-999,.0744
12454,5254,.8000
12454,-999,.2000
12455,5254,.5738
12455,-999,.4262
12456,5254,.5285
12456,-999,.4715
12457,-999,.7984
12457,5254,.2016
12458,5254,.9200
12458,-999,.0800
12459,5254,1.0000
12460,5254,1.0000
12461,5254,1.0000
12462,5254,1.0000
12463,5254,1.0000
12464,5254,1.0000
12465,5254,1.0000
12466,5254,1.0000
12467,5254,1.0000
12468,5254,1.0000
12469,5254,1.0000
12470,5254,1.0000
12471,5254,1.0000
12472,5254,1.0000
12473,5254,1.0000
12474,5254,1.0000
12475,5254,.9580
12475,-999,.0420
12476,-999,.3030
12476,5254,.6970
12477,5254,.7155
12477,-999,.2845
12478,5254,1.0000
12479,5254,.7107
12479,-999,.2893
12480,5254,.2205
12480,-999,.7795
12481,-999,.8707
12481,5254,.1293
12482,-999,.4109
12482,5254,.5891
12483,-999,.0661
12483,5254,.9339
12484,-999,.2869
12484,5254,.7131
12485,-999,.6984
12485,5254,.3016
12486,-999,.7417
12486,5254,.2583
12487,-999,1.0000
12488,-999,1.0000
12489,-999,1.0000
12490,-999,1.0000
12491,-999,1.0000
12492,-999,1.0000
12493,-999,1.0000
12494,-999,1.0000
12495,-999,1.0000
12496,-999,1.0000
12497,-999,1.0000
12498,-999,1.0000
12499,-999,1.0000
12500,-999,1.0000
12501,-999,1.0000
12502,-999,1.0000
12503,-999,1.0000
12504,-999,1.0000
12505,-999,1.0000
12506,-999,1.0000
12507,-999,1.0000
12508,-999,1.0000
12509,-999,1.0000
12510,-999,1.0000
12511,-999,1.0000
12512,-999,1.0000
12513,-999,1.0000
12514,-999,1.0000
12515,-999,1.0000
12516,-999,1.0000
12517,-999,1.0000
12518,-999,1.0000
12519,-999,1.0000
12520,-999,1.0000
12521,-999,1.0000
12522,-999,1.0000
12523,-999,1.0000
12524,-999,1.0000
12525,-999,1.0000
12526,-999,1.0000
12527,-999,1.0000
12528,-999,1.0000
12529,-999,1.0000
12530,-999,1.0000
12531,-999,1.0000
12532,-999,1.0000
12533,-999,.9919
12533,5277,.0081
12534,-999,.4590
12534,5276,.0082
12534,5277,.5328
12535,5276,.3280
12535,5277,.6720
12536,5276,.9194
12536,5277,.0806
12537,5276,1.0000
12538,5242,1.0000
12539,5242,1.0000
12540,5242,1.0000
12541,5242,1.0000
12542,5242,1.0000
12543,5242,1.0000
12544,5242,1.0000
12545,5242,1.0000
12546,5242,1.0000
12547,5242,1.0000
12548,5242,1.0000
12549,5242,1.0000
12550,5242,1.0000
12551,5242,1.0000
12552,5242,1.0000
12553,5242,1.0000
12554,5242,1.0000
12555,5242,1.0000
12556,5242,1.0000
12557,5242,1.0000
12558,5242,1.0000
12559,5242,1.0000
12560,5242,.9600
12560,5254,.0400
12561,5254,.1074
12561,5242,.8926
12562,5242,.9764
12562,5254,.0236
12563,5254,.4711
12563,5242,.5289
12564,5254,1.0000
12565,5254,1.0000
12566,5254,1.0000
12567,5254,1.0000
12568,5254,1.0000
12569,5254,1.0000
12570,5254,1.0000
12571,5254,1.0000
12572,5254,1.0000
12573,5254,1.0000
12574,5254,1.0000
12575,5254,1.0000
12576,5254,1.0000
12577,5254,1.0000
12578,5254,1.0000
12579,5254,1.0000
12580,5254,1.0000
12581,5254,1.0000
12582,5254,1.0000
12583,5254,1.0000
12584,5254,1.0000
12585,5254,1.0000
12586,5254,1.0000
12587,5254,1.0000
12588,5254,1.0000
12589,5254,1.0000
12590,5254,1.0000
12591,5254,1.0000
12592,5254,1.0000
12593,5254,1.0000
12594,5254,1.0000
12595,5254,1.0000
12596,5254,1.0000
12597,5254,1.0000
12598,5254,1.0000
12599,5254,1.0000
12600,5254,1.0000
12601,5254,1.0000
12602,5254,1.0000
12603,5254,1.0000
12604,5254,1.0000
12605,5254,1.0000
12606,5254,1.0000
12607,5254,1.0000
12608,5254,1.0000
12609,5254,1.0000
12610,5254,1.0000
12611,5254,1.0000
12612,5254,1.0000
12613,5254,1.0000
12614,5254,1.0000
12615,5254,1.0000
12616,5254,1.0000
12617,5254,1.0000
12618,5254,1.0000
12619,5254,1.0000
12620,5254,1.0000
12621,5254,1.0000
12622,5254,1.0000
12623,5254,1.0000
12624,5254,1.0000
12625,5254,.9820
12625,5222,.0180
12626,5222,.2167
12626,5254,.7833
12627,5222,.7364
12627,5254,.2636
12628,5222,1.0000
12629,5222,1.0000
12630,5222,1.0000
12631,5222,1.0000
12632,5222,1.0000
12633,5222,1.0000
12634,5222,1.0000
12635,5222,1.0000
12636,5222,1.0000
12637,5222,1.0000
12638,5222,1.0000
12639,5222,1.0000
12640,5222,1.0000
12641,5222,1.0000
12642,5222,1.0000
12643,5222,1.0000
12644,5222,1.0000
12645,5222,1.0000
12646,5222,.2727
12646,5254,.7273
12647,5254,1.0000
12648,5254,1.0000
12649,5254,1.0000
12650,5254,1.0000
12651,5254,1.0000
12652,5254,1.0000
12653,5254,1.0000
12654,5254,.9848
12654,-999,.0152
12655,5254,.5041
12655,-999,.4959
12656,-999,.7121
12656,5254,.2879
12657,5254,.9558
12657,-999,.0442
12658,5254,1.0000
12659,5254,1.0000
12660,5254,1.0000
12661,5254,1.0000
12662,5254,1.0000
12663,5254,1.0000
12664,5254,1.0000
12665,5254,1.0000
12666,5254,1.0000
12667,5254,1.0000
12668,5254,1.0000
12669,5254,1.0000
12670,5254,1.0000
12671,5254,1.0000
12672,5254,1.0000
12673,5254,1.0000
12674,5254,1.0000
12675,5254,1.0000
12676,5254,.9756
12676,-999,.0244
12677,5254,.8730
12677,-999,.1270
12678,5254,.8618
12678,-999,.1382
12679,5254,.9333
12679,-999,.0667
12680,-999,.2362
12680,5254,.7638
12681,5254,.9350
12681,-999,.0650
12682,5254,1.0000
12683,5254,1.0000
12684,5254,.9244
12684,-999,.0756
12685,5254,.8571
12685,-999,.1429
12686,-999,.5403
12686,5254,.4597
12687,-999,.9837
12687,5254,.0163
12688,-999,.8871
12688,5254,.1129
12689,-999,.9921
12689,5254,.0079
12690,-999,1.0000
12691,-999,1.0000
12692,-999,1.0000
12693,-999,1.0000
12694,-999,1.0000
12695,-999,1.0000
12696,-999,1.0000
12697,-999,1.0000
12698,-999,1.0000
12699,-999,1.0000
12700,-999,1.0000
12701,-999,1.0000
12702,-999,1.0000
12703,-999,1.0000
12704,-999,1.0000
12705,-999,1.0000
12706,-999,1.0000
12707,-999,1.0000
12708,-999,1.0000
12709,-999,1.0000
12710,-999,1.0000
12711,-999,1.0000
12712,-999,1.0000
12713,-999,1.0000
12714,-999,1.0000
12715,-999,1.0000
12716,-999,1.0000
12717,-999,1.0000
12718,-999,1.0000
12719,-999,1.0000
12720,-999,1.0000
12721,-999,1.0000
12722,-999,1.0000
12723,-999,1.0000
12724,-999,1.0000
12725,-999,1.0000
12726,-999,1.0000
12727,-999,1.0000
12728,-999,1.0000
12729,-999,1.0000
12730,-999,1.0000
12731,-999,1.0000
12732,-999,.8819
12732,5277,.1181
12733,5277,.9837
12733,-999,.0163
12734,5277,1.0000
12735,5277,.8468
12735,5276,.1532
12736,5276,.8952
12736,5277,.1048
12737,5242,1.0000
12738,5242,1.0000
12739,5242,1.0000
12740,5242,1.0000
12741,5242,1.0000
12742,5242,1.0000
12743,5242,1.0000
12744,5242,1.0000
12745,5242,1.0000
12746,5242,1.0000
12747,5242,1.0000
12748,5242,1.0000
12749,5242,1.0000
12750,5242,1.0000
12751,5242,1.0000
12752,5242,1.0000
12753,5242,1.0000
12754,5242,1.0000
12755,5242,1.0000
12756,5242,1.0000
12757,5242,1.0000
12758,5242,1.0000
12759,5242,1.0000
12760,5242,1.0000
12761,5242,1.0000
12762,5242,.9837
12762,5254,.0163
12763,5254,.7920
12763,5242,.2080
12764,5254,1.0000
12765,5254,1.0000
12766,5254,1.0000
12767,5254,1.0000
12768,5254,1.0000
12769,5254,1.0000
12770,5254,1.0000
12771,5254,1.0000
12772,5254,1.0000
12773,5254,1.0000
12774,5254,1.0000
12775,5254,1.0000
12776,5254,1.0000
12777,5254,1.0000
12778,5254,1.0000
12779,5254,1.0000
12780,5254,1.0000
12781,5254,1.0000
12782,5254,1.0000
12783,5254,1.0000
12784,5254,1.0000
12785,5254,1.0000
12786,5254,1.0000
12787,5254,1.0000
12788,5254,1.0000
12789,5254,1.0000
12790,5254,1.0000
12791,5254,1.0000
12792,5254,1.0000
12793,5254,1.0000
12794,5254,1.0000
12795,5254,1.0000
12796,5254,1.0000
12797,5254,1.0000
12798,5254,1.0000
12799,5254,1.0000
12800,5254,1.0000
12801,5254,1.0000
12802,5254,1.0000
12803,5254,1.0000
12804,5254,1.0000
12805,5254,1.0000
12806,5254,1.0000
12807,5254,1.0000
12808,5254,1.0000
12809,5254,1.0000
12810,5254,1.0000
12811,5254,1.0000
12812,5254,1.0000
12813,5254,1.0000
12814,5254,1.0000
12815,5254,1.0000
12816,5254,1.0000
12817,5254,1.0000
12818,5254,1.0000
12819,5254,1.0000
12820,5254,1.0000
12821,5254,1.0000
12822,5254,1.0000
12823,5254,1.0000
12824,5254,1.0000
12825,5254,1.0000
12826,5254,.8430
12826,5222,.1570
12827,5222,.8594
12827,5254,.1406
12828,5222,1.0000
12829,5222,1.0000
12830,5222,1.0000
12831,5222,1.0000
12832,5222,1.0000
12833,5222,1.0000
12834,5222,1.0000
12835,5222,1.0000
12836,5222,1.0000
12837,5222,1.0000
12838,5222,1.0000
12839,5222,1.0000
12840,5222,1.0000
12841,5222,1.0000
12842,5222,1.0000
12843,5222,1.0000
12844,5222,.7727
12844,5254,.2273
12845,5222,.0083
12845,5254,.9917
12846,5254,1.0000
12847,5254,1.0000
12848,5254,1.0000
12849,5254,1.0000
12850,5254,1.0000
12851,5254,1.0000
12852,5254,1.0000
12853,5254,.8605
12853,-999,.1395
12854,5254,.5727
12854,-999,.4273
12855,5254,.8583
12855,-999,.1417
12856,5254,.9748
12856,-999,.0252
12857,5254,1.0000
12858,5254,1.0000
12859,5254,1.0000
12860,5254,1.0000
12861,5254,1.0000
12862,5254,1.0000
12863,5254,1.0000
12864,5254,1.0000
12865,5254,1.0000
12866,5254,1.0000
12867,5254,.8939
12867,5222,.1061
12868,5254,.3008
12868,5222,.6992
12869,5254,.5840
12869,5222,.4160
12870,5254,.9828
12870,5222,.0172
12871,5254,1.0000
12872,5254,1.0000
12873,5254,1.0000
12874,5254,1.0000
12875,5254,1.0000
12876,5254,1.0000
12877,5254,1.0000
12878,5254,1.0000
12879,5254,1.0000
12880,5254,1.0000
12881,5254,1.0000
12882,5254,1.0000
12883,5254,1.0000
12884,5254,1.0000
12885,5254,.9106
12885,-999,.0894
12886,-999,.2727
12886,5254,.7273
12887,5254,.9846
12887,-999,.0154
12888,-999,.2069
12888,5254,.7931
12889,-999,.9394
12889,5254,.0606
12890,-999,1.0000
12891,-999,1.0000
12892,-999,1.0000
12893,-999,1.0000
12894,-999,1.0000
12895,-999,1.0000
12896,-999,1.0000
12897,-999,1.0000
12898,-999,1.0000
12899,-999,1.0000
12900,-999,1.0000
12901,-999,1.0000
12902,-999,1.0000
12903,-999,1.0000
12904,-999,1.0000
12905,-999,1.0000
12906,-999,1.0000
12907,-999,1.0000
12908,-999,1.0000
12909,-999,1.0000
12910,-999,1.0000
12911,-999,1.0000
12912,-999,1.0000
12913,-999,1.0000
12914,-999,1.0000
12915,-999,1.0000
12916,-999,1.0000
12917,-999,1.0000
12918,-999,1.0000
12919,-999,1.0000
12920,-999,1.0000
12921,-999,1.0000
12922,-999,1.0000
12923,-999,1.0000
12924,-999,1.0000
12925,-999,1.0000
12926,-999,1.0000
12927,-999,1.0000
12928,-999,1.0000
12929,-999,1.0000
12930,-999,1.0000
12931,5277,.5328
12931,-999,.4672
12932,5277,1.0000
12933,5277,1.0000
12934,5277,1.0000
12935,5276,.4113
12935,5277,.5887
12936,5242,1.0000
12937,5242,1.0000
12938,5242,1.0000
12939,5242,1.0000
12940,5242,1.0000
12941,5242,1.0000
12942,5242,1.0000
12943,5242,1.0000
12944,5242,1.0000
12945,5242,1.0000
12946,5242,1.0000
12947,5242,1.0000
12948,5242,1.0000
12949,5242,1.0000
12950,5242,1.0000
12951,5242,1.0000
12952,5242,1.0000
12953,5242,1.0000
12954,5242,1.0000
12955,5242,1.0000
12956,5242,1.0000
12957,5242,1.0000
12958,5242,1.0000
12959,5242,1.0000
12960,5242,1.0000
12961,5242,1.0000
12962,5242,.3468
12962,5254,.6532
12963,5254,1.0000
12964,5254,1.0000
12965,5254,1.0000
12966,5254,1.0000
12967,5254,1.0000
12968,5254,1.0000
12969,5254,1.0000
12970,5254,1.0000
12971,5254,1.0000
12972,5254,1.0000
12973,5254,1.0000
12974,5254,1.0000
12975,5254,1.0000
12976,5254,1.0000
12977,5254,1.0000
12978,5254,1.0000
12979,5254,1.0000
12980,5254,1.0000
12981,5254,1.0000
12982,5254,1.0000
12983,5254,1.0000
12984,5254,1.0000
12985,5254,1.0000
12986,5254,1.0000
12987,5254,1.0000
12988,5254,1.0000
12989,5254,1.0000
12990,5254,1.0000
12991,5254,1.0000
12992,5254,1.0000
12993,5254,1.0000
12994,5254,1.0000
12995,5254,1.0000
12996,5254,1.0000
12997,5254,1.0000
12998,5254,1.0000
12999,5254,1.0000
13000,5254,1.0000
13001,5254,1.0000
13002,5254,1.0000
13003,5254,1.0000
13004,5254,1.0000
13005,5254,1.0000
13006,5254,1.0000
13007,5254,1.0000
13008,5254,1.0000
13009,5254,1.0000
13010,5254,1.0000
13011,5254,1.0000
13012,5254,1.0000
13013,5254,1.0000
13014,5254,1.0000
13015,5254,1.0000
13016,5254,1.0000
13017,5254,1.0000
13018,5254,1.0000
13019,5254,1.0000
13020,5254,1.0000
13021,5254,1.0000
13022,5254,1.0000
13023,5254,1.0000
13024,5254,1.0000
13025,5254,1.0000
13026,5254,.9470
13026,5222,.0530
13027,5222,.1983
13027,5254,.8017
13028,5222,.3182
13028,5254,.6818
13029,5222,.5455
13029,5254,.4545
13030,5222,.9924
13030,5254,.0076
13031,5222,1.0000
13032,5222,1.0000
13033,5222,1.0000
13034,5222,1.0000
13035,5222,1.0000
13036,5222,1.0000
13037,5222,1.0000
13038,5222,1.0000
13039,5222,1.0000
13040,5222,1.0000
13041,5222,1.0000
13042,5222,1.0000
13043,5222,.7769
13043,5254,.2231
13044,5254,.9167
13044,5222,.0833
13045,5254,1.0000
13046,5254,1.0000
13047,5254,1.0000
13048,5254,1.0000
13049,5254,1.0000
13050,5254,1.0000
13051,5254,1.0000
13052,-999,.0083
13052,5254,.9917
13053,5254,1.0000
13054,5254,.8661
13054,-999,.1339
13055,5254,.6899
13055,-999,.3101
13056,5254,.8400
13056,-999,.1600
13057,5254,.9672
13057,-999,.0328
13058,5254,.7345
13058,5222,.2655
13059,5254,.4531
13059,5222,.5469
13060,5254,.7097
13060,5222,.2903
13061,5254,.9389
13061,5222,.0611
13062,5254,.6050
13062,5222,.3950
13063,5254,.9750
13063,5222,.0250
13064,5254,1.0000
13065,5254,1.0000
13066,5254,1.0000
13067,5254,.5410
13067,5222,.4590
13068,5222,1.0000
13069,5222,.7197
13069,5254,.2803
13070,5254,.7851
13070,5222,.2149
13071,5254,1.0000
13072,5254,1.0000
13073,5254,1.0000
13074,5254,1.0000
13075,5254,1.0000
13076,5254,1.0000
13077,5254,1.0000
13078,5254,1.0000
13079,5254,1.0000
13080,5254,1.0000
13081,5254,1.0000
13082,5254,1.0000
13083,5254,1.0000
13084,5254,1.0000
13085,5254,1.0000
13086,5254,1.0000
13087,5254,1.0000
13088,5254,.2328
13088,-999,.7672
13089,-999,1.0000
13090,-999,1.0000
13091,-999,1.0000
13092,-999,1.0000
13093,-999,1.0000
13094,-999,1.0000
13095,-999,1.0000
13096,-999,1.0000
13097,-999,1.0000
13098,-999,1.0000
13099,-999,1.0000
13100,-999,1.0000
13101,-999,1.0000
13102,-999,1.0000
13103,-999,1.0000
13104,-999,1.0000
13105,-999,1.0000
13106,-999,1.0000
13107,-999,1.0000
13108,-999,1.0000
13109,-999,1.0000
13110,-999,1.0000
13111,-999,1.0000
13112,-999,1.0000
13113,-999,1.0000
13114,-999,1.0000
13115,-999,1.0000
13116,-999,1.0000
13117,-999,1.0000
13118,-999,1.0000
13119,-999,1.0000
13120,-999,1.0000
13121,-999,1.0000
13122,-999,1.0000
13123,-999,1.0000
13124,-999,1.0000
13125,-999,1.0000
13126,-999,1.0000
13127,-999,1.0000
13128,-999,1.0000
13129,-999,.9603
13129,5277,.0397
13130,5277,.8689
13130,-999,.1311
13131,5277,1.0000
13132,5277,1.0000
13133,5277,1.0000
13134,5277,.9593
13134,5276,.0407
13135,5242,1.0000
13136,5242,1.0000
13137,5242,1.0000
13138,5242,1.0000
13139,5242,1.0000
13140,5242,1.0000
13141,5242,1.0000
13142,5242,1.0000
13143,5242,1.0000
13144,5242,1.0000
13145,5242,1.0000
13146,5242,1.0000
13147,5242,1.0000
13148,5242,1.0000
13149,5242,1.0000
13150,5242,1.0000
13151,5242,1.0000
13152,5242,1.0000
13153,5242,1.0000
13154,5242,1.0000
13155,5242,1.0000
13156,5242,1.0000
13157,5242,1.0000
13158,5242,1.0000
13159,5242,1.0000
13160,5242,.9917
13160,5254,.0083
13161,5242,.1935
13161,5254,.8065
13162,5254,1.0000
13163,5254,1.0000
13164,5254,1.0000
13165,5254,1.0000
13166,5254,1.0000
13167,5254,1.0000
13168,5254,1.0000
13169,5254,1.0000
13170,5254,1.0000
13171,5254,1.0000
13172,5254,1.0000
13173,5254,1.0000
13174,5254,1.0000
13175,5254,1.0000
13176,5254,1.0000
13177,5254,1.0000
13178,5254,1.0000
13179,5254,1.0000
13180,5254,1.0000
13181,5254,1.0000
13182,5254,1.0000
13183,5254,1.0000
13184,5254,1.0000
13185,5254,1.0000
13186,5254,1.0000
13187,5254,1.0000
13188,5254,1.0000
13189,5254,1.0000
13190,5254,1.0000
13191,5254,1.0000
13192,5254,1.0000
13193,5254,1.0000
13194,5254,1.0000
13195,5254,1.0000
13196,5254,1.0000
13197,5254,1.0000
13198,5254,1.0000
13199,5254,1.0000
13200,5254,1.0000
13201,5254,1.0000
13202,5254,1.0000
13203,5254,1.0000
13204,5254,1.0000
13205,5254,1.0000
13206,5254,1.0000
13207,5254,1.0000
13208,5254,1.0000
13209,5254,1.0000
13210,5254,1.0000
13211,5254,1.0000
13212,5254,1.0000
13213,5254,1.0000
13214,5254,1.0000
13215,5254,1.0000
13216,5254,1.0000
13217,5254,1.0000
13218,5254,1.0000
13219,5254,1.0000
13220,5254,1.0000
13221,5254,1.0000
13222,5254,1.0000
13223,5254,1.0000
13224,5254,1.0000
13225,5254,1.0000
13226,5254,1.0000
13227,5254,1.0000
13228,5254,1.0000
13229,5254,.4773
13229,5222,.5227
13230,5222,1.0000
13231,5222,1.0000
13232,5222,1.0000
13233,5222,1.0000
13234,5222,1.0000
13235,5222,1.0000
13236,5222,1.0000
13237,5222,1.0000
13238,5222,1.0000
13239,5222,1.0000
13240,5222,1.0000
13241,5222,1.0000
13242,5222,1.0000
13243,5222,.8258
13243,5254,.1742
13244,5254,.8226
13244,5222,.1774
13245,5254,1.0000
13246,5254,1.0000
13247,5254,1.0000
13248,5254,1.0000
13249,5254,1.0000
13250,5254,1.0000
13251,5254,1.0000
13252,5254,1.0000
13253,5254,1.0000
13254,5254,.7236
13254,5222,.2764
13255,5254,.7818
13255,5222,.2182
13256,5254,.9767
13256,5222,.0233
13257,5254,.1405
13257,5222,.8595
13258,5222,1.0000
13259,5222,1.0000
13260,5222,.8099
13260,5254,.1901
13261,5222,.9211
13261,5254,.0789
13262,5222,.4318
13262,5254,.5682
13263,5254,1.0000
13264,5254,1.0000
13265,5254,1.0000
13266,5254,.5538
13266,5222,.4462
13267,5222,1.0000
13268,5222,1.0000
13269,5254,.0172
13269,5222,.9828
13270,5254,.3203
13270,5222,.6797
13271,5254,.5276
13271,5222,.4724
13272,5254,.7667
13272,5222,.2333
13273,5254,.9274
13273,5222,.0726
13274,5254,1.0000
13275,5254,.7661
13275,5222,.2339
13276,5254,.3417
13276,5222,.6583
13277,5254,.6047
13277,5222,.3953
13278,5254,.9504
13278,5222,.0496
13279,5254,1.0000
13280,5254,1.0000
13281,5254,1.0000
13282,5254,1.0000
13283,5254,1.0000
13284,5254,1.0000
13285,5254,1.0000
13286,5254,1.0000
13287,-999,.8651
13287,5254,.1349
13288,-999,1.0000
13289,-999,1.0000
13290,-999,1.0000
13291,-999,1.0000
13292,-999,1.0000
13293,-999,1.0000
13294,-999,1.0000
13295,-999,1.0000
13296,-999,1.0000
13297,-999,1.0000
13298,-999,1.0000
13299,-999,1.0000
13300,-999,1.0000
13301,-999,1.0000
13302,-999,1.0000
13303,-999,1.0000
13304,-999,1.0000
13305,-999,1.0000
13306,-999,1.0000
13307,-999,1.0000
13308,-999,1.0000
13309,-999,1.0000
13310,-999,1.0000
13311,-999,1.0000
13312,-999,1.0000
13313,-999,1.0000
13314,-999,1.0000
13315,-999,1.0000
13316,-999,1.0000
13317,-999,1.0000
13318,-999,1.0000
13319,-999,1.0000
13320,-999,1.0000
13321,-999,1.0000
13322,-999,1.0000
13323,-999,1.0000
13324,-999,1.0000
13325,-999,1.0000
13326,-999,1.0000
13327,-999,1.0000
13328,-999,.7661
13328,5277,.2339
13329,5277,1.0000
13330,5277,1.0000
13331,5277,1.0000
13332,5277,1.0000
13333,5277,1.0000
13334,5242,1.0000
13335,5242,1.0000
13336,5242,1.0000
13337,5242,1.0000
13338,5242,1.0000
13339,5242,1.0000
13340,5242,1.0000
13341,5242,1.0000
13342,5242,1.0000
13343,5242,1.0000
13344,5242,1.0000
13345,5242,1.0000
13346,5242,1.0000
13347,5242,1.0000
13348,5242,1.0000
13349,5242,1.0000
13350,5242,1.0000
13351,5242,1.0000
13352,5242,1.0000
13353,5242,1.0000
13354,5242,1.0000
13355,5242,1.0000
13356,5242,1.0000
13357,5242,1.0000
13358,5242,1.0000
13359,5242,1.0000
13360,5242,.3306
13360,5254,.6694
13361,5254,1.0000
13362,5254,1.0000
13363,5254,1.0000
13364,5254,1.0000
13365,5254,1.0000
13366,5254,1.0000
13367,5254,1.0000
13368,5254,1.0000
13369,5254,1.0000
13370,5254,1.0000
13371,5254,1.0000
13372,5254,1.0000
13373,5254,1.0000
13374,5254,1.0000
13375,5254,1.0000
13376,5254,1.0000
13377,5254,1.0000
13378,5254,1.0000
13379,5254,1.0000
13380,5254,1.0000
13381,5254,1.0000
13382,5254,1.0000
13383,5254,1.0000
13384,5254,1.0000
13385,5254,1.0000
13386,5254,1.0000
13387,5254,1.0000
13388,5254,1.0000
13389,5254,1.0000
13390,5254,1.0000
13391,5254,1.0000
13392,5254,1.0000
13393,5254,1.0000
13394,5254,1.0000
13395,5254,1.0000
13396,5254,.8258
13396,5222,.1742
13397,5254,.3782
13397,5222,.6218
13398,5254,.1707
13398,5222,.8293
13399,5254,.6777
13399,5222,.3223
13400,5254,1.0000
13401,5254,1.0000
13402,5254,1.0000
13403,5254,1.0000
13404,5254,1.0000
13405,5254,1.0000
13406,5254,1.0000
13407,5254,1.0000
13408,5254,1.0000
13409,5254,1.0000
13410,5254,1.0000
13411,5254,1.0000
13412,5254,1.0000
13413,5254,1.0000
13414,5254,1.0000
13415,5254,1.0000
13416,5254,1.0000
13417,5254,1.0000
13418,5254,1.0000
13419,5254,1.0000
13420,5254,1.0000
13421,5254,1.0000
13422,5254,1.0000
13423,5254,1.0000
13424,5254,1.0000
13425,5254,1.0000
13426,5254,1.0000
13427,5254,1.0000
13428,5254,.9667
13428,5222,.0333
13429,5222,.9455
13429,5254,.0545
13430,5222,1.0000
13431,5222,1.0000
13432,5222,1.0000
13433,5222,1.0000
13434,5222,1.0000
13435,5222,1.0000
13436,5222,1.0000
13437,5222,1.0000
13438,5222,1.0000
13439,5222,1.0000
13440,5222,1.0000
13441,5222,1.0000
13442,5222,1.0000
13443,5222,.8750
13443,5254,.1250
13444,5254,.8803
13444,5222,.1197
13445,5254,1.0000
13446,5254,1.0000
13447,5254,1.0000
13448,5254,1.0000
13449,5254,1.0000
13450,5254,1.0000
13451,5254,1.0000
13452,5254,.9000
13452,5222,.1000
13453,5222,.9692
13453,5254,.0308
13454,5222,.7851
13454,5254,.2149
13455,5254,.5152
13455,5222,.4848
13456,5222,1.0000
13457,5222,1.0000
13458,5222,1.0000
13459,5222,1.0000
13460,5222,1.0000
13461,5222,.6129
13461,5254,.3871
13462,5254,1.0000
13463,5254,1.0000
13464,5254,.9697
13464,5222,.0303
13465,5254,.1240
13465,5222,.8760
13466,5222,1.0000
13467,5222,1.0000
13468,5222,1.0000
13469,5222,1.0000
13470,5222,1.0000
13471,5222,1.0000
13472,5222,.9621
13472,5254,.0379
13473,5254,.0932
13473,5222,.9068
13474,5222,.9920
13474,5254,.0080
13475,5222,1.0000
13476,5222,1.0000
13477,5254,.1500
13477,5222,.8500
13478,5254,.5156
13478,5222,.4844
13479,5254,.7705
13479,5222,.2295
13480,5254,1.0000
13481,5254,1.0000
13482,5254,1.0000
13483,5254,1.0000
13484,5254,1.0000
13485,5254,.9512
13485,-999,.0488
13486,5254,.3120
13486,-999,.6880
13487,-999,.6557
13487,5254,.3443
13488,-999,.8320
13488,5254,.1680
13489,-999,.9680
13489,5254,.0320
13490,-999,1.0000
13491,-999,1.0000
13492,-999,1.0000
13493,-999,1.0000
13494,-999,1.0000
13495,-999,1.0000
13496,-999,1.0000
13497,-999,1.0000
13498,-999,1.0000
13499,-999,1.0000
13500,-999,1.0000
13501,-999,1.0000
13502,-999,1.0000
13503,-999,1.0000
13504,-999,1.0000
13505,-999,1.0000
13506,-999,1.0000
13507,-999,1.0000
13508,-999,1.0000
13509,-999,1.0000
13510,-999,1.0000
13511,-999,1.0000
13512,-999,1.0000
13513,-999,1.0000
13514,-999,1.0000
13515,-999,1.0000
13516,-999,1.0000
13517,-999,1.0000
13518,-999,1.0000
13519,-999,1.0000
13520,-999,1.0000
13521,-999,1.0000
13522,-999,1.0000
13523,-999,1.0000
13524,-999,1.0000
13525,-999,1.0000
13526,-999,.8359
13526,5277,.1641
13527,-999,.4065
13527,5277,.5935
13528,5277,1.0000
13529,5277,1.0000
13530,5277,1.0000
13531,5277,1.0000
13532,5277,1.0000
13533,5242,1.0000
13534,5242,1.0000
13535,5242,1.0000
13536,5242,1.0000
13537,5242,1.0000
13538,5242,1.0000
13539,5242,1.0000
13540,5242,1.0000
13541,5242,1.0000
13542,5242,1.0000
13543,5242,1.0000
13544,5242,1.0000
13545,5242,1.0000
13546,5242,1.0000
13547,5242,1.0000
13548,5242,1.0000
13549,5242,1.0000
13550,5242,1.0000
13551,5242,1.0000
13552,5242,1.0000
13553,5242,1.0000
13554,5242,1.0000
13555,5242,1.0000
13556,5242,1.0000
13557,5242,1.0000
13558,5242,.7120
13558,5254,.2880
13559,5242,.0480
13559,5254,.9520
13560,5254,1.0000
13561,5254,1.0000
13562,5254,1.0000
13563,5254,1.0000
13564,5254,1.0000
13565,5254,1.0000
13566,5254,1.0000
13567,5254,1.0000
13568,5254,1.0000
13569,5254,1.0000
13570,5254,1.0000
13571,5254,1.0000
13572,5254,1.0000
13573,5254,1.0000
13574,5254,1.0000
13575,5254,1.0000
13576,5254,1.0000
13577,5254,1.0000
13578,5254,1.0000
13579,5254,1.0000
13580,5254,1.0000
13581,5254,1.0000
13582,5254,1.0000
13583,5254,1.0000
13584,5254,1.0000
13585,5254,1.0000
13586,5254,1.0000
13587,5254,1.0000
13588,5254,1.0000
13589,5254,1.0000
13590,5254,1.0000
13591,5254,1.0000
13592,5254,1.0000
13593,5254,1.0000
13594,5254,.6693
13594,5222,.3307
13595,5254,.0603
13595,5222,.9397
13596,5222,1.0000
13597,5222,1.0000
13598,5222,.9750
13598,5254,.0250
13599,5254,.6480
13599,5222,.3520
13600,5254,1.0000
13601,5254,1.0000
13602,5254,1.0000
13603,5254,1.0000
13604,5254,1.0000
13605,5254,1.0000
13606,5254,1.0000
13607,5254,1.0000
13608,5254,1.0000
13609,5254,1.0000
13610,5254,1.0000
13611,5254,.9750
13611,5222,.0250
13612,5254,.9145
13612,5222,.0855
13613,5254,1.0000
13614,5254,1.0000
13615,5254,1.0000
13616,5254,1.0000
13617,5254,1.0000
13618,5254,1.0000
13619,5254,1.0000
13620,5254,1.0000
13621,5254,1.0000
13622,5254,.6288
13622,5222,.3712
13623,5254,.7438
13623,5222,.2562
13624,5254,1.0000
13625,5254,1.0000
13626,5254,1.0000
13627,5254,.6742
13627,5222,.3258
13628,5222,1.0000
13629,5222,1.0000
13630,5222,1.0000
13631,5222,1.0000
13632,5222,1.0000
13633,5222,1.0000
13634,5222,1.0000
13635,5222,1.0000
13636,5222,1.0000
13637,5222,1.0000
13638,5222,1.0000
13639,5222,1.0000
13640,5222,1.0000
13641,5222,1.0000
13642,5222,1.0000
13643,5222,.7273
13643,5254,.2727
13644,5254,.9773
13644,5222,.0227
13645,5254,1.0000
13646,5254,1.0000
13647,5254,1.0000
13648,5254,1.0000
13649,5254,1.0000
13650,5254,1.0000
13651,5254,.7559
13651,5222,.2441
13652,5222,1.0000
13653,5222,1.0000
13654,5222,1.0000
13655,5222,1.0000
13656,5222,1.0000
13657,5222,1.0000
13658,5222,1.0000
13659,5222,1.0000
13660,5222,.9545
13660,5254,.0455
13661,5254,.3178
13661,5222,.6822
13662,5254,.7177
13662,5222,.2823
13663,5254,1.0000
13664,5254,.7094
13664,5222,.2906
13665,5222,.9756
13665,5254,.0244
13666,5222,1.0000
13667,5222,1.0000
13668,5222,1.0000
13669,5222,1.0000
13670,5222,1.0000
13671,5222,1.0000
13672,5222,1.0000
13673,5222,1.0000
13674,5222,1.0000
13675,5222,1.0000
13676,5222,1.0000
13677,5222,1.0000
13678,5222,.8333
13678,5254,.1667
13679,5254,.9603
13679,5222,.0397
13680,5254,1.0000
13681,5254,1.0000
13682,5254,1.0000
13683,5254,1.0000
13684,5254,1.0000
13685,5254,.8689
13685,-999,.1311
13686,5254,.7742
13686,-999,.2258
13687,5254,.4724
13687,-999,.5276
13688,-999,1.0000
13689,-999,1.0000
13690,-999,1.0000
13691,-999,1.0000
13692,-999,1.0000
13693,-999,1.0000
13694,-999,1.0000
13695,-999,1.0000
13696,-999,1.0000
13697,-999,1.0000
13698,-999,1.0000
13699,-999,1.0000
13700,-999,1.0000
13701,-999,1.0000
13702,-999,1.0000
13703,-999,1.0000
13704,-999,1.0000
13705,-999,1.0000
13706,-999,1.0000
13707,-999,1.0000
13708,-999,1.0000
13709,-999,1.0000
13710,-999,1.0000
13711,-999,1.0000
13712,-999,1.0000
13713,-999,1.0000
13714,-999,1.0000
13715,-999,1.0000
13716,-999,1.0000
13717,-999,1.0000
13718,-999,1.0000
13719,-999,1.0000
13720,-999,1.0000
13721,-999,1.0000
13722,-999,1.0000
13723,-999,1.0000
13724,-999,1.0000
13725,5277,.3387
13725,-999,.6613
13726,5277,1.0000
13727,5277,1.0000
13728,5277,1.0000
13729,5277,1.0000
13730,5277,1.0000
13731,5277,1.0000
13732,5242,1.0000
13733,5242,1.0000
13734,5242,1.0000
13735,5242,1.0000
13736,5242,1.0000
13737,5242,1.0000
13738,5242,1.0000
13739,5242,1.0000
13740,5242,1.0000
13741,5242,1.0000
13742,5242,1.0000
13743,5242,1.0000
13744,5242,1.0000
13745,5242,.9120
13745,5675,.0880
13746,5242,.8468
13746,5675,.1532
13747,5242,.7967
13747,5675,.2033
13748,5242,.5238
13748,5675,.4762
13749,5242,.5082
13749,5675,.4918
13750,5242,1.0000
13751,5242,1.0000
13752,5242,1.0000
13753,5242,1.0000
13754,5242,1.0000
13755,5242,1.0000
13756,5242,1.0000
13757,5242,.3902
13757,5254,.6098
13758,5254,1.0000
13759,5254,1.0000
13760,5254,.8843
13760,5675,.1157
13761,5254,.6875
13761,5675,.3125
13762,5254,.5785
13762,5675,.4215
13763,5254,.6899
13763,5675,.3101
13764,5254,.9748
13764,5675,.0252
13765,5254,1.0000
13766,5254,1.0000
13767,5254,1.0000
13768,5254,1.0000
13769,5254,1.0000
13770,5254,1.0000
13771,5254,1.0000
13772,5254,1.0000
13773,5254,1.0000
13774,5254,1.0000
13775,5254,1.0000
13776,5254,1.0000
13777,5254,1.0000
13778,5254,1.0000
13779,5254,1.0000
13780,5254,1.0000
13781,5254,1.0000
13782,5254,1.0000
13783,5254,1.0000
13784,5254,1.0000
13785,5254,1.0000
13786,5254,.8640
13786,5222,.1360
13787,5254,.9587
13787,5222,.0413
13788,5254,1.0000
13789,5254,1.0000
13790,5254,1.0000
13791,5254,.9831
13791,5222,.0169
13792,5254,.4762
13792,5222,.5238
13793,5254,.0159
13793,5222,.9841
13794,5222,1.0000
13795,5222,1.0000
13796,5222,1.0000
13797,5222,1.0000
13798,5222,.9204
13798,5254,.0796
13799,5254,.9380
13799,5222,.0620
13800,5254,1.0000
13801,5254,1.0000
13802,5254,1.0000
13803,5254,1.0000
13804,5254,1.0000
13805,5254,1.0000
13806,5254,1.0000
13807,5254,1.0000
13808,5254,1.0000
13809,5254,.7273
13809,5222,.2727
13810,5254,.1742
13810,5222,.8258
13811,5222,.9487
13811,5254,.0513
13812,5254,.7083
13812,5222,.2917
13813,5254,1.0000
13814,5254,1.0000
13815,5254,1.0000
13816,5254,1.0000
13817,5254,1.0000
13818,5254,1.0000
13819,5254,1.0000
13820,5254,.9182
13820,5222,.0818
13821,5254,.0917
13821,5222,.9083
13822,5222,.1849
13822,5254,.8151
13823,5254,1.0000
13824,5254,.7769
13824,5222,.2231
13825,5254,.2879
13825,5222,.7121
13826,5254,.0082
13826,5222,.9918
13827,5222,1.0000
13828,5222,1.0000
13829,5222,1.0000
13830,5222,1.0000
13831,5222,1.0000
13832,5222,1.0000
13833,5222,1.0000
13834,5222,1.0000
13835,5222,1.0000
13836,5222,1.0000
13837,5222,1.0000
13838,5222,1.0000
13839,5222,1.0000
13840,5222,1.0000
13841,5222,1.0000
13842,5222,1.0000
13843,5222,.4500
13843,5254,.5500
13844,5254,1.0000
13845,5254,1.0000
13846,5254,1.0000
13847,5254,1.0000
13848,5254,1.0000
13849,5254,.8943
13849,5222,.1057
13850,5254,.2045
13850,5222,.7955
13851,5222,1.0000
13852,5222,1.0000
13853,5222,1.0000
13854,5222,1.0000
13855,5222,1.0000
13856,5222,1.0000
13857,5222,1.0000
13858,5222,1.0000
13859,5222,1.0000
13860,5222,1.0000
13861,5222,.8295
13861,5254,.1705
13862,5254,1.0000
13863,5254,1.0000
13864,5254,.6281
13864,5222,.3719
13865,5222,.9690
13865,5254,.0310
13866,5222,1.0000
13867,5222,1.0000
13868,5222,1.0000
13869,5222,1.0000
13870,5222,1.0000
13871,5222,1.0000
13872,5222,1.0000
13873,5222,1.0000
13874,5222,1.0000
13875,5222,1.0000
13876,5222,.8413
13876,5254,.1587
13877,5222,.0902
13877,5254,.9098
13878,5254,1.0000
13879,5254,1.0000
13880,5254,1.0000
13881,5254,1.0000
13882,5254,1.0000
13883,5254,.9590
13883,-999,.0410
13884,5254,.3871
13884,-999,.6129
13885,-999,.3750
13885,5254,.6250
13886,-999,.5085
13886,5254,.4915
13887,-999,.9538
13887,5254,.0462
13888,-999,1.0000
13889,-999,1.0000
13890,-999,1.0000
13891,-999,1.0000
13892,-999,1.0000
13893,-999,1.0000
13894,-999,1.0000
13895,-999,1.0000
13896,-999,1.0000
13897,-999,1.0000
13898,-999,1.0000
13899,-999,1.0000
13900,-999,1.0000
13901,-999,1.0000
13902,-999,1.0000
13903,-999,1.0000
13904,-999,1.0000
13905,-999,1.0000
13906,-999,1.0000
13907,-999,1.0000
13908,-999,1.0000
13909,-999,1.0000
13910,-999,1.0000
13911,-999,1.0000
13912,-999,1.0000
13913,-999,1.0000
13914,-999,1.0000
13915,-999,1.0000
13916,-999,1.0000
13917,-999,1.0000
13918,-999,1.0000
13919,-999,1.0000
13920,-999,1.0000
13921,-999,1.0000
13922,-999,1.0000
13923,-999,1.0000
13924,-999,.4919
13924,5277,.5081
13925,5277,1.0000
13926,5277,1.0000
13927,5277,1.0000
13928,5277,1.0000
13929,5277,1.0000
13930,5277,1.0000
13931,5242,1.0000
13932,5242,1.0000
13933,5242,1.0000
13934,5242,.9680
13934,5675,.0320
13935,5242,.7143
13935,5675,.2857
13936,5242,.6720
13936,5675,.3280
13937,5242,.5447
13937,5675,.4553
13938,5242,.4444
13938,5675,.5556
13939,5242,.3730
13939,5675,.6270
13940,5242,.3440
13940,5675,.6560
13941,5242,.3902
13941,5675,.6098
13942,5242,.3228
13942,5675,.6772
13943,5242,.1694
13943,5675,.8306
13944,5242,.0323
13944,5675,.9677
13945,5242,.0569
13945,5675,.9431
13946,5675,1.0000
13947,5675,1.0000
13948,5675,.5591
13948,5242,.4409
13949,5242,1.0000
13950,5242,1.0000
13951,5242,1.0000
13952,5242,1.0000
13953,5242,1.0000
13954,5242,1.0000
13955,5242,1.0000
13956,5242,.9360
13956,5254,.0640
13957,5254,.6098
13957,5242,.1951
13957,5675,.1951
13958,5254,.3760
13958,5675,.6240
13959,5254,.0397
13959,5675,.9603
13960,5675,1.0000
13961,5675,1.0000
13962,5675,1.0000
13963,5675,.7177
13963,5254,.2823
13964,5254,.7823
13964,5675,.2177
13965,5254,1.0000
13966,5254,1.0000
13967,5254,1.0000
13968,5254,1.0000
13969,5254,1.0000
13970,5254,1.0000
13971,5254,1.0000
13972,5254,1.0000
13973,5254,1.0000
13974,5254,1.0000
13975,5254,1.0000
13976,5254,1.0000
13977,5254,1.0000
13978,5254,1.0000
13979,5254,1.0000
13980,5254,1.0000
13981,5254,1.0000
13982,5254,1.0000
13983,5254,.9739
13983,5222,.0261
13984,5254,.5000
13984,5222,.5000
13985,5254,.0504
13985,5222,.9496
13986,5222,.7937
13986,5254,.2063
13987,5254,.8710
13987,5222,.1290
13988,5254,1.0000
13989,5254,.7787
13989,5222,.2213
13990,5254,.2344
13990,5222,.7656
13991,5222,1.0000
13992,5222,1.0000
13993,5222,1.0000
13994,5222,1.0000
13995,5222,1.0000
13996,5222,1.0000
13997,5222,.9545
13997,5254,.0455
13998,5222,.1709
13998,5254,.8291
13999,5254,1.0000
14000,5254,1.0000
14001,5254,1.0000
14002,5254,1.0000
14003,5254,1.0000
14004,5254,1.0000
14005,5254,1.0000
14006,5254,1.0000
14007,5254,.9189
14007,5222,.0811
14008,5254,.1760
14008,5222,.8240
14009,5222,1.0000
14010,5222,1.0000
14011,5222,.9394
14011,5254,.0606
14012,5254,.2542
14012,5222,.7458
14013,5254,.5167
14013,5222,.4833
14014,5254,.7143
14014,5222,.2857
14015,5254,.4318
14015,5222,.5682
14016,5254,.7190
14016,5222,.2810
14017,5254,1.0000
14018,5254,.9302
14018,5222,.0698
14019,5254,.2880
14019,5222,.7120
14020,5222,.6894
14020,5254,.3106
14021,5254,1.0000
14022,5254,.8333
14022,5222,.1667
14023,5254,.0909
14023,5222,.9091
14024,5222,1.0000
14025,5222,1.0000
14026,5222,1.0000
14027,5222,1.0000
14028,5222,1.0000
14029,5222,1.0000
14030,5222,1.0000
14031,5222,1.0000
14032,5222,1.0000
14033,5222,1.0000
14034,5222,1.0000
14035,5222,1.0000
14036,5222,1.0000
14037,5222,1.0000
14038,5222,1.0000
14039,5222,1.0000
14040,5222,1.0000
14041,5222,1.0000
14042,5222,.9545
14042,5254,.0455
14043,5254,.4320
14043,5222,.5680
14044,5254,.6047
14044,5222,.3953
14045,5254,.9545
14045,5222,.0455
14046,5254,.9008
14046,5222,.0992
14047,5254,.6667
14047,5222,.3333
14048,5254,.2500
14048,5222,.7500
14049,5222,1.0000
14050,5222,1.0000
14051,5222,1.0000
14052,5222,1.0000
14053,5222,1.0000
14054,5222,1.0000
14055,5222,1.0000
14056,5222,1.0000
14057,5222,1.0000
14058,5222,1.0000
14059,5222,1.0000
14060,5222,.9919
14060,5254,.0081
14061,5254,.8413
14061,5222,.1587
14062,5254,1.0000
14063,5254,.9435
14063,5222,.0565
14064,5222,.9487
14064,5254,.0513
14065,5222,1.0000
14066,5222,1.0000
14067,5222,1.0000
14068,5222,1.0000
14069,5222,1.0000
14070,5222,1.0000
14071,5222,1.0000
14072,5222,1.0000
14073,5222,1.0000
14074,5222,1.0000
14075,5222,.7419
14075,5254,.2581
14076,5254,1.0000
14077,5254,1.0000
14078,5254,1.0000
14079,5254,1.0000
14080,5254,1.0000
14081,5254,1.0000
14082,5254,.9839
14082,-999,.0161
14083,-999,.0236
14083,5254,.9764
14084,5254,1.0000
14085,5254,1.0000
14086,5254,.5372
14086,-999,.4628
14087,-999,.8984
14087,5254,.1016
14088,-999,.5537
14088,5254,.4463
14089,-999,.4016
14089,5254,.5984
14090,-999,1.0000
14091,-999,1.0000
14092,-999,1.0000
14093,-999,1.0000
14094,-999,1.0000
14095,-999,1.0000
14096,-999,1.0000
14097,-999,1.0000
14098,-999,1.0000
14099,-999,1.0000
14100,-999,1.0000
14101,-999,1.0000
14102,-999,1.0000
14103,-999,1.0000
14104,-999,1.0000
14105,-999,1.0000
14106,-999,1.0000
14107,-999,1.0000
14108,-999,1.0000
14109,-999,1.0000
14110,-999,1.0000
14111,-999,1.0000
14112,-999,1.0000
14113,-999,1.0000
14114,-999,1.0000
14115,-999,1.0000
14116,-999,1.0000
14117,-999,1.0000
14118,-999,1.0000
14119,-999,1.0000
14120,-999,1.0000
14121,-999,1.0000
14122,-999,1.0000
14123,-999,.7540
14123,5277,.2460
14124,5277,1.0000
14125,5277,1.0000
14126,5277,1.0000
14127,5277,1.0000
14128,5277,1.0000
14129,5277,1.0000
14130,5242,1.0000
14131,5242,1.0000
14132,5242,.9444
14132,5675,.0556
14133,5242,.1600
14133,5675,.8400
14134,5675,1.0000
14135,5675,1.0000
14136,5675,1.0000
14137,5675,1.0000
14138,5675,1.0000
14139,5675,1.0000
14140,5675,1.0000
14141,5675,1.0000
14142,5675,1.0000
14143,5675,1.0000
14144,5675,1.0000
14145,5675,1.0000
14146,5675,.8640
14146,5242,.1360
14147,5675,.0400
14147,5242,.9600
14148,5242,1.0000
14149,5242,1.0000
14150,5242,1.0000
14151,5242,1.0000
14152,5242,1.0000
14153,5242,1.0000
14154,5242,.9360
14154,5675,.0640
14155,5242,.4365
14155,5675,.5635
14156,5242,.0397
14156,5675,.9603
14157,5675,1.0000
14158,5675,1.0000
14159,5675,1.0000
14160,5675,1.0000
14161,5675,1.0000
14162,5675,1.0000
14163,5675,.9421
14163,5254,.0579
14164,5254,.4844
14164,5675,.5156
14165,5254,.9512
14165,5675,.0488
14166,5254,1.0000
14167,5254,1.0000
14168,5254,1.0000
14169,5254,1.0000
14170,5254,1.0000
14171,5254,1.0000
14172,5254,1.0000
14173,5254,1.0000
14174,5254,1.0000
14175,5254,1.0000
14176,5254,1.0000
14177,5254,1.0000
14178,5254,1.0000
14179,5254,1.0000
14180,5254,1.0000
14181,5254,.9669
14181,5222,.0331
14182,5254,.4231
14182,5222,.5769
14183,5222,1.0000
14184,5222,1.0000
14185,5222,1.0000
14186,5222,.9032
14186,5254,.0968
14187,5254,.2248
14187,5222,.7752
14188,5254,.0336
14188,5222,.9664
14189,5222,1.0000
14190,5222,1.0000
14191,5222,1.0000
14192,5222,1.0000
14193,5222,1.0000
14194,5222,1.0000
14195,5222,.9412
14195,5254,.0588
14196,5222,.2692
14196,5254,.7308
14197,5254,1.0000
14198,5254,1.0000
14199,5254,1.0000
14200,5254,1.0000
14201,5254,1.0000
14202,5254,1.0000
14203,5254,1.0000
14204,5254,1.0000
14205,5254,1.0000
14206,5254,.3636
14206,5222,.6364
14207,5222,1.0000
14208,5222,1.0000
14209,5222,1.0000
14210,5222,1.0000
14211,5222,1.0000
14212,5222,1.0000
14213,5222,1.0000
14214,5222,1.0000
14215,5222,.5909
14215,5254,.4091
14216,5254,1.0000
14217,5254,.5289
14217,5222,.4711
14218,5222,1.0000
14219,5222,.4167
14219,5254,.5833
14220,5254,.9672
14220,5222,.0328
14221,5254,.2348
14221,5222,.7652
14222,5222,1.0000
14223,5222,1.0000
14224,5222,1.0000
14225,5222,1.0000
14226,5222,1.0000
14227,5222,1.0000
14228,5222,1.0000
14229,5222,1.0000
14230,5222,1.0000
14231,5222,1.0000
14232,5222,1.0000
14233,5222,1.0000
14234,5222,1.0000
14235,5222,1.0000
14236,5222,1.0000
14237,5222,1.0000
14238,5222,1.0000
14239,5222,1.0000
14240,5222,1.0000
14241,5222,1.0000
14242,5222,1.0000
14243,5222,1.0000
14244,5222,.8413
14244,5254,.1587
14245,5254,.1455
14245,5222,.8545
14246,5222,1.0000
14247,5222,1.0000
14248,5222,1.0000
14249,5222,1.0000
14250,5222,1.0000
14251,5222,1.0000
14252,5222,1.0000
14253,5222,1.0000
14254,5222,1.0000
14255,5222,1.0000
14256,5222,1.0000
14257,5222,1.0000
14258,5222,1.0000
14259,5222,1.0000
14260,5222,.6212
14260,5254,.3788
14261,5254,.9823
14261,5222,.0177
14262,5254,.9921
14262,5222,.0079
14263,5222,.5161
14263,5254,.4839
14264,5222,.9846
14264,5254,.0154
14265,5222,1.0000
14266,5222,1.0000
14267,5222,1.0000
14268,5222,1.0000
14269,5222,1.0000
14270,5222,1.0000
14271,5222,1.0000
14272,5222,1.0000
14273,5222,1.0000
14274,5222,.9675
14274,5254,.0325
14275,5254,.8689
14275,5222,.1311
14276,5254,1.0000
14277,5254,1.0000
14278,5254,1.0000
14279,5254,1.0000
14280,5254,1.0000
14281,5254,1.0000
14282,5254,1.0000
14283,5254,1.0000
14284,5254,1.0000
14285,5254,.7097
14285,-999,.2903
14286,-999,1.0000
14287,-999,.9839
14287,5254,.0161
14288,5254,.0800
14288,-999,.9200
14289,-999,1.0000
14290,-999,1.0000
14291,-999,1.0000
14292,-999,1.0000
14293,-999,1.0000
14294,-999,1.0000
14295,-999,1.0000
14296,-999,1.0000
14297,-999,1.0000
14298,-999,1.0000
14299,-999,1.0000
14300,-999,1.0000
14301,-999,1.0000
14302,-999,1.0000
14303,-999,1.0000
14304,-999,1.0000
14305,-999,1.0000
14306,-999,1.0000
14307,-999,1.0000
14308,-999,1.0000
14309,-999,1.0000
14310,-999,1.0000
14311,-999,1.0000
14312,-999,1.0000
14313,-999,1.0000
14314,-999,1.0000
14315,-999,1.0000
14316,-999,1.0000
14317,-999,1.0000
14318,-999,1.0000
14319,-999,1.0000
14320,-999,1.0000
14321,-999,1.0000
14322,-999,.9758
14322,5277,.0242
14323,5277,.8413
14323,-999,.1587
14324,5277,1.0000
14325,5277,1.0000
14326,5277,1.0000
14327,5277,1.0000
14328,5277,1.0000
14329,5242,.8095
14329,5675,.1905
14330,5242,1.0000
14331,5242,.6320
14331,5675,.3680
14332,5675,1.0000
14333,5675,1.0000
14334,5675,1.0000
14335,5675,1.0000
14336,5675,1.0000
14337,5675,1.0000
14338,5675,1.0000
14339,5675,1.0000
14340,5675,1.0000
14341,5675,1.0000
14342,5675,1.0000
14343,5675,1.0000
14344,5675,1.0000
14345,5675,.9609
14345,5242,.0391
14346,5242,.2623
14346,5675,.7377
14347,5242,.2441
14347,5675,.7559
14348,5242,.3306
14348,5675,.6694
14349,5242,.7520
14349,5675,.2480
14350,5242,.8145
14350,5675,.1855
14351,5242,.6160
14351,5675,.3840
14352,5242,.4065
14352,5675,.5935
14353,5242,.0787
14353,5675,.9213
14354,5675,1.0000
14355,5675,1.0000
14356,5675,1.0000
14357,5675,1.0000
14358,5675,1.0000
14359,5675,1.0000
14360,5675,1.0000
14361,5675,1.0000
14362,5675,1.0000
14363,5675,1.0000
14364,5675,.8889
14364,5254,.1111
14365,5254,.5610
14365,5675,.4390
14366,5254,.9600
14366,5675,.0400
14367,5254,1.0000
14368,5254,1.0000
14369,5254,1.0000
14370,5254,1.0000
14371,5254,1.0000
14372,5254,1.0000
14373,5254,1.0000
14374,5254,1.0000
14375,5254,1.0000
14376,5254,1.0000
14377,5254,1.0000
14378,5254,1.0000
14379,5254,.9431
14379,5222,.0569
14380,5254,.3040
14380,5222,.6960
14381,5222,1.0000
14382,5222,1.0000
14383,5222,1.0000
14384,5222,1.0000
14385,5222,1.0000
14386,5222,1.0000
14387,5222,1.0000
14388,5222,1.0000
14389,5222,1.0000
14390,5222,1.0000
14391,5222,1.0000
14392,5222,1.0000
14393,5222,1.0000
14394,5222,.6183
14394,5254,.3817
14395,5254,1.0000
14396,5254,1.0000
14397,5254,.9839
14397,5222,.0161
14398,5254,1.0000
14399,5254,1.0000
14400,5254,1.0000
14401,5254,1.0000
14402,5254,1.0000
14403,5254,1.0000
14404,5254,.9397
14404,5222,.0603
14405,5254,.0611
14405,5222,.9389
14406,5222,1.0000
14407,5222,1.0000
14408,5222,1.0000
14409,5222,1.0000
14410,5222,1.0000
14411,5222,1.0000
14412,5222,1.0000
14413,5222,1.0000
14414,5222,.9008
14414,5254,.0992
14415,5254,.9449
14415,5222,.0551
14416,5254,.4000
14416,5222,.6000
14417,5222,1.0000
14418,5222,.4474
14418,5254,.5526
14419,5254,.3939
14419,5222,.6061
14420,5222,1.0000
14421,5222,1.0000
14422,5222,1.0000
14423,5222,1.0000
14424,5222,1.0000
14425,5222,1.0000
14426,5222,1.0000
14427,5222,1.0000
14428,5222,1.0000
14429,5222,1.0000
14430,5222,1.0000
14431,5222,1.0000
14432,5222,1.0000
14433,5222,1.0000
14434,5222,1.0000
14435,5222,1.0000
14436,5222,1.0000
14437,5222,1.0000
14438,5222,1.0000
14439,5222,1.0000
14440,5222,1.0000
14441,5222,1.0000
14442,5222,1.0000
14443,5222,1.0000
14444,5222,1.0000
14445,5222,1.0000
14446,5222,1.0000
14447,5222,1.0000
14448,5222,1.0000
14449,5222,1.0000
14450,5222,1.0000
14451,5222,1.0000
14452,5222,1.0000
14453,5222,1.0000
14454,5222,1.0000
14455,5222,1.0000
14456,5222,1.0000
14457,5222,1.0000
14458,5222,1.0000
14459,5222,1.0000
14460,5254,.4409
14460,5222,.5591
14461,5254,.9760
14461,5222,.0240
14462,5254,1.0000
14463,5254,.7455
14463,5222,.2545
14464,5222,.8168
14464,5254,.1832
14465,5222,1.0000
14466,5222,1.0000
14467,5222,1.0000
14468,5222,1.0000
14469,5222,1.0000
14470,5222,1.0000
14471,5222,1.0000
14472,5222,1.0000
14473,5222,1.0000
14474,5222,.8346
14474,5254,.1654
14475,5254,.9339
14475,5222,.0661
14476,5254,1.0000
14477,5254,1.0000
14478,5254,1.0000
14479,5254,1.0000
14480,5254,1.0000
14481,5254,1.0000
14482,5254,1.0000
14483,5254,1.0000
14484,5254,.8661
14484,-999,.1339
14485,-999,.9431
14485,5254,.0569
14486,-999,.9920
14486,5254,.0080
14487,-999,.6587
14487,5254,.3413
14488,-999,.9024
14488,5254,.0976
14489,-999,.9365
14489,5254,.0635
14490,-999,.6098
14490,5254,.3902
14491,-999,1.0000
14492,-999,1.0000
14493,-999,1.0000
14494,-999,1.0000
14495,-999,1.0000
14496,-999,1.0000
14497,-999,1.0000
14498,-999,1.0000
14499,-999,1.0000
14500,-999,1.0000
14501,-999,1.0000
14502,-999,1.0000
14503,-999,1.0000
14504,-999,1.0000
14505,-999,1.0000
14506,-999,1.0000
14507,-999,1.0000
14508,-999,1.0000
14509,-999,1.0000
14510,-999,1.0000
14511,-999,1.0000
14512,-999,1.0000
14513,-999,1.0000
14514,-999,1.0000
14515,-999,1.0000
14516,-999,1.0000
14517,-999,1.0000
14518,-999,1.0000
14519,-999,1.0000
14520,-999,1.0000
14521,-999,.9840
14521,5277,.0160
14522,5277,.8952
14522,-999,.1048
14523,5277,1.0000
14524,5277,1.0000
14525,5277,1.0000
14526,5277,1.0000
14527,5277,1.0000
14528,5675,.5360
14528,5242,.4640
14529,5242,.9919
14529,5675,.0081
14530,5242,.3280
14530,5675,.6720
14531,5675,1.0000
14532,5675,1.0000
14533,5675,1.0000
14534,5675,1.0000
14535,5675,1.0000
14536,5675,1.0000
14537,5675,1.0000
14538,5675,1.0000
14539,5675,1.0000
14540,5675,1.0000
14541,5675,1.0000
14542,5675,1.0000
14543,5675,1.0000
14544,5675,1.0000
14545,5675,1.0000
14546,5675,1.0000
14547,5675,1.0000
14548,5675,1.0000
14549,5675,1.0000
14550,5675,1.0000
14551,5675,1.0000
14552,5675,1.0000
14553,5675,1.0000
14554,5675,1.0000
14555,5675,1.0000
14556,5675,1.0000
14557,5675,1.0000
14558,5675,1.0000
14559,5675,1.0000
14560,5675,1.0000
14561,5675,1.0000
14562,5675,1.0000
14563,5675,1.0000
14564,5675,1.0000
14565,5675,.7480
14565,5254,.2520
14566,5254,.8083
14566,5675,.1917
14567,5254,1.0000
14568,5254,1.0000
14569,5254,1.0000
14570,5254,1.0000
14571,5254,1.0000
14572,5254,1.0000
14573,5254,1.0000
14574,5254,1.0000
14575,5254,1.0000
14576,5254,1.0000
14577,5254,.8814
14577,5222,.1186
14578,5254,.2403
14578,5222,.7597
14579,5222,1.0000
14580,5222,1.0000
14581,5222,1.0000
14582,5222,1.0000
14583,5222,1.0000
14584,5222,1.0000
14585,5222,1.0000
14586,5222,1.0000
14587,5222,1.0000
14588,5222,1.0000
14589,5222,1.0000
14590,5222,1.0000
14591,5222,1.0000
14592,5222,1.0000
14593,5222,.6371
14593,5254,.3629
14594,5254,.7385
14594,5222,.2615
14595,5254,.2066
14595,5222,.7934
14596,5254,.1736
14596,5222,.8264
14597,5254,.7879
14597,5222,.2121
14598,5254,1.0000
14599,5254,.9675
14599,5222,.0325
14600,5254,.7167
14600,5222,.2833
14601,5254,1.0000
14602,5254,1.0000
14603,5254,.6949
14603,5222,.3051
14604,5222,1.0000
14605,5222,1.0000
14606,5222,1.0000
14607,5222,1.0000
14608,5222,1.0000
14609,5222,1.0000
14610,5222,1.0000
14611,5222,1.0000
14612,5222,1.0000
14613,5222,1.0000
14614,5222,.3258
14614,5254,.6742
14615,5254,.3554
14615,5222,.6446
14616,5222,1.0000
14617,5222,.9832
14617,5254,.0168
14618,5222,1.0000
14619,5222,1.0000
14620,5222,1.0000
14621,5222,1.0000
14622,5222,1.0000
14623,5222,1.0000
14624,5222,1.0000
14625,5222,1.0000
14626,5222,1.0000
14627,5222,1.0000
14628,5222,1.0000
14629,5222,1.0000
14630,5222,1.0000
14631,5222,1.0000
14632,5222,1.0000
14633,5222,1.0000
14634,5222,1.0000
14635,5222,1.0000
14636,5222,1.0000
14637,5222,1.0000
14638,5222,1.0000
14639,5222,1.0000
14640,5222,1.0000
14641,5222,1.0000
14642,5222,1.0000
14643,5222,1.0000
14644,5222,1.0000
14645,5222,1.0000
14646,5222,1.0000
14647,5222,1.0000
14648,5222,1.0000
14649,5222,1.0000
14650,5222,1.0000
14651,5222,1.0000
14652,5222,1.0000
14653,5222,1.0000
14654,5222,1.0000
14655,5222,1.0000
14656,5222,1.0000
14657,5222,1.0000
14658,5222,1.0000
14659,5222,1.0000
14660,5222,.7521
14660,5254,.2479
14661,5254,.9256
14661,5222,.0744
14662,5254,1.0000
14663,5254,.9113
14663,5222,.0887
14664,5222,.9200
14664,5254,.0800
14665,5222,1.0000
14666,5222,1.0000
14667,5222,1.0000
14668,5222,1.0000
14669,5222,1.0000
14670,5222,1.0000
14671,5222,1.0000
14672,5222,1.0000
14673,5222,1.0000
14674,5254,.4836
14674,5222,.5164
14675,5254,1.0000
14676,5254,1.0000
14677,5254,.9516
14677,5222,.0484
14678,5254,.9767
14678,5222,.0233
14679,5254,1.0000
14680,5254,1.0000
14681,5254,1.0000
14682,5254,1.0000
14683,5254,1.0000
14684,-999,.2195
14684,5254,.7805
14685,-999,.2109
14685,5254,.7891
14686,5254,1.0000
14687,5254,.7863
14687,-999,.2137
14688,-999,.9076
14688,5254,.0924
14689,-999,.4884
14689,5254,.5116
14690,-999,.7667
14690,5254,.2333
14691,-999,1.0000
14692,-999,1.0000
14693,-999,1.0000
14694,-999,1.0000
14695,-999,1.0000
14696,-999,1.0000
14697,-999,1.0000
14698,-999,1.0000
14699,-999,1.0000
14700,-999,1.0000
14701,-999,1.0000
14702,-999,1.0000
14703,-999,1.0000
14704,-999,1.0000
14705,-999,1.0000
14706,-999,1.0000
14707,-999,1.0000
14708,-999,1.0000
14709,-999,1.0000
14710,-999,1.0000
14711,-999,1.0000
14712,-999,1.0000
14713,-999,1.0000
14714,-999,1.0000
14715,-999,1.0000
14716,-999,1.0000
14717,-999,1.0000
14718,-999,1.0000
14719,-999,1.0000
14720,-999,.8110
14720,5277,.1890
14721,5277,.9840
14721,-999,.0160
14722,5277,1.0000
14723,5277,1.0000
14724,5277,1.0000
14725,5277,1.0000
14726,5277,1.0000
14727,5675,.7581
14727,5242,.2419
14728,5242,.5635
14728,5675,.4365
14729,5675,1.0000
14730,5675,1.0000
14731,5675,1.0000
14732,5675,1.0000
14733,5675,1.0000
14734,5675,1.0000
14735,5675,1.0000
14736,5675,1.0000
14737,5675,1.0000
14738,5675,1.0000
14739,5675,1.0000
14740,5675,1.0000
14741,5675,1.0000
14742,5675,1.0000
14743,5675,1.0000
14744,5675,1.0000
14745,5675,1.0000
14746,5675,1.0000
14747,5675,1.0000
14748,5675,1.0000
14749,5675,1.0000
14750,5675,1.0000
14751,5675,1.0000
14752,5675,1.0000
14753,5675,1.0000
14754,5675,1.0000
14755,5675,1.0000
14756,5675,1.0000
14757,5675,1.0000
14758,5675,1.0000
14759,5675,1.0000
14760,5675,1.0000
14761,5675,1.0000
14762,5675,1.0000
14763,5675,1.0000
14764,5675,1.0000
14765,5675,.9141
14765,5254,.0859
14766,5254,.8430
14766,5675,.1570
14767,5254,1.0000
14768,5254,1.0000
14769,5254,1.0000
14770,5254,1.0000
14771,5254,1.0000
14772,5254,1.0000
14773,5254,1.0000
14774,5254,1.0000
14775,5254,.6325
14775,5222,.3675
14776,5254,.0985
14776,5222,.9015
14777,5222,1.0000
14778,5222,1.0000
14779,5222,1.0000
14780,5222,1.0000
14781,5222,1.0000
14782,5222,1.0000
14783,5222,1.0000
14784,5222,1.0000
14785,5222,1.0000
14786,5222,1.0000
14787,5222,1.0000
14788,5222,1.0000
14789,5222,1.0000
14790,5222,1.0000
14791,5222,1.0000
14792,5222,1.0000
14793,5222,1.0000
14794,5222,1.0000
14795,5222,1.0000
14796,5222,.9160
14796,5254,.0840
14797,5254,.5969
14797,5222,.4031
14798,5254,.5606
14798,5222,.4394
14799,5222,.7586
14799,5254,.2414
14800,5254,.9918
14800,5222,.0082
14801,5254,.9344
14801,5222,.0656
14802,5254,.2273
14802,5222,.7727
14803,5222,1.0000
14804,5222,1.0000
14805,5222,1.0000
14806,5222,1.0000
14807,5222,1.0000
14808,5222,1.0000
14809,5222,1.0000
14810,5222,1.0000
14811,5222,1.0000
14812,5222,1.0000
14813,5222,.6984
14813,5254,.3016
14814,5254,.3047
14814,5222,.6953
14815,5222,1.0000
14816,5222,1.0000
14817,5222,1.0000
14818,5222,1.0000
14819,5222,1.0000
14820,5222,1.0000
14821,5222,1.0000
14822,5222,1.0000
14823,5222,1.0000
14824,5222,1.0000
14825,5222,1.0000
14826,5222,1.0000
14827,5222,1.0000
14828,5222,1.0000
14829,5222,1.0000
14830,5222,1.0000
14831,5222,1.0000
14832,5222,1.0000
14833,5222,1.0000
14834,5222,1.0000
14835,5222,1.0000
14836,5222,1.0000
14837,5222,1.0000
14838,5222,1.0000
14839,5222,1.0000
14840,5222,1.0000
14841,5222,1.0000
14842,5222,1.0000
14843,5222,1.0000
14844,5222,1.0000
14845,5222,1.0000
14846,5222,1.0000
14847,5222,1.0000
14848,5222,1.0000
14849,5222,1.0000
14850,5222,1.0000
14851,5222,1.0000
14852,5222,1.0000
14853,5222,1.0000
14854,5222,1.0000
14855,5222,1.0000
14856,5222,1.0000
14857,5222,1.0000
14858,5222,1.0000
14859,5222,1.0000
14860,5222,.7190
14860,5254,.2810
14861,5254,.9091
14861,5222,.0909
14862,5254,.9492
14862,5222,.0508
14863,5222,.8468
14863,5254,.1532
14864,5222,1.0000
14865,5222,1.0000
14866,5222,1.0000
14867,5222,1.0000
14868,5222,1.0000
14869,5222,1.0000
14870,5222,1.0000
14871,5222,1.0000
14872,5222,1.0000
14873,5222,.9773
14873,5254,.0227
14874,5254,.3445
14874,5222,.6555
14875,5254,.2698
14875,5222,.7302
14876,5254,.0465
14876,5222,.9535
14877,5254,.1810
14877,5222,.8190
14878,5254,.7121
14878,5222,.2879
14879,5254,.8034
14879,5222,.1966
14880,5254,.4884
14880,5222,.5116
14881,5254,.6855
14881,5222,.3145
14882,5254,1.0000
14883,5254,1.0000
14884,5254,1.0000
14885,5254,1.0000
14886,5254,1.0000
14887,5254,.2977
14887,-999,.5344
14887,5222,.1679
14888,5254,.5537
14888,-999,.4132
14888,5222,.0331
14889,5254,.4687
14889,-999,.5312
14890,-999,1.0000
14891,-999,1.0000
14892,-999,1.0000
14893,-999,1.0000
14894,-999,1.0000
14895,-999,1.0000
14896,-999,1.0000
14897,-999,1.0000
14898,-999,1.0000
14899,-999,1.0000
14900,-999,1.0000
14901,-999,1.0000
14902,-999,1.0000
14903,-999,1.0000
14904,-999,1.0000
14905,-999,1.0000
14906,-999,1.0000
14907,-999,1.0000
14908,-999,1.0000
14909,-999,1.0000
14910,-999,1.0000
14911,-999,1.0000
14912,-999,1.0000
14913,-999,1.0000
14914,-999,1.0000
14915,-999,1.0000
14916,-999,1.0000
14917,-999,1.0000
14918,-999,1.0000
14919,5277,.4228
14919,-999,.5772
14920,5277,1.0000
14921,5277,1.0000
14922,5277,1.0000
14923,5277,1.0000
14924,5277,1.0000
14925,5277,1.0000
14926,5675,1.0000
14927,5675,1.0000
14928,5675,1.0000
14929,5675,1.0000
14930,5675,1.0000
14931,5675,1.0000
14932,5675,1.0000
14933,5675,1.0000
14934,5675,1.0000
14935,5675,1.0000
14936,5675,1.0000
14937,5675,1.0000
14938,5675,1.0000
14939,5675,1.0000
14940,5675,1.0000
14941,5675,1.0000
14942,5675,1.0000
14943,5675,1.0000
14944,5675,1.0000
14945,5675,1.0000
14946,5675,1.0000
14947,5675,1.0000
14948,5675,1.0000
14949,5675,1.0000
14950,5675,1.0000
14951,5675,1.0000
14952,5675,1.0000
14953,5675,1.0000
14954,5675,1.0000
14955,5675,1.0000
14956,5675,1.0000
14957,5675,1.0000
14958,5675,1.0000
14959,5675,1.0000
14960,5675,1.0000
14961,5675,1.0000
14962,5675,1.0000
14963,5675,.9187
14963,5254,.0813
14964,5675,.5680
14964,5254,.4320
14965,5675,.0476
14965,5254,.9524
14966,5254,1.0000
14967,5254,1.0000
14968,5254,1.0000
14969,5254,1.0000
14970,5254,1.0000
14971,5254,1.0000
14972,5254,.8699
14972,5222,.1301
14973,5254,.3440
14973,5222,.6560
14974,5254,.0078
14974,5222,.9922
14975,5222,1.0000
14976,5222,1.0000
14977,5222,1.0000
14978,5222,1.0000
14979,5222,1.0000
14980,5222,1.0000
14981,5222,1.0000
14982,5222,1.0000
14983,5222,1.0000
14984,5222,1.0000
14985,5222,1.0000
14986,5222,1.0000
14987,5222,1.0000
14988,5222,1.0000
14989,5222,1.0000
14990,5222,1.0000
14991,5222,1.0000
14992,5222,1.0000
14993,5222,1.0000
14994,5222,1.0000
14995,5222,1.0000
14996,5222,1.0000
14997,5222,1.0000
14998,5222,1.0000
14999,5222,.7154
14999,5254,.2846
15000,5254,.1964
15000,5222,.8036
15001,5222,1.0000
15002,5222,1.0000
15003,5222,1.0000
15004,5222,1.0000
15005,5222,1.0000
15006,5222,1.0000
15007,5222,1.0000
15008,5222,1.0000
15009,5222,1.0000
15010,5222,1.0000
15011,5222,1.0000
15012,5222,1.0000
15013,5222,1.0000
15014,5222,1.0000
15015,5222,1.0000
15016,5222,1.0000
15017,5222,1.0000
15018,5222,1.0000
15019,5222,1.0000
15020,5222,1.0000
15021,5222,1.0000
15022,5222,1.0000
15023,5222,1.0000
15024,5222,1.0000
15025,5222,1.0000
15026,5222,1.0000
15027,5222,1.0000
15028,5222,1.0000
15029,5222,1.0000
15030,5222,1.0000
15031,5222,1.0000
15032,5222,1.0000
15033,5222,1.0000
15034,5222,1.0000
15035,5222,1.0000
15036,5222,1.0000
15037,5222,1.0000
15038,5222,1.0000
15039,5222,1.0000
15040,5222,1.0000
15041,5222,1.0000
15042,5222,1.0000
15043,5222,1.0000
15044,5222,1.0000
15045,5222,1.0000
15046,5222,1.0000
15047,5222,1.0000
15048,5222,1.0000
15049,5222,1.0000
15050,5222,1.0000
15051,5222,1.0000
15052,5222,1.0000
15053,5222,1.0000
15054,5222,1.0000
15055,5222,1.0000
15056,5222,1.0000
15057,5222,1.0000
15058,5222,1.0000
15059,5222,1.0000
15060,5222,.9211
15060,5254,.0789
15061,5254,.0615
15061,5222,.9385
15062,5222,1.0000
15063,5222,1.0000
15064,5222,1.0000
15065,5222,1.0000
15066,5222,1.0000
15067,5222,1.0000
15068,5222,1.0000
15069,5222,1.0000
15070,5222,1.0000
15071,5222,1.0000
15072,5222,1.0000
15073,5222,1.0000
15074,5222,1.0000
15075,5222,1.0000
15076,5222,1.0000
15077,5222,1.0000
15078,5222,1.0000
15079,5222,1.0000
15080,5254,.0813
15080,5222,.9187
15081,5254,.7969
15081,5222,.2031
15082,5254,.9748
15082,5222,.0252
15083,5254,.7786
15083,5222,.2214
15084,5254,.7563
15084,5222,.2437
15085,5254,.6462
15085,5222,.3538
15086,5254,.0083
15086,5222,.9835
15086,-999,.0083
15087,-999,.2460
15087,5222,.7540
15088,-999,.7600
15088,5222,.2400
15089,-999,1.0000
15090,-999,1.0000
15091,-999,1.0000
15092,-999,1.0000
15093,-999,1.0000
15094,-999,1.0000
15095,-999,1.0000
15096,-999,1.0000
15097,-999,1.0000
15098,-999,1.0000
15099,-999,1.0000
15100,-999,1.0000
15101,-999,1.0000
15102,-999,1.0000
15103,-999,1.0000
15104,-999,1.0000
15105,-999,1.0000
15106,-999,1.0000
15107,-999,1.0000
15108,-999,1.0000
15109,-999,1.0000
15110,-999,1.0000
15111,-999,1.0000
15112,-999,1.0000
15113,-999,1.0000
15114,-999,1.0000
15115,-999,1.0000
15116,-999,1.0000
15117,-999,1.0000
15118,-999,.7360
15118,5277,.2640
15119,5277,.9840
15119,-999,.0160
15120,5277,1.0000
15121,5277,1.0000
15122,5277,1.0000
15123,5277,1.0000
15124,5277,1.0000
15125,5675,1.0000
15126,5675,1.0000
15127,5675,1.0000
15128,5675,1.0000
15129,5675,1.0000
15130,5675,1.0000
15131,5675,1.0000
15132,5675,1.0000
15133,5675,1.0000
15134,5675,1.0000
15135,5675,1.0000
15136,5675,1.0000
15137,5675,1.0000
15138,5675,1.0000
15139,5675,1.0000
15140,5675,1.0000
15141,5675,1.0000
15142,5675,1.0000
15143,5675,1.0000
15144,5675,1.0000
15145,5675,1.0000
15146,5675,1.0000
15147,5675,1.0000
15148,5675,1.0000
15149,5675,1.0000
15150,5675,1.0000
15151,5675,1.0000
15152,5675,1.0000
15153,5675,1.0000
15154,5675,1.0000
15155,5675,1.0000
15156,5675,1.0000
15157,5675,1.0000
15158,5675,1.0000
15159,5675,1.0000
15160,5675,1.0000
15161,5675,.8167
15161,5254,.1833
15162,5675,.0534
15162,5254,.9466
15163,5254,1.0000
15164,5254,.9843
15164,5222,.0157
15165,5254,.6532
15165,5222,.3468
15166,5254,.7360
15166,5222,.2640
15167,5254,1.0000
15168,5254,.9593
15168,5222,.0407
15169,5254,.7778
15169,5222,.2222
15170,5254,.3871
15170,5222,.6129
15171,5254,.0476
15171,5222,.9524
15172,5222,1.0000
15173,5222,1.0000
15174,5222,1.0000
15175,5222,1.0000
15176,5222,1.0000
15177,5222,1.0000
15178,5222,1.0000
15179,5222,1.0000
15180,5222,1.0000
15181,5222,1.0000
15182,5222,1.0000
15183,5222,1.0000
15184,5222,1.0000
15185,5222,1.0000
15186,5222,1.0000
15187,5222,1.0000
15188,5222,1.0000
15189,5222,1.0000
15190,5222,1.0000
15191,5222,1.0000
15192,5222,1.0000
15193,5222,1.0000
15194,5222,1.0000
15195,5222,1.0000
15196,5222,1.0000
15197,5222,1.0000
15198,5222,1.0000
15199,5222,1.0000
15200,5222,1.0000
15201,5222,1.0000
15202,5222,1.0000
15203,5222,1.0000
15204,5222,1.0000
15205,5222,1.0000
15206,5222,1.0000
15207,5222,1.0000
15208,5222,1.0000
15209,5222,1.0000
15210,5222,1.0000
15211,5222,1.0000
15212,5222,1.0000
15213,5222,1.0000
15214,5222,1.0000
15215,5222,1.0000
15216,5222,1.0000
15217,5222,1.0000
15218,5222,1.0000
15219,5222,1.0000
15220,5222,1.0000
15221,5222,1.0000
15222,5222,1.0000
15223,5222,1.0000
15224,5222,1.0000
15225,5222,1.0000
15226,5222,1.0000
15227,5222,1.0000
15228,5222,1.0000
15229,5222,1.0000
15230,5222,1.0000
15231,5222,1.0000
15232,5222,1.0000
15233,5222,1.0000
15234,5222,1.0000
15235,5222,1.0000
15236,5222,1.0000
15237,5222,1.0000
15238,5222,1.0000
15239,5222,1.0000
15240,5222,1.0000
15241,5222,1.0000
15242,5222,1.0000
15243,5222,1.0000
15244,5222,1.0000
15245,5222,1.0000
15246,5222,1.0000
15247,5222,1.0000
15248,5222,1.0000
15249,5222,1.0000
15250,5222,1.0000
15251,5222,1.0000
15252,5222,1.0000
15253,5222,1.0000
15254,5222,1.0000
15255,5222,1.0000
15256,5222,1.0000
15257,5222,1.0000
15258,5222,1.0000
15259,5222,1.0000
15260,5222,1.0000
15261,5222,1.0000
15262,5222,1.0000
15263,5222,1.0000
15264,5222,1.0000
15265,5222,1.0000
15266,5222,1.0000
15267,5222,1.0000
15268,5222,1.0000
15269,5222,1.0000
15270,5222,1.0000
15271,5222,1.0000
15272,5222,1.0000
15273,5222,1.0000
15274,5222,1.0000
15275,5222,1.0000
15276,5222,1.0000
15277,5222,1.0000
15278,5222,1.0000
15279,5222,1.0000
15280,5222,.9355
15280,5254,.0645
15281,5254,.1111
15281,5222,.8889
15282,5222,1.0000
15283,5222,1.0000
15284,5222,1.0000
15285,5222,1.0000
15286,5222,.8661
15286,-999,.1339
15287,-999,.4333
15287,5222,.5667
15288,-999,.4656
15288,5222,.5344
15289,-999,.7833
15289,5222,.2167
15290,-999,.9077
15290,5222,.0923
15291,-999,1.0000
15292,-999,1.0000
15293,-999,1.0000
15294,-999,1.0000
15295,-999,1.0000
15296,-999,1.0000
15297,-999,1.0000
15298,-999,1.0000
15299,-999,1.0000
15300,-999,1.0000
15301,-999,1.0000
15302,-999,1.0000
15303,-999,1.0000
15304,-999,1.0000
15305,-999,1.0000
15306,-999,1.0000
15307,-999,1.0000
15308,-999,1.0000
15309,-999,1.0000
15310,-999,1.0000
15311,-999,1.0000
15312,-999,1.0000
15313,-999,1.0000
15314,-999,1.0000
15315,-999,1.0000
15316,-999,1.0000
15317,-999,1.0000
15318,5277,.8110
15318,-999,.1890
15319,5277,1.0000
15320,5277,1.0000
15321,5277,1.0000
15322,5277,1.0000
15323,5277,1.0000
15324,5675,1.0000
15325,5675,1.0000
15326,5675,1.0000
15327,5675,1.0000
15328,5675,1.0000
15329,5675,1.0000
15330,5675,1.0000
15331,5675,1.0000
15332,5675,1.0000
15333,5675,1.0000
15334,5675,1.0000
15335,5675,1.0000
15336,5675,1.0000
15337,5675,1.0000
15338,5675,1.0000
15339,5675,1.0000
15340,5675,1.0000
15341,5675,1.0000
15342,5675,1.0000
15343,5675,1.0000
15344,5675,1.0000
15345,5675,1.0000
15346,5675,1.0000
15347,5675,1.0000
15348,5675,1.0000
15349,5675,1.0000
15350,5675,1.0000
15351,5675,1.0000
15352,5675,1.0000
15353,5675,1.0000
15354,5675,1.0000
15355,5675,1.0000
15356,5675,1.0000
15357,5675,1.0000
15358,5675,1.0000
15359,5675,1.0000
15360,5675,.8855
15360,5254,.1145
15361,5254,.9333
15361,5675,.0667
15362,5254,1.0000
15363,5254,.5492
15363,5222,.4508
15364,5222,1.0000
15365,5222,.8000
15365,5254,.2000
15366,5254,.6800
15366,5222,.3200
15367,5254,.1520
15367,5222,.8480
15368,5222,1.0000
15369,5222,1.0000
15370,5222,1.0000
15371,5222,1.0000
15372,5222,1.0000
15373,5222,1.0000
15374,5222,1.0000
15375,5222,1.0000
15376,5222,1.0000
15377,5222,1.0000
15378,5222,1.0000
15379,5222,1.0000
15380,5222,1.0000
15381,5222,1.0000
15382,5222,1.0000
15383,5222,1.0000
15384,5222,1.0000
15385,5222,1.0000
15386,5222,1.0000
15387,5222,1.0000
15388,5222,1.0000
15389,5222,1.0000
15390,5222,1.0000
15391,5222,1.0000
15392,5222,1.0000
15393,5222,1.0000
15394,5222,1.0000
15395,5222,1.0000
15396,5222,1.0000
15397,5222,1.0000
15398,5222,1.0000
15399,5222,1.0000
15400,5222,1.0000
15401,5222,1.0000
15402,5222,1.0000
15403,5222,1.0000
15404,5222,1.0000
15405,5222,1.0000
15406,5222,1.0000
15407,5222,1.0000
15408,5222,1.0000
15409,5222,1.0000
15410,5222,1.0000
15411,5222,1.0000
15412,5222,1.0000
15413,5222,1.0000
15414,5222,1.0000
15415,5222,1.0000
15416,5222,1.0000
15417,5222,1.0000
15418,5222,1.0000
15419,5222,1.0000
15420,5222,1.0000
15421,5222,1.0000
15422,5222,1.0000
15423,5222,1.0000
15424,5222,1.0000
15425,5222,1.0000
15426,5222,1.0000
15427,5222,1.0000
15428,5222,1.0000
15429,5222,1.0000
15430,5222,1.0000
15431,5222,1.0000
15432,5222,1.0000
15433,5222,1.0000
15434,5222,1.0000
15435,5222,1.0000
15436,5222,1.0000
15437,5222,1.0000
15438,5222,1.0000
15439,5222,1.0000
15440,5222,1.0000
15441,5222,1.0000
15442,5222,1.0000
15443,5222,1.0000
15444,5222,1.0000
15445,5222,1.0000
15446,5222,1.0000
15447,5222,1.0000
15448,5222,1.0000
15449,5222,1.0000
15450,5222,1.0000
15451,5222,1.0000
15452,5222,1.0000
15453,5222,1.0000
15454,5222,1.0000
15455,5222,1.0000
15456,5222,1.0000
15457,5222,1.0000
15458,5222,1.0000
15459,5222,1.0000
15460,5222,1.0000
15461,5222,1.0000
15462,5222,1.0000
15463,5222,1.0000
15464,5222,1.0000
15465,5222,1.0000
15466,5222,1.0000
15467,5222,1.0000
15468,5222,1.0000
15469,5222,1.0000
15470,5222,1.0000
15471,5222,1.0000
15472,5222,1.0000
15473,5222,1.0000
15474,5222,1.0000
15475,5222,1.0000
15476,5222,1.0000
15477,5222,1.0000
15478,5222,1.0000
15479,5222,1.0000
15480,5222,1.0000
15481,5222,1.0000
15482,5222,1.0000
15483,5222,1.0000
15484,5222,1.0000
15485,-999,.0082
15485,5222,.9918
15486,5222,1.0000
15487,5222,1.0000
15488,5222,.6336
15488,-999,.3664
15489,-999,.7273
15489,5222,.2727
15490,-999,.9297
15490,5222,.0703
15491,-999,1.0000
15492,-999,1.0000
15493,-999,1.0000
15494,-999,1.0000
15495,-999,1.0000
15496,-999,1.0000
15497,-999,1.0000
15498,-999,1.0000
15499,-999,1.0000
15500,-999,1.0000
15501,-999,1.0000
15502,-999,1.0000
15503,-999,1.0000
15504,-999,1.0000
15505,-999,1.0000
15506,-999,1.0000
15507,-999,1.0000
15508,-999,1.0000
15509,-999,1.0000
15510,-999,1.0000
15511,-999,1.0000
15512,-999,1.0000
15513,-999,1.0000
15514,-999,1.0000
15515,-999,1.0000
15516,-999,1.0000
15517,-999,.6210
15517,5277,.3790
15518,5277,1.0000
15519,5277,1.0000
15520,5277,1.0000
15521,5277,1.0000
15522,5277,1.0000
15523,5675,1.0000
15524,5675,1.0000
15525,5675,1.0000
15526,5675,1.0000
15527,5675,1.0000
15528,5675,1.0000
15529,5675,1.0000
15530,5675,1.0000
15531,5675,1.0000
15532,5675,1.0000
15533,5675,1.0000
15534,5675,1.0000
15535,5675,1.0000
15536,5675,1.0000
15537,5675,1.0000
15538,5675,1.0000
15539,5675,1.0000
15540,5675,1.0000
15541,5675,1.0000
15542,5675,1.0000
15543,5675,1.0000
15544,5675,1.0000
15545,5675,1.0000
15546,5675,1.0000
15547,5675,1.0000
15548,5675,1.0000
15549,5675,1.0000
15550,5675,1.0000
15551,5675,1.0000
15552,5675,1.0000
15553,5675,1.0000
15554,5675,1.0000
15555,5675,1.0000
15556,5675,1.0000
15557,5675,1.0000
15558,5675,1.0000
15559,5675,1.0000
15560,5675,.7209
15560,5254,.2791
15561,5254,.3525
15561,5222,.5410
15561,5675,.1066
15562,5254,.0159
15562,5222,.9841
15563,5222,1.0000
15564,5222,1.0000
15565,5222,1.0000
15566,5222,1.0000
15567,5222,1.0000
15568,5222,1.0000
15569,5222,1.0000
15570,5222,1.0000
15571,5222,1.0000
15572,5222,1.0000
15573,5222,1.0000
15574,5222,1.0000
15575,5222,1.0000
15576,5222,1.0000
15577,5222,1.0000
15578,5222,1.0000
15579,5222,1.0000
15580,5222,1.0000
15581,5222,1.0000
15582,5222,1.0000
15583,5222,1.0000
15584,5222,1.0000
15585,5222,1.0000
15586,5222,1.0000
15587,5222,1.0000
15588,5222,1.0000
15589,5222,1.0000
15590,5222,1.0000
15591,5222,1.0000
15592,5222,1.0000
15593,5222,1.0000
15594,5222,1.0000
15595,5222,1.0000
15596,5222,1.0000
15597,5222,1.0000
15598,5222,1.0000
15599,5222,1.0000
15600,5222,1.0000
15601,5222,1.0000
15602,5222,1.0000
15603,5222,1.0000
15604,5222,1.0000
15605,5222,1.0000
15606,5222,1.0000
15607,5222,1.0000
15608,5222,1.0000
15609,5222,1.0000
15610,5222,1.0000
15611,5222,1.0000
15612,5222,1.0000
15613,5222,1.0000
15614,5222,1.0000
15615,5222,1.0000
15616,5222,1.0000
15617,5222,1.0000
15618,5222,1.0000
15619,5222,1.0000
15620,5222,1.0000
15621,5222,1.0000
15622,5222,1.0000
15623,5222,1.0000
15624,5222,1.0000
15625,5222,1.0000
15626,5222,1.0000
15627,5222,1.0000
15628,5222,1.0000
15629,5222,1.0000
15630,5222,1.0000
15631,5222,1.0000
15632,5222,1.0000
15633,5222,1.0000
15634,5222,1.0000
15635,5222,1.0000
15636,5222,1.0000
15637,5222,1.0000
15638,5222,1.0000
15639,5222,1.0000
15640,5222,1.0000
15641,5222,1.0000
15642,5222,1.0000
15643,5222,1.0000
15644,5222,1.0000
15645,5222,1.0000
15646,5222,1.0000
15647,5222,1.0000
15648,5222,1.0000
15649,5222,1.0000
15650,5222,1.0000
15651,5222,1.0000
15652,5222,1.0000
15653,5222,1.0000
15654,5222,1.0000
15655,5222,1.0000
15656,5222,1.0000
15657,5222,1.0000
15658,5222,1.0000
15659,5222,1.0000
15660,5222,1.0000
15661,5222,1.0000
15662,5222,1.0000
15663,5222,1.0000
15664,5222,1.0000
15665,5222,1.0000
15666,5222,1.0000
15667,5222,1.0000
15668,5222,1.0000
15669,5222,1.0000
15670,5222,1.0000
15671,5222,1.0000
15672,5222,1.0000
15673,5222,1.0000
15674,5222,1.0000
15675,5222,1.0000
15676,5222,1.0000
15677,5222,1.0000
15678,5222,1.0000
15679,5222,1.0000
15680,5222,1.0000
15681,5222,1.0000
15682,5222,1.0000
15683,5222,1.0000
15684,5222,1.0000
15685,5222,1.0000
15686,5222,1.0000
15687,5222,.8934
15687,-999,.1066
15688,-999,.4603
15688,5222,.5397
15689,-999,.2581
15689,5222,.7419
15690,-999,.9840
15690,5222,.0160
15691,-999,1.0000
15692,-999,1.0000
15693,-999,1.0000
15694,-999,1.0000
15695,-999,1.0000
15696,-999,1.0000
15697,-999,1.0000
15698,-999,1.0000
15699,-999,1.0000
15700,-999,1.0000
15701,-999,1.0000
15702,-999,1.0000
15703,-999,1.0000
15704,-999,1.0000
15705,-999,1.0000
15706,-999,1.0000
15707,-999,1.0000
15708,-999,1.0000
15709,-999,1.0000
15710,-999,1.0000
15711,-999,1.0000
15712,-999,1.0000
15713,-999,1.0000
15714,-999,1.0000
15715,-999,1.0000
15716,-999,.9840
15716,5277,.0160
15717,5277,.7840
15717,-999,.2160
15718,5277,1.0000
15719,5277,1.0000
15720,5277,1.0000
15721,5277,1.0000
15722,5675,1.0000
15723,5675,1.0000
15724,5675,1.0000
15725,5675,1.0000
15726,5675,1.0000
15727,5675,1.0000
15728,5675,1.0000
15729,5675,1.0000
15730,5675,1.0000
15731,5675,1.0000
15732,5675,1.0000
15733,5675,1.0000
15734,5675,1.0000
15735,5675,1.0000
15736,5675,1.0000
15737,5675,1.0000
15738,5675,1.0000
15739,5675,1.0000
15740,5675,1.0000
15741,5675,1.0000
15742,5675,1.0000
15743,5675,1.0000
15744,5675,1.0000
15745,5675,1.0000
15746,5675,1.0000
15747,5675,1.0000
15748,5675,1.0000
15749,5675,1.0000
15750,5675,1.0000
15751,5675,1.0000
15752,5675,1.0000
15753,5675,1.0000
15754,5675,1.0000
15755,5675,1.0000
15756,5675,1.0000
15757,5675,1.0000
15758,5675,1.0000
15759,5675,.9683
15759,5222,.0317
15760,5675,.1339
15760,5222,.8661
15761,5222,1.0000
15762,5222,1.0000
15763,5222,1.0000
15764,5222,1.0000
15765,5222,1.0000
15766,5222,1.0000
15767,5222,1.0000
15768,5222,1.0000
15769,5222,1.0000
15770,5222,1.0000
15771,5222,1.0000
15772,5222,1.0000
15773,5222,1.0000
15774,5222,1.0000
15775,5222,1.0000
15776,5222,1.0000
15777,5222,1.0000
15778,5222,1.0000
15779,5222,1.0000
15780,5222,1.0000
15781,5222,1.0000
15782,5222,1.0000
15783,5222,1.0000
15784,5222,1.0000
15785,5222,1.0000
15786,5222,1.0000
15787,5222,1.0000
15788,5222,1.0000
15789,5222,1.0000
15790,5222,1.0000
15791,5222,1.0000
15792,5222,1.0000
15793,5222,1.0000
15794,5222,1.0000
15795,5222,1.0000
15796,5222,1.0000
15797,5222,1.0000
15798,5222,1.0000
15799,5222,1.0000
15800,5222,1.0000
15801,5222,1.0000
15802,5222,1.0000
15803,5222,1.0000
15804,5222,1.0000
15805,5222,1.0000
15806,5222,1.0000
15807,5222,1.0000
15808,5222,1.0000
15809,5222,1.0000
15810,5222,1.0000
15811,5222,1.0000
15812,5222,1.0000
15813,5222,1.0000
15814,5222,1.0000
15815,5222,1.0000
15816,5222,1.0000
15817,5222,1.0000
15818,5222,1.0000
15819,5222,1.0000
15820,5222,1.0000
15821,5222,1.0000
15822,5222,1.0000
15823,5222,1.0000
15824,5222,1.0000
15825,5222,1.0000
15826,5222,1.0000
15827,5222,1.0000
15828,5222,1.0000
15829,5222,1.0000
15830,5222,1.0000
15831,5222,1.0000
15832,5222,1.0000
15833,5222,1.0000
15834,5222,1.0000
15835,5222,1.0000
15836,5222,1.0000
15837,5222,1.0000
15838,5222,1.0000
15839,5222,1.0000
15840,5222,1.0000
15841,5222,1.0000
15842,5222,1.0000
15843,5222,1.0000
15844,5222,1.0000
15845,5222,1.0000
15846,5222,1.0000
15847,5222,1.0000
15848,5222,1.0000
15849,5222,1.0000
15850,5222,1.0000
15851,5222,1.0000
15852,5222,1.0000
15853,5222,1.0000
15854,5222,1.0000
15855,5222,1.0000
15856,5222,1.0000
15857,5222,1.0000
15858,5222,1.0000
15859,5222,1.0000
15860,5222,1.0000
15861,5222,1.0000
15862,5222,1.0000
15863,5222,1.0000
15864,5222,1.0000
15865,5222,1.0000
15866,5222,1.0000
15867,5222,1.0000
15868,5222,1.0000
15869,5222,1.0000
15870,5222,1.0000
15871,5222,1.0000
15872,5222,1.0000
15873,5222,1.0000
15874,5222,1.0000
15875,5222,1.0000
15876,5222,1.0000
15877,5222,1.0000
15878,5222,1.0000
15879,5222,1.0000
15880,5222,1.0000
15881,5222,1.0000
15882,5222,1.0000
15883,5222,1.0000
15884,5222,1.0000
15885,5222,1.0000
15886,5222,1.0000
15887,5222,1.0000
15888,5222,1.0000
15889,5222,.3538
15889,-999,.6462
15890,-999,1.0000
15891,-999,1.0000
15892,-999,1.0000
15893,-999,1.0000
15894,-999,1.0000
15895,-999,1.0000
15896,-999,1.0000
15897,-999,1.0000
15898,-999,1.0000
15899,-999,1.0000
15900,-999,1.0000
15901,-999,1.0000
15902,-999,1.0000
15903,-999,1.0000
15904,-999,1.0000
15905,-999,1.0000
15906,-999,1.0000
15907,-999,1.0000
15908,-999,1.0000
15909,-999,1.0000
15910,-999,1.0000
15911,-999,1.0000
15912,-999,1.0000
15913,-999,1.0000
15914,-999,1.0000
15915,-999,1.0000
15916,5277,.4365
15916,-999,.5635
15917,5277,1.0000
15918,5277,1.0000
15919,5277,1.0000
15920,5277,1.0000
15921,5675,1.0000
15922,5675,1.0000
15923,5675,1.0000
15924,5675,1.0000
15925,5675,1.0000
15926,5675,1.0000
15927,5675,1.0000
15928,5675,1.0000
15929,5675,1.0000
15930,5675,1.0000
15931,5675,1.0000
15932,5675,1.0000
15933,5675,1.0000
15934,5675,1.0000
15935,5675,1.0000
15936,5675,1.0000
15937,5675,1.0000
15938,5675,1.0000
15939,5675,1.0000
15940,5675,1.0000
15941,5675,1.0000
15942,5675,1.0000
15943,5675,1.0000
15944,5675,1.0000
15945,5675,1.0000
15946,5675,1.0000
15947,5675,1.0000
15948,5675,1.0000
15949,5675,1.0000
15950,5675,1.0000
15951,5675,1.0000
15952,5675,1.0000
15953,5675,1.0000
15954,5675,1.0000
15955,5675,1.0000
15956,5675,1.0000
15957,5675,1.0000
15958,5675,.6452
15958,5222,.3548
15959,5222,1.0000
15960,5222,1.0000
15961,5222,1.0000
15962,5222,1.0000
15963,5222,1.0000
15964,5222,1.0000
15965,5222,1.0000
15966,5222,1.0000
15967,5222,1.0000
15968,5222,1.0000
15969,5222,1.0000
15970,5222,1.0000
15971,5222,1.0000
15972,5222,1.0000
15973,5222,1.0000
15974,5222,1.0000
15975,5222,1.0000
15976,5222,1.0000
15977,5222,1.0000
15978,5222,1.0000
15979,5222,1.0000
15980,5222,1.0000
15981,5222,1.0000
15982,5222,1.0000
15983,5222,1.0000
15984,5222,1.0000
15985,5222,1.0000
15986,5222,1.0000
15987,5222,1.0000
15988,5222,1.0000
15989,5222,1.0000
15990,5222,1.0000
15991,5222,1.0000
15992,5222,1.0000
15993,5222,1.0000
15994,5222,1.0000
15995,5222,1.0000
15996,5222,1.0000
15997,5222,1.0000
15998,5222,1.0000
15999,5222,1.0000
16000,5222,1.0000
16001,5222,1.0000
16002,5222,1.0000
16003,5222,1.0000
16004,5222,1.0000
16005,5222,1.0000
16006,5222,1.0000
16007,5222,1.0000
16008,5222,1.0000
16009,5222,1.0000
16010,5222,1.0000
16011,5222,1.0000
16012,5222,1.0000
16013,5222,1.0000
16014,5222,1.0000
16015,5222,1.0000
16016,5222,1.0000
16017,5222,1.0000
16018,5222,1.0000
16019,5222,1.0000
16020,5222,1.0000
16021,5222,1.0000
16022,5222,1.0000
16023,5222,1.0000
16024,5222,1.0000
16025,5222,1.0000
16026,5222,1.0000
16027,5222,1.0000
16028,5222,1.0000
16029,5222,1.0000
16030,5222,1.0000
16031,5222,1.0000
16032,5222,1.0000
16033,5222,1.0000
16034,5222,1.0000
16035,5222,1.0000
16036,5222,1.0000
16037,5222,1.0000
16038,5222,1.0000
16039,5222,1.0000
16040,5222,1.0000
16041,5222,1.0000
16042,5222,1.0000
16043,5222,1.0000
16044,5222,1.0000
16045,5222,1.0000
16046,5222,1.0000
16047,5222,1.0000
16048,5222,1.0000
16049,5222,1.0000
16050,5222,1.0000
16051,5222,1.0000
16052,5222,1.0000
16053,5222,1.0000
16054,5222,1.0000
16055,5222,1.0000
16056,5222,1.0000
16057,5222,1.0000
16058,5222,1.0000
16059,5222,1.0000
16060,5222,1.0000
16061,5222,1.0000
16062,5222,1.0000
16063,5222,1.0000
16064,5222,1.0000
16065,5222,1.0000
16066,5222,1.0000
16067,5222,1.0000
16068,5222,1.0000
16069,5222,1.0000
16070,5222,1.0000
16071,5222,1.0000
16072,5222,1.0000
16073,5222,1.0000
16074,5222,1.0000
16075,5222,1.0000
16076,5222,1.0000
16077,5222,1.0000
16078,5222,1.0000
16079,5222,1.0000
16080,5222,1.0000
16081,5222,1.0000
16082,5222,1.0000
16083,5222,1.0000
16084,5222,1.0000
16085,5222,1.0000
16086,5222,1.0000
16087,5222,1.0000
16088,-999,.2397
16088,5222,.7603
16089,-999,.6822
16089,5222,.3178
16090,-999,1.0000
16091,-999,1.0000
16092,-999,1.0000
16093,-999,1.0000
16094,-999,1.0000
16095,-999,1.0000
16096,-999,1.0000
16097,-999,1.0000
16098,-999,1.0000
16099,-999,1.0000
16100,-999,1.0000
16101,-999,1.0000
16102,-999,1.0000
16103,-999,1.0000
16104,-999,1.0000
16105,-999,1.0000
16106,-999,1.0000
16107,-999,1.0000
16108,-999,1.0000
16109,-999,1.0000
16110,-999,1.0000
16111,-999,1.0000
16112,-999,1.0000
16113,-999,1.0000
16114,-999,1.0000
16115,-999,.9213
16115,5277,.0787
16116,5277,.8880
16116,-999,.1120
16117,5277,1.0000
16118,5277,1.0000
16119,5277,1.0000
16120,5675,1.0000
16121,5675,1.0000
16122,5675,1.0000
16123,5675,1.0000
16124,5675,1.0000
16125,5675,1.0000
16126,5675,1.0000
16127,5675,1.0000
16128,5675,1.0000
16129,5675,1.0000
16130,5675,1.0000
16131,5675,1.0000
16132,5675,1.0000
16133,5675,1.0000
16134,5675,1.0000
16135,5675,1.0000
16136,5675,1.0000
16137,5675,1.0000
16138,5675,1.0000
16139,5675,1.0000
16140,5675,1.0000
16141,5675,1.0000
16142,5675,1.0000
16143,5675,1.0000
16144,5675,1.0000
16145,5675,1.0000
16146,5675,1.0000
16147,5675,1.0000
16148,5675,1.0000
16149,5675,1.0000
16150,5675,1.0000
16151,5675,1.0000
16152,5675,1.0000
16153,5675,1.0000
16154,5675,1.0000
16155,5675,1.0000
16156,5675,.9840
16156,5222,.0160
16157,5675,.2520
16157,5222,.7480
16158,5222,1.0000
16159,5222,1.0000
16160,5222,1.0000
16161,5222,1.0000
16162,5222,1.0000
16163,5222,1.0000
16164,5222,1.0000
16165,5222,1.0000
16166,5222,1.0000
16167,5222,1.0000
16168,5222,1.0000
16169,5222,1.0000
16170,5222,1.0000
16171,5222,1.0000
16172,5222,1.0000
16173,5222,1.0000
16174,5222,1.0000
16175,5222,1.0000
16176,5222,1.0000
16177,5222,1.0000
16178,5222,1.0000
16179,5222,1.0000
16180,5222,1.0000
16181,5222,1.0000
16182,5222,1.0000
16183,5222,1.0000
16184,5222,1.0000
16185,5222,1.0000
16186,5222,1.0000
16187,5222,1.0000
16188,5222,1.0000
16189,5222,1.0000
16190,5222,1.0000
16191,5222,1.0000
16192,5222,1.0000
16193,5222,1.0000
16194,5222,1.0000
16195,5222,1.0000
16196,5222,1.0000
16197,5222,1.0000
16198,5222,1.0000
16199,5222,1.0000
16200,5222,1.0000
16201,5222,1.0000
16202,5222,1.0000
16203,5222,1.0000
16204,5222,1.0000
16205,5222,1.0000
16206,5222,1.0000
16207,5222,1.0000
16208,5222,1.0000
16209,5222,1.0000
16210,5222,1.0000
16211,5222,1.0000
16212,5222,1.0000
16213,5222,1.0000
16214,5222,1.0000
16215,5222,1.0000
16216,5222,1.0000
16217,5222,1.0000
16218,5222,1.0000
16219,5222,1.0000
16220,5222,1.0000
16221,5222,1.0000
16222,5222,1.0000
16223,5222,1.0000
16224,5222,1.0000
16225,5222,1.0000
16226,5222,1.0000
16227,5222,1.0000
16228,5222,1.0000
16229,5222,1.0000
16230,5222,1.0000
16231,5222,1.0000
16232,5222,1.0000
16233,5222,1.0000
16234,5222,1.0000
16235,5222,1.0000
16236,5222,1.0000
16237,5222,1.0000
16238,5222,1.0000
16239,5222,1.0000
16240,5222,1.0000
16241,5222,1.0000
16242,5222,1.0000
16243,5222,1.0000
16244,5222,1.0000
16245,5222,1.0000
16246,5222,1.0000
16247,5222,1.0000
16248,5222,1.0000
16249,5222,1.0000
16250,5222,1.0000
16251,5222,1.0000
16252,5222,1.0000
16253,5222,1.0000
16254,5222,1.0000
16255,5222,1.0000
16256,5222,1.0000
16257,5222,1.0000
16258,5222,1.0000
16259,5222,1.0000
16260,5222,1.0000
16261,5222,1.0000
16262,5222,1.0000
16263,5222,1.0000
16264,5222,1.0000
16265,5222,1.0000
16266,5222,1.0000
16267,5222,1.0000
16268,5222,1.0000
16269,5222,1.0000
16270,5222,1.0000
16271,5222,1.0000
16272,5222,1.0000
16273,5222,1.0000
16274,5222,1.0000
16275,5222,1.0000
16276,5222,1.0000
16277,5222,1.0000
16278,5222,1.0000
16279,5222,1.0000
16280,5222,1.0000
16281,5222,1.0000
16282,5222,1.0000
16283,5222,1.0000
16284,5222,1.0000
16285,5222,1.0000
16286,5222,1.0000
16287,5222,1.0000
16288,5222,.9516
16288,-999,.0484
16289,-999,.7063
16289,5222,.2937
16290,-999,1.0000
16291,-999,1.0000
16292,-999,1.0000
16293,-999,1.0000
16294,-999,1.0000
16295,-999,1.0000
16296,-999,1.0000
16297,-999,1.0000
16298,-999,1.0000
16299,-999,1.0000
16300,-999,1.0000
16301,-999,1.0000
16302,-999,1.0000
16303,-999,1.0000
16304,-999,1.0000
16305,-999,1.0000
16306,-999,1.0000
16307,-999,1.0000
16308,-999,1.0000
16309,-999,1.0000
16310,-999,1.0000
16311,-999,1.0000
16312,-999,1.0000
16313,-999,1.0000
16314,-999,1.0000
16315,-999,.5433
16315,5277,.4567
16316,5277,1.0000
16317,5277,1.0000
16318,5277,1.0000
16319,5675,1.0000
16320,5675,1.0000
16321,5675,1.0000
16322,5675,1.0000
16323,5675,1.0000
16324,5675,1.0000
16325,5675,1.0000
16326,5675,1.0000
16327,5675,1.0000
16328,5675,1.0000
16329,5675,1.0000
16330,5675,1.0000
16331,5675,1.0000
16332,5675,1.0000
16333,5675,1.0000
16334,5675,1.0000
16335,5675,1.0000
16336,5675,1.0000
16337,5675,1.0000
16338,5675,1.0000
16339,5675,1.0000
16340,5675,1.0000
16341,5675,1.0000
16342,5675,1.0000
16343,5675,1.0000
16344,5675,1.0000
16345,5675,1.0000
16346,5675,1.0000
16347,5675,1.0000
16348,5675,1.0000
16349,5675,1.0000
16350,5675,1.0000
16351,5675,1.0000
16352,5675,1.0000
16353,5675,1.0000
16354,5675,1.0000
16355,5675,.6480
16355,5222,.3520
16356,5222,1.0000
16357,5222,1.0000
16358,5222,1.0000
16359,5222,1.0000
16360,5222,1.0000
16361,5222,1.0000
16362,5222,1.0000
16363,5222,1.0000
16364,5222,1.0000
16365,5222,1.0000
16366,5222,1.0000
16367,5222,1.0000
16368,5222,1.0000
16369,5222,1.0000
16370,5222,1.0000
16371,5222,1.0000
16372,5222,1.0000
16373,5222,1.0000
16374,5222,1.0000
16375,5222,1.0000
16376,5222,1.0000
16377,5222,1.0000
16378,5222,1.0000
16379,5222,1.0000
16380,5222,1.0000
16381,5222,1.0000
16382,5222,1.0000
16383,5222,1.0000
16384,5222,1.0000
16385,5222,1.0000
16386,5222,1.0000
16387,5222,1.0000
16388,5222,1.0000
16389,5222,1.0000
16390,5222,1.0000
16391,5222,1.0000
16392,5222,1.0000
16393,5222,1.0000
16394,5222,1.0000
16395,5222,1.0000
16396,5222,1.0000
16397,5222,1.0000
16398,5222,1.0000
16399,5222,1.0000
16400,5222,1.0000
16401,5222,1.0000
16402,5222,1.0000
16403,5222,1.0000
16404,5222,1.0000
16405,5222,1.0000
16406,5222,1.0000
16407,5222,1.0000
16408,5222,1.0000
16409,5222,1.0000
16410,5222,1.0000
16411,5222,1.0000
16412,5222,1.0000
16413,5222,1.0000
16414,5222,1.0000
16415,5222,1.0000
16416,5222,1.0000
16417,5222,1.0000
16418,5222,1.0000
16419,5222,1.0000
16420,5222,1.0000
16421,5222,1.0000
16422,5222,1.0000
16423,5222,1.0000
16424,5222,1.0000
16425,5222,1.0000
16426,5222,1.0000
16427,5222,1.0000
16428,5222,1.0000
16429,5222,1.0000
16430,5222,1.0000
16431,5222,1.0000
16432,5222,1.0000
16433,5222,1.0000
16434,5222,1.0000
16435,5222,1.0000
16436,5222,1.0000
16437,5222,1.0000
16438,5222,1.0000
16439,5222,1.0000
16440,5222,1.0000
16441,5222,1.0000
16442,5222,1.0000
16443,5222,1.0000
16444,5222,1.0000
16445,5222,1.0000
16446,5222,1.0000
16447,5222,1.0000
16448,5222,1.0000
16449,5222,1.0000
16450,5222,1.0000
16451,5222,1.0000
16452,5222,1.0000
16453,5222,1.0000
16454,5222,1.0000
16455,5222,1.0000
16456,5222,1.0000
16457,5222,1.0000
16458,5222,1.0000
16459,5222,1.0000
16460,5222,1.0000
16461,5222,1.0000
16462,5222,1.0000
16463,5222,1.0000
16464,5222,1.0000
16465,5222,1.0000
16466,5222,1.0000
16467,5222,1.0000
16468,5222,1.0000
16469,5222,1.0000
16470,5222,1.0000
16471,5222,1.0000
16472,5222,1.0000
16473,5222,1.0000
16474,5222,1.0000
16475,5222,1.0000
16476,5222,1.0000
16477,5222,1.0000
16478,5222,1.0000
16479,5222,1.0000
16480,5222,1.0000
16481,5222,1.0000
16482,5222,1.0000
16483,5222,1.0000
16484,5222,1.0000
16485,5222,.8952
16485,-999,.1048
16486,5222,.7656
16486,-999,.2344
16487,5222,.6179
16487,-999,.3821
16488,5222,.1016
16488,-999,.8984
16489,-999,1.0000
16490,-999,1.0000
16491,-999,1.0000
16492,-999,1.0000
16493,-999,1.0000
16494,-999,1.0000
16495,-999,1.0000
16496,-999,1.0000
16497,-999,1.0000
16498,-999,1.0000
16499,-999,1.0000
16500,-999,1.0000
16501,-999,1.0000
16502,-999,1.0000
16503,-999,1.0000
16504,-999,1.0000
16505,-999,1.0000
16506,-999,1.0000
16507,-999,1.0000
16508,-999,1.0000
16509,-999,1.0000
16510,-999,1.0000
16511,-999,1.0000
16512,-999,1.0000
16513,-999,1.0000
16514,5277,.0640
16514,-999,.9360
16515,5277,.8810
16515,-999,.1190
16516,5277,1.0000
16517,5277,1.0000
16518,5675,1.0000
16519,5675,1.0000
16520,5675,1.0000
16521,5675,1.0000
16522,5675,1.0000
16523,5675,1.0000
16524,5675,1.0000
16525,5675,1.0000
16526,5675,1.0000
16527,5675,1.0000
16528,5675,1.0000
16529,5675,1.0000
16530,5675,1.0000
16531,5675,1.0000
16532,5675,1.0000
16533,5675,1.0000
16534,5675,1.0000
16535,5675,1.0000
16536,5675,1.0000
16537,5675,1.0000
16538,5675,1.0000
16539,5675,1.0000
16540,5675,1.0000
16541,5675,1.0000
16542,5675,1.0000
16543,5675,1.0000
16544,5675,1.0000
16545,5675,1.0000
16546,5675,1.0000
16547,5675,1.0000
16548,5675,1.0000
16549,5675,1.0000
16550,5675,1.0000
16551,5675,1.0000
16552,5675,1.0000
16553,5675,.9920
16553,5222,.0080
16554,5675,.2320
16554,5222,.7680
16555,5222,1.0000
16556,5222,1.0000
16557,5222,1.0000
16558,5222,1.0000
16559,5222,1.0000
16560,5222,1.0000
16561,5222,1.0000
16562,5222,1.0000
16563,5222,1.0000
16564,5222,1.0000
16565,5222,1.0000
16566,5222,1.0000
16567,5222,1.0000
16568,5222,1.0000
16569,5222,1.0000
16570,5222,1.0000
16571,5222,1.0000
16572,5222,1.0000
16573,5222,1.0000
16574,5222,1.0000
16575,5222,1.0000
16576,5222,1.0000
16577,5222,1.0000
16578,5222,1.0000
16579,5222,1.0000
16580,5222,1.0000
16581,5222,1.0000
16582,5222,1.0000
16583,5222,1.0000
16584,5222,1.0000
16585,5222,1.0000
16586,5222,1.0000
16587,5222,1.0000
16588,5222,1.0000
16589,5222,1.0000
16590,5222,1.0000
16591,5222,1.0000
16592,5222,1.0000
16593,5222,1.0000
16594,5222,1.0000
16595,5222,1.0000
16596,5222,1.0000
16597,5222,1.0000
16598,5222,1.0000
16599,5222,1.0000
16600,5222,1.0000
16601,5222,1.0000
16602,5222,1.0000
16603,5222,1.0000
16604,5222,1.0000
16605,5222,1.0000
16606,5222,1.0000
16607,5222,1.0000
16608,5222,1.0000
16609,5222,1.0000
16610,5222,1.0000
16611,5222,1.0000
16612,5222,1.0000
16613,5222,1.0000
16614,5222,1.0000
16615,5222,1.0000
16616,5222,1.0000
16617,5222,1.0000
16618,5222,1.0000
16619,5222,1.0000
16620,5222,1.0000
16621,5222,1.0000
16622,5222,1.0000
16623,5222,1.0000
16624,5222,1.0000
16625,5222,1.0000
16626,5222,1.0000
16627,5222,1.0000
16628,5222,1.0000
16629,5222,1.0000
16630,5222,1.0000
16631,5222,1.0000
16632,5222,1.0000
16633,5222,1.0000
16634,5222,1.0000
16635,5222,1.0000
16636,5222,1.0000
16637,5222,1.0000
16638,5222,1.0000
16639,5222,1.0000
16640,5222,1.0000
16641,5222,1.0000
16642,5222,1.0000
16643,5222,1.0000
16644,5222,1.0000
16645,5222,1.0000
16646,5222,1.0000
16647,5222,1.0000
16648,5222,1.0000
16649,5222,1.0000
16650,5222,1.0000
16651,5222,1.0000
16652,5222,1.0000
16653,5222,1.0000
16654,5222,1.0000
16655,5222,1.0000
16656,5222,1.0000
16657,5222,1.0000
16658,5222,1.0000
16659,5222,1.0000
16660,5222,1.0000
16661,5222,1.0000
16662,5222,1.0000
16663,5222,1.0000
16664,5222,1.0000
16665,5222,1.0000
16666,5222,1.0000
16667,5222,1.0000
16668,5222,1.0000
16669,5222,1.0000
16670,5222,1.0000
16671,5222,1.0000
16672,5222,1.0000
16673,5222,1.0000
16674,5222,1.0000
16675,5222,1.0000
16676,5222,1.0000
16677,5222,1.0000
16678,5222,1.0000
16679,5222,1.0000
16680,5222,1.0000
16681,5222,1.0000
16682,5222,1.0000
16683,5222,.8960
16683,-999,.1040
16684,5222,.2187
16684,-999,.7812
16685,-999,.6639
16685,5222,.3361
16686,-999,.7955
16686,5222,.2045
16687,-999,.6066
16687,5222,.3934
16688,-999,1.0000
16689,-999,.6378
16689,5222,.3622
16690,-999,.4597
16690,5222,.5403
16691,-999,.9606
16691,5222,.0394
16692,-999,1.0000
16693,-999,1.0000
16694,-999,1.0000
16695,-999,1.0000
16696,-999,1.0000
16697,-999,1.0000
16698,-999,1.0000
16699,-999,1.0000
16700,-999,1.0000
16701,-999,1.0000
16702,-999,1.0000
16703,-999,1.0000
16704,-999,1.0000
16705,-999,1.0000
16706,-999,1.0000
16707,-999,1.0000
16708,-999,1.0000
16709,-999,1.0000
16710,-999,1.0000
16711,-999,1.0000
16712,-999,1.0000
16713,-999,1.0000
16714,5277,.5840
16714,-999,.4160
16715,5277,1.0000
16716,5277,1.0000
16717,5675,1.0000
16718,5675,1.0000
16719,5675,1.0000
16720,5675,1.0000
16721,5675,1.0000
16722,5675,1.0000
16723,5675,1.0000
16724,5675,1.0000
16725,5675,1.0000
16726,5675,1.0000
16727,5675,1.0000
16728,5675,1.0000
16729,5675,1.0000
16730,5675,1.0000
16731,5675,1.0000
16732,5675,1.0000
16733,5675,1.0000
16734,5675,1.0000
16735,5675,1.0000
16736,5675,1.0000
16737,5675,1.0000
16738,5675,1.0000
16739,5675,1.0000
16740,5675,1.0000
16741,5675,1.0000
16742,5675,1.0000
16743,5675,1.0000
16744,5675,1.0000
16745,5675,1.0000
16746,5675,1.0000
16747,5675,1.0000
16748,5675,1.0000
16749,5675,1.0000
16750,5675,1.0000
16751,5675,1.0000
16752,5675,.7561
16752,5222,.2439
16753,5675,.0076
16753,5222,.9924
16754,5222,1.0000
16755,5222,1.0000
16756,5222,1.0000
16757,5222,1.0000
16758,5222,1.0000
16759,5222,1.0000
16760,5222,1.0000
16761,5222,1.0000
16762,5222,1.0000
16763,5222,1.0000
16764,5222,1.0000
16765,5222,1.0000
16766,5222,1.0000
16767,5222,1.0000
16768,5222,1.0000
16769,5222,1.0000
16770,5222,1.0000
16771,5222,1.0000
16772,5222,1.0000
16773,5222,1.0000
16774,5222,1.0000
16775,5222,1.0000
16776,5222,1.0000
16777,5222,1.0000
16778,5222,1.0000
16779,5222,1.0000
16780,5222,1.0000
16781,5222,1.0000
16782,5222,1.0000
16783,5222,1.0000
16784,5222,1.0000
16785,5222,1.0000
16786,5222,1.0000
16787,5222,1.0000
16788,5222,1.0000
16789,5222,1.0000
16790,5222,1.0000
16791,5222,1.0000
16792,5222,1.0000
16793,5222,1.0000
16794,5222,1.0000
16795,5222,1.0000
16796,5222,1.0000
16797,5222,1.0000
16798,5222,1.0000
16799,5222,1.0000
16800,5222,1.0000
16801,5222,1.0000
16802,5222,1.0000
16803,5222,1.0000
16804,5222,1.0000
16805,5222,1.0000
16806,5222,1.0000
16807,5222,1.0000
16808,5222,1.0000
16809,5222,1.0000
16810,5222,1.0000
16811,5222,1.0000
16812,5222,1.0000
16813,5222,1.0000
16814,5222,1.0000
16815,5222,1.0000
16816,5222,1.0000
16817,5222,1.0000
16818,5222,1.0000
16819,5222,1.0000
16820,5222,1.0000
16821,5222,1.0000
16822,5222,1.0000
16823,5222,1.0000
16824,5222,1.0000
16825,5222,1.0000
16826,5222,1.0000
16827,5222,1.0000
16828,5222,1.0000
16829,5222,1.0000
16830,5222,1.0000
16831,5222,1.0000
16832,5222,1.0000
16833,5222,1.0000
16834,5222,1.0000
16835,5222,1.0000
16836,5222,1.0000
16837,5222,1.0000
16838,5222,1.0000
16839,5222,1.0000
16840,5222,1.0000
16841,5222,1.0000
16842,5222,1.0000
16843,5222,1.0000
16844,5222,1.0000
16845,5222,1.0000
16846,5222,1.0000
16847,5222,1.0000
16848,5222,1.0000
16849,5222,1.0000
16850,5222,1.0000
16851,5222,1.0000
16852,5222,1.0000
16853,5222,1.0000
16854,5222,1.0000
16855,5222,1.0000
16856,5222,1.0000
16857,5222,1.0000
16858,5222,1.0000
16859,5222,1.0000
16860,5222,1.0000
16861,5222,1.0000
16862,5222,1.0000
16863,5222,1.0000
16864,5222,1.0000
16865,5222,1.0000
16866,5222,1.0000
16867,5222,1.0000
16868,5222,1.0000
16869,5222,1.0000
16870,5222,1.0000
16871,5222,1.0000
16872,5222,1.0000
16873,5222,1.0000
16874,5222,1.0000
16875,5222,1.0000
16876,5222,1.0000
16877,5222,1.0000
16878,5222,1.0000
16879,5222,1.0000
16880,5222,1.0000
16881,5222,1.0000
16882,5222,1.0000
16883,5222,1.0000
16884,5222,.8837
16884,-999,.1163
16885,-999,.6393
16885,5222,.3607
16886,5222,.7302
16886,-999,.2698
16887,-999,.9520
16887,5222,.0480
16888,-999,1.0000
16889,5222,.4274
16889,-999,.5726
16890,5222,.0234
16890,-999,.9766
16891,-999,.9194
16891,5222,.0806
16892,-999,1.0000
16893,-999,1.0000
16894,-999,1.0000
16895,-999,1.0000
16896,-999,1.0000
16897,-999,1.0000
16898,-999,1.0000
16899,-999,1.0000
16900,-999,1.0000
16901,-999,1.0000
16902,-999,1.0000
16903,-999,1.0000
16904,-999,1.0000
16905,-999,1.0000
16906,-999,1.0000
16907,-999,1.0000
16908,-999,1.0000
16909,-999,1.0000
16910,-999,1.0000
16911,-999,1.0000
16912,-999,1.0000
16913,-999,.7244
16913,5277,.2756
16914,5277,1.0000
16915,5277,1.0000
16916,5675,1.0000
16917,5675,1.0000
16918,5675,1.0000
16919,5675,1.0000
16920,5675,1.0000
16921,5675,1.0000
16922,5675,1.0000
16923,5675,1.0000
16924,5675,1.0000
16925,5675,1.0000
16926,5675,1.0000
16927,5675,1.0000
16928,5675,1.0000
16929,5675,1.0000
16930,5675,1.0000
16931,5675,1.0000
16932,5675,1.0000
16933,5675,1.0000
16934,5675,1.0000
16935,5675,1.0000
16936,5675,1.0000
16937,5675,1.0000
16938,5675,1.0000
16939,5675,1.0000
16940,5675,1.0000
16941,5675,1.0000
16942,5675,1.0000
16943,5675,1.0000
16944,5675,1.0000
16945,5675,1.0000
16946,5675,1.0000
16947,5675,1.0000
16948,5675,1.0000
16949,5675,1.0000
16950,5675,1.0000
16951,5675,.4375
16951,5222,.5625
16952,5222,1.0000
16953,5222,1.0000
16954,5222,1.0000
16955,5222,1.0000
16956,5222,1.0000
16957,5222,1.0000
16958,5222,1.0000
16959,5222,1.0000
16960,5222,1.0000
16961,5222,1.0000
16962,5222,1.0000
16963,5222,1.0000
16964,5222,1.0000
16965,5222,1.0000
16966,5222,1.0000
16967,5222,1.0000
16968,5222,1.0000
16969,5222,1.0000
16970,5222,1.0000
16971,5222,1.0000
16972,5222,1.0000
16973,5222,1.0000
16974,5222,1.0000
16975,5222,1.0000
16976,5222,1.0000
16977,5222,1.0000
16978,5222,1.0000
16979,5222,1.0000
16980,5222,1.0000
16981,5222,1.0000
16982,5222,1.0000
16983,5222,1.0000
16984,5222,1.0000
16985,5222,1.0000
16986,5222,1.0000
16987,5222,1.0000
16988,5222,1.0000
16989,5222,1.0000
16990,5222,1.0000
16991,5222,1.0000
16992,5222,1.0000
16993,5222,1.0000
16994,5222,1.0000
16995,5222,1.0000
16996,5222,1.0000
16997,5222,1.0000
16998,5222,1.0000
16999,5222,1.0000
17000,5222,1.0000
17001,5222,1.0000
17002,5222,1.0000
17003,5222,1.0000
17004,5222,1.0000
17005,5222,1.0000
17006,5222,1.0000
17007,5222,1.0000
17008,5222,1.0000
17009,5222,1.0000
17010,5222,1.0000
17011,5222,1.0000
17012,5222,1.0000
17013,5222,1.0000
17014,5222,1.0000
17015,5222,1.0000
17016,5222,1.0000
17017,5222,1.0000
17018,5222,1.0000
17019,5222,1.0000
17020,5222,1.0000
17021,5222,1.0000
17022,5222,1.0000
17023,5222,1.0000
17024,5222,1.0000
17025,5222,1.0000
17026,5222,1.0000
17027,5222,1.0000
17028,5222,1.0000
17029,5222,1.0000
17030,5222,1.0000
17031,5222,1.0000
17032,5222,1.0000
17033,5222,1.0000
17034,5222,1.0000
17035,5222,1.0000
17036,5222,1.0000
17037,5222,1.0000
17038,5222,1.0000
17039,5222,1.0000
17040,5222,1.0000
17041,5222,1.0000
17042,5222,1.0000
17043,5222,1.0000
17044,5222,1.0000
17045,5222,1.0000
17046,5222,1.0000
17047,5222,1.0000
17048,5222,1.0000
17049,5222,1.0000
17050,5222,1.0000
17051,5222,1.0000
17052,5222,1.0000
17053,5222,1.0000
17054,5222,1.0000
17055,5222,1.0000
17056,5222,1.0000
17057,5222,1.0000
17058,5222,1.0000
17059,5222,1.0000
17060,5222,1.0000
17061,5222,1.0000
17062,5222,1.0000
17063,5222,1.0000
17064,5222,1.0000
17065,5222,1.0000
17066,5222,1.0000
17067,5222,1.0000
17068,5222,1.0000
17069,5222,1.0000
17070,5222,1.0000
17071,5222,1.0000
17072,5222,1.0000
17073,5222,1.0000
17074,5222,1.0000
17075,5222,1.0000
17076,5222,1.0000
17077,5222,1.0000
17078,5222,1.0000
17079,5222,1.0000
17080,5222,1.0000
17081,5222,1.0000
17082,5222,1.0000
17083,5222,.9453
17083,-999,.0547
17084,-999,.7258
17084,5222,.2742
17085,-999,1.0000
17086,-999,.3952
17086,5222,.6048
17087,-999,.5280
17087,5222,.4720
17088,-999,.8915
17088,5222,.1085
17089,-999,.8374
17089,5222,.1626
17090,-999,.2462
17090,5222,.7538
17091,-999,.8080
17091,5222,.1920
17092,-999,1.0000
17093,-999,1.0000
17094,-999,1.0000
17095,-999,1.0000
17096,-999,1.0000
17097,-999,1.0000
17098,-999,1.0000
17099,-999,1.0000
17100,-999,1.0000
17101,-999,1.0000
17102,-999,1.0000
17103,-999,1.0000
17104,-999,1.0000
17105,-999,1.0000
17106,-999,1.0000
17107,-999,1.0000
17108,-999,1.0000
17109,-999,1.0000
17110,-999,1.0000
17111,-999,1.0000
17112,-999,.9920
17112,5277,.0080
17113,5277,.6953
17113,-999,.3047
17114,5277,1.0000
17115,5675,1.0000
17116,5675,1.0000
17117,5675,1.0000
17118,5675,1.0000
17119,5675,1.0000
17120,5675,1.0000
17121,5675,1.0000
17122,5675,1.0000
17123,5675,1.0000
17124,5675,1.0000
17125,5675,1.0000
17126,5675,1.0000
17127,5675,1.0000
17128,5675,1.0000
17129,5675,1.0000
17130,5675,1.0000
17131,5675,1.0000
17132,5675,1.0000
17133,5675,1.0000
17134,5675,1.0000
17135,5675,1.0000
17136,5675,1.0000
17137,5675,1.0000
17138,5675,1.0000
17139,5675,1.0000
17140,5675,1.0000
17141,5675,1.0000
17142,5675,1.0000
17143,5675,1.0000
17144,5675,1.0000
17145,5675,1.0000
17146,5675,1.0000
17147,5675,1.0000
17148,5675,1.0000
17149,5675,1.0000
17150,5675,.9048
17150,5222,.0952
17151,5222,.5354
17151,5675,.4646
17152,5222,.9919
17152,5675,.0081
17153,5222,1.0000
17154,5222,1.0000
17155,5222,1.0000
17156,5222,1.0000
17157,5222,1.0000
17158,5222,1.0000
17159,5222,1.0000
17160,5222,1.0000
17161,5222,1.0000
17162,5222,1.0000
17163,5222,1.0000
17164,5222,1.0000
17165,5222,1.0000
17166,5222,1.0000
17167,5222,1.0000
17168,5222,1.0000
17169,5222,1.0000
17170,5222,1.0000
17171,5222,1.0000
17172,5222,1.0000
17173,5222,1.0000
17174,5222,1.0000
17175,5222,1.0000
17176,5222,1.0000
17177,5222,1.0000
17178,5222,1.0000
17179,5222,1.0000
17180,5222,1.0000
17181,5222,1.0000
17182,5222,1.0000
17183,5222,1.0000
17184,5222,1.0000
17185,5222,1.0000
17186,5222,1.0000
17187,5222,1.0000
17188,5222,1.0000
17189,5222,1.0000
17190,5222,1.0000
17191,5222,1.0000
17192,5222,1.0000
17193,5222,1.0000
17194,5222,1.0000
17195,5222,1.0000
17196,5222,1.0000
17197,5222,1.0000
17198,5222,1.0000
17199,5222,1.0000
17200,5222,1.0000
17201,5222,1.0000
17202,5222,1.0000
17203,5222,1.0000
17204,5222,1.0000
17205,5222,1.0000
17206,5222,1.0000
17207,5222,1.0000
17208,5222,1.0000
17209,5222,1.0000
17210,5222,1.0000
17211,5222,1.0000
17212,5222,1.0000
17213,5222,1.0000
17214,5222,1.0000
17215,5222,1.0000
17216,5222,1.0000
17217,5222,1.0000
17218,5222,1.0000
17219,5222,1.0000
17220,5222,1.0000
17221,5222,1.0000
17222,5222,1.0000
17223,5222,1.0000
17224,5222,1.0000
17225,5222,1.0000
17226,5222,1.0000
17227,5222,1.0000
17228,5222,1.0000
17229,5222,1.0000
17230,5222,1.0000
17231,5222,1.0000
17232,5222,1.0000
17233,5222,1.0000
17234,5222,1.0000
17235,5222,1.0000
17236,5222,1.0000
17237,5222,1.0000
17238,5222,1.0000
17239,5222,1.0000
17240,5222,1.0000
17241,5222,1.0000
17242,5222,1.0000
17243,5222,1.0000
17244,5222,1.0000
17245,5222,1.0000
17246,5222,1.0000
17247,5222,1.0000
17248,5222,1.0000
17249,5222,1.0000
17250,5222,1.0000
17251,5222,1.0000
17252,5222,1.0000
17253,5222,1.0000
17254,5222,1.0000
17255,5222,1.0000
17256,5222,1.0000
17257,5222,1.0000
17258,5222,1.0000
17259,5222,1.0000
17260,5222,1.0000
17261,5222,1.0000
17262,5222,1.0000
17263,5222,1.0000
17264,5222,1.0000
17265,5222,1.0000
17266,5222,1.0000
17267,5222,1.0000
17268,5222,1.0000
17269,5222,1.0000
17270,5222,1.0000
17271,5222,1.0000
17272,5222,1.0000
17273,5222,1.0000
17274,5222,1.0000
17275,5222,1.0000
17276,5222,1.0000
17277,5222,1.0000
17278,5222,1.0000
17279,5222,1.0000
17280,5222,1.0000
17281,5222,1.0000
17282,5222,1.0000
17283,5222,.9846
17283,-999,.0154
17284,-999,.3740
17284,5222,.6260
17285,-999,.0308
17285,5222,.9692
17286,5222,1.0000
17287,5222,.7540
17287,-999,.2460
17288,-999,.0157
17288,5222,.9843
17289,5222,.9600
17289,-999,.0400
17290,5222,.2578
17290,-999,.7422
17291,-999,1.0000
17292,-999,1.0000
17293,-999,1.0000
17294,-999,1.0000
17295,-999,1.0000
17296,-999,1.0000
17297,-999,1.0000
17298,-999,1.0000
17299,-999,1.0000
17300,-999,1.0000
17301,-999,1.0000
17302,-999,1.0000
17303,-999,1.0000
17304,-999,1.0000
17305,-999,1.0000
17306,-999,1.0000
17307,-999,1.0000
17308,-999,1.0000
17309,-999,1.0000
17310,-999,1.0000
17311,-999,1.0000
17312,5277,.2000
17312,-999,.8000
17313,5277,1.0000
17314,5675,1.0000
17315,5675,1.0000
17316,5675,1.0000
17317,5675,1.0000
17318,5675,1.0000
17319,5675,1.0000
17320,5675,1.0000
17321,5675,1.0000
17322,5675,1.0000
17323,5675,1.0000
17324,5675,1.0000
17325,5675,1.0000
17326,5675,1.0000
17327,5675,1.0000
17328,5675,1.0000
17329,5675,1.0000
17330,5675,1.0000
17331,5675,1.0000
17332,5675,1.0000
17333,5675,1.0000
17334,5675,1.0000
17335,5675,1.0000
17336,5675,1.0000
17337,5675,1.0000
17338,5675,1.0000
17339,5675,1.0000
17340,5675,1.0000
17341,5675,1.0000
17342,5675,1.0000
17343,5675,1.0000
17344,5675,1.0000
17345,5675,1.0000
17346,5675,1.0000
17347,5675,1.0000
17348,5675,1.0000
17349,5675,1.0000
17350,5675,.8837
17350,5222,.1163
17351,5675,.0238
17351,5222,.9762
17352,5222,1.0000
17353,5222,1.0000
17354,5222,1.0000
17355,5222,1.0000
17356,5222,1.0000
17357,5222,1.0000
17358,5222,1.0000
17359,5222,1.0000
17360,5222,1.0000
17361,5222,1.0000
17362,5222,1.0000
17363,5222,1.0000
17364,5222,1.0000
17365,5222,1.0000
17366,5222,1.0000
17367,5222,1.0000
17368,5222,1.0000
17369,5222,1.0000
17370,5222,1.0000
17371,5222,1.0000
17372,5222,1.0000
17373,5222,1.0000
17374,5222,1.0000
17375,5222,1.0000
17376,5222,1.0000
17377,5222,1.0000
17378,5222,1.0000
17379,5222,1.0000
17380,5222,1.0000
17381,5222,1.0000
17382,5222,1.0000
17383,5222,1.0000
17384,5222,1.0000
17385,5222,1.0000
17386,5222,1.0000
17387,5222,1.0000
17388,5222,1.0000
17389,5222,1.0000
17390,5222,1.0000
17391,5222,1.0000
17392,5222,1.0000
17393,5222,1.0000
17394,5222,1.0000
17395,5222,1.0000
17396,5222,1.0000
17397,5222,1.0000
17398,5222,1.0000
17399,5222,1.0000
17400,5222,1.0000
17401,5222,1.0000
17402,5222,1.0000
17403,5222,1.0000
17404,5222,1.0000
17405,5222,1.0000
17406,5222,1.0000
17407,5222,1.0000
17408,5222,1.0000
17409,5222,1.0000
17410,5222,1.0000
17411,5222,1.0000
17412,5222,1.0000
17413,5222,1.0000
17414,5222,1.0000
17415,5222,1.0000
17416,5222,1.0000
17417,5222,1.0000
17418,5222,1.0000
17419,5222,1.0000
17420,5222,1.0000
17421,5222,1.0000
17422,5222,1.0000
17423,5222,1.0000
17424,5222,1.0000
17425,5222,1.0000
17426,5222,1.0000
17427,5222,1.0000
17428,5222,1.0000
17429,5222,1.0000
17430,5222,1.0000
17431,5222,1.0000
17432,5222,1.0000
17433,5222,1.0000
17434,5222,1.0000
17435,5222,1.0000
17436,5222,1.0000
17437,5222,1.0000
17438,5222,1.0000
17439,5222,1.0000
17440,5222,1.0000
17441,5222,1.0000
17442,5222,1.0000
17443,5222,1.0000
17444,5222,1.0000
17445,5222,1.0000
17446,5222,1.0000
17447,5222,1.0000
17448,5222,1.0000
17449,5222,1.0000
17450,5222,1.0000
17451,5222,1.0000
17452,5222,1.0000
17453,5222,1.0000
17454,5222,1.0000
17455,5222,1.0000
17456,5222,1.0000
17457,5222,1.0000
17458,5222,1.0000
17459,5222,1.0000
17460,5222,1.0000
17461,5222,1.0000
17462,5222,1.0000
17463,5222,1.0000
17464,5222,1.0000
17465,5222,1.0000
17466,5222,1.0000
17467,5222,1.0000
17468,5222,1.0000
17469,5222,1.0000
17470,5222,1.0000
17471,5222,1.0000
17472,5222,1.0000
17473,5222,1.0000
17474,5222,1.0000
17475,5222,1.0000
17476,5222,1.0000
17477,5222,1.0000
17478,5222,1.0000
17479,5222,1.0000
17480,5222,1.0000
17481,5222,1.0000
17482,5222,1.0000
17483,5222,1.0000
17484,5222,1.0000
17485,5222,1.0000
17486,5222,1.0000
17487,5222,1.0000
17488,5222,.9919
17488,-999,.0081
17489,5222,.9444
17489,-999,.0556
17490,-999,.8359
17490,5222,.1641
17491,-999,1.0000
17492,-999,1.0000
17493,-999,1.0000
17494,-999,1.0000
17495,-999,1.0000
17496,-999,1.0000
17497,-999,1.0000
17498,-999,1.0000
17499,-999,1.0000
17500,-999,1.0000
17501,-999,1.0000
17502,-999,1.0000
17503,-999,1.0000
17504,-999,1.0000
17505,-999,1.0000
17506,-999,1.0000
17507,-999,1.0000
17508,-999,1.0000
17509,-999,1.0000
17510,-999,1.0000
17511,-999,.9921
17511,5277,.0079
17512,5277,.7222
17512,-999,.2778
17513,5675,1.0000
17514,5675,1.0000
17515,5675,1.0000
17516,5675,1.0000
17517,5675,1.0000
17518,5675,1.0000
17519,5675,1.0000
17520,5675,1.0000
17521,5675,1.0000
17522,5675,1.0000
17523,5675,1.0000
17524,5675,1.0000
17525,5675,1.0000
17526,5675,1.0000
17527,5675,1.0000
17528,5675,1.0000
17529,5675,1.0000
17530,5675,1.0000
17531,5675,1.0000
17532,5675,1.0000
17533,5675,1.0000
17534,5675,1.0000
17535,5675,1.0000
17536,5675,1.0000
17537,5675,1.0000
17538,5675,1.0000
17539,5675,1.0000
17540,5675,1.0000
17541,5675,1.0000
17542,5675,1.0000
17543,5675,1.0000
17544,5675,1.0000
17545,5675,1.0000
17546,5675,1.0000
17547,5675,1.0000
17548,5675,1.0000
17549,5675,.5702
17549,5222,.4298
17550,5222,1.0000
17551,5222,1.0000
17552,5222,1.0000
17553,5222,1.0000
17554,5222,1.0000
17555,5222,1.0000
17556,5222,1.0000
17557,5222,1.0000
17558,5222,1.0000
17559,5222,1.0000
17560,5222,1.0000
17561,5222,1.0000
17562,5222,1.0000
17563,5222,1.0000
17564,5222,1.0000
17565,5222,1.0000
17566,5222,1.0000
17567,5222,1.0000
17568,5222,1.0000
17569,5222,1.0000
17570,5222,1.0000
17571,5222,1.0000
17572,5222,1.0000
17573,5222,1.0000
17574,5222,1.0000
17575,5222,1.0000
17576,5222,1.0000
17577,5222,1.0000
17578,5222,1.0000
17579,5222,1.0000
17580,5222,1.0000
17581,5222,1.0000
17582,5222,1.0000
17583,5222,1.0000
17584,5222,1.0000
17585,5222,1.0000
17586,5222,1.0000
17587,5222,1.0000
17588,5222,1.0000
17589,5222,1.0000
17590,5222,1.0000
17591,5222,1.0000
17592,5222,1.0000
17593,5222,1.0000
17594,5222,1.0000
17595,5222,1.0000
17596,5222,1.0000
17597,5222,1.0000
17598,5222,1.0000
17599,5222,1.0000
17600,5222,1.0000
17601,5222,1.0000
17602,5222,1.0000
17603,5222,1.0000
17604,5222,1.0000
17605,5222,1.0000
17606,5222,1.0000
17607,5222,1.0000
17608,5222,1.0000
17609,5222,1.0000
17610,5222,1.0000
17611,5222,1.0000
17612,5222,1.0000
17613,5222,1.0000
17614,5222,1.0000
17615,5222,1.0000
17616,5222,1.0000
17617,5222,1.0000
17618,5222,1.0000
17619,5222,1.0000
17620,5222,1.0000
17621,5222,1.0000
17622,5222,1.0000
17623,5222,1.0000
17624,5222,1.0000
17625,5222,1.0000
17626,5222,1.0000
17627,5222,1.0000
17628,5222,1.0000
17629,5222,1.0000
17630,5222,1.0000
17631,5222,1.0000
17632,5222,1.0000
17633,5222,1.0000
17634,5222,1.0000
17635,5222,1.0000
17636,5222,1.0000
17637,5222,1.0000
17638,5222,1.0000
17639,5222,1.0000
17640,5222,1.0000
17641,5222,1.0000
17642,5222,1.0000
17643,5222,1.0000
17644,5222,1.0000
17645,5222,1.0000
17646,5222,1.0000
17647,5222,1.0000
17648,5222,1.0000
17649,5222,1.0000
17650,5222,1.0000
17651,5222,1.0000
17652,5222,1.0000
17653,5222,1.0000
17654,5222,1.0000
17655,5222,1.0000
17656,5222,1.0000
17657,5222,1.0000
17658,5222,1.0000
17659,5222,1.0000
17660,5222,1.0000
17661,5222,1.0000
17662,5222,1.0000
17663,5222,1.0000
17664,5222,1.0000
17665,5222,1.0000
17666,5222,1.0000
17667,5222,1.0000
17668,5222,1.0000
17669,5222,1.0000
17670,5222,1.0000
17671,5222,1.0000
17672,5222,1.0000
17673,5222,1.0000
17674,5222,1.0000
17675,5222,1.0000
17676,5222,1.0000
17677,5222,1.0000
17678,5222,1.0000
17679,5222,1.0000
17680,5222,1.0000
17681,5222,1.0000
17682,5222,1.0000
17683,5222,1.0000
17684,5222,1.0000
17685,5222,1.0000
17686,5222,1.0000
17687,5222,.5692
17687,-999,.4308
17688,5222,.2480
17688,-999,.7520
17689,5222,.0320
17689,-999,.9680
17690,-999,1.0000
17691,-999,1.0000
17692,-999,1.0000
17693,-999,1.0000
17694,-999,1.0000
17695,-999,1.0000
17696,-999,1.0000
17697,-999,1.0000
17698,-999,1.0000
17699,-999,1.0000
17700,-999,1.0000
17701,-999,1.0000
17702,-999,1.0000
17703,-999,1.0000
17704,-999,1.0000
17705,-999,1.0000
17706,-999,1.0000
17707,-999,1.0000
17708,-999,1.0000
17709,-999,1.0000
17710,-999,1.0000
17711,-999,.8661
17711,5277,.1339
17712,5675,1.0000
17713,5675,1.0000
17714,5675,1.0000
17715,5675,1.0000
17716,5675,1.0000
17717,5675,1.0000
17718,5675,1.0000
17719,5675,1.0000
17720,5675,1.0000
17721,5675,1.0000
17722,5675,1.0000
17723,5675,1.0000
17724,5675,1.0000
17725,5675,1.0000
17726,5675,1.0000
17727,5675,1.0000
17728,5675,1.0000
17729,5675,1.0000
17730,5675,1.0000
17731,5675,1.0000
17732,5675,1.0000
17733,5675,1.0000
17734,5675,1.0000
17735,5675,1.0000
17736,5675,1.0000
17737,5675,1.0000
17738,5675,1.0000
17739,5675,1.0000
17740,5675,1.0000
17741,5675,1.0000
17742,5675,1.0000
17743,5675,1.0000
17744,5675,1.0000
17745,5675,1.0000
17746,5675,1.0000
17747,5675,.7600
17747,5674,.2400
17748,5675,.2205
17748,5222,.7638
17748,5674,.0157
17749,5222,1.0000
17750,5222,1.0000
17751,5222,1.0000
17752,5222,1.0000
17753,5222,1.0000
17754,5222,1.0000
17755,5222,1.0000
17756,5222,1.0000
17757,5222,1.0000
17758,5222,1.0000
17759,5222,1.0000
17760,5222,1.0000
17761,5222,1.0000
17762,5222,1.0000
17763,5222,1.0000
17764,5222,1.0000
17765,5222,1.0000
17766,5222,1.0000
17767,5222,1.0000
17768,5222,1.0000
17769,5222,1.0000
17770,5222,1.0000
17771,5222,1.0000
17772,5222,1.0000
17773,5222,1.0000
17774,5222,1.0000
17775,5222,1.0000
17776,5222,1.0000
17777,5222,1.0000
17778,5222,1.0000
17779,5222,1.0000
17780,5222,1.0000
17781,5222,1.0000
17782,5222,1.0000
17783,5222,1.0000
17784,5222,1.0000
17785,5222,1.0000
17786,5222,1.0000
17787,5222,1.0000
17788,5222,1.0000
17789,5222,1.0000
17790,5222,1.0000
17791,5222,1.0000
17792,5222,1.0000
17793,5222,1.0000
17794,5222,1.0000
17795,5222,1.0000
17796,5222,1.0000
17797,5222,1.0000
17798,5222,1.0000
17799,5222,1.0000
17800,5222,1.0000
17801,5222,1.0000
17802,5222,1.0000
17803,5222,1.0000
17804,5222,1.0000
17805,5222,1.0000
17806,5222,1.0000
17807,5222,1.0000
17808,5222,1.0000
17809,5222,1.0000
17810,5222,1.0000
17811,5222,1.0000
17812,5222,1.0000
17813,5222,1.0000
17814,5222,1.0000
17815,5222,1.0000
17816,5222,1.0000
17817,5222,1.0000
17818,5222,1.0000
17819,5222,1.0000
17820,5222,1.0000
17821,5222,1.0000
17822,5222,1.0000
17823,5222,1.0000
17824,5222,1.0000
17825,5222,1.0000
17826,5222,1.0000
17827,5222,1.0000
17828,5222,1.0000
17829,5222,1.0000
17830,5222,1.0000
17831,5222,1.0000
17832,5222,1.0000
17833,5222,1.0000
17834,5222,1.0000
17835,5222,1.0000
17836,5222,1.0000
17837,5222,1.0000
17838,5222,1.0000
17839,5222,1.0000
17840,5222,1.0000
17841,5222,1.0000
17842,5222,1.0000
17843,5222,1.0000
17844,5222,1.0000
17845,5222,1.0000
17846,5222,1.0000
17847,5222,1.0000
17848,5222,1.0000
17849,5222,1.0000
17850,5222,1.0000
17851,5222,1.0000
17852,5222,1.0000
17853,5222,1.0000
17854,5222,1.0000
17855,5222,1.0000
17856,5222,1.0000
17857,5222,1.0000
17858,5222,1.0000
17859,5222,1.0000
17860,5222,1.0000
17861,5222,1.0000
17862,5222,1.0000
17863,5222,1.0000
17864,5222,1.0000
17865,5222,1.0000
17866,5222,1.0000
17867,5222,1.0000
17868,5222,1.0000
17869,5222,1.0000
17870,5222,1.0000
17871,5222,1.0000
17872,5222,1.0000
17873,5222,1.0000
17874,5222,1.0000
17875,5222,1.0000
17876,5222,1.0000
17877,5222,1.0000
17878,5222,1.0000
17879,5222,1.0000
17880,5222,1.0000
17881,5222,1.0000
17882,5222,1.0000
17883,5222,1.0000
17884,5222,1.0000
17885,5222,1.0000
17886,5222,.4400
17886,-999,.5600
17887,-999,.6875
17887,5222,.3125
17888,-999,.3730
17888,5222,.6270
17889,-999,.6953
17889,5222,.3047
17890,-999,1.0000
17891,-999,1.0000
17892,-999,1.0000
17893,-999,1.0000
17894,-999,1.0000
17895,-999,1.0000
17896,-999,1.0000
17897,-999,1.0000
17898,-999,1.0000
17899,-999,1.0000
17900,-999,1.0000
17901,-999,1.0000
17902,-999,1.0000
17903,-999,1.0000
17904,-999,1.0000
17905,-999,1.0000
17906,-999,1.0000
17907,-999,1.0000
17908,-999,1.0000
17909,-999,1.0000
17910,-999,1.0000
17911,5675,1.0000
17912,5675,1.0000
17913,5675,1.0000
17914,5675,1.0000
17915,5675,1.0000
17916,5675,1.0000
17917,5675,1.0000
17918,5675,1.0000
17919,5675,1.0000
17920,5675,1.0000
17921,5675,1.0000
17922,5675,1.0000
17923,5675,1.0000
17924,5675,1.0000
17925,5675,1.0000
17926,5675,1.0000
17927,5675,1.0000
17928,5675,1.0000
17929,5675,1.0000
17930,5675,1.0000
17931,5675,1.0000
17932,5675,1.0000
17933,5675,1.0000
17934,5675,1.0000
17935,5675,1.0000
17936,5675,1.0000
17937,5675,1.0000
17938,5675,1.0000
17939,5675,1.0000
17940,5675,1.0000
17941,5675,1.0000
17942,5675,1.0000
17943,5675,1.0000
17944,5675,1.0000
17945,5675,.8397
17945,5674,.1603
17946,5675,.0317
17946,5674,.9683
17947,5674,.1562
17947,5222,.8437
17948,5222,1.0000
17949,5222,1.0000
17950,5222,1.0000
17951,5222,1.0000
17952,5222,1.0000
17953,5222,1.0000
17954,5222,1.0000
17955,5222,1.0000
17956,5222,1.0000
17957,5222,1.0000
17958,5222,1.0000
17959,5222,1.0000
17960,5222,1.0000
17961,5222,1.0000
17962,5222,1.0000
17963,5222,1.0000
17964,5222,1.0000
17965,5222,1.0000
17966,5222,1.0000
17967,5222,1.0000
17968,5222,1.0000
17969,5222,1.0000
17970,5222,1.0000
17971,5222,1.0000
17972,5222,1.0000
17973,5222,1.0000
17974,5222,1.0000
17975,5222,1.0000
17976,5222,1.0000
17977,5222,1.0000
17978,5222,1.0000
17979,5222,1.0000
17980,5222,1.0000
17981,5222,1.0000
17982,5222,1.0000
17983,5222,1.0000
17984,5222,1.0000
17985,5222,1.0000
17986,5222,1.0000
17987,5222,1.0000
17988,5222,1.0000
17989,5222,1.0000
17990,5222,1.0000
17991,5222,1.0000
17992,5222,1.0000
17993,5222,1.0000
17994,5222,1.0000
17995,5222,1.0000
17996,5222,1.0000
17997,5222,1.0000
17998,5222,1.0000
17999,5222,1.0000
18000,5222,1.0000
18001,5222,1.0000
18002,5222,1.0000
18003,5222,1.0000
18004,5222,1.0000
18005,5222,1.0000
18006,5222,1.0000
18007,5222,1.0000
18008,5222,1.0000
18009,5222,1.0000
18010,5222,1.0000
18011,5222,1.0000
18012,5222,1.0000
18013,5222,1.0000
18014,5222,1.0000
18015,5222,1.0000
18016,5222,1.0000
18017,5222,1.0000
18018,5222,1.0000
18019,5222,1.0000
18020,5222,1.0000
18021,5222,1.0000
18022,5222,1.0000
18023,5222,1.0000
18024,5222,1.0000
18025,5222,1.0000
18026,5222,1.0000
18027,5222,1.0000
18028,5222,1.0000
18029,5222,1.0000
18030,5222,1.0000
18031,5222,1.0000
18032,5222,1.0000
18033,5222,1.0000
18034,5222,1.0000
18035,5222,1.0000
18036,5222,1.0000
18037,5222,1.0000
18038,5222,1.0000
18039,5222,1.0000
18040,5222,1.0000
18041,5222,1.0000
18042,5222,1.0000
18043,5222,1.0000
18044,5222,1.0000
18045,5222,1.0000
18046,5222,1.0000
18047,5222,1.0000
18048,5222,1.0000
18049,5222,1.0000
18050,5222,1.0000
18051,5222,1.0000
18052,5222,1.0000
18053,5222,1.0000
18054,5222,1.0000
18055,5222,1.0000
18056,5222,1.0000
18057,5222,1.0000
18058,5222,1.0000
18059,5222,1.0000
18060,5222,1.0000
18061,5222,1.0000
18062,5222,1.0000
18063,5222,1.0000
18064,5222,1.0000
18065,5222,1.0000
18066,5222,1.0000
18067,5222,1.0000
18068,5222,1.0000
18069,5222,1.0000
18070,5222,1.0000
18071,5222,1.0000
18072,5222,1.0000
18073,5222,1.0000
18074,5222,1.0000
18075,5222,1.0000
18076,5222,1.0000
18077,5222,1.0000
18078,5222,1.0000
18079,5222,1.0000
18080,5222,1.0000
18081,5222,1.0000
18082,5222,1.0000
18083,5222,1.0000
18084,5222,1.0000
18085,5222,.9760
18085,-999,.0240
18086,-999,.0945
18086,5222,.9055
18087,5222,1.0000
18088,-999,.1452
18088,5222,.8548
18089,-999,.6172
18089,5222,.3828
18090,-999,1.0000
18091,-999,1.0000
18092,-999,1.0000
18093,-999,1.0000
18094,-999,1.0000
18095,-999,1.0000
18096,-999,1.0000
18097,-999,1.0000
18098,-999,1.0000
18099,-999,1.0000
18100,-999,1.0000
18101,-999,1.0000
18102,-999,1.0000
18103,-999,1.0000
18104,-999,1.0000
18105,-999,1.0000
18106,-999,1.0000
18107,-999,1.0000
18108,-999,1.0000
18109,-999,1.0000
18110,5675,1.0000
18111,5675,1.0000
18112,5675,1.0000
18113,5675,1.0000
18114,5675,1.0000
18115,5675,1.0000
18116,5675,1.0000
18117,5675,1.0000
18118,5675,1.0000
18119,5675,1.0000
18120,5675,1.0000
18121,5675,1.0000
18122,5675,1.0000
18123,5675,1.0000
18124,5675,1.0000
18125,5675,1.0000
18126,5675,1.0000
18127,5675,1.0000
18128,5675,1.0000
18129,5675,1.0000
18130,5675,1.0000
18131,5675,1.0000
18132,5675,1.0000
18133,5675,1.0000
18134,5675,1.0000
18135,5675,1.0000
18136,5675,1.0000
18137,5675,1.0000
18138,5675,1.0000
18139,5675,1.0000
18140,5675,1.0000
18141,5675,1.0000
18142,5675,1.0000
18143,5675,.9690
18143,5674,.0310
18144,5675,.2439
18144,5674,.7561
18145,5674,1.0000
18146,5674,.2422
18146,5222,.7578
18147,5222,1.0000
18148,5222,1.0000
18149,5222,1.0000
18150,5222,1.0000
18151,5222,1.0000
18152,5222,1.0000
18153,5222,1.0000
18154,5222,1.0000
18155,5222,1.0000
18156,5222,1.0000
18157,5222,1.0000
18158,5222,1.0000
18159,5222,1.0000
18160,5222,1.0000
18161,5222,1.0000
18162,5222,1.0000
18163,5222,1.0000
18164,5222,1.0000
18165,5222,1.0000
18166,5222,1.0000
18167,5222,1.0000
18168,5222,1.0000
18169,5222,1.0000
18170,5222,1.0000
18171,5222,1.0000
18172,5222,1.0000
18173,5222,1.0000
18174,5222,1.0000
18175,5222,1.0000
18176,5222,1.0000
18177,5222,1.0000
18178,5222,1.0000
18179,5222,1.0000
18180,5222,1.0000
18181,5222,1.0000
18182,5222,1.0000
18183,5222,1.0000
18184,5222,1.0000
18185,5222,1.0000
18186,5222,1.0000
18187,5222,1.0000
18188,5222,1.0000
18189,5222,1.0000
18190,5222,1.0000
18191,5222,1.0000
18192,5222,1.0000
18193,5222,1.0000
18194,5222,1.0000
18195,5222,1.0000
18196,5222,1.0000
18197,5222,1.0000
18198,5222,1.0000
18199,5222,1.0000
18200,5222,1.0000
18201,5222,1.0000
18202,5222,1.0000
18203,5222,1.0000
18204,5222,1.0000
18205,5222,1.0000
18206,5222,1.0000
18207,5222,1.0000
18208,5222,1.0000
18209,5222,1.0000
18210,5222,1.0000
18211,5222,1.0000
18212,5222,1.0000
18213,5222,1.0000
18214,5222,1.0000
18215,5222,1.0000
18216,5222,1.0000
18217,5222,1.0000
18218,5222,1.0000
18219,5222,1.0000
18220,5222,1.0000
18221,5222,1.0000
18222,5222,1.0000
18223,5222,1.0000
18224,5222,1.0000
18225,5222,1.0000
18226,5222,1.0000
18227,5222,1.0000
18228,5222,1.0000
18229,5222,1.0000
18230,5222,1.0000
18231,5222,1.0000
18232,5222,1.0000
18233,5222,1.0000
18234,5222,1.0000
18235,5222,1.0000
18236,5222,1.0000
18237,5222,1.0000
18238,5222,1.0000
18239,5222,1.0000
18240,5222,1.0000
18241,5222,1.0000
18242,5222,1.0000
18243,5222,1.0000
18244,5222,1.0000
18245,5222,1.0000
18246,5222,1.0000
18247,5222,1.0000
18248,5222,1.0000
18249,5222,1.0000
18250,5222,1.0000
18251,5222,1.0000
18252,5222,1.0000
18253,5222,1.0000
18254,5222,1.0000
18255,5222,1.0000
18256,5222,1.0000
18257,5222,1.0000
18258,5222,1.0000
18259,5222,1.0000
18260,5222,1.0000
18261,5222,1.0000
18262,5222,1.0000
18263,5222,1.0000
18264,5222,1.0000
18265,5222,1.0000
18266,5222,1.0000
18267,5222,1.0000
18268,5222,1.0000
18269,5222,1.0000
18270,5222,1.0000
18271,5222,1.0000
18272,5222,1.0000
18273,5222,1.0000
18274,5222,1.0000
18275,5222,1.0000
18276,5222,1.0000
18277,5222,1.0000
18278,5222,1.0000
18279,5222,1.0000
18280,5222,1.0000
18281,5222,1.0000
18282,5222,1.0000
18283,5222,1.0000
18284,5222,1.0000
18285,5222,1.0000
18286,5222,.9921
18286,-999,.0079
18287,5222,.4921
18287,-999,.5079
18288,-999,.9687
18288,5222,.0312
18289,-999,1.0000
18290,-999,1.0000
18291,-999,1.0000
18292,-999,1.0000
18293,-999,1.0000
18294,-999,1.0000
18295,-999,1.0000
18296,-999,1.0000
18297,-999,1.0000
18298,-999,1.0000
18299,-999,1.0000
18300,-999,1.0000
18301,-999,1.0000
18302,-999,1.0000
18303,-999,1.0000
18304,-999,1.0000
18305,-999,1.0000
18306,-999,1.0000
18307,-999,1.0000
18308,-999,1.0000
18309,5675,1.0000
18310,5675,1.0000
18311,5675,1.0000
18312,5675,1.0000
18313,5675,1.0000
18314,5675,1.0000
18315,5675,1.0000
18316,5675,1.0000
18317,5675,1.0000
18318,5675,1.0000
18319,5675,1.0000
18320,5675,1.0000
18321,5675,1.0000
18322,5675,1.0000
18323,5675,1.0000
18324,5675,1.0000
18325,5675,1.0000
18326,5675,1.0000
18327,5675,1.0000
18328,5675,1.0000
18329,5675,1.0000
18330,5675,1.0000
18331,5675,1.0000
18332,5675,1.0000
18333,5675,1.0000
18334,5675,1.0000
18335,5675,1.0000
18336,5675,1.0000
18337,5675,1.0000
18338,5675,1.0000
18339,5675,1.0000
18340,5675,1.0000
18341,5675,1.0000
18342,5675,.4844
18342,5674,.5156
18343,5674,1.0000
18344,5674,1.0000
18345,5674,.9194
18345,5222,.0806
18346,5222,.4773
18346,5674,.5227
18347,5222,.6111
18347,5674,.3889
18348,5222,.6279
18348,5674,.3721
18349,5222,.5935
18349,5674,.4065
18350,5222,.5758
18350,5674,.4242
18351,5222,.8130
18351,5674,.1870
18352,5222,.7287
18352,5674,.2713
18353,5222,.7200
18353,5674,.2800
18354,5222,1.0000
18355,5222,1.0000
18356,5222,1.0000
18357,5222,1.0000
18358,5222,1.0000
18359,5222,1.0000
18360,5222,1.0000
18361,5222,1.0000
18362,5222,1.0000
18363,5222,1.0000
18364,5222,1.0000
18365,5222,1.0000
18366,5222,1.0000
18367,5222,1.0000
18368,5222,1.0000
18369,5222,1.0000
18370,5222,1.0000
18371,5222,1.0000
18372,5222,1.0000
18373,5222,1.0000
18374,5222,1.0000
18375,5222,1.0000
18376,5222,1.0000
18377,5222,1.0000
18378,5222,1.0000
18379,5222,1.0000
18380,5222,1.0000
18381,5222,1.0000
18382,5222,1.0000
18383,5222,1.0000
18384,5222,1.0000
18385,5222,1.0000
18386,5222,1.0000
18387,5222,1.0000
18388,5222,1.0000
18389,5222,1.0000
18390,5222,1.0000
18391,5222,1.0000
18392,5222,1.0000
18393,5222,1.0000
18394,5222,1.0000
18395,5222,1.0000
18396,5222,1.0000
18397,5222,1.0000
18398,5222,1.0000
18399,5222,1.0000
18400,5222,1.0000
18401,5222,1.0000
18402,5222,1.0000
18403,5222,1.0000
18404,5222,1.0000
18405,5222,1.0000
18406,5222,1.0000
18407,5222,1.0000
18408,5222,1.0000
18409,5222,1.0000
18410,5222,1.0000
18411,5222,1.0000
18412,5222,1.0000
18413,5222,1.0000
18414,5222,1.0000
18415,5222,1.0000
18416,5222,1.0000
18417,5222,1.0000
18418,5222,1.0000
18419,5222,1.0000
18420,5222,1.0000
18421,5222,1.0000
18422,5222,1.0000
18423,5222,1.0000
18424,5222,1.0000
18425,5222,1.0000
18426,5222,1.0000
18427,5222,1.0000
18428,5222,1.0000
18429,5222,1.0000
18430,5222,1.0000
18431,5222,1.0000
18432,5222,1.0000
18433,5222,1.0000
18434,5222,1.0000
18435,5222,1.0000
18436,5222,1.0000
18437,5222,1.0000
18438,5222,1.0000
18439,5222,1.0000
18440,5222,1.0000
18441,5222,1.0000
18442,5222,1.0000
18443,5222,1.0000
18444,5222,1.0000
18445,5222,1.0000
18446,5222,1.0000
18447,5222,1.0000
18448,5222,1.0000
18449,5222,1.0000
18450,5222,1.0000
18451,5222,1.0000
18452,5222,1.0000
18453,5222,1.0000
18454,5222,1.0000
18455,5222,1.0000
18456,5222,1.0000
18457,5222,1.0000
18458,5222,1.0000
18459,5222,1.0000
18460,5222,1.0000
18461,5222,1.0000
18462,5222,1.0000
18463,5222,1.0000
18464,5222,1.0000
18465,5222,1.0000
18466,5222,1.0000
18467,5222,1.0000
18468,5222,1.0000
18469,5222,1.0000
18470,5222,1.0000
18471,5222,1.0000
18472,5222,1.0000
18473,5222,1.0000
18474,5222,1.0000
18475,5222,1.0000
18476,5222,1.0000
18477,5222,1.0000
18478,5222,1.0000
18479,5222,1.0000
18480,5222,1.0000
18481,5222,1.0000
18482,5222,1.0000
18483,5222,1.0000
18484,5222,1.0000
18485,5222,.9920
18485,-999,.0080
18486,-999,.2769
18486,5222,.7231
18487,-999,.9280
18487,5222,.0720
18488,-999,.7760
18488,5222,.2240
18489,-999,.9008
18489,5222,.0992
18490,-999,1.0000
18491,-999,1.0000
18492,-999,1.0000
18493,-999,1.0000
18494,-999,1.0000
18495,-999,1.0000
18496,-999,1.0000
18497,-999,1.0000
18498,-999,1.0000
18499,-999,1.0000
18500,-999,1.0000
18501,-999,1.0000
18502,-999,1.0000
18503,-999,1.0000
18504,-999,1.0000
18505,-999,1.0000
18506,-999,1.0000
18507,-999,1.0000
18508,5675,1.0000
18509,5675,1.0000
18510,5675,1.0000
18511,5675,1.0000
18512,5675,1.0000
18513,5675,1.0000
18514,5675,1.0000
18515,5675,1.0000
18516,5675,1.0000
18517,5675,1.0000
18518,5675,1.0000
18519,5675,1.0000
18520,5675,1.0000
18521,5675,1.0000
18522,5675,1.0000
18523,5675,1.0000
18524,5675,1.0000
18525,5675,1.0000
18526,5675,1.0000
18527,5675,1.0000
18528,5675,1.0000
18529,5675,1.0000
18530,5675,1.0000
18531,5675,1.0000
18532,5675,1.0000
18533,5675,1.0000
18534,5675,1.0000
18535,5675,1.0000
18536,5675,1.0000
18537,5675,1.0000
18538,5675,1.0000
18539,5675,1.0000
18540,5675,.7863
18540,5674,.2137
18541,5675,.0242
18541,5674,.9758
18542,5674,1.0000
18543,5674,1.0000
18544,5674,1.0000
18545,5674,1.0000
18546,5674,1.0000
18547,5674,1.0000
18548,5674,1.0000
18549,5674,1.0000
18550,5674,.9923
18550,5222,.0077
18551,5674,1.0000
18552,5674,.8750
18552,5222,.1250
18553,5222,.9431
18553,5674,.0569
18554,5222,1.0000
18555,5222,1.0000
18556,5222,1.0000
18557,5222,1.0000
18558,5222,1.0000
18559,5222,1.0000
18560,5222,1.0000
18561,5222,1.0000
18562,5222,1.0000
18563,5222,1.0000
18564,5222,1.0000
18565,5222,1.0000
18566,5222,1.0000
18567,5222,1.0000
18568,5222,1.0000
18569,5222,1.0000
18570,5222,1.0000
18571,5222,1.0000
18572,5222,1.0000
18573,5222,1.0000
18574,5222,1.0000
18575,5222,1.0000
18576,5222,1.0000
18577,5222,1.0000
18578,5222,1.0000
18579,5222,1.0000
18580,5222,1.0000
18581,5222,1.0000
18582,5222,1.0000
18583,5222,1.0000
18584,5222,1.0000
18585,5222,1.0000
18586,5222,1.0000
18587,5222,1.0000
18588,5222,1.0000
18589,5222,1.0000
18590,5222,1.0000
18591,5222,1.0000
18592,5222,1.0000
18593,5222,1.0000
18594,5222,1.0000
18595,5222,1.0000
18596,5222,1.0000
18597,5222,1.0000
18598,5222,1.0000
18599,5222,1.0000
18600,5222,1.0000
18601,5222,1.0000
18602,5222,1.0000
18603,5222,1.0000
18604,5222,1.0000
18605,5222,1.0000
18606,5222,1.0000
18607,5222,1.0000
18608,5222,1.0000
18609,5222,1.0000
18610,5222,1.0000
18611,5222,1.0000
18612,5222,1.0000
18613,5222,1.0000
18614,5222,1.0000
18615,5222,1.0000
18616,5222,1.0000
18617,5222,1.0000
18618,5222,1.0000
18619,5222,1.0000
18620,5222,1.0000
18621,5222,1.0000
18622,5222,1.0000
18623,5222,1.0000
18624,5222,1.0000
18625,5222,1.0000
18626,5222,1.0000
18627,5222,1.0000
18628,5222,1.0000
18629,5222,1.0000
18630,5222,1.0000
18631,5222,1.0000
18632,5222,1.0000
18633,5222,1.0000
18634,5222,1.0000
18635,5222,1.0000
18636,5222,1.0000
18637,5222,1.0000
18638,5222,1.0000
18639,5222,1.0000
18640,5222,1.0000
18641,5222,1.0000
18642,5222,1.0000
18643,5222,1.0000
18644,5222,1.0000
18645,5222,1.0000
18646,5222,1.0000
18647,5222,1.0000
18648,5222,1.0000
18649,5222,1.0000
18650,5222,1.0000
18651,5222,1.0000
18652,5222,1.0000
18653,5222,1.0000
18654,5222,1.0000
18655,5222,1.0000
18656,5222,1.0000
18657,5222,1.0000
18658,5222,1.0000
18659,5222,1.0000
18660,5222,1.0000
18661,5222,1.0000
18662,5222,1.0000
18663,5222,1.0000
18664,5222,1.0000
18665,5222,1.0000
18666,5222,1.0000
18667,5222,1.0000
18668,5222,1.0000
18669,5222,1.0000
18670,5222,1.0000
18671,5222,1.0000
18672,5222,1.0000
18673,5222,1.0000
18674,5222,1.0000
18675,5222,1.0000
18676,5222,1.0000
18677,5222,1.0000
18678,5222,1.0000
18679,5222,1.0000
18680,5222,1.0000
18681,5222,1.0000
18682,5222,1.0000
18683,5222,1.0000
18684,5222,1.0000
18685,5222,.6032
18685,-999,.3968
18686,5222,.1240
18686,-999,.8760
18687,-999,.5234
18687,5222,.4766
18688,5222,.4640
18688,-999,.5360
18689,-999,.5703
18689,5222,.4297
18690,-999,1.0000
18691,-999,1.0000
18692,-999,1.0000
18693,-999,1.0000
18694,-999,1.0000
18695,-999,1.0000
18696,-999,1.0000
18697,-999,1.0000
18698,-999,1.0000
18699,-999,1.0000
18700,-999,1.0000
18701,-999,1.0000
18702,-999,1.0000
18703,-999,1.0000
18704,-999,1.0000
18705,-999,1.0000
18706,-999,1.0000
18707,5675,1.0000
18708,5675,1.0000
18709,5675,1.0000
18710,5675,1.0000
18711,5675,1.0000
18712,5675,1.0000
18713,5675,1.0000
18714,5675,1.0000
18715,5675,1.0000
18716,5675,1.0000
18717,5675,1.0000
18718,5675,1.0000
18719,5675,1.0000
18720,5675,1.0000
18721,5675,1.0000
18722,5675,1.0000
18723,5675,1.0000
18724,5675,1.0000
18725,5675,1.0000
18726,5675,1.0000
18727,5675,1.0000
18728,5675,1.0000
18729,5675,1.0000
18730,5675,1.0000
18731,5675,1.0000
18732,5675,1.0000
18733,5675,1.0000
18734,5675,1.0000
18735,5675,1.0000
18736,5675,1.0000
18737,5675,1.0000
18738,5675,1.0000
18739,5675,.3387
18739,5674,.6613
18740,5674,1.0000
18741,5674,1.0000
18742,5674,1.0000
18743,5674,1.0000
18744,5674,1.0000
18745,5674,1.0000
18746,5674,1.0000
18747,5674,1.0000
18748,5674,1.0000
18749,5674,1.0000
18750,5674,1.0000
18751,5674,1.0000
18752,5674,.1846
18752,5222,.8154
18753,5222,1.0000
18754,5222,1.0000
18755,5222,1.0000
18756,5222,1.0000
18757,5222,.8780
18757,5674,.1220
18758,5222,.5635
18758,5674,.4365
18759,5222,.5420
18759,5674,.4580
18760,5222,.3920
18760,5674,.6080
18761,5222,.4186
18761,5674,.5814
18762,5222,.5610
18762,5674,.4390
18763,5222,.9685
18763,5674,.0315
18764,5222,1.0000
18765,5222,1.0000
18766,5222,1.0000
18767,5222,1.0000
18768,5222,1.0000
18769,5222,1.0000
18770,5222,1.0000
18771,5222,1.0000
18772,5222,1.0000
18773,5222,1.0000
18774,5222,1.0000
18775,5222,1.0000
18776,5222,1.0000
18777,5222,1.0000
18778,5222,1.0000
18779,5222,1.0000
18780,5222,1.0000
18781,5222,1.0000
18782,5222,1.0000
18783,5222,1.0000
18784,5222,1.0000
18785,5222,1.0000
18786,5222,1.0000
18787,5222,1.0000
18788,5222,1.0000
18789,5222,1.0000
18790,5222,1.0000
18791,5222,1.0000
18792,5222,1.0000
18793,5222,1.0000
18794,5222,1.0000
18795,5222,1.0000
18796,5222,1.0000
18797,5222,1.0000
18798,5222,1.0000
18799,5222,1.0000
18800,5222,1.0000
18801,5222,1.0000
18802,5222,1.0000
18803,5222,1.0000
18804,5222,1.0000
18805,5222,1.0000
18806,5222,1.0000
18807,5222,1.0000
18808,5222,1.0000
18809,5222,1.0000
18810,5222,1.0000
18811,5222,1.0000
18812,5222,1.0000
18813,5222,1.0000
18814,5222,1.0000
18815,5222,1.0000
18816,5222,1.0000
18817,5222,1.0000
18818,5222,1.0000
18819,5222,1.0000
18820,5222,1.0000
18821,5222,1.0000
18822,5222,1.0000
18823,5222,1.0000
18824,5222,1.0000
18825,5222,1.0000
18826,5222,1.0000
18827,5222,1.0000
18828,5222,1.0000
18829,5222,1.0000
18830,5222,1.0000
18831,5222,1.0000
18832,5222,1.0000
18833,5222,1.0000
18834,5222,1.0000
18835,5222,1.0000
18836,5222,1.0000
18837,5222,1.0000
18838,5222,1.0000
18839,5222,1.0000
18840,5222,1.0000
18841,5222,1.0000
18842,5222,1.0000
18843,5222,1.0000
18844,5222,1.0000
18845,5222,1.0000
18846,5222,1.0000
18847,5222,1.0000
18848,5222,1.0000
18849,5222,1.0000
18850,5222,1.0000
18851,5222,1.0000
18852,5222,1.0000
18853,5222,1.0000
18854,5222,1.0000
18855,5222,1.0000
18856,5222,1.0000
18857,5222,1.0000
18858,5222,1.0000
18859,5222,1.0000
18860,5222,1.0000
18861,5222,1.0000
18862,5222,1.0000
18863,5222,1.0000
18864,5222,1.0000
18865,5222,1.0000
18866,5222,1.0000
18867,5222,1.0000
18868,5222,1.0000
18869,5222,1.0000
18870,5222,1.0000
18871,5222,1.0000
18872,5222,1.0000
18873,5222,1.0000
18874,5222,1.0000
18875,5222,1.0000
18876,5222,1.0000
18877,5222,1.0000
18878,5222,1.0000
18879,5222,1.0000
18880,5222,1.0000
18881,5222,1.0000
18882,5222,1.0000
18883,5222,1.0000
18884,-999,.1984
18884,5222,.8016
18885,-999,.4882
18885,5222,.5118
18886,-999,.1705
18886,5222,.8295
18887,5222,.7778
18887,-999,.2222
18888,5222,.8320
18888,-999,.1680
18889,-999,.8000
18889,5222,.2000
18890,-999,1.0000
18891,-999,1.0000
18892,-999,1.0000
18893,-999,1.0000
18894,-999,1.0000
18895,-999,1.0000
18896,-999,1.0000
18897,-999,1.0000
18898,-999,1.0000
18899,-999,1.0000
18900,-999,1.0000
18901,-999,1.0000
18902,-999,1.0000
18903,-999,1.0000
18904,-999,1.0000
18905,-999,1.0000
18906,5675,1.0000
18907,5675,1.0000
18908,5675,1.0000
18909,5675,1.0000
18910,5675,1.0000
18911,5675,1.0000
18912,5675,1.0000
18913,5675,1.0000
18914,5675,1.0000
18915,5675,1.0000
18916,5675,1.0000
18917,5675,1.0000
18918,5675,1.0000
18919,5675,1.0000
18920,5675,1.0000
18921,5675,1.0000
18922,5675,1.0000
18923,5675,1.0000
18924,5675,1.0000
18925,5675,1.0000
18926,5675,1.0000
18927,5675,1.0000
18928,5675,1.0000
18929,5675,1.0000
18930,5675,1.0000
18931,5675,1.0000
18932,5675,1.0000
18933,5675,1.0000
18934,5675,1.0000
18935,5675,1.0000
18936,5675,1.0000
18937,5675,.6202
18937,5674,.3798
18938,5675,.0080
18938,5674,.9920
18939,5674,1.0000
18940,5674,1.0000
18941,5674,1.0000
18942,5674,1.0000
18943,5674,1.0000
18944,5674,1.0000
18945,5674,1.0000
18946,5674,1.0000
18947,5674,1.0000
18948,5674,1.0000
18949,5674,1.0000
18950,5674,1.0000
18951,5674,.6953
18951,5222,.3047
18952,5222,.9280
18952,5674,.0720
18953,5222,1.0000
18954,5222,1.0000
18955,5222,.9919
18955,5674,.0081
18956,5222,.2308
18956,5674,.7692
18957,5674,1.0000
18958,5674,1.0000
18959,5674,1.0000
18960,5674,1.0000
18961,5674,1.0000
18962,5674,.8240
18962,5222,.1760
18963,5222,.7440
18963,5674,.2560
18964,5222,1.0000
18965,5222,1.0000
18966,5222,1.0000
18967,5222,1.0000
18968,5222,1.0000
18969,5222,1.0000
18970,5222,1.0000
18971,5222,1.0000
18972,5222,1.0000
18973,5222,1.0000
18974,5222,1.0000
18975,5222,1.0000
18976,5222,1.0000
18977,5222,1.0000
18978,5222,1.0000
18979,5222,1.0000
18980,5222,1.0000
18981,5222,1.0000
18982,5222,1.0000
18983,5222,1.0000
18984,5222,1.0000
18985,5222,1.0000
18986,5222,1.0000
18987,5222,1.0000
18988,5222,1.0000
18989,5222,1.0000
18990,5222,1.0000
18991,5222,1.0000
18992,5222,1.0000
18993,5222,1.0000
18994,5222,1.0000
18995,5222,1.0000
18996,5222,1.0000
18997,5222,1.0000
18998,5222,1.0000
18999,5222,1.0000
19000,5222,1.0000
19001,5222,1.0000
19002,5222,1.0000
19003,5222,1.0000
19004,5222,1.0000
19005,5222,1.0000
19006,5222,1.0000
19007,5222,1.0000
19008,5222,1.0000
19009,5222,1.0000
19010,5222,1.0000
19011,5222,1.0000
19012,5222,1.0000
19013,5222,1.0000
19014,5222,1.0000
19015,5222,1.0000
19016,5222,1.0000
19017,5222,1.0000
19018,5222,1.0000
19019,5222,1.0000
19020,5222,1.0000
19021,5222,1.0000
19022,5222,1.0000
19023,5222,1.0000
19024,5222,1.0000
19025,5222,1.0000
19026,5222,1.0000
19027,5222,1.0000
19028,5222,1.0000
19029,5222,1.0000
19030,5222,1.0000
19031,5222,1.0000
19032,5222,1.0000
19033,5222,1.0000
19034,5222,1.0000
19035,5222,1.0000
19036,5222,1.0000
19037,5222,1.0000
19038,5222,1.0000
19039,5222,1.0000
19040,5222,1.0000
19041,5222,1.0000
19042,5222,1.0000
19043,5222,1.0000
19044,5222,1.0000
19045,5222,1.0000
19046,5222,1.0000
19047,5222,1.0000
19048,5222,1.0000
19049,5222,1.0000
19050,5222,1.0000
19051,5222,1.0000
19052,5222,1.0000
19053,5222,1.0000
19054,5222,1.0000
19055,5222,1.0000
19056,5222,1.0000
19057,5222,1.0000
19058,5222,1.0000
19059,5222,1.0000
19060,5222,1.0000
19061,5222,1.0000
19062,5222,1.0000
19063,5222,1.0000
19064,5222,1.0000
19065,5222,1.0000
19066,5222,1.0000
19067,5222,1.0000
19068,5222,1.0000
19069,5222,1.0000
19070,5222,1.0000
19071,5222,1.0000
19072,5222,1.0000
19073,5222,1.0000
19074,5222,1.0000
19075,5222,1.0000
19076,5222,1.0000
19077,5222,1.0000
19078,5222,1.0000
19079,5222,1.0000
19080,5222,1.0000
19081,5222,1.0000
19082,5222,1.0000
19083,5222,1.0000
19084,5222,1.0000
19085,5222,.9524
19085,-999,.0476
19086,5222,.4264
19086,-999,.5736
19087,5222,.1484
19087,-999,.8516
19088,-999,1.0000
19089,-999,1.0000
19090,-999,1.0000
19091,-999,.8898
19091,5222,.1102
19092,-999,1.0000
19093,-999,1.0000
19094,-999,1.0000
19095,-999,1.0000
19096,-999,1.0000
19097,-999,1.0000
19098,-999,1.0000
19099,-999,1.0000
19100,-999,1.0000
19101,-999,1.0000
19102,-999,1.0000
19103,-999,1.0000
19104,-999,1.0000
19105,5675,1.0000
19106,5675,1.0000
19107,5675,1.0000
19108,5675,1.0000
19109,5675,1.0000
19110,5675,1.0000
19111,5675,1.0000
19112,5675,1.0000
19113,5675,1.0000
19114,5675,1.0000
19115,5675,1.0000
19116,5675,1.0000
19117,5675,1.0000
19118,5675,1.0000
19119,5675,1.0000
19120,5675,1.0000
19121,5675,1.0000
19122,5675,1.0000
19123,5675,1.0000
19124,5675,1.0000
19125,5675,1.0000
19126,5675,1.0000
19127,5675,1.0000
19128,5675,1.0000
19129,5675,1.0000
19130,5675,1.0000
19131,5675,1.0000
19132,5675,1.0000
19133,5675,1.0000
19134,5675,1.0000
19135,5675,.9923
19135,5674,.0077
19136,5675,.1452
19136,5674,.8548
19137,5674,1.0000
19138,5674,1.0000
19139,5674,1.0000
19140,5674,1.0000
19141,5674,1.0000
19142,5674,1.0000
19143,5674,1.0000
19144,5674,1.0000
19145,5674,1.0000
19146,5674,1.0000
19147,5674,1.0000
19148,5674,1.0000
19149,5674,1.0000
19150,5674,1.0000
19151,5674,.8450
19151,5222,.1550
19152,5222,.6179
19152,5674,.3821
19153,5222,.9385
19153,5674,.0615
19154,5222,1.0000
19155,5222,.5659
19155,5674,.4341
19156,5674,1.0000
19157,5674,1.0000
19158,5674,1.0000
19159,5674,1.0000
19160,5674,1.0000
19161,5674,1.0000
19162,5674,.9597
19162,5222,.0403
19163,5222,.5833
19163,5674,.4167
19164,5222,1.0000
19165,5222,1.0000
19166,5222,1.0000
19167,5222,1.0000
19168,5222,1.0000
19169,5222,1.0000
19170,5222,1.0000
19171,5222,1.0000
19172,5222,1.0000
19173,5222,1.0000
19174,5222,1.0000
19175,5222,1.0000
19176,5222,1.0000
19177,5222,1.0000
19178,5222,1.0000
19179,5222,1.0000
19180,5222,1.0000
19181,5222,1.0000
19182,5222,1.0000
19183,5222,1.0000
19184,5222,1.0000
19185,5222,1.0000
19186,5222,1.0000
19187,5222,1.0000
19188,5222,1.0000
19189,5222,1.0000
19190,5222,1.0000
19191,5222,1.0000
19192,5222,1.0000
19193,5222,1.0000
19194,5222,1.0000
19195,5222,1.0000
19196,5222,1.0000
19197,5222,1.0000
19198,5222,1.0000
19199,5222,1.0000
19200,5222,1.0000
19201,5222,1.0000
19202,5222,1.0000
19203,5222,1.0000
19204,5222,1.0000
19205,5222,1.0000
19206,5222,1.0000
19207,5222,1.0000
19208,5222,1.0000
19209,5222,1.0000
19210,5222,1.0000
19211,5222,1.0000
19212,5222,1.0000
19213,5222,1.0000
19214,5222,1.0000
19215,5222,1.0000
19216,5222,1.0000
19217,5222,1.0000
19218,5222,1.0000
19219,5222,1.0000
19220,5222,1.0000
19221,5222,1.0000
19222,5222,1.0000
19223,5222,1.0000
19224,5222,1.0000
19225,5222,1.0000
19226,5222,1.0000
19227,5222,1.0000
19228,5222,1.0000
19229,5222,1.0000
19230,5222,1.0000
19231,5222,1.0000
19232,5222,1.0000
19233,5222,1.0000
19234,5222,1.0000
19235,5222,1.0000
19236,5222,1.0000
19237,5222,1.0000
19238,5222,1.0000
19239,5222,1.0000
19240,5222,1.0000
19241,5222,1.0000
19242,5222,1.0000
19243,5222,1.0000
19244,5222,1.0000
19245,5222,1.0000
19246,5222,1.0000
19247,5222,1.0000
19248,5222,1.0000
19249,5222,1.0000
19250,5222,1.0000
19251,5222,1.0000
19252,5222,1.0000
19253,5222,1.0000
19254,5222,1.0000
19255,5222,1.0000
19256,5222,1.0000
19257,5222,1.0000
19258,5222,1.0000
19259,5222,1.0000
19260,5222,1.0000
19261,5222,1.0000
19262,5222,1.0000
19263,5222,1.0000
19264,5222,1.0000
19265,5222,1.0000
19266,5222,1.0000
19267,5222,1.0000
19268,5222,1.0000
19269,5222,1.0000
19270,5222,1.0000
19271,5222,1.0000
19272,5222,1.0000
19273,5222,1.0000
19274,5222,1.0000
19275,5222,1.0000
19276,5222,1.0000
19277,5222,1.0000
19278,5222,1.0000
19279,5222,1.0000
19280,5222,1.0000
19281,5222,1.0000
19282,5222,1.0000
19283,5222,1.0000
19284,5222,.8095
19284,-999,.1905
19285,-999,.8295
19285,5222,.1705
19286,-999,1.0000
19287,-999,1.0000
19288,-999,1.0000
19289,-999,.9462
19289,5222,.0538
19290,5222,.4683
19290,-999,.5317
19291,-999,.8095
19291,5222,.1905
19292,-999,.9923
19292,5222,.0077
19293,-999,1.0000
19294,-999,1.0000
19295,-999,1.0000
19296,-999,1.0000
19297,-999,1.0000
19298,-999,1.0000
19299,-999,1.0000
19300,-999,1.0000
19301,-999,1.0000
19302,-999,1.0000
19303,-999,1.0000
19304,5675,1.0000
19305,5675,1.0000
19306,5675,1.0000
19307,5675,1.0000
19308,5675,1.0000
19309,5675,1.0000
19310,5675,1.0000
19311,5675,1.0000
19312,5675,1.0000
19313,5675,1.0000
19314,5675,1.0000
19315,5675,1.0000
19316,5675,1.0000
19317,5675,1.0000
19318,5675,1.0000
19319,5675,1.0000
19320,5675,1.0000
19321,5675,1.0000
19322,5675,1.0000
19323,5675,1.0000
19324,5675,1.0000
19325,5675,1.0000
19326,5675,1.0000
19327,5675,1.0000
19328,5675,1.0000
19329,5675,1.0000
19330,5675,1.0000
19331,5675,1.0000
19332,5675,1.0000
19333,5675,1.0000
19334,5675,1.0000
19335,5675,.2677
19335,5674,.7323
19336,5674,1.0000
19337,5674,1.0000
19338,5674,1.0000
19339,5674,1.0000
19340,5674,1.0000
19341,5674,1.0000
19342,5674,1.0000
19343,5674,1.0000
19344,5674,1.0000
19345,5674,1.0000
19346,5674,1.0000
19347,5674,1.0000
19348,5674,1.0000
19349,5674,1.0000
19350,5674,1.0000
19351,5674,1.0000
19352,5674,.7778
19352,5222,.2222
19353,5222,.9225
19353,5674,.0775
19354,5222,.9918
19354,5674,.0082
19355,5674,.7424
19355,5222,.2576
19356,5674,1.0000
19357,5674,1.0000
19358,5674,1.0000
19359,5674,1.0000
19360,5674,1.0000
19361,5674,1.0000
19362,5674,.6610
19362,5222,.3390
19363,5222,1.0000
19364,5222,1.0000
19365,5222,1.0000
19366,5222,1.0000
19367,5222,1.0000
19368,5222,1.0000
19369,5222,1.0000
19370,5222,1.0000
19371,5222,1.0000
19372,5222,1.0000
19373,5222,1.0000
19374,5222,1.0000
19375,5222,1.0000
19376,5222,1.0000
19377,5222,.9440
19377,5674,.0560
19378,5222,.5379
19378,5674,.4621
19379,5222,.5530
19379,5674,.4470
19380,5222,.9918
19380,5674,.0082
19381,5222,1.0000
19382,5222,1.0000
19383,5222,1.0000
19384,5222,1.0000
19385,5222,1.0000
19386,5222,1.0000
19387,5222,1.0000
19388,5222,1.0000
19389,5222,1.0000
19390,5222,1.0000
19391,5222,1.0000
19392,5222,1.0000
19393,5222,1.0000
19394,5222,1.0000
19395,5222,1.0000
19396,5222,1.0000
19397,5222,1.0000
19398,5222,1.0000
19399,5222,1.0000
19400,5222,1.0000
19401,5222,1.0000
19402,5222,1.0000
19403,5222,1.0000
19404,5222,1.0000
19405,5222,1.0000
19406,5222,1.0000
19407,5222,1.0000
19408,5222,1.0000
19409,5222,1.0000
19410,5222,1.0000
19411,5222,1.0000
19412,5222,1.0000
19413,5222,1.0000
19414,5222,1.0000
19415,5222,1.0000
19416,5222,1.0000
19417,5222,1.0000
19418,5222,1.0000
19419,5222,1.0000
19420,5222,1.0000
19421,5222,1.0000
19422,5222,1.0000
19423,5222,1.0000
19424,5222,1.0000
19425,5222,1.0000
19426,5222,1.0000
19427,5222,1.0000
19428,5222,1.0000
19429,5222,1.0000
19430,5222,1.0000
19431,5222,1.0000
19432,5222,1.0000
19433,5222,1.0000
19434,5222,1.0000
19435,5222,1.0000
19436,5222,1.0000
19437,5222,1.0000
19438,5222,1.0000
19439,5222,1.0000
19440,5222,1.0000
19441,5222,1.0000
19442,5222,1.0000
19443,5222,1.0000
19444,5222,1.0000
19445,5222,1.0000
19446,5222,1.0000
19447,5222,1.0000
19448,5222,1.0000
19449,5222,1.0000
19450,5222,1.0000
19451,5222,1.0000
19452,5222,1.0000
19453,5222,1.0000
19454,5222,1.0000
19455,5222,1.0000
19456,5222,1.0000
19457,5222,1.0000
19458,5222,1.0000
19459,5222,1.0000
19460,5222,1.0000
19461,5222,1.0000
19462,5222,1.0000
19463,5222,1.0000
19464,5222,1.0000
19465,5222,1.0000
19466,5222,1.0000
19467,5222,1.0000
19468,5222,1.0000
19469,5222,1.0000
19470,5222,1.0000
19471,5222,1.0000
19472,5222,1.0000
19473,5222,1.0000
19474,5222,1.0000
19475,5222,1.0000
19476,5222,1.0000
19477,5222,1.0000
19478,5222,1.0000
19479,5222,1.0000
19480,5222,1.0000
19481,5222,1.0000
19482,5222,1.0000
19483,5222,1.0000
19484,-999,.0472
19484,5222,.9528
19485,-999,.7480
19485,5222,.2520
19486,-999,.9844
19486,5222,.0156
19487,-999,.5469
19487,5222,.4531
19488,-999,.2598
19488,5222,.7402
19489,5222,.1783
19489,-999,.8217
19490,5222,.6825
19490,-999,.3175
19491,-999,.8346
19491,5222,.1654
19492,-999,1.0000
19493,-999,1.0000
19494,-999,1.0000
19495,-999,1.0000
19496,-999,1.0000
19497,-999,1.0000
19498,-999,1.0000
19499,-999,1.0000
19500,-999,1.0000
19501,-999,1.0000
19502,-999,1.0000
19503,5675,1.0000
19504,5675,1.0000
19505,5675,1.0000
19506,5675,1.0000
19507,5675,1.0000
19508,5675,1.0000
19509,5675,1.0000
19510,5675,1.0000
19511,5675,1.0000
19512,5675,1.0000
19513,5675,1.0000
19514,5675,1.0000
19515,5675,1.0000
19516,5675,1.0000
19517,5675,1.0000
19518,5675,1.0000
19519,5675,1.0000
19520,5675,1.0000
19521,5675,1.0000
19522,5675,1.0000
19523,5675,1.0000
19524,5675,1.0000
19525,5675,1.0000
19526,5675,1.0000
19527,5675,1.0000
19528,5675,1.0000
19529,5675,1.0000
19530,5675,1.0000
19531,5675,1.0000
19532,5675,1.0000
19533,5675,.9120
19533,5674,.0880
19534,5675,.1364
19534,5674,.8636
19535,5674,1.0000
19536,5674,1.0000
19537,5674,1.0000
19538,5674,1.0000
19539,5674,1.0000
19540,5674,1.0000
19541,5674,1.0000
19542,5674,1.0000
19543,5674,1.0000
19544,5674,1.0000
19545,5674,1.0000
19546,5674,1.0000
19547,5674,1.0000
19548,5674,1.0000
19549,5674,1.0000
19550,5674,1.0000
19551,5674,1.0000
19552,5674,.4122
19552,5222,.5878
19553,5222,1.0000
19554,5222,.7805
19554,5674,.2195
19555,5674,.8760
19555,5222,.1240
19556,5674,.9677
19556,5222,.0323
19557,5674,.6288
19557,5222,.3712
19558,5674,1.0000
19559,5674,1.0000
19560,5674,1.0000
19561,5674,.9615
19561,5222,.0385
19562,5222,.9286
19562,5674,.0714
19563,5222,1.0000
19564,5222,1.0000
19565,5222,1.0000
19566,5222,1.0000
19567,5222,1.0000
19568,5222,1.0000
19569,5222,1.0000
19570,5222,1.0000
19571,5222,1.0000
19572,5222,1.0000
19573,5222,1.0000
19574,5222,1.0000
19575,5222,1.0000
19576,5222,.6612
19576,5674,.3388
19577,5674,1.0000
19578,5674,1.0000
19579,5674,.2812
19579,5222,.7187
19580,5222,1.0000
19581,5222,1.0000
19582,5222,1.0000
19583,5222,1.0000
19584,5222,1.0000
19585,5222,1.0000
19586,5222,1.0000
19587,5222,1.0000
19588,5222,1.0000
19589,5222,1.0000
19590,5222,1.0000
19591,5222,1.0000
19592,5222,1.0000
19593,5222,1.0000
19594,5222,1.0000
19595,5222,1.0000
19596,5222,1.0000
19597,5222,1.0000
19598,5222,1.0000
19599,5222,1.0000
19600,5222,1.0000
19601,5222,1.0000
19602,5222,1.0000
19603,5222,1.0000
19604,5222,1.0000
19605,5222,1.0000
19606,5222,1.0000
19607,5222,1.0000
19608,5222,1.0000
19609,5222,1.0000
19610,5222,1.0000
19611,5222,1.0000
19612,5222,1.0000
19613,5222,1.0000
19614,5222,1.0000
19615,5222,1.0000
19616,5222,1.0000
19617,5222,1.0000
19618,5222,1.0000
19619,5222,1.0000
19620,5222,1.0000
19621,5222,1.0000
19622,5222,1.0000
19623,5222,1.0000
19624,5222,1.0000
19625,5222,1.0000
19626,5222,1.0000
19627,5222,1.0000
19628,5222,1.0000
19629,5222,1.0000
19630,5222,1.0000
19631,5222,1.0000
19632,5222,1.0000
19633,5222,1.0000
19634,5222,1.0000
19635,5222,1.0000
19636,5222,1.0000
19637,5222,1.0000
19638,5222,1.0000
19639,5222,1.0000
19640,5222,1.0000
19641,5222,1.0000
19642,5222,1.0000
19643,5222,1.0000
19644,5222,1.0000
19645,5222,1.0000
19646,5222,1.0000
19647,5222,1.0000
19648,5222,1.0000
19649,5222,1.0000
19650,5222,1.0000
19651,5222,1.0000
19652,5222,1.0000
19653,5222,1.0000
19654,5222,1.0000
19655,5222,1.0000
19656,5222,1.0000
19657,5222,1.0000
19658,5222,1.0000
19659,5222,1.0000
19660,5222,1.0000
19661,5222,1.0000
19662,5222,1.0000
19663,5222,1.0000
19664,5222,1.0000
19665,5222,1.0000
19666,5222,1.0000
19667,5222,1.0000
19668,5222,1.0000
19669,5222,1.0000
19670,5222,1.0000
19671,5222,1.0000
19672,5222,1.0000
19673,5222,1.0000
19674,5222,1.0000
19675,5222,1.0000
19676,5222,1.0000
19677,5222,1.0000
19678,5222,1.0000
19679,5222,1.0000
19680,5222,1.0000
19681,5222,1.0000
19682,5222,1.0000
19683,5222,1.0000
19684,-999,.3307
19684,5222,.6693
19685,-999,.4884
19685,5222,.5116
19686,5222,.7109
19686,-999,.2891
19687,5222,.2441
19687,-999,.7559
19688,-999,1.0000
19689,5222,.5769
19689,-999,.4231
19690,-999,.5469
19690,5222,.4531
19691,-999,1.0000
19692,-999,1.0000
19693,-999,1.0000
19694,-999,1.0000
19695,-999,1.0000
19696,-999,1.0000
19697,-999,1.0000
19698,-999,1.0000
19699,-999,1.0000
19700,-999,1.0000
19701,-999,1.0000
19702,5675,1.0000
19703,5675,1.0000
19704,5675,1.0000
19705,5675,1.0000
19706,5675,1.0000
19707,5675,1.0000
19708,5675,1.0000
19709,5675,1.0000
19710,5675,1.0000
19711,5675,1.0000
19712,5675,1.0000
19713,5675,1.0000
19714,5675,1.0000
19715,5675,1.0000
19716,5675,1.0000
19717,5675,1.0000
19718,5675,1.0000
19719,5675,1.0000
19720,5675,1.0000
19721,5675,1.0000
19722,5675,1.0000
19723,5675,1.0000
19724,5675,1.0000
19725,5675,1.0000
19726,5675,1.0000
19727,5675,1.0000
19728,5675,1.0000
19729,5675,1.0000
19730,5675,1.0000
19731,5675,.9048
19731,5674,.0952
19732,5675,.2077
19732,5674,.7923
19733,5674,1.0000
19734,5674,1.0000
19735,5674,1.0000
19736,5674,1.0000
19737,5674,1.0000
19738,5674,1.0000
19739,5674,1.0000
19740,5674,1.0000
19741,5674,1.0000
19742,5674,1.0000
19743,5674,1.0000
19744,5674,1.0000
19745,5674,1.0000
19746,5674,1.0000
19747,5674,1.0000
19748,5674,1.0000
19749,5674,1.0000
19750,5674,1.0000
19751,5674,.8618
19751,5222,.1382
19752,5222,.8760
19752,5674,.1240
19753,5222,1.0000
19754,5222,.9077
19754,5674,.0923
19755,5674,.2652
19755,5222,.7348
19756,5222,.9421
19756,5674,.0579
19757,5674,.7984
19757,5222,.2016
19758,5674,1.0000
19759,5674,1.0000
19760,5674,.9697
19760,5222,.0303
19761,5674,.0813
19761,5222,.9187
19762,5222,1.0000
19763,5222,1.0000
19764,5222,1.0000
19765,5222,1.0000
19766,5222,1.0000
19767,5222,1.0000
19768,5222,1.0000
19769,5222,1.0000
19770,5222,1.0000
19771,5222,1.0000
19772,5222,1.0000
19773,5222,1.0000
19774,5222,1.0000
19775,5222,.6260
19775,5674,.3740
19776,5674,1.0000
19777,5674,1.0000
19778,5674,.6406
19778,5222,.3594
19779,5222,1.0000
19780,5222,1.0000
19781,5222,1.0000
19782,5222,1.0000
19783,5222,1.0000
19784,5222,1.0000
19785,5222,1.0000
19786,5222,1.0000
19787,5222,1.0000
19788,5222,1.0000
19789,5222,1.0000
19790,5222,1.0000
19791,5222,1.0000
19792,5222,1.0000
19793,5222,1.0000
19794,5222,1.0000
19795,5222,1.0000
19796,5222,1.0000
19797,5222,1.0000
19798,5222,1.0000
19799,5222,1.0000
19800,5222,1.0000
19801,5222,1.0000
19802,5222,1.0000
19803,5222,1.0000
19804,5222,1.0000
19805,5222,1.0000
19806,5222,1.0000
19807,5222,1.0000
19808,5222,1.0000
19809,5222,1.0000
19810,5222,1.0000
19811,5222,1.0000
19812,5222,1.0000
19813,5222,1.0000
19814,5222,1.0000
19815,5222,1.0000
19816,5222,1.0000
19817,5222,1.0000
19818,5222,1.0000
19819,5222,1.0000
19820,5222,1.0000
19821,5222,1.0000
19822,5222,1.0000
19823,5222,1.0000
19824,5222,1.0000
19825,5222,1.0000
19826,5222,1.0000
19827,5222,1.0000
19828,5222,1.0000
19829,5222,1.0000
19830,5222,1.0000
19831,5222,1.0000
19832,5222,1.0000
19833,5222,1.0000
19834,5222,1.0000
19835,5222,1.0000
19836,5222,1.0000
19837,5222,1.0000
19838,5222,1.0000
19839,5222,1.0000
19840,5222,1.0000
19841,5222,1.0000
19842,5222,1.0000
19843,5222,1.0000
19844,5222,1.0000
19845,5222,1.0000
19846,5222,1.0000
19847,5222,1.0000
19848,5222,1.0000
19849,5222,1.0000
19850,5222,1.0000
19851,5222,1.0000
19852,5222,1.0000
19853,5222,1.0000
19854,5222,1.0000
19855,5222,1.0000
19856,5222,1.0000
19857,5222,1.0000
19858,5222,1.0000
19859,5222,1.0000
19860,5222,1.0000
19861,5222,1.0000
19862,5222,1.0000
19863,5222,1.0000
19864,5222,1.0000
19865,5222,1.0000
19866,5222,1.0000
19867,5222,1.0000
19868,5222,1.0000
19869,5222,1.0000
19870,5222,1.0000
19871,5222,1.0000
19872,5222,1.0000
19873,5222,1.0000
19874,5222,1.0000
19875,5222,1.0000
19876,5222,1.0000
19877,5222,1.0000
19878,5222,1.0000
19879,5222,1.0000
19880,5222,1.0000
19881,5222,1.0000
19882,5222,1.0000
19883,5222,1.0000
19884,5222,1.0000
19885,5222,.4453
19885,-999,.5547
19886,-999,.9766
19886,5222,.0234
19887,-999,1.0000
19888,-999,.5469
19888,5222,.4531
19889,5222,.1008
19889,-999,.8992
19890,-999,1.0000
19891,-999,1.0000
19892,-999,1.0000
19893,-999,1.0000
19894,-999,1.0000
19895,-999,1.0000
19896,-999,1.0000
19897,-999,1.0000
19898,-999,1.0000
19899,-999,1.0000
19900,-999,1.0000
19901,5675,1.0000
19902,5675,1.0000
19903,5675,1.0000
19904,5675,1.0000
19905,5675,1.0000
19906,5675,1.0000
19907,5675,1.0000
19908,5675,1.0000
19909,5675,1.0000
19910,5675,1.0000
19911,5675,1.0000
19912,5675,1.0000
19913,5675,1.0000
19914,5675,1.0000
19915,5675,1.0000
19916,5675,1.0000
19917,5675,1.0000
19918,5675,1.0000
19919,5675,1.0000
19920,5675,1.0000
19921,5675,1.0000
19922,5675,1.0000
19923,5675,1.0000
19924,5675,1.0000
19925,5675,1.0000
19926,5675,1.0000
19927,5675,1.0000
19928,5675,1.0000
19929,5675,1.0000
19930,5675,.3984
19930,5674,.6016
19931,5674,1.0000
19932,5674,1.0000
19933,5674,1.0000
19934,5674,1.0000
19935,5674,1.0000
19936,5674,1.0000
19937,5674,1.0000
19938,5674,1.0000
19939,5674,1.0000
19940,5674,1.0000
19941,5674,1.0000
19942,5674,1.0000
19943,5674,1.0000
19944,5674,1.0000
19945,5674,1.0000
19946,5674,1.0000
19947,5674,1.0000
19948,5674,1.0000
19949,5674,1.0000
19950,5674,1.0000
19951,5674,.5312
19951,5222,.4687
19952,5222,1.0000
19953,5222,1.0000
19954,5222,1.0000
19955,5222,1.0000
19956,5222,.3307
19956,5674,.6693
19957,5674,1.0000
19958,5674,1.0000
19959,5674,.9683
19959,5222,.0317
19960,5222,.8550
19960,5674,.1450
19961,5222,1.0000
19962,5222,1.0000
19963,5222,1.0000
19964,5222,1.0000
19965,5222,.9680
19965,5674,.0320
19966,5222,1.0000
19967,5222,1.0000
19968,5222,1.0000
19969,5222,1.0000
19970,5222,1.0000
19971,5222,1.0000
19972,5222,1.0000
19973,5222,1.0000
19974,5222,.6667
19974,5674,.3333
19975,5674,1.0000
19976,5674,1.0000
19977,5674,.7302
19977,5222,.2698
19978,5222,1.0000
19979,5222,1.0000
19980,5222,1.0000
19981,5222,1.0000
19982,5222,1.0000
19983,5222,1.0000
19984,5222,1.0000
19985,5222,1.0000
19986,5222,1.0000
19987,5222,1.0000
19988,5222,1.0000
19989,5222,1.0000
19990,5222,1.0000
19991,5222,1.0000
19992,5222,1.0000
19993,5222,1.0000
19994,5222,1.0000
19995,5222,1.0000
19996,5222,1.0000
19997,5222,1.0000
19998,5222,1.0000
19999,5222,1.0000
20000,5222,1.0000
20001,5222,1.0000
20002,5222,1.0000
20003,5222,1.0000
20004,5222,1.0000
20005,5222,1.0000
20006,5222,1.0000
20007,5222,1.0000
20008,5222,1.0000
20009,5222,1.0000
20010,5222,1.0000
20011,5222,1.0000
20012,5222,1.0000
20013,5222,1.0000
20014,5222,1.0000
20015,5222,1.0000
20016,5222,1.0000
20017,5222,1.0000
20018,5222,1.0000
20019,5222,1.0000
20020,5222,1.0000
20021,5222,1.0000
20022,5222,1.0000
20023,5222,1.0000
20024,5222,1.0000
20025,5222,1.0000
20026,5222,1.0000
20027,5222,1.0000
20028,5222,1.0000
20029,5222,1.0000
20030,5222,1.0000
20031,5222,1.0000
20032,5222,1.0000
20033,5222,1.0000
20034,5222,1.0000
20035,5222,1.0000
20036,5222,1.0000
20037,5222,1.0000
20038,5222,1.0000
20039,5222,1.0000
20040,5222,1.0000
20041,5222,1.0000
20042,5222,1.0000
20043,5222,1.0000
20044,5222,1.0000
20045,5222,1.0000
20046,5222,1.0000
20047,5222,1.0000
20048,5222,1.0000
20049,5222,1.0000
20050,5222,1.0000
20051,5222,1.0000
20052,5222,1.0000
20053,5222,1.0000
20054,5222,1.0000
20055,5222,1.0000
20056,5222,1.0000
20057,5222,1.0000
20058,5222,1.0000
20059,5222,1.0000
20060,5222,1.0000
20061,5222,1.0000
20062,5222,1.0000
20063,5222,1.0000
20064,5222,1.0000
20065,5222,1.0000
20066,5222,1.0000
20067,5222,1.0000
20068,5222,1.0000
20069,5222,1.0000
20070,5222,1.0000
20071,5222,1.0000
20072,5222,1.0000
20073,5222,1.0000
20074,5222,1.0000
20075,5222,1.0000
20076,5222,1.0000
20077,5222,1.0000
20078,5222,1.0000
20079,5222,1.0000
20080,5222,1.0000
20081,5222,1.0000
20082,5222,1.0000
20083,5222,1.0000
20084,5222,.9843
20084,-999,.0157
20085,-999,.2290
20085,5222,.7710
20086,-999,.9843
20086,5222,.0157
20087,-999,1.0000
20088,-999,1.0000
20089,-999,1.0000
20090,-999,1.0000
20091,-999,1.0000
20092,-999,1.0000
20093,-999,1.0000
20094,-999,1.0000
20095,-999,1.0000
20096,-999,1.0000
20097,-999,1.0000
20098,-999,1.0000
20099,-999,1.0000
20100,5675,1.0000
20101,5675,1.0000
20102,5675,1.0000
20103,5675,1.0000
20104,5675,1.0000
20105,5675,1.0000
20106,5675,1.0000
20107,5675,1.0000
20108,5675,1.0000
20109,5675,1.0000
20110,5675,1.0000
20111,5675,1.0000
20112,5675,1.0000
20113,5675,1.0000
20114,5675,1.0000
20115,5675,1.0000
20116,5675,1.0000
20117,5675,1.0000
20118,5675,1.0000
20119,5675,1.0000
20120,5675,1.0000
20121,5675,1.0000
20122,5675,1.0000
20123,5675,1.0000
20124,5675,1.0000
20125,5675,1.0000
20126,5675,1.0000
20127,5675,1.0000
20128,5675,.6960
20128,5674,.3040
20129,5675,.0077
20129,5674,.9923
20130,5674,1.0000
20131,5674,1.0000
20132,5674,1.0000
20133,5674,1.0000
20134,5674,1.0000
20135,5674,1.0000
20136,5674,1.0000
20137,5674,1.0000
20138,5674,1.0000
20139,5674,1.0000
20140,5674,1.0000
20141,5674,1.0000
20142,5674,1.0000
20143,5674,1.0000
20144,5674,1.0000
20145,5674,1.0000
20146,5674,1.0000
20147,5674,1.0000
20148,5674,1.0000
20149,5674,1.0000
20150,5674,.8934
20150,5222,.1066
20151,5222,.9845
20151,5674,.0155
20152,5222,.9237
20152,5674,.0763
20153,5222,.6667
20153,5674,.3333
20154,5222,.7099
20154,5674,.2901
20155,5222,.1382
20155,5674,.8618
20156,5674,1.0000
20157,5674,1.0000
20158,5674,1.0000
20159,5674,.8030
20159,5222,.1970
20160,5222,.3692
20160,5674,.6308
20161,5222,.6417
20161,5674,.3583
20162,5222,1.0000
20163,5222,.8561
20163,5674,.1439
20164,5222,.1825
20164,5674,.8175
20165,5222,.5625
20165,5674,.4375
20166,5222,1.0000
20167,5222,1.0000
20168,5222,1.0000
20169,5222,1.0000
20170,5222,1.0000
20171,5222,1.0000
20172,5222,1.0000
20173,5222,.5079
20173,5674,.4921
20174,5674,1.0000
20175,5674,1.0000
20176,5674,.8031
20176,5222,.1969
20177,5222,1.0000
20178,5222,1.0000
20179,5222,1.0000
20180,5222,1.0000
20181,5222,1.0000
20182,5222,1.0000
20183,5222,1.0000
20184,5222,1.0000
20185,5222,1.0000
20186,5222,1.0000
20187,5222,1.0000
20188,5222,1.0000
20189,5222,1.0000
20190,5222,1.0000
20191,5222,1.0000
20192,5222,1.0000
20193,5222,1.0000
20194,5222,1.0000
20195,5222,1.0000
20196,5222,1.0000
20197,5222,1.0000
20198,5222,1.0000
20199,5222,1.0000
20200,5222,1.0000
20201,5222,1.0000
20202,5222,1.0000
20203,5222,1.0000
20204,5222,1.0000
20205,5222,1.0000
20206,5222,1.0000
20207,5222,1.0000
20208,5222,1.0000
20209,5222,1.0000
20210,5222,1.0000
20211,5222,1.0000
20212,5222,1.0000
20213,5222,1.0000
20214,5222,1.0000
20215,5222,1.0000
20216,5222,1.0000
20217,5222,1.0000
20218,5222,1.0000
20219,5222,1.0000
20220,5222,1.0000
20221,5222,1.0000
20222,5222,1.0000
20223,5222,1.0000
20224,5222,1.0000
20225,5222,1.0000
20226,5222,1.0000
20227,5222,1.0000
20228,5222,1.0000
20229,5222,1.0000
20230,5222,1.0000
20231,5222,1.0000
20232,5222,1.0000
20233,5222,1.0000
20234,5222,1.0000
20235,5222,1.0000
20236,5222,1.0000
20237,5222,1.0000
20238,5222,1.0000
20239,5222,1.0000
20240,5222,1.0000
20241,5222,1.0000
20242,5222,1.0000
20243,5222,1.0000
20244,5222,1.0000
20245,5222,1.0000
20246,5222,1.0000
20247,5222,1.0000
20248,5222,1.0000
20249,5222,1.0000
20250,5222,1.0000
20251,5222,1.0000
20252,5222,1.0000
20253,5222,1.0000
20254,5222,1.0000
20255,5222,1.0000
20256,5222,1.0000
20257,5222,1.0000
20258,5222,1.0000
20259,5222,1.0000
20260,5222,1.0000
20261,5222,1.0000
20262,5222,1.0000
20263,5222,1.0000
20264,5222,1.0000
20265,5222,1.0000
20266,5222,1.0000
20267,5222,1.0000
20268,5222,1.0000
20269,5222,1.0000
20270,5222,1.0000
20271,5222,1.0000
20272,5222,1.0000
20273,5222,1.0000
20274,5222,1.0000
20275,5222,1.0000
20276,5222,1.0000
20277,5222,1.0000
20278,5222,1.0000
20279,5222,1.0000
20280,5222,1.0000
20281,5222,1.0000
20282,5222,1.0000
20283,5222,1.0000
20284,5222,.7063
20284,-999,.2937
20285,-999,1.0000
20286,-999,1.0000
20287,-999,1.0000
20288,-999,1.0000
20289,-999,1.0000
20290,-999,1.0000
20291,-999,1.0000
20292,-999,1.0000
20293,-999,1.0000
20294,-999,1.0000
20295,-999,1.0000
20296,-999,1.0000
20297,-999,1.0000
20298,-999,1.0000
20299,5675,1.0000
20300,5675,1.0000
20301,5675,1.0000
20302,5675,1.0000
20303,5675,1.0000
20304,5675,1.0000
20305,5675,1.0000
20306,5675,1.0000
20307,5675,1.0000
20308,5675,1.0000
20309,5675,1.0000
20310,5675,1.0000
20311,5675,1.0000
20312,5675,1.0000
20313,5675,1.0000
20314,5675,1.0000
20315,5675,1.0000
20316,5675,1.0000
20317,5675,1.0000
20318,5675,1.0000
20319,5675,1.0000
20320,5675,1.0000
20321,5675,1.0000
20322,5675,1.0000
20323,5675,1.0000
20324,5675,1.0000
20325,5675,1.0000
20326,5675,.8730
20326,5674,.1270
20327,5675,.1288
20327,5674,.8712
20328,5674,1.0000
20329,5674,1.0000
20330,5674,1.0000
20331,5674,1.0000
20332,5674,1.0000
20333,5674,1.0000
20334,5674,1.0000
20335,5674,1.0000
20336,5674,1.0000
20337,5674,1.0000
20338,5674,1.0000
20339,5674,1.0000
20340,5674,1.0000
20341,5674,1.0000
20342,5674,1.0000
20343,5674,1.0000
20344,5674,1.0000
20345,5674,1.0000
20346,5674,1.0000
20347,5674,1.0000
20348,5674,1.0000
20349,5674,.9545
20349,5222,.0455
20350,5222,.3095
20350,5674,.6905
20351,5222,.0465
20351,5674,.9535
20352,5674,1.0000
20353,5674,1.0000
20354,5674,1.0000
20355,5674,1.0000
20356,5674,1.0000
20357,5674,1.0000
20358,5674,1.0000
20359,5674,1.0000
20360,5674,.9773
20360,5222,.0227
20361,5222,.3387
20361,5674,.6613
20362,5222,.1364
20362,5674,.8636
20363,5674,1.0000
20364,5674,.9669
20364,5222,.0331
20365,5222,.7717
20365,5674,.2283
20366,5222,1.0000
20367,5222,1.0000
20368,5222,1.0000
20369,5222,1.0000
20370,5222,1.0000
20371,5222,.9767
20371,5674,.0233
20372,5222,.1885
20372,5674,.8115
20373,5674,1.0000
20374,5674,1.0000
20375,5674,.5152
20375,5222,.4848
20376,5222,1.0000
20377,5222,1.0000
20378,5222,1.0000
20379,5222,1.0000
20380,5222,1.0000
20381,5222,1.0000
20382,5222,1.0000
20383,5222,1.0000
20384,5222,1.0000
20385,5222,1.0000
20386,5222,1.0000
20387,5222,1.0000
20388,5222,1.0000
20389,5222,1.0000
20390,5222,1.0000
20391,5222,1.0000
20392,5222,1.0000
20393,5222,1.0000
20394,5222,1.0000
20395,5222,1.0000
20396,5222,1.0000
20397,5222,1.0000
20398,5222,1.0000
20399,5222,1.0000
20400,5222,1.0000
20401,5222,1.0000
20402,5222,1.0000
20403,5222,1.0000
20404,5222,1.0000
20405,5222,1.0000
20406,5222,1.0000
20407,5222,1.0000
20408,5222,1.0000
20409,5222,1.0000
20410,5222,1.0000
20411,5222,1.0000
20412,5222,1.0000
20413,5222,1.0000
20414,5222,1.0000
20415,5222,1.0000
20416,5222,1.0000
20417,5222,1.0000
20418,5222,1.0000
20419,5222,1.0000
20420,5222,1.0000
20421,5222,1.0000
20422,5222,1.0000
20423,5222,1.0000
20424,5222,1.0000
20425,5222,1.0000
20426,5222,1.0000
20427,5222,1.0000
20428,5222,1.0000
20429,5222,1.0000
20430,5222,1.0000
20431,5222,1.0000
20432,5222,1.0000
20433,5222,1.0000
20434,5222,1.0000
20435,5222,1.0000
20436,5222,1.0000
20437,5222,1.0000
20438,5222,1.0000
20439,5222,1.0000
20440,5222,1.0000
20441,5222,1.0000
20442,5222,1.0000
20443,5222,1.0000
20444,5222,1.0000
20445,5222,1.0000
20446,5222,1.0000
20447,5222,1.0000
20448,5222,1.0000
20449,5222,1.0000
20450,5222,1.0000
20451,5222,1.0000
20452,5222,1.0000
20453,5222,1.0000
20454,5222,1.0000
20455,5222,1.0000
20456,5222,1.0000
20457,5222,1.0000
20458,5222,1.0000
20459,5222,1.0000
20460,5222,1.0000
20461,5222,1.0000
20462,5222,1.0000
20463,5222,1.0000
20464,5222,1.0000
20465,5222,1.0000
20466,5222,1.0000
20467,5222,1.0000
20468,5222,1.0000
20469,5222,1.0000
20470,5222,1.0000
20471,5222,1.0000
20472,5222,1.0000
20473,5222,1.0000
20474,5222,1.0000
20475,5222,1.0000
20476,5222,1.0000
20477,5222,1.0000
20478,5222,1.0000
20479,5222,1.0000
20480,5222,.9606
20480,-999,.0394
20481,5222,.9457
20481,-999,.0543
20482,5222,1.0000
20483,5222,.7953
20483,-999,.2047
20484,-999,.8661
20484,5222,.1339
20485,-999,1.0000
20486,-999,1.0000
20487,-999,1.0000
20488,-999,1.0000
20489,-999,1.0000
20490,-999,1.0000
20491,-999,1.0000
20492,-999,1.0000
20493,-999,1.0000
20494,-999,1.0000
20495,-999,1.0000
20496,-999,1.0000
20497,-999,1.0000
20498,5675,1.0000
20499,5675,1.0000
20500,5675,1.0000
20501,5675,1.0000
20502,5675,1.0000
20503,5675,1.0000
20504,5675,1.0000
20505,5675,1.0000
20506,5675,1.0000
20507,5675,1.0000
20508,5675,1.0000
20509,5675,1.0000
20510,5675,1.0000
20511,5675,1.0000
20512,5675,1.0000
20513,5675,1.0000
20514,5675,1.0000
20515,5675,1.0000
20516,5675,1.0000
20517,5675,1.0000
20518,5675,1.0000
20519,5675,1.0000
20520,5675,1.0000
20521,5675,1.0000
20522,5675,1.0000
20523,5675,1.0000
20524,5675,1.0000
20525,5675,.3953
20525,5674,.6047
20526,5674,1.0000
20527,5674,1.0000
20528,5674,1.0000
20529,5674,1.0000
20530,5674,1.0000
20531,5674,1.0000
20532,5674,1.0000
20533,5674,1.0000
20534,5674,1.0000
20535,5674,1.0000
20536,5674,1.0000
20537,5674,1.0000
20538,5674,1.0000
20539,5674,1.0000
20540,5674,1.0000
20541,5674,1.0000
20542,5674,1.0000
20543,5674,1.0000
20544,5674,1.0000
20545,5674,1.0000
20546,5674,1.0000
20547,5674,1.0000
20548,5674,1.0000
20549,5674,1.0000
20550,5674,1.0000
20551,5674,1.0000
20552,5674,1.0000
20553,5674,1.0000
20554,5674,1.0000
20555,5674,1.0000
20556,5674,1.0000
20557,5674,1.0000
20558,5674,1.0000
20559,5674,1.0000
20560,5674,1.0000
20561,5674,1.0000
20562,5674,1.0000
20563,5674,1.0000
20564,5674,.5645
20564,5222,.4355
20565,5222,1.0000
20566,5222,1.0000
20567,5222,1.0000
20568,5222,1.0000
20569,5222,1.0000
20570,5222,.4394
20570,5674,.5606
20571,5674,1.0000
20572,5674,1.0000
20573,5674,.5920
20573,5222,.4080
20574,5674,.0236
20574,5222,.9764
20575,5222,1.0000
20576,5222,1.0000
20577,5222,1.0000
20578,5222,1.0000
20579,5222,1.0000
20580,5222,1.0000
20581,5222,1.0000
20582,5222,1.0000
20583,5222,1.0000
20584,5222,1.0000
20585,5222,1.0000
20586,5222,1.0000
20587,5222,1.0000
20588,5222,1.0000
20589,5222,1.0000
20590,5222,1.0000
20591,5222,1.0000
20592,5222,1.0000
20593,5222,1.0000
20594,5222,1.0000
20595,5222,1.0000
20596,5222,1.0000
20597,5222,1.0000
20598,5222,1.0000
20599,5222,1.0000
20600,5222,1.0000
20601,5222,1.0000
20602,5222,1.0000
20603,5222,1.0000
20604,5222,1.0000
20605,5222,1.0000
20606,5222,1.0000
20607,5222,1.0000
20608,5222,1.0000
20609,5222,1.0000
20610,5222,1.0000
20611,5222,1.0000
20612,5222,1.0000
20613,5222,1.0000
20614,5222,1.0000
20615,5222,1.0000
20616,5222,1.0000
20617,5222,1.0000
20618,5222,1.0000
20619,5222,1.0000
20620,5222,1.0000
20621,5222,1.0000
20622,5222,1.0000
20623,5222,1.0000
20624,5222,1.0000
20625,5222,1.0000
20626,5222,1.0000
20627,5222,1.0000
20628,5222,1.0000
20629,5222,1.0000
20630,5222,1.0000
20631,5222,1.0000
20632,5222,1.0000
20633,5222,1.0000
20634,5222,1.0000
20635,5222,1.0000
20636,5222,1.0000
20637,5222,1.0000
20638,5222,1.0000
20639,5222,1.0000
20640,5222,1.0000
20641,5222,1.0000
20642,5222,1.0000
20643,5222,1.0000
20644,5222,1.0000
20645,5222,1.0000
20646,5222,1.0000
20647,5222,1.0000
20648,5222,1.0000
20649,5222,1.0000
20650,5222,1.0000
20651,5222,1.0000
20652,5222,1.0000
20653,5222,1.0000
20654,5222,1.0000
20655,5222,1.0000
20656,5222,1.0000
20657,5222,1.0000
20658,5222,1.0000
20659,5222,1.0000
20660,5222,1.0000
20661,5222,1.0000
20662,5222,1.0000
20663,5222,1.0000
20664,5222,1.0000
20665,5222,1.0000
20666,5222,1.0000
20667,5222,1.0000
20668,5222,1.0000
20669,5222,1.0000
20670,5222,1.0000
20671,5222,1.0000
20672,5222,1.0000
20673,5222,1.0000
20674,5222,1.0000
20675,5222,1.0000
20676,5222,1.0000
20677,5222,1.0000
20678,5222,.5000
20678,-999,.5000
20679,5222,.0763
20679,-999,.9237
20680,5222,.2677
20680,-999,.7323
20681,5222,.7402
20681,-999,.2598
20682,5222,1.0000
20683,-999,.3906
20683,5222,.6094
20684,-999,1.0000
20685,-999,1.0000
20686,-999,1.0000
20687,-999,1.0000
20688,-999,1.0000
20689,-999,1.0000
20690,-999,1.0000
20691,-999,1.0000
20692,-999,1.0000
20693,-999,1.0000
20694,-999,1.0000
20695,-999,1.0000
20696,-999,1.0000
20697,5675,1.0000
20698,5675,1.0000
20699,5675,1.0000
20700,5675,1.0000
20701,5675,1.0000
20702,5675,1.0000
20703,5675,1.0000
20704,5675,1.0000
20705,5675,1.0000
20706,5675,1.0000
20707,5675,1.0000
20708,5675,1.0000
20709,5675,1.0000
20710,5675,1.0000
20711,5675,1.0000
20712,5675,1.0000
20713,5675,1.0000
20714,5675,1.0000
20715,5675,1.0000
20716,5675,1.0000
20717,5675,1.0000
20718,5675,1.0000
20719,5675,1.0000
20720,5675,1.0000
20721,5675,1.0000
20722,5675,1.0000
20723,5675,.9055
20723,5674,.0945
20724,5675,.0382
20724,5674,.9618
20725,5674,1.0000
20726,5674,1.0000
20727,5674,1.0000
20728,5674,1.0000
20729,5674,1.0000
20730,5674,1.0000
20731,5674,1.0000
20732,5674,1.0000
20733,5674,1.0000
20734,5674,1.0000
20735,5674,1.0000
20736,5674,1.0000
20737,5674,1.0000
20738,5674,1.0000
20739,5674,1.0000
20740,5674,1.0000
20741,5674,1.0000
20742,5674,1.0000
20743,5674,1.0000
20744,5674,1.0000
20745,5674,1.0000
20746,5674,1.0000
20747,5674,1.0000
20748,5674,1.0000
20749,5674,1.0000
20750,5674,1.0000
20751,5674,1.0000
20752,5674,1.0000
20753,5674,1.0000
20754,5674,1.0000
20755,5674,1.0000
20756,5674,1.0000
20757,5674,1.0000
20758,5674,.9274
20758,5222,.0726
20759,5674,.5267
20759,5222,.4733
20760,5674,.4231
20760,5222,.5769
20761,5674,.9680
20761,5222,.0320
20762,5674,1.0000
20763,5674,.9167
20763,5222,.0833
20764,5222,.8908
20764,5674,.1092
20765,5222,1.0000
20766,5222,1.0000
20767,5222,1.0000
20768,5222,.8279
20768,5674,.1721
20769,5222,.0077
20769,5674,.9923
20770,5674,1.0000
20771,5674,.7795
20771,5222,.2205
20772,5674,.0246
20772,5222,.9754
20773,5222,1.0000
20774,5222,1.0000
20775,5222,1.0000
20776,5222,1.0000
20777,5222,1.0000
20778,5222,1.0000
20779,5222,1.0000
20780,5222,1.0000
20781,5222,1.0000
20782,5222,1.0000
20783,5222,1.0000
20784,5222,1.0000
20785,5222,1.0000
20786,5222,1.0000
20787,5222,1.0000
20788,5222,1.0000
20789,5222,1.0000
20790,5222,1.0000
20791,5222,1.0000
20792,5222,1.0000
20793,5222,1.0000
20794,5222,1.0000
20795,5222,1.0000
20796,5222,1.0000
20797,5222,1.0000
20798,5222,1.0000
20799,5222,1.0000
20800,5222,1.0000
20801,5222,1.0000
20802,5222,1.0000
20803,5222,1.0000
20804,5222,1.0000
20805,5222,1.0000
20806,5222,1.0000
20807,5222,1.0000
20808,5222,1.0000
20809,5222,1.0000
20810,5222,1.0000
20811,5222,1.0000
20812,5222,1.0000
20813,5222,1.0000
20814,5222,1.0000
20815,5222,1.0000
20816,5222,1.0000
20817,5222,1.0000
20818,5222,1.0000
20819,5222,1.0000
20820,5222,1.0000
20821,5222,1.0000
20822,5222,1.0000
20823,5222,1.0000
20824,5222,1.0000
20825,5222,1.0000
20826,5222,1.0000
20827,5222,1.0000
20828,5222,1.0000
20829,5222,1.0000
20830,5222,1.0000
20831,5222,1.0000
20832,5222,1.0000
20833,5222,1.0000
20834,5222,1.0000
20835,5222,1.0000
20836,5222,1.0000
20837,5222,1.0000
20838,5222,1.0000
20839,5222,1.0000
20840,5222,1.0000
20841,5222,1.0000
20842,5222,1.0000
20843,5222,1.0000
20844,5222,1.0000
20845,5222,1.0000
20846,5222,1.0000
20847,5222,1.0000
20848,5222,1.0000
20849,5222,1.0000
20850,5222,1.0000
20851,5222,1.0000
20852,5222,1.0000
20853,5222,1.0000
20854,5222,1.0000
20855,5222,1.0000
20856,5222,1.0000
20857,5222,1.0000
20858,5222,1.0000
20859,5222,1.0000
20860,5222,1.0000
20861,5222,1.0000
20862,5222,1.0000
20863,5222,1.0000
20864,5222,1.0000
20865,5222,1.0000
20866,5222,1.0000
20867,5222,1.0000
20868,5222,1.0000
20869,5222,1.0000
20870,5222,1.0000
20871,5222,1.0000
20872,5222,1.0000
20873,5222,1.0000
20874,5222,1.0000
20875,5222,1.0000
20876,5222,.6412
20876,-999,.3588
20877,-999,.6772
20877,5222,.3228
20878,-999,.3047
20878,5222,.6953
20879,-999,.0155
20879,5222,.9845
20880,5222,.6562
20880,-999,.3437
20881,5222,.2835
20881,-999,.7165
20882,5222,.0916
20882,-999,.9084
20883,-999,1.0000
20884,-999,1.0000
20885,-999,1.0000
20886,-999,1.0000
20887,-999,1.0000
20888,-999,1.0000
20889,-999,1.0000
20890,-999,1.0000
20891,-999,1.0000
20892,-999,1.0000
20893,-999,1.0000
20894,-999,1.0000
20895,-999,1.0000
20896,5675,1.0000
20897,5675,1.0000
20898,5675,1.0000
20899,5675,1.0000
20900,5675,1.0000
20901,5675,1.0000
20902,5675,1.0000
20903,5675,1.0000
20904,5675,1.0000
20905,5675,1.0000
20906,5675,1.0000
20907,5675,1.0000
20908,5675,1.0000
20909,5675,1.0000
20910,5675,1.0000
20911,5675,1.0000
20912,5675,1.0000
20913,5675,1.0000
20914,5675,1.0000
20915,5675,1.0000
20916,5675,1.0000
20917,5675,1.0000
20918,5675,1.0000
20919,5675,1.0000
20920,5675,1.0000
20921,5675,1.0000
20922,5675,.6260
20922,5674,.3740
20923,5674,1.0000
20924,5674,1.0000
20925,5674,1.0000
20926,5674,1.0000
20927,5674,1.0000
20928,5674,1.0000
20929,5674,1.0000
20930,5674,1.0000
20931,5674,1.0000
20932,5674,1.0000
20933,5674,1.0000
20934,5674,1.0000
20935,5674,1.0000
20936,5674,1.0000
20937,5674,1.0000
20938,5674,1.0000
20939,5674,1.0000
20940,5674,1.0000
20941,5674,1.0000
20942,5674,1.0000
20943,5674,1.0000
20944,5674,1.0000
20945,5674,1.0000
20946,5674,1.0000
20947,5674,1.0000
20948,5674,1.0000
20949,5674,1.0000
20950,5674,1.0000
20951,5674,1.0000
20952,5674,1.0000
20953,5674,1.0000
20954,5674,1.0000
20955,5674,.9841
20955,5222,.0159
20956,5674,.7197
20956,5222,.2803
20957,5674,.1984
20957,5222,.8016
20958,5222,1.0000
20959,5222,1.0000
20960,5222,.2540
20960,5674,.7460
20961,5674,1.0000
20962,5674,1.0000
20963,5674,.3485
20963,5222,.6515
20964,5222,1.0000
20965,5222,1.0000
20966,5222,1.0000
20967,5222,.5682
20967,5674,.4318
20968,5674,1.0000
20969,5674,1.0000
20970,5674,.4809
20970,5222,.5191
20971,5222,1.0000
20972,5222,1.0000
20973,5222,1.0000
20974,5222,1.0000
20975,5222,1.0000
20976,5222,1.0000
20977,5222,1.0000
20978,5222,1.0000
20979,5222,1.0000
20980,5222,1.0000
20981,5222,1.0000
20982,5222,1.0000
20983,5222,1.0000
20984,5222,1.0000
20985,5222,1.0000
20986,5222,1.0000
20987,5222,1.0000
20988,5222,1.0000
20989,5222,1.0000
20990,5222,1.0000
20991,5222,1.0000
20992,5222,1.0000
20993,5222,1.0000
20994,5222,1.0000
20995,5222,1.0000
20996,5222,1.0000
20997,5222,1.0000
20998,5222,1.0000
20999,5222,1.0000
21000,5222,1.0000
21001,5222,1.0000
21002,5222,1.0000
21003,5222,1.0000
21004,5222,1.0000
21005,5222,1.0000
21006,5222,1.0000
21007,5222,1.0000
21008,5222,1.0000
21009,5222,1.0000
21010,5222,1.0000
21011,5222,1.0000
21012,5222,1.0000
21013,5222,1.0000
21014,5222,1.0000
21015,5222,1.0000
21016,5222,1.0000
21017,5222,1.0000
21018,5222,1.0000
21019,5222,1.0000
21020,5222,1.0000
21021,5222,1.0000
21022,5222,1.0000
21023,5222,1.0000
21024,5222,1.0000
21025,5222,1.0000
21026,5222,1.0000
21027,5222,1.0000
21028,5222,1.0000
21029,5222,1.0000
21030,5222,1.0000
21031,5222,1.0000
21032,5222,1.0000
21033,5222,1.0000
21034,5222,1.0000
21035,5222,1.0000
21036,5222,1.0000
21037,5222,1.0000
21038,5222,1.0000
21039,5222,1.0000
21040,5222,1.0000
21041,5222,1.0000
21042,5222,1.0000
21043,5222,1.0000
21044,5222,1.0000
21045,5222,1.0000
21046,5222,1.0000
21047,5222,1.0000
21048,5222,1.0000
21049,5222,1.0000
21050,5222,1.0000
21051,5222,1.0000
21052,5222,1.0000
21053,5222,1.0000
21054,5222,1.0000
21055,5222,1.0000
21056,5222,1.0000
21057,5222,1.0000
21058,5222,1.0000
21059,5222,1.0000
21060,5222,1.0000
21061,5222,1.0000
21062,5222,1.0000
21063,5222,1.0000
21064,5222,1.0000
21065,5222,1.0000
21066,5222,1.0000
21067,5222,1.0000
21068,5222,1.0000
21069,5222,1.0000
21070,5222,1.0000
21071,5222,1.0000
21072,5222,1.0000
21073,5222,1.0000
21074,5222,.9766
21074,-999,.0234
21075,5222,.9225
21075,-999,.0775
21076,5222,1.0000
21077,5222,1.0000
21078,5222,1.0000
21079,5222,.9538
21079,-999,.0462
21080,-999,.8203
21080,5222,.1797
21081,-999,1.0000
21082,-999,1.0000
21083,-999,1.0000
21084,-999,1.0000
21085,-999,1.0000
21086,-999,1.0000
21087,-999,1.0000
21088,-999,1.0000
21089,-999,1.0000
21090,-999,1.0000
21091,-999,1.0000
21092,-999,1.0000
21093,-999,1.0000
21094,-999,1.0000
21095,5675,1.0000
21096,5675,1.0000
21097,5675,1.0000
21098,5675,1.0000
21099,5675,1.0000
21100,5675,1.0000
21101,5675,1.0000
21102,5675,1.0000
21103,5675,1.0000
21104,5675,1.0000
21105,5675,1.0000
21106,5675,1.0000
21107,5675,1.0000
21108,5675,1.0000
21109,5675,1.0000
21110,5675,1.0000
21111,5675,1.0000
21112,5675,1.0000
21113,5675,1.0000
21114,5675,1.0000
21115,5675,1.0000
21116,5675,1.0000
21117,5675,1.0000
21118,5675,1.0000
21119,5675,1.0000
21120,5675,1.0000
21121,5675,.2937
21121,5674,.7063
21122,5674,1.0000
21123,5674,1.0000
21124,5674,1.0000
21125,5674,1.0000
21126,5674,1.0000
21127,5674,1.0000
21128,5674,1.0000
21129,5674,1.0000
21130,5674,1.0000
21131,5674,1.0000
21132,5674,1.0000
21133,5674,1.0000
21134,5674,1.0000
21135,5674,1.0000
21136,5674,1.0000
21137,5674,1.0000
21138,5674,1.0000
21139,5674,1.0000
21140,5674,1.0000
21141,5674,1.0000
21142,5674,1.0000
21143,5674,1.0000
21144,5674,1.0000
21145,5674,1.0000
21146,5674,1.0000
21147,5674,1.0000
21148,5674,1.0000
21149,5674,1.0000
21150,5674,1.0000
21151,5674,1.0000
21152,5674,1.0000
21153,5674,1.0000
21154,5674,.8800
21154,5222,.1200
21155,5222,.9621
21155,5674,.0379
21156,5222,1.0000
21157,5222,1.0000
21158,5222,1.0000
21159,5222,.3308
21159,5674,.6692
21160,5674,1.0000
21161,5674,.6929
21161,5222,.3071
21162,5674,.0227
21162,5222,.9773
21163,5222,1.0000
21164,5222,1.0000
21165,5222,1.0000
21166,5222,.2891
21166,5674,.7109
21167,5674,1.0000
21168,5674,1.0000
21169,5674,.3465
21169,5222,.6535
21170,5222,1.0000
21171,5222,1.0000
21172,5222,1.0000
21173,5222,1.0000
21174,5222,1.0000
21175,5222,1.0000
21176,5222,1.0000
21177,5222,1.0000
21178,5222,1.0000
21179,5222,1.0000
21180,5222,1.0000
21181,5222,1.0000
21182,5222,1.0000
21183,5222,1.0000
21184,5222,1.0000
21185,5222,1.0000
21186,5222,1.0000
21187,5222,1.0000
21188,5222,1.0000
21189,5222,1.0000
21190,5222,1.0000
21191,5222,1.0000
21192,5222,1.0000
21193,5222,1.0000
21194,5222,1.0000
21195,5222,1.0000
21196,5222,1.0000
21197,5222,1.0000
21198,5222,1.0000
21199,5222,1.0000
21200,5222,1.0000
21201,5222,1.0000
21202,5222,1.0000
21203,5222,1.0000
21204,5222,1.0000
21205,5222,1.0000
21206,5222,1.0000
21207,5222,1.0000
21208,5222,1.0000
21209,5222,1.0000
21210,5222,1.0000
21211,5222,1.0000
21212,5222,1.0000
21213,5222,1.0000
21214,5222,1.0000
21215,5222,1.0000
21216,5222,1.0000
21217,5222,1.0000
21218,5222,1.0000
21219,5222,1.0000
21220,5222,1.0000
21221,5222,1.0000
21222,5222,1.0000
21223,5222,1.0000
21224,5222,1.0000
21225,5222,1.0000
21226,5222,1.0000
21227,5222,1.0000
21228,5222,1.0000
21229,5222,1.0000
21230,5222,1.0000
21231,5222,1.0000
21232,5222,1.0000
21233,5222,1.0000
21234,5222,1.0000
21235,5222,1.0000
21236,5222,1.0000
21237,5222,1.0000
21238,5222,1.0000
21239,5222,1.0000
21240,5222,1.0000
21241,5222,1.0000
21242,5222,1.0000
21243,5222,1.0000
21244,5222,1.0000
21245,5222,1.0000
21246,5222,1.0000
21247,5222,1.0000
21248,5222,1.0000
21249,5222,1.0000
21250,5222,1.0000
21251,5222,1.0000
21252,5222,1.0000
21253,5222,1.0000
21254,5222,1.0000
21255,5222,1.0000
21256,5222,1.0000
21257,5222,1.0000
21258,5222,1.0000
21259,5222,1.0000
21260,5222,1.0000
21261,5222,1.0000
21262,5222,1.0000
21263,5222,1.0000
21264,5222,1.0000
21265,5222,1.0000
21266,5222,1.0000
21267,5222,1.0000
21268,5222,1.0000
21269,5222,1.0000
21270,5222,1.0000
21271,5222,1.0000
21272,5222,1.0000
21273,5222,1.0000
21274,5222,1.0000
21275,5222,1.0000
21276,5222,1.0000
21277,5222,1.0000
21278,5222,1.0000
21279,5222,.5859
21279,-999,.4141
21280,-999,1.0000
21281,-999,1.0000
21282,-999,1.0000
21283,-999,1.0000
21284,-999,1.0000
21285,-999,1.0000
21286,-999,1.0000
21287,-999,1.0000
21288,-999,1.0000
21289,-999,1.0000
21290,-999,1.0000
21291,-999,1.0000
21292,-999,1.0000
21293,-999,1.0000
21294,5675,1.0000
21295,5675,1.0000
21296,5675,1.0000
21297,5675,1.0000
21298,5675,1.0000
21299,5675,1.0000
21300,5675,1.0000
21301,5675,1.0000
21302,5675,1.0000
21303,5675,1.0000
21304,5675,1.0000
21305,5675,1.0000
21306,5675,1.0000
21307,5675,1.0000
21308,5675,1.0000
21309,5675,1.0000
21310,5675,1.0000
21311,5675,1.0000
21312,5675,1.0000
21313,5675,1.0000
21314,5675,1.0000
21315,5675,1.0000
21316,5675,1.0000
21317,5675,1.0000
21318,5675,.9062
21318,5674,.0937
21319,5675,.6000
21319,5674,.4000
21320,5675,.0388
21320,5674,.9612
21321,5674,1.0000
21322,5674,1.0000
21323,5674,1.0000
21324,5674,1.0000
21325,5674,1.0000
21326,5674,1.0000
21327,5674,1.0000
21328,5674,1.0000
21329,5674,1.0000
21330,5674,1.0000
21331,5674,1.0000
21332,5674,1.0000
21333,5674,1.0000
21334,5674,1.0000
21335,5674,1.0000
21336,5674,1.0000
21337,5674,1.0000
21338,5674,1.0000
21339,5674,1.0000
21340,5674,1.0000
21341,5674,1.0000
21342,5674,1.0000
21343,5674,1.0000
21344,5674,1.0000
21345,5674,1.0000
21346,5674,1.0000
21347,5674,1.0000
21348,5674,1.0000
21349,5674,1.0000
21350,5674,1.0000
21351,5674,1.0000
21352,5674,1.0000
21353,5674,1.0000
21354,5674,.7642
21354,5222,.2358
21355,5222,.6308
21355,5674,.3692
21356,5222,1.0000
21357,5222,1.0000
21358,5222,.3485
21358,5674,.6515
21359,5674,.9697
21359,5222,.0303
21360,5674,.2222
21360,5222,.7778
21361,5222,1.0000
21362,5222,1.0000
21363,5222,1.0000
21364,5222,1.0000
21365,5222,.2558
21365,5674,.7442
21366,5674,1.0000
21367,5674,1.0000
21368,5674,.8175
21368,5222,.1825
21369,5222,.9516
21369,5674,.0484
21370,5222,1.0000
21371,5222,1.0000
21372,5222,1.0000
21373,5222,1.0000
21374,5222,1.0000
21375,5222,1.0000
21376,5222,1.0000
21377,5222,1.0000
21378,5222,1.0000
21379,5222,1.0000
21380,5222,1.0000
21381,5222,1.0000
21382,5222,1.0000
21383,5222,1.0000
21384,5222,1.0000
21385,5222,1.0000
21386,5222,1.0000
21387,5222,1.0000
21388,5222,1.0000
21389,5222,1.0000
21390,5222,1.0000
21391,5222,1.0000
21392,5222,1.0000
21393,5222,1.0000
21394,5222,1.0000
21395,5222,1.0000
21396,5222,1.0000
21397,5222,1.0000
21398,5222,1.0000
21399,5222,1.0000
21400,5222,1.0000
21401,5222,1.0000
21402,5222,1.0000
21403,5222,1.0000
21404,5222,1.0000
21405,5222,1.0000
21406,5222,1.0000
21407,5222,1.0000
21408,5222,1.0000
21409,5222,1.0000
21410,5222,1.0000
21411,5222,1.0000
21412,5222,1.0000
21413,5222,1.0000
21414,5222,1.0000
21415,5222,1.0000
21416,5222,1.0000
21417,5222,1.0000
21418,5222,1.0000
21419,5222,1.0000
21420,5222,1.0000
21421,5222,1.0000
21422,5222,1.0000
21423,5222,1.0000
21424,5222,1.0000
21425,5222,1.0000
21426,5222,1.0000
21427,5222,1.0000
21428,5222,1.0000
21429,5222,1.0000
21430,5222,1.0000
21431,5222,1.0000
21432,5222,1.0000
21433,5222,1.0000
21434,5222,1.0000
21435,5222,1.0000
21436,5222,1.0000
21437,5222,1.0000
21438,5222,1.0000
21439,5222,1.0000
21440,5222,1.0000
21441,5222,1.0000
21442,5222,1.0000
21443,5222,1.0000
21444,5222,1.0000
21445,5222,1.0000
21446,5222,1.0000
21447,5222,1.0000
21448,5222,1.0000
21449,5222,1.0000
21450,5222,1.0000
21451,5222,1.0000
21452,5222,1.0000
21453,5222,1.0000
21454,5222,1.0000
21455,5222,1.0000
21456,5222,1.0000
21457,5222,1.0000
21458,5222,1.0000
21459,5222,1.0000
21460,5222,1.0000
21461,5222,1.0000
21462,5222,1.0000
21463,5222,1.0000
21464,5222,1.0000
21465,5222,1.0000
21466,5222,1.0000
21467,5222,1.0000
21468,5222,1.0000
21469,5222,1.0000
21470,5222,1.0000
21471,5222,1.0000
21472,5222,1.0000
21473,5222,1.0000
21474,5222,1.0000
21475,5222,1.0000
21476,5222,1.0000
21477,5222,1.0000
21478,5222,.9615
21478,-999,.0385
21479,-999,.5504
21479,5222,.4496
21480,-999,.7422
21480,5222,.2578
21481,-999,.9606
21481,5222,.0394
21482,-999,1.0000
21483,-999,1.0000
21484,-999,1.0000
21485,-999,1.0000
21486,-999,1.0000
21487,-999,1.0000
21488,-999,1.0000
21489,-999,1.0000
21490,-999,1.0000
21491,-999,1.0000
21492,-999,1.0000
21493,5675,1.0000
21494,5675,1.0000
21495,5675,1.0000
21496,5675,1.0000
21497,5675,1.0000
21498,5675,1.0000
21499,5675,1.0000
21500,5675,1.0000
21501,5675,1.0000
21502,5675,1.0000
21503,5675,1.0000
21504,5675,1.0000
21505,5675,1.0000
21506,5675,1.0000
21507,5675,1.0000
21508,5675,1.0000
21509,5675,1.0000
21510,5675,1.0000
21511,5675,1.0000
21512,5675,1.0000
21513,5675,1.0000
21514,5675,.9015
21514,5674,.0985
21515,5675,.6589
21515,5674,.3411
21516,5675,.3228
21516,5674,.6772
21517,5675,.0077
21517,5674,.9923
21518,5674,1.0000
21519,5674,1.0000
21520,5674,1.0000
21521,5674,1.0000
21522,5674,1.0000
21523,5674,1.0000
21524,5674,1.0000
21525,5674,1.0000
21526,5674,1.0000
21527,5674,1.0000
21528,5674,1.0000
21529,5674,1.0000
21530,5674,1.0000
21531,5674,1.0000
21532,5674,1.0000
21533,5674,1.0000
21534,5674,1.0000
21535,5674,1.0000
21536,5674,1.0000
21537,5674,1.0000
21538,5674,1.0000
21539,5674,1.0000
21540,5674,1.0000
21541,5674,1.0000
21542,5674,1.0000
21543,5674,1.0000
21544,5674,1.0000
21545,5674,1.0000
21546,5674,1.0000
21547,5674,1.0000
21548,5674,1.0000
21549,5674,1.0000
21550,5674,1.0000
21551,5674,1.0000
21552,5674,1.0000
21553,5674,1.0000
21554,5674,.6032
21554,5222,.3968
21555,5222,1.0000
21556,5222,1.0000
21557,5222,.2893
21557,5674,.7107
21558,5674,.8308
21558,5222,.1692
21559,5222,.9692
21559,5674,.0308
21560,5222,1.0000
21561,5222,1.0000
21562,5222,1.0000
21563,5222,1.0000
21564,5222,.8306
21564,5674,.1694
21565,5674,.9531
21565,5222,.0469
21566,5674,1.0000
21567,5674,1.0000
21568,5674,.7857
21568,5222,.2143
21569,5222,.8403
21569,5674,.1597
21570,5222,1.0000
21571,5222,1.0000
21572,5222,.9394
21572,5674,.0606
21573,5222,.4924
21573,5674,.5076
21574,5222,.6748
21574,5674,.3252
21575,5222,1.0000
21576,5222,1.0000
21577,5222,1.0000
21578,5222,1.0000
21579,5222,1.0000
21580,5222,1.0000
21581,5222,1.0000
21582,5222,1.0000
21583,5222,1.0000
21584,5222,1.0000
21585,5222,1.0000
21586,5222,1.0000
21587,5222,1.0000
21588,5222,1.0000
21589,5222,1.0000
21590,5222,1.0000
21591,5222,1.0000
21592,5222,1.0000
21593,5222,1.0000
21594,5222,1.0000
21595,5222,1.0000
21596,5222,1.0000
21597,5222,1.0000
21598,5222,1.0000
21599,5222,1.0000
21600,5222,1.0000
21601,5222,1.0000
21602,5222,1.0000
21603,5222,1.0000
21604,5222,1.0000
21605,5222,1.0000
21606,5222,1.0000
21607,5222,1.0000
21608,5222,1.0000
21609,5222,1.0000
21610,5222,1.0000
21611,5222,1.0000
21612,5222,1.0000
21613,5222,1.0000
21614,5222,1.0000
21615,5222,1.0000
21616,5222,1.0000
21617,5222,1.0000
21618,5222,1.0000
21619,5222,1.0000
21620,5222,1.0000
21621,5222,1.0000
21622,5222,1.0000
21623,5222,.8333
21623,5690,.1667
21624,5222,.9091
21624,5690,.0909
21625,5222,1.0000
21626,5222,1.0000
21627,5222,1.0000
21628,5222,1.0000
21629,5222,1.0000
21630,5222,1.0000
21631,5222,1.0000
21632,5222,1.0000
21633,5222,1.0000
21634,5222,1.0000
21635,5222,1.0000
21636,5222,1.0000
21637,5222,1.0000
21638,5222,1.0000
21639,5222,1.0000
21640,5222,1.0000
21641,5222,1.0000
21642,5222,1.0000
21643,5222,1.0000
21644,5222,1.0000
21645,5222,1.0000
21646,5222,1.0000
21647,5222,1.0000
21648,5222,1.0000
21649,5222,1.0000
21650,5222,1.0000
21651,5222,1.0000
21652,5222,1.0000
21653,5222,1.0000
21654,5222,1.0000
21655,5222,1.0000
21656,5222,1.0000
21657,5222,1.0000
21658,5222,1.0000
21659,5222,1.0000
21660,5222,1.0000
21661,5222,1.0000
21662,5222,1.0000
21663,5222,1.0000
21664,5222,1.0000
21665,5222,1.0000
21666,5222,1.0000
21667,5222,1.0000
21668,5222,1.0000
21669,5222,1.0000
21670,5222,1.0000
21671,5222,1.0000
21672,5222,1.0000
21673,5222,1.0000
21674,5222,1.0000
21675,5222,1.0000
21676,5222,1.0000
21677,5222,.5703
21677,-999,.4297
21678,5222,.0534
21678,-999,.9466
21679,5222,.7812
21679,-999,.2187
21680,-999,.5814
21680,5222,.4186
21681,-999,.9766
21681,5222,.0234
21682,-999,1.0000
21683,-999,1.0000
21684,-999,1.0000
21685,-999,1.0000
21686,-999,1.0000
21687,-999,1.0000
21688,-999,1.0000
21689,-999,1.0000
21690,-999,1.0000
21691,-999,1.0000
21692,5675,1.0000
21693,5675,1.0000
21694,5675,1.0000
21695,5675,1.0000
21696,5675,1.0000
21697,5675,1.0000
21698,5675,1.0000
21699,5675,1.0000
21700,5675,1.0000
21701,5675,1.0000
21702,5675,1.0000
21703,5675,1.0000
21704,5675,1.0000
21705,5675,1.0000
21706,5675,1.0000
21707,5675,1.0000
21708,5675,1.0000
21709,5675,1.0000
21710,5675,1.0000
21711,5675,1.0000
21712,5675,.7424
21712,5674,.2576
21713,5675,.0469
21713,5674,.9531
21714,5674,1.0000
21715,5674,1.0000
21716,5674,1.0000
21717,5674,1.0000
21718,5674,1.0000
21719,5674,1.0000
21720,5674,1.0000
21721,5674,1.0000
21722,5674,1.0000
21723,5674,1.0000
21724,5674,1.0000
21725,5674,1.0000
21726,5674,1.0000
21727,5674,1.0000
21728,5674,1.0000
21729,5674,1.0000
21730,5674,1.0000
21731,5674,1.0000
21732,5674,1.0000
21733,5674,1.0000
21734,5674,1.0000
21735,5674,1.0000
21736,5674,1.0000
21737,5674,1.0000
21738,5674,1.0000
21739,5674,1.0000
21740,5674,1.0000
21741,5674,1.0000
21742,5674,1.0000
21743,5674,1.0000
21744,5674,1.0000
21745,5674,1.0000
21746,5674,1.0000
21747,5674,1.0000
21748,5674,1.0000
21749,5674,1.0000
21750,5674,1.0000
21751,5674,1.0000
21752,5674,1.0000
21753,5674,.9127
21753,5222,.0873
21754,5222,.9760
21754,5674,.0240
21755,5222,1.0000
21756,5222,.2326
21756,5674,.7674
21757,5674,1.0000
21758,5674,.7500
21758,5222,.2500
21759,5222,.9848
21759,5674,.0152
21760,5222,1.0000
21761,5222,1.0000
21762,5222,1.0000
21763,5222,1.0000
21764,5222,.5935
21764,5674,.4065
21765,5674,.9919
21765,5222,.0081
21766,5674,1.0000
21767,5674,1.0000
21768,5674,.8788
21768,5222,.1212
21769,5222,.7833
21769,5674,.2167
21770,5222,1.0000
21771,5222,.7955
21771,5674,.2045
21772,5674,1.0000
21773,5674,.9924
21773,5222,.0076
21774,5222,.6615
21774,5674,.3385
21775,5222,1.0000
21776,5222,1.0000
21777,5222,1.0000
21778,5222,1.0000
21779,5222,1.0000
21780,5222,1.0000
21781,5222,1.0000
21782,5222,1.0000
21783,5222,1.0000
21784,5222,1.0000
21785,5222,1.0000
21786,5222,1.0000
21787,5222,1.0000
21788,5222,1.0000
21789,5222,1.0000
21790,5222,1.0000
21791,5222,1.0000
21792,5222,1.0000
21793,5222,1.0000
21794,5222,1.0000
21795,5222,1.0000
21796,5222,1.0000
21797,5222,1.0000
21798,5222,1.0000
21799,5222,1.0000
21800,5222,1.0000
21801,5222,1.0000
21802,5222,1.0000
21803,5222,1.0000
21804,5222,1.0000
21805,5222,1.0000
21806,5222,1.0000
21807,5222,1.0000
21808,5222,1.0000
21809,5222,1.0000
21810,5222,1.0000
21811,5222,1.0000
21812,5222,1.0000
21813,5222,1.0000
21814,5222,1.0000
21815,5222,1.0000
21816,5222,1.0000
21817,5222,1.0000
21818,5222,1.0000
21819,5222,1.0000
21820,5222,1.0000
21821,5222,.7405
21821,5690,.2595
21822,5222,.0152
21822,5690,.9848
21823,5690,.8672
21823,5222,.1328
21824,5222,.7520
21824,5690,.2480
21825,5222,1.0000
21826,5222,1.0000
21827,5222,1.0000
21828,5222,1.0000
21829,5222,1.0000
21830,5222,1.0000
21831,5222,1.0000
21832,5222,1.0000
21833,5222,1.0000
21834,5222,1.0000
21835,5222,1.0000
21836,5222,1.0000
21837,5222,1.0000
21838,5222,1.0000
21839,5222,1.0000
21840,5222,1.0000
21841,5222,1.0000
21842,5222,1.0000
21843,5222,1.0000
21844,5222,1.0000
21845,5222,1.0000
21846,5222,1.0000
21847,5222,1.0000
21848,5222,1.0000
21849,5222,1.0000
21850,5222,1.0000
21851,5222,1.0000
21852,5222,1.0000
21853,5222,1.0000
21854,5222,1.0000
21855,5222,1.0000
21856,5222,1.0000
21857,5222,1.0000
21858,5222,1.0000
21859,5222,1.0000
21860,5222,1.0000
21861,5222,1.0000
21862,5222,1.0000
21863,5222,1.0000
21864,5222,1.0000
21865,5222,1.0000
21866,5222,1.0000
21867,5222,1.0000
21868,5222,1.0000
21869,5222,1.0000
21870,5222,1.0000
21871,5222,1.0000
21872,5222,1.0000
21873,5222,1.0000
21874,5222,1.0000
21875,5222,.9318
21875,-999,.0682
21876,-999,.8000
21876,5222,.2000
21877,-999,.4803
21877,5222,.5197
21878,-999,.5154
21878,5222,.4846
21879,-999,1.0000
21880,-999,1.0000
21881,-999,1.0000
21882,-999,1.0000
21883,-999,1.0000
21884,-999,1.0000
21885,-999,1.0000
21886,-999,1.0000
21887,-999,1.0000
21888,-999,1.0000
21889,-999,1.0000
21890,-999,1.0000
21891,5675,1.0000
21892,5675,1.0000
21893,5675,1.0000
21894,5675,1.0000
21895,5675,1.0000
21896,5675,1.0000
21897,5675,1.0000
21898,5675,1.0000
21899,5675,1.0000
21900,5675,1.0000
21901,5675,1.0000
21902,5675,1.0000
21903,5675,1.0000
21904,5675,1.0000
21905,5675,1.0000
21906,5675,1.0000
21907,5675,1.0000
21908,5675,1.0000
21909,5675,1.0000
21910,5675,1.0000
21911,5675,.1953
21911,5674,.8047
21912,5674,1.0000
21913,5674,1.0000
21914,5674,1.0000
21915,5674,1.0000
21916,5674,1.0000
21917,5674,1.0000
21918,5674,1.0000
21919,5674,1.0000
21920,5674,1.0000
21921,5674,1.0000
21922,5674,1.0000
21923,5674,1.0000
21924,5674,1.0000
21925,5674,1.0000
21926,5674,1.0000
21927,5674,1.0000
21928,5674,1.0000
21929,5674,1.0000
21930,5674,1.0000
21931,5674,1.0000
21932,5674,1.0000
21933,5674,1.0000
21934,5674,1.0000
21935,5674,1.0000
21936,5674,1.0000
21937,5674,1.0000
21938,5674,1.0000
21939,5674,1.0000
21940,5674,1.0000
21941,5674,1.0000
21942,5674,1.0000
21943,5674,1.0000
21944,5674,1.0000
21945,5674,1.0000
21946,5674,1.0000
21947,5674,1.0000
21948,5674,1.0000
21949,5674,1.0000
21950,5674,1.0000
21951,5674,1.0000
21952,5674,.4848
21952,5222,.5152
21953,5222,1.0000
21954,5222,1.0000
21955,5222,.6894
21955,5674,.3106
21956,5674,.7054
21956,5222,.2946
21957,5674,.6825
21957,5222,.3175
21958,5674,.0379
21958,5222,.9621
21959,5222,1.0000
21960,5222,1.0000
21961,5222,1.0000
21962,5222,1.0000
21963,5222,1.0000
21964,5222,.6667
21964,5674,.3333
21965,5674,.9120
21965,5222,.0880
21966,5674,1.0000
21967,5674,1.0000
21968,5674,.9318
21968,5222,.0682
21969,5222,.6480
21969,5674,.3520
21970,5222,.8226
21970,5674,.1774
21971,5674,1.0000
21972,5674,1.0000
21973,5674,.5703
21973,5222,.4297
21974,5222,1.0000
21975,5222,1.0000
21976,5222,1.0000
21977,5222,1.0000
21978,5222,1.0000
21979,5222,1.0000
21980,5222,1.0000
21981,5222,1.0000
21982,5222,1.0000
21983,5222,1.0000
21984,5222,1.0000
21985,5222,1.0000
21986,5222,1.0000
21987,5222,1.0000
21988,5222,1.0000
21989,5222,1.0000
21990,5222,1.0000
21991,5222,1.0000
21992,5222,1.0000
21993,5222,1.0000
21994,5222,1.0000
21995,5222,1.0000
21996,5222,1.0000
21997,5222,1.0000
21998,5222,1.0000
21999,5222,1.0000
22000,5222,1.0000
22001,5222,1.0000
22002,5222,1.0000
22003,5222,1.0000
22004,5222,1.0000
22005,5222,1.0000
22006,5222,1.0000
22007,5222,1.0000
22008,5222,1.0000
22009,5222,1.0000
22010,5222,1.0000
22011,5222,1.0000
22012,5222,1.0000
22013,5222,1.0000
22014,5222,1.0000
22015,5222,1.0000
22016,5222,1.0000
22017,5222,1.0000
22018,5222,1.0000
22019,5222,1.0000
22020,5222,.6692
22020,5690,.3308
22021,5690,1.0000
22022,5690,1.0000
22023,5690,.9695
22023,5222,.0305
22024,5222,.4091
22024,5690,.5909
22025,5222,.8968
22025,5690,.1032
22026,5222,1.0000
22027,5222,1.0000
22028,5222,1.0000
22029,5222,1.0000
22030,5222,1.0000
22031,5222,1.0000
22032,5222,1.0000
22033,5222,1.0000
22034,5222,1.0000
22035,5222,1.0000
22036,5222,1.0000
22037,5222,1.0000
22038,5222,1.0000
22039,5222,1.0000
22040,5222,1.0000
22041,5222,1.0000
22042,5222,1.0000
22043,5222,1.0000
22044,5222,1.0000
22045,5222,1.0000
22046,5222,1.0000
22047,5222,1.0000
22048,5222,1.0000
22049,5222,1.0000
22050,5222,1.0000
22051,5222,1.0000
22052,5222,1.0000
22053,5222,1.0000
22054,5222,1.0000
22055,5222,1.0000
22056,5222,1.0000
22057,5222,1.0000
22058,5222,1.0000
22059,5222,1.0000
22060,5222,1.0000
22061,5222,1.0000
22062,5222,1.0000
22063,5222,1.0000
22064,5222,1.0000
22065,5222,1.0000
22066,5222,1.0000
22067,5222,1.0000
22068,5222,1.0000
22069,5222,1.0000
22070,5222,1.0000
22071,5222,1.0000
22072,5222,1.0000
22073,5222,1.0000
22074,5222,1.0000
22075,5222,.9695
22075,-999,.0305
22076,5222,.9612
22076,-999,.0388
22077,-999,.6667
22077,5222,.3333
22078,-999,.6846
22078,5222,.3154
22079,-999,1.0000
22080,-999,1.0000
22081,-999,1.0000
22082,-999,1.0000
22083,-999,1.0000
22084,-999,1.0000
22085,-999,1.0000
22086,-999,1.0000
22087,-999,1.0000
22088,-999,1.0000
22089,-999,1.0000
22090,5675,1.0000
22091,5675,1.0000
22092,5675,1.0000
22093,5675,1.0000
22094,5675,1.0000
22095,5675,1.0000
22096,5675,1.0000
22097,5675,1.0000
22098,5675,1.0000
22099,5675,1.0000
22100,5675,1.0000
22101,5675,1.0000
22102,5675,1.0000
22103,5675,1.0000
22104,5675,.9844
22104,5674,.0156
22105,5675,.9313
22105,5674,.0687
22106,5675,1.0000
22107,5675,1.0000
22108,5675,1.0000
22109,5675,.8923
22109,5674,.1077
22110,5675,.0310
22110,5674,.9690
22111,5674,1.0000
22112,5674,1.0000
22113,5674,1.0000
22114,5674,1.0000
22115,5674,1.0000
22116,5674,1.0000
22117,5674,1.0000
22118,5674,1.0000
22119,5674,1.0000
22120,5674,1.0000
22121,5674,1.0000
22122,5674,1.0000
22123,5674,1.0000
22124,5674,1.0000
22125,5674,1.0000
22126,5674,1.0000
22127,5674,1.0000
22128,5674,1.0000
22129,5674,1.0000
22130,5674,1.0000
22131,5674,1.0000
22132,5674,1.0000
22133,5674,1.0000
22134,5674,1.0000
22135,5674,1.0000
22136,5674,1.0000
22137,5674,1.0000
22138,5674,1.0000
22139,5674,1.0000
22140,5674,1.0000
22141,5674,1.0000
22142,5674,1.0000
22143,5674,1.0000
22144,5674,1.0000
22145,5674,1.0000
22146,5674,1.0000
22147,5674,1.0000
22148,5674,1.0000
22149,5674,1.0000
22150,5674,.7920
22150,5222,.2080
22151,5674,.0227
22151,5222,.9773
22152,5222,1.0000
22153,5222,1.0000
22154,5222,1.0000
22155,5222,1.0000
22156,5222,1.0000
22157,5222,1.0000
22158,5222,1.0000
22159,5222,1.0000
22160,5222,1.0000
22161,5222,1.0000
22162,5222,1.0000
22163,5222,1.0000
22164,5222,.9062
22164,5674,.0937
22165,5674,.5772
22165,5222,.4228
22166,5674,.9773
22166,5222,.0227
22167,5674,1.0000
22168,5674,.8682
22168,5222,.1318
22169,5222,.6378
22169,5674,.3622
22170,5674,1.0000
22171,5674,1.0000
22172,5674,.3561
22172,5222,.6439
22173,5222,1.0000
22174,5222,1.0000
22175,5222,1.0000
22176,5222,1.0000
22177,5222,1.0000
22178,5222,1.0000
22179,5222,1.0000
22180,5222,1.0000
22181,5222,1.0000
22182,5222,1.0000
22183,5222,1.0000
22184,5222,1.0000
22185,5222,1.0000
22186,5222,1.0000
22187,5222,1.0000
22188,5222,1.0000
22189,5222,1.0000
22190,5222,1.0000
22191,5222,1.0000
22192,5222,1.0000
22193,5222,1.0000
22194,5222,1.0000
22195,5222,1.0000
22196,5222,1.0000
22197,5222,1.0000
22198,5222,1.0000
22199,5222,1.0000
22200,5222,1.0000
22201,5222,1.0000
22202,5222,1.0000
22203,5222,1.0000
22204,5222,1.0000
22205,5222,1.0000
22206,5222,1.0000
22207,5222,1.0000
22208,5222,1.0000
22209,5222,1.0000
22210,5222,1.0000
22211,5222,1.0000
22212,5222,1.0000
22213,5222,1.0000
22214,5222,1.0000
22215,5222,1.0000
22216,5222,1.0000
22217,5222,1.0000
22218,5222,1.0000
22219,5222,.8437
22219,5690,.1562
22220,5690,1.0000
22221,5690,1.0000
22222,5690,1.0000
22223,5690,1.0000
22224,5222,.3889
22224,5690,.6111
22225,5222,1.0000
22226,5222,1.0000
22227,5222,1.0000
22228,5222,1.0000
22229,5222,1.0000
22230,5222,1.0000
22231,5222,1.0000
22232,5222,1.0000
22233,5222,1.0000
22234,5222,1.0000
22235,5222,1.0000
22236,5222,1.0000
22237,5222,1.0000
22238,5222,1.0000
22239,5222,1.0000
22240,5222,1.0000
22241,5222,1.0000
22242,5222,1.0000
22243,5222,1.0000
22244,5222,1.0000
22245,5222,1.0000
22246,5222,1.0000
22247,5222,1.0000
22248,5222,1.0000
22249,5222,1.0000
22250,5222,1.0000
22251,5222,1.0000
22252,5222,1.0000
22253,5222,1.0000
22254,5222,1.0000
22255,5222,1.0000
22256,5222,1.0000
22257,5222,1.0000
22258,5222,1.0000
22259,5222,1.0000
22260,5222,1.0000
22261,5222,1.0000
22262,5222,1.0000
22263,5222,1.0000
22264,5222,1.0000
22265,5222,1.0000
22266,5222,1.0000
22267,5222,1.0000
22268,5222,1.0000
22269,5222,1.0000
22270,5222,1.0000
22271,5222,1.0000
22272,5222,1.0000
22273,5222,.5703
22273,-999,.4297
22274,5222,.1953
22274,-999,.8047
22275,5222,.3511
22275,-999,.6489
22276,-999,.9141
22276,5222,.0859
22277,-999,.4496
22277,5222,.5504
22278,-999,.6641
22278,5222,.3359
22279,-999,.9380
22279,5222,.0620
22280,-999,1.0000
22281,-999,1.0000
22282,-999,1.0000
22283,-999,1.0000
22284,-999,1.0000
22285,-999,1.0000
22286,-999,1.0000
22287,-999,1.0000
22288,-999,1.0000
22289,5675,1.0000
22290,5675,1.0000
22291,5675,1.0000
22292,5675,1.0000
22293,5675,1.0000
22294,5675,1.0000
22295,5675,1.0000
22296,5675,1.0000
22297,5675,1.0000
22298,5675,1.0000
22299,5675,1.0000
22300,5675,1.0000
22301,5675,1.0000
22302,5675,1.0000
22303,5675,.5344
22303,5674,.4656
22304,5674,.9297
22304,5675,.0703
22305,5675,.7846
22305,5674,.2154
22306,5675,1.0000
22307,5675,1.0000
22308,5675,.6953
22308,5674,.3047
22309,5674,1.0000
22310,5674,1.0000
22311,5674,1.0000
22312,5674,1.0000
22313,5674,1.0000
22314,5674,1.0000
22315,5674,1.0000
22316,5674,1.0000
22317,5674,1.0000
22318,5674,1.0000
22319,5674,1.0000
22320,5674,1.0000
22321,5674,1.0000
22322,5674,1.0000
22323,5674,1.0000
22324,5674,1.0000
22325,5674,1.0000
22326,5674,1.0000
22327,5674,1.0000
22328,5674,1.0000
22329,5674,1.0000
22330,5674,1.0000
22331,5674,1.0000
22332,5674,1.0000
22333,5674,1.0000
22334,5674,1.0000
22335,5674,1.0000
22336,5674,1.0000
22337,5674,1.0000
22338,5674,1.0000
22339,5674,1.0000
22340,5674,1.0000
22341,5674,1.0000
22342,5674,.9453
22342,5222,.0547
22343,5674,.7879
22343,5222,.2121
22344,5674,1.0000
22345,5674,1.0000
22346,5674,1.0000
22347,5674,1.0000
22348,5674,1.0000
22349,5674,.4692
22349,5222,.5308
22350,5222,1.0000
22351,5222,1.0000
22352,5222,1.0000
22353,5222,1.0000
22354,5222,1.0000
22355,5222,1.0000
22356,5222,1.0000
22357,5222,1.0000
22358,5222,1.0000
22359,5222,1.0000
22360,5222,1.0000
22361,5222,1.0000
22362,5222,1.0000
22363,5222,1.0000
22364,5222,1.0000
22365,5222,.7373
22365,5674,.2627
22366,5674,.7984
22366,5222,.2016
22367,5674,1.0000
22368,5674,.9621
22368,5222,.0379
22369,5674,1.0000
22370,5674,.8629
22370,5222,.1371
22371,5674,.0574
22371,5222,.9426
22372,5222,1.0000
22373,5222,1.0000
22374,5222,1.0000
22375,5222,1.0000
22376,5222,1.0000
22377,5222,1.0000
22378,5222,1.0000
22379,5222,1.0000
22380,5222,1.0000
22381,5222,1.0000
22382,5222,1.0000
22383,5222,1.0000
22384,5222,1.0000
22385,5222,1.0000
22386,5222,1.0000
22387,5222,1.0000
22388,5222,1.0000
22389,5222,1.0000
22390,5222,1.0000
22391,5222,1.0000
22392,5222,1.0000
22393,5222,1.0000
22394,5222,1.0000
22395,5222,1.0000
22396,5222,.9773
22396,5690,.0227
22397,5222,.7742
22397,5690,.2258
22398,5222,.4746
22398,5690,.5254
22399,5222,.4667
22399,5690,.5333
22400,5222,.7213
22400,5690,.2787
22401,5222,.8712
22401,5690,.1288
22402,5222,.9621
22402,5690,.0379
22403,5222,1.0000
22404,5222,1.0000
22405,5222,1.0000
22406,5222,1.0000
22407,5222,1.0000
22408,5222,1.0000
22409,5222,1.0000
22410,5222,1.0000
22411,5222,1.0000
22412,5222,1.0000
22413,5222,1.0000
22414,5222,1.0000
22415,5222,1.0000
22416,5222,1.0000
22417,5222,1.0000
22418,5222,.9760
22418,5690,.0240
22419,5690,.8712
22419,5222,.1288
22420,5690,1.0000
22421,5690,1.0000
22422,5690,1.0000
22423,5690,.9924
22423,5222,.0076
22424,5222,.7197
22424,5690,.2803
22425,5222,1.0000
22426,5222,1.0000
22427,5222,1.0000
22428,5222,1.0000
22429,5222,1.0000
22430,5222,1.0000
22431,5222,1.0000
22432,5222,1.0000
22433,5222,1.0000
22434,5222,1.0000
22435,5222,1.0000
22436,5222,1.0000
22437,5222,1.0000
22438,5222,1.0000
22439,5222,1.0000
22440,5222,1.0000
22441,5222,1.0000
22442,5222,1.0000
22443,5222,1.0000
22444,5222,1.0000
22445,5222,1.0000
22446,5222,1.0000
22447,5222,1.0000
22448,5222,1.0000
22449,5222,1.0000
22450,5222,1.0000
22451,5222,1.0000
22452,5222,1.0000
22453,5222,1.0000
22454,5222,1.0000
22455,5222,1.0000
22456,5222,1.0000
22457,5222,1.0000
22458,5222,1.0000
22459,5222,1.0000
22460,5222,1.0000
22461,5222,1.0000
22462,5222,1.0000
22463,5222,1.0000
22464,5222,1.0000
22465,5222,1.0000
22466,5222,1.0000
22467,5222,1.0000
22468,5222,1.0000
22469,5222,1.0000
22470,5222,1.0000
22471,5222,1.0000
22472,5222,.3846
22472,-999,.6154
22473,-999,.8846
22473,5222,.1154
22474,-999,.8828
22474,5222,.1172
22475,-999,.5725
22475,5222,.4275
22476,-999,.7812
22476,5222,.2187
22477,5222,.6124
22477,-999,.3876
22478,5222,.5923
22478,-999,.4077
22479,-999,1.0000
22480,-999,1.0000
22481,-999,1.0000
22482,-999,1.0000
22483,-999,1.0000
22484,-999,1.0000
22485,-999,1.0000
22486,-999,1.0000
22487,-999,1.0000
22488,5675,1.0000
22489,5675,1.0000
22490,5675,1.0000
22491,5675,1.0000
22492,5675,1.0000
22493,5675,1.0000
22494,5675,1.0000
22495,5675,1.0000
22496,5675,1.0000
22497,5675,1.0000
22498,5675,1.0000
22499,5675,1.0000
22500,5675,1.0000
22501,5675,1.0000
22502,5675,.2403
22502,5674,.7597
22503,5674,1.0000
22504,5674,.8295
22504,5675,.1705
22505,5675,.9542
22505,5674,.0458
22506,5675,1.0000
22507,5675,.4922
22507,5674,.5078
22508,5674,1.0000
22509,5674,1.0000
22510,5674,1.0000
22511,5674,1.0000
22512,5674,1.0000
22513,5674,1.0000
22514,5674,1.0000
22515,5674,1.0000
22516,5674,1.0000
22517,5674,1.0000
22518,5674,1.0000
22519,5674,1.0000
22520,5674,1.0000
22521,5674,1.0000
22522,5674,1.0000
22523,5674,1.0000
22524,5674,1.0000
22525,5674,1.0000
22526,5674,1.0000
22527,5674,1.0000
22528,5674,1.0000
22529,5674,1.0000
22530,5674,1.0000
22531,5674,1.0000
22532,5674,1.0000
22533,5674,1.0000
22534,5674,1.0000
22535,5674,1.0000
22536,5674,1.0000
22537,5674,1.0000
22538,5674,1.0000
22539,5674,1.0000
22540,5674,1.0000
22541,5674,.7381
22541,5222,.2619
22542,5222,.8397
22542,5674,.1603
22543,5674,.9618
22543,5222,.0382
22544,5674,1.0000
22545,5674,.7727
22545,5222,.2273
22546,5674,.5827
22546,5222,.4173
22547,5674,.9843
22547,5222,.0157
22548,5674,.6591
22548,5222,.3409
22549,5222,1.0000
22550,5222,1.0000
22551,5222,1.0000
22552,5222,1.0000
22553,5222,1.0000
22554,5222,1.0000
22555,5222,1.0000
22556,5222,1.0000
22557,5222,1.0000
22558,5222,1.0000
22559,5222,1.0000
22560,5222,1.0000
22561,5222,1.0000
22562,5222,1.0000
22563,5222,1.0000
22564,5222,1.0000
22565,5222,.9262
22565,5674,.0738
22566,5674,.8828
22566,5222,.1172
22567,5674,1.0000
22568,5674,1.0000
22569,5674,.3258
22569,5222,.6742
22570,5222,1.0000
22571,5222,1.0000
22572,5222,1.0000
22573,5222,1.0000
22574,5222,1.0000
22575,5222,1.0000
22576,5222,1.0000
22577,5222,1.0000
22578,5222,1.0000
22579,5222,1.0000
22580,5222,1.0000
22581,5222,1.0000
22582,5222,1.0000
22583,5222,1.0000
22584,5222,1.0000
22585,5222,1.0000
22586,5222,1.0000
22587,5222,1.0000
22588,5222,1.0000
22589,5222,1.0000
22590,5222,1.0000
22591,5222,1.0000
22592,5222,1.0000
22593,5222,1.0000
22594,5222,.5833
22594,5690,.4167
22595,5222,.1083
22595,5690,.8917
22596,5690,1.0000
22597,5690,1.0000
22598,5690,1.0000
22599,5690,1.0000
22600,5690,.9773
22600,5222,.0227
22601,5690,.8636
22601,5222,.1364
22602,5222,.7652
22602,5690,.2348
22603,5222,1.0000
22604,5222,1.0000
22605,5222,1.0000
22606,5222,1.0000
22607,5222,1.0000
22608,5222,1.0000
22609,5222,1.0000
22610,5222,1.0000
22611,5222,1.0000
22612,5222,1.0000
22613,5222,1.0000
22614,5222,1.0000
22615,5222,1.0000
22616,5222,1.0000
22617,5222,1.0000
22618,5222,.6489
22618,5690,.3511
22619,5690,1.0000
22620,5690,1.0000
22621,5690,1.0000
22622,5690,1.0000
22623,5690,.6371
22623,5222,.3629
22624,5222,1.0000
22625,5222,1.0000
22626,5222,1.0000
22627,5222,1.0000
22628,5222,1.0000
22629,5222,1.0000
22630,5222,1.0000
22631,5222,1.0000
22632,5222,1.0000
22633,5222,1.0000
22634,5222,1.0000
22635,5222,1.0000
22636,5222,1.0000
22637,5222,1.0000
22638,5222,1.0000
22639,5222,1.0000
22640,5222,1.0000
22641,5222,1.0000
22642,5222,1.0000
22643,5222,1.0000
22644,5222,1.0000
22645,5222,1.0000
22646,5222,1.0000
22647,5222,1.0000
22648,5222,1.0000
22649,5222,1.0000
22650,5222,1.0000
22651,5222,1.0000
22652,5222,1.0000
22653,5222,1.0000
22654,5222,1.0000
22655,5222,1.0000
22656,5222,1.0000
22657,5222,1.0000
22658,5222,1.0000
22659,5222,1.0000
22660,5222,1.0000
22661,5222,1.0000
22662,5222,1.0000
22663,5222,1.0000
22664,5222,1.0000
22665,5222,1.0000
22666,5222,1.0000
22667,5222,1.0000
22668,5222,1.0000
22669,5222,1.0000
22670,5222,1.0000
22671,5222,.7557
22671,-999,.2443
22672,-999,.3798
22672,5222,.6202
22673,-999,.8538
22673,5222,.1462
22674,-999,.1953
22674,5222,.8047
22675,5222,.4885
22675,-999,.5115
22676,-999,.7692
22676,5222,.2308
22677,-999,.5039
22677,5222,.4961
22678,-999,1.0000
22679,-999,1.0000
22680,-999,1.0000
22681,-999,1.0000
22682,-999,1.0000
22683,-999,1.0000
22684,-999,1.0000
22685,-999,1.0000
22686,-999,1.0000
22687,5675,1.0000
22688,5675,1.0000
22689,5675,1.0000
22690,5675,1.0000
22691,5675,1.0000
22692,5675,1.0000
22693,5675,1.0000
22694,5675,1.0000
22695,5675,1.0000
22696,5675,1.0000
22697,5675,1.0000
22698,5675,1.0000
22699,5675,1.0000
22700,5675,.8462
22700,5674,.1538
22701,5675,.0156
22701,5674,.9844
22702,5674,1.0000
22703,5674,1.0000
22704,5674,.4769
22704,5675,.5231
22705,5675,1.0000
22706,5675,.2443
22706,5674,.7557
22707,5674,1.0000
22708,5674,1.0000
22709,5674,1.0000
22710,5674,1.0000
22711,5674,1.0000
22712,5674,1.0000
22713,5674,1.0000
22714,5674,1.0000
22715,5674,1.0000
22716,5674,1.0000
22717,5674,1.0000
22718,5674,1.0000
22719,5674,1.0000
22720,5674,1.0000
22721,5674,1.0000
22722,5674,1.0000
22723,5674,1.0000
22724,5674,1.0000
22725,5674,1.0000
22726,5674,1.0000
22727,5674,1.0000
22728,5674,1.0000
22729,5674,1.0000
22730,5674,1.0000
22731,5674,1.0000
22732,5674,1.0000
22733,5674,1.0000
22734,5674,1.0000
22735,5674,1.0000
22736,5674,1.0000
22737,5674,1.0000
22738,5674,1.0000
22739,5674,1.0000
22740,5674,.7099
22740,5222,.2901
22741,5222,1.0000
22742,5222,.2727
22742,5674,.7273
22743,5674,1.0000
22744,5674,.3047
22744,5222,.6953
22745,5222,1.0000
22746,5222,.7222
22746,5674,.2778
22747,5674,.5923
22747,5222,.4077
22748,5222,.9924
22748,5674,.0076
22749,5222,1.0000
22750,5222,1.0000
22751,5222,1.0000
22752,5222,1.0000
22753,5222,1.0000
22754,5222,1.0000
22755,5222,1.0000
22756,5222,1.0000
22757,5222,1.0000
22758,5222,1.0000
22759,5222,1.0000
22760,5222,1.0000
22761,5222,1.0000
22762,5222,.7121
22762,5674,.2879
22763,5222,.2424
22763,5674,.7576
22764,5222,.2273
22764,5674,.7727
22765,5222,.0400
22765,5674,.9600
22766,5674,1.0000
22767,5674,.7424
22767,5222,.2576
22768,5674,.0076
22768,5222,.9924
22769,5222,1.0000
22770,5222,1.0000
22771,5222,1.0000
22772,5222,1.0000
22773,5222,1.0000
22774,5222,1.0000
22775,5222,1.0000
22776,5222,1.0000
22777,5222,1.0000
22778,5222,1.0000
22779,5222,1.0000
22780,5222,1.0000
22781,5222,1.0000
22782,5222,1.0000
22783,5222,1.0000
22784,5222,1.0000
22785,5222,1.0000
22786,5222,1.0000
22787,5222,1.0000
22788,5222,1.0000
22789,5222,1.0000
22790,5222,1.0000
22791,5222,.8864
22791,5690,.1136
22792,5222,.2500
22792,5690,.7500
22793,5222,.0076
22793,5690,.9924
22794,5690,1.0000
22795,5690,1.0000
22796,5690,1.0000
22797,5690,1.0000
22798,5690,1.0000
22799,5690,1.0000
22800,5690,1.0000
22801,5690,.7440
22801,5222,.2560
22802,5222,1.0000
22803,5222,1.0000
22804,5222,1.0000
22805,5222,1.0000
22806,5222,1.0000
22807,5222,1.0000
22808,5222,1.0000
22809,5222,1.0000
22810,5222,1.0000
22811,5222,1.0000
22812,5222,1.0000
22813,5222,1.0000
22814,5222,1.0000
22815,5222,1.0000
22816,5222,1.0000
22817,5222,.9687
22817,5690,.0312
22818,5690,.8468
22818,5222,.1532
22819,5690,1.0000
22820,5690,1.0000
22821,5690,1.0000
22822,5690,.9225
22822,5222,.0775
22823,5222,.9394
22823,5690,.0606
22824,5222,1.0000
22825,5222,1.0000
22826,5222,1.0000
22827,5222,1.0000
22828,5222,1.0000
22829,5222,1.0000
22830,5222,1.0000
22831,5222,1.0000
22832,5222,1.0000
22833,5222,1.0000
22834,5222,1.0000
22835,5222,1.0000
22836,5222,1.0000
22837,5222,1.0000
22838,5222,1.0000
22839,5222,1.0000
22840,5222,1.0000
22841,5222,1.0000
22842,5222,1.0000
22843,5222,1.0000
22844,5222,1.0000
22845,5222,1.0000
22846,5222,1.0000
22847,5222,1.0000
22848,5222,1.0000
22849,5222,1.0000
22850,5222,1.0000
22851,5222,1.0000
22852,5222,1.0000
22853,5222,1.0000
22854,5222,1.0000
22855,5222,1.0000
22856,5222,1.0000
22857,5222,1.0000
22858,5222,1.0000
22859,5222,1.0000
22860,5222,1.0000
22861,5222,1.0000
22862,5222,1.0000
22863,5222,1.0000
22864,5222,1.0000
22865,5222,1.0000
22866,5222,1.0000
22867,5222,1.0000
22868,5222,1.0000
22869,5222,1.0000
22870,5222,1.0000
22871,5222,1.0000
22872,5222,.9457
22872,-999,.0543
22873,5222,.8828
22873,-999,.1172
22874,5222,1.0000
22875,5222,.6489
22875,-999,.3511
22876,5222,.0775
22876,-999,.9225
22877,-999,1.0000
22878,-999,1.0000
22879,-999,1.0000
22880,-999,1.0000
22881,-999,1.0000
22882,-999,1.0000
22883,-999,1.0000
22884,-999,1.0000
22885,-999,1.0000
22886,5675,1.0000
22887,5675,1.0000
22888,5675,1.0000
22889,5675,1.0000
22890,5675,1.0000
22891,5675,1.0000
22892,5675,1.0000
22893,5675,1.0000
22894,5675,1.0000
22895,5675,1.0000
22896,5675,1.0000
22897,5675,1.0000
22898,5675,1.0000
22899,5675,.5194
22899,5674,.4806
22900,5674,1.0000
22901,5674,1.0000
22902,5674,1.0000
22903,5674,.9375
22903,5675,.0625
22904,5675,.6970
22904,5674,.3030
22905,5675,.0703
22905,5674,.9297
22906,5674,1.0000
22907,5674,1.0000
22908,5674,1.0000
22909,5674,1.0000
22910,5674,1.0000
22911,5674,1.0000
22912,5674,1.0000
22913,5674,1.0000
22914,5674,1.0000
22915,5674,1.0000
22916,5674,1.0000
22917,5674,1.0000
22918,5674,1.0000
22919,5674,1.0000
22920,5674,1.0000
22921,5674,1.0000
22922,5674,1.0000
22923,5674,1.0000
22924,5674,1.0000
22925,5674,1.0000
22926,5674,1.0000
22927,5674,1.0000
22928,5674,1.0000
22929,5674,1.0000
22930,5674,1.0000
22931,5674,1.0000
22932,5674,1.0000
22933,5674,1.0000
22934,5674,1.0000
22935,5674,1.0000
22936,5674,1.0000
22937,5674,1.0000
22938,5674,1.0000
22939,5674,.6439
22939,5222,.3561
22940,5222,1.0000
22941,5222,.7442
22941,5674,.2558
22942,5674,.7121
22942,5222,.2879
22943,5674,.1360
22943,5222,.8640
22944,5222,1.0000
22945,5222,1.0000
22946,5222,1.0000
22947,5222,1.0000
22948,5222,1.0000
22949,5222,1.0000
22950,5222,1.0000
22951,5222,1.0000
22952,5222,1.0000
22953,5222,1.0000
22954,5222,1.0000
22955,5222,1.0000
22956,5222,1.0000
22957,5222,1.0000
22958,5222,.9621
22958,5674,.0379
22959,5222,.6818
22959,5674,.3182
22960,5222,.3281
22960,5674,.6719
22961,5222,.0081
22961,5674,.9919
22962,5674,1.0000
22963,5674,1.0000
22964,5674,1.0000
22965,5674,1.0000
22966,5674,.3667
22966,5222,.6333
22967,5222,1.0000
22968,5222,1.0000
22969,5222,1.0000
22970,5222,1.0000
22971,5222,1.0000
22972,5222,1.0000
22973,5222,1.0000
22974,5222,1.0000
22975,5222,1.0000
22976,5222,1.0000
22977,5222,1.0000
22978,5222,1.0000
22979,5222,1.0000
22980,5222,1.0000
22981,5222,1.0000
22982,5222,1.0000
22983,5222,1.0000
22984,5222,1.0000
22985,5222,1.0000
22986,5222,1.0000
22987,5222,1.0000
22988,5222,1.0000
22989,5222,1.0000
22990,5222,.8106
22990,5690,.1894
22991,5690,1.0000
22992,5690,1.0000
22993,5690,1.0000
22994,5690,1.0000
22995,5690,1.0000
22996,5690,1.0000
22997,5690,1.0000
22998,5690,1.0000
22999,5690,1.0000
23000,5690,.9055
23000,5222,.0945
23001,5222,.9615
23001,5690,.0385
23002,5222,1.0000
23003,5222,1.0000
23004,5222,1.0000
23005,5222,1.0000
23006,5222,1.0000
23007,5222,1.0000
23008,5222,1.0000
23009,5222,1.0000
23010,5222,1.0000
23011,5222,1.0000
23012,5222,1.0000
23013,5222,1.0000
23014,5222,1.0000
23015,5222,1.0000
23016,5222,1.0000
23017,5222,.4167
23017,5690,.5833
23018,5690,1.0000
23019,5690,1.0000
23020,5690,1.0000
23021,5690,1.0000
23022,5690,.2748
23022,5222,.7252
23023,5222,1.0000
23024,5222,1.0000
23025,5222,1.0000
23026,5222,1.0000
23027,5222,1.0000
23028,5222,1.0000
23029,5222,1.0000
23030,5222,1.0000
23031,5222,1.0000
23032,5222,1.0000
23033,5222,1.0000
23034,5222,1.0000
23035,5222,1.0000
23036,5222,1.0000
23037,5222,1.0000
23038,5222,1.0000
23039,5222,1.0000
23040,5222,1.0000
23041,5222,1.0000
23042,5222,1.0000
23043,5222,1.0000
23044,5222,1.0000
23045,5222,1.0000
23046,5222,1.0000
23047,5222,1.0000
23048,5222,1.0000
23049,5222,1.0000
23050,5222,1.0000
23051,5222,1.0000
23052,5222,1.0000
23053,5222,1.0000
23054,5222,1.0000
23055,5222,1.0000
23056,5222,1.0000
23057,5222,1.0000
23058,5222,1.0000
23059,5222,1.0000
23060,5222,1.0000
23061,5222,1.0000
23062,5222,1.0000
23063,5222,1.0000
23064,5222,1.0000
23065,5222,1.0000
23066,5222,1.0000
23067,5222,1.0000
23068,5222,1.0000
23069,5222,1.0000
23070,5222,1.0000
23071,5222,1.0000
23072,5222,1.0000
23073,5222,1.0000
23074,5222,.8594
23074,-999,.1406
23075,-999,.5639
23075,5222,.4361
23076,-999,.8000
23076,5222,.2000
23077,-999,1.0000
23078,-999,1.0000
23079,-999,1.0000
23080,-999,1.0000
23081,-999,1.0000
23082,-999,1.0000
23083,-999,1.0000
23084,-999,1.0000
23085,5675,1.0000
23086,5675,1.0000
23087,5675,1.0000
23088,5675,1.0000
23089,5675,1.0000
23090,5675,1.0000
23091,5675,1.0000
23092,5675,1.0000
23093,5675,1.0000
23094,5675,1.0000
23095,5675,1.0000
23096,5675,1.0000
23097,5675,.9612
23097,5674,.0388
23098,5675,.1077
23098,5674,.8923
23099,5674,1.0000
23100,5674,1.0000
23101,5674,1.0000
23102,5674,1.0000
23103,5674,1.0000
23104,5674,1.0000
23105,5674,1.0000
23106,5674,1.0000
23107,5674,1.0000
23108,5674,1.0000
23109,5674,1.0000
23110,5674,1.0000
23111,5674,1.0000
23112,5674,1.0000
23113,5674,1.0000
23114,5674,1.0000
23115,5674,1.0000
23116,5674,1.0000
23117,5674,1.0000
23118,5674,1.0000
23119,5674,1.0000
23120,5674,1.0000
23121,5674,1.0000
23122,5674,1.0000
23123,5674,1.0000
23124,5674,1.0000
23125,5674,1.0000
23126,5674,1.0000
23127,5674,1.0000
23128,5674,1.0000
23129,5674,1.0000
23130,5674,1.0000
23131,5674,1.0000
23132,5674,1.0000
23133,5674,1.0000
23134,5674,1.0000
23135,5674,1.0000
23136,5674,1.0000
23137,5674,1.0000
23138,5674,.6589
23138,5222,.3411
23139,5222,.9848
23139,5674,.0152
23140,5222,1.0000
23141,5222,1.0000
23142,5222,1.0000
23143,5222,1.0000
23144,5222,1.0000
23145,5222,1.0000
23146,5222,1.0000
23147,5222,1.0000
23148,5222,1.0000
23149,5222,1.0000
23150,5222,1.0000
23151,5222,1.0000
23152,5222,1.0000
23153,5222,1.0000
23154,5222,.7955
23154,5674,.2045
23155,5222,.4242
23155,5674,.5758
23156,5222,.2480
23156,5674,.7520
23157,5222,.0781
23157,5674,.9219
23158,5674,1.0000
23159,5674,1.0000
23160,5674,1.0000
23161,5674,1.0000
23162,5674,1.0000
23163,5674,1.0000
23164,5674,1.0000
23165,5674,.4318
23165,5222,.5682
23166,5222,1.0000
23167,5222,1.0000
23168,5222,1.0000
23169,5222,1.0000
23170,5222,1.0000
23171,5222,1.0000
23172,5222,1.0000
23173,5222,1.0000
23174,5222,1.0000
23175,5222,1.0000
23176,5222,1.0000
23177,5222,1.0000
23178,5222,1.0000
23179,5222,1.0000
23180,5222,1.0000
23181,5222,1.0000
23182,5222,1.0000
23183,5222,1.0000
23184,5222,1.0000
23185,5222,1.0000
23186,5222,1.0000
23187,5222,1.0000
23188,5222,1.0000
23189,5222,.6742
23189,5690,.3258
23190,5690,1.0000
23191,5690,1.0000
23192,5690,1.0000
23193,5690,1.0000
23194,5690,1.0000
23195,5690,1.0000
23196,5690,1.0000
23197,5690,1.0000
23198,5690,1.0000
23199,5690,.9318
23199,5222,.0682
23200,5690,.0833
23200,5222,.9167
23201,5222,1.0000
23202,5222,1.0000
23203,5222,1.0000
23204,5222,1.0000
23205,5222,1.0000
23206,5222,1.0000
23207,5222,1.0000
23208,5222,1.0000
23209,5222,1.0000
23210,5222,1.0000
23211,5222,1.0000
23212,5222,1.0000
23213,5222,1.0000
23214,5222,1.0000
23215,5222,1.0000
23216,5222,.5000
23216,5690,.5000
23217,5690,1.0000
23218,5690,1.0000
23219,5690,1.0000
23220,5690,1.0000
23221,5222,.6613
23221,5690,.3387
23222,5222,1.0000
23223,5222,1.0000
23224,5222,1.0000
23225,5222,1.0000
23226,5222,1.0000
23227,5222,1.0000
23228,5222,1.0000
23229,5222,1.0000
23230,5222,1.0000
23231,5222,1.0000
23232,5222,1.0000
23233,5222,1.0000
23234,5222,1.0000
23235,5222,1.0000
23236,5222,1.0000
23237,5222,1.0000
23238,5222,1.0000
23239,5222,1.0000
23240,5222,1.0000
23241,5222,1.0000
23242,5222,1.0000
23243,5222,1.0000
23244,5222,1.0000
23245,5222,1.0000
23246,5222,1.0000
23247,5222,1.0000
23248,5222,1.0000
23249,5222,1.0000
23250,5222,1.0000
23251,5222,1.0000
23252,5222,1.0000
23253,5222,1.0000
23254,5222,1.0000
23255,5222,1.0000
23256,5222,1.0000
23257,5222,1.0000
23258,5222,1.0000
23259,5222,1.0000
23260,5222,1.0000
23261,5222,1.0000
23262,5222,1.0000
23263,5222,1.0000
23264,5222,1.0000
23265,5222,1.0000
23266,5222,1.0000
23267,5222,1.0000
23268,5222,1.0000
23269,5222,1.0000
23270,5222,1.0000
23271,5222,1.0000
23272,5222,1.0000
23273,5222,1.0000
23274,5222,.9767
23274,-999,.0233
23275,5222,.4848
23275,-999,.5152
23276,-999,1.0000
23277,-999,1.0000
23278,-999,1.0000
23279,-999,1.0000
23280,-999,1.0000
23281,-999,1.0000
23282,-999,1.0000
23283,-999,1.0000
23284,5675,1.0000
23285,5675,1.0000
23286,5675,1.0000
23287,5675,1.0000
23288,5675,1.0000
23289,5675,1.0000
23290,5675,1.0000
23291,5675,1.0000
23292,5675,1.0000
23293,5675,1.0000
23294,5675,1.0000
23295,5675,1.0000
23296,5675,1.0000
23297,5675,.2348
23297,5674,.7652
23298,5674,1.0000
23299,5674,1.0000
23300,5674,1.0000
23301,5674,1.0000
23302,5674,1.0000
23303,5674,1.0000
23304,5674,1.0000
23305,5674,1.0000
23306,5674,1.0000
23307,5674,1.0000
23308,5674,1.0000
23309,5674,1.0000
23310,5674,1.0000
23311,5674,1.0000
23312,5674,1.0000
23313,5674,1.0000
23314,5674,1.0000
23315,5674,1.0000
23316,5674,1.0000
23317,5674,1.0000
23318,5674,1.0000
23319,5674,1.0000
23320,5674,1.0000
23321,5674,1.0000
23322,5674,1.0000
23323,5674,1.0000
23324,5674,1.0000
23325,5674,1.0000
23326,5674,1.0000
23327,5674,1.0000
23328,5674,1.0000
23329,5674,1.0000
23330,5674,1.0000
23331,5674,1.0000
23332,5674,1.0000
23333,5674,1.0000
23334,5674,1.0000
23335,5674,1.0000
23336,5674,1.0000
23337,5674,1.0000
23338,5674,.8485
23338,5222,.1515
23339,5222,.4167
23339,5674,.5833
23340,5222,.6080
23340,5674,.3920
23341,5222,.8182
23341,5674,.1818
23342,5222,.9922
23342,5674,.0078
23343,5222,1.0000
23344,5222,1.0000
23345,5222,1.0000
23346,5222,1.0000
23347,5222,1.0000
23348,5222,1.0000
23349,5222,1.0000
23350,5222,1.0000
23351,5222,1.0000
23352,5222,1.0000
23353,5222,.8140
23353,5674,.1860
23354,5674,.9545
23354,5222,.0455
23355,5674,1.0000
23356,5674,1.0000
23357,5674,1.0000
23358,5674,1.0000
23359,5674,1.0000
23360,5674,1.0000
23361,5674,1.0000
23362,5674,1.0000
23363,5674,1.0000
23364,5674,.8258
23364,5222,.1742
23365,5222,.8939
23365,5674,.1061
23366,5222,1.0000
23367,5222,1.0000
23368,5222,1.0000
23369,5222,1.0000
23370,5222,1.0000
23371,5222,1.0000
23372,5222,1.0000
23373,5222,1.0000
23374,5222,1.0000
23375,5222,1.0000
23376,5222,1.0000
23377,5222,1.0000
23378,5222,1.0000
23379,5222,1.0000
23380,5222,1.0000
23381,5222,1.0000
23382,5222,1.0000
23383,5222,1.0000
23384,5222,1.0000
23385,5222,1.0000
23386,5222,1.0000
23387,5222,.6439
23387,5690,.3561
23388,5222,.0625
23388,5690,.9375
23389,5690,1.0000
23390,5690,1.0000
23391,5690,1.0000
23392,5690,1.0000
23393,5690,1.0000
23394,5690,1.0000
23395,5690,1.0000
23396,5690,1.0000
23397,5690,1.0000
23398,5690,.7045
23398,5222,.2955
23399,5222,1.0000
23400,5222,1.0000
23401,5222,1.0000
23402,5222,1.0000
23403,5222,1.0000
23404,5222,1.0000
23405,5222,1.0000
23406,5222,1.0000
23407,5222,1.0000
23408,5222,1.0000
23409,5222,1.0000
23410,5222,1.0000
23411,5222,1.0000
23412,5222,1.0000
23413,5222,1.0000
23414,5222,1.0000
23415,5222,.5504
23415,5690,.4496
23416,5690,1.0000
23417,5690,1.0000
23418,5690,1.0000
23419,5690,1.0000
23420,5690,.4242
23420,5222,.5758
23421,5222,1.0000
23422,5222,1.0000
23423,5222,1.0000
23424,5222,1.0000
23425,5222,1.0000
23426,5222,1.0000
23427,5222,1.0000
23428,5222,1.0000
23429,5222,1.0000
23430,5222,1.0000
23431,5222,1.0000
23432,5222,1.0000
23433,5222,1.0000
23434,5222,1.0000
23435,5222,1.0000
23436,5222,1.0000
23437,5222,1.0000
23438,5222,1.0000
23439,5222,1.0000
23440,5222,1.0000
23441,5222,1.0000
23442,5222,1.0000
23443,5222,1.0000
23444,5222,1.0000
23445,5222,1.0000
23446,5222,1.0000
23447,5222,1.0000
23448,5222,1.0000
23449,5222,1.0000
23450,5222,1.0000
23451,5222,1.0000
23452,5222,1.0000
23453,5222,1.0000
23454,5222,1.0000
23455,5222,1.0000
23456,5222,1.0000
23457,5222,1.0000
23458,5222,1.0000
23459,5222,1.0000
23460,5222,1.0000
23461,5222,1.0000
23462,5222,1.0000
23463,5222,1.0000
23464,5222,1.0000
23465,5222,1.0000
23466,5222,1.0000
23467,5222,1.0000
23468,5222,1.0000
23469,5222,1.0000
23470,5222,1.0000
23471,5222,1.0000
23472,5222,1.0000
23473,5222,1.0000
23474,-999,.3462
23474,5222,.6538
23475,-999,.9621
23475,5222,.0379
23476,-999,.9846
23476,5222,.0154
23477,-999,1.0000
23478,-999,1.0000
23479,-999,1.0000
23480,-999,1.0000
23481,-999,1.0000
23482,-999,1.0000
23483,5675,1.0000
23484,5675,1.0000
23485,5675,1.0000
23486,5675,1.0000
23487,5675,1.0000
23488,5675,1.0000
23489,5675,1.0000
23490,5675,1.0000
23491,5675,1.0000
23492,5675,1.0000
23493,5675,1.0000
23494,5675,1.0000
23495,5675,1.0000
23496,5675,.5271
23496,5674,.4729
23497,5674,1.0000
23498,5674,1.0000
23499,5674,1.0000
23500,5674,1.0000
23501,5674,1.0000
23502,5674,1.0000
23503,5674,1.0000
23504,5674,1.0000
23505,5674,1.0000
23506,5674,1.0000
23507,5674,1.0000
23508,5674,1.0000
23509,5674,1.0000
23510,5674,1.0000
23511,5674,1.0000
23512,5674,1.0000
23513,5674,1.0000
23514,5674,1.0000
23515,5674,1.0000
23516,5674,1.0000
23517,5674,1.0000
23518,5674,1.0000
23519,5674,1.0000
23520,5674,1.0000
23521,5674,1.0000
23522,5674,1.0000
23523,5674,1.0000
23524,5674,1.0000
23525,5674,1.0000
23526,5674,1.0000
23527,5674,1.0000
23528,5674,1.0000
23529,5674,1.0000
23530,5674,1.0000
23531,5674,1.0000
23532,5674,1.0000
23533,5674,1.0000
23534,5674,1.0000
23535,5674,1.0000
23536,5674,1.0000
23537,5674,1.0000
23538,5674,1.0000
23539,5674,1.0000
23540,5674,1.0000
23541,5674,.8647
23541,5222,.1353
23542,5222,.2283
23542,5674,.7717
23543,5222,.6641
23543,5674,.3359
23544,5222,1.0000
23545,5222,1.0000
23546,5222,1.0000
23547,5222,1.0000
23548,5222,1.0000
23549,5222,1.0000
23550,5222,1.0000
23551,5222,1.0000
23552,5222,.9440
23552,5674,.0560
23553,5222,.0781
23553,5674,.9219
23554,5674,1.0000
23555,5674,1.0000
23556,5674,1.0000
23557,5674,1.0000
23558,5674,1.0000
23559,5674,1.0000
23560,5674,1.0000
23561,5674,1.0000
23562,5674,1.0000
23563,5674,1.0000
23564,5674,.7273
23564,5222,.2727
23565,5222,.9545
23565,5674,.0455
23566,5222,1.0000
23567,5222,1.0000
23568,5222,1.0000
23569,5222,1.0000
23570,5222,1.0000
23571,5222,1.0000
23572,5222,1.0000
23573,5222,1.0000
23574,5222,1.0000
23575,5222,1.0000
23576,5222,1.0000
23577,5222,1.0000
23578,5222,1.0000
23579,5222,1.0000
23580,5222,1.0000
23581,5222,1.0000
23582,5222,1.0000
23583,5222,1.0000
23584,5222,1.0000
23585,5222,1.0000
23586,5222,.3583
23586,5690,.6417
23587,5690,1.0000
23588,5690,1.0000
23589,5690,1.0000
23590,5690,1.0000
23591,5690,1.0000
23592,5690,1.0000
23593,5690,1.0000
23594,5690,1.0000
23595,5690,1.0000
23596,5690,1.0000
23597,5690,.6063
23597,5222,.3937
23598,5222,1.0000
23599,5222,1.0000
23600,5222,1.0000
23601,5222,1.0000
23602,5222,1.0000
23603,5222,1.0000
23604,5222,1.0000
23605,5222,1.0000
23606,5222,1.0000
23607,5222,1.0000
23608,5222,1.0000
23609,5222,1.0000
23610,5222,1.0000
23611,5222,1.0000
23612,5222,1.0000
23613,5222,1.0000
23614,5690,.2480
23614,5222,.7520
23615,5690,1.0000
23616,5690,1.0000
23617,5690,1.0000
23618,5690,1.0000
23619,5690,.8182
23619,5222,.1818
23620,5222,.9922
23620,5690,.0078
23621,5222,1.0000
23622,5222,1.0000
23623,5222,1.0000
23624,5222,1.0000
23625,5222,1.0000
23626,5222,1.0000
23627,5222,1.0000
23628,5222,1.0000
23629,5222,1.0000
23630,5222,1.0000
23631,5222,1.0000
23632,5222,1.0000
23633,5222,1.0000
23634,5222,1.0000
23635,5222,1.0000
23636,5222,1.0000
23637,5222,1.0000
23638,5222,1.0000
23639,5222,1.0000
23640,5222,1.0000
23641,5222,1.0000
23642,5222,1.0000
23643,5222,1.0000
23644,5222,1.0000
23645,5222,1.0000
23646,5222,1.0000
23647,5222,1.0000
23648,5222,1.0000
23649,5222,1.0000
23650,5222,1.0000
23651,5222,1.0000
23652,5222,1.0000
23653,5222,1.0000
23654,5222,1.0000
23655,5222,1.0000
23656,5222,1.0000
23657,5222,1.0000
23658,5222,1.0000
23659,5222,1.0000
23660,5222,1.0000
23661,5222,1.0000
23662,5222,1.0000
23663,5222,1.0000
23664,5222,1.0000
23665,5222,1.0000
23666,5222,1.0000
23667,5222,1.0000
23668,5222,1.0000
23669,5222,1.0000
23670,5222,1.0000
23671,5222,1.0000
23672,5222,1.0000
23673,5222,.9231
23673,-999,.0769
23674,-999,.0692
23674,5222,.9308
23675,-999,.7176
23675,5222,.2824
23676,-999,1.0000
23677,-999,1.0000
23678,-999,1.0000
23679,-999,1.0000
23680,-999,1.0000
23681,-999,1.0000
23682,5675,1.0000
23683,5675,1.0000
23684,5675,1.0000
23685,5675,1.0000
23686,5675,1.0000
23687,5675,1.0000
23688,5675,1.0000
23689,5675,1.0000
23690,5675,1.0000
23691,5675,1.0000
23692,5675,1.0000
23693,5675,1.0000
23694,5675,1.0000
23695,5675,.6308
23695,5674,.3692
23696,5674,1.0000
23697,5674,1.0000
23698,5674,1.0000
23699,5674,1.0000
23700,5674,1.0000
23701,5674,1.0000
23702,5674,1.0000
23703,5674,1.0000
23704,5674,1.0000
23705,5674,1.0000
23706,5674,1.0000
23707,5674,1.0000
23708,5674,1.0000
23709,5674,1.0000
23710,5674,1.0000
23711,5674,1.0000
23712,5674,1.0000
23713,5674,1.0000
23714,5674,1.0000
23715,5674,1.0000
23716,5674,1.0000
23717,5674,1.0000
23718,5674,1.0000
23719,5674,1.0000
23720,5674,1.0000
23721,5674,1.0000
23722,5674,1.0000
23723,5674,1.0000
23724,5674,1.0000
23725,5674,1.0000
23726,5674,1.0000
23727,5674,1.0000
23728,5674,1.0000
23729,5674,1.0000
23730,5674,1.0000
23731,5674,1.0000
23732,5674,1.0000
23733,5674,1.0000
23734,5674,1.0000
23735,5674,1.0000
23736,5674,1.0000
23737,5674,1.0000
23738,5674,1.0000
23739,5674,1.0000
23740,5674,1.0000
23741,5674,.9924
23741,5222,.0076
23742,5674,.3120
23742,5222,.6880
23743,5222,1.0000
23744,5222,1.0000
23745,5222,1.0000
23746,5222,1.0000
23747,5222,1.0000
23748,5222,1.0000
23749,5222,1.0000
23750,5222,1.0000
23751,5222,.7803
23751,5674,.2197
23752,5674,1.0000
23753,5674,1.0000
23754,5674,1.0000
23755,5674,1.0000
23756,5674,1.0000
23757,5674,1.0000
23758,5674,1.0000
23759,5674,1.0000
23760,5674,.9773
23760,5222,.0227
23761,5674,.8047
23761,5222,.1953
23762,5674,1.0000
23763,5674,1.0000
23764,5674,.6894
23764,5222,.3106
23765,5222,.9318
23765,5674,.0682
23766,5222,1.0000
23767,5222,1.0000
23768,5222,1.0000
23769,5222,1.0000
23770,5222,1.0000
23771,5222,1.0000
23772,5222,1.0000
23773,5222,1.0000
23774,5222,1.0000
23775,5222,1.0000
23776,5222,1.0000
23777,5222,1.0000
23778,5222,1.0000
23779,5222,1.0000
23780,5222,1.0000
23781,5222,1.0000
23782,5222,1.0000
23783,5222,1.0000
23784,5222,1.0000
23785,5222,.7955
23785,5690,.2045
23786,5690,1.0000
23787,5690,1.0000
23788,5690,1.0000
23789,5690,1.0000
23790,5690,1.0000
23791,5690,1.0000
23792,5690,1.0000
23793,5690,1.0000
23794,5690,1.0000
23795,5690,1.0000
23796,5690,.6587
23796,5222,.3413
23797,5222,1.0000
23798,5222,1.0000
23799,5222,1.0000
23800,5222,1.0000
23801,5222,1.0000
23802,5222,1.0000
23803,5222,1.0000
23804,5222,1.0000
23805,5222,1.0000
23806,5222,1.0000
23807,5222,1.0000
23808,5222,1.0000
23809,5222,1.0000
23810,5222,1.0000
23811,5222,1.0000
23812,5222,1.0000
23813,5222,.6894
23813,5690,.3106
23814,5690,1.0000
23815,5690,1.0000
23816,5690,1.0000
23817,5690,1.0000
23818,5690,1.0000
23819,5222,.8640
23819,5690,.1360
23820,5222,1.0000
23821,5222,1.0000
23822,5222,1.0000
23823,5222,1.0000
23824,5222,1.0000
23825,5222,1.0000
23826,5222,1.0000
23827,5222,1.0000
23828,5222,1.0000
23829,5222,1.0000
23830,5222,1.0000
23831,5222,1.0000
23832,5222,1.0000
23833,5222,1.0000
23834,5222,1.0000
23835,5222,1.0000
23836,5222,1.0000
23837,5222,1.0000
23838,5222,1.0000
23839,5222,1.0000
23840,5222,1.0000
23841,5222,1.0000
23842,5222,1.0000
23843,5222,1.0000
23844,5222,1.0000
23845,5222,1.0000
23846,5222,1.0000
23847,5222,1.0000
23848,5222,1.0000
23849,5222,1.0000
23850,5222,1.0000
23851,5222,1.0000
23852,5222,1.0000
23853,5222,1.0000
23854,5222,1.0000
23855,5222,1.0000
23856,5222,1.0000
23857,5222,1.0000
23858,5222,1.0000
23859,5222,1.0000
23860,5222,1.0000
23861,5222,1.0000
23862,5222,1.0000
23863,5222,1.0000
23864,5222,1.0000
23865,5222,1.0000
23866,5222,1.0000
23867,5222,1.0000
23868,5222,1.0000
23869,5222,1.0000
23870,5222,1.0000
23871,5222,.8712
23871,-999,.1288
23872,5222,.5462
23872,-999,.4538
23873,5222,.5496
23873,-999,.4504
23874,-999,.4462
23874,5222,.5538
23875,-999,.6336
23875,5222,.3664
23876,-999,1.0000
23877,-999,1.0000
23878,-999,1.0000
23879,-999,1.0000
23880,-999,1.0000
23881,5675,1.0000
23882,5675,1.0000
23883,5675,1.0000
23884,5675,1.0000
23885,5675,1.0000
23886,5675,1.0000
23887,5675,1.0000
23888,5675,1.0000
23889,5675,1.0000
23890,5675,1.0000
23891,5675,1.0000
23892,5675,1.0000
23893,5675,1.0000
23894,5675,.4394
23894,5674,.5606
23895,5674,1.0000
23896,5674,1.0000
23897,5674,1.0000
23898,5674,1.0000
23899,5674,1.0000
23900,5674,1.0000
23901,5674,1.0000
23902,5674,1.0000
23903,5674,1.0000
23904,5674,1.0000
23905,5674,1.0000
23906,5674,1.0000
23907,5674,1.0000
23908,5674,1.0000
23909,5674,1.0000
23910,5674,1.0000
23911,5674,1.0000
23912,5674,1.0000
23913,5674,1.0000
23914,5674,1.0000
23915,5674,1.0000
23916,5674,1.0000
23917,5674,1.0000
23918,5674,1.0000
23919,5674,1.0000
23920,5674,1.0000
23921,5674,1.0000
23922,5674,1.0000
23923,5674,1.0000
23924,5674,1.0000
23925,5674,1.0000
23926,5674,1.0000
23927,5674,1.0000
23928,5674,1.0000
23929,5674,1.0000
23930,5674,1.0000
23931,5674,1.0000
23932,5674,1.0000
23933,5674,1.0000
23934,5674,1.0000
23935,5674,1.0000
23936,5674,1.0000
23937,5674,1.0000
23938,5674,1.0000
23939,5674,1.0000
23940,5674,.9699
23940,5222,.0301
23941,5222,.5338
23941,5674,.4662
23942,5222,.7920
23942,5674,.2080
23943,5222,1.0000
23944,5222,1.0000
23945,5222,1.0000
23946,5222,1.0000
23947,5222,.9328
23947,5674,.0672
23948,5222,.3937
23948,5674,.6063
23949,5222,.0923
23949,5674,.9077
23950,5222,.0373
23950,5674,.9627
23951,5674,1.0000
23952,5674,1.0000
23953,5674,1.0000
23954,5674,1.0000
23955,5674,1.0000
23956,5674,1.0000
23957,5674,1.0000
23958,5674,1.0000
23959,5674,.8485
23959,5222,.1515
23960,5222,.9773
23960,5674,.0227
23961,5674,.4848
23961,5222,.5152
23962,5674,.9917
23962,5222,.0083
23963,5674,1.0000
23964,5674,.8030
23964,5222,.1970
23965,5222,.8636
23965,5674,.1364
23966,5222,1.0000
23967,5222,1.0000
23968,5222,1.0000
23969,5222,1.0000
23970,5222,1.0000
23971,5222,1.0000
23972,5222,1.0000
23973,5222,1.0000
23974,5222,1.0000
23975,5222,1.0000
23976,5222,1.0000
23977,5222,1.0000
23978,5222,1.0000
23979,5222,1.0000
23980,5222,1.0000
23981,5222,1.0000
23982,5222,1.0000
23983,5222,1.0000
23984,5222,.6667
23984,5690,.3333
23985,5690,1.0000
23986,5690,1.0000
23987,5690,1.0000
23988,5690,1.0000
23989,5690,1.0000
23990,5690,1.0000
23991,5690,1.0000
23992,5690,1.0000
23993,5690,1.0000
23994,5690,1.0000
23995,5690,.8182
23995,5222,.1818
23996,5222,1.0000
23997,5222,1.0000
23998,5222,1.0000
23999,5222,1.0000
24000,5222,1.0000
24001,5222,1.0000
24002,5222,1.0000
24003,5222,1.0000
24004,5222,1.0000
24005,5222,1.0000
24006,5222,1.0000
24007,5222,1.0000
24008,5222,1.0000
24009,5222,1.0000
24010,5222,1.0000
24011,5222,.8421
24011,5690,.1579
24012,5222,.2164
24012,5690,.7836
24013,5690,1.0000
24014,5690,1.0000
24015,5690,1.0000
24016,5690,1.0000
24017,5690,1.0000
24018,5690,.3233
24018,5222,.6767
24019,5222,1.0000
24020,5222,1.0000
24021,5222,1.0000
24022,5222,1.0000
24023,5222,1.0000
24024,5222,1.0000
24025,5222,1.0000
24026,5222,1.0000
24027,5222,1.0000
24028,5222,1.0000
24029,5222,1.0000
24030,5222,1.0000
24031,5222,1.0000
24032,5222,1.0000
24033,5222,1.0000
24034,5222,1.0000
24035,5222,1.0000
24036,5222,1.0000
24037,5222,1.0000
24038,5222,1.0000
24039,5222,1.0000
24040,5222,1.0000
24041,5222,1.0000
24042,5222,1.0000
24043,5222,1.0000
24044,5222,1.0000
24045,5222,1.0000
24046,5222,1.0000
24047,5222,1.0000
24048,5222,1.0000
24049,5222,1.0000
24050,5222,1.0000
24051,5222,1.0000
24052,5222,1.0000
24053,5222,1.0000
24054,5222,1.0000
24055,5222,1.0000
24056,5222,1.0000
24057,5222,1.0000
24058,5222,1.0000
24059,5222,1.0000
24060,5222,1.0000
24061,5222,1.0000
24062,5222,1.0000
24063,5222,1.0000
24064,5222,1.0000
24065,5222,1.0000
24066,5222,1.0000
24067,5222,1.0000
24068,5222,1.0000
24069,5222,1.0000
24070,-999,.0308
24070,5222,.9692
24071,-999,.4504
24071,5222,.5496
24072,-999,.1985
24072,5222,.8015
24073,5222,1.0000
24074,-999,.3511
24074,5222,.6489
24075,-999,1.0000
24076,-999,1.0000
24077,-999,1.0000
24078,-999,1.0000
24079,-999,1.0000
24080,5675,1.0000
24081,5675,1.0000
24082,5675,1.0000
24083,5675,1.0000
24084,5675,1.0000
24085,5675,1.0000
24086,5675,1.0000
24087,5675,1.0000
24088,5675,1.0000
24089,5675,1.0000
24090,5675,1.0000
24091,5675,1.0000
24092,5675,.5878
24092,5674,.4122
24093,5675,.0152
24093,5674,.9848
24094,5674,1.0000
24095,5674,1.0000
24096,5674,1.0000
24097,5674,1.0000
24098,5674,1.0000
24099,5674,1.0000
24100,5674,1.0000
24101,5674,1.0000
24102,5674,1.0000
24103,5674,1.0000
24104,5674,1.0000
24105,5674,1.0000
24106,5674,1.0000
24107,5674,1.0000
24108,5674,1.0000
24109,5674,1.0000
24110,5674,1.0000
24111,5674,1.0000
24112,5674,1.0000
24113,5674,1.0000
24114,5674,1.0000
24115,5674,1.0000
24116,5674,1.0000
24117,5674,1.0000
24118,5674,1.0000
24119,5674,1.0000
24120,5674,1.0000
24121,5674,1.0000
24122,5674,1.0000
24123,5674,1.0000
24124,5674,1.0000
24125,5674,1.0000
24126,5674,1.0000
24127,5674,1.0000
24128,5674,1.0000
24129,5674,1.0000
24130,5674,1.0000
24131,5674,1.0000
24132,5674,1.0000
24133,5674,1.0000
24134,5674,1.0000
24135,5674,1.0000
24136,5674,1.0000
24137,5674,1.0000
24138,5674,1.0000
24139,5674,1.0000
24140,5674,1.0000
24141,5674,.9457
24141,5222,.0543
24142,5222,.8583
24142,5674,.1417
24143,5222,1.0000
24144,5222,1.0000
24145,5222,1.0000
24146,5222,.8561
24146,5674,.1439
24147,5674,.9242
24147,5222,.0758
24148,5674,1.0000
24149,5674,1.0000
24150,5674,1.0000
24151,5674,1.0000
24152,5674,1.0000
24153,5674,1.0000
24154,5674,1.0000
24155,5674,1.0000
24156,5674,1.0000
24157,5674,1.0000
24158,5674,.9697
24158,5222,.0303
24159,5222,.8815
24159,5674,.1185
24160,5222,1.0000
24161,5222,.7761
24161,5674,.2239
24162,5674,.3953
24162,5222,.6047
24163,5674,.5500
24163,5222,.4500
24164,5674,.2462
24164,5222,.7538
24165,5222,1.0000
24166,5222,1.0000
24167,5222,1.0000
24168,5222,1.0000
24169,5222,1.0000
24170,5222,1.0000
24171,5222,1.0000
24172,5222,1.0000
24173,5222,1.0000
24174,5222,1.0000
24175,5222,1.0000
24176,5222,1.0000
24177,5222,1.0000
24178,5222,1.0000
24179,5222,1.0000
24180,5222,1.0000
24181,5222,1.0000
24182,5222,1.0000
24183,5222,.6515
24183,5690,.3485
24184,5690,1.0000
24185,5690,1.0000
24186,5690,1.0000
24187,5690,1.0000
24188,5690,1.0000
24189,5690,1.0000
24190,5690,1.0000
24191,5690,1.0000
24192,5690,1.0000
24193,5690,1.0000
24194,5690,.7348
24194,5222,.2652
24195,5222,1.0000
24196,5222,1.0000
24197,5222,1.0000
24198,5222,1.0000
24199,5222,1.0000
24200,5222,1.0000
24201,5222,1.0000
24202,5222,.6515
24202,5690,.3485
24203,5222,.2459
24203,5690,.7541
24204,5222,.2197
24204,5690,.7803
24205,5222,.4776
24205,5690,.5224
24206,5222,.9023
24206,5690,.0977
24207,5222,.7846
24207,5690,.2154
24208,5222,.4921
24208,5690,.5079
24209,5222,.3731
24209,5690,.6269
24210,5222,.0376
24210,5690,.9624
24211,5690,1.0000
24212,5690,1.0000
24213,5690,1.0000
24214,5690,1.0000
24215,5690,1.0000
24216,5690,1.0000
24217,5690,.5303
24217,5222,.4697
24218,5222,1.0000
24219,5222,1.0000
24220,5222,1.0000
24221,5222,1.0000
24222,5222,1.0000
24223,5222,1.0000
24224,5222,1.0000
24225,5222,1.0000
24226,5222,1.0000
24227,5222,1.0000
24228,5222,1.0000
24229,5222,1.0000
24230,5222,1.0000
24231,5222,1.0000
24232,5222,1.0000
24233,5222,1.0000
24234,5222,1.0000
24235,5222,1.0000
24236,5222,1.0000
24237,5222,1.0000
24238,5222,1.0000
24239,5222,1.0000
24240,5222,1.0000
24241,5222,1.0000
24242,5222,1.0000
24243,5222,1.0000
24244,5222,1.0000
24245,5222,1.0000
24246,5222,1.0000
24247,5222,1.0000
24248,5222,1.0000
24249,5222,1.0000
24250,5222,1.0000
24251,5222,1.0000
24252,5222,1.0000
24253,5222,1.0000
24254,5222,1.0000
24255,5222,1.0000
24256,5222,1.0000
24257,5222,1.0000
24258,5222,1.0000
24259,5222,1.0000
24260,5222,1.0000
24261,5222,1.0000
24262,5222,1.0000
24263,5222,1.0000
24264,5222,1.0000
24265,5222,1.0000
24266,5222,1.0000
24267,5222,1.0000
24268,5222,1.0000
24269,5222,1.0000
24270,5222,1.0000
24271,5222,1.0000
24272,5222,1.0000
24273,5222,.6565
24273,-999,.3435
24274,-999,.7557
24274,5222,.2443
24275,-999,1.0000
24276,-999,1.0000
24277,-999,1.0000
24278,-999,1.0000
24279,5675,1.0000
24280,5675,1.0000
24281,5675,1.0000
24282,5675,.9160
24282,5739,.0840
24283,5675,1.0000
24284,5675,1.0000
24285,5675,1.0000
24286,5675,1.0000
24287,5675,1.0000
24288,5675,1.0000
24289,5675,1.0000
24290,5675,.8168
24290,5674,.1832
24291,5675,.0231
24291,5674,.9769
24292,5674,1.0000
24293,5674,1.0000
24294,5674,1.0000
24295,5674,1.0000
24296,5674,1.0000
24297,5674,1.0000
24298,5674,1.0000
24299,5674,1.0000
24300,5674,1.0000
24301,5674,1.0000
24302,5674,1.0000
24303,5674,1.0000
24304,5674,1.0000
24305,5674,1.0000
24306,5674,1.0000
24307,5674,1.0000
24308,5674,1.0000
24309,5674,1.0000
24310,5674,1.0000
24311,5674,1.0000
24312,5674,1.0000
24313,5674,1.0000
24314,5674,1.0000
24315,5674,1.0000
24316,5674,1.0000
24317,5674,1.0000
24318,5674,1.0000
24319,5674,1.0000
24320,5674,1.0000
24321,5674,1.0000
24322,5674,1.0000
24323,5674,1.0000
24324,5674,1.0000
24325,5674,1.0000
24326,5674,1.0000
24327,5674,1.0000
24328,5674,1.0000
24329,5674,1.0000
24330,5674,1.0000
24331,5674,1.0000
24332,5674,1.0000
24333,5674,1.0000
24334,5674,1.0000
24335,5674,1.0000
24336,5674,1.0000
24337,5674,1.0000
24338,5674,1.0000
24339,5674,1.0000
24340,5674,1.0000
24341,5674,.4206
24341,5222,.5794
24342,5222,1.0000
24343,5222,1.0000
24344,5222,1.0000
24345,5222,1.0000
24346,5222,.6364
24346,5674,.3636
24347,5674,1.0000
24348,5674,1.0000
24349,5674,1.0000
24350,5674,1.0000
24351,5674,1.0000
24352,5674,1.0000
24353,5674,1.0000
24354,5674,1.0000
24355,5674,1.0000
24356,5674,1.0000
24357,5674,1.0000
24358,5674,.3071
24358,5222,.6929
24359,5222,1.0000
24360,5222,1.0000
24361,5222,1.0000
24362,5222,1.0000
24363,5222,1.0000
24364,5222,1.0000
24365,5222,1.0000
24366,5222,1.0000
24367,5222,1.0000
24368,5222,1.0000
24369,5222,1.0000
24370,5222,1.0000
24371,5222,1.0000
24372,5222,1.0000
24373,5222,1.0000
24374,5222,1.0000
24375,5222,1.0000
24376,5222,1.0000
24377,5222,1.0000
24378,5222,1.0000
24379,5222,1.0000
24380,5222,1.0000
24381,5222,1.0000
24382,5222,.5833
24382,5690,.4167
24383,5690,1.0000
24384,5690,1.0000
24385,5690,1.0000
24386,5690,1.0000
24387,5690,1.0000
24388,5690,1.0000
24389,5690,1.0000
24390,5690,1.0000
24391,5690,1.0000
24392,5690,1.0000
24393,5690,.6963
24393,5222,.3037
24394,5222,1.0000
24395,5222,1.0000
24396,5222,1.0000
24397,5222,1.0000
24398,5222,1.0000
24399,5222,1.0000
24400,5222,1.0000
24401,5690,.8455
24401,5222,.1545
24402,5690,1.0000
24403,5690,1.0000
24404,5690,1.0000
24405,5690,.9609
24405,5222,.0391
24406,5690,1.0000
24407,5690,1.0000
24408,5690,1.0000
24409,5690,1.0000
24410,5690,1.0000
24411,5690,1.0000
24412,5690,1.0000
24413,5690,1.0000
24414,5690,1.0000
24415,5690,1.0000
24416,5690,.9308
24416,5222,.0692
24417,5222,.7460
24417,5690,.2540
24418,5222,1.0000
24419,5222,1.0000
24420,5222,1.0000
24421,5222,1.0000
24422,5222,1.0000
24423,5222,1.0000
24424,5222,1.0000
24425,5222,1.0000
24426,5222,1.0000
24427,5222,1.0000
24428,5222,1.0000
24429,5222,1.0000
24430,5222,1.0000
24431,5222,1.0000
24432,5222,1.0000
24433,5222,1.0000
24434,5222,1.0000
24435,5222,1.0000
24436,5222,1.0000
24437,5222,1.0000
24438,5222,1.0000
24439,5222,1.0000
24440,5222,1.0000
24441,5222,1.0000
24442,5222,1.0000
24443,5222,1.0000
24444,5222,1.0000
24445,5222,1.0000
24446,5222,1.0000
24447,5222,1.0000
24448,5222,1.0000
24449,5222,1.0000
24450,5222,1.0000
24451,5222,1.0000
24452,5222,1.0000
24453,5222,1.0000
24454,5222,1.0000
24455,5222,1.0000
24456,5222,1.0000
24457,5222,1.0000
24458,5222,1.0000
24459,5222,1.0000
24460,5222,1.0000
24461,5222,1.0000
24462,5222,1.0000
24463,5222,1.0000
24464,5222,1.0000
24465,5222,1.0000
24466,5222,1.0000
24467,5222,1.0000
24468,5222,1.0000
24469,5222,1.0000
24470,5222,1.0000
24471,5222,1.0000
24472,5222,1.0000
24473,5222,.7231
24473,-999,.2769
24474,-999,1.0000
24475,-999,1.0000
24476,-999,1.0000
24477,-999,1.0000
24478,5675,1.0000
24479,5675,1.0000
24480,5675,.5649
24480,5739,.4351
24481,5675,.0692
24481,5739,.9308
24482,5675,.7154
24482,5739,.2846
24483,5675,1.0000
24484,5675,1.0000
24485,5675,1.0000
24486,5675,1.0000
24487,5675,1.0000
24488,5675,1.0000
24489,5675,.8030
24489,5674,.1970
24490,5674,.9923
24490,5675,.0077
24491,5674,1.0000
24492,5674,1.0000
24493,5674,1.0000
24494,5674,1.0000
24495,5674,1.0000
24496,5674,1.0000
24497,5674,1.0000
24498,5674,1.0000
24499,5674,1.0000
24500,5674,1.0000
24501,5674,1.0000
24502,5674,1.0000
24503,5674,1.0000
24504,5674,1.0000
24505,5674,1.0000
24506,5674,1.0000
24507,5674,1.0000
24508,5674,1.0000
24509,5674,1.0000
24510,5674,1.0000
24511,5674,1.0000
24512,5674,1.0000
24513,5674,1.0000
24514,5674,1.0000
24515,5674,1.0000
24516,5674,1.0000
24517,5674,1.0000
24518,5674,1.0000
24519,5674,1.0000
24520,5674,1.0000
24521,5674,1.0000
24522,5674,1.0000
24523,5674,1.0000
24524,5674,1.0000
24525,5674,1.0000
24526,5674,1.0000
24527,5674,1.0000
24528,5674,1.0000
24529,5674,1.0000
24530,5674,1.0000
24531,5674,1.0000
24532,5674,1.0000
24533,5674,1.0000
24534,5674,1.0000
24535,5674,1.0000
24536,5674,1.0000
24537,5674,1.0000
24538,5674,1.0000
24539,5674,1.0000
24540,5674,.6567
24540,5222,.3433
24541,5222,1.0000
24542,5222,1.0000
24543,5222,1.0000
24544,5222,1.0000
24545,5222,.9535
24545,5674,.0465
24546,5674,.9091
24546,5222,.0909
24547,5674,1.0000
24548,5674,1.0000
24549,5674,1.0000
24550,5674,1.0000
24551,5674,1.0000
24552,5674,1.0000
24553,5674,1.0000
24554,5674,1.0000
24555,5674,1.0000
24556,5674,1.0000
24557,5674,.4286
24557,5222,.5714
24558,5222,1.0000
24559,5222,1.0000
24560,5222,1.0000
24561,5222,1.0000
24562,5222,1.0000
24563,5222,1.0000
24564,5222,1.0000
24565,5222,1.0000
24566,5222,1.0000
24567,5222,1.0000
24568,5222,1.0000
24569,5222,1.0000
24570,5222,1.0000
24571,5222,1.0000
24572,5222,1.0000
24573,5222,1.0000
24574,5222,1.0000
24575,5222,1.0000
24576,5222,1.0000
24577,5222,1.0000
24578,5222,1.0000
24579,5222,1.0000
24580,5222,1.0000
24581,5222,.8106
24581,5690,.1894
24582,5690,.9242
24582,5222,.0758
24583,5690,1.0000
24584,5690,1.0000
24585,5690,1.0000
24586,5690,1.0000
24587,5690,1.0000
24588,5690,1.0000
24589,5690,1.0000
24590,5690,1.0000
24591,5690,.9675
24591,5222,.0325
24592,5222,.7377
24592,5690,.2623
24593,5222,1.0000
24594,5222,1.0000
24595,5222,1.0000
24596,5222,1.0000
24597,5222,1.0000
24598,5222,1.0000
24599,5222,1.0000
24600,5222,.4697
24600,5690,.5303
24601,5690,.9924
24601,5222,.0076
24602,5690,1.0000
24603,5690,1.0000
24604,5690,1.0000
24605,5690,1.0000
24606,5690,1.0000
24607,5690,1.0000
24608,5690,1.0000
24609,5690,1.0000
24610,5690,1.0000
24611,5690,1.0000
24612,5690,1.0000
24613,5690,1.0000
24614,5690,1.0000
24615,5690,1.0000
24616,5690,.9254
24616,5222,.0746
24617,5222,.7761
24617,5690,.2239
24618,5222,1.0000
24619,5222,1.0000
24620,5222,1.0000
24621,5222,1.0000
24622,5222,1.0000
24623,5222,1.0000
24624,5222,1.0000
24625,5222,.6288
24625,5690,.3712
24626,5222,.2677
24626,5690,.7323
24627,5222,.3182
24627,5690,.6818
24628,5222,.5969
24628,5690,.4031
24629,5222,.6124
24629,5690,.3876
24630,5222,.8106
24630,5690,.1894
24631,5222,1.0000
24632,5222,1.0000
24633,5222,1.0000
24634,5222,1.0000
24635,5222,1.0000
24636,5222,1.0000
24637,5222,1.0000
24638,5222,1.0000
24639,5222,1.0000
24640,5222,1.0000
24641,5222,1.0000
24642,5222,1.0000
24643,5222,1.0000
24644,5222,1.0000
24645,5222,1.0000
24646,5222,1.0000
24647,5222,1.0000
24648,5222,1.0000
24649,5222,1.0000
24650,5222,1.0000
24651,5222,1.0000
24652,5222,1.0000
24653,5222,1.0000
24654,5222,1.0000
24655,5222,1.0000
24656,5222,1.0000
24657,5222,1.0000
24658,5222,1.0000
24659,5222,1.0000
24660,5222,1.0000
24661,5222,1.0000
24662,5222,1.0000
24663,5222,1.0000
24664,5222,1.0000
24665,5222,1.0000
24666,5222,1.0000
24667,5222,1.0000
24668,5222,1.0000
24669,5222,1.0000
24670,5222,1.0000
24671,5222,.9618
24671,-999,.0382
24672,5222,.1591
24672,-999,.8409
24673,-999,1.0000
24674,-999,1.0000
24675,-999,1.0000
24676,-999,1.0000
24677,5675,1.0000
24678,5675,.9545
24678,5739,.0455
24679,5675,.1527
24679,5739,.8473
24680,5739,1.0000
24681,5739,.9695
24681,5675,.0305
24682,5675,.5263
24682,5739,.4737
24683,5675,.9615
24683,5739,.0385
24684,5675,1.0000
24685,5675,1.0000
24686,5675,1.0000
24687,5675,1.0000
24688,5675,1.0000
24689,5675,.2901
24689,5674,.7099
24690,5674,1.0000
24691,5674,1.0000
24692,5674,1.0000
24693,5674,1.0000
24694,5674,1.0000
24695,5674,1.0000
24696,5674,1.0000
24697,5674,1.0000
24698,5674,1.0000
24699,5674,1.0000
24700,5674,1.0000
24701,5674,1.0000
24702,5674,1.0000
24703,5674,1.0000
24704,5674,1.0000
24705,5674,1.0000
24706,5674,1.0000
24707,5674,1.0000
24708,5674,1.0000
24709,5674,1.0000
24710,5674,1.0000
24711,5674,1.0000
24712,5674,1.0000
24713,5674,1.0000
24714,5674,1.0000
24715,5674,1.0000
24716,5674,1.0000
24717,5674,1.0000
24718,5674,1.0000
24719,5674,1.0000
24720,5674,1.0000
24721,5674,1.0000
24722,5674,1.0000
24723,5674,1.0000
24724,5674,1.0000
24725,5674,1.0000
24726,5674,1.0000
24727,5674,1.0000
24728,5674,1.0000
24729,5674,1.0000
24730,5674,1.0000
24731,5674,1.0000
24732,5674,1.0000
24733,5674,1.0000
24734,5674,1.0000
24735,5674,1.0000
24736,5674,1.0000
24737,5674,1.0000
24738,5674,1.0000
24739,5674,.9167
24739,5222,.0833
24740,5222,.8788
24740,5674,.1212
24741,5222,1.0000
24742,5222,.9697
24742,5674,.0303
24743,5222,1.0000
24744,5222,1.0000
24745,5222,.5758
24745,5674,.4242
24746,5674,1.0000
24747,5674,1.0000
24748,5674,1.0000
24749,5674,1.0000
24750,5674,1.0000
24751,5674,1.0000
24752,5674,1.0000
24753,5674,1.0000
24754,5674,1.0000
24755,5674,1.0000
24756,5674,.4091
24756,5222,.5909
24757,5222,1.0000
24758,5222,1.0000
24759,5222,1.0000
24760,5222,1.0000
24761,5222,1.0000
24762,5222,1.0000
24763,5222,1.0000
24764,5222,1.0000
24765,5222,1.0000
24766,5222,1.0000
24767,5222,1.0000
24768,5222,1.0000
24769,5222,1.0000
24770,5222,1.0000
24771,5222,1.0000
24772,5222,1.0000
24773,5222,1.0000
24774,5222,1.0000
24775,5222,1.0000
24776,5222,1.0000
24777,5222,1.0000
24778,5222,1.0000
24779,5222,1.0000
24780,5222,1.0000
24781,5222,.7955
24781,5690,.2045
24782,5690,.8333
24782,5222,.1667
24783,5690,1.0000
24784,5690,1.0000
24785,5690,1.0000
24786,5690,1.0000
24787,5690,1.0000
24788,5690,1.0000
24789,5690,1.0000
24790,5690,.6061
24790,5222,.3939
24791,5222,1.0000
24792,5222,1.0000
24793,5222,1.0000
24794,5222,1.0000
24795,5222,1.0000
24796,5222,1.0000
24797,5222,1.0000
24798,5222,1.0000
24799,5222,1.0000
24800,5222,.3864
24800,5690,.6136
24801,5690,1.0000
24802,5690,1.0000
24803,5690,1.0000
24804,5690,1.0000
24805,5690,1.0000
24806,5690,1.0000
24807,5690,1.0000
24808,5690,1.0000
24809,5690,1.0000
24810,5690,1.0000
24811,5690,1.0000
24812,5690,1.0000
24813,5690,1.0000
24814,5690,1.0000
24815,5690,1.0000
24816,5690,.8413
24816,5222,.1587
24817,5222,.9924
24817,5690,.0076
24818,5222,1.0000
24819,5222,1.0000
24820,5222,1.0000
24821,5222,1.0000
24822,5222,1.0000
24823,5222,.9848
24823,5690,.0152
24824,5222,.1705
24824,5690,.8295
24825,5690,1.0000
24826,5690,1.0000
24827,5690,1.0000
24828,5690,1.0000
24829,5222,.1797
24829,5690,.8203
24830,5222,1.0000
24831,5222,1.0000
24832,5222,1.0000
24833,5222,1.0000
24834,5222,1.0000
24835,5222,1.0000
24836,5222,1.0000
24837,5222,1.0000
24838,5222,1.0000
24839,5222,1.0000
24840,5222,1.0000
24841,5222,1.0000
24842,5222,1.0000
24843,5222,1.0000
24844,5222,1.0000
24845,5222,1.0000
24846,5222,1.0000
24847,5222,1.0000
24848,5222,1.0000
24849,5222,1.0000
24850,5222,1.0000
24851,5222,1.0000
24852,5222,1.0000
24853,5222,1.0000
24854,5222,1.0000
24855,5222,1.0000
24856,5222,1.0000
24857,5222,1.0000
24858,5222,1.0000
24859,5222,1.0000
24860,5222,1.0000
24861,5222,1.0000
24862,5222,1.0000
24863,5222,1.0000
24864,5222,1.0000
24865,5222,1.0000
24866,5222,1.0000
24867,5222,1.0000
24868,5222,1.0000
24869,5222,1.0000
24870,5222,.9542
24870,-999,.0458
24871,-999,.5692
24871,5222,.4308
24872,-999,1.0000
24873,-999,1.0000
24874,-999,1.0000
24875,-999,1.0000
24876,5675,.9923
24876,5739,.0077
24877,5675,.3817
24877,5739,.6183
24878,5739,1.0000
24879,5739,1.0000
24880,5739,1.0000
24881,5739,1.0000
24882,5739,.6462
24882,5675,.3538
24883,5675,.9924
24883,5739,.0076
24884,5675,1.0000
24885,5675,1.0000
24886,5675,1.0000
24887,5675,1.0000
24888,5675,.6742
24888,5674,.3258
24889,5674,1.0000
24890,5674,1.0000
24891,5674,1.0000
24892,5674,1.0000
24893,5674,1.0000
24894,5674,1.0000
24895,5674,1.0000
24896,5674,1.0000
24897,5674,1.0000
24898,5674,1.0000
24899,5674,1.0000
24900,5674,1.0000
24901,5674,1.0000
24902,5674,1.0000
24903,5674,1.0000
24904,5674,1.0000
24905,5674,1.0000
24906,5674,1.0000
24907,5674,1.0000
24908,5674,1.0000
24909,5674,1.0000
24910,5674,1.0000
24911,5674,1.0000
24912,5674,1.0000
24913,5674,1.0000
24914,5674,1.0000
24915,5674,1.0000
24916,5674,1.0000
24917,5674,1.0000
24918,5674,1.0000
24919,5674,1.0000
24920,5674,1.0000
24921,5674,1.0000
24922,5674,1.0000
24923,5674,1.0000
24924,5674,1.0000
24925,5674,1.0000
24926,5674,1.0000
24927,5674,1.0000
24928,5674,1.0000
24929,5674,1.0000
24930,5674,1.0000
24931,5674,1.0000
24932,5674,1.0000
24933,5674,1.0000
24934,5674,1.0000
24935,5674,1.0000
24936,5674,1.0000
24937,5674,1.0000
24938,5674,1.0000
24939,5674,.8864
24939,5222,.1136
24940,5222,.2791
24940,5674,.7209
24941,5222,.0635
24941,5674,.9365
24942,5222,.2727
24942,5674,.7273
24943,5222,.8333
24943,5674,.1667
24944,5222,.8387
24944,5674,.1613
24945,5674,1.0000
24946,5674,1.0000
24947,5674,1.0000
24948,5674,1.0000
24949,5674,1.0000
24950,5674,1.0000
24951,5674,1.0000
24952,5674,1.0000
24953,5674,1.0000
24954,5674,1.0000
24955,5674,.5455
24955,5222,.4545
24956,5222,1.0000
24957,5222,1.0000
24958,5222,1.0000
24959,5222,1.0000
24960,5222,1.0000
24961,5222,1.0000
24962,5222,1.0000
24963,5222,1.0000
24964,5222,1.0000
24965,5222,1.0000
24966,5222,1.0000
24967,5222,1.0000
24968,5222,1.0000
24969,5222,1.0000
24970,5222,1.0000
24971,5222,1.0000
24972,5222,1.0000
24973,5222,1.0000
24974,5222,1.0000
24975,5222,1.0000
24976,5222,1.0000
24977,5222,1.0000
24978,5222,1.0000
24979,5222,1.0000
24980,5222,1.0000
24981,5222,.7348
24981,5690,.2652
24982,5690,1.0000
24983,5690,1.0000
24984,5690,1.0000
24985,5690,1.0000
24986,5690,1.0000
24987,5690,1.0000
24988,5690,.8636
24988,5222,.1364
24989,5690,.0758
24989,5222,.9242
24990,5222,1.0000
24991,5222,1.0000
24992,5222,1.0000
24993,5222,1.0000
24994,5222,1.0000
24995,5222,1.0000
24996,5222,1.0000
24997,5222,1.0000
24998,5222,1.0000
24999,5222,.8720
24999,5690,.1280
25000,5690,.8030
25000,5222,.1970
25001,5690,1.0000
25002,5690,1.0000
25003,5690,1.0000
25004,5690,1.0000
25005,5690,1.0000
25006,5690,1.0000
25007,5690,1.0000
25008,5690,1.0000
25009,5690,1.0000
25010,5690,1.0000
25011,5690,1.0000
25012,5690,1.0000
25013,5690,1.0000
25014,5690,1.0000
25015,5690,1.0000
25016,5690,.2388
25016,5222,.7612
25017,5222,1.0000
25018,5222,1.0000
25019,5222,1.0000
25020,5222,1.0000
25021,5222,1.0000
25022,5222,.6045
25022,5690,.3955
25023,5690,1.0000
25024,5690,1.0000
25025,5690,1.0000
25026,5690,1.0000
25027,5690,1.0000
25028,5690,.9844
25028,5222,.0156
25029,5222,.8864
25029,5690,.1136
25030,5222,1.0000
25031,5222,1.0000
25032,5222,1.0000
25033,5222,1.0000
25034,5222,1.0000
25035,5222,1.0000
25036,5222,1.0000
25037,5222,1.0000
25038,5222,1.0000
25039,5222,1.0000
25040,5222,1.0000
25041,5222,1.0000
25042,5222,1.0000
25043,5222,1.0000
25044,5222,1.0000
25045,5222,1.0000
25046,5222,1.0000
25047,5222,1.0000
25048,5222,1.0000
25049,5222,1.0000
25050,5222,1.0000
25051,5222,1.0000
25052,5222,1.0000
25053,5222,1.0000
25054,5222,1.0000
25055,5222,1.0000
25056,5222,1.0000
25057,5222,1.0000
25058,5222,1.0000
25059,5222,1.0000
25060,5222,1.0000
25061,5222,1.0000
25062,5222,1.0000
25063,5222,1.0000
25064,5222,1.0000
25065,5222,1.0000
25066,5222,1.0000
25067,5222,1.0000
25068,5222,1.0000
25069,5222,1.0000
25070,5222,.6846
25070,-999,.3154
25071,-999,.9924
25071,5222,.0076
25072,-999,1.0000
25073,-999,1.0000
25074,-999,1.0000
25075,5675,.6818
25075,5739,.3182
25076,5739,1.0000
25077,5739,1.0000
25078,5739,1.0000
25079,5739,1.0000
25080,5739,1.0000
25081,5739,1.0000
25082,5739,.2556
25082,5675,.7444
25083,5675,1.0000
25084,5675,1.0000
25085,5675,1.0000
25086,5675,1.0000
25087,5675,.9847
25087,5674,.0153
25088,5674,.7405
25088,5675,.2595
25089,5674,1.0000
25090,5674,1.0000
25091,5674,1.0000
25092,5674,1.0000
25093,5674,1.0000
25094,5674,1.0000
25095,5674,1.0000
25096,5674,1.0000
25097,5674,1.0000
25098,5674,1.0000
25099,5674,1.0000
25100,5674,1.0000
25101,5674,1.0000
25102,5674,1.0000
25103,5674,1.0000
25104,5674,1.0000
25105,5674,1.0000
25106,5674,1.0000
25107,5674,1.0000
25108,5674,1.0000
25109,5674,1.0000
25110,5674,1.0000
25111,5674,1.0000
25112,5674,1.0000
25113,5674,1.0000
25114,5674,1.0000
25115,5674,1.0000
25116,5674,1.0000
25117,5674,1.0000
25118,5674,1.0000
25119,5674,1.0000
25120,5674,1.0000
25121,5674,1.0000
25122,5674,1.0000
25123,5674,1.0000
25124,5674,1.0000
25125,5674,1.0000
25126,5674,1.0000
25127,5674,1.0000
25128,5674,1.0000
25129,5674,1.0000
25130,5674,1.0000
25131,5674,1.0000
25132,5674,1.0000
25133,5674,1.0000
25134,5674,1.0000
25135,5674,1.0000
25136,5674,1.0000
25137,5674,1.0000
25138,5674,1.0000
25139,5674,1.0000
25140,5674,1.0000
25141,5674,1.0000
25142,5674,.9318
25142,5222,.0682
25143,5222,.2576
25143,5674,.7424
25144,5674,1.0000
25145,5674,1.0000
25146,5674,1.0000
25147,5674,1.0000
25148,5674,1.0000
25149,5674,1.0000
25150,5674,1.0000
25151,5674,1.0000
25152,5674,1.0000
25153,5674,1.0000
25154,5674,.7481
25154,5222,.2519
25155,5222,.9559
25155,5674,.0441
25156,5222,1.0000
25157,5222,1.0000
25158,5222,1.0000
25159,5222,1.0000
25160,5222,1.0000
25161,5222,1.0000
25162,5222,1.0000
25163,5222,1.0000
25164,5222,1.0000
25165,5222,1.0000
25166,5222,1.0000
25167,5222,1.0000
25168,5222,1.0000
25169,5222,1.0000
25170,5222,1.0000
25171,5222,1.0000
25172,5222,1.0000
25173,5222,1.0000
25174,5222,1.0000
25175,5222,1.0000
25176,5222,1.0000
25177,5222,1.0000
25178,5222,1.0000
25179,5222,1.0000
25180,5222,.9917
25180,5690,.0083
25181,5690,.8417
25181,5222,.1583
25182,5690,1.0000
25183,5690,1.0000
25184,5690,1.0000
25185,5690,1.0000
25186,5690,1.0000
25187,5690,.4773
25187,5222,.5227
25188,5222,1.0000
25189,5222,1.0000
25190,5222,1.0000
25191,5222,1.0000
25192,5222,1.0000
25193,5222,1.0000
25194,5222,1.0000
25195,5222,1.0000
25196,5222,1.0000
25197,5222,1.0000
25198,5222,1.0000
25199,5222,.9848
25199,5690,.0152
25200,5690,.5152
25200,5222,.4848
25201,5690,1.0000
25202,5690,1.0000
25203,5690,1.0000
25204,5690,1.0000
25205,5690,1.0000
25206,5690,1.0000
25207,5690,1.0000
25208,5690,1.0000
25209,5690,1.0000
25210,5690,1.0000
25211,5690,1.0000
25212,5690,1.0000
25213,5690,1.0000
25214,5690,1.0000
25215,5690,.8657
25215,5222,.1343
25216,5222,.9286
25216,5690,.0714
25217,5222,1.0000
25218,5222,1.0000
25219,5222,1.0000
25220,5222,.8258
25220,5690,.1742
25221,5222,.0714
25221,5690,.9286
25222,5690,1.0000
25223,5690,1.0000
25224,5690,1.0000
25225,5690,1.0000
25226,5690,1.0000
25227,5690,1.0000
25228,5690,.2403
25228,5222,.7597
25229,5222,1.0000
25230,5222,1.0000
25231,5222,1.0000
25232,5222,1.0000
25233,5222,1.0000
25234,5222,1.0000
25235,5222,1.0000
25236,5222,1.0000
25237,5222,1.0000
25238,5222,1.0000
25239,5222,1.0000
25240,5222,1.0000
25241,5222,1.0000
25242,5222,1.0000
25243,5222,1.0000
25244,5222,1.0000
25245,5222,1.0000
25246,5222,1.0000
25247,5222,1.0000
25248,5222,1.0000
25249,5222,1.0000
25250,5222,1.0000
25251,5222,1.0000
25252,5222,1.0000
25253,5222,1.0000
25254,5222,1.0000
25255,5222,1.0000
25256,5222,1.0000
25257,5222,1.0000
25258,5222,1.0000
25259,5222,1.0000
25260,5222,1.0000
25261,5222,1.0000
25262,5222,1.0000
25263,5222,1.0000
25264,5222,1.0000
25265,5222,1.0000
25266,5222,1.0000
25267,5222,1.0000
25268,5222,1.0000
25269,5222,.9084
25269,-999,.0916
25270,-999,.6462
25270,5222,.3538
25271,-999,1.0000
25272,-999,1.0000
25273,-999,1.0000
25274,5675,.4318
25274,5739,.5682
25275,5739,1.0000
25276,5739,1.0000
25277,5739,1.0000
25278,5739,1.0000
25279,5739,1.0000
25280,5739,1.0000
25281,5739,.4809
25281,5675,.5191
25282,5675,1.0000
25283,5675,1.0000
25284,5675,1.0000
25285,5675,1.0000
25286,5675,1.0000
25287,5675,.8702
25287,5674,.1298
25288,5674,.8881
25288,5675,.1119
25289,5674,1.0000
25290,5674,1.0000
25291,5674,1.0000
25292,5674,1.0000
25293,5674,1.0000
25294,5674,1.0000
25295,5674,1.0000
25296,5674,1.0000
25297,5674,1.0000
25298,5674,1.0000
25299,5674,1.0000
25300,5674,1.0000
25301,5674,1.0000
25302,5674,1.0000
25303,5674,1.0000
25304,5674,1.0000
25305,5674,1.0000
25306,5674,1.0000
25307,5674,1.0000
25308,5674,1.0000
25309,5674,1.0000
25310,5674,1.0000
25311,5674,1.0000
25312,5674,1.0000
25313,5674,1.0000
25314,5674,1.0000
25315,5674,1.0000
25316,5674,1.0000
25317,5674,1.0000
25318,5674,1.0000
25319,5674,1.0000
25320,5674,1.0000
25321,5674,1.0000
25322,5674,1.0000
25323,5674,1.0000
25324,5674,1.0000
25325,5674,1.0000
25326,5674,1.0000
25327,5674,1.0000
25328,5674,1.0000
25329,5674,1.0000
25330,5674,1.0000
25331,5674,1.0000
25332,5674,1.0000
25333,5674,1.0000
25334,5674,1.0000
25335,5674,1.0000
25336,5674,1.0000
25337,5674,1.0000
25338,5674,1.0000
25339,5674,1.0000
25340,5674,1.0000
25341,5674,1.0000
25342,5674,1.0000
25343,5674,1.0000
25344,5674,1.0000
25345,5674,1.0000
25346,5674,1.0000
25347,5674,1.0000
25348,5674,1.0000
25349,5674,1.0000
25350,5674,1.0000
25351,5674,1.0000
25352,5674,1.0000
25353,5674,1.0000
25354,5674,.8527
25354,5222,.1473
25355,5222,.5401
25355,5674,.4599
25356,5222,.9565
25356,5674,.0435
25357,5222,1.0000
25358,5222,1.0000
25359,5222,1.0000
25360,5222,1.0000
25361,5222,1.0000
25362,5222,1.0000
25363,5222,1.0000
25364,5222,1.0000
25365,5222,1.0000
25366,5222,1.0000
25367,5222,1.0000
25368,5222,1.0000
25369,5222,1.0000
25370,5222,1.0000
25371,5222,1.0000
25372,5222,1.0000
25373,5222,1.0000
25374,5222,1.0000
25375,5222,1.0000
25376,5222,1.0000
25377,5222,1.0000
25378,5222,1.0000
25379,5222,1.0000
25380,5222,.1549
25380,5690,.8451
25381,5690,1.0000
25382,5690,1.0000
25383,5690,1.0000
25384,5690,1.0000
25385,5690,1.0000
25386,5690,.8258
25386,5222,.1742
25387,5222,.9524
25387,5690,.0476
25388,5222,1.0000
25389,5222,1.0000
25390,5222,1.0000
25391,5222,1.0000
25392,5222,1.0000
25393,5222,1.0000
25394,5222,1.0000
25395,5222,1.0000
25396,5222,1.0000
25397,5222,1.0000
25398,5222,1.0000
25399,5222,.9923
25399,5690,.0077
25400,5690,.3496
25400,5222,.6504
25401,5690,.8106
25401,5222,.1894
25402,5690,1.0000
25403,5690,1.0000
25404,5690,1.0000
25405,5690,1.0000
25406,5690,1.0000
25407,5690,1.0000
25408,5690,1.0000
25409,5690,1.0000
25410,5690,1.0000
25411,5690,1.0000
25412,5690,1.0000
25413,5690,1.0000
25414,5690,1.0000
25415,5690,.8636
25415,5222,.1364
25416,5222,.4015
25416,5690,.5985
25417,5222,.5669
25417,5690,.4331
25418,5222,.5111
25418,5690,.4889
25419,5222,.0902
25419,5690,.9098
25420,5690,1.0000
25421,5690,1.0000
25422,5690,1.0000
25423,5690,1.0000
25424,5690,1.0000
25425,5690,1.0000
25426,5690,1.0000
25427,5222,.4062
25427,5690,.5937
25428,5222,.9924
25428,5690,.0076
25429,5222,1.0000
25430,5222,1.0000
25431,5222,1.0000
25432,5222,1.0000
25433,5222,1.0000
25434,5222,1.0000
25435,5222,1.0000
25436,5222,1.0000
25437,5222,1.0000
25438,5222,1.0000
25439,5222,1.0000
25440,5222,1.0000
25441,5222,1.0000
25442,5222,1.0000
25443,5222,1.0000
25444,5222,1.0000
25445,5222,1.0000
25446,5222,1.0000
25447,5222,1.0000
25448,5222,1.0000
25449,5222,1.0000
25450,5222,1.0000
25451,5222,1.0000
25452,5222,1.0000
25453,5222,1.0000
25454,5222,1.0000
25455,5222,1.0000
25456,5222,1.0000
25457,5222,1.0000
25458,5222,1.0000
25459,5222,1.0000
25460,5222,1.0000
25461,5222,1.0000
25462,5222,1.0000
25463,5222,1.0000
25464,5222,1.0000
25465,5222,1.0000
25466,5222,1.0000
25467,5222,1.0000
25468,5222,1.0000
25469,5222,.8788
25469,-999,.1212
25470,-999,.8702
25470,5222,.1298
25471,-999,1.0000
25472,-999,1.0000
25473,5675,.4351
25473,5739,.5649
25474,5739,1.0000
25475,5739,1.0000
25476,5739,1.0000
25477,5739,1.0000
25478,5739,1.0000
25479,5739,1.0000
25480,5739,.7481
25480,5675,.2519
25481,5675,1.0000
25482,5675,1.0000
25483,5675,1.0000
25484,5675,1.0000
25485,5675,1.0000
25486,5675,.9851
25486,5674,.0149
25487,5675,.3178
25487,5674,.6822
25488,5674,1.0000
25489,5674,1.0000
25490,5674,1.0000
25491,5674,1.0000
25492,5674,1.0000
25493,5674,1.0000
25494,5674,1.0000
25495,5674,1.0000
25496,5674,1.0000
25497,5674,1.0000
25498,5674,1.0000
25499,5674,1.0000
25500,5674,1.0000
25501,5674,1.0000
25502,5674,1.0000
25503,5674,1.0000
25504,5674,1.0000
25505,5674,1.0000
25506,5674,1.0000
25507,5674,1.0000
25508,5674,1.0000
25509,5674,1.0000
25510,5674,1.0000
25511,5674,1.0000
25512,5674,1.0000
25513,5674,1.0000
25514,5674,1.0000
25515,5674,1.0000
25516,5674,1.0000
25517,5674,1.0000
25518,5674,1.0000
25519,5674,1.0000
25520,5674,1.0000
25521,5674,1.0000
25522,5674,1.0000
25523,5674,1.0000
25524,5674,1.0000
25525,5674,1.0000
25526,5674,1.0000
25527,5674,1.0000
25528,5674,1.0000
25529,5674,1.0000
25530,5674,1.0000
25531,5674,1.0000
25532,5674,1.0000
25533,5674,1.0000
25534,5674,1.0000
25535,5674,1.0000
25536,5674,1.0000
25537,5674,1.0000
25538,5674,1.0000
25539,5674,1.0000
25540,5674,1.0000
25541,5674,1.0000
25542,5674,1.0000
25543,5674,1.0000
25544,5674,1.0000
25545,5674,1.0000
25546,5674,1.0000
25547,5674,1.0000
25548,5674,1.0000
25549,5674,1.0000
25550,5674,1.0000
25551,5674,1.0000
25552,5674,1.0000
25553,5674,1.0000
25554,5674,1.0000
25555,5674,.8421
25555,5222,.1579
25556,5222,.6835
25556,5674,.3165
25557,5222,1.0000
25558,5222,1.0000
25559,5222,.8939
25559,5690,.1061
25560,5222,1.0000
25561,5222,1.0000
25562,5222,1.0000
25563,5222,1.0000
25564,5222,1.0000
25565,5222,1.0000
25566,5222,1.0000
25567,5222,1.0000
25568,5222,1.0000
25569,5222,1.0000
25570,5222,1.0000
25571,5222,1.0000
25572,5222,1.0000
25573,5222,1.0000
25574,5222,1.0000
25575,5222,1.0000
25576,5222,1.0000
25577,5222,1.0000
25578,5222,.9348
25578,5690,.0652
25579,5222,.0725
25579,5690,.9275
25580,5690,1.0000
25581,5690,1.0000
25582,5690,1.0000
25583,5690,1.0000
25584,5690,1.0000
25585,5690,1.0000
25586,5222,.5276
25586,5690,.4724
25587,5222,1.0000
25588,5222,1.0000
25589,5222,1.0000
25590,5222,1.0000
25591,5222,1.0000
25592,5222,1.0000
25593,5222,1.0000
25594,5222,1.0000
25595,5222,1.0000
25596,5222,1.0000
25597,5222,1.0000
25598,5222,1.0000
25599,5222,1.0000
25600,5222,.9265
25600,5690,.0735
25601,5690,.8309
25601,5222,.1691
25602,5690,1.0000
25603,5690,1.0000
25604,5690,1.0000
25605,5690,1.0000
25606,5690,1.0000
25607,5690,1.0000
25608,5690,1.0000
25609,5690,1.0000
25610,5690,1.0000
25611,5690,1.0000
25612,5690,1.0000
25613,5690,1.0000
25614,5690,1.0000
25615,5690,1.0000
25616,5690,1.0000
25617,5690,1.0000
25618,5690,1.0000
25619,5690,1.0000
25620,5690,1.0000
25621,5690,1.0000
25622,5690,1.0000
25623,5690,1.0000
25624,5690,1.0000
25625,5690,1.0000
25626,5690,1.0000
25627,5690,.6288
25627,5222,.3712
25628,5222,.7176
25628,5690,.2824
25629,5222,.8271
25629,5690,.1729
25630,5222,1.0000
25631,5222,1.0000
25632,5222,1.0000
25633,5222,1.0000
25634,5222,1.0000
25635,5222,1.0000
25636,5222,1.0000
25637,5222,1.0000
25638,5222,1.0000
25639,5222,1.0000
25640,5222,1.0000
25641,5222,1.0000
25642,5222,1.0000
25643,5222,1.0000
25644,5222,1.0000
25645,5222,1.0000
25646,5222,1.0000
25647,5222,1.0000
25648,5222,1.0000
25649,5222,1.0000
25650,5222,1.0000
25651,5222,1.0000
25652,5222,1.0000
25653,5222,1.0000
25654,5222,1.0000
25655,5222,1.0000
25656,5222,1.0000
25657,5222,1.0000
25658,5222,1.0000
25659,5222,1.0000
25660,5222,1.0000
25661,5222,1.0000
25662,5222,1.0000
25663,5222,1.0000
25664,5222,1.0000
25665,5222,1.0000
25666,5222,1.0000
25667,5222,1.0000
25668,5222,.9313
25668,-999,.0687
25669,5222,.3383
25669,-999,.6617
25670,-999,1.0000
25671,-999,1.0000
25672,5675,.5227
25672,5739,.4773
25673,5739,1.0000
25674,5739,1.0000
25675,5739,1.0000
25676,5739,1.0000
25677,5739,1.0000
25678,5739,1.0000
25679,5739,.9773
25679,5675,.0227
25680,5675,.6617
25680,5739,.3383
25681,5675,1.0000
25682,5675,1.0000
25683,5675,.9846
25683,5674,.0154
25684,5675,.6818
25684,5674,.3182
25685,5675,.2308
25685,5674,.7692
25686,5674,1.0000
25687,5674,1.0000
25688,5674,1.0000
25689,5674,1.0000
25690,5674,1.0000
25691,5674,1.0000
25692,5674,1.0000
25693,5674,1.0000
25694,5674,1.0000
25695,5674,1.0000
25696,5674,1.0000
25697,5674,1.0000
25698,5674,1.0000
25699,5674,1.0000
25700,5674,1.0000
25701,5674,1.0000
25702,5674,1.0000
25703,5674,1.0000
25704,5674,1.0000
25705,5674,1.0000
25706,5674,1.0000
25707,5674,1.0000
25708,5674,1.0000
25709,5674,1.0000
25710,5674,1.0000
25711,5674,1.0000
25712,5674,1.0000
25713,5674,1.0000
25714,5674,1.0000
25715,5674,1.0000
25716,5674,1.0000
25717,5674,1.0000
25718,5674,1.0000
25719,5674,1.0000
25720,5674,1.0000
25721,5674,1.0000
25722,5674,1.0000
25723,5674,1.0000
25724,5674,1.0000
25725,5674,1.0000
25726,5674,1.0000
25727,5674,1.0000
25728,5674,1.0000
25729,5674,1.0000
25730,5674,1.0000
25731,5674,1.0000
25732,5674,1.0000
25733,5674,1.0000
25734,5674,1.0000
25735,5674,1.0000
25736,5674,1.0000
25737,5674,1.0000
25738,5674,1.0000
25739,5674,1.0000
25740,5674,1.0000
25741,5674,1.0000
25742,5674,1.0000
25743,5674,1.0000
25744,5674,1.0000
25745,5674,1.0000
25746,5674,1.0000
25747,5674,1.0000
25748,5674,1.0000
25749,5674,1.0000
25750,5674,1.0000
25751,5674,1.0000
25752,5674,1.0000
25753,5674,1.0000
25754,5674,1.0000
25755,5674,.9922
25755,5222,.0078
25756,5222,.4000
25756,5674,.6000
25757,5222,.7050
25757,5690,.1367
25757,5674,.1583
25758,5222,.0593
25758,5690,.9407
25759,5222,.3712
25759,5690,.6288
25760,5222,.9015
25760,5690,.0985
25761,5222,.7154
25761,5690,.2846
25762,5222,.4250
25762,5690,.5750
25763,5222,.8917
25763,5690,.1083
25764,5222,1.0000
25765,5222,1.0000
25766,5222,1.0000
25767,5222,1.0000
25768,5222,1.0000
25769,5222,1.0000
25770,5222,1.0000
25771,5222,1.0000
25772,5222,1.0000
25773,5222,1.0000
25774,5222,1.0000
25775,5222,1.0000
25776,5222,1.0000
25777,5222,.6923
25777,5690,.3077
25778,5690,1.0000
25779,5690,1.0000
25780,5690,1.0000
25781,5690,1.0000
25782,5690,1.0000
25783,5690,1.0000
25784,5690,1.0000
25785,5690,.9697
25785,5222,.0303
25786,5222,.3037
25786,5690,.6963
25787,5222,.8633
25787,5690,.1367
25788,5222,1.0000
25789,5222,1.0000
25790,5222,1.0000
25791,5222,1.0000
25792,5222,1.0000
25793,5222,1.0000
25794,5222,1.0000
25795,5222,1.0000
25796,5222,1.0000
25797,5222,1.0000
25798,5222,1.0000
25799,5222,1.0000
25800,5222,.7480
25800,5690,.2520
25801,5690,.9771
25801,5222,.0229
25802,5690,1.0000
25803,5690,1.0000
25804,5690,1.0000
25805,5690,1.0000
25806,5690,1.0000
25807,5690,1.0000
25808,5690,1.0000
25809,5690,1.0000
25810,5690,1.0000
25811,5690,1.0000
25812,5690,1.0000
25813,5690,1.0000
25814,5690,1.0000
25815,5690,1.0000
25816,5690,1.0000
25817,5690,1.0000
25818,5690,1.0000
25819,5690,1.0000
25820,5690,1.0000
25821,5690,1.0000
25822,5690,1.0000
25823,5690,1.0000
25824,5690,1.0000
25825,5690,1.0000
25826,5690,1.0000
25827,5690,1.0000
25828,5222,.0391
25828,5690,.9609
25829,5222,.3731
25829,5690,.6269
25830,5222,.8308
25830,5690,.1692
25831,5222,1.0000
25832,5222,1.0000
25833,5222,1.0000
25834,5222,1.0000
25835,5222,1.0000
25836,5222,1.0000
25837,5222,1.0000
25838,5222,1.0000
25839,5222,1.0000
25840,5222,1.0000
25841,5222,1.0000
25842,5222,1.0000
25843,5222,1.0000
25844,5222,1.0000
25845,5222,1.0000
25846,5222,1.0000
25847,5222,1.0000
25848,5222,1.0000
25849,5222,1.0000
25850,5222,1.0000
25851,5222,1.0000
25852,5222,1.0000
25853,5222,1.0000
25854,5222,1.0000
25855,5222,1.0000
25856,5222,1.0000
25857,5222,1.0000
25858,5222,1.0000
25859,5222,1.0000
25860,5222,1.0000
25861,5222,1.0000
25862,5222,1.0000
25863,5222,1.0000
25864,5222,1.0000
25865,5222,.7500
25865,-999,.2500
25866,5222,.5227
25866,-999,.4773
25867,5222,.4848
25867,-999,.5152
25868,-999,.3846
25868,5222,.6154
25869,-999,.6316
25869,5222,.3684
25870,-999,1.0000
25871,5675,.5344
25871,5739,.4656
25872,5739,1.0000
25873,5739,1.0000
25874,5739,1.0000
25875,5739,1.0000
25876,5739,1.0000
25877,5739,1.0000
25878,5739,1.0000
25879,5739,.9847
25879,5675,.0153
25880,5675,.4848
25880,5739,.5152
25881,5675,.8931
25881,5674,.0687
25881,5739,.0382
25882,5675,.3185
25882,5674,.6815
25883,5674,1.0000
25884,5674,1.0000
25885,5674,1.0000
25886,5674,1.0000
25887,5674,1.0000
25888,5674,1.0000
25889,5674,1.0000
25890,5674,1.0000
25891,5674,1.0000
25892,5674,1.0000
25893,5674,1.0000
25894,5674,1.0000
25895,5674,1.0000
25896,5674,1.0000
25897,5674,1.0000
25898,5674,1.0000
25899,5674,1.0000
25900,5674,1.0000
25901,5674,1.0000
25902,5674,1.0000
25903,5674,1.0000
25904,5674,1.0000
25905,5674,1.0000
25906,5674,1.0000
25907,5674,1.0000
25908,5674,1.0000
25909,5674,1.0000
25910,5674,1.0000
25911,5674,1.0000
25912,5674,1.0000
25913,5674,1.0000
25914,5674,1.0000
25915,5674,1.0000
25916,5674,1.0000
25917,5674,1.0000
25918,5674,1.0000
25919,5674,1.0000
25920,5674,1.0000
25921,5674,1.0000
25922,5674,1.0000
25923,5674,1.0000
25924,5674,1.0000
25925,5674,1.0000
25926,5674,1.0000
25927,5674,1.0000
25928,5674,1.0000
25929,5674,1.0000
25930,5674,1.0000
25931,5674,1.0000
25932,5674,1.0000
25933,5674,1.0000
25934,5674,1.0000
25935,5674,1.0000
25936,5674,1.0000
25937,5674,1.0000
25938,5674,1.0000
25939,5674,1.0000
25940,5674,1.0000
25941,5674,1.0000
25942,5674,1.0000
25943,5674,1.0000
25944,5674,1.0000
25945,5674,1.0000
25946,5674,1.0000
25947,5674,1.0000
25948,5674,1.0000
25949,5674,1.0000
25950,5674,1.0000
25951,5674,1.0000
25952,5674,1.0000
25953,5674,1.0000
25954,5674,1.0000
25955,5674,1.0000
25956,5674,.9773
25956,5690,.0227
25957,5690,.7482
25957,5674,.2518
25958,5690,1.0000
25959,5690,.9091
25959,5222,.0909
25960,5222,.0530
25960,5690,.9470
25961,5690,1.0000
25962,5690,.7424
25962,5222,.2576
25963,5222,.9225
25963,5690,.0775
25964,5222,.9000
25964,5690,.1000
25965,5222,.9083
25965,5690,.0917
25966,5222,1.0000
25967,5222,1.0000
25968,5222,1.0000
25969,5222,1.0000
25970,5222,1.0000
25971,5222,1.0000
25972,5222,1.0000
25973,5222,1.0000
25974,5222,.9836
25974,5690,.0164
25975,5222,.6210
25975,5690,.3790
25976,5222,.1811
25976,5690,.8189
25977,5690,1.0000
25978,5690,1.0000
25979,5690,1.0000
25980,5690,1.0000
25981,5690,1.0000
25982,5690,1.0000
25983,5690,1.0000
25984,5690,1.0000
25985,5690,.9496
25985,5222,.0504
25986,5690,.1136
25986,5222,.8864
25987,5222,1.0000
25988,5222,1.0000
25989,5222,1.0000
25990,5222,1.0000
25991,5222,1.0000
25992,5222,1.0000
25993,5222,1.0000
25994,5222,1.0000
25995,5222,1.0000
25996,5222,1.0000
25997,5222,1.0000
25998,5222,1.0000
25999,5222,1.0000
26000,5222,.6439
26000,5690,.3561
26001,5690,.9470
26001,5222,.0530
26002,5690,1.0000
26003,5690,1.0000
26004,5690,1.0000
26005,5690,1.0000
26006,5690,1.0000
26007,5690,1.0000
26008,5690,1.0000
26009,5690,1.0000
26010,5690,1.0000
26011,5690,1.0000
26012,5690,1.0000
26013,5690,1.0000
26014,5690,1.0000
26015,5690,1.0000
26016,5690,1.0000
26017,5690,1.0000
26018,5690,1.0000
26019,5690,1.0000
26020,5690,1.0000
26021,5690,1.0000
26022,5690,1.0000
26023,5690,1.0000
26024,5690,1.0000
26025,5690,1.0000
26026,5690,1.0000
26027,5690,1.0000
26028,5690,1.0000
26029,5690,.9297
26029,5222,.0703
26030,5222,.4470
26030,5690,.5530
26031,5222,.8682
26031,5690,.1318
26032,5222,.9160
26032,5690,.0840
26033,5222,1.0000
26034,5222,1.0000
26035,5222,1.0000
26036,5222,1.0000
26037,5222,1.0000
26038,5222,1.0000
26039,5222,1.0000
26040,5222,1.0000
26041,5222,1.0000
26042,5222,1.0000
26043,5222,1.0000
26044,5222,1.0000
26045,5222,1.0000
26046,5222,1.0000
26047,5222,1.0000
26048,5222,1.0000
26049,5222,1.0000
26050,5222,1.0000
26051,5222,1.0000
26052,5222,1.0000
26053,5222,1.0000
26054,5222,1.0000
26055,5222,1.0000
26056,5222,1.0000
26057,5222,1.0000
26058,5222,1.0000
26059,5222,1.0000
26060,5222,1.0000
26061,5222,1.0000
26062,5222,1.0000
26063,5222,1.0000
26064,5222,.9084
26064,-999,.0916
26065,5222,1.0000
26066,5222,1.0000
26067,5222,1.0000
26068,-999,.2977
26068,5222,.7023
26069,-999,1.0000
26070,5675,.6617
26070,5739,.3383
26071,5739,1.0000
26072,5739,1.0000
26073,5739,1.0000
26074,5739,1.0000
26075,5739,1.0000
26076,5739,1.0000
26077,5739,1.0000
26078,5739,1.0000
26079,5739,1.0000
26080,5739,.7481
26080,5675,.0667
26080,5674,.1852
26081,5674,.9237
26081,5739,.0763
26082,5674,1.0000
26083,5674,1.0000
26084,5674,1.0000
26085,5674,1.0000
26086,5674,1.0000
26087,5674,1.0000
26088,5674,1.0000
26089,5674,1.0000
26090,5674,1.0000
26091,5674,1.0000
26092,5674,1.0000
26093,5674,1.0000
26094,5674,1.0000
26095,5674,1.0000
26096,5674,1.0000
26097,5674,1.0000
26098,5674,1.0000
26099,5674,1.0000
26100,5674,1.0000
26101,5674,1.0000
26102,5674,1.0000
26103,5674,1.0000
26104,5674,1.0000
26105,5674,1.0000
26106,5674,1.0000
26107,5674,1.0000
26108,5674,1.0000
26109,5674,1.0000
26110,5674,1.0000
26111,5674,1.0000
26112,5674,1.0000
26113,5674,1.0000
26114,5674,1.0000
26115,5674,1.0000
26116,5674,1.0000
26117,5674,1.0000
26118,5674,1.0000
26119,5674,1.0000
26120,5674,1.0000
26121,5674,1.0000
26122,5674,1.0000
26123,5674,1.0000
26124,5674,1.0000
26125,5674,1.0000
26126,5674,1.0000
26127,5674,1.0000
26128,5674,1.0000
26129,5674,1.0000
26130,5674,1.0000
26131,5674,1.0000
26132,5674,1.0000
26133,5674,1.0000
26134,5674,1.0000
26135,5674,1.0000
26136,5674,1.0000
26137,5674,1.0000
26138,5674,1.0000
26139,5674,1.0000
26140,5674,1.0000
26141,5674,1.0000
26142,5674,1.0000
26143,5674,1.0000
26144,5674,1.0000
26145,5674,1.0000
26146,5674,1.0000
26147,5674,1.0000
26148,5674,1.0000
26149,5674,1.0000
26150,5674,1.0000
26151,5674,1.0000
26152,5674,1.0000
26153,5674,1.0000
26154,5674,1.0000
26155,5674,1.0000
26156,5674,.8780
26156,5690,.1220
26157,5690,.8623
26157,5674,.1377
26158,5690,1.0000
26159,5690,1.0000
26160,5690,1.0000
26161,5690,1.0000
26162,5690,.9167
26162,5222,.0833
26163,5222,.0379
26163,5690,.9621
26164,5690,.9697
26164,5222,.0303
26165,5222,.1970
26165,5690,.8030
26166,5222,.3846
26166,5690,.6154
26167,5222,.7077
26167,5690,.2923
26168,5222,.9667
26168,5690,.0333
26169,5222,1.0000
26170,5222,1.0000
26171,5222,1.0000
26172,5222,.9000
26172,5690,.1000
26173,5222,.3462
26173,5690,.6538
26174,5690,1.0000
26175,5690,1.0000
26176,5690,1.0000
26177,5690,1.0000
26178,5690,1.0000
26179,5690,1.0000
26180,5690,1.0000
26181,5690,1.0000
26182,5690,1.0000
26183,5690,1.0000
26184,5690,.7073
26184,5222,.2927
26185,5222,1.0000
26186,5222,1.0000
26187,5222,1.0000
26188,5222,1.0000
26189,5222,1.0000
26190,5222,1.0000
26191,5222,1.0000
26192,5222,1.0000
26193,5222,1.0000
26194,5222,1.0000
26195,5222,1.0000
26196,5222,1.0000
26197,5222,1.0000
26198,5222,1.0000
26199,5222,1.0000
26200,5222,.8231
26200,5690,.1769
26201,5690,.7293
26201,5222,.2707
26202,5690,.9848
26202,5222,.0152
26203,5690,1.0000
26204,5690,1.0000
26205,5690,1.0000
26206,5690,1.0000
26207,5690,1.0000
26208,5690,1.0000
26209,5690,1.0000
26210,5690,1.0000
26211,5690,1.0000
26212,5690,1.0000
26213,5690,1.0000
26214,5690,1.0000
26215,5690,1.0000
26216,5690,1.0000
26217,5690,1.0000
26218,5690,1.0000
26219,5690,1.0000
26220,5690,1.0000
26221,5690,1.0000
26222,5690,1.0000
26223,5690,1.0000
26224,5690,1.0000
26225,5690,1.0000
26226,5690,1.0000
26227,5690,1.0000
26228,5690,1.0000
26229,5690,1.0000
26230,5690,1.0000
26231,5222,.0154
26231,5690,.9846
26232,5222,.4519
26232,5690,.5481
26233,5222,.9690
26233,5690,.0310
26234,5222,1.0000
26235,5222,1.0000
26236,5222,1.0000
26237,5222,1.0000
26238,5222,1.0000
26239,5222,1.0000
26240,5222,1.0000
26241,5222,1.0000
26242,5222,1.0000
26243,5222,1.0000
26244,5222,1.0000
26245,5222,1.0000
26246,5222,1.0000
26247,5222,1.0000
26248,5222,1.0000
26249,5222,1.0000
26250,5222,1.0000
26251,5222,1.0000
26252,5222,1.0000
26253,5222,1.0000
26254,5222,1.0000
26255,5222,1.0000
26256,5222,1.0000
26257,5222,1.0000
26258,5222,1.0000
26259,5222,1.0000
26260,5222,1.0000
26261,5222,1.0000
26262,5222,1.0000
26263,5222,1.0000
26264,5222,1.0000
26265,5222,1.0000
26266,5222,1.0000
26267,5222,.9008
26267,-999,.0992
26268,-999,.6591
26268,5222,.3409
26269,5675,.7424
26269,5739,.2576
26270,5739,1.0000
26271,5739,1.0000
26272,5739,1.0000
26273,5739,1.0000
26274,5739,1.0000
26275,5739,1.0000
26276,5739,1.0000
26277,5739,1.0000
26278,5739,1.0000
26279,5739,1.0000
26280,5739,.6641
26280,5674,.3359
26281,5674,1.0000
26282,5674,1.0000
26283,5674,1.0000
26284,5674,1.0000
26285,5674,1.0000
26286,5674,1.0000
26287,5674,1.0000
26288,5674,1.0000
26289,5674,1.0000
26290,5674,1.0000
26291,5674,1.0000
26292,5674,1.0000
26293,5674,1.0000
26294,5674,1.0000
26295,5674,1.0000
26296,5674,1.0000
26297,5674,1.0000
26298,5674,1.0000
26299,5674,1.0000
26300,5674,1.0000
26301,5674,1.0000
26302,5674,1.0000
26303,5674,1.0000
26304,5674,1.0000
26305,5674,1.0000
26306,5674,1.0000
26307,5674,1.0000
26308,5674,1.0000
26309,5674,1.0000
26310,5674,1.0000
26311,5674,1.0000
26312,5674,1.0000
26313,5674,1.0000
26314,5674,1.0000
26315,5674,1.0000
26316,5674,1.0000
26317,5674,1.0000
26318,5674,1.0000
26319,5674,1.0000
26320,5674,1.0000
26321,5674,1.0000
26322,5674,1.0000
26323,5674,1.0000
26324,5674,1.0000
26325,5674,1.0000
26326,5674,1.0000
26327,5674,1.0000
26328,5674,1.0000
26329,5674,1.0000
26330,5674,1.0000
26331,5674,1.0000
26332,5674,1.0000
26333,5674,1.0000
26334,5674,1.0000
26335,5674,1.0000
26336,5674,1.0000
26337,5674,1.0000
26338,5674,1.0000
26339,5674,1.0000
26340,5674,1.0000
26341,5674,1.0000
26342,5674,1.0000
26343,5674,1.0000
26344,5674,1.0000
26345,5674,1.0000
26346,5674,1.0000
26347,5674,1.0000
26348,5674,1.0000
26349,5674,1.0000
26350,5674,1.0000
26351,5674,1.0000
26352,5674,1.0000
26353,5674,1.0000
26354,5674,1.0000
26355,5674,1.0000
26356,5674,.8250
26356,5690,.1750
26357,5690,.8682
26357,5674,.1318
26358,5690,1.0000
26359,5690,1.0000
26360,5690,1.0000
26361,5690,1.0000
26362,5690,1.0000
26363,5690,1.0000
26364,5690,1.0000
26365,5690,1.0000
26366,5690,1.0000
26367,5690,.9242
26367,5222,.0758
26368,5222,.2576
26368,5690,.7424
26369,5222,.4848
26369,5690,.5152
26370,5222,.3258
26370,5690,.6742
26371,5222,.0530
26371,5690,.9470
26372,5690,1.0000
26373,5690,1.0000
26374,5690,1.0000
26375,5690,1.0000
26376,5690,1.0000
26377,5690,1.0000
26378,5690,1.0000
26379,5690,1.0000
26380,5690,1.0000
26381,5690,1.0000
26382,5690,1.0000
26383,5690,.5923
26383,5222,.4077
26384,5222,1.0000
26385,5222,1.0000
26386,5222,1.0000
26387,5222,1.0000
26388,5222,1.0000
26389,5222,1.0000
26390,5222,1.0000
26391,5222,1.0000
26392,5222,1.0000
26393,5222,1.0000
26394,5222,1.0000
26395,5222,1.0000
26396,5222,1.0000
26397,5222,1.0000
26398,5222,1.0000
26399,5222,1.0000
26400,5222,1.0000
26401,5222,.8409
26401,5690,.1591
26402,5690,.3790
26402,5222,.6210
26403,5690,.6767
26403,5222,.3233
26404,5690,.9708
26404,5222,.0292
26405,5690,1.0000
26406,5690,1.0000
26407,5690,1.0000
26408,5690,1.0000
26409,5690,1.0000
26410,5690,1.0000
26411,5690,1.0000
26412,5690,1.0000
26413,5690,1.0000
26414,5690,1.0000
26415,5690,1.0000
26416,5690,1.0000
26417,5690,1.0000
26418,5690,1.0000
26419,5690,1.0000
26420,5690,1.0000
26421,5690,1.0000
26422,5690,1.0000
26423,5690,1.0000
26424,5690,1.0000
26425,5690,1.0000
26426,5690,1.0000
26427,5690,1.0000
26428,5690,1.0000
26429,5690,1.0000
26430,5690,1.0000
26431,5690,1.0000
26432,5222,.6031
26432,5690,.3969
26433,5222,1.0000
26434,5222,1.0000
26435,5222,1.0000
26436,5222,1.0000
26437,5222,1.0000
26438,5222,1.0000
26439,5222,1.0000
26440,5222,1.0000
26441,5222,1.0000
26442,5222,1.0000
26443,5222,1.0000
26444,5222,1.0000
26445,5222,1.0000
26446,5222,1.0000
26447,5222,1.0000
26448,5222,1.0000
26449,5222,1.0000
26450,5222,1.0000
26451,5222,1.0000
26452,5222,1.0000
26453,5222,1.0000
26454,5222,1.0000
26455,5222,1.0000
26456,5222,1.0000
26457,5222,1.0000
26458,5222,1.0000
26459,5222,1.0000
26460,5222,1.0000
26461,5222,1.0000
26462,5222,1.0000
26463,5222,1.0000
26464,5222,1.0000
26465,5222,1.0000
26466,5222,1.0000
26467,5222,.8092
26467,-999,.1908
26468,5675,.7293
26468,5739,.2707
26469,5739,1.0000
26470,5739,1.0000
26471,5739,1.0000
26472,5739,1.0000
26473,5739,1.0000
26474,5739,1.0000
26475,5739,1.0000
26476,5739,1.0000
26477,5739,1.0000
26478,5739,1.0000
26479,5739,.9773
26479,5674,.0227
26480,5674,.9098
26480,5739,.0902
26481,5674,1.0000
26482,5674,1.0000
26483,5674,1.0000
26484,5674,1.0000
26485,5674,1.0000
26486,5674,1.0000
26487,5674,1.0000
26488,5674,1.0000
26489,5674,1.0000
26490,5674,1.0000
26491,5674,1.0000
26492,5674,1.0000
26493,5674,1.0000
26494,5674,1.0000
26495,5674,1.0000
26496,5674,1.0000
26497,5674,1.0000
26498,5674,1.0000
26499,5674,1.0000
26500,5674,1.0000
26501,5674,1.0000
26502,5674,1.0000
26503,5674,1.0000
26504,5674,1.0000
26505,5674,1.0000
26506,5674,1.0000
26507,5674,1.0000
26508,5674,1.0000
26509,5674,1.0000
26510,5674,1.0000
26511,5674,1.0000
26512,5674,1.0000
26513,5674,1.0000
26514,5674,1.0000
26515,5674,1.0000
26516,5674,1.0000
26517,5674,1.0000
26518,5674,1.0000
26519,5674,1.0000
26520,5674,1.0000
26521,5674,1.0000
26522,5674,1.0000
26523,5674,1.0000
26524,5674,1.0000
26525,5674,1.0000
26526,5674,1.0000
26527,5674,1.0000
26528,5674,1.0000
26529,5674,1.0000
26530,5674,1.0000
26531,5674,1.0000
26532,5674,1.0000
26533,5674,1.0000
26534,5674,1.0000
26535,5674,1.0000
26536,5674,1.0000
26537,5674,1.0000
26538,5674,1.0000
26539,5674,1.0000
26540,5674,1.0000
26541,5674,1.0000
26542,5674,1.0000
26543,5674,1.0000
26544,5674,1.0000
26545,5674,1.0000
26546,5674,1.0000
26547,5674,1.0000
26548,5674,1.0000
26549,5674,1.0000
26550,5674,1.0000
26551,5674,1.0000
26552,5674,1.0000
26553,5674,1.0000
26554,5674,1.0000
26555,5674,1.0000
26556,5674,.9313
26556,5690,.0687
26557,5690,.4496
26557,5674,.5504
26558,5690,.9016
26558,5674,.0984
26559,5690,1.0000
26560,5690,1.0000
26561,5690,1.0000
26562,5690,1.0000
26563,5690,1.0000
26564,5690,1.0000
26565,5690,1.0000
26566,5690,1.0000
26567,5690,1.0000
26568,5690,1.0000
26569,5690,1.0000
26570,5690,1.0000
26571,5690,1.0000
26572,5690,1.0000
26573,5690,1.0000
26574,5690,1.0000
26575,5690,1.0000
26576,5690,1.0000
26577,5690,1.0000
26578,5690,1.0000
26579,5690,1.0000
26580,5690,1.0000
26581,5690,1.0000
26582,5690,.8864
26582,5222,.1136
26583,5222,.9773
26583,5690,.0227
26584,5222,1.0000
26585,5222,1.0000
26586,5222,1.0000
26587,5222,1.0000
26588,5222,1.0000
26589,5222,1.0000
26590,5222,1.0000
26591,5222,1.0000
26592,5222,1.0000
26593,5222,1.0000
26594,5222,1.0000
26595,5222,1.0000
26596,5222,1.0000
26597,5222,1.0000
26598,5222,1.0000
26599,5222,1.0000
26600,5222,1.0000
26601,5222,1.0000
26602,5222,1.0000
26603,5222,.8473
26603,5690,.1527
26604,5690,.6800
26604,5222,.3200
26605,5690,1.0000
26606,5690,1.0000
26607,5690,1.0000
26608,5690,1.0000
26609,5690,1.0000
26610,5690,1.0000
26611,5690,1.0000
26612,5690,1.0000
26613,5690,1.0000
26614,5690,1.0000
26615,5690,1.0000
26616,5690,1.0000
26617,5690,1.0000
26618,5690,1.0000
26619,5690,1.0000
26620,5690,1.0000
26621,5690,1.0000
26622,5690,1.0000
26623,5690,1.0000
26624,5690,1.0000
26625,5690,1.0000
26626,5690,1.0000
26627,5690,1.0000
26628,5690,1.0000
26629,5690,1.0000
26630,5690,1.0000
26631,5690,.8788
26631,5222,.1212
26632,5222,.5115
26632,5690,.4885
26633,5222,.8444
26633,5690,.1556
26634,5222,1.0000
26635,5222,1.0000
26636,5222,1.0000
26637,5222,1.0000
26638,5222,1.0000
26639,5222,1.0000
26640,5222,1.0000
26641,5222,1.0000
26642,5222,1.0000
26643,5222,1.0000
26644,5222,1.0000
26645,5222,1.0000
26646,5222,1.0000
26647,5222,1.0000
26648,5222,1.0000
26649,5222,1.0000
26650,5222,1.0000
26651,5222,1.0000
26652,5222,1.0000
26653,5222,1.0000
26654,5222,1.0000
26655,5222,1.0000
26656,5222,1.0000
26657,5222,1.0000
26658,5222,1.0000
26659,5222,1.0000
26660,5222,1.0000
26661,5222,1.0000
26662,5222,1.0000
26663,5222,1.0000
26664,5222,1.0000
26665,5222,.9924
26665,-999,.0076
26666,5222,.6992
26666,-999,.3008
26667,5675,.5489
26667,5739,.4511
26668,5739,1.0000
26669,5739,1.0000
26670,5739,1.0000
26671,5739,1.0000
26672,5739,1.0000
26673,5739,1.0000
26674,5739,1.0000
26675,5739,1.0000
26676,5739,1.0000
26677,5739,1.0000
26678,5739,1.0000
26679,5739,.1894
26679,5674,.8106
26680,5674,1.0000
26681,5674,1.0000
26682,5674,.9773
26682,5712,.0227
26683,5674,.5833
26683,5712,.4167
26684,5674,.3588
26684,5712,.6412
26685,5674,.2761
26685,5712,.7239
26686,5674,.4621
26686,5712,.5379
26687,5674,.8244
26687,5712,.1756
26688,5674,1.0000
26689,5674,1.0000
26690,5674,1.0000
26691,5674,1.0000
26692,5674,1.0000
26693,5674,1.0000
26694,5674,1.0000
26695,5674,1.0000
26696,5674,1.0000
26697,5674,1.0000
26698,5674,1.0000
26699,5674,1.0000
26700,5674,1.0000
26701,5674,1.0000
26702,5674,1.0000
26703,5674,1.0000
26704,5674,1.0000
26705,5674,1.0000
26706,5674,1.0000
26707,5674,1.0000
26708,5674,1.0000
26709,5674,1.0000
26710,5674,1.0000
26711,5674,1.0000
26712,5674,1.0000
26713,5674,1.0000
26714,5674,1.0000
26715,5674,1.0000
26716,5674,1.0000
26717,5674,1.0000
26718,5674,1.0000
26719,5674,1.0000
26720,5674,1.0000
26721,5674,1.0000
26722,5674,1.0000
26723,5674,1.0000
26724,5674,1.0000
26725,5674,1.0000
26726,5674,1.0000
26727,5674,1.0000
26728,5674,1.0000
26729,5674,1.0000
26730,5674,1.0000
26731,5674,1.0000
26732,5674,1.0000
26733,5674,1.0000
26734,5674,1.0000
26735,5674,1.0000
26736,5674,1.0000
26737,5674,1.0000
26738,5674,1.0000
26739,5674,1.0000
26740,5674,1.0000
26741,5674,1.0000
26742,5674,1.0000
26743,5674,1.0000
26744,5674,1.0000
26745,5674,1.0000
26746,5674,1.0000
26747,5674,1.0000
26748,5674,1.0000
26749,5674,1.0000
26750,5674,1.0000
26751,5674,1.0000
26752,5674,1.0000
26753,5674,1.0000
26754,5674,1.0000
26755,5674,1.0000
26756,5674,1.0000
26757,5674,.9371
26757,5690,.0629
26758,5690,.1600
26758,5674,.8400
26759,5690,.2000
26759,5674,.8000
26760,5690,.2833
26760,5674,.7167
26761,5690,.4000
26761,5674,.6000
26762,5690,.3206
26762,5674,.6794
26763,5690,.2045
26763,5674,.7955
26764,5690,.5455
26764,5674,.4545
26765,5690,1.0000
26766,5690,1.0000
26767,5690,1.0000
26768,5690,1.0000
26769,5690,1.0000
26770,5690,1.0000
26771,5690,1.0000
26772,5690,1.0000
26773,5690,1.0000
26774,5690,1.0000
26775,5690,1.0000
26776,5690,1.0000
26777,5690,1.0000
26778,5690,1.0000
26779,5690,1.0000
26780,5690,1.0000
26781,5690,1.0000
26782,5690,.3106
26782,5222,.6894
26783,5222,1.0000
26784,5222,1.0000
26785,5222,1.0000
26786,5222,1.0000
26787,5222,1.0000
26788,5222,1.0000
26789,5222,1.0000
26790,5222,1.0000
26791,5222,1.0000
26792,5222,1.0000
26793,5222,1.0000
26794,5222,1.0000
26795,5222,1.0000
26796,5222,1.0000
26797,5222,1.0000
26798,5222,1.0000
26799,5222,1.0000
26800,5222,1.0000
26801,5222,1.0000
26802,5222,1.0000
26803,5222,.9925
26803,5690,.0075
26804,5690,.6131
26804,5222,.3869
26805,5690,1.0000
26806,5690,1.0000
26807,5690,1.0000
26808,5690,1.0000
26809,5690,1.0000
26810,5690,1.0000
26811,5690,1.0000
26812,5690,1.0000
26813,5690,1.0000
26814,5690,1.0000
26815,5690,1.0000
26816,5690,1.0000
26817,5690,1.0000
26818,5690,1.0000
26819,5690,1.0000
26820,5690,1.0000
26821,5690,1.0000
26822,5690,1.0000
26823,5690,1.0000
26824,5690,1.0000
26825,5690,1.0000
26826,5690,1.0000
26827,5690,1.0000
26828,5690,1.0000
26829,5690,1.0000
26830,5690,1.0000
26831,5690,1.0000
26832,5690,.9844
26832,5222,.0156
26833,5222,.4580
26833,5690,.5420
26834,5222,.9615
26834,5690,.0385
26835,5222,1.0000
26836,5222,1.0000
26837,5222,1.0000
26838,5222,1.0000
26839,5222,1.0000
26840,5222,1.0000
26841,5222,1.0000
26842,5222,1.0000
26843,5222,1.0000
26844,5222,1.0000
26845,5222,1.0000
26846,5222,1.0000
26847,5222,1.0000
26848,5222,1.0000
26849,5222,1.0000
26850,5222,1.0000
26851,5222,1.0000
26852,5222,1.0000
26853,5222,1.0000
26854,5222,1.0000
26855,5222,1.0000
26856,5222,1.0000
26857,5222,1.0000
26858,5222,1.0000
26859,5222,1.0000
26860,5222,1.0000
26861,5222,1.0000
26862,5222,1.0000
26863,5222,1.0000
26864,5222,1.0000
26865,5222,1.0000
26866,5675,.0752
26866,5739,.9248
26867,5739,1.0000
26868,5739,1.0000
26869,5739,1.0000
26870,5739,1.0000
26871,5739,1.0000
26872,5739,1.0000
26873,5739,1.0000
26874,5739,1.0000
26875,5739,1.0000
26876,5739,1.0000
26877,5739,1.0000
26878,5739,.4545
26878,5674,.5455
26879,5674,1.0000
26880,5674,.9778
26880,5739,.0222
26881,5674,.8779
26881,5712,.1069
26881,5739,.0153
26882,5712,1.0000
26883,5712,1.0000
26884,5712,1.0000
26885,5712,1.0000
26886,5712,.9850
26886,5674,.0150
26887,5674,.3383
26887,5712,.6617
26888,5674,.5659
26888,5712,.4341
26889,5674,.4538
26889,5712,.5462
26890,5674,.2180
26890,5712,.7820
26891,5674,.1818
26891,5712,.8182
26892,5674,.1716
26892,5712,.8284
26893,5674,.1136
26893,5712,.8864
26894,5674,.2290
26894,5712,.7710
26895,5674,.4000
26895,5712,.6000
26896,5674,.5954
26896,5712,.4046
26897,5674,.8244
26897,5712,.1756
26898,5674,.9847
26898,5712,.0153
26899,5674,1.0000
26900,5674,1.0000
26901,5674,1.0000
26902,5674,1.0000
26903,5674,1.0000
26904,5674,1.0000
26905,5674,1.0000
26906,5674,1.0000
26907,5674,1.0000
26908,5674,1.0000
26909,5674,1.0000
26910,5674,1.0000
26911,5674,1.0000
26912,5674,1.0000
26913,5674,1.0000
26914,5674,1.0000
26915,5674,1.0000
26916,5674,1.0000
26917,5674,1.0000
26918,5674,1.0000
26919,5674,1.0000
26920,5674,1.0000
26921,5674,1.0000
26922,5674,1.0000
26923,5674,1.0000
26924,5674,1.0000
26925,5674,1.0000
26926,5674,1.0000
26927,5674,1.0000
26928,5674,1.0000
26929,5674,1.0000
26930,5674,1.0000
26931,5674,1.0000
26932,5674,1.0000
26933,5674,1.0000
26934,5674,1.0000
26935,5674,1.0000
26936,5674,1.0000
26937,5674,1.0000
26938,5674,1.0000
26939,5674,1.0000
26940,5674,1.0000
26941,5674,1.0000
26942,5674,1.0000
26943,5674,1.0000
26944,5674,1.0000
26945,5674,1.0000
26946,5674,1.0000
26947,5674,1.0000
26948,5674,1.0000
26949,5674,1.0000
26950,5674,1.0000
26951,5674,1.0000
26952,5674,1.0000
26953,5674,1.0000
26954,5674,1.0000
26955,5674,1.0000
26956,5674,1.0000
26957,5674,1.0000
26958,5674,1.0000
26959,5674,1.0000
26960,5674,1.0000
26961,5674,1.0000
26962,5674,1.0000
26963,5674,.8846
26963,5690,.1154
26964,5690,1.0000
26965,5690,1.0000
26966,5690,1.0000
26967,5690,1.0000
26968,5690,1.0000
26969,5690,1.0000
26970,5690,1.0000
26971,5690,1.0000
26972,5690,1.0000
26973,5690,1.0000
26974,5690,1.0000
26975,5690,1.0000
26976,5690,1.0000
26977,5690,1.0000
26978,5690,1.0000
26979,5690,1.0000
26980,5690,1.0000
26981,5690,.7016
26981,5222,.2984
26982,5222,1.0000
26983,5222,1.0000
26984,5222,1.0000
26985,5222,1.0000
26986,5222,1.0000
26987,5222,1.0000
26988,5222,1.0000
26989,5222,1.0000
26990,5222,1.0000
26991,5222,1.0000
26992,5222,1.0000
26993,5222,1.0000
26994,5222,1.0000
26995,5222,1.0000
26996,5222,1.0000
26997,5222,1.0000
26998,5222,1.0000
26999,5222,1.0000
27000,5222,1.0000
27001,5222,1.0000
27002,5222,1.0000
27003,5222,.7209
27003,5690,.2791
27004,5690,1.0000
27005,5690,1.0000
27006,5690,1.0000
27007,5690,1.0000
27008,5690,1.0000
27009,5690,1.0000
27010,5690,1.0000
27011,5690,1.0000
27012,5690,1.0000
27013,5690,1.0000
27014,5690,1.0000
27015,5690,1.0000
27016,5690,1.0000
27017,5690,1.0000
27018,5690,1.0000
27019,5690,1.0000
27020,5690,1.0000
27021,5690,1.0000
27022,5690,1.0000
27023,5690,1.0000
27024,5690,1.0000
27025,5690,1.0000
27026,5690,1.0000
27027,5690,1.0000
27028,5690,1.0000
27029,5690,1.0000
27030,5690,1.0000
27031,5690,1.0000
27032,5690,1.0000
27033,5222,.6565
27033,5690,.3435
27034,5222,1.0000
27035,5222,1.0000
27036,5222,1.0000
27037,5222,1.0000
27038,5222,1.0000
27039,5222,1.0000
27040,5222,1.0000
27041,5222,1.0000
27042,5222,1.0000
27043,5222,1.0000
27044,5222,1.0000
27045,5222,1.0000
27046,5222,1.0000
27047,5222,1.0000
27048,5222,1.0000
27049,5222,1.0000
27050,5222,1.0000
27051,5222,1.0000
27052,5222,1.0000
27053,5222,1.0000
27054,5222,1.0000
27055,5222,1.0000
27056,5222,1.0000
27057,5222,1.0000
27058,5222,1.0000
27059,5222,1.0000
27060,5222,1.0000
27061,5222,1.0000
27062,5222,1.0000
27063,5222,1.0000
27064,5222,1.0000
27065,5739,1.0000
27066,5739,1.0000
27067,5739,1.0000
27068,5739,1.0000
27069,5739,1.0000
27070,5739,1.0000
27071,5739,1.0000
27072,5739,1.0000
27073,5739,1.0000
27074,5739,1.0000
27075,5739,1.0000
27076,5739,1.0000
27077,5739,.9618
27077,5674,.0382
27078,5674,.2593
27078,5739,.7407
27079,5674,.0985
27079,5739,.9015
27080,5674,.0758
27080,5739,.9167
27080,5712,.0076
27081,5712,.2932
27081,5739,.7068
27082,5712,.8571
27082,5739,.1429
27083,5712,1.0000
27084,5712,1.0000
27085,5712,1.0000
27086,5712,1.0000
27087,5712,1.0000
27088,5712,1.0000
27089,5712,1.0000
27090,5712,1.0000
27091,5712,1.0000
27092,5712,1.0000
27093,5712,1.0000
27094,5712,1.0000
27095,5712,1.0000
27096,5712,.9926
27096,5674,.0074
27097,5674,.1288
27097,5712,.8712
27098,5674,.3852
27098,5712,.6148
27099,5674,.5573
27099,5712,.4427
27100,5674,.8939
27100,5712,.1061
27101,5674,1.0000
27102,5674,1.0000
27103,5674,1.0000
27104,5674,1.0000
27105,5674,1.0000
27106,5674,1.0000
27107,5674,1.0000
27108,5674,1.0000
27109,5674,1.0000
27110,5674,1.0000
27111,5674,1.0000
27112,5674,1.0000
27113,5674,1.0000
27114,5674,1.0000
27115,5674,1.0000
27116,5674,1.0000
27117,5674,1.0000
27118,5674,1.0000
27119,5674,1.0000
27120,5674,1.0000
27121,5674,1.0000
27122,5674,1.0000
27123,5674,1.0000
27124,5674,1.0000
27125,5674,1.0000
27126,5674,1.0000
27127,5674,1.0000
27128,5674,1.0000
27129,5674,1.0000
27130,5674,1.0000
27131,5674,1.0000
27132,5674,1.0000
27133,5674,1.0000
27134,5674,1.0000
27135,5674,1.0000
27136,5674,1.0000
27137,5674,1.0000
27138,5674,1.0000
27139,5674,1.0000
27140,5674,1.0000
27141,5674,1.0000
27142,5674,1.0000
27143,5674,1.0000
27144,5674,1.0000
27145,5674,1.0000
27146,5674,1.0000
27147,5674,1.0000
27148,5674,1.0000
27149,5674,1.0000
27150,5674,1.0000
27151,5674,1.0000
27152,5674,1.0000
27153,5674,1.0000
27154,5674,1.0000
27155,5674,1.0000
27156,5674,1.0000
27157,5674,1.0000
27158,5674,1.0000
27159,5674,1.0000
27160,5674,1.0000
27161,5674,1.0000
27162,5674,.6084
27162,5690,.3916
27163,5690,1.0000
27164,5690,1.0000
27165,5690,1.0000
27166,5690,1.0000
27167,5690,1.0000
27168,5690,1.0000
27169,5690,1.0000
27170,5690,1.0000
27171,5690,1.0000
27172,5690,1.0000
27173,5690,1.0000
27174,5690,1.0000
27175,5690,1.0000
27176,5690,1.0000
27177,5690,1.0000
27178,5690,1.0000
27179,5690,1.0000
27180,5690,.9577
27180,5222,.0423
27181,5222,.8409
27181,5690,.1591
27182,5222,1.0000
27183,5222,1.0000
27184,5222,1.0000
27185,5222,1.0000
27186,5222,1.0000
27187,5222,1.0000
27188,5222,1.0000
27189,5222,1.0000
27190,5222,1.0000
27191,5222,1.0000
27192,5222,1.0000
27193,5222,1.0000
27194,5222,1.0000
27195,5222,1.0000
27196,5222,1.0000
27197,5222,1.0000
27198,5222,1.0000
27199,5222,1.0000
27200,5222,1.0000
27201,5222,1.0000
27202,5222,.9760
27202,5690,.0240
27203,5690,.7985
27203,5222,.2015
27204,5690,1.0000
27205,5690,1.0000
27206,5690,1.0000
27207,5690,1.0000
27208,5690,1.0000
27209,5690,1.0000
27210,5690,1.0000
27211,5690,1.0000
27212,5690,1.0000
27213,5690,1.0000
27214,5690,1.0000
27215,5690,1.0000
27216,5690,1.0000
27217,5690,1.0000
27218,5690,1.0000
27219,5690,1.0000
27220,5690,1.0000
27221,5690,1.0000
27222,5690,1.0000
27223,5690,1.0000
27224,5690,1.0000
27225,5690,1.0000
27226,5690,1.0000
27227,5690,1.0000
27228,5690,1.0000
27229,5690,1.0000
27230,5690,1.0000
27231,5690,1.0000
27232,5690,.7481
27232,5222,.2519
27233,5222,1.0000
27234,5222,1.0000
27235,5222,1.0000
27236,5222,1.0000
27237,5222,1.0000
27238,5222,1.0000
27239,5222,1.0000
27240,5222,1.0000
27241,5222,1.0000
27242,5222,1.0000
27243,5222,1.0000
27244,5222,1.0000
27245,5222,1.0000
27246,5222,1.0000
27247,5222,1.0000
27248,5222,1.0000
27249,5222,1.0000
27250,5222,1.0000
27251,5222,1.0000
27252,5222,1.0000
27253,5222,1.0000
27254,5222,1.0000
27255,5222,1.0000
27256,5222,1.0000
27257,5222,1.0000
27258,5222,1.0000
27259,5222,1.0000
27260,5222,1.0000
27261,5222,1.0000
27262,5222,1.0000
27263,5222,1.0000
27264,5739,1.0000
27265,5739,1.0000
27266,5739,1.0000
27267,5739,1.0000
27268,5739,1.0000
27269,5739,1.0000
27270,5739,1.0000
27271,5739,1.0000
27272,5739,1.0000
27273,5739,1.0000
27274,5739,1.0000
27275,5739,1.0000
27276,5739,1.0000
27277,5739,1.0000
27278,5739,1.0000
27279,5739,1.0000
27280,5739,1.0000
27281,5739,.4773
27281,5712,.5227
27282,5712,1.0000
27283,5712,1.0000
27284,5712,1.0000
27285,5712,1.0000
27286,5712,1.0000
27287,5712,1.0000
27288,5712,1.0000
27289,5712,1.0000
27290,5712,1.0000
27291,5712,1.0000
27292,5712,1.0000
27293,5712,1.0000
27294,5712,1.0000
27295,5712,1.0000
27296,5712,1.0000
27297,5712,1.0000
27298,5712,1.0000
27299,5712,.9328
27299,5674,.0672
27300,5674,.4318
27300,5712,.5682
27301,5674,.8824
27301,5712,.1176
27302,5674,1.0000
27303,5674,1.0000
27304,5674,1.0000
27305,5674,1.0000
27306,5674,1.0000
27307,5674,1.0000
27308,5674,1.0000
27309,5674,1.0000
27310,5674,1.0000
27311,5674,1.0000
27312,5674,1.0000
27313,5674,1.0000
27314,5674,1.0000
27315,5674,1.0000
27316,5674,1.0000
27317,5674,1.0000
27318,5674,1.0000
27319,5674,1.0000
27320,5674,1.0000
27321,5674,1.0000
27322,5674,1.0000
27323,5674,1.0000
27324,5674,1.0000
27325,5674,1.0000
27326,5674,1.0000
27327,5674,1.0000
27328,5674,1.0000
27329,5674,1.0000
27330,5674,1.0000
27331,5674,1.0000
27332,5674,1.0000
27333,5674,1.0000
27334,5674,1.0000
27335,5674,1.0000
27336,5674,1.0000
27337,5674,1.0000
27338,5674,1.0000
27339,5674,1.0000
27340,5674,1.0000
27341,5674,1.0000
27342,5674,1.0000
27343,5674,1.0000
27344,5674,1.0000
27345,5674,1.0000
27346,5674,1.0000
27347,5674,1.0000
27348,5674,1.0000
27349,5674,1.0000
27350,5674,1.0000
27351,5674,1.0000
27352,5674,1.0000
27353,5674,1.0000
27354,5674,1.0000
27355,5674,1.0000
27356,5674,1.0000
27357,5674,1.0000
27358,5674,1.0000
27359,5674,1.0000
27360,5674,.8258
27360,5690,.1742
27361,5674,.0559
27361,5690,.9441
27362,5690,1.0000
27363,5690,1.0000
27364,5690,1.0000
27365,5690,1.0000
27366,5690,1.0000
27367,5690,1.0000
27368,5690,1.0000
27369,5690,1.0000
27370,5690,1.0000
27371,5690,1.0000
27372,5690,1.0000
27373,5690,1.0000
27374,5690,1.0000
27375,5690,1.0000
27376,5690,1.0000
27377,5690,1.0000
27378,5690,1.0000
27379,5690,1.0000
27380,5690,.7424
27380,5222,.2576
27381,5222,.9773
27381,5690,.0227
27382,5222,1.0000
27383,5222,1.0000
27384,5222,1.0000
27385,5222,1.0000
27386,5222,1.0000
27387,5222,1.0000
27388,5222,1.0000
27389,5222,1.0000
27390,5222,1.0000
27391,5222,1.0000
27392,5222,1.0000
27393,5222,1.0000
27394,5222,1.0000
27395,5222,1.0000
27396,5222,1.0000
27397,5222,1.0000
27398,5222,1.0000
27399,5222,1.0000
27400,5222,1.0000
27401,5222,1.0000
27402,5222,.5766
27402,5690,.4234
27403,5690,1.0000
27404,5690,1.0000
27405,5690,1.0000
27406,5690,1.0000
27407,5690,1.0000
27408,5690,1.0000
27409,5690,1.0000
27410,5690,1.0000
27411,5690,1.0000
27412,5690,1.0000
27413,5690,1.0000
27414,5690,1.0000
27415,5690,1.0000
27416,5690,1.0000
27417,5690,1.0000
27418,5690,1.0000
27419,5690,1.0000
27420,5690,1.0000
27421,5690,1.0000
27422,5690,1.0000
27423,5690,1.0000
27424,5690,1.0000
27425,5690,1.0000
27426,5690,1.0000
27427,5690,1.0000
27428,5690,1.0000
27429,5690,1.0000
27430,5690,1.0000
27431,5690,.9925
27431,5222,.0075
27432,5222,.8092
27432,5690,.1908
27433,5222,1.0000
27434,5222,1.0000
27435,5222,1.0000
27436,5222,1.0000
27437,5222,1.0000
27438,5222,1.0000
27439,5222,1.0000
27440,5222,1.0000
27441,5222,1.0000
27442,5222,1.0000
27443,5222,1.0000
27444,5222,1.0000
27445,5222,1.0000
27446,5222,1.0000
27447,5222,1.0000
27448,5222,1.0000
27449,5222,1.0000
27450,5222,1.0000
27451,5222,1.0000
27452,5222,1.0000
27453,5222,1.0000
27454,5222,1.0000
27455,5222,1.0000
27456,5222,1.0000
27457,5222,1.0000
27458,5222,1.0000
27459,5222,1.0000
27460,5222,1.0000
27461,5222,1.0000
27462,5222,1.0000
27463,5739,1.0000
27464,5739,1.0000
27465,5739,1.0000
27466,5739,1.0000
27467,5739,1.0000
27468,5739,1.0000
27469,5739,1.0000
27470,5739,1.0000
27471,5739,1.0000
27472,5739,1.0000
27473,5739,1.0000
27474,5739,1.0000
27475,5739,1.0000
27476,5739,1.0000
27477,5739,1.0000
27478,5739,1.0000
27479,5739,.9091
27479,5712,.0909
27480,5739,.1923
27480,5712,.8077
27481,5712,1.0000
27482,5712,1.0000
27483,5712,1.0000
27484,5712,1.0000
27485,5712,1.0000
27486,5712,1.0000
27487,5712,1.0000
27488,5712,1.0000
27489,5712,1.0000
27490,5712,1.0000
27491,5712,1.0000
27492,5712,1.0000
27493,5712,1.0000
27494,5712,1.0000
27495,5712,1.0000
27496,5712,1.0000
27497,5712,1.0000
27498,5712,1.0000
27499,5712,1.0000
27500,5712,.9323
27500,5674,.0677
27501,5674,.4729
27501,5712,.5271
27502,5674,.9030
27502,5712,.0970
27503,5674,1.0000
27504,5674,1.0000
27505,5674,1.0000
27506,5674,1.0000
27507,5674,1.0000
27508,5674,1.0000
27509,5674,1.0000
27510,5674,1.0000
27511,5674,1.0000
27512,5674,1.0000
27513,5674,1.0000
27514,5674,1.0000
27515,5674,1.0000
27516,5674,1.0000
27517,5674,1.0000
27518,5674,1.0000
27519,5674,1.0000
27520,5674,1.0000
27521,5674,1.0000
27522,5674,1.0000
27523,5674,1.0000
27524,5674,1.0000
27525,5674,1.0000
27526,5674,1.0000
27527,5674,1.0000
27528,5674,1.0000
27529,5674,1.0000
27530,5674,1.0000
27531,5674,1.0000
27532,5674,1.0000
27533,5674,1.0000
27534,5674,1.0000
27535,5674,1.0000
27536,5674,1.0000
27537,5674,1.0000
27538,5674,1.0000
27539,5674,1.0000
27540,5674,1.0000
27541,5674,1.0000
27542,5674,1.0000
27543,5674,1.0000
27544,5674,1.0000
27545,5674,1.0000
27546,5674,1.0000
27547,5674,1.0000
27548,5674,1.0000
27549,5674,1.0000
27550,5674,1.0000
27551,5674,1.0000
27552,5674,1.0000
27553,5674,1.0000
27554,5674,1.0000
27555,5674,1.0000
27556,5674,1.0000
27557,5674,1.0000
27558,5674,1.0000
27559,5674,.8333
27559,5690,.1667
27560,5690,.9720
27560,5674,.0280
27561,5690,1.0000
27562,5690,1.0000
27563,5690,1.0000
27564,5690,1.0000
27565,5690,1.0000
27566,5690,1.0000
27567,5690,1.0000
27568,5690,1.0000
27569,5690,1.0000
27570,5690,1.0000
27571,5690,1.0000
27572,5690,1.0000
27573,5690,1.0000
27574,5690,1.0000
27575,5690,1.0000
27576,5690,1.0000
27577,5690,1.0000
27578,5690,1.0000
27579,5690,1.0000
27580,5690,.4094
27580,5222,.5906
27581,5222,.8880
27581,5690,.1120
27582,5222,.7500
27582,5690,.2500
27583,5222,.9697
27583,5690,.0303
27584,5222,1.0000
27585,5222,1.0000
27586,5222,1.0000
27587,5222,1.0000
27588,5222,1.0000
27589,5222,1.0000
27590,5222,1.0000
27591,5222,1.0000
27592,5222,1.0000
27593,5222,1.0000
27594,5222,1.0000
27595,5222,1.0000
27596,5222,1.0000
27597,5222,1.0000
27598,5222,1.0000
27599,5222,1.0000
27600,5222,1.0000
27601,5222,.8750
27601,5690,.1250
27602,5690,1.0000
27603,5690,1.0000
27604,5690,1.0000
27605,5690,1.0000
27606,5690,1.0000
27607,5690,1.0000
27608,5690,1.0000
27609,5690,1.0000
27610,5690,1.0000
27611,5690,1.0000
27612,5690,1.0000
27613,5690,1.0000
27614,5690,1.0000
27615,5690,1.0000
27616,5690,1.0000
27617,5690,1.0000
27618,5690,1.0000
27619,5690,1.0000
27620,5690,1.0000
27621,5690,1.0000
27622,5690,1.0000
27623,5690,1.0000
27624,5690,1.0000
27625,5690,1.0000
27626,5690,1.0000
27627,5690,1.0000
27628,5690,1.0000
27629,5690,1.0000
27630,5690,1.0000
27631,5690,.6391
27631,5222,.3609
27632,5222,.9690
27632,5690,.0310
27633,5222,1.0000
27634,5222,1.0000
27635,5222,1.0000
27636,5222,1.0000
27637,5222,1.0000
27638,5222,1.0000
27639,5222,1.0000
27640,5222,1.0000
27641,5222,1.0000
27642,5222,1.0000
27643,5222,1.0000
27644,5222,1.0000
27645,5222,1.0000
27646,5222,1.0000
27647,5222,1.0000
27648,5222,1.0000
27649,5222,1.0000
27650,5222,1.0000
27651,5222,1.0000
27652,5222,1.0000
27653,5222,1.0000
27654,5222,1.0000
27655,5222,1.0000
27656,5222,1.0000
27657,5222,1.0000
27658,5222,1.0000
27659,5222,1.0000
27660,5222,1.0000
27661,5222,1.0000
27662,5739,1.0000
27663,5739,1.0000
27664,5739,1.0000
27665,5739,1.0000
27666,5739,1.0000
27667,5739,1.0000
27668,5739,1.0000
27669,5739,1.0000
27670,5739,1.0000
27671,5739,1.0000
27672,5739,1.0000
27673,5739,1.0000
27674,5739,1.0000
27675,5739,1.0000
27676,5739,.9552
27676,5712,.0448
27677,5739,.5530
27677,5712,.4470
27678,5739,.1527
27678,5712,.8473
27679,5712,1.0000
27680,5712,1.0000
27681,5712,1.0000
27682,5712,1.0000
27683,5712,1.0000
27684,5712,1.0000
27685,5712,1.0000
27686,5712,1.0000
27687,5712,1.0000
27688,5712,1.0000
27689,5712,1.0000
27690,5712,1.0000
27691,5712,1.0000
27692,5712,1.0000
27693,5712,1.0000
27694,5712,1.0000
27695,5712,1.0000
27696,5712,1.0000
27697,5712,1.0000
27698,5712,1.0000
27699,5712,1.0000
27700,5712,1.0000
27701,5712,.8931
27701,5674,.1069
27702,5674,.6519
27702,5712,.3481
27703,5674,1.0000
27704,5674,1.0000
27705,5674,1.0000
27706,5674,1.0000
27707,5674,1.0000
27708,5674,1.0000
27709,5674,1.0000
27710,5674,1.0000
27711,5674,1.0000
27712,5674,1.0000
27713,5674,1.0000
27714,5674,1.0000
27715,5674,1.0000
27716,5674,1.0000
27717,5674,1.0000
27718,5674,1.0000
27719,5674,1.0000
27720,5674,1.0000
27721,5674,1.0000
27722,5674,1.0000
27723,5674,1.0000
27724,5674,1.0000
27725,5674,1.0000
27726,5674,1.0000
27727,5674,1.0000
27728,5674,1.0000
27729,5674,1.0000
27730,5674,1.0000
27731,5674,1.0000
27732,5674,1.0000
27733,5674,1.0000
27734,5674,1.0000
27735,5674,1.0000
27736,5674,1.0000
27737,5674,1.0000
27738,5674,1.0000
27739,5674,1.0000
27740,5674,1.0000
27741,5674,1.0000
27742,5674,1.0000
27743,5674,1.0000
27744,5674,1.0000
27745,5674,1.0000
27746,5674,1.0000
27747,5674,1.0000
27748,5674,1.0000
27749,5674,1.0000
27750,5674,1.0000
27751,5674,1.0000
27752,5674,1.0000
27753,5674,1.0000
27754,5674,1.0000
27755,5674,1.0000
27756,5674,1.0000
27757,5674,1.0000
27758,5674,1.0000
27759,5674,.2913
27759,5690,.7087
27760,5690,1.0000
27761,5690,1.0000
27762,5690,1.0000
27763,5690,1.0000
27764,5690,1.0000
27765,5690,1.0000
27766,5690,1.0000
27767,5690,1.0000
27768,5690,1.0000
27769,5690,1.0000
27770,5690,1.0000
27771,5690,1.0000
27772,5690,1.0000
27773,5690,1.0000
27774,5690,1.0000
27775,5690,1.0000
27776,5690,1.0000
27777,5690,1.0000
27778,5690,1.0000
27779,5690,.9457
27779,5222,.0543
27780,5222,.0780
27780,5690,.9220
27781,5690,1.0000
27782,5690,.7424
27782,5222,.2576
27783,5222,.8485
27783,5690,.1515
27784,5222,1.0000
27785,5222,1.0000
27786,5222,1.0000
27787,5222,1.0000
27788,5222,1.0000
27789,5222,1.0000
27790,5222,1.0000
27791,5222,1.0000
27792,5222,1.0000
27793,5222,1.0000
27794,5222,1.0000
27795,5222,1.0000
27796,5222,1.0000
27797,5222,1.0000
27798,5222,1.0000
27799,5222,1.0000
27800,5222,.8550
27800,5690,.1450
27801,5690,.9855
27801,5222,.0145
27802,5690,1.0000
27803,5690,1.0000
27804,5690,1.0000
27805,5690,1.0000
27806,5690,1.0000
27807,5690,1.0000
27808,5690,1.0000
27809,5690,1.0000
27810,5690,1.0000
27811,5690,1.0000
27812,5690,1.0000
27813,5690,1.0000
27814,5690,1.0000
27815,5690,1.0000
27816,5690,1.0000
27817,5690,1.0000
27818,5690,1.0000
27819,5690,1.0000
27820,5690,1.0000
27821,5690,1.0000
27822,5690,1.0000
27823,5690,1.0000
27824,5690,1.0000
27825,5690,1.0000
27826,5690,1.0000
27827,5690,1.0000
27828,5690,1.0000
27829,5690,1.0000
27830,5690,1.0000
27831,5222,.2955
27831,5690,.7045
27832,5222,.6641
27832,5690,.3359
27833,5222,.7218
27833,5690,.2782
27834,5222,.7955
27834,5690,.2045
27835,5222,.9470
27835,5690,.0530
27836,5222,1.0000
27837,5222,1.0000
27838,5222,1.0000
27839,5222,1.0000
27840,5222,1.0000
27841,5222,1.0000
27842,5222,1.0000
27843,5222,1.0000
27844,5222,1.0000
27845,5222,1.0000
27846,5222,1.0000
27847,5222,1.0000
27848,5222,1.0000
27849,5222,1.0000
27850,5222,1.0000
27851,5222,1.0000
27852,5222,1.0000
27853,5222,1.0000
27854,5222,1.0000
27855,5222,1.0000
27856,5222,1.0000
27857,5222,1.0000
27858,5222,1.0000
27859,5222,1.0000
27860,5222,.9098
27860,-999,.0902
27861,5739,1.0000
27862,5739,1.0000
27863,5739,1.0000
27864,5739,1.0000
27865,5739,1.0000
27866,5739,1.0000
27867,5739,1.0000
27868,5739,1.0000
27869,5739,1.0000
27870,5739,1.0000
27871,5739,1.0000
27872,5739,1.0000
27873,5739,1.0000
27874,5739,.8815
27874,5712,.1185
27875,5739,.2214
27875,5712,.7786
27876,5712,1.0000
27877,5712,1.0000
27878,5712,1.0000
27879,5712,1.0000
27880,5712,1.0000
27881,5712,1.0000
27882,5712,1.0000
27883,5712,1.0000
27884,5712,1.0000
27885,5712,1.0000
27886,5712,1.0000
27887,5712,1.0000
27888,5712,1.0000
27889,5712,1.0000
27890,5712,1.0000
27891,5712,1.0000
27892,5712,1.0000
27893,5712,1.0000
27894,5712,1.0000
27895,5712,1.0000
27896,5712,1.0000
27897,5712,1.0000
27898,5712,1.0000
27899,5712,1.0000
27900,5712,1.0000
27901,5712,.9776
27901,5674,.0224
27902,5674,.4046
27902,5712,.5954
27903,5674,.9781
27903,5712,.0219
27904,5674,1.0000
27905,5674,1.0000
27906,5674,1.0000
27907,5674,1.0000
27908,5674,1.0000
27909,5674,1.0000
27910,5674,1.0000
27911,5674,1.0000
27912,5674,1.0000
27913,5674,1.0000
27914,5674,1.0000
27915,5674,1.0000
27916,5674,1.0000
27917,5674,1.0000
27918,5674,1.0000
27919,5674,1.0000
27920,5674,1.0000
27921,5674,1.0000
27922,5674,1.0000
27923,5674,1.0000
27924,5674,1.0000
27925,5674,1.0000
27926,5674,1.0000
27927,5674,1.0000
27928,5674,1.0000
27929,5674,1.0000
27930,5674,1.0000
27931,5674,1.0000
27932,5674,1.0000
27933,5674,1.0000
27934,5674,1.0000
27935,5674,1.0000
27936,5674,1.0000
27937,5674,1.0000
27938,5674,1.0000
27939,5674,1.0000
27940,5674,1.0000
27941,5674,1.0000
27942,5674,1.0000
27943,5674,1.0000
27944,5674,1.0000
27945,5674,1.0000
27946,5674,1.0000
27947,5674,1.0000
27948,5674,1.0000
27949,5674,1.0000
27950,5674,1.0000
27951,5674,1.0000
27952,5674,1.0000
27953,5674,1.0000
27954,5674,1.0000
27955,5674,1.0000
27956,5674,1.0000
27957,5674,1.0000
27958,5674,.5455
27958,5690,.4545
27959,5690,1.0000
27960,5690,1.0000
27961,5690,1.0000
27962,5690,1.0000
27963,5690,1.0000
27964,5690,1.0000
27965,5690,1.0000
27966,5690,1.0000
27967,5690,1.0000
27968,5690,1.0000
27969,5690,1.0000
27970,5690,1.0000
27971,5690,1.0000
27972,5690,1.0000
27973,5690,1.0000
27974,5690,1.0000
27975,5690,1.0000
27976,5690,1.0000
27977,5690,1.0000
27978,5690,1.0000
27979,5690,1.0000
27980,5690,1.0000
27981,5690,1.0000
27982,5690,.9113
27982,5222,.0887
27983,5222,.8551
27983,5690,.1449
27984,5222,1.0000
27985,5222,1.0000
27986,5222,1.0000
27987,5222,1.0000
27988,5222,1.0000
27989,5222,1.0000
27990,5222,1.0000
27991,5222,1.0000
27992,5222,1.0000
27993,5222,1.0000
27994,5222,1.0000
27995,5222,1.0000
27996,5222,1.0000
27997,5222,1.0000
27998,5222,1.0000
27999,5222,.5448
27999,5690,.4552
28000,5690,1.0000
28001,5690,1.0000
28002,5690,1.0000
28003,5690,1.0000
28004,5690,1.0000
28005,5690,1.0000
28006,5690,1.0000
28007,5690,1.0000
28008,5690,1.0000
28009,5690,1.0000
28010,5690,1.0000
28011,5690,1.0000
28012,5690,1.0000
28013,5690,1.0000
28014,5690,1.0000
28015,5690,1.0000
28016,5690,1.0000
28017,5690,1.0000
28018,5690,1.0000
28019,5690,1.0000
28020,5690,1.0000
28021,5690,1.0000
28022,5690,1.0000
28023,5690,1.0000
28024,5690,1.0000
28025,5690,1.0000
28026,5690,1.0000
28027,5690,1.0000
28028,5690,1.0000
28029,5690,1.0000
28030,5690,1.0000
28031,5690,1.0000
28032,5690,1.0000
28033,5690,1.0000
28034,5222,.0840
28034,5690,.9160
28035,5222,.4444
28035,5690,.5556
28036,5222,.8788
28036,5690,.1212
28037,5222,1.0000
28038,5222,1.0000
28039,5222,1.0000
28040,5222,1.0000
28041,5222,1.0000
28042,5222,1.0000
28043,5222,1.0000
28044,5222,1.0000
28045,5222,1.0000
28046,5222,1.0000
28047,5222,1.0000
28048,5222,1.0000
28049,5222,1.0000
28050,5222,1.0000
28051,5222,1.0000
28052,5222,1.0000
28053,5222,1.0000
28054,5222,1.0000
28055,5222,1.0000
28056,5222,1.0000
28057,5222,1.0000
28058,5222,1.0000
28059,5222,.9848
28059,-999,.0152
28060,5739,1.0000
28061,5739,1.0000
28062,5739,1.0000
28063,5739,1.0000
28064,5739,1.0000
28065,5739,1.0000
28066,5739,1.0000
28067,5739,1.0000
28068,5739,1.0000
28069,5739,1.0000
28070,5739,1.0000
28071,5739,1.0000
28072,5739,.9259
28072,5712,.0741
28073,5739,.1818
28073,5712,.8182
28074,5712,1.0000
28075,5712,1.0000
28076,5712,1.0000
28077,5712,1.0000
28078,5712,1.0000
28079,5712,1.0000
28080,5712,1.0000
28081,5712,1.0000
28082,5712,1.0000
28083,5712,1.0000
28084,5712,1.0000
28085,5712,1.0000
28086,5712,1.0000
28087,5712,1.0000
28088,5712,1.0000
28089,5712,1.0000
28090,5712,1.0000
28091,5712,1.0000
28092,5712,1.0000
28093,5712,1.0000
28094,5712,1.0000
28095,5712,1.0000
28096,5712,1.0000
28097,5712,1.0000
28098,5712,1.0000
28099,5712,1.0000
28100,5712,1.0000
28101,5712,.9627
28101,5674,.0373
28102,5712,.1000
28102,5674,.9000
28103,5674,1.0000
28104,5674,1.0000
28105,5674,1.0000
28106,5674,1.0000
28107,5674,1.0000
28108,5674,1.0000
28109,5674,1.0000
28110,5674,1.0000
28111,5674,1.0000
28112,5674,1.0000
28113,5674,1.0000
28114,5674,1.0000
28115,5674,1.0000
28116,5674,1.0000
28117,5674,1.0000
28118,5674,1.0000
28119,5674,1.0000
28120,5674,1.0000
28121,5674,1.0000
28122,5674,1.0000
28123,5674,1.0000
28124,5674,1.0000
28125,5674,1.0000
28126,5674,1.0000
28127,5674,1.0000
28128,5674,1.0000
28129,5674,1.0000
28130,5674,1.0000
28131,5674,1.0000
28132,5674,1.0000
28133,5674,1.0000
28134,5674,1.0000
28135,5674,1.0000
28136,5674,1.0000
28137,5674,1.0000
28138,5674,1.0000
28139,5674,1.0000
28140,5674,1.0000
28141,5674,1.0000
28142,5674,1.0000
28143,5674,1.0000
28144,5674,1.0000
28145,5674,1.0000
28146,5674,1.0000
28147,5674,1.0000
28148,5674,1.0000
28149,5674,1.0000
28150,5674,1.0000
28151,5674,1.0000
28152,5674,1.0000
28153,5674,1.0000
28154,5674,1.0000
28155,5674,1.0000
28156,5674,1.0000
28157,5674,.8712
28157,5690,.1288
28158,5690,.9580
28158,5674,.0420
28159,5690,1.0000
28160,5690,1.0000
28161,5690,1.0000
28162,5690,1.0000
28163,5690,1.0000
28164,5690,1.0000
28165,5690,1.0000
28166,5690,1.0000
28167,5690,1.0000
28168,5690,1.0000
28169,5690,1.0000
28170,5690,1.0000
28171,5690,1.0000
28172,5690,1.0000
28173,5690,1.0000
28174,5690,1.0000
28175,5690,1.0000
28176,5690,1.0000
28177,5690,1.0000
28178,5690,1.0000
28179,5690,1.0000
28180,5690,1.0000
28181,5690,1.0000
28182,5690,.8712
28182,5222,.1288
28183,5222,.5606
28183,5690,.4394
28184,5222,.9545
28184,5690,.0455
28185,5222,1.0000
28186,5222,1.0000
28187,5222,1.0000
28188,5222,.9848
28188,5690,.0152
28189,5222,1.0000
28190,5222,1.0000
28191,5222,1.0000
28192,5222,1.0000
28193,5222,1.0000
28194,5222,1.0000
28195,5222,1.0000
28196,5222,1.0000
28197,5222,.9769
28197,5690,.0231
28198,5222,.3864
28198,5690,.6136
28199,5690,1.0000
28200,5690,1.0000
28201,5690,1.0000
28202,5690,1.0000
28203,5690,1.0000
28204,5690,1.0000
28205,5690,1.0000
28206,5690,1.0000
28207,5690,1.0000
28208,5690,1.0000
28209,5690,1.0000
28210,5690,1.0000
28211,5690,1.0000
28212,5690,1.0000
28213,5690,1.0000
28214,5690,1.0000
28215,5690,1.0000
28216,5690,1.0000
28217,5690,1.0000
28218,5690,1.0000
28219,5690,1.0000
28220,5690,1.0000
28221,5690,1.0000
28222,5690,1.0000
28223,5690,1.0000
28224,5690,1.0000
28225,5690,1.0000
28226,5690,1.0000
28227,5690,1.0000
28228,5690,1.0000
28229,5690,1.0000
28230,5690,1.0000
28231,5690,1.0000
28232,5690,1.0000
28233,5690,1.0000
28234,5690,1.0000
28235,5690,.9851
28235,5222,.0149
28236,5222,.1667
28236,5690,.8333
28237,5222,.3939
28237,5690,.6061
28238,5222,.8000
28238,5690,.2000
28239,5222,1.0000
28240,5222,1.0000
28241,5222,1.0000
28242,5222,1.0000
28243,5222,1.0000
28244,5222,1.0000
28245,5222,1.0000
28246,5222,1.0000
28247,5222,1.0000
28248,5222,1.0000
28249,5222,1.0000
28250,5222,1.0000
28251,5222,1.0000
28252,5222,1.0000
28253,5222,1.0000
28254,5222,1.0000
28255,5222,1.0000
28256,5222,1.0000
28257,5222,1.0000
28258,5222,1.0000
28259,5739,1.0000
28260,5739,1.0000
28261,5739,1.0000
28262,5739,1.0000
28263,5739,1.0000
28264,5739,1.0000
28265,5739,1.0000
28266,5739,1.0000
28267,5739,1.0000
28268,5739,1.0000
28269,5739,1.0000
28270,5739,1.0000
28271,5739,.3759
28271,5712,.6241
28272,5712,1.0000
28273,5712,1.0000
28274,5712,1.0000
28275,5712,1.0000
28276,5712,1.0000
28277,5712,1.0000
28278,5712,1.0000
28279,5712,1.0000
28280,5712,1.0000
28281,5712,1.0000
28282,5712,1.0000
28283,5712,1.0000
28284,5712,1.0000
28285,5712,1.0000
28286,5712,1.0000
28287,5712,1.0000
28288,5712,1.0000
28289,5712,1.0000
28290,5712,1.0000
28291,5712,1.0000
28292,5712,1.0000
28293,5712,1.0000
28294,5712,1.0000
28295,5712,1.0000
28296,5712,1.0000
28297,5712,.9773
28297,5692,.0227
28298,5712,.9926
28298,5692,.0074
28299,5712,.8594
28299,5692,.1406
28300,5712,.4030
28300,5674,.1642
28300,5692,.4328
28301,5674,.9167
28301,5692,.0833
28302,5674,1.0000
28303,5674,1.0000
28304,5674,1.0000
28305,5674,1.0000
28306,5674,1.0000
28307,5674,1.0000
28308,5674,1.0000
28309,5674,1.0000
28310,5674,1.0000
28311,5674,1.0000
28312,5674,1.0000
28313,5674,1.0000
28314,5674,1.0000
28315,5674,1.0000
28316,5674,1.0000
28317,5674,1.0000
28318,5674,1.0000
28319,5674,1.0000
28320,5674,1.0000
28321,5674,1.0000
28322,5674,1.0000
28323,5674,1.0000
28324,5674,1.0000
28325,5674,1.0000
28326,5674,1.0000
28327,5674,1.0000
28328,5674,1.0000
28329,5674,1.0000
28330,5674,1.0000
28331,5674,1.0000
28332,5674,1.0000
28333,5674,1.0000
28334,5674,1.0000
28335,5674,1.0000
28336,5674,1.0000
28337,5674,1.0000
28338,5674,1.0000
28339,5674,1.0000
28340,5674,1.0000
28341,5674,1.0000
28342,5674,1.0000
28343,5674,1.0000
28344,5674,1.0000
28345,5674,1.0000
28346,5674,1.0000
28347,5674,1.0000
28348,5674,1.0000
28349,5674,1.0000
28350,5674,1.0000
28351,5674,1.0000
28352,5674,1.0000
28353,5674,1.0000
28354,5674,1.0000
28355,5674,1.0000
28356,5674,1.0000
28357,5674,.3357
28357,5690,.6643
28358,5690,1.0000
28359,5690,1.0000
28360,5690,1.0000
28361,5690,1.0000
28362,5690,1.0000
28363,5690,1.0000
28364,5690,1.0000
28365,5690,1.0000
28366,5690,1.0000
28367,5690,1.0000
28368,5690,1.0000
28369,5690,1.0000
28370,5690,1.0000
28371,5690,1.0000
28372,5690,1.0000
28373,5690,1.0000
28374,5690,1.0000
28375,5690,1.0000
28376,5690,1.0000
28377,5690,1.0000
28378,5690,1.0000
28379,5690,1.0000
28380,5690,1.0000
28381,5690,1.0000
28382,5690,1.0000
28383,5690,.8359
28383,5222,.1641
28384,5222,.6397
28384,5690,.3603
28385,5222,.8409
28385,5690,.1591
28386,5222,.6061
28386,5690,.3939
28387,5222,.1318
28387,5690,.8682
28388,5222,.5620
28388,5690,.4380
28389,5222,.9699
28389,5690,.0301
28390,5222,1.0000
28391,5222,1.0000
28392,5222,1.0000
28393,5222,1.0000
28394,5222,1.0000
28395,5222,1.0000
28396,5222,.6148
28396,5690,.3852
28397,5690,1.0000
28398,5690,1.0000
28399,5690,1.0000
28400,5690,1.0000
28401,5690,1.0000
28402,5690,1.0000
28403,5690,1.0000
28404,5690,1.0000
28405,5690,1.0000
28406,5690,1.0000
28407,5690,1.0000
28408,5690,1.0000
28409,5690,1.0000
28410,5690,1.0000
28411,5690,1.0000
28412,5690,1.0000
28413,5690,1.0000
28414,5690,1.0000
28415,5690,1.0000
28416,5690,1.0000
28417,5690,1.0000
28418,5690,1.0000
28419,5690,1.0000
28420,5690,1.0000
28421,5690,1.0000
28422,5690,1.0000
28423,5690,1.0000
28424,5690,1.0000
28425,5690,1.0000
28426,5690,1.0000
28427,5690,1.0000
28428,5690,1.0000
28429,5690,1.0000
28430,5690,1.0000
28431,5690,1.0000
28432,5690,1.0000
28433,5690,1.0000
28434,5690,1.0000
28435,5690,1.0000
28436,5690,1.0000
28437,5690,.9701
28437,5222,.0299
28438,5222,.6269
28438,5690,.3731
28439,5222,1.0000
28440,5222,1.0000
28441,5222,1.0000
28442,5222,1.0000
28443,5222,1.0000
28444,5222,1.0000
28445,5222,1.0000
28446,5222,1.0000
28447,5222,1.0000
28448,5222,1.0000
28449,5222,1.0000
28450,5222,1.0000
28451,5222,1.0000
28452,5222,1.0000
28453,5222,1.0000
28454,5222,1.0000
28455,5222,1.0000
28456,5222,1.0000
28457,5222,1.0000
28458,5739,1.0000
28459,5739,1.0000
28460,5739,1.0000
28461,5739,1.0000
28462,5739,1.0000
28463,5739,1.0000
28464,5739,1.0000
28465,5739,1.0000
28466,5739,1.0000
28467,5739,1.0000
28468,5739,1.0000
28469,5739,.6667
28469,5712,.3333
28470,5739,.0227
28470,5712,.9773
28471,5712,1.0000
28472,5712,1.0000
28473,5712,1.0000
28474,5712,1.0000
28475,5712,1.0000
28476,5712,1.0000
28477,5712,1.0000
28478,5712,1.0000
28479,5712,1.0000
28480,5712,1.0000
28481,5712,1.0000
28482,5712,1.0000
28483,5712,1.0000
28484,5712,1.0000
28485,5712,1.0000
28486,5712,1.0000
28487,5712,1.0000
28488,5712,1.0000
28489,5712,1.0000
28490,5712,1.0000
28491,5712,1.0000
28492,5712,1.0000
28493,5712,1.0000
28494,5712,1.0000
28495,5712,1.0000
28496,5712,.5231
28496,5692,.4769
28497,5692,.8855
28497,5712,.1145
28498,5712,.0299
28498,5692,.9701
28499,5692,1.0000
28500,5692,.7424
28500,5674,.2576
28501,5674,.9308
28501,5692,.0692
28502,5674,1.0000
28503,5674,1.0000
28504,5674,1.0000
28505,5674,1.0000
28506,5674,1.0000
28507,5674,1.0000
28508,5674,1.0000
28509,5674,1.0000
28510,5674,1.0000
28511,5674,1.0000
28512,5674,1.0000
28513,5674,1.0000
28514,5674,1.0000
28515,5674,1.0000
28516,5674,1.0000
28517,5674,1.0000
28518,5674,1.0000
28519,5674,1.0000
28520,5674,1.0000
28521,5674,1.0000
28522,5674,1.0000
28523,5674,1.0000
28524,5674,1.0000
28525,5674,1.0000
28526,5674,1.0000
28527,5674,1.0000
28528,5674,1.0000
28529,5674,1.0000
28530,5674,1.0000
28531,5674,1.0000
28532,5674,1.0000
28533,5674,1.0000
28534,5674,1.0000
28535,5674,1.0000
28536,5674,1.0000
28537,5674,1.0000
28538,5674,1.0000
28539,5674,1.0000
28540,5674,1.0000
28541,5674,1.0000
28542,5674,1.0000
28543,5674,1.0000
28544,5674,1.0000
28545,5674,1.0000
28546,5674,1.0000
28547,5674,1.0000
28548,5674,1.0000
28549,5674,1.0000
28550,5674,1.0000
28551,5674,1.0000
28552,5674,1.0000
28553,5674,1.0000
28554,5674,1.0000
28555,5674,1.0000
28556,5674,.5804
28556,5690,.4196
28557,5690,1.0000
28558,5690,1.0000
28559,5690,1.0000
28560,5690,1.0000
28561,5690,1.0000
28562,5690,1.0000
28563,5690,1.0000
28564,5690,1.0000
28565,5690,1.0000
28566,5690,1.0000
28567,5690,1.0000
28568,5690,1.0000
28569,5690,1.0000
28570,5690,1.0000
28571,5690,1.0000
28572,5690,1.0000
28573,5690,1.0000
28574,5690,1.0000
28575,5690,1.0000
28576,5690,1.0000
28577,5690,1.0000
28578,5690,1.0000
28579,5690,1.0000
28580,5690,1.0000
28581,5690,1.0000
28582,5690,1.0000
28583,5690,1.0000
28584,5690,1.0000
28585,5690,1.0000
28586,5690,1.0000
28587,5690,1.0000
28588,5690,.8258
28588,5222,.1742
28589,5222,.5891
28589,5690,.4109
28590,5222,.9706
28590,5690,.0294
28591,5222,1.0000
28592,5222,1.0000
28593,5222,1.0000
28594,5222,.9928
28594,5690,.0072
28595,5222,.2701
28595,5690,.7299
28596,5690,1.0000
28597,5690,1.0000
28598,5690,1.0000
28599,5690,1.0000
28600,5690,1.0000
28601,5690,1.0000
28602,5690,1.0000
28603,5690,1.0000
28604,5690,1.0000
28605,5690,1.0000
28606,5690,1.0000
28607,5690,1.0000
28608,5690,1.0000
28609,5690,1.0000
28610,5690,1.0000
28611,5690,1.0000
28612,5690,1.0000
28613,5690,1.0000
28614,5690,1.0000
28615,5690,1.0000
28616,5690,1.0000
28617,5690,1.0000
28618,5690,1.0000
28619,5690,1.0000
28620,5690,1.0000
28621,5690,1.0000
28622,5690,1.0000
28623,5690,1.0000
28624,5690,1.0000
28625,5690,1.0000
28626,5690,1.0000
28627,5690,1.0000
28628,5690,1.0000
28629,5690,1.0000
28630,5690,1.0000
28631,5690,1.0000
28632,5690,1.0000
28633,5690,1.0000
28634,5690,1.0000
28635,5690,1.0000
28636,5690,1.0000
28637,5690,.9926
28637,5222,.0074
28638,5222,.5038
28638,5690,.4962
28639,5222,.9773
28639,5690,.0227
28640,5222,1.0000
28641,5222,1.0000
28642,5222,1.0000
28643,5222,1.0000
28644,5222,1.0000
28645,5222,1.0000
28646,5222,1.0000
28647,5222,1.0000
28648,5222,1.0000
28649,5222,1.0000
28650,5222,1.0000
28651,5222,1.0000
28652,5222,1.0000
28653,5222,1.0000
28654,5222,1.0000
28655,5222,1.0000
28656,5222,1.0000
28657,5739,1.0000
28658,5739,1.0000
28659,5739,1.0000
28660,5739,1.0000
28661,5739,1.0000
28662,5739,1.0000
28663,5739,1.0000
28664,5739,1.0000
28665,5739,1.0000
28666,5739,1.0000
28667,5739,.8731
28667,5712,.1269
28668,5739,.1288
28668,5712,.8712
28669,5712,1.0000
28670,5712,1.0000
28671,5712,1.0000
28672,5712,1.0000
28673,5712,1.0000
28674,5712,1.0000
28675,5712,1.0000
28676,5712,1.0000
28677,5712,1.0000
28678,5712,1.0000
28679,5712,1.0000
28680,5712,1.0000
28681,5712,1.0000
28682,5712,1.0000
28683,5712,1.0000
28684,5712,1.0000
28685,5712,1.0000
28686,5712,1.0000
28687,5712,1.0000
28688,5712,1.0000
28689,5712,1.0000
28690,5712,1.0000
28691,5712,1.0000
28692,5712,1.0000
28693,5712,1.0000
28694,5712,1.0000
28695,5712,.9927
28695,5692,.0073
28696,5692,.5940
28696,5712,.4060
28697,5692,1.0000
28698,5692,1.0000
28699,5692,1.0000
28700,5692,.7836
28700,5674,.2164
28701,5674,.9197
28701,5692,.0803
28702,5674,1.0000
28703,5674,1.0000
28704,5674,1.0000
28705,5674,1.0000
28706,5674,1.0000
28707,5674,1.0000
28708,5674,1.0000
28709,5674,1.0000
28710,5674,1.0000
28711,5674,1.0000
28712,5674,1.0000
28713,5674,1.0000
28714,5674,1.0000
28715,5674,1.0000
28716,5674,1.0000
28717,5674,1.0000
28718,5674,1.0000
28719,5674,1.0000
28720,5674,1.0000
28721,5674,1.0000
28722,5674,1.0000
28723,5674,1.0000
28724,5674,1.0000
28725,5674,1.0000
28726,5674,1.0000
28727,5674,1.0000
28728,5674,1.0000
28729,5674,1.0000
28730,5674,1.0000
28731,5674,1.0000
28732,5674,1.0000
28733,5674,1.0000
28734,5674,1.0000
28735,5674,1.0000
28736,5674,1.0000
28737,5674,1.0000
28738,5674,1.0000
28739,5674,1.0000
28740,5674,1.0000
28741,5674,1.0000
28742,5674,1.0000
28743,5674,1.0000
28744,5674,1.0000
28745,5674,1.0000
28746,5674,1.0000
28747,5674,1.0000
28748,5674,1.0000
28749,5674,1.0000
28750,5674,1.0000
28751,5674,1.0000
28752,5674,1.0000
28753,5674,1.0000
28754,5674,1.0000
28755,5674,.9692
28755,5690,.0308
28756,5690,.4750
28756,5674,.5250
28757,5690,.7000
28757,5674,.3000
28758,5690,.7000
28758,5674,.3000
28759,5690,.7615
28759,5674,.2385
28760,5690,.9917
28760,5674,.0083
28761,5690,1.0000
28762,5690,1.0000
28763,5690,1.0000
28764,5690,1.0000
28765,5690,1.0000
28766,5690,1.0000
28767,5690,1.0000
28768,5690,1.0000
28769,5690,1.0000
28770,5690,1.0000
28771,5690,1.0000
28772,5690,1.0000
28773,5690,1.0000
28774,5690,1.0000
28775,5690,1.0000
28776,5690,1.0000
28777,5690,1.0000
28778,5690,1.0000
28779,5690,1.0000
28780,5690,1.0000
28781,5690,1.0000
28782,5690,1.0000
28783,5690,1.0000
28784,5690,1.0000
28785,5690,1.0000
28786,5690,1.0000
28787,5690,1.0000
28788,5690,1.0000
28789,5690,.8636
28789,5222,.1364
28790,5222,.5000
28790,5690,.5000
28791,5222,.8359
28791,5690,.1641
28792,5222,.9928
28792,5690,.0072
28793,5222,.5597
28793,5690,.4403
28794,5690,1.0000
28795,5690,1.0000
28796,5690,1.0000
28797,5690,1.0000
28798,5690,1.0000
28799,5690,1.0000
28800,5690,1.0000
28801,5690,1.0000
28802,5690,1.0000
28803,5690,1.0000
28804,5690,1.0000
28805,5690,1.0000
28806,5690,1.0000
28807,5690,1.0000
28808,5690,1.0000
28809,5690,1.0000
28810,5690,1.0000
28811,5690,1.0000
28812,5690,1.0000
28813,5690,1.0000
28814,5690,1.0000
28815,5690,1.0000
28816,5690,1.0000
28817,5690,1.0000
28818,5690,1.0000
28819,5690,1.0000
28820,5690,1.0000
28821,5690,1.0000
28822,5690,1.0000
28823,5690,1.0000
28824,5690,1.0000
28825,5690,1.0000
28826,5690,1.0000
28827,5690,1.0000
28828,5690,1.0000
28829,5690,1.0000
28830,5690,1.0000
28831,5690,1.0000
28832,5690,1.0000
28833,5690,1.0000
28834,5690,1.0000
28835,5690,1.0000
28836,5690,1.0000
28837,5690,1.0000
28838,5222,.2782
28838,5690,.7218
28839,5222,.8045
28839,5690,.1955
28840,5222,1.0000
28841,5222,1.0000
28842,5222,1.0000
28843,5222,1.0000
28844,5222,1.0000
28845,5222,1.0000
28846,5222,1.0000
28847,5222,1.0000
28848,5222,1.0000
28849,5222,1.0000
28850,5222,1.0000
28851,5222,1.0000
28852,5222,1.0000
28853,5222,1.0000
28854,5222,1.0000
28855,5222,1.0000
28856,5739,1.0000
28857,5739,1.0000
28858,5739,1.0000
28859,5739,1.0000
28860,5739,1.0000
28861,5739,1.0000
28862,5739,1.0000
28863,5739,1.0000
28864,5739,1.0000
28865,5739,.9398
28865,5712,.0602
28866,5739,.1805
28866,5712,.8195
28867,5712,1.0000
28868,5712,1.0000
28869,5712,1.0000
28870,5712,1.0000
28871,5712,1.0000
28872,5712,1.0000
28873,5712,1.0000
28874,5712,1.0000
28875,5712,1.0000
28876,5712,1.0000
28877,5712,1.0000
28878,5712,1.0000
28879,5712,1.0000
28880,5712,1.0000
28881,5712,1.0000
28882,5712,1.0000
28883,5712,1.0000
28884,5712,1.0000
28885,5712,1.0000
28886,5712,1.0000
28887,5712,1.0000
28888,5712,1.0000
28889,5712,1.0000
28890,5712,1.0000
28891,5712,1.0000
28892,5712,1.0000
28893,5712,1.0000
28894,5712,1.0000
28895,5712,.6202
28895,5692,.3798
28896,5692,1.0000
28897,5692,1.0000
28898,5692,1.0000
28899,5692,1.0000
28900,5692,.8561
28900,5674,.1439
28901,5674,.5224
28901,5692,.4776
28902,5674,.8444
28902,5692,.1556
28903,5674,1.0000
28904,5674,1.0000
28905,5674,1.0000
28906,5674,1.0000
28907,5674,1.0000
28908,5674,1.0000
28909,5674,1.0000
28910,5674,1.0000
28911,5674,1.0000
28912,5674,1.0000
28913,5674,1.0000
28914,5674,1.0000
28915,5674,1.0000
28916,5674,1.0000
28917,5674,1.0000
28918,5674,1.0000
28919,5674,1.0000
28920,5674,1.0000
28921,5674,1.0000
28922,5674,1.0000
28923,5674,1.0000
28924,5674,1.0000
28925,5674,1.0000
28926,5674,1.0000
28927,5674,1.0000
28928,5674,1.0000
28929,5674,1.0000
28930,5674,1.0000
28931,5674,1.0000
28932,5674,1.0000
28933,5674,1.0000
28934,5674,1.0000
28935,5674,1.0000
28936,5674,1.0000
28937,5674,1.0000
28938,5674,1.0000
28939,5674,1.0000
28940,5674,1.0000
28941,5674,1.0000
28942,5674,1.0000
28943,5674,1.0000
28944,5674,1.0000
28945,5674,1.0000
28946,5674,1.0000
28947,5674,1.0000
28948,5674,1.0000
28949,5674,1.0000
28950,5674,1.0000
28951,5674,1.0000
28952,5674,1.0000
28953,5674,1.0000
28954,5674,1.0000
28955,5674,1.0000
28956,5674,1.0000
28957,5674,1.0000
28958,5674,1.0000
28959,5674,.2955
28959,5690,.7045
28960,5690,1.0000
28961,5690,1.0000
28962,5690,1.0000
28963,5690,1.0000
28964,5690,1.0000
28965,5690,1.0000
28966,5690,1.0000
28967,5690,1.0000
28968,5690,1.0000
28969,5690,1.0000
28970,5690,1.0000
28971,5690,1.0000
28972,5690,1.0000
28973,5690,1.0000
28974,5690,1.0000
28975,5690,1.0000
28976,5690,1.0000
28977,5690,1.0000
28978,5690,1.0000
28979,5690,1.0000
28980,5690,1.0000
28981,5690,1.0000
28982,5690,1.0000
28983,5690,1.0000
28984,5690,1.0000
28985,5690,1.0000
28986,5690,1.0000
28987,5690,1.0000
28988,5690,1.0000
28989,5690,1.0000
28990,5690,.9776
28990,5222,.0224
28991,5222,.1212
28991,5690,.8788
28992,5690,1.0000
28993,5690,1.0000
28994,5690,1.0000
28995,5690,1.0000
28996,5690,1.0000
28997,5690,1.0000
28998,5690,1.0000
28999,5690,1.0000
29000,5690,1.0000
29001,5690,1.0000
29002,5690,1.0000
29003,5690,1.0000
29004,5690,1.0000
29005,5690,1.0000
29006,5690,1.0000
29007,5690,1.0000
29008,5690,1.0000
29009,5690,1.0000
29010,5690,1.0000
29011,5690,1.0000
29012,5690,1.0000
29013,5690,1.0000
29014,5690,1.0000
29015,5690,1.0000
29016,5690,1.0000
29017,5690,1.0000
29018,5690,1.0000
29019,5690,1.0000
29020,5690,1.0000
29021,5690,1.0000
29022,5690,1.0000
29023,5690,1.0000
29024,5690,1.0000
29025,5690,1.0000
29026,5690,1.0000
29027,5690,1.0000
29028,5690,1.0000
29029,5690,1.0000
29030,5690,1.0000
29031,5690,1.0000
29032,5690,1.0000
29033,5690,1.0000
29034,5690,1.0000
29035,5690,1.0000
29036,5690,1.0000
29037,5690,1.0000
29038,5690,.9624
29038,5222,.0376
29039,5222,.4586
29039,5690,.5414
29040,5222,.9701
29040,5690,.0299
29041,5222,1.0000
29042,5222,1.0000
29043,5222,1.0000
29044,5222,1.0000
29045,5222,1.0000
29046,5222,1.0000
29047,5222,1.0000
29048,5222,1.0000
29049,5222,1.0000
29050,5222,1.0000
29051,5222,1.0000
29052,5222,1.0000
29053,5222,1.0000
29054,5222,1.0000
29055,5739,1.0000
29056,5739,1.0000
29057,5739,1.0000
29058,5739,1.0000
29059,5739,1.0000
29060,5739,1.0000
29061,5739,1.0000
29062,5739,1.0000
29063,5739,1.0000
29064,5739,.6493
29064,5712,.3507
29065,5712,1.0000
29066,5712,1.0000
29067,5712,1.0000
29068,5712,1.0000
29069,5712,1.0000
29070,5712,1.0000
29071,5712,1.0000
29072,5712,1.0000
29073,5712,1.0000
29074,5712,1.0000
29075,5712,1.0000
29076,5712,1.0000
29077,5712,1.0000
29078,5712,1.0000
29079,5712,1.0000
29080,5712,1.0000
29081,5712,1.0000
29082,5712,1.0000
29083,5712,1.0000
29084,5712,1.0000
29085,5712,1.0000
29086,5712,1.0000
29087,5712,1.0000
29088,5712,1.0000
29089,5712,1.0000
29090,5712,1.0000
29091,5712,1.0000
29092,5712,1.0000
29093,5712,1.0000
29094,5712,.5474
29094,5692,.4526
29095,5692,1.0000
29096,5692,1.0000
29097,5692,1.0000
29098,5692,1.0000
29099,5692,1.0000
29100,5692,1.0000
29101,5692,.9690
29101,5674,.0310
29102,5674,.5294
29102,5692,.4706
29103,5674,.9699
29103,5692,.0301
29104,5674,1.0000
29105,5674,.9612
29105,5692,.0388
29106,5674,.6767
29106,5692,.3233
29107,5674,.8561
29107,5692,.1439
29108,5674,1.0000
29109,5674,1.0000
29110,5674,1.0000
29111,5674,1.0000
29112,5674,1.0000
29113,5674,1.0000
29114,5674,1.0000
29115,5674,1.0000
29116,5674,1.0000
29117,5674,1.0000
29118,5674,1.0000
29119,5674,1.0000
29120,5674,1.0000
29121,5674,1.0000
29122,5674,1.0000
29123,5674,1.0000
29124,5674,1.0000
29125,5674,1.0000
29126,5674,1.0000
29127,5674,1.0000
29128,5674,1.0000
29129,5674,1.0000
29130,5674,1.0000
29131,5674,1.0000
29132,5674,1.0000
29133,5674,1.0000
29134,5674,1.0000
29135,5674,1.0000
29136,5674,1.0000
29137,5674,1.0000
29138,5674,1.0000
29139,5674,1.0000
29140,5674,1.0000
29141,5674,1.0000
29142,5674,1.0000
29143,5674,1.0000
29144,5674,1.0000
29145,5674,1.0000
29146,5674,1.0000
29147,5674,1.0000
29148,5674,1.0000
29149,5674,1.0000
29150,5674,1.0000
29151,5674,1.0000
29152,5674,1.0000
29153,5674,1.0000
29154,5674,1.0000
29155,5674,1.0000
29156,5674,1.0000
29157,5674,.8811
29157,5690,.1189
29158,5674,.1591
29158,5690,.8409
29159,5690,1.0000
29160,5690,1.0000
29161,5690,1.0000
29162,5690,1.0000
29163,5690,1.0000
29164,5690,1.0000
29165,5690,1.0000
29166,5690,1.0000
29167,5690,1.0000
29168,5690,1.0000
29169,5690,1.0000
29170,5690,1.0000
29171,5690,1.0000
29172,5690,1.0000
29173,5690,1.0000
29174,5690,1.0000
29175,5690,1.0000
29176,5690,1.0000
29177,5690,1.0000
29178,5690,1.0000
29179,5690,1.0000
29180,5690,1.0000
29181,5690,1.0000
29182,5690,1.0000
29183,5690,1.0000
29184,5690,1.0000
29185,5690,1.0000
29186,5690,1.0000
29187,5690,1.0000
29188,5690,1.0000
29189,5690,1.0000
29190,5690,1.0000
29191,5690,1.0000
29192,5690,1.0000
29193,5690,1.0000
29194,5690,1.0000
29195,5690,1.0000
29196,5690,1.0000
29197,5690,1.0000
29198,5690,1.0000
29199,5690,1.0000
29200,5690,1.0000
29201,5690,1.0000
29202,5690,1.0000
29203,5690,1.0000
29204,5690,1.0000
29205,5690,1.0000
29206,5690,1.0000
29207,5690,1.0000
29208,5690,1.0000
29209,5690,1.0000
29210,5690,1.0000
29211,5690,1.0000
29212,5690,1.0000
29213,5690,1.0000
29214,5690,1.0000
29215,5690,1.0000
29216,5690,1.0000
29217,5690,1.0000
29218,5690,1.0000
29219,5690,1.0000
29220,5690,1.0000
29221,5690,1.0000
29222,5690,1.0000
29223,5690,1.0000
29224,5690,1.0000
29225,5690,1.0000
29226,5690,1.0000
29227,5690,1.0000
29228,5690,1.0000
29229,5690,1.0000
29230,5690,1.0000
29231,5690,1.0000
29232,5690,1.0000
29233,5690,1.0000
29234,5690,1.0000
29235,5690,1.0000
29236,5690,1.0000
29237,5690,1.0000
29238,5690,1.0000
29239,5222,.4254
29239,5690,.5746
29240,5222,1.0000
29241,5222,1.0000
29242,5222,1.0000
29243,5222,1.0000
29244,5222,1.0000
29245,5222,1.0000
29246,5222,1.0000
29247,5222,1.0000
29248,5222,1.0000
29249,5222,1.0000
29250,5222,1.0000
29251,5222,1.0000
29252,5222,1.0000
29253,5222,1.0000
29254,5739,1.0000
29255,5739,1.0000
29256,5739,1.0000
29257,5739,1.0000
29258,5739,1.0000
29259,5739,1.0000
29260,5739,1.0000
29261,5739,1.0000
29262,5739,1.0000
29263,5739,.5188
29263,5712,.4812
29264,5712,1.0000
29265,5712,1.0000
29266,5712,1.0000
29267,5712,1.0000
29268,5712,1.0000
29269,5712,1.0000
29270,5712,1.0000
29271,5712,1.0000
29272,5712,1.0000
29273,5712,1.0000
29274,5712,1.0000
29275,5712,1.0000
29276,5712,1.0000
29277,5712,1.0000
29278,5712,1.0000
29279,5712,1.0000
29280,5712,1.0000
29281,5712,1.0000
29282,5712,1.0000
29283,5712,1.0000
29284,5712,1.0000
29285,5712,1.0000
29286,5712,1.0000
29287,5712,1.0000
29288,5712,1.0000
29289,5712,1.0000
29290,5712,1.0000
29291,5712,1.0000
29292,5712,1.0000
29293,5712,.3358
29293,5692,.6642
29294,5692,1.0000
29295,5692,1.0000
29296,5692,1.0000
29297,5692,1.0000
29298,5692,1.0000
29299,5692,1.0000
29300,5692,1.0000
29301,5692,1.0000
29302,5692,.7939
29302,5674,.2061
29303,5674,.4733
29303,5692,.5267
29304,5674,.1295
29304,5692,.8705
29305,5692,1.0000
29306,5692,.9697
29306,5674,.0303
29307,5674,.5496
29307,5692,.4504
29308,5674,.9781
29308,5692,.0219
29309,5674,1.0000
29310,5674,1.0000
29311,5674,1.0000
29312,5674,1.0000
29313,5674,1.0000
29314,5674,1.0000
29315,5674,1.0000
29316,5674,1.0000
29317,5674,1.0000
29318,5674,1.0000
29319,5674,1.0000
29320,5674,1.0000
29321,5674,1.0000
29322,5674,1.0000
29323,5674,1.0000
29324,5674,1.0000
29325,5674,1.0000
29326,5674,1.0000
29327,5674,1.0000
29328,5674,1.0000
29329,5674,1.0000
29330,5674,1.0000
29331,5674,1.0000
29332,5674,1.0000
29333,5674,1.0000
29334,5674,1.0000
29335,5674,1.0000
29336,5674,1.0000
29337,5674,1.0000
29338,5674,1.0000
29339,5674,1.0000
29340,5674,1.0000
29341,5674,1.0000
29342,5674,1.0000
29343,5674,1.0000
29344,5674,1.0000
29345,5674,1.0000
29346,5674,1.0000
29347,5674,1.0000
29348,5674,1.0000
29349,5674,1.0000
29350,5674,1.0000
29351,5674,1.0000
29352,5674,1.0000
29353,5674,1.0000
29354,5674,1.0000
29355,5674,.5455
29355,5690,.4545
29356,5674,.0839
29356,5690,.9161
29357,5690,1.0000
29358,5690,1.0000
29359,5690,1.0000
29360,5690,1.0000
29361,5690,1.0000
29362,5690,1.0000
29363,5690,1.0000
29364,5690,1.0000
29365,5690,1.0000
29366,5690,1.0000
29367,5690,1.0000
29368,5690,1.0000
29369,5690,1.0000
29370,5690,1.0000
29371,5690,1.0000
29372,5690,1.0000
29373,5690,1.0000
29374,5690,1.0000
29375,5690,1.0000
29376,5690,1.0000
29377,5690,1.0000
29378,5690,1.0000
29379,5690,1.0000
29380,5690,1.0000
29381,5690,1.0000
29382,5690,1.0000
29383,5690,1.0000
29384,5690,1.0000
29385,5690,1.0000
29386,5690,1.0000
29387,5690,1.0000
29388,5690,1.0000
29389,5690,1.0000
29390,5690,1.0000
29391,5690,1.0000
29392,5690,1.0000
29393,5690,1.0000
29394,5690,1.0000
29395,5690,1.0000
29396,5690,1.0000
29397,5690,1.0000
29398,5690,1.0000
29399,5690,1.0000
29400,5690,1.0000
29401,5690,1.0000
29402,5690,1.0000
29403,5690,1.0000
29404,5690,1.0000
29405,5690,1.0000
29406,5690,1.0000
29407,5690,1.0000
29408,5690,1.0000
29409,5690,1.0000
29410,5690,1.0000
29411,5690,1.0000
29412,5690,1.0000
29413,5690,1.0000
29414,5690,1.0000
29415,5690,1.0000
29416,5690,1.0000
29417,5690,1.0000
29418,5690,1.0000
29419,5690,1.0000
29420,5690,1.0000
29421,5690,1.0000
29422,5690,1.0000
29423,5690,1.0000
29424,5690,1.0000
29425,5690,1.0000
29426,5690,1.0000
29427,5690,1.0000
29428,5690,1.0000
29429,5690,1.0000
29430,5690,1.0000
29431,5690,1.0000
29432,5690,1.0000
29433,5690,1.0000
29434,5690,1.0000
29435,5690,1.0000
29436,5690,1.0000
29437,5690,1.0000
29438,5690,.9925
29438,5222,.0075
29439,5222,.6617
29439,5690,.3383
29440,5222,1.0000
29441,5222,1.0000
29442,5222,1.0000
29443,5222,1.0000
29444,5222,1.0000
29445,5222,1.0000
29446,5222,1.0000
29447,5222,1.0000
29448,5222,1.0000
29449,5222,1.0000
29450,5222,1.0000
29451,5222,1.0000
29452,5222,1.0000
29453,5739,1.0000
29454,5739,1.0000
29455,5739,1.0000
29456,5739,1.0000
29457,5739,1.0000
29458,5739,1.0000
29459,5739,1.0000
29460,5739,1.0000
29461,5739,1.0000
29462,5739,.2687
29462,5712,.7313
29463,5712,1.0000
29464,5712,1.0000
29465,5712,1.0000
29466,5712,1.0000
29467,5712,1.0000
29468,5712,1.0000
29469,5712,1.0000
29470,5712,1.0000
29471,5712,1.0000
29472,5712,1.0000
29473,5712,1.0000
29474,5712,1.0000
29475,5712,1.0000
29476,5712,1.0000
29477,5712,1.0000
29478,5712,1.0000
29479,5712,1.0000
29480,5712,1.0000
29481,5712,1.0000
29482,5712,1.0000
29483,5712,1.0000
29484,5712,1.0000
29485,5712,1.0000
29486,5712,1.0000
29487,5712,1.0000
29488,5712,1.0000
29489,5712,1.0000
29490,5712,1.0000
29491,5712,1.0000
29492,5712,.4580
29492,5692,.5420
29493,5692,1.0000
29494,5692,1.0000
29495,5692,1.0000
29496,5692,1.0000
29497,5692,1.0000
29498,5692,1.0000
29499,5692,1.0000
29500,5692,1.0000
29501,5692,1.0000
29502,5692,1.0000
29503,5692,1.0000
29504,5692,1.0000
29505,5692,1.0000
29506,5692,1.0000
29507,5692,.8898
29507,5674,.1102
29508,5674,.2029
29508,5692,.7971
29509,5674,.6444
29509,5692,.3556
29510,5674,1.0000
29511,5674,1.0000
29512,5674,1.0000
29513,5674,1.0000
29514,5674,1.0000
29515,5674,1.0000
29516,5674,1.0000
29517,5674,1.0000
29518,5674,1.0000
29519,5674,1.0000
29520,5674,1.0000
29521,5674,1.0000
29522,5674,1.0000
29523,5674,1.0000
29524,5674,1.0000
29525,5674,1.0000
29526,5674,1.0000
29527,5674,1.0000
29528,5674,1.0000
29529,5674,1.0000
29530,5674,1.0000
29531,5674,1.0000
29532,5674,1.0000
29533,5674,1.0000
29534,5674,1.0000
29535,5674,1.0000
29536,5674,1.0000
29537,5674,1.0000
29538,5674,1.0000
29539,5674,1.0000
29540,5674,1.0000
29541,5674,1.0000
29542,5674,1.0000
29543,5674,1.0000
29544,5674,1.0000
29545,5674,1.0000
29546,5674,1.0000
29547,5674,1.0000
29548,5674,1.0000
29549,5674,1.0000
29550,5674,1.0000
29551,5674,1.0000
29552,5674,1.0000
29553,5674,1.0000
29554,5674,.2197
29554,5690,.7803
29555,5690,1.0000
29556,5690,1.0000
29557,5690,1.0000
29558,5690,1.0000
29559,5690,1.0000
29560,5690,1.0000
29561,5690,1.0000
29562,5690,1.0000
29563,5690,1.0000
29564,5690,1.0000
29565,5690,1.0000
29566,5690,1.0000
29567,5690,1.0000
29568,5690,1.0000
29569,5690,1.0000
29570,5690,1.0000
29571,5690,1.0000
29572,5690,1.0000
29573,5690,1.0000
29574,5690,1.0000
29575,5690,1.0000
29576,5690,1.0000
29577,5690,1.0000
29578,5690,1.0000
29579,5690,1.0000
29580,5690,1.0000
29581,5690,1.0000
29582,5690,1.0000
29583,5690,1.0000
29584,5690,1.0000
29585,5690,1.0000
29586,5690,1.0000
29587,5690,1.0000
29588,5690,1.0000
29589,5690,1.0000
29590,5690,1.0000
29591,5690,1.0000
29592,5690,1.0000
29593,5690,1.0000
29594,5690,1.0000
29595,5690,1.0000
29596,5690,1.0000
29597,5690,1.0000
29598,5690,1.0000
29599,5690,1.0000
29600,5690,1.0000
29601,5690,1.0000
29602,5690,1.0000
29603,5690,1.0000
29604,5690,1.0000
29605,5690,1.0000
29606,5690,1.0000
29607,5690,1.0000
29608,5690,1.0000
29609,5690,1.0000
29610,5690,1.0000
29611,5690,1.0000
29612,5690,1.0000
29613,5690,1.0000
29614,5690,1.0000
29615,5690,1.0000
29616,5690,1.0000
29617,5690,1.0000
29618,5690,1.0000
29619,5690,1.0000
29620,5690,1.0000
29621,5690,1.0000
29622,5690,1.0000
29623,5690,1.0000
29624,5690,1.0000
29625,5690,1.0000
29626,5690,1.0000
29627,5690,1.0000
29628,5690,1.0000
29629,5690,1.0000
29630,5690,1.0000
29631,5690,1.0000
29632,5690,1.0000
29633,5690,1.0000
29634,5690,1.0000
29635,5690,1.0000
29636,5690,1.0000
29637,5690,1.0000
29638,5222,.2090
29638,5690,.7910
29639,5222,.9850
29639,5690,.0150
29640,5222,1.0000
29641,5222,1.0000
29642,5222,1.0000
29643,5222,1.0000
29644,5222,1.0000
29645,5222,1.0000
29646,5222,1.0000
29647,5222,1.0000
29648,5222,1.0000
29649,5222,1.0000
29650,5222,1.0000
29651,5222,1.0000
29652,5739,1.0000
29653,5739,1.0000
29654,5739,1.0000
29655,5739,1.0000
29656,5739,1.0000
29657,5739,1.0000
29658,5739,.9549
29658,5712,.0451
29659,5739,.5926
29659,5712,.4074
29660,5739,.3684
29660,5712,.6316
29661,5739,.0149
29661,5712,.9851
29662,5712,1.0000
29663,5712,1.0000
29664,5712,1.0000
29665,5712,1.0000
29666,5712,1.0000
29667,5712,1.0000
29668,5712,1.0000
29669,5712,1.0000
29670,5712,1.0000
29671,5712,1.0000
29672,5712,1.0000
29673,5712,1.0000
29674,5712,1.0000
29675,5712,1.0000
29676,5712,1.0000
29677,5712,1.0000
29678,5712,1.0000
29679,5712,1.0000
29680,5712,1.0000
29681,5712,1.0000
29682,5712,1.0000
29683,5712,1.0000
29684,5712,1.0000
29685,5712,1.0000
29686,5712,1.0000
29687,5712,1.0000
29688,5712,1.0000
29689,5712,1.0000
29690,5712,1.0000
29691,5712,.9023
29691,5692,.0977
29692,5692,.5956
29692,5712,.4044
29693,5692,.7846
29693,5712,.2154
29694,5692,.9203
29694,5712,.0797
29695,5692,1.0000
29696,5692,1.0000
29697,5692,1.0000
29698,5692,1.0000
29699,5692,1.0000
29700,5692,1.0000
29701,5692,1.0000
29702,5692,1.0000
29703,5692,1.0000
29704,5692,1.0000
29705,5692,1.0000
29706,5692,1.0000
29707,5692,1.0000
29708,5692,.9627
29708,5674,.0373
29709,5674,.5970
29709,5692,.4030
29710,5674,1.0000
29711,5674,1.0000
29712,5674,1.0000
29713,5674,1.0000
29714,5674,1.0000
29715,5674,1.0000
29716,5674,1.0000
29717,5674,1.0000
29718,5674,1.0000
29719,5674,1.0000
29720,5674,1.0000
29721,5674,1.0000
29722,5674,1.0000
29723,5674,1.0000
29724,5674,1.0000
29725,5674,1.0000
29726,5674,1.0000
29727,5674,1.0000
29728,5674,1.0000
29729,5674,1.0000
29730,5674,1.0000
29731,5674,1.0000
29732,5674,1.0000
29733,5674,1.0000
29734,5674,1.0000
29735,5674,1.0000
29736,5674,1.0000
29737,5674,1.0000
29738,5674,1.0000
29739,5674,1.0000
29740,5674,1.0000
29741,5674,1.0000
29742,5674,1.0000
29743,5674,1.0000
29744,5674,1.0000
29745,5674,1.0000
29746,5674,1.0000
29747,5674,1.0000
29748,5674,1.0000
29749,5674,1.0000
29750,5674,1.0000
29751,5674,1.0000
29752,5674,.9333
29752,5690,.0667
29753,5674,.0917
29753,5690,.9083
29754,5690,1.0000
29755,5690,1.0000
29756,5690,1.0000
29757,5690,1.0000
29758,5690,1.0000
29759,5690,1.0000
29760,5690,1.0000
29761,5690,1.0000
29762,5690,1.0000
29763,5690,1.0000
29764,5690,1.0000
29765,5690,1.0000
29766,5690,1.0000
29767,5690,1.0000
29768,5690,1.0000
29769,5690,1.0000
29770,5690,1.0000
29771,5690,1.0000
29772,5690,1.0000
29773,5690,1.0000
29774,5690,1.0000
29775,5690,1.0000
29776,5690,1.0000
29777,5690,1.0000
29778,5690,1.0000
29779,5690,1.0000
29780,5690,1.0000
29781,5690,1.0000
29782,5690,1.0000
29783,5690,1.0000
29784,5690,1.0000
29785,5690,1.0000
29786,5690,1.0000
29787,5690,1.0000
29788,5690,1.0000
29789,5690,1.0000
29790,5690,1.0000
29791,5690,1.0000
29792,5690,1.0000
29793,5690,1.0000
29794,5690,1.0000
29795,5690,1.0000
29796,5690,1.0000
29797,5690,1.0000
29798,5690,1.0000
29799,5690,1.0000
29800,5690,1.0000
29801,5690,1.0000
29802,5690,1.0000
29803,5690,1.0000
29804,5690,1.0000
29805,5690,1.0000
29806,5690,1.0000
29807,5690,1.0000
29808,5690,1.0000
29809,5690,1.0000
29810,5690,1.0000
29811,5690,1.0000
29812,5690,1.0000
29813,5690,1.0000
29814,5690,1.0000
29815,5690,1.0000
29816,5690,1.0000
29817,5690,1.0000
29818,5690,1.0000
29819,5690,1.0000
29820,5690,1.0000
29821,5690,1.0000
29822,5690,1.0000
29823,5690,1.0000
29824,5690,1.0000
29825,5690,1.0000
29826,5690,1.0000
29827,5690,1.0000
29828,5690,1.0000
29829,5690,1.0000
29830,5690,1.0000
29831,5690,1.0000
29832,5690,1.0000
29833,5690,1.0000
29834,5690,1.0000
29835,5690,1.0000
29836,5690,1.0000
29837,5690,1.0000
29838,5222,.7368
29838,5690,.2632
29839,5222,1.0000
29840,5222,1.0000
29841,5222,1.0000
29842,5222,1.0000
29843,5222,1.0000
29844,5222,1.0000
29845,5222,1.0000
29846,5222,1.0000
29847,5222,1.0000
29848,5222,1.0000
29849,5222,1.0000
29850,5222,1.0000
29851,5739,1.0000
29852,5739,1.0000
29853,5739,1.0000
29854,5739,1.0000
29855,5739,1.0000
29856,5739,.9925
29856,5712,.0075
29857,5739,.3750
29857,5712,.6250
29858,5712,1.0000
29859,5712,1.0000
29860,5712,1.0000
29861,5712,1.0000
29862,5712,1.0000
29863,5712,1.0000
29864,5712,1.0000
29865,5712,1.0000
29866,5712,1.0000
29867,5712,1.0000
29868,5712,1.0000
29869,5712,1.0000
29870,5712,1.0000
29871,5712,1.0000
29872,5712,1.0000
29873,5712,1.0000
29874,5712,1.0000
29875,5712,1.0000
29876,5712,1.0000
29877,5712,1.0000
29878,5712,1.0000
29879,5712,1.0000
29880,5712,1.0000
29881,5712,1.0000
29882,5712,1.0000
29883,5712,1.0000
29884,5712,1.0000
29885,5712,1.0000
29886,5712,1.0000
29887,5712,1.0000
29888,5712,1.0000
29889,5712,1.0000
29890,5712,1.0000
29891,5712,1.0000
29892,5712,1.0000
29893,5712,.9173
29893,5692,.0827
29894,5692,.8409
29894,5712,.1591
29895,5692,1.0000
29896,5692,1.0000
29897,5692,1.0000
29898,5692,1.0000
29899,5692,1.0000
29900,5692,1.0000
29901,5692,1.0000
29902,5692,1.0000
29903,5692,1.0000
29904,5692,1.0000
29905,5692,1.0000
29906,5692,1.0000
29907,5692,1.0000
29908,5692,.9618
29908,5674,.0382
29909,5674,.9167
29909,5692,.0833
29910,5674,1.0000
29911,5674,1.0000
29912,5674,1.0000
29913,5674,1.0000
29914,5674,1.0000
29915,5674,1.0000
29916,5674,1.0000
29917,5674,1.0000
29918,5674,1.0000
29919,5674,1.0000
29920,5674,1.0000
29921,5674,1.0000
29922,5674,1.0000
29923,5674,1.0000
29924,5674,1.0000
29925,5674,1.0000
29926,5674,1.0000
29927,5674,1.0000
29928,5674,1.0000
29929,5674,1.0000
29930,5674,1.0000
29931,5674,1.0000
29932,5674,1.0000
29933,5674,1.0000
29934,5674,1.0000
29935,5674,1.0000
29936,5674,1.0000
29937,5674,1.0000
29938,5674,1.0000
29939,5674,1.0000
29940,5674,1.0000
29941,5674,1.0000
29942,5674,1.0000
29943,5674,1.0000
29944,5674,1.0000
29945,5674,1.0000
29946,5674,1.0000
29947,5674,1.0000
29948,5674,.7121
29948,5690,.2879
29949,5674,.2028
29949,5690,.7972
29950,5674,.3636
29950,5690,.6364
29951,5674,.2273
29951,5690,.7727
29952,5690,1.0000
29953,5690,1.0000
29954,5690,1.0000
29955,5690,1.0000
29956,5690,1.0000
29957,5690,1.0000
29958,5690,1.0000
29959,5690,1.0000
29960,5690,1.0000
29961,5690,1.0000
29962,5690,1.0000
29963,5690,1.0000
29964,5690,1.0000
29965,5690,1.0000
29966,5690,1.0000
29967,5690,1.0000
29968,5690,1.0000
29969,5690,1.0000
29970,5690,1.0000
29971,5690,1.0000
29972,5690,1.0000
29973,5690,1.0000
29974,5690,1.0000
29975,5690,1.0000
29976,5690,1.0000
29977,5690,1.0000
29978,5690,1.0000
29979,5690,1.0000
29980,5690,1.0000
29981,5690,1.0000
29982,5690,1.0000
29983,5690,1.0000
29984,5690,1.0000
29985,5690,1.0000
29986,5690,1.0000
29987,5690,1.0000
29988,5690,1.0000
29989,5690,1.0000
29990,5690,1.0000
29991,5690,1.0000
29992,5690,1.0000
29993,5690,1.0000
29994,5690,1.0000
29995,5690,1.0000
29996,5690,1.0000
29997,5690,1.0000
29998,5690,1.0000
29999,5690,1.0000
30000,5690,1.0000
30001,5690,1.0000
30002,5690,1.0000
30003,5690,1.0000
30004,5690,1.0000
30005,5690,1.0000
30006,5690,1.0000
30007,5690,1.0000
30008,5690,1.0000
30009,5690,1.0000
30010,5690,1.0000
30011,5690,1.0000
30012,5690,1.0000
30013,5690,1.0000
30014,5690,1.0000
30015,5690,1.0000
30016,5690,1.0000
30017,5690,1.0000
30018,5690,1.0000
30019,5690,1.0000
30020,5690,1.0000
30021,5690,1.0000
30022,5690,1.0000
30023,5690,1.0000
30024,5690,1.0000
30025,5690,1.0000
30026,5690,1.0000
30027,5690,1.0000
30028,5690,1.0000
30029,5690,1.0000
30030,5690,1.0000
30031,5690,1.0000
30032,5690,1.0000
30033,5690,1.0000
30034,5690,1.0000
30035,5690,1.0000
30036,5690,1.0000
30037,5690,.9701
30037,5222,.0299
30038,5222,.7239
30038,5690,.2761
30039,5222,1.0000
30040,5222,1.0000
30041,5222,1.0000
30042,5222,1.0000
30043,5222,1.0000
30044,5222,1.0000
30045,5222,1.0000
30046,5222,1.0000
30047,5222,1.0000
30048,5222,1.0000
30049,5222,.9774
30049,5690,.0226
30050,5739,1.0000
30051,5739,1.0000
30052,5739,1.0000
30053,5739,1.0000
30054,5739,1.0000
30055,5739,.6519
30055,5712,.3481
30056,5739,.0075
30056,5712,.9925
30057,5712,1.0000
30058,5712,1.0000
30059,5712,1.0000
30060,5712,1.0000
30061,5712,1.0000
30062,5712,1.0000
30063,5712,1.0000
30064,5712,1.0000
30065,5712,1.0000
30066,5712,1.0000
30067,5712,1.0000
30068,5712,1.0000
30069,5712,1.0000
30070,5712,1.0000
30071,5712,1.0000
30072,5712,1.0000
30073,5712,1.0000
30074,5712,1.0000
30075,5712,1.0000
30076,5712,1.0000
30077,5712,1.0000
30078,5712,1.0000
30079,5712,1.0000
30080,5712,1.0000
30081,5712,1.0000
30082,5712,1.0000
30083,5712,1.0000
30084,5712,1.0000
30085,5712,1.0000
30086,5712,1.0000
30087,5712,1.0000
30088,5712,1.0000
30089,5712,1.0000
30090,5712,1.0000
30091,5712,1.0000
30092,5712,1.0000
30093,5712,.5580
30093,5692,.4420
30094,5692,1.0000
30095,5692,1.0000
30096,5692,1.0000
30097,5692,1.0000
30098,5692,1.0000
30099,5692,1.0000
30100,5692,1.0000
30101,5692,1.0000
30102,5692,1.0000
30103,5692,1.0000
30104,5692,1.0000
30105,5692,1.0000
30106,5692,1.0000
30107,5692,1.0000
30108,5692,.6984
30108,5674,.3016
30109,5674,.9624
30109,5692,.0376
30110,5674,1.0000
30111,5674,1.0000
30112,5674,1.0000
30113,5674,1.0000
30114,5674,1.0000
30115,5674,1.0000
30116,5674,1.0000
30117,5674,1.0000
30118,5674,1.0000
30119,5674,1.0000
30120,5674,1.0000
30121,5674,1.0000
30122,5674,1.0000
30123,5674,1.0000
30124,5674,1.0000
30125,5674,1.0000
30126,5674,1.0000
30127,5674,1.0000
30128,5674,1.0000
30129,5674,1.0000
30130,5674,1.0000
30131,5674,1.0000
30132,5674,1.0000
30133,5674,1.0000
30134,5674,1.0000
30135,5674,1.0000
30136,5674,1.0000
30137,5674,1.0000
30138,5674,1.0000
30139,5674,1.0000
30140,5674,1.0000
30141,5674,1.0000
30142,5674,1.0000
30143,5674,1.0000
30144,5674,1.0000
30145,5674,1.0000
30146,5674,.9545
30146,5690,.0455
30147,5674,.1439
30147,5690,.8561
30148,5690,1.0000
30149,5690,1.0000
30150,5690,1.0000
30151,5690,1.0000
30152,5690,1.0000
30153,5690,1.0000
30154,5690,1.0000
30155,5690,1.0000
30156,5690,1.0000
30157,5690,1.0000
30158,5690,1.0000
30159,5690,1.0000
30160,5690,1.0000
30161,5690,1.0000
30162,5690,1.0000
30163,5690,1.0000
30164,5690,1.0000
30165,5690,1.0000
30166,5690,1.0000
30167,5690,1.0000
30168,5690,1.0000
30169,5690,1.0000
30170,5690,1.0000
30171,5690,1.0000
30172,5690,1.0000
30173,5690,1.0000
30174,5690,1.0000
30175,5690,1.0000
30176,5690,1.0000
30177,5690,1.0000
30178,5690,1.0000
30179,5690,1.0000
30180,5690,1.0000
30181,5690,1.0000
30182,5690,1.0000
30183,5690,1.0000
30184,5690,1.0000
30185,5690,1.0000
30186,5690,1.0000
30187,5690,1.0000
30188,5690,1.0000
30189,5690,1.0000
30190,5690,1.0000
30191,5690,1.0000
30192,5690,1.0000
30193,5690,1.0000
30194,5690,1.0000
30195,5690,1.0000
30196,5690,1.0000
30197,5690,1.0000
30198,5690,1.0000
30199,5690,1.0000
30200,5690,1.0000
30201,5690,1.0000
30202,5690,1.0000
30203,5690,1.0000
30204,5690,1.0000
30205,5690,1.0000
30206,5690,1.0000
30207,5690,1.0000
30208,5690,1.0000
30209,5690,1.0000
30210,5690,1.0000
30211,5690,1.0000
30212,5690,1.0000
30213,5690,1.0000
30214,5690,1.0000
30215,5690,1.0000
30216,5690,1.0000
30217,5690,1.0000
30218,5690,1.0000
30219,5690,1.0000
30220,5690,1.0000
30221,5690,1.0000
30222,5690,1.0000
30223,5690,1.0000
30224,5690,1.0000
30225,5690,1.0000
30226,5690,1.0000
30227,5690,1.0000
30228,5690,1.0000
30229,5690,1.0000
30230,5690,1.0000
30231,5690,1.0000
30232,5690,1.0000
30233,5690,1.0000
30234,5690,1.0000
30235,5690,1.0000
30236,5690,1.0000
30237,5690,.4361
30237,5222,.5639
30238,5222,1.0000
30239,5222,1.0000
30240,5222,1.0000
30241,5222,1.0000
30242,5222,1.0000
30243,5222,1.0000
30244,5222,1.0000
30245,5222,1.0000
30246,5222,1.0000
30247,5222,1.0000
30248,5222,.8060
30248,5690,.1940
30249,5739,1.0000
30250,5739,1.0000
30251,5739,1.0000
30252,5739,1.0000
30253,5739,1.0000
30254,5739,.3630
30254,5712,.6370
30255,5712,1.0000
30256,5712,1.0000
30257,5712,1.0000
30258,5712,1.0000
30259,5712,1.0000
30260,5712,1.0000
30261,5712,1.0000
30262,5712,1.0000
30263,5712,1.0000
30264,5712,1.0000
30265,5712,1.0000
30266,5712,1.0000
30267,5712,1.0000
30268,5712,1.0000
30269,5712,1.0000
30270,5712,1.0000
30271,5712,1.0000
30272,5712,1.0000
30273,5712,1.0000
30274,5712,1.0000
30275,5712,1.0000
30276,5712,1.0000
30277,5712,1.0000
30278,5712,1.0000
30279,5712,1.0000
30280,5712,1.0000
30281,5712,1.0000
30282,5712,1.0000
30283,5712,1.0000
30284,5712,1.0000
30285,5712,1.0000
30286,5712,1.0000
30287,5712,1.0000
30288,5712,1.0000
30289,5712,1.0000
30290,5712,1.0000
30291,5712,1.0000
30292,5712,.9008
30292,5692,.0992
30293,5692,.7463
30293,5712,.2537
30294,5692,1.0000
30295,5692,1.0000
30296,5692,1.0000
30297,5692,1.0000
30298,5692,1.0000
30299,5692,1.0000
30300,5692,1.0000
30301,5692,1.0000
30302,5692,1.0000
30303,5692,1.0000
30304,5692,1.0000
30305,5692,1.0000
30306,5692,1.0000
30307,5692,1.0000
30308,5692,.6308
30308,5674,.3692
30309,5674,.8864
30309,5692,.1136
30310,5674,1.0000
30311,5674,1.0000
30312,5674,1.0000
30313,5674,1.0000
30314,5674,1.0000
30315,5674,1.0000
30316,5674,1.0000
30317,5674,1.0000
30318,5674,1.0000
30319,5674,1.0000
30320,5674,1.0000
30321,5674,1.0000
30322,5674,1.0000
30323,5674,1.0000
30324,5674,1.0000
30325,5674,1.0000
30326,5674,1.0000
30327,5674,1.0000
30328,5674,1.0000
30329,5674,1.0000
30330,5674,1.0000
30331,5674,1.0000
30332,5674,1.0000
30333,5674,1.0000
30334,5674,1.0000
30335,5674,1.0000
30336,5674,1.0000
30337,5674,1.0000
30338,5674,1.0000
30339,5674,1.0000
30340,5674,1.0000
30341,5674,1.0000
30342,5674,1.0000
30343,5674,1.0000
30344,5674,1.0000
30345,5674,.6364
30345,5690,.3636
30346,5690,1.0000
30347,5690,1.0000
30348,5690,1.0000
30349,5690,1.0000
30350,5690,1.0000
30351,5690,1.0000
30352,5690,1.0000
30353,5690,1.0000
30354,5690,1.0000
30355,5690,1.0000
30356,5690,1.0000
30357,5690,1.0000
30358,5690,1.0000
30359,5690,1.0000
30360,5690,1.0000
30361,5690,1.0000
30362,5690,1.0000
30363,5690,1.0000
30364,5690,1.0000
30365,5690,1.0000
30366,5690,1.0000
30367,5690,1.0000
30368,5690,1.0000
30369,5690,1.0000
30370,5690,1.0000
30371,5690,1.0000
30372,5690,1.0000
30373,5690,1.0000
30374,5690,1.0000
30375,5690,1.0000
30376,5690,1.0000
30377,5690,1.0000
30378,5690,1.0000
30379,5690,1.0000
30380,5690,1.0000
30381,5690,1.0000
30382,5690,1.0000
30383,5690,1.0000
30384,5690,1.0000
30385,5690,1.0000
30386,5690,1.0000
30387,5690,1.0000
30388,5690,1.0000
30389,5690,1.0000
30390,5690,1.0000
30391,5690,1.0000
30392,5690,1.0000
30393,5690,1.0000
30394,5690,1.0000
30395,5690,1.0000
30396,5690,1.0000
30397,5690,1.0000
30398,5690,1.0000
30399,5690,1.0000
30400,5690,1.0000
30401,5690,1.0000
30402,5690,1.0000
30403,5690,1.0000
30404,5690,1.0000
30405,5690,1.0000
30406,5690,1.0000
30407,5690,1.0000
30408,5690,1.0000
30409,5690,1.0000
30410,5690,1.0000
30411,5690,1.0000
30412,5690,1.0000
30413,5690,1.0000
30414,5690,1.0000
30415,5690,1.0000
30416,5690,1.0000
30417,5690,1.0000
30418,5690,1.0000
30419,5690,1.0000
30420,5690,1.0000
30421,5690,1.0000
30422,5690,1.0000
30423,5690,1.0000
30424,5690,1.0000
30425,5690,1.0000
30426,5690,1.0000
30427,5690,1.0000
30428,5690,1.0000
30429,5690,1.0000
30430,5690,1.0000
30431,5690,1.0000
30432,5690,1.0000
30433,5690,1.0000
30434,5690,1.0000
30435,5690,1.0000
30436,5690,.3650
30436,5222,.6350
30437,5222,1.0000
30438,5222,1.0000
30439,5222,1.0000
30440,5222,1.0000
30441,5222,1.0000
30442,5222,1.0000
30443,5222,1.0000
30444,5222,1.0000
30445,5222,1.0000
30446,5222,1.0000
30447,5222,.7068
30447,5690,.2932
30448,5739,1.0000
30449,5739,1.0000
30450,5739,1.0000
30451,5739,1.0000
30452,5739,1.0000
30453,5739,.9474
30453,5712,.0526
30454,5712,.3657
30454,5739,.6343
30455,5712,.9481
30455,5739,.0519
30456,5712,1.0000
30457,5712,1.0000
30458,5712,1.0000
30459,5712,1.0000
30460,5712,1.0000
30461,5712,1.0000
30462,5712,1.0000
30463,5712,1.0000
30464,5712,1.0000
30465,5712,1.0000
30466,5712,1.0000
30467,5712,1.0000
30468,5712,1.0000
30469,5712,1.0000
30470,5712,1.0000
30471,5712,1.0000
30472,5712,1.0000
30473,5712,1.0000
30474,5712,1.0000
30475,5712,1.0000
30476,5712,1.0000
30477,5712,1.0000
30478,5712,1.0000
30479,5712,1.0000
30480,5712,1.0000
30481,5712,1.0000
30482,5712,1.0000
30483,5712,1.0000
30484,5712,1.0000
30485,5712,1.0000
30486,5712,1.0000
30487,5712,1.0000
30488,5712,1.0000
30489,5712,1.0000
30490,5712,1.0000
30491,5712,1.0000
30492,5712,.9568
30492,5692,.0432
30493,5692,.7132
30493,5712,.2868
30494,5692,1.0000
30495,5692,1.0000
30496,5692,1.0000
30497,5692,1.0000
30498,5692,1.0000
30499,5692,1.0000
30500,5692,1.0000
30501,5692,1.0000
30502,5692,1.0000
30503,5692,1.0000
30504,5692,1.0000
30505,5692,1.0000
30506,5692,1.0000
30507,5692,1.0000
30508,5692,.9701
30508,5674,.0299
30509,5674,.4621
30509,5692,.5379
30510,5674,.9925
30510,5692,.0075
30511,5674,1.0000
30512,5674,1.0000
30513,5674,1.0000
30514,5674,1.0000
30515,5674,1.0000
30516,5674,1.0000
30517,5674,1.0000
30518,5674,1.0000
30519,5674,1.0000
30520,5674,1.0000
30521,5674,1.0000
30522,5674,1.0000
30523,5674,1.0000
30524,5674,1.0000
30525,5674,1.0000
30526,5674,1.0000
30527,5674,1.0000
30528,5674,1.0000
30529,5674,1.0000
30530,5674,1.0000
30531,5674,1.0000
30532,5674,1.0000
30533,5674,1.0000
30534,5674,1.0000
30535,5674,1.0000
30536,5674,1.0000
30537,5674,1.0000
30538,5674,1.0000
30539,5674,1.0000
30540,5674,1.0000
30541,5674,1.0000
30542,5674,1.0000
30543,5674,1.0000
30544,5674,.2791
30544,5690,.7209
30545,5690,1.0000
30546,5690,1.0000
30547,5690,1.0000
30548,5690,1.0000
30549,5690,1.0000
30550,5690,1.0000
30551,5690,1.0000
30552,5690,1.0000
30553,5690,1.0000
30554,5690,1.0000
30555,5690,1.0000
30556,5690,1.0000
30557,5690,1.0000
30558,5690,1.0000
30559,5690,1.0000
30560,5690,1.0000
30561,5690,1.0000
30562,5690,1.0000
30563,5690,1.0000
30564,5690,1.0000
30565,5690,1.0000
30566,5690,1.0000
30567,5690,1.0000
30568,5690,1.0000
30569,5690,1.0000
30570,5690,1.0000
30571,5690,1.0000
30572,5690,1.0000
30573,5690,1.0000
30574,5690,1.0000
30575,5690,1.0000
30576,5690,1.0000
30577,5690,1.0000
30578,5690,1.0000
30579,5690,1.0000
30580,5690,1.0000
30581,5690,1.0000
30582,5690,1.0000
30583,5690,1.0000
30584,5690,1.0000
30585,5690,1.0000
30586,5690,1.0000
30587,5690,1.0000
30588,5690,1.0000
30589,5690,1.0000
30590,5690,1.0000
30591,5690,1.0000
30592,5690,1.0000
30593,5690,1.0000
30594,5690,1.0000
30595,5690,1.0000
30596,5690,1.0000
30597,5690,1.0000
30598,5690,1.0000
30599,5690,1.0000
30600,5690,1.0000
30601,5690,1.0000
30602,5690,1.0000
30603,5690,1.0000
30604,5690,1.0000
30605,5690,1.0000
30606,5690,1.0000
30607,5690,1.0000
30608,5690,1.0000
30609,5690,1.0000
30610,5690,1.0000
30611,5690,1.0000
30612,5690,1.0000
30613,5690,1.0000
30614,5690,1.0000
30615,5690,1.0000
30616,5690,1.0000
30617,5690,1.0000
30618,5690,1.0000
30619,5690,1.0000
30620,5690,1.0000
30621,5690,1.0000
30622,5690,1.0000
30623,5690,1.0000
30624,5690,1.0000
30625,5690,1.0000
30626,5690,1.0000
30627,5690,1.0000
30628,5690,1.0000
30629,5690,1.0000
30630,5690,1.0000
30631,5690,1.0000
30632,5690,1.0000
30633,5690,1.0000
30634,5690,1.0000
30635,5690,.1955
30635,5222,.8045
30636,5222,.8175
30636,5690,.1825
30637,5222,.4737
30637,5690,.5263
30638,5222,.1926
30638,5690,.8074
30639,5222,.2612
30639,5690,.7388
30640,5222,.5373
30640,5690,.4627
30641,5222,.9037
30641,5690,.0963
30642,5222,1.0000
30643,5222,1.0000
30644,5222,1.0000
30645,5222,.6791
30645,5690,.3209
30646,5222,.1343
30646,5690,.8657
30647,5739,1.0000
30648,5739,1.0000
30649,5739,1.0000
30650,5739,1.0000
30651,5739,1.0000
30652,5739,1.0000
30653,5739,1.0000
30654,5739,.2090
30654,5712,.7910
30655,5712,1.0000
30656,5712,1.0000
30657,5712,1.0000
30658,5712,1.0000
30659,5712,1.0000
30660,5712,1.0000
30661,5712,1.0000
30662,5712,1.0000
30663,5712,1.0000
30664,5712,1.0000
30665,5712,1.0000
30666,5712,1.0000
30667,5712,1.0000
30668,5712,1.0000
30669,5712,1.0000
30670,5712,1.0000
30671,5712,1.0000
30672,5712,1.0000
30673,5712,1.0000
30674,5712,1.0000
30675,5712,1.0000
30676,5712,1.0000
30677,5712,1.0000
30678,5712,1.0000
30679,5712,1.0000
30680,5712,1.0000
30681,5712,1.0000
30682,5712,1.0000
30683,5712,1.0000
30684,5712,1.0000
30685,5712,1.0000
30686,5712,1.0000
30687,5712,1.0000
30688,5712,1.0000
30689,5712,1.0000
30690,5712,1.0000
30691,5712,1.0000
30692,5712,.9485
30692,5692,.0515
30693,5692,.6296
30693,5712,.3704
30694,5692,1.0000
30695,5692,1.0000
30696,5692,1.0000
30697,5692,1.0000
30698,5692,1.0000
30699,5692,1.0000
30700,5692,1.0000
30701,5692,1.0000
30702,5692,1.0000
30703,5692,1.0000
30704,5692,1.0000
30705,5692,1.0000
30706,5692,1.0000
30707,5692,1.0000
30708,5692,1.0000
30709,5692,.4621
30709,5674,.5379
30710,5674,1.0000
30711,5674,1.0000
30712,5674,1.0000
30713,5674,1.0000
30714,5674,1.0000
30715,5674,1.0000
30716,5674,1.0000
30717,5674,1.0000
30718,5674,1.0000
30719,5674,1.0000
30720,5674,1.0000
30721,5674,1.0000
30722,5674,1.0000
30723,5674,1.0000
30724,5674,1.0000
30725,5674,1.0000
30726,5674,1.0000
30727,5674,1.0000
30728,5674,1.0000
30729,5674,1.0000
30730,5674,1.0000
30731,5674,1.0000
30732,5674,1.0000
30733,5674,1.0000
30734,5674,1.0000
30735,5674,1.0000
30736,5674,1.0000
30737,5674,1.0000
30738,5674,1.0000
30739,5674,1.0000
30740,5674,1.0000
30741,5674,1.0000
30742,5674,.6818
30742,5690,.3182
30743,5674,.0070
30743,5690,.9930
30744,5690,1.0000
30745,5690,1.0000
30746,5690,1.0000
30747,5690,1.0000
30748,5690,1.0000
30749,5690,1.0000
30750,5690,1.0000
30751,5690,1.0000
30752,5690,1.0000
30753,5690,1.0000
30754,5690,1.0000
30755,5690,1.0000
30756,5690,1.0000
30757,5690,1.0000
30758,5690,1.0000
30759,5690,1.0000
30760,5690,1.0000
30761,5690,1.0000
30762,5690,1.0000
30763,5690,1.0000
30764,5690,1.0000
30765,5690,1.0000
30766,5690,1.0000
30767,5690,1.0000
30768,5690,1.0000
30769,5690,1.0000
30770,5690,1.0000
30771,5690,1.0000
30772,5690,1.0000
30773,5690,1.0000
30774,5690,1.0000
30775,5690,1.0000
30776,5690,1.0000
30777,5690,1.0000
30778,5690,1.0000
30779,5690,1.0000
30780,5690,1.0000
30781,5690,1.0000
30782,5690,1.0000
30783,5690,1.0000
30784,5690,1.0000
30785,5690,1.0000
30786,5690,1.0000
30787,5690,1.0000
30788,5690,1.0000
30789,5690,1.0000
30790,5690,1.0000
30791,5690,1.0000
30792,5690,1.0000
30793,5690,1.0000
30794,5690,1.0000
30795,5690,1.0000
30796,5690,1.0000
30797,5690,1.0000
30798,5690,1.0000
30799,5690,1.0000
30800,5690,1.0000
30801,5690,1.0000
30802,5690,1.0000
30803,5690,1.0000
30804,5690,1.0000
30805,5690,1.0000
30806,5690,1.0000
30807,5690,1.0000
30808,5690,1.0000
30809,5690,1.0000
30810,5690,1.0000
30811,5690,1.0000
30812,5690,1.0000
30813,5690,1.0000
30814,5690,1.0000
30815,5690,1.0000
30816,5690,1.0000
30817,5690,1.0000
30818,5690,1.0000
30819,5690,1.0000
30820,5690,1.0000
30821,5690,1.0000
30822,5690,1.0000
30823,5690,1.0000
30824,5690,1.0000
30825,5690,1.0000
30826,5690,1.0000
30827,5690,1.0000
30828,5690,1.0000
30829,5690,1.0000
30830,5690,1.0000
30831,5690,1.0000
30832,5690,1.0000
30833,5690,1.0000
30834,5222,.1185
30834,5690,.8815
30835,5690,.9852
30835,5222,.0148
30836,5690,1.0000
30837,5690,1.0000
30838,5690,.9852
30838,-999,.0148
30839,5690,.7630
30839,-999,.2370
30840,5690,.7388
30840,5222,.0672
30840,-999,.1940
30841,5222,.4453
30841,5690,.5547
30842,5222,.8806
30842,5690,.1194
30843,5222,1.0000
30844,5690,.6074
30844,5222,.3926
30845,5690,1.0000
30846,5739,.8741
30846,5796,.1259
30847,5739,1.0000
30848,5739,1.0000
30849,5739,1.0000
30850,5739,1.0000
30851,5739,1.0000
30852,5739,1.0000
30853,5739,.4627
30853,5712,.5373
30854,5712,1.0000
30855,5712,1.0000
30856,5712,1.0000
30857,5712,1.0000
30858,5712,1.0000
30859,5712,1.0000
30860,5712,1.0000
30861,5712,1.0000
30862,5712,1.0000
30863,5712,1.0000
30864,5712,1.0000
30865,5712,1.0000
30866,5712,1.0000
30867,5712,1.0000
30868,5712,1.0000
30869,5712,1.0000
30870,5712,1.0000
30871,5712,1.0000
30872,5712,1.0000
30873,5712,1.0000
30874,5712,1.0000
30875,5712,1.0000
30876,5712,1.0000
30877,5712,1.0000
30878,5712,1.0000
30879,5712,1.0000
30880,5712,1.0000
30881,5712,1.0000
30882,5712,1.0000
30883,5712,1.0000
30884,5712,1.0000
30885,5712,1.0000
30886,5712,1.0000
30887,5712,1.0000
30888,5712,1.0000
30889,5712,1.0000
30890,5712,1.0000
30891,5712,1.0000
30892,5712,.9771
30892,5692,.0229
30893,5692,.6259
30893,5712,.3741
30894,5692,.9692
30894,5712,.0308
30895,5692,.6000
30895,5712,.4000
30896,5692,.9706
30896,5712,.0294
30897,5692,1.0000
30898,5692,1.0000
30899,5692,1.0000
30900,5692,1.0000
30901,5692,1.0000
30902,5692,1.0000
30903,5692,1.0000
30904,5692,1.0000
30905,5692,1.0000
30906,5692,1.0000
30907,5692,1.0000
30908,5692,.9645
30908,5674,.0355
30909,5674,.8106
30909,5692,.1894
30910,5674,1.0000
30911,5674,1.0000
30912,5674,1.0000
30913,5674,1.0000
30914,5674,1.0000
30915,5674,1.0000
30916,5674,1.0000
30917,5674,1.0000
30918,5674,1.0000
30919,5674,1.0000
30920,5674,1.0000
30921,5674,1.0000
30922,5674,1.0000
30923,5674,1.0000
30924,5674,1.0000
30925,5674,1.0000
30926,5674,1.0000
30927,5674,1.0000
30928,5674,1.0000
30929,5674,1.0000
30930,5674,1.0000
30931,5674,1.0000
30932,5674,1.0000
30933,5674,1.0000
30934,5674,1.0000
30935,5674,1.0000
30936,5674,1.0000
30937,5674,1.0000
30938,5674,1.0000
30939,5674,1.0000
30940,5674,1.0000
30941,5674,.3636
30941,5690,.6364
30942,5690,1.0000
30943,5690,1.0000
30944,5690,1.0000
30945,5690,1.0000
30946,5690,1.0000
30947,5690,1.0000
30948,5690,1.0000
30949,5690,1.0000
30950,5690,1.0000
30951,5690,1.0000
30952,5690,1.0000
30953,5690,1.0000
30954,5690,1.0000
30955,5690,1.0000
30956,5690,1.0000
30957,5690,1.0000
30958,5690,1.0000
30959,5690,1.0000
30960,5690,1.0000
30961,5690,1.0000
30962,5690,1.0000
30963,5690,1.0000
30964,5690,1.0000
30965,5690,1.0000
30966,5690,1.0000
30967,5690,1.0000
30968,5690,1.0000
30969,5690,1.0000
30970,5690,1.0000
30971,5690,1.0000
30972,5690,1.0000
30973,5690,1.0000
30974,5690,1.0000
30975,5690,1.0000
30976,5690,1.0000
30977,5690,1.0000
30978,5690,1.0000
30979,5690,1.0000
30980,5690,1.0000
30981,5690,1.0000
30982,5690,1.0000
30983,5690,1.0000
30984,5690,1.0000
30985,5690,1.0000
30986,5690,1.0000
30987,5690,1.0000
30988,5690,1.0000
30989,5690,1.0000
30990,5690,1.0000
30991,5690,1.0000
30992,5690,1.0000
30993,5690,1.0000
30994,5690,1.0000
30995,5690,1.0000
30996,5690,1.0000
30997,5690,1.0000
30998,5690,1.0000
30999,5690,1.0000
31000,5690,1.0000
31001,5690,1.0000
31002,5690,1.0000
31003,5690,1.0000
31004,5690,1.0000
31005,5690,1.0000
31006,5690,1.0000
31007,5690,1.0000
31008,5690,1.0000
31009,5690,1.0000
31010,5690,1.0000
31011,5690,1.0000
31012,5690,1.0000
31013,5690,1.0000
31014,5690,1.0000
31015,5690,1.0000
31016,5690,1.0000
31017,5690,1.0000
31018,5690,1.0000
31019,5690,1.0000
31020,5690,1.0000
31021,5690,1.0000
31022,5690,1.0000
31023,5690,1.0000
31024,5690,1.0000
31025,5690,1.0000
31026,5690,1.0000
31027,5690,1.0000
31028,5690,1.0000
31029,5690,1.0000
31030,5690,1.0000
31031,5690,1.0000
31032,5690,.9485
31032,-999,.0515
31033,5690,.8881
31033,-999,.1119
31034,5690,1.0000
31035,5690,1.0000
31036,5690,1.0000
31037,5690,.4662
31037,-999,.5338
31038,-999,1.0000
31039,5690,.1333
31039,-999,.8667
31040,5690,.6992
31040,-999,.3008
31041,5690,.9632
31041,5222,.0368
31042,5222,.4444
31042,5690,.5556
31043,5690,.8657
31043,5222,.1343
31044,5690,1.0000
31045,5796,.5481
31045,5739,.4519
31046,5739,1.0000
31047,5739,1.0000
31048,5739,1.0000
31049,5739,1.0000
31050,5739,1.0000
31051,5739,1.0000
31052,5739,.7778
31052,5712,.2222
31053,5712,1.0000
31054,5712,1.0000
31055,5712,1.0000
31056,5712,1.0000
31057,5712,1.0000
31058,5712,1.0000
31059,5712,1.0000
31060,5712,1.0000
31061,5712,1.0000
31062,5712,1.0000
31063,5712,1.0000
31064,5712,1.0000
31065,5712,1.0000
31066,5712,1.0000
31067,5712,1.0000
31068,5712,1.0000
31069,5712,1.0000
31070,5712,1.0000
31071,5712,1.0000
31072,5712,1.0000
31073,5712,1.0000
31074,5712,1.0000
31075,5712,1.0000
31076,5712,1.0000
31077,5712,1.0000
31078,5712,1.0000
31079,5712,1.0000
31080,5712,1.0000
31081,5712,1.0000
31082,5712,1.0000
31083,5712,1.0000
31084,5712,1.0000
31085,5712,1.0000
31086,5712,1.0000
31087,5712,1.0000
31088,5712,1.0000
31089,5712,1.0000
31090,5712,1.0000
31091,5712,1.0000
31092,5712,.9462
31092,5692,.0538
31093,5692,.8456
31093,5712,.1544
31094,5692,.6119
31094,5712,.3881
31095,5712,.7652
31095,5692,.2348
31096,5692,.8421
31096,5712,.1579
31097,5692,1.0000
31098,5692,1.0000
31099,5692,1.0000
31100,5692,1.0000
31101,5692,1.0000
31102,5692,1.0000
31103,5692,1.0000
31104,5692,1.0000
31105,5692,1.0000
31106,5692,1.0000
31107,5692,1.0000
31108,5692,.8310
31108,5674,.1690
31109,5674,.9531
31109,5692,.0469
31110,5674,1.0000
31111,5674,1.0000
31112,5674,1.0000
31113,5674,1.0000
31114,5674,1.0000
31115,5674,1.0000
31116,5674,1.0000
31117,5674,1.0000
31118,5674,1.0000
31119,5674,1.0000
31120,5674,1.0000
31121,5674,1.0000
31122,5674,1.0000
31123,5674,1.0000
31124,5674,1.0000
31125,5674,1.0000
31126,5674,1.0000
31127,5674,1.0000
31128,5674,1.0000
31129,5674,1.0000
31130,5674,1.0000
31131,5674,1.0000
31132,5674,1.0000
31133,5674,1.0000
31134,5674,1.0000
31135,5674,1.0000
31136,5674,1.0000
31137,5674,1.0000
31138,5674,1.0000
31139,5674,1.0000
31140,5674,.6591
31140,5690,.3409
31141,5690,.9650
31141,5674,.0350
31142,5690,1.0000
31143,5690,1.0000
31144,5690,1.0000
31145,5690,1.0000
31146,5690,1.0000
31147,5690,1.0000
31148,5690,1.0000
31149,5690,1.0000
31150,5690,1.0000
31151,5690,1.0000
31152,5690,1.0000
31153,5690,1.0000
31154,5690,1.0000
31155,5690,1.0000
31156,5690,1.0000
31157,5690,1.0000
31158,5690,1.0000
31159,5690,1.0000
31160,5690,1.0000
31161,5690,1.0000
31162,5690,1.0000
31163,5690,1.0000
31164,5690,1.0000
31165,5690,1.0000
31166,5690,1.0000
31167,5690,1.0000
31168,5690,1.0000
31169,5690,1.0000
31170,5690,1.0000
31171,5690,1.0000
31172,5690,1.0000
31173,5690,1.0000
31174,5690,1.0000
31175,5690,1.0000
31176,5690,1.0000
31177,5690,1.0000
31178,5690,1.0000
31179,5690,1.0000
31180,5690,1.0000
31181,5690,1.0000
31182,5690,1.0000
31183,5690,1.0000
31184,5690,1.0000
31185,5690,1.0000
31186,5690,1.0000
31187,5690,1.0000
31188,5690,1.0000
31189,5690,1.0000
31190,5690,1.0000
31191,5690,1.0000
31192,5690,1.0000
31193,5690,1.0000
31194,5690,1.0000
31195,5690,1.0000
31196,5690,1.0000
31197,5690,1.0000
31198,5690,1.0000
31199,5690,1.0000
31200,5690,1.0000
31201,5690,1.0000
31202,5690,1.0000
31203,5690,1.0000
31204,5690,1.0000
31205,5690,1.0000
31206,5690,1.0000
31207,5690,1.0000
31208,5690,1.0000
31209,5690,1.0000
31210,5690,1.0000
31211,5690,1.0000
31212,5690,1.0000
31213,5690,1.0000
31214,5690,1.0000
31215,5690,1.0000
31216,5690,1.0000
31217,5690,1.0000
31218,5690,1.0000
31219,5690,1.0000
31220,5690,1.0000
31221,5690,1.0000
31222,5690,1.0000
31223,5690,1.0000
31224,5690,1.0000
31225,5690,1.0000
31226,5690,1.0000
31227,5690,1.0000
31228,5690,1.0000
31229,5690,1.0000
31230,5690,1.0000
31231,5690,.9925
31231,-999,.0075
31232,-999,.6176
31232,5690,.3824
31233,5690,.1567
31233,-999,.8433
31234,5690,.7687
31234,-999,.2313
31235,5690,.9403
31235,-999,.0597
31236,5690,.0809
31236,-999,.9191
31237,-999,1.0000
31238,-999,1.0000
31239,-999,.9852
31239,5690,.0148
31240,5690,.4815
31240,-999,.5185
31241,5690,.9851
31241,-999,.0149
31242,5690,1.0000
31243,5690,1.0000
