gridID,EcotypeID,EcotypeFrac
1,-999,1.0000
2,-999,1.0000
3,-999,1.0000
4,-999,1.0000
5,-999,1.0000
6,-999,1.0000
7,-999,1.0000
8,-999,1.0000
9,-999,1.0000
10,-999,1.0000
11,-999,1.0000
12,-999,1.0000
13,-999,1.0000
14,-999,1.0000
15,-999,1.0000
16,-999,1.0000
17,-999,1.0000
18,-999,1.0000
19,-999,1.0000
20,-999,1.0000
21,-999,1.0000
22,-999,1.0000
23,-999,1.0000
24,-999,1.0000
25,-999,1.0000
26,-999,1.0000
27,-999,1.0000
28,-999,1.0000
29,-999,1.0000
30,-999,1.0000
31,-999,1.0000
32,-999,1.0000
33,-999,1.0000
34,-999,1.0000
35,-999,1.0000
36,-999,1.0000
37,-999,1.0000
38,-999,1.0000
39,-999,1.0000
40,-999,1.0000
41,-999,1.0000
42,-999,1.0000
43,-999,1.0000
44,-999,1.0000
45,-999,1.0000
46,-999,1.0000
47,-999,1.0000
48,-999,1.0000
49,-999,1.0000
50,-999,1.0000
51,-999,1.0000
52,-999,1.0000
53,-999,1.0000
54,-999,1.0000
55,-999,1.0000
56,-999,1.0000
57,-999,1.0000
58,-999,1.0000
59,-999,1.0000
60,-999,1.0000
61,-999,1.0000
62,-999,1.0000
63,-999,1.0000
64,-999,1.0000
65,-999,1.0000
66,-999,1.0000
67,-999,1.0000
68,-999,1.0000
69,-999,1.0000
70,-999,1.0000
71,-999,1.0000
72,-999,1.0000
73,-999,1.0000
74,-999,1.0000
75,-999,1.0000
76,-999,1.0000
77,-999,1.0000
78,-999,1.0000
79,-999,1.0000
80,-999,1.0000
81,-999,1.0000
82,-999,1.0000
83,-999,1.0000
84,-999,1.0000
85,-999,1.0000
86,-999,1.0000
87,-999,1.0000
88,-999,1.0000
89,-999,1.0000
90,-999,1.0000
91,-999,1.0000
92,-999,1.0000
93,-999,1.0000
94,-999,1.0000
95,-999,1.0000
96,-999,1.0000
97,-999,1.0000
98,-999,1.0000
99,-999,1.0000
100,-999,1.0000
101,-999,1.0000
102,-999,1.0000
103,-999,1.0000
104,-999,1.0000
105,-999,1.0000
106,-999,1.0000
107,-999,1.0000
108,-999,1.0000
109,-999,1.0000
110,-999,1.0000
111,-999,1.0000
112,-999,1.0000
113,-999,1.0000
114,-999,1.0000
115,-999,1.0000
116,-999,1.0000
117,-999,1.0000
118,-999,1.0000
119,-999,1.0000
120,-999,1.0000
121,-999,1.0000
122,-999,1.0000
123,-999,1.0000
124,-999,1.0000
125,-999,1.0000
126,-999,1.0000
127,-999,1.0000
128,-999,1.0000
129,-999,1.0000
130,-999,1.0000
131,-999,1.0000
132,-999,1.0000
133,-999,1.0000
134,-999,1.0000
135,-999,1.0000
136,-999,1.0000
137,-999,1.0000
138,-999,1.0000
139,-999,1.0000
140,-999,1.0000
141,-999,1.0000
142,-999,1.0000
143,-999,1.0000
144,-999,1.0000
145,-999,1.0000
146,-999,1.0000
147,-999,1.0000
148,-999,1.0000
149,-999,1.0000
150,-999,1.0000
151,-999,1.0000
152,-999,1.0000
153,-999,1.0000
154,-999,1.0000
155,-999,1.0000
156,-999,1.0000
157,-999,1.0000
158,-999,1.0000
159,-999,1.0000
160,-999,1.0000
161,-999,1.0000
162,-999,1.0000
163,-999,1.0000
164,-999,1.0000
165,-999,1.0000
166,-999,1.0000
167,-999,1.0000
168,-999,1.0000
169,-999,1.0000
170,-999,1.0000
171,-999,1.0000
172,-999,1.0000
173,-999,1.0000
174,-999,1.0000
175,-999,1.0000
176,-999,1.0000
177,-999,1.0000
178,-999,1.0000
179,-999,1.0000
180,-999,1.0000
181,-999,1.0000
182,-999,1.0000
183,-999,1.0000
184,-999,1.0000
185,-999,1.0000
186,-999,1.0000
187,-999,1.0000
188,-999,1.0000
189,-999,1.0000
190,-999,1.0000
191,-999,1.0000
192,-999,1.0000
193,-999,1.0000
194,-999,1.0000
195,-999,1.0000
196,-999,1.0000
197,-999,1.0000
198,-999,1.0000
199,-999,1.0000
200,-999,1.0000
201,-999,1.0000
202,-999,1.0000
203,-999,1.0000
204,-999,1.0000
205,-999,1.0000
206,-999,1.0000
207,-999,1.0000
208,-999,1.0000
209,-999,1.0000
210,-999,1.0000
211,-999,1.0000
212,-999,1.0000
213,-999,1.0000
214,-999,1.0000
215,-999,1.0000
216,-999,1.0000
217,-999,1.0000
218,-999,1.0000
219,-999,1.0000
220,-999,1.0000
221,-999,1.0000
222,-999,1.0000
223,-999,1.0000
224,-999,1.0000
225,-999,1.0000
226,-999,1.0000
227,-999,1.0000
228,-999,1.0000
229,-999,1.0000
230,-999,1.0000
231,-999,1.0000
232,-999,1.0000
233,-999,1.0000
234,-999,1.0000
235,-999,1.0000
236,-999,1.0000
237,-999,1.0000
238,-999,1.0000
239,-999,1.0000
240,-999,1.0000
241,-999,1.0000
242,-999,1.0000
243,-999,1.0000
244,-999,1.0000
245,-999,1.0000
246,-999,1.0000
247,-999,1.0000
248,-999,1.0000
249,-999,1.0000
250,-999,1.0000
251,-999,1.0000
252,-999,1.0000
253,-999,1.0000
254,-999,1.0000
255,-999,1.0000
256,-999,1.0000
257,-999,1.0000
258,-999,1.0000
259,-999,1.0000
260,-999,1.0000
261,-999,1.0000
262,-999,1.0000
263,-999,1.0000
264,-999,1.0000
265,-999,1.0000
266,-999,1.0000
267,-999,1.0000
268,-999,1.0000
269,-999,1.0000
270,-999,1.0000
271,-999,1.0000
272,-999,1.0000
273,-999,1.0000
274,-999,1.0000
275,-999,1.0000
276,-999,1.0000
277,-999,1.0000
278,-999,1.0000
279,-999,1.0000
280,-999,1.0000
281,-999,1.0000
282,-999,1.0000
283,-999,1.0000
284,-999,.9000
284,5254,.1000
285,-999,1.0000
286,-999,1.0000
287,-999,1.0000
288,-999,1.0000
289,-999,1.0000
290,-999,.8947
290,5254,.1053
291,-999,.6000
291,5254,.4000
292,-999,.6000
292,5254,.4000
293,-999,.7500
293,5254,.2500
294,-999,1.0000
295,-999,1.0000
296,-999,.9000
296,5254,.1000
297,-999,1.0000
298,-999,1.0000
299,-999,1.0000
300,-999,1.0000
301,-999,1.0000
302,-999,1.0000
303,-999,1.0000
304,-999,1.0000
305,-999,1.0000
306,-999,1.0000
307,-999,1.0000
308,-999,1.0000
309,-999,1.0000
310,-999,1.0000
311,-999,1.0000
312,-999,1.0000
313,-999,1.0000
314,-999,1.0000
315,-999,1.0000
316,-999,1.0000
317,-999,1.0000
318,-999,1.0000
319,-999,1.0000
320,-999,1.0000
321,-999,1.0000
322,-999,1.0000
323,-999,1.0000
324,-999,1.0000
325,-999,1.0000
326,-999,1.0000
327,-999,1.0000
328,-999,1.0000
329,-999,1.0000
330,-999,1.0000
331,-999,1.0000
332,-999,1.0000
333,-999,1.0000
334,-999,1.0000
335,-999,1.0000
336,-999,1.0000
337,-999,1.0000
338,-999,1.0000
339,-999,1.0000
340,-999,1.0000
341,-999,1.0000
342,-999,1.0000
343,-999,1.0000
344,-999,1.0000
345,-999,1.0000
346,-999,1.0000
347,-999,1.0000
348,-999,1.0000
349,-999,1.0000
350,-999,1.0000
351,-999,1.0000
352,-999,1.0000
353,-999,1.0000
354,-999,1.0000
355,-999,1.0000
356,-999,1.0000
357,-999,1.0000
358,-999,1.0000
359,-999,1.0000
360,-999,1.0000
361,-999,1.0000
362,-999,1.0000
363,-999,1.0000
364,-999,1.0000
365,-999,1.0000
366,-999,1.0000
367,-999,1.0000
368,-999,1.0000
369,-999,1.0000
370,-999,1.0000
371,-999,1.0000
372,-999,1.0000
373,-999,1.0000
374,-999,1.0000
375,-999,1.0000
376,-999,1.0000
377,-999,1.0000
378,-999,1.0000
379,-999,1.0000
380,-999,1.0000
381,-999,1.0000
382,-999,1.0000
383,-999,1.0000
384,-999,1.0000
385,-999,1.0000
386,-999,1.0000
387,-999,1.0000
388,-999,1.0000
389,-999,1.0000
390,-999,1.0000
391,-999,1.0000
392,-999,1.0000
393,-999,1.0000
394,-999,1.0000
395,-999,1.0000
396,-999,1.0000
397,-999,1.0000
398,-999,1.0000
399,-999,1.0000
400,-999,1.0000
401,-999,1.0000
402,-999,1.0000
403,-999,1.0000
404,-999,1.0000
405,-999,1.0000
406,-999,1.0000
407,-999,1.0000
408,-999,1.0000
409,-999,1.0000
410,-999,1.0000
411,-999,1.0000
412,-999,1.0000
413,-999,1.0000
414,-999,1.0000
415,-999,1.0000
416,-999,1.0000
417,-999,1.0000
418,-999,1.0000
419,-999,1.0000
420,-999,1.0000
421,-999,1.0000
422,-999,1.0000
423,-999,1.0000
424,-999,1.0000
425,-999,1.0000
426,-999,1.0000
427,-999,1.0000
428,-999,1.0000
429,-999,1.0000
430,-999,1.0000
431,-999,1.0000
432,-999,1.0000
433,-999,1.0000
434,-999,1.0000
435,-999,1.0000
436,-999,1.0000
437,-999,1.0000
438,-999,1.0000
439,-999,1.0000
440,-999,1.0000
441,-999,1.0000
442,-999,1.0000
443,-999,1.0000
444,-999,1.0000
445,-999,1.0000
446,-999,1.0000
447,-999,1.0000
448,-999,1.0000
449,-999,1.0000
450,-999,1.0000
451,-999,1.0000
452,-999,1.0000
453,-999,1.0000
454,-999,1.0000
455,-999,1.0000
456,-999,1.0000
457,-999,1.0000
458,-999,1.0000
459,-999,1.0000
460,-999,1.0000
461,-999,1.0000
462,-999,1.0000
463,-999,1.0000
464,-999,1.0000
465,-999,1.0000
466,-999,1.0000
467,-999,1.0000
468,-999,1.0000
469,-999,1.0000
470,-999,1.0000
471,-999,1.0000
472,-999,1.0000
473,-999,1.0000
474,-999,1.0000
475,-999,1.0000
476,-999,1.0000
477,-999,1.0000
478,-999,1.0000
479,-999,1.0000
480,-999,1.0000
481,-999,1.0000
482,-999,1.0000
483,-999,1.0000
484,-999,1.0000
485,-999,1.0000
486,-999,1.0000
487,-999,1.0000
488,-999,1.0000
489,-999,1.0000
490,-999,1.0000
491,-999,1.0000
492,-999,1.0000
493,-999,1.0000
494,-999,1.0000
495,-999,1.0000
496,-999,1.0000
497,-999,1.0000
498,-999,1.0000
499,-999,1.0000
500,-999,1.0000
501,-999,1.0000
502,-999,1.0000
503,-999,1.0000
504,-999,1.0000
505,-999,1.0000
506,-999,1.0000
507,-999,1.0000
508,-999,1.0000
509,-999,1.0000
510,-999,1.0000
511,-999,1.0000
512,-999,1.0000
513,-999,1.0000
514,-999,1.0000
515,-999,1.0000
516,-999,1.0000
517,-999,1.0000
518,-999,1.0000
519,-999,1.0000
520,-999,1.0000
521,-999,1.0000
522,-999,1.0000
523,-999,1.0000
524,-999,1.0000
525,-999,1.0000
526,-999,1.0000
527,-999,1.0000
528,-999,1.0000
529,-999,1.0000
530,-999,1.0000
531,-999,1.0000
532,-999,1.0000
533,-999,1.0000
534,-999,1.0000
535,-999,1.0000
536,-999,1.0000
537,-999,1.0000
538,-999,1.0000
539,-999,1.0000
540,-999,1.0000
541,-999,1.0000
542,-999,1.0000
543,-999,1.0000
544,-999,1.0000
545,-999,1.0000
546,-999,1.0000
547,-999,1.0000
548,-999,1.0000
549,-999,1.0000
550,-999,1.0000
551,-999,1.0000
552,-999,.3500
552,5254,.6500
553,-999,.8125
553,5254,.1875
554,-999,1.0000
555,-999,1.0000
556,-999,1.0000
557,-999,.8000
557,5254,.2000
558,-999,.3889
558,5254,.6111
559,5254,1.0000
560,5254,1.0000
561,5254,.8125
561,-999,.1875
562,-999,.6500
562,5254,.3500
563,-999,.6875
563,5254,.3125
564,-999,.3158
564,5254,.6842
565,-999,.2778
565,5254,.7222
566,-999,.5000
566,5254,.5000
567,-999,.9500
567,5254,.0500
568,-999,1.0000
569,-999,1.0000
570,-999,1.0000
571,-999,1.0000
572,-999,1.0000
573,-999,1.0000
574,-999,1.0000
575,-999,1.0000
576,-999,1.0000
577,-999,1.0000
578,-999,1.0000
579,-999,1.0000
580,-999,1.0000
581,-999,1.0000
582,-999,1.0000
583,-999,1.0000
584,-999,1.0000
585,-999,1.0000
586,-999,1.0000
587,-999,1.0000
588,-999,1.0000
589,-999,1.0000
590,-999,1.0000
591,-999,1.0000
592,-999,1.0000
593,-999,1.0000
594,-999,1.0000
595,-999,1.0000
596,-999,1.0000
597,-999,1.0000
598,-999,1.0000
599,-999,1.0000
600,-999,1.0000
601,-999,1.0000
602,-999,1.0000
603,-999,1.0000
604,-999,1.0000
605,-999,1.0000
606,-999,1.0000
607,-999,1.0000
608,-999,1.0000
609,-999,1.0000
610,-999,1.0000
611,-999,1.0000
612,-999,1.0000
613,-999,1.0000
614,-999,1.0000
615,-999,1.0000
616,-999,1.0000
617,-999,1.0000
618,-999,1.0000
619,-999,1.0000
620,-999,1.0000
621,-999,1.0000
622,-999,1.0000
623,-999,1.0000
624,-999,1.0000
625,-999,1.0000
626,-999,1.0000
627,-999,1.0000
628,-999,1.0000
629,-999,1.0000
630,-999,1.0000
631,-999,1.0000
632,-999,1.0000
633,-999,1.0000
634,-999,1.0000
635,-999,1.0000
636,-999,1.0000
637,-999,1.0000
638,-999,1.0000
639,-999,1.0000
640,-999,1.0000
641,-999,1.0000
642,-999,1.0000
643,-999,1.0000
644,-999,1.0000
645,-999,1.0000
646,-999,1.0000
647,-999,1.0000
648,-999,1.0000
649,-999,1.0000
650,-999,1.0000
651,-999,1.0000
652,-999,1.0000
653,-999,1.0000
654,-999,1.0000
655,-999,1.0000
656,-999,1.0000
657,-999,1.0000
658,-999,1.0000
659,-999,1.0000
660,-999,1.0000
661,-999,1.0000
662,-999,1.0000
663,-999,1.0000
664,-999,1.0000
665,-999,1.0000
666,-999,1.0000
667,-999,1.0000
668,-999,1.0000
669,-999,1.0000
670,-999,1.0000
671,-999,1.0000
672,-999,1.0000
673,-999,1.0000
674,-999,1.0000
675,-999,1.0000
676,-999,1.0000
677,-999,1.0000
678,-999,1.0000
679,-999,1.0000
680,-999,1.0000
681,-999,1.0000
682,-999,1.0000
683,-999,1.0000
684,-999,1.0000
685,-999,1.0000
686,-999,1.0000
687,-999,1.0000
688,-999,1.0000
689,-999,1.0000
690,-999,1.0000
691,-999,1.0000
692,-999,1.0000
693,-999,1.0000
694,-999,1.0000
695,-999,1.0000
696,-999,1.0000
697,-999,1.0000
698,-999,1.0000
699,-999,1.0000
700,-999,1.0000
701,-999,1.0000
702,-999,1.0000
703,-999,1.0000
704,-999,1.0000
705,-999,1.0000
706,-999,1.0000
707,-999,1.0000
708,-999,1.0000
709,-999,1.0000
710,-999,1.0000
711,-999,1.0000
712,-999,1.0000
713,-999,1.0000
714,-999,1.0000
715,-999,1.0000
716,-999,1.0000
717,-999,1.0000
718,-999,1.0000
719,-999,1.0000
720,-999,1.0000
721,-999,1.0000
722,-999,1.0000
723,-999,1.0000
724,-999,1.0000
725,-999,1.0000
726,-999,1.0000
727,-999,1.0000
728,-999,1.0000
729,-999,1.0000
730,-999,1.0000
731,-999,1.0000
732,-999,1.0000
733,-999,1.0000
734,-999,1.0000
735,-999,1.0000
736,-999,1.0000
737,-999,1.0000
738,-999,1.0000
739,-999,1.0000
740,-999,1.0000
741,-999,1.0000
742,-999,1.0000
743,-999,1.0000
744,-999,1.0000
745,-999,1.0000
746,-999,1.0000
747,-999,1.0000
748,-999,1.0000
749,-999,1.0000
750,-999,1.0000
751,-999,1.0000
752,-999,1.0000
753,-999,1.0000
754,-999,1.0000
755,-999,1.0000
756,-999,1.0000
757,-999,1.0000
758,-999,1.0000
759,-999,1.0000
760,-999,1.0000
761,-999,1.0000
762,-999,1.0000
763,-999,1.0000
764,-999,1.0000
765,-999,1.0000
766,-999,1.0000
767,-999,1.0000
768,-999,1.0000
769,-999,1.0000
770,-999,1.0000
771,-999,1.0000
772,-999,1.0000
773,-999,1.0000
774,-999,1.0000
775,-999,1.0000
776,-999,1.0000
777,-999,1.0000
778,-999,1.0000
779,-999,1.0000
780,-999,1.0000
781,-999,1.0000
782,-999,1.0000
783,-999,1.0000
784,-999,1.0000
785,-999,1.0000
786,-999,1.0000
787,-999,1.0000
788,-999,1.0000
789,-999,1.0000
790,-999,1.0000
791,-999,1.0000
792,-999,1.0000
793,-999,1.0000
794,-999,1.0000
795,-999,1.0000
796,-999,1.0000
797,-999,1.0000
798,-999,1.0000
799,-999,1.0000
800,-999,1.0000
801,-999,1.0000
802,-999,1.0000
803,-999,1.0000
804,-999,1.0000
805,-999,1.0000
806,-999,1.0000
807,-999,1.0000
808,-999,1.0000
809,-999,1.0000
810,-999,1.0000
811,-999,1.0000
812,-999,1.0000
813,-999,1.0000
814,-999,1.0000
815,-999,1.0000
816,-999,1.0000
817,-999,1.0000
818,-999,1.0000
819,-999,1.0000
820,-999,.4400
820,5254,.5600
821,5254,.8500
821,-999,.1500
822,-999,.5500
822,5254,.4500
823,-999,.5500
823,5254,.4500
824,-999,.6875
824,5254,.3125
825,-999,.1500
825,5254,.8500
826,5254,1.0000
827,5254,1.0000
828,5254,1.0000
829,5254,1.0000
830,5254,1.0000
831,5254,1.0000
832,5254,1.0000
833,5254,1.0000
834,5254,1.0000
835,5254,.5500
835,-999,.4500
836,-999,.7500
836,5254,.2500
837,-999,.8889
837,5254,.1111
838,-999,1.0000
839,-999,1.0000
840,-999,1.0000
841,-999,1.0000
842,-999,1.0000
843,-999,1.0000
844,-999,1.0000
845,-999,1.0000
846,-999,1.0000
847,-999,1.0000
848,-999,1.0000
849,-999,1.0000
850,-999,1.0000
851,-999,1.0000
852,-999,1.0000
853,-999,1.0000
854,-999,1.0000
855,-999,1.0000
856,-999,1.0000
857,-999,1.0000
858,-999,1.0000
859,-999,1.0000
860,-999,1.0000
861,-999,1.0000
862,-999,1.0000
863,-999,1.0000
864,-999,1.0000
865,-999,1.0000
866,-999,1.0000
867,-999,1.0000
868,-999,1.0000
869,-999,1.0000
870,-999,1.0000
871,-999,1.0000
872,-999,1.0000
873,-999,1.0000
874,-999,1.0000
875,-999,1.0000
876,-999,1.0000
877,-999,1.0000
878,-999,1.0000
879,-999,1.0000
880,-999,1.0000
881,-999,1.0000
882,-999,1.0000
883,-999,1.0000
884,-999,1.0000
885,-999,1.0000
886,-999,1.0000
887,-999,1.0000
888,-999,1.0000
889,-999,1.0000
890,-999,1.0000
891,-999,1.0000
892,-999,1.0000
893,-999,1.0000
894,-999,1.0000
895,-999,1.0000
896,-999,1.0000
897,-999,1.0000
898,-999,1.0000
899,-999,1.0000
900,-999,1.0000
901,-999,1.0000
902,-999,1.0000
903,-999,1.0000
904,-999,1.0000
905,-999,1.0000
906,-999,1.0000
907,-999,1.0000
908,-999,1.0000
909,-999,1.0000
910,-999,1.0000
911,-999,1.0000
912,-999,1.0000
913,-999,1.0000
914,-999,1.0000
915,-999,1.0000
916,-999,1.0000
917,-999,1.0000
918,-999,1.0000
919,-999,1.0000
920,-999,1.0000
921,-999,1.0000
922,-999,1.0000
923,-999,1.0000
924,-999,1.0000
925,-999,1.0000
926,-999,1.0000
927,-999,1.0000
928,-999,1.0000
929,-999,1.0000
930,-999,1.0000
931,-999,1.0000
932,-999,1.0000
933,-999,1.0000
934,-999,1.0000
935,-999,1.0000
936,-999,1.0000
937,-999,1.0000
938,-999,1.0000
939,-999,1.0000
940,-999,1.0000
941,-999,1.0000
942,-999,1.0000
943,-999,1.0000
944,-999,1.0000
945,-999,1.0000
946,-999,1.0000
947,-999,1.0000
948,-999,1.0000
949,-999,1.0000
950,-999,1.0000
951,-999,1.0000
952,-999,1.0000
953,-999,1.0000
954,-999,1.0000
955,-999,1.0000
956,-999,1.0000
957,-999,1.0000
958,-999,1.0000
959,-999,1.0000
960,-999,1.0000
961,-999,1.0000
962,-999,1.0000
963,-999,1.0000
964,-999,1.0000
965,-999,1.0000
966,-999,1.0000
967,-999,1.0000
968,-999,1.0000
969,-999,1.0000
970,-999,1.0000
971,-999,1.0000
972,-999,1.0000
973,-999,1.0000
974,-999,1.0000
975,-999,1.0000
976,-999,1.0000
977,-999,1.0000
978,-999,1.0000
979,-999,1.0000
980,-999,1.0000
981,-999,1.0000
982,-999,1.0000
983,-999,1.0000
984,-999,1.0000
985,-999,1.0000
986,-999,1.0000
987,-999,1.0000
988,-999,1.0000
989,-999,1.0000
990,-999,1.0000
991,-999,1.0000
992,-999,1.0000
993,-999,1.0000
994,-999,1.0000
995,-999,1.0000
996,-999,1.0000
997,-999,1.0000
998,-999,1.0000
999,-999,1.0000
1000,-999,1.0000
1001,-999,1.0000
1002,-999,1.0000
1003,-999,1.0000
1004,-999,1.0000
1005,-999,1.0000
1006,-999,1.0000
1007,-999,1.0000
1008,-999,1.0000
1009,-999,1.0000
1010,-999,1.0000
1011,-999,1.0000
1012,-999,1.0000
1013,-999,1.0000
1014,-999,1.0000
1015,-999,1.0000
1016,-999,1.0000
1017,-999,1.0000
1018,-999,1.0000
1019,-999,1.0000
1020,-999,1.0000
1021,-999,1.0000
1022,-999,1.0000
1023,-999,1.0000
1024,-999,1.0000
1025,-999,1.0000
1026,-999,1.0000
1027,-999,1.0000
1028,-999,1.0000
1029,-999,1.0000
1030,-999,1.0000
1031,-999,1.0000
1032,-999,1.0000
1033,-999,1.0000
1034,-999,1.0000
1035,-999,1.0000
1036,-999,1.0000
1037,-999,1.0000
1038,-999,1.0000
1039,-999,1.0000
1040,-999,1.0000
1041,-999,1.0000
1042,-999,1.0000
1043,-999,1.0000
1044,-999,1.0000
1045,-999,1.0000
1046,-999,1.0000
1047,-999,1.0000
1048,-999,1.0000
1049,-999,1.0000
1050,-999,1.0000
1051,-999,1.0000
1052,-999,1.0000
1053,-999,1.0000
1054,-999,1.0000
1055,-999,1.0000
1056,-999,1.0000
1057,-999,1.0000
1058,-999,1.0000
1059,-999,1.0000
1060,-999,1.0000
1061,-999,1.0000
1062,-999,1.0000
1063,-999,1.0000
1064,-999,1.0000
1065,-999,1.0000
1066,-999,1.0000
1067,-999,1.0000
1068,-999,1.0000
1069,-999,1.0000
1070,-999,1.0000
1071,-999,1.0000
1072,-999,1.0000
1073,-999,1.0000
1074,-999,1.0000
1075,-999,1.0000
1076,-999,1.0000
1077,-999,1.0000
1078,-999,1.0000
1079,-999,1.0000
1080,-999,1.0000
1081,-999,1.0000
1082,-999,1.0000
1083,-999,1.0000
1084,-999,1.0000
1085,-999,1.0000
1086,-999,1.0000
1087,-999,1.0000
1088,-999,.4500
1088,5254,.5500
1089,5254,1.0000
1090,5254,1.0000
1091,5254,1.0000
1092,5254,1.0000
1093,5254,1.0000
1094,5254,1.0000
1095,5254,1.0000
1096,5254,1.0000
1097,5254,1.0000
1098,5254,1.0000
1099,5254,1.0000
1100,5254,1.0000
1101,5254,1.0000
1102,5254,1.0000
1103,5254,1.0000
1104,5254,1.0000
1105,5254,.8000
1105,-999,.2000
1106,-999,.7619
1106,5254,.2381
1107,-999,1.0000
1108,-999,1.0000
1109,-999,1.0000
1110,-999,1.0000
1111,-999,1.0000
1112,-999,1.0000
1113,-999,1.0000
1114,-999,1.0000
1115,-999,1.0000
1116,-999,1.0000
1117,-999,1.0000
1118,-999,1.0000
1119,-999,1.0000
1120,-999,1.0000
1121,-999,1.0000
1122,-999,1.0000
1123,-999,1.0000
1124,-999,1.0000
1125,-999,1.0000
1126,-999,1.0000
1127,-999,1.0000
1128,-999,1.0000
1129,-999,1.0000
1130,-999,1.0000
1131,-999,1.0000
1132,-999,1.0000
1133,-999,1.0000
1134,-999,1.0000
1135,-999,1.0000
1136,-999,1.0000
1137,-999,1.0000
1138,-999,1.0000
1139,-999,1.0000
1140,-999,1.0000
1141,-999,1.0000
1142,-999,1.0000
1143,-999,1.0000
1144,-999,1.0000
1145,-999,1.0000
1146,-999,1.0000
1147,-999,1.0000
1148,-999,1.0000
1149,-999,1.0000
1150,-999,1.0000
1151,-999,1.0000
1152,-999,1.0000
1153,-999,1.0000
1154,-999,1.0000
1155,-999,1.0000
1156,-999,1.0000
1157,-999,1.0000
1158,-999,1.0000
1159,-999,1.0000
1160,-999,1.0000
1161,-999,1.0000
1162,-999,1.0000
1163,-999,1.0000
1164,-999,1.0000
1165,-999,1.0000
1166,-999,1.0000
1167,-999,1.0000
1168,-999,1.0000
1169,-999,1.0000
1170,-999,1.0000
1171,-999,1.0000
1172,-999,1.0000
1173,-999,1.0000
1174,-999,1.0000
1175,-999,1.0000
1176,-999,1.0000
1177,-999,1.0000
1178,-999,1.0000
1179,-999,1.0000
1180,-999,1.0000
1181,-999,1.0000
1182,-999,1.0000
1183,-999,1.0000
1184,-999,1.0000
1185,-999,1.0000
1186,-999,1.0000
1187,-999,1.0000
1188,-999,1.0000
1189,-999,1.0000
1190,-999,1.0000
1191,-999,1.0000
1192,-999,1.0000
1193,-999,1.0000
1194,-999,1.0000
1195,-999,1.0000
1196,-999,1.0000
1197,-999,1.0000
1198,-999,1.0000
1199,-999,1.0000
1200,-999,1.0000
1201,-999,1.0000
1202,-999,1.0000
1203,-999,1.0000
1204,-999,1.0000
1205,-999,1.0000
1206,-999,1.0000
1207,-999,1.0000
1208,-999,1.0000
1209,-999,1.0000
1210,-999,1.0000
1211,-999,1.0000
1212,-999,1.0000
1213,-999,1.0000
1214,-999,1.0000
1215,-999,1.0000
1216,-999,1.0000
1217,-999,1.0000
1218,-999,1.0000
1219,-999,1.0000
1220,-999,1.0000
1221,-999,1.0000
1222,-999,1.0000
1223,-999,1.0000
1224,-999,1.0000
1225,-999,1.0000
1226,-999,1.0000
1227,-999,1.0000
1228,-999,1.0000
1229,-999,1.0000
1230,-999,1.0000
1231,-999,1.0000
1232,-999,1.0000
1233,-999,1.0000
1234,-999,1.0000
1235,-999,1.0000
1236,-999,1.0000
1237,-999,1.0000
1238,-999,1.0000
1239,-999,1.0000
1240,-999,1.0000
1241,-999,1.0000
1242,-999,1.0000
1243,-999,1.0000
1244,-999,1.0000
1245,-999,1.0000
1246,-999,1.0000
1247,-999,1.0000
1248,-999,1.0000
1249,-999,1.0000
1250,-999,1.0000
1251,-999,1.0000
1252,-999,1.0000
1253,-999,1.0000
1254,-999,1.0000
1255,-999,1.0000
1256,-999,1.0000
1257,-999,1.0000
1258,-999,1.0000
1259,-999,1.0000
1260,-999,1.0000
1261,-999,1.0000
1262,-999,1.0000
1263,-999,1.0000
1264,-999,1.0000
1265,-999,1.0000
1266,-999,1.0000
1267,-999,1.0000
1268,-999,1.0000
1269,-999,1.0000
1270,-999,1.0000
1271,-999,1.0000
1272,-999,1.0000
1273,-999,1.0000
1274,-999,1.0000
1275,-999,1.0000
1276,-999,1.0000
1277,-999,1.0000
1278,-999,1.0000
1279,-999,1.0000
1280,-999,1.0000
1281,-999,1.0000
1282,-999,1.0000
1283,-999,1.0000
1284,-999,1.0000
1285,-999,1.0000
1286,-999,1.0000
1287,-999,1.0000
1288,-999,1.0000
1289,-999,1.0000
1290,-999,1.0000
1291,-999,1.0000
1292,-999,1.0000
1293,-999,1.0000
1294,-999,1.0000
1295,-999,1.0000
1296,-999,1.0000
1297,-999,1.0000
1298,-999,1.0000
1299,-999,1.0000
1300,-999,1.0000
1301,-999,1.0000
1302,-999,1.0000
1303,-999,1.0000
1304,-999,1.0000
1305,-999,1.0000
1306,-999,1.0000
1307,-999,1.0000
1308,-999,1.0000
1309,-999,1.0000
1310,-999,1.0000
1311,-999,1.0000
1312,-999,1.0000
1313,-999,1.0000
1314,-999,1.0000
1315,-999,1.0000
1316,-999,1.0000
1317,-999,1.0000
1318,-999,1.0000
1319,-999,1.0000
1320,-999,1.0000
1321,-999,1.0000
1322,-999,1.0000
1323,-999,1.0000
1324,-999,1.0000
1325,-999,1.0000
1326,-999,1.0000
1327,-999,1.0000
1328,-999,1.0000
1329,-999,1.0000
1330,-999,1.0000
1331,-999,1.0000
1332,-999,1.0000
1333,-999,1.0000
1334,-999,1.0000
1335,-999,1.0000
1336,-999,1.0000
1337,-999,1.0000
1338,-999,1.0000
1339,-999,1.0000
1340,-999,1.0000
1341,-999,1.0000
1342,-999,1.0000
1343,-999,1.0000
1344,-999,1.0000
1345,-999,1.0000
1346,-999,1.0000
1347,-999,1.0000
1348,-999,1.0000
1349,-999,1.0000
1350,-999,1.0000
1351,-999,1.0000
1352,-999,1.0000
1353,-999,1.0000
1354,-999,1.0000
1355,-999,.9375
1355,5254,.0625
1356,-999,.2941
1356,5254,.7059
1357,5254,1.0000
1358,5254,.8125
1358,-999,.1875
1359,5254,1.0000
1360,5254,1.0000
1361,5254,1.0000
1362,5254,1.0000
1363,5254,1.0000
1364,5254,1.0000
1365,5254,1.0000
1366,5254,1.0000
1367,5254,1.0000
1368,5254,1.0000
1369,5254,1.0000
1370,5254,1.0000
1371,5254,1.0000
1372,5254,1.0000
1373,5254,1.0000
1374,5254,.7500
1374,-999,.2500
1375,-999,.9375
1375,5254,.0625
1376,-999,1.0000
1377,-999,1.0000
1378,-999,1.0000
1379,-999,1.0000
1380,-999,1.0000
1381,-999,1.0000
1382,-999,1.0000
1383,-999,1.0000
1384,-999,1.0000
1385,-999,1.0000
1386,-999,1.0000
1387,-999,1.0000
1388,-999,1.0000
1389,-999,1.0000
1390,-999,1.0000
1391,-999,1.0000
1392,-999,1.0000
1393,-999,1.0000
1394,-999,1.0000
1395,-999,1.0000
1396,-999,1.0000
1397,-999,1.0000
1398,-999,1.0000
1399,-999,1.0000
1400,-999,1.0000
1401,-999,1.0000
1402,-999,1.0000
1403,-999,1.0000
1404,-999,1.0000
1405,-999,1.0000
1406,-999,1.0000
1407,-999,1.0000
1408,-999,1.0000
1409,-999,1.0000
1410,-999,1.0000
1411,-999,1.0000
1412,-999,1.0000
1413,-999,1.0000
1414,-999,1.0000
1415,-999,1.0000
1416,-999,1.0000
1417,-999,1.0000
1418,-999,1.0000
1419,-999,1.0000
1420,-999,1.0000
1421,-999,1.0000
1422,-999,1.0000
1423,-999,1.0000
1424,-999,1.0000
1425,-999,1.0000
1426,-999,1.0000
1427,-999,1.0000
1428,-999,1.0000
1429,-999,1.0000
1430,-999,1.0000
1431,-999,1.0000
1432,-999,1.0000
1433,-999,1.0000
1434,-999,1.0000
1435,-999,1.0000
1436,-999,1.0000
1437,-999,1.0000
1438,-999,1.0000
1439,-999,1.0000
1440,-999,1.0000
1441,-999,1.0000
1442,-999,1.0000
1443,-999,1.0000
1444,-999,1.0000
1445,-999,1.0000
1446,-999,1.0000
1447,-999,1.0000
1448,-999,1.0000
1449,-999,1.0000
1450,-999,1.0000
1451,-999,1.0000
1452,-999,1.0000
1453,-999,1.0000
1454,-999,1.0000
1455,-999,1.0000
1456,-999,1.0000
1457,-999,1.0000
1458,-999,1.0000
1459,-999,1.0000
1460,-999,1.0000
1461,-999,1.0000
1462,-999,1.0000
1463,-999,1.0000
1464,-999,1.0000
1465,-999,1.0000
1466,-999,1.0000
1467,-999,1.0000
1468,-999,1.0000
1469,-999,1.0000
1470,-999,1.0000
1471,-999,1.0000
1472,-999,1.0000
1473,-999,1.0000
1474,-999,1.0000
1475,-999,1.0000
1476,-999,1.0000
1477,-999,1.0000
1478,-999,1.0000
1479,-999,1.0000
1480,-999,1.0000
1481,-999,1.0000
1482,-999,1.0000
1483,-999,1.0000
1484,-999,1.0000
1485,-999,1.0000
1486,-999,1.0000
1487,-999,1.0000
1488,-999,1.0000
1489,-999,1.0000
1490,-999,1.0000
1491,-999,1.0000
1492,-999,1.0000
1493,-999,1.0000
1494,-999,1.0000
1495,-999,1.0000
1496,-999,1.0000
1497,-999,1.0000
1498,-999,1.0000
1499,-999,1.0000
1500,-999,1.0000
1501,-999,1.0000
1502,-999,1.0000
1503,-999,1.0000
1504,-999,1.0000
1505,-999,1.0000
1506,-999,1.0000
1507,-999,1.0000
1508,-999,1.0000
1509,-999,1.0000
1510,-999,1.0000
1511,-999,1.0000
1512,-999,1.0000
1513,-999,1.0000
1514,-999,1.0000
1515,-999,1.0000
1516,-999,1.0000
1517,-999,1.0000
1518,-999,1.0000
1519,-999,1.0000
1520,-999,1.0000
1521,-999,1.0000
1522,-999,1.0000
1523,-999,1.0000
1524,-999,1.0000
1525,-999,1.0000
1526,-999,1.0000
1527,-999,1.0000
1528,-999,1.0000
1529,-999,1.0000
1530,-999,1.0000
1531,-999,1.0000
1532,-999,1.0000
1533,-999,1.0000
1534,-999,1.0000
1535,-999,1.0000
1536,-999,1.0000
1537,-999,1.0000
1538,-999,1.0000
1539,-999,1.0000
1540,-999,1.0000
1541,-999,1.0000
1542,-999,1.0000
1543,-999,1.0000
1544,-999,1.0000
1545,-999,1.0000
1546,-999,1.0000
1547,-999,1.0000
1548,-999,1.0000
1549,-999,1.0000
1550,-999,1.0000
1551,-999,1.0000
1552,-999,1.0000
1553,-999,1.0000
1554,-999,1.0000
1555,-999,1.0000
1556,-999,1.0000
1557,-999,1.0000
1558,-999,1.0000
1559,-999,1.0000
1560,-999,1.0000
1561,-999,1.0000
1562,-999,1.0000
1563,-999,1.0000
1564,-999,1.0000
1565,-999,1.0000
1566,-999,1.0000
1567,-999,1.0000
1568,-999,1.0000
1569,-999,1.0000
1570,-999,1.0000
1571,-999,1.0000
1572,-999,1.0000
1573,-999,1.0000
1574,-999,1.0000
1575,-999,1.0000
1576,-999,1.0000
1577,-999,1.0000
1578,-999,1.0000
1579,-999,1.0000
1580,-999,1.0000
1581,-999,1.0000
1582,-999,1.0000
1583,-999,1.0000
1584,-999,1.0000
1585,-999,1.0000
1586,-999,1.0000
1587,-999,1.0000
1588,-999,1.0000
1589,-999,1.0000
1590,-999,1.0000
1591,-999,1.0000
1592,-999,1.0000
1593,-999,1.0000
1594,-999,1.0000
1595,-999,1.0000
1596,-999,1.0000
1597,-999,1.0000
1598,-999,1.0000
1599,-999,1.0000
1600,-999,1.0000
1601,-999,1.0000
1602,-999,1.0000
1603,-999,1.0000
1604,-999,1.0000
1605,-999,1.0000
1606,-999,1.0000
1607,-999,1.0000
1608,-999,1.0000
1609,-999,1.0000
1610,-999,1.0000
1611,-999,1.0000
1612,-999,1.0000
1613,-999,1.0000
1614,-999,1.0000
1615,-999,1.0000
1616,-999,1.0000
1617,-999,1.0000
1618,-999,1.0000
1619,-999,1.0000
1620,-999,1.0000
1621,-999,1.0000
1622,-999,1.0000
1623,-999,.7500
1623,5254,.2500
1624,5254,.6875
1624,-999,.3125
1625,5254,.6500
1625,-999,.3500
1626,5254,.4375
1626,-999,.5625
1627,5254,1.0000
1628,5254,1.0000
1629,5254,1.0000
1630,5254,1.0000
1631,5254,1.0000
1632,5254,1.0000
1633,5254,1.0000
1634,5254,1.0000
1635,5254,1.0000
1636,5254,1.0000
1637,5254,1.0000
1638,5254,1.0000
1639,5254,1.0000
1640,5254,1.0000
1641,5254,1.0000
1642,5254,1.0000
1643,5254,.5000
1643,-999,.5000
1644,-999,1.0000
1645,-999,1.0000
1646,-999,1.0000
1647,-999,1.0000
1648,-999,1.0000
1649,-999,1.0000
1650,-999,1.0000
1651,-999,1.0000
1652,-999,1.0000
1653,-999,1.0000
1654,-999,1.0000
1655,-999,1.0000
1656,-999,1.0000
1657,-999,1.0000
1658,-999,1.0000
1659,-999,1.0000
1660,-999,1.0000
1661,-999,1.0000
1662,-999,1.0000
1663,-999,1.0000
1664,-999,1.0000
1665,-999,1.0000
1666,-999,1.0000
1667,-999,1.0000
1668,-999,1.0000
1669,-999,1.0000
1670,-999,1.0000
1671,-999,1.0000
1672,-999,1.0000
1673,-999,1.0000
1674,-999,1.0000
1675,-999,1.0000
1676,-999,1.0000
1677,-999,1.0000
1678,-999,1.0000
1679,-999,1.0000
1680,-999,1.0000
1681,-999,1.0000
1682,-999,1.0000
1683,-999,1.0000
1684,-999,1.0000
1685,-999,1.0000
1686,-999,1.0000
1687,-999,1.0000
1688,-999,1.0000
1689,-999,1.0000
1690,-999,1.0000
1691,-999,1.0000
1692,-999,1.0000
1693,-999,1.0000
1694,-999,1.0000
1695,-999,1.0000
1696,-999,1.0000
1697,-999,1.0000
1698,-999,1.0000
1699,-999,1.0000
1700,-999,1.0000
1701,-999,1.0000
1702,-999,1.0000
1703,-999,1.0000
1704,-999,1.0000
1705,-999,1.0000
1706,-999,1.0000
1707,-999,1.0000
1708,-999,1.0000
1709,-999,1.0000
1710,-999,1.0000
1711,-999,1.0000
1712,-999,1.0000
1713,-999,1.0000
1714,-999,1.0000
1715,-999,1.0000
1716,-999,1.0000
1717,-999,1.0000
1718,-999,1.0000
1719,-999,1.0000
1720,-999,1.0000
1721,-999,1.0000
1722,-999,1.0000
1723,-999,1.0000
1724,-999,1.0000
1725,-999,1.0000
1726,-999,1.0000
1727,-999,1.0000
1728,-999,1.0000
1729,-999,1.0000
1730,-999,1.0000
1731,-999,1.0000
1732,-999,1.0000
1733,-999,1.0000
1734,-999,1.0000
1735,-999,1.0000
1736,-999,1.0000
1737,-999,1.0000
1738,-999,1.0000
1739,-999,1.0000
1740,-999,1.0000
1741,-999,1.0000
1742,-999,1.0000
1743,-999,1.0000
1744,-999,1.0000
1745,-999,1.0000
1746,-999,1.0000
1747,-999,1.0000
1748,-999,1.0000
1749,-999,1.0000
1750,-999,1.0000
1751,-999,1.0000
1752,-999,1.0000
1753,-999,1.0000
1754,-999,1.0000
1755,-999,1.0000
1756,-999,1.0000
1757,-999,1.0000
1758,-999,1.0000
1759,-999,1.0000
1760,-999,1.0000
1761,-999,1.0000
1762,-999,1.0000
1763,-999,1.0000
1764,-999,1.0000
1765,-999,1.0000
1766,-999,1.0000
1767,-999,1.0000
1768,-999,1.0000
1769,-999,1.0000
1770,-999,1.0000
1771,-999,1.0000
1772,-999,1.0000
1773,-999,1.0000
1774,-999,1.0000
1775,-999,1.0000
1776,-999,1.0000
1777,-999,1.0000
1778,-999,1.0000
1779,-999,1.0000
1780,-999,1.0000
1781,-999,1.0000
1782,-999,1.0000
1783,-999,1.0000
1784,-999,1.0000
1785,-999,1.0000
1786,-999,1.0000
1787,-999,1.0000
1788,-999,1.0000
1789,-999,1.0000
1790,-999,1.0000
1791,-999,1.0000
1792,-999,1.0000
1793,-999,1.0000
1794,-999,1.0000
1795,-999,1.0000
1796,-999,1.0000
1797,-999,1.0000
1798,-999,1.0000
1799,-999,1.0000
1800,-999,1.0000
1801,-999,1.0000
1802,-999,1.0000
1803,-999,1.0000
1804,-999,1.0000
1805,-999,1.0000
1806,-999,1.0000
1807,-999,1.0000
1808,-999,1.0000
1809,-999,1.0000
1810,-999,1.0000
1811,-999,1.0000
1812,-999,1.0000
1813,-999,1.0000
1814,-999,1.0000
1815,-999,1.0000
1816,-999,1.0000
1817,-999,1.0000
1818,-999,1.0000
1819,-999,1.0000
1820,-999,1.0000
1821,-999,1.0000
1822,-999,1.0000
1823,-999,1.0000
1824,-999,1.0000
1825,-999,1.0000
1826,-999,1.0000
1827,-999,1.0000
1828,-999,1.0000
1829,-999,1.0000
1830,-999,1.0000
1831,-999,1.0000
1832,-999,1.0000
1833,-999,1.0000
1834,-999,1.0000
1835,-999,1.0000
1836,-999,1.0000
1837,-999,1.0000
1838,-999,1.0000
1839,-999,1.0000
1840,-999,1.0000
1841,-999,1.0000
1842,-999,1.0000
1843,-999,1.0000
1844,-999,1.0000
1845,-999,1.0000
1846,-999,1.0000
1847,-999,1.0000
1848,-999,1.0000
1849,-999,1.0000
1850,-999,1.0000
1851,-999,1.0000
1852,-999,1.0000
1853,-999,1.0000
1854,-999,1.0000
1855,-999,1.0000
1856,-999,1.0000
1857,-999,1.0000
1858,-999,1.0000
1859,-999,1.0000
1860,-999,1.0000
1861,-999,1.0000
1862,-999,1.0000
1863,-999,1.0000
1864,-999,1.0000
1865,-999,1.0000
1866,-999,1.0000
1867,-999,1.0000
1868,-999,1.0000
1869,-999,1.0000
1870,-999,1.0000
1871,-999,1.0000
1872,-999,1.0000
1873,-999,1.0000
1874,-999,1.0000
1875,-999,1.0000
1876,-999,1.0000
1877,-999,1.0000
1878,-999,1.0000
1879,-999,1.0000
1880,-999,1.0000
1881,-999,1.0000
1882,-999,1.0000
1883,-999,1.0000
1884,-999,1.0000
1885,-999,1.0000
1886,-999,1.0000
1887,-999,1.0000
1888,-999,1.0000
1889,-999,1.0000
1890,-999,1.0000
1891,-999,1.0000
1892,-999,1.0000
1893,-999,.9500
1893,5254,.0500
1894,-999,.9375
1894,5254,.0625
1895,5254,.8261
1895,-999,.1739
1896,5254,1.0000
1897,5254,1.0000
1898,5254,1.0000
1899,5254,1.0000
1900,5254,.7500
1900,5274,.2500
1901,5254,.2500
1901,5274,.7500
1902,5254,.2500
1902,5274,.7500
1903,5254,.3500
1903,5274,.6500
1904,5254,.6875
1904,5274,.3125
1905,5254,.9500
1905,5274,.0500
1906,5254,1.0000
1907,5254,1.0000
1908,5254,1.0000
1909,5254,1.0000
1910,5254,1.0000
1911,5254,.8750
1911,-999,.1250
1912,-999,.8000
1912,5254,.2000
1913,-999,1.0000
1914,-999,1.0000
1915,-999,1.0000
1916,-999,1.0000
1917,-999,1.0000
1918,-999,1.0000
1919,-999,1.0000
1920,-999,1.0000
1921,-999,1.0000
1922,-999,1.0000
1923,-999,1.0000
1924,-999,1.0000
1925,-999,1.0000
1926,-999,1.0000
1927,-999,1.0000
1928,-999,1.0000
1929,-999,1.0000
1930,-999,1.0000
1931,-999,1.0000
1932,-999,1.0000
1933,-999,1.0000
1934,-999,1.0000
1935,-999,1.0000
1936,-999,1.0000
1937,-999,1.0000
1938,-999,1.0000
1939,-999,1.0000
1940,-999,1.0000
1941,-999,1.0000
1942,-999,1.0000
1943,-999,1.0000
1944,-999,1.0000
1945,-999,1.0000
1946,-999,1.0000
1947,-999,1.0000
1948,-999,1.0000
1949,-999,1.0000
1950,-999,1.0000
1951,-999,1.0000
1952,-999,1.0000
1953,-999,1.0000
1954,-999,1.0000
1955,-999,1.0000
1956,-999,1.0000
1957,-999,1.0000
1958,-999,1.0000
1959,-999,1.0000
1960,-999,1.0000
1961,-999,1.0000
1962,-999,1.0000
1963,-999,1.0000
1964,-999,1.0000
1965,-999,1.0000
1966,-999,1.0000
1967,-999,1.0000
1968,-999,1.0000
1969,-999,1.0000
1970,-999,1.0000
1971,-999,1.0000
1972,-999,1.0000
1973,-999,1.0000
1974,-999,1.0000
1975,-999,1.0000
1976,-999,1.0000
1977,-999,1.0000
1978,-999,1.0000
1979,-999,1.0000
1980,-999,1.0000
1981,-999,1.0000
1982,-999,1.0000
1983,-999,1.0000
1984,-999,1.0000
1985,-999,1.0000
1986,-999,1.0000
1987,-999,1.0000
1988,-999,1.0000
1989,-999,1.0000
1990,-999,1.0000
1991,-999,1.0000
1992,-999,1.0000
1993,-999,1.0000
1994,-999,1.0000
1995,-999,1.0000
1996,-999,1.0000
1997,-999,1.0000
1998,-999,1.0000
1999,-999,1.0000
2000,-999,1.0000
2001,-999,1.0000
2002,-999,1.0000
2003,-999,1.0000
2004,-999,1.0000
2005,-999,1.0000
2006,-999,1.0000
2007,-999,1.0000
2008,-999,1.0000
2009,-999,1.0000
2010,-999,1.0000
2011,-999,1.0000
2012,-999,1.0000
2013,-999,1.0000
2014,-999,1.0000
2015,-999,1.0000
2016,-999,1.0000
2017,-999,1.0000
2018,-999,1.0000
2019,-999,1.0000
2020,-999,1.0000
2021,-999,1.0000
2022,-999,1.0000
2023,-999,1.0000
2024,-999,1.0000
2025,-999,1.0000
2026,-999,1.0000
2027,-999,1.0000
2028,-999,1.0000
2029,-999,1.0000
2030,-999,1.0000
2031,-999,1.0000
2032,-999,1.0000
2033,-999,1.0000
2034,-999,1.0000
2035,-999,1.0000
2036,-999,1.0000
2037,-999,1.0000
2038,-999,1.0000
2039,-999,1.0000
2040,-999,1.0000
2041,-999,1.0000
2042,-999,1.0000
2043,-999,1.0000
2044,-999,1.0000
2045,-999,1.0000
2046,-999,1.0000
2047,-999,1.0000
2048,-999,1.0000
2049,-999,1.0000
2050,-999,1.0000
2051,-999,1.0000
2052,-999,1.0000
2053,-999,1.0000
2054,-999,1.0000
2055,-999,1.0000
2056,-999,1.0000
2057,-999,1.0000
2058,-999,1.0000
2059,-999,1.0000
2060,-999,1.0000
2061,-999,1.0000
2062,-999,1.0000
2063,-999,1.0000
2064,-999,1.0000
2065,-999,1.0000
2066,-999,1.0000
2067,-999,1.0000
2068,-999,1.0000
2069,-999,1.0000
2070,-999,1.0000
2071,-999,1.0000
2072,-999,1.0000
2073,-999,1.0000
2074,-999,1.0000
2075,-999,1.0000
2076,-999,1.0000
2077,-999,1.0000
2078,-999,1.0000
2079,-999,1.0000
2080,-999,1.0000
2081,-999,1.0000
2082,-999,1.0000
2083,-999,1.0000
2084,-999,1.0000
2085,-999,1.0000
2086,-999,1.0000
2087,-999,1.0000
2088,-999,1.0000
2089,-999,1.0000
2090,-999,1.0000
2091,-999,1.0000
2092,-999,1.0000
2093,-999,1.0000
2094,-999,1.0000
2095,-999,1.0000
2096,-999,1.0000
2097,-999,1.0000
2098,-999,1.0000
2099,-999,1.0000
2100,-999,1.0000
2101,-999,1.0000
2102,-999,1.0000
2103,-999,1.0000
2104,-999,1.0000
2105,-999,1.0000
2106,-999,1.0000
2107,-999,1.0000
2108,-999,1.0000
2109,-999,1.0000
2110,-999,1.0000
2111,-999,1.0000
2112,-999,1.0000
2113,-999,1.0000
2114,-999,1.0000
2115,-999,1.0000
2116,-999,1.0000
2117,-999,1.0000
2118,-999,1.0000
2119,-999,1.0000
2120,-999,1.0000
2121,-999,1.0000
2122,-999,1.0000
2123,-999,1.0000
2124,-999,1.0000
2125,-999,1.0000
2126,-999,1.0000
2127,-999,1.0000
2128,-999,1.0000
2129,-999,1.0000
2130,-999,1.0000
2131,-999,1.0000
2132,-999,1.0000
2133,-999,1.0000
2134,-999,1.0000
2135,-999,1.0000
2136,-999,1.0000
2137,-999,1.0000
2138,-999,1.0000
2139,-999,1.0000
2140,-999,1.0000
2141,-999,1.0000
2142,-999,1.0000
2143,-999,1.0000
2144,-999,1.0000
2145,-999,1.0000
2146,-999,1.0000
2147,-999,1.0000
2148,-999,1.0000
2149,-999,1.0000
2150,-999,1.0000
2151,-999,1.0000
2152,-999,1.0000
2153,-999,1.0000
2154,-999,1.0000
2155,-999,1.0000
2156,-999,1.0000
2157,-999,1.0000
2158,-999,1.0000
2159,-999,1.0000
2160,-999,1.0000
2161,-999,1.0000
2162,-999,1.0000
2163,-999,.4286
2163,5254,.5714
2164,5254,1.0000
2165,5254,1.0000
2166,5254,1.0000
2167,5254,1.0000
2168,5254,.8500
2168,5274,.1500
2169,5274,.8125
2169,5254,.1875
2170,5274,1.0000
2171,5274,1.0000
2172,5274,1.0000
2173,5274,.8000
2173,5254,.2000
2174,5254,.4375
2174,5274,.5625
2175,5254,.5625
2175,5274,.4375
2176,5254,.7500
2176,5274,.2500
2177,5254,.7500
2177,5274,.2500
2178,5254,.6522
2178,5274,.3478
2179,5254,.6000
2179,5274,.4000
2180,5254,.4762
2180,-999,.0952
2180,5274,.4286
2181,-999,.7200
2181,5254,.0400
2181,5274,.2400
2182,-999,1.0000
2183,-999,1.0000
2184,-999,1.0000
2185,-999,1.0000
2186,-999,1.0000
2187,-999,1.0000
2188,-999,1.0000
2189,-999,1.0000
2190,-999,1.0000
2191,-999,1.0000
2192,-999,1.0000
2193,-999,1.0000
2194,-999,1.0000
2195,-999,1.0000
2196,-999,1.0000
2197,-999,1.0000
2198,-999,1.0000
2199,-999,1.0000
2200,-999,1.0000
2201,-999,1.0000
2202,-999,1.0000
2203,-999,1.0000
2204,-999,1.0000
2205,-999,1.0000
2206,-999,1.0000
2207,-999,1.0000
2208,-999,1.0000
2209,-999,1.0000
2210,-999,1.0000
2211,-999,1.0000
2212,-999,1.0000
2213,-999,1.0000
2214,-999,1.0000
2215,-999,1.0000
2216,-999,1.0000
2217,-999,1.0000
2218,-999,1.0000
2219,-999,1.0000
2220,-999,1.0000
2221,-999,1.0000
2222,-999,1.0000
2223,-999,1.0000
2224,-999,1.0000
2225,-999,1.0000
2226,-999,1.0000
2227,-999,1.0000
2228,-999,1.0000
2229,-999,1.0000
2230,-999,1.0000
2231,-999,1.0000
2232,-999,1.0000
2233,-999,1.0000
2234,-999,1.0000
2235,-999,1.0000
2236,-999,1.0000
2237,-999,1.0000
2238,-999,1.0000
2239,-999,1.0000
2240,-999,1.0000
2241,-999,1.0000
2242,-999,1.0000
2243,-999,1.0000
2244,-999,1.0000
2245,-999,1.0000
2246,-999,1.0000
2247,-999,1.0000
2248,-999,1.0000
2249,-999,1.0000
2250,-999,1.0000
2251,-999,1.0000
2252,-999,1.0000
2253,-999,1.0000
2254,-999,1.0000
2255,-999,1.0000
2256,-999,1.0000
2257,-999,1.0000
2258,-999,1.0000
2259,-999,1.0000
2260,-999,1.0000
2261,-999,1.0000
2262,-999,1.0000
2263,-999,1.0000
2264,-999,1.0000
2265,-999,1.0000
2266,-999,1.0000
2267,-999,1.0000
2268,-999,1.0000
2269,-999,1.0000
2270,-999,1.0000
2271,-999,1.0000
2272,-999,1.0000
2273,-999,1.0000
2274,-999,1.0000
2275,-999,1.0000
2276,-999,1.0000
2277,-999,1.0000
2278,-999,1.0000
2279,-999,1.0000
2280,-999,1.0000
2281,-999,1.0000
2282,-999,1.0000
2283,-999,1.0000
2284,-999,1.0000
2285,-999,1.0000
2286,-999,1.0000
2287,-999,1.0000
2288,-999,1.0000
2289,-999,1.0000
2290,-999,1.0000
2291,-999,1.0000
2292,-999,1.0000
2293,-999,1.0000
2294,-999,1.0000
2295,-999,1.0000
2296,-999,1.0000
2297,-999,1.0000
2298,-999,1.0000
2299,-999,1.0000
2300,-999,1.0000
2301,-999,1.0000
2302,-999,1.0000
2303,-999,1.0000
2304,-999,1.0000
2305,-999,1.0000
2306,-999,1.0000
2307,-999,1.0000
2308,-999,1.0000
2309,-999,1.0000
2310,-999,1.0000
2311,-999,1.0000
2312,-999,1.0000
2313,-999,1.0000
2314,-999,1.0000
2315,-999,1.0000
2316,-999,1.0000
2317,-999,1.0000
2318,-999,1.0000
2319,-999,1.0000
2320,-999,1.0000
2321,-999,1.0000
2322,-999,1.0000
2323,-999,1.0000
2324,-999,1.0000
2325,-999,1.0000
2326,-999,1.0000
2327,-999,1.0000
2328,-999,1.0000
2329,-999,1.0000
2330,-999,1.0000
2331,-999,1.0000
2332,-999,1.0000
2333,-999,1.0000
2334,-999,1.0000
2335,-999,1.0000
2336,-999,1.0000
2337,-999,1.0000
2338,-999,1.0000
2339,-999,1.0000
2340,-999,1.0000
2341,-999,1.0000
2342,-999,1.0000
2343,-999,1.0000
2344,-999,1.0000
2345,-999,1.0000
2346,-999,1.0000
2347,-999,1.0000
2348,-999,1.0000
2349,-999,1.0000
2350,-999,1.0000
2351,-999,1.0000
2352,-999,1.0000
2353,-999,1.0000
2354,-999,1.0000
2355,-999,1.0000
2356,-999,1.0000
2357,-999,1.0000
2358,-999,1.0000
2359,-999,1.0000
2360,-999,1.0000
2361,-999,1.0000
2362,-999,1.0000
2363,-999,1.0000
2364,-999,1.0000
2365,-999,1.0000
2366,-999,1.0000
2367,-999,1.0000
2368,-999,1.0000
2369,-999,1.0000
2370,-999,1.0000
2371,-999,1.0000
2372,-999,1.0000
2373,-999,1.0000
2374,-999,1.0000
2375,-999,1.0000
2376,-999,1.0000
2377,-999,1.0000
2378,-999,1.0000
2379,-999,1.0000
2380,-999,1.0000
2381,-999,1.0000
2382,-999,1.0000
2383,-999,1.0000
2384,-999,1.0000
2385,-999,1.0000
2386,-999,1.0000
2387,-999,1.0000
2388,-999,1.0000
2389,-999,1.0000
2390,-999,1.0000
2391,-999,1.0000
2392,-999,1.0000
2393,-999,1.0000
2394,-999,1.0000
2395,-999,1.0000
2396,-999,1.0000
2397,-999,1.0000
2398,-999,1.0000
2399,-999,1.0000
2400,-999,1.0000
2401,-999,1.0000
2402,-999,1.0000
2403,-999,1.0000
2404,-999,1.0000
2405,-999,1.0000
2406,-999,1.0000
2407,-999,1.0000
2408,-999,1.0000
2409,-999,1.0000
2410,-999,1.0000
2411,-999,1.0000
2412,-999,1.0000
2413,-999,1.0000
2414,-999,1.0000
2415,-999,1.0000
2416,-999,1.0000
2417,-999,1.0000
2418,-999,1.0000
2419,-999,1.0000
2420,-999,1.0000
2421,-999,1.0000
2422,-999,1.0000
2423,-999,1.0000
2424,-999,1.0000
2425,-999,1.0000
2426,-999,1.0000
2427,-999,1.0000
2428,-999,1.0000
2429,-999,.8000
2429,5254,.2000
2430,-999,.4375
2430,5254,.5625
2431,-999,.0625
2431,5254,.9375
2432,5254,1.0000
2433,5254,1.0000
2434,5254,1.0000
2435,5254,1.0000
2436,5254,1.0000
2437,5254,.7368
2437,5274,.2632
2438,5274,1.0000
2439,5274,1.0000
2440,5274,1.0000
2441,5274,1.0000
2442,5274,1.0000
2443,5274,1.0000
2444,5274,1.0000
2445,5274,1.0000
2446,5274,1.0000
2447,5274,1.0000
2448,5274,1.0000
2449,5274,.5000
2449,-999,.5000
2450,-999,1.0000
2451,-999,1.0000
2452,-999,1.0000
2453,-999,1.0000
2454,-999,1.0000
2455,-999,1.0000
2456,-999,1.0000
2457,-999,1.0000
2458,-999,1.0000
2459,-999,1.0000
2460,-999,1.0000
2461,-999,1.0000
2462,-999,1.0000
2463,-999,1.0000
2464,-999,1.0000
2465,-999,1.0000
2466,-999,1.0000
2467,-999,1.0000
2468,-999,1.0000
2469,-999,1.0000
2470,-999,1.0000
2471,-999,1.0000
2472,-999,1.0000
2473,-999,1.0000
2474,-999,1.0000
2475,-999,1.0000
2476,-999,1.0000
2477,-999,1.0000
2478,-999,1.0000
2479,-999,1.0000
2480,-999,1.0000
2481,-999,1.0000
2482,-999,1.0000
2483,-999,1.0000
2484,-999,1.0000
2485,-999,1.0000
2486,-999,1.0000
2487,-999,1.0000
2488,-999,1.0000
2489,-999,1.0000
2490,-999,1.0000
2491,-999,1.0000
2492,-999,1.0000
2493,-999,1.0000
2494,-999,1.0000
2495,-999,1.0000
2496,-999,1.0000
2497,-999,1.0000
2498,-999,1.0000
2499,-999,1.0000
2500,-999,1.0000
2501,-999,1.0000
2502,-999,1.0000
2503,-999,1.0000
2504,-999,1.0000
2505,-999,1.0000
2506,-999,1.0000
2507,-999,1.0000
2508,-999,1.0000
2509,-999,1.0000
2510,-999,1.0000
2511,-999,1.0000
2512,-999,1.0000
2513,-999,1.0000
2514,-999,1.0000
2515,-999,1.0000
2516,-999,1.0000
2517,-999,1.0000
2518,-999,1.0000
2519,-999,1.0000
2520,-999,1.0000
2521,-999,1.0000
2522,-999,1.0000
2523,-999,1.0000
2524,-999,1.0000
2525,-999,1.0000
2526,-999,1.0000
2527,-999,1.0000
2528,-999,1.0000
2529,-999,1.0000
2530,-999,1.0000
2531,-999,1.0000
2532,-999,1.0000
2533,-999,1.0000
2534,-999,1.0000
2535,-999,1.0000
2536,-999,1.0000
2537,-999,1.0000
2538,-999,1.0000
2539,-999,1.0000
2540,-999,1.0000
2541,-999,1.0000
2542,-999,1.0000
2543,-999,1.0000
2544,-999,1.0000
2545,-999,1.0000
2546,-999,1.0000
2547,-999,1.0000
2548,-999,1.0000
2549,-999,1.0000
2550,-999,1.0000
2551,-999,1.0000
2552,-999,1.0000
2553,-999,1.0000
2554,-999,1.0000
2555,-999,1.0000
2556,-999,1.0000
2557,-999,1.0000
2558,-999,1.0000
2559,-999,1.0000
2560,-999,1.0000
2561,-999,1.0000
2562,-999,1.0000
2563,-999,1.0000
2564,-999,1.0000
2565,-999,1.0000
2566,-999,1.0000
2567,-999,1.0000
2568,-999,1.0000
2569,-999,1.0000
2570,-999,1.0000
2571,-999,1.0000
2572,-999,1.0000
2573,-999,1.0000
2574,-999,1.0000
2575,-999,1.0000
2576,-999,1.0000
2577,-999,1.0000
2578,-999,1.0000
2579,-999,1.0000
2580,-999,1.0000
2581,-999,1.0000
2582,-999,1.0000
2583,-999,1.0000
2584,-999,1.0000
2585,-999,1.0000
2586,-999,1.0000
2587,-999,1.0000
2588,-999,1.0000
2589,-999,1.0000
2590,-999,1.0000
2591,-999,1.0000
2592,-999,1.0000
2593,-999,1.0000
2594,-999,1.0000
2595,-999,1.0000
2596,-999,1.0000
2597,-999,1.0000
2598,-999,1.0000
2599,-999,1.0000
2600,-999,1.0000
2601,-999,1.0000
2602,-999,1.0000
2603,-999,1.0000
2604,-999,1.0000
2605,-999,1.0000
2606,-999,1.0000
2607,-999,1.0000
2608,-999,1.0000
2609,-999,1.0000
2610,-999,1.0000
2611,-999,1.0000
2612,-999,1.0000
2613,-999,1.0000
2614,-999,1.0000
2615,-999,1.0000
2616,-999,1.0000
2617,-999,1.0000
2618,-999,1.0000
2619,-999,1.0000
2620,-999,1.0000
2621,-999,1.0000
2622,-999,1.0000
2623,-999,1.0000
2624,-999,1.0000
2625,-999,1.0000
2626,-999,1.0000
2627,-999,1.0000
2628,-999,1.0000
2629,-999,1.0000
2630,-999,1.0000
2631,-999,1.0000
2632,-999,1.0000
2633,-999,1.0000
2634,-999,1.0000
2635,-999,1.0000
2636,-999,1.0000
2637,-999,1.0000
2638,-999,1.0000
2639,-999,1.0000
2640,-999,1.0000
2641,-999,1.0000
2642,-999,1.0000
2643,-999,1.0000
2644,-999,1.0000
2645,-999,1.0000
2646,-999,1.0000
2647,-999,1.0000
2648,-999,1.0000
2649,-999,1.0000
2650,-999,1.0000
2651,-999,1.0000
2652,-999,1.0000
2653,-999,1.0000
2654,-999,1.0000
2655,-999,1.0000
2656,-999,1.0000
2657,-999,1.0000
2658,-999,1.0000
2659,-999,1.0000
2660,-999,1.0000
2661,-999,1.0000
2662,-999,1.0000
2663,-999,1.0000
2664,-999,1.0000
2665,-999,1.0000
2666,-999,1.0000
2667,-999,1.0000
2668,-999,1.0000
2669,-999,1.0000
2670,-999,1.0000
2671,-999,1.0000
2672,-999,1.0000
2673,-999,1.0000
2674,-999,1.0000
2675,-999,1.0000
2676,-999,1.0000
2677,-999,1.0000
2678,-999,1.0000
2679,-999,1.0000
2680,-999,1.0000
2681,-999,1.0000
2682,-999,1.0000
2683,-999,1.0000
2684,-999,1.0000
2685,-999,1.0000
2686,-999,1.0000
2687,-999,1.0000
2688,-999,1.0000
2689,-999,1.0000
2690,-999,1.0000
2691,-999,1.0000
2692,-999,1.0000
2693,-999,1.0000
2694,-999,1.0000
2695,-999,.7000
2695,5254,.3000
2696,-999,.5000
2696,5254,.5000
2697,-999,.2000
2697,5254,.8000
2698,5254,1.0000
2699,5254,1.0000
2700,5254,1.0000
2701,5254,1.0000
2702,5254,1.0000
2703,5254,1.0000
2704,5254,1.0000
2705,5254,.8000
2705,5274,.2000
2706,5274,1.0000
2707,5274,1.0000
2708,5274,1.0000
2709,5274,1.0000
2710,5274,1.0000
2711,5274,1.0000
2712,5274,1.0000
2713,5274,1.0000
2714,5274,1.0000
2715,5274,1.0000
2716,5274,1.0000
2717,5274,.6000
2717,-999,.4000
2718,-999,1.0000
2719,-999,1.0000
2720,-999,1.0000
2721,-999,1.0000
2722,-999,1.0000
2723,-999,1.0000
2724,-999,1.0000
2725,-999,1.0000
2726,-999,1.0000
2727,-999,1.0000
2728,-999,1.0000
2729,-999,1.0000
2730,-999,1.0000
2731,-999,1.0000
2732,-999,1.0000
2733,-999,1.0000
2734,-999,1.0000
2735,-999,1.0000
2736,-999,1.0000
2737,-999,1.0000
2738,-999,1.0000
2739,-999,1.0000
2740,-999,1.0000
2741,-999,1.0000
2742,-999,1.0000
2743,-999,1.0000
2744,-999,1.0000
2745,-999,1.0000
2746,-999,1.0000
2747,-999,1.0000
2748,-999,1.0000
2749,-999,1.0000
2750,-999,1.0000
2751,-999,1.0000
2752,-999,1.0000
2753,-999,1.0000
2754,-999,1.0000
2755,-999,1.0000
2756,-999,1.0000
2757,-999,1.0000
2758,-999,1.0000
2759,-999,1.0000
2760,-999,1.0000
2761,-999,1.0000
2762,-999,1.0000
2763,-999,1.0000
2764,-999,1.0000
2765,-999,1.0000
2766,-999,1.0000
2767,-999,1.0000
2768,-999,1.0000
2769,-999,1.0000
2770,-999,1.0000
2771,-999,1.0000
2772,-999,1.0000
2773,-999,1.0000
2774,-999,1.0000
2775,-999,1.0000
2776,-999,1.0000
2777,-999,1.0000
2778,-999,1.0000
2779,-999,1.0000
2780,-999,1.0000
2781,-999,1.0000
2782,-999,1.0000
2783,-999,1.0000
2784,-999,1.0000
2785,-999,1.0000
2786,-999,1.0000
2787,-999,1.0000
2788,-999,1.0000
2789,-999,1.0000
2790,-999,1.0000
2791,-999,1.0000
2792,-999,1.0000
2793,-999,1.0000
2794,-999,1.0000
2795,-999,1.0000
2796,-999,1.0000
2797,-999,1.0000
2798,-999,1.0000
2799,-999,1.0000
2800,-999,1.0000
2801,-999,1.0000
2802,-999,1.0000
2803,-999,1.0000
2804,-999,1.0000
2805,-999,1.0000
2806,-999,1.0000
2807,-999,1.0000
2808,-999,1.0000
2809,-999,1.0000
2810,-999,1.0000
2811,-999,1.0000
2812,-999,1.0000
2813,-999,1.0000
2814,-999,1.0000
2815,-999,1.0000
2816,-999,1.0000
2817,-999,1.0000
2818,-999,1.0000
2819,-999,1.0000
2820,-999,1.0000
2821,-999,1.0000
2822,-999,1.0000
2823,-999,1.0000
2824,-999,1.0000
2825,-999,1.0000
2826,-999,1.0000
2827,-999,1.0000
2828,-999,1.0000
2829,-999,1.0000
2830,-999,1.0000
2831,-999,1.0000
2832,-999,1.0000
2833,-999,1.0000
2834,-999,1.0000
2835,-999,1.0000
2836,-999,1.0000
2837,-999,1.0000
2838,-999,1.0000
2839,-999,1.0000
2840,-999,1.0000
2841,-999,1.0000
2842,-999,1.0000
2843,-999,1.0000
2844,-999,1.0000
2845,-999,1.0000
2846,-999,1.0000
2847,-999,1.0000
2848,-999,1.0000
2849,-999,1.0000
2850,-999,1.0000
2851,-999,1.0000
2852,-999,1.0000
2853,-999,1.0000
2854,-999,1.0000
2855,-999,1.0000
2856,-999,1.0000
2857,-999,1.0000
2858,-999,1.0000
2859,-999,1.0000
2860,-999,1.0000
2861,-999,1.0000
2862,-999,1.0000
2863,-999,1.0000
2864,-999,1.0000
2865,-999,1.0000
2866,-999,1.0000
2867,-999,1.0000
2868,-999,1.0000
2869,-999,1.0000
2870,-999,1.0000
2871,-999,1.0000
2872,-999,1.0000
2873,-999,1.0000
2874,-999,1.0000
2875,-999,1.0000
2876,-999,1.0000
2877,-999,1.0000
2878,-999,1.0000
2879,-999,1.0000
2880,-999,1.0000
2881,-999,1.0000
2882,-999,1.0000
2883,-999,1.0000
2884,-999,1.0000
2885,-999,1.0000
2886,-999,1.0000
2887,-999,1.0000
2888,-999,1.0000
2889,-999,1.0000
2890,-999,1.0000
2891,-999,1.0000
2892,-999,1.0000
2893,-999,1.0000
2894,-999,1.0000
2895,-999,1.0000
2896,-999,1.0000
2897,-999,1.0000
2898,-999,1.0000
2899,-999,1.0000
2900,-999,1.0000
2901,-999,1.0000
2902,-999,1.0000
2903,-999,1.0000
2904,-999,1.0000
2905,-999,1.0000
2906,-999,1.0000
2907,-999,1.0000
2908,-999,1.0000
2909,-999,1.0000
2910,-999,1.0000
2911,-999,1.0000
2912,-999,1.0000
2913,-999,1.0000
2914,-999,1.0000
2915,-999,1.0000
2916,-999,1.0000
2917,-999,1.0000
2918,-999,1.0000
2919,-999,1.0000
2920,-999,1.0000
2921,-999,1.0000
2922,-999,1.0000
2923,-999,1.0000
2924,-999,1.0000
2925,-999,1.0000
2926,-999,1.0000
2927,-999,1.0000
2928,-999,1.0000
2929,-999,1.0000
2930,-999,1.0000
2931,-999,1.0000
2932,-999,1.0000
2933,-999,1.0000
2934,-999,1.0000
2935,-999,1.0000
2936,-999,1.0000
2937,-999,1.0000
2938,-999,1.0000
2939,-999,1.0000
2940,-999,1.0000
2941,-999,1.0000
2942,-999,1.0000
2943,-999,1.0000
2944,-999,1.0000
2945,-999,1.0000
2946,-999,1.0000
2947,-999,1.0000
2948,-999,1.0000
2949,-999,1.0000
2950,-999,1.0000
2951,-999,1.0000
2952,-999,1.0000
2953,-999,1.0000
2954,-999,1.0000
2955,-999,1.0000
2956,-999,1.0000
2957,-999,1.0000
2958,-999,1.0000
2959,-999,1.0000
2960,-999,1.0000
2961,-999,.8500
2961,5254,.1500
2962,-999,.3750
2962,5254,.6250
2963,-999,.1000
2963,5254,.9000
2964,5254,.8750
2964,-999,.1250
2965,5254,1.0000
2966,5254,1.0000
2967,5254,1.0000
2968,5254,1.0000
2969,5254,1.0000
2970,5254,1.0000
2971,5254,1.0000
2972,5254,.9500
2972,5274,.0500
2973,5254,.4000
2973,5274,.6000
2974,5274,1.0000
2975,5274,1.0000
2976,5274,1.0000
2977,5274,1.0000
2978,5274,1.0000
2979,5274,1.0000
2980,5274,1.0000
2981,5274,1.0000
2982,5274,1.0000
2983,5274,1.0000
2984,5274,1.0000
2985,5274,.3000
2985,-999,.7000
2986,-999,1.0000
2987,-999,1.0000
2988,-999,1.0000
2989,-999,1.0000
2990,-999,1.0000
2991,-999,1.0000
2992,-999,1.0000
2993,-999,1.0000
2994,-999,1.0000
2995,-999,1.0000
2996,-999,1.0000
2997,-999,1.0000
2998,-999,1.0000
2999,-999,1.0000
3000,-999,1.0000
3001,-999,1.0000
3002,-999,1.0000
3003,-999,1.0000
3004,-999,1.0000
3005,-999,1.0000
3006,-999,1.0000
3007,-999,1.0000
3008,-999,1.0000
3009,-999,1.0000
3010,-999,1.0000
3011,-999,1.0000
3012,-999,1.0000
3013,-999,1.0000
3014,-999,1.0000
3015,-999,1.0000
3016,-999,1.0000
3017,-999,1.0000
3018,-999,1.0000
3019,-999,1.0000
3020,-999,1.0000
3021,-999,1.0000
3022,-999,1.0000
3023,-999,1.0000
3024,-999,1.0000
3025,-999,1.0000
3026,-999,1.0000
3027,-999,1.0000
3028,-999,1.0000
3029,-999,1.0000
3030,-999,1.0000
3031,-999,1.0000
3032,-999,1.0000
3033,-999,1.0000
3034,-999,1.0000
3035,-999,1.0000
3036,-999,1.0000
3037,-999,1.0000
3038,-999,1.0000
3039,-999,1.0000
3040,-999,1.0000
3041,-999,1.0000
3042,-999,1.0000
3043,-999,1.0000
3044,-999,1.0000
3045,-999,1.0000
3046,-999,1.0000
3047,-999,1.0000
3048,-999,1.0000
3049,-999,1.0000
3050,-999,1.0000
3051,-999,1.0000
3052,-999,1.0000
3053,-999,1.0000
3054,-999,1.0000
3055,-999,1.0000
3056,-999,1.0000
3057,-999,1.0000
3058,-999,1.0000
3059,-999,1.0000
3060,-999,1.0000
3061,-999,1.0000
3062,-999,1.0000
3063,-999,1.0000
3064,-999,1.0000
3065,-999,1.0000
3066,-999,1.0000
3067,-999,1.0000
3068,-999,1.0000
3069,-999,1.0000
3070,-999,1.0000
3071,-999,1.0000
3072,-999,1.0000
3073,-999,1.0000
3074,-999,1.0000
3075,-999,1.0000
3076,-999,1.0000
3077,-999,1.0000
3078,-999,1.0000
3079,-999,1.0000
3080,-999,1.0000
3081,-999,1.0000
3082,-999,1.0000
3083,-999,1.0000
3084,-999,1.0000
3085,-999,1.0000
3086,-999,1.0000
3087,-999,1.0000
3088,-999,1.0000
3089,-999,1.0000
3090,-999,1.0000
3091,-999,1.0000
3092,-999,1.0000
3093,-999,1.0000
3094,-999,1.0000
3095,-999,1.0000
3096,-999,1.0000
3097,-999,1.0000
3098,-999,1.0000
3099,-999,1.0000
3100,-999,1.0000
3101,-999,1.0000
3102,-999,1.0000
3103,-999,1.0000
3104,-999,1.0000
3105,-999,1.0000
3106,-999,1.0000
3107,-999,1.0000
3108,-999,1.0000
3109,-999,1.0000
3110,-999,1.0000
3111,-999,1.0000
3112,-999,1.0000
3113,-999,1.0000
3114,-999,1.0000
3115,-999,1.0000
3116,-999,1.0000
3117,-999,1.0000
3118,-999,1.0000
3119,-999,1.0000
3120,-999,1.0000
3121,-999,1.0000
3122,-999,1.0000
3123,-999,1.0000
3124,-999,1.0000
3125,-999,1.0000
3126,-999,1.0000
3127,-999,1.0000
3128,-999,1.0000
3129,-999,1.0000
3130,-999,1.0000
3131,-999,1.0000
3132,-999,1.0000
3133,-999,1.0000
3134,-999,1.0000
3135,-999,1.0000
3136,-999,1.0000
3137,-999,1.0000
3138,-999,1.0000
3139,-999,1.0000
3140,-999,1.0000
3141,-999,1.0000
3142,-999,1.0000
3143,-999,1.0000
3144,-999,1.0000
3145,-999,1.0000
3146,-999,1.0000
3147,-999,1.0000
3148,-999,1.0000
3149,-999,1.0000
3150,-999,1.0000
3151,-999,1.0000
3152,-999,1.0000
3153,-999,1.0000
3154,-999,1.0000
3155,-999,1.0000
3156,-999,1.0000
3157,-999,1.0000
3158,-999,1.0000
3159,-999,1.0000
3160,-999,1.0000
3161,-999,1.0000
3162,-999,1.0000
3163,-999,1.0000
3164,-999,1.0000
3165,-999,1.0000
3166,-999,1.0000
3167,-999,1.0000
3168,-999,1.0000
3169,-999,1.0000
3170,-999,1.0000
3171,-999,1.0000
3172,-999,1.0000
3173,-999,1.0000
3174,-999,1.0000
3175,-999,1.0000
3176,-999,1.0000
3177,-999,1.0000
3178,-999,1.0000
3179,-999,1.0000
3180,-999,1.0000
3181,-999,1.0000
3182,-999,1.0000
3183,-999,1.0000
3184,-999,1.0000
3185,-999,1.0000
3186,-999,1.0000
3187,-999,1.0000
3188,-999,1.0000
3189,-999,1.0000
3190,-999,1.0000
3191,-999,1.0000
3192,-999,1.0000
3193,-999,1.0000
3194,-999,1.0000
3195,-999,1.0000
3196,-999,1.0000
3197,-999,1.0000
3198,-999,1.0000
3199,-999,1.0000
3200,-999,1.0000
3201,-999,1.0000
3202,-999,1.0000
3203,-999,1.0000
3204,-999,1.0000
3205,-999,1.0000
3206,-999,1.0000
3207,-999,1.0000
3208,-999,1.0000
3209,-999,1.0000
3210,-999,1.0000
3211,-999,1.0000
3212,-999,1.0000
3213,-999,1.0000
3214,-999,1.0000
3215,-999,1.0000
3216,-999,1.0000
3217,-999,1.0000
3218,-999,1.0000
3219,-999,1.0000
3220,-999,1.0000
3221,-999,1.0000
3222,-999,1.0000
3223,-999,1.0000
3224,-999,1.0000
3225,-999,1.0000
3226,-999,1.0000
3227,-999,1.0000
3228,-999,1.0000
3229,-999,.4500
3229,5254,.5500
3230,5254,1.0000
3231,5254,1.0000
3232,5254,1.0000
3233,5254,1.0000
3234,5254,1.0000
3235,5254,1.0000
3236,5254,1.0000
3237,5254,1.0000
3238,5254,1.0000
3239,5254,.8571
3239,5274,.1429
3240,5254,.2500
3240,5274,.7500
3241,5274,1.0000
3242,5274,1.0000
3243,5274,1.0000
3244,5274,1.0000
3245,5274,1.0000
3246,5274,1.0000
3247,5274,1.0000
3248,5274,1.0000
3249,5274,1.0000
3250,5274,1.0000
3251,5274,1.0000
3252,5274,.8125
3252,-999,.1875
3253,5274,.1000
3253,-999,.9000
3254,-999,1.0000
3255,-999,1.0000
3256,-999,1.0000
3257,-999,1.0000
3258,-999,1.0000
3259,-999,1.0000
3260,-999,1.0000
3261,-999,1.0000
3262,-999,1.0000
3263,-999,1.0000
3264,-999,1.0000
3265,-999,1.0000
3266,-999,1.0000
3267,-999,1.0000
3268,-999,1.0000
3269,-999,1.0000
3270,-999,1.0000
3271,-999,1.0000
3272,-999,1.0000
3273,-999,1.0000
3274,-999,1.0000
3275,-999,1.0000
3276,-999,1.0000
3277,-999,1.0000
3278,-999,1.0000
3279,-999,1.0000
3280,-999,1.0000
3281,-999,1.0000
3282,-999,1.0000
3283,-999,1.0000
3284,-999,1.0000
3285,-999,1.0000
3286,-999,1.0000
3287,-999,1.0000
3288,-999,1.0000
3289,-999,1.0000
3290,-999,1.0000
3291,-999,1.0000
3292,-999,1.0000
3293,-999,1.0000
3294,-999,1.0000
3295,-999,1.0000
3296,-999,1.0000
3297,-999,1.0000
3298,-999,1.0000
3299,-999,1.0000
3300,-999,1.0000
3301,-999,1.0000
3302,-999,1.0000
3303,-999,1.0000
3304,-999,1.0000
3305,-999,1.0000
3306,-999,1.0000
3307,-999,1.0000
3308,-999,1.0000
3309,-999,1.0000
3310,-999,1.0000
3311,-999,1.0000
3312,-999,1.0000
3313,-999,1.0000
3314,-999,1.0000
3315,-999,1.0000
3316,-999,1.0000
3317,-999,1.0000
3318,-999,1.0000
3319,-999,1.0000
3320,-999,1.0000
3321,-999,1.0000
3322,-999,1.0000
3323,-999,1.0000
3324,-999,1.0000
3325,-999,1.0000
3326,-999,1.0000
3327,-999,1.0000
3328,-999,1.0000
3329,-999,1.0000
3330,-999,1.0000
3331,-999,1.0000
3332,-999,1.0000
3333,-999,1.0000
3334,-999,1.0000
3335,-999,1.0000
3336,-999,1.0000
3337,-999,1.0000
3338,-999,1.0000
3339,-999,1.0000
3340,-999,1.0000
3341,-999,1.0000
3342,-999,1.0000
3343,-999,1.0000
3344,-999,1.0000
3345,-999,1.0000
3346,-999,1.0000
3347,-999,1.0000
3348,-999,1.0000
3349,-999,1.0000
3350,-999,1.0000
3351,-999,1.0000
3352,-999,1.0000
3353,-999,1.0000
3354,-999,1.0000
3355,-999,1.0000
3356,-999,1.0000
3357,-999,1.0000
3358,-999,1.0000
3359,-999,1.0000
3360,-999,1.0000
3361,-999,1.0000
3362,-999,1.0000
3363,-999,1.0000
3364,-999,1.0000
3365,-999,1.0000
3366,-999,1.0000
3367,-999,1.0000
3368,-999,1.0000
3369,-999,1.0000
3370,-999,1.0000
3371,-999,1.0000
3372,-999,1.0000
3373,-999,1.0000
3374,-999,1.0000
3375,-999,1.0000
3376,-999,1.0000
3377,-999,1.0000
3378,-999,1.0000
3379,-999,1.0000
3380,-999,1.0000
3381,-999,1.0000
3382,-999,1.0000
3383,-999,1.0000
3384,-999,1.0000
3385,-999,1.0000
3386,-999,1.0000
3387,-999,1.0000
3388,-999,1.0000
3389,-999,1.0000
3390,-999,1.0000
3391,-999,1.0000
3392,-999,1.0000
3393,-999,1.0000
3394,-999,1.0000
3395,-999,1.0000
3396,-999,1.0000
3397,-999,1.0000
3398,-999,1.0000
3399,-999,1.0000
3400,-999,1.0000
3401,-999,1.0000
3402,-999,1.0000
3403,-999,1.0000
3404,-999,1.0000
3405,-999,1.0000
3406,-999,1.0000
3407,-999,1.0000
3408,-999,1.0000
3409,-999,1.0000
3410,-999,1.0000
3411,-999,1.0000
3412,-999,1.0000
3413,-999,1.0000
3414,-999,1.0000
3415,-999,1.0000
3416,-999,1.0000
3417,-999,1.0000
3418,-999,1.0000
3419,-999,1.0000
3420,-999,1.0000
3421,-999,1.0000
3422,-999,1.0000
3423,-999,1.0000
3424,-999,1.0000
3425,-999,1.0000
3426,-999,1.0000
3427,-999,1.0000
3428,-999,1.0000
3429,-999,1.0000
3430,-999,1.0000
3431,-999,1.0000
3432,-999,1.0000
3433,-999,1.0000
3434,-999,1.0000
3435,-999,1.0000
3436,-999,1.0000
3437,-999,1.0000
3438,-999,1.0000
3439,-999,1.0000
3440,-999,1.0000
3441,-999,1.0000
3442,-999,1.0000
3443,-999,1.0000
3444,-999,1.0000
3445,-999,1.0000
3446,-999,1.0000
3447,-999,1.0000
3448,-999,1.0000
3449,-999,1.0000
3450,-999,1.0000
3451,-999,1.0000
3452,-999,1.0000
3453,-999,1.0000
3454,-999,1.0000
3455,-999,1.0000
3456,-999,1.0000
3457,-999,1.0000
3458,-999,1.0000
3459,-999,1.0000
3460,-999,1.0000
3461,-999,1.0000
3462,-999,1.0000
3463,-999,1.0000
3464,-999,1.0000
3465,-999,1.0000
3466,-999,1.0000
3467,-999,1.0000
3468,-999,1.0000
3469,-999,1.0000
3470,-999,1.0000
3471,-999,1.0000
3472,-999,1.0000
3473,-999,1.0000
3474,-999,1.0000
3475,-999,1.0000
3476,-999,1.0000
3477,-999,1.0000
3478,-999,1.0000
3479,-999,1.0000
3480,-999,1.0000
3481,-999,1.0000
3482,-999,1.0000
3483,-999,1.0000
3484,-999,1.0000
3485,-999,1.0000
3486,-999,1.0000
3487,-999,1.0000
3488,-999,1.0000
3489,-999,1.0000
3490,-999,1.0000
3491,-999,1.0000
3492,-999,1.0000
3493,-999,1.0000
3494,-999,1.0000
3495,-999,1.0000
3496,-999,.8750
3496,5254,.1250
3497,-999,.4000
3497,5254,.6000
3498,5254,1.0000
3499,5254,1.0000
3500,5254,1.0000
3501,5254,1.0000
3502,5254,1.0000
3503,5254,1.0000
3504,5254,1.0000
3505,5254,1.0000
3506,5254,.9375
3506,5274,.0625
3507,5254,.3000
3507,5274,.7000
3508,5274,1.0000
3509,5274,1.0000
3510,5274,1.0000
3511,5274,1.0000
3512,5274,1.0000
3513,5274,1.0000
3514,5274,1.0000
3515,5274,1.0000
3516,5274,1.0000
3517,5274,1.0000
3518,5274,.7647
3518,-999,.2353
3519,5274,.6000
3519,-999,.4000
3520,5274,.2000
3520,-999,.8000
3521,-999,1.0000
3522,-999,1.0000
3523,-999,1.0000
3524,-999,1.0000
3525,-999,1.0000
3526,-999,1.0000
3527,-999,1.0000
3528,-999,1.0000
3529,-999,1.0000
3530,-999,1.0000
3531,-999,1.0000
3532,-999,1.0000
3533,-999,1.0000
3534,-999,1.0000
3535,-999,1.0000
3536,-999,1.0000
3537,-999,1.0000
3538,-999,1.0000
3539,-999,1.0000
3540,-999,1.0000
3541,-999,1.0000
3542,-999,1.0000
3543,-999,1.0000
3544,-999,1.0000
3545,-999,1.0000
3546,-999,1.0000
3547,-999,1.0000
3548,-999,1.0000
3549,-999,1.0000
3550,-999,1.0000
3551,-999,1.0000
3552,-999,1.0000
3553,-999,1.0000
3554,-999,1.0000
3555,-999,1.0000
3556,-999,1.0000
3557,-999,1.0000
3558,-999,1.0000
3559,-999,1.0000
3560,-999,1.0000
3561,-999,1.0000
3562,-999,1.0000
3563,-999,1.0000
3564,-999,1.0000
3565,-999,1.0000
3566,-999,1.0000
3567,-999,1.0000
3568,-999,1.0000
3569,-999,1.0000
3570,-999,1.0000
3571,-999,1.0000
3572,-999,1.0000
3573,-999,1.0000
3574,-999,1.0000
3575,-999,1.0000
3576,-999,1.0000
3577,-999,1.0000
3578,-999,1.0000
3579,-999,1.0000
3580,-999,1.0000
3581,-999,1.0000
3582,-999,1.0000
3583,-999,1.0000
3584,-999,1.0000
3585,-999,1.0000
3586,-999,1.0000
3587,-999,1.0000
3588,-999,1.0000
3589,-999,1.0000
3590,-999,1.0000
3591,-999,1.0000
3592,-999,1.0000
3593,-999,1.0000
3594,-999,1.0000
3595,-999,1.0000
3596,-999,1.0000
3597,-999,1.0000
3598,-999,1.0000
3599,-999,1.0000
3600,-999,1.0000
3601,-999,1.0000
3602,-999,1.0000
3603,-999,1.0000
3604,-999,1.0000
3605,-999,1.0000
3606,-999,1.0000
3607,-999,1.0000
3608,-999,1.0000
3609,-999,1.0000
3610,-999,1.0000
3611,-999,1.0000
3612,-999,1.0000
3613,-999,1.0000
3614,-999,1.0000
3615,-999,1.0000
3616,-999,1.0000
3617,-999,1.0000
3618,-999,1.0000
3619,-999,1.0000
3620,-999,1.0000
3621,-999,1.0000
3622,-999,1.0000
3623,-999,1.0000
3624,-999,1.0000
3625,-999,1.0000
3626,-999,1.0000
3627,-999,1.0000
3628,-999,1.0000
3629,-999,1.0000
3630,-999,1.0000
3631,-999,1.0000
3632,-999,1.0000
3633,-999,1.0000
3634,-999,1.0000
3635,-999,1.0000
3636,-999,1.0000
3637,-999,1.0000
3638,-999,1.0000
3639,-999,1.0000
3640,-999,1.0000
3641,-999,1.0000
3642,-999,1.0000
3643,-999,1.0000
3644,-999,1.0000
3645,-999,1.0000
3646,-999,1.0000
3647,-999,1.0000
3648,-999,1.0000
3649,-999,1.0000
3650,-999,1.0000
3651,-999,1.0000
3652,-999,1.0000
3653,-999,1.0000
3654,-999,1.0000
3655,-999,1.0000
3656,-999,1.0000
3657,-999,1.0000
3658,-999,1.0000
3659,-999,1.0000
3660,-999,1.0000
3661,-999,1.0000
3662,-999,1.0000
3663,-999,1.0000
3664,-999,1.0000
3665,-999,1.0000
3666,-999,1.0000
3667,-999,1.0000
3668,-999,1.0000
3669,-999,1.0000
3670,-999,1.0000
3671,-999,1.0000
3672,-999,1.0000
3673,-999,1.0000
3674,-999,1.0000
3675,-999,1.0000
3676,-999,1.0000
3677,-999,1.0000
3678,-999,1.0000
3679,-999,1.0000
3680,-999,1.0000
3681,-999,1.0000
3682,-999,1.0000
3683,-999,1.0000
3684,-999,1.0000
3685,-999,1.0000
3686,-999,1.0000
3687,-999,1.0000
3688,-999,1.0000
3689,-999,1.0000
3690,-999,1.0000
3691,-999,1.0000
3692,-999,1.0000
3693,-999,1.0000
3694,-999,1.0000
3695,-999,1.0000
3696,-999,1.0000
3697,-999,1.0000
3698,-999,1.0000
3699,-999,1.0000
3700,-999,1.0000
3701,-999,1.0000
3702,-999,1.0000
3703,-999,1.0000
3704,-999,1.0000
3705,-999,1.0000
3706,-999,1.0000
3707,-999,1.0000
3708,-999,1.0000
3709,-999,1.0000
3710,-999,1.0000
3711,-999,1.0000
3712,-999,1.0000
3713,-999,1.0000
3714,-999,1.0000
3715,-999,1.0000
3716,-999,1.0000
3717,-999,1.0000
3718,-999,1.0000
3719,-999,1.0000
3720,-999,1.0000
3721,-999,1.0000
3722,-999,1.0000
3723,-999,1.0000
3724,-999,1.0000
3725,-999,1.0000
3726,-999,1.0000
3727,-999,1.0000
3728,-999,1.0000
3729,-999,1.0000
3730,-999,1.0000
3731,-999,1.0000
3732,-999,1.0000
3733,-999,1.0000
3734,-999,1.0000
3735,-999,1.0000
3736,-999,1.0000
3737,-999,1.0000
3738,-999,1.0000
3739,-999,1.0000
3740,-999,1.0000
3741,-999,1.0000
3742,-999,1.0000
3743,-999,1.0000
3744,-999,1.0000
3745,-999,1.0000
3746,-999,1.0000
3747,-999,1.0000
3748,-999,1.0000
3749,-999,1.0000
3750,-999,1.0000
3751,-999,1.0000
3752,-999,1.0000
3753,-999,1.0000
3754,-999,1.0000
3755,-999,1.0000
3756,-999,1.0000
3757,-999,1.0000
3758,-999,1.0000
3759,-999,1.0000
3760,-999,1.0000
3761,-999,1.0000
3762,-999,1.0000
3763,-999,1.0000
3764,-999,.7500
3764,5254,.2500
3765,5254,.8696
3765,-999,.1304
3766,5254,1.0000
3767,5254,1.0000
3768,5254,1.0000
3769,5254,1.0000
3770,5254,1.0000
3771,5254,1.0000
3772,5254,1.0000
3773,5254,1.0000
3774,5254,.5625
3774,5274,.4375
3775,5274,1.0000
3776,5274,1.0000
3777,5274,1.0000
3778,5274,1.0000
3779,5274,1.0000
3780,5274,1.0000
3781,5274,1.0000
3782,5274,1.0000
3783,5274,1.0000
3784,5274,.9167
3784,-999,.0833
3785,5274,.3636
3785,-999,.6364
3786,5274,.0500
3786,-999,.9500
3787,-999,1.0000
3788,-999,1.0000
3789,-999,1.0000
3790,-999,1.0000
3791,-999,1.0000
3792,-999,1.0000
3793,-999,1.0000
3794,-999,1.0000
3795,-999,1.0000
3796,-999,1.0000
3797,-999,1.0000
3798,-999,1.0000
3799,-999,1.0000
3800,-999,1.0000
3801,-999,1.0000
3802,-999,1.0000
3803,-999,1.0000
3804,-999,1.0000
3805,-999,1.0000
3806,-999,1.0000
3807,-999,1.0000
3808,-999,1.0000
3809,-999,1.0000
3810,-999,1.0000
3811,-999,1.0000
3812,-999,1.0000
3813,-999,1.0000
3814,-999,1.0000
3815,-999,1.0000
3816,-999,1.0000
3817,-999,1.0000
3818,-999,1.0000
3819,-999,1.0000
3820,-999,1.0000
3821,-999,1.0000
3822,-999,1.0000
3823,-999,1.0000
3824,-999,1.0000
3825,-999,1.0000
3826,-999,1.0000
3827,-999,1.0000
3828,-999,1.0000
3829,-999,1.0000
3830,-999,1.0000
3831,-999,1.0000
3832,-999,1.0000
3833,-999,1.0000
3834,-999,1.0000
3835,-999,1.0000
3836,-999,1.0000
3837,-999,1.0000
3838,-999,1.0000
3839,-999,1.0000
3840,-999,1.0000
3841,-999,1.0000
3842,-999,1.0000
3843,-999,1.0000
3844,-999,1.0000
3845,-999,1.0000
3846,-999,1.0000
3847,-999,1.0000
3848,-999,1.0000
3849,-999,1.0000
3850,-999,1.0000
3851,-999,1.0000
3852,-999,1.0000
3853,-999,1.0000
3854,-999,1.0000
3855,-999,1.0000
3856,-999,1.0000
3857,-999,1.0000
3858,-999,1.0000
3859,-999,1.0000
3860,-999,1.0000
3861,-999,1.0000
3862,-999,1.0000
3863,-999,1.0000
3864,-999,1.0000
3865,-999,1.0000
3866,-999,1.0000
3867,-999,1.0000
3868,-999,1.0000
3869,-999,1.0000
3870,-999,1.0000
3871,-999,1.0000
3872,-999,1.0000
3873,-999,1.0000
3874,-999,1.0000
3875,-999,1.0000
3876,-999,1.0000
3877,-999,1.0000
3878,-999,1.0000
3879,-999,1.0000
3880,-999,1.0000
3881,-999,1.0000
3882,-999,1.0000
3883,-999,1.0000
3884,-999,1.0000
3885,-999,1.0000
3886,-999,1.0000
3887,-999,1.0000
3888,-999,1.0000
3889,-999,1.0000
3890,-999,1.0000
3891,-999,1.0000
3892,-999,1.0000
3893,-999,1.0000
3894,-999,1.0000
3895,-999,1.0000
3896,-999,1.0000
3897,-999,1.0000
3898,-999,1.0000
3899,-999,1.0000
3900,-999,1.0000
3901,-999,1.0000
3902,-999,1.0000
3903,-999,1.0000
3904,-999,1.0000
3905,-999,1.0000
3906,-999,1.0000
3907,-999,1.0000
3908,-999,1.0000
3909,-999,1.0000
3910,-999,1.0000
3911,-999,1.0000
3912,-999,1.0000
3913,-999,1.0000
3914,-999,1.0000
3915,-999,1.0000
3916,-999,1.0000
3917,-999,1.0000
3918,-999,1.0000
3919,-999,1.0000
3920,-999,1.0000
3921,-999,1.0000
3922,-999,1.0000
3923,-999,1.0000
3924,-999,1.0000
3925,-999,1.0000
3926,-999,1.0000
3927,-999,1.0000
3928,-999,1.0000
3929,-999,1.0000
3930,-999,1.0000
3931,-999,1.0000
3932,-999,1.0000
3933,-999,1.0000
3934,-999,1.0000
3935,-999,1.0000
3936,-999,1.0000
3937,-999,1.0000
3938,-999,1.0000
3939,-999,1.0000
3940,-999,1.0000
3941,-999,1.0000
3942,-999,1.0000
3943,-999,1.0000
3944,-999,1.0000
3945,-999,1.0000
3946,-999,1.0000
3947,-999,1.0000
3948,-999,1.0000
3949,-999,1.0000
3950,-999,1.0000
3951,-999,1.0000
3952,-999,1.0000
3953,-999,1.0000
3954,-999,1.0000
3955,-999,1.0000
3956,-999,1.0000
3957,-999,1.0000
3958,-999,1.0000
3959,-999,1.0000
3960,-999,1.0000
3961,-999,1.0000
3962,-999,1.0000
3963,-999,1.0000
3964,-999,1.0000
3965,-999,1.0000
3966,-999,1.0000
3967,-999,1.0000
3968,-999,1.0000
3969,-999,1.0000
3970,-999,1.0000
3971,-999,1.0000
3972,-999,1.0000
3973,-999,1.0000
3974,-999,1.0000
3975,-999,1.0000
3976,-999,1.0000
3977,-999,1.0000
3978,-999,1.0000
3979,-999,1.0000
3980,-999,1.0000
3981,-999,1.0000
3982,-999,1.0000
3983,-999,1.0000
3984,-999,1.0000
3985,-999,1.0000
3986,-999,1.0000
3987,-999,1.0000
3988,-999,1.0000
3989,-999,1.0000
3990,-999,1.0000
3991,-999,1.0000
3992,-999,1.0000
3993,-999,1.0000
3994,-999,1.0000
3995,-999,1.0000
3996,-999,1.0000
3997,-999,1.0000
3998,-999,1.0000
3999,-999,1.0000
4000,-999,1.0000
4001,-999,1.0000
4002,-999,1.0000
4003,-999,1.0000
4004,-999,1.0000
4005,-999,1.0000
4006,-999,1.0000
4007,-999,1.0000
4008,-999,1.0000
4009,-999,1.0000
4010,-999,1.0000
4011,-999,1.0000
4012,-999,1.0000
4013,-999,1.0000
4014,-999,1.0000
4015,-999,1.0000
4016,-999,1.0000
4017,-999,1.0000
4018,-999,1.0000
4019,-999,1.0000
4020,-999,1.0000
4021,-999,1.0000
4022,-999,1.0000
4023,-999,1.0000
4024,-999,1.0000
4025,-999,1.0000
4026,-999,1.0000
4027,-999,1.0000
4028,-999,1.0000
4029,-999,1.0000
4030,-999,1.0000
4031,-999,.9600
4031,5254,.0400
4032,-999,.3500
4032,5254,.6500
4033,5254,1.0000
4034,5254,1.0000
4035,5254,1.0000
4036,5254,1.0000
4037,5254,1.0000
4038,5254,1.0000
4039,5254,1.0000
4040,5254,1.0000
4041,5254,1.0000
4042,5254,.2500
4042,5274,.7500
4043,5274,1.0000
4044,5274,1.0000
4045,5274,1.0000
4046,5274,1.0000
4047,5274,1.0000
4048,5274,1.0000
4049,5274,1.0000
4050,5274,1.0000
4051,5274,.8750
4051,-999,.1250
4052,5274,.5625
4052,-999,.4375
4053,-999,.9500
4053,5274,.0500
4054,-999,1.0000
4055,-999,1.0000
4056,-999,1.0000
4057,-999,1.0000
4058,-999,1.0000
4059,-999,1.0000
4060,-999,1.0000
4061,-999,1.0000
4062,-999,1.0000
4063,-999,1.0000
4064,-999,1.0000
4065,-999,1.0000
4066,-999,1.0000
4067,-999,1.0000
4068,-999,1.0000
4069,-999,1.0000
4070,-999,1.0000
4071,-999,1.0000
4072,-999,1.0000
4073,-999,1.0000
4074,-999,1.0000
4075,-999,1.0000
4076,-999,1.0000
4077,-999,1.0000
4078,-999,1.0000
4079,-999,1.0000
4080,-999,1.0000
4081,-999,1.0000
4082,-999,1.0000
4083,-999,1.0000
4084,-999,1.0000
4085,-999,1.0000
4086,-999,1.0000
4087,-999,1.0000
4088,-999,1.0000
4089,-999,1.0000
4090,-999,1.0000
4091,-999,1.0000
4092,-999,1.0000
4093,-999,1.0000
4094,-999,1.0000
4095,-999,1.0000
4096,-999,1.0000
4097,-999,1.0000
4098,-999,1.0000
4099,-999,1.0000
4100,-999,1.0000
4101,-999,1.0000
4102,-999,1.0000
4103,-999,1.0000
4104,-999,1.0000
4105,-999,1.0000
4106,-999,1.0000
4107,-999,1.0000
4108,-999,1.0000
4109,-999,1.0000
4110,-999,1.0000
4111,-999,1.0000
4112,-999,1.0000
4113,-999,1.0000
4114,-999,1.0000
4115,-999,1.0000
4116,-999,1.0000
4117,-999,1.0000
4118,-999,1.0000
4119,-999,1.0000
4120,-999,1.0000
4121,-999,1.0000
4122,-999,1.0000
4123,-999,1.0000
4124,-999,1.0000
4125,-999,1.0000
4126,-999,1.0000
4127,-999,1.0000
4128,-999,1.0000
4129,-999,1.0000
4130,-999,1.0000
4131,-999,1.0000
4132,-999,1.0000
4133,-999,1.0000
4134,-999,1.0000
4135,-999,1.0000
4136,-999,1.0000
4137,-999,1.0000
4138,-999,1.0000
4139,-999,1.0000
4140,-999,1.0000
4141,-999,1.0000
4142,-999,1.0000
4143,-999,1.0000
4144,-999,1.0000
4145,-999,1.0000
4146,-999,1.0000
4147,-999,1.0000
4148,-999,1.0000
4149,-999,1.0000
4150,-999,1.0000
4151,-999,1.0000
4152,-999,1.0000
4153,-999,1.0000
4154,-999,1.0000
4155,-999,1.0000
4156,-999,1.0000
4157,-999,1.0000
4158,-999,1.0000
4159,-999,1.0000
4160,-999,1.0000
4161,-999,1.0000
4162,-999,1.0000
4163,-999,1.0000
4164,-999,1.0000
4165,-999,1.0000
4166,-999,1.0000
4167,-999,1.0000
4168,-999,1.0000
4169,-999,1.0000
4170,-999,1.0000
4171,-999,1.0000
4172,-999,1.0000
4173,-999,1.0000
4174,-999,1.0000
4175,-999,1.0000
4176,-999,1.0000
4177,-999,1.0000
4178,-999,1.0000
4179,-999,1.0000
4180,-999,1.0000
4181,-999,1.0000
4182,-999,1.0000
4183,-999,1.0000
4184,-999,1.0000
4185,-999,1.0000
4186,-999,1.0000
4187,-999,1.0000
4188,-999,1.0000
4189,-999,1.0000
4190,-999,1.0000
4191,-999,1.0000
4192,-999,1.0000
4193,-999,1.0000
4194,-999,1.0000
4195,-999,1.0000
4196,-999,1.0000
4197,-999,1.0000
4198,-999,1.0000
4199,-999,1.0000
4200,-999,1.0000
4201,-999,1.0000
4202,-999,1.0000
4203,-999,1.0000
4204,-999,1.0000
4205,-999,1.0000
4206,-999,1.0000
4207,-999,1.0000
4208,-999,1.0000
4209,-999,1.0000
4210,-999,1.0000
4211,-999,1.0000
4212,-999,1.0000
4213,-999,1.0000
4214,-999,1.0000
4215,-999,1.0000
4216,-999,1.0000
4217,-999,1.0000
4218,-999,1.0000
4219,-999,1.0000
4220,-999,1.0000
4221,-999,1.0000
4222,-999,1.0000
4223,-999,1.0000
4224,-999,1.0000
4225,-999,1.0000
4226,-999,1.0000
4227,-999,1.0000
4228,-999,1.0000
4229,-999,1.0000
4230,-999,1.0000
4231,-999,1.0000
4232,-999,1.0000
4233,-999,1.0000
4234,-999,1.0000
4235,-999,1.0000
4236,-999,1.0000
4237,-999,1.0000
4238,-999,1.0000
4239,-999,1.0000
4240,-999,1.0000
4241,-999,1.0000
4242,-999,1.0000
4243,-999,1.0000
4244,-999,1.0000
4245,-999,1.0000
4246,-999,1.0000
4247,-999,1.0000
4248,-999,1.0000
4249,-999,1.0000
4250,-999,1.0000
4251,-999,1.0000
4252,-999,1.0000
4253,-999,1.0000
4254,-999,1.0000
4255,-999,1.0000
4256,-999,1.0000
4257,-999,1.0000
4258,-999,1.0000
4259,-999,1.0000
4260,-999,1.0000
4261,-999,1.0000
4262,-999,1.0000
4263,-999,1.0000
4264,-999,1.0000
4265,-999,1.0000
4266,-999,1.0000
4267,-999,1.0000
4268,-999,1.0000
4269,-999,1.0000
4270,-999,1.0000
4271,-999,1.0000
4272,-999,1.0000
4273,-999,1.0000
4274,-999,1.0000
4275,-999,1.0000
4276,-999,1.0000
4277,-999,1.0000
4278,-999,1.0000
4279,-999,1.0000
4280,-999,1.0000
4281,-999,1.0000
4282,-999,1.0000
4283,-999,1.0000
4284,-999,1.0000
4285,-999,1.0000
4286,-999,1.0000
4287,-999,1.0000
4288,-999,1.0000
4289,-999,1.0000
4290,-999,1.0000
4291,-999,1.0000
4292,-999,1.0000
4293,-999,1.0000
4294,-999,1.0000
4295,-999,1.0000
4296,-999,1.0000
4297,-999,1.0000
4298,-999,.7895
4298,5254,.2105
4299,-999,.3500
4299,5254,.6500
4300,5254,1.0000
4301,5254,1.0000
4302,5254,1.0000
4303,5254,1.0000
4304,5254,1.0000
4305,5254,1.0000
4306,5254,1.0000
4307,5254,1.0000
4308,5254,1.0000
4309,5254,1.0000
4310,5254,.3125
4310,5274,.6875
4311,5274,1.0000
4312,5274,1.0000
4313,5274,1.0000
4314,5274,1.0000
4315,5274,1.0000
4316,5274,1.0000
4317,5274,1.0000
4318,5274,.7500
4318,-999,.2500
4319,5274,.1250
4319,-999,.8750
4320,-999,1.0000
4321,-999,1.0000
4322,-999,1.0000
4323,-999,1.0000
4324,-999,1.0000
4325,-999,1.0000
4326,-999,1.0000
4327,-999,1.0000
4328,-999,1.0000
4329,-999,1.0000
4330,-999,1.0000
4331,-999,1.0000
4332,-999,1.0000
4333,-999,1.0000
4334,-999,1.0000
4335,-999,1.0000
4336,-999,1.0000
4337,-999,1.0000
4338,-999,1.0000
4339,-999,1.0000
4340,-999,1.0000
4341,-999,1.0000
4342,-999,1.0000
4343,-999,1.0000
4344,-999,1.0000
4345,-999,1.0000
4346,-999,1.0000
4347,-999,1.0000
4348,-999,1.0000
4349,-999,1.0000
4350,-999,1.0000
4351,-999,1.0000
4352,-999,1.0000
4353,-999,1.0000
4354,-999,1.0000
4355,-999,1.0000
4356,-999,1.0000
4357,-999,1.0000
4358,-999,1.0000
4359,-999,1.0000
4360,-999,1.0000
4361,-999,1.0000
4362,-999,1.0000
4363,-999,1.0000
4364,-999,1.0000
4365,-999,1.0000
4366,-999,1.0000
4367,-999,1.0000
4368,-999,1.0000
4369,-999,1.0000
4370,-999,1.0000
4371,-999,1.0000
4372,-999,1.0000
4373,-999,1.0000
4374,-999,1.0000
4375,-999,1.0000
4376,-999,1.0000
4377,-999,1.0000
4378,-999,1.0000
4379,-999,1.0000
4380,-999,1.0000
4381,-999,1.0000
4382,-999,1.0000
4383,-999,1.0000
4384,-999,1.0000
4385,-999,1.0000
4386,-999,1.0000
4387,-999,1.0000
4388,-999,1.0000
4389,-999,1.0000
4390,-999,1.0000
4391,-999,1.0000
4392,-999,1.0000
4393,-999,1.0000
4394,-999,1.0000
4395,-999,1.0000
4396,-999,1.0000
4397,-999,1.0000
4398,-999,1.0000
4399,-999,1.0000
4400,-999,1.0000
4401,-999,1.0000
4402,-999,1.0000
4403,-999,1.0000
4404,-999,1.0000
4405,-999,1.0000
4406,-999,1.0000
4407,-999,1.0000
4408,-999,1.0000
4409,-999,1.0000
4410,-999,1.0000
4411,-999,1.0000
4412,-999,1.0000
4413,-999,1.0000
4414,-999,1.0000
4415,-999,1.0000
4416,-999,1.0000
4417,-999,1.0000
4418,-999,1.0000
4419,-999,1.0000
4420,-999,1.0000
4421,-999,1.0000
4422,-999,1.0000
4423,-999,1.0000
4424,-999,1.0000
4425,-999,1.0000
4426,-999,1.0000
4427,-999,1.0000
4428,-999,1.0000
4429,-999,1.0000
4430,-999,1.0000
4431,-999,1.0000
4432,-999,1.0000
4433,-999,1.0000
4434,-999,1.0000
4435,-999,1.0000
4436,-999,1.0000
4437,-999,1.0000
4438,-999,1.0000
4439,-999,1.0000
4440,-999,1.0000
4441,-999,1.0000
4442,-999,1.0000
4443,-999,1.0000
4444,-999,1.0000
4445,-999,1.0000
4446,-999,1.0000
4447,-999,1.0000
4448,-999,1.0000
4449,-999,1.0000
4450,-999,1.0000
4451,-999,1.0000
4452,-999,1.0000
4453,-999,1.0000
4454,-999,1.0000
4455,-999,1.0000
4456,-999,1.0000
4457,-999,1.0000
4458,-999,1.0000
4459,-999,1.0000
4460,-999,1.0000
4461,-999,1.0000
4462,-999,1.0000
4463,-999,1.0000
4464,-999,1.0000
4465,-999,1.0000
4466,-999,1.0000
4467,-999,1.0000
4468,-999,1.0000
4469,-999,1.0000
4470,-999,1.0000
4471,-999,1.0000
4472,-999,1.0000
4473,-999,1.0000
4474,-999,1.0000
4475,-999,1.0000
4476,-999,1.0000
4477,-999,1.0000
4478,-999,1.0000
4479,-999,1.0000
4480,-999,1.0000
4481,-999,1.0000
4482,-999,1.0000
4483,-999,1.0000
4484,-999,1.0000
4485,-999,1.0000
4486,-999,1.0000
4487,-999,1.0000
4488,-999,1.0000
4489,-999,1.0000
4490,-999,1.0000
4491,-999,1.0000
4492,-999,1.0000
4493,-999,1.0000
4494,-999,1.0000
4495,-999,1.0000
4496,-999,1.0000
4497,-999,1.0000
4498,-999,1.0000
4499,-999,1.0000
4500,-999,1.0000
4501,-999,1.0000
4502,-999,1.0000
4503,-999,1.0000
4504,-999,1.0000
4505,-999,1.0000
4506,-999,1.0000
4507,-999,1.0000
4508,-999,1.0000
4509,-999,1.0000
4510,-999,1.0000
4511,-999,1.0000
4512,-999,1.0000
4513,-999,1.0000
4514,-999,1.0000
4515,-999,1.0000
4516,-999,1.0000
4517,-999,1.0000
4518,-999,1.0000
4519,-999,1.0000
4520,-999,1.0000
4521,-999,1.0000
4522,-999,1.0000
4523,-999,1.0000
4524,-999,1.0000
4525,-999,1.0000
4526,-999,1.0000
4527,-999,1.0000
4528,-999,1.0000
4529,-999,1.0000
4530,-999,1.0000
4531,-999,1.0000
4532,-999,1.0000
4533,-999,1.0000
4534,-999,1.0000
4535,-999,1.0000
4536,-999,1.0000
4537,-999,1.0000
4538,-999,1.0000
4539,-999,1.0000
4540,-999,1.0000
4541,-999,1.0000
4542,-999,1.0000
4543,-999,1.0000
4544,-999,1.0000
4545,-999,1.0000
4546,-999,1.0000
4547,-999,1.0000
4548,-999,1.0000
4549,-999,1.0000
4550,-999,1.0000
4551,-999,1.0000
4552,-999,1.0000
4553,-999,1.0000
4554,-999,1.0000
4555,-999,1.0000
4556,-999,1.0000
4557,-999,1.0000
4558,-999,1.0000
4559,-999,1.0000
4560,-999,1.0000
4561,-999,1.0000
4562,-999,1.0000
4563,-999,1.0000
4564,-999,1.0000
4565,-999,1.0000
4566,-999,.4375
4566,5254,.5625
4567,5254,1.0000
4568,5254,1.0000
4569,5254,1.0000
4570,5254,1.0000
4571,5254,1.0000
4572,5254,1.0000
4573,5254,1.0000
4574,5254,1.0000
4575,5254,1.0000
4576,5254,1.0000
4577,5254,1.0000
4578,5254,.8500
4578,5274,.1500
4579,5274,.5652
4579,5254,.4348
4580,5274,.9375
4580,5254,.0625
4581,5274,1.0000
4582,5274,1.0000
4583,5274,1.0000
4584,5274,1.0000
4585,5274,.8750
4585,5254,.0625
4585,-999,.0625
4586,5274,.3000
4586,-999,.7000
4587,-999,1.0000
4588,-999,1.0000
4589,-999,1.0000
4590,-999,1.0000
4591,-999,1.0000
4592,-999,1.0000
4593,-999,1.0000
4594,-999,1.0000
4595,-999,1.0000
4596,-999,1.0000
4597,-999,1.0000
4598,-999,1.0000
4599,-999,1.0000
4600,-999,1.0000
4601,-999,1.0000
4602,-999,1.0000
4603,-999,1.0000
4604,-999,1.0000
4605,-999,1.0000
4606,-999,1.0000
4607,-999,1.0000
4608,-999,1.0000
4609,-999,1.0000
4610,-999,1.0000
4611,-999,1.0000
4612,-999,1.0000
4613,-999,1.0000
4614,-999,1.0000
4615,-999,1.0000
4616,-999,1.0000
4617,-999,1.0000
4618,-999,1.0000
4619,-999,1.0000
4620,-999,1.0000
4621,-999,1.0000
4622,-999,1.0000
4623,-999,1.0000
4624,-999,1.0000
4625,-999,1.0000
4626,-999,1.0000
4627,-999,1.0000
4628,-999,1.0000
4629,-999,1.0000
4630,-999,1.0000
4631,-999,1.0000
4632,-999,1.0000
4633,-999,1.0000
4634,-999,1.0000
4635,-999,1.0000
4636,-999,1.0000
4637,-999,1.0000
4638,-999,1.0000
4639,-999,1.0000
4640,-999,1.0000
4641,-999,1.0000
4642,-999,1.0000
4643,-999,1.0000
4644,-999,1.0000
4645,-999,1.0000
4646,-999,1.0000
4647,-999,1.0000
4648,-999,1.0000
4649,-999,1.0000
4650,-999,1.0000
4651,-999,1.0000
4652,-999,1.0000
4653,-999,1.0000
4654,-999,1.0000
4655,-999,1.0000
4656,-999,1.0000
4657,-999,1.0000
4658,-999,1.0000
4659,-999,1.0000
4660,-999,1.0000
4661,-999,1.0000
4662,-999,1.0000
4663,-999,1.0000
4664,-999,1.0000
4665,-999,1.0000
4666,-999,1.0000
4667,-999,1.0000
4668,-999,1.0000
4669,-999,1.0000
4670,-999,1.0000
4671,-999,1.0000
4672,-999,1.0000
4673,-999,1.0000
4674,-999,1.0000
4675,-999,1.0000
4676,-999,1.0000
4677,-999,1.0000
4678,-999,1.0000
4679,-999,1.0000
4680,-999,1.0000
4681,-999,1.0000
4682,-999,1.0000
4683,-999,1.0000
4684,-999,1.0000
4685,-999,1.0000
4686,-999,1.0000
4687,-999,1.0000
4688,-999,1.0000
4689,-999,1.0000
4690,-999,1.0000
4691,-999,1.0000
4692,-999,1.0000
4693,-999,1.0000
4694,-999,1.0000
4695,-999,1.0000
4696,-999,1.0000
4697,-999,1.0000
4698,-999,1.0000
4699,-999,1.0000
4700,-999,1.0000
4701,-999,1.0000
4702,-999,1.0000
4703,-999,1.0000
4704,-999,1.0000
4705,-999,1.0000
4706,-999,1.0000
4707,-999,1.0000
4708,-999,1.0000
4709,-999,1.0000
4710,-999,1.0000
4711,-999,1.0000
4712,-999,1.0000
4713,-999,1.0000
4714,-999,1.0000
4715,-999,1.0000
4716,-999,1.0000
4717,-999,1.0000
4718,-999,1.0000
4719,-999,1.0000
4720,-999,1.0000
4721,-999,1.0000
4722,-999,1.0000
4723,-999,1.0000
4724,-999,1.0000
4725,-999,1.0000
4726,-999,1.0000
4727,-999,1.0000
4728,-999,1.0000
4729,-999,1.0000
4730,-999,1.0000
4731,-999,1.0000
4732,-999,1.0000
4733,-999,1.0000
4734,-999,1.0000
4735,-999,1.0000
4736,-999,1.0000
4737,-999,1.0000
4738,-999,1.0000
4739,-999,1.0000
4740,-999,1.0000
4741,-999,1.0000
4742,-999,1.0000
4743,-999,1.0000
4744,-999,1.0000
4745,-999,1.0000
4746,-999,1.0000
4747,-999,1.0000
4748,-999,1.0000
4749,-999,1.0000
4750,-999,1.0000
4751,-999,1.0000
4752,-999,1.0000
4753,-999,1.0000
4754,-999,1.0000
4755,-999,1.0000
4756,-999,1.0000
4757,-999,1.0000
4758,-999,1.0000
4759,-999,1.0000
4760,-999,1.0000
4761,-999,1.0000
4762,-999,1.0000
4763,-999,1.0000
4764,-999,1.0000
4765,-999,1.0000
4766,-999,1.0000
4767,-999,1.0000
4768,-999,1.0000
4769,-999,1.0000
4770,-999,1.0000
4771,-999,1.0000
4772,-999,1.0000
4773,-999,1.0000
4774,-999,1.0000
4775,-999,1.0000
4776,-999,1.0000
4777,-999,1.0000
4778,-999,1.0000
4779,-999,1.0000
4780,-999,1.0000
4781,-999,1.0000
4782,-999,1.0000
4783,-999,1.0000
4784,-999,1.0000
4785,-999,1.0000
4786,-999,1.0000
4787,-999,1.0000
4788,-999,1.0000
4789,-999,1.0000
4790,-999,1.0000
4791,-999,1.0000
4792,-999,1.0000
4793,-999,1.0000
4794,-999,1.0000
4795,-999,1.0000
4796,-999,1.0000
4797,-999,1.0000
4798,-999,1.0000
4799,-999,1.0000
4800,-999,1.0000
4801,-999,1.0000
4802,-999,1.0000
4803,-999,1.0000
4804,-999,1.0000
4805,-999,1.0000
4806,-999,1.0000
4807,-999,1.0000
4808,-999,1.0000
4809,-999,1.0000
4810,-999,1.0000
4811,-999,1.0000
4812,-999,1.0000
4813,-999,1.0000
4814,-999,1.0000
4815,-999,1.0000
4816,-999,1.0000
4817,-999,1.0000
4818,-999,1.0000
4819,-999,1.0000
4820,-999,1.0000
4821,-999,1.0000
4822,-999,1.0000
4823,-999,1.0000
4824,-999,1.0000
4825,-999,1.0000
4826,-999,1.0000
4827,-999,1.0000
4828,-999,1.0000
4829,-999,1.0000
4830,-999,1.0000
4831,-999,1.0000
4832,-999,1.0000
4833,-999,1.0000
4834,-999,.8750
4834,5254,.1250
4835,5254,.4211
4835,-999,.5789
4836,5254,.4444
4836,-999,.5556
4837,5254,.6875
4837,-999,.3125
4838,5254,.9500
4838,-999,.0500
4839,5254,1.0000
4840,5254,1.0000
4841,5254,1.0000
4842,5254,1.0000
4843,5254,1.0000
4844,5254,1.0000
4845,5254,1.0000
4846,5254,1.0000
4847,5254,1.0000
4848,5254,.7500
4848,5274,.2500
4849,5274,.6250
4849,5254,.3750
4850,5274,.9000
4850,5254,.1000
4851,5274,.8750
4851,5254,.1250
4852,5274,.5500
4852,5254,.4500
4853,5274,.1250
4853,5254,.8125
4853,-999,.0625
4854,-999,.6471
4854,5254,.3529
4855,-999,1.0000
4856,-999,1.0000
4857,-999,1.0000
4858,-999,1.0000
4859,-999,1.0000
4860,-999,1.0000
4861,-999,1.0000
4862,-999,1.0000
4863,-999,1.0000
4864,-999,1.0000
4865,-999,1.0000
4866,-999,1.0000
4867,-999,1.0000
4868,-999,1.0000
4869,-999,1.0000
4870,-999,1.0000
4871,-999,1.0000
4872,-999,1.0000
4873,-999,1.0000
4874,-999,1.0000
4875,-999,1.0000
4876,-999,1.0000
4877,-999,1.0000
4878,-999,1.0000
4879,-999,1.0000
4880,-999,1.0000
4881,-999,1.0000
4882,-999,1.0000
4883,-999,1.0000
4884,-999,1.0000
4885,-999,1.0000
4886,-999,1.0000
4887,-999,1.0000
4888,-999,1.0000
4889,-999,1.0000
4890,-999,1.0000
4891,-999,1.0000
4892,-999,1.0000
4893,-999,1.0000
4894,-999,1.0000
4895,-999,1.0000
4896,-999,1.0000
4897,-999,1.0000
4898,-999,1.0000
4899,-999,1.0000
4900,-999,1.0000
4901,-999,1.0000
4902,-999,1.0000
4903,-999,1.0000
4904,-999,1.0000
4905,-999,1.0000
4906,-999,1.0000
4907,-999,1.0000
4908,-999,1.0000
4909,-999,1.0000
4910,-999,1.0000
4911,-999,1.0000
4912,-999,1.0000
4913,-999,1.0000
4914,-999,1.0000
4915,-999,1.0000
4916,-999,1.0000
4917,-999,1.0000
4918,-999,1.0000
4919,-999,1.0000
4920,-999,1.0000
4921,-999,1.0000
4922,-999,1.0000
4923,-999,1.0000
4924,-999,1.0000
4925,-999,1.0000
4926,-999,1.0000
4927,-999,1.0000
4928,-999,1.0000
4929,-999,1.0000
4930,-999,1.0000
4931,-999,1.0000
4932,-999,1.0000
4933,-999,1.0000
4934,-999,1.0000
4935,-999,1.0000
4936,-999,1.0000
4937,-999,1.0000
4938,-999,1.0000
4939,-999,1.0000
4940,-999,1.0000
4941,-999,1.0000
4942,-999,1.0000
4943,-999,1.0000
4944,-999,1.0000
4945,-999,1.0000
4946,-999,1.0000
4947,-999,1.0000
4948,-999,1.0000
4949,-999,1.0000
4950,-999,1.0000
4951,-999,1.0000
4952,-999,1.0000
4953,-999,1.0000
4954,-999,1.0000
4955,-999,1.0000
4956,-999,1.0000
4957,-999,1.0000
4958,-999,1.0000
4959,-999,1.0000
4960,-999,1.0000
4961,-999,1.0000
4962,-999,1.0000
4963,-999,1.0000
4964,-999,1.0000
4965,-999,1.0000
4966,-999,1.0000
4967,-999,1.0000
4968,-999,1.0000
4969,-999,1.0000
4970,-999,1.0000
4971,-999,1.0000
4972,-999,1.0000
4973,-999,1.0000
4974,-999,1.0000
4975,-999,1.0000
4976,-999,1.0000
4977,-999,1.0000
4978,-999,1.0000
4979,-999,1.0000
4980,-999,1.0000
4981,-999,1.0000
4982,-999,1.0000
4983,-999,1.0000
4984,-999,1.0000
4985,-999,1.0000
4986,-999,1.0000
4987,-999,1.0000
4988,-999,1.0000
4989,-999,1.0000
4990,-999,1.0000
4991,-999,1.0000
4992,-999,1.0000
4993,-999,1.0000
4994,-999,1.0000
4995,-999,1.0000
4996,-999,1.0000
4997,-999,1.0000
4998,-999,1.0000
4999,-999,1.0000
5000,-999,1.0000
5001,-999,1.0000
5002,-999,1.0000
5003,-999,1.0000
5004,-999,1.0000
5005,-999,1.0000
5006,-999,1.0000
5007,-999,1.0000
5008,-999,1.0000
5009,-999,1.0000
5010,-999,1.0000
5011,-999,1.0000
5012,-999,1.0000
5013,-999,1.0000
5014,-999,1.0000
5015,-999,1.0000
5016,-999,1.0000
5017,-999,1.0000
5018,-999,1.0000
5019,-999,1.0000
5020,-999,1.0000
5021,-999,1.0000
5022,-999,1.0000
5023,-999,1.0000
5024,-999,1.0000
5025,-999,1.0000
5026,-999,1.0000
5027,-999,1.0000
5028,-999,1.0000
5029,-999,1.0000
5030,-999,1.0000
5031,-999,1.0000
5032,-999,1.0000
5033,-999,1.0000
5034,-999,1.0000
5035,-999,1.0000
5036,-999,1.0000
5037,-999,1.0000
5038,-999,1.0000
5039,-999,1.0000
5040,-999,1.0000
5041,-999,1.0000
5042,-999,1.0000
5043,-999,1.0000
5044,-999,1.0000
5045,-999,1.0000
5046,-999,1.0000
5047,-999,1.0000
5048,-999,1.0000
5049,-999,1.0000
5050,-999,1.0000
5051,-999,1.0000
5052,-999,1.0000
5053,-999,1.0000
5054,-999,1.0000
5055,-999,1.0000
5056,-999,1.0000
5057,-999,1.0000
5058,-999,1.0000
5059,-999,1.0000
5060,-999,1.0000
5061,-999,1.0000
5062,-999,1.0000
5063,-999,1.0000
5064,-999,1.0000
5065,-999,1.0000
5066,-999,1.0000
5067,-999,1.0000
5068,-999,1.0000
5069,-999,1.0000
5070,-999,1.0000
5071,-999,1.0000
5072,-999,1.0000
5073,-999,1.0000
5074,-999,1.0000
5075,-999,1.0000
5076,-999,1.0000
5077,-999,1.0000
5078,-999,1.0000
5079,-999,1.0000
5080,-999,1.0000
5081,-999,1.0000
5082,-999,1.0000
5083,-999,1.0000
5084,-999,1.0000
5085,-999,1.0000
5086,-999,1.0000
5087,-999,1.0000
5088,-999,1.0000
5089,-999,1.0000
5090,-999,1.0000
5091,-999,1.0000
5092,-999,1.0000
5093,-999,1.0000
5094,-999,1.0000
5095,-999,1.0000
5096,-999,1.0000
5097,-999,1.0000
5098,-999,1.0000
5099,-999,1.0000
5100,-999,1.0000
5101,-999,1.0000
5102,-999,1.0000
5103,-999,.4375
5103,5254,.5625
5104,5254,.6500
5104,-999,.3500
5105,-999,.5000
5105,5254,.5000
5106,-999,.2000
5106,5254,.8000
5107,5254,1.0000
5108,5254,1.0000
5109,5254,1.0000
5110,5254,1.0000
5111,5254,1.0000
5112,5254,1.0000
5113,5254,1.0000
5114,5254,1.0000
5115,5254,1.0000
5116,5254,1.0000
5117,5254,1.0000
5118,5254,.8500
5118,5274,.1500
5119,5274,.1250
5119,5254,.8750
5120,5254,1.0000
5121,5254,1.0000
5122,5254,.3750
5122,-999,.6250
5123,-999,.8750
5123,5254,.1250
5124,-999,.4000
5124,5254,.6000
5125,-999,.8000
5125,5254,.2000
5126,-999,1.0000
5127,-999,1.0000
5128,-999,1.0000
5129,-999,1.0000
5130,-999,1.0000
5131,-999,1.0000
5132,-999,1.0000
5133,-999,1.0000
5134,-999,1.0000
5135,-999,1.0000
5136,-999,1.0000
5137,-999,1.0000
5138,-999,1.0000
5139,-999,1.0000
5140,-999,1.0000
5141,-999,1.0000
5142,-999,1.0000
5143,-999,1.0000
5144,-999,1.0000
5145,-999,1.0000
5146,-999,1.0000
5147,-999,1.0000
5148,-999,1.0000
5149,-999,1.0000
5150,-999,1.0000
5151,-999,1.0000
5152,-999,1.0000
5153,-999,1.0000
5154,-999,1.0000
5155,-999,1.0000
5156,-999,1.0000
5157,-999,1.0000
5158,-999,1.0000
5159,-999,1.0000
5160,-999,1.0000
5161,-999,1.0000
5162,-999,1.0000
5163,-999,1.0000
5164,-999,1.0000
5165,-999,1.0000
5166,-999,1.0000
5167,-999,1.0000
5168,-999,1.0000
5169,-999,1.0000
5170,-999,1.0000
5171,-999,1.0000
5172,-999,1.0000
5173,-999,1.0000
5174,-999,1.0000
5175,-999,1.0000
5176,-999,1.0000
5177,-999,1.0000
5178,-999,1.0000
5179,-999,1.0000
5180,-999,1.0000
5181,-999,1.0000
5182,-999,1.0000
5183,-999,1.0000
5184,-999,1.0000
5185,-999,1.0000
5186,-999,1.0000
5187,-999,1.0000
5188,-999,1.0000
5189,-999,1.0000
5190,-999,1.0000
5191,-999,1.0000
5192,-999,1.0000
5193,-999,1.0000
5194,-999,1.0000
5195,-999,1.0000
5196,-999,1.0000
5197,-999,1.0000
5198,-999,1.0000
5199,-999,1.0000
5200,-999,1.0000
5201,-999,1.0000
5202,-999,1.0000
5203,-999,1.0000
5204,-999,1.0000
5205,-999,1.0000
5206,-999,1.0000
5207,-999,1.0000
5208,-999,1.0000
5209,-999,1.0000
5210,-999,1.0000
5211,-999,1.0000
5212,-999,1.0000
5213,-999,1.0000
5214,-999,1.0000
5215,-999,1.0000
5216,-999,1.0000
5217,-999,1.0000
5218,-999,1.0000
5219,-999,1.0000
5220,-999,1.0000
5221,-999,1.0000
5222,-999,1.0000
5223,-999,1.0000
5224,-999,1.0000
5225,-999,1.0000
5226,-999,1.0000
5227,-999,1.0000
5228,-999,1.0000
5229,-999,1.0000
5230,-999,1.0000
5231,-999,1.0000
5232,-999,1.0000
5233,-999,1.0000
5234,-999,1.0000
5235,-999,1.0000
5236,-999,1.0000
5237,-999,1.0000
5238,-999,1.0000
5239,-999,1.0000
5240,-999,1.0000
5241,-999,1.0000
5242,-999,1.0000
5243,-999,1.0000
5244,-999,1.0000
5245,-999,1.0000
5246,-999,1.0000
5247,-999,1.0000
5248,-999,1.0000
5249,-999,1.0000
5250,-999,1.0000
5251,-999,1.0000
5252,-999,1.0000
5253,-999,1.0000
5254,-999,1.0000
5255,-999,1.0000
5256,-999,1.0000
5257,-999,1.0000
5258,-999,1.0000
5259,-999,1.0000
5260,-999,1.0000
5261,-999,1.0000
5262,-999,1.0000
5263,-999,1.0000
5264,-999,1.0000
5265,-999,1.0000
5266,-999,1.0000
5267,-999,1.0000
5268,-999,1.0000
5269,-999,1.0000
5270,-999,1.0000
5271,-999,1.0000
5272,-999,1.0000
5273,-999,1.0000
5274,-999,1.0000
5275,-999,1.0000
5276,-999,1.0000
5277,-999,1.0000
5278,-999,1.0000
5279,-999,1.0000
5280,-999,1.0000
5281,-999,1.0000
5282,-999,1.0000
5283,-999,1.0000
5284,-999,1.0000
5285,-999,1.0000
5286,-999,1.0000
5287,-999,1.0000
5288,-999,1.0000
5289,-999,1.0000
5290,-999,1.0000
5291,-999,1.0000
5292,-999,1.0000
5293,-999,1.0000
5294,-999,1.0000
5295,-999,1.0000
5296,-999,1.0000
5297,-999,1.0000
5298,-999,1.0000
5299,-999,1.0000
5300,-999,1.0000
5301,-999,1.0000
5302,-999,1.0000
5303,-999,1.0000
5304,-999,1.0000
5305,-999,1.0000
5306,-999,1.0000
5307,-999,1.0000
5308,-999,1.0000
5309,-999,1.0000
5310,-999,1.0000
5311,-999,1.0000
5312,-999,1.0000
5313,-999,1.0000
5314,-999,1.0000
5315,-999,1.0000
5316,-999,1.0000
5317,-999,1.0000
5318,-999,1.0000
5319,-999,1.0000
5320,-999,1.0000
5321,-999,1.0000
5322,-999,1.0000
5323,-999,1.0000
5324,-999,1.0000
5325,-999,1.0000
5326,-999,1.0000
5327,-999,1.0000
5328,-999,1.0000
5329,-999,1.0000
5330,-999,1.0000
5331,-999,1.0000
5332,-999,1.0000
5333,-999,1.0000
5334,-999,1.0000
5335,-999,1.0000
5336,-999,1.0000
5337,-999,1.0000
5338,-999,1.0000
5339,-999,1.0000
5340,-999,1.0000
5341,-999,1.0000
5342,-999,1.0000
5343,-999,1.0000
5344,-999,1.0000
5345,-999,1.0000
5346,-999,1.0000
5347,-999,1.0000
5348,-999,1.0000
5349,-999,1.0000
5350,-999,1.0000
5351,-999,1.0000
5352,-999,1.0000
5353,-999,1.0000
5354,-999,1.0000
5355,-999,1.0000
5356,-999,1.0000
5357,-999,1.0000
5358,-999,1.0000
5359,-999,1.0000
5360,-999,1.0000
5361,-999,1.0000
5362,-999,1.0000
5363,-999,1.0000
5364,-999,1.0000
5365,-999,1.0000
5366,-999,1.0000
5367,-999,1.0000
5368,-999,1.0000
5369,-999,1.0000
5370,-999,.7222
5370,5254,.2778
5371,-999,.0500
5371,5254,.9500
5372,5254,1.0000
5373,5254,1.0000
5374,5254,1.0000
5375,5254,1.0000
5376,5254,1.0000
5377,5254,1.0000
5378,5254,1.0000
5379,5254,1.0000
5380,5254,1.0000
5381,5254,1.0000
5382,5254,1.0000
5383,5254,1.0000
5384,5254,1.0000
5385,5254,1.0000
5386,5254,1.0000
5387,5254,1.0000
5388,5254,1.0000
5389,5254,1.0000
5390,5254,.4000
5390,-999,.6000
5391,-999,.6364
5391,5254,.3636
5392,5254,1.0000
5393,5254,.4000
5393,-999,.6000
5394,-999,1.0000
5395,-999,1.0000
5396,-999,1.0000
5397,-999,1.0000
5398,-999,1.0000
5399,-999,1.0000
5400,-999,1.0000
5401,-999,1.0000
5402,-999,1.0000
5403,-999,1.0000
5404,-999,1.0000
5405,-999,1.0000
5406,-999,1.0000
5407,-999,1.0000
5408,-999,1.0000
5409,-999,1.0000
5410,-999,1.0000
5411,-999,1.0000
5412,-999,1.0000
5413,-999,1.0000
5414,-999,1.0000
5415,-999,1.0000
5416,-999,1.0000
5417,-999,1.0000
5418,-999,1.0000
5419,-999,1.0000
5420,-999,1.0000
5421,-999,1.0000
5422,-999,1.0000
5423,-999,1.0000
5424,-999,1.0000
5425,-999,1.0000
5426,-999,1.0000
5427,-999,1.0000
5428,-999,1.0000
5429,-999,1.0000
5430,-999,1.0000
5431,-999,1.0000
5432,-999,1.0000
5433,-999,1.0000
5434,-999,1.0000
5435,-999,1.0000
5436,-999,1.0000
5437,-999,1.0000
5438,-999,1.0000
5439,-999,1.0000
5440,-999,1.0000
5441,-999,1.0000
5442,-999,1.0000
5443,-999,1.0000
5444,-999,1.0000
5445,-999,1.0000
5446,-999,1.0000
5447,-999,1.0000
5448,-999,1.0000
5449,-999,1.0000
5450,-999,1.0000
5451,-999,1.0000
5452,-999,1.0000
5453,-999,1.0000
5454,-999,1.0000
5455,-999,1.0000
5456,-999,1.0000
5457,-999,1.0000
5458,-999,1.0000
5459,-999,1.0000
5460,-999,1.0000
5461,-999,1.0000
5462,-999,1.0000
5463,-999,1.0000
5464,-999,1.0000
5465,-999,1.0000
5466,-999,1.0000
5467,-999,1.0000
5468,-999,1.0000
5469,-999,1.0000
5470,-999,1.0000
5471,-999,1.0000
5472,-999,1.0000
5473,-999,1.0000
5474,-999,1.0000
5475,-999,1.0000
5476,-999,1.0000
5477,-999,1.0000
5478,-999,1.0000
5479,-999,1.0000
5480,-999,1.0000
5481,-999,1.0000
5482,-999,1.0000
5483,-999,1.0000
5484,-999,1.0000
5485,-999,1.0000
5486,-999,1.0000
5487,-999,1.0000
5488,-999,1.0000
5489,-999,1.0000
5490,-999,1.0000
5491,-999,1.0000
5492,-999,1.0000
5493,-999,1.0000
5494,-999,1.0000
5495,-999,1.0000
5496,-999,1.0000
5497,-999,1.0000
5498,-999,1.0000
5499,-999,1.0000
5500,-999,1.0000
5501,-999,1.0000
5502,-999,1.0000
5503,-999,1.0000
5504,-999,1.0000
5505,-999,1.0000
5506,-999,1.0000
5507,-999,1.0000
5508,-999,1.0000
5509,-999,1.0000
5510,-999,1.0000
5511,-999,1.0000
5512,-999,1.0000
5513,-999,1.0000
5514,-999,1.0000
5515,-999,1.0000
5516,-999,1.0000
5517,-999,1.0000
5518,-999,1.0000
5519,-999,1.0000
5520,-999,1.0000
5521,-999,1.0000
5522,-999,1.0000
5523,-999,1.0000
5524,-999,1.0000
5525,-999,1.0000
5526,-999,1.0000
5527,-999,1.0000
5528,-999,1.0000
5529,-999,1.0000
5530,-999,1.0000
5531,-999,1.0000
5532,-999,1.0000
5533,-999,1.0000
5534,-999,1.0000
5535,-999,1.0000
5536,-999,1.0000
5537,-999,1.0000
5538,-999,1.0000
5539,-999,1.0000
5540,-999,1.0000
5541,-999,1.0000
5542,-999,1.0000
5543,-999,1.0000
5544,-999,1.0000
5545,-999,1.0000
5546,-999,1.0000
5547,-999,1.0000
5548,-999,1.0000
5549,-999,1.0000
5550,-999,1.0000
5551,-999,1.0000
5552,-999,1.0000
5553,-999,1.0000
5554,-999,1.0000
5555,-999,1.0000
5556,-999,1.0000
5557,-999,1.0000
5558,-999,1.0000
5559,-999,1.0000
5560,-999,1.0000
5561,-999,1.0000
5562,-999,1.0000
5563,-999,1.0000
5564,-999,1.0000
5565,-999,1.0000
5566,-999,1.0000
5567,-999,1.0000
5568,-999,1.0000
5569,-999,1.0000
5570,-999,1.0000
5571,-999,1.0000
5572,-999,1.0000
5573,-999,1.0000
5574,-999,1.0000
5575,-999,1.0000
5576,-999,1.0000
5577,-999,1.0000
5578,-999,1.0000
5579,-999,1.0000
5580,-999,1.0000
5581,-999,1.0000
5582,-999,1.0000
5583,-999,1.0000
5584,-999,1.0000
5585,-999,1.0000
5586,-999,1.0000
5587,-999,1.0000
5588,-999,1.0000
5589,-999,1.0000
5590,-999,1.0000
5591,-999,1.0000
5592,-999,1.0000
5593,-999,1.0000
5594,-999,1.0000
5595,-999,1.0000
5596,-999,1.0000
5597,-999,1.0000
5598,-999,1.0000
5599,-999,1.0000
5600,-999,1.0000
5601,-999,1.0000
5602,-999,1.0000
5603,-999,1.0000
5604,-999,1.0000
5605,-999,1.0000
5606,-999,1.0000
5607,-999,1.0000
5608,-999,1.0000
5609,-999,1.0000
5610,-999,1.0000
5611,-999,1.0000
5612,-999,1.0000
5613,-999,1.0000
5614,-999,1.0000
5615,-999,1.0000
5616,-999,1.0000
5617,-999,1.0000
5618,-999,1.0000
5619,-999,1.0000
5620,-999,1.0000
5621,-999,1.0000
5622,-999,1.0000
5623,-999,1.0000
5624,-999,1.0000
5625,-999,1.0000
5626,-999,1.0000
5627,-999,1.0000
5628,-999,1.0000
5629,-999,1.0000
5630,-999,1.0000
5631,-999,1.0000
5632,-999,1.0000
5633,-999,1.0000
5634,-999,1.0000
5635,-999,1.0000
5636,-999,1.0000
5637,-999,1.0000
5638,-999,.9167
5638,5254,.0833
5639,5254,.8750
5639,-999,.1250
5640,5254,1.0000
5641,5254,1.0000
5642,5254,1.0000
5643,5254,1.0000
5644,5254,1.0000
5645,5254,1.0000
5646,5254,1.0000
5647,5254,1.0000
5648,5254,1.0000
5649,5254,1.0000
5650,5254,1.0000
5651,5254,1.0000
5652,5254,1.0000
5653,5254,1.0000
5654,5254,1.0000
5655,5254,1.0000
5656,5254,1.0000
5657,5254,1.0000
5658,5254,.6875
5658,-999,.3125
5659,-999,.6000
5659,5254,.4000
5660,5254,1.0000
5661,5254,.4000
5661,-999,.6000
5662,-999,1.0000
5663,-999,1.0000
5664,-999,1.0000
5665,-999,1.0000
5666,-999,1.0000
5667,-999,1.0000
5668,-999,1.0000
5669,-999,1.0000
5670,-999,1.0000
5671,-999,1.0000
5672,-999,1.0000
5673,-999,1.0000
5674,-999,1.0000
5675,-999,1.0000
5676,-999,1.0000
5677,-999,1.0000
5678,-999,1.0000
5679,-999,1.0000
5680,-999,1.0000
5681,-999,1.0000
5682,-999,1.0000
5683,-999,1.0000
5684,-999,1.0000
5685,-999,1.0000
5686,-999,1.0000
5687,-999,1.0000
5688,-999,1.0000
5689,-999,1.0000
5690,-999,1.0000
5691,-999,1.0000
5692,-999,1.0000
5693,-999,1.0000
5694,-999,1.0000
5695,-999,1.0000
5696,-999,1.0000
5697,-999,1.0000
5698,-999,1.0000
5699,-999,1.0000
5700,-999,1.0000
5701,-999,1.0000
5702,-999,1.0000
5703,-999,1.0000
5704,-999,1.0000
5705,-999,1.0000
5706,-999,1.0000
5707,-999,1.0000
5708,-999,1.0000
5709,-999,1.0000
5710,-999,1.0000
5711,-999,1.0000
5712,-999,1.0000
5713,-999,1.0000
5714,-999,1.0000
5715,-999,1.0000
5716,-999,1.0000
5717,-999,1.0000
5718,-999,1.0000
5719,-999,1.0000
5720,-999,1.0000
5721,-999,1.0000
5722,-999,1.0000
5723,-999,1.0000
5724,-999,1.0000
5725,-999,1.0000
5726,-999,1.0000
5727,-999,1.0000
5728,-999,1.0000
5729,-999,1.0000
5730,-999,1.0000
5731,-999,1.0000
5732,-999,1.0000
5733,-999,1.0000
5734,-999,1.0000
5735,-999,1.0000
5736,-999,1.0000
5737,-999,1.0000
5738,-999,1.0000
5739,-999,1.0000
5740,-999,1.0000
5741,-999,1.0000
5742,-999,1.0000
5743,-999,1.0000
5744,-999,1.0000
5745,-999,1.0000
5746,-999,1.0000
5747,-999,1.0000
5748,-999,1.0000
5749,-999,1.0000
5750,-999,1.0000
5751,-999,1.0000
5752,-999,1.0000
5753,-999,1.0000
5754,-999,1.0000
5755,-999,1.0000
5756,-999,1.0000
5757,-999,1.0000
5758,-999,1.0000
5759,-999,1.0000
5760,-999,1.0000
5761,-999,1.0000
5762,-999,1.0000
5763,-999,1.0000
5764,-999,1.0000
5765,-999,1.0000
5766,-999,1.0000
5767,-999,1.0000
5768,-999,1.0000
5769,-999,1.0000
5770,-999,1.0000
5771,-999,1.0000
5772,-999,1.0000
5773,-999,1.0000
5774,-999,1.0000
5775,-999,1.0000
5776,-999,1.0000
5777,-999,1.0000
5778,-999,1.0000
5779,-999,1.0000
5780,-999,1.0000
5781,-999,1.0000
5782,-999,1.0000
5783,-999,1.0000
5784,-999,1.0000
5785,-999,1.0000
5786,-999,1.0000
5787,-999,1.0000
5788,-999,1.0000
5789,-999,1.0000
5790,-999,1.0000
5791,-999,1.0000
5792,-999,1.0000
5793,-999,1.0000
5794,-999,1.0000
5795,-999,1.0000
5796,-999,1.0000
5797,-999,1.0000
5798,-999,1.0000
5799,-999,1.0000
5800,-999,1.0000
5801,-999,1.0000
5802,-999,1.0000
5803,-999,1.0000
5804,-999,1.0000
5805,-999,1.0000
5806,-999,1.0000
5807,-999,1.0000
5808,-999,1.0000
5809,-999,1.0000
5810,-999,1.0000
5811,-999,1.0000
5812,-999,1.0000
5813,-999,1.0000
5814,-999,1.0000
5815,-999,1.0000
5816,-999,1.0000
5817,-999,1.0000
5818,-999,1.0000
5819,-999,1.0000
5820,-999,1.0000
5821,-999,1.0000
5822,-999,1.0000
5823,-999,1.0000
5824,-999,1.0000
5825,-999,1.0000
5826,-999,1.0000
5827,-999,1.0000
5828,-999,1.0000
5829,-999,1.0000
5830,-999,1.0000
5831,-999,1.0000
5832,-999,1.0000
5833,-999,1.0000
5834,-999,1.0000
5835,-999,1.0000
5836,-999,1.0000
5837,-999,1.0000
5838,-999,1.0000
5839,-999,1.0000
5840,-999,1.0000
5841,-999,1.0000
5842,-999,1.0000
5843,-999,1.0000
5844,-999,1.0000
5845,-999,1.0000
5846,-999,1.0000
5847,-999,1.0000
5848,-999,1.0000
5849,-999,1.0000
5850,-999,1.0000
5851,-999,1.0000
5852,-999,1.0000
5853,-999,1.0000
5854,-999,1.0000
5855,-999,1.0000
5856,-999,1.0000
5857,-999,1.0000
5858,-999,1.0000
5859,-999,1.0000
5860,-999,1.0000
5861,-999,1.0000
5862,-999,1.0000
5863,-999,1.0000
5864,-999,1.0000
5865,-999,1.0000
5866,-999,1.0000
5867,-999,1.0000
5868,-999,1.0000
5869,-999,1.0000
5870,-999,1.0000
5871,-999,1.0000
5872,-999,1.0000
5873,-999,1.0000
5874,-999,1.0000
5875,-999,1.0000
5876,-999,1.0000
5877,-999,1.0000
5878,-999,1.0000
5879,-999,1.0000
5880,-999,1.0000
5881,-999,1.0000
5882,-999,1.0000
5883,-999,1.0000
5884,-999,1.0000
5885,-999,1.0000
5886,-999,1.0000
5887,-999,1.0000
5888,-999,1.0000
5889,-999,1.0000
5890,-999,1.0000
5891,-999,1.0000
5892,-999,1.0000
5893,-999,1.0000
5894,-999,1.0000
5895,-999,1.0000
5896,-999,1.0000
5897,-999,1.0000
5898,-999,1.0000
5899,-999,1.0000
5900,-999,1.0000
5901,-999,1.0000
5902,-999,1.0000
5903,-999,1.0000
5904,-999,1.0000
5905,-999,1.0000
5906,-999,.8000
5906,5254,.2000
5907,5254,1.0000
5908,5254,1.0000
5909,5254,1.0000
5910,5254,1.0000
5911,5254,1.0000
5912,5254,1.0000
5913,5254,1.0000
5914,5254,1.0000
5915,5254,1.0000
5916,5254,1.0000
5917,5254,1.0000
5918,5254,1.0000
5919,5254,1.0000
5920,5254,1.0000
5921,5254,1.0000
5922,5254,1.0000
5923,5254,1.0000
5924,5254,1.0000
5925,5254,1.0000
5926,5254,.8750
5926,-999,.1250
5927,-999,.4000
5927,5254,.6000
5928,5254,1.0000
5929,5254,.3000
5929,-999,.7000
5930,-999,1.0000
5931,-999,1.0000
5932,-999,1.0000
5933,-999,1.0000
5934,-999,1.0000
5935,-999,1.0000
5936,-999,1.0000
5937,-999,1.0000
5938,-999,1.0000
5939,-999,1.0000
5940,-999,1.0000
5941,-999,1.0000
5942,-999,1.0000
5943,-999,1.0000
5944,-999,1.0000
5945,-999,1.0000
5946,-999,1.0000
5947,-999,1.0000
5948,-999,1.0000
5949,-999,1.0000
5950,-999,1.0000
5951,-999,1.0000
5952,-999,1.0000
5953,-999,1.0000
5954,-999,1.0000
5955,-999,1.0000
5956,-999,1.0000
5957,-999,1.0000
5958,-999,1.0000
5959,-999,1.0000
5960,-999,1.0000
5961,-999,1.0000
5962,-999,1.0000
5963,-999,1.0000
5964,-999,1.0000
5965,-999,1.0000
5966,-999,1.0000
5967,-999,1.0000
5968,-999,1.0000
5969,-999,1.0000
5970,-999,1.0000
5971,-999,1.0000
5972,-999,1.0000
5973,-999,1.0000
5974,-999,1.0000
5975,-999,1.0000
5976,-999,1.0000
5977,-999,1.0000
5978,-999,1.0000
5979,-999,1.0000
5980,-999,1.0000
5981,-999,1.0000
5982,-999,1.0000
5983,-999,1.0000
5984,-999,1.0000
5985,-999,1.0000
5986,-999,1.0000
5987,-999,1.0000
5988,-999,1.0000
5989,-999,1.0000
5990,-999,1.0000
5991,-999,1.0000
5992,-999,1.0000
5993,-999,1.0000
5994,-999,1.0000
5995,-999,1.0000
5996,-999,1.0000
5997,-999,1.0000
5998,-999,1.0000
5999,-999,1.0000
6000,-999,1.0000
6001,-999,1.0000
6002,-999,1.0000
6003,-999,1.0000
6004,-999,1.0000
6005,-999,1.0000
6006,-999,1.0000
6007,-999,1.0000
6008,-999,1.0000
6009,-999,1.0000
6010,-999,1.0000
6011,-999,1.0000
6012,-999,1.0000
6013,-999,1.0000
6014,-999,1.0000
6015,-999,1.0000
6016,-999,1.0000
6017,-999,1.0000
6018,-999,1.0000
6019,-999,1.0000
6020,-999,1.0000
6021,-999,1.0000
6022,-999,1.0000
6023,-999,1.0000
6024,-999,1.0000
6025,-999,1.0000
6026,-999,1.0000
6027,-999,1.0000
6028,-999,1.0000
6029,-999,1.0000
6030,-999,1.0000
6031,-999,1.0000
6032,-999,1.0000
6033,-999,1.0000
6034,-999,1.0000
6035,-999,1.0000
6036,-999,1.0000
6037,-999,1.0000
6038,-999,1.0000
6039,-999,1.0000
6040,-999,1.0000
6041,-999,1.0000
6042,-999,1.0000
6043,-999,1.0000
6044,-999,1.0000
6045,-999,1.0000
6046,-999,1.0000
6047,-999,1.0000
6048,-999,1.0000
6049,-999,1.0000
6050,-999,1.0000
6051,-999,1.0000
6052,-999,1.0000
6053,-999,1.0000
6054,-999,1.0000
6055,-999,1.0000
6056,-999,1.0000
6057,-999,1.0000
6058,-999,1.0000
6059,-999,1.0000
6060,-999,1.0000
6061,-999,1.0000
6062,-999,1.0000
6063,-999,1.0000
6064,-999,1.0000
6065,-999,1.0000
6066,-999,1.0000
6067,-999,1.0000
6068,-999,1.0000
6069,-999,1.0000
6070,-999,1.0000
6071,-999,1.0000
6072,-999,1.0000
6073,-999,1.0000
6074,-999,1.0000
6075,-999,1.0000
6076,-999,1.0000
6077,-999,1.0000
6078,-999,1.0000
6079,-999,1.0000
6080,-999,1.0000
6081,-999,1.0000
6082,-999,1.0000
6083,-999,1.0000
6084,-999,1.0000
6085,-999,1.0000
6086,-999,1.0000
6087,-999,1.0000
6088,-999,1.0000
6089,-999,1.0000
6090,-999,1.0000
6091,-999,1.0000
6092,-999,1.0000
6093,-999,1.0000
6094,-999,1.0000
6095,-999,1.0000
6096,-999,1.0000
6097,-999,1.0000
6098,-999,1.0000
6099,-999,1.0000
6100,-999,1.0000
6101,-999,1.0000
6102,-999,1.0000
6103,-999,1.0000
6104,-999,1.0000
6105,-999,1.0000
6106,-999,1.0000
6107,-999,1.0000
6108,-999,1.0000
6109,-999,1.0000
6110,-999,1.0000
6111,-999,1.0000
6112,-999,1.0000
6113,-999,1.0000
6114,-999,1.0000
6115,-999,1.0000
6116,-999,1.0000
6117,-999,1.0000
6118,-999,1.0000
6119,-999,1.0000
6120,-999,1.0000
6121,-999,1.0000
6122,-999,1.0000
6123,-999,1.0000
6124,-999,1.0000
6125,-999,1.0000
6126,-999,1.0000
6127,-999,1.0000
6128,-999,1.0000
6129,-999,1.0000
6130,-999,1.0000
6131,-999,1.0000
6132,-999,1.0000
6133,-999,1.0000
6134,-999,1.0000
6135,-999,1.0000
6136,-999,1.0000
6137,-999,1.0000
6138,-999,1.0000
6139,-999,1.0000
6140,-999,1.0000
6141,-999,1.0000
6142,-999,1.0000
6143,-999,1.0000
6144,-999,1.0000
6145,-999,1.0000
6146,-999,1.0000
6147,-999,1.0000
6148,-999,1.0000
6149,-999,1.0000
6150,-999,1.0000
6151,-999,1.0000
6152,-999,1.0000
6153,-999,1.0000
6154,-999,1.0000
6155,-999,1.0000
6156,-999,1.0000
6157,-999,1.0000
6158,-999,1.0000
6159,-999,1.0000
6160,-999,1.0000
6161,-999,1.0000
6162,-999,1.0000
6163,-999,1.0000
6164,-999,1.0000
6165,-999,1.0000
6166,-999,1.0000
6167,-999,1.0000
6168,-999,1.0000
6169,-999,1.0000
6170,-999,1.0000
6171,-999,1.0000
6172,-999,.9000
6172,5254,.1000
6173,-999,.5625
6173,5254,.4375
6174,-999,.7500
6174,5254,.2500
6175,5254,.8125
6175,-999,.1875
6176,5254,1.0000
6177,5254,1.0000
6178,5254,1.0000
6179,5254,1.0000
6180,5254,1.0000
6181,5254,1.0000
6182,5254,1.0000
6183,5254,1.0000
6184,5254,1.0000
6185,5254,1.0000
6186,5254,1.0000
6187,5254,1.0000
6188,5254,1.0000
6189,5254,.9375
6189,-999,.0625
6190,5254,.7895
6190,-999,.2105
6191,5254,.7222
6191,-999,.2778
6192,5254,.8125
6192,-999,.1875
6193,5254,1.0000
6194,5254,1.0000
6195,5254,.9000
6195,-999,.1000
6196,5254,.6875
6196,-999,.3125
6197,5254,.0588
6197,-999,.9412
6198,-999,1.0000
6199,-999,1.0000
6200,-999,1.0000
6201,-999,1.0000
6202,-999,1.0000
6203,-999,1.0000
6204,-999,1.0000
6205,-999,1.0000
6206,-999,1.0000
6207,-999,1.0000
6208,-999,1.0000
6209,-999,1.0000
6210,-999,1.0000
6211,-999,1.0000
6212,-999,1.0000
6213,-999,1.0000
6214,-999,1.0000
6215,-999,1.0000
6216,-999,1.0000
6217,-999,1.0000
6218,-999,1.0000
6219,-999,1.0000
6220,-999,1.0000
6221,-999,1.0000
6222,-999,1.0000
6223,-999,1.0000
6224,-999,1.0000
6225,-999,1.0000
6226,-999,1.0000
6227,-999,1.0000
6228,-999,1.0000
6229,-999,1.0000
6230,-999,1.0000
6231,-999,1.0000
6232,-999,1.0000
6233,-999,1.0000
6234,-999,1.0000
6235,-999,1.0000
6236,-999,1.0000
6237,-999,1.0000
6238,-999,1.0000
6239,-999,1.0000
6240,-999,1.0000
6241,-999,1.0000
6242,-999,1.0000
6243,-999,1.0000
6244,-999,1.0000
6245,-999,1.0000
6246,-999,1.0000
6247,-999,1.0000
6248,-999,1.0000
6249,-999,1.0000
6250,-999,1.0000
6251,-999,1.0000
6252,-999,1.0000
6253,-999,1.0000
6254,-999,1.0000
6255,-999,1.0000
6256,-999,1.0000
6257,-999,1.0000
6258,-999,1.0000
6259,-999,1.0000
6260,-999,1.0000
6261,-999,1.0000
6262,-999,1.0000
6263,-999,1.0000
6264,-999,1.0000
6265,-999,1.0000
6266,-999,1.0000
6267,-999,1.0000
6268,-999,1.0000
6269,-999,1.0000
6270,-999,1.0000
6271,-999,1.0000
6272,-999,1.0000
6273,-999,1.0000
6274,-999,1.0000
6275,-999,1.0000
6276,-999,1.0000
6277,-999,1.0000
6278,-999,1.0000
6279,-999,1.0000
6280,-999,1.0000
6281,-999,1.0000
6282,-999,1.0000
6283,-999,1.0000
6284,-999,1.0000
6285,-999,1.0000
6286,-999,1.0000
6287,-999,1.0000
6288,-999,1.0000
6289,-999,1.0000
6290,-999,1.0000
6291,-999,1.0000
6292,-999,1.0000
6293,-999,1.0000
6294,-999,1.0000
6295,-999,1.0000
6296,-999,1.0000
6297,-999,1.0000
6298,-999,1.0000
6299,-999,1.0000
6300,-999,1.0000
6301,-999,1.0000
6302,-999,1.0000
6303,-999,1.0000
6304,-999,1.0000
6305,-999,1.0000
6306,-999,1.0000
6307,-999,1.0000
6308,-999,1.0000
6309,-999,1.0000
6310,-999,1.0000
6311,-999,1.0000
6312,-999,1.0000
6313,-999,1.0000
6314,-999,1.0000
6315,-999,1.0000
6316,-999,1.0000
6317,-999,1.0000
6318,-999,1.0000
6319,-999,1.0000
6320,-999,1.0000
6321,-999,1.0000
6322,-999,1.0000
6323,-999,1.0000
6324,-999,1.0000
6325,-999,1.0000
6326,-999,1.0000
6327,-999,1.0000
6328,-999,1.0000
6329,-999,1.0000
6330,-999,1.0000
6331,-999,1.0000
6332,-999,1.0000
6333,-999,1.0000
6334,-999,1.0000
6335,-999,1.0000
6336,-999,1.0000
6337,-999,1.0000
6338,-999,1.0000
6339,-999,1.0000
6340,-999,1.0000
6341,-999,1.0000
6342,-999,1.0000
6343,-999,1.0000
6344,-999,1.0000
6345,-999,1.0000
6346,-999,1.0000
6347,-999,1.0000
6348,-999,1.0000
6349,-999,1.0000
6350,-999,1.0000
6351,-999,1.0000
6352,-999,1.0000
6353,-999,1.0000
6354,-999,1.0000
6355,-999,1.0000
6356,-999,1.0000
6357,-999,1.0000
6358,-999,1.0000
6359,-999,1.0000
6360,-999,1.0000
6361,-999,1.0000
6362,-999,1.0000
6363,-999,1.0000
6364,-999,1.0000
6365,-999,1.0000
6366,-999,1.0000
6367,-999,1.0000
6368,-999,1.0000
6369,-999,1.0000
6370,-999,1.0000
6371,-999,1.0000
6372,-999,1.0000
6373,-999,1.0000
6374,-999,1.0000
6375,-999,1.0000
6376,-999,1.0000
6377,-999,1.0000
6378,-999,1.0000
6379,-999,1.0000
6380,-999,1.0000
6381,-999,1.0000
6382,-999,1.0000
6383,-999,1.0000
6384,-999,1.0000
6385,-999,1.0000
6386,-999,1.0000
6387,-999,1.0000
6388,-999,1.0000
6389,-999,1.0000
6390,-999,1.0000
6391,-999,1.0000
6392,-999,1.0000
6393,-999,1.0000
6394,-999,1.0000
6395,-999,1.0000
6396,-999,1.0000
6397,-999,1.0000
6398,-999,1.0000
6399,-999,1.0000
6400,-999,1.0000
6401,-999,1.0000
6402,-999,1.0000
6403,-999,1.0000
6404,-999,1.0000
6405,-999,1.0000
6406,-999,1.0000
6407,-999,1.0000
6408,-999,1.0000
6409,-999,1.0000
6410,-999,1.0000
6411,-999,1.0000
6412,-999,1.0000
6413,-999,1.0000
6414,-999,1.0000
6415,-999,1.0000
6416,-999,1.0000
6417,-999,1.0000
6418,-999,1.0000
6419,-999,1.0000
6420,-999,1.0000
6421,-999,1.0000
6422,-999,1.0000
6423,-999,1.0000
6424,-999,1.0000
6425,-999,1.0000
6426,-999,1.0000
6427,-999,1.0000
6428,-999,1.0000
6429,-999,1.0000
6430,-999,1.0000
6431,-999,1.0000
6432,-999,1.0000
6433,-999,1.0000
6434,-999,1.0000
6435,-999,1.0000
6436,-999,1.0000
6437,-999,1.0000
6438,-999,1.0000
6439,-999,1.0000
6440,-999,.4500
6440,5254,.5500
6441,-999,.1250
6441,5254,.8750
6442,5254,.5000
6442,-999,.5000
6443,5254,1.0000
6444,5254,1.0000
6445,5254,1.0000
6446,5254,1.0000
6447,5254,1.0000
6448,5254,1.0000
6449,5254,1.0000
6450,5254,1.0000
6451,5254,1.0000
6452,5254,1.0000
6453,5254,1.0000
6454,5254,1.0000
6455,5254,1.0000
6456,5254,.8500
6456,-999,.1500
6457,5254,.1875
6457,-999,.8125
6458,-999,1.0000
6459,-999,1.0000
6460,-999,.9375
6460,5254,.0625
6461,5254,.3000
6461,-999,.7000
6462,5254,.5000
6462,-999,.5000
6463,5254,.2500
6463,-999,.7500
6464,-999,.9500
6464,5254,.0500
6465,-999,1.0000
6466,-999,1.0000
6467,-999,1.0000
6468,-999,1.0000
6469,-999,1.0000
6470,-999,1.0000
6471,-999,1.0000
6472,-999,1.0000
6473,-999,1.0000
6474,-999,1.0000
6475,-999,1.0000
6476,-999,1.0000
6477,-999,1.0000
6478,-999,1.0000
6479,-999,1.0000
6480,-999,1.0000
6481,-999,1.0000
6482,-999,1.0000
6483,-999,1.0000
6484,-999,1.0000
6485,-999,1.0000
6486,-999,1.0000
6487,-999,1.0000
6488,-999,1.0000
6489,-999,1.0000
6490,-999,1.0000
6491,-999,1.0000
6492,-999,1.0000
6493,-999,1.0000
6494,-999,1.0000
6495,-999,1.0000
6496,-999,1.0000
6497,-999,1.0000
6498,-999,1.0000
6499,-999,1.0000
6500,-999,1.0000
6501,-999,1.0000
6502,-999,1.0000
6503,-999,1.0000
6504,-999,1.0000
6505,-999,1.0000
6506,-999,1.0000
6507,-999,1.0000
6508,-999,1.0000
6509,-999,1.0000
6510,-999,1.0000
6511,-999,1.0000
6512,-999,1.0000
6513,-999,1.0000
6514,-999,1.0000
6515,-999,1.0000
6516,-999,1.0000
6517,-999,1.0000
6518,-999,1.0000
6519,-999,1.0000
6520,-999,1.0000
6521,-999,1.0000
6522,-999,1.0000
6523,-999,1.0000
6524,-999,1.0000
6525,-999,1.0000
6526,-999,1.0000
6527,-999,1.0000
6528,-999,1.0000
6529,-999,1.0000
6530,-999,1.0000
6531,-999,1.0000
6532,-999,1.0000
6533,-999,1.0000
6534,-999,1.0000
6535,-999,1.0000
6536,-999,1.0000
6537,-999,1.0000
6538,-999,1.0000
6539,-999,1.0000
6540,-999,1.0000
6541,-999,1.0000
6542,-999,1.0000
6543,-999,1.0000
6544,-999,1.0000
6545,-999,1.0000
6546,-999,1.0000
6547,-999,1.0000
6548,-999,1.0000
6549,-999,1.0000
6550,-999,1.0000
6551,-999,1.0000
6552,-999,1.0000
6553,-999,1.0000
6554,-999,1.0000
6555,-999,1.0000
6556,-999,1.0000
6557,-999,1.0000
6558,-999,1.0000
6559,-999,1.0000
6560,-999,1.0000
6561,-999,1.0000
6562,-999,1.0000
6563,-999,1.0000
6564,-999,1.0000
6565,-999,1.0000
6566,-999,1.0000
6567,-999,1.0000
6568,-999,1.0000
6569,-999,1.0000
6570,-999,1.0000
6571,-999,1.0000
6572,-999,1.0000
6573,-999,1.0000
6574,-999,1.0000
6575,-999,1.0000
6576,-999,1.0000
6577,-999,1.0000
6578,-999,1.0000
6579,-999,1.0000
6580,-999,1.0000
6581,-999,1.0000
6582,-999,1.0000
6583,-999,1.0000
6584,-999,1.0000
6585,-999,1.0000
6586,-999,1.0000
6587,-999,1.0000
6588,-999,1.0000
6589,-999,1.0000
6590,-999,1.0000
6591,-999,1.0000
6592,-999,1.0000
6593,-999,1.0000
6594,-999,1.0000
6595,-999,1.0000
6596,-999,1.0000
6597,-999,1.0000
6598,-999,1.0000
6599,-999,1.0000
6600,-999,1.0000
6601,-999,1.0000
6602,-999,1.0000
6603,-999,1.0000
6604,-999,1.0000
6605,-999,1.0000
6606,-999,1.0000
6607,-999,1.0000
6608,-999,1.0000
6609,-999,1.0000
6610,-999,1.0000
6611,-999,1.0000
6612,-999,1.0000
6613,-999,1.0000
6614,-999,1.0000
6615,-999,1.0000
6616,-999,1.0000
6617,-999,1.0000
6618,-999,1.0000
6619,-999,1.0000
6620,-999,1.0000
6621,-999,1.0000
6622,-999,1.0000
6623,-999,1.0000
6624,-999,1.0000
6625,-999,1.0000
6626,-999,1.0000
6627,-999,1.0000
6628,-999,1.0000
6629,-999,1.0000
6630,-999,1.0000
6631,-999,1.0000
6632,-999,1.0000
6633,-999,1.0000
6634,-999,1.0000
6635,-999,1.0000
6636,-999,1.0000
6637,-999,1.0000
6638,-999,1.0000
6639,-999,1.0000
6640,-999,1.0000
6641,-999,1.0000
6642,-999,1.0000
6643,-999,1.0000
6644,-999,1.0000
6645,-999,1.0000
6646,-999,1.0000
6647,-999,1.0000
6648,-999,1.0000
6649,-999,1.0000
6650,-999,1.0000
6651,-999,1.0000
6652,-999,1.0000
6653,-999,1.0000
6654,-999,1.0000
6655,-999,1.0000
6656,-999,1.0000
6657,-999,1.0000
6658,-999,1.0000
6659,-999,1.0000
6660,-999,1.0000
6661,-999,1.0000
6662,-999,1.0000
6663,-999,1.0000
6664,-999,1.0000
6665,-999,1.0000
6666,-999,1.0000
6667,-999,1.0000
6668,-999,1.0000
6669,-999,1.0000
6670,-999,1.0000
6671,-999,1.0000
6672,-999,1.0000
6673,-999,1.0000
6674,-999,1.0000
6675,-999,1.0000
6676,-999,1.0000
6677,-999,1.0000
6678,-999,1.0000
6679,-999,1.0000
6680,-999,1.0000
6681,-999,1.0000
6682,-999,1.0000
6683,-999,1.0000
6684,-999,1.0000
6685,-999,1.0000
6686,-999,1.0000
6687,-999,1.0000
6688,-999,1.0000
6689,-999,1.0000
6690,-999,1.0000
6691,-999,1.0000
6692,-999,1.0000
6693,-999,1.0000
6694,-999,1.0000
6695,-999,1.0000
6696,-999,1.0000
6697,-999,1.0000
6698,-999,1.0000
6699,-999,1.0000
6700,-999,1.0000
6701,-999,1.0000
6702,-999,1.0000
6703,-999,1.0000
6704,-999,1.0000
6705,-999,1.0000
6706,-999,1.0000
6707,-999,.8125
6707,5254,.1875
6708,-999,.0500
6708,5254,.9500
6709,5254,1.0000
6710,5254,.7727
6710,-999,.2273
6711,5254,1.0000
6712,5254,1.0000
6713,5254,1.0000
6714,5254,1.0000
6715,5254,1.0000
6716,5254,1.0000
6717,5254,1.0000
6718,5254,1.0000
6719,5254,1.0000
6720,5254,1.0000
6721,5254,1.0000
6722,5254,1.0000
6723,5254,1.0000
6724,5254,.7500
6724,-999,.2500
6725,-999,1.0000
6726,-999,1.0000
6727,-999,1.0000
6728,-999,1.0000
6729,-999,1.0000
6730,-999,1.0000
6731,-999,1.0000
6732,-999,1.0000
6733,-999,1.0000
6734,-999,1.0000
6735,-999,1.0000
6736,-999,1.0000
6737,-999,1.0000
6738,-999,1.0000
6739,-999,1.0000
6740,-999,1.0000
6741,-999,1.0000
6742,-999,1.0000
6743,-999,1.0000
6744,-999,1.0000
6745,-999,1.0000
6746,-999,1.0000
6747,-999,1.0000
6748,-999,1.0000
6749,-999,1.0000
6750,-999,1.0000
6751,-999,1.0000
6752,-999,1.0000
6753,-999,1.0000
6754,-999,1.0000
6755,-999,1.0000
6756,-999,1.0000
6757,-999,1.0000
6758,-999,1.0000
6759,-999,1.0000
6760,-999,1.0000
6761,-999,1.0000
6762,-999,1.0000
6763,-999,1.0000
6764,-999,1.0000
6765,-999,1.0000
6766,-999,1.0000
6767,-999,1.0000
6768,-999,1.0000
6769,-999,1.0000
6770,-999,1.0000
6771,-999,1.0000
6772,-999,1.0000
6773,-999,1.0000
6774,-999,1.0000
6775,-999,1.0000
6776,-999,1.0000
6777,-999,1.0000
6778,-999,1.0000
6779,-999,1.0000
6780,-999,1.0000
6781,-999,1.0000
6782,-999,1.0000
6783,-999,1.0000
6784,-999,1.0000
6785,-999,1.0000
6786,-999,1.0000
6787,-999,1.0000
6788,-999,1.0000
6789,-999,1.0000
6790,-999,1.0000
6791,-999,1.0000
6792,-999,1.0000
6793,-999,1.0000
6794,-999,1.0000
6795,-999,1.0000
6796,-999,1.0000
6797,-999,1.0000
6798,-999,1.0000
6799,-999,1.0000
6800,-999,1.0000
6801,-999,1.0000
6802,-999,1.0000
6803,-999,1.0000
6804,-999,1.0000
6805,-999,1.0000
6806,-999,1.0000
6807,-999,1.0000
6808,-999,1.0000
6809,-999,1.0000
6810,-999,1.0000
6811,-999,1.0000
6812,-999,1.0000
6813,-999,1.0000
6814,-999,1.0000
6815,-999,1.0000
6816,-999,1.0000
6817,-999,1.0000
6818,-999,1.0000
6819,-999,1.0000
6820,-999,1.0000
6821,-999,1.0000
6822,-999,1.0000
6823,-999,1.0000
6824,-999,1.0000
6825,-999,1.0000
6826,-999,1.0000
6827,-999,1.0000
6828,-999,1.0000
6829,-999,1.0000
6830,-999,1.0000
6831,-999,1.0000
6832,-999,1.0000
6833,-999,1.0000
6834,-999,1.0000
6835,-999,1.0000
6836,-999,1.0000
6837,-999,1.0000
6838,-999,1.0000
6839,-999,1.0000
6840,-999,1.0000
6841,-999,1.0000
6842,-999,1.0000
6843,-999,1.0000
6844,-999,1.0000
6845,-999,1.0000
6846,-999,1.0000
6847,-999,1.0000
6848,-999,1.0000
6849,-999,1.0000
6850,-999,1.0000
6851,-999,1.0000
6852,-999,1.0000
6853,-999,1.0000
6854,-999,1.0000
6855,-999,1.0000
6856,-999,1.0000
6857,-999,1.0000
6858,-999,1.0000
6859,-999,1.0000
6860,-999,1.0000
6861,-999,1.0000
6862,-999,1.0000
6863,-999,1.0000
6864,-999,1.0000
6865,-999,1.0000
6866,-999,1.0000
6867,-999,1.0000
6868,-999,1.0000
6869,-999,1.0000
6870,-999,1.0000
6871,-999,1.0000
6872,-999,1.0000
6873,-999,1.0000
6874,-999,1.0000
6875,-999,1.0000
6876,-999,1.0000
6877,-999,1.0000
6878,-999,1.0000
6879,-999,1.0000
6880,-999,1.0000
6881,-999,1.0000
6882,-999,1.0000
6883,-999,1.0000
6884,-999,1.0000
6885,-999,1.0000
6886,-999,1.0000
6887,-999,1.0000
6888,-999,1.0000
6889,-999,1.0000
6890,-999,1.0000
6891,-999,1.0000
6892,-999,1.0000
6893,-999,1.0000
6894,-999,1.0000
6895,-999,1.0000
6896,-999,1.0000
6897,-999,1.0000
6898,-999,1.0000
6899,-999,1.0000
6900,-999,1.0000
6901,-999,1.0000
6902,-999,1.0000
6903,-999,1.0000
6904,-999,1.0000
6905,-999,1.0000
6906,-999,1.0000
6907,-999,1.0000
6908,-999,1.0000
6909,-999,1.0000
6910,-999,1.0000
6911,-999,1.0000
6912,-999,1.0000
6913,-999,1.0000
6914,-999,1.0000
6915,-999,1.0000
6916,-999,1.0000
6917,-999,1.0000
6918,-999,1.0000
6919,-999,1.0000
6920,-999,1.0000
6921,-999,1.0000
6922,-999,1.0000
6923,-999,1.0000
6924,-999,1.0000
6925,-999,1.0000
6926,-999,1.0000
6927,-999,1.0000
6928,-999,1.0000
6929,-999,1.0000
6930,-999,1.0000
6931,-999,1.0000
6932,-999,1.0000
6933,-999,1.0000
6934,-999,1.0000
6935,-999,1.0000
6936,-999,1.0000
6937,-999,1.0000
6938,-999,1.0000
6939,-999,1.0000
6940,-999,1.0000
6941,-999,1.0000
6942,-999,1.0000
6943,-999,1.0000
6944,-999,1.0000
6945,-999,1.0000
6946,-999,1.0000
6947,-999,1.0000
6948,-999,1.0000
6949,-999,1.0000
6950,-999,1.0000
6951,-999,1.0000
6952,-999,1.0000
6953,-999,1.0000
6954,-999,1.0000
6955,-999,1.0000
6956,-999,1.0000
6957,-999,1.0000
6958,-999,1.0000
6959,-999,1.0000
6960,-999,1.0000
6961,-999,1.0000
6962,-999,1.0000
6963,-999,1.0000
6964,-999,1.0000
6965,-999,1.0000
6966,-999,1.0000
6967,-999,1.0000
6968,-999,1.0000
6969,-999,1.0000
6970,-999,1.0000
6971,-999,1.0000
6972,-999,1.0000
6973,-999,1.0000
6974,-999,1.0000
6975,-999,.7059
6975,5254,.2941
6976,5254,1.0000
6977,5254,1.0000
6978,5254,1.0000
6979,5254,1.0000
6980,5254,1.0000
6981,5254,1.0000
6982,5254,1.0000
6983,5254,1.0000
6984,5254,1.0000
6985,5254,1.0000
6986,5254,1.0000
6987,5254,1.0000
6988,5254,1.0000
6989,5254,1.0000
6990,5254,1.0000
6991,5254,1.0000
6992,5254,.6818
6992,-999,.3182
6993,-999,1.0000
6994,-999,1.0000
6995,-999,1.0000
6996,-999,1.0000
6997,-999,1.0000
6998,-999,1.0000
6999,-999,1.0000
7000,-999,1.0000
7001,-999,1.0000
7002,-999,1.0000
7003,-999,1.0000
7004,-999,1.0000
7005,-999,1.0000
7006,-999,1.0000
7007,-999,1.0000
7008,-999,1.0000
7009,-999,1.0000
7010,-999,1.0000
7011,-999,1.0000
7012,-999,1.0000
7013,-999,1.0000
7014,-999,1.0000
7015,-999,1.0000
7016,-999,1.0000
7017,-999,1.0000
7018,-999,1.0000
7019,-999,1.0000
7020,-999,1.0000
7021,-999,1.0000
7022,-999,1.0000
7023,-999,1.0000
7024,-999,1.0000
7025,-999,1.0000
7026,-999,1.0000
7027,-999,1.0000
7028,-999,1.0000
7029,-999,1.0000
7030,-999,1.0000
7031,-999,1.0000
7032,-999,1.0000
7033,-999,1.0000
7034,-999,1.0000
7035,-999,1.0000
7036,-999,1.0000
7037,-999,1.0000
7038,-999,1.0000
7039,-999,1.0000
7040,-999,1.0000
7041,-999,1.0000
7042,-999,1.0000
7043,-999,1.0000
7044,-999,1.0000
7045,-999,1.0000
7046,-999,1.0000
7047,-999,1.0000
7048,-999,1.0000
7049,-999,1.0000
7050,-999,1.0000
7051,-999,1.0000
7052,-999,1.0000
7053,-999,1.0000
7054,-999,1.0000
7055,-999,1.0000
7056,-999,1.0000
7057,-999,1.0000
7058,-999,1.0000
7059,-999,1.0000
7060,-999,1.0000
7061,-999,1.0000
7062,-999,1.0000
7063,-999,1.0000
7064,-999,1.0000
7065,-999,1.0000
7066,-999,1.0000
7067,-999,1.0000
7068,-999,1.0000
7069,-999,1.0000
7070,-999,1.0000
7071,-999,1.0000
7072,-999,1.0000
7073,-999,1.0000
7074,-999,1.0000
7075,-999,1.0000
7076,-999,1.0000
7077,-999,1.0000
7078,-999,1.0000
7079,-999,1.0000
7080,-999,1.0000
7081,-999,1.0000
7082,-999,1.0000
7083,-999,1.0000
7084,-999,1.0000
7085,-999,1.0000
7086,-999,1.0000
7087,-999,1.0000
7088,-999,1.0000
7089,-999,1.0000
7090,-999,1.0000
7091,-999,1.0000
7092,-999,1.0000
7093,-999,1.0000
7094,-999,1.0000
7095,-999,1.0000
7096,-999,1.0000
7097,-999,1.0000
7098,-999,1.0000
7099,-999,1.0000
7100,-999,1.0000
7101,-999,1.0000
7102,-999,1.0000
7103,-999,1.0000
7104,-999,1.0000
7105,-999,1.0000
7106,-999,1.0000
7107,-999,1.0000
7108,-999,1.0000
7109,-999,1.0000
7110,-999,1.0000
7111,-999,1.0000
7112,-999,1.0000
7113,-999,1.0000
7114,-999,1.0000
7115,-999,1.0000
7116,-999,1.0000
7117,-999,1.0000
7118,-999,1.0000
7119,-999,1.0000
7120,-999,1.0000
7121,-999,1.0000
7122,-999,1.0000
7123,-999,1.0000
7124,-999,1.0000
7125,-999,1.0000
7126,-999,1.0000
7127,-999,1.0000
7128,-999,1.0000
7129,-999,1.0000
7130,-999,1.0000
7131,-999,1.0000
7132,-999,1.0000
7133,-999,1.0000
7134,-999,1.0000
7135,-999,1.0000
7136,-999,1.0000
7137,-999,1.0000
7138,-999,1.0000
7139,-999,1.0000
7140,-999,1.0000
7141,-999,1.0000
7142,-999,1.0000
7143,-999,1.0000
7144,-999,1.0000
7145,-999,1.0000
7146,-999,1.0000
7147,-999,1.0000
7148,-999,1.0000
7149,-999,1.0000
7150,-999,1.0000
7151,-999,1.0000
7152,-999,1.0000
7153,-999,1.0000
7154,-999,1.0000
7155,-999,1.0000
7156,-999,1.0000
7157,-999,1.0000
7158,-999,1.0000
7159,-999,1.0000
7160,-999,1.0000
7161,-999,1.0000
7162,-999,1.0000
7163,-999,1.0000
7164,-999,1.0000
7165,-999,1.0000
7166,-999,1.0000
7167,-999,1.0000
7168,-999,1.0000
7169,-999,1.0000
7170,-999,1.0000
7171,-999,1.0000
7172,-999,1.0000
7173,-999,1.0000
7174,-999,1.0000
7175,-999,1.0000
7176,-999,1.0000
7177,-999,1.0000
7178,-999,1.0000
7179,-999,1.0000
7180,-999,1.0000
7181,-999,1.0000
7182,-999,1.0000
7183,-999,1.0000
7184,-999,1.0000
7185,-999,1.0000
7186,-999,1.0000
7187,-999,1.0000
7188,-999,1.0000
7189,-999,1.0000
7190,-999,1.0000
7191,-999,1.0000
7192,-999,1.0000
7193,-999,1.0000
7194,-999,1.0000
7195,-999,1.0000
7196,-999,1.0000
7197,-999,1.0000
7198,-999,1.0000
7199,-999,1.0000
7200,-999,1.0000
7201,-999,1.0000
7202,-999,1.0000
7203,-999,1.0000
7204,-999,1.0000
7205,-999,1.0000
7206,-999,1.0000
7207,-999,1.0000
7208,-999,1.0000
7209,-999,1.0000
7210,-999,1.0000
7211,-999,1.0000
7212,-999,1.0000
7213,-999,1.0000
7214,-999,1.0000
7215,-999,1.0000
7216,-999,1.0000
7217,-999,1.0000
7218,-999,1.0000
7219,-999,1.0000
7220,-999,1.0000
7221,-999,1.0000
7222,-999,1.0000
7223,-999,1.0000
7224,-999,1.0000
7225,-999,1.0000
7226,-999,1.0000
7227,-999,1.0000
7228,-999,1.0000
7229,-999,1.0000
7230,-999,1.0000
7231,-999,1.0000
7232,-999,1.0000
7233,-999,1.0000
7234,-999,1.0000
7235,-999,1.0000
7236,-999,1.0000
7237,-999,1.0000
7238,-999,1.0000
7239,-999,1.0000
7240,-999,1.0000
7241,-999,1.0000
7242,-999,1.0000
7243,-999,.7500
7243,5254,.2500
7244,5254,1.0000
7245,5254,1.0000
7246,5254,1.0000
7247,5254,1.0000
7248,5254,1.0000
7249,5254,1.0000
7250,5254,1.0000
7251,5254,1.0000
7252,5254,1.0000
7253,5254,1.0000
7254,5254,1.0000
7255,5254,1.0000
7256,5254,1.0000
7257,5254,1.0000
7258,5254,1.0000
7259,5254,1.0000
7260,5254,.7500
7260,-999,.2500
7261,-999,1.0000
7262,-999,1.0000
7263,-999,1.0000
7264,-999,1.0000
7265,-999,1.0000
7266,-999,1.0000
7267,-999,1.0000
7268,-999,1.0000
7269,-999,1.0000
7270,-999,1.0000
7271,-999,1.0000
7272,-999,1.0000
7273,-999,1.0000
7274,-999,1.0000
7275,-999,1.0000
7276,-999,1.0000
7277,-999,1.0000
7278,-999,1.0000
7279,-999,1.0000
7280,-999,1.0000
7281,-999,1.0000
7282,-999,1.0000
7283,-999,1.0000
7284,-999,1.0000
7285,-999,1.0000
7286,-999,1.0000
7287,-999,1.0000
7288,-999,1.0000
7289,-999,1.0000
7290,-999,1.0000
7291,-999,1.0000
7292,-999,1.0000
7293,-999,1.0000
7294,-999,1.0000
7295,-999,1.0000
7296,-999,1.0000
7297,-999,1.0000
7298,-999,1.0000
7299,-999,1.0000
7300,-999,1.0000
7301,-999,1.0000
7302,-999,1.0000
7303,-999,1.0000
7304,-999,1.0000
7305,-999,1.0000
7306,-999,1.0000
7307,-999,1.0000
7308,-999,1.0000
7309,-999,1.0000
7310,-999,1.0000
7311,-999,1.0000
7312,-999,1.0000
7313,-999,1.0000
7314,-999,1.0000
7315,-999,1.0000
7316,-999,1.0000
7317,-999,1.0000
7318,-999,1.0000
7319,-999,1.0000
7320,-999,1.0000
7321,-999,1.0000
7322,-999,1.0000
7323,-999,1.0000
7324,-999,1.0000
7325,-999,1.0000
7326,-999,1.0000
7327,-999,1.0000
7328,-999,1.0000
7329,-999,1.0000
7330,-999,1.0000
7331,-999,1.0000
7332,-999,1.0000
7333,-999,1.0000
7334,-999,1.0000
7335,-999,1.0000
7336,-999,1.0000
7337,-999,1.0000
7338,-999,1.0000
7339,-999,1.0000
7340,-999,1.0000
7341,-999,1.0000
7342,-999,1.0000
7343,-999,1.0000
7344,-999,1.0000
7345,-999,1.0000
7346,-999,1.0000
7347,-999,1.0000
7348,-999,1.0000
7349,-999,1.0000
7350,-999,1.0000
7351,-999,1.0000
7352,-999,1.0000
7353,-999,1.0000
7354,-999,1.0000
7355,-999,1.0000
7356,-999,1.0000
7357,-999,1.0000
7358,-999,1.0000
7359,-999,1.0000
7360,-999,1.0000
7361,-999,1.0000
7362,-999,1.0000
7363,-999,1.0000
7364,-999,1.0000
7365,-999,1.0000
7366,-999,1.0000
7367,-999,1.0000
7368,-999,1.0000
7369,-999,1.0000
7370,-999,1.0000
7371,-999,1.0000
7372,-999,1.0000
7373,-999,1.0000
7374,-999,1.0000
7375,-999,1.0000
7376,-999,1.0000
7377,-999,1.0000
7378,-999,1.0000
7379,-999,1.0000
7380,-999,1.0000
7381,-999,1.0000
7382,-999,1.0000
7383,-999,1.0000
7384,-999,1.0000
7385,-999,1.0000
7386,-999,1.0000
7387,-999,1.0000
7388,-999,1.0000
7389,-999,1.0000
7390,-999,1.0000
7391,-999,1.0000
7392,-999,1.0000
7393,-999,1.0000
7394,-999,1.0000
7395,-999,1.0000
7396,-999,1.0000
7397,-999,1.0000
7398,-999,1.0000
7399,-999,1.0000
7400,-999,1.0000
7401,-999,1.0000
7402,-999,1.0000
7403,-999,1.0000
7404,-999,1.0000
7405,-999,1.0000
7406,-999,1.0000
7407,-999,1.0000
7408,-999,1.0000
7409,-999,1.0000
7410,-999,1.0000
7411,-999,1.0000
7412,-999,1.0000
7413,-999,1.0000
7414,-999,1.0000
7415,-999,1.0000
7416,-999,1.0000
7417,-999,1.0000
7418,-999,1.0000
7419,-999,1.0000
7420,-999,1.0000
7421,-999,1.0000
7422,-999,1.0000
7423,-999,1.0000
7424,-999,1.0000
7425,-999,1.0000
7426,-999,1.0000
7427,-999,1.0000
7428,-999,1.0000
7429,-999,1.0000
7430,-999,1.0000
7431,-999,1.0000
7432,-999,1.0000
7433,-999,1.0000
7434,-999,1.0000
7435,-999,1.0000
7436,-999,1.0000
7437,-999,1.0000
7438,-999,1.0000
7439,-999,1.0000
7440,-999,1.0000
7441,-999,1.0000
7442,-999,1.0000
7443,-999,1.0000
7444,-999,1.0000
7445,-999,1.0000
7446,-999,1.0000
7447,-999,1.0000
7448,-999,1.0000
7449,-999,1.0000
7450,-999,1.0000
7451,-999,1.0000
7452,-999,1.0000
7453,-999,1.0000
7454,-999,1.0000
7455,-999,1.0000
7456,-999,1.0000
7457,-999,1.0000
7458,-999,1.0000
7459,-999,1.0000
7460,-999,1.0000
7461,-999,1.0000
7462,-999,1.0000
7463,-999,1.0000
7464,-999,1.0000
7465,-999,1.0000
7466,-999,1.0000
7467,-999,1.0000
7468,-999,1.0000
7469,-999,1.0000
7470,-999,1.0000
7471,-999,1.0000
7472,-999,1.0000
7473,-999,1.0000
7474,-999,1.0000
7475,-999,1.0000
7476,-999,1.0000
7477,-999,1.0000
7478,-999,1.0000
7479,-999,1.0000
7480,-999,1.0000
7481,-999,1.0000
7482,-999,1.0000
7483,-999,1.0000
7484,-999,1.0000
7485,-999,1.0000
7486,-999,1.0000
7487,-999,1.0000
7488,-999,1.0000
7489,-999,1.0000
7490,-999,1.0000
7491,-999,1.0000
7492,-999,1.0000
7493,-999,1.0000
7494,-999,1.0000
7495,-999,1.0000
7496,-999,1.0000
7497,-999,1.0000
7498,-999,1.0000
7499,-999,1.0000
7500,-999,1.0000
7501,-999,1.0000
7502,-999,1.0000
7503,-999,1.0000
7504,-999,1.0000
7505,-999,1.0000
7506,-999,1.0000
7507,-999,1.0000
7508,-999,1.0000
7509,-999,1.0000
7510,-999,1.0000
7511,-999,.9375
7511,5254,.0625
7512,5254,.7500
7512,-999,.2500
7513,5254,1.0000
7514,5254,1.0000
7515,5254,1.0000
7516,5254,1.0000
7517,5254,1.0000
7518,5254,1.0000
7519,5254,1.0000
7520,5254,1.0000
7521,5254,1.0000
7522,5254,1.0000
7523,5254,1.0000
7524,5254,1.0000
7525,5254,1.0000
7526,5254,1.0000
7527,5254,1.0000
7528,5254,.7500
7528,-999,.2500
7529,-999,1.0000
7530,-999,1.0000
7531,-999,1.0000
7532,-999,.8750
7532,5254,.1250
7533,-999,.8947
7533,5254,.1053
7534,-999,1.0000
7535,-999,1.0000
7536,-999,1.0000
7537,-999,1.0000
7538,-999,1.0000
7539,-999,1.0000
7540,-999,.8261
7540,5254,.1739
7541,-999,.6957
7541,5254,.3043
7542,-999,1.0000
7543,-999,1.0000
7544,-999,1.0000
7545,-999,1.0000
7546,-999,1.0000
7547,-999,1.0000
7548,-999,1.0000
7549,-999,1.0000
7550,-999,1.0000
7551,-999,1.0000
7552,-999,1.0000
7553,-999,1.0000
7554,-999,1.0000
7555,-999,1.0000
7556,-999,1.0000
7557,-999,1.0000
7558,-999,1.0000
7559,-999,1.0000
7560,-999,1.0000
7561,-999,1.0000
7562,-999,1.0000
7563,-999,1.0000
7564,-999,1.0000
7565,-999,1.0000
7566,-999,1.0000
7567,-999,1.0000
7568,-999,1.0000
7569,-999,1.0000
7570,-999,1.0000
7571,-999,1.0000
7572,-999,1.0000
7573,-999,1.0000
7574,-999,1.0000
7575,-999,1.0000
7576,-999,1.0000
7577,-999,1.0000
7578,-999,1.0000
7579,-999,1.0000
7580,-999,1.0000
7581,-999,1.0000
7582,-999,1.0000
7583,-999,1.0000
7584,-999,1.0000
7585,-999,1.0000
7586,-999,1.0000
7587,-999,1.0000
7588,-999,1.0000
7589,-999,1.0000
7590,-999,1.0000
7591,-999,1.0000
7592,-999,1.0000
7593,-999,1.0000
7594,-999,1.0000
7595,-999,1.0000
7596,-999,1.0000
7597,-999,1.0000
7598,-999,1.0000
7599,-999,1.0000
7600,-999,1.0000
7601,-999,1.0000
7602,-999,1.0000
7603,-999,1.0000
7604,-999,1.0000
7605,-999,1.0000
7606,-999,1.0000
7607,-999,1.0000
7608,-999,1.0000
7609,-999,1.0000
7610,-999,1.0000
7611,-999,1.0000
7612,-999,1.0000
7613,-999,1.0000
7614,-999,1.0000
7615,-999,1.0000
7616,-999,1.0000
7617,-999,1.0000
7618,-999,1.0000
7619,-999,1.0000
7620,-999,1.0000
7621,-999,1.0000
7622,-999,1.0000
7623,-999,1.0000
7624,-999,1.0000
7625,-999,1.0000
7626,-999,1.0000
7627,-999,1.0000
7628,-999,1.0000
7629,-999,1.0000
7630,-999,1.0000
7631,-999,1.0000
7632,-999,1.0000
7633,-999,1.0000
7634,-999,1.0000
7635,-999,1.0000
7636,-999,1.0000
7637,-999,1.0000
7638,-999,1.0000
7639,-999,1.0000
7640,-999,1.0000
7641,-999,1.0000
7642,-999,1.0000
7643,-999,1.0000
7644,-999,1.0000
7645,-999,1.0000
7646,-999,1.0000
7647,-999,1.0000
7648,-999,1.0000
7649,-999,1.0000
7650,-999,1.0000
7651,-999,1.0000
7652,-999,1.0000
7653,-999,1.0000
7654,-999,1.0000
7655,-999,1.0000
7656,-999,1.0000
7657,-999,1.0000
7658,-999,1.0000
7659,-999,1.0000
7660,-999,1.0000
7661,-999,1.0000
7662,-999,1.0000
7663,-999,1.0000
7664,-999,1.0000
7665,-999,1.0000
7666,-999,1.0000
7667,-999,1.0000
7668,-999,1.0000
7669,-999,1.0000
7670,-999,1.0000
7671,-999,1.0000
7672,-999,1.0000
7673,-999,1.0000
7674,-999,1.0000
7675,-999,1.0000
7676,-999,1.0000
7677,-999,1.0000
7678,-999,1.0000
7679,-999,1.0000
7680,-999,1.0000
7681,-999,1.0000
7682,-999,1.0000
7683,-999,1.0000
7684,-999,1.0000
7685,-999,1.0000
7686,-999,1.0000
7687,-999,1.0000
7688,-999,1.0000
7689,-999,1.0000
7690,-999,1.0000
7691,-999,1.0000
7692,-999,1.0000
7693,-999,1.0000
7694,-999,1.0000
7695,-999,1.0000
7696,-999,1.0000
7697,-999,1.0000
7698,-999,1.0000
7699,-999,1.0000
7700,-999,1.0000
7701,-999,1.0000
7702,-999,1.0000
7703,-999,1.0000
7704,-999,1.0000
7705,-999,1.0000
7706,-999,1.0000
7707,-999,1.0000
7708,-999,1.0000
7709,-999,1.0000
7710,-999,1.0000
7711,-999,1.0000
7712,-999,1.0000
7713,-999,1.0000
7714,-999,1.0000
7715,-999,1.0000
7716,-999,1.0000
7717,-999,1.0000
7718,-999,1.0000
7719,-999,1.0000
7720,-999,1.0000
7721,-999,1.0000
7722,-999,1.0000
7723,-999,1.0000
7724,-999,1.0000
7725,-999,1.0000
7726,-999,1.0000
7727,-999,1.0000
7728,-999,1.0000
7729,-999,1.0000
7730,-999,1.0000
7731,-999,1.0000
7732,-999,1.0000
7733,-999,1.0000
7734,-999,1.0000
7735,-999,1.0000
7736,-999,1.0000
7737,-999,1.0000
7738,-999,1.0000
7739,-999,1.0000
7740,-999,1.0000
7741,-999,1.0000
7742,-999,1.0000
7743,-999,1.0000
7744,-999,1.0000
7745,-999,1.0000
7746,-999,1.0000
7747,-999,1.0000
7748,-999,1.0000
7749,-999,1.0000
7750,-999,1.0000
7751,-999,1.0000
7752,-999,1.0000
7753,-999,1.0000
7754,-999,1.0000
7755,-999,1.0000
7756,-999,1.0000
7757,-999,1.0000
7758,-999,1.0000
7759,-999,1.0000
7760,-999,1.0000
7761,-999,1.0000
7762,-999,1.0000
7763,-999,1.0000
7764,-999,1.0000
7765,-999,1.0000
7766,-999,1.0000
7767,-999,1.0000
7768,-999,1.0000
7769,-999,1.0000
7770,-999,1.0000
7771,-999,1.0000
7772,-999,1.0000
7773,-999,1.0000
7774,-999,1.0000
7775,-999,1.0000
7776,-999,1.0000
7777,-999,1.0000
7778,-999,1.0000
7779,-999,1.0000
7780,-999,.2941
7780,5254,.7059
7781,5254,1.0000
7782,5254,1.0000
7783,5254,1.0000
7784,5254,1.0000
7785,5254,1.0000
7786,5254,1.0000
7787,5254,1.0000
7788,5254,1.0000
7789,5254,1.0000
7790,5254,1.0000
7791,5254,1.0000
7792,5254,1.0000
7793,5254,1.0000
7794,5254,1.0000
7795,5254,1.0000
7796,5254,.8125
7796,-999,.1875
7797,-999,.9000
7797,5254,.1000
7798,-999,1.0000
7799,-999,1.0000
7800,-999,.5000
7800,5254,.5000
7801,5254,.8750
7801,-999,.1250
7802,-999,.5714
7802,5254,.4286
7803,-999,.8000
7803,5254,.2000
7804,-999,.8000
7804,5254,.2000
7805,-999,.9000
7805,5254,.1000
7806,-999,.8000
7806,5254,.2000
7807,-999,.7222
7807,5254,.2778
7808,-999,.1875
7808,5254,.8125
7809,5254,.8000
7809,-999,.2000
7810,-999,.9375
7810,5254,.0625
7811,-999,1.0000
7812,-999,1.0000
7813,-999,1.0000
7814,-999,1.0000
7815,-999,1.0000
7816,-999,1.0000
7817,-999,1.0000
7818,-999,1.0000
7819,-999,1.0000
7820,-999,1.0000
7821,-999,1.0000
7822,-999,1.0000
7823,-999,1.0000
7824,-999,1.0000
7825,-999,1.0000
7826,-999,1.0000
7827,-999,1.0000
7828,-999,1.0000
7829,-999,1.0000
7830,-999,1.0000
7831,-999,1.0000
7832,-999,1.0000
7833,-999,1.0000
7834,-999,1.0000
7835,-999,1.0000
7836,-999,1.0000
7837,-999,1.0000
7838,-999,1.0000
7839,-999,1.0000
7840,-999,1.0000
7841,-999,1.0000
7842,-999,1.0000
7843,-999,1.0000
7844,-999,1.0000
7845,-999,1.0000
7846,-999,1.0000
7847,-999,1.0000
7848,-999,1.0000
7849,-999,1.0000
7850,-999,1.0000
7851,-999,1.0000
7852,-999,1.0000
7853,-999,1.0000
7854,-999,1.0000
7855,-999,1.0000
7856,-999,1.0000
7857,-999,1.0000
7858,-999,1.0000
7859,-999,1.0000
7860,-999,1.0000
7861,-999,1.0000
7862,-999,1.0000
7863,-999,1.0000
7864,-999,1.0000
7865,-999,1.0000
7866,-999,1.0000
7867,-999,1.0000
7868,-999,1.0000
7869,-999,1.0000
7870,-999,1.0000
7871,-999,1.0000
7872,-999,1.0000
7873,-999,1.0000
7874,-999,1.0000
7875,-999,1.0000
7876,-999,1.0000
7877,-999,1.0000
7878,-999,1.0000
7879,-999,1.0000
7880,-999,1.0000
7881,-999,1.0000
7882,-999,1.0000
7883,-999,1.0000
7884,-999,1.0000
7885,-999,1.0000
7886,-999,1.0000
7887,-999,1.0000
7888,-999,1.0000
7889,-999,1.0000
7890,-999,1.0000
7891,-999,1.0000
7892,-999,1.0000
7893,-999,1.0000
7894,-999,1.0000
7895,-999,1.0000
7896,-999,1.0000
7897,-999,1.0000
7898,-999,1.0000
7899,-999,1.0000
7900,-999,1.0000
7901,-999,1.0000
7902,-999,1.0000
7903,-999,1.0000
7904,-999,1.0000
7905,-999,1.0000
7906,-999,1.0000
7907,-999,1.0000
7908,-999,1.0000
7909,-999,1.0000
7910,-999,1.0000
7911,-999,1.0000
7912,-999,1.0000
7913,-999,1.0000
7914,-999,1.0000
7915,-999,1.0000
7916,-999,1.0000
7917,-999,1.0000
7918,-999,1.0000
7919,-999,1.0000
7920,-999,1.0000
7921,-999,1.0000
7922,-999,1.0000
7923,-999,1.0000
7924,-999,1.0000
7925,-999,1.0000
7926,-999,1.0000
7927,-999,1.0000
7928,-999,1.0000
7929,-999,1.0000
7930,-999,1.0000
7931,-999,1.0000
7932,-999,1.0000
7933,-999,1.0000
7934,-999,1.0000
7935,-999,1.0000
7936,-999,1.0000
7937,-999,1.0000
7938,-999,1.0000
7939,-999,1.0000
7940,-999,1.0000
7941,-999,1.0000
7942,-999,1.0000
7943,-999,1.0000
7944,-999,1.0000
7945,-999,1.0000
7946,-999,1.0000
7947,-999,1.0000
7948,-999,1.0000
7949,-999,1.0000
7950,-999,1.0000
7951,-999,1.0000
7952,-999,1.0000
7953,-999,1.0000
7954,-999,1.0000
7955,-999,1.0000
7956,-999,1.0000
7957,-999,1.0000
7958,-999,1.0000
7959,-999,1.0000
7960,-999,1.0000
7961,-999,1.0000
7962,-999,1.0000
7963,-999,1.0000
7964,-999,1.0000
7965,-999,1.0000
7966,-999,1.0000
7967,-999,1.0000
7968,-999,1.0000
7969,-999,1.0000
7970,-999,1.0000
7971,-999,1.0000
7972,-999,1.0000
7973,-999,1.0000
7974,-999,1.0000
7975,-999,1.0000
7976,-999,1.0000
7977,-999,1.0000
7978,-999,1.0000
7979,-999,1.0000
7980,-999,1.0000
7981,-999,1.0000
7982,-999,1.0000
7983,-999,1.0000
7984,-999,1.0000
7985,-999,1.0000
7986,-999,1.0000
7987,-999,1.0000
7988,-999,1.0000
7989,-999,1.0000
7990,-999,1.0000
7991,-999,1.0000
7992,-999,1.0000
7993,-999,1.0000
7994,-999,1.0000
7995,-999,1.0000
7996,-999,1.0000
7997,-999,1.0000
7998,-999,1.0000
7999,-999,1.0000
8000,-999,1.0000
8001,-999,1.0000
8002,-999,1.0000
8003,-999,1.0000
8004,-999,1.0000
8005,-999,1.0000
8006,-999,1.0000
8007,-999,1.0000
8008,-999,1.0000
8009,-999,1.0000
8010,-999,1.0000
8011,-999,1.0000
8012,-999,1.0000
8013,-999,1.0000
8014,-999,1.0000
8015,-999,1.0000
8016,-999,1.0000
8017,-999,1.0000
8018,-999,1.0000
8019,-999,1.0000
8020,-999,1.0000
8021,-999,1.0000
8022,-999,1.0000
8023,-999,1.0000
8024,-999,1.0000
8025,-999,1.0000
8026,-999,1.0000
8027,-999,1.0000
8028,-999,1.0000
8029,-999,1.0000
8030,-999,1.0000
8031,-999,1.0000
8032,-999,1.0000
8033,-999,1.0000
8034,-999,1.0000
8035,-999,1.0000
8036,-999,1.0000
8037,-999,1.0000
8038,-999,1.0000
8039,-999,1.0000
8040,-999,1.0000
8041,-999,1.0000
8042,-999,1.0000
8043,-999,1.0000
8044,-999,1.0000
8045,-999,1.0000
8046,-999,1.0000
8047,-999,1.0000
8048,-999,.5000
8048,5254,.5000
8049,5254,1.0000
8050,5254,1.0000
8051,5254,1.0000
8052,5254,1.0000
8053,5254,1.0000
8054,5254,1.0000
8055,5254,1.0000
8056,5254,1.0000
8057,5254,1.0000
8058,5254,1.0000
8059,5254,1.0000
8060,5254,1.0000
8061,5254,1.0000
8062,5254,1.0000
8063,5254,1.0000
8064,5254,1.0000
8065,5254,.5000
8065,-999,.5000
8066,-999,1.0000
8067,-999,1.0000
8068,-999,.6000
8068,5254,.4000
8069,5254,1.0000
8070,5254,.9600
8070,-999,.0400
8071,-999,.0588
8071,5254,.9412
8072,5254,1.0000
8073,5254,.8750
8073,-999,.1250
8074,5254,1.0000
8075,5254,1.0000
8076,5254,1.0000
8077,5254,1.0000
8078,5254,.3125
8078,-999,.6875
8079,-999,1.0000
8080,-999,1.0000
8081,-999,1.0000
8082,-999,1.0000
8083,-999,1.0000
8084,-999,1.0000
8085,-999,1.0000
8086,-999,1.0000
8087,-999,1.0000
8088,-999,1.0000
8089,-999,1.0000
8090,-999,1.0000
8091,-999,1.0000
8092,-999,1.0000
8093,-999,1.0000
8094,-999,1.0000
8095,-999,1.0000
8096,-999,1.0000
8097,-999,1.0000
8098,-999,1.0000
8099,-999,1.0000
8100,-999,1.0000
8101,-999,1.0000
8102,-999,1.0000
8103,-999,1.0000
8104,-999,1.0000
8105,-999,1.0000
8106,-999,1.0000
8107,-999,1.0000
8108,-999,1.0000
8109,-999,1.0000
8110,-999,1.0000
8111,-999,1.0000
8112,-999,1.0000
8113,-999,1.0000
8114,-999,1.0000
8115,-999,1.0000
8116,-999,1.0000
8117,-999,1.0000
8118,-999,1.0000
8119,-999,1.0000
8120,-999,1.0000
8121,-999,1.0000
8122,-999,1.0000
8123,-999,1.0000
8124,-999,1.0000
8125,-999,1.0000
8126,-999,1.0000
8127,-999,1.0000
8128,-999,1.0000
8129,-999,1.0000
8130,-999,1.0000
8131,-999,1.0000
8132,-999,1.0000
8133,-999,1.0000
8134,-999,1.0000
8135,-999,1.0000
8136,-999,1.0000
8137,-999,1.0000
8138,-999,1.0000
8139,-999,1.0000
8140,-999,1.0000
8141,-999,1.0000
8142,-999,1.0000
8143,-999,1.0000
8144,-999,1.0000
8145,-999,1.0000
8146,-999,1.0000
8147,-999,1.0000
8148,-999,1.0000
8149,-999,1.0000
8150,-999,1.0000
8151,-999,1.0000
8152,-999,1.0000
8153,-999,1.0000
8154,-999,1.0000
8155,-999,1.0000
8156,-999,1.0000
8157,-999,1.0000
8158,-999,1.0000
8159,-999,1.0000
8160,-999,1.0000
8161,-999,1.0000
8162,-999,1.0000
8163,-999,1.0000
8164,-999,1.0000
8165,-999,1.0000
8166,-999,1.0000
8167,-999,1.0000
8168,-999,1.0000
8169,-999,1.0000
8170,-999,1.0000
8171,-999,1.0000
8172,-999,1.0000
8173,-999,1.0000
8174,-999,1.0000
8175,-999,1.0000
8176,-999,1.0000
8177,-999,1.0000
8178,-999,1.0000
8179,-999,1.0000
8180,-999,1.0000
8181,-999,1.0000
8182,-999,1.0000
8183,-999,1.0000
8184,-999,1.0000
8185,-999,1.0000
8186,-999,1.0000
8187,-999,1.0000
8188,-999,1.0000
8189,-999,1.0000
8190,-999,1.0000
8191,-999,1.0000
8192,-999,1.0000
8193,-999,1.0000
8194,-999,1.0000
8195,-999,1.0000
8196,-999,1.0000
8197,-999,1.0000
8198,-999,1.0000
8199,-999,1.0000
8200,-999,1.0000
8201,-999,1.0000
8202,-999,1.0000
8203,-999,1.0000
8204,-999,1.0000
8205,-999,1.0000
8206,-999,1.0000
8207,-999,1.0000
8208,-999,1.0000
8209,-999,1.0000
8210,-999,1.0000
8211,-999,1.0000
8212,-999,1.0000
8213,-999,1.0000
8214,-999,1.0000
8215,-999,1.0000
8216,-999,1.0000
8217,-999,1.0000
8218,-999,1.0000
8219,-999,1.0000
8220,-999,1.0000
8221,-999,1.0000
8222,-999,1.0000
8223,-999,1.0000
8224,-999,1.0000
8225,-999,1.0000
8226,-999,1.0000
8227,-999,1.0000
8228,-999,1.0000
8229,-999,1.0000
8230,-999,1.0000
8231,-999,1.0000
8232,-999,1.0000
8233,-999,1.0000
8234,-999,1.0000
8235,-999,1.0000
8236,-999,1.0000
8237,-999,1.0000
8238,-999,1.0000
8239,-999,1.0000
8240,-999,1.0000
8241,-999,1.0000
8242,-999,1.0000
8243,-999,1.0000
8244,-999,1.0000
8245,-999,1.0000
8246,-999,1.0000
8247,-999,1.0000
8248,-999,1.0000
8249,-999,1.0000
8250,-999,1.0000
8251,-999,1.0000
8252,-999,1.0000
8253,-999,1.0000
8254,-999,1.0000
8255,-999,1.0000
8256,-999,1.0000
8257,-999,1.0000
8258,-999,1.0000
8259,-999,1.0000
8260,-999,1.0000
8261,-999,1.0000
8262,-999,1.0000
8263,-999,1.0000
8264,-999,1.0000
8265,-999,1.0000
8266,-999,1.0000
8267,-999,1.0000
8268,-999,1.0000
8269,-999,1.0000
8270,-999,1.0000
8271,-999,1.0000
8272,-999,1.0000
8273,-999,1.0000
8274,-999,1.0000
8275,-999,1.0000
8276,-999,1.0000
8277,-999,1.0000
8278,-999,1.0000
8279,-999,1.0000
8280,-999,1.0000
8281,-999,1.0000
8282,-999,1.0000
8283,-999,1.0000
8284,-999,1.0000
8285,-999,1.0000
8286,-999,1.0000
8287,-999,1.0000
8288,-999,1.0000
8289,-999,1.0000
8290,-999,1.0000
8291,-999,1.0000
8292,-999,1.0000
8293,-999,1.0000
8294,-999,1.0000
8295,-999,1.0000
8296,-999,1.0000
8297,-999,1.0000
8298,-999,1.0000
8299,-999,1.0000
8300,-999,1.0000
8301,-999,1.0000
8302,-999,1.0000
8303,-999,1.0000
8304,-999,1.0000
8305,-999,1.0000
8306,-999,1.0000
8307,-999,1.0000
8308,-999,1.0000
8309,-999,1.0000
8310,-999,1.0000
8311,-999,1.0000
8312,-999,1.0000
8313,-999,1.0000
8314,-999,1.0000
8315,-999,1.0000
8316,-999,.8500
8316,5254,.1500
8317,5254,.8400
8317,-999,.1600
8318,5254,1.0000
8319,5254,1.0000
8320,5254,1.0000
8321,5254,1.0000
8322,5254,1.0000
8323,5254,1.0000
8324,5254,1.0000
8325,5254,1.0000
8326,5254,1.0000
8327,5254,1.0000
8328,5254,1.0000
8329,5254,1.0000
8330,5254,1.0000
8331,5254,1.0000
8332,5254,1.0000
8333,5254,.8400
8333,-999,.1600
8334,-999,.8500
8334,5254,.1500
8335,-999,.9474
8335,5254,.0526
8336,-999,.9000
8336,5254,.1000
8337,5254,.6875
8337,-999,.3125
8338,5254,.8000
8338,-999,.2000
8339,5254,1.0000
8340,5254,1.0000
8341,5254,.7500
8341,-999,.2500
8342,5254,.7778
8342,-999,.2222
8343,5254,1.0000
8344,5254,1.0000
8345,5254,1.0000
8346,5254,.6250
8346,-999,.3750
8347,-999,1.0000
8348,-999,1.0000
8349,-999,1.0000
8350,-999,1.0000
8351,-999,1.0000
8352,-999,1.0000
8353,-999,1.0000
8354,-999,1.0000
8355,-999,1.0000
8356,-999,1.0000
8357,-999,1.0000
8358,-999,1.0000
8359,-999,1.0000
8360,-999,1.0000
8361,-999,1.0000
8362,-999,1.0000
8363,-999,1.0000
8364,-999,1.0000
8365,-999,1.0000
8366,-999,1.0000
8367,-999,1.0000
8368,-999,1.0000
8369,-999,1.0000
8370,-999,1.0000
8371,-999,1.0000
8372,-999,1.0000
8373,-999,1.0000
8374,-999,1.0000
8375,-999,1.0000
8376,-999,1.0000
8377,-999,1.0000
8378,-999,1.0000
8379,-999,1.0000
8380,-999,1.0000
8381,-999,1.0000
8382,-999,1.0000
8383,-999,1.0000
8384,-999,1.0000
8385,-999,1.0000
8386,-999,1.0000
8387,-999,1.0000
8388,-999,1.0000
8389,-999,1.0000
8390,-999,1.0000
8391,-999,1.0000
8392,-999,1.0000
8393,-999,1.0000
8394,-999,1.0000
8395,-999,1.0000
8396,-999,1.0000
8397,-999,1.0000
8398,-999,1.0000
8399,-999,1.0000
8400,-999,1.0000
8401,-999,1.0000
8402,-999,1.0000
8403,-999,1.0000
8404,-999,1.0000
8405,-999,1.0000
8406,-999,1.0000
8407,-999,1.0000
8408,-999,1.0000
8409,-999,1.0000
8410,-999,1.0000
8411,-999,1.0000
8412,-999,1.0000
8413,-999,1.0000
8414,-999,1.0000
8415,-999,1.0000
8416,-999,1.0000
8417,-999,1.0000
8418,-999,1.0000
8419,-999,1.0000
8420,-999,1.0000
8421,-999,1.0000
8422,-999,1.0000
8423,-999,1.0000
8424,-999,1.0000
8425,-999,1.0000
8426,-999,1.0000
8427,-999,1.0000
8428,-999,1.0000
8429,-999,1.0000
8430,-999,1.0000
8431,-999,1.0000
8432,-999,1.0000
8433,-999,1.0000
8434,-999,1.0000
8435,-999,1.0000
8436,-999,1.0000
8437,-999,1.0000
8438,-999,1.0000
8439,-999,1.0000
8440,-999,1.0000
8441,-999,1.0000
8442,-999,1.0000
8443,-999,1.0000
8444,-999,1.0000
8445,-999,1.0000
8446,-999,1.0000
8447,-999,1.0000
8448,-999,1.0000
8449,-999,1.0000
8450,-999,1.0000
8451,-999,1.0000
8452,-999,1.0000
8453,-999,1.0000
8454,-999,1.0000
8455,-999,1.0000
8456,-999,1.0000
8457,-999,1.0000
8458,-999,1.0000
8459,-999,1.0000
8460,-999,1.0000
8461,-999,1.0000
8462,-999,1.0000
8463,-999,1.0000
8464,-999,1.0000
8465,-999,1.0000
8466,-999,1.0000
8467,-999,1.0000
8468,-999,1.0000
8469,-999,1.0000
8470,-999,1.0000
8471,-999,1.0000
8472,-999,1.0000
8473,-999,1.0000
8474,-999,1.0000
8475,-999,1.0000
8476,-999,1.0000
8477,-999,1.0000
8478,-999,1.0000
8479,-999,1.0000
8480,-999,1.0000
8481,-999,1.0000
8482,-999,1.0000
8483,-999,1.0000
8484,-999,1.0000
8485,-999,1.0000
8486,-999,1.0000
8487,-999,1.0000
8488,-999,1.0000
8489,-999,1.0000
8490,-999,1.0000
8491,-999,1.0000
8492,-999,1.0000
8493,-999,1.0000
8494,-999,1.0000
8495,-999,1.0000
8496,-999,1.0000
8497,-999,1.0000
8498,-999,1.0000
8499,-999,1.0000
8500,-999,1.0000
8501,-999,1.0000
8502,-999,1.0000
8503,-999,1.0000
8504,-999,1.0000
8505,-999,1.0000
8506,-999,1.0000
8507,-999,1.0000
8508,-999,1.0000
8509,-999,1.0000
8510,-999,1.0000
8511,-999,1.0000
8512,-999,1.0000
8513,-999,1.0000
8514,-999,1.0000
8515,-999,1.0000
8516,-999,1.0000
8517,-999,1.0000
8518,-999,1.0000
8519,-999,1.0000
8520,-999,1.0000
8521,-999,1.0000
8522,-999,1.0000
8523,-999,1.0000
8524,-999,1.0000
8525,-999,1.0000
8526,-999,1.0000
8527,-999,1.0000
8528,-999,1.0000
8529,-999,1.0000
8530,-999,1.0000
8531,-999,1.0000
8532,-999,1.0000
8533,-999,1.0000
8534,-999,1.0000
8535,-999,1.0000
8536,-999,1.0000
8537,-999,1.0000
8538,-999,1.0000
8539,-999,1.0000
8540,-999,1.0000
8541,-999,1.0000
8542,-999,1.0000
8543,-999,1.0000
8544,-999,1.0000
8545,-999,1.0000
8546,-999,1.0000
8547,-999,1.0000
8548,-999,1.0000
8549,-999,1.0000
8550,-999,1.0000
8551,-999,1.0000
8552,-999,1.0000
8553,-999,1.0000
8554,-999,1.0000
8555,-999,1.0000
8556,-999,1.0000
8557,-999,1.0000
8558,-999,1.0000
8559,-999,1.0000
8560,-999,1.0000
8561,-999,1.0000
8562,-999,1.0000
8563,-999,1.0000
8564,-999,1.0000
8565,-999,1.0000
8566,-999,1.0000
8567,-999,1.0000
8568,-999,1.0000
8569,-999,1.0000
8570,-999,1.0000
8571,-999,1.0000
8572,-999,1.0000
8573,-999,1.0000
8574,-999,1.0000
8575,-999,1.0000
8576,-999,1.0000
8577,-999,1.0000
8578,-999,1.0000
8579,-999,1.0000
8580,-999,1.0000
8581,-999,1.0000
8582,-999,1.0000
8583,-999,1.0000
8584,-999,1.0000
8585,-999,.3500
8585,5254,.6500
8586,5254,1.0000
8587,5254,1.0000
8588,5254,1.0000
8589,5254,1.0000
8590,5254,1.0000
8591,5254,1.0000
8592,5254,1.0000
8593,5254,1.0000
8594,5254,1.0000
8595,5254,1.0000
8596,5254,1.0000
8597,5254,1.0000
8598,5254,1.0000
8599,5254,1.0000
8600,5254,1.0000
8601,5254,1.0000
8602,5254,.8125
8602,-999,.1875
8603,5254,.7500
8603,-999,.2500
8604,-999,.8000
8604,5254,.2000
8605,-999,1.0000
8606,-999,.7500
8606,5254,.2500
8607,5254,.6875
8607,-999,.3125
8608,5254,.8000
8608,-999,.2000
8609,5254,.3125
8609,-999,.6875
8610,-999,.9375
8610,5254,.0625
8611,5254,.2500
8611,-999,.7500
8612,5254,.4375
8612,-999,.5625
8613,5254,.8000
8613,-999,.2000
8614,5254,.4375
8614,-999,.5625
8615,-999,1.0000
8616,-999,1.0000
8617,-999,1.0000
8618,-999,1.0000
8619,-999,1.0000
8620,-999,1.0000
8621,-999,1.0000
8622,-999,1.0000
8623,-999,1.0000
8624,-999,1.0000
8625,-999,1.0000
8626,-999,1.0000
8627,-999,1.0000
8628,-999,1.0000
8629,-999,1.0000
8630,-999,1.0000
8631,-999,1.0000
8632,-999,1.0000
8633,-999,1.0000
8634,-999,1.0000
8635,-999,1.0000
8636,-999,1.0000
8637,-999,1.0000
8638,-999,1.0000
8639,-999,1.0000
8640,-999,1.0000
8641,-999,1.0000
8642,-999,1.0000
8643,-999,1.0000
8644,-999,1.0000
8645,-999,1.0000
8646,-999,1.0000
8647,-999,1.0000
8648,-999,1.0000
8649,-999,1.0000
8650,-999,1.0000
8651,-999,1.0000
8652,-999,1.0000
8653,-999,1.0000
8654,-999,1.0000
8655,-999,1.0000
8656,-999,1.0000
8657,-999,1.0000
8658,-999,1.0000
8659,-999,1.0000
8660,-999,1.0000
8661,-999,1.0000
8662,-999,1.0000
8663,-999,1.0000
8664,-999,1.0000
8665,-999,1.0000
8666,-999,1.0000
8667,-999,1.0000
8668,-999,1.0000
8669,-999,1.0000
8670,-999,1.0000
8671,-999,1.0000
8672,-999,1.0000
8673,-999,1.0000
8674,-999,1.0000
8675,-999,1.0000
8676,-999,1.0000
8677,-999,1.0000
8678,-999,1.0000
8679,-999,1.0000
8680,-999,1.0000
8681,-999,1.0000
8682,-999,1.0000
8683,-999,1.0000
8684,-999,1.0000
8685,-999,1.0000
8686,-999,1.0000
8687,-999,1.0000
8688,-999,1.0000
8689,-999,1.0000
8690,-999,1.0000
8691,-999,1.0000
8692,-999,1.0000
8693,-999,1.0000
8694,-999,1.0000
8695,-999,1.0000
8696,-999,1.0000
8697,-999,1.0000
8698,-999,1.0000
8699,-999,1.0000
8700,-999,1.0000
8701,-999,1.0000
8702,-999,1.0000
8703,-999,1.0000
8704,-999,1.0000
8705,-999,1.0000
8706,-999,1.0000
8707,-999,1.0000
8708,-999,1.0000
8709,-999,1.0000
8710,-999,1.0000
8711,-999,1.0000
8712,-999,1.0000
8713,-999,1.0000
8714,-999,1.0000
8715,-999,1.0000
8716,-999,1.0000
8717,-999,1.0000
8718,-999,1.0000
8719,-999,1.0000
8720,-999,1.0000
8721,-999,1.0000
8722,-999,1.0000
8723,-999,1.0000
8724,-999,1.0000
8725,-999,1.0000
8726,-999,1.0000
8727,-999,1.0000
8728,-999,1.0000
8729,-999,1.0000
8730,-999,1.0000
8731,-999,1.0000
8732,-999,1.0000
8733,-999,1.0000
8734,-999,1.0000
8735,-999,1.0000
8736,-999,1.0000
8737,-999,1.0000
8738,-999,1.0000
8739,-999,1.0000
8740,-999,1.0000
8741,-999,1.0000
8742,-999,1.0000
8743,-999,1.0000
8744,-999,1.0000
8745,-999,1.0000
8746,-999,1.0000
8747,-999,1.0000
8748,-999,1.0000
8749,-999,1.0000
8750,-999,1.0000
8751,-999,1.0000
8752,-999,1.0000
8753,-999,1.0000
8754,-999,1.0000
8755,-999,1.0000
8756,-999,1.0000
8757,-999,1.0000
8758,-999,1.0000
8759,-999,1.0000
8760,-999,1.0000
8761,-999,1.0000
8762,-999,1.0000
8763,-999,1.0000
8764,-999,1.0000
8765,-999,1.0000
8766,-999,1.0000
8767,-999,1.0000
8768,-999,1.0000
8769,-999,1.0000
8770,-999,1.0000
8771,-999,1.0000
8772,-999,1.0000
8773,-999,1.0000
8774,-999,1.0000
8775,-999,1.0000
8776,-999,1.0000
8777,-999,1.0000
8778,-999,1.0000
8779,-999,1.0000
8780,-999,1.0000
8781,-999,1.0000
8782,-999,1.0000
8783,-999,1.0000
8784,-999,1.0000
8785,-999,1.0000
8786,-999,1.0000
8787,-999,1.0000
8788,-999,1.0000
8789,-999,1.0000
8790,-999,1.0000
8791,-999,1.0000
8792,-999,1.0000
8793,-999,1.0000
8794,-999,1.0000
8795,-999,1.0000
8796,-999,1.0000
8797,-999,1.0000
8798,-999,1.0000
8799,-999,1.0000
8800,-999,1.0000
8801,-999,1.0000
8802,-999,1.0000
8803,-999,1.0000
8804,-999,1.0000
8805,-999,1.0000
8806,-999,1.0000
8807,-999,1.0000
8808,-999,1.0000
8809,-999,1.0000
8810,-999,1.0000
8811,-999,1.0000
8812,-999,1.0000
8813,-999,1.0000
8814,-999,1.0000
8815,-999,1.0000
8816,-999,1.0000
8817,-999,1.0000
8818,-999,1.0000
8819,-999,1.0000
8820,-999,1.0000
8821,-999,1.0000
8822,-999,1.0000
8823,-999,1.0000
8824,-999,1.0000
8825,-999,1.0000
8826,-999,1.0000
8827,-999,1.0000
8828,-999,1.0000
8829,-999,1.0000
8830,-999,1.0000
8831,-999,1.0000
8832,-999,1.0000
8833,-999,1.0000
8834,-999,1.0000
8835,-999,1.0000
8836,-999,1.0000
8837,-999,1.0000
8838,-999,1.0000
8839,-999,1.0000
8840,-999,1.0000
8841,-999,1.0000
8842,-999,1.0000
8843,-999,1.0000
8844,-999,1.0000
8845,-999,1.0000
8846,-999,1.0000
8847,-999,1.0000
8848,-999,1.0000
8849,-999,1.0000
8850,-999,1.0000
8851,-999,1.0000
8852,-999,.7500
8852,5254,.2500
8853,-999,.0500
8853,5254,.9500
8854,5254,1.0000
8855,5254,1.0000
8856,5254,1.0000
8857,5254,1.0000
8858,5254,1.0000
8859,5254,1.0000
8860,5254,1.0000
8861,5254,1.0000
8862,5254,1.0000
8863,5254,1.0000
8864,5254,1.0000
8865,5254,1.0000
8866,5254,1.0000
8867,5254,1.0000
8868,5254,1.0000
8869,5254,1.0000
8870,5254,1.0000
8871,5254,1.0000
8872,5254,.9000
8872,-999,.1000
8873,-999,.5625
8873,5254,.4375
8874,-999,.9000
8874,5254,.1000
8875,-999,1.0000
8876,-999,.9500
8876,5254,.0500
8877,-999,1.0000
8878,-999,1.0000
8879,-999,1.0000
8880,-999,1.0000
8881,-999,.8400
8881,5254,.1600
8882,-999,.6000
8882,5254,.4000
8883,-999,.8696
8883,5254,.1304
8884,-999,1.0000
8885,-999,1.0000
8886,-999,1.0000
8887,-999,1.0000
8888,-999,1.0000
8889,-999,1.0000
8890,-999,1.0000
8891,-999,1.0000
8892,-999,1.0000
8893,-999,1.0000
8894,-999,1.0000
8895,-999,1.0000
8896,-999,1.0000
8897,-999,1.0000
8898,-999,1.0000
8899,-999,1.0000
8900,-999,1.0000
8901,-999,1.0000
8902,-999,1.0000
8903,-999,1.0000
8904,-999,1.0000
8905,-999,1.0000
8906,-999,1.0000
8907,-999,1.0000
8908,-999,1.0000
8909,-999,1.0000
8910,-999,1.0000
8911,-999,1.0000
8912,-999,1.0000
8913,-999,1.0000
8914,-999,1.0000
8915,-999,1.0000
8916,-999,1.0000
8917,-999,1.0000
8918,-999,1.0000
8919,-999,1.0000
8920,-999,1.0000
8921,-999,1.0000
8922,-999,1.0000
8923,-999,1.0000
8924,-999,1.0000
8925,-999,1.0000
8926,-999,1.0000
8927,-999,1.0000
8928,-999,1.0000
8929,-999,1.0000
8930,-999,1.0000
8931,-999,1.0000
8932,-999,1.0000
8933,-999,1.0000
8934,-999,1.0000
8935,-999,1.0000
8936,-999,1.0000
8937,-999,1.0000
8938,-999,1.0000
8939,-999,1.0000
8940,-999,1.0000
8941,-999,1.0000
8942,-999,1.0000
8943,-999,1.0000
8944,-999,1.0000
8945,-999,1.0000
8946,-999,1.0000
8947,-999,1.0000
8948,-999,1.0000
8949,-999,1.0000
8950,-999,1.0000
8951,-999,1.0000
8952,-999,1.0000
8953,-999,1.0000
8954,-999,1.0000
8955,-999,1.0000
8956,-999,1.0000
8957,-999,1.0000
8958,-999,1.0000
8959,-999,1.0000
8960,-999,1.0000
8961,-999,1.0000
8962,-999,1.0000
8963,-999,1.0000
8964,-999,1.0000
8965,-999,1.0000
8966,-999,1.0000
8967,-999,1.0000
8968,-999,1.0000
8969,-999,1.0000
8970,-999,1.0000
8971,-999,1.0000
8972,-999,1.0000
8973,-999,1.0000
8974,-999,1.0000
8975,-999,1.0000
8976,-999,1.0000
8977,-999,1.0000
8978,-999,1.0000
8979,-999,1.0000
8980,-999,1.0000
8981,-999,1.0000
8982,-999,1.0000
8983,-999,1.0000
8984,-999,1.0000
8985,-999,1.0000
8986,-999,1.0000
8987,-999,1.0000
8988,-999,1.0000
8989,-999,1.0000
8990,-999,1.0000
8991,-999,1.0000
8992,-999,1.0000
8993,-999,1.0000
8994,-999,1.0000
8995,-999,1.0000
8996,-999,1.0000
8997,-999,1.0000
8998,-999,1.0000
8999,-999,1.0000
9000,-999,1.0000
9001,-999,1.0000
9002,-999,1.0000
9003,-999,1.0000
9004,-999,1.0000
9005,-999,1.0000
9006,-999,1.0000
9007,-999,1.0000
9008,-999,1.0000
9009,-999,1.0000
9010,-999,1.0000
9011,-999,1.0000
9012,-999,1.0000
9013,-999,1.0000
9014,-999,1.0000
9015,-999,1.0000
9016,-999,1.0000
9017,-999,1.0000
9018,-999,1.0000
9019,-999,1.0000
9020,-999,1.0000
9021,-999,1.0000
9022,-999,1.0000
9023,-999,1.0000
9024,-999,1.0000
9025,-999,1.0000
9026,-999,1.0000
9027,-999,1.0000
9028,-999,1.0000
9029,-999,1.0000
9030,-999,1.0000
9031,-999,1.0000
9032,-999,1.0000
9033,-999,1.0000
9034,-999,1.0000
9035,-999,1.0000
9036,-999,1.0000
9037,-999,1.0000
9038,-999,1.0000
9039,-999,1.0000
9040,-999,1.0000
9041,-999,1.0000
9042,-999,1.0000
9043,-999,1.0000
9044,-999,1.0000
9045,-999,1.0000
9046,-999,1.0000
9047,-999,1.0000
9048,-999,1.0000
9049,-999,1.0000
9050,-999,1.0000
9051,-999,1.0000
9052,-999,1.0000
9053,-999,1.0000
9054,-999,1.0000
9055,-999,1.0000
9056,-999,1.0000
9057,-999,1.0000
9058,-999,1.0000
9059,-999,1.0000
9060,-999,1.0000
9061,-999,1.0000
9062,-999,1.0000
9063,-999,1.0000
9064,-999,1.0000
9065,-999,1.0000
9066,-999,1.0000
9067,-999,1.0000
9068,-999,1.0000
9069,-999,1.0000
9070,-999,1.0000
9071,-999,1.0000
9072,-999,1.0000
9073,-999,1.0000
9074,-999,1.0000
9075,-999,1.0000
9076,-999,1.0000
9077,-999,1.0000
9078,-999,1.0000
9079,-999,1.0000
9080,-999,1.0000
9081,-999,1.0000
9082,-999,1.0000
9083,-999,1.0000
9084,-999,1.0000
9085,-999,1.0000
9086,-999,1.0000
9087,-999,1.0000
9088,-999,1.0000
9089,-999,1.0000
9090,-999,1.0000
9091,-999,1.0000
9092,-999,1.0000
9093,-999,1.0000
9094,-999,1.0000
9095,-999,1.0000
9096,-999,1.0000
9097,-999,1.0000
9098,-999,1.0000
9099,-999,1.0000
9100,-999,1.0000
9101,-999,1.0000
9102,-999,1.0000
9103,-999,1.0000
9104,-999,1.0000
9105,-999,1.0000
9106,-999,1.0000
9107,-999,1.0000
9108,-999,1.0000
9109,-999,1.0000
9110,-999,1.0000
9111,-999,1.0000
9112,-999,1.0000
9113,-999,1.0000
9114,-999,1.0000
9115,-999,1.0000
9116,-999,1.0000
9117,-999,1.0000
9118,-999,1.0000
9119,-999,1.0000
9120,-999,.3750
9120,5254,.6250
9121,5254,1.0000
9122,5254,1.0000
9123,5254,1.0000
9124,5254,1.0000
9125,5254,1.0000
9126,5254,1.0000
9127,5254,1.0000
9128,5254,1.0000
9129,5254,1.0000
9130,5254,1.0000
9131,5254,1.0000
9132,5254,1.0000
9133,5254,1.0000
9134,5254,1.0000
9135,5254,1.0000
9136,5254,1.0000
9137,5254,1.0000
9138,5254,1.0000
9139,5254,1.0000
9140,5254,1.0000
9141,5254,1.0000
9142,5254,.8636
9142,-999,.1364
9143,-999,.5000
9143,5254,.5000
9144,-999,.9545
9144,5254,.0455
9145,-999,1.0000
9146,-999,1.0000
9147,-999,1.0000
9148,-999,1.0000
9149,-999,.3500
9149,5254,.6500
9150,5254,1.0000
9151,5254,.5789
9151,-999,.4211
9152,-999,.9444
9152,5254,.0556
9153,-999,1.0000
9154,-999,1.0000
9155,-999,1.0000
9156,-999,1.0000
9157,-999,1.0000
9158,-999,1.0000
9159,-999,1.0000
9160,-999,1.0000
9161,-999,1.0000
9162,-999,1.0000
9163,-999,1.0000
9164,-999,1.0000
9165,-999,1.0000
9166,-999,1.0000
9167,-999,1.0000
9168,-999,1.0000
9169,-999,1.0000
9170,-999,1.0000
9171,-999,1.0000
9172,-999,1.0000
9173,-999,1.0000
9174,-999,1.0000
9175,-999,1.0000
9176,-999,1.0000
9177,-999,1.0000
9178,-999,1.0000
9179,-999,1.0000
9180,-999,1.0000
9181,-999,1.0000
9182,-999,1.0000
9183,-999,1.0000
9184,-999,1.0000
9185,-999,1.0000
9186,-999,1.0000
9187,-999,1.0000
9188,-999,1.0000
9189,-999,1.0000
9190,-999,1.0000
9191,-999,1.0000
9192,-999,1.0000
9193,-999,1.0000
9194,-999,1.0000
9195,-999,1.0000
9196,-999,1.0000
9197,-999,1.0000
9198,-999,1.0000
9199,-999,1.0000
9200,-999,1.0000
9201,-999,1.0000
9202,-999,1.0000
9203,-999,1.0000
9204,-999,1.0000
9205,-999,1.0000
9206,-999,1.0000
9207,-999,1.0000
9208,-999,1.0000
9209,-999,1.0000
9210,-999,1.0000
9211,-999,1.0000
9212,-999,1.0000
9213,-999,1.0000
9214,-999,1.0000
9215,-999,1.0000
9216,-999,1.0000
9217,-999,1.0000
9218,-999,1.0000
9219,-999,1.0000
9220,-999,1.0000
9221,-999,1.0000
9222,-999,1.0000
9223,-999,1.0000
9224,-999,1.0000
9225,-999,1.0000
9226,-999,1.0000
9227,-999,1.0000
9228,-999,1.0000
9229,-999,1.0000
9230,-999,1.0000
9231,-999,1.0000
9232,-999,1.0000
9233,-999,1.0000
9234,-999,1.0000
9235,-999,1.0000
9236,-999,1.0000
9237,-999,1.0000
9238,-999,1.0000
9239,-999,1.0000
9240,-999,1.0000
9241,-999,1.0000
9242,-999,1.0000
9243,-999,1.0000
9244,-999,1.0000
9245,-999,1.0000
9246,-999,1.0000
9247,-999,1.0000
9248,-999,1.0000
9249,-999,1.0000
9250,-999,1.0000
9251,-999,1.0000
9252,-999,1.0000
9253,-999,1.0000
9254,-999,1.0000
9255,-999,1.0000
9256,-999,1.0000
9257,-999,1.0000
9258,-999,1.0000
9259,-999,1.0000
9260,-999,1.0000
9261,-999,1.0000
9262,-999,1.0000
9263,-999,1.0000
9264,-999,1.0000
9265,-999,1.0000
9266,-999,1.0000
9267,-999,1.0000
9268,-999,1.0000
9269,-999,1.0000
9270,-999,1.0000
9271,-999,1.0000
9272,-999,1.0000
9273,-999,1.0000
9274,-999,1.0000
9275,-999,1.0000
9276,-999,1.0000
9277,-999,1.0000
9278,-999,1.0000
9279,-999,1.0000
9280,-999,1.0000
9281,-999,1.0000
9282,-999,1.0000
9283,-999,1.0000
9284,-999,1.0000
9285,-999,1.0000
9286,-999,1.0000
9287,-999,1.0000
9288,-999,1.0000
9289,-999,1.0000
9290,-999,1.0000
9291,-999,1.0000
9292,-999,1.0000
9293,-999,1.0000
9294,-999,1.0000
9295,-999,1.0000
9296,-999,1.0000
9297,-999,1.0000
9298,-999,1.0000
9299,-999,1.0000
9300,-999,1.0000
9301,-999,1.0000
9302,-999,1.0000
9303,-999,1.0000
9304,-999,1.0000
9305,-999,1.0000
9306,-999,1.0000
9307,-999,1.0000
9308,-999,1.0000
9309,-999,1.0000
9310,-999,1.0000
9311,-999,1.0000
9312,-999,1.0000
9313,-999,1.0000
9314,-999,1.0000
9315,-999,1.0000
9316,-999,1.0000
9317,-999,1.0000
9318,-999,1.0000
9319,-999,1.0000
9320,-999,1.0000
9321,-999,1.0000
9322,-999,1.0000
9323,-999,1.0000
9324,-999,1.0000
9325,-999,1.0000
9326,-999,1.0000
9327,-999,1.0000
9328,-999,1.0000
9329,-999,1.0000
9330,-999,1.0000
9331,-999,1.0000
9332,-999,1.0000
9333,-999,1.0000
9334,-999,1.0000
9335,-999,1.0000
9336,-999,1.0000
9337,-999,1.0000
9338,-999,1.0000
9339,-999,1.0000
9340,-999,1.0000
9341,-999,1.0000
9342,-999,1.0000
9343,-999,1.0000
9344,-999,1.0000
9345,-999,1.0000
9346,-999,1.0000
9347,-999,1.0000
9348,-999,1.0000
9349,-999,1.0000
9350,-999,1.0000
9351,-999,1.0000
9352,-999,1.0000
9353,-999,1.0000
9354,-999,1.0000
9355,-999,1.0000
9356,-999,1.0000
9357,-999,1.0000
9358,-999,1.0000
9359,-999,1.0000
9360,-999,1.0000
9361,-999,1.0000
9362,-999,1.0000
9363,-999,1.0000
9364,-999,1.0000
9365,-999,1.0000
9366,-999,1.0000
9367,-999,1.0000
9368,-999,1.0000
9369,-999,1.0000
9370,-999,1.0000
9371,-999,1.0000
9372,-999,1.0000
9373,-999,1.0000
9374,-999,1.0000
9375,-999,1.0000
9376,-999,1.0000
9377,-999,1.0000
9378,-999,1.0000
9379,-999,1.0000
9380,-999,1.0000
9381,-999,1.0000
9382,-999,1.0000
9383,-999,1.0000
9384,-999,1.0000
9385,-999,1.0000
9386,-999,1.0000
9387,-999,1.0000
9388,-999,.3125
9388,5254,.6875
9389,5254,1.0000
9390,5254,1.0000
9391,5254,1.0000
9392,5254,1.0000
9393,5254,1.0000
9394,5254,1.0000
9395,5254,1.0000
9396,5254,1.0000
9397,5254,1.0000
9398,5254,1.0000
9399,5254,1.0000
9400,5254,1.0000
9401,5254,1.0000
9402,5254,1.0000
9403,5254,1.0000
9404,5254,1.0000
9405,5254,1.0000
9406,5254,1.0000
9407,5254,1.0000
9408,5254,1.0000
9409,5254,1.0000
9410,5254,1.0000
9411,5254,1.0000
9412,5254,.6875
9412,-999,.3125
9413,-999,.8500
9413,5254,.1500
9414,-999,1.0000
9415,-999,.5500
9415,5254,.4500
9416,-999,.4375
9416,5254,.5625
9417,-999,.0500
9417,5254,.9500
9418,5254,.9375
9418,-999,.0625
9419,5254,.9375
9419,-999,.0625
9420,5254,.3000
9420,-999,.7000
9421,-999,1.0000
9422,-999,1.0000
9423,-999,1.0000
9424,-999,1.0000
9425,-999,1.0000
9426,-999,1.0000
9427,-999,1.0000
9428,-999,1.0000
9429,-999,1.0000
9430,-999,1.0000
9431,-999,1.0000
9432,-999,1.0000
9433,-999,1.0000
9434,-999,1.0000
9435,-999,1.0000
9436,-999,1.0000
9437,-999,1.0000
9438,-999,1.0000
9439,-999,1.0000
9440,-999,1.0000
9441,-999,1.0000
9442,-999,1.0000
9443,-999,1.0000
9444,-999,1.0000
9445,-999,1.0000
9446,-999,1.0000
9447,-999,1.0000
9448,-999,1.0000
9449,-999,1.0000
9450,-999,1.0000
9451,-999,1.0000
9452,-999,1.0000
9453,-999,1.0000
9454,-999,1.0000
9455,-999,1.0000
9456,-999,1.0000
9457,-999,1.0000
9458,-999,1.0000
9459,-999,1.0000
9460,-999,1.0000
9461,-999,1.0000
9462,-999,1.0000
9463,-999,1.0000
9464,-999,1.0000
9465,-999,1.0000
9466,-999,1.0000
9467,-999,1.0000
9468,-999,1.0000
9469,-999,1.0000
9470,-999,1.0000
9471,-999,1.0000
9472,-999,1.0000
9473,-999,1.0000
9474,-999,1.0000
9475,-999,1.0000
9476,-999,1.0000
9477,-999,1.0000
9478,-999,1.0000
9479,-999,1.0000
9480,-999,1.0000
9481,-999,1.0000
9482,-999,1.0000
9483,-999,1.0000
9484,-999,1.0000
9485,-999,1.0000
9486,-999,1.0000
9487,-999,1.0000
9488,-999,1.0000
9489,-999,1.0000
9490,-999,1.0000
9491,-999,1.0000
9492,-999,1.0000
9493,-999,1.0000
9494,-999,1.0000
9495,-999,1.0000
9496,-999,1.0000
9497,-999,1.0000
9498,-999,1.0000
9499,-999,1.0000
9500,-999,1.0000
9501,-999,1.0000
9502,-999,1.0000
9503,-999,1.0000
9504,-999,1.0000
9505,-999,1.0000
9506,-999,1.0000
9507,-999,1.0000
9508,-999,1.0000
9509,-999,1.0000
9510,-999,1.0000
9511,-999,1.0000
9512,-999,1.0000
9513,-999,1.0000
9514,-999,1.0000
9515,-999,1.0000
9516,-999,1.0000
9517,-999,1.0000
9518,-999,1.0000
9519,-999,1.0000
9520,-999,1.0000
9521,-999,1.0000
9522,-999,1.0000
9523,-999,1.0000
9524,-999,1.0000
9525,-999,1.0000
9526,-999,1.0000
9527,-999,1.0000
9528,-999,1.0000
9529,-999,1.0000
9530,-999,1.0000
9531,-999,1.0000
9532,-999,1.0000
9533,-999,1.0000
9534,-999,1.0000
9535,-999,1.0000
9536,-999,1.0000
9537,-999,1.0000
9538,-999,1.0000
9539,-999,1.0000
9540,-999,1.0000
9541,-999,1.0000
9542,-999,1.0000
9543,-999,1.0000
9544,-999,1.0000
9545,-999,1.0000
9546,-999,1.0000
9547,-999,1.0000
9548,-999,1.0000
9549,-999,1.0000
9550,-999,1.0000
9551,-999,1.0000
9552,-999,1.0000
9553,-999,1.0000
9554,-999,1.0000
9555,-999,1.0000
9556,-999,1.0000
9557,-999,1.0000
9558,-999,1.0000
9559,-999,1.0000
9560,-999,1.0000
9561,-999,1.0000
9562,-999,1.0000
9563,-999,1.0000
9564,-999,1.0000
9565,-999,1.0000
9566,-999,1.0000
9567,-999,1.0000
9568,-999,1.0000
9569,-999,1.0000
9570,-999,1.0000
9571,-999,1.0000
9572,-999,1.0000
9573,-999,1.0000
9574,-999,1.0000
9575,-999,1.0000
9576,-999,1.0000
9577,-999,1.0000
9578,-999,1.0000
9579,-999,1.0000
9580,-999,1.0000
9581,-999,1.0000
9582,-999,1.0000
9583,-999,1.0000
9584,-999,1.0000
9585,-999,1.0000
9586,-999,1.0000
9587,-999,1.0000
9588,-999,1.0000
9589,-999,1.0000
9590,-999,1.0000
9591,-999,1.0000
9592,-999,1.0000
9593,-999,1.0000
9594,-999,1.0000
9595,-999,1.0000
9596,-999,1.0000
9597,-999,1.0000
9598,-999,1.0000
9599,-999,1.0000
9600,-999,1.0000
9601,-999,1.0000
9602,-999,1.0000
9603,-999,1.0000
9604,-999,1.0000
9605,-999,1.0000
9606,-999,1.0000
9607,-999,1.0000
9608,-999,1.0000
9609,-999,1.0000
9610,-999,1.0000
9611,-999,1.0000
9612,-999,1.0000
9613,-999,1.0000
9614,-999,1.0000
9615,-999,1.0000
9616,-999,1.0000
9617,-999,1.0000
9618,-999,1.0000
9619,-999,1.0000
9620,-999,1.0000
9621,-999,1.0000
9622,-999,1.0000
9623,-999,1.0000
9624,-999,1.0000
9625,-999,1.0000
9626,-999,1.0000
9627,-999,1.0000
9628,-999,1.0000
9629,-999,1.0000
9630,-999,1.0000
9631,-999,1.0000
9632,-999,1.0000
9633,-999,1.0000
9634,-999,1.0000
9635,-999,1.0000
9636,-999,1.0000
9637,-999,1.0000
9638,-999,1.0000
9639,-999,1.0000
9640,-999,1.0000
9641,-999,1.0000
9642,-999,1.0000
9643,-999,1.0000
9644,-999,1.0000
9645,-999,1.0000
9646,-999,1.0000
9647,-999,1.0000
9648,-999,1.0000
9649,-999,1.0000
9650,-999,1.0000
9651,-999,1.0000
9652,-999,1.0000
9653,-999,1.0000
9654,-999,1.0000
9655,-999,1.0000
9656,-999,.8261
9656,5254,.1739
9657,5254,.8000
9657,-999,.2000
9658,5254,.7917
9658,-999,.2083
9659,5254,1.0000
9660,5254,1.0000
9661,5254,1.0000
9662,5254,1.0000
9663,5254,1.0000
9664,5254,1.0000
9665,5254,1.0000
9666,5254,1.0000
9667,5254,1.0000
9668,5254,1.0000
9669,5254,1.0000
9670,5254,1.0000
9671,5254,1.0000
9672,5254,1.0000
9673,5254,1.0000
9674,5254,1.0000
9675,5254,1.0000
9676,5254,1.0000
9677,5254,1.0000
9678,5254,1.0000
9679,5254,1.0000
9680,5254,1.0000
9681,5254,.4500
9681,-999,.5500
9682,-999,1.0000
9683,-999,.3000
9683,5254,.7000
9684,5254,.7500
9684,-999,.2500
9685,5254,.8500
9685,-999,.1500
9686,5254,.9375
9686,-999,.0625
9687,-999,.1875
9687,5254,.8125
9688,5254,.6000
9688,-999,.4000
9689,-999,1.0000
9690,-999,1.0000
9691,-999,1.0000
9692,-999,1.0000
9693,-999,1.0000
9694,-999,1.0000
9695,-999,1.0000
9696,-999,1.0000
9697,-999,1.0000
9698,-999,1.0000
9699,-999,1.0000
9700,-999,1.0000
9701,-999,1.0000
9702,-999,1.0000
9703,-999,1.0000
9704,-999,1.0000
9705,-999,1.0000
9706,-999,1.0000
9707,-999,1.0000
9708,-999,1.0000
9709,-999,1.0000
9710,-999,1.0000
9711,-999,1.0000
9712,-999,1.0000
9713,-999,1.0000
9714,-999,1.0000
9715,-999,1.0000
9716,-999,1.0000
9717,-999,1.0000
9718,-999,1.0000
9719,-999,1.0000
9720,-999,1.0000
9721,-999,1.0000
9722,-999,1.0000
9723,-999,1.0000
9724,-999,1.0000
9725,-999,1.0000
9726,-999,1.0000
9727,-999,1.0000
9728,-999,1.0000
9729,-999,1.0000
9730,-999,1.0000
9731,-999,1.0000
9732,-999,1.0000
9733,-999,1.0000
9734,-999,1.0000
9735,-999,1.0000
9736,-999,1.0000
9737,-999,1.0000
9738,-999,1.0000
9739,-999,1.0000
9740,-999,1.0000
9741,-999,1.0000
9742,-999,1.0000
9743,-999,1.0000
9744,-999,1.0000
9745,-999,1.0000
9746,-999,1.0000
9747,-999,1.0000
9748,-999,1.0000
9749,-999,1.0000
9750,-999,1.0000
9751,-999,1.0000
9752,-999,1.0000
9753,-999,1.0000
9754,-999,1.0000
9755,-999,1.0000
9756,-999,1.0000
9757,-999,1.0000
9758,-999,1.0000
9759,-999,1.0000
9760,-999,1.0000
9761,-999,1.0000
9762,-999,1.0000
9763,-999,1.0000
9764,-999,1.0000
9765,-999,1.0000
9766,-999,1.0000
9767,-999,1.0000
9768,-999,1.0000
9769,-999,1.0000
9770,-999,1.0000
9771,-999,1.0000
9772,-999,1.0000
9773,-999,1.0000
9774,-999,1.0000
9775,-999,1.0000
9776,-999,1.0000
9777,-999,1.0000
9778,-999,1.0000
9779,-999,1.0000
9780,-999,1.0000
9781,-999,1.0000
9782,-999,1.0000
9783,-999,1.0000
9784,-999,1.0000
9785,-999,1.0000
9786,-999,1.0000
9787,-999,1.0000
9788,-999,1.0000
9789,-999,1.0000
9790,-999,1.0000
9791,-999,1.0000
9792,-999,1.0000
9793,-999,1.0000
9794,-999,1.0000
9795,-999,1.0000
9796,-999,1.0000
9797,-999,1.0000
9798,-999,1.0000
9799,-999,1.0000
9800,-999,1.0000
9801,-999,1.0000
9802,-999,1.0000
9803,-999,1.0000
9804,-999,1.0000
9805,-999,1.0000
9806,-999,1.0000
9807,-999,1.0000
9808,-999,1.0000
9809,-999,1.0000
9810,-999,1.0000
9811,-999,1.0000
9812,-999,1.0000
9813,-999,1.0000
9814,-999,1.0000
9815,-999,1.0000
9816,-999,1.0000
9817,-999,1.0000
9818,-999,1.0000
9819,-999,1.0000
9820,-999,1.0000
9821,-999,1.0000
9822,-999,1.0000
9823,-999,1.0000
9824,-999,1.0000
9825,-999,1.0000
9826,-999,1.0000
9827,-999,1.0000
9828,-999,1.0000
9829,-999,1.0000
9830,-999,1.0000
9831,-999,1.0000
9832,-999,1.0000
9833,-999,1.0000
9834,-999,1.0000
9835,-999,1.0000
9836,-999,1.0000
9837,-999,1.0000
9838,-999,1.0000
9839,-999,1.0000
9840,-999,1.0000
9841,-999,1.0000
9842,-999,1.0000
9843,-999,1.0000
9844,-999,1.0000
9845,-999,1.0000
9846,-999,1.0000
9847,-999,1.0000
9848,-999,1.0000
9849,-999,1.0000
9850,-999,1.0000
9851,-999,1.0000
9852,-999,1.0000
9853,-999,1.0000
9854,-999,1.0000
9855,-999,1.0000
9856,-999,1.0000
9857,-999,1.0000
9858,-999,1.0000
9859,-999,1.0000
9860,-999,1.0000
9861,-999,1.0000
9862,-999,1.0000
9863,-999,1.0000
9864,-999,1.0000
9865,-999,1.0000
9866,-999,1.0000
9867,-999,1.0000
9868,-999,1.0000
9869,-999,1.0000
9870,-999,1.0000
9871,-999,1.0000
9872,-999,1.0000
9873,-999,1.0000
9874,-999,1.0000
9875,-999,1.0000
9876,-999,1.0000
9877,-999,1.0000
9878,-999,1.0000
9879,-999,1.0000
9880,-999,1.0000
9881,-999,1.0000
9882,-999,1.0000
9883,-999,1.0000
9884,-999,1.0000
9885,-999,1.0000
9886,-999,1.0000
9887,-999,1.0000
9888,-999,1.0000
9889,-999,1.0000
9890,-999,1.0000
9891,-999,1.0000
9892,-999,1.0000
9893,-999,1.0000
9894,-999,1.0000
9895,-999,1.0000
9896,-999,1.0000
9897,-999,1.0000
9898,-999,1.0000
9899,-999,1.0000
9900,-999,1.0000
9901,-999,1.0000
9902,-999,1.0000
9903,-999,1.0000
9904,-999,1.0000
9905,-999,1.0000
9906,-999,1.0000
9907,-999,1.0000
9908,-999,1.0000
9909,-999,1.0000
9910,-999,1.0000
9911,-999,1.0000
9912,-999,1.0000
9913,-999,1.0000
9914,-999,1.0000
9915,-999,1.0000
9916,-999,1.0000
9917,-999,1.0000
9918,-999,1.0000
9919,-999,1.0000
9920,-999,1.0000
9921,-999,1.0000
9922,-999,1.0000
9923,-999,1.0000
9924,-999,1.0000
9925,-999,.9375
9925,5254,.0625
9926,5254,.2000
9926,-999,.8000
9927,5254,.7500
9927,-999,.2500
9928,5254,1.0000
9929,5254,1.0000
9930,5254,1.0000
9931,5254,1.0000
9932,5254,1.0000
9933,5254,1.0000
9934,5254,1.0000
9935,5254,1.0000
9936,5254,1.0000
9937,5254,1.0000
9938,5254,1.0000
9939,5254,1.0000
9940,5254,1.0000
9941,5254,1.0000
9942,5254,1.0000
9943,5254,1.0000
9944,5254,1.0000
9945,5254,1.0000
9946,5254,1.0000
9947,5254,1.0000
9948,5254,1.0000
9949,5254,.6500
9949,-999,.3500
9950,-999,1.0000
9951,-999,.5000
9951,5254,.5000
9952,-999,.6250
9952,5254,.3750
9953,-999,.7895
9953,5254,.2105
9954,5254,.5000
9954,-999,.5000
9955,5254,.2632
9955,-999,.7368
9956,5254,.1600
9956,-999,.8400
9957,-999,1.0000
9958,-999,1.0000
9959,-999,1.0000
9960,-999,1.0000
9961,-999,1.0000
9962,-999,1.0000
9963,-999,1.0000
9964,-999,1.0000
9965,-999,1.0000
9966,-999,1.0000
9967,-999,1.0000
9968,-999,1.0000
9969,-999,1.0000
9970,-999,1.0000
9971,-999,1.0000
9972,-999,1.0000
9973,-999,1.0000
9974,-999,1.0000
9975,-999,1.0000
9976,-999,1.0000
9977,-999,1.0000
9978,-999,1.0000
9979,-999,1.0000
9980,-999,1.0000
9981,-999,1.0000
9982,-999,1.0000
9983,-999,1.0000
9984,-999,1.0000
9985,-999,1.0000
9986,-999,1.0000
9987,-999,1.0000
9988,-999,1.0000
9989,-999,1.0000
9990,-999,1.0000
9991,-999,1.0000
9992,-999,1.0000
9993,-999,1.0000
9994,-999,1.0000
9995,-999,1.0000
9996,-999,1.0000
9997,-999,1.0000
9998,-999,1.0000
9999,-999,1.0000
10000,-999,1.0000
10001,-999,1.0000
10002,-999,1.0000
10003,-999,1.0000
10004,-999,1.0000
10005,-999,1.0000
10006,-999,1.0000
10007,-999,1.0000
10008,-999,1.0000
10009,-999,1.0000
10010,-999,1.0000
10011,-999,1.0000
10012,-999,1.0000
10013,-999,1.0000
10014,-999,1.0000
10015,-999,1.0000
10016,-999,1.0000
10017,-999,1.0000
10018,-999,1.0000
10019,-999,1.0000
10020,-999,1.0000
10021,-999,1.0000
10022,-999,1.0000
10023,-999,1.0000
10024,-999,1.0000
10025,-999,1.0000
10026,-999,1.0000
10027,-999,1.0000
10028,-999,1.0000
10029,-999,1.0000
10030,-999,1.0000
10031,-999,1.0000
10032,-999,1.0000
10033,-999,1.0000
10034,-999,1.0000
10035,-999,1.0000
10036,-999,1.0000
10037,-999,1.0000
10038,-999,1.0000
10039,-999,1.0000
10040,-999,1.0000
10041,-999,1.0000
10042,-999,1.0000
10043,-999,1.0000
10044,-999,1.0000
10045,-999,1.0000
10046,-999,1.0000
10047,-999,1.0000
10048,-999,1.0000
10049,-999,1.0000
10050,-999,1.0000
10051,-999,1.0000
10052,-999,1.0000
10053,-999,1.0000
10054,-999,1.0000
10055,-999,1.0000
10056,-999,1.0000
10057,-999,1.0000
10058,-999,1.0000
10059,-999,1.0000
10060,-999,1.0000
10061,-999,1.0000
10062,-999,1.0000
10063,-999,1.0000
10064,-999,1.0000
10065,-999,1.0000
10066,-999,1.0000
10067,-999,1.0000
10068,-999,1.0000
10069,-999,1.0000
10070,-999,1.0000
10071,-999,1.0000
10072,-999,1.0000
10073,-999,1.0000
10074,-999,1.0000
10075,-999,1.0000
10076,-999,1.0000
10077,-999,1.0000
10078,-999,1.0000
10079,-999,1.0000
10080,-999,1.0000
10081,-999,1.0000
10082,-999,1.0000
10083,-999,1.0000
10084,-999,1.0000
10085,-999,1.0000
10086,-999,1.0000
10087,-999,1.0000
10088,-999,1.0000
10089,-999,1.0000
10090,-999,1.0000
10091,-999,1.0000
10092,-999,1.0000
10093,-999,1.0000
10094,-999,1.0000
10095,-999,1.0000
10096,-999,1.0000
10097,-999,1.0000
10098,-999,1.0000
10099,-999,1.0000
10100,-999,1.0000
10101,-999,1.0000
10102,-999,1.0000
10103,-999,1.0000
10104,-999,1.0000
10105,-999,1.0000
10106,-999,1.0000
10107,-999,1.0000
10108,-999,1.0000
10109,-999,1.0000
10110,-999,1.0000
10111,-999,1.0000
10112,-999,1.0000
10113,-999,1.0000
10114,-999,1.0000
10115,-999,1.0000
10116,-999,1.0000
10117,-999,1.0000
10118,-999,1.0000
10119,-999,1.0000
10120,-999,1.0000
10121,-999,1.0000
10122,-999,1.0000
10123,-999,1.0000
10124,-999,1.0000
10125,-999,1.0000
10126,-999,1.0000
10127,-999,1.0000
10128,-999,1.0000
10129,-999,1.0000
10130,-999,1.0000
10131,-999,1.0000
10132,-999,1.0000
10133,-999,1.0000
10134,-999,1.0000
10135,-999,1.0000
10136,-999,1.0000
10137,-999,1.0000
10138,-999,1.0000
10139,-999,1.0000
10140,-999,1.0000
10141,-999,1.0000
10142,-999,1.0000
10143,-999,1.0000
10144,-999,1.0000
10145,-999,1.0000
10146,-999,1.0000
10147,-999,1.0000
10148,-999,1.0000
10149,-999,1.0000
10150,-999,1.0000
10151,-999,1.0000
10152,-999,1.0000
10153,-999,1.0000
10154,-999,1.0000
10155,-999,1.0000
10156,-999,1.0000
10157,-999,1.0000
10158,-999,1.0000
10159,-999,1.0000
10160,-999,1.0000
10161,-999,1.0000
10162,-999,1.0000
10163,-999,1.0000
10164,-999,1.0000
10165,-999,1.0000
10166,-999,1.0000
10167,-999,1.0000
10168,-999,1.0000
10169,-999,1.0000
10170,-999,1.0000
10171,-999,1.0000
10172,-999,1.0000
10173,-999,1.0000
10174,-999,1.0000
10175,-999,1.0000
10176,-999,1.0000
10177,-999,1.0000
10178,-999,1.0000
10179,-999,1.0000
10180,-999,1.0000
10181,-999,1.0000
10182,-999,1.0000
10183,-999,1.0000
10184,-999,1.0000
10185,-999,1.0000
10186,-999,1.0000
10187,-999,1.0000
10188,-999,1.0000
10189,-999,1.0000
10190,-999,1.0000
10191,-999,1.0000
10192,-999,1.0000
10193,-999,1.0000
10194,-999,1.0000
10195,-999,.6250
10195,5254,.3750
10196,5254,1.0000
10197,5254,1.0000
10198,5254,1.0000
10199,5254,1.0000
10200,5254,1.0000
10201,5254,1.0000
10202,5254,1.0000
10203,5254,1.0000
10204,5254,1.0000
10205,5254,1.0000
10206,5254,1.0000
10207,5254,1.0000
10208,5254,1.0000
10209,5254,1.0000
10210,5254,1.0000
10211,5254,1.0000
10212,5254,1.0000
10213,5254,1.0000
10214,5254,1.0000
10215,5254,1.0000
10216,5254,1.0000
10217,5254,.7500
10217,-999,.2500
10218,-999,.7778
10218,5254,.2222
10219,-999,.0800
10219,5254,.9200
10220,-999,.2000
10220,5254,.8000
10221,-999,.2000
10221,5254,.8000
10222,-999,.2000
10222,5254,.8000
10223,-999,.3889
10223,5254,.6111
10224,-999,.5000
10224,5254,.5000
10225,-999,.6250
10225,5254,.3750
10226,-999,1.0000
10227,-999,1.0000
10228,-999,1.0000
10229,-999,1.0000
10230,-999,1.0000
10231,-999,1.0000
10232,-999,1.0000
10233,-999,1.0000
10234,-999,1.0000
10235,-999,1.0000
10236,-999,1.0000
10237,-999,1.0000
10238,-999,1.0000
10239,-999,1.0000
10240,-999,1.0000
10241,-999,1.0000
10242,-999,1.0000
10243,-999,1.0000
10244,-999,1.0000
10245,-999,1.0000
10246,-999,1.0000
10247,-999,1.0000
10248,-999,1.0000
10249,-999,1.0000
10250,-999,1.0000
10251,-999,1.0000
10252,-999,1.0000
10253,-999,1.0000
10254,-999,1.0000
10255,-999,1.0000
10256,-999,1.0000
10257,-999,1.0000
10258,-999,1.0000
10259,-999,1.0000
10260,-999,1.0000
10261,-999,1.0000
10262,-999,1.0000
10263,-999,1.0000
10264,-999,1.0000
10265,-999,1.0000
10266,-999,1.0000
10267,-999,1.0000
10268,-999,1.0000
10269,-999,1.0000
10270,-999,1.0000
10271,-999,1.0000
10272,-999,1.0000
10273,-999,1.0000
10274,-999,1.0000
10275,-999,1.0000
10276,-999,1.0000
10277,-999,1.0000
10278,-999,1.0000
10279,-999,1.0000
10280,-999,1.0000
10281,-999,1.0000
10282,-999,1.0000
10283,-999,1.0000
10284,-999,1.0000
10285,-999,1.0000
10286,-999,1.0000
10287,-999,1.0000
10288,-999,1.0000
10289,-999,1.0000
10290,-999,1.0000
10291,-999,1.0000
10292,-999,1.0000
10293,-999,1.0000
10294,-999,1.0000
10295,-999,1.0000
10296,-999,1.0000
10297,-999,1.0000
10298,-999,1.0000
10299,-999,1.0000
10300,-999,1.0000
10301,-999,1.0000
10302,-999,1.0000
10303,-999,1.0000
10304,-999,1.0000
10305,-999,1.0000
10306,-999,1.0000
10307,-999,1.0000
10308,-999,1.0000
10309,-999,1.0000
10310,-999,1.0000
10311,-999,1.0000
10312,-999,1.0000
10313,-999,1.0000
10314,-999,1.0000
10315,-999,1.0000
10316,-999,1.0000
10317,-999,1.0000
10318,-999,1.0000
10319,-999,1.0000
10320,-999,1.0000
10321,-999,1.0000
10322,-999,1.0000
10323,-999,1.0000
10324,-999,1.0000
10325,-999,1.0000
10326,-999,1.0000
10327,-999,1.0000
10328,-999,1.0000
10329,-999,1.0000
10330,-999,1.0000
10331,-999,1.0000
10332,-999,1.0000
10333,-999,1.0000
10334,-999,1.0000
10335,-999,1.0000
10336,-999,1.0000
10337,-999,1.0000
10338,-999,1.0000
10339,-999,1.0000
10340,-999,1.0000
10341,-999,1.0000
10342,-999,1.0000
10343,-999,1.0000
10344,-999,1.0000
10345,-999,1.0000
10346,-999,1.0000
10347,-999,1.0000
10348,-999,1.0000
10349,-999,1.0000
10350,-999,1.0000
10351,-999,1.0000
10352,-999,1.0000
10353,-999,1.0000
10354,-999,1.0000
10355,-999,1.0000
10356,-999,1.0000
10357,-999,1.0000
10358,-999,1.0000
10359,-999,1.0000
10360,-999,1.0000
10361,-999,1.0000
10362,-999,1.0000
10363,-999,1.0000
10364,-999,1.0000
10365,-999,1.0000
10366,-999,1.0000
10367,-999,1.0000
10368,-999,1.0000
10369,-999,1.0000
10370,-999,1.0000
10371,-999,1.0000
10372,-999,1.0000
10373,-999,1.0000
10374,-999,1.0000
10375,-999,1.0000
10376,-999,1.0000
10377,-999,1.0000
10378,-999,1.0000
10379,-999,1.0000
10380,-999,1.0000
10381,-999,1.0000
10382,-999,1.0000
10383,-999,1.0000
10384,-999,1.0000
10385,-999,1.0000
10386,-999,1.0000
10387,-999,1.0000
10388,-999,1.0000
10389,-999,1.0000
10390,-999,1.0000
10391,-999,1.0000
10392,-999,1.0000
10393,-999,1.0000
10394,-999,1.0000
10395,-999,1.0000
10396,-999,1.0000
10397,-999,1.0000
10398,-999,1.0000
10399,-999,1.0000
10400,-999,1.0000
10401,-999,1.0000
10402,-999,1.0000
10403,-999,1.0000
10404,-999,1.0000
10405,-999,1.0000
10406,-999,1.0000
10407,-999,1.0000
10408,-999,1.0000
10409,-999,1.0000
10410,-999,1.0000
10411,-999,1.0000
10412,-999,1.0000
10413,-999,1.0000
10414,-999,1.0000
10415,-999,1.0000
10416,-999,1.0000
10417,-999,1.0000
10418,-999,1.0000
10419,-999,1.0000
10420,-999,1.0000
10421,-999,1.0000
10422,-999,1.0000
10423,-999,1.0000
10424,-999,1.0000
10425,-999,1.0000
10426,-999,1.0000
10427,-999,1.0000
10428,-999,1.0000
10429,-999,1.0000
10430,-999,1.0000
10431,-999,1.0000
10432,-999,1.0000
10433,-999,1.0000
10434,-999,1.0000
10435,-999,1.0000
10436,-999,1.0000
10437,-999,1.0000
10438,-999,1.0000
10439,-999,1.0000
10440,-999,1.0000
10441,-999,1.0000
10442,-999,1.0000
10443,-999,1.0000
10444,-999,1.0000
10445,-999,1.0000
10446,-999,1.0000
10447,-999,1.0000
10448,-999,1.0000
10449,-999,1.0000
10450,-999,1.0000
10451,-999,1.0000
10452,-999,1.0000
10453,-999,1.0000
10454,-999,1.0000
10455,-999,1.0000
10456,-999,1.0000
10457,-999,1.0000
10458,-999,1.0000
10459,-999,1.0000
10460,-999,1.0000
10461,-999,1.0000
10462,-999,1.0000
10463,-999,.5000
10463,5254,.5000
10464,5254,1.0000
10465,5254,1.0000
10466,5254,1.0000
10467,5254,1.0000
10468,5254,1.0000
10469,5254,1.0000
10470,5254,1.0000
10471,5254,1.0000
10472,5254,1.0000
10473,5254,1.0000
10474,5254,1.0000
10475,5254,1.0000
10476,5254,1.0000
10477,5254,1.0000
10478,5254,1.0000
10479,5254,1.0000
10480,5254,1.0000
10481,5254,1.0000
10482,5254,1.0000
10483,5254,1.0000
10484,5254,.9500
10484,-999,.0500
10485,5254,.3600
10485,-999,.6400
10486,-999,.5789
10486,5254,.4211
10487,5254,.9500
10487,-999,.0500
10488,5254,.9375
10488,-999,.0625
10489,5254,1.0000
10490,5254,1.0000
10491,5254,1.0000
10492,5254,1.0000
10493,5254,.5625
10493,-999,.4375
10494,-999,.9000
10494,5254,.1000
10495,-999,1.0000
10496,-999,1.0000
10497,-999,1.0000
10498,-999,1.0000
10499,-999,1.0000
10500,-999,1.0000
10501,-999,1.0000
10502,-999,1.0000
10503,-999,1.0000
10504,-999,1.0000
10505,-999,1.0000
10506,-999,1.0000
10507,-999,1.0000
10508,-999,1.0000
10509,-999,1.0000
10510,-999,1.0000
10511,-999,1.0000
10512,-999,1.0000
10513,-999,1.0000
10514,-999,1.0000
10515,-999,1.0000
10516,-999,1.0000
10517,-999,1.0000
10518,-999,1.0000
10519,-999,1.0000
10520,-999,1.0000
10521,-999,1.0000
10522,-999,1.0000
10523,-999,1.0000
10524,-999,1.0000
10525,-999,1.0000
10526,-999,1.0000
10527,-999,1.0000
10528,-999,1.0000
10529,-999,1.0000
10530,-999,1.0000
10531,-999,1.0000
10532,-999,1.0000
10533,-999,1.0000
10534,-999,1.0000
10535,-999,1.0000
10536,-999,1.0000
10537,-999,1.0000
10538,-999,1.0000
10539,-999,1.0000
10540,-999,1.0000
10541,-999,1.0000
10542,-999,1.0000
10543,-999,1.0000
10544,-999,1.0000
10545,-999,1.0000
10546,-999,1.0000
10547,-999,1.0000
10548,-999,1.0000
10549,-999,1.0000
10550,-999,1.0000
10551,-999,1.0000
10552,-999,1.0000
10553,-999,1.0000
10554,-999,1.0000
10555,-999,1.0000
10556,-999,1.0000
10557,-999,1.0000
10558,-999,1.0000
10559,-999,1.0000
10560,-999,1.0000
10561,-999,1.0000
10562,-999,1.0000
10563,-999,1.0000
10564,-999,1.0000
10565,-999,1.0000
10566,-999,1.0000
10567,-999,1.0000
10568,-999,1.0000
10569,-999,1.0000
10570,-999,1.0000
10571,-999,1.0000
10572,-999,1.0000
10573,-999,1.0000
10574,-999,1.0000
10575,-999,1.0000
10576,-999,1.0000
10577,-999,1.0000
10578,-999,1.0000
10579,-999,1.0000
10580,-999,1.0000
10581,-999,1.0000
10582,-999,1.0000
10583,-999,1.0000
10584,-999,1.0000
10585,-999,1.0000
10586,-999,1.0000
10587,-999,1.0000
10588,-999,1.0000
10589,-999,1.0000
10590,-999,1.0000
10591,-999,1.0000
10592,-999,1.0000
10593,-999,1.0000
10594,-999,1.0000
10595,-999,1.0000
10596,-999,1.0000
10597,-999,1.0000
10598,-999,1.0000
10599,-999,1.0000
10600,-999,1.0000
10601,-999,1.0000
10602,-999,1.0000
10603,-999,1.0000
10604,-999,1.0000
10605,-999,1.0000
10606,-999,1.0000
10607,-999,1.0000
10608,-999,1.0000
10609,-999,1.0000
10610,-999,1.0000
10611,-999,1.0000
10612,-999,1.0000
10613,-999,1.0000
10614,-999,1.0000
10615,-999,1.0000
10616,-999,1.0000
10617,-999,1.0000
10618,-999,1.0000
10619,-999,1.0000
10620,-999,1.0000
10621,-999,1.0000
10622,-999,1.0000
10623,-999,1.0000
10624,-999,1.0000
10625,-999,1.0000
10626,-999,1.0000
10627,-999,1.0000
10628,-999,1.0000
10629,-999,1.0000
10630,-999,1.0000
10631,-999,1.0000
10632,-999,1.0000
10633,-999,1.0000
10634,-999,1.0000
10635,-999,1.0000
10636,-999,1.0000
10637,-999,1.0000
10638,-999,1.0000
10639,-999,1.0000
10640,-999,1.0000
10641,-999,1.0000
10642,-999,1.0000
10643,-999,1.0000
10644,-999,1.0000
10645,-999,1.0000
10646,-999,1.0000
10647,-999,1.0000
10648,-999,1.0000
10649,-999,1.0000
10650,-999,1.0000
10651,-999,1.0000
10652,-999,1.0000
10653,-999,1.0000
10654,-999,1.0000
10655,-999,1.0000
10656,-999,1.0000
10657,-999,1.0000
10658,-999,1.0000
10659,-999,1.0000
10660,-999,1.0000
10661,-999,1.0000
10662,-999,1.0000
10663,-999,1.0000
10664,-999,1.0000
10665,-999,1.0000
10666,-999,1.0000
10667,-999,1.0000
10668,-999,1.0000
10669,-999,1.0000
10670,-999,1.0000
10671,-999,1.0000
10672,-999,1.0000
10673,-999,1.0000
10674,-999,1.0000
10675,-999,1.0000
10676,-999,1.0000
10677,-999,1.0000
10678,-999,1.0000
10679,-999,1.0000
10680,-999,1.0000
10681,-999,1.0000
10682,-999,1.0000
10683,-999,1.0000
10684,-999,1.0000
10685,-999,1.0000
10686,-999,1.0000
10687,-999,1.0000
10688,-999,1.0000
10689,-999,1.0000
10690,-999,1.0000
10691,-999,1.0000
10692,-999,1.0000
10693,-999,1.0000
10694,-999,1.0000
10695,-999,1.0000
10696,-999,1.0000
10697,-999,1.0000
10698,-999,1.0000
10699,-999,1.0000
10700,-999,1.0000
10701,-999,1.0000
10702,-999,1.0000
10703,-999,1.0000
10704,-999,1.0000
10705,-999,1.0000
10706,-999,1.0000
10707,-999,1.0000
10708,-999,1.0000
10709,-999,1.0000
10710,-999,1.0000
10711,-999,1.0000
10712,-999,1.0000
10713,-999,1.0000
10714,-999,1.0000
10715,-999,1.0000
10716,-999,1.0000
10717,-999,1.0000
10718,-999,1.0000
10719,-999,1.0000
10720,-999,1.0000
10721,-999,1.0000
10722,-999,1.0000
10723,-999,1.0000
10724,-999,1.0000
10725,-999,1.0000
10726,-999,1.0000
10727,-999,1.0000
10728,-999,1.0000
10729,-999,1.0000
10730,-999,1.0000
10731,-999,.6522
10731,5254,.3478
10732,5254,1.0000
10733,5254,1.0000
10734,5254,1.0000
10735,5254,1.0000
10736,5254,1.0000
10737,5254,1.0000
10738,5254,1.0000
10739,5254,1.0000
10740,5254,1.0000
10741,5254,1.0000
10742,5254,1.0000
10743,5254,1.0000
10744,5254,1.0000
10745,5254,1.0000
10746,5254,1.0000
10747,5254,1.0000
10748,5254,1.0000
10749,5254,1.0000
10750,5254,1.0000
10751,5254,1.0000
10752,5254,.5625
10752,-999,.4375
10753,-999,1.0000
10754,-999,.8125
10754,5254,.1875
10755,5254,.5294
10755,-999,.4706
10756,5254,.7500
10756,-999,.2500
10757,5254,1.0000
10758,5254,1.0000
10759,5254,1.0000
10760,5254,1.0000
10761,5254,.3125
10761,-999,.6875
10762,-999,.7000
10762,5254,.3000
10763,-999,1.0000
10764,-999,1.0000
10765,-999,1.0000
10766,-999,1.0000
10767,-999,1.0000
10768,-999,1.0000
10769,-999,1.0000
10770,-999,1.0000
10771,-999,1.0000
10772,-999,1.0000
10773,-999,1.0000
10774,-999,1.0000
10775,-999,1.0000
10776,-999,1.0000
10777,-999,1.0000
10778,-999,1.0000
10779,-999,1.0000
10780,-999,1.0000
10781,-999,1.0000
10782,-999,1.0000
10783,-999,1.0000
10784,-999,1.0000
10785,-999,1.0000
10786,-999,1.0000
10787,-999,1.0000
10788,-999,1.0000
10789,-999,1.0000
10790,-999,1.0000
10791,-999,1.0000
10792,-999,1.0000
10793,-999,1.0000
10794,-999,1.0000
10795,-999,1.0000
10796,-999,1.0000
10797,-999,1.0000
10798,-999,1.0000
10799,-999,1.0000
10800,-999,1.0000
10801,-999,1.0000
10802,-999,1.0000
10803,-999,1.0000
10804,-999,1.0000
10805,-999,1.0000
10806,-999,1.0000
10807,-999,1.0000
10808,-999,1.0000
10809,-999,1.0000
10810,-999,1.0000
10811,-999,1.0000
10812,-999,1.0000
10813,-999,1.0000
10814,-999,1.0000
10815,-999,1.0000
10816,-999,1.0000
10817,-999,1.0000
10818,-999,1.0000
10819,-999,1.0000
10820,-999,1.0000
10821,-999,1.0000
10822,-999,1.0000
10823,-999,1.0000
10824,-999,1.0000
10825,-999,1.0000
10826,-999,1.0000
10827,-999,1.0000
10828,-999,1.0000
10829,-999,1.0000
10830,-999,1.0000
10831,-999,1.0000
10832,-999,1.0000
10833,-999,1.0000
10834,-999,1.0000
10835,-999,1.0000
10836,-999,1.0000
10837,-999,1.0000
10838,-999,1.0000
10839,-999,1.0000
10840,-999,1.0000
10841,-999,1.0000
10842,-999,1.0000
10843,-999,1.0000
10844,-999,1.0000
10845,-999,1.0000
10846,-999,1.0000
10847,-999,1.0000
10848,-999,1.0000
10849,-999,1.0000
10850,-999,1.0000
10851,-999,1.0000
10852,-999,1.0000
10853,-999,1.0000
10854,-999,1.0000
10855,-999,1.0000
10856,-999,1.0000
10857,-999,1.0000
10858,-999,1.0000
10859,-999,1.0000
10860,-999,1.0000
10861,-999,1.0000
10862,-999,1.0000
10863,-999,1.0000
10864,-999,1.0000
10865,-999,1.0000
10866,-999,1.0000
10867,-999,1.0000
10868,-999,1.0000
10869,-999,1.0000
10870,-999,1.0000
10871,-999,1.0000
10872,-999,1.0000
10873,-999,1.0000
10874,-999,1.0000
10875,-999,1.0000
10876,-999,1.0000
10877,-999,1.0000
10878,-999,1.0000
10879,-999,1.0000
10880,-999,1.0000
10881,-999,1.0000
10882,-999,1.0000
10883,-999,1.0000
10884,-999,1.0000
10885,-999,1.0000
10886,-999,1.0000
10887,-999,1.0000
10888,-999,1.0000
10889,-999,1.0000
10890,-999,1.0000
10891,-999,1.0000
10892,-999,1.0000
10893,-999,1.0000
10894,-999,1.0000
10895,-999,1.0000
10896,-999,1.0000
10897,-999,1.0000
10898,-999,1.0000
10899,-999,1.0000
10900,-999,1.0000
10901,-999,1.0000
10902,-999,1.0000
10903,-999,1.0000
10904,-999,1.0000
10905,-999,1.0000
10906,-999,1.0000
10907,-999,1.0000
10908,-999,1.0000
10909,-999,1.0000
10910,-999,1.0000
10911,-999,1.0000
10912,-999,1.0000
10913,-999,1.0000
10914,-999,1.0000
10915,-999,1.0000
10916,-999,1.0000
10917,-999,1.0000
10918,-999,1.0000
10919,-999,1.0000
10920,-999,1.0000
10921,-999,1.0000
10922,-999,1.0000
10923,-999,1.0000
10924,-999,1.0000
10925,-999,1.0000
10926,-999,1.0000
10927,-999,1.0000
10928,-999,1.0000
10929,-999,1.0000
10930,-999,1.0000
10931,-999,1.0000
10932,-999,1.0000
10933,-999,1.0000
10934,-999,1.0000
10935,-999,1.0000
10936,-999,1.0000
10937,-999,1.0000
10938,-999,1.0000
10939,-999,1.0000
10940,-999,1.0000
10941,-999,1.0000
10942,-999,1.0000
10943,-999,1.0000
10944,-999,1.0000
10945,-999,1.0000
10946,-999,1.0000
10947,-999,1.0000
10948,-999,1.0000
10949,-999,1.0000
10950,-999,1.0000
10951,-999,1.0000
10952,-999,1.0000
10953,-999,1.0000
10954,-999,1.0000
10955,-999,1.0000
10956,-999,1.0000
10957,-999,1.0000
10958,-999,1.0000
10959,-999,1.0000
10960,-999,1.0000
10961,-999,1.0000
10962,-999,1.0000
10963,-999,1.0000
10964,-999,1.0000
10965,-999,1.0000
10966,-999,1.0000
10967,-999,1.0000
10968,-999,1.0000
10969,-999,1.0000
10970,-999,1.0000
10971,-999,1.0000
10972,-999,1.0000
10973,-999,1.0000
10974,-999,1.0000
10975,-999,1.0000
10976,-999,1.0000
10977,-999,1.0000
10978,-999,1.0000
10979,-999,1.0000
10980,-999,1.0000
10981,-999,1.0000
10982,-999,1.0000
10983,-999,1.0000
10984,-999,1.0000
10985,-999,1.0000
10986,-999,1.0000
10987,-999,1.0000
10988,-999,1.0000
10989,-999,1.0000
10990,-999,1.0000
10991,-999,1.0000
10992,-999,1.0000
10993,-999,1.0000
10994,-999,1.0000
10995,-999,1.0000
10996,-999,1.0000
10997,-999,1.0000
10998,-999,1.0000
10999,-999,.6500
10999,5254,.3500
11000,5254,1.0000
11001,5254,1.0000
11002,5254,1.0000
11003,5254,1.0000
11004,5254,1.0000
11005,5254,1.0000
11006,5254,1.0000
11007,5254,1.0000
11008,5254,1.0000
11009,5254,1.0000
11010,5254,1.0000
11011,5254,1.0000
11012,5254,1.0000
11013,5254,1.0000
11014,5254,1.0000
11015,5254,1.0000
11016,5254,1.0000
11017,5254,1.0000
11018,5254,1.0000
11019,5254,.9500
11019,-999,.0500
11020,5254,.3125
11020,-999,.6875
11021,-999,1.0000
11022,-999,.5625
11022,5254,.4375
11023,-999,.5000
11023,5254,.5000
11024,5254,.9000
11024,-999,.1000
11025,5254,1.0000
11026,5254,1.0000
11027,5254,1.0000
11028,5254,.9500
11028,-999,.0500
11029,5254,.1875
11029,-999,.8125
11030,-999,.5000
11030,5254,.5000
11031,-999,.6316
11031,5254,.3684
11032,-999,1.0000
11033,-999,1.0000
11034,-999,1.0000
11035,-999,1.0000
11036,-999,1.0000
11037,-999,1.0000
11038,-999,1.0000
11039,-999,1.0000
11040,-999,1.0000
11041,-999,1.0000
11042,-999,1.0000
11043,-999,1.0000
11044,-999,1.0000
11045,-999,1.0000
11046,-999,1.0000
11047,-999,1.0000
11048,-999,1.0000
11049,-999,1.0000
11050,-999,1.0000
11051,-999,1.0000
11052,-999,1.0000
11053,-999,1.0000
11054,-999,1.0000
11055,-999,1.0000
11056,-999,1.0000
11057,-999,1.0000
11058,-999,1.0000
11059,-999,1.0000
11060,-999,1.0000
11061,-999,1.0000
11062,-999,1.0000
11063,-999,1.0000
11064,-999,1.0000
11065,-999,1.0000
11066,-999,1.0000
11067,-999,1.0000
11068,-999,1.0000
11069,-999,1.0000
11070,-999,1.0000
11071,-999,1.0000
11072,-999,1.0000
11073,-999,1.0000
11074,-999,1.0000
11075,-999,1.0000
11076,-999,1.0000
11077,-999,1.0000
11078,-999,1.0000
11079,-999,1.0000
11080,-999,1.0000
11081,-999,1.0000
11082,-999,1.0000
11083,-999,1.0000
11084,-999,1.0000
11085,-999,1.0000
11086,-999,1.0000
11087,-999,1.0000
11088,-999,1.0000
11089,-999,1.0000
11090,-999,1.0000
11091,-999,1.0000
11092,-999,1.0000
11093,-999,1.0000
11094,-999,1.0000
11095,-999,1.0000
11096,-999,1.0000
11097,-999,1.0000
11098,-999,1.0000
11099,-999,1.0000
11100,-999,1.0000
11101,-999,1.0000
11102,-999,1.0000
11103,-999,1.0000
11104,-999,1.0000
11105,-999,1.0000
11106,-999,1.0000
11107,-999,1.0000
11108,-999,1.0000
11109,-999,1.0000
11110,-999,1.0000
11111,-999,1.0000
11112,-999,1.0000
11113,-999,1.0000
11114,-999,1.0000
11115,-999,1.0000
11116,-999,1.0000
11117,-999,1.0000
11118,-999,1.0000
11119,-999,1.0000
11120,-999,1.0000
11121,-999,1.0000
11122,-999,1.0000
11123,-999,1.0000
11124,-999,1.0000
11125,-999,1.0000
11126,-999,1.0000
11127,-999,1.0000
11128,-999,1.0000
11129,-999,1.0000
11130,-999,1.0000
11131,-999,1.0000
11132,-999,1.0000
11133,-999,1.0000
11134,-999,1.0000
11135,-999,1.0000
11136,-999,1.0000
11137,-999,1.0000
11138,-999,1.0000
11139,-999,1.0000
11140,-999,1.0000
11141,-999,1.0000
11142,-999,1.0000
11143,-999,1.0000
11144,-999,1.0000
11145,-999,1.0000
11146,-999,1.0000
11147,-999,1.0000
11148,-999,1.0000
11149,-999,1.0000
11150,-999,1.0000
11151,-999,1.0000
11152,-999,1.0000
11153,-999,1.0000
11154,-999,1.0000
11155,-999,1.0000
11156,-999,1.0000
11157,-999,1.0000
11158,-999,1.0000
11159,-999,1.0000
11160,-999,1.0000
11161,-999,1.0000
11162,-999,1.0000
11163,-999,1.0000
11164,-999,1.0000
11165,-999,1.0000
11166,-999,1.0000
11167,-999,1.0000
11168,-999,1.0000
11169,-999,1.0000
11170,-999,1.0000
11171,-999,1.0000
11172,-999,1.0000
11173,-999,1.0000
11174,-999,1.0000
11175,-999,1.0000
11176,-999,1.0000
11177,-999,1.0000
11178,-999,1.0000
11179,-999,1.0000
11180,-999,1.0000
11181,-999,1.0000
11182,-999,1.0000
11183,-999,1.0000
11184,-999,1.0000
11185,-999,1.0000
11186,-999,1.0000
11187,-999,1.0000
11188,-999,1.0000
11189,-999,1.0000
11190,-999,1.0000
11191,-999,1.0000
11192,-999,1.0000
11193,-999,1.0000
11194,-999,1.0000
11195,-999,1.0000
11196,-999,1.0000
11197,-999,1.0000
11198,-999,1.0000
11199,-999,1.0000
11200,-999,1.0000
11201,-999,1.0000
11202,-999,1.0000
11203,-999,1.0000
11204,-999,1.0000
11205,-999,1.0000
11206,-999,1.0000
11207,-999,1.0000
11208,-999,1.0000
11209,-999,1.0000
11210,-999,1.0000
11211,-999,1.0000
11212,-999,1.0000
11213,-999,1.0000
11214,-999,1.0000
11215,-999,1.0000
11216,-999,1.0000
11217,-999,1.0000
11218,-999,1.0000
11219,-999,1.0000
11220,-999,1.0000
11221,-999,1.0000
11222,-999,1.0000
11223,-999,1.0000
11224,-999,1.0000
11225,-999,1.0000
11226,-999,1.0000
11227,-999,1.0000
11228,-999,1.0000
11229,-999,1.0000
11230,-999,1.0000
11231,-999,1.0000
11232,-999,1.0000
11233,-999,1.0000
11234,-999,1.0000
11235,-999,1.0000
11236,-999,1.0000
11237,-999,1.0000
11238,-999,1.0000
11239,-999,1.0000
11240,-999,1.0000
11241,-999,1.0000
11242,-999,1.0000
11243,-999,1.0000
11244,-999,1.0000
11245,-999,1.0000
11246,-999,1.0000
11247,-999,1.0000
11248,-999,1.0000
11249,-999,1.0000
11250,-999,1.0000
11251,-999,1.0000
11252,-999,1.0000
11253,-999,1.0000
11254,-999,1.0000
11255,-999,1.0000
11256,-999,1.0000
11257,-999,1.0000
11258,-999,1.0000
11259,-999,1.0000
11260,-999,1.0000
11261,-999,1.0000
11262,-999,1.0000
11263,-999,1.0000
11264,-999,1.0000
11265,-999,1.0000
11266,-999,1.0000
11267,-999,.7000
11267,5254,.3000
11268,5254,.6250
11268,-999,.3750
11269,5254,.9500
11269,-999,.0500
11270,5254,1.0000
11271,5254,1.0000
11272,5254,1.0000
11273,5254,1.0000
11274,5254,1.0000
11275,5254,1.0000
11276,5254,1.0000
11277,5254,1.0000
11278,5254,1.0000
11279,5254,1.0000
11280,5254,1.0000
11281,5254,1.0000
11282,5254,1.0000
11283,5254,1.0000
11284,5254,1.0000
11285,5254,1.0000
11286,5254,1.0000
11287,5254,.8000
11287,-999,.2000
11288,-999,.2500
11288,5254,.7500
11289,-999,.8947
11289,5254,.1053
11290,-999,.5556
11290,5254,.4444
11291,5254,.8125
11291,-999,.1875
11292,-999,.2000
11292,5254,.8000
11293,5254,1.0000
11294,5254,1.0000
11295,5254,1.0000
11296,5254,.9200
11296,-999,.0800
11297,-999,.7000
11297,5254,.3000
11298,-999,.3810
11298,5254,.6190
11299,5254,.8333
11299,-999,.1667
11300,-999,.6875
11300,5254,.3125
11301,-999,1.0000
11302,-999,1.0000
11303,-999,1.0000
11304,-999,1.0000
11305,-999,1.0000
11306,-999,1.0000
11307,-999,1.0000
11308,-999,1.0000
11309,-999,1.0000
11310,-999,1.0000
11311,-999,1.0000
11312,-999,1.0000
11313,-999,1.0000
11314,-999,1.0000
11315,-999,1.0000
11316,-999,1.0000
11317,-999,1.0000
11318,-999,1.0000
11319,-999,1.0000
11320,-999,1.0000
11321,-999,1.0000
11322,-999,1.0000
11323,-999,1.0000
11324,-999,1.0000
11325,-999,1.0000
11326,-999,1.0000
11327,-999,1.0000
11328,-999,1.0000
11329,-999,1.0000
11330,-999,1.0000
11331,-999,1.0000
11332,-999,1.0000
11333,-999,1.0000
11334,-999,1.0000
11335,-999,1.0000
11336,-999,1.0000
11337,-999,1.0000
11338,-999,1.0000
11339,-999,1.0000
11340,-999,1.0000
11341,-999,1.0000
11342,-999,1.0000
11343,-999,1.0000
11344,-999,1.0000
11345,-999,1.0000
11346,-999,1.0000
11347,-999,1.0000
11348,-999,1.0000
11349,-999,1.0000
11350,-999,1.0000
11351,-999,1.0000
11352,-999,1.0000
11353,-999,1.0000
11354,-999,1.0000
11355,-999,1.0000
11356,-999,1.0000
11357,-999,1.0000
11358,-999,1.0000
11359,-999,1.0000
11360,-999,1.0000
11361,-999,1.0000
11362,-999,1.0000
11363,-999,1.0000
11364,-999,1.0000
11365,-999,1.0000
11366,-999,1.0000
11367,-999,1.0000
11368,-999,1.0000
11369,-999,1.0000
11370,-999,1.0000
11371,-999,1.0000
11372,-999,1.0000
11373,-999,1.0000
11374,-999,1.0000
11375,-999,1.0000
11376,-999,1.0000
11377,-999,1.0000
11378,-999,1.0000
11379,-999,1.0000
11380,-999,1.0000
11381,-999,1.0000
11382,-999,1.0000
11383,-999,1.0000
11384,-999,1.0000
11385,-999,1.0000
11386,-999,1.0000
11387,-999,1.0000
11388,-999,1.0000
11389,-999,1.0000
11390,-999,1.0000
11391,-999,1.0000
11392,-999,1.0000
11393,-999,1.0000
11394,-999,1.0000
11395,-999,1.0000
11396,-999,1.0000
11397,-999,1.0000
11398,-999,1.0000
11399,-999,1.0000
11400,-999,1.0000
11401,-999,1.0000
11402,-999,1.0000
11403,-999,1.0000
11404,-999,1.0000
11405,-999,1.0000
11406,-999,1.0000
11407,-999,1.0000
11408,-999,1.0000
11409,-999,1.0000
11410,-999,1.0000
11411,-999,1.0000
11412,-999,1.0000
11413,-999,1.0000
11414,-999,1.0000
11415,-999,1.0000
11416,-999,1.0000
11417,-999,1.0000
11418,-999,1.0000
11419,-999,1.0000
11420,-999,1.0000
11421,-999,1.0000
11422,-999,1.0000
11423,-999,1.0000
11424,-999,1.0000
11425,-999,1.0000
11426,-999,1.0000
11427,-999,1.0000
11428,-999,1.0000
11429,-999,1.0000
11430,-999,1.0000
11431,-999,1.0000
11432,-999,1.0000
11433,-999,1.0000
11434,-999,1.0000
11435,-999,1.0000
11436,-999,1.0000
11437,-999,1.0000
11438,-999,1.0000
11439,-999,1.0000
11440,-999,1.0000
11441,-999,1.0000
11442,-999,1.0000
11443,-999,1.0000
11444,-999,1.0000
11445,-999,1.0000
11446,-999,1.0000
11447,-999,1.0000
11448,-999,1.0000
11449,-999,1.0000
11450,-999,1.0000
11451,-999,1.0000
11452,-999,1.0000
11453,-999,1.0000
11454,-999,1.0000
11455,-999,1.0000
11456,-999,1.0000
11457,-999,1.0000
11458,-999,1.0000
11459,-999,1.0000
11460,-999,1.0000
11461,-999,1.0000
11462,-999,1.0000
11463,-999,1.0000
11464,-999,1.0000
11465,-999,1.0000
11466,-999,1.0000
11467,-999,1.0000
11468,-999,1.0000
11469,-999,1.0000
11470,-999,1.0000
11471,-999,1.0000
11472,-999,1.0000
11473,-999,1.0000
11474,-999,1.0000
11475,-999,1.0000
11476,-999,1.0000
11477,-999,1.0000
11478,-999,1.0000
11479,-999,1.0000
11480,-999,1.0000
11481,-999,1.0000
11482,-999,1.0000
11483,-999,1.0000
11484,-999,1.0000
11485,-999,1.0000
11486,-999,1.0000
11487,-999,1.0000
11488,-999,1.0000
11489,-999,1.0000
11490,-999,1.0000
11491,-999,1.0000
11492,-999,1.0000
11493,-999,1.0000
11494,-999,1.0000
11495,-999,1.0000
11496,-999,1.0000
11497,-999,1.0000
11498,-999,1.0000
11499,-999,1.0000
11500,-999,1.0000
11501,-999,1.0000
11502,-999,1.0000
11503,-999,1.0000
11504,-999,1.0000
11505,-999,1.0000
11506,-999,1.0000
11507,-999,1.0000
11508,-999,1.0000
11509,-999,1.0000
11510,-999,1.0000
11511,-999,1.0000
11512,-999,1.0000
11513,-999,1.0000
11514,-999,1.0000
11515,-999,1.0000
11516,-999,1.0000
11517,-999,1.0000
11518,-999,1.0000
11519,-999,1.0000
11520,-999,1.0000
11521,-999,1.0000
11522,-999,1.0000
11523,-999,1.0000
11524,-999,1.0000
11525,-999,1.0000
11526,-999,1.0000
11527,-999,1.0000
11528,-999,1.0000
11529,-999,1.0000
11530,-999,1.0000
11531,-999,1.0000
11532,-999,1.0000
11533,-999,1.0000
11534,-999,1.0000
11535,-999,1.0000
11536,-999,1.0000
11537,-999,.6000
11537,5254,.4000
11538,5254,.6250
11538,-999,.3750
11539,5254,.7895
11539,-999,.2105
11540,5254,.6364
11540,-999,.3636
11541,5254,.9500
11541,-999,.0500
11542,5254,1.0000
11543,5254,1.0000
11544,5254,1.0000
11545,5254,1.0000
11546,5254,1.0000
11547,5254,1.0000
11548,5254,1.0000
11549,5254,1.0000
11550,5254,1.0000
11551,5254,1.0000
11552,5254,1.0000
11553,5254,1.0000
11554,5254,1.0000
11555,5254,1.0000
11556,5254,1.0000
11557,5254,.3125
11557,-999,.6875
11558,-999,.5417
11558,5254,.4583
11559,5254,1.0000
11560,5254,1.0000
11561,5254,1.0000
11562,5254,1.0000
11563,5254,1.0000
11564,5254,1.0000
11565,5254,.7500
11565,-999,.2500
11566,5254,.5625
11566,-999,.4375
11567,5254,.9500
11567,-999,.0500
11568,5254,.8750
11568,-999,.1250
11569,-999,.6500
11569,5254,.3500
11570,-999,1.0000
11571,-999,1.0000
11572,-999,1.0000
11573,-999,1.0000
11574,-999,1.0000
11575,-999,1.0000
11576,-999,1.0000
11577,-999,1.0000
11578,-999,1.0000
11579,-999,1.0000
11580,-999,1.0000
11581,-999,1.0000
11582,-999,1.0000
11583,-999,1.0000
11584,-999,1.0000
11585,-999,1.0000
11586,-999,1.0000
11587,-999,1.0000
11588,-999,1.0000
11589,-999,1.0000
11590,-999,1.0000
11591,-999,1.0000
11592,-999,1.0000
11593,-999,1.0000
11594,-999,1.0000
11595,-999,1.0000
11596,-999,1.0000
11597,-999,1.0000
11598,-999,1.0000
11599,-999,1.0000
11600,-999,1.0000
11601,-999,1.0000
11602,-999,1.0000
11603,-999,1.0000
11604,-999,1.0000
11605,-999,1.0000
11606,-999,1.0000
11607,-999,1.0000
11608,-999,1.0000
11609,-999,1.0000
11610,-999,1.0000
11611,-999,1.0000
11612,-999,1.0000
11613,-999,1.0000
11614,-999,1.0000
11615,-999,1.0000
11616,-999,1.0000
11617,-999,1.0000
11618,-999,1.0000
11619,-999,1.0000
11620,-999,1.0000
11621,-999,1.0000
11622,-999,1.0000
11623,-999,1.0000
11624,-999,1.0000
11625,-999,1.0000
11626,-999,1.0000
11627,-999,1.0000
11628,-999,1.0000
11629,-999,1.0000
11630,-999,1.0000
11631,-999,1.0000
11632,-999,1.0000
11633,-999,1.0000
11634,-999,1.0000
11635,-999,1.0000
11636,-999,1.0000
11637,-999,1.0000
11638,-999,1.0000
11639,-999,1.0000
11640,-999,1.0000
11641,-999,1.0000
11642,-999,1.0000
11643,-999,1.0000
11644,-999,1.0000
11645,-999,1.0000
11646,-999,1.0000
11647,-999,1.0000
11648,-999,1.0000
11649,-999,1.0000
11650,-999,1.0000
11651,-999,1.0000
11652,-999,1.0000
11653,-999,1.0000
11654,-999,1.0000
11655,-999,1.0000
11656,-999,1.0000
11657,-999,1.0000
11658,-999,1.0000
11659,-999,1.0000
11660,-999,1.0000
11661,-999,1.0000
11662,-999,1.0000
11663,-999,1.0000
11664,-999,1.0000
11665,-999,1.0000
11666,-999,1.0000
11667,-999,1.0000
11668,-999,1.0000
11669,-999,1.0000
11670,-999,1.0000
11671,-999,1.0000
11672,-999,1.0000
11673,-999,1.0000
11674,-999,1.0000
11675,-999,1.0000
11676,-999,1.0000
11677,-999,1.0000
11678,-999,1.0000
11679,-999,1.0000
11680,-999,1.0000
11681,-999,1.0000
11682,-999,1.0000
11683,-999,1.0000
11684,-999,1.0000
11685,-999,1.0000
11686,-999,1.0000
11687,-999,1.0000
11688,-999,1.0000
11689,-999,1.0000
11690,-999,1.0000
11691,-999,1.0000
11692,-999,1.0000
11693,-999,1.0000
11694,-999,1.0000
11695,-999,1.0000
11696,-999,1.0000
11697,-999,1.0000
11698,-999,1.0000
11699,-999,1.0000
11700,-999,1.0000
11701,-999,1.0000
11702,-999,1.0000
11703,-999,1.0000
11704,-999,1.0000
11705,-999,1.0000
11706,-999,1.0000
11707,-999,1.0000
11708,-999,1.0000
11709,-999,1.0000
11710,-999,1.0000
11711,-999,1.0000
11712,-999,1.0000
11713,-999,1.0000
11714,-999,1.0000
11715,-999,1.0000
11716,-999,1.0000
11717,-999,1.0000
11718,-999,1.0000
11719,-999,1.0000
11720,-999,1.0000
11721,-999,1.0000
11722,-999,1.0000
11723,-999,1.0000
11724,-999,1.0000
11725,-999,1.0000
11726,-999,1.0000
11727,-999,1.0000
11728,-999,1.0000
11729,-999,1.0000
11730,-999,1.0000
11731,-999,1.0000
11732,-999,1.0000
11733,-999,1.0000
11734,-999,1.0000
11735,-999,1.0000
11736,-999,1.0000
11737,-999,1.0000
11738,-999,1.0000
11739,-999,1.0000
11740,-999,1.0000
11741,-999,1.0000
11742,-999,1.0000
11743,-999,1.0000
11744,-999,1.0000
11745,-999,1.0000
11746,-999,1.0000
11747,-999,1.0000
11748,-999,1.0000
11749,-999,1.0000
11750,-999,1.0000
11751,-999,1.0000
11752,-999,1.0000
11753,-999,1.0000
11754,-999,1.0000
11755,-999,1.0000
11756,-999,1.0000
11757,-999,1.0000
11758,-999,1.0000
11759,-999,1.0000
11760,-999,1.0000
11761,-999,1.0000
11762,-999,1.0000
11763,-999,1.0000
11764,-999,1.0000
11765,-999,1.0000
11766,-999,1.0000
11767,-999,1.0000
11768,-999,1.0000
11769,-999,1.0000
11770,-999,1.0000
11771,-999,1.0000
11772,-999,1.0000
11773,-999,1.0000
11774,-999,1.0000
11775,-999,1.0000
11776,-999,1.0000
11777,-999,1.0000
11778,-999,1.0000
11779,-999,1.0000
11780,-999,1.0000
11781,-999,1.0000
11782,-999,1.0000
11783,-999,1.0000
11784,-999,1.0000
11785,-999,1.0000
11786,-999,1.0000
11787,-999,1.0000
11788,-999,1.0000
11789,-999,1.0000
11790,-999,1.0000
11791,-999,1.0000
11792,-999,1.0000
11793,-999,1.0000
11794,-999,1.0000
11795,-999,1.0000
11796,-999,1.0000
11797,-999,1.0000
11798,-999,1.0000
11799,-999,1.0000
11800,-999,1.0000
11801,-999,1.0000
11802,-999,1.0000
11803,-999,1.0000
11804,-999,1.0000
11805,-999,1.0000
11806,-999,1.0000
11807,-999,1.0000
11808,-999,.6818
11808,5254,.3182
11809,5254,1.0000
11810,5254,1.0000
11811,5254,1.0000
11812,5254,1.0000
11813,5254,1.0000
11814,5254,1.0000
11815,5254,1.0000
11816,5254,1.0000
11817,5254,1.0000
11818,5254,1.0000
11819,5254,1.0000
11820,5254,1.0000
11821,5254,1.0000
11822,5254,1.0000
11823,5254,1.0000
11824,5254,.8636
11824,-999,.1364
11825,5254,.6000
11825,-999,.4000
11826,-999,.1818
11826,5254,.8182
11827,5254,1.0000
11828,5254,1.0000
11829,5254,1.0000
11830,5254,1.0000
11831,5254,1.0000
11832,5254,1.0000
11833,5254,1.0000
11834,5254,.7500
11834,-999,.2500
11835,-999,.3500
11835,5254,.6500
11836,5254,.6250
11836,-999,.3750
11837,5254,.7500
11837,-999,.2500
11838,-999,.3750
11838,5254,.6250
11839,-999,.6000
11839,5254,.4000
11840,-999,.3750
11840,5254,.6250
11841,-999,.2941
11841,5254,.7059
11842,-999,.3500
11842,5254,.6500
11843,-999,.7500
11843,5254,.2500
11844,-999,1.0000
11845,-999,1.0000
11846,-999,1.0000
11847,-999,1.0000
11848,-999,1.0000
11849,-999,1.0000
11850,-999,1.0000
11851,-999,1.0000
11852,-999,1.0000
11853,-999,1.0000
11854,-999,1.0000
11855,-999,1.0000
11856,-999,1.0000
11857,-999,1.0000
11858,-999,1.0000
11859,-999,1.0000
11860,-999,1.0000
11861,-999,1.0000
11862,-999,1.0000
11863,-999,1.0000
11864,-999,1.0000
11865,-999,1.0000
11866,-999,1.0000
11867,-999,1.0000
11868,-999,1.0000
11869,-999,1.0000
11870,-999,1.0000
11871,-999,1.0000
11872,-999,1.0000
11873,-999,1.0000
11874,-999,1.0000
11875,-999,1.0000
11876,-999,1.0000
11877,-999,1.0000
11878,-999,1.0000
11879,-999,1.0000
11880,-999,1.0000
11881,-999,1.0000
11882,-999,1.0000
11883,-999,1.0000
11884,-999,1.0000
11885,-999,1.0000
11886,-999,1.0000
11887,-999,1.0000
11888,-999,1.0000
11889,-999,1.0000
11890,-999,1.0000
11891,-999,1.0000
11892,-999,1.0000
11893,-999,1.0000
11894,-999,1.0000
11895,-999,1.0000
11896,-999,1.0000
11897,-999,1.0000
11898,-999,1.0000
11899,-999,1.0000
11900,-999,1.0000
11901,-999,1.0000
11902,-999,1.0000
11903,-999,1.0000
11904,-999,1.0000
11905,-999,1.0000
11906,-999,1.0000
11907,-999,1.0000
11908,-999,1.0000
11909,-999,1.0000
11910,-999,1.0000
11911,-999,1.0000
11912,-999,1.0000
11913,-999,1.0000
11914,-999,1.0000
11915,-999,1.0000
11916,-999,1.0000
11917,-999,1.0000
11918,-999,1.0000
11919,-999,1.0000
11920,-999,1.0000
11921,-999,1.0000
11922,-999,1.0000
11923,-999,1.0000
11924,-999,1.0000
11925,-999,1.0000
11926,-999,1.0000
11927,-999,1.0000
11928,-999,1.0000
11929,-999,1.0000
11930,-999,1.0000
11931,-999,1.0000
11932,-999,1.0000
11933,-999,1.0000
11934,-999,1.0000
11935,-999,1.0000
11936,-999,1.0000
11937,-999,1.0000
11938,-999,1.0000
11939,-999,1.0000
11940,-999,1.0000
11941,-999,1.0000
11942,-999,1.0000
11943,-999,1.0000
11944,-999,1.0000
11945,-999,1.0000
11946,-999,1.0000
11947,-999,1.0000
11948,-999,1.0000
11949,-999,1.0000
11950,-999,1.0000
11951,-999,1.0000
11952,-999,1.0000
11953,-999,1.0000
11954,-999,1.0000
11955,-999,1.0000
11956,-999,1.0000
11957,-999,1.0000
11958,-999,1.0000
11959,-999,1.0000
11960,-999,1.0000
11961,-999,1.0000
11962,-999,1.0000
11963,-999,1.0000
11964,-999,1.0000
11965,-999,1.0000
11966,-999,1.0000
11967,-999,1.0000
11968,-999,1.0000
11969,-999,1.0000
11970,-999,1.0000
11971,-999,1.0000
11972,-999,1.0000
11973,-999,1.0000
11974,-999,1.0000
11975,-999,1.0000
11976,-999,1.0000
11977,-999,1.0000
11978,-999,1.0000
11979,-999,1.0000
11980,-999,1.0000
11981,-999,1.0000
11982,-999,1.0000
11983,-999,1.0000
11984,-999,1.0000
11985,-999,1.0000
11986,-999,1.0000
11987,-999,1.0000
11988,-999,1.0000
11989,-999,1.0000
11990,-999,1.0000
11991,-999,1.0000
11992,-999,1.0000
11993,-999,1.0000
11994,-999,1.0000
11995,-999,1.0000
11996,-999,1.0000
11997,-999,1.0000
11998,-999,1.0000
11999,-999,1.0000
12000,-999,1.0000
12001,-999,1.0000
12002,-999,1.0000
12003,-999,1.0000
12004,-999,1.0000
12005,-999,1.0000
12006,-999,1.0000
12007,-999,1.0000
12008,-999,1.0000
12009,-999,1.0000
12010,-999,1.0000
12011,-999,1.0000
12012,-999,1.0000
12013,-999,1.0000
12014,-999,1.0000
12015,-999,1.0000
12016,-999,1.0000
12017,-999,1.0000
12018,-999,1.0000
12019,-999,1.0000
12020,-999,1.0000
12021,-999,1.0000
12022,-999,1.0000
12023,-999,1.0000
12024,-999,1.0000
12025,-999,1.0000
12026,-999,1.0000
12027,-999,1.0000
12028,-999,1.0000
12029,-999,1.0000
12030,-999,1.0000
12031,-999,1.0000
12032,-999,1.0000
12033,-999,1.0000
12034,-999,1.0000
12035,-999,1.0000
12036,-999,1.0000
12037,-999,1.0000
12038,-999,1.0000
12039,-999,1.0000
12040,-999,1.0000
12041,-999,1.0000
12042,-999,1.0000
12043,-999,1.0000
12044,-999,1.0000
12045,-999,1.0000
12046,-999,1.0000
12047,-999,1.0000
12048,-999,1.0000
12049,-999,1.0000
12050,-999,1.0000
12051,-999,1.0000
12052,-999,1.0000
12053,-999,1.0000
12054,-999,1.0000
12055,-999,1.0000
12056,-999,1.0000
12057,-999,1.0000
12058,-999,1.0000
12059,-999,1.0000
12060,-999,1.0000
12061,-999,1.0000
12062,-999,1.0000
12063,-999,1.0000
12064,-999,1.0000
12065,-999,1.0000
12066,-999,1.0000
12067,-999,1.0000
12068,-999,1.0000
12069,-999,1.0000
12070,-999,1.0000
12071,-999,1.0000
12072,-999,1.0000
12073,-999,1.0000
12074,-999,1.0000
12075,-999,1.0000
12076,-999,.8000
12076,5254,.2000
12077,5254,.9375
12077,-999,.0625
12078,5254,1.0000
12079,5254,1.0000
12080,5254,1.0000
12081,5254,1.0000
12082,5254,1.0000
12083,5254,1.0000
12084,5254,1.0000
12085,5254,1.0000
12086,5254,1.0000
12087,5254,1.0000
12088,5254,1.0000
12089,5254,1.0000
12090,5254,1.0000
12091,5254,1.0000
12092,5254,.5500
12092,-999,.4500
12093,-999,.0625
12093,5254,.9375
12094,5254,1.0000
12095,5254,1.0000
12096,5254,1.0000
12097,5254,1.0000
12098,5254,1.0000
12099,5254,1.0000
12100,5254,1.0000
12101,5254,1.0000
12102,5254,1.0000
12103,5254,.9500
12103,-999,.0500
12104,-999,.3750
12104,5254,.6250
12105,-999,.6000
12105,5254,.4000
12106,5254,.6875
12106,-999,.3125
12107,5254,1.0000
12108,5254,1.0000
12109,5254,1.0000
12110,5254,1.0000
12111,5254,.9500
12111,-999,.0500
12112,-999,.3600
12112,5254,.6400
12113,-999,.5500
12113,5254,.4500
12114,-999,.6522
12114,5254,.3478
12115,-999,1.0000
12116,-999,1.0000
12117,-999,1.0000
12118,-999,1.0000
12119,-999,1.0000
12120,-999,1.0000
12121,-999,1.0000
12122,-999,1.0000
12123,-999,1.0000
12124,-999,1.0000
12125,-999,1.0000
12126,-999,1.0000
12127,-999,1.0000
12128,-999,1.0000
12129,-999,1.0000
12130,-999,1.0000
12131,-999,1.0000
12132,-999,1.0000
12133,-999,1.0000
12134,-999,1.0000
12135,-999,1.0000
12136,-999,1.0000
12137,-999,1.0000
12138,-999,1.0000
12139,-999,1.0000
12140,-999,1.0000
12141,-999,1.0000
12142,-999,1.0000
12143,-999,1.0000
12144,-999,1.0000
12145,-999,1.0000
12146,-999,1.0000
12147,-999,1.0000
12148,-999,1.0000
12149,-999,1.0000
12150,-999,1.0000
12151,-999,1.0000
12152,-999,1.0000
12153,-999,1.0000
12154,-999,1.0000
12155,-999,1.0000
12156,-999,1.0000
12157,-999,1.0000
12158,-999,1.0000
12159,-999,1.0000
12160,-999,1.0000
12161,-999,1.0000
12162,-999,1.0000
12163,-999,1.0000
12164,-999,1.0000
12165,-999,1.0000
12166,-999,1.0000
12167,-999,1.0000
12168,-999,1.0000
12169,-999,1.0000
12170,-999,1.0000
12171,-999,1.0000
12172,-999,1.0000
12173,-999,1.0000
12174,-999,1.0000
12175,-999,1.0000
12176,-999,1.0000
12177,-999,1.0000
12178,-999,1.0000
12179,-999,1.0000
12180,-999,1.0000
12181,-999,1.0000
12182,-999,1.0000
12183,-999,1.0000
12184,-999,1.0000
12185,-999,1.0000
12186,-999,1.0000
12187,-999,1.0000
12188,-999,1.0000
12189,-999,1.0000
12190,-999,1.0000
12191,-999,1.0000
12192,-999,1.0000
12193,-999,1.0000
12194,-999,1.0000
12195,-999,1.0000
12196,-999,1.0000
12197,-999,1.0000
12198,-999,1.0000
12199,-999,1.0000
12200,-999,1.0000
12201,-999,1.0000
12202,-999,1.0000
12203,-999,1.0000
12204,-999,1.0000
12205,-999,1.0000
12206,-999,1.0000
12207,-999,1.0000
12208,-999,1.0000
12209,-999,1.0000
12210,-999,1.0000
12211,-999,1.0000
12212,-999,1.0000
12213,-999,1.0000
12214,-999,1.0000
12215,-999,1.0000
12216,-999,1.0000
12217,-999,1.0000
12218,-999,1.0000
12219,-999,1.0000
12220,-999,1.0000
12221,-999,1.0000
12222,-999,1.0000
12223,-999,1.0000
12224,-999,1.0000
12225,-999,1.0000
12226,-999,1.0000
12227,-999,1.0000
12228,-999,1.0000
12229,-999,1.0000
12230,-999,1.0000
12231,-999,1.0000
12232,-999,1.0000
12233,-999,1.0000
12234,-999,1.0000
12235,-999,1.0000
12236,-999,1.0000
12237,-999,1.0000
12238,-999,1.0000
12239,-999,1.0000
12240,-999,1.0000
12241,-999,1.0000
12242,-999,1.0000
12243,-999,1.0000
12244,-999,1.0000
12245,-999,1.0000
12246,-999,1.0000
12247,-999,1.0000
12248,-999,1.0000
12249,-999,1.0000
12250,-999,1.0000
12251,-999,1.0000
12252,-999,1.0000
12253,-999,1.0000
12254,-999,1.0000
12255,-999,1.0000
12256,-999,1.0000
12257,-999,1.0000
12258,-999,1.0000
12259,-999,1.0000
12260,-999,1.0000
12261,-999,1.0000
12262,-999,1.0000
12263,-999,1.0000
12264,-999,1.0000
12265,-999,1.0000
12266,-999,1.0000
12267,-999,1.0000
12268,-999,1.0000
12269,-999,1.0000
12270,-999,1.0000
12271,-999,1.0000
12272,-999,1.0000
12273,-999,1.0000
12274,-999,1.0000
12275,-999,1.0000
12276,-999,1.0000
12277,-999,1.0000
12278,-999,1.0000
12279,-999,1.0000
12280,-999,1.0000
12281,-999,1.0000
12282,-999,1.0000
12283,-999,1.0000
12284,-999,1.0000
12285,-999,1.0000
12286,-999,1.0000
12287,-999,1.0000
12288,-999,1.0000
12289,-999,1.0000
12290,-999,1.0000
12291,-999,1.0000
12292,-999,1.0000
12293,-999,1.0000
12294,-999,1.0000
12295,-999,1.0000
12296,-999,1.0000
12297,-999,1.0000
12298,-999,1.0000
12299,-999,1.0000
12300,-999,1.0000
12301,-999,1.0000
12302,-999,1.0000
12303,-999,1.0000
12304,-999,1.0000
12305,-999,1.0000
12306,-999,1.0000
12307,-999,1.0000
12308,-999,1.0000
12309,-999,1.0000
12310,-999,1.0000
12311,-999,1.0000
12312,-999,1.0000
12313,-999,1.0000
12314,-999,1.0000
12315,-999,1.0000
12316,-999,1.0000
12317,-999,1.0000
12318,-999,1.0000
12319,-999,1.0000
12320,-999,1.0000
12321,-999,1.0000
12322,-999,1.0000
12323,-999,1.0000
12324,-999,1.0000
12325,-999,1.0000
12326,-999,1.0000
12327,-999,1.0000
12328,-999,1.0000
12329,-999,1.0000
12330,-999,1.0000
12331,-999,1.0000
12332,-999,1.0000
12333,-999,1.0000
12334,-999,1.0000
12335,-999,1.0000
12336,-999,1.0000
12337,-999,1.0000
12338,-999,1.0000
12339,-999,1.0000
12340,-999,1.0000
12341,-999,1.0000
12342,-999,1.0000
12343,-999,1.0000
12344,-999,1.0000
12345,-999,.7500
12345,5254,.2500
12346,5254,.9000
12346,-999,.1000
12347,5254,1.0000
12348,5254,1.0000
12349,5254,1.0000
12350,5254,1.0000
12351,5254,1.0000
12352,5254,1.0000
12353,5254,1.0000
12354,5254,1.0000
12355,5254,1.0000
12356,5254,1.0000
12357,5254,1.0000
12358,5254,1.0000
12359,5254,1.0000
12360,5254,.6500
12360,-999,.3500
12361,5254,.8750
12361,-999,.1250
12362,5254,1.0000
12363,5254,1.0000
12364,5254,1.0000
12365,5254,1.0000
12366,5254,1.0000
12367,5254,1.0000
12368,5254,1.0000
12369,5254,1.0000
12370,5254,1.0000
12371,5254,1.0000
12372,5254,1.0000
12373,5254,.9600
12373,-999,.0400
12374,-999,.1500
12374,5254,.8500
12375,5254,1.0000
12376,5254,1.0000
12377,5254,1.0000
12378,5254,1.0000
12379,5254,1.0000
12380,5254,1.0000
12381,5254,.9375
12381,-999,.0625
12382,5254,.3500
12382,-999,.6500
12383,-999,.7500
12383,5254,.2500
12384,-999,1.0000
12385,-999,1.0000
12386,-999,1.0000
12387,-999,1.0000
12388,-999,1.0000
12389,-999,1.0000
12390,-999,1.0000
12391,-999,1.0000
12392,-999,1.0000
12393,-999,1.0000
12394,-999,1.0000
12395,-999,1.0000
12396,-999,1.0000
12397,-999,1.0000
12398,-999,1.0000
12399,-999,1.0000
12400,-999,1.0000
12401,-999,1.0000
12402,-999,1.0000
12403,-999,1.0000
12404,-999,1.0000
12405,-999,1.0000
12406,-999,1.0000
12407,-999,1.0000
12408,-999,1.0000
12409,-999,1.0000
12410,-999,1.0000
12411,-999,1.0000
12412,-999,1.0000
12413,-999,1.0000
12414,-999,1.0000
12415,-999,1.0000
12416,-999,1.0000
12417,-999,1.0000
12418,-999,1.0000
12419,-999,1.0000
12420,-999,1.0000
12421,-999,1.0000
12422,-999,1.0000
12423,-999,1.0000
12424,-999,1.0000
12425,-999,1.0000
12426,-999,1.0000
12427,-999,1.0000
12428,-999,1.0000
12429,-999,1.0000
12430,-999,1.0000
12431,-999,1.0000
12432,-999,1.0000
12433,-999,1.0000
12434,-999,1.0000
12435,-999,1.0000
12436,-999,1.0000
12437,-999,1.0000
12438,-999,1.0000
12439,-999,1.0000
12440,-999,1.0000
12441,-999,1.0000
12442,-999,1.0000
12443,-999,1.0000
12444,-999,1.0000
12445,-999,1.0000
12446,-999,1.0000
12447,-999,1.0000
12448,-999,1.0000
12449,-999,1.0000
12450,-999,1.0000
12451,-999,1.0000
12452,-999,1.0000
12453,-999,1.0000
12454,-999,1.0000
12455,-999,1.0000
12456,-999,1.0000
12457,-999,1.0000
12458,-999,1.0000
12459,-999,1.0000
12460,-999,1.0000
12461,-999,1.0000
12462,-999,1.0000
12463,-999,1.0000
12464,-999,1.0000
12465,-999,1.0000
12466,-999,1.0000
12467,-999,1.0000
12468,-999,1.0000
12469,-999,1.0000
12470,-999,1.0000
12471,-999,1.0000
12472,-999,1.0000
12473,-999,1.0000
12474,-999,1.0000
12475,-999,1.0000
12476,-999,1.0000
12477,-999,1.0000
12478,-999,1.0000
12479,-999,1.0000
12480,-999,1.0000
12481,-999,1.0000
12482,-999,1.0000
12483,-999,1.0000
12484,-999,1.0000
12485,-999,1.0000
12486,-999,1.0000
12487,-999,1.0000
12488,-999,1.0000
12489,-999,1.0000
12490,-999,1.0000
12491,-999,1.0000
12492,-999,1.0000
12493,-999,1.0000
12494,-999,1.0000
12495,-999,1.0000
12496,-999,1.0000
12497,-999,1.0000
12498,-999,1.0000
12499,-999,1.0000
12500,-999,1.0000
12501,-999,1.0000
12502,-999,1.0000
12503,-999,1.0000
12504,-999,1.0000
12505,-999,1.0000
12506,-999,1.0000
12507,-999,1.0000
12508,-999,1.0000
12509,-999,1.0000
12510,-999,1.0000
12511,-999,1.0000
12512,-999,1.0000
12513,-999,1.0000
12514,-999,1.0000
12515,-999,1.0000
12516,-999,1.0000
12517,-999,1.0000
12518,-999,1.0000
12519,-999,1.0000
12520,-999,1.0000
12521,-999,1.0000
12522,-999,1.0000
12523,-999,1.0000
12524,-999,1.0000
12525,-999,1.0000
12526,-999,1.0000
12527,-999,1.0000
12528,-999,1.0000
12529,-999,1.0000
12530,-999,1.0000
12531,-999,1.0000
12532,-999,1.0000
12533,-999,1.0000
12534,-999,1.0000
12535,-999,1.0000
12536,-999,1.0000
12537,-999,1.0000
12538,-999,1.0000
12539,-999,1.0000
12540,-999,1.0000
12541,-999,1.0000
12542,-999,1.0000
12543,-999,1.0000
12544,-999,1.0000
12545,-999,1.0000
12546,-999,1.0000
12547,-999,1.0000
12548,-999,1.0000
12549,-999,1.0000
12550,-999,1.0000
12551,-999,1.0000
12552,-999,1.0000
12553,-999,1.0000
12554,-999,1.0000
12555,-999,1.0000
12556,-999,1.0000
12557,-999,1.0000
12558,-999,1.0000
12559,-999,1.0000
12560,-999,1.0000
12561,-999,1.0000
12562,-999,1.0000
12563,-999,1.0000
12564,-999,1.0000
12565,-999,1.0000
12566,-999,1.0000
12567,-999,1.0000
12568,-999,1.0000
12569,-999,1.0000
12570,-999,1.0000
12571,-999,1.0000
12572,-999,1.0000
12573,-999,1.0000
12574,-999,1.0000
12575,-999,1.0000
12576,-999,1.0000
12577,-999,1.0000
12578,-999,1.0000
12579,-999,1.0000
12580,-999,1.0000
12581,-999,1.0000
12582,-999,1.0000
12583,-999,1.0000
12584,-999,1.0000
12585,-999,1.0000
12586,-999,1.0000
12587,-999,1.0000
12588,-999,1.0000
12589,-999,1.0000
12590,-999,1.0000
12591,-999,1.0000
12592,-999,1.0000
12593,-999,1.0000
12594,-999,1.0000
12595,-999,1.0000
12596,-999,1.0000
12597,-999,1.0000
12598,-999,1.0000
12599,-999,1.0000
12600,-999,1.0000
12601,-999,1.0000
12602,-999,1.0000
12603,-999,1.0000
12604,-999,1.0000
12605,-999,1.0000
12606,-999,1.0000
12607,-999,1.0000
12608,-999,1.0000
12609,-999,.9375
12609,5254,.0625
12610,-999,1.0000
12611,-999,1.0000
12612,-999,1.0000
12613,-999,.5625
12613,5254,.4375
12614,-999,.0476
12614,5254,.9524
12615,5254,1.0000
12616,5254,1.0000
12617,5254,1.0000
12618,5254,1.0000
12619,5254,1.0000
12620,5254,1.0000
12621,5254,1.0000
12622,5254,1.0000
12623,5254,1.0000
12624,5254,1.0000
12625,5254,1.0000
12626,5254,1.0000
12627,5254,1.0000
12628,5254,1.0000
12629,5254,1.0000
12630,5254,1.0000
12631,5254,1.0000
12632,5254,1.0000
12633,5254,1.0000
12634,5254,1.0000
12635,5254,1.0000
12636,5254,1.0000
12637,5254,1.0000
12638,5254,1.0000
12639,5254,1.0000
12640,5254,1.0000
12641,5254,1.0000
12642,5254,1.0000
12643,5254,1.0000
12644,5254,1.0000
12645,5254,1.0000
12646,5254,1.0000
12647,5254,1.0000
12648,5254,1.0000
12649,5254,1.0000
12650,5254,.2000
12650,-999,.8000
12651,-999,.8125
12651,5254,.1875
12652,-999,.8889
12652,5254,.1111
12653,-999,.9474
12653,5254,.0526
12654,-999,.5625
12654,5254,.4375
12655,-999,.3500
12655,5254,.6500
12656,-999,.5000
12656,5254,.5000
12657,-999,.9000
12657,5254,.1000
12658,-999,1.0000
12659,-999,1.0000
12660,-999,1.0000
12661,-999,1.0000
12662,-999,1.0000
12663,-999,1.0000
12664,-999,1.0000
12665,-999,1.0000
12666,-999,1.0000
12667,-999,1.0000
12668,-999,1.0000
12669,-999,1.0000
12670,-999,1.0000
12671,-999,1.0000
12672,-999,1.0000
12673,-999,1.0000
12674,-999,1.0000
12675,-999,1.0000
12676,-999,1.0000
12677,-999,1.0000
12678,-999,1.0000
12679,-999,1.0000
12680,-999,1.0000
12681,-999,1.0000
12682,-999,1.0000
12683,-999,1.0000
12684,-999,1.0000
12685,-999,1.0000
12686,-999,1.0000
12687,-999,1.0000
12688,-999,1.0000
12689,-999,1.0000
12690,-999,1.0000
12691,-999,1.0000
12692,-999,1.0000
12693,-999,1.0000
12694,-999,1.0000
12695,-999,1.0000
12696,-999,1.0000
12697,-999,1.0000
12698,-999,1.0000
12699,-999,1.0000
12700,-999,1.0000
12701,-999,1.0000
12702,-999,1.0000
12703,-999,1.0000
12704,-999,1.0000
12705,-999,1.0000
12706,-999,1.0000
12707,-999,1.0000
12708,-999,1.0000
12709,-999,1.0000
12710,-999,1.0000
12711,-999,1.0000
12712,-999,1.0000
12713,-999,1.0000
12714,-999,1.0000
12715,-999,1.0000
12716,-999,1.0000
12717,-999,1.0000
12718,-999,1.0000
12719,-999,1.0000
12720,-999,1.0000
12721,-999,1.0000
12722,-999,1.0000
12723,-999,1.0000
12724,-999,1.0000
12725,-999,1.0000
12726,-999,1.0000
12727,-999,1.0000
12728,-999,1.0000
12729,-999,1.0000
12730,-999,1.0000
12731,-999,1.0000
12732,-999,1.0000
12733,-999,1.0000
12734,-999,1.0000
12735,-999,1.0000
12736,-999,1.0000
12737,-999,1.0000
12738,-999,1.0000
12739,-999,1.0000
12740,-999,1.0000
12741,-999,1.0000
12742,-999,1.0000
12743,-999,1.0000
12744,-999,1.0000
12745,-999,1.0000
12746,-999,1.0000
12747,-999,1.0000
12748,-999,1.0000
12749,-999,1.0000
12750,-999,1.0000
12751,-999,1.0000
12752,-999,1.0000
12753,-999,1.0000
12754,-999,1.0000
12755,-999,1.0000
12756,-999,1.0000
12757,-999,1.0000
12758,-999,1.0000
12759,-999,1.0000
12760,-999,1.0000
12761,-999,1.0000
12762,-999,1.0000
12763,-999,1.0000
12764,-999,1.0000
12765,-999,1.0000
12766,-999,1.0000
12767,-999,1.0000
12768,-999,1.0000
12769,-999,1.0000
12770,-999,1.0000
12771,-999,1.0000
12772,-999,1.0000
12773,-999,1.0000
12774,-999,1.0000
12775,-999,1.0000
12776,-999,1.0000
12777,-999,1.0000
12778,-999,1.0000
12779,-999,1.0000
12780,-999,1.0000
12781,-999,1.0000
12782,-999,1.0000
12783,-999,1.0000
12784,-999,1.0000
12785,-999,1.0000
12786,-999,1.0000
12787,-999,1.0000
12788,-999,1.0000
12789,-999,1.0000
12790,-999,1.0000
12791,-999,1.0000
12792,-999,1.0000
12793,-999,1.0000
12794,-999,1.0000
12795,-999,1.0000
12796,-999,1.0000
12797,-999,1.0000
12798,-999,1.0000
12799,-999,1.0000
12800,-999,1.0000
12801,-999,1.0000
12802,-999,1.0000
12803,-999,1.0000
12804,-999,1.0000
12805,-999,1.0000
12806,-999,1.0000
12807,-999,1.0000
12808,-999,1.0000
12809,-999,1.0000
12810,-999,1.0000
12811,-999,1.0000
12812,-999,1.0000
12813,-999,1.0000
12814,-999,1.0000
12815,-999,1.0000
12816,-999,1.0000
12817,-999,1.0000
12818,-999,1.0000
12819,-999,1.0000
12820,-999,1.0000
12821,-999,1.0000
12822,-999,1.0000
12823,-999,1.0000
12824,-999,1.0000
12825,-999,1.0000
12826,-999,1.0000
12827,-999,1.0000
12828,-999,1.0000
12829,-999,1.0000
12830,-999,1.0000
12831,-999,1.0000
12832,-999,1.0000
12833,-999,1.0000
12834,-999,1.0000
12835,-999,1.0000
12836,-999,1.0000
12837,-999,1.0000
12838,-999,1.0000
12839,-999,1.0000
12840,-999,1.0000
12841,-999,1.0000
12842,-999,1.0000
12843,-999,1.0000
12844,-999,1.0000
12845,-999,1.0000
12846,-999,1.0000
12847,-999,1.0000
12848,-999,1.0000
12849,-999,1.0000
12850,-999,1.0000
12851,-999,1.0000
12852,-999,1.0000
12853,-999,1.0000
12854,-999,1.0000
12855,-999,1.0000
12856,-999,1.0000
12857,-999,1.0000
12858,-999,1.0000
12859,-999,1.0000
12860,-999,1.0000
12861,-999,1.0000
12862,-999,1.0000
12863,-999,1.0000
12864,-999,1.0000
12865,-999,.4091
12865,5254,.5909
12866,-999,.4500
12866,5254,.5500
12867,-999,.8000
12867,5254,.2000
12868,-999,1.0000
12869,-999,1.0000
12870,-999,1.0000
12871,-999,1.0000
12872,-999,.9375
12872,5254,.0625
12873,-999,.6111
12873,5254,.3889
12874,-999,.2632
12874,5254,.7368
12875,-999,.6250
12875,5254,.3750
12876,-999,1.0000
12877,-999,.4375
12877,5254,.5625
12878,-999,.6000
12878,5254,.4000
12879,-999,.3333
12879,5254,.6667
12880,-999,.2400
12880,5254,.7600
12881,-999,.2500
12881,5254,.7500
12882,5254,1.0000
12883,5254,1.0000
12884,5254,1.0000
12885,5254,1.0000
12886,5254,1.0000
12887,5254,1.0000
12888,5254,1.0000
12889,5254,1.0000
12890,5254,1.0000
12891,5254,1.0000
12892,5254,1.0000
12893,5254,1.0000
12894,5254,1.0000
12895,5254,1.0000
12896,5254,1.0000
12897,5254,1.0000
12898,5254,1.0000
12899,5254,1.0000
12900,5254,1.0000
12901,5254,1.0000
12902,5254,1.0000
12903,5254,1.0000
12904,5254,1.0000
12905,5254,1.0000
12906,5254,1.0000
12907,5254,1.0000
12908,5254,1.0000
12909,5254,1.0000
12910,5254,1.0000
12911,5254,1.0000
12912,5254,1.0000
12913,5254,1.0000
12914,5254,1.0000
12915,5254,1.0000
12916,5254,1.0000
12917,5254,1.0000
12918,5254,.3500
12918,-999,.6500
12919,-999,1.0000
12920,-999,1.0000
12921,-999,.5500
12921,5254,.4500
12922,-999,.3750
12922,5254,.6250
12923,-999,.1000
12923,5254,.9000
12924,5254,.7059
12924,-999,.2941
12925,5254,.3600
12925,-999,.6400
12926,-999,.8000
12926,5254,.2000
12927,-999,.6400
12927,5254,.3600
12928,-999,.4000
12928,5254,.6000
12929,-999,.5000
12929,5254,.5000
12930,-999,.7083
12930,5254,.2917
12931,-999,.9500
12931,5254,.0500
12932,-999,1.0000
12933,-999,1.0000
12934,-999,.9200
12934,5254,.0800
12935,-999,.7500
12935,5254,.2500
12936,-999,.8500
12936,5254,.1500
12937,-999,.8125
12937,5254,.1875
12938,-999,.9000
12938,5254,.1000
12939,-999,1.0000
12940,-999,1.0000
12941,-999,1.0000
12942,-999,1.0000
12943,-999,1.0000
12944,-999,1.0000
12945,-999,1.0000
12946,-999,1.0000
12947,-999,1.0000
12948,-999,1.0000
12949,-999,1.0000
12950,-999,1.0000
12951,-999,1.0000
12952,-999,1.0000
12953,-999,1.0000
12954,-999,1.0000
12955,-999,1.0000
12956,-999,1.0000
12957,-999,1.0000
12958,-999,1.0000
12959,-999,1.0000
12960,-999,1.0000
12961,-999,1.0000
12962,-999,1.0000
12963,-999,1.0000
12964,-999,1.0000
12965,-999,1.0000
12966,-999,1.0000
12967,-999,1.0000
12968,-999,1.0000
12969,-999,1.0000
12970,-999,1.0000
12971,-999,1.0000
12972,-999,1.0000
12973,-999,1.0000
12974,-999,1.0000
12975,-999,1.0000
12976,-999,1.0000
12977,-999,1.0000
12978,-999,1.0000
12979,-999,1.0000
12980,-999,1.0000
12981,-999,1.0000
12982,-999,1.0000
12983,-999,1.0000
12984,-999,1.0000
12985,-999,1.0000
12986,-999,1.0000
12987,-999,1.0000
12988,-999,1.0000
12989,-999,1.0000
12990,-999,1.0000
12991,-999,1.0000
12992,-999,1.0000
12993,-999,1.0000
12994,-999,1.0000
12995,-999,1.0000
12996,-999,1.0000
12997,-999,1.0000
12998,-999,1.0000
12999,-999,1.0000
13000,-999,1.0000
13001,-999,1.0000
13002,-999,1.0000
13003,-999,1.0000
13004,-999,1.0000
13005,-999,1.0000
13006,-999,1.0000
13007,-999,1.0000
13008,-999,1.0000
13009,-999,1.0000
13010,-999,1.0000
13011,-999,1.0000
13012,-999,1.0000
13013,-999,1.0000
13014,-999,1.0000
13015,-999,1.0000
13016,-999,1.0000
13017,-999,1.0000
13018,-999,1.0000
13019,-999,1.0000
13020,-999,1.0000
13021,-999,1.0000
13022,-999,1.0000
13023,-999,1.0000
13024,-999,1.0000
13025,-999,1.0000
13026,-999,1.0000
13027,-999,1.0000
13028,-999,1.0000
13029,-999,1.0000
13030,-999,1.0000
13031,-999,1.0000
13032,-999,1.0000
13033,-999,1.0000
13034,-999,1.0000
13035,-999,1.0000
13036,-999,1.0000
13037,-999,1.0000
13038,-999,1.0000
13039,-999,1.0000
13040,-999,1.0000
13041,-999,1.0000
13042,-999,1.0000
13043,-999,1.0000
13044,-999,1.0000
13045,-999,1.0000
13046,-999,1.0000
13047,-999,1.0000
13048,-999,1.0000
13049,-999,1.0000
13050,-999,1.0000
13051,-999,1.0000
13052,-999,1.0000
13053,-999,1.0000
13054,-999,1.0000
13055,-999,1.0000
13056,-999,1.0000
13057,-999,1.0000
13058,-999,1.0000
13059,-999,1.0000
13060,-999,1.0000
13061,-999,1.0000
13062,-999,1.0000
13063,-999,1.0000
13064,-999,1.0000
13065,-999,1.0000
13066,-999,1.0000
13067,-999,1.0000
13068,-999,1.0000
13069,-999,1.0000
13070,-999,1.0000
13071,-999,1.0000
13072,-999,1.0000
13073,-999,1.0000
13074,-999,1.0000
13075,-999,1.0000
13076,-999,1.0000
13077,-999,1.0000
13078,-999,1.0000
13079,-999,1.0000
13080,-999,1.0000
13081,-999,1.0000
13082,-999,1.0000
13083,-999,1.0000
13084,-999,1.0000
13085,-999,1.0000
13086,-999,1.0000
13087,-999,1.0000
13088,-999,1.0000
13089,-999,1.0000
13090,-999,1.0000
13091,-999,1.0000
13092,-999,1.0000
13093,-999,1.0000
13094,-999,1.0000
13095,-999,1.0000
13096,-999,1.0000
13097,-999,1.0000
13098,-999,1.0000
13099,-999,1.0000
13100,-999,1.0000
13101,-999,1.0000
13102,-999,1.0000
13103,-999,1.0000
13104,-999,1.0000
13105,-999,1.0000
13106,-999,1.0000
13107,-999,1.0000
13108,-999,1.0000
13109,-999,1.0000
13110,-999,1.0000
13111,-999,1.0000
13112,-999,1.0000
13113,-999,1.0000
13114,-999,1.0000
13115,-999,1.0000
13116,-999,1.0000
13117,-999,1.0000
13118,-999,1.0000
13119,-999,1.0000
13120,-999,1.0000
13121,-999,1.0000
13122,-999,1.0000
13123,-999,1.0000
13124,-999,1.0000
13125,-999,1.0000
13126,-999,1.0000
13127,-999,1.0000
13128,-999,1.0000
13129,-999,1.0000
13130,-999,1.0000
13131,-999,1.0000
13132,-999,1.0000
13133,5254,.9565
13133,-999,.0435
13134,5254,1.0000
13135,5254,.8500
13135,-999,.1500
13136,-999,.8125
13136,5254,.1875
13137,-999,1.0000
13138,-999,1.0000
13139,-999,.9474
13139,5254,.0526
13140,-999,.3333
13140,5254,.6667
13141,5254,1.0000
13142,5254,1.0000
13143,5254,.5000
13143,-999,.5000
13144,-999,.8261
13144,5254,.1739
13145,-999,.0500
13145,5254,.9500
13146,5254,.9600
13146,-999,.0400
13147,5254,1.0000
13148,5254,1.0000
13149,5254,1.0000
13150,5254,1.0000
13151,5254,1.0000
13152,5254,1.0000
13153,5254,1.0000
13154,5254,1.0000
13155,5254,1.0000
13156,5254,1.0000
13157,5254,1.0000
13158,5254,1.0000
13159,5254,1.0000
13160,5254,1.0000
13161,5254,1.0000
13162,5254,1.0000
13163,5254,1.0000
13164,5254,1.0000
13165,5254,1.0000
13166,5254,1.0000
13167,5254,1.0000
13168,5254,1.0000
13169,5254,1.0000
13170,5254,1.0000
13171,5254,1.0000
13172,5254,1.0000
13173,5254,1.0000
13174,5254,1.0000
13175,5254,1.0000
13176,5254,1.0000
13177,5254,1.0000
13178,5254,1.0000
13179,5254,1.0000
13180,5254,1.0000
13181,5254,1.0000
13182,5254,1.0000
13183,5254,1.0000
13184,5254,1.0000
13185,5254,1.0000
13186,5254,.8800
13186,-999,.1200
13187,-999,.4000
13187,5254,.6000
13188,-999,.3000
13188,5254,.7000
13189,-999,.0800
13189,5254,.9200
13190,5254,1.0000
13191,5254,1.0000
13192,5254,.8500
13192,-999,.1500
13193,5254,.8000
13193,-999,.2000
13194,5254,.8750
13194,-999,.1250
13195,5254,1.0000
13196,5254,1.0000
13197,5254,1.0000
13198,5254,.9000
13198,-999,.1000
13199,5254,.4375
13199,-999,.5625
13200,-999,.6000
13200,5254,.4000
13201,-999,.6250
13201,5254,.3750
13202,-999,.7000
13202,5254,.3000
13203,5254,1.0000
13204,5254,.8500
13204,-999,.1500
13205,-999,.0625
13205,5254,.9375
13206,5254,.7778
13206,-999,.2222
13207,-999,.7222
13207,5254,.2778
13208,-999,.3750
13208,5254,.6250
13209,-999,.7000
13209,5254,.3000
13210,-999,1.0000
13211,-999,1.0000
13212,-999,1.0000
13213,-999,1.0000
13214,-999,1.0000
13215,-999,1.0000
13216,-999,1.0000
13217,-999,1.0000
13218,-999,1.0000
13219,-999,1.0000
13220,-999,1.0000
13221,-999,1.0000
13222,-999,1.0000
13223,-999,1.0000
13224,-999,1.0000
13225,-999,1.0000
13226,-999,1.0000
13227,-999,1.0000
13228,-999,1.0000
13229,-999,1.0000
13230,-999,1.0000
13231,-999,1.0000
13232,-999,1.0000
13233,-999,1.0000
13234,-999,1.0000
13235,-999,1.0000
13236,-999,1.0000
13237,-999,1.0000
13238,-999,1.0000
13239,-999,1.0000
13240,-999,1.0000
13241,-999,1.0000
13242,-999,1.0000
13243,-999,1.0000
13244,-999,1.0000
13245,-999,1.0000
13246,-999,1.0000
13247,-999,1.0000
13248,-999,1.0000
13249,-999,1.0000
13250,-999,1.0000
13251,-999,1.0000
13252,-999,1.0000
13253,-999,1.0000
13254,-999,1.0000
13255,-999,1.0000
13256,-999,1.0000
13257,-999,1.0000
13258,-999,1.0000
13259,-999,1.0000
13260,-999,1.0000
13261,-999,1.0000
13262,-999,1.0000
13263,-999,1.0000
13264,-999,1.0000
13265,-999,1.0000
13266,-999,1.0000
13267,-999,1.0000
13268,-999,1.0000
13269,-999,1.0000
13270,-999,1.0000
13271,-999,1.0000
13272,-999,1.0000
13273,-999,1.0000
13274,-999,1.0000
13275,-999,1.0000
13276,-999,1.0000
13277,-999,1.0000
13278,-999,1.0000
13279,-999,1.0000
13280,-999,1.0000
13281,-999,1.0000
13282,-999,1.0000
13283,-999,1.0000
13284,-999,1.0000
13285,-999,1.0000
13286,-999,1.0000
13287,-999,1.0000
13288,-999,1.0000
13289,-999,1.0000
13290,-999,1.0000
13291,-999,1.0000
13292,-999,1.0000
13293,-999,1.0000
13294,-999,1.0000
13295,-999,1.0000
13296,-999,1.0000
13297,-999,1.0000
13298,-999,1.0000
13299,-999,1.0000
13300,-999,1.0000
13301,-999,1.0000
13302,-999,1.0000
13303,-999,1.0000
13304,-999,1.0000
13305,-999,1.0000
13306,-999,1.0000
13307,-999,1.0000
13308,-999,1.0000
13309,-999,1.0000
13310,-999,1.0000
13311,-999,1.0000
13312,-999,1.0000
13313,-999,1.0000
13314,-999,1.0000
13315,-999,1.0000
13316,-999,1.0000
13317,-999,1.0000
13318,-999,1.0000
13319,-999,1.0000
13320,-999,1.0000
13321,-999,1.0000
13322,-999,1.0000
13323,-999,1.0000
13324,-999,1.0000
13325,-999,1.0000
13326,-999,1.0000
13327,-999,1.0000
13328,-999,1.0000
13329,-999,1.0000
13330,-999,1.0000
13331,-999,1.0000
13332,-999,1.0000
13333,-999,1.0000
13334,-999,1.0000
13335,-999,1.0000
13336,-999,1.0000
13337,-999,1.0000
13338,-999,1.0000
13339,-999,1.0000
13340,-999,1.0000
13341,-999,1.0000
13342,-999,1.0000
13343,-999,1.0000
13344,-999,1.0000
13345,-999,1.0000
13346,-999,1.0000
13347,-999,1.0000
13348,-999,1.0000
13349,-999,1.0000
13350,-999,1.0000
13351,-999,1.0000
13352,-999,1.0000
13353,-999,1.0000
13354,-999,1.0000
13355,-999,1.0000
13356,-999,1.0000
13357,-999,1.0000
13358,-999,1.0000
13359,-999,1.0000
13360,-999,1.0000
13361,-999,1.0000
13362,-999,1.0000
13363,-999,1.0000
13364,-999,1.0000
13365,-999,1.0000
13366,-999,1.0000
13367,-999,1.0000
13368,-999,1.0000
13369,-999,1.0000
13370,-999,1.0000
13371,-999,1.0000
13372,-999,1.0000
13373,-999,1.0000
13374,-999,1.0000
13375,-999,1.0000
13376,-999,1.0000
13377,-999,1.0000
13378,-999,1.0000
13379,-999,1.0000
13380,-999,1.0000
13381,-999,1.0000
13382,-999,1.0000
13383,-999,1.0000
13384,-999,1.0000
13385,-999,1.0000
13386,-999,1.0000
13387,-999,1.0000
13388,-999,1.0000
13389,-999,1.0000
13390,-999,1.0000
13391,-999,1.0000
13392,-999,1.0000
13393,-999,1.0000
13394,-999,1.0000
13395,-999,1.0000
13396,-999,1.0000
13397,-999,1.0000
13398,-999,1.0000
13399,-999,1.0000
13400,-999,1.0000
13401,5254,1.0000
13402,5254,1.0000
13403,5254,1.0000
13404,5254,.5000
13404,-999,.5000
13405,-999,1.0000
13406,-999,1.0000
13407,-999,1.0000
13408,-999,.3500
13408,5254,.6500
13409,5254,1.0000
13410,5254,.9600
13410,-999,.0400
13411,5254,.2000
13411,-999,.8000
13412,-999,.6522
13412,5254,.3478
13413,5254,1.0000
13414,5254,1.0000
13415,5254,1.0000
13416,5254,1.0000
13417,5254,1.0000
13418,5254,1.0000
13419,5254,1.0000
13420,5254,1.0000
13421,5254,1.0000
13422,5254,1.0000
13423,5254,1.0000
13424,5254,1.0000
13425,5254,1.0000
13426,5254,1.0000
13427,5254,1.0000
13428,5254,1.0000
13429,5254,1.0000
13430,5254,1.0000
13431,5254,1.0000
13432,5254,1.0000
13433,5254,1.0000
13434,5254,1.0000
13435,5254,1.0000
13436,5254,1.0000
13437,5254,1.0000
13438,5254,1.0000
13439,5254,1.0000
13440,5254,1.0000
13441,5254,1.0000
13442,5254,1.0000
13443,5254,1.0000
13444,5254,1.0000
13445,5254,1.0000
13446,5254,1.0000
13447,5254,1.0000
13448,5254,1.0000
13449,5254,1.0000
13450,5254,1.0000
13451,5254,1.0000
13452,5254,1.0000
13453,5254,1.0000
13454,5254,1.0000
13455,5254,1.0000
13456,5254,1.0000
13457,5254,1.0000
13458,5254,1.0000
13459,5254,1.0000
13460,5254,1.0000
13461,5254,1.0000
13462,5254,1.0000
13463,5254,1.0000
13464,5254,1.0000
13465,5254,1.0000
13466,5254,1.0000
13467,5254,1.0000
13468,5254,.8500
13468,-999,.1500
13469,5254,.1875
13469,-999,.8125
13470,-999,.3500
13470,5254,.6500
13471,5254,1.0000
13472,5254,1.0000
13473,5254,1.0000
13474,5254,1.0000
13475,5254,.7500
13475,-999,.2500
13476,5254,1.0000
13477,5254,.7000
13477,-999,.3000
13478,-999,1.0000
13479,-999,1.0000
13480,-999,1.0000
13481,-999,1.0000
13482,-999,.9375
13482,5254,.0625
13483,-999,.6500
13483,5254,.3500
13484,-999,.8750
13484,5254,.1250
13485,-999,1.0000
13486,-999,1.0000
13487,-999,1.0000
13488,-999,1.0000
13489,-999,1.0000
13490,-999,1.0000
13491,-999,1.0000
13492,-999,1.0000
13493,-999,1.0000
13494,-999,1.0000
13495,-999,1.0000
13496,-999,1.0000
13497,-999,1.0000
13498,-999,1.0000
13499,-999,1.0000
13500,-999,1.0000
13501,-999,1.0000
13502,-999,1.0000
13503,-999,1.0000
13504,-999,1.0000
13505,-999,1.0000
13506,-999,1.0000
13507,-999,1.0000
13508,-999,1.0000
13509,-999,1.0000
13510,-999,1.0000
13511,-999,1.0000
13512,-999,1.0000
13513,-999,1.0000
13514,-999,1.0000
13515,-999,1.0000
13516,-999,1.0000
13517,-999,1.0000
13518,-999,1.0000
13519,-999,1.0000
13520,-999,1.0000
13521,-999,1.0000
13522,-999,1.0000
13523,-999,1.0000
13524,-999,1.0000
13525,-999,1.0000
13526,-999,1.0000
13527,-999,1.0000
13528,-999,1.0000
13529,-999,1.0000
13530,-999,1.0000
13531,-999,1.0000
13532,-999,1.0000
13533,-999,1.0000
13534,-999,1.0000
13535,-999,1.0000
13536,-999,1.0000
13537,-999,1.0000
13538,-999,1.0000
13539,-999,1.0000
13540,-999,1.0000
13541,-999,1.0000
13542,-999,1.0000
13543,-999,1.0000
13544,-999,1.0000
13545,-999,1.0000
13546,-999,1.0000
13547,-999,1.0000
13548,-999,1.0000
13549,-999,1.0000
13550,-999,1.0000
13551,-999,1.0000
13552,-999,1.0000
13553,-999,1.0000
13554,-999,1.0000
13555,-999,1.0000
13556,-999,1.0000
13557,-999,1.0000
13558,-999,1.0000
13559,-999,1.0000
13560,-999,1.0000
13561,-999,1.0000
13562,-999,1.0000
13563,-999,1.0000
13564,-999,1.0000
13565,-999,1.0000
13566,-999,1.0000
13567,-999,1.0000
13568,-999,1.0000
13569,-999,1.0000
13570,-999,1.0000
13571,-999,1.0000
13572,-999,1.0000
13573,-999,1.0000
13574,-999,1.0000
13575,-999,1.0000
13576,-999,1.0000
13577,-999,1.0000
13578,-999,1.0000
13579,-999,1.0000
13580,-999,1.0000
13581,-999,1.0000
13582,-999,1.0000
13583,-999,1.0000
13584,-999,1.0000
13585,-999,1.0000
13586,-999,1.0000
13587,-999,1.0000
13588,-999,1.0000
13589,-999,1.0000
13590,-999,1.0000
13591,-999,1.0000
13592,-999,1.0000
13593,-999,1.0000
13594,-999,1.0000
13595,-999,1.0000
13596,-999,1.0000
13597,-999,1.0000
13598,-999,1.0000
13599,-999,1.0000
13600,-999,1.0000
13601,-999,1.0000
13602,-999,1.0000
13603,-999,1.0000
13604,-999,1.0000
13605,-999,1.0000
13606,-999,1.0000
13607,-999,1.0000
13608,-999,1.0000
13609,-999,1.0000
13610,-999,1.0000
13611,-999,1.0000
13612,-999,1.0000
13613,-999,1.0000
13614,-999,1.0000
13615,-999,1.0000
13616,-999,1.0000
13617,-999,1.0000
13618,-999,1.0000
13619,-999,1.0000
13620,-999,1.0000
13621,-999,1.0000
13622,-999,1.0000
13623,-999,1.0000
13624,-999,1.0000
13625,-999,1.0000
13626,-999,1.0000
13627,-999,1.0000
13628,-999,1.0000
13629,-999,1.0000
13630,-999,1.0000
13631,-999,1.0000
13632,-999,1.0000
13633,-999,1.0000
13634,-999,1.0000
13635,-999,1.0000
13636,-999,1.0000
13637,-999,1.0000
13638,-999,1.0000
13639,-999,1.0000
13640,-999,1.0000
13641,-999,1.0000
13642,-999,1.0000
13643,-999,1.0000
13644,-999,1.0000
13645,-999,1.0000
13646,-999,1.0000
13647,-999,1.0000
13648,-999,1.0000
13649,-999,1.0000
13650,-999,1.0000
13651,-999,1.0000
13652,-999,1.0000
13653,-999,1.0000
13654,-999,1.0000
13655,-999,1.0000
13656,-999,1.0000
13657,-999,1.0000
13658,-999,1.0000
13659,-999,1.0000
13660,-999,1.0000
13661,-999,1.0000
13662,-999,1.0000
13663,-999,1.0000
13664,-999,1.0000
13665,-999,1.0000
13666,-999,1.0000
13667,-999,1.0000
13668,-999,1.0000
13669,5254,1.0000
13670,5254,1.0000
13671,5254,1.0000
13672,5254,.6250
13672,-999,.3750
13673,-999,.9412
13673,5254,.0588
13674,-999,.8182
13674,5254,.1818
13675,-999,.9000
13675,5254,.1000
13676,-999,.4400
13676,5254,.5600
13677,5254,1.0000
13678,5254,.8000
13678,-999,.2000
13679,-999,.8750
13679,5254,.1250
13680,-999,.1000
13680,5254,.9000
13681,5254,1.0000
13682,5254,1.0000
13683,5254,1.0000
13684,5254,1.0000
13685,5254,1.0000
13686,5254,1.0000
13687,5254,1.0000
13688,5254,1.0000
13689,5254,1.0000
13690,5254,1.0000
13691,5254,1.0000
13692,5254,1.0000
13693,5254,1.0000
13694,5254,1.0000
13695,5254,1.0000
13696,5254,1.0000
13697,5254,1.0000
13698,5254,1.0000
13699,5254,1.0000
13700,5254,1.0000
13701,5254,1.0000
13702,5254,1.0000
13703,5254,1.0000
13704,5254,1.0000
13705,5254,1.0000
13706,5254,1.0000
13707,5254,1.0000
13708,5254,1.0000
13709,5254,1.0000
13710,5254,1.0000
13711,5254,1.0000
13712,5254,1.0000
13713,5254,1.0000
13714,5254,1.0000
13715,5254,1.0000
13716,5254,1.0000
13717,5254,1.0000
13718,5254,1.0000
13719,5254,1.0000
13720,5254,1.0000
13721,5254,1.0000
13722,5254,1.0000
13723,5254,1.0000
13724,5254,1.0000
13725,5254,1.0000
13726,5254,1.0000
13727,5254,1.0000
13728,5254,1.0000
13729,5254,1.0000
13730,5254,1.0000
13731,5254,1.0000
13732,5254,1.0000
13733,5254,1.0000
13734,5254,1.0000
13735,5254,1.0000
13736,5254,.9000
13736,-999,.1000
13737,-999,.5000
13737,5254,.5000
13738,-999,.1000
13738,5254,.9000
13739,5254,1.0000
13740,5254,1.0000
13741,5254,1.0000
13742,5254,1.0000
13743,5254,.9500
13743,-999,.0500
13744,5254,1.0000
13745,5254,.9500
13745,-999,.0500
13746,-999,.7500
13746,5254,.2500
13747,-999,1.0000
13748,-999,1.0000
13749,-999,1.0000
13750,-999,1.0000
13751,-999,.4000
13751,5254,.6000
13752,5254,.8750
13752,-999,.1250
13753,-999,.5000
13753,5254,.5000
13754,-999,.9000
13754,5254,.1000
13755,-999,1.0000
13756,-999,1.0000
13757,-999,1.0000
13758,-999,1.0000
13759,-999,1.0000
13760,-999,1.0000
13761,-999,1.0000
13762,-999,1.0000
13763,-999,1.0000
13764,-999,1.0000
13765,-999,1.0000
13766,-999,1.0000
13767,-999,1.0000
13768,-999,1.0000
13769,-999,1.0000
13770,-999,1.0000
13771,-999,1.0000
13772,-999,1.0000
13773,-999,1.0000
13774,-999,1.0000
13775,-999,1.0000
13776,-999,1.0000
13777,-999,1.0000
13778,-999,1.0000
13779,-999,1.0000
13780,-999,1.0000
13781,-999,1.0000
13782,-999,1.0000
13783,-999,.7500
13783,5254,.2500
13784,-999,.2500
13784,5254,.7500
13785,-999,.8000
13785,5254,.2000
13786,-999,1.0000
13787,-999,1.0000
13788,-999,1.0000
13789,-999,1.0000
13790,-999,1.0000
13791,-999,1.0000
13792,-999,1.0000
13793,-999,1.0000
13794,-999,1.0000
13795,-999,1.0000
13796,-999,1.0000
13797,-999,1.0000
13798,-999,1.0000
13799,-999,1.0000
13800,-999,1.0000
13801,-999,1.0000
13802,-999,1.0000
13803,-999,1.0000
13804,-999,1.0000
13805,-999,1.0000
13806,-999,1.0000
13807,-999,1.0000
13808,-999,1.0000
13809,-999,1.0000
13810,-999,1.0000
13811,-999,1.0000
13812,-999,1.0000
13813,-999,1.0000
13814,-999,1.0000
13815,-999,1.0000
13816,-999,1.0000
13817,-999,1.0000
13818,-999,1.0000
13819,-999,1.0000
13820,-999,1.0000
13821,-999,1.0000
13822,-999,1.0000
13823,-999,1.0000
13824,-999,1.0000
13825,-999,1.0000
13826,-999,1.0000
13827,-999,1.0000
13828,-999,1.0000
13829,-999,1.0000
13830,-999,1.0000
13831,-999,1.0000
13832,-999,1.0000
13833,-999,1.0000
13834,-999,1.0000
13835,-999,1.0000
13836,-999,1.0000
13837,-999,1.0000
13838,-999,1.0000
13839,-999,1.0000
13840,-999,1.0000
13841,-999,1.0000
13842,-999,1.0000
13843,-999,1.0000
13844,-999,1.0000
13845,-999,1.0000
13846,-999,1.0000
13847,-999,1.0000
13848,-999,1.0000
13849,-999,1.0000
13850,-999,1.0000
13851,-999,1.0000
13852,-999,1.0000
13853,-999,1.0000
13854,-999,1.0000
13855,-999,1.0000
13856,-999,1.0000
13857,-999,1.0000
13858,-999,1.0000
13859,-999,1.0000
13860,-999,1.0000
13861,-999,1.0000
13862,-999,1.0000
13863,-999,1.0000
13864,-999,1.0000
13865,-999,1.0000
13866,-999,1.0000
13867,-999,1.0000
13868,-999,1.0000
13869,-999,1.0000
13870,-999,1.0000
13871,-999,1.0000
13872,-999,1.0000
13873,-999,1.0000
13874,-999,1.0000
13875,-999,1.0000
13876,-999,1.0000
13877,-999,1.0000
13878,-999,1.0000
13879,-999,1.0000
13880,-999,1.0000
13881,-999,1.0000
13882,-999,1.0000
13883,-999,1.0000
13884,-999,1.0000
13885,-999,1.0000
13886,-999,1.0000
13887,-999,1.0000
13888,-999,1.0000
13889,-999,1.0000
13890,-999,1.0000
13891,-999,1.0000
13892,-999,1.0000
13893,-999,1.0000
13894,-999,1.0000
13895,-999,1.0000
13896,-999,1.0000
13897,-999,1.0000
13898,-999,1.0000
13899,-999,1.0000
13900,-999,1.0000
13901,-999,1.0000
13902,-999,1.0000
13903,-999,1.0000
13904,-999,1.0000
13905,-999,1.0000
13906,-999,1.0000
13907,-999,1.0000
13908,-999,1.0000
13909,-999,1.0000
13910,-999,1.0000
13911,-999,1.0000
13912,-999,1.0000
13913,-999,1.0000
13914,-999,1.0000
13915,-999,1.0000
13916,-999,1.0000
13917,-999,1.0000
13918,-999,1.0000
13919,-999,1.0000
13920,-999,1.0000
13921,-999,1.0000
13922,-999,1.0000
13923,-999,1.0000
13924,-999,1.0000
13925,-999,1.0000
13926,-999,1.0000
13927,-999,1.0000
13928,-999,1.0000
13929,-999,1.0000
13930,-999,1.0000
13931,-999,1.0000
13932,-999,1.0000
13933,-999,1.0000
13934,-999,1.0000
13935,-999,1.0000
13936,-999,1.0000
13937,5254,1.0000
13938,5254,1.0000
13939,5254,1.0000
13940,5254,.7500
13940,-999,.2500
13941,5254,.1000
13941,-999,.9000
13942,-999,.5417
13942,5254,.4583
13943,-999,.7500
13943,5254,.2500
13944,-999,.5000
13944,5254,.5000
13945,5254,1.0000
13946,5254,.9500
13946,-999,.0500
13947,-999,.1875
13947,5254,.8125
13948,5254,1.0000
13949,5254,1.0000
13950,5254,1.0000
13951,5254,1.0000
13952,5254,1.0000
13953,5254,1.0000
13954,5254,1.0000
13955,5254,1.0000
13956,5254,1.0000
13957,5254,1.0000
13958,5254,1.0000
13959,5254,1.0000
13960,5254,1.0000
13961,5254,1.0000
13962,5254,1.0000
13963,5254,1.0000
13964,5254,1.0000
13965,5254,1.0000
13966,5254,1.0000
13967,5254,1.0000
13968,5254,1.0000
13969,5254,1.0000
13970,5254,1.0000
13971,5254,1.0000
13972,5254,1.0000
13973,5254,1.0000
13974,5254,1.0000
13975,5254,1.0000
13976,5254,1.0000
13977,5254,1.0000
13978,5254,1.0000
13979,5254,1.0000
13980,5254,1.0000
13981,5254,1.0000
13982,5254,1.0000
13983,5254,1.0000
13984,5254,1.0000
13985,5254,1.0000
13986,5254,1.0000
13987,5254,1.0000
13988,5254,1.0000
13989,5254,1.0000
13990,5254,1.0000
13991,5254,1.0000
13992,5254,1.0000
13993,5254,1.0000
13994,5254,1.0000
13995,5254,1.0000
13996,5254,1.0000
13997,5254,1.0000
13998,5254,1.0000
13999,5254,1.0000
14000,5254,1.0000
14001,5254,1.0000
14002,5254,1.0000
14003,5254,1.0000
14004,5254,1.0000
14005,5254,1.0000
14006,5254,1.0000
14007,5254,1.0000
14008,5254,1.0000
14009,5254,1.0000
14010,5254,1.0000
14011,5254,1.0000
14012,5254,1.0000
14013,5254,1.0000
14014,5254,.8500
14014,-999,.1500
14015,-999,.5600
14015,5254,.4400
14016,-999,.6000
14016,5254,.4000
14017,-999,.6800
14017,5254,.3200
14018,-999,1.0000
14019,-999,.8800
14019,5254,.1200
14020,5254,.9000
14020,-999,.1000
14021,5254,1.0000
14022,5254,.8800
14022,-999,.1200
14023,-999,.2000
14023,5254,.8000
14024,-999,.3200
14024,5254,.6800
14025,-999,.7000
14025,5254,.3000
14026,-999,1.0000
14027,-999,1.0000
14028,-999,1.0000
14029,-999,1.0000
14030,-999,1.0000
14031,-999,1.0000
14032,-999,1.0000
14033,-999,1.0000
14034,-999,1.0000
14035,-999,1.0000
14036,-999,1.0000
14037,-999,1.0000
14038,-999,1.0000
14039,-999,1.0000
14040,-999,1.0000
14041,-999,1.0000
14042,-999,1.0000
14043,-999,1.0000
14044,-999,1.0000
14045,-999,1.0000
14046,-999,1.0000
14047,-999,1.0000
14048,-999,1.0000
14049,-999,1.0000
14050,-999,.8333
14050,5254,.1667
14051,-999,.3684
14051,5254,.6316
14052,5254,1.0000
14053,5254,.2500
14053,-999,.7500
14054,-999,1.0000
14055,-999,1.0000
14056,-999,1.0000
14057,-999,1.0000
14058,-999,1.0000
14059,-999,1.0000
14060,-999,1.0000
14061,-999,1.0000
14062,-999,1.0000
14063,-999,1.0000
14064,-999,1.0000
14065,-999,1.0000
14066,-999,1.0000
14067,-999,1.0000
14068,-999,1.0000
14069,-999,1.0000
14070,-999,1.0000
14071,-999,1.0000
14072,-999,1.0000
14073,-999,1.0000
14074,-999,1.0000
14075,-999,1.0000
14076,-999,1.0000
14077,-999,1.0000
14078,-999,1.0000
14079,-999,1.0000
14080,-999,1.0000
14081,-999,1.0000
14082,-999,1.0000
14083,-999,1.0000
14084,-999,1.0000
14085,-999,1.0000
14086,-999,1.0000
14087,-999,1.0000
14088,-999,1.0000
14089,-999,1.0000
14090,-999,1.0000
14091,-999,1.0000
14092,-999,1.0000
14093,-999,1.0000
14094,-999,1.0000
14095,-999,1.0000
14096,-999,1.0000
14097,-999,1.0000
14098,-999,1.0000
14099,-999,1.0000
14100,-999,1.0000
14101,-999,1.0000
14102,-999,1.0000
14103,-999,1.0000
14104,-999,1.0000
14105,-999,1.0000
14106,-999,1.0000
14107,-999,1.0000
14108,-999,1.0000
14109,-999,1.0000
14110,-999,1.0000
14111,-999,1.0000
14112,-999,1.0000
14113,-999,1.0000
14114,-999,1.0000
14115,-999,1.0000
14116,-999,1.0000
14117,-999,1.0000
14118,-999,1.0000
14119,-999,1.0000
14120,-999,1.0000
14121,-999,1.0000
14122,-999,1.0000
14123,-999,1.0000
14124,-999,1.0000
14125,-999,1.0000
14126,-999,1.0000
14127,-999,1.0000
14128,-999,1.0000
14129,-999,1.0000
14130,-999,1.0000
14131,-999,1.0000
14132,-999,1.0000
14133,-999,1.0000
14134,-999,1.0000
14135,-999,1.0000
14136,-999,1.0000
14137,-999,1.0000
14138,-999,1.0000
14139,-999,1.0000
14140,-999,1.0000
14141,-999,1.0000
14142,-999,1.0000
14143,-999,1.0000
14144,-999,1.0000
14145,-999,1.0000
14146,-999,1.0000
14147,-999,1.0000
14148,-999,1.0000
14149,-999,1.0000
14150,-999,1.0000
14151,-999,1.0000
14152,-999,1.0000
14153,-999,1.0000
14154,-999,1.0000
14155,-999,1.0000
14156,-999,1.0000
14157,-999,1.0000
14158,-999,1.0000
14159,-999,1.0000
14160,-999,1.0000
14161,-999,1.0000
14162,-999,1.0000
14163,-999,1.0000
14164,-999,1.0000
14165,-999,1.0000
14166,-999,1.0000
14167,-999,1.0000
14168,-999,1.0000
14169,-999,1.0000
14170,-999,1.0000
14171,-999,1.0000
14172,-999,1.0000
14173,-999,1.0000
14174,-999,1.0000
14175,-999,1.0000
14176,-999,1.0000
14177,-999,1.0000
14178,-999,1.0000
14179,-999,1.0000
14180,-999,1.0000
14181,-999,1.0000
14182,-999,1.0000
14183,-999,1.0000
14184,-999,1.0000
14185,-999,1.0000
14186,-999,1.0000
14187,-999,1.0000
14188,-999,1.0000
14189,-999,1.0000
14190,-999,1.0000
14191,-999,1.0000
14192,-999,1.0000
14193,-999,1.0000
14194,-999,1.0000
14195,-999,1.0000
14196,-999,1.0000
14197,-999,1.0000
14198,-999,1.0000
14199,-999,1.0000
14200,-999,1.0000
14201,-999,1.0000
14202,-999,1.0000
14203,-999,1.0000
14204,-999,1.0000
14205,5254,1.0000
14206,5254,1.0000
14207,5254,.9500
14207,-999,.0500
14208,5254,.2500
14208,-999,.7500
14209,-999,.9375
14209,5254,.0625
14210,-999,.3000
14210,5254,.7000
14211,5254,.8750
14211,-999,.1250
14212,-999,.2500
14212,5254,.7500
14213,5254,1.0000
14214,5254,1.0000
14215,5254,1.0000
14216,5254,1.0000
14217,5254,1.0000
14218,5254,1.0000
14219,5254,1.0000
14220,5254,1.0000
14221,5254,1.0000
14222,5254,1.0000
14223,5254,1.0000
14224,5254,1.0000
14225,5254,1.0000
14226,5254,1.0000
14227,5254,1.0000
14228,5254,1.0000
14229,5254,1.0000
14230,5254,1.0000
14231,5254,1.0000
14232,5254,1.0000
14233,5254,1.0000
14234,5254,1.0000
14235,5254,1.0000
14236,5254,1.0000
14237,5254,1.0000
14238,5254,1.0000
14239,5254,1.0000
14240,5254,1.0000
14241,5254,1.0000
14242,5254,1.0000
14243,5254,1.0000
14244,5254,1.0000
14245,5254,1.0000
14246,5254,1.0000
14247,5254,1.0000
14248,5254,1.0000
14249,5254,1.0000
14250,5254,1.0000
14251,5254,1.0000
14252,5254,1.0000
14253,5254,1.0000
14254,5254,1.0000
14255,5254,1.0000
14256,5254,1.0000
14257,5254,1.0000
14258,5254,1.0000
14259,5254,1.0000
14260,5254,1.0000
14261,5254,1.0000
14262,5254,1.0000
14263,5254,1.0000
14264,5254,1.0000
14265,5254,1.0000
14266,5254,1.0000
14267,5254,1.0000
14268,5254,1.0000
14269,5254,1.0000
14270,5254,1.0000
14271,5254,1.0000
14272,5254,1.0000
14273,5254,1.0000
14274,5254,1.0000
14275,5254,1.0000
14276,5254,1.0000
14277,5254,1.0000
14278,5254,1.0000
14279,5254,1.0000
14280,5254,1.0000
14281,5254,1.0000
14282,5254,1.0000
14283,5254,1.0000
14284,5254,.9375
14284,-999,.0625
14285,5254,.4000
14285,-999,.6000
14286,-999,1.0000
14287,-999,.8500
14287,5254,.1500
14288,5254,.6875
14288,-999,.3125
14289,5254,.6250
14289,-999,.3750
14290,5254,.7500
14290,-999,.2500
14291,5254,.7500
14291,-999,.2500
14292,5254,.7500
14292,-999,.2500
14293,5254,.5000
14293,-999,.5000
14294,-999,1.0000
14295,-999,1.0000
14296,-999,1.0000
14297,-999,1.0000
14298,-999,1.0000
14299,-999,1.0000
14300,-999,1.0000
14301,-999,1.0000
14302,-999,1.0000
14303,-999,1.0000
14304,-999,1.0000
14305,-999,1.0000
14306,-999,1.0000
14307,-999,1.0000
14308,-999,1.0000
14309,-999,1.0000
14310,-999,1.0000
14311,-999,1.0000
14312,-999,1.0000
14313,-999,1.0000
14314,-999,1.0000
14315,-999,1.0000
14316,-999,1.0000
14317,-999,1.0000
14318,-999,.8800
14318,5254,.1200
14319,5254,.5500
14319,-999,.4500
14320,5254,.8500
14320,-999,.1500
14321,5254,.3600
14321,-999,.6400
14322,-999,1.0000
14323,-999,1.0000
14324,-999,1.0000
14325,-999,1.0000
14326,-999,1.0000
14327,-999,1.0000
14328,-999,1.0000
14329,-999,1.0000
14330,-999,1.0000
14331,-999,1.0000
14332,-999,1.0000
14333,-999,1.0000
14334,-999,1.0000
14335,-999,1.0000
14336,-999,1.0000
14337,-999,1.0000
14338,-999,1.0000
14339,-999,1.0000
14340,-999,1.0000
14341,-999,1.0000
14342,-999,1.0000
14343,-999,1.0000
14344,-999,1.0000
14345,-999,1.0000
14346,-999,1.0000
14347,-999,1.0000
14348,-999,1.0000
14349,-999,1.0000
14350,-999,1.0000
14351,-999,1.0000
14352,-999,1.0000
14353,-999,1.0000
14354,-999,1.0000
14355,-999,1.0000
14356,-999,1.0000
14357,-999,1.0000
14358,-999,1.0000
14359,-999,1.0000
14360,-999,1.0000
14361,-999,1.0000
14362,-999,1.0000
14363,-999,1.0000
14364,-999,1.0000
14365,-999,1.0000
14366,-999,1.0000
14367,-999,1.0000
14368,-999,1.0000
14369,-999,1.0000
14370,-999,1.0000
14371,-999,1.0000
14372,-999,1.0000
14373,-999,1.0000
14374,-999,1.0000
14375,-999,1.0000
14376,-999,1.0000
14377,-999,1.0000
14378,-999,1.0000
14379,-999,1.0000
14380,-999,1.0000
14381,-999,1.0000
14382,-999,1.0000
14383,-999,1.0000
14384,-999,1.0000
14385,-999,1.0000
14386,-999,1.0000
14387,-999,1.0000
14388,-999,1.0000
14389,-999,1.0000
14390,-999,1.0000
14391,-999,1.0000
14392,-999,1.0000
14393,-999,1.0000
14394,-999,1.0000
14395,-999,1.0000
14396,-999,1.0000
14397,-999,1.0000
14398,-999,1.0000
14399,-999,1.0000
14400,-999,1.0000
14401,-999,1.0000
14402,-999,1.0000
14403,-999,1.0000
14404,-999,1.0000
14405,-999,1.0000
14406,-999,1.0000
14407,-999,1.0000
14408,-999,1.0000
14409,-999,1.0000
14410,-999,1.0000
14411,-999,1.0000
14412,-999,1.0000
14413,-999,1.0000
14414,-999,1.0000
14415,-999,1.0000
14416,-999,1.0000
14417,-999,1.0000
14418,-999,1.0000
14419,-999,1.0000
14420,-999,1.0000
14421,-999,1.0000
14422,-999,1.0000
14423,-999,1.0000
14424,-999,1.0000
14425,-999,1.0000
14426,-999,1.0000
14427,-999,1.0000
14428,-999,1.0000
14429,-999,1.0000
14430,-999,1.0000
14431,-999,1.0000
14432,-999,1.0000
14433,-999,1.0000
14434,-999,1.0000
14435,-999,1.0000
14436,-999,1.0000
14437,-999,1.0000
14438,-999,1.0000
14439,-999,1.0000
14440,-999,1.0000
14441,-999,1.0000
14442,-999,1.0000
14443,-999,1.0000
14444,-999,1.0000
14445,-999,1.0000
14446,-999,1.0000
14447,-999,1.0000
14448,-999,1.0000
14449,-999,1.0000
14450,-999,1.0000
14451,-999,1.0000
14452,-999,1.0000
14453,-999,1.0000
14454,-999,1.0000
14455,-999,1.0000
14456,-999,1.0000
14457,-999,1.0000
14458,-999,1.0000
14459,-999,1.0000
14460,-999,1.0000
14461,-999,1.0000
14462,-999,1.0000
14463,-999,1.0000
14464,-999,1.0000
14465,-999,1.0000
14466,-999,1.0000
14467,-999,1.0000
14468,-999,1.0000
14469,-999,1.0000
14470,-999,1.0000
14471,-999,1.0000
14472,-999,1.0000
14473,5254,.8235
14473,-999,.1765
14474,5254,.6000
14474,-999,.4000
14475,5254,.3125
14475,-999,.6875
14476,-999,1.0000
14477,-999,.5000
14477,5254,.5000
14478,-999,.2500
14478,5254,.7500
14479,5254,1.0000
14480,5254,1.0000
14481,5254,1.0000
14482,5254,1.0000
14483,5254,1.0000
14484,5254,1.0000
14485,5254,1.0000
14486,5254,1.0000
14487,5254,1.0000
14488,5254,1.0000
14489,5254,1.0000
14490,5254,1.0000
14491,5254,1.0000
14492,5254,1.0000
14493,5254,1.0000
14494,5254,1.0000
14495,5254,1.0000
14496,5254,1.0000
14497,5254,1.0000
14498,5254,1.0000
14499,5254,1.0000
14500,5254,1.0000
14501,5254,1.0000
14502,5254,1.0000
14503,5254,1.0000
14504,5254,1.0000
14505,5254,1.0000
14506,5254,1.0000
14507,5254,1.0000
14508,5254,1.0000
14509,5254,1.0000
14510,5254,1.0000
14511,5254,1.0000
14512,5254,1.0000
14513,5254,1.0000
14514,5254,1.0000
14515,5254,1.0000
14516,5254,1.0000
14517,5254,1.0000
14518,5254,1.0000
14519,5254,1.0000
14520,5254,1.0000
14521,5254,1.0000
14522,5254,1.0000
14523,5254,1.0000
14524,5254,1.0000
14525,5254,1.0000
14526,5254,1.0000
14527,5254,1.0000
14528,5254,1.0000
14529,5254,1.0000
14530,5254,1.0000
14531,5254,1.0000
14532,5254,1.0000
14533,5254,1.0000
14534,5254,1.0000
14535,5254,1.0000
14536,5254,1.0000
14537,5254,1.0000
14538,5254,1.0000
14539,5254,1.0000
14540,5254,1.0000
14541,5254,1.0000
14542,5254,1.0000
14543,5254,1.0000
14544,5254,1.0000
14545,5254,1.0000
14546,5254,1.0000
14547,5254,1.0000
14548,5254,1.0000
14549,5254,1.0000
14550,5254,1.0000
14551,5254,1.0000
14552,5254,1.0000
14553,5254,.6000
14553,-999,.4000
14554,-999,1.0000
14555,-999,.9500
14555,5254,.0500
14556,-999,.7500
14556,5254,.2500
14557,-999,.9375
14557,5254,.0625
14558,-999,1.0000
14559,-999,1.0000
14560,-999,1.0000
14561,-999,1.0000
14562,-999,1.0000
14563,-999,1.0000
14564,-999,1.0000
14565,-999,1.0000
14566,-999,1.0000
14567,-999,1.0000
14568,-999,1.0000
14569,-999,1.0000
14570,-999,1.0000
14571,-999,1.0000
14572,-999,1.0000
14573,-999,1.0000
14574,-999,1.0000
14575,-999,1.0000
14576,-999,1.0000
14577,-999,1.0000
14578,-999,1.0000
14579,-999,1.0000
14580,-999,1.0000
14581,-999,1.0000
14582,-999,1.0000
14583,-999,1.0000
14584,-999,1.0000
14585,-999,1.0000
14586,-999,.8500
14586,5254,.1500
14587,-999,1.0000
14588,-999,.5000
14588,5254,.5000
14589,5254,.5500
14589,-999,.4500
14590,-999,1.0000
14591,-999,1.0000
14592,-999,1.0000
14593,-999,1.0000
14594,-999,1.0000
14595,-999,1.0000
14596,-999,1.0000
14597,-999,1.0000
14598,-999,1.0000
14599,-999,1.0000
14600,-999,1.0000
14601,-999,1.0000
14602,-999,1.0000
14603,-999,1.0000
14604,-999,1.0000
14605,-999,1.0000
14606,-999,1.0000
14607,-999,1.0000
14608,-999,1.0000
14609,-999,1.0000
14610,-999,1.0000
14611,-999,1.0000
14612,-999,1.0000
14613,-999,1.0000
14614,-999,1.0000
14615,-999,1.0000
14616,-999,1.0000
14617,-999,1.0000
14618,-999,1.0000
14619,-999,1.0000
14620,-999,1.0000
14621,-999,1.0000
14622,-999,1.0000
14623,-999,1.0000
14624,-999,1.0000
14625,-999,1.0000
14626,-999,1.0000
14627,-999,1.0000
14628,-999,1.0000
14629,-999,1.0000
14630,-999,1.0000
14631,-999,1.0000
14632,-999,1.0000
14633,-999,1.0000
14634,-999,1.0000
14635,-999,1.0000
14636,-999,1.0000
14637,-999,1.0000
14638,-999,1.0000
14639,-999,1.0000
14640,-999,1.0000
14641,-999,1.0000
14642,-999,1.0000
14643,-999,1.0000
14644,-999,1.0000
14645,-999,1.0000
14646,-999,1.0000
14647,-999,1.0000
14648,-999,1.0000
14649,-999,1.0000
14650,-999,1.0000
14651,-999,1.0000
14652,-999,1.0000
14653,-999,1.0000
14654,-999,1.0000
14655,-999,1.0000
14656,-999,1.0000
14657,-999,1.0000
14658,-999,1.0000
14659,-999,1.0000
14660,-999,1.0000
14661,-999,1.0000
14662,-999,1.0000
14663,-999,1.0000
14664,-999,1.0000
14665,-999,1.0000
14666,-999,1.0000
14667,-999,1.0000
14668,-999,1.0000
14669,-999,1.0000
14670,-999,1.0000
14671,-999,1.0000
14672,-999,1.0000
14673,-999,1.0000
14674,-999,1.0000
14675,-999,1.0000
14676,-999,1.0000
14677,-999,1.0000
14678,-999,1.0000
14679,-999,1.0000
14680,-999,1.0000
14681,-999,1.0000
14682,-999,1.0000
14683,-999,1.0000
14684,-999,1.0000
14685,-999,1.0000
14686,-999,1.0000
14687,-999,1.0000
14688,-999,1.0000
14689,-999,1.0000
14690,-999,1.0000
14691,-999,1.0000
14692,-999,1.0000
14693,-999,1.0000
14694,-999,1.0000
14695,-999,1.0000
14696,-999,1.0000
14697,-999,1.0000
14698,-999,1.0000
14699,-999,1.0000
14700,-999,1.0000
14701,-999,1.0000
14702,-999,1.0000
14703,-999,1.0000
14704,-999,1.0000
14705,-999,1.0000
14706,-999,1.0000
14707,-999,1.0000
14708,-999,1.0000
14709,-999,1.0000
14710,-999,1.0000
14711,-999,1.0000
14712,-999,1.0000
14713,-999,1.0000
14714,-999,1.0000
14715,-999,1.0000
14716,-999,1.0000
14717,-999,1.0000
14718,-999,1.0000
14719,-999,1.0000
14720,-999,1.0000
14721,-999,1.0000
14722,-999,1.0000
14723,-999,1.0000
14724,-999,1.0000
14725,-999,1.0000
14726,-999,1.0000
14727,-999,1.0000
14728,-999,1.0000
14729,-999,1.0000
14730,-999,1.0000
14731,-999,1.0000
14732,-999,1.0000
14733,-999,1.0000
14734,-999,1.0000
14735,-999,1.0000
14736,-999,1.0000
14737,-999,1.0000
14738,-999,1.0000
14739,-999,1.0000
14740,-999,1.0000
14741,5254,.8125
14741,-999,.1875
14742,-999,.4000
14742,5254,.6000
14743,5254,.1250
14743,-999,.8750
14744,-999,.8500
14744,5254,.1500
14745,-999,.1250
14745,5254,.8750
14746,5254,1.0000
14747,5254,1.0000
14748,5254,1.0000
14749,5254,1.0000
14750,5254,1.0000
14751,5254,1.0000
14752,5254,1.0000
14753,5254,1.0000
14754,5254,1.0000
14755,5254,1.0000
14756,5254,1.0000
14757,5254,1.0000
14758,5254,1.0000
14759,5254,1.0000
14760,5254,1.0000
14761,5254,1.0000
14762,5254,1.0000
14763,5254,1.0000
14764,5254,1.0000
14765,5254,1.0000
14766,5254,1.0000
14767,5254,1.0000
14768,5254,1.0000
14769,5254,1.0000
14770,5254,1.0000
14771,5254,1.0000
14772,5254,1.0000
14773,5254,1.0000
14774,5254,1.0000
14775,5254,1.0000
14776,5254,1.0000
14777,5254,1.0000
14778,5254,1.0000
14779,5254,1.0000
14780,5254,1.0000
14781,5254,1.0000
14782,5254,1.0000
14783,5254,1.0000
14784,5254,1.0000
14785,5254,1.0000
14786,5254,1.0000
14787,5254,1.0000
14788,5254,1.0000
14789,5254,1.0000
14790,5254,1.0000
14791,5254,1.0000
14792,5254,1.0000
14793,5254,1.0000
14794,5254,1.0000
14795,5254,1.0000
14796,5254,1.0000
14797,5254,1.0000
14798,5254,1.0000
14799,5254,1.0000
14800,5254,1.0000
14801,5254,1.0000
14802,5254,1.0000
14803,5254,1.0000
14804,5254,1.0000
14805,5254,1.0000
14806,5254,1.0000
14807,5254,1.0000
14808,5254,1.0000
14809,5254,1.0000
14810,5254,1.0000
14811,5254,1.0000
14812,5254,1.0000
14813,5254,1.0000
14814,5254,1.0000
14815,5254,1.0000
14816,5254,1.0000
14817,5254,1.0000
14818,5254,1.0000
14819,5254,1.0000
14820,5254,1.0000
14821,5254,.5500
14821,-999,.4500
14822,-999,1.0000
14823,-999,.8000
14823,5254,.2000
14824,5254,.8750
14824,-999,.1250
14825,5254,.6875
14825,-999,.3125
14826,-999,.9000
14826,5254,.1000
14827,-999,1.0000
14828,-999,1.0000
14829,-999,1.0000
14830,-999,1.0000
14831,-999,1.0000
14832,-999,1.0000
14833,-999,1.0000
14834,-999,1.0000
14835,-999,1.0000
14836,-999,1.0000
14837,-999,1.0000
14838,-999,.8750
14838,5254,.1250
14839,-999,.8500
14839,5254,.1500
14840,-999,1.0000
14841,-999,1.0000
14842,-999,1.0000
14843,-999,1.0000
14844,-999,1.0000
14845,-999,1.0000
14846,-999,1.0000
14847,-999,1.0000
14848,-999,1.0000
14849,-999,1.0000
14850,-999,1.0000
14851,-999,1.0000
14852,-999,1.0000
14853,-999,1.0000
14854,-999,.3000
14854,5254,.7000
14855,-999,.2500
14855,5254,.7500
14856,-999,.1250
14856,5254,.8750
14857,5254,.4000
14857,-999,.6000
14858,-999,1.0000
14859,-999,1.0000
14860,-999,1.0000
14861,-999,1.0000
14862,-999,1.0000
14863,-999,1.0000
14864,-999,1.0000
14865,-999,1.0000
14866,-999,1.0000
14867,-999,1.0000
14868,-999,1.0000
14869,-999,1.0000
14870,-999,1.0000
14871,-999,1.0000
14872,-999,1.0000
14873,-999,1.0000
14874,-999,1.0000
14875,-999,1.0000
14876,-999,1.0000
14877,-999,1.0000
14878,-999,1.0000
14879,-999,1.0000
14880,-999,1.0000
14881,-999,1.0000
14882,-999,1.0000
14883,-999,1.0000
14884,-999,1.0000
14885,-999,1.0000
14886,-999,1.0000
14887,-999,1.0000
14888,-999,1.0000
14889,-999,1.0000
14890,-999,1.0000
14891,-999,1.0000
14892,-999,1.0000
14893,-999,1.0000
14894,-999,1.0000
14895,-999,1.0000
14896,-999,1.0000
14897,-999,1.0000
14898,-999,1.0000
14899,-999,1.0000
14900,-999,1.0000
14901,-999,1.0000
14902,-999,1.0000
14903,-999,1.0000
14904,-999,1.0000
14905,-999,1.0000
14906,-999,1.0000
14907,-999,1.0000
14908,-999,1.0000
14909,-999,1.0000
14910,-999,1.0000
14911,-999,1.0000
14912,-999,1.0000
14913,-999,1.0000
14914,-999,1.0000
14915,-999,1.0000
14916,-999,1.0000
14917,-999,1.0000
14918,-999,1.0000
14919,-999,1.0000
14920,-999,1.0000
14921,-999,1.0000
14922,-999,1.0000
14923,-999,1.0000
14924,-999,1.0000
14925,-999,1.0000
14926,-999,1.0000
14927,-999,1.0000
14928,-999,1.0000
14929,-999,1.0000
14930,-999,1.0000
14931,-999,1.0000
14932,-999,1.0000
14933,-999,1.0000
14934,-999,1.0000
14935,-999,1.0000
14936,-999,1.0000
14937,-999,1.0000
14938,-999,1.0000
14939,-999,1.0000
14940,-999,1.0000
14941,-999,1.0000
14942,-999,1.0000
14943,-999,1.0000
14944,-999,1.0000
14945,-999,1.0000
14946,-999,1.0000
14947,-999,1.0000
14948,-999,1.0000
14949,-999,1.0000
14950,-999,1.0000
14951,-999,1.0000
14952,-999,1.0000
14953,-999,1.0000
14954,-999,1.0000
14955,-999,1.0000
14956,-999,1.0000
14957,-999,1.0000
14958,-999,1.0000
14959,-999,1.0000
14960,-999,1.0000
14961,-999,1.0000
14962,-999,1.0000
14963,-999,1.0000
14964,-999,1.0000
14965,-999,1.0000
14966,-999,1.0000
14967,-999,1.0000
14968,-999,1.0000
14969,-999,1.0000
14970,-999,1.0000
14971,-999,1.0000
14972,-999,1.0000
14973,-999,1.0000
14974,-999,1.0000
14975,-999,1.0000
14976,-999,1.0000
14977,-999,1.0000
14978,-999,1.0000
14979,-999,1.0000
14980,-999,1.0000
14981,-999,1.0000
14982,-999,1.0000
14983,-999,1.0000
14984,-999,1.0000
14985,-999,1.0000
14986,-999,1.0000
14987,-999,1.0000
14988,-999,1.0000
14989,-999,1.0000
14990,-999,1.0000
14991,-999,1.0000
14992,-999,1.0000
14993,-999,1.0000
14994,-999,1.0000
14995,-999,1.0000
14996,-999,1.0000
14997,-999,1.0000
14998,-999,1.0000
14999,-999,1.0000
15000,-999,1.0000
15001,-999,1.0000
15002,-999,1.0000
15003,-999,1.0000
15004,-999,1.0000
15005,-999,1.0000
15006,-999,1.0000
15007,-999,1.0000
15008,-999,1.0000
15009,5254,1.0000
15010,5254,.5000
15010,-999,.5000
15011,-999,1.0000
15012,-999,.6000
15012,5254,.4000
15013,5254,1.0000
15014,5254,1.0000
15015,5254,1.0000
15016,5254,1.0000
15017,5254,1.0000
15018,5254,1.0000
15019,5254,1.0000
15020,5254,1.0000
15021,5254,1.0000
15022,5254,1.0000
15023,5254,1.0000
15024,5254,1.0000
15025,5254,1.0000
15026,5254,1.0000
15027,5254,1.0000
15028,5254,1.0000
15029,5254,1.0000
15030,5254,1.0000
15031,5254,1.0000
15032,5254,1.0000
15033,5254,1.0000
15034,5254,1.0000
15035,5254,1.0000
15036,5254,1.0000
15037,5254,1.0000
15038,5254,1.0000
15039,5254,1.0000
15040,5254,1.0000
15041,5254,1.0000
15042,5254,1.0000
15043,5254,1.0000
15044,5254,1.0000
15045,5254,1.0000
15046,5254,1.0000
15047,5254,1.0000
15048,5254,1.0000
15049,5254,1.0000
15050,5254,1.0000
15051,5254,1.0000
15052,5254,1.0000
15053,5254,1.0000
15054,5254,1.0000
15055,5254,1.0000
15056,5254,1.0000
15057,5254,1.0000
15058,5254,1.0000
15059,5254,1.0000
15060,5254,1.0000
15061,5254,1.0000
15062,5254,1.0000
15063,5254,1.0000
15064,5254,1.0000
15065,5254,1.0000
15066,5254,1.0000
15067,5254,1.0000
15068,5254,1.0000
15069,5254,1.0000
15070,5254,1.0000
15071,5254,1.0000
15072,5254,1.0000
15073,5254,1.0000
15074,5254,1.0000
15075,5254,1.0000
15076,5254,1.0000
15077,5254,1.0000
15078,5254,1.0000
15079,5254,1.0000
15080,5254,1.0000
15081,5254,1.0000
15082,5254,1.0000
15083,5254,1.0000
15084,5254,1.0000
15085,5254,1.0000
15086,5254,1.0000
15087,5254,1.0000
15088,5254,.8750
15088,-999,.1250
15089,5254,.2381
15089,-999,.7619
15090,-999,.9500
15090,5254,.0500
15091,-999,.7273
15091,5254,.2727
15092,-999,.2500
15092,5254,.7500
15093,-999,.0500
15093,5254,.9500
15094,5254,.6000
15094,-999,.4000
15095,-999,.8500
15095,5254,.1500
15096,-999,1.0000
15097,-999,1.0000
15098,-999,1.0000
15099,-999,1.0000
15100,-999,1.0000
15101,-999,1.0000
15102,-999,1.0000
15103,-999,1.0000
15104,-999,.9000
15104,5254,.1000
15105,-999,.5714
15105,5254,.4286
15106,-999,.1250
15106,5254,.8750
15107,5254,.9000
15107,-999,.1000
15108,-999,.4375
15108,5254,.5625
15109,-999,.7500
15109,5254,.2500
15110,-999,1.0000
15111,-999,1.0000
15112,-999,1.0000
15113,-999,1.0000
15114,-999,1.0000
15115,-999,1.0000
15116,-999,1.0000
15117,-999,1.0000
15118,-999,1.0000
15119,-999,1.0000
15120,-999,1.0000
15121,-999,1.0000
15122,-999,.7000
15122,5254,.3000
15123,5254,.7500
15123,-999,.2500
15124,5254,.9474
15124,-999,.0526
15125,5254,.5556
15125,-999,.4444
15126,-999,1.0000
15127,-999,1.0000
15128,-999,1.0000
15129,-999,1.0000
15130,-999,1.0000
15131,-999,1.0000
15132,-999,1.0000
15133,-999,1.0000
15134,-999,1.0000
15135,-999,1.0000
15136,-999,1.0000
15137,-999,1.0000
15138,-999,1.0000
15139,-999,1.0000
15140,-999,1.0000
15141,-999,1.0000
15142,-999,1.0000
15143,-999,1.0000
15144,-999,1.0000
15145,-999,1.0000
15146,-999,1.0000
15147,-999,1.0000
15148,-999,1.0000
15149,-999,1.0000
15150,-999,1.0000
15151,-999,1.0000
15152,-999,1.0000
15153,-999,1.0000
15154,-999,1.0000
15155,-999,1.0000
15156,-999,1.0000
15157,-999,1.0000
15158,-999,1.0000
15159,-999,1.0000
15160,-999,1.0000
15161,-999,1.0000
15162,-999,1.0000
15163,-999,1.0000
15164,-999,1.0000
15165,-999,1.0000
15166,-999,1.0000
15167,-999,1.0000
15168,-999,1.0000
15169,-999,1.0000
15170,-999,1.0000
15171,-999,1.0000
15172,-999,1.0000
15173,-999,1.0000
15174,-999,1.0000
15175,-999,1.0000
15176,-999,1.0000
15177,-999,1.0000
15178,-999,1.0000
15179,-999,1.0000
15180,-999,1.0000
15181,-999,1.0000
15182,-999,1.0000
15183,-999,1.0000
15184,-999,1.0000
15185,-999,1.0000
15186,-999,1.0000
15187,-999,1.0000
15188,-999,1.0000
15189,-999,1.0000
15190,-999,1.0000
15191,-999,1.0000
15192,-999,1.0000
15193,-999,1.0000
15194,-999,1.0000
15195,-999,1.0000
15196,-999,1.0000
15197,-999,1.0000
15198,-999,1.0000
15199,-999,1.0000
15200,-999,1.0000
15201,-999,1.0000
15202,-999,1.0000
15203,-999,1.0000
15204,-999,1.0000
15205,-999,1.0000
15206,-999,1.0000
15207,-999,1.0000
15208,-999,1.0000
15209,-999,1.0000
15210,-999,1.0000
15211,-999,1.0000
15212,-999,1.0000
15213,-999,1.0000
15214,-999,1.0000
15215,-999,1.0000
15216,-999,1.0000
15217,-999,1.0000
15218,-999,1.0000
15219,-999,1.0000
15220,-999,1.0000
15221,-999,1.0000
15222,-999,1.0000
15223,-999,1.0000
15224,-999,1.0000
15225,-999,1.0000
15226,-999,1.0000
15227,-999,1.0000
15228,-999,1.0000
15229,-999,1.0000
15230,-999,1.0000
15231,-999,1.0000
15232,-999,1.0000
15233,-999,1.0000
15234,-999,1.0000
15235,-999,1.0000
15236,-999,1.0000
15237,-999,1.0000
15238,-999,1.0000
15239,-999,1.0000
15240,-999,1.0000
15241,-999,1.0000
15242,-999,1.0000
15243,-999,1.0000
15244,-999,1.0000
15245,-999,1.0000
15246,-999,1.0000
15247,-999,1.0000
15248,-999,1.0000
15249,-999,1.0000
15250,-999,1.0000
15251,-999,1.0000
15252,-999,1.0000
15253,-999,1.0000
15254,-999,1.0000
15255,-999,1.0000
15256,-999,1.0000
15257,-999,1.0000
15258,-999,1.0000
15259,-999,1.0000
15260,-999,1.0000
15261,-999,1.0000
15262,-999,1.0000
15263,-999,1.0000
15264,-999,1.0000
15265,-999,1.0000
15266,-999,1.0000
15267,-999,1.0000
15268,-999,1.0000
15269,-999,1.0000
15270,-999,1.0000
15271,-999,1.0000
15272,-999,1.0000
15273,-999,1.0000
15274,-999,1.0000
15275,-999,1.0000
15276,-999,1.0000
15277,5254,1.0000
15278,5254,.9048
15278,-999,.0952
15279,-999,.4500
15279,5254,.5500
15280,-999,.8400
15280,5254,.1600
15281,5254,.7000
15281,-999,.3000
15282,5254,1.0000
15283,5254,1.0000
15284,5254,1.0000
15285,5254,1.0000
15286,5254,1.0000
15287,5254,1.0000
15288,5254,1.0000
15289,5254,1.0000
15290,5254,1.0000
15291,5254,1.0000
15292,5254,1.0000
15293,5254,1.0000
15294,5254,1.0000
15295,5254,1.0000
15296,5254,1.0000
15297,5254,1.0000
15298,5254,1.0000
15299,5254,1.0000
15300,5254,1.0000
15301,5254,1.0000
15302,5254,1.0000
15303,5254,1.0000
15304,5254,1.0000
15305,5254,1.0000
15306,5254,1.0000
15307,5254,1.0000
15308,5254,1.0000
15309,5254,1.0000
15310,5254,1.0000
15311,5254,1.0000
15312,5254,1.0000
15313,5254,1.0000
15314,5254,1.0000
15315,5254,1.0000
15316,5254,1.0000
15317,5254,1.0000
15318,5254,1.0000
15319,5254,1.0000
15320,5254,1.0000
15321,5254,1.0000
15322,5254,1.0000
15323,5254,1.0000
15324,5254,1.0000
15325,5254,1.0000
15326,5254,1.0000
15327,5254,1.0000
15328,5254,1.0000
15329,5254,1.0000
15330,5254,1.0000
15331,5254,1.0000
15332,5254,1.0000
15333,5254,1.0000
15334,5254,1.0000
15335,5254,1.0000
15336,5254,1.0000
15337,5254,1.0000
15338,5254,1.0000
15339,5254,1.0000
15340,5254,1.0000
15341,5254,1.0000
15342,5254,1.0000
15343,5254,1.0000
15344,5254,1.0000
15345,5254,1.0000
15346,5254,1.0000
15347,5254,1.0000
15348,5254,1.0000
15349,5254,1.0000
15350,5254,1.0000
15351,5254,1.0000
15352,5254,1.0000
15353,5254,1.0000
15354,5254,.9500
15354,-999,.0500
15355,5254,.5600
15355,-999,.4400
15356,5254,.4000
15356,-999,.6000
15357,-999,.5417
15357,5254,.4583
15358,-999,.1875
15358,5254,.8125
15359,-999,.1875
15359,5254,.8125
15360,5254,1.0000
15361,5254,1.0000
15362,5254,1.0000
15363,5254,.9375
15363,-999,.0625
15364,-999,.7000
15364,5254,.3000
15365,-999,1.0000
15366,-999,1.0000
15367,-999,1.0000
15368,-999,1.0000
15369,-999,1.0000
15370,-999,1.0000
15371,-999,.8125
15371,5254,.1875
15372,-999,.1250
15372,5254,.8750
15373,-999,.0417
15373,5254,.9583
15374,5254,1.0000
15375,5254,1.0000
15376,5254,1.0000
15377,5254,.9200
15377,-999,.0800
15378,-999,.4000
15378,5254,.6000
15379,-999,.9200
15379,5254,.0800
15380,-999,1.0000
15381,-999,1.0000
15382,-999,1.0000
15383,-999,1.0000
15384,-999,1.0000
15385,-999,1.0000
15386,-999,1.0000
15387,-999,1.0000
15388,-999,1.0000
15389,-999,1.0000
15390,-999,1.0000
15391,-999,1.0000
15392,-999,.2000
15392,5254,.8000
15393,5254,.9375
15393,-999,.0625
15394,-999,.3125
15394,5254,.6875
15395,-999,.7500
15395,5254,.2500
15396,-999,1.0000
15397,-999,1.0000
15398,-999,1.0000
15399,-999,1.0000
15400,-999,1.0000
15401,-999,1.0000
15402,-999,1.0000
15403,-999,1.0000
15404,-999,1.0000
15405,-999,1.0000
15406,-999,1.0000
15407,-999,1.0000
15408,-999,1.0000
15409,-999,1.0000
15410,-999,1.0000
15411,-999,1.0000
15412,-999,1.0000
15413,-999,1.0000
15414,-999,1.0000
15415,-999,1.0000
15416,-999,1.0000
15417,-999,1.0000
15418,-999,1.0000
15419,-999,1.0000
15420,-999,1.0000
15421,-999,1.0000
15422,-999,1.0000
15423,-999,1.0000
15424,-999,1.0000
15425,-999,1.0000
15426,-999,1.0000
15427,-999,1.0000
15428,-999,1.0000
15429,-999,1.0000
15430,-999,1.0000
15431,-999,1.0000
15432,-999,1.0000
15433,-999,1.0000
15434,-999,1.0000
15435,-999,1.0000
15436,-999,1.0000
15437,-999,1.0000
15438,-999,1.0000
15439,-999,1.0000
15440,-999,1.0000
15441,-999,1.0000
15442,-999,1.0000
15443,-999,1.0000
15444,-999,1.0000
15445,-999,1.0000
15446,-999,1.0000
15447,-999,1.0000
15448,-999,1.0000
15449,-999,1.0000
15450,-999,1.0000
15451,-999,1.0000
15452,-999,1.0000
15453,-999,1.0000
15454,-999,1.0000
15455,-999,1.0000
15456,-999,1.0000
15457,-999,1.0000
15458,-999,1.0000
15459,-999,1.0000
15460,-999,1.0000
15461,-999,1.0000
15462,-999,1.0000
15463,-999,1.0000
15464,-999,1.0000
15465,-999,1.0000
15466,-999,1.0000
15467,-999,1.0000
15468,-999,1.0000
15469,-999,1.0000
15470,-999,1.0000
15471,-999,1.0000
15472,-999,1.0000
15473,-999,1.0000
15474,-999,1.0000
15475,-999,1.0000
15476,-999,1.0000
15477,-999,1.0000
15478,-999,1.0000
15479,-999,1.0000
15480,-999,1.0000
15481,-999,1.0000
15482,-999,1.0000
15483,-999,1.0000
15484,-999,1.0000
15485,-999,1.0000
15486,-999,1.0000
15487,-999,1.0000
15488,-999,1.0000
15489,-999,1.0000
15490,-999,1.0000
15491,-999,1.0000
15492,-999,1.0000
15493,-999,1.0000
15494,-999,1.0000
15495,-999,1.0000
15496,-999,1.0000
15497,-999,1.0000
15498,-999,1.0000
15499,-999,1.0000
15500,-999,1.0000
15501,-999,1.0000
15502,-999,1.0000
15503,-999,1.0000
15504,-999,1.0000
15505,-999,1.0000
15506,-999,1.0000
15507,-999,1.0000
15508,-999,1.0000
15509,-999,1.0000
15510,-999,1.0000
15511,-999,1.0000
15512,-999,1.0000
15513,-999,1.0000
15514,-999,1.0000
15515,-999,1.0000
15516,-999,1.0000
15517,-999,1.0000
15518,-999,1.0000
15519,-999,1.0000
15520,-999,1.0000
15521,-999,1.0000
15522,-999,1.0000
15523,-999,1.0000
15524,-999,1.0000
15525,-999,1.0000
15526,-999,1.0000
15527,-999,1.0000
15528,-999,1.0000
15529,-999,1.0000
15530,-999,1.0000
15531,-999,1.0000
15532,-999,1.0000
15533,-999,1.0000
15534,-999,1.0000
15535,-999,1.0000
15536,-999,1.0000
15537,-999,1.0000
15538,-999,1.0000
15539,-999,1.0000
15540,-999,1.0000
15541,-999,1.0000
15542,-999,1.0000
15543,-999,1.0000
15544,-999,1.0000
15545,5254,1.0000
15546,5254,1.0000
15547,5254,1.0000
15548,5254,.6471
15548,-999,.3529
15549,-999,.2500
15549,5254,.7500
15550,5254,1.0000
15551,5254,1.0000
15552,5254,1.0000
15553,5254,1.0000
15554,5254,1.0000
15555,5254,1.0000
15556,5254,1.0000
15557,5254,1.0000
15558,5254,1.0000
15559,5254,1.0000
15560,5254,1.0000
15561,5254,1.0000
15562,5254,1.0000
15563,5254,1.0000
15564,5254,1.0000
15565,5254,1.0000
15566,5254,1.0000
15567,5254,1.0000
15568,5254,1.0000
15569,5254,1.0000
15570,5254,1.0000
15571,5254,1.0000
15572,5254,1.0000
15573,5254,1.0000
15574,5254,1.0000
15575,5254,1.0000
15576,5254,1.0000
15577,5254,1.0000
15578,5254,1.0000
15579,5254,1.0000
15580,5254,1.0000
15581,5254,1.0000
15582,5254,1.0000
15583,5254,1.0000
15584,5254,1.0000
15585,5254,1.0000
15586,5254,1.0000
15587,5254,1.0000
15588,5254,1.0000
15589,5254,1.0000
15590,5254,1.0000
15591,5254,1.0000
15592,5254,1.0000
15593,5254,1.0000
15594,5254,1.0000
15595,5254,1.0000
15596,5254,1.0000
15597,5254,1.0000
15598,5254,1.0000
15599,5254,1.0000
15600,5254,1.0000
15601,5254,1.0000
15602,5254,1.0000
15603,5254,1.0000
15604,5254,1.0000
15605,5254,1.0000
15606,5254,1.0000
15607,5254,1.0000
15608,5254,1.0000
15609,5254,1.0000
15610,5254,1.0000
15611,5254,1.0000
15612,5254,1.0000
15613,5254,1.0000
15614,5254,1.0000
15615,5254,1.0000
15616,5254,1.0000
15617,5254,1.0000
15618,5254,1.0000
15619,5254,1.0000
15620,5254,1.0000
15621,5254,1.0000
15622,5254,.8125
15622,-999,.1875
15623,-999,.2000
15623,5254,.8000
15624,5254,1.0000
15625,5254,1.0000
15626,5254,1.0000
15627,5254,1.0000
15628,5254,1.0000
15629,5254,1.0000
15630,5254,1.0000
15631,5254,.8750
15631,-999,.1250
15632,5254,.3500
15632,-999,.6500
15633,-999,1.0000
15634,-999,1.0000
15635,-999,1.0000
15636,-999,1.0000
15637,-999,1.0000
15638,-999,1.0000
15639,-999,.9375
15639,5254,.0625
15640,5254,.8125
15640,-999,.1875
15641,5254,1.0000
15642,5254,1.0000
15643,5254,1.0000
15644,5254,1.0000
15645,5254,1.0000
15646,5254,1.0000
15647,5254,.2000
15647,-999,.8000
15648,-999,1.0000
15649,-999,1.0000
15650,-999,1.0000
15651,-999,.9375
15651,5254,.0625
15652,-999,.5000
15652,5254,.5000
15653,-999,.2500
15653,5254,.7500
15654,-999,.5500
15654,5254,.4500
15655,-999,.9375
15655,5254,.0625
15656,-999,1.0000
15657,-999,1.0000
15658,-999,1.0000
15659,-999,1.0000
15660,-999,.7200
15660,5254,.2800
15661,5254,.4500
15661,-999,.5500
15662,5254,.5500
15662,-999,.4500
15663,5254,.2400
15663,-999,.7600
15664,-999,1.0000
15665,-999,1.0000
15666,-999,1.0000
15667,-999,1.0000
15668,-999,1.0000
15669,-999,1.0000
15670,-999,1.0000
15671,-999,1.0000
15672,-999,1.0000
15673,-999,1.0000
15674,-999,1.0000
15675,-999,1.0000
15676,-999,1.0000
15677,-999,1.0000
15678,-999,1.0000
15679,-999,1.0000
15680,-999,1.0000
15681,-999,1.0000
15682,-999,1.0000
15683,-999,1.0000
15684,-999,1.0000
15685,-999,1.0000
15686,-999,1.0000
15687,-999,1.0000
15688,-999,1.0000
15689,-999,1.0000
15690,-999,1.0000
15691,-999,1.0000
15692,-999,1.0000
15693,-999,1.0000
15694,-999,1.0000
15695,-999,1.0000
15696,-999,1.0000
15697,-999,1.0000
15698,-999,1.0000
15699,-999,1.0000
15700,-999,1.0000
15701,-999,1.0000
15702,-999,1.0000
15703,-999,1.0000
15704,-999,1.0000
15705,-999,1.0000
15706,-999,1.0000
15707,-999,1.0000
15708,-999,1.0000
15709,-999,1.0000
15710,-999,1.0000
15711,-999,1.0000
15712,-999,1.0000
15713,-999,1.0000
15714,-999,1.0000
15715,-999,1.0000
15716,-999,1.0000
15717,-999,1.0000
15718,-999,1.0000
15719,-999,1.0000
15720,-999,1.0000
15721,-999,1.0000
15722,-999,1.0000
15723,-999,1.0000
15724,-999,1.0000
15725,-999,1.0000
15726,-999,1.0000
15727,-999,1.0000
15728,-999,1.0000
15729,-999,1.0000
15730,-999,1.0000
15731,-999,1.0000
15732,-999,1.0000
15733,-999,1.0000
15734,-999,1.0000
15735,-999,1.0000
15736,-999,1.0000
15737,-999,1.0000
15738,-999,1.0000
15739,-999,1.0000
15740,-999,1.0000
15741,-999,1.0000
15742,-999,1.0000
15743,-999,1.0000
15744,-999,1.0000
15745,-999,1.0000
15746,-999,1.0000
15747,-999,1.0000
15748,-999,1.0000
15749,-999,1.0000
15750,-999,1.0000
15751,-999,1.0000
15752,-999,1.0000
15753,-999,1.0000
15754,-999,1.0000
15755,-999,1.0000
15756,-999,1.0000
15757,-999,1.0000
15758,-999,1.0000
15759,-999,1.0000
15760,-999,1.0000
15761,-999,1.0000
15762,-999,1.0000
15763,-999,1.0000
15764,-999,1.0000
15765,-999,1.0000
15766,-999,1.0000
15767,-999,1.0000
15768,-999,1.0000
15769,-999,1.0000
15770,-999,1.0000
15771,-999,1.0000
15772,-999,1.0000
15773,-999,1.0000
15774,-999,1.0000
15775,-999,1.0000
15776,-999,1.0000
15777,-999,1.0000
15778,-999,1.0000
15779,-999,1.0000
15780,-999,1.0000
15781,-999,1.0000
15782,-999,1.0000
15783,-999,1.0000
15784,-999,1.0000
15785,-999,1.0000
15786,-999,1.0000
15787,-999,1.0000
15788,-999,1.0000
15789,-999,1.0000
15790,-999,1.0000
15791,-999,1.0000
15792,-999,1.0000
15793,-999,1.0000
15794,-999,1.0000
15795,-999,1.0000
15796,-999,1.0000
15797,-999,1.0000
15798,-999,1.0000
15799,-999,1.0000
15800,-999,1.0000
15801,-999,1.0000
15802,-999,1.0000
15803,-999,1.0000
15804,-999,1.0000
15805,-999,1.0000
15806,-999,1.0000
15807,-999,1.0000
15808,-999,1.0000
15809,-999,1.0000
15810,-999,1.0000
15811,-999,1.0000
15812,-999,1.0000
15813,5254,1.0000
15814,5254,1.0000
15815,5254,1.0000
15816,5254,1.0000
15817,5254,1.0000
15818,5254,1.0000
15819,5254,1.0000
15820,5254,1.0000
15821,5254,1.0000
15822,5254,1.0000
15823,5254,1.0000
15824,5254,1.0000
15825,5254,1.0000
15826,5254,1.0000
15827,5254,1.0000
15828,5254,1.0000
15829,5254,1.0000
15830,5254,1.0000
15831,5254,1.0000
15832,5254,1.0000
15833,5254,1.0000
15834,5254,1.0000
15835,5254,1.0000
15836,5254,1.0000
15837,5254,1.0000
15838,5254,1.0000
15839,5254,1.0000
15840,5254,1.0000
15841,5254,1.0000
15842,5254,1.0000
15843,5254,1.0000
15844,5254,1.0000
15845,5254,1.0000
15846,5254,1.0000
15847,5254,1.0000
15848,5254,1.0000
15849,5254,1.0000
15850,5254,1.0000
15851,5254,1.0000
15852,5254,1.0000
15853,5254,1.0000
15854,5254,1.0000
15855,5254,1.0000
15856,5254,1.0000
15857,5254,1.0000
15858,5254,1.0000
15859,5254,1.0000
15860,5254,1.0000
15861,5254,1.0000
15862,5254,1.0000
15863,5254,1.0000
15864,5254,1.0000
15865,5254,1.0000
15866,5254,1.0000
15867,5254,1.0000
15868,5254,1.0000
15869,5254,1.0000
15870,5254,1.0000
15871,5254,1.0000
15872,5254,1.0000
15873,5254,1.0000
15874,5254,1.0000
15875,5254,1.0000
15876,5254,1.0000
15877,5254,1.0000
15878,5254,1.0000
15879,5254,1.0000
15880,5254,1.0000
15881,5254,1.0000
15882,5254,1.0000
15883,5254,1.0000
15884,5254,1.0000
15885,5254,1.0000
15886,5254,1.0000
15887,5254,1.0000
15888,5254,1.0000
15889,5254,1.0000
15890,5254,1.0000
15891,5254,1.0000
15892,5254,1.0000
15893,5254,1.0000
15894,5254,1.0000
15895,5254,1.0000
15896,5254,1.0000
15897,5254,1.0000
15898,5254,.6500
15898,-999,.3500
15899,5254,.1250
15899,-999,.8750
15900,-999,1.0000
15901,-999,1.0000
15902,-999,.8000
15902,5254,.2000
15903,-999,.3750
15903,5254,.6250
15904,-999,.2500
15904,5254,.7500
15905,-999,.3750
15905,5254,.6250
15906,-999,.7000
15906,5254,.3000
15907,-999,.8125
15907,5254,.1875
15908,-999,.4375
15908,5254,.5625
15909,5254,1.0000
15910,5254,1.0000
15911,5254,1.0000
15912,5254,1.0000
15913,5254,1.0000
15914,5254,1.0000
15915,5254,.3500
15915,-999,.6500
15916,-999,1.0000
15917,-999,.8000
15917,5254,.2000
15918,-999,.4375
15918,5254,.5625
15919,-999,.1875
15919,5254,.8125
15920,5254,1.0000
15921,5254,1.0000
15922,5254,1.0000
15923,5254,.5625
15923,-999,.4375
15924,-999,1.0000
15925,-999,1.0000
15926,-999,1.0000
15927,-999,1.0000
15928,-999,1.0000
15929,-999,1.0000
15930,-999,1.0000
15931,-999,1.0000
15932,-999,1.0000
15933,-999,1.0000
15934,-999,1.0000
15935,-999,1.0000
15936,-999,1.0000
15937,-999,1.0000
15938,-999,1.0000
15939,-999,1.0000
15940,-999,1.0000
15941,-999,1.0000
15942,-999,1.0000
15943,-999,1.0000
15944,-999,1.0000
15945,-999,1.0000
15946,-999,1.0000
15947,-999,1.0000
15948,-999,1.0000
15949,-999,1.0000
15950,-999,1.0000
15951,-999,1.0000
15952,-999,1.0000
15953,-999,1.0000
15954,-999,1.0000
15955,-999,1.0000
15956,-999,1.0000
15957,-999,1.0000
15958,-999,1.0000
15959,-999,1.0000
15960,-999,1.0000
15961,-999,1.0000
15962,-999,1.0000
15963,-999,1.0000
15964,-999,1.0000
15965,-999,1.0000
15966,-999,1.0000
15967,-999,1.0000
15968,-999,1.0000
15969,-999,1.0000
15970,-999,1.0000
15971,-999,1.0000
15972,-999,1.0000
15973,-999,1.0000
15974,-999,1.0000
15975,-999,1.0000
15976,-999,1.0000
15977,-999,1.0000
15978,-999,1.0000
15979,-999,1.0000
15980,-999,1.0000
15981,-999,1.0000
15982,-999,1.0000
15983,-999,1.0000
15984,-999,1.0000
15985,-999,1.0000
15986,-999,1.0000
15987,-999,1.0000
15988,-999,1.0000
15989,-999,1.0000
15990,-999,1.0000
15991,-999,1.0000
15992,-999,1.0000
15993,-999,1.0000
15994,-999,1.0000
15995,-999,1.0000
15996,-999,1.0000
15997,-999,1.0000
15998,-999,1.0000
15999,-999,1.0000
16000,-999,1.0000
16001,-999,1.0000
16002,-999,1.0000
16003,-999,1.0000
16004,-999,1.0000
16005,-999,1.0000
16006,-999,1.0000
16007,-999,1.0000
16008,-999,1.0000
16009,-999,1.0000
16010,-999,1.0000
16011,-999,1.0000
16012,-999,1.0000
16013,-999,1.0000
16014,-999,1.0000
16015,-999,1.0000
16016,-999,1.0000
16017,-999,1.0000
16018,-999,1.0000
16019,-999,1.0000
16020,-999,1.0000
16021,-999,1.0000
16022,-999,1.0000
16023,-999,1.0000
16024,-999,1.0000
16025,-999,1.0000
16026,-999,1.0000
16027,-999,1.0000
16028,-999,1.0000
16029,-999,1.0000
16030,-999,1.0000
16031,-999,1.0000
16032,-999,1.0000
16033,-999,1.0000
16034,-999,1.0000
16035,-999,1.0000
16036,-999,1.0000
16037,-999,1.0000
16038,-999,1.0000
16039,-999,1.0000
16040,-999,1.0000
16041,-999,1.0000
16042,-999,1.0000
16043,-999,1.0000
16044,-999,1.0000
16045,-999,1.0000
16046,-999,1.0000
16047,-999,1.0000
16048,-999,1.0000
16049,-999,1.0000
16050,-999,1.0000
16051,-999,1.0000
16052,-999,1.0000
16053,-999,1.0000
16054,-999,1.0000
16055,-999,1.0000
16056,-999,1.0000
16057,-999,1.0000
16058,-999,1.0000
16059,-999,1.0000
16060,-999,1.0000
16061,-999,1.0000
16062,-999,1.0000
16063,-999,1.0000
16064,-999,1.0000
16065,-999,1.0000
16066,-999,1.0000
16067,-999,1.0000
16068,-999,1.0000
16069,-999,1.0000
16070,-999,1.0000
16071,-999,1.0000
16072,-999,1.0000
16073,-999,1.0000
16074,-999,1.0000
16075,-999,1.0000
16076,-999,1.0000
16077,-999,1.0000
16078,-999,1.0000
16079,-999,1.0000
16080,-999,1.0000
16081,5254,1.0000
16082,5254,1.0000
16083,5254,1.0000
16084,5254,1.0000
16085,5254,1.0000
16086,5254,1.0000
16087,5254,1.0000
16088,5254,1.0000
16089,5254,1.0000
16090,5254,1.0000
16091,5254,1.0000
16092,5254,1.0000
16093,5254,1.0000
16094,5254,1.0000
16095,5254,1.0000
16096,5254,1.0000
16097,5254,1.0000
16098,5254,1.0000
16099,5254,1.0000
16100,5254,1.0000
16101,5254,1.0000
16102,5254,1.0000
16103,5254,1.0000
16104,5254,1.0000
16105,5254,1.0000
16106,5254,1.0000
16107,5254,1.0000
16108,5254,1.0000
16109,5254,1.0000
16110,5254,1.0000
16111,5254,1.0000
16112,5254,1.0000
16113,5254,1.0000
16114,5254,1.0000
16115,5254,1.0000
16116,5254,1.0000
16117,5254,1.0000
16118,5254,1.0000
16119,5254,1.0000
16120,5254,1.0000
16121,5254,1.0000
16122,5254,1.0000
16123,5254,1.0000
16124,5254,1.0000
16125,5254,1.0000
16126,5254,1.0000
16127,5254,1.0000
16128,5254,1.0000
16129,5254,1.0000
16130,5254,1.0000
16131,5254,1.0000
16132,5254,1.0000
16133,5254,1.0000
16134,5254,1.0000
16135,5254,1.0000
16136,5254,1.0000
16137,5254,1.0000
16138,5254,1.0000
16139,5254,1.0000
16140,5254,1.0000
16141,5254,1.0000
16142,5254,1.0000
16143,5254,1.0000
16144,5254,1.0000
16145,5254,1.0000
16146,5254,1.0000
16147,5254,1.0000
16148,5254,1.0000
16149,5254,1.0000
16150,5254,1.0000
16151,5254,1.0000
16152,5254,1.0000
16153,5254,1.0000
16154,5254,1.0000
16155,5254,1.0000
16156,5254,1.0000
16157,5254,1.0000
16158,5254,1.0000
16159,5254,1.0000
16160,5254,1.0000
16161,5254,1.0000
16162,5254,1.0000
16163,5254,1.0000
16164,5254,1.0000
16165,5254,.9375
16165,-999,.0625
16166,5254,.2000
16166,-999,.8000
16167,-999,1.0000
16168,-999,.9500
16168,5254,.0500
16169,-999,.7500
16169,5254,.2500
16170,-999,.2000
16170,5254,.8000
16171,5254,1.0000
16172,5254,1.0000
16173,5254,1.0000
16174,5254,1.0000
16175,5254,.8125
16175,-999,.1875
16176,-999,.3750
16176,5254,.6250
16177,5254,1.0000
16178,5254,1.0000
16179,5254,1.0000
16180,5254,1.0000
16181,5254,1.0000
16182,5254,1.0000
16183,5254,.4500
16183,-999,.5500
16184,-999,.5625
16184,5254,.4375
16185,-999,.1000
16185,5254,.9000
16186,5254,1.0000
16187,5254,1.0000
16188,5254,1.0000
16189,5254,1.0000
16190,5254,1.0000
16191,5254,.8750
16191,-999,.1250
16192,-999,.9000
16192,5254,.1000
16193,-999,1.0000
16194,-999,1.0000
16195,-999,1.0000
16196,-999,1.0000
16197,-999,1.0000
16198,-999,1.0000
16199,-999,1.0000
16200,-999,1.0000
16201,-999,1.0000
16202,-999,1.0000
16203,-999,1.0000
16204,-999,1.0000
16205,-999,1.0000
16206,-999,1.0000
16207,-999,1.0000
16208,-999,1.0000
16209,-999,1.0000
16210,-999,1.0000
16211,-999,1.0000
16212,-999,1.0000
16213,-999,1.0000
16214,-999,1.0000
16215,-999,1.0000
16216,-999,1.0000
16217,-999,1.0000
16218,-999,1.0000
16219,-999,1.0000
16220,-999,1.0000
16221,-999,1.0000
16222,-999,1.0000
16223,-999,1.0000
16224,-999,1.0000
16225,-999,1.0000
16226,-999,1.0000
16227,-999,1.0000
16228,-999,1.0000
16229,-999,1.0000
16230,-999,1.0000
16231,-999,1.0000
16232,-999,1.0000
16233,-999,1.0000
16234,-999,1.0000
16235,-999,1.0000
16236,-999,1.0000
16237,-999,1.0000
16238,-999,1.0000
16239,-999,1.0000
16240,-999,1.0000
16241,-999,1.0000
16242,-999,1.0000
16243,-999,1.0000
16244,-999,1.0000
16245,-999,1.0000
16246,-999,1.0000
16247,-999,1.0000
16248,-999,1.0000
16249,-999,1.0000
16250,-999,1.0000
16251,-999,1.0000
16252,-999,1.0000
16253,-999,1.0000
16254,-999,1.0000
16255,-999,1.0000
16256,-999,1.0000
16257,-999,1.0000
16258,-999,1.0000
16259,-999,1.0000
16260,-999,1.0000
16261,-999,1.0000
16262,-999,1.0000
16263,-999,1.0000
16264,-999,1.0000
16265,-999,1.0000
16266,-999,1.0000
16267,-999,1.0000
16268,-999,1.0000
16269,-999,1.0000
16270,-999,1.0000
16271,-999,1.0000
16272,-999,1.0000
16273,-999,1.0000
16274,-999,1.0000
16275,-999,1.0000
16276,-999,1.0000
16277,-999,1.0000
16278,-999,1.0000
16279,-999,1.0000
16280,-999,1.0000
16281,-999,1.0000
16282,-999,1.0000
16283,-999,1.0000
16284,-999,1.0000
16285,-999,1.0000
16286,-999,1.0000
16287,-999,1.0000
16288,-999,1.0000
16289,-999,1.0000
16290,-999,1.0000
16291,-999,1.0000
16292,-999,1.0000
16293,-999,1.0000
16294,-999,1.0000
16295,-999,1.0000
16296,-999,1.0000
16297,-999,1.0000
16298,-999,1.0000
16299,-999,1.0000
16300,-999,1.0000
16301,-999,1.0000
16302,-999,1.0000
16303,-999,1.0000
16304,-999,1.0000
16305,-999,1.0000
16306,-999,1.0000
16307,-999,1.0000
16308,-999,1.0000
16309,-999,1.0000
16310,-999,1.0000
16311,-999,1.0000
16312,-999,1.0000
16313,-999,1.0000
16314,-999,1.0000
16315,-999,1.0000
16316,-999,1.0000
16317,-999,1.0000
16318,-999,1.0000
16319,-999,1.0000
16320,-999,1.0000
16321,-999,1.0000
16322,-999,1.0000
16323,-999,1.0000
16324,-999,1.0000
16325,-999,1.0000
16326,-999,1.0000
16327,-999,1.0000
16328,-999,1.0000
16329,-999,1.0000
16330,-999,1.0000
16331,-999,1.0000
16332,-999,1.0000
16333,-999,1.0000
16334,-999,1.0000
16335,-999,1.0000
16336,-999,1.0000
16337,-999,1.0000
16338,-999,1.0000
16339,-999,1.0000
16340,-999,1.0000
16341,-999,1.0000
16342,-999,1.0000
16343,-999,1.0000
16344,-999,1.0000
16345,-999,1.0000
16346,-999,1.0000
16347,-999,1.0000
16348,-999,1.0000
16349,5254,1.0000
16350,5254,1.0000
16351,5254,1.0000
16352,5254,1.0000
16353,5254,1.0000
16354,5254,1.0000
16355,5254,1.0000
16356,5254,1.0000
16357,5254,1.0000
16358,5254,1.0000
16359,5254,1.0000
16360,5254,1.0000
16361,5254,1.0000
16362,5254,1.0000
16363,5254,1.0000
16364,5254,1.0000
16365,5254,1.0000
16366,5254,1.0000
16367,5254,1.0000
16368,5254,1.0000
16369,5254,1.0000
16370,5254,1.0000
16371,5254,1.0000
16372,5254,1.0000
16373,5254,1.0000
16374,5254,1.0000
16375,5254,1.0000
16376,5254,1.0000
16377,5254,1.0000
16378,5254,1.0000
16379,5254,1.0000
16380,5254,1.0000
16381,5254,1.0000
16382,5254,1.0000
16383,5254,1.0000
16384,5254,1.0000
16385,5254,1.0000
16386,5254,1.0000
16387,5254,1.0000
16388,5254,1.0000
16389,5254,1.0000
16390,5254,1.0000
16391,5254,1.0000
16392,5254,1.0000
16393,5254,1.0000
16394,5254,1.0000
16395,5254,1.0000
16396,5254,1.0000
16397,5254,1.0000
16398,5254,1.0000
16399,5254,1.0000
16400,5254,1.0000
16401,5254,1.0000
16402,5254,1.0000
16403,5254,1.0000
16404,5254,1.0000
16405,5254,1.0000
16406,5254,1.0000
16407,5254,1.0000
16408,5254,1.0000
16409,5254,1.0000
16410,5254,1.0000
16411,5254,1.0000
16412,5254,1.0000
16413,5254,1.0000
16414,5254,1.0000
16415,5254,1.0000
16416,5254,1.0000
16417,5254,1.0000
16418,5254,1.0000
16419,5254,1.0000
16420,5254,1.0000
16421,5254,1.0000
16422,5254,1.0000
16423,5254,1.0000
16424,5254,1.0000
16425,5254,1.0000
16426,5254,1.0000
16427,5254,1.0000
16428,5254,1.0000
16429,5254,1.0000
16430,5254,1.0000
16431,5254,1.0000
16432,5254,1.0000
16433,5254,.7500
16433,-999,.2500
16434,-999,1.0000
16435,-999,.8000
16435,5254,.2000
16436,-999,.2400
16436,5254,.7600
16437,5254,.9000
16437,-999,.1000
16438,-999,.3200
16438,5254,.6800
16439,5254,1.0000
16440,5254,1.0000
16441,5254,1.0000
16442,5254,1.0000
16443,5254,1.0000
16444,5254,1.0000
16445,5254,1.0000
16446,5254,1.0000
16447,5254,1.0000
16448,5254,1.0000
16449,5254,1.0000
16450,5254,1.0000
16451,5254,.4500
16451,-999,.5500
16452,5254,1.0000
16453,5254,1.0000
16454,5254,1.0000
16455,5254,1.0000
16456,5254,1.0000
16457,5254,1.0000
16458,5254,1.0000
16459,5254,1.0000
16460,5254,.5500
16460,-999,.4500
16461,-999,.9375
16461,5254,.0625
16462,-999,1.0000
16463,-999,1.0000
16464,-999,1.0000
16465,-999,1.0000
16466,-999,1.0000
16467,-999,1.0000
16468,-999,.8750
16468,5254,.1250
16469,-999,.9500
16469,5254,.0500
16470,-999,1.0000
16471,-999,1.0000
16472,-999,1.0000
16473,-999,1.0000
16474,-999,1.0000
16475,-999,1.0000
16476,-999,1.0000
16477,-999,1.0000
16478,-999,1.0000
16479,-999,1.0000
16480,-999,1.0000
16481,-999,1.0000
16482,-999,1.0000
16483,-999,1.0000
16484,-999,1.0000
16485,-999,1.0000
16486,-999,1.0000
16487,-999,1.0000
16488,-999,1.0000
16489,-999,1.0000
16490,-999,1.0000
16491,-999,1.0000
16492,-999,1.0000
16493,-999,1.0000
16494,-999,1.0000
16495,-999,1.0000
16496,-999,1.0000
16497,-999,1.0000
16498,-999,1.0000
16499,-999,1.0000
16500,-999,1.0000
16501,-999,1.0000
16502,-999,1.0000
16503,-999,1.0000
16504,-999,1.0000
16505,-999,1.0000
16506,-999,1.0000
16507,-999,1.0000
16508,-999,1.0000
16509,-999,1.0000
16510,-999,1.0000
16511,-999,1.0000
16512,-999,1.0000
16513,-999,1.0000
16514,-999,1.0000
16515,-999,1.0000
16516,-999,1.0000
16517,-999,1.0000
16518,-999,1.0000
16519,-999,1.0000
16520,-999,1.0000
16521,-999,1.0000
16522,-999,1.0000
16523,-999,1.0000
16524,-999,1.0000
16525,-999,1.0000
16526,-999,1.0000
16527,-999,1.0000
16528,-999,1.0000
16529,-999,1.0000
16530,-999,1.0000
16531,-999,1.0000
16532,-999,1.0000
16533,-999,1.0000
16534,-999,1.0000
16535,-999,1.0000
16536,-999,1.0000
16537,-999,1.0000
16538,-999,1.0000
16539,-999,1.0000
16540,-999,1.0000
16541,-999,1.0000
16542,-999,1.0000
16543,-999,1.0000
16544,-999,1.0000
16545,-999,1.0000
16546,-999,1.0000
16547,-999,1.0000
16548,-999,1.0000
16549,-999,1.0000
16550,-999,1.0000
16551,-999,1.0000
16552,-999,1.0000
16553,-999,1.0000
16554,-999,1.0000
16555,-999,1.0000
16556,-999,1.0000
16557,-999,1.0000
16558,-999,1.0000
16559,-999,1.0000
16560,-999,1.0000
16561,-999,1.0000
16562,-999,1.0000
16563,-999,1.0000
16564,-999,1.0000
16565,-999,1.0000
16566,-999,1.0000
16567,-999,1.0000
16568,-999,1.0000
16569,-999,1.0000
16570,-999,1.0000
16571,-999,1.0000
16572,-999,1.0000
16573,-999,1.0000
16574,-999,1.0000
16575,-999,1.0000
16576,-999,1.0000
16577,-999,1.0000
16578,-999,1.0000
16579,-999,1.0000
16580,-999,1.0000
16581,-999,1.0000
16582,-999,1.0000
16583,-999,1.0000
16584,-999,1.0000
16585,-999,1.0000
16586,-999,1.0000
16587,-999,1.0000
16588,-999,1.0000
16589,-999,1.0000
16590,-999,1.0000
16591,-999,1.0000
16592,-999,1.0000
16593,-999,1.0000
16594,-999,1.0000
16595,-999,1.0000
16596,-999,1.0000
16597,-999,1.0000
16598,-999,1.0000
16599,-999,1.0000
16600,-999,1.0000
16601,-999,1.0000
16602,-999,1.0000
16603,-999,1.0000
16604,-999,1.0000
16605,-999,1.0000
16606,-999,1.0000
16607,-999,1.0000
16608,-999,1.0000
16609,-999,1.0000
16610,-999,1.0000
16611,-999,1.0000
16612,-999,1.0000
16613,-999,1.0000
16614,-999,1.0000
16615,-999,1.0000
16616,-999,1.0000
16617,5254,1.0000
16618,5254,1.0000
16619,5254,1.0000
16620,5254,1.0000
16621,5254,1.0000
16622,5254,1.0000
16623,5254,1.0000
16624,5254,1.0000
16625,5254,1.0000
16626,5254,1.0000
16627,5254,1.0000
16628,5254,1.0000
16629,5254,1.0000
16630,5254,1.0000
16631,5254,1.0000
16632,5254,1.0000
16633,5254,1.0000
16634,5254,1.0000
16635,5254,1.0000
16636,5254,1.0000
16637,5254,1.0000
16638,5254,1.0000
16639,5254,1.0000
16640,5254,1.0000
16641,5254,1.0000
16642,5254,1.0000
16643,5254,1.0000
16644,5254,1.0000
16645,5254,1.0000
16646,5254,1.0000
16647,5254,1.0000
16648,5254,1.0000
16649,5254,1.0000
16650,5254,1.0000
16651,5254,1.0000
16652,5254,1.0000
16653,5254,1.0000
16654,5254,1.0000
16655,5254,1.0000
16656,5254,1.0000
16657,5254,1.0000
16658,5254,1.0000
16659,5254,1.0000
16660,5254,1.0000
16661,5254,1.0000
16662,5254,1.0000
16663,5254,1.0000
16664,5254,1.0000
16665,5254,1.0000
16666,5254,1.0000
16667,5254,1.0000
16668,5254,1.0000
16669,5254,1.0000
16670,5254,1.0000
16671,5254,1.0000
16672,5254,1.0000
16673,5254,1.0000
16674,5254,1.0000
16675,5254,1.0000
16676,5254,1.0000
16677,5254,1.0000
16678,5254,1.0000
16679,5254,1.0000
16680,5254,1.0000
16681,5254,1.0000
16682,5254,1.0000
16683,5254,1.0000
16684,5254,1.0000
16685,5254,1.0000
16686,5254,1.0000
16687,5254,1.0000
16688,5254,1.0000
16689,5254,1.0000
16690,5254,1.0000
16691,5254,1.0000
16692,5254,1.0000
16693,5254,1.0000
16694,5254,1.0000
16695,5254,1.0000
16696,5254,1.0000
16697,5254,1.0000
16698,5254,1.0000
16699,5254,1.0000
16700,5254,1.0000
16701,5254,.7500
16701,-999,.2500
16702,-999,.9000
16702,5254,.1000
16703,-999,.1875
16703,5254,.8125
16704,5254,1.0000
16705,5254,1.0000
16706,5254,.9000
16706,-999,.1000
16707,5254,1.0000
16708,5254,1.0000
16709,5254,1.0000
16710,5254,1.0000
16711,5254,1.0000
16712,5254,1.0000
16713,5254,1.0000
16714,5254,1.0000
16715,5254,1.0000
16716,5254,1.0000
16717,5254,1.0000
16718,5254,.8889
16718,-999,.1111
16719,5254,.4000
16719,-999,.6000
16720,5254,1.0000
16721,5254,1.0000
16722,5254,1.0000
16723,5254,1.0000
16724,5254,1.0000
16725,5254,1.0000
16726,5254,1.0000
16727,5254,1.0000
16728,5254,1.0000
16729,5254,.5500
16729,-999,.4500
16730,-999,.9600
16730,5254,.0400
16731,-999,1.0000
16732,-999,1.0000
16733,-999,1.0000
16734,-999,1.0000
16735,-999,.8750
16735,5254,.1250
16736,-999,.1667
16736,5254,.8333
16737,5254,.7895
16737,-999,.2105
16738,-999,.5000
16738,5254,.5000
16739,-999,.9500
16739,5254,.0500
16740,-999,1.0000
16741,-999,1.0000
16742,-999,1.0000
16743,-999,1.0000
16744,-999,1.0000
16745,-999,1.0000
16746,-999,1.0000
16747,-999,1.0000
16748,-999,1.0000
16749,-999,1.0000
16750,-999,1.0000
16751,-999,1.0000
16752,-999,1.0000
16753,-999,1.0000
16754,-999,1.0000
16755,-999,1.0000
16756,-999,1.0000
16757,-999,1.0000
16758,-999,1.0000
16759,-999,1.0000
16760,-999,1.0000
16761,-999,1.0000
16762,-999,1.0000
16763,-999,1.0000
16764,-999,1.0000
16765,-999,1.0000
16766,-999,1.0000
16767,-999,1.0000
16768,-999,1.0000
16769,-999,1.0000
16770,-999,1.0000
16771,-999,1.0000
16772,-999,1.0000
16773,-999,1.0000
16774,-999,1.0000
16775,-999,1.0000
16776,-999,1.0000
16777,-999,1.0000
16778,-999,1.0000
16779,-999,1.0000
16780,-999,1.0000
16781,-999,1.0000
16782,-999,1.0000
16783,-999,1.0000
16784,-999,1.0000
16785,-999,1.0000
16786,-999,1.0000
16787,-999,1.0000
16788,-999,1.0000
16789,-999,1.0000
16790,-999,1.0000
16791,-999,1.0000
16792,-999,1.0000
16793,-999,1.0000
16794,-999,1.0000
16795,-999,1.0000
16796,-999,1.0000
16797,-999,1.0000
16798,-999,1.0000
16799,-999,1.0000
16800,-999,1.0000
16801,-999,1.0000
16802,-999,1.0000
16803,-999,1.0000
16804,-999,1.0000
16805,-999,1.0000
16806,-999,1.0000
16807,-999,1.0000
16808,-999,1.0000
16809,-999,1.0000
16810,-999,1.0000
16811,-999,1.0000
16812,-999,1.0000
16813,-999,1.0000
16814,-999,1.0000
16815,-999,1.0000
16816,-999,1.0000
16817,-999,1.0000
16818,-999,1.0000
16819,-999,1.0000
16820,-999,1.0000
16821,-999,1.0000
16822,-999,1.0000
16823,-999,1.0000
16824,-999,1.0000
16825,-999,1.0000
16826,-999,1.0000
16827,-999,1.0000
16828,-999,1.0000
16829,-999,1.0000
16830,-999,1.0000
16831,-999,1.0000
16832,-999,1.0000
16833,-999,1.0000
16834,-999,1.0000
16835,-999,1.0000
16836,-999,1.0000
16837,-999,1.0000
16838,-999,1.0000
16839,-999,1.0000
16840,-999,1.0000
16841,-999,1.0000
16842,-999,1.0000
16843,-999,1.0000
16844,-999,1.0000
16845,-999,1.0000
16846,-999,1.0000
16847,-999,1.0000
16848,-999,1.0000
16849,-999,1.0000
16850,-999,1.0000
16851,-999,1.0000
16852,-999,1.0000
16853,-999,1.0000
16854,-999,1.0000
16855,-999,1.0000
16856,-999,1.0000
16857,-999,1.0000
16858,-999,1.0000
16859,-999,1.0000
16860,-999,1.0000
16861,-999,1.0000
16862,-999,1.0000
16863,-999,1.0000
16864,-999,1.0000
16865,-999,1.0000
16866,-999,1.0000
16867,-999,1.0000
16868,-999,1.0000
16869,-999,1.0000
16870,-999,1.0000
16871,-999,1.0000
16872,-999,1.0000
16873,-999,1.0000
16874,-999,1.0000
16875,-999,1.0000
16876,-999,1.0000
16877,-999,1.0000
16878,-999,1.0000
16879,-999,1.0000
16880,-999,1.0000
16881,-999,1.0000
16882,-999,1.0000
16883,-999,1.0000
16884,-999,1.0000
16885,5254,1.0000
16886,5254,1.0000
16887,5254,1.0000
16888,5254,1.0000
16889,5254,1.0000
16890,5254,1.0000
16891,5254,1.0000
16892,5254,1.0000
16893,5254,1.0000
16894,5254,1.0000
16895,5254,1.0000
16896,5254,1.0000
16897,5254,1.0000
16898,5254,1.0000
16899,5254,1.0000
16900,5254,1.0000
16901,5254,1.0000
16902,5254,1.0000
16903,5254,1.0000
16904,5254,1.0000
16905,5254,1.0000
16906,5254,1.0000
16907,5254,1.0000
16908,5254,1.0000
16909,5254,1.0000
16910,5254,1.0000
16911,5254,1.0000
16912,5254,1.0000
16913,5254,1.0000
16914,5254,1.0000
16915,5254,1.0000
16916,5254,1.0000
16917,5254,1.0000
16918,5254,1.0000
16919,5254,1.0000
16920,5254,1.0000
16921,5254,1.0000
16922,5254,1.0000
16923,5254,1.0000
16924,5254,1.0000
16925,5254,1.0000
16926,5254,1.0000
16927,5254,1.0000
16928,5254,1.0000
16929,5254,1.0000
16930,5254,1.0000
16931,5254,1.0000
16932,5254,1.0000
16933,5254,1.0000
16934,5254,1.0000
16935,5254,1.0000
16936,5254,1.0000
16937,5254,1.0000
16938,5254,1.0000
16939,5254,1.0000
16940,5254,1.0000
16941,5254,1.0000
16942,5254,1.0000
16943,5254,1.0000
16944,5254,1.0000
16945,5254,1.0000
16946,5254,1.0000
16947,5254,1.0000
16948,5254,1.0000
16949,5254,1.0000
16950,5254,1.0000
16951,5254,1.0000
16952,5254,1.0000
16953,5254,1.0000
16954,5254,1.0000
16955,5254,1.0000
16956,5254,1.0000
16957,5254,1.0000
16958,5254,1.0000
16959,5254,1.0000
16960,5254,1.0000
16961,5254,1.0000
16962,5254,1.0000
16963,5254,1.0000
16964,5254,1.0000
16965,5254,1.0000
16966,5254,1.0000
16967,5254,1.0000
16968,5254,1.0000
16969,5254,.8125
16969,-999,.1875
16970,-999,.4500
16970,5254,.5500
16971,5254,1.0000
16972,5254,1.0000
16973,5254,1.0000
16974,5254,1.0000
16975,5254,1.0000
16976,5254,1.0000
16977,5254,1.0000
16978,5254,1.0000
16979,5254,1.0000
16980,5254,1.0000
16981,5254,1.0000
16982,5254,1.0000
16983,5254,1.0000
16984,5254,1.0000
16985,5254,1.0000
16986,5254,.7500
16986,-999,.2500
16987,5254,.2000
16987,-999,.8000
16988,5254,.7500
16988,-999,.2500
16989,5254,1.0000
16990,5254,1.0000
16991,5254,1.0000
16992,5254,1.0000
16993,5254,1.0000
16994,5254,1.0000
16995,5254,1.0000
16996,5254,1.0000
16997,5254,1.0000
16998,5254,.5000
16998,-999,.5000
16999,-999,1.0000
17000,-999,1.0000
17001,-999,1.0000
17002,-999,1.0000
17003,-999,.5000
17003,5254,.5000
17004,5254,1.0000
17005,5254,1.0000
17006,5254,1.0000
17007,5254,.5217
17007,-999,.4783
17008,-999,1.0000
17009,-999,1.0000
17010,-999,1.0000
17011,-999,1.0000
17012,-999,1.0000
17013,-999,1.0000
17014,-999,1.0000
17015,-999,1.0000
17016,-999,1.0000
17017,-999,1.0000
17018,-999,1.0000
17019,-999,1.0000
17020,-999,1.0000
17021,-999,1.0000
17022,-999,1.0000
17023,-999,1.0000
17024,-999,1.0000
17025,-999,1.0000
17026,-999,1.0000
17027,-999,1.0000
17028,-999,1.0000
17029,-999,1.0000
17030,-999,1.0000
17031,-999,1.0000
17032,-999,1.0000
17033,-999,1.0000
17034,-999,1.0000
17035,-999,1.0000
17036,-999,1.0000
17037,-999,1.0000
17038,-999,1.0000
17039,-999,1.0000
17040,-999,1.0000
17041,-999,1.0000
17042,-999,1.0000
17043,-999,1.0000
17044,-999,1.0000
17045,-999,1.0000
17046,-999,1.0000
17047,-999,1.0000
17048,-999,1.0000
17049,-999,1.0000
17050,-999,1.0000
17051,-999,1.0000
17052,-999,1.0000
17053,-999,1.0000
17054,-999,1.0000
17055,-999,1.0000
17056,-999,1.0000
17057,-999,1.0000
17058,-999,1.0000
17059,-999,1.0000
17060,-999,1.0000
17061,-999,1.0000
17062,-999,1.0000
17063,-999,1.0000
17064,-999,1.0000
17065,-999,1.0000
17066,-999,1.0000
17067,-999,1.0000
17068,-999,1.0000
17069,-999,1.0000
17070,-999,1.0000
17071,-999,1.0000
17072,-999,1.0000
17073,-999,1.0000
17074,-999,1.0000
17075,-999,1.0000
17076,-999,1.0000
17077,-999,1.0000
17078,-999,1.0000
17079,-999,1.0000
17080,-999,1.0000
17081,-999,1.0000
17082,-999,1.0000
17083,-999,1.0000
17084,-999,1.0000
17085,-999,1.0000
17086,-999,1.0000
17087,-999,1.0000
17088,-999,1.0000
17089,-999,1.0000
17090,-999,1.0000
17091,-999,1.0000
17092,-999,1.0000
17093,-999,1.0000
17094,-999,1.0000
17095,-999,1.0000
17096,-999,1.0000
17097,-999,1.0000
17098,-999,1.0000
17099,-999,1.0000
17100,-999,1.0000
17101,-999,1.0000
17102,-999,1.0000
17103,-999,1.0000
17104,-999,1.0000
17105,-999,1.0000
17106,-999,1.0000
17107,-999,1.0000
17108,-999,1.0000
17109,-999,1.0000
17110,-999,1.0000
17111,-999,1.0000
17112,-999,1.0000
17113,-999,1.0000
17114,-999,1.0000
17115,-999,1.0000
17116,-999,1.0000
17117,-999,1.0000
17118,-999,1.0000
17119,-999,1.0000
17120,-999,1.0000
17121,-999,1.0000
17122,-999,1.0000
17123,-999,1.0000
17124,-999,1.0000
17125,-999,1.0000
17126,-999,1.0000
17127,-999,1.0000
17128,-999,1.0000
17129,-999,1.0000
17130,-999,1.0000
17131,-999,1.0000
17132,-999,1.0000
17133,-999,1.0000
17134,-999,1.0000
17135,-999,1.0000
17136,-999,1.0000
17137,-999,1.0000
17138,-999,1.0000
17139,-999,1.0000
17140,-999,1.0000
17141,-999,1.0000
17142,-999,1.0000
17143,-999,1.0000
17144,-999,1.0000
17145,-999,1.0000
17146,-999,1.0000
17147,-999,1.0000
17148,-999,1.0000
17149,-999,1.0000
17150,-999,1.0000
17151,-999,1.0000
17152,-999,1.0000
17153,5254,1.0000
17154,5254,1.0000
17155,5254,1.0000
17156,5254,1.0000
17157,5254,1.0000
17158,5254,1.0000
17159,5254,1.0000
17160,5254,1.0000
17161,5254,1.0000
17162,5254,1.0000
17163,5254,1.0000
17164,5254,1.0000
17165,5254,1.0000
17166,5254,1.0000
17167,5254,1.0000
17168,5254,1.0000
17169,5254,1.0000
17170,5254,1.0000
17171,5254,1.0000
17172,5254,1.0000
17173,5254,1.0000
17174,5254,1.0000
17175,5254,1.0000
17176,5254,1.0000
17177,5254,1.0000
17178,5254,1.0000
17179,5254,1.0000
17180,5254,1.0000
17181,5254,1.0000
17182,5254,1.0000
17183,5254,1.0000
17184,5254,1.0000
17185,5254,1.0000
17186,5254,1.0000
17187,5254,1.0000
17188,5254,1.0000
17189,5254,1.0000
17190,5254,1.0000
17191,5254,1.0000
17192,5254,1.0000
17193,5254,1.0000
17194,5254,1.0000
17195,5254,1.0000
17196,5254,1.0000
17197,5254,1.0000
17198,5254,1.0000
17199,5254,1.0000
17200,5254,1.0000
17201,5254,1.0000
17202,5254,1.0000
17203,5254,1.0000
17204,5254,1.0000
17205,5254,1.0000
17206,5254,1.0000
17207,5254,1.0000
17208,5254,1.0000
17209,5254,1.0000
17210,5254,.9500
17210,5222,.0500
17211,5254,.7500
17211,5222,.2500
17212,5254,.7500
17212,5222,.2500
17213,5254,1.0000
17214,5254,1.0000
17215,5254,1.0000
17216,5254,1.0000
17217,5254,1.0000
17218,5254,1.0000
17219,5254,1.0000
17220,5254,1.0000
17221,5254,1.0000
17222,5254,1.0000
17223,5254,1.0000
17224,5254,1.0000
17225,5254,1.0000
17226,5254,1.0000
17227,5254,1.0000
17228,5254,1.0000
17229,5254,1.0000
17230,5254,1.0000
17231,5254,1.0000
17232,5254,1.0000
17233,5254,1.0000
17234,5254,1.0000
17235,5254,1.0000
17236,5254,1.0000
17237,5254,1.0000
17238,5254,1.0000
17239,5254,1.0000
17240,5254,1.0000
17241,5254,1.0000
17242,5254,1.0000
17243,5254,1.0000
17244,5254,1.0000
17245,5254,1.0000
17246,5254,1.0000
17247,5254,1.0000
17248,5254,1.0000
17249,5254,1.0000
17250,5254,1.0000
17251,5254,1.0000
17252,5254,1.0000
17253,5254,.9500
17253,-999,.0500
17254,5254,.3125
17254,-999,.6875
17255,-999,.8000
17255,5254,.2000
17256,-999,.6875
17256,5254,.3125
17257,5254,.5500
17257,-999,.4500
17258,5254,.8750
17258,-999,.1250
17259,5254,1.0000
17260,5254,1.0000
17261,5254,1.0000
17262,5254,1.0000
17263,5254,1.0000
17264,5254,1.0000
17265,5254,1.0000
17266,5254,.9500
17266,-999,.0500
17267,-999,.5625
17267,5254,.4375
17268,-999,.9000
17268,5254,.1000
17269,-999,1.0000
17270,-999,.9000
17270,5254,.1000
17271,-999,.1250
17271,5254,.8750
17272,5254,1.0000
17273,5254,1.0000
17274,5254,1.0000
17275,5254,.7826
17275,-999,.2174
17276,-999,.9000
17276,5254,.1000
17277,-999,1.0000
17278,-999,1.0000
17279,-999,1.0000
17280,-999,1.0000
17281,-999,1.0000
17282,-999,1.0000
17283,-999,1.0000
17284,-999,1.0000
17285,-999,1.0000
17286,-999,1.0000
17287,-999,1.0000
17288,-999,1.0000
17289,-999,1.0000
17290,-999,1.0000
17291,-999,1.0000
17292,-999,1.0000
17293,-999,1.0000
17294,-999,1.0000
17295,-999,1.0000
17296,-999,1.0000
17297,-999,1.0000
17298,-999,1.0000
17299,-999,1.0000
17300,-999,1.0000
17301,-999,1.0000
17302,-999,1.0000
17303,-999,1.0000
17304,-999,1.0000
17305,-999,1.0000
17306,-999,1.0000
17307,-999,1.0000
17308,-999,1.0000
17309,-999,1.0000
17310,-999,1.0000
17311,-999,1.0000
17312,-999,1.0000
17313,-999,1.0000
17314,-999,1.0000
17315,-999,1.0000
17316,-999,1.0000
17317,-999,1.0000
17318,-999,1.0000
17319,-999,1.0000
17320,-999,1.0000
17321,-999,1.0000
17322,-999,1.0000
17323,-999,1.0000
17324,-999,1.0000
17325,-999,1.0000
17326,-999,1.0000
17327,-999,1.0000
17328,-999,1.0000
17329,-999,1.0000
17330,-999,1.0000
17331,-999,1.0000
17332,-999,1.0000
17333,-999,1.0000
17334,-999,1.0000
17335,-999,1.0000
17336,-999,1.0000
17337,-999,1.0000
17338,-999,1.0000
17339,-999,1.0000
17340,-999,1.0000
17341,-999,1.0000
17342,-999,1.0000
17343,-999,1.0000
17344,-999,1.0000
17345,-999,1.0000
17346,-999,1.0000
17347,-999,1.0000
17348,-999,1.0000
17349,-999,1.0000
17350,-999,1.0000
17351,-999,1.0000
17352,-999,1.0000
17353,-999,1.0000
17354,-999,1.0000
17355,-999,1.0000
17356,-999,1.0000
17357,-999,1.0000
17358,-999,1.0000
17359,-999,1.0000
17360,-999,1.0000
17361,-999,1.0000
17362,-999,1.0000
17363,-999,1.0000
17364,-999,1.0000
17365,-999,1.0000
17366,-999,1.0000
17367,-999,1.0000
17368,-999,1.0000
17369,-999,1.0000
17370,-999,1.0000
17371,-999,1.0000
17372,-999,1.0000
17373,-999,1.0000
17374,-999,1.0000
17375,-999,1.0000
17376,-999,1.0000
17377,-999,1.0000
17378,-999,1.0000
17379,-999,1.0000
17380,-999,1.0000
17381,-999,1.0000
17382,-999,1.0000
17383,-999,1.0000
17384,-999,1.0000
17385,-999,1.0000
17386,-999,1.0000
17387,-999,1.0000
17388,-999,1.0000
17389,-999,1.0000
17390,-999,1.0000
17391,-999,1.0000
17392,-999,1.0000
17393,-999,1.0000
17394,-999,1.0000
17395,-999,1.0000
17396,-999,1.0000
17397,-999,1.0000
17398,-999,1.0000
17399,-999,1.0000
17400,-999,1.0000
17401,-999,1.0000
17402,-999,1.0000
17403,-999,1.0000
17404,-999,1.0000
17405,-999,1.0000
17406,-999,1.0000
17407,-999,1.0000
17408,-999,1.0000
17409,-999,1.0000
17410,-999,1.0000
17411,-999,1.0000
17412,-999,1.0000
17413,-999,1.0000
17414,-999,1.0000
17415,-999,1.0000
17416,-999,1.0000
17417,-999,1.0000
17418,-999,1.0000
17419,-999,1.0000
17420,-999,1.0000
17421,5254,1.0000
17422,5254,1.0000
17423,5254,1.0000
17424,5254,1.0000
17425,5254,1.0000
17426,5254,1.0000
17427,5254,1.0000
17428,5254,1.0000
17429,5254,1.0000
17430,5254,1.0000
17431,5254,1.0000
17432,5254,1.0000
17433,5254,1.0000
17434,5254,1.0000
17435,5254,1.0000
17436,5254,1.0000
17437,5254,1.0000
17438,5254,1.0000
17439,5254,1.0000
17440,5254,1.0000
17441,5254,1.0000
17442,5254,1.0000
17443,5254,1.0000
17444,5254,1.0000
17445,5254,1.0000
17446,5254,1.0000
17447,5254,1.0000
17448,5254,1.0000
17449,5254,1.0000
17450,5254,1.0000
17451,5254,1.0000
17452,5254,1.0000
17453,5254,1.0000
17454,5254,1.0000
17455,5254,1.0000
17456,5254,1.0000
17457,5254,1.0000
17458,5254,1.0000
17459,5254,1.0000
17460,5254,1.0000
17461,5254,1.0000
17462,5254,1.0000
17463,5254,1.0000
17464,5254,1.0000
17465,5254,1.0000
17466,5254,1.0000
17467,5254,1.0000
17468,5254,1.0000
17469,5254,1.0000
17470,5254,1.0000
17471,5254,1.0000
17472,5254,1.0000
17473,5254,1.0000
17474,5254,1.0000
17475,5254,1.0000
17476,5254,1.0000
17477,5254,1.0000
17478,5254,.5000
17478,5222,.5000
17479,5222,1.0000
17480,5222,.9500
17480,5254,.0500
17481,5254,.3750
17481,5222,.6250
17482,5254,.8500
17482,5222,.1500
17483,5254,1.0000
17484,5254,1.0000
17485,5254,1.0000
17486,5254,1.0000
17487,5254,1.0000
17488,5254,1.0000
17489,5254,1.0000
17490,5254,1.0000
17491,5254,1.0000
17492,5254,1.0000
17493,5254,1.0000
17494,5254,1.0000
17495,5254,1.0000
17496,5254,1.0000
17497,5254,1.0000
17498,5254,1.0000
17499,5254,1.0000
17500,5254,1.0000
17501,5254,1.0000
17502,5254,1.0000
17503,5254,1.0000
17504,5254,1.0000
17505,5254,1.0000
17506,5254,1.0000
17507,5254,1.0000
17508,5254,1.0000
17509,5254,1.0000
17510,5254,1.0000
17511,5254,1.0000
17512,5254,1.0000
17513,5254,1.0000
17514,5254,1.0000
17515,5254,1.0000
17516,5254,1.0000
17517,5254,1.0000
17518,5254,1.0000
17519,5254,1.0000
17520,5254,1.0000
17521,5254,.9000
17521,-999,.1000
17522,-999,.6250
17522,5254,.3750
17523,-999,.0500
17523,5254,.9500
17524,5254,1.0000
17525,5254,.8000
17525,-999,.2000
17526,-999,.2500
17526,5254,.7500
17527,5254,1.0000
17528,5254,1.0000
17529,5254,1.0000
17530,5254,1.0000
17531,5254,1.0000
17532,5254,1.0000
17533,5254,1.0000
17534,5254,1.0000
17535,5254,1.0000
17536,5254,.8500
17536,-999,.1500
17537,-999,.5000
17537,5254,.5000
17538,-999,.4500
17538,5254,.5500
17539,5254,1.0000
17540,5254,1.0000
17541,5254,1.0000
17542,5254,1.0000
17543,5254,1.0000
17544,5254,.2500
17544,-999,.7500
17545,-999,1.0000
17546,-999,1.0000
17547,-999,1.0000
17548,-999,1.0000
17549,-999,1.0000
17550,-999,1.0000
17551,-999,1.0000
17552,-999,1.0000
17553,-999,1.0000
17554,-999,1.0000
17555,-999,1.0000
17556,-999,1.0000
17557,-999,1.0000
17558,-999,1.0000
17559,-999,1.0000
17560,-999,1.0000
17561,-999,1.0000
17562,-999,1.0000
17563,-999,1.0000
17564,-999,1.0000
17565,-999,1.0000
17566,-999,1.0000
17567,-999,1.0000
17568,-999,1.0000
17569,-999,1.0000
17570,-999,1.0000
17571,-999,1.0000
17572,-999,1.0000
17573,-999,1.0000
17574,-999,1.0000
17575,-999,1.0000
17576,-999,1.0000
17577,-999,1.0000
17578,-999,1.0000
17579,-999,1.0000
17580,-999,1.0000
17581,-999,1.0000
17582,-999,1.0000
17583,-999,1.0000
17584,-999,1.0000
17585,-999,1.0000
17586,-999,1.0000
17587,-999,1.0000
17588,-999,1.0000
17589,-999,1.0000
17590,-999,1.0000
17591,-999,1.0000
17592,-999,1.0000
17593,-999,1.0000
17594,-999,1.0000
17595,-999,1.0000
17596,-999,1.0000
17597,-999,1.0000
17598,-999,1.0000
17599,-999,1.0000
17600,-999,1.0000
17601,-999,1.0000
17602,-999,1.0000
17603,-999,1.0000
17604,-999,1.0000
17605,-999,1.0000
17606,-999,1.0000
17607,-999,1.0000
17608,-999,1.0000
17609,-999,1.0000
17610,-999,1.0000
17611,-999,1.0000
17612,-999,1.0000
17613,-999,1.0000
17614,-999,1.0000
17615,-999,1.0000
17616,-999,1.0000
17617,-999,1.0000
17618,-999,1.0000
17619,-999,1.0000
17620,-999,1.0000
17621,-999,1.0000
17622,-999,1.0000
17623,-999,1.0000
17624,-999,1.0000
17625,-999,1.0000
17626,-999,1.0000
17627,-999,1.0000
17628,-999,1.0000
17629,-999,1.0000
17630,-999,1.0000
17631,-999,1.0000
17632,-999,1.0000
17633,-999,1.0000
17634,-999,1.0000
17635,-999,1.0000
17636,-999,1.0000
17637,-999,1.0000
17638,-999,1.0000
17639,-999,1.0000
17640,-999,1.0000
17641,-999,1.0000
17642,-999,1.0000
17643,-999,1.0000
17644,-999,1.0000
17645,-999,1.0000
17646,-999,1.0000
17647,-999,1.0000
17648,-999,1.0000
17649,-999,1.0000
17650,-999,1.0000
17651,-999,1.0000
17652,-999,1.0000
17653,-999,1.0000
17654,-999,1.0000
17655,-999,1.0000
17656,-999,1.0000
17657,-999,1.0000
17658,-999,1.0000
17659,-999,1.0000
17660,-999,1.0000
17661,-999,1.0000
17662,-999,1.0000
17663,-999,1.0000
17664,-999,1.0000
17665,-999,1.0000
17666,-999,1.0000
17667,-999,1.0000
17668,-999,1.0000
17669,-999,1.0000
17670,-999,1.0000
17671,-999,1.0000
17672,-999,1.0000
17673,-999,1.0000
17674,-999,1.0000
17675,-999,1.0000
17676,-999,1.0000
17677,-999,1.0000
17678,-999,1.0000
17679,-999,1.0000
17680,-999,1.0000
17681,-999,1.0000
17682,-999,1.0000
17683,-999,1.0000
17684,-999,1.0000
17685,-999,1.0000
17686,-999,1.0000
17687,-999,1.0000
17688,-999,1.0000
17689,5254,1.0000
17690,5254,1.0000
17691,5254,1.0000
17692,5254,1.0000
17693,5254,1.0000
17694,5254,1.0000
17695,5254,1.0000
17696,5254,1.0000
17697,5254,1.0000
17698,5254,1.0000
17699,5254,1.0000
17700,5254,1.0000
17701,5254,1.0000
17702,5254,1.0000
17703,5254,1.0000
17704,5254,1.0000
17705,5254,1.0000
17706,5254,1.0000
17707,5254,1.0000
17708,5254,1.0000
17709,5254,1.0000
17710,5254,1.0000
17711,5254,1.0000
17712,5254,1.0000
17713,5254,1.0000
17714,5254,1.0000
17715,5254,1.0000
17716,5254,1.0000
17717,5254,1.0000
17718,5254,1.0000
17719,5254,1.0000
17720,5254,1.0000
17721,5254,1.0000
17722,5254,1.0000
17723,5254,1.0000
17724,5254,1.0000
17725,5254,1.0000
17726,5254,1.0000
17727,5254,1.0000
17728,5254,1.0000
17729,5254,1.0000
17730,5254,1.0000
17731,5254,1.0000
17732,5254,1.0000
17733,5254,1.0000
17734,5254,1.0000
17735,5254,1.0000
17736,5254,1.0000
17737,5254,1.0000
17738,5254,1.0000
17739,5254,1.0000
17740,5254,1.0000
17741,5254,1.0000
17742,5254,1.0000
17743,5254,1.0000
17744,5254,1.0000
17745,5254,.8750
17745,5222,.1250
17746,5254,.1000
17746,5222,.9000
17747,5222,1.0000
17748,5222,1.0000
17749,5222,1.0000
17750,5222,.8000
17750,5254,.2000
17751,5254,.8125
17751,5222,.1875
17752,5254,1.0000
17753,5254,1.0000
17754,5254,1.0000
17755,5254,1.0000
17756,5254,1.0000
17757,5254,1.0000
17758,5254,1.0000
17759,5254,1.0000
17760,5254,1.0000
17761,5254,1.0000
17762,5254,1.0000
17763,5254,1.0000
17764,5254,1.0000
17765,5254,1.0000
17766,5254,1.0000
17767,5254,1.0000
17768,5254,1.0000
17769,5254,1.0000
17770,5254,1.0000
17771,5254,1.0000
17772,5254,1.0000
17773,5254,1.0000
17774,5254,1.0000
17775,5254,1.0000
17776,5254,1.0000
17777,5254,1.0000
17778,5254,1.0000
17779,5254,1.0000
17780,5254,1.0000
17781,5254,1.0000
17782,5254,1.0000
17783,5254,1.0000
17784,5254,1.0000
17785,5254,1.0000
17786,5254,1.0000
17787,5254,1.0000
17788,5254,1.0000
17789,5254,.8000
17789,-999,.2000
17790,-999,.5500
17790,5254,.4500
17791,5254,1.0000
17792,5254,1.0000
17793,5254,1.0000
17794,5254,1.0000
17795,5254,1.0000
17796,5254,1.0000
17797,5254,1.0000
17798,5254,1.0000
17799,5254,1.0000
17800,5254,1.0000
17801,5254,1.0000
17802,5254,1.0000
17803,5254,1.0000
17804,5254,1.0000
17805,5254,1.0000
17806,5254,1.0000
17807,5254,1.0000
17808,5254,1.0000
17809,5254,1.0000
17810,5254,1.0000
17811,5254,1.0000
17812,5254,.2500
17812,-999,.7500
17813,-999,1.0000
17814,-999,1.0000
17815,-999,1.0000
17816,-999,1.0000
17817,-999,1.0000
17818,-999,1.0000
17819,-999,1.0000
17820,-999,1.0000
17821,-999,1.0000
17822,-999,1.0000
17823,-999,1.0000
17824,-999,1.0000
17825,-999,1.0000
17826,-999,1.0000
17827,-999,1.0000
17828,-999,1.0000
17829,-999,1.0000
17830,-999,1.0000
17831,-999,1.0000
17832,-999,1.0000
17833,-999,1.0000
17834,-999,1.0000
17835,-999,1.0000
17836,-999,1.0000
17837,-999,1.0000
17838,-999,1.0000
17839,-999,1.0000
17840,-999,1.0000
17841,-999,1.0000
17842,-999,1.0000
17843,-999,1.0000
17844,-999,1.0000
17845,-999,1.0000
17846,-999,1.0000
17847,-999,1.0000
17848,-999,1.0000
17849,-999,1.0000
17850,-999,1.0000
17851,-999,1.0000
17852,-999,1.0000
17853,-999,1.0000
17854,-999,1.0000
17855,-999,1.0000
17856,-999,1.0000
17857,-999,1.0000
17858,-999,1.0000
17859,-999,1.0000
17860,-999,1.0000
17861,-999,1.0000
17862,-999,1.0000
17863,-999,1.0000
17864,-999,1.0000
17865,-999,1.0000
17866,-999,1.0000
17867,-999,1.0000
17868,-999,1.0000
17869,-999,1.0000
17870,-999,1.0000
17871,-999,1.0000
17872,-999,1.0000
17873,-999,1.0000
17874,-999,1.0000
17875,-999,1.0000
17876,-999,1.0000
17877,-999,1.0000
17878,-999,1.0000
17879,-999,1.0000
17880,-999,1.0000
17881,-999,1.0000
17882,-999,1.0000
17883,-999,1.0000
17884,-999,1.0000
17885,-999,1.0000
17886,-999,1.0000
17887,-999,1.0000
17888,-999,1.0000
17889,-999,1.0000
17890,-999,1.0000
17891,-999,1.0000
17892,-999,1.0000
17893,-999,1.0000
17894,-999,1.0000
17895,-999,1.0000
17896,-999,1.0000
17897,-999,1.0000
17898,-999,1.0000
17899,-999,1.0000
17900,-999,1.0000
17901,-999,1.0000
17902,-999,1.0000
17903,-999,1.0000
17904,-999,1.0000
17905,-999,1.0000
17906,-999,1.0000
17907,-999,1.0000
17908,-999,1.0000
17909,-999,1.0000
17910,-999,1.0000
17911,-999,1.0000
17912,-999,1.0000
17913,-999,1.0000
17914,-999,1.0000
17915,-999,1.0000
17916,-999,1.0000
17917,-999,1.0000
17918,-999,1.0000
17919,-999,1.0000
17920,-999,1.0000
17921,-999,1.0000
17922,-999,1.0000
17923,-999,1.0000
17924,-999,1.0000
17925,-999,1.0000
17926,-999,1.0000
17927,-999,1.0000
17928,-999,1.0000
17929,-999,1.0000
17930,-999,1.0000
17931,-999,1.0000
17932,-999,1.0000
17933,-999,1.0000
17934,-999,1.0000
17935,-999,1.0000
17936,-999,1.0000
17937,-999,1.0000
17938,-999,1.0000
17939,-999,1.0000
17940,-999,1.0000
17941,-999,1.0000
17942,-999,1.0000
17943,-999,1.0000
17944,-999,1.0000
17945,-999,1.0000
17946,-999,1.0000
17947,-999,1.0000
17948,-999,1.0000
17949,-999,1.0000
17950,-999,1.0000
17951,-999,1.0000
17952,-999,1.0000
17953,-999,1.0000
17954,-999,1.0000
17955,-999,1.0000
17956,-999,1.0000
17957,5254,1.0000
17958,5254,1.0000
17959,5254,1.0000
17960,5254,1.0000
17961,5254,1.0000
17962,5254,1.0000
17963,5254,1.0000
17964,5254,1.0000
17965,5254,1.0000
17966,5254,1.0000
17967,5254,1.0000
17968,5254,1.0000
17969,5254,1.0000
17970,5254,1.0000
17971,5254,1.0000
17972,5254,1.0000
17973,5254,1.0000
17974,5254,1.0000
17975,5254,1.0000
17976,5254,1.0000
17977,5254,1.0000
17978,5254,1.0000
17979,5254,1.0000
17980,5254,1.0000
17981,5254,1.0000
17982,5254,1.0000
17983,5254,1.0000
17984,5254,1.0000
17985,5254,1.0000
17986,5254,1.0000
17987,5254,1.0000
17988,5254,1.0000
17989,5254,1.0000
17990,5254,1.0000
17991,5254,1.0000
17992,5254,1.0000
17993,5254,1.0000
17994,5254,1.0000
17995,5254,1.0000
17996,5254,1.0000
17997,5254,1.0000
17998,5254,1.0000
17999,5254,1.0000
18000,5254,1.0000
18001,5254,1.0000
18002,5254,1.0000
18003,5254,1.0000
18004,5254,1.0000
18005,5254,1.0000
18006,5254,1.0000
18007,5254,1.0000
18008,5254,1.0000
18009,5254,1.0000
18010,5254,1.0000
18011,5254,1.0000
18012,5254,1.0000
18013,5254,.5000
18013,5222,.5000
18014,5222,1.0000
18015,5222,1.0000
18016,5222,1.0000
18017,5222,1.0000
18018,5222,1.0000
18019,5222,.9000
18019,5254,.1000
18020,5254,.6000
18020,5222,.4000
18021,5254,1.0000
18022,5254,1.0000
18023,5254,1.0000
18024,5254,1.0000
18025,5254,1.0000
18026,5254,1.0000
18027,5254,1.0000
18028,5254,1.0000
18029,5254,1.0000
18030,5254,1.0000
18031,5254,1.0000
18032,5254,1.0000
18033,5254,1.0000
18034,5254,1.0000
18035,5254,1.0000
18036,5254,1.0000
18037,5254,1.0000
18038,5254,.8750
18038,5222,.1250
18039,5254,.6875
18039,5222,.3125
18040,5254,.9000
18040,5222,.1000
18041,5254,1.0000
18042,5254,1.0000
18043,5254,1.0000
18044,5254,1.0000
18045,5254,1.0000
18046,5254,1.0000
18047,5254,1.0000
18048,5254,1.0000
18049,5254,1.0000
18050,5254,1.0000
18051,5254,1.0000
18052,5254,1.0000
18053,5254,1.0000
18054,5254,1.0000
18055,5254,1.0000
18056,5254,1.0000
18057,5254,.8500
18057,-999,.1500
18058,-999,.7500
18058,5254,.2500
18059,5254,.9500
18059,-999,.0500
18060,5254,1.0000
18061,5254,1.0000
18062,5254,1.0000
18063,5254,1.0000
18064,5254,1.0000
18065,5254,1.0000
18066,5254,1.0000
18067,5254,1.0000
18068,5254,1.0000
18069,5254,1.0000
18070,5254,1.0000
18071,5254,1.0000
18072,5254,1.0000
18073,5254,1.0000
18074,5254,1.0000
18075,5254,1.0000
18076,5254,1.0000
18077,5254,1.0000
18078,5254,1.0000
18079,5254,.8125
18079,-999,.1875
18080,5254,.0526
18080,-999,.9474
18081,-999,1.0000
18082,-999,1.0000
18083,-999,1.0000
18084,-999,1.0000
18085,-999,1.0000
18086,-999,1.0000
18087,-999,1.0000
18088,-999,1.0000
18089,-999,1.0000
18090,-999,1.0000
18091,-999,1.0000
18092,-999,1.0000
18093,-999,1.0000
18094,-999,1.0000
18095,-999,1.0000
18096,-999,1.0000
18097,-999,1.0000
18098,-999,1.0000
18099,-999,1.0000
18100,-999,1.0000
18101,-999,1.0000
18102,-999,1.0000
18103,-999,1.0000
18104,-999,1.0000
18105,-999,1.0000
18106,-999,1.0000
18107,-999,1.0000
18108,-999,1.0000
18109,-999,1.0000
18110,-999,1.0000
18111,-999,1.0000
18112,-999,1.0000
18113,-999,1.0000
18114,-999,1.0000
18115,-999,1.0000
18116,-999,1.0000
18117,-999,1.0000
18118,-999,1.0000
18119,-999,1.0000
18120,-999,1.0000
18121,-999,1.0000
18122,-999,1.0000
18123,-999,1.0000
18124,-999,1.0000
18125,-999,1.0000
18126,-999,1.0000
18127,-999,1.0000
18128,-999,1.0000
18129,-999,1.0000
18130,-999,1.0000
18131,-999,1.0000
18132,-999,1.0000
18133,-999,1.0000
18134,-999,1.0000
18135,-999,1.0000
18136,-999,1.0000
18137,-999,1.0000
18138,-999,1.0000
18139,-999,1.0000
18140,-999,1.0000
18141,-999,1.0000
18142,-999,1.0000
18143,-999,1.0000
18144,-999,1.0000
18145,-999,1.0000
18146,-999,1.0000
18147,-999,1.0000
18148,-999,1.0000
18149,-999,1.0000
18150,-999,1.0000
18151,-999,1.0000
18152,-999,1.0000
18153,-999,1.0000
18154,-999,1.0000
18155,-999,1.0000
18156,-999,1.0000
18157,-999,1.0000
18158,-999,1.0000
18159,-999,1.0000
18160,-999,1.0000
18161,-999,1.0000
18162,-999,1.0000
18163,-999,1.0000
18164,-999,1.0000
18165,-999,1.0000
18166,-999,1.0000
18167,-999,1.0000
18168,-999,1.0000
18169,-999,1.0000
18170,-999,1.0000
18171,-999,1.0000
18172,-999,1.0000
18173,-999,1.0000
18174,-999,1.0000
18175,-999,1.0000
18176,-999,1.0000
18177,-999,1.0000
18178,-999,1.0000
18179,-999,1.0000
18180,-999,1.0000
18181,-999,1.0000
18182,-999,1.0000
18183,-999,1.0000
18184,-999,1.0000
18185,-999,1.0000
18186,-999,1.0000
18187,-999,1.0000
18188,-999,1.0000
18189,-999,1.0000
18190,-999,1.0000
18191,-999,1.0000
18192,-999,1.0000
18193,-999,1.0000
18194,-999,1.0000
18195,-999,1.0000
18196,-999,1.0000
18197,-999,1.0000
18198,-999,1.0000
18199,-999,1.0000
18200,-999,1.0000
18201,-999,1.0000
18202,-999,1.0000
18203,-999,1.0000
18204,-999,1.0000
18205,-999,1.0000
18206,-999,1.0000
18207,-999,1.0000
18208,-999,1.0000
18209,-999,1.0000
18210,-999,1.0000
18211,-999,1.0000
18212,-999,1.0000
18213,-999,1.0000
18214,-999,1.0000
18215,-999,1.0000
18216,-999,1.0000
18217,-999,1.0000
18218,-999,1.0000
18219,-999,1.0000
18220,-999,1.0000
18221,-999,1.0000
18222,-999,1.0000
18223,-999,1.0000
18224,-999,1.0000
18225,5254,1.0000
18226,5254,1.0000
18227,5254,1.0000
18228,5254,1.0000
18229,5254,1.0000
18230,5254,1.0000
18231,5254,1.0000
18232,5254,1.0000
18233,5254,1.0000
18234,5254,1.0000
18235,5254,1.0000
18236,5254,1.0000
18237,5254,1.0000
18238,5254,1.0000
18239,5254,1.0000
18240,5254,1.0000
18241,5254,1.0000
18242,5254,1.0000
18243,5254,1.0000
18244,5254,1.0000
18245,5254,1.0000
18246,5254,1.0000
18247,5254,1.0000
18248,5254,1.0000
18249,5254,1.0000
18250,5254,1.0000
18251,5254,1.0000
18252,5254,1.0000
18253,5254,1.0000
18254,5254,1.0000
18255,5254,1.0000
18256,5254,1.0000
18257,5254,1.0000
18258,5254,1.0000
18259,5254,1.0000
18260,5254,1.0000
18261,5254,1.0000
18262,5254,1.0000
18263,5254,1.0000
18264,5254,1.0000
18265,5254,1.0000
18266,5254,1.0000
18267,5254,1.0000
18268,5254,1.0000
18269,5254,1.0000
18270,5254,1.0000
18271,5254,1.0000
18272,5254,1.0000
18273,5254,1.0000
18274,5254,1.0000
18275,5254,1.0000
18276,5254,1.0000
18277,5254,1.0000
18278,5254,1.0000
18279,5254,1.0000
18280,5254,.6000
18280,5222,.4000
18281,5254,.0500
18281,5222,.9500
18282,5222,1.0000
18283,5222,1.0000
18284,5222,1.0000
18285,5222,1.0000
18286,5222,1.0000
18287,5222,1.0000
18288,5222,.9500
18288,5254,.0500
18289,5254,.6250
18289,5222,.3750
18290,5254,1.0000
18291,5254,1.0000
18292,5254,1.0000
18293,5254,1.0000
18294,5254,1.0000
18295,5254,1.0000
18296,5254,1.0000
18297,5254,1.0000
18298,5254,1.0000
18299,5254,1.0000
18300,5254,1.0000
18301,5254,1.0000
18302,5254,1.0000
18303,5254,1.0000
18304,5254,1.0000
18305,5254,1.0000
18306,5254,.8125
18306,5222,.1875
18307,5222,.9375
18307,5254,.0625
18308,5222,.8500
18308,5254,.1500
18309,5254,.4375
18309,5222,.5625
18310,5254,.6500
18310,5222,.3500
18311,5254,.9375
18311,5222,.0625
18312,5254,1.0000
18313,5254,1.0000
18314,5254,1.0000
18315,5254,1.0000
18316,5254,1.0000
18317,5254,1.0000
18318,5254,1.0000
18319,5254,1.0000
18320,5254,1.0000
18321,5254,1.0000
18322,5254,1.0000
18323,5254,1.0000
18324,5254,1.0000
18325,5254,1.0000
18326,5254,.5000
18326,-999,.5000
18327,-999,.2000
18327,5254,.8000
18328,5254,1.0000
18329,5254,1.0000
18330,5254,1.0000
18331,5254,1.0000
18332,5254,1.0000
18333,5254,1.0000
18334,5254,1.0000
18335,5254,1.0000
18336,5254,1.0000
18337,5254,1.0000
18338,5254,1.0000
18339,5254,1.0000
18340,5254,1.0000
18341,5254,1.0000
18342,5254,1.0000
18343,5254,1.0000
18344,5254,1.0000
18345,5254,1.0000
18346,5254,1.0000
18347,5254,.7500
18347,-999,.2500
18348,-999,1.0000
18349,-999,1.0000
18350,-999,1.0000
18351,-999,1.0000
18352,-999,1.0000
18353,-999,1.0000
18354,-999,1.0000
18355,-999,.8500
18355,5254,.1500
18356,-999,.9375
18356,5254,.0625
18357,-999,1.0000
18358,-999,1.0000
18359,-999,1.0000
18360,-999,1.0000
18361,-999,1.0000
18362,-999,1.0000
18363,-999,1.0000
18364,-999,1.0000
18365,-999,1.0000
18366,-999,1.0000
18367,-999,1.0000
18368,-999,1.0000
18369,-999,1.0000
18370,-999,1.0000
18371,-999,1.0000
18372,-999,1.0000
18373,-999,1.0000
18374,-999,1.0000
18375,-999,1.0000
18376,-999,1.0000
18377,-999,1.0000
18378,-999,1.0000
18379,-999,1.0000
18380,-999,1.0000
18381,-999,1.0000
18382,-999,1.0000
18383,-999,1.0000
18384,-999,1.0000
18385,-999,1.0000
18386,-999,1.0000
18387,-999,1.0000
18388,-999,1.0000
18389,-999,1.0000
18390,-999,1.0000
18391,-999,1.0000
18392,-999,1.0000
18393,-999,1.0000
18394,-999,1.0000
18395,-999,1.0000
18396,-999,1.0000
18397,-999,1.0000
18398,-999,1.0000
18399,-999,1.0000
18400,-999,1.0000
18401,-999,1.0000
18402,-999,1.0000
18403,-999,1.0000
18404,-999,1.0000
18405,-999,1.0000
18406,-999,1.0000
18407,-999,1.0000
18408,-999,1.0000
18409,-999,1.0000
18410,-999,1.0000
18411,-999,1.0000
18412,-999,1.0000
18413,-999,1.0000
18414,-999,1.0000
18415,-999,1.0000
18416,-999,1.0000
18417,-999,1.0000
18418,-999,1.0000
18419,-999,1.0000
18420,-999,1.0000
18421,-999,1.0000
18422,-999,1.0000
18423,-999,1.0000
18424,-999,1.0000
18425,-999,1.0000
18426,-999,1.0000
18427,-999,1.0000
18428,-999,1.0000
18429,-999,1.0000
18430,-999,1.0000
18431,-999,1.0000
18432,-999,1.0000
18433,-999,1.0000
18434,-999,1.0000
18435,-999,1.0000
18436,-999,1.0000
18437,-999,1.0000
18438,-999,1.0000
18439,-999,1.0000
18440,-999,1.0000
18441,-999,1.0000
18442,-999,1.0000
18443,-999,1.0000
18444,-999,1.0000
18445,-999,1.0000
18446,-999,1.0000
18447,-999,1.0000
18448,-999,1.0000
18449,-999,1.0000
18450,-999,1.0000
18451,-999,1.0000
18452,-999,1.0000
18453,-999,1.0000
18454,-999,1.0000
18455,-999,1.0000
18456,-999,1.0000
18457,-999,1.0000
18458,-999,1.0000
18459,-999,1.0000
18460,-999,1.0000
18461,-999,1.0000
18462,-999,1.0000
18463,-999,1.0000
18464,-999,1.0000
18465,-999,1.0000
18466,-999,1.0000
18467,-999,1.0000
18468,-999,1.0000
18469,-999,1.0000
18470,-999,1.0000
18471,-999,1.0000
18472,-999,1.0000
18473,-999,1.0000
18474,-999,1.0000
18475,-999,1.0000
18476,-999,1.0000
18477,-999,1.0000
18478,-999,1.0000
18479,-999,1.0000
18480,-999,1.0000
18481,-999,1.0000
18482,-999,1.0000
18483,-999,1.0000
18484,-999,1.0000
18485,-999,1.0000
18486,-999,1.0000
18487,-999,1.0000
18488,-999,1.0000
18489,-999,1.0000
18490,-999,1.0000
18491,-999,1.0000
18492,-999,1.0000
18493,5254,1.0000
18494,5254,1.0000
18495,5254,1.0000
18496,5254,1.0000
18497,5254,1.0000
18498,5254,1.0000
18499,5254,1.0000
18500,5254,1.0000
18501,5254,1.0000
18502,5254,1.0000
18503,5254,1.0000
18504,5254,1.0000
18505,5254,1.0000
18506,5254,1.0000
18507,5254,1.0000
18508,5254,1.0000
18509,5254,1.0000
18510,5254,1.0000
18511,5254,1.0000
18512,5254,1.0000
18513,5254,1.0000
18514,5254,1.0000
18515,5254,1.0000
18516,5254,1.0000
18517,5254,1.0000
18518,5254,1.0000
18519,5254,1.0000
18520,5254,1.0000
18521,5254,1.0000
18522,5254,1.0000
18523,5254,1.0000
18524,5254,1.0000
18525,5254,1.0000
18526,5254,1.0000
18527,5254,1.0000
18528,5254,1.0000
18529,5254,1.0000
18530,5254,1.0000
18531,5254,1.0000
18532,5254,1.0000
18533,5254,1.0000
18534,5254,1.0000
18535,5254,1.0000
18536,5254,1.0000
18537,5254,1.0000
18538,5254,1.0000
18539,5254,1.0000
18540,5254,1.0000
18541,5254,1.0000
18542,5254,1.0000
18543,5254,1.0000
18544,5254,1.0000
18545,5254,1.0000
18546,5254,1.0000
18547,5254,.6250
18547,5222,.3750
18548,5254,.0500
18548,5222,.9500
18549,5222,1.0000
18550,5222,1.0000
18551,5222,1.0000
18552,5222,1.0000
18553,5222,1.0000
18554,5222,1.0000
18555,5222,1.0000
18556,5222,1.0000
18557,5222,.9375
18557,5254,.0625
18558,5254,.6667
18558,5222,.3333
18559,5254,1.0000
18560,5254,1.0000
18561,5254,1.0000
18562,5254,1.0000
18563,5254,1.0000
18564,5254,1.0000
18565,5254,1.0000
18566,5254,1.0000
18567,5254,1.0000
18568,5254,1.0000
18569,5254,1.0000
18570,5254,1.0000
18571,5254,1.0000
18572,5254,1.0000
18573,5254,1.0000
18574,5254,1.0000
18575,5254,.3125
18575,5222,.6875
18576,5222,1.0000
18577,5222,1.0000
18578,5222,1.0000
18579,5222,.7500
18579,5254,.2500
18580,5254,.6000
18580,5222,.4000
18581,5254,.9375
18581,5222,.0625
18582,5254,1.0000
18583,5254,1.0000
18584,5254,1.0000
18585,5254,1.0000
18586,5254,1.0000
18587,5254,1.0000
18588,5254,1.0000
18589,5254,1.0000
18590,5254,1.0000
18591,5254,1.0000
18592,5254,1.0000
18593,5254,1.0000
18594,5254,.8750
18594,-999,.1250
18595,-999,.1000
18595,5254,.9000
18596,5254,1.0000
18597,5254,1.0000
18598,5254,1.0000
18599,5254,1.0000
18600,5254,1.0000
18601,5254,1.0000
18602,5254,1.0000
18603,5254,1.0000
18604,5254,1.0000
18605,5254,1.0000
18606,5254,1.0000
18607,5254,1.0000
18608,5254,1.0000
18609,5254,1.0000
18610,5254,1.0000
18611,5254,1.0000
18612,5254,1.0000
18613,5254,1.0000
18614,5254,1.0000
18615,5254,.6875
18615,-999,.3125
18616,-999,1.0000
18617,-999,1.0000
18618,-999,1.0000
18619,-999,1.0000
18620,-999,1.0000
18621,-999,.7600
18621,5254,.2400
18622,-999,.6000
18622,5254,.4000
18623,-999,.2609
18623,5254,.7391
18624,5254,.5625
18624,-999,.4375
18625,-999,1.0000
18626,-999,1.0000
18627,-999,1.0000
18628,-999,1.0000
18629,-999,1.0000
18630,-999,1.0000
18631,-999,1.0000
18632,-999,1.0000
18633,-999,1.0000
18634,-999,1.0000
18635,-999,1.0000
18636,-999,1.0000
18637,-999,1.0000
18638,-999,1.0000
18639,-999,1.0000
18640,-999,1.0000
18641,-999,1.0000
18642,-999,1.0000
18643,-999,1.0000
18644,-999,1.0000
18645,-999,1.0000
18646,-999,1.0000
18647,-999,1.0000
18648,-999,1.0000
18649,-999,1.0000
18650,-999,1.0000
18651,-999,1.0000
18652,-999,1.0000
18653,-999,1.0000
18654,-999,1.0000
18655,-999,1.0000
18656,-999,1.0000
18657,-999,1.0000
18658,-999,1.0000
18659,-999,1.0000
18660,-999,1.0000
18661,-999,1.0000
18662,-999,1.0000
18663,-999,1.0000
18664,-999,1.0000
18665,-999,1.0000
18666,-999,1.0000
18667,-999,1.0000
18668,-999,1.0000
18669,-999,1.0000
18670,-999,1.0000
18671,-999,1.0000
18672,-999,1.0000
18673,-999,1.0000
18674,-999,1.0000
18675,-999,1.0000
18676,-999,1.0000
18677,-999,1.0000
18678,-999,1.0000
18679,-999,1.0000
18680,-999,1.0000
18681,-999,1.0000
18682,-999,1.0000
18683,-999,1.0000
18684,-999,1.0000
18685,-999,1.0000
18686,-999,1.0000
18687,-999,1.0000
18688,-999,1.0000
18689,-999,1.0000
18690,-999,1.0000
18691,-999,1.0000
18692,-999,1.0000
18693,-999,1.0000
18694,-999,1.0000
18695,-999,1.0000
18696,-999,1.0000
18697,-999,1.0000
18698,-999,1.0000
18699,-999,1.0000
18700,-999,1.0000
18701,-999,1.0000
18702,-999,1.0000
18703,-999,1.0000
18704,-999,1.0000
18705,-999,1.0000
18706,-999,1.0000
18707,-999,1.0000
18708,-999,1.0000
18709,-999,1.0000
18710,-999,1.0000
18711,-999,1.0000
18712,-999,1.0000
18713,-999,1.0000
18714,-999,1.0000
18715,-999,1.0000
18716,-999,1.0000
18717,-999,1.0000
18718,-999,1.0000
18719,-999,1.0000
18720,-999,1.0000
18721,-999,1.0000
18722,-999,1.0000
18723,-999,1.0000
18724,-999,1.0000
18725,-999,1.0000
18726,-999,1.0000
18727,-999,1.0000
18728,-999,1.0000
18729,-999,1.0000
18730,-999,1.0000
18731,-999,1.0000
18732,-999,1.0000
18733,-999,1.0000
18734,-999,1.0000
18735,-999,1.0000
18736,-999,1.0000
18737,-999,1.0000
18738,-999,1.0000
18739,-999,1.0000
18740,-999,1.0000
18741,-999,1.0000
18742,-999,1.0000
18743,-999,1.0000
18744,-999,1.0000
18745,-999,1.0000
18746,-999,1.0000
18747,-999,1.0000
18748,-999,1.0000
18749,-999,1.0000
18750,-999,1.0000
18751,-999,1.0000
18752,-999,1.0000
18753,-999,1.0000
18754,-999,1.0000
18755,-999,1.0000
18756,-999,1.0000
18757,-999,1.0000
18758,-999,1.0000
18759,-999,1.0000
18760,-999,1.0000
18761,5254,1.0000
18762,5254,1.0000
18763,5254,1.0000
18764,5254,1.0000
18765,5254,1.0000
18766,5254,1.0000
18767,5254,1.0000
18768,5254,1.0000
18769,5254,1.0000
18770,5254,1.0000
18771,5254,1.0000
18772,5254,1.0000
18773,5254,1.0000
18774,5254,1.0000
18775,5254,1.0000
18776,5254,1.0000
18777,5254,1.0000
18778,5254,1.0000
18779,5254,1.0000
18780,5254,1.0000
18781,5254,1.0000
18782,5254,1.0000
18783,5254,1.0000
18784,5254,1.0000
18785,5254,1.0000
18786,5254,1.0000
18787,5254,1.0000
18788,5254,1.0000
18789,5254,1.0000
18790,5254,1.0000
18791,5254,1.0000
18792,5254,1.0000
18793,5254,1.0000
18794,5254,1.0000
18795,5254,1.0000
18796,5254,1.0000
18797,5254,1.0000
18798,5254,1.0000
18799,5254,1.0000
18800,5254,1.0000
18801,5254,1.0000
18802,5254,1.0000
18803,5254,1.0000
18804,5254,1.0000
18805,5254,1.0000
18806,5254,1.0000
18807,5254,1.0000
18808,5254,1.0000
18809,5254,1.0000
18810,5254,1.0000
18811,5254,1.0000
18812,5254,1.0000
18813,5254,1.0000
18814,5254,.9000
18814,5222,.1000
18815,5254,.1250
18815,5222,.8750
18816,5222,1.0000
18817,5222,1.0000
18818,5222,1.0000
18819,5222,1.0000
18820,5222,1.0000
18821,5222,1.0000
18822,5222,1.0000
18823,5222,1.0000
18824,5222,1.0000
18825,5222,1.0000
18826,5222,.8750
18826,5254,.1250
18827,5254,.7500
18827,5222,.2500
18828,5254,1.0000
18829,5254,1.0000
18830,5254,1.0000
18831,5254,1.0000
18832,5254,1.0000
18833,5254,1.0000
18834,5254,1.0000
18835,5254,1.0000
18836,5254,1.0000
18837,5254,1.0000
18838,5254,1.0000
18839,5254,1.0000
18840,5254,1.0000
18841,5254,1.0000
18842,5254,1.0000
18843,5254,.5000
18843,5222,.5000
18844,5222,1.0000
18845,5222,1.0000
18846,5222,1.0000
18847,5222,1.0000
18848,5222,1.0000
18849,5222,.6250
18849,5254,.3750
18850,5254,.9500
18850,5222,.0500
18851,5254,1.0000
18852,5254,1.0000
18853,5254,1.0000
18854,5254,1.0000
18855,5254,1.0000
18856,5254,1.0000
18857,5254,1.0000
18858,5254,1.0000
18859,5254,1.0000
18860,5254,1.0000
18861,5254,1.0000
18862,5254,1.0000
18863,5254,1.0000
18864,5254,1.0000
18865,5254,1.0000
18866,5254,1.0000
18867,5254,1.0000
18868,5254,1.0000
18869,5254,1.0000
18870,5254,1.0000
18871,5254,1.0000
18872,5254,1.0000
18873,5254,1.0000
18874,5254,1.0000
18875,5254,1.0000
18876,5254,1.0000
18877,5254,1.0000
18878,5254,1.0000
18879,5254,1.0000
18880,5254,1.0000
18881,5254,1.0000
18882,5254,1.0000
18883,5254,.6250
18883,-999,.3750
18884,-999,1.0000
18885,-999,1.0000
18886,-999,1.0000
18887,-999,1.0000
18888,-999,.4118
18888,5254,.5882
18889,-999,.0500
18889,5254,.9500
18890,5254,.9375
18890,-999,.0625
18891,5254,.9565
18891,-999,.0435
18892,5254,.7500
18892,-999,.2500
18893,-999,1.0000
18894,-999,1.0000
18895,-999,1.0000
18896,-999,1.0000
18897,-999,1.0000
18898,-999,1.0000
18899,-999,1.0000
18900,-999,1.0000
18901,-999,1.0000
18902,-999,1.0000
18903,-999,1.0000
18904,-999,1.0000
18905,-999,1.0000
18906,-999,1.0000
18907,-999,1.0000
18908,-999,1.0000
18909,-999,1.0000
18910,-999,1.0000
18911,-999,1.0000
18912,-999,1.0000
18913,-999,1.0000
18914,-999,1.0000
18915,-999,1.0000
18916,-999,1.0000
18917,-999,1.0000
18918,-999,1.0000
18919,-999,1.0000
18920,-999,1.0000
18921,-999,1.0000
18922,-999,1.0000
18923,-999,1.0000
18924,-999,1.0000
18925,-999,1.0000
18926,-999,1.0000
18927,-999,1.0000
18928,-999,1.0000
18929,-999,1.0000
18930,-999,1.0000
18931,-999,1.0000
18932,-999,1.0000
18933,-999,1.0000
18934,-999,1.0000
18935,-999,1.0000
18936,-999,1.0000
18937,-999,1.0000
18938,-999,1.0000
18939,-999,1.0000
18940,-999,1.0000
18941,-999,1.0000
18942,-999,1.0000
18943,-999,1.0000
18944,-999,1.0000
18945,-999,1.0000
18946,-999,1.0000
18947,-999,1.0000
18948,-999,1.0000
18949,-999,1.0000
18950,-999,1.0000
18951,-999,1.0000
18952,-999,1.0000
18953,-999,1.0000
18954,-999,1.0000
18955,-999,1.0000
18956,-999,1.0000
18957,-999,1.0000
18958,-999,1.0000
18959,-999,1.0000
18960,-999,1.0000
18961,-999,1.0000
18962,-999,1.0000
18963,-999,1.0000
18964,-999,1.0000
18965,-999,1.0000
18966,-999,1.0000
18967,-999,1.0000
18968,-999,1.0000
18969,-999,1.0000
18970,-999,1.0000
18971,-999,1.0000
18972,-999,1.0000
18973,-999,1.0000
18974,-999,1.0000
18975,-999,1.0000
18976,-999,1.0000
18977,-999,1.0000
18978,-999,1.0000
18979,-999,1.0000
18980,-999,1.0000
18981,-999,1.0000
18982,-999,1.0000
18983,-999,1.0000
18984,-999,1.0000
18985,-999,1.0000
18986,-999,1.0000
18987,-999,1.0000
18988,-999,1.0000
18989,-999,1.0000
18990,-999,1.0000
18991,-999,1.0000
18992,-999,1.0000
18993,-999,1.0000
18994,-999,1.0000
18995,-999,1.0000
18996,-999,1.0000
18997,-999,1.0000
18998,-999,1.0000
18999,-999,1.0000
19000,-999,1.0000
19001,-999,1.0000
19002,-999,1.0000
19003,-999,1.0000
19004,-999,1.0000
19005,-999,1.0000
19006,-999,1.0000
19007,-999,1.0000
19008,-999,1.0000
19009,-999,1.0000
19010,-999,1.0000
19011,-999,1.0000
19012,-999,1.0000
19013,-999,1.0000
19014,-999,1.0000
19015,-999,1.0000
19016,-999,1.0000
19017,-999,1.0000
19018,-999,1.0000
19019,-999,1.0000
19020,-999,1.0000
19021,-999,1.0000
19022,-999,1.0000
19023,-999,1.0000
19024,-999,1.0000
19025,-999,1.0000
19026,-999,1.0000
19027,-999,1.0000
19028,-999,1.0000
19029,5254,1.0000
19030,5254,1.0000
19031,5254,1.0000
19032,5254,1.0000
19033,5254,1.0000
19034,5254,1.0000
19035,5254,1.0000
19036,5254,1.0000
19037,5254,1.0000
19038,5254,1.0000
19039,5254,1.0000
19040,5254,1.0000
19041,5254,1.0000
19042,5254,1.0000
19043,5254,1.0000
19044,5254,1.0000
19045,5254,1.0000
19046,5254,1.0000
19047,5254,1.0000
19048,5254,1.0000
19049,5254,1.0000
19050,5254,1.0000
19051,5254,1.0000
19052,5254,1.0000
19053,5254,1.0000
19054,5254,1.0000
19055,5254,1.0000
19056,5254,1.0000
19057,5254,1.0000
19058,5254,1.0000
19059,5254,1.0000
19060,5254,1.0000
19061,5254,1.0000
19062,5254,1.0000
19063,5254,1.0000
19064,5254,1.0000
19065,5254,1.0000
19066,5254,1.0000
19067,5254,1.0000
19068,5254,1.0000
19069,5254,1.0000
19070,5254,1.0000
19071,5254,1.0000
19072,5254,1.0000
19073,5254,1.0000
19074,5254,1.0000
19075,5254,1.0000
19076,5254,1.0000
19077,5254,1.0000
19078,5254,1.0000
19079,5254,1.0000
19080,5254,1.0000
19081,5254,1.0000
19082,5254,.6000
19082,5222,.4000
19083,5222,1.0000
19084,5222,1.0000
19085,5222,1.0000
19086,5222,1.0000
19087,5222,1.0000
19088,5222,1.0000
19089,5222,1.0000
19090,5222,1.0000
19091,5222,1.0000
19092,5222,1.0000
19093,5222,1.0000
19094,5222,1.0000
19095,5222,.8500
19095,5254,.1500
19096,5254,.6316
19096,5222,.3684
19097,5254,.9200
19097,5222,.0800
19098,5254,1.0000
19099,5254,1.0000
19100,5254,1.0000
19101,5254,1.0000
19102,5254,1.0000
19103,5254,1.0000
19104,5254,1.0000
19105,5254,1.0000
19106,5254,1.0000
19107,5254,1.0000
19108,5254,1.0000
19109,5254,1.0000
19110,5254,.9600
19110,5222,.0400
19111,5254,.4000
19111,5222,.6000
19112,5222,1.0000
19113,5222,1.0000
19114,5222,1.0000
19115,5222,1.0000
19116,5222,1.0000
19117,5222,1.0000
19118,5222,.4000
19118,5254,.6000
19119,5254,1.0000
19120,5254,1.0000
19121,5254,1.0000
19122,5254,1.0000
19123,5254,1.0000
19124,5254,1.0000
19125,5254,1.0000
19126,5254,1.0000
19127,5254,1.0000
19128,5254,1.0000
19129,5254,1.0000
19130,5254,1.0000
19131,5254,1.0000
19132,5254,1.0000
19133,5254,1.0000
19134,5254,1.0000
19135,5254,1.0000
19136,5254,1.0000
19137,5254,1.0000
19138,5254,1.0000
19139,5254,1.0000
19140,5254,1.0000
19141,5254,1.0000
19142,5254,1.0000
19143,5254,1.0000
19144,5254,1.0000
19145,5254,1.0000
19146,5254,1.0000
19147,5254,1.0000
19148,5254,1.0000
19149,5254,1.0000
19150,5254,1.0000
19151,5254,.9375
19151,-999,.0625
19152,-999,.7000
19152,5254,.3000
19153,-999,1.0000
19154,-999,1.0000
19155,-999,1.0000
19156,-999,.2500
19156,5254,.7500
19157,5254,1.0000
19158,5254,1.0000
19159,5254,1.0000
19160,5254,.8750
19160,-999,.1250
19161,-999,.9000
19161,5254,.1000
19162,-999,1.0000
19163,-999,1.0000
19164,-999,1.0000
19165,-999,1.0000
19166,-999,1.0000
19167,-999,1.0000
19168,-999,1.0000
19169,-999,1.0000
19170,-999,1.0000
19171,-999,1.0000
19172,-999,1.0000
19173,-999,1.0000
19174,-999,1.0000
19175,-999,1.0000
19176,-999,1.0000
19177,-999,1.0000
19178,-999,1.0000
19179,-999,1.0000
19180,-999,1.0000
19181,-999,1.0000
19182,-999,1.0000
19183,-999,1.0000
19184,-999,1.0000
19185,-999,1.0000
19186,-999,1.0000
19187,-999,1.0000
19188,-999,1.0000
19189,-999,1.0000
19190,-999,1.0000
19191,-999,1.0000
19192,-999,1.0000
19193,-999,1.0000
19194,-999,1.0000
19195,-999,1.0000
19196,-999,1.0000
19197,-999,1.0000
19198,-999,1.0000
19199,-999,1.0000
19200,-999,1.0000
19201,-999,1.0000
19202,-999,1.0000
19203,-999,1.0000
19204,-999,1.0000
19205,-999,1.0000
19206,-999,1.0000
19207,-999,1.0000
19208,-999,1.0000
19209,-999,1.0000
19210,-999,1.0000
19211,-999,1.0000
19212,-999,1.0000
19213,-999,1.0000
19214,-999,1.0000
19215,-999,1.0000
19216,-999,1.0000
19217,-999,1.0000
19218,-999,1.0000
19219,-999,1.0000
19220,-999,1.0000
19221,-999,1.0000
19222,-999,1.0000
19223,-999,1.0000
19224,-999,1.0000
19225,-999,1.0000
19226,-999,1.0000
19227,-999,1.0000
19228,-999,1.0000
19229,-999,1.0000
19230,-999,1.0000
19231,-999,1.0000
19232,-999,1.0000
19233,-999,1.0000
19234,-999,1.0000
19235,-999,1.0000
19236,-999,1.0000
19237,-999,1.0000
19238,-999,1.0000
19239,-999,1.0000
19240,-999,1.0000
19241,-999,1.0000
19242,-999,1.0000
19243,-999,1.0000
19244,-999,1.0000
19245,-999,1.0000
19246,-999,1.0000
19247,-999,1.0000
19248,-999,1.0000
19249,-999,1.0000
19250,-999,1.0000
19251,-999,1.0000
19252,-999,1.0000
19253,-999,1.0000
19254,-999,1.0000
19255,-999,1.0000
19256,-999,1.0000
19257,-999,1.0000
19258,-999,1.0000
19259,-999,1.0000
19260,-999,1.0000
19261,-999,1.0000
19262,-999,1.0000
19263,-999,1.0000
19264,-999,1.0000
19265,-999,1.0000
19266,-999,1.0000
19267,-999,1.0000
19268,-999,1.0000
19269,-999,1.0000
19270,-999,1.0000
19271,-999,1.0000
19272,-999,1.0000
19273,-999,1.0000
19274,-999,1.0000
19275,-999,1.0000
19276,-999,1.0000
19277,-999,1.0000
19278,-999,1.0000
19279,-999,1.0000
19280,-999,1.0000
19281,-999,1.0000
19282,-999,1.0000
19283,-999,1.0000
19284,-999,1.0000
19285,-999,1.0000
19286,-999,1.0000
19287,-999,1.0000
19288,-999,1.0000
19289,-999,1.0000
19290,-999,1.0000
19291,-999,1.0000
19292,-999,1.0000
19293,-999,1.0000
19294,-999,1.0000
19295,-999,1.0000
19296,-999,1.0000
19297,5254,1.0000
19298,5254,1.0000
19299,5254,1.0000
19300,5254,1.0000
19301,5254,1.0000
19302,5254,1.0000
19303,5254,1.0000
19304,5254,1.0000
19305,5254,1.0000
19306,5254,1.0000
19307,5254,1.0000
19308,5254,1.0000
19309,5254,1.0000
19310,5254,1.0000
19311,5254,1.0000
19312,5254,1.0000
19313,5254,1.0000
19314,5254,1.0000
19315,5254,1.0000
19316,5254,1.0000
19317,5254,1.0000
19318,5254,1.0000
19319,5254,1.0000
19320,5254,1.0000
19321,5254,1.0000
19322,5254,1.0000
19323,5254,1.0000
19324,5254,1.0000
19325,5254,1.0000
19326,5254,1.0000
19327,5254,1.0000
19328,5254,1.0000
19329,5254,1.0000
19330,5254,1.0000
19331,5254,1.0000
19332,5254,1.0000
19333,5254,1.0000
19334,5254,1.0000
19335,5254,1.0000
19336,5254,1.0000
19337,5254,1.0000
19338,5254,1.0000
19339,5254,1.0000
19340,5254,1.0000
19341,5254,1.0000
19342,5254,1.0000
19343,5254,1.0000
19344,5254,1.0000
19345,5254,1.0000
19346,5254,1.0000
19347,5254,1.0000
19348,5254,1.0000
19349,5254,1.0000
19350,5254,.3000
19350,5222,.7000
19351,5222,1.0000
19352,5222,1.0000
19353,5222,1.0000
19354,5222,1.0000
19355,5222,1.0000
19356,5222,1.0000
19357,5222,1.0000
19358,5222,1.0000
19359,5222,1.0000
19360,5222,1.0000
19361,5222,1.0000
19362,5222,1.0000
19363,5222,1.0000
19364,5222,1.0000
19365,5222,.8500
19365,5254,.1500
19366,5254,.4375
19366,5222,.5625
19367,5254,.7500
19367,5222,.2500
19368,5254,1.0000
19369,5254,1.0000
19370,5254,1.0000
19371,5254,1.0000
19372,5254,1.0000
19373,5254,1.0000
19374,5254,1.0000
19375,5254,1.0000
19376,5254,.9375
19376,5222,.0625
19377,5254,.6875
19377,5222,.3125
19378,5254,.3000
19378,5222,.7000
19379,5222,1.0000
19380,5222,1.0000
19381,5222,1.0000
19382,5222,1.0000
19383,5222,1.0000
19384,5222,1.0000
19385,5222,1.0000
19386,5222,.7000
19386,5254,.3000
19387,5254,1.0000
19388,5254,1.0000
19389,5254,1.0000
19390,5254,1.0000
19391,5254,1.0000
19392,5254,1.0000
19393,5254,1.0000
19394,5254,1.0000
19395,5254,1.0000
19396,5254,1.0000
19397,5254,1.0000
19398,5254,1.0000
19399,5254,1.0000
19400,5254,1.0000
19401,5254,1.0000
19402,5254,1.0000
19403,5254,1.0000
19404,5254,1.0000
19405,5254,1.0000
19406,5254,1.0000
19407,5254,1.0000
19408,5254,1.0000
19409,5254,1.0000
19410,5254,1.0000
19411,5254,1.0000
19412,5254,1.0000
19413,5254,1.0000
19414,5254,1.0000
19415,5254,1.0000
19416,5254,1.0000
19417,5254,1.0000
19418,5254,1.0000
19419,5254,1.0000
19420,5254,.7500
19420,-999,.2500
19421,-999,.9375
19421,5254,.0625
19422,-999,1.0000
19423,-999,1.0000
19424,-999,.4000
19424,5254,.6000
19425,5254,1.0000
19426,5254,1.0000
19427,5254,1.0000
19428,5254,1.0000
19429,5254,.5000
19429,-999,.5000
19430,-999,1.0000
19431,-999,1.0000
19432,-999,1.0000
19433,-999,1.0000
19434,-999,1.0000
19435,-999,1.0000
19436,-999,1.0000
19437,-999,1.0000
19438,-999,1.0000
19439,-999,1.0000
19440,-999,1.0000
19441,-999,1.0000
19442,-999,1.0000
19443,-999,1.0000
19444,-999,1.0000
19445,-999,1.0000
19446,-999,1.0000
19447,-999,1.0000
19448,-999,1.0000
19449,-999,1.0000
19450,-999,1.0000
19451,-999,1.0000
19452,-999,1.0000
19453,-999,1.0000
19454,-999,1.0000
19455,-999,1.0000
19456,-999,1.0000
19457,-999,1.0000
19458,-999,1.0000
19459,-999,1.0000
19460,-999,1.0000
19461,-999,1.0000
19462,-999,1.0000
19463,-999,1.0000
19464,-999,1.0000
19465,-999,1.0000
19466,-999,1.0000
19467,-999,1.0000
19468,-999,1.0000
19469,-999,1.0000
19470,-999,1.0000
19471,-999,1.0000
19472,-999,1.0000
19473,-999,1.0000
19474,-999,1.0000
19475,-999,1.0000
19476,-999,1.0000
19477,-999,1.0000
19478,-999,1.0000
19479,-999,1.0000
19480,-999,1.0000
19481,-999,1.0000
19482,-999,1.0000
19483,-999,1.0000
19484,-999,1.0000
19485,-999,1.0000
19486,-999,1.0000
19487,-999,1.0000
19488,-999,1.0000
19489,-999,1.0000
19490,-999,1.0000
19491,-999,1.0000
19492,-999,1.0000
19493,-999,1.0000
19494,-999,1.0000
19495,-999,1.0000
19496,-999,1.0000
19497,-999,1.0000
19498,-999,1.0000
19499,-999,1.0000
19500,-999,1.0000
19501,-999,1.0000
19502,-999,1.0000
19503,-999,1.0000
19504,-999,1.0000
19505,-999,1.0000
19506,-999,1.0000
19507,-999,1.0000
19508,-999,1.0000
19509,-999,1.0000
19510,-999,1.0000
19511,-999,1.0000
19512,-999,1.0000
19513,-999,1.0000
19514,-999,1.0000
19515,-999,1.0000
19516,-999,1.0000
19517,-999,1.0000
19518,-999,1.0000
19519,-999,1.0000
19520,-999,1.0000
19521,-999,1.0000
19522,-999,1.0000
19523,-999,1.0000
19524,-999,1.0000
19525,-999,1.0000
19526,-999,1.0000
19527,-999,1.0000
19528,-999,1.0000
19529,-999,1.0000
19530,-999,1.0000
19531,-999,1.0000
19532,-999,1.0000
19533,-999,1.0000
19534,-999,1.0000
19535,-999,1.0000
19536,-999,1.0000
19537,-999,1.0000
19538,-999,1.0000
19539,-999,1.0000
19540,-999,1.0000
19541,-999,1.0000
19542,-999,1.0000
19543,-999,1.0000
19544,-999,1.0000
19545,-999,1.0000
19546,-999,1.0000
19547,-999,1.0000
19548,-999,1.0000
19549,-999,1.0000
19550,-999,1.0000
19551,-999,1.0000
19552,-999,1.0000
19553,-999,1.0000
19554,-999,1.0000
19555,-999,1.0000
19556,-999,1.0000
19557,-999,1.0000
19558,-999,1.0000
19559,-999,1.0000
19560,-999,1.0000
19561,-999,1.0000
19562,-999,1.0000
19563,-999,1.0000
19564,-999,1.0000
19565,5254,1.0000
19566,5254,1.0000
19567,5254,1.0000
19568,5254,1.0000
19569,5254,1.0000
19570,5254,1.0000
19571,5254,1.0000
19572,5254,1.0000
19573,5254,1.0000
19574,5254,1.0000
19575,5254,1.0000
19576,5254,1.0000
19577,5254,1.0000
19578,5254,1.0000
19579,5254,1.0000
19580,5254,1.0000
19581,5254,1.0000
19582,5254,1.0000
19583,5254,1.0000
19584,5254,1.0000
19585,5254,1.0000
19586,5254,1.0000
19587,5254,1.0000
19588,5254,1.0000
19589,5254,1.0000
19590,5254,1.0000
19591,5254,1.0000
19592,5254,1.0000
19593,5254,1.0000
19594,5254,1.0000
19595,5254,1.0000
19596,5254,1.0000
19597,5254,1.0000
19598,5254,1.0000
19599,5254,1.0000
19600,5254,1.0000
19601,5254,1.0000
19602,5254,1.0000
19603,5254,1.0000
19604,5254,1.0000
19605,5254,1.0000
19606,5254,1.0000
19607,5254,1.0000
19608,5254,1.0000
19609,5254,1.0000
19610,5254,1.0000
19611,5254,.7500
19611,5222,.2500
19612,5254,.7000
19612,5222,.3000
19613,5254,.7500
19613,5222,.2500
19614,5254,.9000
19614,5222,.1000
19615,5254,.8889
19615,5222,.1111
19616,5254,.7600
19616,5222,.2400
19617,5254,.5000
19617,5222,.5000
19618,5254,.0400
19618,5222,.9600
19619,5222,1.0000
19620,5222,1.0000
19621,5222,1.0000
19622,5222,1.0000
19623,5222,1.0000
19624,5222,1.0000
19625,5222,1.0000
19626,5222,1.0000
19627,5222,1.0000
19628,5222,1.0000
19629,5222,1.0000
19630,5222,1.0000
19631,5222,1.0000
19632,5222,1.0000
19633,5222,1.0000
19634,5222,1.0000
19635,5222,.9500
19635,5254,.0500
19636,5254,.3750
19636,5222,.6250
19637,5254,.5000
19637,5222,.5000
19638,5254,.5625
19638,5222,.4375
19639,5254,.7500
19639,5222,.2500
19640,5254,.7500
19640,5222,.2500
19641,5254,.7500
19641,5222,.2500
19642,5254,.6250
19642,5222,.3750
19643,5254,.4000
19643,5222,.6000
19644,5254,.1875
19644,5222,.8125
19645,5222,1.0000
19646,5222,1.0000
19647,5222,1.0000
19648,5222,1.0000
19649,5222,1.0000
19650,5222,1.0000
19651,5222,1.0000
19652,5222,1.0000
19653,5222,1.0000
19654,5222,.8000
19654,5254,.2000
19655,5254,1.0000
19656,5254,1.0000
19657,5254,1.0000
19658,5254,1.0000
19659,5254,1.0000
19660,5254,1.0000
19661,5254,1.0000
19662,5254,1.0000
19663,5254,1.0000
19664,5254,1.0000
19665,5254,1.0000
19666,5254,1.0000
19667,5254,1.0000
19668,5254,1.0000
19669,5254,1.0000
19670,5254,1.0000
19671,5254,1.0000
19672,5254,1.0000
19673,5254,1.0000
19674,5254,1.0000
19675,5254,1.0000
19676,5254,1.0000
19677,5254,1.0000
19678,5254,1.0000
19679,5254,1.0000
19680,5254,1.0000
19681,5254,1.0000
19682,5254,1.0000
19683,5254,1.0000
19684,5254,1.0000
19685,5254,1.0000
19686,5254,1.0000
19687,5254,1.0000
19688,5254,1.0000
19689,5254,.7000
19689,-999,.3000
19690,-999,.8800
19690,5254,.1200
19691,-999,1.0000
19692,-999,.3000
19692,5254,.7000
19693,5254,1.0000
19694,5254,1.0000
19695,5254,1.0000
19696,5254,1.0000
19697,5254,.9500
19697,-999,.0500
19698,-999,.6875
19698,5254,.3125
19699,-999,.9500
19699,5254,.0500
19700,-999,.6250
19700,5254,.3750
19701,-999,.9000
19701,5254,.1000
19702,-999,1.0000
19703,-999,.7000
19703,5254,.3000
19704,-999,.6875
19704,5254,.3125
19705,-999,.8000
19705,5254,.2000
19706,-999,1.0000
19707,-999,1.0000
19708,-999,1.0000
19709,-999,1.0000
19710,-999,1.0000
19711,-999,1.0000
19712,-999,1.0000
19713,-999,1.0000
19714,-999,1.0000
19715,-999,1.0000
19716,-999,1.0000
19717,-999,1.0000
19718,-999,1.0000
19719,-999,1.0000
19720,-999,1.0000
19721,-999,1.0000
19722,-999,1.0000
19723,-999,1.0000
19724,-999,1.0000
19725,-999,1.0000
19726,-999,1.0000
19727,-999,1.0000
19728,-999,1.0000
19729,-999,1.0000
19730,-999,1.0000
19731,-999,1.0000
19732,-999,1.0000
19733,-999,1.0000
19734,-999,1.0000
19735,-999,1.0000
19736,-999,1.0000
19737,-999,1.0000
19738,-999,1.0000
19739,-999,1.0000
19740,-999,1.0000
19741,-999,1.0000
19742,-999,1.0000
19743,-999,1.0000
19744,-999,1.0000
19745,-999,1.0000
19746,-999,1.0000
19747,-999,1.0000
19748,-999,1.0000
19749,-999,1.0000
19750,-999,1.0000
19751,-999,1.0000
19752,-999,1.0000
19753,-999,1.0000
19754,-999,1.0000
19755,-999,1.0000
19756,-999,1.0000
19757,-999,1.0000
19758,-999,1.0000
19759,-999,1.0000
19760,-999,1.0000
19761,-999,1.0000
19762,-999,1.0000
19763,-999,1.0000
19764,-999,1.0000
19765,-999,1.0000
19766,-999,1.0000
19767,-999,1.0000
19768,-999,1.0000
19769,-999,1.0000
19770,-999,1.0000
19771,-999,1.0000
19772,-999,1.0000
19773,-999,1.0000
19774,-999,1.0000
19775,-999,1.0000
19776,-999,1.0000
19777,-999,1.0000
19778,-999,1.0000
19779,-999,1.0000
19780,-999,1.0000
19781,-999,1.0000
19782,-999,1.0000
19783,-999,1.0000
19784,-999,1.0000
19785,-999,1.0000
19786,-999,1.0000
19787,-999,1.0000
19788,-999,1.0000
19789,-999,1.0000
19790,-999,1.0000
19791,-999,1.0000
19792,-999,1.0000
19793,-999,1.0000
19794,-999,1.0000
19795,-999,1.0000
19796,-999,1.0000
19797,-999,1.0000
19798,-999,1.0000
19799,-999,1.0000
19800,-999,1.0000
19801,-999,1.0000
19802,-999,1.0000
19803,-999,1.0000
19804,-999,1.0000
19805,-999,1.0000
19806,-999,1.0000
19807,-999,1.0000
19808,-999,1.0000
19809,-999,1.0000
19810,-999,1.0000
19811,-999,1.0000
19812,-999,1.0000
19813,-999,1.0000
19814,-999,1.0000
19815,-999,1.0000
19816,-999,1.0000
19817,-999,1.0000
19818,-999,1.0000
19819,-999,1.0000
19820,-999,1.0000
19821,-999,1.0000
19822,-999,1.0000
19823,-999,1.0000
19824,-999,1.0000
19825,-999,1.0000
19826,-999,1.0000
19827,-999,1.0000
19828,-999,1.0000
19829,-999,1.0000
19830,-999,1.0000
19831,-999,1.0000
19832,-999,1.0000
19833,5254,1.0000
19834,5254,1.0000
19835,5254,1.0000
19836,5254,1.0000
19837,5254,1.0000
19838,5254,1.0000
19839,5254,1.0000
19840,5254,1.0000
19841,5254,1.0000
19842,5254,1.0000
19843,5254,1.0000
19844,5254,1.0000
19845,5254,1.0000
19846,5254,1.0000
19847,5254,1.0000
19848,5254,1.0000
19849,5254,1.0000
19850,5254,1.0000
19851,5254,1.0000
19852,5254,1.0000
19853,5254,1.0000
19854,5254,1.0000
19855,5254,1.0000
19856,5254,1.0000
19857,5254,1.0000
19858,5254,1.0000
19859,5254,1.0000
19860,5254,1.0000
19861,5254,1.0000
19862,5254,1.0000
19863,5254,1.0000
19864,5254,1.0000
19865,5254,1.0000
19866,5254,1.0000
19867,5254,1.0000
19868,5254,1.0000
19869,5254,1.0000
19870,5254,1.0000
19871,5254,1.0000
19872,5254,1.0000
19873,5254,1.0000
19874,5254,1.0000
19875,5254,1.0000
19876,5254,1.0000
19877,5254,.7500
19877,5222,.2500
19878,5254,.2500
19878,5222,.7500
19879,5254,.0500
19879,5222,.9500
19880,5222,1.0000
19881,5222,1.0000
19882,5222,.8800
19882,5254,.1200
19883,5254,.1579
19883,5222,.8421
19884,5222,1.0000
19885,5222,1.0000
19886,5222,1.0000
19887,5222,1.0000
19888,5222,1.0000
19889,5222,1.0000
19890,5222,1.0000
19891,5222,1.0000
19892,5222,1.0000
19893,5222,1.0000
19894,5222,1.0000
19895,5222,1.0000
19896,5222,1.0000
19897,5222,1.0000
19898,5222,1.0000
19899,5222,1.0000
19900,5222,1.0000
19901,5222,1.0000
19902,5222,1.0000
19903,5222,1.0000
19904,5222,1.0000
19905,5222,1.0000
19906,5222,1.0000
19907,5222,1.0000
19908,5222,1.0000
19909,5222,1.0000
19910,5222,1.0000
19911,5222,1.0000
19912,5222,1.0000
19913,5222,1.0000
19914,5222,1.0000
19915,5222,1.0000
19916,5222,1.0000
19917,5222,1.0000
19918,5222,1.0000
19919,5222,1.0000
19920,5222,1.0000
19921,5222,1.0000
19922,5222,.8000
19922,5254,.2000
19923,5254,1.0000
19924,5254,1.0000
19925,5254,1.0000
19926,5254,1.0000
19927,5254,1.0000
19928,5254,1.0000
19929,5254,1.0000
19930,5254,1.0000
19931,5254,1.0000
19932,5254,1.0000
19933,5254,1.0000
19934,5254,1.0000
19935,5254,1.0000
19936,5254,1.0000
19937,5254,1.0000
19938,5254,1.0000
19939,5254,1.0000
19940,5254,1.0000
19941,5254,1.0000
19942,5254,1.0000
19943,5254,1.0000
19944,5254,1.0000
19945,5254,1.0000
19946,5254,1.0000
19947,5254,1.0000
19948,5254,1.0000
19949,5254,1.0000
19950,5254,1.0000
19951,5254,1.0000
19952,5254,1.0000
19953,5254,1.0000
19954,5254,1.0000
19955,5254,1.0000
19956,5254,1.0000
19957,5254,1.0000
19958,5254,.7000
19958,-999,.3000
19959,-999,.7368
19959,5254,.2632
19960,-999,.0800
19960,5254,.9200
19961,5254,1.0000
19962,5254,1.0000
19963,5254,1.0000
19964,5254,1.0000
19965,5254,1.0000
19966,5254,.9375
19966,-999,.0625
19967,-999,.2000
19967,5254,.8000
19968,5254,.9375
19968,-999,.0625
19969,5254,.2500
19969,-999,.7500
19970,-999,.6875
19970,5254,.3125
19971,-999,.0500
19971,5254,.9500
19972,5254,1.0000
19973,5254,.9500
19973,-999,.0500
19974,-999,.6875
19974,5254,.3125
19975,-999,1.0000
19976,-999,1.0000
19977,-999,1.0000
19978,-999,1.0000
19979,-999,1.0000
19980,-999,1.0000
19981,-999,1.0000
19982,-999,1.0000
19983,-999,1.0000
19984,-999,.9600
19984,5254,.0400
19985,-999,.7500
19985,5254,.2500
19986,-999,.9130
19986,5254,.0870
19987,-999,.9375
19987,5254,.0625
19988,-999,1.0000
19989,-999,1.0000
19990,-999,1.0000
19991,-999,1.0000
19992,-999,1.0000
19993,-999,1.0000
19994,-999,1.0000
19995,-999,1.0000
19996,-999,1.0000
19997,-999,1.0000
19998,-999,1.0000
19999,-999,1.0000
20000,-999,1.0000
20001,-999,1.0000
20002,-999,1.0000
20003,-999,1.0000
20004,-999,1.0000
20005,-999,1.0000
20006,-999,1.0000
20007,-999,1.0000
20008,-999,1.0000
20009,-999,1.0000
20010,-999,1.0000
20011,-999,1.0000
20012,-999,1.0000
20013,-999,1.0000
20014,-999,1.0000
20015,-999,1.0000
20016,-999,1.0000
20017,-999,1.0000
20018,-999,1.0000
20019,-999,1.0000
20020,-999,1.0000
20021,-999,1.0000
20022,-999,1.0000
20023,-999,1.0000
20024,-999,1.0000
20025,-999,1.0000
20026,-999,1.0000
20027,-999,1.0000
20028,-999,1.0000
20029,-999,1.0000
20030,-999,1.0000
20031,-999,1.0000
20032,-999,1.0000
20033,-999,1.0000
20034,-999,1.0000
20035,-999,1.0000
20036,-999,1.0000
20037,-999,1.0000
20038,-999,1.0000
20039,-999,1.0000
20040,-999,1.0000
20041,-999,1.0000
20042,-999,1.0000
20043,-999,1.0000
20044,-999,1.0000
20045,-999,1.0000
20046,-999,1.0000
20047,-999,1.0000
20048,-999,1.0000
20049,-999,1.0000
20050,-999,1.0000
20051,-999,1.0000
20052,-999,1.0000
20053,-999,1.0000
20054,-999,1.0000
20055,-999,1.0000
20056,-999,1.0000
20057,-999,1.0000
20058,-999,1.0000
20059,-999,1.0000
20060,-999,1.0000
20061,-999,1.0000
20062,-999,1.0000
20063,-999,1.0000
20064,-999,1.0000
20065,-999,1.0000
20066,-999,1.0000
20067,-999,1.0000
20068,-999,1.0000
20069,-999,1.0000
20070,-999,1.0000
20071,-999,1.0000
20072,-999,1.0000
20073,-999,1.0000
20074,-999,1.0000
20075,-999,1.0000
20076,-999,1.0000
20077,-999,1.0000
20078,-999,1.0000
20079,-999,1.0000
20080,-999,1.0000
20081,-999,1.0000
20082,-999,1.0000
20083,-999,1.0000
20084,-999,1.0000
20085,-999,1.0000
20086,-999,1.0000
20087,-999,1.0000
20088,-999,1.0000
20089,-999,1.0000
20090,-999,1.0000
20091,-999,1.0000
20092,-999,1.0000
20093,-999,1.0000
20094,-999,1.0000
20095,-999,1.0000
20096,-999,1.0000
20097,-999,1.0000
20098,-999,1.0000
20099,-999,1.0000
20100,-999,1.0000
20101,5254,1.0000
20102,5254,1.0000
20103,5254,1.0000
20104,5254,1.0000
20105,5254,1.0000
20106,5254,1.0000
20107,5254,1.0000
20108,5254,1.0000
20109,5254,1.0000
20110,5254,1.0000
20111,5254,1.0000
20112,5254,1.0000
20113,5254,1.0000
20114,5254,1.0000
20115,5254,1.0000
20116,5254,1.0000
20117,5254,1.0000
20118,5254,1.0000
20119,5254,1.0000
20120,5254,1.0000
20121,5254,1.0000
20122,5254,1.0000
20123,5254,1.0000
20124,5254,1.0000
20125,5254,1.0000
20126,5254,1.0000
20127,5254,1.0000
20128,5254,1.0000
20129,5254,1.0000
20130,5254,1.0000
20131,5254,1.0000
20132,5254,1.0000
20133,5254,1.0000
20134,5254,1.0000
20135,5254,1.0000
20136,5254,1.0000
20137,5254,1.0000
20138,5254,1.0000
20139,5254,1.0000
20140,5254,1.0000
20141,5254,1.0000
20142,5254,1.0000
20143,5254,1.0000
20144,5254,.9130
20144,5222,.0870
20145,5254,.2632
20145,5222,.7368
20146,5222,1.0000
20147,5222,1.0000
20148,5222,1.0000
20149,5222,1.0000
20150,5222,1.0000
20151,5222,1.0000
20152,5222,1.0000
20153,5222,1.0000
20154,5222,1.0000
20155,5222,1.0000
20156,5222,1.0000
20157,5222,1.0000
20158,5222,1.0000
20159,5222,1.0000
20160,5222,1.0000
20161,5222,1.0000
20162,5222,1.0000
20163,5222,1.0000
20164,5222,1.0000
20165,5222,1.0000
20166,5222,1.0000
20167,5222,1.0000
20168,5222,1.0000
20169,5222,1.0000
20170,5222,1.0000
20171,5222,1.0000
20172,5222,1.0000
20173,5222,1.0000
20174,5222,1.0000
20175,5222,1.0000
20176,5222,1.0000
20177,5222,1.0000
20178,5222,1.0000
20179,5222,1.0000
20180,5222,1.0000
20181,5222,1.0000
20182,5222,1.0000
20183,5222,1.0000
20184,5222,1.0000
20185,5222,1.0000
20186,5222,1.0000
20187,5222,1.0000
20188,5222,1.0000
20189,5222,1.0000
20190,5222,.7600
20190,5254,.2400
20191,5254,1.0000
20192,5254,1.0000
20193,5254,1.0000
20194,5254,1.0000
20195,5254,1.0000
20196,5254,1.0000
20197,5254,1.0000
20198,5254,1.0000
20199,5254,1.0000
20200,5254,1.0000
20201,5254,1.0000
20202,5254,1.0000
20203,5254,1.0000
20204,5254,1.0000
20205,5254,1.0000
20206,5254,1.0000
20207,5254,1.0000
20208,5254,1.0000
20209,5254,1.0000
20210,5254,1.0000
20211,5254,1.0000
20212,5254,1.0000
20213,5254,1.0000
20214,5254,1.0000
20215,5254,1.0000
20216,5254,1.0000
20217,5254,1.0000
20218,5254,1.0000
20219,5254,1.0000
20220,5254,1.0000
20221,5254,1.0000
20222,5254,1.0000
20223,5254,1.0000
20224,5254,1.0000
20225,5254,1.0000
20226,5254,1.0000
20227,5254,.9375
20227,-999,.0625
20228,5254,1.0000
20229,5254,1.0000
20230,5254,1.0000
20231,5254,1.0000
20232,5254,1.0000
20233,5254,1.0000
20234,5254,1.0000
20235,5254,1.0000
20236,5254,.6000
20236,-999,.4000
20237,-999,.8400
20237,5254,.1600
20238,-999,.2632
20238,5254,.7368
20239,5254,1.0000
20240,5254,1.0000
20241,5254,1.0000
20242,5254,.8125
20242,-999,.1875
20243,-999,.7500
20243,5254,.2500
20244,-999,1.0000
20245,-999,1.0000
20246,-999,1.0000
20247,-999,1.0000
20248,-999,1.0000
20249,-999,1.0000
20250,-999,1.0000
20251,-999,1.0000
20252,-999,.5882
20252,5254,.4118
20253,5254,1.0000
20254,-999,.1739
20254,5254,.8261
20255,5254,.8000
20255,-999,.2000
20256,-999,.6000
20256,5254,.4000
20257,-999,.7500
20257,5254,.2500
20258,-999,.9545
20258,5254,.0455
20259,-999,1.0000
20260,-999,1.0000
20261,-999,1.0000
20262,-999,1.0000
20263,-999,1.0000
20264,-999,1.0000
20265,-999,.8125
20265,5254,.1875
20266,-999,.9000
20266,5254,.1000
20267,-999,1.0000
20268,-999,1.0000
20269,-999,1.0000
20270,-999,1.0000
20271,-999,1.0000
20272,-999,1.0000
20273,-999,1.0000
20274,-999,1.0000
20275,-999,1.0000
20276,-999,1.0000
20277,-999,1.0000
20278,-999,1.0000
20279,-999,1.0000
20280,-999,1.0000
20281,-999,1.0000
20282,-999,1.0000
20283,-999,1.0000
20284,-999,1.0000
20285,-999,1.0000
20286,-999,1.0000
20287,-999,1.0000
20288,-999,1.0000
20289,-999,1.0000
20290,-999,1.0000
20291,-999,1.0000
20292,-999,1.0000
20293,-999,1.0000
20294,-999,1.0000
20295,-999,1.0000
20296,-999,1.0000
20297,-999,1.0000
20298,-999,1.0000
20299,-999,1.0000
20300,-999,1.0000
20301,-999,1.0000
20302,-999,1.0000
20303,-999,1.0000
20304,-999,1.0000
20305,-999,1.0000
20306,-999,1.0000
20307,-999,1.0000
20308,-999,1.0000
20309,-999,1.0000
20310,-999,1.0000
20311,-999,1.0000
20312,-999,1.0000
20313,-999,1.0000
20314,-999,1.0000
20315,-999,1.0000
20316,-999,1.0000
20317,-999,1.0000
20318,-999,1.0000
20319,-999,1.0000
20320,-999,1.0000
20321,-999,1.0000
20322,-999,1.0000
20323,-999,1.0000
20324,-999,1.0000
20325,-999,1.0000
20326,-999,1.0000
20327,-999,1.0000
20328,-999,1.0000
20329,-999,1.0000
20330,-999,1.0000
20331,-999,1.0000
20332,-999,1.0000
20333,-999,1.0000
20334,-999,1.0000
20335,-999,1.0000
20336,-999,1.0000
20337,-999,1.0000
20338,-999,1.0000
20339,-999,1.0000
20340,-999,1.0000
20341,-999,1.0000
20342,-999,1.0000
20343,-999,1.0000
20344,-999,1.0000
20345,-999,1.0000
20346,-999,1.0000
20347,-999,1.0000
20348,-999,1.0000
20349,-999,1.0000
20350,-999,1.0000
20351,-999,1.0000
20352,-999,1.0000
20353,-999,1.0000
20354,-999,1.0000
20355,-999,1.0000
20356,-999,1.0000
20357,-999,1.0000
20358,-999,1.0000
20359,-999,1.0000
20360,-999,1.0000
20361,-999,1.0000
20362,-999,1.0000
20363,-999,1.0000
20364,-999,1.0000
20365,-999,1.0000
20366,-999,1.0000
20367,-999,1.0000
20368,-999,1.0000
20369,5254,1.0000
20370,5254,1.0000
20371,5254,1.0000
20372,5254,1.0000
20373,5254,1.0000
20374,5254,1.0000
20375,5254,1.0000
20376,5254,1.0000
20377,5254,1.0000
20378,5254,1.0000
20379,5254,1.0000
20380,5254,1.0000
20381,5254,1.0000
20382,5254,1.0000
20383,5254,1.0000
20384,5254,1.0000
20385,5254,1.0000
20386,5254,1.0000
20387,5254,1.0000
20388,5254,1.0000
20389,5254,1.0000
20390,5254,1.0000
20391,5254,1.0000
20392,5254,1.0000
20393,5254,1.0000
20394,5254,1.0000
20395,5254,1.0000
20396,5254,1.0000
20397,5254,1.0000
20398,5254,1.0000
20399,5254,1.0000
20400,5254,1.0000
20401,5254,1.0000
20402,5254,1.0000
20403,5254,1.0000
20404,5254,1.0000
20405,5254,1.0000
20406,5254,1.0000
20407,5254,1.0000
20408,5254,1.0000
20409,5254,1.0000
20410,5254,1.0000
20411,5254,1.0000
20412,5254,.8000
20412,5222,.2000
20413,5222,1.0000
20414,5222,1.0000
20415,5222,1.0000
20416,5222,1.0000
20417,5222,1.0000
20418,5222,1.0000
20419,5222,1.0000
20420,5222,1.0000
20421,5222,1.0000
20422,5222,1.0000
20423,5222,1.0000
20424,5222,1.0000
20425,5222,1.0000
20426,5222,1.0000
20427,5222,1.0000
20428,5222,1.0000
20429,5222,1.0000
20430,5222,1.0000
20431,5222,1.0000
20432,5222,1.0000
20433,5222,1.0000
20434,5222,1.0000
20435,5222,1.0000
20436,5222,1.0000
20437,5222,1.0000
20438,5222,1.0000
20439,5222,1.0000
20440,5222,1.0000
20441,5222,1.0000
20442,5222,1.0000
20443,5222,1.0000
20444,5222,1.0000
20445,5222,1.0000
20446,5222,1.0000
20447,5222,1.0000
20448,5222,1.0000
20449,5222,1.0000
20450,5222,1.0000
20451,5222,1.0000
20452,5222,1.0000
20453,5222,1.0000
20454,5222,1.0000
20455,5222,1.0000
20456,5222,1.0000
20457,5222,1.0000
20458,5222,.6000
20458,5254,.4000
20459,5254,1.0000
20460,5254,1.0000
20461,5254,1.0000
20462,5254,1.0000
20463,5254,1.0000
20464,5254,1.0000
20465,5254,1.0000
20466,5254,1.0000
20467,5254,1.0000
20468,5254,1.0000
20469,5254,1.0000
20470,5254,1.0000
20471,5254,1.0000
20472,5254,1.0000
20473,5254,1.0000
20474,5254,1.0000
20475,5254,1.0000
20476,5254,1.0000
20477,5254,1.0000
20478,5254,1.0000
20479,5254,1.0000
20480,5254,1.0000
20481,5254,1.0000
20482,5254,1.0000
20483,5254,1.0000
20484,5254,1.0000
20485,5254,1.0000
20486,5254,1.0000
20487,5254,1.0000
20488,5254,1.0000
20489,5254,1.0000
20490,5254,1.0000
20491,5254,1.0000
20492,5254,1.0000
20493,5254,1.0000
20494,5254,1.0000
20495,5254,1.0000
20496,5254,1.0000
20497,5254,1.0000
20498,5254,1.0000
20499,5254,1.0000
20500,5254,1.0000
20501,5254,1.0000
20502,5254,1.0000
20503,5254,.5625
20503,-999,.4375
20504,5254,.2222
20504,-999,.7778
20505,-999,.3158
20505,5254,.6842
20506,5254,1.0000
20507,5254,1.0000
20508,5254,1.0000
20509,5254,1.0000
20510,5254,1.0000
20511,5254,.7391
20511,-999,.2609
20512,-999,.9375
20512,5254,.0625
20513,-999,1.0000
20514,-999,1.0000
20515,-999,1.0000
20516,-999,1.0000
20517,-999,1.0000
20518,-999,1.0000
20519,-999,1.0000
20520,-999,.7500
20520,5254,.2500
20521,5254,.9000
20521,-999,.1000
20522,5254,1.0000
20523,5254,1.0000
20524,5254,1.0000
20525,5254,1.0000
20526,-999,.7083
20526,5254,.2917
20527,-999,1.0000
20528,-999,1.0000
20529,-999,1.0000
20530,-999,1.0000
20531,-999,1.0000
20532,-999,.8500
20532,5254,.1500
20533,-999,.3125
20533,5254,.6875
20534,-999,.4000
20534,5254,.6000
20535,-999,.9375
20535,5254,.0625
20536,-999,1.0000
20537,-999,1.0000
20538,-999,1.0000
20539,-999,1.0000
20540,-999,1.0000
20541,-999,1.0000
20542,-999,1.0000
20543,-999,1.0000
20544,-999,1.0000
20545,-999,1.0000
20546,-999,1.0000
20547,-999,1.0000
20548,-999,1.0000
20549,-999,1.0000
20550,-999,1.0000
20551,-999,1.0000
20552,-999,1.0000
20553,-999,1.0000
20554,-999,1.0000
20555,-999,1.0000
20556,-999,1.0000
20557,-999,1.0000
20558,-999,1.0000
20559,-999,1.0000
20560,-999,1.0000
20561,-999,1.0000
20562,-999,1.0000
20563,-999,1.0000
20564,-999,1.0000
20565,-999,1.0000
20566,-999,1.0000
20567,-999,1.0000
20568,-999,1.0000
20569,-999,1.0000
20570,-999,1.0000
20571,-999,1.0000
20572,-999,1.0000
20573,-999,1.0000
20574,-999,1.0000
20575,-999,1.0000
20576,-999,1.0000
20577,-999,1.0000
20578,-999,1.0000
20579,-999,1.0000
20580,-999,1.0000
20581,-999,1.0000
20582,-999,1.0000
20583,-999,1.0000
20584,-999,1.0000
20585,-999,1.0000
20586,-999,1.0000
20587,-999,1.0000
20588,-999,1.0000
20589,-999,1.0000
20590,-999,1.0000
20591,-999,1.0000
20592,-999,1.0000
20593,-999,1.0000
20594,-999,1.0000
20595,-999,1.0000
20596,-999,1.0000
20597,-999,1.0000
20598,-999,1.0000
20599,-999,1.0000
20600,-999,1.0000
20601,-999,1.0000
20602,-999,1.0000
20603,-999,1.0000
20604,-999,1.0000
20605,-999,1.0000
20606,-999,1.0000
20607,-999,1.0000
20608,-999,1.0000
20609,-999,1.0000
20610,-999,1.0000
20611,-999,1.0000
20612,-999,1.0000
20613,-999,1.0000
20614,-999,1.0000
20615,-999,1.0000
20616,-999,1.0000
20617,-999,1.0000
20618,-999,1.0000
20619,-999,1.0000
20620,-999,1.0000
20621,-999,1.0000
20622,-999,1.0000
20623,-999,1.0000
20624,-999,1.0000
20625,-999,1.0000
20626,-999,1.0000
20627,-999,1.0000
20628,-999,1.0000
20629,-999,1.0000
20630,-999,1.0000
20631,-999,1.0000
20632,-999,1.0000
20633,-999,1.0000
20634,-999,1.0000
20635,-999,1.0000
20636,-999,1.0000
20637,5254,1.0000
20638,5254,1.0000
20639,5254,1.0000
20640,5254,1.0000
20641,5254,1.0000
20642,5254,1.0000
20643,5254,1.0000
20644,5254,1.0000
20645,5254,1.0000
20646,5254,1.0000
20647,5254,1.0000
20648,5254,1.0000
20649,5254,1.0000
20650,5254,1.0000
20651,5254,1.0000
20652,5254,1.0000
20653,5254,1.0000
20654,5254,1.0000
20655,5254,1.0000
20656,5254,1.0000
20657,5254,1.0000
20658,5254,1.0000
20659,5254,1.0000
20660,5254,1.0000
20661,5254,1.0000
20662,5254,1.0000
20663,5254,1.0000
20664,5254,1.0000
20665,5254,1.0000
20666,5254,1.0000
20667,5254,1.0000
20668,5254,1.0000
20669,5254,1.0000
20670,5254,1.0000
20671,5254,1.0000
20672,5254,1.0000
20673,5254,1.0000
20674,5254,1.0000
20675,5254,1.0000
20676,5254,1.0000
20677,5254,1.0000
20678,5254,1.0000
20679,5254,1.0000
20680,5254,.6500
20680,5222,.3500
20681,5222,1.0000
20682,5222,1.0000
20683,5222,1.0000
20684,5222,1.0000
20685,5222,1.0000
20686,5222,1.0000
20687,5222,1.0000
20688,5222,1.0000
20689,5222,1.0000
20690,5222,1.0000
20691,5222,1.0000
20692,5222,1.0000
20693,5222,1.0000
20694,5222,1.0000
20695,5222,1.0000
20696,5222,1.0000
20697,5222,1.0000
20698,5222,1.0000
20699,5222,1.0000
20700,5222,1.0000
20701,5222,1.0000
20702,5222,1.0000
20703,5222,1.0000
20704,5222,1.0000
20705,5222,1.0000
20706,5222,1.0000
20707,5222,1.0000
20708,5222,1.0000
20709,5222,1.0000
20710,5222,1.0000
20711,5222,1.0000
20712,5222,1.0000
20713,5222,1.0000
20714,5222,1.0000
20715,5222,1.0000
20716,5222,1.0000
20717,5222,1.0000
20718,5222,1.0000
20719,5222,1.0000
20720,5222,1.0000
20721,5222,1.0000
20722,5222,1.0000
20723,5222,1.0000
20724,5222,1.0000
20725,5222,1.0000
20726,5222,.5500
20726,5254,.4500
20727,5254,1.0000
20728,5254,1.0000
20729,5254,1.0000
20730,5254,1.0000
20731,5254,1.0000
20732,5254,1.0000
20733,5254,1.0000
20734,5254,1.0000
20735,5254,1.0000
20736,5254,1.0000
20737,5254,1.0000
20738,5254,1.0000
20739,5254,1.0000
20740,5254,1.0000
20741,5254,1.0000
20742,5254,1.0000
20743,5254,1.0000
20744,5254,1.0000
20745,5254,1.0000
20746,5254,1.0000
20747,5254,1.0000
20748,5254,1.0000
20749,5254,1.0000
20750,5254,1.0000
20751,5254,1.0000
20752,5254,1.0000
20753,5254,1.0000
20754,5254,1.0000
20755,5254,1.0000
20756,5254,1.0000
20757,5254,1.0000
20758,5254,1.0000
20759,5254,1.0000
20760,5254,1.0000
20761,5254,1.0000
20762,5254,1.0000
20763,5254,1.0000
20764,5254,1.0000
20765,5254,1.0000
20766,5254,1.0000
20767,5254,1.0000
20768,5254,1.0000
20769,5254,1.0000
20770,5254,.7500
20770,-999,.2500
20771,5254,.0625
20771,-999,.9375
20772,-999,.4500
20772,5254,.5500
20773,5254,1.0000
20774,5254,1.0000
20775,5254,1.0000
20776,5254,1.0000
20777,5254,1.0000
20778,5254,1.0000
20779,5254,.8261
20779,-999,.1739
20780,5254,.1000
20780,-999,.9000
20781,-999,1.0000
20782,-999,1.0000
20783,-999,1.0000
20784,-999,1.0000
20785,-999,1.0000
20786,-999,1.0000
20787,-999,1.0000
20788,-999,1.0000
20789,-999,.7500
20789,5254,.2500
20790,5254,.8125
20790,-999,.1875
20791,5254,1.0000
20792,5254,1.0000
20793,5254,1.0000
20794,5254,.5263
20794,-999,.4737
20795,-999,1.0000
20796,-999,1.0000
20797,-999,1.0000
20798,-999,.9600
20798,5254,.0400
20799,-999,.4000
20799,5254,.6000
20800,-999,.0833
20800,5254,.9167
20801,5254,1.0000
20802,5254,.7000
20802,-999,.3000
20803,5254,.0625
20803,-999,.9375
20804,-999,.9000
20804,5254,.1000
20805,-999,1.0000
20806,-999,1.0000
20807,-999,1.0000
20808,-999,1.0000
20809,-999,1.0000
20810,-999,1.0000
20811,-999,1.0000
20812,-999,1.0000
20813,-999,1.0000
20814,-999,1.0000
20815,-999,1.0000
20816,-999,1.0000
20817,-999,1.0000
20818,-999,1.0000
20819,-999,1.0000
20820,-999,1.0000
20821,-999,1.0000
20822,-999,1.0000
20823,-999,1.0000
20824,-999,1.0000
20825,-999,1.0000
20826,-999,1.0000
20827,-999,1.0000
20828,-999,1.0000
20829,-999,1.0000
20830,-999,1.0000
20831,-999,1.0000
20832,-999,1.0000
20833,-999,1.0000
20834,-999,1.0000
20835,-999,1.0000
20836,-999,1.0000
20837,-999,1.0000
20838,-999,1.0000
20839,-999,1.0000
20840,-999,1.0000
20841,-999,1.0000
20842,-999,1.0000
20843,-999,1.0000
20844,-999,1.0000
20845,-999,1.0000
20846,-999,1.0000
20847,-999,1.0000
20848,-999,1.0000
20849,-999,1.0000
20850,-999,1.0000
20851,-999,1.0000
20852,-999,1.0000
20853,-999,1.0000
20854,-999,1.0000
20855,-999,1.0000
20856,-999,1.0000
20857,-999,1.0000
20858,-999,1.0000
20859,-999,1.0000
20860,-999,1.0000
20861,-999,1.0000
20862,-999,1.0000
20863,-999,1.0000
20864,-999,1.0000
20865,-999,1.0000
20866,-999,1.0000
20867,-999,1.0000
20868,-999,1.0000
20869,-999,1.0000
20870,-999,1.0000
20871,-999,1.0000
20872,-999,1.0000
20873,-999,1.0000
20874,-999,1.0000
20875,-999,1.0000
20876,-999,1.0000
20877,-999,1.0000
20878,-999,1.0000
20879,-999,1.0000
20880,-999,1.0000
20881,-999,1.0000
20882,-999,1.0000
20883,-999,1.0000
20884,-999,1.0000
20885,-999,1.0000
20886,-999,1.0000
20887,-999,1.0000
20888,-999,1.0000
20889,-999,1.0000
20890,-999,1.0000
20891,-999,1.0000
20892,-999,1.0000
20893,-999,1.0000
20894,-999,1.0000
20895,-999,1.0000
20896,-999,1.0000
20897,-999,1.0000
20898,-999,1.0000
20899,-999,1.0000
20900,-999,1.0000
20901,-999,1.0000
20902,-999,1.0000
20903,-999,1.0000
20904,-999,1.0000
20905,5254,1.0000
20906,5254,1.0000
20907,5254,1.0000
20908,5254,1.0000
20909,5254,1.0000
20910,5254,1.0000
20911,5254,1.0000
20912,5254,1.0000
20913,5254,1.0000
20914,5254,1.0000
20915,5254,1.0000
20916,5254,1.0000
20917,5254,1.0000
20918,5254,1.0000
20919,5254,1.0000
20920,5254,1.0000
20921,5254,1.0000
20922,5254,1.0000
20923,5254,1.0000
20924,5254,1.0000
20925,5254,1.0000
20926,5254,1.0000
20927,5254,1.0000
20928,5254,1.0000
20929,5254,1.0000
20930,5254,1.0000
20931,5254,1.0000
20932,5254,1.0000
20933,5254,1.0000
20934,5254,1.0000
20935,5254,1.0000
20936,5254,1.0000
20937,5254,1.0000
20938,5254,1.0000
20939,5254,1.0000
20940,5254,1.0000
20941,5254,1.0000
20942,5254,1.0000
20943,5254,1.0000
20944,5254,1.0000
20945,5254,1.0000
20946,5254,1.0000
20947,5254,1.0000
20948,5254,.6000
20948,5222,.4000
20949,5222,1.0000
20950,5222,1.0000
20951,5222,1.0000
20952,5222,1.0000
20953,5222,1.0000
20954,5222,1.0000
20955,5222,1.0000
20956,5222,1.0000
20957,5222,1.0000
20958,5222,1.0000
20959,5222,1.0000
20960,5222,1.0000
20961,5222,1.0000
20962,5222,1.0000
20963,5222,1.0000
20964,5222,1.0000
20965,5222,1.0000
20966,5222,1.0000
20967,5222,1.0000
20968,5222,1.0000
20969,5222,1.0000
20970,5222,1.0000
20971,5222,1.0000
20972,5222,1.0000
20973,5222,1.0000
20974,5222,1.0000
20975,5222,1.0000
20976,5222,1.0000
20977,5222,1.0000
20978,5222,1.0000
20979,5222,1.0000
20980,5222,1.0000
20981,5222,1.0000
20982,5222,1.0000
20983,5222,1.0000
20984,5222,1.0000
20985,5222,1.0000
20986,5222,1.0000
20987,5222,1.0000
20988,5222,1.0000
20989,5222,1.0000
20990,5222,1.0000
20991,5222,1.0000
20992,5222,1.0000
20993,5222,.8750
20993,5254,.1250
20994,5222,.1500
20994,5254,.8500
20995,5254,1.0000
20996,5254,1.0000
20997,5254,1.0000
20998,5254,1.0000
20999,5254,1.0000
21000,5254,1.0000
21001,5254,1.0000
21002,5254,1.0000
21003,5254,1.0000
21004,5254,1.0000
21005,5254,1.0000
21006,5254,1.0000
21007,5254,1.0000
21008,5254,1.0000
21009,5254,1.0000
21010,5254,1.0000
21011,5254,1.0000
21012,5254,1.0000
21013,5254,1.0000
21014,5254,1.0000
21015,5254,1.0000
21016,5254,1.0000
21017,5254,1.0000
21018,5254,1.0000
21019,5254,1.0000
21020,5254,1.0000
21021,5254,1.0000
21022,5254,1.0000
21023,5254,1.0000
21024,5254,1.0000
21025,5254,1.0000
21026,5254,1.0000
21027,5254,1.0000
21028,5254,1.0000
21029,5254,1.0000
21030,5254,1.0000
21031,5254,1.0000
21032,5254,1.0000
21033,5254,1.0000
21034,5254,1.0000
21035,5254,1.0000
21036,5254,1.0000
21037,5254,1.0000
21038,5254,.4500
21038,-999,.5500
21039,-999,.9375
21039,5254,.0625
21040,-999,.2500
21040,5254,.7500
21041,5254,1.0000
21042,5254,1.0000
21043,5254,1.0000
21044,5254,1.0000
21045,5254,1.0000
21046,5254,1.0000
21047,5254,.7500
21047,-999,.2500
21048,-999,.9375
21048,5254,.0625
21049,-999,1.0000
21050,-999,1.0000
21051,-999,1.0000
21052,-999,1.0000
21053,-999,1.0000
21054,-999,1.0000
21055,-999,1.0000
21056,-999,1.0000
21057,-999,1.0000
21058,-999,.8750
21058,5254,.1250
21059,5254,.2500
21059,-999,.7500
21060,5254,.3750
21060,-999,.6250
21061,5254,.7000
21061,-999,.3000
21062,5254,.8750
21062,-999,.1250
21063,-999,.8333
21063,5254,.1667
21064,-999,1.0000
21065,-999,1.0000
21066,-999,1.0000
21067,-999,.8125
21067,5254,.1875
21068,5254,.3636
21068,-999,.6364
21069,5254,.5000
21069,-999,.5000
21070,5254,.2400
21070,-999,.7600
21071,-999,.7500
21071,5254,.2500
21072,-999,.2381
21072,5254,.7619
21073,-999,.9375
21073,5254,.0625
21074,-999,1.0000
21075,-999,1.0000
21076,-999,1.0000
21077,-999,1.0000
21078,-999,1.0000
21079,-999,1.0000
21080,-999,1.0000
21081,-999,1.0000
21082,-999,1.0000
21083,-999,1.0000
21084,-999,1.0000
21085,-999,1.0000
21086,-999,1.0000
21087,-999,1.0000
21088,-999,1.0000
21089,-999,1.0000
21090,-999,1.0000
21091,-999,1.0000
21092,-999,1.0000
21093,-999,1.0000
21094,-999,1.0000
21095,-999,1.0000
21096,-999,1.0000
21097,-999,1.0000
21098,-999,1.0000
21099,-999,1.0000
21100,-999,1.0000
21101,-999,1.0000
21102,-999,1.0000
21103,-999,1.0000
21104,-999,1.0000
21105,-999,1.0000
21106,-999,1.0000
21107,-999,1.0000
21108,-999,1.0000
21109,-999,1.0000
21110,-999,1.0000
21111,-999,1.0000
21112,-999,1.0000
21113,-999,1.0000
21114,-999,1.0000
21115,-999,1.0000
21116,-999,1.0000
21117,-999,1.0000
21118,-999,1.0000
21119,-999,1.0000
21120,-999,1.0000
21121,-999,1.0000
21122,-999,1.0000
21123,-999,1.0000
21124,-999,1.0000
21125,-999,1.0000
21126,-999,1.0000
21127,-999,1.0000
21128,-999,1.0000
21129,-999,1.0000
21130,-999,1.0000
21131,-999,1.0000
21132,-999,1.0000
21133,-999,1.0000
21134,-999,1.0000
21135,-999,1.0000
21136,-999,1.0000
21137,-999,1.0000
21138,-999,1.0000
21139,-999,1.0000
21140,-999,1.0000
21141,-999,1.0000
21142,-999,1.0000
21143,-999,1.0000
21144,-999,1.0000
21145,-999,1.0000
21146,-999,1.0000
21147,-999,1.0000
21148,-999,1.0000
21149,-999,1.0000
21150,-999,1.0000
21151,-999,1.0000
21152,-999,1.0000
21153,-999,1.0000
21154,-999,1.0000
21155,-999,1.0000
21156,-999,1.0000
21157,-999,1.0000
21158,-999,1.0000
21159,-999,1.0000
21160,-999,1.0000
21161,-999,1.0000
21162,-999,1.0000
21163,-999,1.0000
21164,-999,1.0000
21165,-999,1.0000
21166,-999,1.0000
21167,-999,1.0000
21168,-999,1.0000
21169,-999,1.0000
21170,-999,1.0000
21171,-999,1.0000
21172,-999,1.0000
21173,5254,1.0000
21174,5254,1.0000
21175,5254,1.0000
21176,5254,1.0000
21177,5254,1.0000
21178,5254,1.0000
21179,5254,1.0000
21180,5254,1.0000
21181,5254,1.0000
21182,5254,1.0000
21183,5254,1.0000
21184,5254,1.0000
21185,5254,1.0000
21186,5254,1.0000
21187,5254,1.0000
21188,5254,1.0000
21189,5254,1.0000
21190,5254,1.0000
21191,5254,1.0000
21192,5254,1.0000
21193,5254,1.0000
21194,5254,1.0000
21195,5254,1.0000
21196,5254,1.0000
21197,5254,1.0000
21198,5254,1.0000
21199,5254,1.0000
21200,5254,1.0000
21201,5254,1.0000
21202,5254,1.0000
21203,5254,1.0000
21204,5254,1.0000
21205,5254,1.0000
21206,5254,1.0000
21207,5254,1.0000
21208,5254,1.0000
21209,5254,1.0000
21210,5254,1.0000
21211,5254,1.0000
21212,5254,1.0000
21213,5254,1.0000
21214,5254,1.0000
21215,5254,1.0000
21216,5254,.7200
21216,5222,.2800
21217,5222,1.0000
21218,5222,1.0000
21219,5222,1.0000
21220,5222,1.0000
21221,5222,1.0000
21222,5222,1.0000
21223,5222,1.0000
21224,5222,1.0000
21225,5222,1.0000
21226,5222,1.0000
21227,5222,1.0000
21228,5222,1.0000
21229,5222,1.0000
21230,5222,1.0000
21231,5222,1.0000
21232,5222,1.0000
21233,5222,1.0000
21234,5222,1.0000
21235,5222,1.0000
21236,5222,1.0000
21237,5222,1.0000
21238,5222,1.0000
21239,5222,1.0000
21240,5222,1.0000
21241,5222,1.0000
21242,5222,1.0000
21243,5222,1.0000
21244,5222,1.0000
21245,5222,1.0000
21246,5222,1.0000
21247,5222,1.0000
21248,5222,1.0000
21249,5222,1.0000
21250,5222,1.0000
21251,5222,1.0000
21252,5222,1.0000
21253,5222,1.0000
21254,5222,1.0000
21255,5222,1.0000
21256,5222,1.0000
21257,5222,1.0000
21258,5222,1.0000
21259,5222,1.0000
21260,5222,1.0000
21261,5222,.7500
21261,5254,.2500
21262,5254,1.0000
21263,5254,1.0000
21264,5254,1.0000
21265,5254,1.0000
21266,5254,1.0000
21267,5254,1.0000
21268,5254,1.0000
21269,5254,1.0000
21270,5254,1.0000
21271,5254,1.0000
21272,5254,1.0000
21273,5254,1.0000
21274,5254,1.0000
21275,5254,1.0000
21276,5254,1.0000
21277,5254,1.0000
21278,5254,1.0000
21279,5254,1.0000
21280,5254,1.0000
21281,5254,1.0000
21282,5254,1.0000
21283,5254,1.0000
21284,5254,1.0000
21285,5254,1.0000
21286,5254,1.0000
21287,5254,1.0000
21288,5254,1.0000
21289,5254,1.0000
21290,5254,1.0000
21291,5254,1.0000
21292,5254,1.0000
21293,5254,1.0000
21294,5254,1.0000
21295,5254,1.0000
21296,5254,1.0000
21297,5254,1.0000
21298,5254,1.0000
21299,5254,1.0000
21300,5254,1.0000
21301,5254,1.0000
21302,5254,1.0000
21303,5254,1.0000
21304,5254,1.0000
21305,5254,.9500
21305,-999,.0500
21306,5254,.5200
21306,-999,.4800
21307,-999,.2353
21307,5254,.7647
21308,5254,1.0000
21309,5254,1.0000
21310,5254,1.0000
21311,5254,1.0000
21312,5254,1.0000
21313,5254,1.0000
21314,5254,1.0000
21315,5254,1.0000
21316,5254,.2500
21316,-999,.7500
21317,-999,1.0000
21318,-999,1.0000
21319,-999,1.0000
21320,-999,1.0000
21321,-999,1.0000
21322,-999,1.0000
21323,-999,1.0000
21324,-999,1.0000
21325,-999,1.0000
21326,-999,1.0000
21327,-999,1.0000
21328,-999,1.0000
21329,-999,.9500
21329,5254,.0500
21330,5254,.5000
21330,-999,.5000
21331,5254,.5500
21331,-999,.4500
21332,-999,.9375
21332,5254,.0625
21333,-999,1.0000
21334,-999,1.0000
21335,-999,.8235
21335,5254,.1765
21336,-999,.7000
21336,5254,.3000
21337,-999,.4375
21337,5254,.5625
21338,-999,.2000
21338,5254,.8000
21339,-999,.2500
21339,5254,.7500
21340,5254,.4167
21340,-999,.5833
21341,-999,1.0000
21342,-999,1.0000
21343,-999,1.0000
21344,-999,1.0000
21345,-999,1.0000
21346,-999,1.0000
21347,-999,1.0000
21348,-999,1.0000
21349,-999,1.0000
21350,-999,1.0000
21351,-999,1.0000
21352,-999,1.0000
21353,-999,1.0000
21354,-999,1.0000
21355,-999,1.0000
21356,-999,1.0000
21357,-999,1.0000
21358,-999,1.0000
21359,-999,1.0000
21360,-999,1.0000
21361,-999,1.0000
21362,-999,1.0000
21363,-999,1.0000
21364,-999,1.0000
21365,-999,1.0000
21366,-999,1.0000
21367,-999,1.0000
21368,-999,1.0000
21369,-999,1.0000
21370,-999,1.0000
21371,-999,1.0000
21372,-999,1.0000
21373,-999,1.0000
21374,-999,1.0000
21375,-999,1.0000
21376,-999,1.0000
21377,-999,1.0000
21378,-999,1.0000
21379,-999,1.0000
21380,-999,1.0000
21381,-999,1.0000
21382,-999,1.0000
21383,-999,1.0000
21384,-999,1.0000
21385,-999,1.0000
21386,-999,1.0000
21387,-999,1.0000
21388,-999,1.0000
21389,-999,1.0000
21390,-999,1.0000
21391,-999,1.0000
21392,-999,1.0000
21393,-999,1.0000
21394,-999,1.0000
21395,-999,1.0000
21396,-999,1.0000
21397,-999,1.0000
21398,-999,1.0000
21399,-999,1.0000
21400,-999,1.0000
21401,-999,1.0000
21402,-999,1.0000
21403,-999,1.0000
21404,-999,1.0000
21405,-999,1.0000
21406,-999,1.0000
21407,-999,1.0000
21408,-999,1.0000
21409,-999,1.0000
21410,-999,1.0000
21411,-999,1.0000
21412,-999,1.0000
21413,-999,1.0000
21414,-999,1.0000
21415,-999,1.0000
21416,-999,1.0000
21417,-999,1.0000
21418,-999,1.0000
21419,-999,1.0000
21420,-999,1.0000
21421,-999,1.0000
21422,-999,1.0000
21423,-999,1.0000
21424,-999,1.0000
21425,-999,1.0000
21426,-999,1.0000
21427,-999,1.0000
21428,-999,1.0000
21429,-999,1.0000
21430,-999,1.0000
21431,-999,1.0000
21432,-999,1.0000
21433,-999,1.0000
21434,-999,1.0000
21435,-999,1.0000
21436,-999,1.0000
21437,-999,1.0000
21438,-999,1.0000
21439,-999,1.0000
21440,-999,1.0000
21441,5254,1.0000
21442,5254,1.0000
21443,5254,1.0000
21444,5254,1.0000
21445,5254,1.0000
21446,5254,1.0000
21447,5254,1.0000
21448,5254,1.0000
21449,5254,1.0000
21450,5254,1.0000
21451,5254,1.0000
21452,5254,1.0000
21453,5254,1.0000
21454,5254,1.0000
21455,5254,1.0000
21456,5254,1.0000
21457,5254,1.0000
21458,5254,1.0000
21459,5254,1.0000
21460,5254,1.0000
21461,5254,1.0000
21462,5254,1.0000
21463,5254,1.0000
21464,5254,1.0000
21465,5254,1.0000
21466,5254,1.0000
21467,5254,1.0000
21468,5254,1.0000
21469,5254,1.0000
21470,5254,1.0000
21471,5254,1.0000
21472,5254,1.0000
21473,5254,1.0000
21474,5254,1.0000
21475,5254,1.0000
21476,5254,1.0000
21477,5254,1.0000
21478,5254,1.0000
21479,5254,1.0000
21480,5254,1.0000
21481,5254,1.0000
21482,5254,1.0000
21483,5254,1.0000
21484,5254,.8000
21484,5222,.2000
21485,5222,1.0000
21486,5222,1.0000
21487,5222,1.0000
21488,5222,1.0000
21489,5222,1.0000
21490,5222,1.0000
21491,5222,1.0000
21492,5222,1.0000
21493,5222,1.0000
21494,5222,1.0000
21495,5222,1.0000
21496,5222,1.0000
21497,5222,1.0000
21498,5222,1.0000
21499,5222,1.0000
21500,5222,1.0000
21501,5222,1.0000
21502,5222,1.0000
21503,5222,1.0000
21504,5222,1.0000
21505,5222,1.0000
21506,5222,1.0000
21507,5222,1.0000
21508,5222,1.0000
21509,5222,1.0000
21510,5222,1.0000
21511,5222,1.0000
21512,5222,1.0000
21513,5222,1.0000
21514,5222,1.0000
21515,5222,1.0000
21516,5222,1.0000
21517,5222,1.0000
21518,5222,1.0000
21519,5222,1.0000
21520,5222,1.0000
21521,5222,1.0000
21522,5222,1.0000
21523,5222,1.0000
21524,5222,1.0000
21525,5222,1.0000
21526,5222,1.0000
21527,5222,1.0000
21528,5222,1.0000
21529,5222,.9500
21529,5254,.0500
21530,5254,.5200
21530,5222,.4800
21531,5254,1.0000
21532,5254,1.0000
21533,5254,1.0000
21534,5254,1.0000
21535,5254,1.0000
21536,5254,1.0000
21537,5254,1.0000
21538,5254,1.0000
21539,5254,1.0000
21540,5254,1.0000
21541,5254,1.0000
21542,5254,1.0000
21543,5254,1.0000
21544,5254,1.0000
21545,5254,1.0000
21546,5254,1.0000
21547,5254,1.0000
21548,5254,1.0000
21549,5254,1.0000
21550,5254,1.0000
21551,5254,1.0000
21552,5254,1.0000
21553,5254,1.0000
21554,5254,1.0000
21555,5254,1.0000
21556,5254,1.0000
21557,5254,1.0000
21558,5254,1.0000
21559,5254,1.0000
21560,5254,1.0000
21561,5254,1.0000
21562,5254,1.0000
21563,5254,1.0000
21564,5254,1.0000
21565,5254,1.0000
21566,5254,1.0000
21567,5254,1.0000
21568,5254,1.0000
21569,5254,1.0000
21570,5254,1.0000
21571,5254,1.0000
21572,5254,.8500
21572,-999,.1500
21573,5254,.5000
21573,-999,.5000
21574,-999,.1500
21574,5254,.8500
21575,5254,1.0000
21576,5254,1.0000
21577,5254,1.0000
21578,5254,1.0000
21579,5254,1.0000
21580,5254,1.0000
21581,5254,1.0000
21582,5254,1.0000
21583,5254,1.0000
21584,5254,.2941
21584,-999,.7059
21585,-999,1.0000
21586,-999,1.0000
21587,-999,1.0000
21588,-999,1.0000
21589,-999,1.0000
21590,-999,1.0000
21591,-999,1.0000
21592,-999,1.0000
21593,-999,1.0000
21594,-999,1.0000
21595,-999,.9130
21595,5254,.0870
21596,-999,.9000
21596,5254,.1000
21597,-999,.9200
21597,5254,.0800
21598,-999,.8000
21598,5254,.2000
21599,-999,.7273
21599,5254,.2727
21600,5254,.0625
21600,-999,.9375
21601,-999,1.0000
21602,-999,.6250
21602,5254,.3750
21603,-999,.1000
21603,5254,.9000
21604,5254,1.0000
21605,5254,1.0000
21606,5254,1.0000
21607,5254,.6875
21607,-999,.3125
21608,5254,.0500
21608,-999,.9500
21609,-999,1.0000
21610,-999,1.0000
21611,-999,1.0000
21612,-999,1.0000
21613,-999,1.0000
21614,-999,1.0000
21615,-999,1.0000
21616,-999,1.0000
21617,-999,1.0000
21618,-999,1.0000
21619,-999,1.0000
21620,-999,1.0000
21621,-999,1.0000
21622,-999,1.0000
21623,-999,1.0000
21624,-999,1.0000
21625,-999,1.0000
21626,-999,1.0000
21627,-999,1.0000
21628,-999,1.0000
21629,-999,1.0000
21630,-999,1.0000
21631,-999,1.0000
21632,-999,1.0000
21633,-999,1.0000
21634,-999,1.0000
21635,-999,1.0000
21636,-999,1.0000
21637,-999,1.0000
21638,-999,1.0000
21639,-999,1.0000
21640,-999,1.0000
21641,-999,1.0000
21642,-999,1.0000
21643,-999,1.0000
21644,-999,1.0000
21645,-999,1.0000
21646,-999,1.0000
21647,-999,1.0000
21648,-999,1.0000
21649,-999,1.0000
21650,-999,1.0000
21651,-999,1.0000
21652,-999,1.0000
21653,-999,1.0000
21654,-999,1.0000
21655,-999,1.0000
21656,-999,1.0000
21657,-999,1.0000
21658,-999,1.0000
21659,-999,1.0000
21660,-999,1.0000
21661,-999,1.0000
21662,-999,1.0000
21663,-999,1.0000
21664,-999,1.0000
21665,-999,1.0000
21666,-999,1.0000
21667,-999,1.0000
21668,-999,1.0000
21669,-999,1.0000
21670,-999,1.0000
21671,-999,1.0000
21672,-999,1.0000
21673,-999,1.0000
21674,-999,1.0000
21675,-999,1.0000
21676,-999,1.0000
21677,-999,1.0000
21678,-999,1.0000
21679,-999,1.0000
21680,-999,1.0000
21681,-999,1.0000
21682,-999,1.0000
21683,-999,1.0000
21684,-999,1.0000
21685,-999,1.0000
21686,-999,1.0000
21687,-999,1.0000
21688,-999,1.0000
21689,-999,1.0000
21690,-999,1.0000
21691,-999,1.0000
21692,-999,1.0000
21693,-999,1.0000
21694,-999,1.0000
21695,-999,1.0000
21696,-999,1.0000
21697,-999,1.0000
21698,-999,1.0000
21699,-999,1.0000
21700,-999,1.0000
21701,-999,1.0000
21702,-999,1.0000
21703,-999,1.0000
21704,-999,1.0000
21705,-999,1.0000
21706,-999,1.0000
21707,-999,1.0000
21708,-999,1.0000
21709,5254,1.0000
21710,5254,1.0000
21711,5254,1.0000
21712,5254,1.0000
21713,5254,1.0000
21714,5254,1.0000
21715,5254,1.0000
21716,5254,1.0000
21717,5254,1.0000
21718,5254,1.0000
21719,5254,1.0000
21720,5254,1.0000
21721,5254,1.0000
21722,5254,1.0000
21723,5254,1.0000
21724,5254,1.0000
21725,5254,1.0000
21726,5254,1.0000
21727,5254,1.0000
21728,5254,1.0000
21729,5254,1.0000
21730,5254,1.0000
21731,5254,1.0000
21732,5254,1.0000
21733,5254,1.0000
21734,5254,1.0000
21735,5254,1.0000
21736,5254,1.0000
21737,5254,1.0000
21738,5254,1.0000
21739,5254,1.0000
21740,5254,1.0000
21741,5254,1.0000
21742,5254,1.0000
21743,5254,1.0000
21744,5254,1.0000
21745,5254,1.0000
21746,5254,1.0000
21747,5254,1.0000
21748,5254,1.0000
21749,5254,1.0000
21750,5254,1.0000
21751,5254,1.0000
21752,5254,.8000
21752,5222,.2000
21753,5222,1.0000
21754,5222,1.0000
21755,5222,1.0000
21756,5222,1.0000
21757,5222,1.0000
21758,5222,1.0000
21759,5222,1.0000
21760,5222,1.0000
21761,5222,1.0000
21762,5222,1.0000
21763,5222,1.0000
21764,5222,1.0000
21765,5222,1.0000
21766,5222,1.0000
21767,5222,1.0000
21768,5222,1.0000
21769,5222,1.0000
21770,5222,1.0000
21771,5222,1.0000
21772,5222,1.0000
21773,5222,1.0000
21774,5222,1.0000
21775,5222,1.0000
21776,5222,1.0000
21777,5222,1.0000
21778,5222,1.0000
21779,5222,1.0000
21780,5222,1.0000
21781,5222,1.0000
21782,5222,1.0000
21783,5222,1.0000
21784,5222,1.0000
21785,5222,1.0000
21786,5222,1.0000
21787,5222,1.0000
21788,5222,1.0000
21789,5222,1.0000
21790,5222,1.0000
21791,5222,1.0000
21792,5222,1.0000
21793,5222,1.0000
21794,5222,1.0000
21795,5222,1.0000
21796,5222,1.0000
21797,5222,1.0000
21798,5222,.9500
21798,5254,.0500
21799,5254,.6250
21799,5222,.3750
21800,5254,.7500
21800,5222,.2500
21801,5254,.7500
21801,5222,.2500
21802,5254,.9500
21802,5222,.0500
21803,5254,1.0000
21804,5254,1.0000
21805,5254,1.0000
21806,5254,1.0000
21807,5254,1.0000
21808,5254,1.0000
21809,5254,1.0000
21810,5254,1.0000
21811,5254,1.0000
21812,5254,1.0000
21813,5254,1.0000
21814,5254,1.0000
21815,5254,1.0000
21816,5254,1.0000
21817,5254,1.0000
21818,5254,1.0000
21819,5254,1.0000
21820,5254,1.0000
21821,5254,1.0000
21822,5254,1.0000
21823,5254,1.0000
21824,5254,1.0000
21825,5254,1.0000
21826,5254,1.0000
21827,5254,1.0000
21828,5254,1.0000
21829,5254,1.0000
21830,5254,1.0000
21831,5254,1.0000
21832,5254,1.0000
21833,5254,1.0000
21834,5254,1.0000
21835,5254,1.0000
21836,5254,1.0000
21837,5254,1.0000
21838,5254,1.0000
21839,5254,1.0000
21840,5254,.5500
21840,-999,.4500
21841,-999,.2500
21841,5254,.7500
21842,5254,1.0000
21843,5254,1.0000
21844,5254,1.0000
21845,5254,1.0000
21846,5254,1.0000
21847,5254,1.0000
21848,5254,1.0000
21849,5254,1.0000
21850,5254,.8000
21850,-999,.2000
21851,5254,.3500
21851,-999,.6500
21852,5254,.0417
21852,-999,.9583
21853,-999,1.0000
21854,-999,1.0000
21855,-999,1.0000
21856,-999,1.0000
21857,-999,1.0000
21858,-999,1.0000
21859,-999,1.0000
21860,-999,1.0000
21861,-999,1.0000
21862,-999,1.0000
21863,-999,.3500
21863,5254,.6500
21864,5254,.8125
21864,-999,.1875
21865,-999,.2500
21865,5254,.7500
21866,5254,1.0000
21867,5254,.9167
21867,-999,.0833
21868,-999,.2500
21868,5254,.7500
21869,-999,.2800
21869,5254,.7200
21870,-999,.0526
21870,5254,.9474
21871,5254,1.0000
21872,5254,1.0000
21873,5254,1.0000
21874,5254,1.0000
21875,5254,.5789
21875,-999,.4211
21876,-999,1.0000
21877,-999,.8235
21877,5254,.1765
21878,-999,.7500
21878,5254,.2500
21879,-999,.8125
21879,5254,.1875
21880,-999,1.0000
21881,-999,1.0000
21882,-999,1.0000
21883,-999,1.0000
21884,-999,1.0000
21885,-999,1.0000
21886,-999,1.0000
21887,-999,1.0000
21888,-999,1.0000
21889,-999,1.0000
21890,-999,1.0000
21891,-999,1.0000
21892,-999,1.0000
21893,-999,1.0000
21894,-999,1.0000
21895,-999,1.0000
21896,-999,1.0000
21897,-999,1.0000
21898,-999,1.0000
21899,-999,1.0000
21900,-999,1.0000
21901,-999,1.0000
21902,-999,1.0000
21903,-999,1.0000
21904,-999,1.0000
21905,-999,1.0000
21906,-999,1.0000
21907,-999,1.0000
21908,-999,1.0000
21909,-999,1.0000
21910,-999,1.0000
21911,-999,1.0000
21912,-999,1.0000
21913,-999,1.0000
21914,-999,1.0000
21915,-999,1.0000
21916,-999,1.0000
21917,-999,1.0000
21918,-999,1.0000
21919,-999,1.0000
21920,-999,1.0000
21921,-999,1.0000
21922,-999,1.0000
21923,-999,1.0000
21924,-999,1.0000
21925,-999,1.0000
21926,-999,1.0000
21927,-999,1.0000
21928,-999,1.0000
21929,-999,1.0000
21930,-999,1.0000
21931,-999,1.0000
21932,-999,1.0000
21933,-999,1.0000
21934,-999,1.0000
21935,-999,1.0000
21936,-999,1.0000
21937,-999,1.0000
21938,-999,1.0000
21939,-999,1.0000
21940,-999,1.0000
21941,-999,1.0000
21942,-999,1.0000
21943,-999,1.0000
21944,-999,1.0000
21945,-999,1.0000
21946,-999,1.0000
21947,-999,1.0000
21948,-999,1.0000
21949,-999,1.0000
21950,-999,1.0000
21951,-999,1.0000
21952,-999,1.0000
21953,-999,1.0000
21954,-999,1.0000
21955,-999,1.0000
21956,-999,1.0000
21957,-999,1.0000
21958,-999,1.0000
21959,-999,1.0000
21960,-999,1.0000
21961,-999,1.0000
21962,-999,1.0000
21963,-999,1.0000
21964,-999,1.0000
21965,-999,1.0000
21966,-999,1.0000
21967,-999,1.0000
21968,-999,1.0000
21969,-999,1.0000
21970,-999,1.0000
21971,-999,1.0000
21972,-999,1.0000
21973,-999,1.0000
21974,-999,1.0000
21975,-999,1.0000
21976,-999,1.0000
21977,5254,1.0000
21978,5254,1.0000
21979,5254,1.0000
21980,5254,1.0000
21981,5254,1.0000
21982,5254,1.0000
21983,5254,1.0000
21984,5254,1.0000
21985,5254,1.0000
21986,5254,1.0000
21987,5254,1.0000
21988,5254,1.0000
21989,5254,1.0000
21990,5254,1.0000
21991,5254,1.0000
21992,5254,1.0000
21993,5254,1.0000
21994,5254,1.0000
21995,5254,1.0000
21996,5254,1.0000
21997,5254,1.0000
21998,5254,1.0000
21999,5254,1.0000
22000,5254,1.0000
22001,5254,1.0000
22002,5254,1.0000
22003,5254,1.0000
22004,5254,1.0000
22005,5254,1.0000
22006,5254,1.0000
22007,5254,1.0000
22008,5254,1.0000
22009,5254,1.0000
22010,5254,1.0000
22011,5254,1.0000
22012,5254,1.0000
22013,5254,1.0000
22014,5254,1.0000
22015,5254,1.0000
22016,5254,1.0000
22017,5254,1.0000
22018,5254,1.0000
22019,5254,1.0000
22020,5254,.9500
22020,5222,.0500
22021,5222,.8125
22021,5254,.1875
22022,5222,1.0000
22023,5222,1.0000
22024,5222,1.0000
22025,5222,1.0000
22026,5222,1.0000
22027,5222,1.0000
22028,5222,1.0000
22029,5222,1.0000
22030,5222,1.0000
22031,5222,1.0000
22032,5222,1.0000
22033,5222,1.0000
22034,5222,1.0000
22035,5222,1.0000
22036,5222,1.0000
22037,5222,1.0000
22038,5222,1.0000
22039,5222,1.0000
22040,5222,1.0000
22041,5222,1.0000
22042,5222,1.0000
22043,5222,1.0000
22044,5222,1.0000
22045,5222,1.0000
22046,5222,1.0000
22047,5222,1.0000
22048,5222,1.0000
22049,5222,1.0000
22050,5222,1.0000
22051,5222,1.0000
22052,5222,1.0000
22053,5222,1.0000
22054,5222,1.0000
22055,5222,1.0000
22056,5222,1.0000
22057,5222,1.0000
22058,5222,1.0000
22059,5222,1.0000
22060,5222,1.0000
22061,5222,1.0000
22062,5222,1.0000
22063,5222,1.0000
22064,5222,1.0000
22065,5222,1.0000
22066,5222,1.0000
22067,5222,1.0000
22068,5222,1.0000
22069,5222,1.0000
22070,5222,.7000
22070,5254,.3000
22071,5254,.8125
22071,5222,.1875
22072,5254,1.0000
22073,5254,1.0000
22074,5254,1.0000
22075,5254,1.0000
22076,5254,1.0000
22077,5254,1.0000
22078,5254,1.0000
22079,5254,1.0000
22080,5254,1.0000
22081,5254,1.0000
22082,5254,1.0000
22083,5254,1.0000
22084,5254,1.0000
22085,5254,1.0000
22086,5254,1.0000
22087,5254,1.0000
22088,5254,1.0000
22089,5254,1.0000
22090,5254,1.0000
22091,5254,1.0000
22092,5254,1.0000
22093,5254,1.0000
22094,5254,1.0000
22095,5254,1.0000
22096,5254,1.0000
22097,5254,1.0000
22098,5254,1.0000
22099,5254,1.0000
22100,5254,1.0000
22101,5254,1.0000
22102,5254,1.0000
22103,5254,1.0000
22104,5254,1.0000
22105,5254,1.0000
22106,5254,1.0000
22107,5254,1.0000
22108,5254,.6000
22108,-999,.4000
22109,5254,1.0000
22110,5254,1.0000
22111,5254,1.0000
22112,5254,1.0000
22113,5254,1.0000
22114,5254,1.0000
22115,5254,1.0000
22116,5254,1.0000
22117,5254,1.0000
22118,5254,.4000
22118,-999,.6000
22119,-999,1.0000
22120,-999,1.0000
22121,-999,1.0000
22122,-999,1.0000
22123,-999,1.0000
22124,-999,1.0000
22125,-999,1.0000
22126,-999,1.0000
22127,-999,1.0000
22128,-999,1.0000
22129,-999,1.0000
22130,-999,1.0000
22131,-999,.2500
22131,5254,.7500
22132,5254,1.0000
22133,5254,1.0000
22134,5254,1.0000
22135,5254,1.0000
22136,5254,1.0000
22137,5254,1.0000
22138,5254,1.0000
22139,5254,1.0000
22140,5254,1.0000
22141,5254,.7083
22141,-999,.2917
22142,5254,1.0000
22143,5254,.9000
22143,-999,.1000
22144,-999,.2500
22144,5254,.7500
22145,-999,.1000
22145,5254,.9000
22146,5254,1.0000
22147,5254,.5000
22147,-999,.5000
22148,-999,1.0000
22149,-999,1.0000
22150,-999,1.0000
22151,-999,1.0000
22152,-999,1.0000
22153,-999,1.0000
22154,-999,1.0000
22155,-999,1.0000
22156,-999,1.0000
22157,-999,1.0000
22158,-999,1.0000
22159,-999,1.0000
22160,-999,1.0000
22161,-999,1.0000
22162,-999,1.0000
22163,-999,1.0000
22164,-999,1.0000
22165,-999,1.0000
22166,-999,1.0000
22167,-999,1.0000
22168,-999,1.0000
22169,-999,1.0000
22170,-999,1.0000
22171,-999,1.0000
22172,-999,1.0000
22173,-999,1.0000
22174,-999,1.0000
22175,-999,1.0000
22176,-999,1.0000
22177,-999,1.0000
22178,-999,1.0000
22179,-999,1.0000
22180,-999,1.0000
22181,-999,1.0000
22182,-999,1.0000
22183,-999,1.0000
22184,-999,1.0000
22185,-999,1.0000
22186,-999,1.0000
22187,-999,1.0000
22188,-999,1.0000
22189,-999,1.0000
22190,-999,1.0000
22191,-999,1.0000
22192,-999,1.0000
22193,-999,1.0000
22194,-999,1.0000
22195,-999,1.0000
22196,-999,1.0000
22197,-999,1.0000
22198,-999,1.0000
22199,-999,1.0000
22200,-999,1.0000
22201,-999,1.0000
22202,-999,1.0000
22203,-999,1.0000
22204,-999,1.0000
22205,-999,1.0000
22206,-999,1.0000
22207,-999,1.0000
22208,-999,1.0000
22209,-999,1.0000
22210,-999,1.0000
22211,-999,1.0000
22212,-999,1.0000
22213,-999,1.0000
22214,-999,1.0000
22215,-999,1.0000
22216,-999,1.0000
22217,-999,1.0000
22218,-999,1.0000
22219,-999,1.0000
22220,-999,1.0000
22221,-999,1.0000
22222,-999,1.0000
22223,-999,1.0000
22224,-999,1.0000
22225,-999,1.0000
22226,-999,1.0000
22227,-999,1.0000
22228,-999,1.0000
22229,-999,1.0000
22230,-999,1.0000
22231,-999,1.0000
22232,-999,1.0000
22233,-999,1.0000
22234,-999,1.0000
22235,-999,1.0000
22236,-999,1.0000
22237,-999,1.0000
22238,-999,1.0000
22239,-999,1.0000
22240,-999,1.0000
22241,-999,1.0000
22242,-999,1.0000
22243,-999,1.0000
22244,-999,1.0000
22245,5254,1.0000
22246,5254,1.0000
22247,5254,1.0000
22248,5254,1.0000
22249,5254,1.0000
22250,5254,1.0000
22251,5254,1.0000
22252,5254,1.0000
22253,5254,1.0000
22254,5254,1.0000
22255,5254,1.0000
22256,5254,1.0000
22257,5254,1.0000
22258,5254,1.0000
22259,5254,1.0000
22260,5254,1.0000
22261,5254,1.0000
22262,5254,1.0000
22263,5254,1.0000
22264,5254,1.0000
22265,5254,1.0000
22266,5254,1.0000
22267,5254,1.0000
22268,5254,1.0000
22269,5254,1.0000
22270,5254,1.0000
22271,5254,1.0000
22272,5254,1.0000
22273,5254,1.0000
22274,5254,1.0000
22275,5254,1.0000
22276,5254,1.0000
22277,5254,1.0000
22278,5254,1.0000
22279,5254,1.0000
22280,5254,1.0000
22281,5254,1.0000
22282,5254,1.0000
22283,5254,1.0000
22284,5254,1.0000
22285,5254,1.0000
22286,5254,1.0000
22287,5254,1.0000
22288,5254,1.0000
22289,5254,.3125
22289,5222,.6875
22290,5222,1.0000
22291,5222,1.0000
22292,5222,1.0000
22293,5222,1.0000
22294,5222,1.0000
22295,5222,1.0000
22296,5222,1.0000
22297,5222,1.0000
22298,5222,1.0000
22299,5222,1.0000
22300,5222,1.0000
22301,5222,1.0000
22302,5222,1.0000
22303,5222,1.0000
22304,5222,1.0000
22305,5222,1.0000
22306,5222,1.0000
22307,5222,1.0000
22308,5222,1.0000
22309,5222,1.0000
22310,5222,1.0000
22311,5222,1.0000
22312,5222,1.0000
22313,5222,1.0000
22314,5222,1.0000
22315,5222,1.0000
22316,5222,1.0000
22317,5222,1.0000
22318,5222,1.0000
22319,5222,1.0000
22320,5222,1.0000
22321,5222,1.0000
22322,5222,1.0000
22323,5222,1.0000
22324,5222,1.0000
22325,5222,1.0000
22326,5222,1.0000
22327,5222,1.0000
22328,5222,1.0000
22329,5222,1.0000
22330,5222,1.0000
22331,5222,1.0000
22332,5222,1.0000
22333,5222,1.0000
22334,5222,1.0000
22335,5222,1.0000
22336,5222,1.0000
22337,5222,1.0000
22338,5222,1.0000
22339,5222,.8125
22339,5254,.1875
22340,5254,.8000
22340,5222,.2000
22341,5254,1.0000
22342,5254,1.0000
22343,5254,1.0000
22344,5254,1.0000
22345,5254,1.0000
22346,5254,1.0000
22347,5254,1.0000
22348,5254,1.0000
22349,5254,1.0000
22350,5254,1.0000
22351,5254,1.0000
22352,5254,1.0000
22353,5254,1.0000
22354,5254,1.0000
22355,5254,1.0000
22356,5254,1.0000
22357,5254,1.0000
22358,5254,1.0000
22359,5254,1.0000
22360,5254,1.0000
22361,5254,1.0000
22362,5254,1.0000
22363,5254,1.0000
22364,5254,1.0000
22365,5254,1.0000
22366,5254,1.0000
22367,5254,1.0000
22368,5254,1.0000
22369,5254,1.0000
22370,5254,1.0000
22371,5254,1.0000
22372,5254,1.0000
22373,5254,1.0000
22374,5254,.8800
22374,-999,.1200
22375,5254,.3684
22375,-999,.6316
22376,5254,.5500
22376,-999,.4500
22377,5254,1.0000
22378,5254,1.0000
22379,5254,1.0000
22380,5254,1.0000
22381,5254,1.0000
22382,5254,1.0000
22383,5254,1.0000
22384,5254,1.0000
22385,5254,1.0000
22386,5254,.5000
22386,-999,.5000
22387,-999,1.0000
22388,-999,1.0000
22389,-999,1.0000
22390,-999,1.0000
22391,-999,1.0000
22392,-999,1.0000
22393,-999,1.0000
22394,-999,1.0000
22395,-999,1.0000
22396,-999,1.0000
22397,-999,1.0000
22398,-999,1.0000
22399,-999,.8000
22399,5254,.2000
22400,5254,.8125
22400,-999,.1875
22401,5254,1.0000
22402,5254,1.0000
22403,5254,1.0000
22404,5254,1.0000
22405,5254,1.0000
22406,5254,1.0000
22407,5254,1.0000
22408,5254,.8750
22408,-999,.1250
22409,5254,.3333
22409,-999,.6667
22410,5254,.5000
22410,-999,.5000
22411,5254,.7600
22411,-999,.2400
22412,5254,1.0000
22413,5254,1.0000
22414,5254,1.0000
22415,5254,.6000
22415,-999,.4000
22416,-999,1.0000
22417,-999,1.0000
22418,-999,1.0000
22419,-999,1.0000
22420,-999,1.0000
22421,-999,1.0000
22422,-999,1.0000
22423,-999,1.0000
22424,-999,1.0000
22425,-999,1.0000
22426,-999,1.0000
22427,-999,1.0000
22428,-999,1.0000
22429,-999,1.0000
22430,-999,1.0000
22431,-999,1.0000
22432,-999,1.0000
22433,-999,1.0000
22434,-999,1.0000
22435,-999,1.0000
22436,-999,1.0000
22437,-999,1.0000
22438,-999,1.0000
22439,-999,1.0000
22440,-999,1.0000
22441,-999,1.0000
22442,-999,1.0000
22443,-999,1.0000
22444,-999,1.0000
22445,-999,1.0000
22446,-999,1.0000
22447,-999,1.0000
22448,-999,1.0000
22449,-999,1.0000
22450,-999,1.0000
22451,-999,1.0000
22452,-999,1.0000
22453,-999,1.0000
22454,-999,1.0000
22455,-999,1.0000
22456,-999,1.0000
22457,-999,1.0000
22458,-999,1.0000
22459,-999,1.0000
22460,-999,1.0000
22461,-999,1.0000
22462,-999,1.0000
22463,-999,1.0000
22464,-999,1.0000
22465,-999,1.0000
22466,-999,1.0000
22467,-999,1.0000
22468,-999,1.0000
22469,-999,1.0000
22470,-999,1.0000
22471,-999,1.0000
22472,-999,1.0000
22473,-999,1.0000
22474,-999,1.0000
22475,-999,1.0000
22476,-999,1.0000
22477,-999,1.0000
22478,-999,1.0000
22479,-999,1.0000
22480,-999,1.0000
22481,-999,1.0000
22482,-999,1.0000
22483,-999,1.0000
22484,-999,1.0000
22485,-999,1.0000
22486,-999,1.0000
22487,-999,1.0000
22488,-999,1.0000
22489,-999,1.0000
22490,-999,1.0000
22491,-999,1.0000
22492,-999,1.0000
22493,-999,1.0000
22494,-999,1.0000
22495,-999,1.0000
22496,-999,1.0000
22497,-999,1.0000
22498,-999,1.0000
22499,-999,1.0000
22500,-999,1.0000
22501,-999,1.0000
22502,-999,1.0000
22503,-999,1.0000
22504,-999,1.0000
22505,-999,1.0000
22506,-999,1.0000
22507,-999,1.0000
22508,-999,1.0000
22509,-999,1.0000
22510,-999,1.0000
22511,-999,1.0000
22512,-999,1.0000
22513,5254,1.0000
22514,5254,1.0000
22515,5254,1.0000
22516,5254,1.0000
22517,5254,1.0000
22518,5254,1.0000
22519,5254,1.0000
22520,5254,1.0000
22521,5254,1.0000
22522,5254,1.0000
22523,5254,1.0000
22524,5254,1.0000
22525,5254,1.0000
22526,5254,1.0000
22527,5254,1.0000
22528,5254,1.0000
22529,5254,1.0000
22530,5254,1.0000
22531,5254,1.0000
22532,5254,1.0000
22533,5254,1.0000
22534,5254,1.0000
22535,5254,1.0000
22536,5254,1.0000
22537,5254,1.0000
22538,5254,1.0000
22539,5254,1.0000
22540,5254,1.0000
22541,5254,1.0000
22542,5254,1.0000
22543,5254,1.0000
22544,5254,1.0000
22545,5254,1.0000
22546,5254,1.0000
22547,5254,1.0000
22548,5254,1.0000
22549,5254,1.0000
22550,5254,1.0000
22551,5254,1.0000
22552,5254,1.0000
22553,5254,1.0000
22554,5254,1.0000
22555,5254,1.0000
22556,5254,1.0000
22557,5254,.5000
22557,5222,.5000
22558,5222,1.0000
22559,5222,1.0000
22560,5222,1.0000
22561,5222,1.0000
22562,5222,1.0000
22563,5222,1.0000
22564,5222,1.0000
22565,5222,1.0000
22566,5222,1.0000
22567,5222,1.0000
22568,5222,1.0000
22569,5222,1.0000
22570,5222,1.0000
22571,5222,1.0000
22572,5222,1.0000
22573,5222,1.0000
22574,5222,1.0000
22575,5222,1.0000
22576,5222,1.0000
22577,5222,1.0000
22578,5222,1.0000
22579,5222,1.0000
22580,5222,1.0000
22581,5222,1.0000
22582,5222,1.0000
22583,5222,1.0000
22584,5222,1.0000
22585,5222,1.0000
22586,5222,1.0000
22587,5222,1.0000
22588,5222,1.0000
22589,5222,1.0000
22590,5222,1.0000
22591,5222,1.0000
22592,5222,1.0000
22593,5222,1.0000
22594,5222,1.0000
22595,5222,1.0000
22596,5222,1.0000
22597,5222,1.0000
22598,5222,1.0000
22599,5222,1.0000
22600,5222,1.0000
22601,5222,1.0000
22602,5222,1.0000
22603,5222,1.0000
22604,5222,1.0000
22605,5222,1.0000
22606,5222,1.0000
22607,5222,1.0000
22608,5222,.6500
22608,5254,.3500
22609,5254,1.0000
22610,5254,1.0000
22611,5254,1.0000
22612,5254,1.0000
22613,5254,1.0000
22614,5254,1.0000
22615,5254,1.0000
22616,5254,1.0000
22617,5254,1.0000
22618,5254,1.0000
22619,5254,1.0000
22620,5254,1.0000
22621,5254,1.0000
22622,5254,1.0000
22623,5254,1.0000
22624,5254,1.0000
22625,5254,1.0000
22626,5254,1.0000
22627,5254,1.0000
22628,5254,1.0000
22629,5254,1.0000
22630,5254,1.0000
22631,5254,1.0000
22632,5254,1.0000
22633,5254,1.0000
22634,5254,1.0000
22635,5254,1.0000
22636,5254,1.0000
22637,5254,1.0000
22638,5254,1.0000
22639,5254,1.0000
22640,5254,1.0000
22641,5254,.7647
22641,-999,.2353
22642,5254,.2500
22642,-999,.7500
22643,-999,.9444
22643,5254,.0556
22644,-999,.2400
22644,5254,.7600
22645,5254,1.0000
22646,5254,1.0000
22647,5254,1.0000
22648,5254,1.0000
22649,5254,1.0000
22650,5254,1.0000
22651,5254,1.0000
22652,5254,1.0000
22653,5254,1.0000
22654,5254,.8000
22654,-999,.2000
22655,-999,.9375
22655,5254,.0625
22656,-999,1.0000
22657,-999,1.0000
22658,-999,1.0000
22659,-999,1.0000
22660,-999,1.0000
22661,-999,1.0000
22662,-999,1.0000
22663,-999,1.0000
22664,-999,1.0000
22665,-999,1.0000
22666,-999,1.0000
22667,-999,1.0000
22668,-999,.8500
22668,5254,.1500
22669,5254,.7143
22669,-999,.2857
22670,5254,1.0000
22671,5254,1.0000
22672,5254,1.0000
22673,5254,1.0000
22674,5254,1.0000
22675,5254,.9500
22675,-999,.0500
22676,5254,.6250
22676,-999,.3750
22677,-999,.7500
22677,5254,.2500
22678,-999,1.0000
22679,-999,.9000
22679,5254,.1000
22680,5254,.8125
22680,-999,.1875
22681,5254,.8333
22681,-999,.1667
22682,5254,.3500
22682,-999,.6500
22683,5254,.2000
22683,-999,.8000
22684,-999,1.0000
22685,-999,1.0000
22686,-999,1.0000
22687,-999,1.0000
22688,-999,1.0000
22689,-999,1.0000
22690,-999,1.0000
22691,-999,1.0000
22692,-999,1.0000
22693,-999,1.0000
22694,-999,1.0000
22695,-999,1.0000
22696,-999,1.0000
22697,-999,1.0000
22698,-999,1.0000
22699,-999,1.0000
22700,-999,1.0000
22701,-999,1.0000
22702,-999,1.0000
22703,-999,1.0000
22704,-999,1.0000
22705,-999,1.0000
22706,-999,1.0000
22707,-999,1.0000
22708,-999,1.0000
22709,-999,1.0000
22710,-999,1.0000
22711,-999,1.0000
22712,-999,1.0000
22713,-999,1.0000
22714,-999,1.0000
22715,-999,1.0000
22716,-999,1.0000
22717,-999,1.0000
22718,-999,1.0000
22719,-999,1.0000
22720,-999,1.0000
22721,-999,1.0000
22722,-999,1.0000
22723,-999,1.0000
22724,-999,1.0000
22725,-999,1.0000
22726,-999,1.0000
22727,-999,1.0000
22728,-999,1.0000
22729,-999,1.0000
22730,-999,1.0000
22731,-999,1.0000
22732,-999,1.0000
22733,-999,1.0000
22734,-999,1.0000
22735,-999,1.0000
22736,-999,1.0000
22737,-999,1.0000
22738,-999,1.0000
22739,-999,1.0000
22740,-999,1.0000
22741,-999,1.0000
22742,-999,1.0000
22743,-999,1.0000
22744,-999,1.0000
22745,-999,1.0000
22746,-999,1.0000
22747,-999,1.0000
22748,-999,1.0000
22749,-999,1.0000
22750,-999,1.0000
22751,-999,1.0000
22752,-999,1.0000
22753,-999,1.0000
22754,-999,1.0000
22755,-999,1.0000
22756,-999,1.0000
22757,-999,1.0000
22758,-999,1.0000
22759,-999,1.0000
22760,-999,1.0000
22761,-999,1.0000
22762,-999,1.0000
22763,-999,1.0000
22764,-999,1.0000
22765,-999,1.0000
22766,-999,1.0000
22767,-999,1.0000
22768,-999,1.0000
22769,-999,1.0000
22770,-999,1.0000
22771,-999,1.0000
22772,-999,1.0000
22773,-999,1.0000
22774,-999,1.0000
22775,-999,1.0000
22776,-999,1.0000
22777,-999,1.0000
22778,-999,1.0000
22779,-999,1.0000
22780,-999,1.0000
22781,5254,1.0000
22782,5254,1.0000
22783,5254,1.0000
22784,5254,1.0000
22785,5254,1.0000
22786,5254,1.0000
22787,5254,1.0000
22788,5254,1.0000
22789,5254,1.0000
22790,5254,1.0000
22791,5254,1.0000
22792,5254,1.0000
22793,5254,1.0000
22794,5254,1.0000
22795,5254,1.0000
22796,5254,1.0000
22797,5254,1.0000
22798,5254,1.0000
22799,5254,1.0000
22800,5254,1.0000
22801,5254,1.0000
22802,5254,1.0000
22803,5254,1.0000
22804,5254,1.0000
22805,5254,1.0000
22806,5254,1.0000
22807,5254,1.0000
22808,5254,1.0000
22809,5254,1.0000
22810,5254,1.0000
22811,5254,1.0000
22812,5254,1.0000
22813,5254,1.0000
22814,5254,1.0000
22815,5254,1.0000
22816,5254,1.0000
22817,5254,1.0000
22818,5254,1.0000
22819,5254,1.0000
22820,5254,1.0000
22821,5254,1.0000
22822,5254,1.0000
22823,5254,1.0000
22824,5254,1.0000
22825,5254,.4375
22825,5222,.5625
22826,5222,1.0000
22827,5222,1.0000
22828,5222,1.0000
22829,5222,1.0000
22830,5222,1.0000
22831,5222,1.0000
22832,5222,1.0000
22833,5222,1.0000
22834,5222,1.0000
22835,5222,1.0000
22836,5222,1.0000
22837,5222,1.0000
22838,5222,1.0000
22839,5222,1.0000
22840,5222,1.0000
22841,5222,1.0000
22842,5222,1.0000
22843,5222,1.0000
22844,5222,1.0000
22845,5222,1.0000
22846,5222,1.0000
22847,5222,1.0000
22848,5222,1.0000
22849,5222,1.0000
22850,5222,1.0000
22851,5222,1.0000
22852,5222,1.0000
22853,5222,1.0000
22854,5222,1.0000
22855,5222,1.0000
22856,5222,1.0000
22857,5222,1.0000
22858,5222,1.0000
22859,5222,1.0000
22860,5222,1.0000
22861,5222,1.0000
22862,5222,1.0000
22863,5222,1.0000
22864,5222,1.0000
22865,5222,1.0000
22866,5222,1.0000
22867,5222,1.0000
22868,5222,1.0000
22869,5222,1.0000
22870,5222,1.0000
22871,5222,1.0000
22872,5222,1.0000
22873,5222,1.0000
22874,5222,1.0000
22875,5222,1.0000
22876,5222,.9600
22876,5254,.0400
22877,5254,.6500
22877,5222,.3500
22878,5254,1.0000
22879,5254,1.0000
22880,5254,1.0000
22881,5254,1.0000
22882,5254,1.0000
22883,5254,1.0000
22884,5254,1.0000
22885,5254,1.0000
22886,5254,1.0000
22887,5254,1.0000
22888,5254,1.0000
22889,5254,1.0000
22890,5254,1.0000
22891,5254,1.0000
22892,5254,1.0000
22893,5254,1.0000
22894,5254,1.0000
22895,5254,1.0000
22896,5254,1.0000
22897,5254,1.0000
22898,5254,1.0000
22899,5254,1.0000
22900,5254,1.0000
22901,5254,1.0000
22902,5254,1.0000
22903,5254,1.0000
22904,5254,1.0000
22905,5254,1.0000
22906,5254,1.0000
22907,5254,1.0000
22908,5254,1.0000
22909,5254,.4000
22909,-999,.6000
22910,-999,1.0000
22911,-999,.4706
22911,5254,.5294
22912,5254,1.0000
22913,5254,1.0000
22914,5254,1.0000
22915,5254,1.0000
22916,5254,1.0000
22917,5254,1.0000
22918,5254,1.0000
22919,5254,1.0000
22920,5254,1.0000
22921,5254,1.0000
22922,5254,1.0000
22923,5254,.2500
22923,-999,.7500
22924,-999,1.0000
22925,-999,1.0000
22926,-999,1.0000
22927,-999,1.0000
22928,-999,1.0000
22929,-999,1.0000
22930,-999,1.0000
22931,-999,1.0000
22932,-999,1.0000
22933,-999,.9375
22933,5254,.0625
22934,-999,.7500
22934,5254,.2500
22935,-999,1.0000
22936,-999,1.0000
22937,-999,.8636
22937,5254,.1364
22938,5254,.3636
22938,-999,.6364
22939,5254,.7500
22939,-999,.2500
22940,5254,1.0000
22941,5254,1.0000
22942,5254,1.0000
22943,5254,1.0000
22944,5254,1.0000
22945,5254,.7500
22945,-999,.2500
22946,-999,1.0000
22947,-999,1.0000
22948,-999,.8750
22948,5254,.1250
22949,5254,.2500
22949,-999,.7500
22950,-999,1.0000
22951,-999,1.0000
22952,-999,1.0000
22953,-999,1.0000
22954,-999,1.0000
22955,-999,1.0000
22956,-999,.8750
22956,5254,.1250
22957,-999,1.0000
22958,-999,1.0000
22959,-999,1.0000
22960,-999,1.0000
22961,-999,1.0000
22962,-999,1.0000
22963,-999,1.0000
22964,-999,1.0000
22965,-999,1.0000
22966,-999,1.0000
22967,-999,1.0000
22968,-999,1.0000
22969,-999,1.0000
22970,-999,1.0000
22971,-999,1.0000
22972,-999,1.0000
22973,-999,1.0000
22974,-999,1.0000
22975,-999,1.0000
22976,-999,1.0000
22977,-999,1.0000
22978,-999,1.0000
22979,-999,1.0000
22980,-999,1.0000
22981,-999,1.0000
22982,-999,1.0000
22983,-999,1.0000
22984,-999,1.0000
22985,-999,1.0000
22986,-999,1.0000
22987,-999,1.0000
22988,-999,1.0000
22989,-999,1.0000
22990,-999,1.0000
22991,-999,1.0000
22992,-999,1.0000
22993,-999,1.0000
22994,-999,1.0000
22995,-999,1.0000
22996,-999,1.0000
22997,-999,1.0000
22998,-999,1.0000
22999,-999,1.0000
23000,-999,1.0000
23001,-999,1.0000
23002,-999,1.0000
23003,-999,1.0000
23004,-999,1.0000
23005,-999,1.0000
23006,-999,1.0000
23007,-999,1.0000
23008,-999,1.0000
23009,-999,1.0000
23010,-999,1.0000
23011,-999,1.0000
23012,-999,1.0000
23013,-999,1.0000
23014,-999,1.0000
23015,-999,1.0000
23016,-999,1.0000
23017,-999,1.0000
23018,-999,1.0000
23019,-999,1.0000
23020,-999,1.0000
23021,-999,1.0000
23022,-999,1.0000
23023,-999,1.0000
23024,-999,1.0000
23025,-999,1.0000
23026,-999,1.0000
23027,-999,1.0000
23028,-999,1.0000
23029,-999,1.0000
23030,-999,1.0000
23031,-999,1.0000
23032,-999,1.0000
23033,-999,1.0000
23034,-999,1.0000
23035,-999,1.0000
23036,-999,1.0000
23037,-999,1.0000
23038,-999,1.0000
23039,-999,1.0000
23040,-999,1.0000
23041,-999,1.0000
23042,-999,1.0000
23043,-999,1.0000
23044,-999,1.0000
23045,-999,1.0000
23046,-999,1.0000
23047,-999,1.0000
23048,-999,1.0000
23049,5254,1.0000
23050,5254,1.0000
23051,5254,1.0000
23052,5254,1.0000
23053,5254,1.0000
23054,5254,1.0000
23055,5254,1.0000
23056,5254,1.0000
23057,5254,1.0000
23058,5254,1.0000
23059,5254,1.0000
23060,5254,1.0000
23061,5254,1.0000
23062,5254,1.0000
23063,5254,1.0000
23064,5254,1.0000
23065,5254,1.0000
23066,5254,1.0000
23067,5254,1.0000
23068,5254,1.0000
23069,5254,1.0000
23070,5254,1.0000
23071,5254,1.0000
23072,5254,1.0000
23073,5254,1.0000
23074,5254,1.0000
23075,5254,1.0000
23076,5254,1.0000
23077,5254,1.0000
23078,5254,1.0000
23079,5254,1.0000
23080,5254,1.0000
23081,5254,1.0000
23082,5254,1.0000
23083,5254,1.0000
23084,5254,1.0000
23085,5254,1.0000
23086,5254,1.0000
23087,5254,1.0000
23088,5254,1.0000
23089,5254,1.0000
23090,5254,1.0000
23091,5254,1.0000
23092,5254,1.0000
23093,5254,.5556
23093,5222,.4444
23094,5222,.9412
23094,5254,.0588
23095,5222,.8000
23095,5254,.2000
23096,5222,.7500
23096,5254,.2500
23097,5222,.7500
23097,5254,.2500
23098,5222,.8125
23098,5254,.1875
23099,5222,1.0000
23100,5222,1.0000
23101,5222,1.0000
23102,5222,1.0000
23103,5222,1.0000
23104,5222,1.0000
23105,5222,1.0000
23106,5222,1.0000
23107,5222,1.0000
23108,5222,1.0000
23109,5222,1.0000
23110,5222,1.0000
23111,5222,1.0000
23112,5222,1.0000
23113,5222,1.0000
23114,5222,1.0000
23115,5222,1.0000
23116,5222,1.0000
23117,5222,1.0000
23118,5222,1.0000
23119,5222,1.0000
23120,5222,1.0000
23121,5222,1.0000
23122,5222,1.0000
23123,5222,1.0000
23124,5222,1.0000
23125,5222,1.0000
23126,5222,1.0000
23127,5222,1.0000
23128,5222,1.0000
23129,5222,1.0000
23130,5222,1.0000
23131,5222,1.0000
23132,5222,1.0000
23133,5222,1.0000
23134,5222,1.0000
23135,5222,1.0000
23136,5222,1.0000
23137,5222,1.0000
23138,5222,1.0000
23139,5222,1.0000
23140,5222,1.0000
23141,5222,1.0000
23142,5222,1.0000
23143,5222,1.0000
23144,5222,1.0000
23145,5222,.8750
23145,5254,.1250
23146,5254,.8500
23146,5222,.1500
23147,5254,1.0000
23148,5254,1.0000
23149,5254,1.0000
23150,5254,1.0000
23151,5254,1.0000
23152,5254,1.0000
23153,5254,1.0000
23154,5254,1.0000
23155,5254,1.0000
23156,5254,1.0000
23157,5254,1.0000
23158,5254,1.0000
23159,5254,1.0000
23160,5254,1.0000
23161,5254,1.0000
23162,5254,1.0000
23163,5254,1.0000
23164,5254,1.0000
23165,5254,1.0000
23166,5254,1.0000
23167,5254,1.0000
23168,5254,1.0000
23169,5254,1.0000
23170,5254,1.0000
23171,5254,1.0000
23172,5254,1.0000
23173,5254,1.0000
23174,5254,1.0000
23175,5254,1.0000
23176,5254,1.0000
23177,5254,.4000
23177,-999,.6000
23178,-999,.8125
23178,5254,.1875
23179,-999,.1000
23179,5254,.9000
23180,5254,1.0000
23181,5254,1.0000
23182,5254,1.0000
23183,5254,1.0000
23184,5254,1.0000
23185,5254,1.0000
23186,5254,1.0000
23187,5254,1.0000
23188,5254,1.0000
23189,5254,1.0000
23190,5254,1.0000
23191,5254,.3000
23191,-999,.7000
23192,-999,1.0000
23193,-999,1.0000
23194,-999,1.0000
23195,-999,1.0000
23196,-999,1.0000
23197,-999,1.0000
23198,-999,1.0000
23199,-999,1.0000
23200,-999,1.0000
23201,-999,1.0000
23202,-999,.4000
23202,5254,.6000
23203,-999,.5000
23203,5254,.5000
23204,-999,.8500
23204,5254,.1500
23205,-999,.9375
23205,5254,.0625
23206,-999,.7500
23206,5254,.2500
23207,-999,.3125
23207,5254,.6875
23208,5254,1.0000
23209,5254,1.0000
23210,5254,1.0000
23211,5254,1.0000
23212,5254,1.0000
23213,5254,.8000
23213,-999,.2000
23214,-999,1.0000
23215,-999,1.0000
23216,-999,1.0000
23217,-999,1.0000
23218,-999,1.0000
23219,-999,1.0000
23220,-999,1.0000
23221,-999,1.0000
23222,-999,1.0000
23223,-999,.5833
23223,5254,.4167
23224,-999,.1000
23224,5254,.9000
23225,-999,.2917
23225,5254,.7083
23226,-999,.5625
23226,5254,.4375
23227,-999,.8500
23227,5254,.1500
23228,-999,1.0000
23229,-999,1.0000
23230,-999,1.0000
23231,-999,1.0000
23232,-999,1.0000
23233,-999,1.0000
23234,-999,1.0000
23235,-999,1.0000
23236,-999,1.0000
23237,-999,1.0000
23238,-999,1.0000
23239,-999,1.0000
23240,-999,1.0000
23241,-999,1.0000
23242,-999,1.0000
23243,-999,1.0000
23244,-999,1.0000
23245,-999,1.0000
23246,-999,1.0000
23247,-999,1.0000
23248,-999,1.0000
23249,-999,1.0000
23250,-999,1.0000
23251,-999,1.0000
23252,-999,1.0000
23253,-999,1.0000
23254,-999,1.0000
23255,-999,1.0000
23256,-999,1.0000
23257,-999,1.0000
23258,-999,1.0000
23259,-999,1.0000
23260,-999,1.0000
23261,-999,1.0000
23262,-999,1.0000
23263,-999,1.0000
23264,-999,1.0000
23265,-999,1.0000
23266,-999,1.0000
23267,-999,1.0000
23268,-999,1.0000
23269,-999,1.0000
23270,-999,1.0000
23271,-999,1.0000
23272,-999,1.0000
23273,-999,1.0000
23274,-999,1.0000
23275,-999,1.0000
23276,-999,1.0000
23277,-999,1.0000
23278,-999,1.0000
23279,-999,1.0000
23280,-999,1.0000
23281,-999,1.0000
23282,-999,1.0000
23283,-999,1.0000
23284,-999,1.0000
23285,-999,1.0000
23286,-999,1.0000
23287,-999,1.0000
23288,-999,1.0000
23289,-999,1.0000
23290,-999,1.0000
23291,-999,1.0000
23292,-999,1.0000
23293,-999,1.0000
23294,-999,1.0000
23295,-999,1.0000
23296,-999,1.0000
23297,-999,1.0000
23298,-999,1.0000
23299,-999,1.0000
23300,-999,1.0000
23301,-999,1.0000
23302,-999,1.0000
23303,-999,1.0000
23304,-999,1.0000
23305,-999,1.0000
23306,-999,1.0000
23307,-999,1.0000
23308,-999,1.0000
23309,-999,1.0000
23310,-999,1.0000
23311,-999,1.0000
23312,-999,1.0000
23313,-999,1.0000
23314,-999,1.0000
23315,-999,1.0000
23316,-999,1.0000
23317,5254,1.0000
23318,5254,1.0000
23319,5254,1.0000
23320,5254,1.0000
23321,5254,1.0000
23322,5254,1.0000
23323,5254,1.0000
23324,5254,1.0000
23325,5254,1.0000
23326,5254,1.0000
23327,5254,1.0000
23328,5254,1.0000
23329,5254,1.0000
23330,5254,1.0000
23331,5254,1.0000
23332,5254,1.0000
23333,5254,1.0000
23334,5254,1.0000
23335,5254,1.0000
23336,5254,1.0000
23337,5254,1.0000
23338,5254,1.0000
23339,5254,1.0000
23340,5254,1.0000
23341,5254,1.0000
23342,5254,1.0000
23343,5254,1.0000
23344,5254,1.0000
23345,5254,1.0000
23346,5254,1.0000
23347,5254,1.0000
23348,5254,1.0000
23349,5254,1.0000
23350,5254,1.0000
23351,5254,1.0000
23352,5254,1.0000
23353,5254,1.0000
23354,5254,1.0000
23355,5254,1.0000
23356,5254,1.0000
23357,5254,1.0000
23358,5254,1.0000
23359,5254,1.0000
23360,5254,1.0000
23361,5254,1.0000
23362,5254,.8125
23362,5222,.1875
23363,5222,.0500
23363,5254,.9500
23364,5254,1.0000
23365,5254,1.0000
23366,5254,.9375
23366,5222,.0625
23367,5222,.3333
23367,5254,.6667
23368,5222,.7000
23368,5254,.3000
23369,5222,.9600
23369,5254,.0400
23370,5222,1.0000
23371,5222,1.0000
23372,5222,1.0000
23373,5222,1.0000
23374,5222,1.0000
23375,5222,1.0000
23376,5222,1.0000
23377,5222,1.0000
23378,5222,1.0000
23379,5222,1.0000
23380,5222,1.0000
23381,5222,1.0000
23382,5222,1.0000
23383,5222,1.0000
23384,5222,1.0000
23385,5222,1.0000
23386,5222,1.0000
23387,5222,1.0000
23388,5222,1.0000
23389,5222,1.0000
23390,5222,1.0000
23391,5222,1.0000
23392,5222,1.0000
23393,5222,1.0000
23394,5222,1.0000
23395,5222,1.0000
23396,5222,1.0000
23397,5222,1.0000
23398,5222,1.0000
23399,5222,1.0000
23400,5222,1.0000
23401,5222,1.0000
23402,5222,1.0000
23403,5222,1.0000
23404,5222,1.0000
23405,5222,1.0000
23406,5222,1.0000
23407,5222,1.0000
23408,5222,1.0000
23409,5222,1.0000
23410,5222,1.0000
23411,5222,1.0000
23412,5222,1.0000
23413,5222,1.0000
23414,5222,.8500
23414,5254,.1500
23415,5254,.3125
23415,5222,.6875
23416,5254,.2500
23416,5222,.7500
23417,5254,.3750
23417,5222,.6250
23418,5254,.8000
23418,5222,.2000
23419,5254,1.0000
23420,5254,1.0000
23421,5254,1.0000
23422,5254,1.0000
23423,5254,1.0000
23424,5254,1.0000
23425,5254,1.0000
23426,5254,1.0000
23427,5254,1.0000
23428,5254,1.0000
23429,5254,1.0000
23430,5254,1.0000
23431,5254,1.0000
23432,5254,1.0000
23433,5254,1.0000
23434,5254,1.0000
23435,5254,1.0000
23436,5254,1.0000
23437,5254,1.0000
23438,5254,1.0000
23439,5254,1.0000
23440,5254,1.0000
23441,5254,1.0000
23442,5254,1.0000
23443,5254,1.0000
23444,5254,1.0000
23445,5254,.5500
23445,-999,.4500
23446,-999,.2500
23446,5254,.7500
23447,5254,1.0000
23448,5254,1.0000
23449,5254,1.0000
23450,5254,1.0000
23451,5254,1.0000
23452,5254,1.0000
23453,5254,1.0000
23454,5254,1.0000
23455,5254,1.0000
23456,5254,1.0000
23457,5254,1.0000
23458,5254,1.0000
23459,5254,.5000
23459,-999,.5000
23460,-999,1.0000
23461,-999,1.0000
23462,-999,1.0000
23463,-999,1.0000
23464,-999,1.0000
23465,-999,1.0000
23466,-999,1.0000
23467,-999,1.0000
23468,-999,1.0000
23469,-999,.9375
23469,5254,.0625
23470,-999,.4000
23470,5254,.6000
23471,5254,1.0000
23472,5254,.9000
23472,-999,.1000
23473,-999,.1875
23473,5254,.8125
23474,5254,1.0000
23475,5254,1.0000
23476,5254,1.0000
23477,5254,1.0000
23478,5254,1.0000
23479,5254,1.0000
23480,5254,1.0000
23481,5254,.8696
23481,-999,.1304
23482,-999,.9091
23482,5254,.0909
23483,-999,1.0000
23484,-999,1.0000
23485,-999,1.0000
23486,-999,1.0000
23487,-999,1.0000
23488,-999,1.0000
23489,-999,1.0000
23490,-999,.8125
23490,5254,.1875
23491,-999,.0500
23491,5254,.9500
23492,5254,1.0000
23493,5254,1.0000
23494,5254,1.0000
23495,5254,.3600
23495,-999,.6400
23496,-999,1.0000
23497,-999,1.0000
23498,-999,1.0000
23499,-999,1.0000
23500,-999,1.0000
23501,-999,1.0000
23502,-999,1.0000
23503,-999,1.0000
23504,-999,1.0000
23505,-999,1.0000
23506,-999,1.0000
23507,-999,1.0000
23508,-999,1.0000
23509,-999,1.0000
23510,-999,1.0000
23511,-999,1.0000
23512,-999,1.0000
23513,-999,1.0000
23514,-999,1.0000
23515,-999,1.0000
23516,-999,1.0000
23517,-999,1.0000
23518,-999,1.0000
23519,-999,1.0000
23520,-999,1.0000
23521,-999,1.0000
23522,-999,1.0000
23523,-999,1.0000
23524,-999,1.0000
23525,-999,1.0000
23526,-999,1.0000
23527,-999,1.0000
23528,-999,1.0000
23529,-999,1.0000
23530,-999,1.0000
23531,-999,1.0000
23532,-999,1.0000
23533,-999,1.0000
23534,-999,1.0000
23535,-999,1.0000
23536,-999,1.0000
23537,-999,1.0000
23538,-999,1.0000
23539,-999,1.0000
23540,-999,1.0000
23541,-999,1.0000
23542,-999,1.0000
23543,-999,1.0000
23544,-999,1.0000
23545,-999,1.0000
23546,-999,1.0000
23547,-999,1.0000
23548,-999,1.0000
23549,-999,1.0000
23550,-999,1.0000
23551,-999,1.0000
23552,-999,1.0000
23553,-999,1.0000
23554,-999,1.0000
23555,-999,1.0000
23556,-999,1.0000
23557,-999,1.0000
23558,-999,1.0000
23559,-999,1.0000
23560,-999,1.0000
23561,-999,1.0000
23562,-999,1.0000
23563,-999,1.0000
23564,-999,1.0000
23565,-999,1.0000
23566,-999,1.0000
23567,-999,1.0000
23568,-999,1.0000
23569,-999,1.0000
23570,-999,1.0000
23571,-999,1.0000
23572,-999,1.0000
23573,-999,1.0000
23574,-999,1.0000
23575,-999,1.0000
23576,-999,1.0000
23577,-999,1.0000
23578,-999,1.0000
23579,-999,1.0000
23580,-999,1.0000
23581,-999,1.0000
23582,-999,1.0000
23583,-999,1.0000
23584,-999,1.0000
23585,5254,1.0000
23586,5254,1.0000
23587,5254,1.0000
23588,5254,1.0000
23589,5254,1.0000
23590,5254,1.0000
23591,5254,1.0000
23592,5254,1.0000
23593,5254,1.0000
23594,5254,1.0000
23595,5254,1.0000
23596,5254,1.0000
23597,5254,1.0000
23598,5254,1.0000
23599,5254,1.0000
23600,5254,1.0000
23601,5254,1.0000
23602,5254,1.0000
23603,5254,1.0000
23604,5254,1.0000
23605,5254,1.0000
23606,5254,1.0000
23607,5254,1.0000
23608,5254,1.0000
23609,5254,1.0000
23610,5254,1.0000
23611,5254,1.0000
23612,5254,1.0000
23613,5254,1.0000
23614,5254,1.0000
23615,5254,1.0000
23616,5254,1.0000
23617,5254,1.0000
23618,5254,1.0000
23619,5254,1.0000
23620,5254,1.0000
23621,5254,1.0000
23622,5254,1.0000
23623,5254,1.0000
23624,5254,1.0000
23625,5254,1.0000
23626,5254,1.0000
23627,5254,1.0000
23628,5254,1.0000
23629,5254,1.0000
23630,5254,1.0000
23631,5254,1.0000
23632,5254,1.0000
23633,5254,1.0000
23634,5254,1.0000
23635,5254,1.0000
23636,5254,1.0000
23637,5254,.3500
23637,5222,.6500
23638,5222,1.0000
23639,5222,1.0000
23640,5222,1.0000
23641,5222,1.0000
23642,5222,1.0000
23643,5222,1.0000
23644,5222,1.0000
23645,5222,1.0000
23646,5222,1.0000
23647,5222,1.0000
23648,5222,1.0000
23649,5222,1.0000
23650,5222,1.0000
23651,5222,1.0000
23652,5222,1.0000
23653,5222,1.0000
23654,5222,1.0000
23655,5222,1.0000
23656,5222,1.0000
23657,5222,1.0000
23658,5222,1.0000
23659,5222,1.0000
23660,5222,1.0000
23661,5222,1.0000
23662,5222,1.0000
23663,5222,1.0000
23664,5222,1.0000
23665,5222,1.0000
23666,5222,1.0000
23667,5222,1.0000
23668,5222,1.0000
23669,5222,1.0000
23670,5222,1.0000
23671,5222,1.0000
23672,5222,1.0000
23673,5222,1.0000
23674,5222,1.0000
23675,5222,1.0000
23676,5222,1.0000
23677,5222,1.0000
23678,5222,1.0000
23679,5222,1.0000
23680,5222,1.0000
23681,5222,1.0000
23682,5222,1.0000
23683,5222,1.0000
23684,5222,1.0000
23685,5222,1.0000
23686,5222,.9000
23686,5254,.1000
23687,5254,.5625
23687,5222,.4375
23688,5254,.9500
23688,5222,.0500
23689,5254,1.0000
23690,5254,1.0000
23691,5254,1.0000
23692,5254,1.0000
23693,5254,1.0000
23694,5254,1.0000
23695,5254,1.0000
23696,5254,1.0000
23697,5254,1.0000
23698,5254,1.0000
23699,5254,1.0000
23700,5254,1.0000
23701,5254,1.0000
23702,5254,1.0000
23703,5254,1.0000
23704,5254,1.0000
23705,5254,1.0000
23706,5254,1.0000
23707,5254,1.0000
23708,5254,1.0000
23709,5254,1.0000
23710,5254,1.0000
23711,5254,1.0000
23712,5254,1.0000
23713,5254,.9200
23713,-999,.0800
23714,5254,1.0000
23715,5254,1.0000
23716,5254,1.0000
23717,5254,1.0000
23718,5254,1.0000
23719,5254,1.0000
23720,5254,1.0000
23721,5254,1.0000
23722,5254,1.0000
23723,5254,1.0000
23724,5254,1.0000
23725,5254,1.0000
23726,5254,.9500
23726,-999,.0500
23727,5254,.2500
23727,-999,.7500
23728,-999,1.0000
23729,-999,1.0000
23730,-999,1.0000
23731,-999,1.0000
23732,-999,1.0000
23733,-999,1.0000
23734,-999,1.0000
23735,-999,1.0000
23736,-999,.7600
23736,5254,.2400
23737,-999,.2500
23737,5254,.7500
23738,5254,1.0000
23739,5254,1.0000
23740,5254,1.0000
23741,5254,1.0000
23742,5254,1.0000
23743,5254,1.0000
23744,5254,1.0000
23745,5254,1.0000
23746,5254,1.0000
23747,5254,1.0000
23748,5254,1.0000
23749,5254,.9375
23749,-999,.0625
23750,-999,.6500
23750,5254,.3500
23751,-999,1.0000
23752,-999,1.0000
23753,-999,1.0000
23754,-999,1.0000
23755,-999,1.0000
23756,-999,1.0000
23757,-999,.9500
23757,5254,.0500
23758,-999,.4375
23758,5254,.5625
23759,5254,.8000
23759,-999,.2000
23760,5254,.6875
23760,-999,.3125
23761,5254,.5500
23761,-999,.4500
23762,5254,.2500
23762,-999,.7500
23763,5254,.0500
23763,-999,.9500
23764,-999,1.0000
23765,-999,1.0000
23766,-999,1.0000
23767,-999,1.0000
23768,-999,1.0000
23769,-999,1.0000
23770,-999,1.0000
23771,-999,1.0000
23772,-999,.6875
23772,5254,.3125
23773,-999,.8000
23773,5254,.2000
23774,-999,1.0000
23775,-999,1.0000
23776,-999,1.0000
23777,-999,1.0000
23778,-999,1.0000
23779,-999,1.0000
23780,-999,1.0000
23781,-999,1.0000
23782,-999,1.0000
23783,-999,1.0000
23784,-999,1.0000
23785,-999,1.0000
23786,-999,1.0000
23787,-999,1.0000
23788,-999,1.0000
23789,-999,1.0000
23790,-999,1.0000
23791,-999,1.0000
23792,-999,1.0000
23793,-999,1.0000
23794,-999,1.0000
23795,-999,1.0000
23796,-999,1.0000
23797,-999,1.0000
23798,-999,1.0000
23799,-999,1.0000
23800,-999,1.0000
23801,-999,1.0000
23802,-999,1.0000
23803,-999,1.0000
23804,-999,1.0000
23805,-999,1.0000
23806,-999,1.0000
23807,-999,1.0000
23808,-999,1.0000
23809,-999,1.0000
23810,-999,1.0000
23811,-999,1.0000
23812,-999,1.0000
23813,-999,1.0000
23814,-999,1.0000
23815,-999,1.0000
23816,-999,1.0000
23817,-999,1.0000
23818,-999,1.0000
23819,-999,1.0000
23820,-999,1.0000
23821,-999,1.0000
23822,-999,1.0000
23823,-999,1.0000
23824,-999,1.0000
23825,-999,1.0000
23826,-999,1.0000
23827,-999,1.0000
23828,-999,1.0000
23829,-999,1.0000
23830,-999,1.0000
23831,-999,1.0000
23832,-999,1.0000
23833,-999,1.0000
23834,-999,1.0000
23835,-999,1.0000
23836,-999,1.0000
23837,-999,1.0000
23838,-999,1.0000
23839,-999,1.0000
23840,-999,1.0000
23841,-999,1.0000
23842,-999,1.0000
23843,-999,1.0000
23844,-999,1.0000
23845,-999,1.0000
23846,-999,1.0000
23847,-999,1.0000
23848,-999,1.0000
23849,-999,1.0000
23850,-999,1.0000
23851,-999,1.0000
23852,-999,1.0000
23853,5254,1.0000
23854,5254,1.0000
23855,5254,1.0000
23856,5254,1.0000
23857,5254,1.0000
23858,5254,1.0000
23859,5254,1.0000
23860,5254,1.0000
23861,5254,1.0000
23862,5254,1.0000
23863,5254,1.0000
23864,5254,1.0000
23865,5254,1.0000
23866,5254,1.0000
23867,5254,1.0000
23868,5254,1.0000
23869,5254,1.0000
23870,5254,1.0000
23871,5254,1.0000
23872,5254,1.0000
23873,5254,1.0000
23874,5254,1.0000
23875,5254,1.0000
23876,5254,1.0000
23877,5254,1.0000
23878,5254,1.0000
23879,5254,1.0000
23880,5254,1.0000
23881,5254,1.0000
23882,5254,1.0000
23883,5254,1.0000
23884,5254,1.0000
23885,5254,1.0000
23886,5254,1.0000
23887,5254,1.0000
23888,5254,1.0000
23889,5254,1.0000
23890,5254,1.0000
23891,5254,1.0000
23892,5254,1.0000
23893,5254,1.0000
23894,5254,1.0000
23895,5254,1.0000
23896,5254,1.0000
23897,5254,1.0000
23898,5254,1.0000
23899,5254,1.0000
23900,5254,1.0000
23901,5254,1.0000
23902,5254,1.0000
23903,5254,1.0000
23904,5254,1.0000
23905,5254,.6000
23905,5222,.4000
23906,5222,1.0000
23907,5222,1.0000
23908,5222,1.0000
23909,5222,1.0000
23910,5222,1.0000
23911,5222,1.0000
23912,5222,1.0000
23913,5222,1.0000
23914,5222,1.0000
23915,5222,1.0000
23916,5222,1.0000
23917,5222,1.0000
23918,5222,1.0000
23919,5222,1.0000
23920,5222,1.0000
23921,5222,1.0000
23922,5222,1.0000
23923,5222,1.0000
23924,5222,1.0000
23925,5222,1.0000
23926,5222,1.0000
23927,5222,1.0000
23928,5222,1.0000
23929,5222,1.0000
23930,5222,1.0000
23931,5222,1.0000
23932,5222,1.0000
23933,5222,1.0000
23934,5222,1.0000
23935,5222,1.0000
23936,5222,1.0000
23937,5222,1.0000
23938,5222,1.0000
23939,5222,1.0000
23940,5222,1.0000
23941,5222,1.0000
23942,5222,1.0000
23943,5222,1.0000
23944,5222,1.0000
23945,5222,1.0000
23946,5222,1.0000
23947,5222,1.0000
23948,5222,1.0000
23949,5222,1.0000
23950,5222,1.0000
23951,5222,1.0000
23952,5222,1.0000
23953,5222,1.0000
23954,5222,1.0000
23955,5222,1.0000
23956,5222,.5000
23956,5254,.5000
23957,5254,1.0000
23958,5254,1.0000
23959,5254,1.0000
23960,5254,1.0000
23961,5254,1.0000
23962,5254,1.0000
23963,5254,1.0000
23964,5254,1.0000
23965,5254,1.0000
23966,5254,1.0000
23967,5254,1.0000
23968,5254,1.0000
23969,5254,1.0000
23970,5254,1.0000
23971,5254,1.0000
23972,5254,1.0000
23973,5254,1.0000
23974,5254,1.0000
23975,5254,1.0000
23976,5254,1.0000
23977,5254,1.0000
23978,5254,1.0000
23979,5254,1.0000
23980,5254,1.0000
23981,5254,1.0000
23982,5254,1.0000
23983,5254,1.0000
23984,5254,1.0000
23985,5254,1.0000
23986,5254,1.0000
23987,5254,1.0000
23988,5254,1.0000
23989,5254,1.0000
23990,5254,1.0000
23991,5254,1.0000
23992,5254,1.0000
23993,5254,1.0000
23994,5254,.7368
23994,-999,.2632
23995,-999,1.0000
23996,-999,1.0000
23997,-999,1.0000
23998,-999,1.0000
23999,-999,1.0000
24000,-999,1.0000
24001,-999,1.0000
24002,-999,1.0000
24003,-999,1.0000
24004,-999,.4000
24004,5254,.6000
24005,5254,1.0000
24006,5254,1.0000
24007,5254,1.0000
24008,5254,1.0000
24009,5254,1.0000
24010,5254,1.0000
24011,5254,1.0000
24012,5254,1.0000
24013,5254,1.0000
24014,5254,1.0000
24015,5254,1.0000
24016,5254,1.0000
24017,5254,1.0000
24018,5254,.9500
24018,-999,.0500
24019,-999,.3750
24019,5254,.6250
24020,-999,.7500
24020,5254,.2500
24021,-999,1.0000
24022,-999,1.0000
24023,-999,1.0000
24024,-999,.8750
24024,5254,.1250
24025,-999,.4000
24025,5254,.6000
24026,5254,1.0000
24027,5254,.6842
24027,-999,.3158
24028,-999,.8235
24028,5254,.1765
24029,5254,.0500
24029,-999,.9500
24030,-999,1.0000
24031,-999,1.0000
24032,-999,1.0000
24033,-999,1.0000
24034,-999,1.0000
24035,-999,.9583
24035,5254,.0417
24036,-999,.8000
24036,5254,.2000
24037,-999,.8333
24037,5254,.1667
24038,-999,1.0000
24039,-999,1.0000
24040,-999,.6250
24040,5254,.3750
24041,5254,.4000
24041,-999,.6000
24042,-999,1.0000
24043,-999,1.0000
24044,-999,1.0000
24045,-999,1.0000
24046,-999,1.0000
24047,-999,1.0000
24048,-999,1.0000
24049,-999,1.0000
24050,-999,1.0000
24051,-999,1.0000
24052,-999,1.0000
24053,-999,1.0000
24054,-999,1.0000
24055,-999,1.0000
24056,-999,1.0000
24057,-999,1.0000
24058,-999,1.0000
24059,-999,1.0000
24060,-999,1.0000
24061,-999,1.0000
24062,-999,1.0000
24063,-999,1.0000
24064,-999,1.0000
24065,-999,1.0000
24066,-999,1.0000
24067,-999,1.0000
24068,-999,1.0000
24069,-999,1.0000
24070,-999,1.0000
24071,-999,1.0000
24072,-999,1.0000
24073,-999,1.0000
24074,-999,1.0000
24075,-999,1.0000
24076,-999,1.0000
24077,-999,1.0000
24078,-999,1.0000
24079,-999,1.0000
24080,-999,1.0000
24081,-999,1.0000
24082,-999,1.0000
24083,-999,1.0000
24084,-999,1.0000
24085,-999,1.0000
24086,-999,1.0000
24087,-999,1.0000
24088,-999,1.0000
24089,-999,1.0000
24090,-999,1.0000
24091,-999,1.0000
24092,-999,1.0000
24093,-999,1.0000
24094,-999,1.0000
24095,-999,1.0000
24096,-999,1.0000
24097,-999,1.0000
24098,-999,1.0000
24099,-999,1.0000
24100,-999,1.0000
24101,-999,1.0000
24102,-999,1.0000
24103,-999,1.0000
24104,-999,1.0000
24105,-999,1.0000
24106,-999,1.0000
24107,-999,1.0000
24108,-999,1.0000
24109,-999,1.0000
24110,-999,1.0000
24111,-999,1.0000
24112,-999,1.0000
24113,-999,1.0000
24114,-999,1.0000
24115,-999,1.0000
24116,-999,1.0000
24117,-999,1.0000
24118,-999,1.0000
24119,-999,1.0000
24120,-999,1.0000
24121,5254,1.0000
24122,5254,1.0000
24123,5254,1.0000
24124,5254,1.0000
24125,5254,1.0000
24126,5254,1.0000
24127,5254,1.0000
24128,5254,1.0000
24129,5254,1.0000
24130,5254,1.0000
24131,5254,1.0000
24132,5254,1.0000
24133,5254,1.0000
24134,5254,1.0000
24135,5254,1.0000
24136,5254,1.0000
24137,5254,1.0000
24138,5254,1.0000
24139,5254,1.0000
24140,5254,1.0000
24141,5254,1.0000
24142,5254,1.0000
24143,5254,1.0000
24144,5254,1.0000
24145,5254,1.0000
24146,5254,1.0000
24147,5254,1.0000
24148,5254,1.0000
24149,5254,1.0000
24150,5254,1.0000
24151,5254,1.0000
24152,5254,1.0000
24153,5254,1.0000
24154,5254,1.0000
24155,5254,1.0000
24156,5254,1.0000
24157,5254,1.0000
24158,5254,1.0000
24159,5254,1.0000
24160,5254,1.0000
24161,5254,1.0000
24162,5254,1.0000
24163,5254,1.0000
24164,5254,1.0000
24165,5254,1.0000
24166,5254,1.0000
24167,5254,1.0000
24168,5254,1.0000
24169,5254,1.0000
24170,5254,1.0000
24171,5254,1.0000
24172,5254,.8125
24172,5222,.1875
24173,5254,.4000
24173,5222,.6000
24174,5222,1.0000
24175,5222,1.0000
24176,5222,1.0000
24177,5222,1.0000
24178,5222,1.0000
24179,5222,1.0000
24180,5222,1.0000
24181,5222,1.0000
24182,5222,1.0000
24183,5222,1.0000
24184,5222,1.0000
24185,5222,1.0000
24186,5222,1.0000
24187,5222,1.0000
24188,5222,1.0000
24189,5222,1.0000
24190,5222,1.0000
24191,5222,1.0000
24192,5222,1.0000
24193,5222,1.0000
24194,5222,1.0000
24195,5222,1.0000
24196,5222,1.0000
24197,5222,1.0000
24198,5222,1.0000
24199,5222,1.0000
24200,5222,1.0000
24201,5222,1.0000
24202,5222,1.0000
24203,5222,1.0000
24204,5222,1.0000
24205,5222,1.0000
24206,5222,1.0000
24207,5222,1.0000
24208,5222,1.0000
24209,5222,1.0000
24210,5222,1.0000
24211,5222,1.0000
24212,5222,1.0000
24213,5222,1.0000
24214,5222,1.0000
24215,5222,1.0000
24216,5222,1.0000
24217,5222,1.0000
24218,5222,1.0000
24219,5222,1.0000
24220,5222,1.0000
24221,5222,1.0000
24222,5222,1.0000
24223,5222,1.0000
24224,5222,.9600
24224,5254,.0400
24225,5254,.5500
24225,5222,.4500
24226,5254,1.0000
24227,5254,1.0000
24228,5254,1.0000
24229,5254,1.0000
24230,5254,1.0000
24231,5254,1.0000
24232,5254,1.0000
24233,5254,1.0000
24234,5254,1.0000
24235,5254,1.0000
24236,5254,1.0000
24237,5254,1.0000
24238,5254,1.0000
24239,5254,1.0000
24240,5254,1.0000
24241,5254,1.0000
24242,5254,1.0000
24243,5254,1.0000
24244,5254,1.0000
24245,5254,1.0000
24246,5254,1.0000
24247,5254,1.0000
24248,5254,1.0000
24249,5254,1.0000
24250,5254,1.0000
24251,5254,1.0000
24252,5254,1.0000
24253,5254,1.0000
24254,5254,1.0000
24255,5254,1.0000
24256,5254,1.0000
24257,5254,1.0000
24258,5254,1.0000
24259,5254,1.0000
24260,5254,1.0000
24261,5254,.9600
24261,-999,.0400
24262,5254,.3500
24262,-999,.6500
24263,-999,1.0000
24264,-999,1.0000
24265,-999,1.0000
24266,-999,1.0000
24267,-999,1.0000
24268,-999,1.0000
24269,-999,1.0000
24270,-999,1.0000
24271,-999,.9375
24271,5254,.0625
24272,-999,.1500
24272,5254,.8500
24273,5254,1.0000
24274,5254,1.0000
24275,5254,1.0000
24276,5254,1.0000
24277,5254,1.0000
24278,5254,1.0000
24279,5254,1.0000
24280,5254,1.0000
24281,5254,1.0000
24282,5254,1.0000
24283,5254,1.0000
24284,5254,1.0000
24285,5254,1.0000
24286,5254,1.0000
24287,5254,1.0000
24288,5254,.9500
24288,-999,.0500
24289,-999,.2500
24289,5254,.7500
24290,-999,.4000
24290,5254,.6000
24291,-999,.5000
24291,5254,.5000
24292,-999,.2000
24292,5254,.8000
24293,5254,1.0000
24294,5254,1.0000
24295,5254,.9500
24295,-999,.0500
24296,5254,.2727
24296,-999,.7273
24297,-999,1.0000
24298,-999,1.0000
24299,-999,1.0000
24300,-999,1.0000
24301,-999,1.0000
24302,-999,1.0000
24303,-999,.6500
24303,5254,.3500
24304,5254,1.0000
24305,-999,.0476
24305,5254,.9524
24306,-999,.2000
24306,5254,.8000
24307,-999,.2000
24307,5254,.8000
24308,-999,.1111
24308,5254,.8889
24309,5254,.4500
24309,-999,.5500
24310,-999,1.0000
24311,-999,1.0000
24312,-999,1.0000
24313,-999,1.0000
24314,-999,1.0000
24315,-999,1.0000
24316,-999,1.0000
24317,-999,1.0000
24318,-999,1.0000
24319,-999,1.0000
24320,-999,1.0000
24321,-999,1.0000
24322,-999,1.0000
24323,-999,1.0000
24324,-999,1.0000
24325,-999,1.0000
24326,-999,1.0000
24327,-999,1.0000
24328,-999,1.0000
24329,-999,1.0000
24330,-999,1.0000
24331,-999,1.0000
24332,-999,1.0000
24333,-999,1.0000
24334,-999,1.0000
24335,-999,1.0000
24336,-999,1.0000
24337,-999,1.0000
24338,-999,1.0000
24339,-999,1.0000
24340,-999,1.0000
24341,-999,1.0000
24342,-999,1.0000
24343,-999,1.0000
24344,-999,1.0000
24345,-999,1.0000
24346,-999,1.0000
24347,-999,1.0000
24348,-999,1.0000
24349,-999,1.0000
24350,-999,1.0000
24351,-999,1.0000
24352,-999,1.0000
24353,-999,1.0000
24354,-999,1.0000
24355,-999,1.0000
24356,-999,1.0000
24357,-999,1.0000
24358,-999,1.0000
24359,-999,1.0000
24360,-999,1.0000
24361,-999,1.0000
24362,-999,1.0000
24363,-999,1.0000
24364,-999,1.0000
24365,-999,1.0000
24366,-999,1.0000
24367,-999,1.0000
24368,-999,1.0000
24369,-999,1.0000
24370,-999,1.0000
24371,-999,1.0000
24372,-999,1.0000
24373,-999,1.0000
24374,-999,1.0000
24375,-999,1.0000
24376,-999,1.0000
24377,-999,1.0000
24378,-999,1.0000
24379,-999,1.0000
24380,-999,1.0000
24381,-999,1.0000
24382,-999,1.0000
24383,-999,1.0000
24384,-999,1.0000
24385,-999,1.0000
24386,-999,1.0000
24387,-999,1.0000
24388,-999,1.0000
24389,5254,1.0000
24390,5254,1.0000
24391,5254,1.0000
24392,5254,1.0000
24393,5254,1.0000
24394,5254,1.0000
24395,5254,1.0000
24396,5254,1.0000
24397,5254,1.0000
24398,5254,1.0000
24399,5254,1.0000
24400,5254,1.0000
24401,5254,1.0000
24402,5254,1.0000
24403,5254,1.0000
24404,5254,1.0000
24405,5254,1.0000
24406,5254,1.0000
24407,5254,1.0000
24408,5254,1.0000
24409,5254,1.0000
24410,5254,1.0000
24411,5254,1.0000
24412,5254,1.0000
24413,5254,1.0000
24414,5254,1.0000
24415,5254,1.0000
24416,5254,1.0000
24417,5254,1.0000
24418,5254,1.0000
24419,5254,1.0000
24420,5254,1.0000
24421,5254,1.0000
24422,5254,1.0000
24423,5254,1.0000
24424,5254,1.0000
24425,5254,1.0000
24426,5254,1.0000
24427,5254,1.0000
24428,5254,1.0000
24429,5254,1.0000
24430,5254,1.0000
24431,5254,1.0000
24432,5254,1.0000
24433,5254,1.0000
24434,5254,1.0000
24435,5254,1.0000
24436,5254,1.0000
24437,5254,1.0000
24438,5254,1.0000
24439,5254,.8000
24439,5222,.2000
24440,5254,.0625
24440,5222,.9375
24441,5222,1.0000
24442,5222,1.0000
24443,5222,1.0000
24444,5222,1.0000
24445,5222,1.0000
24446,5222,1.0000
24447,5222,1.0000
24448,5222,1.0000
24449,5222,1.0000
24450,5222,1.0000
24451,5222,1.0000
24452,5222,1.0000
24453,5222,1.0000
24454,5222,1.0000
24455,5222,1.0000
24456,5222,1.0000
24457,5222,1.0000
24458,5222,1.0000
24459,5222,1.0000
24460,5222,1.0000
24461,5222,1.0000
24462,5222,1.0000
24463,5222,1.0000
24464,5222,1.0000
24465,5222,1.0000
24466,5222,1.0000
24467,5222,1.0000
24468,5222,1.0000
24469,5222,1.0000
24470,5222,1.0000
24471,5222,1.0000
24472,5222,1.0000
24473,5222,1.0000
24474,5222,1.0000
24475,5222,1.0000
24476,5222,1.0000
24477,5222,1.0000
24478,5222,1.0000
24479,5222,1.0000
24480,5222,1.0000
24481,5222,1.0000
24482,5222,1.0000
24483,5222,1.0000
24484,5222,1.0000
24485,5222,1.0000
24486,5222,1.0000
24487,5222,1.0000
24488,5222,1.0000
24489,5222,1.0000
24490,5222,1.0000
24491,5222,1.0000
24492,5222,1.0000
24493,5222,.9375
24493,5254,.0625
24494,5254,.7000
24494,5222,.3000
24495,5254,1.0000
24496,5254,1.0000
24497,5254,1.0000
24498,5254,1.0000
24499,5254,1.0000
24500,5254,1.0000
24501,5254,1.0000
24502,5254,1.0000
24503,5254,1.0000
24504,5254,1.0000
24505,5254,1.0000
24506,5254,1.0000
24507,5254,1.0000
24508,5254,1.0000
24509,5254,1.0000
24510,5254,1.0000
24511,5254,1.0000
24512,5254,1.0000
24513,5254,1.0000
24514,5254,1.0000
24515,5254,1.0000
24516,5254,1.0000
24517,5254,1.0000
24518,5254,1.0000
24519,5254,1.0000
24520,5254,1.0000
24521,5254,1.0000
24522,5254,1.0000
24523,5254,1.0000
24524,5254,1.0000
24525,5254,1.0000
24526,5254,1.0000
24527,5254,1.0000
24528,5254,1.0000
24529,5254,.6500
24529,-999,.3500
24530,-999,1.0000
24531,-999,1.0000
24532,-999,1.0000
24533,-999,1.0000
24534,-999,1.0000
24535,-999,1.0000
24536,-999,1.0000
24537,-999,1.0000
24538,-999,1.0000
24539,-999,.5882
24539,5254,.4118
24540,5254,1.0000
24541,5254,1.0000
24542,5254,1.0000
24543,5254,1.0000
24544,5254,1.0000
24545,5254,1.0000
24546,5254,1.0000
24547,5254,1.0000
24548,5254,1.0000
24549,5254,1.0000
24550,5254,1.0000
24551,5254,1.0000
24552,5254,1.0000
24553,5254,1.0000
24554,5254,1.0000
24555,5254,1.0000
24556,5254,1.0000
24557,5254,1.0000
24558,5254,1.0000
24559,5254,1.0000
24560,5254,1.0000
24561,5254,1.0000
24562,5254,1.0000
24563,5254,.6875
24563,-999,.3125
24564,-999,1.0000
24565,-999,1.0000
24566,-999,1.0000
24567,-999,1.0000
24568,-999,1.0000
24569,-999,1.0000
24570,-999,.9500
24570,5254,.0500
24571,-999,.3529
24571,5254,.6471
24572,5254,1.0000
24573,5254,1.0000
24574,5254,1.0000
24575,5254,1.0000
24576,5254,1.0000
24577,5254,.8000
24577,-999,.2000
24578,-999,.9000
24578,5254,.1000
24579,-999,1.0000
24580,-999,1.0000
24581,-999,1.0000
24582,-999,1.0000
24583,-999,1.0000
24584,-999,1.0000
24585,-999,1.0000
24586,-999,1.0000
24587,-999,1.0000
24588,-999,1.0000
24589,-999,1.0000
24590,-999,1.0000
24591,-999,1.0000
24592,-999,1.0000
24593,-999,1.0000
24594,-999,1.0000
24595,-999,1.0000
24596,-999,1.0000
24597,-999,1.0000
24598,-999,1.0000
24599,-999,1.0000
24600,-999,1.0000
24601,-999,1.0000
24602,-999,1.0000
24603,-999,1.0000
24604,-999,1.0000
24605,-999,1.0000
24606,-999,1.0000
24607,-999,1.0000
24608,-999,1.0000
24609,-999,1.0000
24610,-999,1.0000
24611,-999,1.0000
24612,-999,1.0000
24613,-999,1.0000
24614,-999,1.0000
24615,-999,1.0000
24616,-999,1.0000
24617,-999,1.0000
24618,-999,1.0000
24619,-999,1.0000
24620,-999,1.0000
24621,-999,1.0000
24622,-999,1.0000
24623,-999,1.0000
24624,-999,1.0000
24625,-999,1.0000
24626,-999,1.0000
24627,-999,1.0000
24628,-999,1.0000
24629,-999,1.0000
24630,-999,1.0000
24631,-999,1.0000
24632,-999,1.0000
24633,-999,1.0000
24634,-999,1.0000
24635,-999,1.0000
24636,-999,1.0000
24637,-999,1.0000
24638,-999,1.0000
24639,-999,1.0000
24640,-999,1.0000
24641,-999,1.0000
24642,-999,1.0000
24643,-999,1.0000
24644,-999,1.0000
24645,-999,1.0000
24646,-999,1.0000
24647,-999,1.0000
24648,-999,1.0000
24649,-999,1.0000
24650,-999,1.0000
24651,-999,1.0000
24652,-999,1.0000
24653,-999,1.0000
24654,-999,1.0000
24655,-999,1.0000
24656,-999,1.0000
24657,5254,1.0000
24658,5254,1.0000
24659,5254,1.0000
24660,5254,1.0000
24661,5254,1.0000
24662,5254,1.0000
24663,5254,1.0000
24664,5254,1.0000
24665,5254,1.0000
24666,5254,1.0000
24667,5254,1.0000
24668,5254,1.0000
24669,5254,1.0000
24670,5254,1.0000
24671,5254,1.0000
24672,5254,1.0000
24673,5254,1.0000
24674,5254,1.0000
24675,5254,1.0000
24676,5254,1.0000
24677,5254,1.0000
24678,5254,1.0000
24679,5254,1.0000
24680,5254,1.0000
24681,5254,1.0000
24682,5254,1.0000
24683,5254,1.0000
24684,5254,1.0000
24685,5254,1.0000
24686,5254,1.0000
24687,5254,1.0000
24688,5254,1.0000
24689,5254,1.0000
24690,5254,1.0000
24691,5254,1.0000
24692,5254,1.0000
24693,5254,1.0000
24694,5254,1.0000
24695,5254,1.0000
24696,5254,1.0000
24697,5254,1.0000
24698,5254,1.0000
24699,5254,1.0000
24700,5254,1.0000
24701,5254,1.0000
24702,5254,1.0000
24703,5254,1.0000
24704,5254,1.0000
24705,5254,1.0000
24706,5254,.8500
24706,5222,.1500
24707,5254,.2400
24707,5222,.7600
24708,5222,1.0000
24709,5222,1.0000
24710,5222,1.0000
24711,5222,1.0000
24712,5222,1.0000
24713,5222,1.0000
24714,5222,1.0000
24715,5222,1.0000
24716,5222,1.0000
24717,5222,1.0000
24718,5222,1.0000
24719,5222,1.0000
24720,5222,1.0000
24721,5222,1.0000
24722,5222,1.0000
24723,5222,1.0000
24724,5222,1.0000
24725,5222,1.0000
24726,5222,1.0000
24727,5222,1.0000
24728,5222,1.0000
24729,5222,1.0000
24730,5222,1.0000
24731,5222,1.0000
24732,5222,1.0000
24733,5222,1.0000
24734,5222,1.0000
24735,5222,1.0000
24736,5222,1.0000
24737,5222,1.0000
24738,5222,1.0000
24739,5222,1.0000
24740,5222,1.0000
24741,5222,1.0000
24742,5222,1.0000
24743,5222,1.0000
24744,5222,1.0000
24745,5222,1.0000
24746,5222,1.0000
24747,5222,1.0000
24748,5222,1.0000
24749,5222,1.0000
24750,5222,1.0000
24751,5222,1.0000
24752,5222,1.0000
24753,5222,1.0000
24754,5222,1.0000
24755,5222,1.0000
24756,5222,1.0000
24757,5222,1.0000
24758,5222,1.0000
24759,5222,1.0000
24760,5222,1.0000
24761,5222,1.0000
24762,5222,.8500
24762,5254,.1500
24763,5254,.8125
24763,5222,.1875
24764,5254,1.0000
24765,5254,1.0000
24766,5254,1.0000
24767,5254,1.0000
24768,5254,1.0000
24769,5254,1.0000
24770,5254,1.0000
24771,5254,1.0000
24772,5254,1.0000
24773,5254,1.0000
24774,5254,1.0000
24775,5254,1.0000
24776,5254,1.0000
24777,5254,1.0000
24778,5254,1.0000
24779,5254,1.0000
24780,5254,1.0000
24781,5254,1.0000
24782,5254,1.0000
24783,5254,1.0000
24784,5254,1.0000
24785,5254,1.0000
24786,5254,1.0000
24787,5254,1.0000
24788,5254,1.0000
24789,5254,1.0000
24790,5254,1.0000
24791,5254,1.0000
24792,5254,1.0000
24793,5254,1.0000
24794,5254,1.0000
24795,5254,1.0000
24796,5254,.9375
24796,-999,.0625
24797,5254,.2500
24797,-999,.7500
24798,-999,1.0000
24799,-999,1.0000
24800,-999,1.0000
24801,-999,1.0000
24802,-999,1.0000
24803,-999,1.0000
24804,-999,1.0000
24805,-999,1.0000
24806,-999,.9500
24806,5254,.0500
24807,-999,.2400
24807,5254,.7600
24808,5254,1.0000
24809,5254,1.0000
24810,5254,1.0000
24811,5254,1.0000
24812,5254,1.0000
24813,5254,1.0000
24814,5254,1.0000
24815,5254,1.0000
24816,5254,1.0000
24817,5254,1.0000
24818,5254,1.0000
24819,5254,1.0000
24820,5254,1.0000
24821,5254,1.0000
24822,5254,1.0000
24823,5254,1.0000
24824,5254,1.0000
24825,5254,1.0000
24826,5254,1.0000
24827,5254,1.0000
24828,5254,1.0000
24829,5254,1.0000
24830,5254,1.0000
24831,5254,.6250
24831,-999,.3750
24832,-999,1.0000
24833,-999,1.0000
24834,-999,1.0000
24835,-999,1.0000
24836,-999,1.0000
24837,-999,1.0000
24838,-999,.8500
24838,5254,.1500
24839,5254,.9375
24839,-999,.0625
24840,5254,1.0000
24841,5254,1.0000
24842,5254,1.0000
24843,5254,1.0000
24844,5254,1.0000
24845,5254,1.0000
24846,-999,.7143
24846,5254,.2857
24847,-999,1.0000
24848,-999,1.0000
24849,-999,1.0000
24850,-999,1.0000
24851,-999,1.0000
24852,-999,1.0000
24853,-999,1.0000
24854,-999,1.0000
24855,-999,1.0000
24856,-999,1.0000
24857,-999,1.0000
24858,-999,1.0000
24859,-999,1.0000
24860,-999,1.0000
24861,-999,1.0000
24862,-999,1.0000
24863,-999,1.0000
24864,-999,1.0000
24865,-999,1.0000
24866,-999,1.0000
24867,-999,1.0000
24868,-999,1.0000
24869,-999,1.0000
24870,-999,1.0000
24871,-999,1.0000
24872,-999,1.0000
24873,-999,1.0000
24874,-999,1.0000
24875,-999,1.0000
24876,-999,1.0000
24877,-999,1.0000
24878,-999,1.0000
24879,-999,1.0000
24880,-999,1.0000
24881,-999,1.0000
24882,-999,1.0000
24883,-999,1.0000
24884,-999,1.0000
24885,-999,1.0000
24886,-999,1.0000
24887,-999,1.0000
24888,-999,1.0000
24889,-999,1.0000
24890,-999,1.0000
24891,-999,1.0000
24892,-999,1.0000
24893,-999,1.0000
24894,-999,1.0000
24895,-999,1.0000
24896,-999,1.0000
24897,-999,1.0000
24898,-999,1.0000
24899,-999,1.0000
24900,-999,1.0000
24901,-999,1.0000
24902,-999,1.0000
24903,-999,1.0000
24904,-999,1.0000
24905,-999,1.0000
24906,-999,1.0000
24907,-999,1.0000
24908,-999,1.0000
24909,-999,1.0000
24910,-999,1.0000
24911,-999,1.0000
24912,-999,1.0000
24913,-999,1.0000
24914,-999,1.0000
24915,-999,1.0000
24916,-999,1.0000
24917,-999,1.0000
24918,-999,1.0000
24919,-999,1.0000
24920,-999,1.0000
24921,-999,1.0000
24922,-999,1.0000
24923,-999,1.0000
24924,-999,1.0000
24925,5254,1.0000
24926,5254,1.0000
24927,5254,1.0000
24928,5254,1.0000
24929,5254,1.0000
24930,5254,1.0000
24931,5254,1.0000
24932,5254,1.0000
24933,5254,1.0000
24934,5254,1.0000
24935,5254,1.0000
24936,5254,1.0000
24937,5254,1.0000
24938,5254,1.0000
24939,5254,1.0000
24940,5254,1.0000
24941,5254,1.0000
24942,5254,1.0000
24943,5254,1.0000
24944,5254,1.0000
24945,5254,1.0000
24946,5254,1.0000
24947,5254,1.0000
24948,5254,1.0000
24949,5254,1.0000
24950,5254,1.0000
24951,5254,1.0000
24952,5254,1.0000
24953,5254,1.0000
24954,5254,1.0000
24955,5254,1.0000
24956,5254,1.0000
24957,5254,1.0000
24958,5254,1.0000
24959,5254,1.0000
24960,5254,1.0000
24961,5254,1.0000
24962,5254,1.0000
24963,5254,1.0000
24964,5254,1.0000
24965,5254,1.0000
24966,5254,1.0000
24967,5254,1.0000
24968,5254,1.0000
24969,5254,1.0000
24970,5254,1.0000
24971,5254,1.0000
24972,5254,1.0000
24973,5254,.9500
24973,5222,.0500
24974,5254,.2500
24974,5222,.7500
24975,5222,1.0000
24976,5222,1.0000
24977,5222,1.0000
24978,5222,1.0000
24979,5222,1.0000
24980,5222,1.0000
24981,5222,1.0000
24982,5222,1.0000
24983,5222,1.0000
24984,5222,1.0000
24985,5222,1.0000
24986,5222,1.0000
24987,5222,1.0000
24988,5222,1.0000
24989,5222,1.0000
24990,5222,1.0000
24991,5222,1.0000
24992,5222,1.0000
24993,5222,1.0000
24994,5222,1.0000
24995,5222,1.0000
24996,5222,1.0000
24997,5222,1.0000
24998,5222,1.0000
24999,5222,1.0000
25000,5222,1.0000
25001,5222,1.0000
25002,5222,1.0000
25003,5222,1.0000
25004,5222,1.0000
25005,5222,1.0000
25006,5222,1.0000
25007,5222,1.0000
25008,5222,1.0000
25009,5222,1.0000
25010,5222,1.0000
25011,5222,1.0000
25012,5222,1.0000
25013,5222,1.0000
25014,5222,1.0000
25015,5222,1.0000
25016,5222,1.0000
25017,5222,1.0000
25018,5222,1.0000
25019,5222,1.0000
25020,5222,1.0000
25021,5222,1.0000
25022,5222,1.0000
25023,5222,1.0000
25024,5222,1.0000
25025,5222,1.0000
25026,5222,1.0000
25027,5222,1.0000
25028,5222,1.0000
25029,5222,1.0000
25030,5222,1.0000
25031,5222,.8750
25031,5254,.1250
25032,5254,.5500
25032,5222,.4500
25033,5254,.9375
25033,5222,.0625
25034,5254,1.0000
25035,5254,1.0000
25036,5254,1.0000
25037,5254,1.0000
25038,5254,1.0000
25039,5254,1.0000
25040,5254,1.0000
25041,5254,1.0000
25042,5254,1.0000
25043,5254,1.0000
25044,5254,1.0000
25045,5254,1.0000
25046,5254,1.0000
25047,5254,1.0000
25048,5254,1.0000
25049,5254,1.0000
25050,5254,1.0000
25051,5254,1.0000
25052,5254,1.0000
25053,5254,1.0000
25054,5254,1.0000
25055,5254,1.0000
25056,5254,1.0000
25057,5254,1.0000
25058,5254,1.0000
25059,5254,1.0000
25060,5254,1.0000
25061,5254,1.0000
25062,5254,1.0000
25063,5254,.9000
25063,-999,.1000
25064,5254,.3750
25064,-999,.6250
25065,-999,1.0000
25066,-999,1.0000
25067,-999,1.0000
25068,-999,1.0000
25069,-999,1.0000
25070,-999,1.0000
25071,-999,1.0000
25072,-999,1.0000
25073,-999,1.0000
25074,-999,.6250
25074,5254,.3750
25075,5254,1.0000
25076,5254,1.0000
25077,5254,1.0000
25078,5254,1.0000
25079,5254,1.0000
25080,5254,1.0000
25081,5254,1.0000
25082,5254,1.0000
25083,5254,1.0000
25084,5254,1.0000
25085,5254,1.0000
25086,5254,1.0000
25087,5254,1.0000
25088,5254,1.0000
25089,5254,1.0000
25090,5254,1.0000
25091,5254,1.0000
25092,5254,1.0000
25093,5254,1.0000
25094,5254,1.0000
25095,5254,1.0000
25096,5254,1.0000
25097,5254,1.0000
25098,5254,1.0000
25099,5254,.8750
25099,-999,.1250
25100,-999,.9000
25100,5254,.1000
25101,-999,1.0000
25102,-999,1.0000
25103,-999,1.0000
25104,-999,1.0000
25105,-999,1.0000
25106,-999,.9600
25106,5254,.0400
25107,-999,.2000
25107,5254,.8000
25108,5254,1.0000
25109,5254,1.0000
25110,5254,1.0000
25111,5254,1.0000
25112,5254,1.0000
25113,5254,.6250
25113,-999,.3750
25114,5254,.0500
25114,-999,.9500
25115,-999,1.0000
25116,-999,1.0000
25117,-999,1.0000
25118,-999,1.0000
25119,-999,1.0000
25120,-999,1.0000
25121,-999,1.0000
25122,-999,1.0000
25123,-999,1.0000
25124,-999,1.0000
25125,-999,1.0000
25126,-999,1.0000
25127,-999,1.0000
25128,-999,1.0000
25129,-999,1.0000
25130,-999,1.0000
25131,-999,1.0000
25132,-999,1.0000
25133,-999,1.0000
25134,-999,.7500
25134,5254,.2500
25135,-999,.7500
25135,5254,.2500
25136,-999,1.0000
25137,-999,1.0000
25138,-999,1.0000
25139,-999,1.0000
25140,-999,1.0000
25141,-999,1.0000
25142,-999,1.0000
25143,-999,1.0000
25144,-999,1.0000
25145,-999,1.0000
25146,-999,1.0000
25147,-999,1.0000
25148,-999,1.0000
25149,-999,1.0000
25150,-999,1.0000
25151,-999,1.0000
25152,-999,1.0000
25153,-999,1.0000
25154,-999,1.0000
25155,-999,1.0000
25156,-999,1.0000
25157,-999,1.0000
25158,-999,1.0000
25159,-999,1.0000
25160,-999,1.0000
25161,-999,1.0000
25162,-999,1.0000
25163,-999,1.0000
25164,-999,1.0000
25165,-999,1.0000
25166,-999,1.0000
25167,-999,1.0000
25168,-999,1.0000
25169,-999,1.0000
25170,-999,1.0000
25171,-999,1.0000
25172,-999,1.0000
25173,-999,1.0000
25174,-999,1.0000
25175,-999,1.0000
25176,-999,1.0000
25177,-999,1.0000
25178,-999,1.0000
25179,-999,1.0000
25180,-999,1.0000
25181,-999,1.0000
25182,-999,1.0000
25183,-999,1.0000
25184,-999,1.0000
25185,-999,1.0000
25186,-999,1.0000
25187,-999,1.0000
25188,-999,1.0000
25189,-999,1.0000
25190,-999,1.0000
25191,-999,1.0000
25192,-999,1.0000
25193,5254,1.0000
25194,5254,1.0000
25195,5254,1.0000
25196,5254,1.0000
25197,5254,1.0000
25198,5254,1.0000
25199,5254,1.0000
25200,5254,1.0000
25201,5254,1.0000
25202,5254,1.0000
25203,5254,1.0000
25204,5254,1.0000
25205,5254,1.0000
25206,5254,1.0000
25207,5254,1.0000
25208,5254,1.0000
25209,5254,1.0000
25210,5254,1.0000
25211,5254,1.0000
25212,5254,1.0000
25213,5254,1.0000
25214,5254,1.0000
25215,5254,1.0000
25216,5254,1.0000
25217,5254,1.0000
25218,5254,1.0000
25219,5254,1.0000
25220,5254,1.0000
25221,5254,1.0000
25222,5254,1.0000
25223,5254,1.0000
25224,5254,1.0000
25225,5254,1.0000
25226,5254,1.0000
25227,5254,1.0000
25228,5254,1.0000
25229,5254,1.0000
25230,5254,1.0000
25231,5254,1.0000
25232,5254,1.0000
25233,5254,1.0000
25234,5254,1.0000
25235,5254,1.0000
25236,5254,1.0000
25237,5254,1.0000
25238,5254,1.0000
25239,5254,1.0000
25240,5254,1.0000
25241,5254,.8000
25241,5222,.2000
25242,5222,1.0000
25243,5222,1.0000
25244,5222,1.0000
25245,5222,1.0000
25246,5222,1.0000
25247,5222,1.0000
25248,5222,1.0000
25249,5222,1.0000
25250,5222,1.0000
25251,5222,1.0000
25252,5222,1.0000
25253,5222,1.0000
25254,5222,1.0000
25255,5222,1.0000
25256,5222,1.0000
25257,5222,1.0000
25258,5222,1.0000
25259,5222,1.0000
25260,5222,1.0000
25261,5222,1.0000
25262,5222,1.0000
25263,5222,1.0000
25264,5222,1.0000
25265,5222,1.0000
25266,5222,1.0000
25267,5222,1.0000
25268,5222,1.0000
25269,5222,1.0000
25270,5222,1.0000
25271,5222,1.0000
25272,5222,1.0000
25273,5222,1.0000
25274,5222,1.0000
25275,5222,1.0000
25276,5222,1.0000
25277,5222,1.0000
25278,5222,1.0000
25279,5222,1.0000
25280,5222,1.0000
25281,5222,1.0000
25282,5222,1.0000
25283,5222,1.0000
25284,5222,1.0000
25285,5222,1.0000
25286,5222,1.0000
25287,5222,1.0000
25288,5222,1.0000
25289,5222,1.0000
25290,5222,1.0000
25291,5222,1.0000
25292,5222,1.0000
25293,5222,1.0000
25294,5222,1.0000
25295,5222,1.0000
25296,5222,1.0000
25297,5222,1.0000
25298,5222,1.0000
25299,5222,1.0000
25300,5222,1.0000
25301,5222,.7895
25301,5254,.2105
25302,5254,.7000
25302,5222,.3000
25303,5254,1.0000
25304,5254,1.0000
25305,5254,1.0000
25306,5254,1.0000
25307,5254,1.0000
25308,5254,1.0000
25309,5254,1.0000
25310,5254,1.0000
25311,5254,1.0000
25312,5254,1.0000
25313,5254,1.0000
25314,5254,1.0000
25315,5254,1.0000
25316,5254,1.0000
25317,5254,1.0000
25318,5254,1.0000
25319,5254,1.0000
25320,5254,1.0000
25321,5254,1.0000
25322,5254,1.0000
25323,5254,1.0000
25324,5254,1.0000
25325,5254,1.0000
25326,5254,1.0000
25327,5254,1.0000
25328,5254,1.0000
25329,5254,.8400
25329,-999,.1600
25330,5254,.6500
25330,-999,.3500
25331,5254,.2400
25331,-999,.7600
25332,-999,1.0000
25333,-999,1.0000
25334,-999,1.0000
25335,-999,1.0000
25336,-999,1.0000
25337,-999,1.0000
25338,-999,1.0000
25339,-999,1.0000
25340,-999,1.0000
25341,-999,.9500
25341,5254,.0500
25342,-999,.2500
25342,5254,.7500
25343,5254,1.0000
25344,5254,1.0000
25345,5254,1.0000
25346,5254,1.0000
25347,5254,1.0000
25348,5254,1.0000
25349,5254,1.0000
25350,5254,1.0000
25351,5254,1.0000
25352,5254,1.0000
25353,5254,1.0000
25354,5254,1.0000
25355,5254,1.0000
25356,5254,1.0000
25357,5254,1.0000
25358,5254,1.0000
25359,5254,1.0000
25360,5254,1.0000
25361,5254,1.0000
25362,5254,1.0000
25363,5254,1.0000
25364,5254,1.0000
25365,5254,1.0000
25366,5254,1.0000
25367,5254,1.0000
25368,5254,.5000
25368,-999,.5000
25369,-999,1.0000
25370,-999,1.0000
25371,-999,1.0000
25372,-999,1.0000
25373,-999,1.0000
25374,-999,.9000
25374,5254,.1000
25375,5254,.8750
25375,-999,.1250
25376,5254,1.0000
25377,5254,1.0000
25378,5254,1.0000
25379,5254,1.0000
25380,5254,.6000
25380,-999,.4000
25381,5254,.0625
25381,-999,.9375
25382,-999,1.0000
25383,-999,1.0000
25384,-999,1.0000
25385,-999,1.0000
25386,-999,1.0000
25387,-999,1.0000
25388,-999,1.0000
25389,-999,1.0000
25390,-999,1.0000
25391,-999,1.0000
25392,-999,1.0000
25393,-999,1.0000
25394,-999,1.0000
25395,-999,1.0000
25396,-999,.8000
25396,5254,.2000
25397,-999,.3889
25397,5254,.6111
25398,-999,.3913
25398,5254,.6087
25399,-999,.6087
25399,5254,.3913
25400,-999,.5263
25400,5254,.4737
25401,-999,.3684
25401,5254,.6316
25402,-999,.0588
25402,5254,.9412
25403,5254,.7000
25403,-999,.3000
25404,-999,1.0000
25405,-999,1.0000
25406,-999,1.0000
25407,-999,1.0000
25408,-999,1.0000
25409,-999,1.0000
25410,-999,1.0000
25411,-999,1.0000
25412,-999,1.0000
25413,-999,1.0000
25414,-999,1.0000
25415,-999,1.0000
25416,-999,1.0000
25417,-999,1.0000
25418,-999,1.0000
25419,-999,1.0000
25420,-999,1.0000
25421,-999,1.0000
25422,-999,1.0000
25423,-999,1.0000
25424,-999,1.0000
25425,-999,1.0000
25426,-999,1.0000
25427,-999,1.0000
25428,-999,1.0000
25429,-999,1.0000
25430,-999,1.0000
25431,-999,1.0000
25432,-999,1.0000
25433,-999,1.0000
25434,-999,1.0000
25435,-999,1.0000
25436,-999,1.0000
25437,-999,1.0000
25438,-999,1.0000
25439,-999,1.0000
25440,-999,1.0000
25441,-999,1.0000
25442,-999,1.0000
25443,-999,1.0000
25444,-999,1.0000
25445,-999,1.0000
25446,-999,1.0000
25447,-999,1.0000
25448,-999,1.0000
25449,-999,1.0000
25450,-999,1.0000
25451,-999,1.0000
25452,-999,1.0000
25453,-999,1.0000
25454,-999,1.0000
25455,-999,1.0000
25456,-999,1.0000
25457,-999,1.0000
25458,-999,1.0000
25459,-999,1.0000
25460,-999,1.0000
25461,5254,1.0000
25462,5254,1.0000
25463,5254,1.0000
25464,5254,1.0000
25465,5254,1.0000
25466,5254,1.0000
25467,5254,1.0000
25468,5254,1.0000
25469,5254,1.0000
25470,5254,1.0000
25471,5254,1.0000
25472,5254,1.0000
25473,5254,1.0000
25474,5254,1.0000
25475,5254,1.0000
25476,5254,1.0000
25477,5254,1.0000
25478,5254,1.0000
25479,5254,1.0000
25480,5254,1.0000
25481,5254,1.0000
25482,5254,1.0000
25483,5254,1.0000
25484,5254,1.0000
25485,5254,1.0000
25486,5254,1.0000
25487,5254,1.0000
25488,5254,1.0000
25489,5254,1.0000
25490,5254,1.0000
25491,5254,1.0000
25492,5254,1.0000
25493,5254,1.0000
25494,5254,1.0000
25495,5254,1.0000
25496,5254,1.0000
25497,5254,1.0000
25498,5254,1.0000
25499,5254,1.0000
25500,5254,1.0000
25501,5254,1.0000
25502,5254,1.0000
25503,5254,1.0000
25504,5254,1.0000
25505,5254,1.0000
25506,5254,1.0000
25507,5254,1.0000
25508,5254,1.0000
25509,5254,.6500
25509,5222,.3500
25510,5222,1.0000
25511,5222,1.0000
25512,5222,1.0000
25513,5222,1.0000
25514,5222,1.0000
25515,5222,1.0000
25516,5222,1.0000
25517,5222,1.0000
25518,5222,1.0000
25519,5222,1.0000
25520,5222,1.0000
25521,5222,1.0000
25522,5222,1.0000
25523,5222,1.0000
25524,5222,1.0000
25525,5222,1.0000
25526,5222,1.0000
25527,5222,1.0000
25528,5222,1.0000
25529,5222,1.0000
25530,5222,1.0000
25531,5222,1.0000
25532,5222,1.0000
25533,5222,1.0000
25534,5222,1.0000
25535,5222,1.0000
25536,5222,1.0000
25537,5222,1.0000
25538,5222,1.0000
25539,5222,1.0000
25540,5222,1.0000
25541,5222,1.0000
25542,5222,1.0000
25543,5222,1.0000
25544,5222,1.0000
25545,5222,1.0000
25546,5222,1.0000
25547,5222,1.0000
25548,5222,1.0000
25549,5222,1.0000
25550,5222,1.0000
25551,5222,1.0000
25552,5222,1.0000
25553,5222,1.0000
25554,5222,1.0000
25555,5222,1.0000
25556,5222,1.0000
25557,5222,1.0000
25558,5222,1.0000
25559,5222,1.0000
25560,5222,1.0000
25561,5222,1.0000
25562,5222,1.0000
25563,5222,1.0000
25564,5222,1.0000
25565,5222,1.0000
25566,5222,1.0000
25567,5222,1.0000
25568,5222,1.0000
25569,5222,1.0000
25570,5222,.9600
25570,5254,.0400
25571,5254,.3000
25571,5222,.7000
25572,5254,.4400
25572,5222,.5600
25573,5254,.7000
25573,5222,.3000
25574,5254,.9600
25574,5222,.0400
25575,5254,1.0000
25576,5254,1.0000
25577,5254,1.0000
25578,5254,1.0000
25579,5254,1.0000
25580,5254,1.0000
25581,5254,1.0000
25582,5254,1.0000
25583,5254,1.0000
25584,5254,1.0000
25585,5254,1.0000
25586,5254,1.0000
25587,5254,1.0000
25588,5254,1.0000
25589,5254,1.0000
25590,5254,1.0000
25591,5254,1.0000
25592,5254,1.0000
25593,5254,1.0000
25594,5254,1.0000
25595,5254,1.0000
25596,5254,.9375
25596,-999,.0625
25597,5254,.7000
25597,-999,.3000
25598,-999,.0625
25598,5254,.9375
25599,5254,.6000
25599,-999,.4000
25600,-999,.8125
25600,5254,.1875
25601,-999,1.0000
25602,-999,.7500
25602,5254,.2500
25603,-999,.4000
25603,5254,.6000
25604,-999,.7500
25604,5254,.2500
25605,-999,1.0000
25606,-999,1.0000
25607,-999,1.0000
25608,-999,1.0000
25609,-999,.6000
25609,5254,.4000
25610,5254,1.0000
25611,5254,1.0000
25612,5254,1.0000
25613,5254,1.0000
25614,5254,1.0000
25615,5254,1.0000
25616,5254,1.0000
25617,5254,1.0000
25618,5254,1.0000
25619,5254,1.0000
25620,5254,1.0000
25621,5254,1.0000
25622,5254,1.0000
25623,5254,1.0000
25624,5254,1.0000
25625,5254,1.0000
25626,5254,1.0000
25627,5254,1.0000
25628,5254,1.0000
25629,5254,1.0000
25630,5254,1.0000
25631,5254,1.0000
25632,5254,1.0000
25633,5254,1.0000
25634,5254,1.0000
25635,5254,1.0000
25636,5254,.9583
25636,-999,.0417
25637,-999,.4444
25637,5254,.5556
25638,-999,.8500
25638,5254,.1500
25639,-999,1.0000
25640,-999,1.0000
25641,-999,1.0000
25642,-999,1.0000
25643,-999,.5000
25643,5254,.5000
25644,5254,.9500
25644,-999,.0500
25645,5254,1.0000
25646,5254,1.0000
25647,5254,.7500
25647,-999,.2500
25648,5254,.1600
25648,-999,.8400
25649,-999,.8889
25649,5254,.1111
25650,-999,1.0000
25651,-999,1.0000
25652,-999,1.0000
25653,-999,1.0000
25654,-999,1.0000
25655,-999,1.0000
25656,-999,1.0000
25657,-999,1.0000
25658,-999,1.0000
25659,-999,1.0000
25660,-999,1.0000
25661,-999,1.0000
25662,-999,1.0000
25663,-999,1.0000
25664,-999,.4000
25664,5254,.6000
25665,5254,1.0000
25666,5254,1.0000
25667,5254,1.0000
25668,5254,1.0000
25669,5254,1.0000
25670,5254,1.0000
25671,5254,.6875
25671,-999,.3125
25672,-999,1.0000
25673,-999,1.0000
25674,-999,1.0000
25675,-999,1.0000
25676,-999,1.0000
25677,-999,1.0000
25678,-999,1.0000
25679,-999,1.0000
25680,-999,1.0000
25681,-999,1.0000
25682,-999,1.0000
25683,-999,1.0000
25684,-999,1.0000
25685,-999,1.0000
25686,-999,1.0000
25687,-999,1.0000
25688,-999,1.0000
25689,-999,1.0000
25690,-999,1.0000
25691,-999,1.0000
25692,-999,1.0000
25693,-999,1.0000
25694,-999,1.0000
25695,-999,1.0000
25696,-999,1.0000
25697,-999,1.0000
25698,-999,1.0000
25699,-999,1.0000
25700,-999,1.0000
25701,-999,1.0000
25702,-999,1.0000
25703,-999,1.0000
25704,-999,1.0000
25705,-999,1.0000
25706,-999,1.0000
25707,-999,1.0000
25708,-999,1.0000
25709,-999,1.0000
25710,-999,1.0000
25711,-999,1.0000
25712,-999,1.0000
25713,-999,1.0000
25714,-999,1.0000
25715,-999,1.0000
25716,-999,1.0000
25717,-999,1.0000
25718,-999,1.0000
25719,-999,1.0000
25720,-999,1.0000
25721,-999,1.0000
25722,-999,1.0000
25723,-999,1.0000
25724,-999,1.0000
25725,-999,1.0000
25726,-999,1.0000
25727,-999,1.0000
25728,-999,1.0000
25729,5254,1.0000
25730,5254,1.0000
25731,5254,1.0000
25732,5254,1.0000
25733,5254,1.0000
25734,5254,1.0000
25735,5254,1.0000
25736,5254,1.0000
25737,5254,1.0000
25738,5254,1.0000
25739,5254,1.0000
25740,5254,1.0000
25741,5254,1.0000
25742,5254,1.0000
25743,5254,1.0000
25744,5254,1.0000
25745,5254,1.0000
25746,5254,1.0000
25747,5254,1.0000
25748,5254,1.0000
25749,5254,1.0000
25750,5254,1.0000
25751,5254,1.0000
25752,5254,1.0000
25753,5254,1.0000
25754,5254,1.0000
25755,5254,1.0000
25756,5254,1.0000
25757,5254,1.0000
25758,5254,1.0000
25759,5254,1.0000
25760,5254,1.0000
25761,5254,1.0000
25762,5254,1.0000
25763,5254,1.0000
25764,5254,1.0000
25765,5254,1.0000
25766,5254,1.0000
25767,5254,1.0000
25768,5254,1.0000
25769,5254,1.0000
25770,5254,1.0000
25771,5254,1.0000
25772,5254,1.0000
25773,5254,1.0000
25774,5254,1.0000
25775,5254,1.0000
25776,5254,1.0000
25777,5254,.5000
25777,5222,.5000
25778,5222,1.0000
25779,5222,1.0000
25780,5222,1.0000
25781,5222,1.0000
25782,5222,1.0000
25783,5222,1.0000
25784,5222,1.0000
25785,5222,1.0000
25786,5222,1.0000
25787,5222,1.0000
25788,5222,1.0000
25789,5222,1.0000
25790,5222,1.0000
25791,5222,1.0000
25792,5222,1.0000
25793,5222,1.0000
25794,5222,1.0000
25795,5222,1.0000
25796,5222,1.0000
25797,5222,1.0000
25798,5222,1.0000
25799,5222,1.0000
25800,5222,1.0000
25801,5222,1.0000
25802,5222,1.0000
25803,5222,1.0000
25804,5222,1.0000
25805,5222,1.0000
25806,5222,1.0000
25807,5222,1.0000
25808,5222,1.0000
25809,5222,1.0000
25810,5222,1.0000
25811,5222,1.0000
25812,5222,1.0000
25813,5222,1.0000
25814,5222,1.0000
25815,5222,1.0000
25816,5222,1.0000
25817,5222,1.0000
25818,5222,1.0000
25819,5222,1.0000
25820,5222,1.0000
25821,5222,1.0000
25822,5222,1.0000
25823,5222,1.0000
25824,5222,1.0000
25825,5222,1.0000
25826,5222,1.0000
25827,5222,1.0000
25828,5222,1.0000
25829,5222,1.0000
25830,5222,1.0000
25831,5222,1.0000
25832,5222,1.0000
25833,5222,1.0000
25834,5222,1.0000
25835,5222,1.0000
25836,5222,1.0000
25837,5222,1.0000
25838,5222,1.0000
25839,5222,1.0000
25840,5222,1.0000
25841,5222,1.0000
25842,5222,.2000
25842,5254,.8000
25843,5254,1.0000
25844,5254,1.0000
25845,5254,1.0000
25846,5254,1.0000
25847,5254,1.0000
25848,5254,1.0000
25849,5254,1.0000
25850,5254,1.0000
25851,5254,1.0000
25852,5254,1.0000
25853,5254,1.0000
25854,5254,1.0000
25855,5254,1.0000
25856,5254,1.0000
25857,5254,1.0000
25858,5254,1.0000
25859,5254,1.0000
25860,5254,1.0000
25861,5254,1.0000
25862,5254,1.0000
25863,5254,1.0000
25864,5254,1.0000
25865,5254,1.0000
25866,5254,1.0000
25867,5254,.7000
25867,-999,.3000
25868,5254,.2500
25868,-999,.7500
25869,-999,.7500
25869,5254,.2500
25870,-999,.2500
25870,5254,.7500
25871,5254,.9000
25871,-999,.1000
25872,5254,.1875
25872,-999,.8125
25873,-999,1.0000
25874,-999,1.0000
25875,-999,.7600
25875,5254,.2400
25876,-999,.3500
25876,5254,.6500
25877,-999,.0400
25877,5254,.9600
25878,5254,1.0000
25879,5254,1.0000
25880,5254,1.0000
25881,5254,1.0000
25882,5254,1.0000
25883,5254,1.0000
25884,5254,1.0000
25885,5254,1.0000
25886,5254,1.0000
25887,5254,1.0000
25888,5254,1.0000
25889,5254,1.0000
25890,5254,1.0000
25891,5254,1.0000
25892,5254,1.0000
25893,5254,1.0000
25894,5254,1.0000
25895,5254,1.0000
25896,5254,1.0000
25897,5254,1.0000
25898,5254,1.0000
25899,5254,1.0000
25900,5254,1.0000
25901,5254,1.0000
25902,5254,1.0000
25903,5254,1.0000
25904,5254,1.0000
25905,5254,1.0000
25906,5254,.9091
25906,-999,.0909
25907,-999,.3750
25907,5254,.6250
25908,-999,.7895
25908,5254,.2105
25909,-999,1.0000
25910,-999,1.0000
25911,-999,1.0000
25912,-999,.7368
25912,5254,.2632
25913,5254,.6471
25913,-999,.3529
25914,5254,.9500
25914,-999,.0500
25915,5254,.8235
25915,-999,.1765
25916,-999,.3500
25916,5254,.6500
25917,-999,.1579
25917,5254,.8421
25918,-999,.3200
25918,5254,.6800
25919,-999,.4500
25919,5254,.5500
25920,-999,.8095
25920,5254,.1905
25921,-999,1.0000
25922,-999,1.0000
25923,-999,1.0000
25924,-999,1.0000
25925,-999,1.0000
25926,-999,1.0000
25927,-999,1.0000
25928,-999,1.0000
25929,-999,1.0000
25930,-999,1.0000
25931,-999,1.0000
25932,-999,.7000
25932,5254,.3000
25933,5254,.5000
25933,-999,.5000
25934,5254,.8000
25934,-999,.2000
25935,5254,1.0000
25936,5254,1.0000
25937,5254,1.0000
25938,5254,.5600
25938,-999,.4400
25939,5254,.1500
25939,-999,.8500
25940,-999,1.0000
25941,-999,1.0000
25942,-999,1.0000
25943,-999,1.0000
25944,-999,1.0000
25945,-999,1.0000
25946,-999,1.0000
25947,-999,1.0000
25948,-999,.9600
25948,5254,.0400
25949,-999,1.0000
25950,-999,1.0000
25951,-999,1.0000
25952,-999,1.0000
25953,-999,1.0000
25954,-999,1.0000
25955,-999,1.0000
25956,-999,1.0000
25957,-999,1.0000
25958,-999,1.0000
25959,-999,1.0000
25960,-999,1.0000
25961,-999,1.0000
25962,-999,1.0000
25963,-999,1.0000
25964,-999,1.0000
25965,-999,1.0000
25966,-999,1.0000
25967,-999,1.0000
25968,-999,1.0000
25969,-999,1.0000
25970,-999,1.0000
25971,-999,1.0000
25972,-999,1.0000
25973,-999,1.0000
25974,-999,1.0000
25975,-999,1.0000
25976,-999,1.0000
25977,-999,1.0000
25978,-999,1.0000
25979,-999,1.0000
25980,-999,1.0000
25981,-999,1.0000
25982,-999,1.0000
25983,-999,1.0000
25984,-999,1.0000
25985,-999,1.0000
25986,-999,1.0000
25987,-999,1.0000
25988,-999,1.0000
25989,-999,1.0000
25990,-999,1.0000
25991,-999,1.0000
25992,-999,1.0000
25993,-999,1.0000
25994,-999,1.0000
25995,-999,1.0000
25996,-999,1.0000
25997,5254,1.0000
25998,5254,1.0000
25999,5254,1.0000
26000,5254,1.0000
26001,5254,1.0000
26002,5254,1.0000
26003,5254,1.0000
26004,5254,1.0000
26005,5254,1.0000
26006,5254,1.0000
26007,5254,1.0000
26008,5254,1.0000
26009,5254,1.0000
26010,5254,1.0000
26011,5254,1.0000
26012,5254,1.0000
26013,5254,1.0000
26014,5254,1.0000
26015,5254,1.0000
26016,5254,1.0000
26017,5254,1.0000
26018,5254,1.0000
26019,5254,1.0000
26020,5254,1.0000
26021,5254,1.0000
26022,5254,1.0000
26023,5254,1.0000
26024,5254,1.0000
26025,5254,1.0000
26026,5254,1.0000
26027,5254,1.0000
26028,5254,1.0000
26029,5254,1.0000
26030,5254,1.0000
26031,5254,1.0000
26032,5254,1.0000
26033,5254,1.0000
26034,5254,1.0000
26035,5254,1.0000
26036,5254,1.0000
26037,5254,1.0000
26038,5254,1.0000
26039,5254,1.0000
26040,5254,1.0000
26041,5254,1.0000
26042,5254,1.0000
26043,5254,1.0000
26044,5254,1.0000
26045,5254,.3333
26045,5222,.6667
26046,5222,1.0000
26047,5222,1.0000
26048,5222,1.0000
26049,5222,1.0000
26050,5222,1.0000
26051,5222,1.0000
26052,5222,1.0000
26053,5222,1.0000
26054,5222,1.0000
26055,5222,1.0000
26056,5222,1.0000
26057,5222,1.0000
26058,5222,1.0000
26059,5222,1.0000
26060,5222,1.0000
26061,5222,1.0000
26062,5222,1.0000
26063,5222,1.0000
26064,5222,1.0000
26065,5222,1.0000
26066,5222,1.0000
26067,5222,1.0000
26068,5222,1.0000
26069,5222,1.0000
26070,5222,1.0000
26071,5222,1.0000
26072,5222,1.0000
26073,5222,1.0000
26074,5222,1.0000
26075,5222,1.0000
26076,5222,1.0000
26077,5222,1.0000
26078,5222,1.0000
26079,5222,1.0000
26080,5222,1.0000
26081,5222,1.0000
26082,5222,1.0000
26083,5222,1.0000
26084,5222,1.0000
26085,5222,1.0000
26086,5222,1.0000
26087,5222,1.0000
26088,5222,1.0000
26089,5222,1.0000
26090,5222,1.0000
26091,5222,1.0000
26092,5222,1.0000
26093,5222,1.0000
26094,5222,1.0000
26095,5222,1.0000
26096,5222,1.0000
26097,5222,1.0000
26098,5222,1.0000
26099,5222,1.0000
26100,5222,1.0000
26101,5222,1.0000
26102,5222,1.0000
26103,5222,1.0000
26104,5222,1.0000
26105,5222,1.0000
26106,5222,1.0000
26107,5222,1.0000
26108,5222,1.0000
26109,5222,.8750
26109,5254,.1250
26110,5222,.1000
26110,5254,.9000
26111,5254,1.0000
26112,5254,1.0000
26113,5254,1.0000
26114,5254,1.0000
26115,5254,1.0000
26116,5254,1.0000
26117,5254,1.0000
26118,5254,1.0000
26119,5254,1.0000
26120,5254,1.0000
26121,5254,1.0000
26122,5254,1.0000
26123,5254,1.0000
26124,5254,1.0000
26125,5254,1.0000
26126,5254,1.0000
26127,5254,1.0000
26128,5254,1.0000
26129,5254,1.0000
26130,5254,1.0000
26131,5254,1.0000
26132,5254,1.0000
26133,5254,1.0000
26134,5254,.6250
26134,-999,.3750
26135,5254,.1500
26135,-999,.8500
26136,-999,.8125
26136,5254,.1875
26137,-999,.1000
26137,5254,.9000
26138,5254,1.0000
26139,5254,.5500
26139,-999,.4500
26140,-999,1.0000
26141,-999,1.0000
26142,-999,.5625
26142,5254,.4375
26143,-999,.0500
26143,5254,.9500
26144,5254,1.0000
26145,5254,1.0000
26146,5254,1.0000
26147,5254,1.0000
26148,5254,1.0000
26149,5254,1.0000
26150,5254,1.0000
26151,5254,1.0000
26152,5254,1.0000
26153,5254,1.0000
26154,5254,1.0000
26155,5254,1.0000
26156,5254,1.0000
26157,5254,1.0000
26158,5254,1.0000
26159,5254,1.0000
26160,5254,1.0000
26161,5254,1.0000
26162,5254,1.0000
26163,5254,1.0000
26164,5254,1.0000
26165,5254,1.0000
26166,5254,1.0000
26167,5254,1.0000
26168,5254,1.0000
26169,5254,1.0000
26170,5254,1.0000
26171,5254,1.0000
26172,5254,1.0000
26173,5254,1.0000
26174,5254,1.0000
26175,5254,1.0000
26176,5254,.9500
26176,-999,.0500
26177,-999,.3200
26177,5254,.6800
26178,-999,.5500
26178,5254,.4500
26179,-999,.9048
26179,5254,.0952
26180,-999,1.0000
26181,-999,.9000
26181,5254,.1000
26182,5254,.8750
26182,-999,.1250
26183,5254,1.0000
26184,5254,1.0000
26185,5254,1.0000
26186,5254,1.0000
26187,5254,1.0000
26188,5254,.9130
26188,-999,.0870
26189,-999,.2727
26189,5254,.7273
26190,-999,.6667
26190,5254,.3333
26191,-999,1.0000
26192,-999,1.0000
26193,-999,1.0000
26194,-999,1.0000
26195,-999,1.0000
26196,-999,.7500
26196,5254,.2500
26197,-999,.6250
26197,5254,.3750
26198,-999,.8696
26198,5254,.1304
26199,-999,.8000
26199,5254,.2000
26200,-999,.3913
26200,5254,.6087
26201,-999,.7500
26201,5254,.2500
26202,-999,.5500
26202,5254,.4500
26203,5254,1.0000
26204,5254,1.0000
26205,5254,1.0000
26206,5254,.5000
26206,-999,.5000
26207,-999,1.0000
26208,-999,1.0000
26209,-999,1.0000
26210,-999,1.0000
26211,-999,1.0000
26212,-999,1.0000
26213,-999,1.0000
26214,-999,1.0000
26215,-999,.8125
26215,5254,.1875
26216,-999,.3500
26216,5254,.6500
26217,-999,.9500
26217,5254,.0500
26218,-999,1.0000
26219,-999,1.0000
26220,-999,1.0000
26221,-999,1.0000
26222,-999,1.0000
26223,-999,1.0000
26224,-999,1.0000
26225,-999,1.0000
26226,-999,1.0000
26227,-999,1.0000
26228,-999,1.0000
26229,-999,1.0000
26230,-999,1.0000
26231,-999,1.0000
26232,-999,1.0000
26233,-999,1.0000
26234,-999,1.0000
26235,-999,1.0000
26236,-999,1.0000
26237,-999,1.0000
26238,-999,1.0000
26239,-999,1.0000
26240,-999,1.0000
26241,-999,1.0000
26242,-999,1.0000
26243,-999,1.0000
26244,-999,1.0000
26245,-999,1.0000
26246,-999,1.0000
26247,-999,1.0000
26248,-999,1.0000
26249,-999,1.0000
26250,-999,1.0000
26251,-999,1.0000
26252,-999,1.0000
26253,-999,1.0000
26254,-999,1.0000
26255,-999,1.0000
26256,-999,1.0000
26257,-999,1.0000
26258,-999,1.0000
26259,-999,1.0000
26260,-999,1.0000
26261,-999,1.0000
26262,-999,1.0000
26263,-999,1.0000
26264,-999,1.0000
26265,5254,1.0000
26266,5254,1.0000
26267,5254,1.0000
26268,5254,1.0000
26269,5254,1.0000
26270,5254,1.0000
26271,5254,1.0000
26272,5254,1.0000
26273,5254,1.0000
26274,5254,1.0000
26275,5254,1.0000
26276,5254,1.0000
26277,5254,1.0000
26278,5254,1.0000
26279,5254,1.0000
26280,5254,1.0000
26281,5254,1.0000
26282,5254,1.0000
26283,5254,1.0000
26284,5254,1.0000
26285,5254,1.0000
26286,5254,1.0000
26287,5254,1.0000
26288,5254,1.0000
26289,5254,1.0000
26290,5254,1.0000
26291,5254,1.0000
26292,5254,1.0000
26293,5254,1.0000
26294,5254,1.0000
26295,5254,1.0000
26296,5254,1.0000
26297,5254,1.0000
26298,5254,1.0000
26299,5254,1.0000
26300,5254,1.0000
26301,5254,1.0000
26302,5254,1.0000
26303,5254,1.0000
26304,5254,1.0000
26305,5254,1.0000
26306,5254,1.0000
26307,5254,1.0000
26308,5254,1.0000
26309,5254,1.0000
26310,5254,1.0000
26311,5254,1.0000
26312,5254,1.0000
26313,5254,.2500
26313,5222,.7500
26314,5222,1.0000
26315,5222,1.0000
26316,5222,1.0000
26317,5222,1.0000
26318,5222,1.0000
26319,5222,1.0000
26320,5222,1.0000
26321,5222,1.0000
26322,5222,1.0000
26323,5222,1.0000
26324,5222,1.0000
26325,5222,1.0000
26326,5222,1.0000
26327,5222,1.0000
26328,5222,1.0000
26329,5222,1.0000
26330,5222,1.0000
26331,5222,1.0000
26332,5222,1.0000
26333,5222,1.0000
26334,5222,1.0000
26335,5222,1.0000
26336,5222,1.0000
26337,5222,1.0000
26338,5222,1.0000
26339,5222,1.0000
26340,5222,1.0000
26341,5222,1.0000
26342,5222,1.0000
26343,5222,1.0000
26344,5222,1.0000
26345,5222,1.0000
26346,5222,1.0000
26347,5222,1.0000
26348,5222,1.0000
26349,5222,1.0000
26350,5222,1.0000
26351,5222,1.0000
26352,5222,1.0000
26353,5222,1.0000
26354,5222,1.0000
26355,5222,1.0000
26356,5222,1.0000
26357,5222,1.0000
26358,5222,1.0000
26359,5222,1.0000
26360,5222,1.0000
26361,5222,1.0000
26362,5222,1.0000
26363,5222,1.0000
26364,5222,1.0000
26365,5222,1.0000
26366,5222,1.0000
26367,5222,1.0000
26368,5222,1.0000
26369,5222,1.0000
26370,5222,1.0000
26371,5222,1.0000
26372,5222,1.0000
26373,5222,1.0000
26374,5222,1.0000
26375,5222,1.0000
26376,5222,1.0000
26377,5222,.6875
26377,5254,.3125
26378,5254,1.0000
26379,5254,1.0000
26380,5254,1.0000
26381,5254,1.0000
26382,5254,1.0000
26383,5254,1.0000
26384,5254,1.0000
26385,5254,1.0000
26386,5254,1.0000
26387,5254,1.0000
26388,5254,1.0000
26389,5254,1.0000
26390,5254,1.0000
26391,5254,1.0000
26392,5254,1.0000
26393,5254,1.0000
26394,5254,1.0000
26395,5254,1.0000
26396,5254,1.0000
26397,5254,1.0000
26398,5254,1.0000
26399,5254,1.0000
26400,5254,.9545
26400,-999,.0455
26401,5254,.5833
26401,-999,.4167
26402,5254,.2632
26402,-999,.7368
26403,-999,.3000
26403,5254,.7000
26404,5254,.7500
26404,-999,.2500
26405,5254,.9000
26405,-999,.1000
26406,5254,.4375
26406,-999,.5625
26407,5254,.1000
26407,-999,.9000
26408,-999,.8125
26408,5254,.1875
26409,-999,.8500
26409,5254,.1500
26410,-999,.1875
26410,5254,.8125
26411,5254,1.0000
26412,5254,1.0000
26413,5254,1.0000
26414,5254,1.0000
26415,5254,1.0000
26416,5254,1.0000
26417,5254,1.0000
26418,5254,1.0000
26419,5254,1.0000
26420,5254,1.0000
26421,5254,1.0000
26422,5254,1.0000
26423,5254,1.0000
26424,5254,1.0000
26425,5254,1.0000
26426,5254,1.0000
26427,5254,1.0000
26428,5254,1.0000
26429,5254,1.0000
26430,5254,1.0000
26431,5254,1.0000
26432,5254,1.0000
26433,5254,1.0000
26434,5254,1.0000
26435,5254,1.0000
26436,5254,1.0000
26437,5254,1.0000
26438,5254,1.0000
26439,5254,1.0000
26440,5254,1.0000
26441,5254,1.0000
26442,5254,1.0000
26443,5254,1.0000
26444,5254,1.0000
26445,5254,1.0000
26446,5254,1.0000
26447,5254,.8000
26447,-999,.2000
26448,-999,.5000
26448,5254,.5000
26449,-999,.3043
26449,5254,.6957
26450,5254,1.0000
26451,5254,1.0000
26452,5254,1.0000
26453,5254,1.0000
26454,5254,1.0000
26455,5254,1.0000
26456,5254,1.0000
26457,5254,1.0000
26458,5254,.9474
26458,-999,.0526
26459,-999,.2000
26459,5254,.8000
26460,-999,.3684
26460,5254,.6316
26461,-999,.6000
26461,5254,.4000
26462,-999,.9412
26462,5254,.0588
26463,-999,1.0000
26464,-999,.6667
26464,5254,.3333
26465,5254,.8421
26465,-999,.1579
26466,5254,.8889
26466,-999,.1111
26467,-999,.0526
26467,5254,.9474
26468,5254,1.0000
26469,5254,.9545
26469,-999,.0455
26470,-999,.0870
26470,5254,.9130
26471,5254,1.0000
26472,5254,1.0000
26473,5254,1.0000
26474,5254,.7500
26474,-999,.2500
26475,-999,.9375
26475,5254,.0625
26476,-999,1.0000
26477,-999,1.0000
26478,-999,1.0000
26479,-999,1.0000
26480,-999,1.0000
26481,-999,1.0000
26482,-999,1.0000
26483,-999,.6875
26483,5254,.3125
26484,5254,.6500
26484,-999,.3500
26485,5254,.6875
26485,-999,.3125
26486,-999,.7727
26486,5254,.2273
26487,-999,1.0000
26488,-999,1.0000
26489,-999,1.0000
26490,-999,1.0000
26491,-999,1.0000
26492,-999,1.0000
26493,-999,1.0000
26494,-999,1.0000
26495,-999,1.0000
26496,-999,1.0000
26497,-999,1.0000
26498,-999,1.0000
26499,-999,1.0000
26500,-999,1.0000
26501,-999,1.0000
26502,-999,1.0000
26503,-999,1.0000
26504,-999,1.0000
26505,-999,1.0000
26506,-999,1.0000
26507,-999,1.0000
26508,-999,1.0000
26509,-999,1.0000
26510,-999,1.0000
26511,-999,1.0000
26512,-999,1.0000
26513,-999,1.0000
26514,-999,1.0000
26515,-999,1.0000
26516,-999,1.0000
26517,-999,1.0000
26518,-999,1.0000
26519,-999,1.0000
26520,-999,1.0000
26521,-999,1.0000
26522,-999,1.0000
26523,-999,1.0000
26524,-999,1.0000
26525,-999,1.0000
26526,-999,1.0000
26527,-999,1.0000
26528,-999,1.0000
26529,-999,1.0000
26530,-999,1.0000
26531,-999,1.0000
26532,-999,1.0000
26533,5254,1.0000
26534,5254,1.0000
26535,5254,1.0000
26536,5254,1.0000
26537,5254,1.0000
26538,5254,1.0000
26539,5254,1.0000
26540,5254,1.0000
26541,5254,1.0000
26542,5254,1.0000
26543,5254,1.0000
26544,5254,1.0000
26545,5254,1.0000
26546,5254,1.0000
26547,5254,1.0000
26548,5254,1.0000
26549,5254,1.0000
26550,5254,1.0000
26551,5254,1.0000
26552,5254,1.0000
26553,5254,1.0000
26554,5254,1.0000
26555,5254,1.0000
26556,5254,1.0000
26557,5254,1.0000
26558,5254,1.0000
26559,5254,1.0000
26560,5254,1.0000
26561,5254,1.0000
26562,5254,1.0000
26563,5254,1.0000
26564,5254,1.0000
26565,5254,1.0000
26566,5254,1.0000
26567,5254,1.0000
26568,5254,1.0000
26569,5254,1.0000
26570,5254,1.0000
26571,5254,1.0000
26572,5254,1.0000
26573,5254,1.0000
26574,5254,1.0000
26575,5254,1.0000
26576,5254,1.0000
26577,5254,1.0000
26578,5254,1.0000
26579,5254,1.0000
26580,5254,1.0000
26581,5254,.4375
26581,5222,.5625
26582,5222,1.0000
26583,5222,1.0000
26584,5222,1.0000
26585,5222,1.0000
26586,5222,1.0000
26587,5222,1.0000
26588,5222,1.0000
26589,5222,1.0000
26590,5222,1.0000
26591,5222,1.0000
26592,5222,1.0000
26593,5222,1.0000
26594,5222,1.0000
26595,5222,1.0000
26596,5222,1.0000
26597,5222,1.0000
26598,5222,1.0000
26599,5222,1.0000
26600,5222,1.0000
26601,5222,1.0000
26602,5222,1.0000
26603,5222,1.0000
26604,5222,1.0000
26605,5222,1.0000
26606,5222,1.0000
26607,5222,1.0000
26608,5222,1.0000
26609,5222,1.0000
26610,5222,1.0000
26611,5222,1.0000
26612,5222,1.0000
26613,5222,1.0000
26614,5222,1.0000
26615,5222,1.0000
26616,5222,1.0000
26617,5222,1.0000
26618,5222,1.0000
26619,5222,1.0000
26620,5222,1.0000
26621,5222,1.0000
26622,5222,1.0000
26623,5222,1.0000
26624,5222,1.0000
26625,5222,1.0000
26626,5222,1.0000
26627,5222,1.0000
26628,5222,1.0000
26629,5222,1.0000
26630,5222,1.0000
26631,5222,1.0000
26632,5222,1.0000
26633,5222,1.0000
26634,5222,1.0000
26635,5222,1.0000
26636,5222,1.0000
26637,5222,1.0000
26638,5222,1.0000
26639,5222,1.0000
26640,5222,1.0000
26641,5222,1.0000
26642,5222,1.0000
26643,5222,1.0000
26644,5222,.9200
26644,5254,.0800
26645,5222,.2500
26645,5254,.7500
26646,5254,1.0000
26647,5254,1.0000
26648,5254,1.0000
26649,5254,1.0000
26650,5254,1.0000
26651,5254,1.0000
26652,5254,1.0000
26653,5254,1.0000
26654,5254,1.0000
26655,5254,1.0000
26656,5254,1.0000
26657,5254,1.0000
26658,5254,1.0000
26659,5254,1.0000
26660,5254,1.0000
26661,5254,1.0000
26662,5254,1.0000
26663,5254,1.0000
26664,5254,1.0000
26665,5254,.8750
26665,-999,.1250
26666,5254,.8500
26666,-999,.1500
26667,5254,1.0000
26668,5254,.5500
26668,-999,.4500
26669,-999,.8125
26669,5254,.1875
26670,5254,.9091
26670,-999,.0909
26671,5254,1.0000
26672,5254,.9565
26672,-999,.0435
26673,5254,.3913
26673,-999,.6087
26674,-999,1.0000
26675,-999,1.0000
26676,-999,.7059
26676,5254,.2941
26677,5254,.5000
26677,-999,.5000
26678,5254,1.0000
26679,5254,1.0000
26680,5254,1.0000
26681,5254,1.0000
26682,5254,1.0000
26683,5254,1.0000
26684,5254,1.0000
26685,5254,1.0000
26686,5254,1.0000
26687,5254,1.0000
26688,5254,1.0000
26689,5254,1.0000
26690,5254,1.0000
26691,5254,1.0000
26692,5254,1.0000
26693,5254,1.0000
26694,5254,1.0000
26695,5254,1.0000
26696,5254,1.0000
26697,5254,1.0000
26698,5254,1.0000
26699,5254,1.0000
26700,5254,1.0000
26701,5254,1.0000
26702,5254,1.0000
26703,5254,1.0000
26704,5254,1.0000
26705,5254,1.0000
26706,5254,1.0000
26707,5254,1.0000
26708,5254,1.0000
26709,5254,1.0000
26710,5254,1.0000
26711,5254,1.0000
26712,5254,1.0000
26713,5254,1.0000
26714,5254,1.0000
26715,5254,1.0000
26716,5254,1.0000
26717,5254,1.0000
26718,5254,1.0000
26719,5254,1.0000
26720,5254,1.0000
26721,5254,1.0000
26722,5254,1.0000
26723,5254,1.0000
26724,5254,1.0000
26725,5254,1.0000
26726,5254,1.0000
26727,5254,1.0000
26728,5254,1.0000
26729,5254,1.0000
26730,5254,.7500
26730,-999,.2500
26731,-999,.4762
26731,5254,.5238
26732,-999,.5625
26732,5254,.4375
26733,-999,.7000
26733,5254,.3000
26734,5254,.6875
26734,-999,.3125
26735,5254,.9000
26735,-999,.1000
26736,5254,1.0000
26737,5254,1.0000
26738,5254,1.0000
26739,5254,1.0000
26740,5254,1.0000
26741,5254,1.0000
26742,5254,.8824
26742,-999,.1176
26743,5254,.1053
26743,-999,.8947
26744,-999,1.0000
26745,-999,1.0000
26746,-999,1.0000
26747,-999,1.0000
26748,-999,1.0000
26749,-999,1.0000
26750,-999,.9474
26750,5254,.0526
26751,-999,.6471
26751,5254,.3529
26752,-999,.3500
26752,5254,.6500
26753,5254,1.0000
26754,5254,.9500
26754,-999,.0500
26755,-999,.2941
26755,5254,.7059
26756,-999,.6818
26756,5254,.3182
26757,-999,.9524
26757,5254,.0476
26758,-999,1.0000
26759,-999,1.0000
26760,-999,1.0000
26761,-999,1.0000
26762,-999,1.0000
26763,-999,1.0000
26764,-999,1.0000
26765,-999,1.0000
26766,-999,1.0000
26767,-999,1.0000
26768,-999,1.0000
26769,-999,1.0000
26770,-999,1.0000
26771,-999,1.0000
26772,-999,1.0000
26773,-999,1.0000
26774,-999,1.0000
26775,-999,1.0000
26776,-999,1.0000
26777,-999,1.0000
26778,-999,1.0000
26779,-999,1.0000
26780,-999,1.0000
26781,-999,1.0000
26782,-999,1.0000
26783,-999,1.0000
26784,-999,1.0000
26785,-999,1.0000
26786,-999,1.0000
26787,-999,1.0000
26788,-999,1.0000
26789,-999,1.0000
26790,-999,1.0000
26791,-999,1.0000
26792,-999,1.0000
26793,-999,1.0000
26794,-999,1.0000
26795,-999,1.0000
26796,-999,1.0000
26797,-999,1.0000
26798,-999,1.0000
26799,-999,1.0000
26800,-999,1.0000
26801,5254,1.0000
26802,5254,1.0000
26803,5254,1.0000
26804,5254,1.0000
26805,5254,1.0000
26806,5254,1.0000
26807,5254,1.0000
26808,5254,1.0000
26809,5254,1.0000
26810,5254,1.0000
26811,5254,1.0000
26812,5254,1.0000
26813,5254,1.0000
26814,5254,1.0000
26815,5254,1.0000
26816,5254,1.0000
26817,5254,1.0000
26818,5254,1.0000
26819,5254,1.0000
26820,5254,1.0000
26821,5254,1.0000
26822,5254,1.0000
26823,5254,1.0000
26824,5254,1.0000
26825,5254,1.0000
26826,5254,1.0000
26827,5254,1.0000
26828,5254,1.0000
26829,5254,1.0000
26830,5254,1.0000
26831,5254,1.0000
26832,5254,1.0000
26833,5254,1.0000
26834,5254,1.0000
26835,5254,1.0000
26836,5254,1.0000
26837,5254,1.0000
26838,5254,1.0000
26839,5254,1.0000
26840,5254,1.0000
26841,5254,1.0000
26842,5254,1.0000
26843,5254,1.0000
26844,5254,1.0000
26845,5254,1.0000
26846,5254,1.0000
26847,5254,1.0000
26848,5254,1.0000
26849,5254,.7500
26849,5222,.2500
26850,5222,.9500
26850,5254,.0500
26851,5222,1.0000
26852,5222,1.0000
26853,5222,1.0000
26854,5222,1.0000
26855,5222,1.0000
26856,5222,1.0000
26857,5222,1.0000
26858,5222,1.0000
26859,5222,1.0000
26860,5222,1.0000
26861,5222,1.0000
26862,5222,1.0000
26863,5222,1.0000
26864,5222,1.0000
26865,5222,1.0000
26866,5222,1.0000
26867,5222,1.0000
26868,5222,1.0000
26869,5222,1.0000
26870,5222,1.0000
26871,5222,1.0000
26872,5222,1.0000
26873,5222,1.0000
26874,5222,1.0000
26875,5222,1.0000
26876,5222,1.0000
26877,5222,1.0000
26878,5222,1.0000
26879,5222,1.0000
26880,5222,1.0000
26881,5222,1.0000
26882,5222,1.0000
26883,5222,1.0000
26884,5222,1.0000
26885,5222,1.0000
26886,5222,1.0000
26887,5222,1.0000
26888,5222,1.0000
26889,5222,1.0000
26890,5222,1.0000
26891,5222,1.0000
26892,5222,1.0000
26893,5222,1.0000
26894,5222,1.0000
26895,5222,1.0000
26896,5222,1.0000
26897,5222,1.0000
26898,5222,1.0000
26899,5222,1.0000
26900,5222,1.0000
26901,5222,1.0000
26902,5222,1.0000
26903,5222,1.0000
26904,5222,1.0000
26905,5222,1.0000
26906,5222,1.0000
26907,5222,1.0000
26908,5222,1.0000
26909,5222,1.0000
26910,5222,1.0000
26911,5222,1.0000
26912,5222,.7500
26912,5254,.2500
26913,5254,1.0000
26914,5254,1.0000
26915,5254,1.0000
26916,5254,1.0000
26917,5254,1.0000
26918,5254,1.0000
26919,5254,1.0000
26920,5254,1.0000
26921,5254,1.0000
26922,5254,1.0000
26923,5254,1.0000
26924,5254,1.0000
26925,5254,1.0000
26926,5254,1.0000
26927,5254,1.0000
26928,5254,1.0000
26929,5254,1.0000
26930,5254,1.0000
26931,5254,.8125
26931,-999,.1875
26932,5254,.6500
26932,-999,.3500
26933,5254,.5625
26933,-999,.4375
26934,-999,.4500
26934,5254,.5500
26935,5254,.3750
26935,-999,.6250
26936,5254,.1000
26936,-999,.9000
26937,-999,.4375
26937,5254,.5625
26938,5254,1.0000
26939,5254,.8125
26939,-999,.1875
26940,5254,.5500
26940,-999,.4500
26941,-999,1.0000
26942,-999,1.0000
26943,-999,1.0000
26944,-999,.4400
26944,5254,.5600
26945,-999,.0500
26945,5254,.9500
26946,5254,1.0000
26947,5254,1.0000
26948,5254,1.0000
26949,5254,1.0000
26950,5254,1.0000
26951,5254,1.0000
26952,5254,1.0000
26953,5254,1.0000
26954,5254,1.0000
26955,5254,1.0000
26956,5254,1.0000
26957,5254,1.0000
26958,5254,1.0000
26959,5254,1.0000
26960,5254,1.0000
26961,5254,1.0000
26962,5254,1.0000
26963,5254,1.0000
26964,5254,1.0000
26965,5254,1.0000
26966,5254,1.0000
26967,5254,1.0000
26968,5254,1.0000
26969,5254,1.0000
26970,5254,1.0000
26971,5254,1.0000
26972,5254,1.0000
26973,5254,1.0000
26974,5254,1.0000
26975,5254,1.0000
26976,5254,1.0000
26977,5254,1.0000
26978,5254,1.0000
26979,5254,1.0000
26980,5254,1.0000
26981,5254,1.0000
26982,5254,1.0000
26983,5254,1.0000
26984,5254,1.0000
26985,5254,1.0000
26986,5254,1.0000
26987,5254,1.0000
26988,5254,1.0000
26989,5254,1.0000
26990,5254,1.0000
26991,5254,1.0000
26992,5254,1.0000
26993,5254,1.0000
26994,5254,1.0000
26995,5254,1.0000
26996,5254,1.0000
26997,5254,1.0000
26998,5254,1.0000
26999,5254,1.0000
27000,5254,1.0000
27001,5254,.3182
27001,-999,.6818
27002,-999,1.0000
27003,-999,.4000
27003,5254,.6000
27004,5254,1.0000
27005,5254,1.0000
27006,5254,1.0000
27007,5254,1.0000
27008,5254,.9412
27008,-999,.0588
27009,5254,.6400
27009,-999,.3600
27010,5254,.4000
27010,-999,.6000
27011,-999,.7619
27011,5254,.2381
27012,-999,1.0000
27013,-999,1.0000
27014,-999,1.0000
27015,-999,1.0000
27016,-999,.8750
27016,5254,.1250
27017,-999,.5714
27017,5254,.4286
27018,-999,.4000
27018,5254,.6000
27019,5254,1.0000
27020,5254,1.0000
27021,5254,1.0000
27022,5254,1.0000
27023,5254,1.0000
27024,5254,.8824
27024,-999,.1176
27025,-999,.3000
27025,5254,.7000
27026,-999,.6000
27026,5254,.4000
27027,-999,.9167
27027,5254,.0833
27028,-999,1.0000
27029,-999,.7778
27029,5254,.2222
27030,-999,.9474
27030,5254,.0526
27031,-999,1.0000
27032,-999,1.0000
27033,-999,1.0000
27034,-999,1.0000
27035,-999,1.0000
27036,-999,1.0000
27037,-999,1.0000
27038,-999,1.0000
27039,-999,1.0000
27040,-999,1.0000
27041,-999,1.0000
27042,-999,1.0000
27043,-999,1.0000
27044,-999,1.0000
27045,-999,1.0000
27046,-999,1.0000
27047,-999,1.0000
27048,-999,1.0000
27049,-999,1.0000
27050,-999,1.0000
27051,-999,1.0000
27052,-999,1.0000
27053,-999,1.0000
27054,-999,1.0000
27055,-999,1.0000
27056,-999,1.0000
27057,-999,1.0000
27058,-999,1.0000
27059,-999,1.0000
27060,-999,1.0000
27061,-999,1.0000
27062,-999,1.0000
27063,-999,1.0000
27064,-999,1.0000
27065,-999,1.0000
27066,-999,1.0000
27067,-999,1.0000
27068,-999,1.0000
27069,5254,1.0000
27070,5254,1.0000
27071,5254,1.0000
27072,5254,1.0000
27073,5254,1.0000
27074,5254,1.0000
27075,5254,1.0000
27076,5254,1.0000
27077,5254,1.0000
27078,5254,1.0000
27079,5254,1.0000
27080,5254,1.0000
27081,5254,1.0000
27082,5254,1.0000
27083,5254,1.0000
27084,5254,1.0000
27085,5254,1.0000
27086,5254,1.0000
27087,5254,1.0000
27088,5254,1.0000
27089,5254,1.0000
27090,5254,1.0000
27091,5254,1.0000
27092,5254,1.0000
27093,5254,1.0000
27094,5254,1.0000
27095,5254,1.0000
27096,5254,1.0000
27097,5254,1.0000
27098,5254,1.0000
27099,5254,1.0000
27100,5254,1.0000
27101,5254,1.0000
27102,5254,1.0000
27103,5254,1.0000
27104,5254,1.0000
27105,5254,1.0000
27106,5254,1.0000
27107,5254,1.0000
27108,5254,1.0000
27109,5254,1.0000
27110,5254,1.0000
27111,5254,1.0000
27112,5254,1.0000
27113,5254,1.0000
27114,5254,1.0000
27115,5254,1.0000
27116,5254,1.0000
27117,5254,1.0000
27118,5254,.5600
27118,5222,.4400
27119,5222,.9000
27119,5254,.1000
27120,5222,1.0000
27121,5222,1.0000
27122,5222,1.0000
27123,5222,1.0000
27124,5222,1.0000
27125,5222,1.0000
27126,5222,1.0000
27127,5222,1.0000
27128,5222,1.0000
27129,5222,1.0000
27130,5222,1.0000
27131,5222,1.0000
27132,5222,1.0000
27133,5222,1.0000
27134,5222,1.0000
27135,5222,1.0000
27136,5222,1.0000
27137,5222,1.0000
27138,5222,1.0000
27139,5222,1.0000
27140,5222,1.0000
27141,5222,1.0000
27142,5222,1.0000
27143,5222,1.0000
27144,5222,1.0000
27145,5222,1.0000
27146,5222,1.0000
27147,5222,1.0000
27148,5222,1.0000
27149,5222,1.0000
27150,5222,1.0000
27151,5222,1.0000
27152,5222,1.0000
27153,5222,1.0000
27154,5222,1.0000
27155,5222,1.0000
27156,5222,1.0000
27157,5222,1.0000
27158,5222,1.0000
27159,5222,1.0000
27160,5222,1.0000
27161,5222,1.0000
27162,5222,1.0000
27163,5222,1.0000
27164,5222,1.0000
27165,5222,1.0000
27166,5222,1.0000
27167,5222,1.0000
27168,5222,1.0000
27169,5222,1.0000
27170,5222,1.0000
27171,5222,1.0000
27172,5222,1.0000
27173,5222,1.0000
27174,5222,1.0000
27175,5222,1.0000
27176,5222,1.0000
27177,5222,1.0000
27178,5222,1.0000
27179,5222,1.0000
27180,5222,.8000
27180,5254,.2000
27181,5254,.9375
27181,5222,.0625
27182,5254,1.0000
27183,5254,1.0000
27184,5254,1.0000
27185,5254,1.0000
27186,5254,1.0000
27187,5254,1.0000
27188,5254,1.0000
27189,5254,1.0000
27190,5254,1.0000
27191,5254,1.0000
27192,5254,1.0000
27193,5254,1.0000
27194,5254,1.0000
27195,5254,1.0000
27196,5254,1.0000
27197,5254,1.0000
27198,5254,1.0000
27199,5254,.8125
27199,-999,.1875
27200,-999,.1000
27200,5254,.9000
27201,5254,1.0000
27202,5254,1.0000
27203,5254,.8750
27203,-999,.1250
27204,-999,.3000
27204,5254,.7000
27205,-999,.6250
27205,5254,.3750
27206,5254,.4000
27206,-999,.6000
27207,5254,.4375
27207,-999,.5625
27208,-999,.8000
27208,5254,.2000
27209,-999,1.0000
27210,-999,1.0000
27211,-999,1.0000
27212,-999,.4500
27212,5254,.5500
27213,5254,1.0000
27214,5254,1.0000
27215,5254,1.0000
27216,5254,1.0000
27217,5254,1.0000
27218,5254,1.0000
27219,5254,1.0000
27220,5254,1.0000
27221,5254,1.0000
27222,5254,1.0000
27223,5254,1.0000
27224,5254,1.0000
27225,5254,1.0000
27226,5254,1.0000
27227,5254,1.0000
27228,5254,1.0000
27229,5254,1.0000
27230,5254,1.0000
27231,5254,1.0000
27232,5254,1.0000
27233,5254,1.0000
27234,5254,1.0000
27235,5254,1.0000
27236,5254,1.0000
27237,5254,1.0000
27238,5254,1.0000
27239,5254,1.0000
27240,5254,1.0000
27241,5254,1.0000
27242,5254,1.0000
27243,5254,1.0000
27244,5254,1.0000
27245,5254,1.0000
27246,5254,1.0000
27247,5254,1.0000
27248,5254,1.0000
27249,5254,1.0000
27250,5254,1.0000
27251,5254,1.0000
27252,5254,1.0000
27253,5254,1.0000
27254,5254,1.0000
27255,5254,1.0000
27256,5254,1.0000
27257,5254,1.0000
27258,5254,1.0000
27259,5254,1.0000
27260,5254,1.0000
27261,5254,1.0000
27262,5254,1.0000
27263,5254,1.0000
27264,5254,1.0000
27265,5254,1.0000
27266,5254,1.0000
27267,5254,1.0000
27268,5254,1.0000
27269,5254,.8333
27269,-999,.1667
27270,-999,.7500
27270,5254,.2500
27271,-999,.2609
27271,5254,.7391
27272,5254,1.0000
27273,5254,1.0000
27274,5254,1.0000
27275,5254,1.0000
27276,5254,1.0000
27277,5254,.5000
27277,-999,.5000
27278,5254,.2353
27278,-999,.7647
27279,5254,.8000
27279,-999,.2000
27280,-999,.5500
27280,5254,.4500
27281,-999,.9048
27281,5254,.0952
27282,-999,1.0000
27283,-999,.8000
27283,5254,.2000
27284,-999,.1875
27284,5254,.8125
27285,5254,1.0000
27286,5254,1.0000
27287,5254,1.0000
27288,5254,1.0000
27289,5254,1.0000
27290,5254,1.0000
27291,5254,1.0000
27292,5254,1.0000
27293,5254,1.0000
27294,5254,1.0000
27295,5254,.8500
27295,-999,.1500
27296,-999,.5789
27296,5254,.4211
27297,-999,.3200
27297,5254,.6800
27298,5254,.8235
27298,-999,.1765
27299,-999,.6000
27299,5254,.4000
27300,-999,1.0000
27301,-999,1.0000
27302,-999,1.0000
27303,-999,1.0000
27304,-999,1.0000
27305,-999,1.0000
27306,-999,1.0000
27307,-999,1.0000
27308,-999,1.0000
27309,-999,1.0000
27310,-999,1.0000
27311,-999,1.0000
27312,-999,1.0000
27313,-999,1.0000
27314,-999,1.0000
27315,-999,1.0000
27316,-999,1.0000
27317,-999,1.0000
27318,-999,1.0000
27319,-999,1.0000
27320,-999,1.0000
27321,-999,1.0000
27322,-999,1.0000
27323,-999,1.0000
27324,-999,1.0000
27325,-999,1.0000
27326,-999,1.0000
27327,-999,1.0000
27328,-999,1.0000
27329,-999,1.0000
27330,-999,1.0000
27331,-999,1.0000
27332,-999,1.0000
27333,-999,1.0000
27334,-999,1.0000
27335,-999,1.0000
27336,-999,1.0000
27337,5254,1.0000
27338,5254,1.0000
27339,5254,1.0000
27340,5254,1.0000
27341,5254,1.0000
27342,5254,1.0000
27343,5254,1.0000
27344,5254,1.0000
27345,5254,1.0000
27346,5254,1.0000
27347,5254,1.0000
27348,5254,1.0000
27349,5254,1.0000
27350,5254,1.0000
27351,5254,1.0000
27352,5254,1.0000
27353,5254,1.0000
27354,5254,1.0000
27355,5254,1.0000
27356,5254,1.0000
27357,5254,1.0000
27358,5254,1.0000
27359,5254,1.0000
27360,5254,1.0000
27361,5254,1.0000
27362,5254,1.0000
27363,5254,1.0000
27364,5254,1.0000
27365,5254,1.0000
27366,5254,1.0000
27367,5254,1.0000
27368,5254,1.0000
27369,5254,1.0000
27370,5254,1.0000
27371,5254,1.0000
27372,5254,1.0000
27373,5254,1.0000
27374,5254,1.0000
27375,5254,1.0000
27376,5254,1.0000
27377,5254,1.0000
27378,5254,1.0000
27379,5254,1.0000
27380,5254,1.0000
27381,5254,1.0000
27382,5254,1.0000
27383,5254,1.0000
27384,5254,1.0000
27385,5254,1.0000
27386,5254,1.0000
27387,5254,.8750
27387,5222,.1250
27388,5222,.4500
27388,5254,.5500
27389,5222,.6250
27389,5254,.3750
27390,5222,.5500
27390,5254,.4500
27391,5222,.9375
27391,5254,.0625
27392,5222,1.0000
27393,5222,1.0000
27394,5222,1.0000
27395,5222,1.0000
27396,5222,1.0000
27397,5222,1.0000
27398,5222,1.0000
27399,5222,1.0000
27400,5222,1.0000
27401,5222,1.0000
27402,5222,1.0000
27403,5222,1.0000
27404,5222,1.0000
27405,5222,1.0000
27406,5222,1.0000
27407,5222,1.0000
27408,5222,1.0000
27409,5222,1.0000
27410,5222,1.0000
27411,5222,1.0000
27412,5222,1.0000
27413,5222,1.0000
27414,5222,1.0000
27415,5222,1.0000
27416,5222,1.0000
27417,5222,1.0000
27418,5222,1.0000
27419,5222,1.0000
27420,5222,1.0000
27421,5222,1.0000
27422,5222,1.0000
27423,5222,1.0000
27424,5222,1.0000
27425,5222,1.0000
27426,5222,1.0000
27427,5222,1.0000
27428,5222,1.0000
27429,5222,1.0000
27430,5222,1.0000
27431,5222,1.0000
27432,5222,1.0000
27433,5222,1.0000
27434,5222,1.0000
27435,5222,1.0000
27436,5222,1.0000
27437,5222,1.0000
27438,5222,1.0000
27439,5222,1.0000
27440,5222,1.0000
27441,5222,1.0000
27442,5222,1.0000
27443,5222,1.0000
27444,5222,1.0000
27445,5222,1.0000
27446,5222,1.0000
27447,5222,1.0000
27448,5222,.9000
27448,5254,.1000
27449,5222,.1250
27449,5254,.8750
27450,5254,1.0000
27451,5254,1.0000
27452,5254,1.0000
27453,5254,1.0000
27454,5254,1.0000
27455,5254,1.0000
27456,5254,1.0000
27457,5254,1.0000
27458,5254,1.0000
27459,5254,1.0000
27460,5254,1.0000
27461,5254,1.0000
27462,5254,1.0000
27463,5254,1.0000
27464,5254,1.0000
27465,5254,1.0000
27466,5254,1.0000
27467,5254,1.0000
27468,5254,1.0000
27469,5254,1.0000
27470,5254,1.0000
27471,5254,1.0000
27472,5254,1.0000
27473,5254,1.0000
27474,5254,.9000
27474,-999,.1000
27475,5254,1.0000
27476,5254,.4000
27476,-999,.6000
27477,-999,1.0000
27478,-999,1.0000
27479,-999,1.0000
27480,-999,.6500
27480,5254,.3500
27481,5254,1.0000
27482,5254,1.0000
27483,5254,1.0000
27484,5254,1.0000
27485,5254,1.0000
27486,5254,1.0000
27487,5254,1.0000
27488,5254,1.0000
27489,5254,1.0000
27490,5254,1.0000
27491,5254,1.0000
27492,5254,1.0000
27493,5254,1.0000
27494,5254,1.0000
27495,5254,1.0000
27496,5254,1.0000
27497,5254,1.0000
27498,5254,1.0000
27499,5254,1.0000
27500,5254,1.0000
27501,5254,1.0000
27502,5254,1.0000
27503,5254,1.0000
27504,5254,1.0000
27505,5254,1.0000
27506,5254,1.0000
27507,5254,1.0000
27508,5254,1.0000
27509,5254,1.0000
27510,5254,1.0000
27511,5254,1.0000
27512,5254,1.0000
27513,5254,1.0000
27514,5254,1.0000
27515,5254,1.0000
27516,5254,1.0000
27517,5254,1.0000
27518,5254,1.0000
27519,5254,1.0000
27520,5254,1.0000
27521,5254,1.0000
27522,5254,1.0000
27523,5254,1.0000
27524,5254,1.0000
27525,5254,1.0000
27526,5254,1.0000
27527,5254,1.0000
27528,5254,1.0000
27529,5254,1.0000
27530,5254,1.0000
27531,5254,1.0000
27532,5254,1.0000
27533,5254,1.0000
27534,5254,1.0000
27535,5254,1.0000
27536,5254,1.0000
27537,5254,1.0000
27538,5254,.8824
27538,-999,.1176
27539,5254,.9130
27539,-999,.0870
27540,5254,1.0000
27541,5254,1.0000
27542,5254,.8125
27542,-999,.1875
27543,5254,.5000
27543,-999,.5000
27544,5254,.6875
27544,-999,.3125
27545,5254,.6000
27545,-999,.4000
27546,-999,.2500
27546,5254,.7500
27547,-999,.2000
27547,5254,.8000
27548,5254,1.0000
27549,5254,.8400
27549,-999,.1600
27550,-999,.2500
27550,5254,.7500
27551,-999,.5238
27551,5254,.4762
27552,5254,.8125
27552,-999,.1875
27553,5254,1.0000
27554,5254,1.0000
27555,5254,1.0000
27556,5254,1.0000
27557,5254,1.0000
27558,5254,1.0000
27559,5254,1.0000
27560,5254,1.0000
27561,5254,1.0000
27562,5254,1.0000
27563,5254,1.0000
27564,5254,.9375
27564,-999,.0625
27565,-999,.5500
27565,5254,.4500
27566,5254,.9000
27566,-999,.1000
27567,5254,.9583
27567,-999,.0417
27568,-999,.6250
27568,5254,.3750
27569,-999,1.0000
27570,-999,1.0000
27571,-999,1.0000
27572,-999,1.0000
27573,-999,1.0000
27574,-999,1.0000
27575,-999,1.0000
27576,-999,1.0000
27577,-999,1.0000
27578,-999,1.0000
27579,-999,1.0000
27580,-999,1.0000
27581,-999,1.0000
27582,-999,1.0000
27583,-999,1.0000
27584,-999,1.0000
27585,-999,1.0000
27586,-999,1.0000
27587,-999,1.0000
27588,-999,1.0000
27589,-999,1.0000
27590,-999,1.0000
27591,-999,1.0000
27592,-999,1.0000
27593,-999,1.0000
27594,-999,1.0000
27595,-999,1.0000
27596,-999,1.0000
27597,-999,1.0000
27598,-999,1.0000
27599,-999,1.0000
27600,-999,1.0000
27601,-999,1.0000
27602,-999,1.0000
27603,-999,1.0000
27604,-999,1.0000
27605,5254,1.0000
27606,5254,1.0000
27607,5254,1.0000
27608,5254,1.0000
27609,5254,1.0000
27610,5254,1.0000
27611,5254,1.0000
27612,5254,1.0000
27613,5254,1.0000
27614,5254,1.0000
27615,5254,1.0000
27616,5254,1.0000
27617,5254,1.0000
27618,5254,1.0000
27619,5254,1.0000
27620,5254,1.0000
27621,5254,1.0000
27622,5254,1.0000
27623,5254,1.0000
27624,5254,1.0000
27625,5254,1.0000
27626,5254,1.0000
27627,5254,1.0000
27628,5254,1.0000
27629,5254,1.0000
27630,5254,1.0000
27631,5254,1.0000
27632,5254,1.0000
27633,5254,1.0000
27634,5254,1.0000
27635,5254,1.0000
27636,5254,1.0000
27637,5254,1.0000
27638,5254,1.0000
27639,5254,1.0000
27640,5254,1.0000
27641,5254,1.0000
27642,5254,1.0000
27643,5254,1.0000
27644,5254,1.0000
27645,5254,1.0000
27646,5254,1.0000
27647,5254,1.0000
27648,5254,1.0000
27649,5254,1.0000
27650,5254,1.0000
27651,5254,1.0000
27652,5254,1.0000
27653,5254,1.0000
27654,5254,1.0000
27655,5254,1.0000
27656,5254,1.0000
27657,5254,1.0000
27658,5254,1.0000
27659,5254,.6875
27659,5222,.3125
27660,5222,.8500
27660,5254,.1500
27661,5222,1.0000
27662,5222,1.0000
27663,5222,1.0000
27664,5222,1.0000
27665,5222,1.0000
27666,5222,1.0000
27667,5222,1.0000
27668,5222,1.0000
27669,5222,1.0000
27670,5222,1.0000
27671,5222,1.0000
27672,5222,1.0000
27673,5222,1.0000
27674,5222,1.0000
27675,5222,1.0000
27676,5222,1.0000
27677,5222,1.0000
27678,5222,1.0000
27679,5222,1.0000
27680,5222,1.0000
27681,5222,1.0000
27682,5222,1.0000
27683,5222,1.0000
27684,5222,1.0000
27685,5222,1.0000
27686,5222,1.0000
27687,5222,1.0000
27688,5222,1.0000
27689,5222,1.0000
27690,5222,1.0000
27691,5222,1.0000
27692,5222,1.0000
27693,5222,1.0000
27694,5222,1.0000
27695,5222,1.0000
27696,5222,1.0000
27697,5222,1.0000
27698,5222,1.0000
27699,5222,1.0000
27700,5222,1.0000
27701,5222,1.0000
27702,5222,1.0000
27703,5222,1.0000
27704,5222,1.0000
27705,5222,1.0000
27706,5222,1.0000
27707,5222,1.0000
27708,5222,1.0000
27709,5222,1.0000
27710,5222,1.0000
27711,5222,1.0000
27712,5222,1.0000
27713,5222,1.0000
27714,5222,1.0000
27715,5222,1.0000
27716,5222,.7000
27716,5254,.3000
27717,5254,1.0000
27718,5254,1.0000
27719,5254,1.0000
27720,5254,1.0000
27721,5254,1.0000
27722,5254,1.0000
27723,5254,1.0000
27724,5254,1.0000
27725,5254,1.0000
27726,5254,1.0000
27727,5254,1.0000
27728,5254,1.0000
27729,5254,1.0000
27730,5254,1.0000
27731,5254,1.0000
27732,5254,1.0000
27733,5254,1.0000
27734,5254,1.0000
27735,5254,1.0000
27736,5254,1.0000
27737,5254,1.0000
27738,5254,1.0000
27739,5254,1.0000
27740,5254,1.0000
27741,5254,1.0000
27742,5254,1.0000
27743,5254,1.0000
27744,5254,.5000
27744,-999,.5000
27745,-999,1.0000
27746,-999,1.0000
27747,-999,1.0000
27748,-999,.6500
27748,5254,.3500
27749,5254,1.0000
27750,5254,1.0000
27751,5254,1.0000
27752,5254,1.0000
27753,5254,1.0000
27754,5254,1.0000
27755,5254,1.0000
27756,5254,1.0000
27757,5254,1.0000
27758,5254,1.0000
27759,5254,1.0000
27760,5254,1.0000
27761,5254,1.0000
27762,5254,1.0000
27763,5254,1.0000
27764,5254,1.0000
27765,5254,1.0000
27766,5254,1.0000
27767,5254,1.0000
27768,5254,1.0000
27769,5254,1.0000
27770,5254,1.0000
27771,5254,1.0000
27772,5254,1.0000
27773,5254,1.0000
27774,5254,1.0000
27775,5254,1.0000
27776,5254,1.0000
27777,5254,1.0000
27778,5254,1.0000
27779,5254,1.0000
27780,5254,1.0000
27781,5254,1.0000
27782,5254,1.0000
27783,5254,1.0000
27784,5254,1.0000
27785,5254,1.0000
27786,5254,1.0000
27787,5254,1.0000
27788,5254,1.0000
27789,5254,1.0000
27790,5254,1.0000
27791,5254,1.0000
27792,5254,1.0000
27793,5254,1.0000
27794,5254,1.0000
27795,5254,1.0000
27796,5254,1.0000
27797,5254,1.0000
27798,5254,1.0000
27799,5254,1.0000
27800,5254,1.0000
27801,5254,1.0000
27802,5254,1.0000
27803,5254,1.0000
27804,5254,1.0000
27805,5254,1.0000
27806,5254,1.0000
27807,5254,1.0000
27808,5254,1.0000
27809,5254,1.0000
27810,5254,.8750
27810,-999,.1250
27811,-999,.4286
27811,5254,.5714
27812,-999,.3684
27812,5254,.6316
27813,-999,.0556
27813,5254,.9444
27814,5254,1.0000
27815,5254,1.0000
27816,5254,1.0000
27817,5254,1.0000
27818,5254,1.0000
27819,5254,.6957
27819,-999,.3043
27820,-999,.7273
27820,5254,.2727
27821,5254,.5789
27821,-999,.4211
27822,5254,1.0000
27823,5254,1.0000
27824,5254,1.0000
27825,5254,1.0000
27826,5254,1.0000
27827,5254,1.0000
27828,5254,1.0000
27829,5254,1.0000
27830,5254,1.0000
27831,5254,.8500
27831,-999,.1500
27832,5254,.5882
27832,-999,.4118
27833,5254,.5500
27833,-999,.4500
27834,-999,.1176
27834,5254,.8824
27835,5254,1.0000
27836,5254,.9524
27836,-999,.0476
27837,-999,.6957
27837,5254,.3043
27838,-999,1.0000
27839,-999,1.0000
27840,-999,1.0000
27841,-999,1.0000
27842,-999,1.0000
27843,-999,1.0000
27844,-999,1.0000
27845,-999,1.0000
27846,-999,1.0000
27847,-999,1.0000
27848,-999,1.0000
27849,-999,1.0000
27850,-999,1.0000
27851,-999,1.0000
27852,-999,1.0000
27853,-999,1.0000
27854,-999,1.0000
27855,-999,1.0000
27856,-999,1.0000
27857,-999,1.0000
27858,-999,1.0000
27859,-999,1.0000
27860,-999,1.0000
27861,-999,1.0000
27862,-999,1.0000
27863,-999,1.0000
27864,-999,1.0000
27865,-999,1.0000
27866,-999,1.0000
27867,-999,1.0000
27868,-999,1.0000
27869,-999,1.0000
27870,-999,1.0000
27871,-999,1.0000
27872,-999,1.0000
27873,5254,1.0000
27874,5254,1.0000
27875,5254,1.0000
27876,5254,1.0000
27877,5254,1.0000
27878,5254,1.0000
27879,5254,1.0000
27880,5254,1.0000
27881,5254,1.0000
27882,5254,1.0000
27883,5254,1.0000
27884,5254,1.0000
27885,5254,1.0000
27886,5254,1.0000
27887,5254,1.0000
27888,5254,1.0000
27889,5254,1.0000
27890,5254,1.0000
27891,5254,1.0000
27892,5254,1.0000
27893,5254,1.0000
27894,5254,1.0000
27895,5254,1.0000
27896,5254,1.0000
27897,5254,1.0000
27898,5254,1.0000
27899,5254,1.0000
27900,5254,1.0000
27901,5254,1.0000
27902,5254,1.0000
27903,5254,1.0000
27904,5254,1.0000
27905,5254,1.0000
27906,5254,1.0000
27907,5254,1.0000
27908,5254,1.0000
27909,5254,1.0000
27910,5254,1.0000
27911,5254,1.0000
27912,5254,1.0000
27913,5254,1.0000
27914,5254,1.0000
27915,5254,1.0000
27916,5254,1.0000
27917,5254,1.0000
27918,5254,1.0000
27919,5254,1.0000
27920,5254,1.0000
27921,5254,1.0000
27922,5254,1.0000
27923,5254,1.0000
27924,5254,1.0000
27925,5254,1.0000
27926,5254,1.0000
27927,5254,1.0000
27928,5254,.5000
27928,5222,.5000
27929,5222,1.0000
27930,5222,1.0000
27931,5222,1.0000
27932,5222,1.0000
27933,5222,1.0000
27934,5222,1.0000
27935,5222,1.0000
27936,5222,1.0000
27937,5222,1.0000
27938,5222,1.0000
27939,5222,1.0000
27940,5222,1.0000
27941,5222,1.0000
27942,5222,1.0000
27943,5222,1.0000
27944,5222,1.0000
27945,5222,1.0000
27946,5222,1.0000
27947,5222,1.0000
27948,5222,1.0000
27949,5222,1.0000
27950,5222,1.0000
27951,5222,1.0000
27952,5222,1.0000
27953,5222,1.0000
27954,5222,1.0000
27955,5222,1.0000
27956,5222,1.0000
27957,5222,1.0000
27958,5222,1.0000
27959,5222,1.0000
27960,5222,1.0000
27961,5222,1.0000
27962,5222,1.0000
27963,5222,1.0000
27964,5222,1.0000
27965,5222,1.0000
27966,5222,1.0000
27967,5222,1.0000
27968,5222,1.0000
27969,5222,1.0000
27970,5222,1.0000
27971,5222,1.0000
27972,5222,1.0000
27973,5222,1.0000
27974,5222,1.0000
27975,5222,1.0000
27976,5222,1.0000
27977,5222,1.0000
27978,5222,1.0000
27979,5222,1.0000
27980,5222,1.0000
27981,5222,1.0000
27982,5222,1.0000
27983,5222,1.0000
27984,5222,.4400
27984,5254,.5600
27985,5254,1.0000
27986,5254,1.0000
27987,5254,1.0000
27988,5254,1.0000
27989,5254,1.0000
27990,5254,1.0000
27991,5254,1.0000
27992,5254,1.0000
27993,5254,1.0000
27994,5254,1.0000
27995,5254,1.0000
27996,5254,1.0000
27997,5254,1.0000
27998,5254,1.0000
27999,5254,1.0000
28000,5254,1.0000
28001,5254,1.0000
28002,5254,1.0000
28003,5254,1.0000
28004,5254,1.0000
28005,5254,1.0000
28006,5254,1.0000
28007,5254,1.0000
28008,5254,1.0000
28009,5254,1.0000
28010,5254,1.0000
28011,5254,1.0000
28012,-999,.4545
28012,5254,.5455
28013,-999,.9500
28013,5254,.0500
28014,-999,.4000
28014,5254,.6000
28015,-999,.6500
28015,5254,.3500
28016,-999,.5600
28016,5254,.4400
28017,5254,.7368
28017,-999,.2632
28018,5254,1.0000
28019,5254,1.0000
28020,5254,1.0000
28021,5254,1.0000
28022,5254,1.0000
28023,5254,1.0000
28024,5254,1.0000
28025,5254,1.0000
28026,5254,1.0000
28027,5254,1.0000
28028,5254,1.0000
28029,5254,1.0000
28030,5254,1.0000
28031,5254,1.0000
28032,5254,1.0000
28033,5254,1.0000
28034,5254,1.0000
28035,5254,1.0000
28036,5254,1.0000
28037,5254,1.0000
28038,5254,1.0000
28039,5254,1.0000
28040,5254,1.0000
28041,5254,1.0000
28042,5254,1.0000
28043,5254,1.0000
28044,5254,1.0000
28045,5254,1.0000
28046,5254,1.0000
28047,5254,1.0000
28048,5254,1.0000
28049,5254,1.0000
28050,5254,1.0000
28051,5254,1.0000
28052,5254,1.0000
28053,5254,1.0000
28054,5254,1.0000
28055,5254,1.0000
28056,5254,1.0000
28057,5254,1.0000
28058,5254,1.0000
28059,5254,1.0000
28060,5254,1.0000
28061,5254,1.0000
28062,5254,1.0000
28063,5254,1.0000
28064,5254,1.0000
28065,5254,1.0000
28066,5254,1.0000
28067,5254,1.0000
28068,5254,1.0000
28069,5254,1.0000
28070,5254,1.0000
28071,5254,1.0000
28072,5254,1.0000
28073,5254,1.0000
28074,5254,1.0000
28075,5254,1.0000
28076,5254,1.0000
28077,5254,1.0000
28078,5254,1.0000
28079,5254,1.0000
28080,5254,1.0000
28081,5254,1.0000
28082,5254,1.0000
28083,5254,1.0000
28084,5254,1.0000
28085,5254,1.0000
28086,5254,1.0000
28087,5254,1.0000
28088,-999,.0909
28088,5254,.9091
28089,-999,.1500
28089,5254,.8500
28090,5254,1.0000
28091,5254,1.0000
28092,5254,1.0000
28093,5254,1.0000
28094,5254,1.0000
28095,5254,1.0000
28096,5254,1.0000
28097,5254,1.0000
28098,5254,1.0000
28099,5254,.8947
28099,-999,.1053
28100,-999,.1000
28100,5254,.9000
28101,5254,1.0000
28102,5254,1.0000
28103,5254,1.0000
28104,5254,1.0000
28105,-999,.2000
28105,5254,.8000
28106,-999,.5833
28106,5254,.4167
28107,-999,.9500
28107,5254,.0500
28108,-999,1.0000
28109,-999,.9444
28109,5254,.0556
28110,-999,.6316
28110,5254,.3684
28111,-999,.6111
28111,5254,.3889
28112,-999,.8421
28112,5254,.1579
28113,-999,1.0000
28114,-999,.9545
28114,5254,.0455
28115,-999,1.0000
28116,-999,1.0000
28117,-999,1.0000
28118,-999,1.0000
28119,-999,1.0000
28120,-999,1.0000
28121,-999,1.0000
28122,-999,1.0000
28123,-999,1.0000
28124,-999,1.0000
28125,-999,1.0000
28126,-999,1.0000
28127,-999,1.0000
28128,-999,1.0000
28129,-999,1.0000
28130,-999,1.0000
28131,-999,1.0000
28132,-999,1.0000
28133,-999,1.0000
28134,-999,1.0000
28135,-999,1.0000
28136,-999,1.0000
28137,-999,1.0000
28138,-999,1.0000
28139,-999,1.0000
28140,-999,1.0000
28141,5254,1.0000
28142,5254,1.0000
28143,5254,1.0000
28144,5254,1.0000
28145,5254,1.0000
28146,5254,1.0000
28147,5254,1.0000
28148,5254,1.0000
28149,5254,1.0000
28150,5254,1.0000
28151,5254,1.0000
28152,5254,1.0000
28153,5254,1.0000
28154,5254,1.0000
28155,5254,1.0000
28156,5254,1.0000
28157,5254,1.0000
28158,5254,1.0000
28159,5254,1.0000
28160,5254,1.0000
28161,5254,1.0000
28162,5254,1.0000
28163,5254,1.0000
28164,5254,1.0000
28165,5254,1.0000
28166,5254,1.0000
28167,5254,1.0000
28168,5254,1.0000
28169,5254,1.0000
28170,5254,1.0000
28171,5254,1.0000
28172,5254,1.0000
28173,5254,1.0000
28174,5254,1.0000
28175,5254,1.0000
28176,5254,1.0000
28177,5254,1.0000
28178,5254,1.0000
28179,5254,1.0000
28180,5254,1.0000
28181,5254,1.0000
28182,5254,1.0000
28183,5254,1.0000
28184,5254,1.0000
28185,5254,1.0000
28186,5254,1.0000
28187,5254,1.0000
28188,5254,1.0000
28189,5254,1.0000
28190,5254,1.0000
28191,5254,1.0000
28192,5254,1.0000
28193,5254,1.0000
28194,5254,1.0000
28195,5254,1.0000
28196,5254,.8400
28196,5222,.1600
28197,5222,.8500
28197,5254,.1500
28198,5222,1.0000
28199,5222,1.0000
28200,5222,1.0000
28201,5222,1.0000
28202,5222,1.0000
28203,5222,1.0000
28204,5222,1.0000
28205,5222,1.0000
28206,5222,1.0000
28207,5222,1.0000
28208,5222,1.0000
28209,5222,1.0000
28210,5222,1.0000
28211,5222,1.0000
28212,5222,1.0000
28213,5222,1.0000
28214,5222,1.0000
28215,5222,1.0000
28216,5222,1.0000
28217,5222,1.0000
28218,5222,1.0000
28219,5222,1.0000
28220,5222,1.0000
28221,5222,1.0000
28222,5222,1.0000
28223,5222,1.0000
28224,5222,1.0000
28225,5222,1.0000
28226,5222,1.0000
28227,5222,1.0000
28228,5222,1.0000
28229,5222,1.0000
28230,5222,1.0000
28231,5222,1.0000
28232,5222,1.0000
28233,5222,1.0000
28234,5222,1.0000
28235,5222,1.0000
28236,5222,1.0000
28237,5222,1.0000
28238,5222,1.0000
28239,5222,1.0000
28240,5222,1.0000
28241,5222,1.0000
28242,5222,1.0000
28243,5222,1.0000
28244,5222,1.0000
28245,5222,1.0000
28246,5222,1.0000
28247,5222,1.0000
28248,5222,1.0000
28249,5222,1.0000
28250,5222,1.0000
28251,5222,.7500
28251,5254,.2500
28252,5222,.0500
28252,5254,.9500
28253,5254,1.0000
28254,5254,1.0000
28255,5254,1.0000
28256,5254,1.0000
28257,5254,1.0000
28258,5254,1.0000
28259,5254,1.0000
28260,5254,1.0000
28261,5254,1.0000
28262,5254,1.0000
28263,5254,1.0000
28264,5254,1.0000
28265,5254,1.0000
28266,5254,1.0000
28267,5254,1.0000
28268,5254,1.0000
28269,5254,1.0000
28270,5254,1.0000
28271,5254,1.0000
28272,5254,1.0000
28273,5254,1.0000
28274,5254,1.0000
28275,5254,1.0000
28276,5254,1.0000
28277,5254,1.0000
28278,5254,1.0000
28279,5254,1.0000
28280,5254,.5500
28280,-999,.4500
28281,-999,.8125
28281,5254,.1875
28282,5254,.9500
28282,-999,.0500
28283,5254,.9375
28283,-999,.0625
28284,5254,.8000
28284,-999,.2000
28285,5254,.8333
28285,-999,.1667
28286,5254,1.0000
28287,5254,1.0000
28288,5254,1.0000
28289,5254,1.0000
28290,5254,1.0000
28291,5254,1.0000
28292,5254,1.0000
28293,5254,1.0000
28294,5254,1.0000
28295,5254,1.0000
28296,5254,1.0000
28297,5254,1.0000
28298,5254,1.0000
28299,5254,1.0000
28300,5254,1.0000
28301,5254,1.0000
28302,5254,1.0000
28303,5254,1.0000
28304,5254,1.0000
28305,5254,1.0000
28306,5254,1.0000
28307,5254,1.0000
28308,5254,1.0000
28309,5254,1.0000
28310,5254,1.0000
28311,5254,1.0000
28312,5254,1.0000
28313,5254,1.0000
28314,5254,1.0000
28315,5254,1.0000
28316,5254,1.0000
28317,5254,1.0000
28318,5254,1.0000
28319,5254,1.0000
28320,5254,.9048
28320,5222,.0952
28321,5254,.7500
28321,5222,.2500
28322,5254,.7000
28322,5222,.3000
28323,5254,.8125
28323,5222,.1875
28324,5254,1.0000
28325,5254,1.0000
28326,5254,1.0000
28327,5254,1.0000
28328,5254,1.0000
28329,5254,1.0000
28330,5254,1.0000
28331,5254,1.0000
28332,5254,1.0000
28333,5254,1.0000
28334,5254,1.0000
28335,5254,1.0000
28336,5254,1.0000
28337,5254,1.0000
28338,5254,1.0000
28339,5254,1.0000
28340,5254,1.0000
28341,5254,1.0000
28342,5254,1.0000
28343,5254,1.0000
28344,5254,1.0000
28345,5254,1.0000
28346,5254,1.0000
28347,5254,1.0000
28348,5254,1.0000
28349,5254,1.0000
28350,5254,1.0000
28351,5254,1.0000
28352,5254,1.0000
28353,5254,1.0000
28354,5254,1.0000
28355,5254,1.0000
28356,5254,1.0000
28357,5254,1.0000
28358,5254,1.0000
28359,5254,1.0000
28360,5254,1.0000
28361,5254,1.0000
28362,5254,1.0000
28363,5254,1.0000
28364,5254,1.0000
28365,5254,1.0000
28366,5254,1.0000
28367,5254,1.0000
28368,5254,1.0000
28369,5254,1.0000
28370,5254,1.0000
28371,5254,1.0000
28372,5254,1.0000
28373,5254,.8750
28373,-999,.1250
28374,5254,.6000
28374,-999,.4000
28375,-999,.6842
28375,5254,.3158
28376,-999,.7200
28376,5254,.2800
28377,-999,.2941
28377,5254,.7059
28378,5254,1.0000
28379,5254,1.0000
28380,5254,.9000
28380,-999,.1000
28381,-999,.2500
28381,5254,.7500
28382,-999,.2727
28382,5254,.7273
28383,-999,.6500
28383,5254,.3500
28384,-999,1.0000
28385,-999,1.0000
28386,-999,1.0000
28387,-999,1.0000
28388,-999,1.0000
28389,-999,1.0000
28390,-999,1.0000
28391,-999,1.0000
28392,-999,1.0000
28393,-999,1.0000
28394,-999,1.0000
28395,-999,1.0000
28396,-999,1.0000
28397,-999,1.0000
28398,-999,1.0000
28399,-999,1.0000
28400,-999,1.0000
28401,-999,1.0000
28402,-999,1.0000
28403,-999,1.0000
28404,-999,1.0000
28405,-999,1.0000
28406,-999,1.0000
28407,-999,1.0000
28408,-999,1.0000
28409,5254,1.0000
28410,5254,1.0000
28411,5254,1.0000
28412,5254,1.0000
28413,5254,1.0000
28414,5254,1.0000
28415,5254,1.0000
28416,5254,1.0000
28417,5254,1.0000
28418,5254,1.0000
28419,5254,1.0000
28420,5254,1.0000
28421,5254,1.0000
28422,5254,1.0000
28423,5254,1.0000
28424,5254,1.0000
28425,5254,1.0000
28426,5254,1.0000
28427,5254,1.0000
28428,5254,1.0000
28429,5254,1.0000
28430,5254,1.0000
28431,5254,1.0000
28432,5254,1.0000
28433,5254,1.0000
28434,5254,1.0000
28435,5254,1.0000
28436,5254,1.0000
28437,5254,1.0000
28438,5254,1.0000
28439,5254,1.0000
28440,5254,1.0000
28441,5254,1.0000
28442,5254,1.0000
28443,5254,1.0000
28444,5254,1.0000
28445,5254,1.0000
28446,5254,1.0000
28447,5254,1.0000
28448,5254,1.0000
28449,5254,1.0000
28450,5254,1.0000
28451,5254,1.0000
28452,5254,1.0000
28453,5254,1.0000
28454,5254,1.0000
28455,5254,1.0000
28456,5254,1.0000
28457,5254,1.0000
28458,5254,1.0000
28459,5254,1.0000
28460,5254,1.0000
28461,5254,1.0000
28462,5254,1.0000
28463,5254,1.0000
28464,5254,1.0000
28465,5254,.8125
28465,5222,.1875
28466,5222,.8500
28466,5254,.1500
28467,5222,1.0000
28468,5222,1.0000
28469,5222,1.0000
28470,5222,1.0000
28471,5222,1.0000
28472,5222,1.0000
28473,5222,1.0000
28474,5222,1.0000
28475,5222,1.0000
28476,5222,1.0000
28477,5222,1.0000
28478,5222,1.0000
28479,5222,1.0000
28480,5222,1.0000
28481,5222,1.0000
28482,5222,1.0000
28483,5222,1.0000
28484,5222,1.0000
28485,5222,1.0000
28486,5222,1.0000
28487,5222,1.0000
28488,5222,1.0000
28489,5222,1.0000
28490,5222,1.0000
28491,5222,1.0000
28492,5222,1.0000
28493,5222,1.0000
28494,5222,1.0000
28495,5222,1.0000
28496,5222,1.0000
28497,5222,1.0000
28498,5222,1.0000
28499,5222,1.0000
28500,5222,1.0000
28501,5222,1.0000
28502,5222,1.0000
28503,5222,1.0000
28504,5222,1.0000
28505,5222,1.0000
28506,5222,1.0000
28507,5222,1.0000
28508,5222,1.0000
28509,5222,1.0000
28510,5222,1.0000
28511,5222,1.0000
28512,5222,1.0000
28513,5222,1.0000
28514,5222,1.0000
28515,5222,1.0000
28516,5222,1.0000
28517,5222,1.0000
28518,5222,.9500
28518,5254,.0500
28519,5222,.3125
28519,5254,.6875
28520,5254,1.0000
28521,5254,1.0000
28522,5254,1.0000
28523,5254,1.0000
28524,5254,1.0000
28525,5254,1.0000
28526,5254,1.0000
28527,5254,1.0000
28528,5254,1.0000
28529,5254,1.0000
28530,5254,1.0000
28531,5254,1.0000
28532,5254,1.0000
28533,5254,1.0000
28534,5254,1.0000
28535,5254,1.0000
28536,5254,1.0000
28537,5254,1.0000
28538,5254,1.0000
28539,5254,1.0000
28540,5254,1.0000
28541,5254,1.0000
28542,5254,1.0000
28543,5254,1.0000
28544,5254,1.0000
28545,5254,.9375
28545,-999,.0625
28546,5254,.9000
28546,-999,.1000
28547,5254,.8750
28547,-999,.1250
28548,5254,.3000
28548,-999,.7000
28549,-999,.8750
28549,5254,.1250
28550,-999,.1500
28550,5254,.8500
28551,5254,1.0000
28552,5254,1.0000
28553,5254,1.0000
28554,5254,1.0000
28555,5254,1.0000
28556,5254,1.0000
28557,5254,1.0000
28558,5254,1.0000
28559,5254,1.0000
28560,5254,1.0000
28561,5254,1.0000
28562,5254,1.0000
28563,5254,1.0000
28564,5254,1.0000
28565,5254,1.0000
28566,5254,1.0000
28567,5254,1.0000
28568,5254,1.0000
28569,5254,1.0000
28570,5254,1.0000
28571,5254,1.0000
28572,5254,1.0000
28573,5254,1.0000
28574,5254,1.0000
28575,5254,1.0000
28576,5254,1.0000
28577,5254,1.0000
28578,5254,1.0000
28579,5254,1.0000
28580,5254,1.0000
28581,5254,1.0000
28582,5254,1.0000
28583,5254,1.0000
28584,5254,1.0000
28585,5254,1.0000
28586,5254,1.0000
28587,5254,1.0000
28588,5254,.4800
28588,5222,.5200
28589,5222,1.0000
28590,5222,1.0000
28591,5222,.9375
28591,5254,.0625
28592,5254,.3500
28592,5222,.6500
28593,5254,.7500
28593,5222,.2500
28594,5254,1.0000
28595,5254,1.0000
28596,5254,1.0000
28597,5254,1.0000
28598,5254,1.0000
28599,5254,1.0000
28600,5254,1.0000
28601,5254,1.0000
28602,5254,1.0000
28603,5254,1.0000
28604,5254,1.0000
28605,5254,1.0000
28606,5254,1.0000
28607,5254,1.0000
28608,5254,1.0000
28609,5254,1.0000
28610,5254,1.0000
28611,5254,1.0000
28612,5254,1.0000
28613,5254,1.0000
28614,5254,1.0000
28615,5254,1.0000
28616,5254,1.0000
28617,5254,1.0000
28618,5254,1.0000
28619,5254,1.0000
28620,5254,1.0000
28621,5254,1.0000
28622,5254,1.0000
28623,5254,1.0000
28624,5254,1.0000
28625,5254,1.0000
28626,5254,1.0000
28627,5254,1.0000
28628,5254,1.0000
28629,5254,1.0000
28630,5254,1.0000
28631,5254,1.0000
28632,5254,1.0000
28633,5254,1.0000
28634,5254,1.0000
28635,5254,1.0000
28636,5254,1.0000
28637,5254,1.0000
28638,5254,1.0000
28639,5254,1.0000
28640,5254,1.0000
28641,5254,.7500
28641,-999,.2500
28642,-999,.2500
28642,5254,.7500
28643,5254,.7500
28643,-999,.2500
28644,5254,.7143
28644,-999,.2857
28645,5254,1.0000
28646,5254,1.0000
28647,5254,1.0000
28648,5254,1.0000
28649,5254,1.0000
28650,5254,1.0000
28651,5254,.7500
28651,-999,.2500
28652,-999,1.0000
28653,-999,1.0000
28654,-999,1.0000
28655,-999,1.0000
28656,-999,1.0000
28657,-999,1.0000
28658,-999,1.0000
28659,-999,1.0000
28660,-999,1.0000
28661,-999,1.0000
28662,-999,1.0000
28663,-999,1.0000
28664,-999,1.0000
28665,-999,1.0000
28666,-999,1.0000
28667,-999,1.0000
28668,-999,1.0000
28669,-999,1.0000
28670,-999,1.0000
28671,-999,1.0000
28672,-999,1.0000
28673,-999,1.0000
28674,-999,1.0000
28675,-999,1.0000
28676,-999,1.0000
28677,5254,1.0000
28678,5254,1.0000
28679,5254,1.0000
28680,5254,1.0000
28681,5254,1.0000
28682,5254,1.0000
28683,5254,1.0000
28684,5254,1.0000
28685,5254,1.0000
28686,5254,1.0000
28687,5254,1.0000
28688,5254,1.0000
28689,5254,1.0000
28690,5254,1.0000
28691,5254,1.0000
28692,5254,1.0000
28693,5254,1.0000
28694,5254,1.0000
28695,5254,1.0000
28696,5254,1.0000
28697,5254,1.0000
28698,5254,1.0000
28699,5254,1.0000
28700,5254,1.0000
28701,5254,1.0000
28702,5254,1.0000
28703,5254,1.0000
28704,5254,1.0000
28705,5254,1.0000
28706,5254,1.0000
28707,5254,1.0000
28708,5254,1.0000
28709,5254,1.0000
28710,5254,1.0000
28711,5254,1.0000
28712,5254,1.0000
28713,5254,1.0000
28714,5254,1.0000
28715,5254,1.0000
28716,5254,1.0000
28717,5254,1.0000
28718,5254,1.0000
28719,5254,1.0000
28720,5254,1.0000
28721,5254,1.0000
28722,5254,1.0000
28723,5254,1.0000
28724,5254,1.0000
28725,5254,1.0000
28726,5254,1.0000
28727,5254,1.0000
28728,5254,1.0000
28729,5254,1.0000
28730,5254,1.0000
28731,5254,1.0000
28732,5254,1.0000
28733,5254,1.0000
28734,5254,.7500
28734,5222,.2500
28735,5222,.7500
28735,5254,.2500
28736,5222,1.0000
28737,5222,1.0000
28738,5222,1.0000
28739,5222,1.0000
28740,5222,1.0000
28741,5222,1.0000
28742,5222,1.0000
28743,5222,1.0000
28744,5222,1.0000
28745,5222,1.0000
28746,5222,1.0000
28747,5222,1.0000
28748,5222,1.0000
28749,5222,1.0000
28750,5222,1.0000
28751,5222,1.0000
28752,5222,1.0000
28753,5222,1.0000
28754,5222,1.0000
28755,5222,1.0000
28756,5222,1.0000
28757,5222,1.0000
28758,5222,1.0000
28759,5222,1.0000
28760,5222,1.0000
28761,5222,1.0000
28762,5222,1.0000
28763,5222,1.0000
28764,5222,1.0000
28765,5222,1.0000
28766,5222,1.0000
28767,5222,1.0000
28768,5222,1.0000
28769,5222,1.0000
28770,5222,1.0000
28771,5222,1.0000
28772,5222,1.0000
28773,5222,1.0000
28774,5222,1.0000
28775,5222,1.0000
28776,5222,1.0000
28777,5222,1.0000
28778,5222,1.0000
28779,5222,1.0000
28780,5222,1.0000
28781,5222,1.0000
28782,5222,1.0000
28783,5222,1.0000
28784,5222,1.0000
28785,5222,1.0000
28786,5222,.8000
28786,5254,.2000
28787,5254,1.0000
28788,5254,1.0000
28789,5254,1.0000
28790,5254,1.0000
28791,5254,1.0000
28792,5254,1.0000
28793,5254,1.0000
28794,5254,1.0000
28795,5254,1.0000
28796,5254,1.0000
28797,5254,1.0000
28798,5254,1.0000
28799,5254,1.0000
28800,5254,1.0000
28801,5254,1.0000
28802,5254,1.0000
28803,5254,1.0000
28804,5254,1.0000
28805,5254,1.0000
28806,5254,1.0000
28807,5254,1.0000
28808,5254,1.0000
28809,5254,1.0000
28810,5254,1.0000
28811,5254,1.0000
28812,5254,1.0000
28813,5254,.6500
28813,-999,.3500
28814,-999,.6818
28814,5254,.3182
28815,5254,.4375
28815,-999,.5625
28816,-999,.3000
28816,5254,.7000
28817,-999,.3750
28817,5254,.6250
28818,-999,.4500
28818,5254,.5500
28819,5254,.8125
28819,-999,.1875
28820,5254,1.0000
28821,5254,1.0000
28822,5254,1.0000
28823,5254,1.0000
28824,5254,1.0000
28825,5254,1.0000
28826,5254,1.0000
28827,5254,1.0000
28828,5254,1.0000
28829,5254,1.0000
28830,5254,1.0000
28831,5254,1.0000
28832,5254,1.0000
28833,5254,1.0000
28834,5254,1.0000
28835,5254,1.0000
28836,5254,1.0000
28837,5254,1.0000
28838,5254,1.0000
28839,5254,1.0000
28840,5254,1.0000
28841,5254,1.0000
28842,5254,1.0000
28843,5254,1.0000
28844,5254,1.0000
28845,5254,1.0000
28846,5254,1.0000
28847,5254,1.0000
28848,5254,1.0000
28849,5254,1.0000
28850,5254,1.0000
28851,5254,1.0000
28852,5254,1.0000
28853,5254,1.0000
28854,5254,1.0000
28855,5254,1.0000
28856,5254,.8421
28856,5222,.1579
28857,5222,.7778
28857,5254,.2222
28858,5222,1.0000
28859,5222,1.0000
28860,5222,1.0000
28861,5222,.9474
28861,5254,.0526
28862,5254,.4500
28862,5222,.5500
28863,5254,.8889
28863,5222,.1111
28864,5254,1.0000
28865,5254,1.0000
28866,5254,1.0000
28867,5254,1.0000
28868,5254,1.0000
28869,5254,1.0000
28870,5254,1.0000
28871,5254,1.0000
28872,5254,1.0000
28873,5254,1.0000
28874,5254,1.0000
28875,5254,1.0000
28876,5254,1.0000
28877,5254,1.0000
28878,5254,1.0000
28879,5254,1.0000
28880,5254,1.0000
28881,5254,1.0000
28882,5254,1.0000
28883,5254,1.0000
28884,5254,1.0000
28885,5254,1.0000
28886,5254,1.0000
28887,5254,1.0000
28888,5254,1.0000
28889,5254,1.0000
28890,5254,1.0000
28891,5254,1.0000
28892,5254,1.0000
28893,5254,1.0000
28894,5254,1.0000
28895,5254,1.0000
28896,5254,1.0000
28897,5254,1.0000
28898,5254,1.0000
28899,5254,1.0000
28900,5254,1.0000
28901,5254,1.0000
28902,5254,1.0000
28903,5254,1.0000
28904,5254,1.0000
28905,5254,1.0000
28906,5254,1.0000
28907,5254,1.0000
28908,5254,1.0000
28909,5254,1.0000
28910,5254,1.0000
28911,5254,1.0000
28912,5254,1.0000
28913,5254,1.0000
28914,5254,1.0000
28915,5254,1.0000
28916,5254,1.0000
28917,5254,1.0000
28918,5254,1.0000
28919,5254,.8824
28919,-999,.1176
28920,-999,.6000
28920,5254,.4000
28921,-999,1.0000
28922,-999,1.0000
28923,-999,1.0000
28924,-999,1.0000
28925,-999,1.0000
28926,-999,1.0000
28927,-999,1.0000
28928,-999,1.0000
28929,-999,1.0000
28930,-999,1.0000
28931,-999,1.0000
28932,-999,1.0000
28933,-999,1.0000
28934,-999,1.0000
28935,-999,1.0000
28936,-999,1.0000
28937,-999,1.0000
28938,-999,1.0000
28939,-999,1.0000
28940,-999,1.0000
28941,-999,1.0000
28942,-999,1.0000
28943,-999,1.0000
28944,-999,1.0000
28945,5254,1.0000
28946,5254,1.0000
28947,5254,1.0000
28948,5254,1.0000
28949,5254,1.0000
28950,5254,1.0000
28951,5254,1.0000
28952,5254,1.0000
28953,5254,1.0000
28954,5254,1.0000
28955,5254,1.0000
28956,5254,1.0000
28957,5254,1.0000
28958,5254,1.0000
28959,5254,1.0000
28960,5254,1.0000
28961,5254,1.0000
28962,5254,1.0000
28963,5254,1.0000
28964,5254,1.0000
28965,5254,1.0000
28966,5254,1.0000
28967,5254,1.0000
28968,5254,1.0000
28969,5254,1.0000
28970,5254,1.0000
28971,5254,1.0000
28972,5254,1.0000
28973,5254,1.0000
28974,5254,1.0000
28975,5254,1.0000
28976,5254,1.0000
28977,5254,1.0000
28978,5254,1.0000
28979,5254,1.0000
28980,5254,1.0000
28981,5254,1.0000
28982,5254,1.0000
28983,5254,1.0000
28984,5254,1.0000
28985,5254,1.0000
28986,5254,1.0000
28987,5254,1.0000
28988,5254,1.0000
28989,5254,1.0000
28990,5254,1.0000
28991,5254,1.0000
28992,5254,1.0000
28993,5254,1.0000
28994,5254,1.0000
28995,5254,1.0000
28996,5254,1.0000
28997,5254,1.0000
28998,5254,1.0000
28999,5254,1.0000
29000,5254,1.0000
29001,5254,1.0000
29002,5254,1.0000
29003,5254,.9375
29003,5222,.0625
29004,5222,.3500
29004,5254,.6500
29005,5222,.5000
29005,5254,.5000
29006,5222,.5000
29006,5254,.5000
29007,5222,.6250
29007,5254,.3750
29008,5222,.6522
29008,5254,.3478
29009,5222,.7000
29009,5254,.3000
29010,5222,.8000
29010,5254,.2000
29011,5222,.8500
29011,5254,.1500
29012,5222,1.0000
29013,5222,1.0000
29014,5222,1.0000
29015,5222,1.0000
29016,5222,1.0000
29017,5222,1.0000
29018,5222,1.0000
29019,5222,1.0000
29020,5222,1.0000
29021,5222,1.0000
29022,5222,1.0000
29023,5222,1.0000
29024,5222,1.0000
29025,5222,1.0000
29026,5222,1.0000
29027,5222,1.0000
29028,5222,1.0000
29029,5222,1.0000
29030,5222,1.0000
29031,5222,1.0000
29032,5222,1.0000
29033,5222,1.0000
29034,5222,1.0000
29035,5222,1.0000
29036,5222,1.0000
29037,5222,1.0000
29038,5222,1.0000
29039,5222,1.0000
29040,5222,1.0000
29041,5222,1.0000
29042,5222,1.0000
29043,5222,1.0000
29044,5222,1.0000
29045,5222,1.0000
29046,5222,1.0000
29047,5222,1.0000
29048,5222,1.0000
29049,5222,1.0000
29050,5222,1.0000
29051,5222,1.0000
29052,5222,1.0000
29053,5222,1.0000
29054,5222,.8000
29054,5254,.2000
29055,5254,1.0000
29056,5254,1.0000
29057,5254,1.0000
29058,5254,1.0000
29059,5254,1.0000
29060,5254,1.0000
29061,5254,1.0000
29062,5254,1.0000
29063,5254,1.0000
29064,5254,1.0000
29065,5254,1.0000
29066,5254,1.0000
29067,5254,1.0000
29068,5254,1.0000
29069,5254,1.0000
29070,5254,1.0000
29071,5254,1.0000
29072,5254,1.0000
29073,5254,1.0000
29074,5254,1.0000
29075,5254,1.0000
29076,5254,1.0000
29077,5254,1.0000
29078,5254,1.0000
29079,5254,1.0000
29080,5254,1.0000
29081,5254,1.0000
29082,-999,.0435
29082,5254,.9565
29083,5254,1.0000
29084,5254,1.0000
29085,5254,1.0000
29086,5254,.9200
29086,-999,.0800
29087,-999,.3889
29087,5254,.6111
29088,5254,.5000
29088,-999,.5000
29089,5254,.6250
29089,-999,.3750
29090,5254,.9000
29090,-999,.1000
29091,5254,1.0000
29092,5254,1.0000
29093,5254,1.0000
29094,5254,1.0000
29095,5254,1.0000
29096,5254,1.0000
29097,5254,1.0000
29098,5254,1.0000
29099,5254,1.0000
29100,5254,1.0000
29101,5254,1.0000
29102,5254,1.0000
29103,5254,1.0000
29104,5254,1.0000
29105,5254,1.0000
29106,5254,1.0000
29107,5254,1.0000
29108,5254,1.0000
29109,5254,1.0000
29110,5254,.9412
29110,5222,.0588
29111,5254,.9000
29111,5222,.1000
29112,5254,1.0000
29113,5254,1.0000
29114,5254,1.0000
29115,5254,1.0000
29116,5254,1.0000
29117,5254,1.0000
29118,5254,1.0000
29119,5254,1.0000
29120,5254,1.0000
29121,5254,1.0000
29122,5254,1.0000
29123,5254,1.0000
29124,5254,1.0000
29125,5254,.8000
29125,5222,.2000
29126,5222,.9375
29126,5254,.0625
29127,5222,1.0000
29128,5222,1.0000
29129,5222,1.0000
29130,5222,1.0000
29131,5222,.7917
29131,5254,.2083
29132,5254,.7500
29132,5222,.2500
29133,5254,1.0000
29134,5254,1.0000
29135,5254,1.0000
29136,5254,1.0000
29137,5254,1.0000
29138,5254,1.0000
29139,5254,1.0000
29140,5254,1.0000
29141,5254,1.0000
29142,5254,1.0000
29143,5254,1.0000
29144,5254,1.0000
29145,5254,1.0000
29146,5254,1.0000
29147,5254,1.0000
29148,5254,1.0000
29149,5254,1.0000
29150,5254,1.0000
29151,5254,1.0000
29152,5254,1.0000
29153,5254,1.0000
29154,5254,1.0000
29155,5254,1.0000
29156,5254,1.0000
29157,5254,1.0000
29158,5254,1.0000
29159,5254,1.0000
29160,5254,1.0000
29161,5254,1.0000
29162,5254,1.0000
29163,5254,1.0000
29164,5254,1.0000
29165,5254,1.0000
29166,5254,1.0000
29167,5254,1.0000
29168,5254,1.0000
29169,5254,1.0000
29170,5254,1.0000
29171,5254,1.0000
29172,5254,1.0000
29173,5254,1.0000
29174,5254,1.0000
29175,5254,1.0000
29176,5254,1.0000
29177,5254,1.0000
29178,5254,1.0000
29179,5254,1.0000
29180,5254,1.0000
29181,5254,1.0000
29182,5254,1.0000
29183,5254,1.0000
29184,5254,1.0000
29185,5254,1.0000
29186,5254,1.0000
29187,5254,1.0000
29188,5254,.7647
29188,-999,.2353
29189,-999,1.0000
29190,-999,1.0000
29191,-999,1.0000
29192,-999,1.0000
29193,-999,1.0000
29194,-999,1.0000
29195,-999,1.0000
29196,-999,1.0000
29197,-999,1.0000
29198,-999,1.0000
29199,-999,1.0000
29200,-999,1.0000
29201,-999,1.0000
29202,-999,1.0000
29203,-999,1.0000
29204,-999,1.0000
29205,-999,1.0000
29206,-999,1.0000
29207,-999,1.0000
29208,-999,1.0000
29209,-999,1.0000
29210,-999,1.0000
29211,-999,1.0000
29212,-999,1.0000
29213,5254,1.0000
29214,5254,1.0000
29215,5254,1.0000
29216,5254,1.0000
29217,5254,1.0000
29218,5254,1.0000
29219,5254,1.0000
29220,5254,1.0000
29221,5254,1.0000
29222,5254,1.0000
29223,5254,1.0000
29224,5254,1.0000
29225,5254,1.0000
29226,5254,1.0000
29227,5254,1.0000
29228,5254,1.0000
29229,5254,1.0000
29230,5254,1.0000
29231,5254,1.0000
29232,5254,1.0000
29233,5254,1.0000
29234,5254,1.0000
29235,5254,1.0000
29236,5254,1.0000
29237,5254,1.0000
29238,5254,1.0000
29239,5254,1.0000
29240,5254,1.0000
29241,5254,1.0000
29242,5254,1.0000
29243,5254,1.0000
29244,5254,1.0000
29245,5254,1.0000
29246,5254,1.0000
29247,5254,1.0000
29248,5254,1.0000
29249,5254,1.0000
29250,5254,1.0000
29251,5254,1.0000
29252,5254,1.0000
29253,5254,1.0000
29254,5254,1.0000
29255,5254,1.0000
29256,5254,1.0000
29257,5254,1.0000
29258,5254,1.0000
29259,5254,1.0000
29260,5254,1.0000
29261,5254,1.0000
29262,5254,1.0000
29263,5254,1.0000
29264,5254,1.0000
29265,5254,1.0000
29266,5254,1.0000
29267,5254,1.0000
29268,5254,1.0000
29269,5254,1.0000
29270,5254,1.0000
29271,5254,1.0000
29272,5254,1.0000
29273,5254,1.0000
29274,5254,1.0000
29275,5254,1.0000
29276,5254,1.0000
29277,5254,1.0000
29278,5254,1.0000
29279,5254,.9375
29279,5222,.0625
29280,5222,.4000
29280,5254,.6000
29281,5222,.8125
29281,5254,.1875
29282,5222,1.0000
29283,5222,1.0000
29284,5222,1.0000
29285,5222,1.0000
29286,5222,1.0000
29287,5222,1.0000
29288,5222,1.0000
29289,5222,1.0000
29290,5222,1.0000
29291,5222,1.0000
29292,5222,1.0000
29293,5222,1.0000
29294,5222,1.0000
29295,5222,1.0000
29296,5222,1.0000
29297,5222,1.0000
29298,5222,1.0000
29299,5222,1.0000
29300,5222,1.0000
29301,5222,1.0000
29302,5222,1.0000
29303,5222,1.0000
29304,5222,1.0000
29305,5222,1.0000
29306,5222,1.0000
29307,5222,1.0000
29308,5222,1.0000
29309,5222,1.0000
29310,5222,1.0000
29311,5222,1.0000
29312,5222,1.0000
29313,5222,1.0000
29314,5222,1.0000
29315,5222,1.0000
29316,5222,1.0000
29317,5222,1.0000
29318,5222,1.0000
29319,5222,1.0000
29320,5222,1.0000
29321,5222,1.0000
29322,5222,.9000
29322,5254,.1000
29323,5254,.6875
29323,5222,.3125
29324,5254,1.0000
29325,5254,1.0000
29326,5254,1.0000
29327,5254,1.0000
29328,5254,1.0000
29329,5254,1.0000
29330,5254,1.0000
29331,5254,1.0000
29332,5254,1.0000
29333,5254,1.0000
29334,5254,1.0000
29335,5254,1.0000
29336,5254,1.0000
29337,5254,1.0000
29338,5254,1.0000
29339,5254,1.0000
29340,5254,1.0000
29341,5254,1.0000
29342,5254,1.0000
29343,5254,1.0000
29344,5254,1.0000
29345,5254,1.0000
29346,5254,1.0000
29347,5254,1.0000
29348,5254,1.0000
29349,5254,1.0000
29350,5254,1.0000
29351,5254,1.0000
29352,5254,1.0000
29353,5254,1.0000
29354,5254,1.0000
29355,5254,1.0000
29356,5254,.8182
29356,-999,.1818
29357,-999,.5417
29357,5254,.4583
29358,-999,.7727
29358,5254,.2273
29359,5254,.4583
29359,-999,.5417
29360,5254,.6250
29360,-999,.3750
29361,5254,.6000
29361,-999,.4000
29362,5254,.7500
29362,-999,.2500
29363,5254,.8000
29363,-999,.2000
29364,5254,1.0000
29365,5254,1.0000
29366,5254,1.0000
29367,5254,.8500
29367,5222,.1500
29368,5254,.3750
29368,5222,.6250
29369,5254,.2500
29369,5222,.7500
29370,5254,.2500
29370,5222,.7500
29371,5254,.3500
29371,5222,.6500
29372,5254,.6250
29372,5222,.3750
29373,5254,.9167
29373,5222,.0833
29374,5254,1.0000
29375,5254,1.0000
29376,5254,1.0000
29377,5254,1.0000
29378,5254,.5625
29378,5222,.4375
29379,5222,.7000
29379,5254,.3000
29380,5254,.8750
29380,5222,.1250
29381,5254,1.0000
29382,5254,1.0000
29383,5254,1.0000
29384,5254,1.0000
29385,5254,1.0000
29386,5254,1.0000
29387,5254,1.0000
29388,5254,1.0000
29389,5254,1.0000
29390,5254,1.0000
29391,5254,1.0000
29392,5254,1.0000
29393,5254,1.0000
29394,5254,.6250
29394,5222,.3750
29395,5222,.9500
29395,5254,.0500
29396,5222,1.0000
29397,5222,1.0000
29398,5222,1.0000
29399,5222,1.0000
29400,5222,.9500
29400,5254,.0500
29401,5254,.4400
29401,5222,.5600
29402,5254,.8333
29402,5222,.1667
29403,5254,1.0000
29404,5254,1.0000
29405,5254,1.0000
29406,5254,1.0000
29407,5254,1.0000
29408,5254,1.0000
29409,5254,1.0000
29410,5254,1.0000
29411,5254,1.0000
29412,5254,1.0000
29413,5254,1.0000
29414,5254,1.0000
29415,5254,1.0000
29416,5254,1.0000
29417,5254,1.0000
29418,5254,1.0000
29419,5254,1.0000
29420,5254,1.0000
29421,5254,1.0000
29422,5254,1.0000
29423,5254,1.0000
29424,5254,1.0000
29425,5254,1.0000
29426,5254,1.0000
29427,5254,1.0000
29428,5254,1.0000
29429,5254,1.0000
29430,5254,1.0000
29431,5254,1.0000
29432,5254,1.0000
29433,5254,1.0000
29434,5254,1.0000
29435,5254,1.0000
29436,5254,1.0000
29437,5254,1.0000
29438,5254,1.0000
29439,5254,1.0000
29440,5254,1.0000
29441,5254,1.0000
29442,5254,1.0000
29443,5254,1.0000
29444,5254,1.0000
29445,5254,1.0000
29446,5254,1.0000
29447,5254,1.0000
29448,5254,1.0000
29449,5254,1.0000
29450,5254,1.0000
29451,5254,1.0000
29452,5254,1.0000
29453,5254,1.0000
29454,5254,1.0000
29455,5254,1.0000
29456,5254,.5625
29456,-999,.4375
29457,-999,1.0000
29458,-999,1.0000
29459,-999,1.0000
29460,-999,1.0000
29461,-999,1.0000
29462,-999,1.0000
29463,-999,1.0000
29464,-999,1.0000
29465,-999,1.0000
29466,-999,1.0000
29467,-999,1.0000
29468,-999,1.0000
29469,-999,1.0000
29470,-999,1.0000
29471,-999,1.0000
29472,-999,1.0000
29473,-999,1.0000
29474,-999,1.0000
29475,-999,1.0000
29476,-999,1.0000
29477,-999,1.0000
29478,-999,1.0000
29479,-999,1.0000
29480,-999,1.0000
29481,5254,1.0000
29482,5254,1.0000
29483,5254,1.0000
29484,5254,1.0000
29485,5254,1.0000
29486,5254,1.0000
29487,5254,1.0000
29488,5254,1.0000
29489,5254,1.0000
29490,5254,1.0000
29491,5254,1.0000
29492,5254,1.0000
29493,5254,1.0000
29494,5254,1.0000
29495,5254,1.0000
29496,5254,1.0000
29497,5254,1.0000
29498,5254,1.0000
29499,5254,1.0000
29500,5254,1.0000
29501,5254,1.0000
29502,5254,1.0000
29503,5254,1.0000
29504,5254,1.0000
29505,5254,1.0000
29506,5254,1.0000
29507,5254,1.0000
29508,5254,1.0000
29509,5254,1.0000
29510,5254,1.0000
29511,5254,1.0000
29512,5254,1.0000
29513,5254,1.0000
29514,5254,1.0000
29515,5254,1.0000
29516,5254,1.0000
29517,5254,1.0000
29518,5254,1.0000
29519,5254,1.0000
29520,5254,1.0000
29521,5254,1.0000
29522,5254,1.0000
29523,5254,1.0000
29524,5254,1.0000
29525,5254,1.0000
29526,5254,1.0000
29527,5254,1.0000
29528,5254,1.0000
29529,5254,1.0000
29530,5254,1.0000
29531,5254,1.0000
29532,5254,1.0000
29533,5254,1.0000
29534,5254,1.0000
29535,5254,1.0000
29536,5254,1.0000
29537,5254,1.0000
29538,5254,1.0000
29539,5254,1.0000
29540,5254,1.0000
29541,5254,1.0000
29542,5254,1.0000
29543,5254,1.0000
29544,5254,1.0000
29545,5254,1.0000
29546,5254,1.0000
29547,5254,1.0000
29548,5254,1.0000
29549,5254,.6875
29549,5222,.3125
29550,5222,.9500
29550,5254,.0500
29551,5222,1.0000
29552,5222,1.0000
29553,5222,1.0000
29554,5222,1.0000
29555,5222,1.0000
29556,5222,1.0000
29557,5222,1.0000
29558,5222,1.0000
29559,5222,1.0000
29560,5222,1.0000
29561,5222,1.0000
29562,5222,1.0000
29563,5222,1.0000
29564,5222,1.0000
29565,5222,1.0000
29566,5222,1.0000
29567,5222,1.0000
29568,5222,1.0000
29569,5222,1.0000
29570,5222,1.0000
29571,5222,1.0000
29572,5222,1.0000
29573,5222,1.0000
29574,5222,1.0000
29575,5222,1.0000
29576,5222,1.0000
29577,5222,1.0000
29578,5222,1.0000
29579,5222,1.0000
29580,5222,1.0000
29581,5222,1.0000
29582,5222,1.0000
29583,5222,1.0000
29584,5222,1.0000
29585,5222,1.0000
29586,5222,1.0000
29587,5222,1.0000
29588,5222,1.0000
29589,5222,1.0000
29590,5222,1.0000
29591,5222,.9375
29591,5254,.0625
29592,5254,.4500
29592,5222,.5500
29593,5254,.9375
29593,5222,.0625
29594,5254,1.0000
29595,5254,1.0000
29596,5254,1.0000
29597,5254,1.0000
29598,5254,1.0000
29599,5254,1.0000
29600,5254,1.0000
29601,5254,1.0000
29602,5254,1.0000
29603,5254,1.0000
29604,5254,1.0000
29605,5254,1.0000
29606,5254,1.0000
29607,5254,1.0000
29608,5254,1.0000
29609,5254,1.0000
29610,5254,1.0000
29611,5254,1.0000
29612,5254,1.0000
29613,5254,1.0000
29614,5254,1.0000
29615,5254,1.0000
29616,5254,1.0000
29617,5254,1.0000
29618,5254,1.0000
29619,5254,1.0000
29620,5254,1.0000
29621,5254,1.0000
29622,5254,1.0000
29623,5254,1.0000
29624,5254,1.0000
29625,5254,1.0000
29626,5254,.8750
29626,-999,.1250
29627,-999,.4545
29627,5254,.5455
29628,-999,.4500
29628,5254,.5500
29629,-999,.1600
29629,5254,.8400
29630,5254,1.0000
29631,5254,1.0000
29632,5254,1.0000
29633,5254,1.0000
29634,5254,1.0000
29635,5254,.4000
29635,5222,.6000
29636,5222,1.0000
29637,5222,1.0000
29638,5222,1.0000
29639,5222,1.0000
29640,5222,1.0000
29641,5222,.8000
29641,5254,.2000
29642,5254,.5000
29642,5222,.5000
29643,5254,.6000
29643,5222,.4000
29644,5254,.9444
29644,5222,.0556
29645,5254,1.0000
29646,5254,.6000
29646,5222,.4000
29647,5222,1.0000
29648,5222,.8125
29648,5254,.1875
29649,5254,.8500
29649,5222,.1500
29650,5254,1.0000
29651,5254,1.0000
29652,5254,1.0000
29653,5254,1.0000
29654,5254,1.0000
29655,5254,1.0000
29656,5254,1.0000
29657,5254,1.0000
29658,5254,1.0000
29659,5254,1.0000
29660,5254,1.0000
29661,5254,1.0000
29662,5254,1.0000
29663,5254,.3500
29663,5222,.6500
29664,5222,1.0000
29665,5222,1.0000
29666,5222,1.0000
29667,5222,1.0000
29668,5222,1.0000
29669,5222,1.0000
29670,5254,.2105
29670,5222,.7895
29671,5254,.5600
29671,5222,.4400
29672,5254,.8500
29672,5222,.1500
29673,5254,1.0000
29674,5254,1.0000
29675,5254,1.0000
29676,5254,1.0000
29677,5254,1.0000
29678,5254,1.0000
29679,5254,1.0000
29680,5254,1.0000
29681,5254,1.0000
29682,5254,1.0000
29683,5254,1.0000
29684,5254,1.0000
29685,5254,1.0000
29686,5254,1.0000
29687,5254,1.0000
29688,5254,1.0000
29689,5254,1.0000
29690,5254,1.0000
29691,5254,1.0000
29692,5254,1.0000
29693,5254,1.0000
29694,5254,1.0000
29695,5254,1.0000
29696,5254,1.0000
29697,5254,1.0000
29698,5254,1.0000
29699,5254,1.0000
29700,5254,1.0000
29701,5254,1.0000
29702,5254,1.0000
29703,5254,1.0000
29704,5254,1.0000
29705,5254,1.0000
29706,5254,1.0000
29707,5254,1.0000
29708,5254,1.0000
29709,5254,1.0000
29710,5254,1.0000
29711,5254,1.0000
29712,5254,1.0000
29713,5254,1.0000
29714,5254,1.0000
29715,5254,1.0000
29716,5254,1.0000
29717,5254,1.0000
29718,5254,1.0000
29719,5254,1.0000
29720,5254,1.0000
29721,5254,1.0000
29722,5254,1.0000
29723,5254,1.0000
29724,5254,.5000
29724,-999,.5000
29725,-999,1.0000
29726,-999,1.0000
29727,-999,1.0000
29728,-999,1.0000
29729,-999,1.0000
29730,-999,1.0000
29731,-999,1.0000
29732,-999,1.0000
29733,-999,1.0000
29734,-999,1.0000
29735,-999,1.0000
29736,-999,1.0000
29737,-999,1.0000
29738,-999,1.0000
29739,-999,1.0000
29740,-999,1.0000
29741,-999,1.0000
29742,-999,1.0000
29743,-999,1.0000
29744,-999,1.0000
29745,-999,1.0000
29746,-999,1.0000
29747,-999,1.0000
29748,-999,1.0000
29749,5254,1.0000
29750,5254,1.0000
29751,5254,1.0000
29752,5254,1.0000
29753,5254,1.0000
29754,5254,1.0000
29755,5254,1.0000
29756,5254,1.0000
29757,5254,1.0000
29758,5254,1.0000
29759,5254,1.0000
29760,5254,1.0000
29761,5254,1.0000
29762,5254,1.0000
29763,5254,1.0000
29764,5254,1.0000
29765,5254,1.0000
29766,5254,1.0000
29767,5254,1.0000
29768,5254,1.0000
29769,5254,1.0000
29770,5254,1.0000
29771,5254,1.0000
29772,5254,1.0000
29773,5254,1.0000
29774,5254,1.0000
29775,5254,1.0000
29776,5254,1.0000
29777,5254,1.0000
29778,5254,1.0000
29779,5254,1.0000
29780,5254,1.0000
29781,5254,1.0000
29782,5254,1.0000
29783,5254,1.0000
29784,5254,1.0000
29785,5254,1.0000
29786,5254,1.0000
29787,5254,1.0000
29788,5254,1.0000
29789,5254,1.0000
29790,5254,1.0000
29791,5254,1.0000
29792,5254,1.0000
29793,5254,1.0000
29794,5254,1.0000
29795,5254,1.0000
29796,5254,1.0000
29797,5254,1.0000
29798,5254,1.0000
29799,5254,1.0000
29800,5254,1.0000
29801,5254,1.0000
29802,5254,1.0000
29803,5254,1.0000
29804,5254,1.0000
29805,5254,1.0000
29806,5254,1.0000
29807,5254,1.0000
29808,5254,1.0000
29809,5254,1.0000
29810,5254,1.0000
29811,5254,1.0000
29812,5254,1.0000
29813,5254,1.0000
29814,5254,1.0000
29815,5254,1.0000
29816,5254,1.0000
29817,5254,1.0000
29818,5254,.3500
29818,5222,.6500
29819,5222,1.0000
29820,5222,1.0000
29821,5222,1.0000
29822,5222,1.0000
29823,5222,1.0000
29824,5222,1.0000
29825,5222,1.0000
29826,5222,1.0000
29827,5222,1.0000
29828,5222,1.0000
29829,5222,1.0000
29830,5222,1.0000
29831,5222,1.0000
29832,5222,1.0000
29833,5222,1.0000
29834,5222,1.0000
29835,5222,1.0000
29836,5222,1.0000
29837,5222,1.0000
29838,5222,1.0000
29839,5222,1.0000
29840,5222,1.0000
29841,5222,1.0000
29842,5222,1.0000
29843,5222,1.0000
29844,5222,1.0000
29845,5222,1.0000
29846,5222,1.0000
29847,5222,1.0000
29848,5222,1.0000
29849,5222,1.0000
29850,5222,1.0000
29851,5222,1.0000
29852,5222,1.0000
29853,5222,1.0000
29854,5222,1.0000
29855,5222,1.0000
29856,5222,1.0000
29857,5222,1.0000
29858,5222,1.0000
29859,5222,1.0000
29860,5222,1.0000
29861,5222,.6875
29861,5254,.3125
29862,5254,.8500
29862,5222,.1500
29863,5254,1.0000
29864,5254,1.0000
29865,5254,1.0000
29866,5254,1.0000
29867,5254,1.0000
29868,5254,1.0000
29869,5254,1.0000
29870,5254,1.0000
29871,5254,1.0000
29872,5254,1.0000
29873,5254,1.0000
29874,5254,1.0000
29875,5254,1.0000
29876,5254,1.0000
29877,5254,1.0000
29878,5254,1.0000
29879,5254,1.0000
29880,5254,1.0000
29881,5254,1.0000
29882,5254,1.0000
29883,5254,1.0000
29884,5254,1.0000
29885,5254,1.0000
29886,5254,1.0000
29887,5254,1.0000
29888,5254,1.0000
29889,5254,1.0000
29890,5254,1.0000
29891,5254,1.0000
29892,5254,1.0000
29893,5254,1.0000
29894,5254,1.0000
29895,5254,1.0000
29896,5254,1.0000
29897,5254,1.0000
29898,5254,1.0000
29899,5254,1.0000
29900,5254,1.0000
29901,5254,1.0000
29902,5254,.7000
29902,5222,.3000
29903,5254,.0417
29903,5222,.9583
29904,5222,1.0000
29905,5222,1.0000
29906,5222,1.0000
29907,5222,1.0000
29908,5222,1.0000
29909,5222,1.0000
29910,5222,1.0000
29911,5222,1.0000
29912,5222,.6250
29912,5254,.3750
29913,5254,.9500
29913,5222,.0500
29914,5254,.5625
29914,5222,.4375
29915,5222,1.0000
29916,5222,1.0000
29917,5222,.7600
29917,5254,.2400
29918,5254,.9000
29918,5222,.1000
29919,5254,1.0000
29920,5254,1.0000
29921,5254,1.0000
29922,5254,1.0000
29923,5254,1.0000
29924,5254,1.0000
29925,5254,1.0000
29926,5254,1.0000
29927,5254,1.0000
29928,5254,1.0000
29929,5254,1.0000
29930,5254,1.0000
29931,5254,.4400
29931,5222,.5600
29932,5222,1.0000
29933,5222,1.0000
29934,5222,1.0000
29935,5222,1.0000
29936,5222,1.0000
29937,5222,1.0000
29938,5222,1.0000
29939,5222,1.0000
29940,5254,.1176
29940,5222,.8824
29941,5254,.5200
29941,5222,.4800
29942,5254,.7000
29942,5222,.3000
29943,5254,.9091
29943,5222,.0909
29944,5254,1.0000
29945,5254,1.0000
29946,5254,1.0000
29947,5254,1.0000
29948,5254,1.0000
29949,5254,1.0000
29950,5254,1.0000
29951,5254,1.0000
29952,5254,1.0000
29953,5254,1.0000
29954,5254,1.0000
29955,5254,1.0000
29956,5254,1.0000
29957,5254,1.0000
29958,5254,1.0000
29959,5254,.8000
29959,5222,.2000
29960,5254,.5500
29960,5222,.4500
29961,5254,.8333
29961,5222,.1667
29962,5254,1.0000
29963,5254,1.0000
29964,5254,1.0000
29965,5254,1.0000
29966,5254,1.0000
29967,5254,1.0000
29968,5254,1.0000
29969,5254,1.0000
29970,5254,1.0000
29971,5254,1.0000
29972,5254,1.0000
29973,5254,1.0000
29974,5254,1.0000
29975,5254,1.0000
29976,5254,1.0000
29977,5254,1.0000
29978,5254,1.0000
29979,5254,1.0000
29980,5254,1.0000
29981,5254,1.0000
29982,5254,1.0000
29983,5254,1.0000
29984,5254,1.0000
29985,5254,1.0000
29986,5254,1.0000
29987,5254,1.0000
29988,5254,1.0000
29989,5254,1.0000
29990,5254,1.0000
29991,5254,1.0000
29992,5254,.4211
29992,-999,.5789
29993,-999,1.0000
29994,-999,1.0000
29995,-999,1.0000
29996,-999,1.0000
29997,-999,1.0000
29998,-999,1.0000
29999,-999,1.0000
30000,-999,1.0000
30001,-999,1.0000
30002,-999,1.0000
30003,-999,1.0000
30004,-999,1.0000
30005,-999,1.0000
30006,-999,1.0000
30007,-999,1.0000
30008,-999,1.0000
30009,-999,1.0000
30010,-999,1.0000
30011,-999,1.0000
30012,-999,1.0000
30013,-999,1.0000
30014,-999,1.0000
30015,-999,1.0000
30016,-999,1.0000
30017,5254,1.0000
30018,5254,1.0000
30019,5254,1.0000
30020,5254,1.0000
30021,5254,1.0000
30022,5254,1.0000
30023,5254,1.0000
30024,5254,1.0000
30025,5254,1.0000
30026,5254,1.0000
30027,5254,1.0000
30028,5254,1.0000
30029,5254,1.0000
30030,5254,1.0000
30031,5254,1.0000
30032,5254,1.0000
30033,5254,1.0000
30034,5254,1.0000
30035,5254,1.0000
30036,5254,1.0000
30037,5254,1.0000
30038,5254,1.0000
30039,5254,1.0000
30040,5254,1.0000
30041,5254,1.0000
30042,5254,1.0000
30043,5254,1.0000
30044,5254,1.0000
30045,5254,1.0000
30046,5254,1.0000
30047,5254,1.0000
30048,5254,1.0000
30049,5254,1.0000
30050,5254,1.0000
30051,5254,1.0000
30052,5254,1.0000
30053,5254,1.0000
30054,5254,1.0000
30055,5254,1.0000
30056,5254,1.0000
30057,5254,1.0000
30058,5254,1.0000
30059,5254,1.0000
30060,5254,1.0000
30061,5254,1.0000
30062,5254,1.0000
30063,5254,1.0000
30064,5254,1.0000
30065,5254,1.0000
30066,5254,1.0000
30067,5254,1.0000
30068,5254,1.0000
30069,5254,1.0000
30070,5254,1.0000
30071,5254,1.0000
30072,5254,1.0000
30073,5254,1.0000
30074,5254,1.0000
30075,5254,1.0000
30076,5254,1.0000
30077,5254,1.0000
30078,5254,1.0000
30079,5254,1.0000
30080,5254,1.0000
30081,5254,1.0000
30082,5254,1.0000
30083,5254,1.0000
30084,5254,1.0000
30085,5254,1.0000
30086,5254,.8400
30086,5222,.1600
30087,5222,.6000
30087,5254,.4000
30088,5222,.9200
30088,5254,.0800
30089,5222,1.0000
30090,5222,1.0000
30091,5222,1.0000
30092,5222,1.0000
30093,5222,1.0000
30094,5222,1.0000
30095,5222,1.0000
30096,5222,1.0000
30097,5222,1.0000
30098,5222,1.0000
30099,5222,1.0000
30100,5222,1.0000
30101,5222,1.0000
30102,5222,1.0000
30103,5222,1.0000
30104,5222,1.0000
30105,5222,1.0000
30106,5222,1.0000
30107,5222,1.0000
30108,5222,1.0000
30109,5222,1.0000
30110,5222,1.0000
30111,5222,1.0000
30112,5222,1.0000
30113,5222,1.0000
30114,5222,1.0000
30115,5222,1.0000
30116,5222,1.0000
30117,5222,1.0000
30118,5222,1.0000
30119,5222,1.0000
30120,5222,1.0000
30121,5222,1.0000
30122,5222,1.0000
30123,5222,1.0000
30124,5222,1.0000
30125,5222,1.0000
30126,5222,1.0000
30127,5222,1.0000
30128,5222,1.0000
30129,5222,1.0000
30130,5222,.7000
30130,5254,.3000
30131,5254,.8750
30131,5222,.1250
30132,5254,1.0000
30133,5254,1.0000
30134,5254,1.0000
30135,5254,1.0000
30136,5254,1.0000
30137,5254,1.0000
30138,5254,1.0000
30139,5254,1.0000
30140,5254,1.0000
30141,5254,1.0000
30142,5254,1.0000
30143,5254,1.0000
30144,5254,1.0000
30145,5254,1.0000
30146,5254,1.0000
30147,5254,1.0000
30148,5254,1.0000
30149,5254,1.0000
30150,5254,1.0000
30151,5254,1.0000
30152,5254,1.0000
30153,5254,1.0000
30154,5254,1.0000
30155,5254,1.0000
30156,5254,1.0000
30157,5254,1.0000
30158,5254,1.0000
30159,5254,1.0000
30160,5254,1.0000
30161,5254,1.0000
30162,5254,1.0000
30163,5254,.7000
30163,5222,.3000
30164,5254,.5000
30164,5222,.5000
30165,5254,.9000
30165,5222,.1000
30166,5254,1.0000
30167,5254,1.0000
30168,5254,1.0000
30169,5254,1.0000
30170,5254,.3125
30170,5222,.6875
30171,5222,1.0000
30172,5222,1.0000
30173,5222,1.0000
30174,5222,1.0000
30175,5222,1.0000
30176,5222,1.0000
30177,5222,1.0000
30178,5222,1.0000
30179,5222,1.0000
30180,5222,1.0000
30181,5222,.7500
30181,5254,.2500
30182,5254,.0625
30182,5222,.9375
30183,5222,1.0000
30184,5222,1.0000
30185,5222,1.0000
30186,5222,.3750
30186,5254,.6250
30187,5254,1.0000
30188,5254,1.0000
30189,5254,1.0000
30190,5254,1.0000
30191,5254,1.0000
30192,5254,1.0000
30193,5254,1.0000
30194,5254,1.0000
30195,5254,1.0000
30196,5254,1.0000
30197,5254,1.0000
30198,5254,.7500
30198,5222,.2500
30199,5222,.8571
30199,5254,.1429
30200,5222,1.0000
30201,5222,1.0000
30202,5222,1.0000
30203,5222,1.0000
30204,5222,1.0000
30205,5222,1.0000
30206,5222,1.0000
30207,5222,1.0000
30208,5222,1.0000
30209,5222,1.0000
30210,5222,1.0000
30211,5254,.2174
30211,5222,.7826
30212,5254,.3913
30212,5222,.6087
30213,5254,.6667
30213,5222,.3333
30214,5254,.9444
30214,5222,.0556
30215,5254,1.0000
30216,5254,1.0000
30217,5254,1.0000
30218,5254,1.0000
30219,5254,1.0000
30220,5254,1.0000
30221,5254,1.0000
30222,5254,1.0000
30223,5254,1.0000
30224,5254,1.0000
30225,5254,1.0000
30226,5254,.7000
30226,5222,.3000
30227,5254,.0625
30227,5222,.9375
30228,5222,1.0000
30229,5222,.9375
30229,5254,.0625
30230,5254,.4091
30230,5222,.5909
30231,5254,.7000
30231,5222,.3000
30232,5254,.9583
30232,5222,.0417
30233,5254,1.0000
30234,5254,1.0000
30235,5254,1.0000
30236,5254,1.0000
30237,5254,1.0000
30238,5254,1.0000
30239,5254,1.0000
30240,5254,1.0000
30241,5254,1.0000
30242,5254,1.0000
30243,5254,1.0000
30244,5254,1.0000
30245,5254,1.0000
30246,5254,1.0000
30247,5254,1.0000
30248,5254,1.0000
30249,5254,1.0000
30250,5254,1.0000
30251,5254,1.0000
30252,5254,1.0000
30253,5254,1.0000
30254,5254,1.0000
30255,5254,1.0000
30256,5254,1.0000
30257,5254,1.0000
30258,5254,1.0000
30259,5254,1.0000
30260,5254,.4000
30260,-999,.6000
30261,-999,1.0000
30262,-999,1.0000
30263,-999,1.0000
30264,-999,1.0000
30265,-999,1.0000
30266,-999,1.0000
30267,-999,1.0000
30268,-999,1.0000
30269,-999,1.0000
30270,-999,1.0000
30271,-999,1.0000
30272,-999,1.0000
30273,-999,1.0000
30274,-999,1.0000
30275,-999,1.0000
30276,-999,1.0000
30277,-999,1.0000
30278,-999,1.0000
30279,-999,1.0000
30280,-999,1.0000
30281,-999,1.0000
30282,-999,1.0000
30283,-999,1.0000
30284,-999,1.0000
30285,5254,1.0000
30286,5254,1.0000
30287,5254,1.0000
30288,5254,1.0000
30289,5254,1.0000
30290,5254,1.0000
30291,5254,1.0000
30292,5254,1.0000
30293,5254,1.0000
30294,5254,1.0000
30295,5254,1.0000
30296,5254,1.0000
30297,5254,1.0000
30298,5254,1.0000
30299,5254,1.0000
30300,5254,1.0000
30301,5254,1.0000
30302,5254,1.0000
30303,5254,1.0000
30304,5254,1.0000
30305,5254,1.0000
30306,5254,1.0000
30307,5254,1.0000
30308,5254,1.0000
30309,5254,1.0000
30310,5254,1.0000
30311,5254,1.0000
30312,5254,1.0000
30313,5254,1.0000
30314,5254,1.0000
30315,5254,1.0000
30316,5254,1.0000
30317,5254,1.0000
30318,5254,1.0000
30319,5254,1.0000
30320,5254,1.0000
30321,5254,1.0000
30322,5254,1.0000
30323,5254,1.0000
30324,5254,1.0000
30325,5254,1.0000
30326,5254,1.0000
30327,5254,1.0000
30328,5254,1.0000
30329,5254,1.0000
30330,5254,1.0000
30331,5254,1.0000
30332,5254,1.0000
30333,5254,1.0000
30334,5254,1.0000
30335,5254,1.0000
30336,5254,1.0000
30337,5254,1.0000
30338,5254,1.0000
30339,5254,1.0000
30340,5254,1.0000
30341,5254,1.0000
30342,5254,1.0000
30343,5254,1.0000
30344,5254,1.0000
30345,5254,1.0000
30346,5254,1.0000
30347,5254,1.0000
30348,5254,1.0000
30349,5254,1.0000
30350,5254,1.0000
30351,5254,1.0000
30352,5254,1.0000
30353,5254,1.0000
30354,5254,1.0000
30355,5254,1.0000
30356,5254,.6500
30356,5222,.3500
30357,5222,1.0000
30358,5222,1.0000
30359,5222,1.0000
30360,5222,1.0000
30361,5222,1.0000
30362,5222,1.0000
30363,5222,1.0000
30364,5222,1.0000
30365,5222,1.0000
30366,5222,1.0000
30367,5222,1.0000
30368,5222,1.0000
30369,5222,1.0000
30370,5222,1.0000
30371,5222,1.0000
30372,5222,1.0000
30373,5222,1.0000
30374,5222,1.0000
30375,5222,1.0000
30376,5222,1.0000
30377,5222,1.0000
30378,5222,1.0000
30379,5222,1.0000
30380,5222,1.0000
30381,5222,1.0000
30382,5222,1.0000
30383,5222,1.0000
30384,5222,1.0000
30385,5222,1.0000
30386,5222,1.0000
30387,5222,1.0000
30388,5222,1.0000
30389,5222,1.0000
30390,5222,1.0000
30391,5222,1.0000
30392,5222,1.0000
30393,5222,1.0000
30394,5222,1.0000
30395,5222,1.0000
30396,5222,1.0000
30397,5222,1.0000
30398,5222,1.0000
30399,5222,.8571
30399,5254,.1429
30400,5254,.6800
30400,5222,.3200
30401,5254,1.0000
30402,5254,1.0000
30403,5254,1.0000
30404,5254,1.0000
30405,5254,1.0000
30406,5254,1.0000
30407,5254,1.0000
30408,5254,1.0000
30409,5254,1.0000
30410,5254,1.0000
30411,5254,1.0000
30412,5254,1.0000
30413,5254,1.0000
30414,5254,1.0000
30415,5254,1.0000
30416,5254,1.0000
30417,5254,1.0000
30418,5254,1.0000
30419,5254,1.0000
30420,5254,1.0000
30421,5254,1.0000
30422,5254,1.0000
30423,5254,1.0000
30424,5254,1.0000
30425,5254,1.0000
30426,5254,1.0000
30427,5254,1.0000
30428,5254,1.0000
30429,5254,.6957
30429,5222,.3043
30430,5254,.3125
30430,5222,.6875
30431,5254,.0500
30431,5222,.9500
30432,5222,1.0000
30433,5222,.4000
30433,5254,.6000
30434,5254,1.0000
30435,5254,1.0000
30436,5254,1.0000
30437,5254,.8500
30437,5222,.1500
30438,5254,.0625
30438,5222,.9375
30439,5222,1.0000
30440,5222,1.0000
30441,5222,1.0000
30442,5222,1.0000
30443,5222,1.0000
30444,5222,1.0000
30445,5222,1.0000
30446,5222,1.0000
30447,5222,1.0000
30448,5222,1.0000
30449,5222,1.0000
30450,5222,1.0000
30451,5222,1.0000
30452,5222,1.0000
30453,5222,1.0000
30454,5222,.6875
30454,5254,.3125
30455,5254,1.0000
30456,5254,1.0000
30457,5254,1.0000
30458,5254,1.0000
30459,5254,1.0000
30460,5254,1.0000
30461,5254,1.0000
30462,5254,1.0000
30463,5254,1.0000
30464,5254,1.0000
30465,5254,.6316
30465,5222,.3684
30466,5254,.0526
30466,5222,.9474
30467,5222,1.0000
30468,5222,1.0000
30469,5222,1.0000
30470,5222,1.0000
30471,5222,1.0000
30472,5222,1.0000
30473,5222,1.0000
30474,5222,1.0000
30475,5222,1.0000
30476,5222,1.0000
30477,5222,1.0000
30478,5222,1.0000
30479,5222,1.0000
30480,5222,1.0000
30481,5222,1.0000
30482,5222,.8400
30482,5254,.1600
30483,5254,.3000
30483,5222,.7000
30484,5254,.4762
30484,5222,.5238
30485,5254,.5000
30485,5222,.5000
30486,5254,.6500
30486,5222,.3500
30487,5254,.8125
30487,5222,.1875
30488,5254,1.0000
30489,5254,1.0000
30490,5254,1.0000
30491,5254,1.0000
30492,5254,.8400
30492,5222,.1600
30493,5254,.5789
30493,5222,.4211
30494,5254,.1500
30494,5222,.8500
30495,5222,1.0000
30496,5222,1.0000
30497,5222,1.0000
30498,5222,1.0000
30499,5222,1.0000
30500,5254,.3636
30500,5222,.6364
30501,5254,.7000
30501,5222,.3000
30502,5254,.9583
30502,5222,.0417
30503,5254,1.0000
30504,5254,1.0000
30505,5254,1.0000
30506,5254,1.0000
30507,5254,1.0000
30508,5254,1.0000
30509,5254,1.0000
30510,5254,1.0000
30511,5254,1.0000
30512,5254,1.0000
30513,5254,1.0000
30514,5254,1.0000
30515,5254,1.0000
30516,5254,1.0000
30517,5254,1.0000
30518,5254,1.0000
30519,5254,1.0000
30520,5254,1.0000
30521,5254,1.0000
30522,5254,1.0000
30523,5254,1.0000
30524,5254,1.0000
30525,5254,1.0000
30526,5254,1.0000
30527,5254,1.0000
30528,5254,.2500
30528,-999,.7500
30529,-999,1.0000
30530,-999,1.0000
30531,-999,1.0000
30532,-999,1.0000
30533,-999,1.0000
30534,-999,1.0000
30535,-999,1.0000
30536,-999,1.0000
30537,-999,1.0000
30538,-999,1.0000
30539,-999,1.0000
30540,-999,1.0000
30541,-999,1.0000
30542,-999,1.0000
30543,-999,1.0000
30544,-999,1.0000
30545,-999,1.0000
30546,-999,1.0000
30547,-999,1.0000
30548,-999,1.0000
30549,-999,1.0000
30550,-999,1.0000
30551,-999,1.0000
30552,-999,1.0000
30553,5254,1.0000
30554,5254,1.0000
30555,5254,1.0000
30556,5254,1.0000
30557,5254,1.0000
30558,5254,1.0000
30559,5254,1.0000
30560,5254,1.0000
30561,5254,1.0000
30562,5254,1.0000
30563,5254,1.0000
30564,5254,1.0000
30565,5254,1.0000
30566,5254,1.0000
30567,5254,1.0000
30568,5254,1.0000
30569,5254,1.0000
30570,5254,1.0000
30571,5254,1.0000
30572,5254,1.0000
30573,5254,1.0000
30574,5254,1.0000
30575,5254,1.0000
30576,5254,1.0000
30577,5254,1.0000
30578,5254,1.0000
30579,5254,1.0000
30580,5254,1.0000
30581,5254,1.0000
30582,5254,1.0000
30583,5254,1.0000
30584,5254,1.0000
30585,5254,1.0000
30586,5254,1.0000
30587,5254,1.0000
30588,5254,1.0000
30589,5254,1.0000
30590,5254,1.0000
30591,5254,1.0000
30592,5254,1.0000
30593,5254,1.0000
30594,5254,1.0000
30595,5254,1.0000
30596,5254,1.0000
30597,5254,1.0000
30598,5254,1.0000
30599,5254,1.0000
30600,5254,1.0000
30601,5254,1.0000
30602,5254,1.0000
30603,5254,1.0000
30604,5254,1.0000
30605,5254,1.0000
30606,5254,1.0000
30607,5254,1.0000
30608,5254,1.0000
30609,5254,1.0000
30610,5254,1.0000
30611,5254,1.0000
30612,5254,1.0000
30613,5254,1.0000
30614,5254,1.0000
30615,5254,1.0000
30616,5254,1.0000
30617,5254,1.0000
30618,5254,1.0000
30619,5254,1.0000
30620,5254,1.0000
30621,5254,1.0000
30622,5254,1.0000
30623,5254,1.0000
30624,5254,.9500
30624,5222,.0500
30625,5222,.8125
30625,5254,.1875
30626,5222,1.0000
30627,5222,1.0000
30628,5222,1.0000
30629,5222,1.0000
30630,5222,1.0000
30631,5222,1.0000
30632,5222,1.0000
30633,5222,1.0000
30634,5222,1.0000
30635,5222,1.0000
30636,5222,1.0000
30637,5222,1.0000
30638,5222,1.0000
30639,5222,1.0000
30640,5222,1.0000
30641,5222,1.0000
30642,5222,1.0000
30643,5222,1.0000
30644,5222,1.0000
30645,5222,1.0000
30646,5222,1.0000
30647,5222,1.0000
30648,5222,1.0000
30649,5222,1.0000
30650,5222,1.0000
30651,5222,1.0000
30652,5222,1.0000
30653,5222,1.0000
30654,5222,1.0000
30655,5222,1.0000
30656,5222,1.0000
30657,5222,1.0000
30658,5222,1.0000
30659,5222,1.0000
30660,5222,1.0000
30661,5222,1.0000
30662,5222,1.0000
30663,5222,1.0000
30664,5222,1.0000
30665,5222,1.0000
30666,5222,1.0000
30667,5222,1.0000
30668,5222,.9412
30668,5254,.0588
30669,5254,.7000
30669,5222,.3000
30670,5254,1.0000
30671,5254,1.0000
30672,5254,1.0000
30673,5254,1.0000
30674,5254,1.0000
30675,5254,1.0000
30676,5254,1.0000
30677,5254,1.0000
30678,5254,1.0000
30679,5254,1.0000
30680,5254,1.0000
30681,5254,1.0000
30682,5254,1.0000
30683,5254,1.0000
30684,5254,1.0000
30685,5254,1.0000
30686,5254,1.0000
30687,5254,1.0000
30688,5254,1.0000
30689,5254,1.0000
30690,5254,1.0000
30691,5254,1.0000
30692,5254,1.0000
30693,5254,1.0000
30694,5254,1.0000
30695,5254,1.0000
30696,5254,1.0000
30697,5222,.8261
30697,5254,.1739
30698,5222,1.0000
30699,5222,1.0000
30700,5222,1.0000
30701,5222,.7600
30701,5254,.2400
30702,5254,.9412
30702,5222,.0588
30703,5254,1.0000
30704,5254,1.0000
30705,5254,.7000
30705,5222,.3000
30706,5222,1.0000
30707,5222,1.0000
30708,5222,1.0000
30709,5222,1.0000
30710,5222,1.0000
30711,5222,1.0000
30712,5222,1.0000
30713,5222,1.0000
30714,5222,1.0000
30715,5222,1.0000
30716,5222,1.0000
30717,5222,1.0000
30718,5222,1.0000
30719,5222,1.0000
30720,5222,1.0000
30721,5222,1.0000
30722,5222,.7368
30722,5254,.2632
30723,5254,1.0000
30724,5254,1.0000
30725,5254,1.0000
30726,5254,1.0000
30727,5254,1.0000
30728,5254,1.0000
30729,5254,1.0000
30730,5254,1.0000
30731,5254,1.0000
30732,5254,.8500
30732,5222,.1500
30733,5254,.0625
30733,5222,.9375
30734,5222,1.0000
30735,5222,1.0000
30736,5222,1.0000
30737,5222,1.0000
30738,5222,1.0000
30739,5222,1.0000
30740,5222,1.0000
30741,5222,1.0000
30742,5222,1.0000
30743,5222,1.0000
30744,5222,1.0000
30745,5222,1.0000
30746,5222,1.0000
30747,5222,1.0000
30748,5222,1.0000
30749,5222,1.0000
30750,5222,1.0000
30751,5222,1.0000
30752,5222,1.0000
30753,5222,1.0000
30754,5222,1.0000
30755,5222,.9375
30755,5254,.0625
30756,5254,.2500
30756,5222,.7500
30757,5254,.2500
30757,5222,.7500
30758,5254,.2500
30758,5222,.7500
30759,5254,.2500
30759,5222,.7500
30760,5254,.0500
30760,5222,.9500
30761,5222,1.0000
30762,5222,1.0000
30763,5222,1.0000
30764,5222,1.0000
30765,5222,1.0000
30766,5222,1.0000
30767,5222,1.0000
30768,5222,1.0000
30769,5222,1.0000
30770,5254,.3182
30770,5222,.6818
30771,5254,.7000
30771,5222,.3000
30772,5254,.9130
30772,5222,.0870
30773,5254,1.0000
30774,5254,1.0000
30775,5254,1.0000
30776,5254,1.0000
30777,5254,1.0000
30778,5254,1.0000
30779,5254,1.0000
30780,5254,1.0000
30781,5254,1.0000
30782,5254,1.0000
30783,5254,1.0000
30784,5254,1.0000
30785,5254,1.0000
30786,5254,1.0000
30787,5254,1.0000
30788,5254,1.0000
30789,5254,1.0000
30790,5254,1.0000
30791,5254,1.0000
30792,5254,1.0000
30793,5254,1.0000
30794,5254,1.0000
30795,5254,.9091
30795,-999,.0909
30796,5254,.1905
30796,-999,.8095
30797,-999,1.0000
30798,-999,1.0000
30799,-999,1.0000
30800,-999,1.0000
30801,-999,1.0000
30802,-999,1.0000
30803,-999,1.0000
30804,-999,1.0000
30805,-999,1.0000
30806,-999,1.0000
30807,-999,1.0000
30808,-999,1.0000
30809,-999,1.0000
30810,-999,1.0000
30811,-999,1.0000
30812,-999,1.0000
30813,-999,1.0000
30814,-999,1.0000
30815,-999,1.0000
30816,-999,1.0000
30817,-999,1.0000
30818,-999,1.0000
30819,-999,1.0000
30820,-999,1.0000
30821,5254,1.0000
30822,5254,1.0000
30823,5254,1.0000
30824,5254,1.0000
30825,5254,1.0000
30826,5254,1.0000
30827,5254,1.0000
30828,5254,1.0000
30829,5254,1.0000
30830,5254,1.0000
30831,5254,1.0000
30832,5254,1.0000
30833,5254,1.0000
30834,5254,1.0000
30835,5254,1.0000
30836,5254,1.0000
30837,5254,1.0000
30838,5254,1.0000
30839,5254,1.0000
30840,5254,1.0000
30841,5254,1.0000
30842,5254,1.0000
30843,5254,1.0000
30844,5254,1.0000
30845,5254,1.0000
30846,5254,1.0000
30847,5254,1.0000
30848,5254,1.0000
30849,5254,1.0000
30850,5254,1.0000
30851,5254,1.0000
30852,5254,1.0000
30853,5254,1.0000
30854,5254,1.0000
30855,5254,1.0000
30856,5254,1.0000
30857,5254,1.0000
30858,5254,1.0000
30859,5254,1.0000
30860,5254,1.0000
30861,5254,1.0000
30862,5254,1.0000
30863,5254,1.0000
30864,5254,1.0000
30865,5254,1.0000
30866,5254,1.0000
30867,5254,1.0000
30868,5254,1.0000
30869,5254,1.0000
30870,5254,1.0000
30871,5254,1.0000
30872,5254,1.0000
30873,5254,1.0000
30874,5254,1.0000
30875,5254,1.0000
30876,5254,1.0000
30877,5254,1.0000
30878,5254,1.0000
30879,5254,1.0000
30880,5254,1.0000
30881,5254,1.0000
30882,5254,1.0000
30883,5254,1.0000
30884,5254,1.0000
30885,5254,1.0000
30886,5254,1.0000
30887,5254,1.0000
30888,5254,1.0000
30889,5254,1.0000
30890,5254,1.0000
30891,5254,1.0000
30892,5254,1.0000
30893,5254,.2500
30893,5222,.7500
30894,5222,1.0000
30895,5222,1.0000
30896,5222,1.0000
30897,5222,1.0000
30898,5222,1.0000
30899,5222,1.0000
30900,5222,1.0000
30901,5222,1.0000
30902,5222,1.0000
30903,5222,1.0000
30904,5222,1.0000
30905,5222,1.0000
30906,5222,1.0000
30907,5222,1.0000
30908,5222,1.0000
30909,5222,1.0000
30910,5222,1.0000
30911,5222,1.0000
30912,5222,1.0000
30913,5222,1.0000
30914,5222,1.0000
30915,5222,1.0000
30916,5222,1.0000
30917,5222,1.0000
30918,5222,1.0000
30919,5222,1.0000
30920,5222,1.0000
30921,5222,1.0000
30922,5222,1.0000
30923,5222,1.0000
30924,5222,1.0000
30925,5222,1.0000
30926,5222,1.0000
30927,5222,1.0000
30928,5222,1.0000
30929,5222,1.0000
30930,5222,1.0000
30931,5222,1.0000
30932,5222,1.0000
30933,5222,1.0000
30934,5222,1.0000
30935,5222,1.0000
30936,5222,1.0000
30937,5222,.8500
30937,5254,.1500
30938,5254,.8125
30938,5222,.1875
30939,5254,1.0000
30940,5254,1.0000
30941,5254,1.0000
30942,5254,1.0000
30943,5254,1.0000
30944,5254,1.0000
30945,5254,1.0000
30946,5254,1.0000
30947,5254,1.0000
30948,5254,1.0000
30949,5254,1.0000
30950,5254,1.0000
30951,5254,1.0000
30952,5254,1.0000
30953,5254,1.0000
30954,5254,1.0000
30955,5254,1.0000
30956,5254,1.0000
30957,5254,1.0000
30958,5254,1.0000
30959,5254,1.0000
30960,5254,1.0000
30961,5254,1.0000
30962,5254,1.0000
30963,5254,1.0000
30964,5254,.6875
30964,5222,.3125
30965,5254,.0500
30965,5222,.9500
30966,5222,1.0000
30967,5222,1.0000
30968,5222,1.0000
30969,5254,.0476
30969,5222,.9524
30970,5254,.6000
30970,5222,.4000
30971,5254,.9200
30971,5222,.0800
30972,5254,.7000
30972,5222,.3000
30973,5254,.2400
30973,5222,.7600
30974,5222,1.0000
30975,5222,1.0000
30976,5222,1.0000
30977,5222,1.0000
30978,5222,1.0000
30979,5222,1.0000
30980,5222,1.0000
30981,5222,1.0000
30982,5222,1.0000
30983,5222,1.0000
30984,5222,1.0000
30985,5222,1.0000
30986,5222,1.0000
30987,5222,1.0000
30988,5222,1.0000
30989,5222,1.0000
30990,5222,.7500
30990,5254,.2500
30991,5254,1.0000
30992,5254,1.0000
30993,5254,1.0000
30994,5254,1.0000
30995,5254,1.0000
30996,5254,1.0000
30997,5254,1.0000
30998,5254,1.0000
30999,5254,1.0000
31000,5254,.9200
31000,5222,.0800
31001,5222,.8000
31001,5254,.2000
31002,5222,1.0000
31003,5222,1.0000
31004,5222,1.0000
31005,5222,1.0000
31006,5222,1.0000
31007,5222,1.0000
31008,5222,1.0000
31009,5222,1.0000
31010,5222,1.0000
31011,5222,1.0000
31012,5222,1.0000
31013,5222,1.0000
31014,5222,1.0000
31015,5222,1.0000
31016,5222,1.0000
31017,5222,1.0000
31018,5222,1.0000
31019,5222,1.0000
31020,5222,1.0000
31021,5222,1.0000
31022,5222,1.0000
31023,5222,1.0000
31024,5222,1.0000
31025,5222,1.0000
31026,5222,1.0000
31027,5222,1.0000
31028,5222,1.0000
31029,5222,1.0000
31030,5222,1.0000
31031,5222,1.0000
31032,5222,1.0000
31033,5222,1.0000
31034,5222,1.0000
31035,5222,1.0000
31036,5222,1.0000
31037,5222,1.0000
31038,5222,1.0000
31039,5222,1.0000
31040,5254,.2727
31040,5222,.7273
31041,5254,.4783
31041,5222,.5217
31042,5254,.8095
31042,5222,.1905
31043,5254,1.0000
31044,5254,1.0000
31045,5254,1.0000
31046,5254,1.0000
31047,5254,1.0000
31048,5254,1.0000
31049,5254,1.0000
31050,5254,1.0000
31051,5254,1.0000
31052,5254,1.0000
31053,5254,1.0000
31054,5254,1.0000
31055,5254,1.0000
31056,5254,1.0000
31057,5254,1.0000
31058,5254,1.0000
31059,5254,1.0000
31060,5254,1.0000
31061,5254,1.0000
31062,5254,1.0000
31063,5254,.7500
31063,-999,.2500
31064,-999,.9000
31064,5254,.1000
31065,-999,.9583
31065,5254,.0417
31066,-999,.8750
31066,5254,.1250
31067,-999,.7500
31067,5254,.2500
31068,-999,.8125
31068,5254,.1875
31069,-999,1.0000
31070,-999,1.0000
31071,-999,1.0000
31072,-999,.8000
31072,5254,.2000
31073,-999,.9048
31073,5254,.0952
31074,-999,1.0000
31075,-999,1.0000
31076,-999,1.0000
31077,-999,1.0000
31078,-999,1.0000
31079,-999,1.0000
31080,-999,1.0000
31081,-999,1.0000
31082,-999,1.0000
31083,-999,1.0000
31084,-999,1.0000
31085,-999,1.0000
31086,-999,1.0000
31087,-999,1.0000
31088,-999,1.0000
31089,5254,1.0000
31090,5254,1.0000
31091,5254,1.0000
31092,5254,1.0000
31093,5254,1.0000
31094,5254,1.0000
31095,5254,1.0000
31096,5254,1.0000
31097,5254,1.0000
31098,5254,1.0000
31099,5254,1.0000
31100,5254,1.0000
31101,5254,1.0000
31102,5254,1.0000
31103,5254,1.0000
31104,5254,1.0000
31105,5254,1.0000
31106,5254,1.0000
31107,5254,1.0000
31108,5254,1.0000
31109,5254,1.0000
31110,5254,1.0000
31111,5254,1.0000
31112,5254,1.0000
31113,5254,1.0000
31114,5254,1.0000
31115,5254,1.0000
31116,5254,1.0000
31117,5254,1.0000
31118,5254,1.0000
31119,5254,1.0000
31120,5254,1.0000
31121,5254,1.0000
31122,5254,1.0000
31123,5254,1.0000
31124,5254,1.0000
31125,5254,1.0000
31126,5254,1.0000
31127,5254,1.0000
31128,5254,1.0000
31129,5254,1.0000
31130,5254,1.0000
31131,5254,1.0000
31132,5254,1.0000
31133,5254,1.0000
31134,5254,1.0000
31135,5254,1.0000
31136,5254,1.0000
31137,5254,1.0000
31138,5254,1.0000
31139,5254,1.0000
31140,5254,1.0000
31141,5254,1.0000
31142,5254,1.0000
31143,5254,1.0000
31144,5254,1.0000
31145,5254,1.0000
31146,5254,1.0000
31147,5254,1.0000
31148,5254,1.0000
31149,5254,1.0000
31150,5254,1.0000
31151,5254,1.0000
31152,5254,1.0000
31153,5254,1.0000
31154,5254,1.0000
31155,5254,1.0000
31156,5254,1.0000
31157,5254,1.0000
31158,5254,1.0000
31159,5254,1.0000
31160,5254,.8500
31160,5222,.1500
31161,5254,.0625
31161,5222,.9375
31162,5222,1.0000
31163,5222,1.0000
31164,5222,1.0000
31165,5222,1.0000
31166,5222,1.0000
31167,5222,1.0000
31168,5222,1.0000
31169,5222,1.0000
31170,5222,1.0000
31171,5222,1.0000
31172,5222,1.0000
31173,5222,1.0000
31174,5222,1.0000
31175,5222,1.0000
31176,5222,1.0000
31177,5222,1.0000
31178,5222,1.0000
31179,5222,1.0000
31180,5222,1.0000
31181,5222,1.0000
31182,5222,1.0000
31183,5222,1.0000
31184,5222,1.0000
31185,5222,1.0000
31186,5222,1.0000
31187,5222,1.0000
31188,5222,1.0000
31189,5222,1.0000
31190,5222,1.0000
31191,5222,1.0000
31192,5222,1.0000
31193,5222,1.0000
31194,5222,1.0000
31195,5222,1.0000
31196,5222,1.0000
31197,5222,1.0000
31198,5222,1.0000
31199,5222,1.0000
31200,5222,1.0000
31201,5222,1.0000
31202,5222,1.0000
31203,5222,1.0000
31204,5222,1.0000
31205,5222,1.0000
31206,5222,.8125
31206,5254,.1875
31207,5254,.9000
31207,5222,.1000
31208,5254,1.0000
31209,5254,1.0000
31210,5254,1.0000
31211,5254,1.0000
31212,5254,1.0000
31213,5254,1.0000
31214,5254,1.0000
31215,5254,1.0000
31216,5254,1.0000
31217,5254,1.0000
31218,5254,1.0000
31219,5254,1.0000
31220,5254,1.0000
31221,5254,1.0000
31222,5254,1.0000
31223,5254,1.0000
31224,5254,1.0000
31225,5254,1.0000
31226,5254,1.0000
31227,5254,1.0000
31228,5254,1.0000
31229,5254,1.0000
31230,5254,1.0000
31231,5254,1.0000
31232,5254,.5000
31232,5222,.5000
31233,5222,1.0000
31234,5222,1.0000
31235,5222,1.0000
31236,5222,1.0000
31237,5222,1.0000
31238,5222,1.0000
31239,5222,.8500
31239,5254,.1500
31240,5222,1.0000
31241,5222,1.0000
31242,5222,1.0000
31243,5222,1.0000
31244,5222,1.0000
31245,5222,1.0000
31246,5222,1.0000
31247,5222,1.0000
31248,5222,1.0000
31249,5222,1.0000
31250,5222,1.0000
31251,5222,1.0000
31252,5222,1.0000
31253,5222,1.0000
31254,5222,1.0000
31255,5222,1.0000
31256,5222,1.0000
31257,5222,1.0000
31258,5222,.7200
31258,5254,.2800
31259,5254,.9500
31259,5222,.0500
31260,5254,1.0000
31261,5254,1.0000
31262,5254,1.0000
31263,5254,1.0000
31264,5254,1.0000
31265,5254,1.0000
31266,5254,1.0000
31267,5254,1.0000
31268,5254,1.0000
31269,5254,.7500
31269,5222,.2500
31270,5222,.9565
31270,5254,.0435
31271,5222,1.0000
31272,5222,1.0000
31273,5222,1.0000
31274,5222,1.0000
31275,5222,1.0000
31276,5222,1.0000
31277,5222,1.0000
31278,5222,1.0000
31279,5222,1.0000
31280,5222,1.0000
31281,5222,1.0000
31282,5222,1.0000
31283,5222,1.0000
31284,5222,1.0000
31285,5222,1.0000
31286,5222,1.0000
31287,5222,1.0000
31288,5222,1.0000
31289,5222,1.0000
31290,5222,1.0000
31291,5222,1.0000
31292,5222,1.0000
31293,5222,1.0000
31294,5222,1.0000
31295,5222,1.0000
31296,5222,1.0000
31297,5222,1.0000
31298,5222,1.0000
31299,5222,1.0000
31300,5222,1.0000
31301,5222,1.0000
31302,5222,1.0000
31303,5222,1.0000
31304,5222,1.0000
31305,5222,1.0000
31306,5222,1.0000
31307,5222,1.0000
31308,5222,1.0000
31309,5222,1.0000
31310,5222,.8947
31310,5254,.1053
31311,5254,.2400
31311,5222,.7600
31312,5254,.4444
31312,5222,.5556
31313,5254,.8000
31313,5222,.2000
31314,5254,1.0000
31315,5254,1.0000
31316,5254,1.0000
31317,5254,1.0000
31318,5254,1.0000
31319,5254,1.0000
31320,5254,1.0000
31321,5254,1.0000
31322,5254,1.0000
31323,5254,1.0000
31324,5254,1.0000
31325,5254,1.0000
31326,5254,1.0000
31327,5254,1.0000
31328,5254,1.0000
31329,5254,1.0000
31330,5254,1.0000
31331,5254,1.0000
31332,5254,.7500
31332,-999,.2500
31333,5254,.5000
31333,-999,.5000
31334,-999,.2000
31334,5254,.8000
31335,5254,1.0000
31336,5254,.9375
31336,-999,.0625
31337,-999,.4500
31337,5254,.5500
31338,-999,.7500
31338,5254,.2500
31339,-999,.7000
31339,5254,.3000
31340,5254,.8235
31340,-999,.1765
31341,5254,.1600
31341,-999,.8400
31342,-999,1.0000
31343,-999,1.0000
31344,-999,1.0000
31345,-999,1.0000
31346,-999,1.0000
31347,-999,1.0000
31348,-999,1.0000
31349,-999,1.0000
31350,-999,1.0000
31351,-999,1.0000
31352,-999,1.0000
31353,-999,1.0000
31354,-999,1.0000
31355,-999,1.0000
31356,-999,1.0000
31357,5254,1.0000
31358,5254,1.0000
31359,5254,1.0000
31360,5254,1.0000
31361,5254,1.0000
31362,5254,1.0000
31363,5254,1.0000
31364,5254,1.0000
31365,5254,1.0000
31366,5254,1.0000
31367,5254,1.0000
31368,5254,1.0000
31369,5254,1.0000
31370,5254,1.0000
31371,5254,1.0000
31372,5254,1.0000
31373,5254,1.0000
31374,5254,1.0000
31375,5254,1.0000
31376,5254,1.0000
31377,5254,1.0000
31378,5254,1.0000
31379,5254,1.0000
31380,5254,1.0000
31381,5254,1.0000
31382,5254,1.0000
31383,5254,1.0000
31384,5254,1.0000
31385,5254,1.0000
31386,5254,1.0000
31387,5254,1.0000
31388,5254,1.0000
31389,5254,1.0000
31390,5254,1.0000
31391,5254,1.0000
31392,5254,1.0000
31393,5254,1.0000
31394,5254,1.0000
31395,5254,1.0000
31396,5254,1.0000
31397,5254,1.0000
31398,5254,1.0000
31399,5254,1.0000
31400,5254,1.0000
31401,5254,1.0000
31402,5254,1.0000
31403,5254,1.0000
31404,5254,1.0000
31405,5254,1.0000
31406,5254,1.0000
31407,5254,1.0000
31408,5254,1.0000
31409,5254,1.0000
31410,5254,1.0000
31411,5254,1.0000
31412,5254,1.0000
31413,5254,.8500
31413,5222,.1500
31414,5254,.8125
31414,5222,.1875
31415,5254,1.0000
31416,5254,1.0000
31417,5254,1.0000
31418,5254,1.0000
31419,5254,1.0000
31420,5254,1.0000
31421,5254,1.0000
31422,5254,1.0000
31423,5254,1.0000
31424,5254,1.0000
31425,5254,1.0000
31426,5254,1.0000
31427,5254,1.0000
31428,5254,.7600
31428,5222,.2400
31429,5222,1.0000
31430,5222,1.0000
31431,5222,1.0000
31432,5222,1.0000
31433,5222,1.0000
31434,5222,1.0000
31435,5222,1.0000
31436,5222,1.0000
31437,5222,1.0000
31438,5222,1.0000
31439,5222,1.0000
31440,5222,1.0000
31441,5222,1.0000
31442,5222,1.0000
31443,5222,1.0000
31444,5222,1.0000
31445,5222,1.0000
31446,5222,1.0000
31447,5222,1.0000
31448,5222,1.0000
31449,5222,1.0000
31450,5222,1.0000
31451,5222,1.0000
31452,5222,1.0000
31453,5222,1.0000
31454,5222,1.0000
31455,5222,1.0000
31456,5222,1.0000
31457,5222,1.0000
31458,5222,1.0000
31459,5222,1.0000
31460,5222,1.0000
31461,5222,1.0000
31462,5222,1.0000
31463,5222,1.0000
31464,5222,1.0000
31465,5222,1.0000
31466,5222,1.0000
31467,5222,1.0000
31468,5222,1.0000
31469,5222,1.0000
31470,5222,1.0000
31471,5222,1.0000
31472,5222,1.0000
31473,5222,1.0000
31474,5222,1.0000
31475,5222,.5000
31475,5254,.5000
31476,5254,1.0000
31477,5254,1.0000
31478,5254,1.0000
31479,5254,1.0000
31480,5254,1.0000
31481,5254,1.0000
31482,5254,1.0000
31483,5254,1.0000
31484,5254,1.0000
31485,5254,1.0000
31486,5254,1.0000
31487,5254,1.0000
31488,5254,1.0000
31489,5254,1.0000
31490,5254,1.0000
31491,5254,1.0000
31492,5254,1.0000
31493,5254,1.0000
31494,5254,1.0000
31495,5254,1.0000
31496,5254,1.0000
31497,5254,1.0000
31498,5254,1.0000
31499,5254,1.0000
31500,5254,.5625
31500,5222,.4375
31501,5222,1.0000
31502,5222,1.0000
31503,5222,1.0000
31504,5222,1.0000
31505,5222,1.0000
31506,5222,1.0000
31507,5222,1.0000
31508,5222,1.0000
31509,5222,1.0000
31510,5222,1.0000
31511,5222,1.0000
31512,5222,1.0000
31513,5222,1.0000
31514,5222,1.0000
31515,5222,1.0000
31516,5222,1.0000
31517,5222,1.0000
31518,5222,1.0000
31519,5222,1.0000
31520,5222,1.0000
31521,5222,1.0000
31522,5222,1.0000
31523,5222,1.0000
31524,5222,1.0000
31525,5222,1.0000
31526,5222,1.0000
31527,5222,.6875
31527,5254,.3125
31528,5254,.5455
31528,5222,.4545
31529,5254,.7000
31529,5222,.3000
31530,5254,.8800
31530,5222,.1200
31531,5254,1.0000
31532,5254,1.0000
31533,5254,1.0000
31534,5254,1.0000
31535,5254,1.0000
31536,5254,1.0000
31537,5254,1.0000
31538,5254,.3500
31538,5222,.6500
31539,5222,1.0000
31540,5222,1.0000
31541,5222,1.0000
31542,5222,1.0000
31543,5222,1.0000
31544,5222,1.0000
31545,5222,1.0000
31546,5222,1.0000
31547,5222,1.0000
31548,5222,1.0000
31549,5222,1.0000
31550,5222,1.0000
31551,5222,1.0000
31552,5222,1.0000
31553,5222,1.0000
31554,5222,1.0000
31555,5222,1.0000
31556,5222,1.0000
31557,5222,1.0000
31558,5222,1.0000
31559,5222,1.0000
31560,5222,1.0000
31561,5222,1.0000
31562,5222,1.0000
31563,5222,1.0000
31564,5222,1.0000
31565,5222,1.0000
31566,5222,1.0000
31567,5222,1.0000
31568,5222,1.0000
31569,5222,1.0000
31570,5222,1.0000
31571,5222,1.0000
31572,5222,1.0000
31573,5222,1.0000
31574,5222,1.0000
31575,5222,1.0000
31576,5222,1.0000
31577,5222,1.0000
31578,5222,1.0000
31579,5222,1.0000
31580,5222,1.0000
31581,5222,.9200
31581,5254,.0800
31582,5254,.7222
31582,5222,.2778
31583,5254,1.0000
31584,5254,1.0000
31585,5254,1.0000
31586,5254,1.0000
31587,5254,1.0000
31588,5254,1.0000
31589,5254,1.0000
31590,5254,1.0000
31591,5254,1.0000
31592,5254,1.0000
31593,5254,1.0000
31594,5254,1.0000
31595,5254,1.0000
31596,5254,1.0000
31597,5254,1.0000
31598,5254,1.0000
31599,5254,1.0000
31600,5254,1.0000
31601,5254,1.0000
31602,5254,1.0000
31603,5254,1.0000
31604,5254,.9091
31604,-999,.0909
31605,5254,.7143
31605,-999,.2857
31606,5254,.5294
31606,-999,.4706
31607,-999,.2000
31607,5254,.8000
31608,5254,.3333
31608,-999,.6667
31609,-999,1.0000
31610,-999,1.0000
31611,-999,1.0000
31612,-999,1.0000
31613,-999,1.0000
31614,-999,1.0000
31615,-999,1.0000
31616,-999,1.0000
31617,-999,1.0000
31618,-999,1.0000
31619,-999,1.0000
31620,-999,1.0000
31621,-999,1.0000
31622,-999,1.0000
31623,-999,1.0000
31624,-999,1.0000
31625,5254,1.0000
31626,5254,1.0000
31627,5254,1.0000
31628,5254,1.0000
31629,5254,1.0000
31630,5254,1.0000
31631,5254,1.0000
31632,5254,1.0000
31633,5254,1.0000
31634,5254,1.0000
31635,5254,1.0000
31636,5254,1.0000
31637,5254,1.0000
31638,5254,1.0000
31639,5254,1.0000
31640,5254,1.0000
31641,5254,1.0000
31642,5254,1.0000
31643,5254,1.0000
31644,5254,1.0000
31645,5254,1.0000
31646,5254,1.0000
31647,5254,1.0000
31648,5254,1.0000
31649,5254,1.0000
31650,5254,1.0000
31651,5254,1.0000
31652,5254,1.0000
31653,5254,1.0000
31654,5254,1.0000
31655,5254,1.0000
31656,5254,1.0000
31657,5254,1.0000
31658,5254,1.0000
31659,5254,1.0000
31660,5254,1.0000
31661,5254,1.0000
31662,5254,1.0000
31663,5254,1.0000
31664,5254,1.0000
31665,5254,1.0000
31666,5254,1.0000
31667,5254,1.0000
31668,5254,1.0000
31669,5254,1.0000
31670,5254,1.0000
31671,5254,1.0000
31672,5254,1.0000
31673,5254,1.0000
31674,5254,1.0000
31675,5254,1.0000
31676,5254,1.0000
31677,5254,1.0000
31678,5254,1.0000
31679,5254,1.0000
31680,5254,.7000
31680,5222,.3000
31681,5254,.1600
31681,5222,.8400
31682,5222,.8000
31682,5254,.2000
31683,5254,.8800
31683,5222,.1200
31684,5254,1.0000
31685,5254,1.0000
31686,5254,1.0000
31687,5254,1.0000
31688,5254,1.0000
31689,5254,1.0000
31690,5254,1.0000
31691,5254,1.0000
31692,5254,1.0000
31693,5254,1.0000
31694,5254,1.0000
31695,5254,.9500
31695,5222,.0500
31696,5254,.4000
31696,5222,.6000
31697,5222,1.0000
31698,5222,1.0000
31699,5222,1.0000
31700,5222,1.0000
31701,5222,1.0000
31702,5222,1.0000
31703,5222,1.0000
31704,5222,1.0000
31705,5222,1.0000
31706,5222,1.0000
31707,5222,1.0000
31708,5222,1.0000
31709,5222,1.0000
31710,5222,1.0000
31711,5222,1.0000
31712,5222,1.0000
31713,5222,1.0000
31714,5222,1.0000
31715,5222,1.0000
31716,5222,1.0000
31717,5222,1.0000
31718,5222,1.0000
31719,5222,1.0000
31720,5222,1.0000
31721,5222,1.0000
31722,5222,1.0000
31723,5222,1.0000
31724,5222,1.0000
31725,5222,1.0000
31726,5222,1.0000
31727,5222,1.0000
31728,5222,1.0000
31729,5222,1.0000
31730,5222,1.0000
31731,5222,1.0000
31732,5222,1.0000
31733,5222,1.0000
31734,5222,1.0000
31735,5222,1.0000
31736,5222,1.0000
31737,5222,1.0000
31738,5222,1.0000
31739,5222,1.0000
31740,5222,1.0000
31741,5222,1.0000
31742,5222,1.0000
31743,5222,.9200
31743,5254,.0800
31744,5254,.7000
31744,5222,.3000
31745,5254,1.0000
31746,5254,1.0000
31747,5254,1.0000
31748,5254,1.0000
31749,5254,1.0000
31750,5254,1.0000
31751,5254,1.0000
31752,5254,1.0000
31753,5254,1.0000
31754,5254,1.0000
31755,5254,1.0000
31756,5254,1.0000
31757,5254,1.0000
31758,5254,1.0000
31759,5254,1.0000
31760,5254,1.0000
31761,5254,1.0000
31762,5254,1.0000
31763,5254,1.0000
31764,5254,1.0000
31765,5254,1.0000
31766,5254,1.0000
31767,5254,1.0000
31768,5254,.4783
31768,5222,.5217
31769,5222,1.0000
31770,5222,1.0000
31771,5222,1.0000
31772,5222,1.0000
31773,5222,1.0000
31774,5222,1.0000
31775,5222,1.0000
31776,5222,1.0000
31777,5222,1.0000
31778,5222,1.0000
31779,5222,1.0000
31780,5222,1.0000
31781,5222,1.0000
31782,5222,1.0000
31783,5222,1.0000
31784,5222,1.0000
31785,5222,1.0000
31786,5222,1.0000
31787,5222,1.0000
31788,5222,1.0000
31789,5222,1.0000
31790,5222,1.0000
31791,5222,1.0000
31792,5222,1.0000
31793,5222,1.0000
31794,5222,1.0000
31795,5222,1.0000
31796,5222,1.0000
31797,5222,1.0000
31798,5222,.9000
31798,5254,.1000
31799,5254,.4444
31799,5222,.5556
31800,5254,.8400
31800,5222,.1600
31801,5254,1.0000
31802,5254,1.0000
31803,5254,1.0000
31804,5254,1.0000
31805,5254,1.0000
31806,5254,.9000
31806,5222,.1000
31807,5222,.6667
31807,5254,.3333
31808,5222,1.0000
31809,5222,1.0000
31810,5222,1.0000
31811,5222,1.0000
31812,5222,1.0000
31813,5222,1.0000
31814,5222,1.0000
31815,5222,1.0000
31816,5222,1.0000
31817,5222,1.0000
31818,5222,1.0000
31819,5222,1.0000
31820,5222,1.0000
31821,5222,1.0000
31822,5222,1.0000
31823,5222,1.0000
31824,5222,1.0000
31825,5222,1.0000
31826,5222,1.0000
31827,5222,1.0000
31828,5222,1.0000
31829,5222,1.0000
31830,5222,1.0000
31831,5222,1.0000
31832,5222,1.0000
31833,5222,1.0000
31834,5222,1.0000
31835,5222,1.0000
31836,5222,1.0000
31837,5222,1.0000
31838,5222,1.0000
31839,5222,1.0000
31840,5222,1.0000
31841,5222,1.0000
31842,5222,1.0000
31843,5222,1.0000
31844,5222,1.0000
31845,5222,1.0000
31846,5222,1.0000
31847,5222,1.0000
31848,5222,1.0000
31849,5222,.8000
31849,5254,.2000
31850,5254,.9500
31850,5222,.0500
31851,5254,1.0000
31852,5254,1.0000
31853,5254,1.0000
31854,5254,1.0000
31855,5254,1.0000
31856,5254,1.0000
31857,5254,1.0000
31858,5254,1.0000
31859,5254,1.0000
31860,5254,1.0000
31861,5254,1.0000
31862,5254,1.0000
31863,5254,1.0000
31864,5254,1.0000
31865,5254,1.0000
31866,5254,1.0000
31867,5254,1.0000
31868,5254,1.0000
31869,5254,1.0000
31870,5254,1.0000
31871,5254,1.0000
31872,5254,.9500
31872,-999,.0500
31873,-999,.2500
31873,5254,.7500
31874,-999,.0870
31874,5254,.9130
31875,5254,.9375
31875,-999,.0625
31876,5254,.1500
31876,-999,.8500
31877,-999,1.0000
31878,-999,1.0000
31879,-999,1.0000
31880,-999,1.0000
31881,-999,1.0000
31882,-999,1.0000
31883,-999,1.0000
31884,-999,1.0000
31885,-999,1.0000
31886,-999,1.0000
31887,-999,1.0000
31888,-999,1.0000
31889,-999,1.0000
31890,-999,1.0000
31891,-999,1.0000
31892,-999,1.0000
31893,5254,1.0000
31894,5254,1.0000
31895,5254,1.0000
31896,5254,1.0000
31897,5254,1.0000
31898,5254,1.0000
31899,5254,1.0000
31900,5254,1.0000
31901,5254,1.0000
31902,5254,1.0000
31903,5254,1.0000
31904,5254,1.0000
31905,5254,1.0000
31906,5254,1.0000
31907,5254,1.0000
31908,5254,1.0000
31909,5254,1.0000
31910,5254,1.0000
31911,5254,1.0000
31912,5254,1.0000
31913,5254,1.0000
31914,5254,1.0000
31915,5254,1.0000
31916,5254,.8500
31916,5222,.1500
31917,5254,.6250
31917,5222,.3750
31918,5254,.7273
31918,5222,.2727
31919,5254,.9500
31919,5222,.0500
31920,5254,1.0000
31921,5254,1.0000
31922,5254,1.0000
31923,5254,1.0000
31924,5254,1.0000
31925,5254,1.0000
31926,5254,1.0000
31927,5254,1.0000
31928,5254,1.0000
31929,5254,1.0000
31930,5254,1.0000
31931,5254,1.0000
31932,5254,1.0000
31933,5254,1.0000
31934,5254,1.0000
31935,5254,1.0000
31936,5254,1.0000
31937,5254,1.0000
31938,5254,1.0000
31939,5254,1.0000
31940,5254,1.0000
31941,5254,1.0000
31942,5254,1.0000
31943,5254,1.0000
31944,5254,1.0000
31945,5254,1.0000
31946,5254,1.0000
31947,5254,.8696
31947,5222,.1304
31948,5254,.1250
31948,5222,.8750
31949,5222,1.0000
31950,5222,1.0000
31951,5222,.3000
31951,5254,.7000
31952,5254,1.0000
31953,5254,1.0000
31954,5254,1.0000
31955,5254,1.0000
31956,5254,1.0000
31957,5254,1.0000
31958,5254,1.0000
31959,5254,1.0000
31960,5254,1.0000
31961,5254,1.0000
31962,5254,.7500
31962,5222,.2500
31963,5254,.3000
31963,5222,.7000
31964,5222,1.0000
31965,5222,1.0000
31966,5222,1.0000
31967,5222,1.0000
31968,5222,1.0000
31969,5222,1.0000
31970,5222,1.0000
31971,5222,1.0000
31972,5222,1.0000
31973,5222,1.0000
31974,5222,1.0000
31975,5222,1.0000
31976,5222,1.0000
31977,5222,1.0000
31978,5222,1.0000
31979,5222,1.0000
31980,5222,1.0000
31981,5222,1.0000
31982,5222,1.0000
31983,5222,1.0000
31984,5222,1.0000
31985,5222,1.0000
31986,5222,1.0000
31987,5222,1.0000
31988,5222,1.0000
31989,5222,1.0000
31990,5222,1.0000
31991,5222,1.0000
31992,5222,1.0000
31993,5222,1.0000
31994,5222,1.0000
31995,5222,1.0000
31996,5222,1.0000
31997,5222,1.0000
31998,5222,1.0000
31999,5222,1.0000
32000,5222,1.0000
32001,5222,1.0000
32002,5222,1.0000
32003,5222,1.0000
32004,5222,1.0000
32005,5222,1.0000
32006,5222,1.0000
32007,5222,1.0000
32008,5222,1.0000
32009,5222,1.0000
32010,5222,1.0000
32011,5222,1.0000
32012,5222,.8750
32012,5254,.1250
32013,5254,.8500
32013,5222,.1500
32014,5254,1.0000
32015,5254,1.0000
32016,5254,1.0000
32017,5254,1.0000
32018,5254,1.0000
32019,5254,1.0000
32020,5254,1.0000
32021,5254,1.0000
32022,5254,1.0000
32023,5254,1.0000
32024,5254,1.0000
32025,5254,1.0000
32026,5254,1.0000
32027,5254,1.0000
32028,5254,1.0000
32029,5254,1.0000
32030,5254,1.0000
32031,5254,1.0000
32032,5254,1.0000
32033,5254,1.0000
32034,5254,1.0000
32035,5254,.9412
32035,5222,.0588
32036,5254,.1500
32036,5222,.8500
32037,5222,1.0000
32038,5222,1.0000
32039,5222,1.0000
32040,5222,1.0000
32041,5222,1.0000
32042,5222,1.0000
32043,5222,1.0000
32044,5222,1.0000
32045,5222,1.0000
32046,5222,1.0000
32047,5222,1.0000
32048,5222,1.0000
32049,5222,1.0000
32050,5222,1.0000
32051,5222,1.0000
32052,5222,1.0000
32053,5222,1.0000
32054,5222,1.0000
32055,5222,1.0000
32056,5222,1.0000
32057,5222,1.0000
32058,5222,1.0000
32059,5222,1.0000
32060,5222,1.0000
32061,5222,1.0000
32062,5222,1.0000
32063,5222,1.0000
32064,5222,1.0000
32065,5222,1.0000
32066,5222,1.0000
32067,5222,1.0000
32068,5222,.8500
32068,5254,.1500
32069,5254,.8947
32069,5222,.1053
32070,5254,1.0000
32071,5254,1.0000
32072,5254,1.0000
32073,5254,1.0000
32074,5254,1.0000
32075,5254,.8500
32075,5222,.1500
32076,5222,.8125
32076,5254,.1875
32077,5222,1.0000
32078,5222,1.0000
32079,5222,1.0000
32080,5222,1.0000
32081,5222,1.0000
32082,5222,1.0000
32083,5222,1.0000
32084,5222,1.0000
32085,5222,1.0000
32086,5222,1.0000
32087,5222,1.0000
32088,5222,1.0000
32089,5222,1.0000
32090,5222,1.0000
32091,5222,1.0000
32092,5222,1.0000
32093,5222,1.0000
32094,5222,1.0000
32095,5222,1.0000
32096,5222,1.0000
32097,5222,1.0000
32098,5222,1.0000
32099,5222,1.0000
32100,5222,1.0000
32101,5222,1.0000
32102,5222,1.0000
32103,5222,1.0000
32104,5222,1.0000
32105,5222,1.0000
32106,5222,1.0000
32107,5222,1.0000
32108,5222,1.0000
32109,5222,1.0000
32110,5222,1.0000
32111,5222,1.0000
32112,5222,1.0000
32113,5222,1.0000
32114,5222,1.0000
32115,5222,1.0000
32116,5222,.6842
32116,5254,.3158
32117,5222,.2222
32117,5254,.7778
32118,5254,1.0000
32119,5254,1.0000
32120,5254,1.0000
32121,5254,1.0000
32122,5254,1.0000
32123,5254,1.0000
32124,5254,1.0000
32125,5254,1.0000
32126,5254,1.0000
32127,5254,1.0000
32128,5254,1.0000
32129,5254,1.0000
32130,5254,1.0000
32131,5254,1.0000
32132,5254,1.0000
32133,5254,1.0000
32134,5254,1.0000
32135,5254,1.0000
32136,5254,.9600
32136,-999,.0400
32137,5254,.7059
32137,-999,.2941
32138,5254,.3500
32138,-999,.6500
32139,5254,.5000
32139,-999,.5000
32140,5254,.5000
32140,-999,.5000
32141,5254,.5000
32141,-999,.5000
32142,5254,.5652
32142,-999,.4348
32143,5254,.4000
32143,-999,.6000
32144,-999,1.0000
32145,-999,1.0000
32146,-999,1.0000
32147,-999,1.0000
32148,-999,1.0000
32149,-999,1.0000
32150,-999,1.0000
32151,-999,1.0000
32152,-999,1.0000
32153,-999,1.0000
32154,-999,1.0000
32155,-999,1.0000
32156,-999,1.0000
32157,-999,1.0000
32158,-999,1.0000
32159,-999,1.0000
32160,-999,1.0000
32161,5254,1.0000
32162,5254,1.0000
32163,5254,1.0000
32164,5254,1.0000
32165,5254,1.0000
32166,5254,1.0000
32167,5254,1.0000
32168,5254,1.0000
32169,5254,1.0000
32170,5254,1.0000
32171,5254,1.0000
32172,5254,1.0000
32173,5254,1.0000
32174,5254,1.0000
32175,5254,1.0000
32176,5254,1.0000
32177,5254,1.0000
32178,5254,1.0000
32179,5254,1.0000
32180,5254,1.0000
32181,5254,1.0000
32182,5254,.8095
32182,5222,.1905
32183,5254,.4000
32183,5222,.6000
32184,5254,.0800
32184,5222,.9200
32185,5222,1.0000
32186,5222,.9583
32186,5254,.0417
32187,5222,.6875
32187,5254,.3125
32188,5254,.8000
32188,5222,.2000
32189,5254,1.0000
32190,5254,1.0000
32191,5254,1.0000
32192,5254,1.0000
32193,5254,1.0000
32194,5254,1.0000
32195,5254,1.0000
32196,5254,1.0000
32197,5254,1.0000
32198,5254,1.0000
32199,5254,1.0000
32200,5254,1.0000
32201,5254,1.0000
32202,5254,1.0000
32203,5254,1.0000
32204,5254,1.0000
32205,5254,1.0000
32206,5254,1.0000
32207,5254,1.0000
32208,5254,1.0000
32209,5254,1.0000
32210,5254,1.0000
32211,5254,1.0000
32212,5254,1.0000
32213,5254,1.0000
32214,5254,1.0000
32215,5254,.4000
32215,5222,.6000
32216,5222,1.0000
32217,5222,1.0000
32218,5222,.8750
32218,5254,.1250
32219,5222,.1000
32219,5254,.9000
32220,5254,1.0000
32221,5254,1.0000
32222,5254,1.0000
32223,5254,1.0000
32224,5254,1.0000
32225,5254,1.0000
32226,5254,1.0000
32227,5254,1.0000
32228,5254,.8125
32228,5222,.1875
32229,5254,.4500
32229,5222,.5500
32230,5254,.0625
32230,5222,.9375
32231,5222,1.0000
32232,5222,1.0000
32233,5222,1.0000
32234,5222,1.0000
32235,5222,1.0000
32236,5222,1.0000
32237,5222,1.0000
32238,5222,1.0000
32239,5222,1.0000
32240,5222,1.0000
32241,5222,1.0000
32242,5222,1.0000
32243,5222,1.0000
32244,5222,1.0000
32245,5222,1.0000
32246,5222,1.0000
32247,5222,1.0000
32248,5222,1.0000
32249,5222,1.0000
32250,5222,1.0000
32251,5222,1.0000
32252,5222,1.0000
32253,5222,1.0000
32254,5222,1.0000
32255,5222,1.0000
32256,5222,1.0000
32257,5222,1.0000
32258,5222,1.0000
32259,5222,1.0000
32260,5222,1.0000
32261,5222,1.0000
32262,5222,1.0000
32263,5222,1.0000
32264,5222,1.0000
32265,5222,1.0000
32266,5222,1.0000
32267,5222,1.0000
32268,5222,1.0000
32269,5222,1.0000
32270,5222,1.0000
32271,5222,1.0000
32272,5222,1.0000
32273,5222,1.0000
32274,5222,1.0000
32275,5222,1.0000
32276,5222,1.0000
32277,5222,1.0000
32278,5222,1.0000
32279,5222,1.0000
32280,5222,1.0000
32281,5222,.6000
32281,5254,.4000
32282,5254,1.0000
32283,5254,1.0000
32284,5254,1.0000
32285,5254,1.0000
32286,5254,1.0000
32287,5254,1.0000
32288,5254,1.0000
32289,5254,1.0000
32290,5254,1.0000
32291,5254,1.0000
32292,5254,1.0000
32293,5254,1.0000
32294,5254,1.0000
32295,5254,1.0000
32296,5254,1.0000
32297,5254,1.0000
32298,5254,1.0000
32299,5254,1.0000
32300,5254,1.0000
32301,5254,1.0000
32302,5254,.9500
32302,5222,.0500
32303,5254,.3750
32303,5222,.6250
32304,5222,1.0000
32305,5222,1.0000
32306,5222,1.0000
32307,5222,1.0000
32308,5222,1.0000
32309,5222,1.0000
32310,5222,1.0000
32311,5222,1.0000
32312,5222,1.0000
32313,5222,1.0000
32314,5222,1.0000
32315,5222,1.0000
32316,5222,1.0000
32317,5222,1.0000
32318,5222,1.0000
32319,5222,1.0000
32320,5222,1.0000
32321,5222,1.0000
32322,5222,1.0000
32323,5222,1.0000
32324,5222,1.0000
32325,5222,1.0000
32326,5222,1.0000
32327,5222,1.0000
32328,5222,1.0000
32329,5222,1.0000
32330,5222,1.0000
32331,5222,1.0000
32332,5222,1.0000
32333,5222,1.0000
32334,5222,1.0000
32335,5222,1.0000
32336,5222,1.0000
32337,5222,.3500
32337,5254,.6500
32338,5254,1.0000
32339,5254,1.0000
32340,5254,1.0000
32341,5254,1.0000
32342,5254,1.0000
32343,5254,1.0000
32344,5254,.7647
32344,5222,.2353
32345,5222,.8500
32345,5254,.1500
32346,5222,1.0000
32347,5222,1.0000
32348,5222,1.0000
32349,5222,1.0000
32350,5222,1.0000
32351,5222,1.0000
32352,5222,1.0000
32353,5222,1.0000
32354,5222,1.0000
32355,5222,1.0000
32356,5222,1.0000
32357,5222,1.0000
32358,5222,1.0000
32359,5222,1.0000
32360,5222,1.0000
32361,5222,1.0000
32362,5222,1.0000
32363,5222,1.0000
32364,5222,1.0000
32365,5222,1.0000
32366,5222,1.0000
32367,5222,1.0000
32368,5222,1.0000
32369,5222,1.0000
32370,5222,1.0000
32371,5222,1.0000
32372,5222,1.0000
32373,5222,1.0000
32374,5222,1.0000
32375,5222,1.0000
32376,5222,1.0000
32377,5222,1.0000
32378,5222,1.0000
32379,5222,1.0000
32380,5222,1.0000
32381,5222,1.0000
32382,5222,.9600
32382,5254,.0400
32383,5222,.5556
32383,5254,.4444
32384,5222,.1000
32384,5254,.9000
32385,5254,1.0000
32386,5254,1.0000
32387,5254,1.0000
32388,5254,1.0000
32389,5254,1.0000
32390,5254,1.0000
32391,5254,1.0000
32392,5254,1.0000
32393,5254,1.0000
32394,5254,1.0000
32395,5254,1.0000
32396,5254,1.0000
32397,5254,1.0000
32398,5254,1.0000
32399,5254,1.0000
32400,5254,1.0000
32401,5254,1.0000
32402,5254,1.0000
32403,5254,1.0000
32404,5254,.5500
32404,-999,.4500
32405,5254,.0500
32405,-999,.9500
32406,-999,1.0000
32407,-999,1.0000
32408,-999,1.0000
32409,-999,1.0000
32410,-999,1.0000
32411,-999,1.0000
32412,-999,1.0000
32413,-999,1.0000
32414,-999,1.0000
32415,-999,1.0000
32416,-999,1.0000
32417,-999,1.0000
32418,-999,1.0000
32419,-999,1.0000
32420,-999,1.0000
32421,-999,1.0000
32422,-999,1.0000
32423,-999,1.0000
32424,-999,1.0000
32425,-999,1.0000
32426,-999,1.0000
32427,-999,1.0000
32428,-999,1.0000
32429,5254,1.0000
32430,5254,1.0000
32431,5254,1.0000
32432,5254,1.0000
32433,5254,1.0000
32434,5254,1.0000
32435,5254,1.0000
32436,5254,1.0000
32437,5254,1.0000
32438,5254,1.0000
32439,5254,1.0000
32440,5254,1.0000
32441,5254,1.0000
32442,5254,1.0000
32443,5254,1.0000
32444,5254,1.0000
32445,5254,1.0000
32446,5254,1.0000
32447,5254,1.0000
32448,5254,.8000
32448,5222,.2000
32449,5254,.3000
32449,5222,.7000
32450,5254,.0833
32450,5222,.9167
32451,5222,1.0000
32452,5222,1.0000
32453,5222,1.0000
32454,5222,1.0000
32455,5222,1.0000
32456,5222,.7500
32456,5254,.2500
32457,5254,.9375
32457,5222,.0625
32458,5254,1.0000
32459,5254,1.0000
32460,5254,1.0000
32461,5254,1.0000
32462,5254,1.0000
32463,5254,1.0000
32464,5254,1.0000
32465,5254,1.0000
32466,5254,1.0000
32467,5254,1.0000
32468,5254,1.0000
32469,5254,1.0000
32470,5254,1.0000
32471,5254,1.0000
32472,5254,1.0000
32473,5254,1.0000
32474,5254,1.0000
32475,5254,1.0000
32476,5254,1.0000
32477,5254,1.0000
32478,5254,1.0000
32479,5254,1.0000
32480,5254,1.0000
32481,5254,1.0000
32482,5254,.8750
32482,5222,.1250
32483,5254,.1000
32483,5222,.9000
32484,5222,1.0000
32485,5222,1.0000
32486,5222,.6250
32486,5254,.3750
32487,5254,1.0000
32488,5254,1.0000
32489,5254,1.0000
32490,5254,1.0000
32491,5254,1.0000
32492,5254,1.0000
32493,5254,1.0000
32494,5254,.7500
32494,5222,.2500
32495,5254,.4000
32495,5222,.6000
32496,5254,.0556
32496,5222,.9444
32497,5222,1.0000
32498,5222,1.0000
32499,5222,1.0000
32500,5222,1.0000
32501,5222,1.0000
32502,5222,1.0000
32503,5222,1.0000
32504,5222,1.0000
32505,5222,1.0000
32506,5222,1.0000
32507,5222,1.0000
32508,5222,1.0000
32509,5222,1.0000
32510,5222,1.0000
32511,5222,1.0000
32512,5222,1.0000
32513,5222,1.0000
32514,5222,1.0000
32515,5222,1.0000
32516,5222,1.0000
32517,5222,1.0000
32518,5222,1.0000
32519,5222,1.0000
32520,5222,1.0000
32521,5222,1.0000
32522,5222,1.0000
32523,5222,1.0000
32524,5222,1.0000
32525,5222,1.0000
32526,5222,1.0000
32527,5222,1.0000
32528,5222,1.0000
32529,5222,1.0000
32530,5222,1.0000
32531,5222,1.0000
32532,5222,1.0000
32533,5222,1.0000
32534,5222,1.0000
32535,5222,1.0000
32536,5222,1.0000
32537,5222,1.0000
32538,5222,1.0000
32539,5222,1.0000
32540,5222,1.0000
32541,5222,1.0000
32542,5222,1.0000
32543,5222,1.0000
32544,5222,1.0000
32545,5222,1.0000
32546,5222,1.0000
32547,5222,1.0000
32548,5222,1.0000
32549,5222,.9500
32549,5254,.0500
32550,5254,.6250
32550,5222,.3750
32551,5254,1.0000
32552,5254,1.0000
32553,5254,1.0000
32554,5254,1.0000
32555,5254,1.0000
32556,5254,1.0000
32557,5254,1.0000
32558,5254,1.0000
32559,5254,1.0000
32560,5254,1.0000
32561,5254,1.0000
32562,5254,1.0000
32563,5254,1.0000
32564,5254,1.0000
32565,5254,1.0000
32566,5254,1.0000
32567,5254,1.0000
32568,5254,1.0000
32569,5254,.9444
32569,5222,.0556
32570,5254,.4500
32570,5222,.5500
32571,5222,1.0000
32572,5222,1.0000
32573,5222,1.0000
32574,5222,1.0000
32575,5222,1.0000
32576,5222,1.0000
32577,5222,1.0000
32578,5222,1.0000
32579,5222,1.0000
32580,5222,1.0000
32581,5222,1.0000
32582,5222,1.0000
32583,5222,1.0000
32584,5222,1.0000
32585,5222,1.0000
32586,5222,1.0000
32587,5222,1.0000
32588,5222,1.0000
32589,5222,1.0000
32590,5222,1.0000
32591,5222,1.0000
32592,5222,1.0000
32593,5222,1.0000
32594,5222,1.0000
32595,5222,1.0000
32596,5222,1.0000
32597,5222,1.0000
32598,5222,1.0000
32599,5222,1.0000
32600,5222,1.0000
32601,5222,1.0000
32602,5222,1.0000
32603,5222,1.0000
32604,5222,1.0000
32605,5222,.5500
32605,5254,.4500
32606,5254,1.0000
32607,5254,1.0000
32608,5254,1.0000
32609,5254,1.0000
32610,5254,1.0000
32611,5254,1.0000
32612,5254,1.0000
32613,5254,.7600
32613,5222,.2400
32614,5222,.8421
32614,5254,.1579
32615,5222,1.0000
32616,5222,1.0000
32617,5222,1.0000
32618,5222,1.0000
32619,5222,1.0000
32620,5222,1.0000
32621,5222,1.0000
32622,5222,1.0000
32623,5222,1.0000
32624,5222,1.0000
32625,5222,1.0000
32626,5222,1.0000
32627,5222,1.0000
32628,5222,1.0000
32629,5222,1.0000
32630,5222,1.0000
32631,5222,1.0000
32632,5222,1.0000
32633,5222,1.0000
32634,5222,1.0000
32635,5222,1.0000
32636,5222,1.0000
32637,5222,1.0000
32638,5222,1.0000
32639,5222,1.0000
32640,5222,1.0000
32641,5222,1.0000
32642,5222,1.0000
32643,5222,1.0000
32644,5222,1.0000
32645,5222,1.0000
32646,5222,1.0000
32647,5222,1.0000
32648,5222,1.0000
32649,5222,1.0000
32650,5222,.6000
32650,5254,.4000
32651,5254,1.0000
32652,5254,1.0000
32653,5254,1.0000
32654,5254,1.0000
32655,5254,1.0000
32656,5254,1.0000
32657,5254,1.0000
32658,5254,1.0000
32659,5254,1.0000
32660,5254,1.0000
32661,5254,1.0000
32662,5254,1.0000
32663,5254,1.0000
32664,5254,1.0000
32665,5254,1.0000
32666,5254,1.0000
32667,5254,1.0000
32668,5254,1.0000
32669,5254,1.0000
32670,5254,1.0000
32671,5254,.8889
32671,-999,.1111
32672,5254,.2105
32672,-999,.7895
32673,-999,.8947
32673,5254,.1053
32674,-999,.5500
32674,5254,.4500
32675,-999,.2917
32675,5254,.7083
32676,-999,.2632
32676,5254,.7368
32677,-999,.2500
32677,5254,.7500
32678,-999,.4118
32678,5254,.5882
32679,-999,.2500
32679,5254,.7500
32680,-999,.6250
32680,5254,.3750
32681,-999,1.0000
32682,-999,1.0000
32683,-999,1.0000
32684,-999,1.0000
32685,-999,1.0000
32686,-999,1.0000
32687,-999,1.0000
32688,-999,1.0000
32689,-999,1.0000
32690,-999,1.0000
32691,-999,1.0000
32692,-999,1.0000
32693,-999,1.0000
32694,-999,1.0000
32695,-999,1.0000
32696,-999,1.0000
32697,5254,1.0000
32698,5254,1.0000
32699,5254,1.0000
32700,5254,1.0000
32701,5254,1.0000
32702,5254,1.0000
32703,5254,1.0000
32704,5254,1.0000
32705,5254,1.0000
32706,5254,1.0000
32707,5254,1.0000
32708,5254,1.0000
32709,5254,1.0000
32710,5254,1.0000
32711,5254,1.0000
32712,5254,1.0000
32713,5254,1.0000
32714,5254,1.0000
32715,5254,1.0000
32716,5254,.5000
32716,5222,.5000
32717,5222,1.0000
32718,5222,1.0000
32719,5222,1.0000
32720,5222,1.0000
32721,5222,1.0000
32722,5222,1.0000
32723,5222,1.0000
32724,5222,1.0000
32725,5222,.5000
32725,5254,.5000
32726,5254,1.0000
32727,5254,1.0000
32728,5254,1.0000
32729,5254,1.0000
32730,5254,1.0000
32731,5254,1.0000
32732,5254,1.0000
32733,5254,1.0000
32734,5254,1.0000
32735,5254,1.0000
32736,5254,1.0000
32737,5254,1.0000
32738,5254,1.0000
32739,5254,1.0000
32740,5254,1.0000
32741,5254,1.0000
32742,5254,1.0000
32743,5254,1.0000
32744,5254,1.0000
32745,5254,1.0000
32746,5254,1.0000
32747,5254,1.0000
32748,5254,1.0000
32749,5254,1.0000
32750,5254,.5000
32750,5222,.5000
32751,5222,1.0000
32752,5222,1.0000
32753,5222,.9000
32753,5254,.1000
32754,5222,.1667
32754,5254,.8333
32755,5254,1.0000
32756,5254,1.0000
32757,5254,1.0000
32758,5254,1.0000
32759,5254,1.0000
32760,5254,1.0000
32761,5254,.5600
32761,5222,.4400
32762,5254,.0500
32762,5222,.9500
32763,5222,1.0000
32764,5222,1.0000
32765,5222,1.0000
32766,5222,1.0000
32767,5222,1.0000
32768,5222,1.0000
32769,5222,1.0000
32770,5222,1.0000
32771,5222,1.0000
32772,5222,1.0000
32773,5222,1.0000
32774,5222,1.0000
32775,5222,1.0000
32776,5222,1.0000
32777,5222,1.0000
32778,5222,1.0000
32779,5222,1.0000
32780,5222,1.0000
32781,5222,1.0000
32782,5222,1.0000
32783,5222,1.0000
32784,5222,1.0000
32785,5222,1.0000
32786,5222,1.0000
32787,5222,1.0000
32788,5222,1.0000
32789,5222,1.0000
32790,5222,1.0000
32791,5222,1.0000
32792,5222,1.0000
32793,5222,1.0000
32794,5222,1.0000
32795,5222,1.0000
32796,5222,1.0000
32797,5222,1.0000
32798,5222,1.0000
32799,5222,1.0000
32800,5222,1.0000
32801,5222,1.0000
32802,5222,1.0000
32803,5222,1.0000
32804,5222,1.0000
32805,5222,1.0000
32806,5222,1.0000
32807,5222,1.0000
32808,5222,1.0000
32809,5222,1.0000
32810,5222,1.0000
32811,5222,1.0000
32812,5222,1.0000
32813,5222,1.0000
32814,5222,1.0000
32815,5222,1.0000
32816,5222,1.0000
32817,5222,1.0000
32818,5222,.8750
32818,5254,.1250
32819,5254,.8500
32819,5222,.1500
32820,5254,1.0000
32821,5254,1.0000
32822,5254,1.0000
32823,5254,1.0000
32824,5254,1.0000
32825,5254,1.0000
32826,5254,1.0000
32827,5254,1.0000
32828,5254,1.0000
32829,5254,1.0000
32830,5254,1.0000
32831,5254,1.0000
32832,5254,1.0000
32833,5254,1.0000
32834,5254,1.0000
32835,5254,1.0000
32836,5254,.9500
32836,5222,.0500
32837,5254,.3158
32837,5222,.6842
32838,5222,1.0000
32839,5222,1.0000
32840,5222,1.0000
32841,5222,1.0000
32842,5222,1.0000
32843,5222,1.0000
32844,5222,1.0000
32845,5222,1.0000
32846,5222,1.0000
32847,5222,1.0000
32848,5222,1.0000
32849,5222,1.0000
32850,5222,1.0000
32851,5222,1.0000
32852,5222,1.0000
32853,5222,1.0000
32854,5222,1.0000
32855,5222,1.0000
32856,5222,1.0000
32857,5222,1.0000
32858,5222,1.0000
32859,5222,1.0000
32860,5222,1.0000
32861,5222,1.0000
32862,5222,1.0000
32863,5222,1.0000
32864,5222,1.0000
32865,5222,1.0000
32866,5222,1.0000
32867,5222,1.0000
32868,5222,1.0000
32869,5222,1.0000
32870,5222,1.0000
32871,5222,1.0000
32872,5222,1.0000
32873,5222,.7727
32873,5254,.2273
32874,5254,1.0000
32875,5254,1.0000
32876,5254,1.0000
32877,5254,1.0000
32878,5254,1.0000
32879,5254,1.0000
32880,5254,1.0000
32881,5254,1.0000
32882,5222,.2222
32882,5254,.7778
32883,5222,.8400
32883,5254,.1600
32884,5222,1.0000
32885,5222,1.0000
32886,5222,1.0000
32887,5222,1.0000
32888,5222,1.0000
32889,5222,1.0000
32890,5222,1.0000
32891,5222,1.0000
32892,5222,1.0000
32893,5222,1.0000
32894,5222,1.0000
32895,5222,1.0000
32896,5222,1.0000
32897,5222,1.0000
32898,5222,1.0000
32899,5222,1.0000
32900,5222,1.0000
32901,5222,1.0000
32902,5222,1.0000
32903,5222,1.0000
32904,5222,1.0000
32905,5222,1.0000
32906,5222,1.0000
32907,5222,1.0000
32908,5222,1.0000
32909,5222,1.0000
32910,5222,1.0000
32911,5222,1.0000
32912,5222,1.0000
32913,5222,1.0000
32914,5222,1.0000
32915,5222,1.0000
32916,5222,1.0000
32917,5222,1.0000
32918,5222,.2500
32918,5254,.7500
32919,5254,1.0000
32920,5254,1.0000
32921,5254,1.0000
32922,5254,1.0000
32923,5254,1.0000
32924,5254,1.0000
32925,5254,1.0000
32926,5254,1.0000
32927,5254,1.0000
32928,5254,1.0000
32929,5254,1.0000
32930,5254,1.0000
32931,5254,1.0000
32932,5254,1.0000
32933,5254,1.0000
32934,5254,1.0000
32935,5254,1.0000
32936,5254,1.0000
32937,5254,1.0000
32938,5254,1.0000
32939,5254,.8000
32939,-999,.2000
32940,-999,.8125
32940,5254,.1875
32941,-999,.2000
32941,5254,.8000
32942,5254,1.0000
32943,5254,1.0000
32944,5254,1.0000
32945,5254,1.0000
32946,5254,1.0000
32947,5254,1.0000
32948,5254,.9375
32948,-999,.0625
32949,-999,.7000
32949,5254,.3000
32950,-999,1.0000
32951,-999,1.0000
32952,-999,1.0000
32953,-999,1.0000
32954,-999,1.0000
32955,-999,1.0000
32956,-999,1.0000
32957,-999,1.0000
32958,-999,1.0000
32959,-999,1.0000
32960,-999,1.0000
32961,-999,1.0000
32962,-999,1.0000
32963,-999,1.0000
32964,-999,1.0000
32965,5254,1.0000
32966,5254,1.0000
32967,5254,1.0000
32968,5254,1.0000
32969,5254,1.0000
32970,5254,1.0000
32971,5254,1.0000
32972,5254,1.0000
32973,5254,1.0000
32974,5254,1.0000
32975,5254,1.0000
32976,5254,1.0000
32977,5254,1.0000
32978,5254,1.0000
32979,5254,1.0000
32980,5254,1.0000
32981,5254,1.0000
32982,5254,1.0000
32983,5254,.8500
32983,5222,.1500
32984,5254,.2105
32984,5222,.7895
32985,5222,1.0000
32986,5222,1.0000
32987,5222,1.0000
32988,5222,1.0000
32989,5222,1.0000
32990,5222,1.0000
32991,5222,1.0000
32992,5222,1.0000
32993,5222,.9500
32993,5254,.0500
32994,5254,.3200
32994,5222,.6800
32995,5254,.4500
32995,5222,.5500
32996,5254,.6000
32996,5222,.4000
32997,5254,.6875
32997,5222,.3125
32998,5254,.9500
32998,5222,.0500
32999,5254,1.0000
33000,5254,1.0000
33001,5254,1.0000
33002,5254,1.0000
33003,5254,1.0000
33004,5254,1.0000
33005,5254,1.0000
33006,5254,.9500
33006,5222,.0500
33007,5254,.8750
33007,5222,.1250
33008,5254,1.0000
33009,5254,1.0000
33010,5254,1.0000
33011,5254,1.0000
33012,5254,1.0000
33013,5254,1.0000
33014,5254,1.0000
33015,5254,1.0000
33016,5254,1.0000
33017,5254,.6400
33017,5222,.3600
33018,5254,.0500
33018,5222,.9500
33019,5222,1.0000
33020,5222,1.0000
33021,5222,.5600
33021,5254,.4400
33022,5254,1.0000
33023,5254,1.0000
33024,5254,1.0000
33025,5254,1.0000
33026,5254,1.0000
33027,5254,1.0000
33028,5254,.6250
33028,5222,.3750
33029,5254,.0500
33029,5222,.9500
33030,5222,1.0000
33031,5222,1.0000
33032,5222,1.0000
33033,5222,1.0000
33034,5222,1.0000
33035,5222,1.0000
33036,5222,1.0000
33037,5222,1.0000
33038,5222,1.0000
33039,5222,1.0000
33040,5222,1.0000
33041,5222,1.0000
33042,5222,1.0000
33043,5222,1.0000
33044,5222,1.0000
33045,5222,1.0000
33046,5222,1.0000
33047,5222,1.0000
33048,5222,1.0000
33049,5222,1.0000
33050,5222,1.0000
33051,5222,1.0000
33052,5222,1.0000
33053,5222,1.0000
33054,5222,1.0000
33055,5222,1.0000
33056,5222,1.0000
33057,5222,1.0000
33058,5222,1.0000
33059,5222,1.0000
33060,5222,1.0000
33061,5222,1.0000
33062,5222,1.0000
33063,5222,1.0000
33064,5222,1.0000
33065,5222,1.0000
33066,5222,1.0000
33067,5222,1.0000
33068,5222,1.0000
33069,5222,1.0000
33070,5222,1.0000
33071,5222,1.0000
33072,5222,1.0000
33073,5222,1.0000
33074,5222,1.0000
33075,5222,1.0000
33076,5222,1.0000
33077,5222,1.0000
33078,5222,1.0000
33079,5222,1.0000
33080,5222,1.0000
33081,5222,1.0000
33082,5222,1.0000
33083,5222,1.0000
33084,5222,1.0000
33085,5222,1.0000
33086,5222,1.0000
33087,5222,.7600
33087,5254,.2400
33088,5254,.7000
33088,5222,.3000
33089,5254,.9600
33089,5222,.0400
33090,5254,1.0000
33091,5254,1.0000
33092,5254,1.0000
33093,5254,1.0000
33094,5254,1.0000
33095,5254,1.0000
33096,5254,1.0000
33097,5254,1.0000
33098,5254,1.0000
33099,5254,1.0000
33100,5254,1.0000
33101,5254,1.0000
33102,5254,1.0000
33103,5254,1.0000
33104,5254,.5000
33104,5222,.5000
33105,5222,1.0000
33106,5222,1.0000
33107,5222,1.0000
33108,5222,1.0000
33109,5222,1.0000
33110,5222,1.0000
33111,5222,1.0000
33112,5222,1.0000
33113,5222,1.0000
33114,5222,1.0000
33115,5222,1.0000
33116,5222,1.0000
33117,5222,1.0000
33118,5222,1.0000
33119,5222,1.0000
33120,5222,1.0000
33121,5222,1.0000
33122,5222,1.0000
33123,5222,1.0000
33124,5222,1.0000
33125,5222,1.0000
33126,5222,1.0000
33127,5222,1.0000
33128,5222,1.0000
33129,5222,1.0000
33130,5222,1.0000
33131,5222,1.0000
33132,5222,1.0000
33133,5222,1.0000
33134,5222,1.0000
33135,5222,1.0000
33136,5222,1.0000
33137,5222,1.0000
33138,5222,1.0000
33139,5222,1.0000
33140,5222,1.0000
33141,5222,.9583
33141,5254,.0417
33142,5254,.8000
33142,5222,.2000
33143,5254,1.0000
33144,5254,1.0000
33145,5254,1.0000
33146,5254,1.0000
33147,5254,1.0000
33148,5254,1.0000
33149,5254,1.0000
33150,5254,.9444
33150,5222,.0556
33151,5254,.3158
33151,5222,.6842
33152,5222,1.0000
33153,5222,1.0000
33154,5222,1.0000
33155,5222,1.0000
33156,5222,1.0000
33157,5222,1.0000
33158,5222,1.0000
33159,5222,1.0000
33160,5222,1.0000
33161,5222,1.0000
33162,5222,1.0000
33163,5222,1.0000
33164,5222,1.0000
33165,5222,1.0000
33166,5222,1.0000
33167,5222,1.0000
33168,5222,1.0000
33169,5222,1.0000
33170,5222,1.0000
33171,5222,1.0000
33172,5222,1.0000
33173,5222,1.0000
33174,5222,1.0000
33175,5222,1.0000
33176,5222,1.0000
33177,5222,1.0000
33178,5222,1.0000
33179,5222,1.0000
33180,5222,1.0000
33181,5222,1.0000
33182,5222,1.0000
33183,5222,1.0000
33184,5222,1.0000
33185,5222,.8889
33185,5254,.1111
33186,5222,.1579
33186,5254,.8421
33187,5254,1.0000
33188,5254,1.0000
33189,5254,1.0000
33190,5254,1.0000
33191,5254,1.0000
33192,5254,1.0000
33193,5254,1.0000
33194,5254,1.0000
33195,5254,1.0000
33196,5254,1.0000
33197,5254,1.0000
33198,5254,1.0000
33199,5254,1.0000
33200,5254,1.0000
33201,5254,1.0000
33202,5254,1.0000
33203,5254,1.0000
33204,5254,1.0000
33205,5254,1.0000
33206,5254,1.0000
33207,5254,.9200
33207,-999,.0800
33208,-999,.1667
33208,5254,.8333
33209,5254,1.0000
33210,5254,1.0000
33211,5254,1.0000
33212,5254,1.0000
33213,5254,1.0000
33214,5254,1.0000
33215,5254,1.0000
33216,5254,1.0000
33217,5254,.8500
33217,-999,.1500
33218,-999,.8235
33218,5254,.1765
33219,-999,1.0000
33220,-999,1.0000
33221,-999,1.0000
33222,-999,.9000
33222,5254,.1000
33223,-999,1.0000
33224,-999,.6667
33224,5254,.3333
33225,-999,.4211
33225,5254,.5789
33226,-999,.4211
33226,5254,.5789
33227,-999,.4545
33227,5254,.5455
33228,-999,.7391
33228,5254,.2609
33229,-999,1.0000
33230,-999,1.0000
33231,-999,1.0000
33232,-999,1.0000
33233,5254,1.0000
33234,5254,1.0000
33235,5254,1.0000
33236,5254,1.0000
33237,5254,1.0000
33238,5254,1.0000
33239,5254,1.0000
33240,5254,1.0000
33241,5254,1.0000
33242,5254,1.0000
33243,5254,1.0000
33244,5254,1.0000
33245,5254,1.0000
33246,5254,1.0000
33247,5254,1.0000
33248,5254,1.0000
33249,5254,1.0000
33250,5254,.9375
33250,5222,.0625
33251,5254,.3000
33251,5222,.7000
33252,5222,1.0000
33253,5222,1.0000
33254,5222,1.0000
33255,5222,1.0000
33256,5222,1.0000
33257,5222,1.0000
33258,5222,1.0000
33259,5222,1.0000
33260,5222,1.0000
33261,5222,1.0000
33262,5222,1.0000
33263,5222,1.0000
33264,5222,1.0000
33265,5222,1.0000
33266,5222,.7500
33266,5254,.2500
33267,5254,.5625
33267,5222,.4375
33268,5254,.8500
33268,5222,.1500
33269,5254,1.0000
33270,5254,1.0000
33271,5254,.9375
33271,5222,.0625
33272,5254,.7000
33272,5222,.3000
33273,5254,.3750
33273,5222,.6250
33274,5254,.2000
33274,5222,.8000
33275,5222,.8125
33275,5254,.1875
33276,5254,.8571
33276,5222,.1429
33277,5254,1.0000
33278,5254,1.0000
33279,5254,1.0000
33280,5254,1.0000
33281,5254,1.0000
33282,5254,1.0000
33283,5254,.9545
33283,5222,.0455
33284,5254,.5000
33284,5222,.5000
33285,5254,.0500
33285,5222,.9500
33286,5222,1.0000
33287,5222,1.0000
33288,5222,.9375
33288,5254,.0625
33289,5222,.2000
33289,5254,.8000
33290,5254,1.0000
33291,5254,1.0000
33292,5254,1.0000
33293,5254,1.0000
33294,5254,1.0000
33295,5254,.7000
33295,5222,.3000
33296,5254,.0625
33296,5222,.9375
33297,5222,1.0000
33298,5222,1.0000
33299,5222,1.0000
33300,5222,1.0000
33301,5222,1.0000
33302,5222,1.0000
33303,5222,1.0000
33304,5222,1.0000
33305,5222,1.0000
33306,5222,1.0000
33307,5222,1.0000
33308,5222,1.0000
33309,5222,1.0000
33310,5222,1.0000
33311,5222,1.0000
33312,5222,1.0000
33313,5222,1.0000
33314,5222,1.0000
33315,5222,1.0000
33316,5222,1.0000
33317,5222,1.0000
33318,5222,1.0000
33319,5222,1.0000
33320,5222,1.0000
33321,5222,1.0000
33322,5222,1.0000
33323,5222,1.0000
33324,5222,1.0000
33325,5222,1.0000
33326,5222,1.0000
33327,5222,1.0000
33328,5222,1.0000
33329,5222,1.0000
33330,5222,1.0000
33331,5222,1.0000
33332,5222,1.0000
33333,5222,1.0000
33334,5222,1.0000
33335,5222,1.0000
33336,5222,1.0000
33337,5222,1.0000
33338,5222,1.0000
33339,5222,1.0000
33340,5222,1.0000
33341,5222,1.0000
33342,5222,1.0000
33343,5222,1.0000
33344,5222,1.0000
33345,5222,1.0000
33346,5222,1.0000
33347,5222,1.0000
33348,5222,1.0000
33349,5222,1.0000
33350,5222,1.0000
33351,5222,1.0000
33352,5222,1.0000
33353,5222,1.0000
33354,5222,1.0000
33355,5222,1.0000
33356,5222,1.0000
33357,5222,.7500
33357,5254,.2500
33358,5254,.5294
33358,5222,.4706
33359,5254,.5455
33359,5222,.4545
33360,5254,.5417
33360,5222,.4583
33361,5254,.9091
33361,5222,.0909
33362,5254,1.0000
33363,5254,1.0000
33364,5254,1.0000
33365,5254,1.0000
33366,5254,1.0000
33367,5254,1.0000
33368,5254,1.0000
33369,5254,1.0000
33370,5254,1.0000
33371,5254,.6250
33371,5222,.3750
33372,5254,.0500
33372,5222,.9500
33373,5222,1.0000
33374,5222,1.0000
33375,5222,1.0000
33376,5222,1.0000
33377,5222,1.0000
33378,5222,1.0000
33379,5222,1.0000
33380,5222,1.0000
33381,5222,1.0000
33382,5222,1.0000
33383,5222,1.0000
33384,5222,1.0000
33385,5222,1.0000
33386,5222,1.0000
33387,5222,1.0000
33388,5222,1.0000
33389,5222,1.0000
33390,5222,1.0000
33391,5222,1.0000
33392,5222,1.0000
33393,5222,1.0000
33394,5222,1.0000
33395,5222,1.0000
33396,5222,1.0000
33397,5222,1.0000
33398,5222,1.0000
33399,5222,1.0000
33400,5222,1.0000
33401,5222,1.0000
33402,5222,1.0000
33403,5222,1.0000
33404,5222,1.0000
33405,5222,1.0000
33406,5222,1.0000
33407,5222,1.0000
33408,5222,1.0000
33409,5222,1.0000
33410,5222,.4118
33410,5254,.5882
33411,5254,1.0000
33412,5254,1.0000
33413,5254,1.0000
33414,5254,1.0000
33415,5254,1.0000
33416,5254,1.0000
33417,5254,1.0000
33418,5254,.8000
33418,5222,.2000
33419,5222,1.0000
33420,5222,1.0000
33421,5222,1.0000
33422,5222,1.0000
33423,5222,1.0000
33424,5222,1.0000
33425,5222,1.0000
33426,5222,1.0000
33427,5222,1.0000
33428,5222,1.0000
33429,5222,1.0000
33430,5222,1.0000
33431,5222,1.0000
33432,5222,1.0000
33433,5222,1.0000
33434,5222,1.0000
33435,5222,1.0000
33436,5222,1.0000
33437,5222,1.0000
33438,5222,1.0000
33439,5222,1.0000
33440,5222,1.0000
33441,5222,1.0000
33442,5222,1.0000
33443,5222,1.0000
33444,5222,1.0000
33445,5222,1.0000
33446,5222,1.0000
33447,5222,1.0000
33448,5222,1.0000
33449,5222,1.0000
33450,5222,1.0000
33451,5222,1.0000
33452,5222,1.0000
33453,5222,.9600
33453,5254,.0400
33454,5254,.7368
33454,5222,.2632
33455,5254,1.0000
33456,5254,1.0000
33457,5254,1.0000
33458,5254,1.0000
33459,5254,1.0000
33460,5254,1.0000
33461,5254,1.0000
33462,5254,1.0000
33463,5254,1.0000
33464,5254,1.0000
33465,5254,1.0000
33466,5254,1.0000
33467,5254,1.0000
33468,5254,1.0000
33469,5254,1.0000
33470,5254,1.0000
33471,5254,1.0000
33472,5254,1.0000
33473,5254,1.0000
33474,5254,1.0000
33475,5254,1.0000
33476,5254,1.0000
33477,5254,1.0000
33478,5254,1.0000
33479,5254,1.0000
33480,5254,1.0000
33481,5254,1.0000
33482,5254,1.0000
33483,5254,1.0000
33484,5254,1.0000
33485,5254,1.0000
33486,5254,.5000
33486,-999,.5000
33487,-999,1.0000
33488,-999,1.0000
33489,-999,1.0000
33490,-999,.4583
33490,5254,.5417
33491,-999,.3158
33491,5254,.6842
33492,-999,.2500
33492,5254,.7500
33493,5254,1.0000
33494,5254,1.0000
33495,5254,1.0000
33496,-999,.5909
33496,5254,.4091
33497,-999,1.0000
33498,-999,1.0000
33499,-999,1.0000
33500,-999,1.0000
33501,5254,1.0000
33502,5254,1.0000
33503,5254,1.0000
33504,5254,1.0000
33505,5254,1.0000
33506,5254,1.0000
33507,5254,1.0000
33508,5254,1.0000
33509,5254,1.0000
33510,5254,1.0000
33511,5254,1.0000
33512,5254,1.0000
33513,5254,1.0000
33514,5254,1.0000
33515,5254,1.0000
33516,5254,1.0000
33517,5254,1.0000
33518,5254,.4375
33518,5222,.5625
33519,5222,1.0000
33520,5222,1.0000
33521,5222,1.0000
33522,5222,1.0000
33523,5222,1.0000
33524,5222,1.0000
33525,5222,1.0000
33526,5222,1.0000
33527,5222,1.0000
33528,5222,1.0000
33529,5222,1.0000
33530,5222,1.0000
33531,5222,1.0000
33532,5222,1.0000
33533,5222,1.0000
33534,5222,1.0000
33535,5222,1.0000
33536,5222,.9000
33536,5254,.1000
33537,5254,.3750
33537,5222,.6250
33538,5254,.4000
33538,5222,.6000
33539,5254,.1667
33539,5222,.8333
33540,5222,1.0000
33541,5222,1.0000
33542,5222,1.0000
33543,5222,1.0000
33544,5222,.4000
33544,5254,.6000
33545,5254,1.0000
33546,5254,1.0000
33547,5254,1.0000
33548,5254,1.0000
33549,5254,1.0000
33550,5254,1.0000
33551,5254,.4706
33551,5222,.5294
33552,5254,.0500
33552,5222,.9500
33553,5222,1.0000
33554,5222,1.0000
33555,5222,1.0000
33556,5222,.6250
33556,5254,.3750
33557,5254,1.0000
33558,5254,1.0000
33559,5254,1.0000
33560,5254,1.0000
33561,5254,1.0000
33562,5254,.8750
33562,5222,.1250
33563,5254,.1500
33563,5222,.8500
33564,5222,1.0000
33565,5222,1.0000
33566,5222,1.0000
33567,5222,1.0000
33568,5222,1.0000
33569,5222,1.0000
33570,5222,1.0000
33571,5222,1.0000
33572,5222,1.0000
33573,5222,1.0000
33574,5222,1.0000
33575,5222,1.0000
33576,5222,1.0000
33577,5222,1.0000
33578,5222,1.0000
33579,5222,1.0000
33580,5222,1.0000
33581,5222,1.0000
33582,5222,1.0000
33583,5222,1.0000
33584,5222,1.0000
33585,5222,1.0000
33586,5222,1.0000
33587,5222,1.0000
33588,5222,1.0000
33589,5222,1.0000
33590,5222,1.0000
33591,5222,1.0000
33592,5222,1.0000
33593,5222,1.0000
33594,5222,1.0000
33595,5222,1.0000
33596,5222,1.0000
33597,5222,1.0000
33598,5222,1.0000
33599,5222,1.0000
33600,5222,1.0000
33601,5222,1.0000
33602,5222,1.0000
33603,5222,1.0000
33604,5222,1.0000
33605,5222,1.0000
33606,5222,1.0000
33607,5222,1.0000
33608,5222,1.0000
33609,5222,1.0000
33610,5222,1.0000
33611,5222,1.0000
33612,5222,1.0000
33613,5222,1.0000
33614,5222,1.0000
33615,5222,1.0000
33616,5222,1.0000
33617,5222,1.0000
33618,5222,1.0000
33619,5222,1.0000
33620,5222,1.0000
33621,5222,1.0000
33622,5222,1.0000
33623,5222,1.0000
33624,5222,1.0000
33625,5222,1.0000
33626,5222,1.0000
33627,5222,1.0000
33628,5222,1.0000
33629,5222,.8125
33629,5254,.1875
33630,5254,.7000
33630,5222,.3000
33631,5254,1.0000
33632,5254,1.0000
33633,5254,1.0000
33634,5254,.8000
33634,5222,.2000
33635,5254,.5500
33635,5222,.4500
33636,5254,.3600
33636,5222,.6400
33637,5254,.2000
33637,5222,.8000
33638,5254,.2000
33638,5222,.8000
33639,5254,.0556
33639,5222,.9444
33640,5222,1.0000
33641,5222,1.0000
33642,5222,1.0000
33643,5222,1.0000
33644,5222,1.0000
33645,5222,1.0000
33646,5222,1.0000
33647,5222,1.0000
33648,5222,1.0000
33649,5222,1.0000
33650,5222,1.0000
33651,5222,1.0000
33652,5222,1.0000
33653,5222,1.0000
33654,5222,1.0000
33655,5222,1.0000
33656,5222,1.0000
33657,5222,1.0000
33658,5222,1.0000
33659,5222,1.0000
33660,5222,1.0000
33661,5222,1.0000
33662,5222,1.0000
33663,5222,1.0000
33664,5222,1.0000
33665,5222,1.0000
33666,5222,1.0000
33667,5222,1.0000
33668,5222,1.0000
33669,5222,1.0000
33670,5222,1.0000
33671,5222,1.0000
33672,5222,1.0000
33673,5222,1.0000
33674,5222,1.0000
33675,5222,1.0000
33676,5222,1.0000
33677,5222,1.0000
33678,5222,.6000
33678,5254,.4000
33679,5254,1.0000
33680,5254,1.0000
33681,5254,1.0000
33682,5254,1.0000
33683,5254,1.0000
33684,5254,1.0000
33685,5254,1.0000
33686,5254,.8000
33686,5222,.2000
33687,5222,1.0000
33688,5222,1.0000
33689,5222,1.0000
33690,5222,1.0000
33691,5222,1.0000
33692,5222,1.0000
33693,5222,1.0000
33694,5222,1.0000
33695,5222,1.0000
33696,5222,1.0000
33697,5222,1.0000
33698,5222,1.0000
33699,5222,1.0000
33700,5222,1.0000
33701,5222,1.0000
33702,5222,1.0000
33703,5222,1.0000
33704,5222,1.0000
33705,5222,1.0000
33706,5222,1.0000
33707,5222,1.0000
33708,5222,1.0000
33709,5222,1.0000
33710,5222,1.0000
33711,5222,1.0000
33712,5222,1.0000
33713,5222,1.0000
33714,5222,1.0000
33715,5222,1.0000
33716,5222,1.0000
33717,5222,1.0000
33718,5222,1.0000
33719,5222,1.0000
33720,5222,1.0000
33721,5222,1.0000
33722,5254,.5000
33722,5222,.5000
33723,5254,1.0000
33724,5254,1.0000
33725,5254,1.0000
33726,5254,1.0000
33727,5254,1.0000
33728,5254,1.0000
33729,5254,1.0000
33730,5254,1.0000
33731,5254,1.0000
33732,5254,1.0000
33733,5254,1.0000
33734,5254,1.0000
33735,5254,1.0000
33736,5254,1.0000
33737,5254,1.0000
33738,5254,1.0000
33739,5254,1.0000
33740,5254,1.0000
33741,5254,1.0000
33742,5254,1.0000
33743,5254,1.0000
33744,5254,1.0000
33745,5254,1.0000
33746,5254,1.0000
33747,5254,1.0000
33748,5254,1.0000
33749,5254,1.0000
33750,5254,1.0000
33751,5254,1.0000
33752,5254,1.0000
33753,5254,1.0000
33754,5254,.8696
33754,-999,.1304
33755,-999,.8750
33755,5254,.1250
33756,-999,1.0000
33757,-999,1.0000
33758,-999,.9000
33758,5254,.1000
33759,5254,.1667
33759,-999,.8333
33760,-999,.9200
33760,5254,.0800
33761,5254,.7647
33761,-999,.2353
33762,5254,.9500
33762,-999,.0500
33763,5254,1.0000
33764,5254,.4000
33764,-999,.6000
33765,-999,1.0000
33766,-999,1.0000
33767,-999,1.0000
33768,-999,1.0000
33769,5254,1.0000
33770,5254,1.0000
33771,5254,1.0000
33772,5254,1.0000
33773,5254,1.0000
33774,5254,1.0000
33775,5254,1.0000
33776,5254,1.0000
33777,5254,1.0000
33778,5254,1.0000
33779,5254,1.0000
33780,5254,1.0000
33781,5254,1.0000
33782,5254,1.0000
33783,5254,1.0000
33784,5254,1.0000
33785,5254,.5833
33785,5222,.4167
33786,5254,.0500
33786,5222,.9500
33787,5222,1.0000
33788,5222,1.0000
33789,5222,1.0000
33790,5222,1.0000
33791,5222,1.0000
33792,5222,1.0000
33793,5222,1.0000
33794,5222,1.0000
33795,5222,1.0000
33796,5222,1.0000
33797,5222,1.0000
33798,5222,1.0000
33799,5222,1.0000
33800,5222,1.0000
33801,5222,1.0000
33802,5222,1.0000
33803,5222,1.0000
33804,5222,1.0000
33805,5222,1.0000
33806,5222,1.0000
33807,5222,1.0000
33808,5222,1.0000
33809,5222,1.0000
33810,5222,1.0000
33811,5222,1.0000
33812,5222,.5000
33812,5254,.5000
33813,5254,1.0000
33814,5254,1.0000
33815,5254,1.0000
33816,5254,1.0000
33817,5254,1.0000
33818,5254,.8000
33818,5222,.2000
33819,5254,.0625
33819,5222,.9375
33820,5222,1.0000
33821,5222,1.0000
33822,5222,1.0000
33823,5222,1.0000
33824,5222,.4375
33824,5254,.5625
33825,5254,1.0000
33826,5254,1.0000
33827,5254,1.0000
33828,5254,1.0000
33829,5254,.9500
33829,5222,.0500
33830,5254,.3158
33830,5222,.6842
33831,5222,1.0000
33832,5222,1.0000
33833,5222,1.0000
33834,5222,1.0000
33835,5222,1.0000
33836,5222,1.0000
33837,5222,1.0000
33838,5222,1.0000
33839,5222,1.0000
33840,5222,1.0000
33841,5222,1.0000
33842,5222,1.0000
33843,5222,1.0000
33844,5222,1.0000
33845,5222,1.0000
33846,5222,1.0000
33847,5222,1.0000
33848,5222,1.0000
33849,5222,1.0000
33850,5222,1.0000
33851,5222,1.0000
33852,5222,1.0000
33853,5222,1.0000
33854,5222,1.0000
33855,5222,1.0000
33856,5222,1.0000
33857,5222,1.0000
33858,5222,1.0000
33859,5222,1.0000
33860,5222,1.0000
33861,5222,1.0000
33862,5222,1.0000
33863,5222,1.0000
33864,5222,1.0000
33865,5222,1.0000
33866,5222,1.0000
33867,5222,1.0000
33868,5222,1.0000
33869,5222,1.0000
33870,5222,1.0000
33871,5222,1.0000
33872,5222,1.0000
33873,5222,1.0000
33874,5222,1.0000
33875,5222,1.0000
33876,5222,1.0000
33877,5222,1.0000
33878,5222,1.0000
33879,5222,1.0000
33880,5222,1.0000
33881,5222,1.0000
33882,5222,1.0000
33883,5222,1.0000
33884,5222,1.0000
33885,5222,1.0000
33886,5222,1.0000
33887,5222,1.0000
33888,5222,1.0000
33889,5222,1.0000
33890,5222,1.0000
33891,5222,1.0000
33892,5222,1.0000
33893,5222,1.0000
33894,5222,1.0000
33895,5222,1.0000
33896,5222,1.0000
33897,5222,1.0000
33898,5222,.9500
33898,5254,.0500
33899,5254,.3750
33899,5222,.6250
33900,5254,.8000
33900,5222,.2000
33901,5254,.9375
33901,5222,.0625
33902,5254,.1500
33902,5222,.8500
33903,5222,1.0000
33904,5222,1.0000
33905,5222,1.0000
33906,5222,1.0000
33907,5222,1.0000
33908,5222,1.0000
33909,5222,1.0000
33910,5222,1.0000
33911,5222,1.0000
33912,5222,1.0000
33913,5222,1.0000
33914,5222,1.0000
33915,5222,1.0000
33916,5222,1.0000
33917,5222,1.0000
33918,5222,1.0000
33919,5222,1.0000
33920,5222,1.0000
33921,5222,1.0000
33922,5222,1.0000
33923,5222,1.0000
33924,5222,1.0000
33925,5222,1.0000
33926,5222,1.0000
33927,5222,1.0000
33928,5222,1.0000
33929,5222,1.0000
33930,5222,1.0000
33931,5222,1.0000
33932,5222,1.0000
33933,5222,1.0000
33934,5222,1.0000
33935,5222,1.0000
33936,5222,1.0000
33937,5222,1.0000
33938,5222,1.0000
33939,5222,1.0000
33940,5222,1.0000
33941,5222,1.0000
33942,5222,1.0000
33943,5222,1.0000
33944,5222,1.0000
33945,5222,1.0000
33946,5222,.9000
33946,5254,.1000
33947,5254,.8125
33947,5222,.1875
33948,5254,1.0000
33949,5254,1.0000
33950,5254,1.0000
33951,5254,1.0000
33952,5254,1.0000
33953,5254,1.0000
33954,5254,.9600
33954,5222,.0400
33955,5222,.5500
33955,5254,.4500
33956,5222,1.0000
33957,5222,1.0000
33958,5222,1.0000
33959,5222,1.0000
33960,5222,1.0000
33961,5222,1.0000
33962,5222,1.0000
33963,5222,1.0000
33964,5222,1.0000
33965,5222,1.0000
33966,5222,1.0000
33967,5222,1.0000
33968,5222,1.0000
33969,5222,1.0000
33970,5222,1.0000
33971,5222,1.0000
33972,5222,1.0000
33973,5222,1.0000
33974,5222,1.0000
33975,5222,1.0000
33976,5222,1.0000
33977,5222,1.0000
33978,5222,1.0000
33979,5222,1.0000
33980,5222,1.0000
33981,5222,1.0000
33982,5222,1.0000
33983,5222,1.0000
33984,5222,1.0000
33985,5222,1.0000
33986,5222,1.0000
33987,5222,1.0000
33988,5222,1.0000
33989,5222,1.0000
33990,5222,.8125
33990,5254,.1875
33991,5254,.9500
33991,5222,.0500
33992,5254,1.0000
33993,5254,1.0000
33994,5254,1.0000
33995,5254,1.0000
33996,5254,1.0000
33997,5254,1.0000
33998,5254,1.0000
33999,5254,1.0000
34000,5254,1.0000
34001,5254,1.0000
34002,5254,1.0000
34003,5254,1.0000
34004,5254,1.0000
34005,5254,1.0000
34006,5254,1.0000
34007,5254,1.0000
34008,5254,1.0000
34009,5254,1.0000
34010,5254,1.0000
34011,5254,1.0000
34012,5254,1.0000
34013,5254,1.0000
34014,5254,1.0000
34015,5254,1.0000
34016,5254,1.0000
34017,5254,1.0000
34018,5254,1.0000
34019,5254,1.0000
34020,5254,1.0000
34021,5254,1.0000
34022,5254,.8696
34022,-999,.1304
34023,5254,.0952
34023,-999,.9048
34024,-999,1.0000
34025,-999,1.0000
34026,-999,1.0000
34027,-999,1.0000
34028,-999,1.0000
34029,-999,.9130
34029,5254,.0870
34030,5254,.1905
34030,-999,.8095
34031,5254,.3684
34031,-999,.6316
34032,5254,.0556
34032,-999,.9444
34033,-999,1.0000
34034,-999,1.0000
34035,-999,1.0000
34036,-999,1.0000
34037,5254,1.0000
34038,5254,1.0000
34039,5254,1.0000
34040,5254,1.0000
34041,5254,1.0000
34042,5254,1.0000
34043,5254,1.0000
34044,5254,1.0000
34045,5254,1.0000
34046,5254,1.0000
34047,5254,1.0000
34048,5254,1.0000
34049,5254,1.0000
34050,5254,1.0000
34051,5254,1.0000
34052,5254,.8500
34052,5222,.1500
34053,5254,.1364
34053,5222,.8636
34054,5222,1.0000
34055,5222,1.0000
34056,5222,1.0000
34057,5222,1.0000
34058,5222,1.0000
34059,5222,1.0000
34060,5222,1.0000
34061,5222,1.0000
34062,5222,1.0000
34063,5222,1.0000
34064,5222,1.0000
34065,5222,1.0000
34066,5222,1.0000
34067,5222,1.0000
34068,5222,1.0000
34069,5222,1.0000
34070,5222,1.0000
34071,5222,1.0000
34072,5222,1.0000
34073,5222,1.0000
34074,5222,1.0000
34075,5222,1.0000
34076,5222,1.0000
34077,5222,1.0000
34078,5222,1.0000
34079,5222,1.0000
34080,5222,.7000
34080,5254,.3000
34081,5254,1.0000
34082,5254,1.0000
34083,5254,1.0000
34084,5254,1.0000
34085,5254,1.0000
34086,5254,.5000
34086,5222,.5000
34087,5222,1.0000
34088,5222,1.0000
34089,5222,1.0000
34090,5222,1.0000
34091,5222,1.0000
34092,5222,.3478
34092,5254,.6522
34093,5254,1.0000
34094,5254,1.0000
34095,5254,1.0000
34096,5254,1.0000
34097,5254,.5200
34097,5222,.4800
34098,5222,1.0000
34099,5222,1.0000
34100,5222,1.0000
34101,5222,1.0000
34102,5222,1.0000
34103,5222,1.0000
34104,5222,1.0000
34105,5222,1.0000
34106,5222,1.0000
34107,5222,1.0000
34108,5222,1.0000
34109,5222,1.0000
34110,5222,1.0000
34111,5222,1.0000
34112,5222,1.0000
34113,5222,1.0000
34114,5222,1.0000
34115,5222,1.0000
34116,5222,1.0000
34117,5222,1.0000
34118,5222,1.0000
34119,5222,1.0000
34120,5222,1.0000
34121,5222,1.0000
34122,5222,1.0000
34123,5222,1.0000
34124,5222,1.0000
34125,5222,1.0000
34126,5222,1.0000
34127,5222,1.0000
34128,5222,1.0000
34129,5222,1.0000
34130,5222,1.0000
34131,5222,1.0000
34132,5222,1.0000
34133,5222,1.0000
34134,5222,1.0000
34135,5222,1.0000
34136,5222,1.0000
34137,5222,1.0000
34138,5222,1.0000
34139,5222,1.0000
34140,5222,1.0000
34141,5222,1.0000
34142,5222,1.0000
34143,5222,1.0000
34144,5222,1.0000
34145,5222,1.0000
34146,5222,1.0000
34147,5222,1.0000
34148,5222,1.0000
34149,5222,1.0000
34150,5222,1.0000
34151,5222,1.0000
34152,5222,1.0000
34153,5222,1.0000
34154,5222,1.0000
34155,5222,1.0000
34156,5222,1.0000
34157,5222,1.0000
34158,5222,1.0000
34159,5222,1.0000
34160,5222,1.0000
34161,5222,1.0000
34162,5222,1.0000
34163,5222,1.0000
34164,5222,1.0000
34165,5222,1.0000
34166,5222,1.0000
34167,5222,1.0000
34168,5222,.9000
34168,5254,.1000
34169,5254,.2500
34169,5222,.7500
34170,5222,1.0000
34171,5222,1.0000
34172,5222,1.0000
34173,5222,1.0000
34174,5222,1.0000
34175,5222,1.0000
34176,5222,1.0000
34177,5222,1.0000
34178,5222,1.0000
34179,5222,1.0000
34180,5222,1.0000
34181,5222,1.0000
34182,5222,1.0000
34183,5222,1.0000
34184,5222,1.0000
34185,5222,1.0000
34186,5222,1.0000
34187,5222,1.0000
34188,5222,1.0000
34189,5222,1.0000
34190,5222,1.0000
34191,5222,1.0000
34192,5222,1.0000
34193,5222,1.0000
34194,5222,1.0000
34195,5222,1.0000
34196,5222,1.0000
34197,5222,1.0000
34198,5222,1.0000
34199,5222,1.0000
34200,5222,1.0000
34201,5222,1.0000
34202,5222,1.0000
34203,5222,1.0000
34204,5222,1.0000
34205,5222,1.0000
34206,5222,1.0000
34207,5222,1.0000
34208,5222,1.0000
34209,5222,1.0000
34210,5222,1.0000
34211,5222,1.0000
34212,5222,1.0000
34213,5222,1.0000
34214,5222,1.0000
34215,5222,.6875
34215,5254,.3125
34216,5254,.9500
34216,5222,.0500
34217,5254,1.0000
34218,5254,1.0000
34219,5254,1.0000
34220,5254,1.0000
34221,5254,1.0000
34222,5254,1.0000
34223,5254,.9375
34223,5222,.0625
34224,5222,.5833
34224,5254,.4167
34225,5222,.9500
34225,5254,.0500
34226,5222,1.0000
34227,5222,1.0000
34228,5222,1.0000
34229,5222,1.0000
34230,5222,1.0000
34231,5222,1.0000
34232,5222,1.0000
34233,5222,1.0000
34234,5222,1.0000
34235,5222,1.0000
34236,5222,1.0000
34237,5222,1.0000
34238,5222,1.0000
34239,5222,1.0000
34240,5222,1.0000
34241,5222,1.0000
34242,5222,1.0000
34243,5222,1.0000
34244,5222,1.0000
34245,5222,1.0000
34246,5222,1.0000
34247,5222,1.0000
34248,5222,1.0000
34249,5222,1.0000
34250,5222,1.0000
34251,5222,1.0000
34252,5222,1.0000
34253,5222,1.0000
34254,5222,1.0000
34255,5222,1.0000
34256,5222,1.0000
34257,5222,1.0000
34258,5222,.9474
34258,5254,.0526
34259,5222,.2222
34259,5254,.7778
34260,5254,1.0000
34261,5254,1.0000
34262,5254,1.0000
34263,5254,1.0000
34264,5254,1.0000
34265,5254,1.0000
34266,5254,1.0000
34267,5254,1.0000
34268,5254,1.0000
34269,5254,1.0000
34270,5254,1.0000
34271,5254,1.0000
34272,5254,1.0000
34273,5254,1.0000
34274,5254,1.0000
34275,5254,1.0000
34276,5254,1.0000
34277,5254,1.0000
34278,5254,1.0000
34279,5254,1.0000
34280,5254,1.0000
34281,5254,1.0000
34282,5254,1.0000
34283,5254,1.0000
34284,5254,1.0000
34285,5254,1.0000
34286,5254,1.0000
34287,5254,1.0000
34288,5254,1.0000
34289,5254,1.0000
34290,5254,.9412
34290,-999,.0588
34291,-999,.7727
34291,5254,.2273
34292,-999,1.0000
34293,-999,1.0000
34294,-999,1.0000
34295,-999,1.0000
34296,-999,1.0000
34297,-999,1.0000
34298,-999,1.0000
34299,-999,1.0000
34300,-999,1.0000
34301,-999,1.0000
34302,-999,1.0000
34303,-999,1.0000
34304,-999,1.0000
34305,5254,1.0000
34306,5254,1.0000
34307,5254,1.0000
34308,5254,1.0000
34309,5254,1.0000
34310,5254,1.0000
34311,5254,1.0000
34312,5254,1.0000
34313,5254,1.0000
34314,5254,1.0000
34315,5254,1.0000
34316,5254,1.0000
34317,5254,1.0000
34318,5254,1.0000
34319,5254,1.0000
34320,5254,.5000
34320,5222,.5000
34321,5222,1.0000
34322,5222,1.0000
34323,5222,1.0000
34324,5222,1.0000
34325,5222,1.0000
34326,5222,1.0000
34327,5222,1.0000
34328,5222,1.0000
34329,5222,1.0000
34330,5222,1.0000
34331,5222,1.0000
34332,5222,1.0000
34333,5222,1.0000
34334,5222,1.0000
34335,5222,1.0000
34336,5222,1.0000
34337,5222,1.0000
34338,5222,1.0000
34339,5222,1.0000
34340,5222,1.0000
34341,5222,1.0000
34342,5222,1.0000
34343,5222,1.0000
34344,5222,1.0000
34345,5222,1.0000
34346,5222,1.0000
34347,5222,1.0000
34348,5222,.9000
34348,5254,.1000
34349,5254,.8750
34349,5222,.1250
34350,5254,1.0000
34351,5254,1.0000
34352,5254,1.0000
34353,5254,1.0000
34354,5254,.4000
34354,5222,.6000
34355,5222,1.0000
34356,5222,1.0000
34357,5222,1.0000
34358,5222,1.0000
34359,5222,1.0000
34360,5222,.2500
34360,5254,.7500
34361,5254,1.0000
34362,5254,1.0000
34363,5254,1.0000
34364,5254,.7500
34364,5222,.2500
34365,5254,.0500
34365,5222,.9500
34366,5222,1.0000
34367,5222,1.0000
34368,5222,1.0000
34369,5222,1.0000
34370,5222,1.0000
34371,5222,1.0000
34372,5222,1.0000
34373,5222,1.0000
34374,5222,1.0000
34375,5222,1.0000
34376,5222,1.0000
34377,5222,1.0000
34378,5222,1.0000
34379,5222,1.0000
34380,5222,1.0000
34381,5222,1.0000
34382,5222,1.0000
34383,5222,1.0000
34384,5222,1.0000
34385,5222,1.0000
34386,5222,1.0000
34387,5222,1.0000
34388,5222,1.0000
34389,5222,1.0000
34390,5222,1.0000
34391,5222,1.0000
34392,5222,1.0000
34393,5222,1.0000
34394,5222,1.0000
34395,5222,1.0000
34396,5222,1.0000
34397,5222,1.0000
34398,5222,1.0000
34399,5222,1.0000
34400,5222,1.0000
34401,5222,1.0000
34402,5222,1.0000
34403,5222,1.0000
34404,5222,1.0000
34405,5222,1.0000
34406,5222,1.0000
34407,5222,1.0000
34408,5222,1.0000
34409,5222,1.0000
34410,5222,1.0000
34411,5222,1.0000
34412,5222,1.0000
34413,5222,1.0000
34414,5222,1.0000
34415,5222,1.0000
34416,5222,1.0000
34417,5222,1.0000
34418,5222,1.0000
34419,5222,1.0000
34420,5222,1.0000
34421,5222,1.0000
34422,5222,1.0000
34423,5222,1.0000
34424,5222,1.0000
34425,5222,1.0000
34426,5222,1.0000
34427,5222,1.0000
34428,5222,1.0000
34429,5222,1.0000
34430,5222,1.0000
34431,5222,1.0000
34432,5222,1.0000
34433,5222,1.0000
34434,5222,1.0000
34435,5222,1.0000
34436,5222,1.0000
34437,5222,1.0000
34438,5222,1.0000
34439,5222,1.0000
34440,5222,1.0000
34441,5222,1.0000
34442,5222,1.0000
34443,5222,1.0000
34444,5222,1.0000
34445,5222,1.0000
34446,5222,1.0000
34447,5222,1.0000
34448,5222,1.0000
34449,5222,1.0000
34450,5222,1.0000
34451,5222,1.0000
34452,5222,1.0000
34453,5222,1.0000
34454,5222,1.0000
34455,5222,1.0000
34456,5222,1.0000
34457,5222,1.0000
34458,5222,1.0000
34459,5222,1.0000
34460,5222,1.0000
34461,5222,1.0000
34462,5222,1.0000
34463,5222,1.0000
34464,5222,1.0000
34465,5222,1.0000
34466,5222,1.0000
34467,5222,1.0000
34468,5222,1.0000
34469,5222,1.0000
34470,5222,1.0000
34471,5222,1.0000
34472,5222,1.0000
34473,5222,1.0000
34474,5222,1.0000
34475,5222,1.0000
34476,5222,1.0000
34477,5222,1.0000
34478,5222,1.0000
34479,5222,1.0000
34480,5222,1.0000
34481,5222,1.0000
34482,5222,1.0000
34483,5222,1.0000
34484,5222,.6000
34484,5254,.4000
34485,5254,.8947
34485,5222,.1053
34486,5254,1.0000
34487,5254,1.0000
34488,5254,1.0000
34489,5254,1.0000
34490,5254,1.0000
34491,5254,1.0000
34492,5254,1.0000
34493,5254,.6316
34493,5222,.3684
34494,5222,.9000
34494,5254,.1000
34495,5222,1.0000
34496,5222,1.0000
34497,5222,1.0000
34498,5222,1.0000
34499,5222,1.0000
34500,5222,1.0000
34501,5222,1.0000
34502,5222,1.0000
34503,5222,1.0000
34504,5222,1.0000
34505,5222,1.0000
34506,5222,1.0000
34507,5222,1.0000
34508,5222,1.0000
34509,5222,1.0000
34510,5222,1.0000
34511,5222,1.0000
34512,5222,1.0000
34513,5222,1.0000
34514,5222,1.0000
34515,5222,1.0000
34516,5222,1.0000
34517,5222,1.0000
34518,5222,1.0000
34519,5222,1.0000
34520,5222,1.0000
34521,5222,1.0000
34522,5222,1.0000
34523,5222,1.0000
34524,5222,1.0000
34525,5222,1.0000
34526,5222,1.0000
34527,5222,.7500
34527,5254,.2500
34528,5254,.8500
34528,5222,.1500
34529,5254,1.0000
34530,5254,1.0000
34531,5254,1.0000
34532,5254,1.0000
34533,5254,1.0000
34534,5254,1.0000
34535,5254,1.0000
34536,5254,1.0000
34537,5254,1.0000
34538,5254,1.0000
34539,5254,1.0000
34540,5254,1.0000
34541,5254,1.0000
34542,5254,1.0000
34543,5254,1.0000
34544,5254,1.0000
34545,5254,1.0000
34546,5254,1.0000
34547,5254,1.0000
34548,5254,1.0000
34549,5254,1.0000
34550,5254,1.0000
34551,5254,1.0000
34552,5254,1.0000
34553,5254,1.0000
34554,5254,1.0000
34555,5254,1.0000
34556,5254,1.0000
34557,5254,1.0000
34558,5254,1.0000
34559,5254,.6000
34559,-999,.4000
34560,-999,1.0000
34561,-999,1.0000
34562,-999,1.0000
34563,-999,1.0000
34564,-999,1.0000
34565,-999,1.0000
34566,-999,1.0000
34567,-999,1.0000
34568,-999,1.0000
34569,-999,1.0000
34570,-999,1.0000
34571,-999,1.0000
34572,-999,1.0000
34573,5254,1.0000
34574,5254,1.0000
34575,5254,1.0000
34576,5254,1.0000
34577,5254,1.0000
34578,5254,1.0000
34579,5254,1.0000
34580,5254,1.0000
34581,5254,1.0000
34582,5254,1.0000
34583,5254,1.0000
34584,5254,1.0000
34585,5254,1.0000
34586,5254,1.0000
34587,5254,1.0000
34588,5254,.3158
34588,5222,.6842
34589,5222,1.0000
34590,5222,1.0000
34591,5222,1.0000
34592,5222,1.0000
34593,5222,1.0000
34594,5222,1.0000
34595,5222,1.0000
34596,5222,1.0000
34597,5222,1.0000
34598,5222,1.0000
34599,5222,1.0000
34600,5222,1.0000
34601,5222,1.0000
34602,5222,1.0000
34603,5222,1.0000
34604,5222,1.0000
34605,5222,1.0000
34606,5222,1.0000
34607,5222,1.0000
34608,5222,1.0000
34609,5222,1.0000
34610,5222,1.0000
34611,5222,1.0000
34612,5222,1.0000
34613,5222,1.0000
34614,5222,1.0000
34615,5222,1.0000
34616,5222,1.0000
34617,5222,.4500
34617,5254,.5500
34618,5254,1.0000
34619,5254,1.0000
34620,5254,1.0000
34621,5254,1.0000
34622,5254,.4000
34622,5222,.6000
34623,5222,1.0000
34624,5222,1.0000
34625,5222,1.0000
34626,5222,1.0000
34627,5222,1.0000
34628,5222,.2000
34628,5254,.8000
34629,5254,1.0000
34630,5254,1.0000
34631,5254,.8500
34631,5222,.1500
34632,5254,.1875
34632,5222,.8125
34633,5222,1.0000
34634,5222,1.0000
34635,5222,1.0000
34636,5222,1.0000
34637,5222,1.0000
34638,5222,1.0000
34639,5222,1.0000
34640,5222,1.0000
34641,5222,1.0000
34642,5222,1.0000
34643,5222,1.0000
34644,5222,1.0000
34645,5222,1.0000
34646,5222,1.0000
34647,5222,1.0000
34648,5222,1.0000
34649,5222,1.0000
34650,5222,1.0000
34651,5222,1.0000
34652,5222,1.0000
34653,5222,1.0000
34654,5222,1.0000
34655,5222,1.0000
34656,5222,1.0000
34657,5222,1.0000
34658,5222,1.0000
34659,5222,1.0000
34660,5222,1.0000
34661,5222,1.0000
34662,5222,1.0000
34663,5222,1.0000
34664,5222,1.0000
34665,5222,1.0000
34666,5222,1.0000
34667,5222,1.0000
34668,5222,1.0000
34669,5222,1.0000
34670,5222,1.0000
34671,5222,1.0000
34672,5222,1.0000
34673,5222,1.0000
34674,5222,1.0000
34675,5222,1.0000
34676,5222,1.0000
34677,5222,1.0000
34678,5222,1.0000
34679,5222,1.0000
34680,5222,1.0000
34681,5222,1.0000
34682,5222,1.0000
34683,5222,1.0000
34684,5222,1.0000
34685,5222,1.0000
34686,5222,1.0000
34687,5222,1.0000
34688,5222,1.0000
34689,5222,1.0000
34690,5222,1.0000
34691,5222,1.0000
34692,5222,1.0000
34693,5222,1.0000
34694,5222,1.0000
34695,5222,1.0000
34696,5222,1.0000
34697,5222,1.0000
34698,5222,1.0000
34699,5222,1.0000
34700,5222,1.0000
34701,5222,1.0000
34702,5222,1.0000
34703,5222,1.0000
34704,5222,1.0000
34705,5222,1.0000
34706,5222,1.0000
34707,5222,1.0000
34708,5222,1.0000
34709,5222,1.0000
34710,5222,1.0000
34711,5222,1.0000
34712,5222,1.0000
34713,5222,1.0000
34714,5222,1.0000
34715,5222,1.0000
34716,5222,1.0000
34717,5222,1.0000
34718,5222,1.0000
34719,5222,1.0000
34720,5222,1.0000
34721,5222,1.0000
34722,5222,1.0000
34723,5222,1.0000
34724,5222,1.0000
34725,5222,1.0000
34726,5222,1.0000
34727,5222,1.0000
34728,5222,1.0000
34729,5222,1.0000
34730,5222,1.0000
34731,5222,1.0000
34732,5222,1.0000
34733,5222,1.0000
34734,5222,1.0000
34735,5222,1.0000
34736,5222,1.0000
34737,5222,1.0000
34738,5222,1.0000
34739,5222,1.0000
34740,5222,1.0000
34741,5222,1.0000
34742,5222,1.0000
34743,5222,1.0000
34744,5222,1.0000
34745,5222,1.0000
34746,5222,1.0000
34747,5222,1.0000
34748,5222,1.0000
34749,5222,1.0000
34750,5222,1.0000
34751,5222,1.0000
34752,5222,1.0000
34753,5254,.2632
34753,5222,.7368
34754,5254,.8800
34754,5222,.1200
34755,5254,1.0000
34756,5254,1.0000
34757,5254,1.0000
34758,5254,1.0000
34759,5254,1.0000
34760,5254,1.0000
34761,5254,1.0000
34762,5254,.8125
34762,5222,.1875
34763,5222,.6500
34763,5254,.3500
34764,5222,1.0000
34765,5222,1.0000
34766,5222,1.0000
34767,5222,1.0000
34768,5222,1.0000
34769,5222,1.0000
34770,5222,1.0000
34771,5222,1.0000
34772,5222,1.0000
34773,5222,1.0000
34774,5222,1.0000
34775,5222,1.0000
34776,5222,1.0000
34777,5222,1.0000
34778,5222,1.0000
34779,5222,1.0000
34780,5222,1.0000
34781,5222,1.0000
34782,5222,1.0000
34783,5222,1.0000
34784,5222,1.0000
34785,5222,1.0000
34786,5222,1.0000
34787,5222,1.0000
34788,5222,1.0000
34789,5222,1.0000
34790,5222,1.0000
34791,5222,1.0000
34792,5222,1.0000
34793,5222,1.0000
34794,5222,1.0000
34795,5222,1.0000
34796,5222,.8000
34796,5254,.2000
34797,5254,.8750
34797,5222,.1250
34798,5254,1.0000
34799,5254,1.0000
34800,5254,1.0000
34801,5254,1.0000
34802,5254,1.0000
34803,5254,1.0000
34804,5254,1.0000
34805,5254,1.0000
34806,5254,1.0000
34807,5254,1.0000
34808,5254,1.0000
34809,5254,1.0000
34810,5254,1.0000
34811,5254,1.0000
34812,5254,1.0000
34813,5254,1.0000
34814,5254,1.0000
34815,5254,1.0000
34816,5254,1.0000
34817,5254,1.0000
34818,5254,1.0000
34819,5254,1.0000
34820,5254,1.0000
34821,5254,1.0000
34822,5254,1.0000
34823,5254,1.0000
34824,5254,1.0000
34825,5254,1.0000
34826,5254,1.0000
34827,5254,.6000
34827,-999,.4000
34828,-999,1.0000
34829,-999,1.0000
34830,-999,1.0000
34831,-999,1.0000
34832,-999,1.0000
34833,-999,1.0000
34834,-999,1.0000
34835,-999,1.0000
34836,-999,1.0000
34837,-999,1.0000
34838,-999,1.0000
34839,-999,1.0000
34840,-999,1.0000
34841,5254,1.0000
34842,5254,1.0000
34843,5254,1.0000
34844,5254,1.0000
34845,5254,1.0000
34846,5254,1.0000
34847,5254,1.0000
34848,5254,1.0000
34849,5254,1.0000
34850,5254,1.0000
34851,5254,1.0000
34852,5254,1.0000
34853,5254,1.0000
34854,5254,1.0000
34855,5254,.9375
34855,5222,.0625
34856,5254,.1500
34856,5222,.8500
34857,5222,1.0000
34858,5222,1.0000
34859,5222,1.0000
34860,5222,1.0000
34861,5222,1.0000
34862,5222,1.0000
34863,5222,1.0000
34864,5222,1.0000
34865,5222,1.0000
34866,5222,1.0000
34867,5222,1.0000
34868,5222,1.0000
34869,5222,1.0000
34870,5222,1.0000
34871,5222,1.0000
34872,5222,1.0000
34873,5222,1.0000
34874,5222,1.0000
34875,5222,1.0000
34876,5222,1.0000
34877,5222,1.0000
34878,5222,1.0000
34879,5222,1.0000
34880,5222,1.0000
34881,5222,1.0000
34882,5222,1.0000
34883,5222,1.0000
34884,5222,1.0000
34885,5222,.8750
34885,5254,.1250
34886,5254,.9000
34886,5222,.1000
34887,5254,1.0000
34888,5254,1.0000
34889,5254,1.0000
34890,5254,.2500
34890,5222,.7500
34891,5222,1.0000
34892,5222,1.0000
34893,5222,1.0000
34894,5222,1.0000
34895,5222,1.0000
34896,5222,.2500
34896,5254,.7500
34897,5254,1.0000
34898,5254,.9500
34898,5222,.0500
34899,5254,.3158
34899,5222,.6842
34900,5222,1.0000
34901,5222,1.0000
34902,5222,1.0000
34903,5222,1.0000
34904,5222,1.0000
34905,5222,1.0000
34906,5222,1.0000
34907,5222,1.0000
34908,5222,1.0000
34909,5222,1.0000
34910,5222,1.0000
34911,5222,1.0000
34912,5222,1.0000
34913,5222,1.0000
34914,5222,1.0000
34915,5222,1.0000
34916,5222,1.0000
34917,5222,1.0000
34918,5222,1.0000
34919,5222,1.0000
34920,5222,1.0000
34921,5222,1.0000
34922,5222,1.0000
34923,5222,1.0000
34924,5222,1.0000
34925,5222,1.0000
34926,5222,1.0000
34927,5222,1.0000
34928,5222,1.0000
34929,5222,1.0000
34930,5222,1.0000
34931,5222,1.0000
34932,5222,1.0000
34933,5222,1.0000
34934,5222,1.0000
34935,5222,1.0000
34936,5222,1.0000
34937,5222,1.0000
34938,5222,1.0000
34939,5222,1.0000
34940,5222,1.0000
34941,5222,1.0000
34942,5222,1.0000
34943,5222,1.0000
34944,5222,1.0000
34945,5222,1.0000
34946,5222,1.0000
34947,5222,1.0000
34948,5222,1.0000
34949,5222,1.0000
34950,5222,1.0000
34951,5222,1.0000
34952,5222,1.0000
34953,5222,1.0000
34954,5222,1.0000
34955,5222,1.0000
34956,5222,1.0000
34957,5222,1.0000
34958,5222,1.0000
34959,5222,1.0000
34960,5222,1.0000
34961,5222,1.0000
34962,5222,1.0000
34963,5222,1.0000
34964,5222,1.0000
34965,5222,1.0000
34966,5222,1.0000
34967,5222,1.0000
34968,5222,1.0000
34969,5222,1.0000
34970,5222,1.0000
34971,5222,1.0000
34972,5222,1.0000
34973,5222,1.0000
34974,5222,1.0000
34975,5222,1.0000
34976,5222,1.0000
34977,5222,1.0000
34978,5222,1.0000
34979,5222,1.0000
34980,5222,1.0000
34981,5222,1.0000
34982,5222,1.0000
34983,5222,1.0000
34984,5222,1.0000
34985,5222,1.0000
34986,5222,1.0000
34987,5222,1.0000
34988,5222,1.0000
34989,5222,1.0000
34990,5222,1.0000
34991,5222,1.0000
34992,5222,1.0000
34993,5222,1.0000
34994,5222,1.0000
34995,5222,1.0000
34996,5222,1.0000
34997,5222,1.0000
34998,5222,1.0000
34999,5222,1.0000
35000,5222,1.0000
35001,5222,1.0000
35002,5222,1.0000
35003,5222,1.0000
35004,5222,1.0000
35005,5222,1.0000
35006,5222,1.0000
35007,5222,1.0000
35008,5222,1.0000
35009,5222,1.0000
35010,5222,1.0000
35011,5222,1.0000
35012,5222,1.0000
35013,5222,1.0000
35014,5222,1.0000
35015,5222,1.0000
35016,5222,1.0000
35017,5222,1.0000
35018,5222,1.0000
35019,5222,1.0000
35020,5222,1.0000
35021,5222,1.0000
35022,5222,.7059
35022,5254,.2941
35023,5254,.8500
35023,5222,.1500
35024,5254,1.0000
35025,5254,1.0000
35026,5254,1.0000
35027,5254,1.0000
35028,5254,1.0000
35029,5254,1.0000
35030,5254,1.0000
35031,5254,.9500
35031,5222,.0500
35032,5222,.3750
35032,5254,.6250
35033,5222,.8000
35033,5254,.2000
35034,5222,1.0000
35035,5222,1.0000
35036,5222,1.0000
35037,5222,1.0000
35038,5222,1.0000
35039,5222,1.0000
35040,5222,1.0000
35041,5222,1.0000
35042,5222,1.0000
35043,5222,1.0000
35044,5222,1.0000
35045,5222,1.0000
35046,5222,1.0000
35047,5222,1.0000
35048,5222,1.0000
35049,5222,1.0000
35050,5222,1.0000
35051,5222,1.0000
35052,5222,1.0000
35053,5222,1.0000
35054,5222,1.0000
35055,5222,1.0000
35056,5222,1.0000
35057,5222,1.0000
35058,5222,1.0000
35059,5222,1.0000
35060,5222,1.0000
35061,5222,1.0000
35062,5222,1.0000
35063,5222,1.0000
35064,5222,1.0000
35065,5222,.6190
35065,5254,.3810
35066,5254,1.0000
35067,5254,1.0000
35068,5254,1.0000
35069,5254,1.0000
35070,5254,1.0000
35071,5254,1.0000
35072,5254,1.0000
35073,5254,1.0000
35074,5254,1.0000
35075,5254,1.0000
35076,5254,1.0000
35077,5254,1.0000
35078,5254,1.0000
35079,5254,1.0000
35080,5254,1.0000
35081,5254,1.0000
35082,5254,1.0000
35083,5254,1.0000
35084,5254,1.0000
35085,5254,1.0000
35086,5254,1.0000
35087,5254,1.0000
35088,5254,1.0000
35089,5254,1.0000
35090,5254,1.0000
35091,5254,1.0000
35092,5254,1.0000
35093,5254,1.0000
35094,5254,1.0000
35095,5254,.4737
35095,-999,.5263
35096,-999,1.0000
35097,-999,1.0000
35098,-999,1.0000
35099,-999,1.0000
35100,-999,1.0000
35101,-999,1.0000
35102,-999,1.0000
35103,-999,.7500
35103,5254,.2500
35104,-999,.7000
35104,5254,.3000
35105,-999,1.0000
35106,-999,1.0000
35107,-999,1.0000
35108,-999,1.0000
35109,5254,1.0000
35110,5254,1.0000
35111,5254,1.0000
35112,5254,1.0000
35113,5254,1.0000
35114,5254,1.0000
35115,5254,1.0000
35116,5254,1.0000
35117,5254,1.0000
35118,5254,1.0000
35119,5254,1.0000
35120,5254,1.0000
35121,5254,1.0000
35122,5254,1.0000
35123,5254,.6500
35123,5222,.3500
35124,5222,1.0000
35125,5222,1.0000
35126,5222,1.0000
35127,5222,1.0000
35128,5222,1.0000
35129,5222,1.0000
35130,5222,1.0000
35131,5222,1.0000
35132,5222,1.0000
35133,5222,1.0000
35134,5222,1.0000
35135,5222,1.0000
35136,5222,1.0000
35137,5222,1.0000
35138,5222,1.0000
35139,5222,1.0000
35140,5222,1.0000
35141,5222,1.0000
35142,5222,1.0000
35143,5222,1.0000
35144,5222,1.0000
35145,5222,1.0000
35146,5222,1.0000
35147,5222,1.0000
35148,5222,1.0000
35149,5222,1.0000
35150,5222,1.0000
35151,5222,1.0000
35152,5222,1.0000
35153,5222,1.0000
35154,5222,.3000
35154,5254,.7000
35155,5254,1.0000
35156,5254,1.0000
35157,5254,1.0000
35158,5254,.2000
35158,5222,.8000
35159,5222,1.0000
35160,5222,1.0000
35161,5222,1.0000
35162,5222,1.0000
35163,5222,1.0000
35164,5222,.4500
35164,5254,.5500
35165,5254,.6842
35165,5222,.3158
35166,5254,.2800
35166,5222,.7200
35167,5222,1.0000
35168,5222,1.0000
35169,5222,1.0000
35170,5222,1.0000
35171,5222,1.0000
35172,5222,1.0000
35173,5222,1.0000
35174,5222,1.0000
35175,5222,1.0000
35176,5222,1.0000
35177,5222,1.0000
35178,5222,1.0000
35179,5222,1.0000
35180,5222,1.0000
35181,5222,1.0000
35182,5222,1.0000
35183,5222,1.0000
35184,5222,1.0000
35185,5222,1.0000
35186,5222,1.0000
35187,5222,1.0000
35188,5222,1.0000
35189,5222,1.0000
35190,5222,1.0000
35191,5222,1.0000
35192,5222,1.0000
35193,5222,1.0000
35194,5222,1.0000
35195,5222,1.0000
35196,5222,1.0000
35197,5222,1.0000
35198,5222,1.0000
35199,5222,1.0000
35200,5222,1.0000
35201,5222,1.0000
35202,5222,1.0000
35203,5222,1.0000
35204,5222,1.0000
35205,5222,1.0000
35206,5222,1.0000
35207,5222,1.0000
35208,5222,1.0000
35209,5222,1.0000
35210,5222,1.0000
35211,5222,1.0000
35212,5222,1.0000
35213,5222,1.0000
35214,5222,1.0000
35215,5222,1.0000
35216,5222,1.0000
35217,5222,1.0000
35218,5222,1.0000
35219,5222,1.0000
35220,5222,1.0000
35221,5222,1.0000
35222,5222,1.0000
35223,5222,1.0000
35224,5222,1.0000
35225,5222,1.0000
35226,5222,1.0000
35227,5222,1.0000
35228,5222,1.0000
35229,5222,1.0000
35230,5222,1.0000
35231,5222,1.0000
35232,5222,1.0000
35233,5222,1.0000
35234,5222,1.0000
35235,5222,1.0000
35236,5222,1.0000
35237,5222,1.0000
35238,5222,1.0000
35239,5222,1.0000
35240,5222,1.0000
35241,5222,1.0000
35242,5222,1.0000
35243,5222,1.0000
35244,5222,1.0000
35245,5222,1.0000
35246,5222,1.0000
35247,5222,1.0000
35248,5222,1.0000
35249,5222,1.0000
35250,5222,1.0000
35251,5222,1.0000
35252,5222,1.0000
35253,5222,1.0000
35254,5222,1.0000
35255,5222,1.0000
35256,5222,1.0000
35257,5222,1.0000
35258,5222,1.0000
35259,5222,1.0000
35260,5222,1.0000
35261,5222,1.0000
35262,5222,1.0000
35263,5222,1.0000
35264,5222,1.0000
35265,5222,1.0000
35266,5222,1.0000
35267,5222,1.0000
35268,5222,1.0000
35269,5222,1.0000
35270,5222,1.0000
35271,5222,1.0000
35272,5222,1.0000
35273,5222,1.0000
35274,5222,1.0000
35275,5222,1.0000
35276,5222,1.0000
35277,5222,1.0000
35278,5222,1.0000
35279,5222,1.0000
35280,5222,1.0000
35281,5222,1.0000
35282,5222,1.0000
35283,5222,1.0000
35284,5222,1.0000
35285,5222,1.0000
35286,5222,1.0000
35287,5222,1.0000
35288,5222,1.0000
35289,5222,1.0000
35290,5222,1.0000
35291,5222,.7500
35291,5254,.2500
35292,5254,.8125
35292,5222,.1875
35293,5254,1.0000
35294,5254,1.0000
35295,5254,1.0000
35296,5254,1.0000
35297,5254,1.0000
35298,5254,1.0000
35299,5254,1.0000
35300,5254,1.0000
35301,5254,.9000
35301,5222,.1000
35302,5222,.5000
35302,5254,.5000
35303,5222,.9500
35303,5254,.0500
35304,5222,1.0000
35305,5222,1.0000
35306,5222,1.0000
35307,5222,1.0000
35308,5222,1.0000
35309,5222,1.0000
35310,5222,1.0000
35311,5222,1.0000
35312,5222,1.0000
35313,5222,1.0000
35314,5222,1.0000
35315,5222,1.0000
35316,5222,1.0000
35317,5222,1.0000
35318,5222,1.0000
35319,5222,1.0000
35320,5222,1.0000
35321,5222,1.0000
35322,5222,1.0000
35323,5222,1.0000
35324,5222,1.0000
35325,5222,1.0000
35326,5222,1.0000
35327,5222,1.0000
35328,5222,1.0000
35329,5222,1.0000
35330,5222,1.0000
35331,5222,1.0000
35332,5222,1.0000
35333,5222,.9565
35333,5254,.0435
35334,5254,.6000
35334,5222,.4000
35335,5254,1.0000
35336,5254,1.0000
35337,5254,1.0000
35338,5254,1.0000
35339,5254,1.0000
35340,5254,1.0000
35341,5254,1.0000
35342,5254,1.0000
35343,5254,1.0000
35344,5254,1.0000
35345,5254,1.0000
35346,5254,1.0000
35347,5254,1.0000
35348,5254,1.0000
35349,5254,1.0000
35350,5254,1.0000
35351,5254,1.0000
35352,5254,1.0000
35353,5254,1.0000
35354,5254,1.0000
35355,5254,1.0000
35356,5254,1.0000
35357,5254,1.0000
35358,5254,1.0000
35359,5254,1.0000
35360,5254,1.0000
35361,5254,1.0000
35362,5254,1.0000
35363,5254,.8500
35363,-999,.1500
35364,-999,.7083
35364,5254,.2917
35365,-999,1.0000
35366,-999,1.0000
35367,-999,1.0000
35368,-999,1.0000
35369,-999,.9412
35369,5254,.0588
35370,-999,.4800
35370,5254,.5200
35371,-999,.0556
35371,5254,.9444
35372,5254,.9500
35372,-999,.0500
35373,-999,.3529
35373,5254,.6471
35374,-999,.8000
35374,5254,.2000
35375,-999,1.0000
35376,-999,1.0000
35377,5254,1.0000
35378,5254,1.0000
35379,5254,1.0000
35380,5254,1.0000
35381,5254,1.0000
35382,5254,1.0000
35383,5254,1.0000
35384,5254,1.0000
35385,5254,1.0000
35386,5254,1.0000
35387,5254,1.0000
35388,5254,1.0000
35389,5254,1.0000
35390,5254,1.0000
35391,5254,.4706
35391,5222,.5294
35392,5222,1.0000
35393,5222,1.0000
35394,5222,1.0000
35395,5222,1.0000
35396,5222,1.0000
35397,5222,1.0000
35398,5222,1.0000
35399,5222,1.0000
35400,5222,1.0000
35401,5222,1.0000
35402,5222,1.0000
35403,5222,1.0000
35404,5222,1.0000
35405,5222,1.0000
35406,5222,1.0000
35407,5222,1.0000
35408,5222,1.0000
35409,5222,1.0000
35410,5222,1.0000
35411,5222,1.0000
35412,5222,1.0000
35413,5222,1.0000
35414,5222,1.0000
35415,5222,1.0000
35416,5222,1.0000
35417,5222,1.0000
35418,5222,1.0000
35419,5222,1.0000
35420,5222,1.0000
35421,5222,1.0000
35422,5222,.5000
35422,5254,.5000
35423,5254,1.0000
35424,5254,1.0000
35425,5254,1.0000
35426,5254,.2000
35426,5222,.8000
35427,5222,1.0000
35428,5222,1.0000
35429,5222,1.0000
35430,5222,1.0000
35431,5222,1.0000
35432,5222,.9200
35432,5254,.0800
35433,5254,.0556
35433,5222,.9444
35434,5222,1.0000
35435,5222,1.0000
35436,5222,1.0000
35437,5222,1.0000
35438,5222,1.0000
35439,5222,1.0000
35440,5222,1.0000
35441,5222,1.0000
35442,5222,1.0000
35443,5222,1.0000
35444,5222,1.0000
35445,5222,1.0000
35446,5222,1.0000
35447,5222,1.0000
35448,5222,1.0000
35449,5222,1.0000
35450,5222,1.0000
35451,5222,1.0000
35452,5222,1.0000
35453,5222,1.0000
35454,5222,1.0000
35455,5222,1.0000
35456,5222,1.0000
35457,5222,1.0000
35458,5222,1.0000
35459,5222,1.0000
35460,5222,1.0000
35461,5222,1.0000
35462,5222,1.0000
35463,5222,1.0000
35464,5222,1.0000
35465,5222,1.0000
35466,5222,1.0000
35467,5222,1.0000
35468,5222,1.0000
35469,5222,1.0000
35470,5222,1.0000
35471,5222,1.0000
35472,5222,1.0000
35473,5222,1.0000
35474,5222,1.0000
35475,5222,1.0000
35476,5222,1.0000
35477,5222,1.0000
35478,5222,1.0000
35479,5222,1.0000
35480,5222,1.0000
35481,5222,1.0000
35482,5222,1.0000
35483,5222,1.0000
35484,5222,1.0000
35485,5222,1.0000
35486,5222,1.0000
35487,5222,1.0000
35488,5222,1.0000
35489,5222,1.0000
35490,5222,1.0000
35491,5222,1.0000
35492,5222,1.0000
35493,5222,1.0000
35494,5222,1.0000
35495,5222,1.0000
35496,5222,1.0000
35497,5222,1.0000
35498,5222,1.0000
35499,5222,1.0000
35500,5222,1.0000
35501,5222,1.0000
35502,5222,1.0000
35503,5222,1.0000
35504,5222,1.0000
35505,5222,1.0000
35506,5222,1.0000
35507,5222,1.0000
35508,5222,1.0000
35509,5222,1.0000
35510,5222,1.0000
35511,5222,1.0000
35512,5222,1.0000
35513,5222,1.0000
35514,5222,1.0000
35515,5222,1.0000
35516,5222,1.0000
35517,5222,1.0000
35518,5222,1.0000
35519,5222,1.0000
35520,5222,1.0000
35521,5222,1.0000
35522,5222,1.0000
35523,5222,1.0000
35524,5222,1.0000
35525,5222,1.0000
35526,5222,1.0000
35527,5222,1.0000
35528,5222,1.0000
35529,5222,1.0000
35530,5222,1.0000
35531,5222,1.0000
35532,5222,1.0000
35533,5222,1.0000
35534,5222,1.0000
35535,5222,1.0000
35536,5222,1.0000
35537,5222,1.0000
35538,5222,1.0000
35539,5222,1.0000
35540,5222,1.0000
35541,5222,1.0000
35542,5222,1.0000
35543,5222,1.0000
35544,5222,1.0000
35545,5222,1.0000
35546,5222,1.0000
35547,5222,1.0000
35548,5222,1.0000
35549,5222,1.0000
35550,5222,1.0000
35551,5222,1.0000
35552,5222,1.0000
35553,5222,1.0000
35554,5222,1.0000
35555,5222,1.0000
35556,5222,1.0000
35557,5222,1.0000
35558,5222,1.0000
35559,5222,1.0000
35560,5222,.8750
35560,5254,.1250
35561,5254,.6500
35561,5222,.3500
35562,5254,1.0000
35563,5254,1.0000
35564,5254,1.0000
35565,5254,1.0000
35566,5254,1.0000
35567,5254,1.0000
35568,5254,1.0000
35569,5254,1.0000
35570,5254,1.0000
35571,5254,.4444
35571,5222,.5556
35572,5222,1.0000
35573,5222,1.0000
35574,5222,1.0000
35575,5222,1.0000
35576,5222,1.0000
35577,5222,1.0000
35578,5222,1.0000
35579,5222,1.0000
35580,5222,1.0000
35581,5222,1.0000
35582,5222,1.0000
35583,5222,1.0000
35584,5222,1.0000
35585,5222,1.0000
35586,5222,1.0000
35587,5222,1.0000
35588,5222,1.0000
35589,5222,1.0000
35590,5222,1.0000
35591,5222,1.0000
35592,5222,1.0000
35593,5222,1.0000
35594,5222,1.0000
35595,5222,1.0000
35596,5222,1.0000
35597,5222,1.0000
35598,5222,1.0000
35599,5222,1.0000
35600,5222,1.0000
35601,5222,1.0000
35602,5222,.9375
35602,5254,.0625
35603,5254,.8333
35603,5222,.1667
35604,5254,1.0000
35605,5254,1.0000
35606,5254,1.0000
35607,5254,1.0000
35608,5254,1.0000
35609,5254,1.0000
35610,5254,1.0000
35611,5254,1.0000
35612,5254,1.0000
35613,5254,1.0000
35614,5254,1.0000
35615,5254,1.0000
35616,5254,1.0000
35617,5254,1.0000
35618,5254,1.0000
35619,5254,1.0000
35620,5254,1.0000
35621,5254,1.0000
35622,5254,1.0000
35623,5254,1.0000
35624,5254,1.0000
35625,5254,1.0000
35626,5254,1.0000
35627,5254,1.0000
35628,5254,1.0000
35629,5254,1.0000
35630,5254,1.0000
35631,5254,1.0000
35632,-999,.2727
35632,5254,.7273
35633,-999,.5455
35633,5254,.4545
35634,-999,.7143
35634,5254,.2857
35635,-999,.7222
35635,5254,.2778
35636,-999,.7895
35636,5254,.2105
35637,-999,.3158
35637,5254,.6842
35638,5254,1.0000
35639,5254,1.0000
35640,5254,1.0000
35641,5254,1.0000
35642,5254,.5625
35642,-999,.4375
35643,-999,.9500
35643,5254,.0500
35644,-999,1.0000
35645,5254,1.0000
35646,5254,1.0000
35647,5254,1.0000
35648,5254,.6875
35648,5222,.3125
35649,5254,.8000
35649,5222,.2000
35650,5254,1.0000
35651,5254,1.0000
35652,5254,1.0000
35653,5254,1.0000
35654,5254,1.0000
35655,5254,1.0000
35656,5254,1.0000
35657,5254,1.0000
35658,5254,.9000
35658,5222,.1000
35659,5254,.1250
35659,5222,.8750
35660,5222,1.0000
35661,5222,1.0000
35662,5222,1.0000
35663,5222,1.0000
35664,5222,1.0000
35665,5222,1.0000
35666,5222,1.0000
35667,5222,1.0000
35668,5222,1.0000
35669,5222,1.0000
35670,5222,1.0000
35671,5222,1.0000
35672,5222,1.0000
35673,5222,1.0000
35674,5222,1.0000
35675,5222,1.0000
35676,5222,1.0000
35677,5222,1.0000
35678,5222,1.0000
35679,5222,1.0000
35680,5222,1.0000
35681,5222,1.0000
35682,5222,1.0000
35683,5222,1.0000
35684,5222,1.0000
35685,5222,1.0000
35686,5222,1.0000
35687,5222,1.0000
35688,5222,1.0000
35689,5222,1.0000
35690,5222,.8000
35690,5254,.2000
35691,5254,.9500
35691,5222,.0500
35692,5254,1.0000
35693,5254,.9000
35693,5222,.1000
35694,5254,.1429
35694,5222,.8571
35695,5222,1.0000
35696,5222,1.0000
35697,5222,1.0000
35698,5222,1.0000
35699,5222,1.0000
35700,5222,1.0000
35701,5222,1.0000
35702,5222,1.0000
35703,5222,1.0000
35704,5222,1.0000
35705,5222,1.0000
35706,5222,1.0000
35707,5222,1.0000
35708,5222,1.0000
35709,5222,1.0000
35710,5222,1.0000
35711,5222,1.0000
35712,5222,1.0000
35713,5222,1.0000
35714,5222,1.0000
35715,5222,1.0000
35716,5222,1.0000
35717,5222,1.0000
35718,5222,1.0000
35719,5222,1.0000
35720,5222,1.0000
35721,5222,1.0000
35722,5222,1.0000
35723,5222,1.0000
35724,5222,1.0000
35725,5222,1.0000
35726,5222,1.0000
35727,5222,1.0000
35728,5222,1.0000
35729,5222,1.0000
35730,5222,1.0000
35731,5222,1.0000
35732,5222,1.0000
35733,5222,1.0000
35734,5222,1.0000
35735,5222,1.0000
35736,5222,1.0000
35737,5222,1.0000
35738,5222,1.0000
35739,5222,1.0000
35740,5222,1.0000
35741,5222,1.0000
35742,5222,1.0000
35743,5222,1.0000
35744,5222,1.0000
35745,5222,1.0000
35746,5222,1.0000
35747,5222,1.0000
35748,5222,1.0000
35749,5222,1.0000
35750,5222,1.0000
35751,5222,1.0000
35752,5222,1.0000
35753,5222,1.0000
35754,5222,1.0000
35755,5222,1.0000
35756,5222,1.0000
35757,5222,1.0000
35758,5222,1.0000
35759,5222,1.0000
35760,5222,1.0000
35761,5222,1.0000
35762,5222,1.0000
35763,5222,1.0000
35764,5222,1.0000
35765,5222,1.0000
35766,5222,1.0000
35767,5222,1.0000
35768,5222,1.0000
35769,5222,1.0000
35770,5222,1.0000
35771,5222,1.0000
35772,5222,1.0000
35773,5222,1.0000
35774,5222,1.0000
35775,5222,1.0000
35776,5222,1.0000
35777,5222,1.0000
35778,5222,1.0000
35779,5222,1.0000
35780,5222,1.0000
35781,5222,1.0000
35782,5222,1.0000
35783,5222,1.0000
35784,5222,1.0000
35785,5222,1.0000
35786,5222,1.0000
35787,5222,1.0000
35788,5222,1.0000
35789,5222,1.0000
35790,5222,1.0000
35791,5222,1.0000
35792,5222,1.0000
35793,5222,1.0000
35794,5222,1.0000
35795,5222,1.0000
35796,5222,1.0000
35797,5222,1.0000
35798,5222,1.0000
35799,5222,1.0000
35800,5222,1.0000
35801,5222,1.0000
35802,5222,1.0000
35803,5222,1.0000
35804,5222,1.0000
35805,5222,1.0000
35806,5222,1.0000
35807,5222,1.0000
35808,5222,1.0000
35809,5222,1.0000
35810,5222,1.0000
35811,5222,1.0000
35812,5222,1.0000
35813,5222,1.0000
35814,5222,1.0000
35815,5222,1.0000
35816,5222,1.0000
35817,5222,1.0000
35818,5222,1.0000
35819,5222,1.0000
35820,5222,1.0000
35821,5222,1.0000
35822,5222,1.0000
35823,5222,1.0000
35824,5222,1.0000
35825,5222,1.0000
35826,5222,1.0000
35827,5222,1.0000
35828,5222,1.0000
35829,5222,.9500
35829,5254,.0500
35830,5254,.5000
35830,5222,.5000
35831,5254,.9500
35831,5222,.0500
35832,5254,1.0000
35833,5254,1.0000
35834,5254,1.0000
35835,5254,1.0000
35836,5254,1.0000
35837,5254,1.0000
35838,5254,1.0000
35839,5254,.8750
35839,5222,.1250
35840,5222,.9000
35840,5254,.1000
35841,5222,1.0000
35842,5222,1.0000
35843,5222,1.0000
35844,5222,1.0000
35845,5222,1.0000
35846,5222,1.0000
35847,5222,1.0000
35848,5222,1.0000
35849,5222,1.0000
35850,5222,1.0000
35851,5222,1.0000
35852,5222,1.0000
35853,5222,1.0000
35854,5222,1.0000
35855,5222,1.0000
35856,5222,1.0000
35857,5222,1.0000
35858,5222,1.0000
35859,5222,1.0000
35860,5222,1.0000
35861,5222,1.0000
35862,5222,1.0000
35863,5222,1.0000
35864,5222,1.0000
35865,5222,1.0000
35866,5222,1.0000
35867,5222,1.0000
35868,5222,1.0000
35869,5222,1.0000
35870,5222,1.0000
35871,5222,.6500
35871,5254,.3500
35872,5254,1.0000
35873,5254,1.0000
35874,5254,1.0000
35875,5254,1.0000
35876,5254,1.0000
35877,5254,1.0000
35878,5254,1.0000
35879,5254,1.0000
35880,5254,1.0000
35881,5254,1.0000
35882,5254,1.0000
35883,5254,1.0000
35884,5254,1.0000
35885,5254,1.0000
35886,5254,1.0000
35887,5254,1.0000
35888,5254,1.0000
35889,5254,1.0000
35890,5254,1.0000
35891,5254,1.0000
35892,5254,1.0000
35893,5254,1.0000
35894,5254,1.0000
35895,5254,1.0000
35896,5254,1.0000
35897,5254,1.0000
35898,5254,1.0000
35899,5254,1.0000
35900,5254,1.0000
35901,5254,1.0000
35902,5254,1.0000
35903,5254,1.0000
35904,5254,1.0000
35905,5254,1.0000
35906,5254,1.0000
35907,5254,1.0000
35908,5254,1.0000
35909,5254,1.0000
35910,5254,.8235
35910,-999,.1765
35911,-999,.5000
35911,5254,.5000
35912,-999,.6875
35912,5254,.3125
35913,5254,1.0000
35914,5254,1.0000
35915,5254,.8000
35915,5222,.2000
35916,5254,.0625
35916,5222,.9375
35917,5222,.8696
35917,5254,.1304
35918,5254,.8000
35918,5222,.2000
35919,5254,1.0000
35920,5254,1.0000
35921,5254,1.0000
35922,5254,1.0000
35923,5254,1.0000
35924,5254,1.0000
35925,5254,1.0000
35926,5254,.6000
35926,5222,.4000
35927,5222,1.0000
35928,5222,1.0000
35929,5222,1.0000
35930,5222,1.0000
35931,5222,1.0000
35932,5222,1.0000
35933,5222,1.0000
35934,5222,1.0000
35935,5222,1.0000
35936,5222,1.0000
35937,5222,1.0000
35938,5222,1.0000
35939,5222,1.0000
35940,5222,1.0000
35941,5222,1.0000
35942,5222,1.0000
35943,5222,1.0000
35944,5222,1.0000
35945,5222,1.0000
35946,5222,1.0000
35947,5222,1.0000
35948,5222,1.0000
35949,5222,1.0000
35950,5222,1.0000
35951,5222,1.0000
35952,5222,1.0000
35953,5222,1.0000
35954,5222,1.0000
35955,5222,1.0000
35956,5222,1.0000
35957,5222,1.0000
35958,5222,1.0000
35959,5222,.3889
35959,5254,.6111
35960,5254,1.0000
35961,5254,.8750
35961,5222,.1250
35962,5222,.8000
35962,5254,.2000
35963,5222,1.0000
35964,5222,1.0000
35965,5222,1.0000
35966,5222,1.0000
35967,5222,1.0000
35968,5222,1.0000
35969,5222,1.0000
35970,5222,1.0000
35971,5222,1.0000
35972,5222,1.0000
35973,5222,1.0000
35974,5222,1.0000
35975,5222,1.0000
35976,5222,1.0000
35977,5222,1.0000
35978,5222,1.0000
35979,5222,1.0000
35980,5222,1.0000
35981,5222,1.0000
35982,5222,1.0000
35983,5222,1.0000
35984,5222,1.0000
35985,5222,1.0000
35986,5222,1.0000
35987,5222,1.0000
35988,5222,1.0000
35989,5222,1.0000
35990,5222,1.0000
35991,5222,1.0000
35992,5222,1.0000
35993,5222,1.0000
35994,5222,1.0000
35995,5222,1.0000
35996,5222,1.0000
35997,5222,1.0000
35998,5222,1.0000
35999,5222,1.0000
36000,5222,1.0000
36001,5222,1.0000
36002,5222,1.0000
36003,5222,1.0000
36004,5222,1.0000
36005,5222,1.0000
36006,5222,1.0000
36007,5222,1.0000
36008,5222,1.0000
36009,5222,1.0000
36010,5222,1.0000
36011,5222,1.0000
36012,5222,1.0000
36013,5222,1.0000
36014,5222,1.0000
36015,5222,1.0000
36016,5222,1.0000
36017,5222,1.0000
36018,5222,1.0000
36019,5222,1.0000
36020,5222,1.0000
36021,5222,1.0000
36022,5222,1.0000
36023,5222,1.0000
36024,5222,1.0000
36025,5222,1.0000
36026,5222,1.0000
36027,5222,1.0000
36028,5222,1.0000
36029,5222,1.0000
36030,5222,1.0000
36031,5222,1.0000
36032,5222,1.0000
36033,5222,1.0000
36034,5222,1.0000
36035,5222,1.0000
36036,5222,1.0000
36037,5222,1.0000
36038,5222,1.0000
36039,5222,1.0000
36040,5222,1.0000
36041,5222,1.0000
36042,5222,1.0000
36043,5222,1.0000
36044,5222,1.0000
36045,5222,1.0000
36046,5222,1.0000
36047,5222,1.0000
36048,5222,1.0000
36049,5222,1.0000
36050,5222,1.0000
36051,5222,1.0000
36052,5222,1.0000
36053,5222,1.0000
36054,5222,1.0000
36055,5222,1.0000
36056,5222,1.0000
36057,5222,1.0000
36058,5222,1.0000
36059,5222,1.0000
36060,5222,1.0000
36061,5222,1.0000
36062,5222,1.0000
36063,5222,1.0000
36064,5222,1.0000
36065,5222,1.0000
36066,5222,1.0000
36067,5222,1.0000
36068,5222,1.0000
36069,5222,1.0000
36070,5222,1.0000
36071,5222,1.0000
36072,5222,1.0000
36073,5222,1.0000
36074,5222,1.0000
36075,5222,1.0000
36076,5222,1.0000
36077,5222,1.0000
36078,5222,1.0000
36079,5222,1.0000
36080,5222,1.0000
36081,5222,1.0000
36082,5222,1.0000
36083,5222,1.0000
36084,5222,1.0000
36085,5222,1.0000
36086,5222,1.0000
36087,5222,1.0000
36088,5222,1.0000
36089,5222,1.0000
36090,5222,1.0000
36091,5222,1.0000
36092,5222,1.0000
36093,5222,1.0000
36094,5222,1.0000
36095,5222,1.0000
36096,5222,1.0000
36097,5222,1.0000
36098,5222,1.0000
36099,5222,.5000
36099,5254,.5000
36100,5254,.9500
36100,5222,.0500
36101,5254,1.0000
36102,5254,1.0000
36103,5254,1.0000
36104,5254,1.0000
36105,5254,1.0000
36106,5254,1.0000
36107,5254,1.0000
36108,5254,.3600
36108,5222,.6400
36109,5222,1.0000
36110,5222,1.0000
36111,5222,1.0000
36112,5222,1.0000
36113,5222,1.0000
36114,5222,1.0000
36115,5222,1.0000
36116,5222,1.0000
36117,5222,1.0000
36118,5222,1.0000
36119,5222,1.0000
36120,5222,1.0000
36121,5222,1.0000
36122,5222,1.0000
36123,5222,1.0000
36124,5222,1.0000
36125,5222,1.0000
36126,5222,1.0000
36127,5222,1.0000
36128,5222,1.0000
36129,5222,1.0000
36130,5222,1.0000
36131,5222,1.0000
36132,5222,1.0000
36133,5222,1.0000
36134,5222,1.0000
36135,5222,1.0000
36136,5222,1.0000
36137,5222,1.0000
36138,5222,1.0000
36139,5222,.9412
36139,5254,.0588
36140,5254,.7000
36140,5222,.3000
36141,5254,1.0000
36142,5254,1.0000
36143,5254,1.0000
36144,5254,1.0000
36145,5254,1.0000
36146,5254,1.0000
36147,5254,1.0000
36148,5254,.8500
36148,5222,.1500
36149,5254,.7500
36149,5222,.2500
36150,5254,.8696
36150,5222,.1304
36151,5254,1.0000
36152,5254,1.0000
36153,5254,1.0000
36154,5254,1.0000
36155,5254,1.0000
36156,5254,1.0000
36157,5254,1.0000
36158,5254,1.0000
36159,5254,1.0000
36160,5254,1.0000
36161,5254,1.0000
36162,5254,1.0000
36163,5254,1.0000
36164,5254,1.0000
36165,5254,1.0000
36166,5254,1.0000
36167,5254,1.0000
36168,5254,1.0000
36169,5254,1.0000
36170,5254,1.0000
36171,5254,1.0000
36172,5254,1.0000
36173,5254,1.0000
36174,5254,1.0000
36175,5254,1.0000
36176,5254,1.0000
36177,5254,1.0000
36178,5254,1.0000
36179,5254,.9565
36179,-999,.0435
36180,5254,.4444
36180,-999,.5556
36181,5254,1.0000
36182,5254,1.0000
36183,5254,.6000
36183,5222,.4000
36184,5222,1.0000
36185,5222,.9565
36185,5254,.0435
36186,5222,.1875
36186,5254,.8125
36187,5254,1.0000
36188,5254,1.0000
36189,5254,1.0000
36190,5254,1.0000
36191,5254,1.0000
36192,5254,1.0000
36193,5254,.9500
36193,5222,.0500
36194,5254,.2500
36194,5222,.7500
36195,5222,1.0000
36196,5222,1.0000
36197,5222,1.0000
36198,5222,1.0000
36199,5222,1.0000
36200,5222,1.0000
36201,5222,1.0000
36202,5222,1.0000
36203,5222,1.0000
36204,5222,1.0000
36205,5222,1.0000
36206,5222,1.0000
36207,5222,1.0000
36208,5222,1.0000
36209,5222,1.0000
36210,5222,1.0000
36211,5222,1.0000
36212,5222,1.0000
36213,5222,1.0000
36214,5222,1.0000
36215,5222,1.0000
36216,5222,1.0000
36217,5222,1.0000
36218,5222,1.0000
36219,5222,1.0000
36220,5222,1.0000
36221,5222,1.0000
36222,5222,1.0000
36223,5222,1.0000
36224,5222,1.0000
36225,5222,1.0000
36226,5222,1.0000
36227,5222,.6500
36227,5254,.3500
36228,5254,1.0000
36229,5254,1.0000
36230,5254,.4000
36230,5222,.6000
36231,5222,1.0000
36232,5222,1.0000
36233,5222,1.0000
36234,5222,1.0000
36235,5222,1.0000
36236,5222,1.0000
36237,5222,1.0000
36238,5222,1.0000
36239,5222,1.0000
36240,5222,1.0000
36241,5222,1.0000
36242,5222,1.0000
36243,5222,1.0000
36244,5222,1.0000
36245,5222,1.0000
36246,5222,1.0000
36247,5222,1.0000
36248,5222,1.0000
36249,5222,1.0000
36250,5222,1.0000
36251,5222,1.0000
36252,5222,1.0000
36253,5222,1.0000
36254,5222,1.0000
36255,5222,1.0000
36256,5222,1.0000
36257,5222,1.0000
36258,5222,1.0000
36259,5222,1.0000
36260,5222,1.0000
36261,5222,1.0000
36262,5222,1.0000
36263,5222,1.0000
36264,5222,1.0000
36265,5222,1.0000
36266,5222,1.0000
36267,5222,1.0000
36268,5222,1.0000
36269,5222,1.0000
36270,5222,1.0000
36271,5222,1.0000
36272,5222,1.0000
36273,5222,1.0000
36274,5222,1.0000
36275,5222,1.0000
36276,5222,1.0000
36277,5222,1.0000
36278,5222,1.0000
36279,5222,1.0000
36280,5222,1.0000
36281,5222,1.0000
36282,5222,1.0000
36283,5222,1.0000
36284,5222,1.0000
36285,5222,1.0000
36286,5222,1.0000
36287,5222,1.0000
36288,5222,1.0000
36289,5222,1.0000
36290,5222,1.0000
36291,5222,1.0000
36292,5222,1.0000
36293,5222,1.0000
36294,5222,1.0000
36295,5222,1.0000
36296,5222,1.0000
36297,5222,1.0000
36298,5222,1.0000
36299,5222,1.0000
36300,5222,1.0000
36301,5222,1.0000
36302,5222,1.0000
36303,5222,1.0000
36304,5222,1.0000
36305,5222,1.0000
36306,5222,1.0000
36307,5222,1.0000
36308,5222,1.0000
36309,5222,1.0000
36310,5222,1.0000
36311,5222,1.0000
36312,5222,1.0000
36313,5222,1.0000
36314,5222,1.0000
36315,5222,1.0000
36316,5222,1.0000
36317,5222,1.0000
36318,5222,1.0000
36319,5222,1.0000
36320,5222,1.0000
36321,5222,1.0000
36322,5222,1.0000
36323,5222,1.0000
36324,5222,1.0000
36325,5222,1.0000
36326,5222,1.0000
36327,5222,1.0000
36328,5222,1.0000
36329,5222,1.0000
36330,5222,1.0000
36331,5222,1.0000
36332,5222,1.0000
36333,5222,1.0000
36334,5222,1.0000
36335,5222,1.0000
36336,5222,1.0000
36337,5222,1.0000
36338,5222,1.0000
36339,5222,1.0000
36340,5222,1.0000
36341,5222,1.0000
36342,5222,1.0000
36343,5222,1.0000
36344,5222,1.0000
36345,5222,1.0000
36346,5222,1.0000
36347,5222,1.0000
36348,5222,1.0000
36349,5222,1.0000
36350,5222,1.0000
36351,5222,1.0000
36352,5222,1.0000
36353,5222,1.0000
36354,5222,1.0000
36355,5222,1.0000
36356,5222,1.0000
36357,5222,1.0000
36358,5222,1.0000
36359,5222,1.0000
36360,5222,1.0000
36361,5222,1.0000
36362,5222,1.0000
36363,5222,1.0000
36364,5222,1.0000
36365,5222,1.0000
36366,5222,1.0000
36367,5222,1.0000
36368,5222,.4348
36368,5254,.5652
36369,5254,1.0000
36370,5254,1.0000
36371,5254,1.0000
36372,5254,1.0000
36373,5254,1.0000
36374,5254,1.0000
36375,5254,1.0000
36376,5222,.4762
36376,5254,.5238
36377,5222,1.0000
36378,5222,1.0000
36379,5222,1.0000
36380,5222,1.0000
36381,5222,1.0000
36382,5222,1.0000
36383,5222,1.0000
36384,5222,1.0000
36385,5222,1.0000
36386,5222,1.0000
36387,5222,1.0000
36388,5222,1.0000
36389,5222,1.0000
36390,5222,1.0000
36391,5222,1.0000
36392,5222,1.0000
36393,5222,1.0000
36394,5222,1.0000
36395,5222,1.0000
36396,5222,1.0000
36397,5222,1.0000
36398,5222,1.0000
36399,5222,1.0000
36400,5222,1.0000
36401,5222,1.0000
36402,5222,1.0000
36403,5222,1.0000
36404,5222,1.0000
36405,5222,1.0000
36406,5222,1.0000
36407,5222,1.0000
36408,5222,.8500
36408,5254,.1500
36409,5254,.7500
36409,5222,.2500
36410,5254,1.0000
36411,5254,1.0000
36412,5254,.7727
36412,5222,.2273
36413,5254,.6000
36413,5222,.4000
36414,5254,.4783
36414,5222,.5217
36415,5254,.3125
36415,5222,.6875
36416,5254,.1000
36416,5222,.9000
36417,5222,1.0000
36418,5222,.8947
36418,5254,.1053
36419,5254,.3158
36419,5222,.6842
36420,5254,.8182
36420,5222,.1818
36421,5254,1.0000
36422,5254,1.0000
36423,5254,1.0000
36424,5254,1.0000
36425,5254,1.0000
36426,5254,1.0000
36427,5254,1.0000
36428,5254,1.0000
36429,5254,1.0000
36430,5254,1.0000
36431,5254,1.0000
36432,5254,1.0000
36433,5254,1.0000
36434,5254,1.0000
36435,5254,1.0000
36436,5254,1.0000
36437,5254,1.0000
36438,5254,1.0000
36439,5254,1.0000
36440,5254,1.0000
36441,5254,1.0000
36442,5254,1.0000
36443,5254,1.0000
36444,5254,1.0000
36445,5254,1.0000
36446,5254,1.0000
36447,5254,1.0000
36448,5254,.5600
36448,-999,.4400
36449,5254,1.0000
36450,5254,.8333
36450,5222,.1667
36451,5254,.4000
36451,5222,.6000
36452,5222,1.0000
36453,5222,.8000
36453,5254,.2000
36454,5254,1.0000
36455,5254,1.0000
36456,5254,1.0000
36457,5254,1.0000
36458,5254,1.0000
36459,5254,1.0000
36460,5254,1.0000
36461,5254,.5000
36461,5222,.5000
36462,5222,1.0000
36463,5222,1.0000
36464,5222,1.0000
36465,5222,1.0000
36466,5222,1.0000
36467,5222,1.0000
36468,5222,1.0000
36469,5222,1.0000
36470,5222,1.0000
36471,5222,1.0000
36472,5222,1.0000
36473,5222,1.0000
36474,5222,1.0000
36475,5222,1.0000
36476,5222,1.0000
36477,5222,1.0000
36478,5222,1.0000
36479,5222,1.0000
36480,5222,1.0000
36481,5222,1.0000
36482,5222,1.0000
36483,5222,1.0000
36484,5222,1.0000
36485,5222,1.0000
36486,5222,1.0000
36487,5222,1.0000
36488,5222,1.0000
36489,5222,1.0000
36490,5222,1.0000
36491,5222,1.0000
36492,5222,1.0000
36493,5222,1.0000
36494,5222,1.0000
36495,5222,.9000
36495,5254,.1000
36496,5254,.8889
36496,5222,.1111
36497,5254,.8947
36497,5222,.1053
36498,5254,.1500
36498,5222,.8500
36499,5222,1.0000
36500,5222,1.0000
36501,5222,1.0000
36502,5222,1.0000
36503,5222,1.0000
36504,5222,1.0000
36505,5222,1.0000
36506,5222,1.0000
36507,5222,1.0000
36508,5222,1.0000
36509,5222,1.0000
36510,5222,1.0000
36511,5222,1.0000
36512,5222,1.0000
36513,5222,1.0000
36514,5222,1.0000
36515,5222,1.0000
36516,5222,1.0000
36517,5222,1.0000
36518,5222,1.0000
36519,5222,1.0000
36520,5222,1.0000
36521,5222,1.0000
36522,5222,1.0000
36523,5222,1.0000
36524,5222,1.0000
36525,5222,1.0000
36526,5222,1.0000
36527,5222,1.0000
36528,5222,1.0000
36529,5222,1.0000
36530,5222,1.0000
36531,5222,1.0000
36532,5222,1.0000
36533,5222,1.0000
36534,5222,1.0000
36535,5222,1.0000
36536,5222,1.0000
36537,5222,1.0000
36538,5222,1.0000
36539,5222,1.0000
36540,5222,1.0000
36541,5222,1.0000
36542,5222,1.0000
36543,5222,1.0000
36544,5222,1.0000
36545,5222,1.0000
36546,5222,1.0000
36547,5222,1.0000
36548,5222,1.0000
36549,5222,1.0000
36550,5222,1.0000
36551,5222,1.0000
36552,5222,1.0000
36553,5222,1.0000
36554,5222,1.0000
36555,5222,1.0000
36556,5222,1.0000
36557,5222,1.0000
36558,5222,1.0000
36559,5222,1.0000
36560,5222,1.0000
36561,5222,1.0000
36562,5222,1.0000
36563,5222,1.0000
36564,5222,1.0000
36565,5222,1.0000
36566,5222,1.0000
36567,5222,1.0000
36568,5222,1.0000
36569,5222,1.0000
36570,5222,1.0000
36571,5222,1.0000
36572,5222,1.0000
36573,5222,1.0000
36574,5222,1.0000
36575,5222,1.0000
36576,5222,1.0000
36577,5222,1.0000
36578,5222,1.0000
36579,5222,1.0000
36580,5222,1.0000
36581,5222,1.0000
36582,5222,1.0000
36583,5222,1.0000
36584,5222,1.0000
36585,5222,1.0000
36586,5222,1.0000
36587,5222,1.0000
36588,5222,1.0000
36589,5222,1.0000
36590,5222,1.0000
36591,5222,1.0000
36592,5222,1.0000
36593,5222,1.0000
36594,5222,1.0000
36595,5222,1.0000
36596,5222,1.0000
36597,5222,1.0000
36598,5222,1.0000
36599,5222,1.0000
36600,5222,1.0000
36601,5222,1.0000
36602,5222,1.0000
36603,5222,1.0000
36604,5222,1.0000
36605,5222,1.0000
36606,5222,1.0000
36607,5222,1.0000
36608,5222,1.0000
36609,5222,1.0000
36610,5222,1.0000
36611,5222,1.0000
36612,5222,1.0000
36613,5222,1.0000
36614,5222,1.0000
36615,5222,1.0000
36616,5222,1.0000
36617,5222,1.0000
36618,5222,1.0000
36619,5222,1.0000
36620,5222,1.0000
36621,5222,1.0000
36622,5222,1.0000
36623,5222,1.0000
36624,5222,1.0000
36625,5222,1.0000
36626,5222,1.0000
36627,5222,1.0000
36628,5222,1.0000
36629,5222,1.0000
36630,5222,1.0000
36631,5222,1.0000
36632,5222,1.0000
36633,5222,1.0000
36634,5222,1.0000
36635,5222,1.0000
36636,5222,.8696
36636,5254,.1304
36637,5254,.6500
36637,5222,.3500
36638,5254,.9600
36638,5222,.0400
36639,5254,1.0000
36640,5254,1.0000
36641,5254,1.0000
36642,5254,1.0000
36643,5254,1.0000
36644,5254,.5263
36644,5222,.4737
36645,5222,1.0000
36646,5222,1.0000
36647,5222,1.0000
36648,5222,1.0000
36649,5222,1.0000
36650,5222,1.0000
36651,5222,1.0000
36652,5222,1.0000
36653,5222,1.0000
36654,5222,1.0000
36655,5222,1.0000
36656,5222,1.0000
36657,5222,1.0000
36658,5222,1.0000
36659,5222,1.0000
36660,5222,1.0000
36661,5222,1.0000
36662,5222,1.0000
36663,5222,1.0000
36664,5222,1.0000
36665,5222,1.0000
36666,5222,1.0000
36667,5222,1.0000
36668,5222,1.0000
36669,5222,1.0000
36670,5222,1.0000
36671,5222,1.0000
36672,5222,1.0000
36673,5222,1.0000
36674,5222,1.0000
36675,5222,1.0000
36676,5222,1.0000
36677,5222,.9375
36677,5254,.0625
36678,5254,.3000
36678,5222,.7000
36679,5254,.2353
36679,5222,.7647
36680,5254,.0500
36680,5222,.9500
36681,5222,1.0000
36682,5222,1.0000
36683,5222,1.0000
36684,5222,1.0000
36685,5222,1.0000
36686,5222,1.0000
36687,5222,1.0000
36688,5222,.9375
36688,5254,.0625
36689,5254,.5238
36689,5222,.4762
36690,5254,.9500
36690,5222,.0500
36691,5254,1.0000
36692,5254,1.0000
36693,5254,1.0000
36694,5254,.9375
36694,5222,.0625
36695,5254,.5500
36695,5222,.4500
36696,5254,.2500
36696,5222,.7500
36697,5254,.3333
36697,5222,.6667
36698,5254,.3810
36698,5222,.6190
36699,5254,.9000
36699,5222,.1000
36700,5254,1.0000
36701,5254,1.0000
36702,5254,1.0000
36703,5254,1.0000
36704,5254,1.0000
36705,5254,1.0000
36706,5254,1.0000
36707,5254,1.0000
36708,5254,1.0000
36709,5254,1.0000
36710,5254,1.0000
36711,5254,1.0000
36712,5254,1.0000
36713,5254,1.0000
36714,5254,1.0000
36715,5254,1.0000
36716,-999,.0952
36716,5254,.9048
36717,5254,.2778
36717,5222,.7222
36718,5254,.0526
36718,5222,.9474
36719,5222,1.0000
36720,5222,1.0000
36721,5222,.9500
36721,5254,.0500
36722,5254,.4375
36722,5222,.5625
36723,5254,.9500
36723,5222,.0500
36724,5254,1.0000
36725,5254,1.0000
36726,5254,1.0000
36727,5254,.9600
36727,5222,.0400
36728,5254,.6000
36728,5222,.4000
36729,5254,.1364
36729,5222,.8636
36730,5222,1.0000
36731,5222,1.0000
36732,5222,1.0000
36733,5222,1.0000
36734,5222,1.0000
36735,5222,1.0000
36736,5222,1.0000
36737,5222,1.0000
36738,5222,1.0000
36739,5222,1.0000
36740,5222,1.0000
36741,5222,1.0000
36742,5222,1.0000
36743,5222,1.0000
36744,5222,1.0000
36745,5222,1.0000
36746,5222,1.0000
36747,5222,1.0000
36748,5222,1.0000
36749,5222,1.0000
36750,5222,1.0000
36751,5222,1.0000
36752,5222,1.0000
36753,5222,1.0000
36754,5222,1.0000
36755,5222,1.0000
36756,5222,1.0000
36757,5222,1.0000
36758,5222,1.0000
36759,5222,1.0000
36760,5222,1.0000
36761,5222,1.0000
36762,5222,1.0000
36763,5222,1.0000
36764,5222,.6500
36764,5254,.3500
36765,5254,.4000
36765,5222,.6000
36766,5222,1.0000
36767,5222,1.0000
36768,5222,1.0000
36769,5222,1.0000
36770,5222,1.0000
36771,5222,1.0000
36772,5222,1.0000
36773,5222,1.0000
36774,5222,1.0000
36775,5222,1.0000
36776,5222,1.0000
36777,5222,1.0000
36778,5222,1.0000
36779,5222,1.0000
36780,5222,1.0000
36781,5222,1.0000
36782,5222,1.0000
36783,5222,1.0000
36784,5222,1.0000
36785,5222,1.0000
36786,5222,1.0000
36787,5222,1.0000
36788,5222,1.0000
36789,5222,1.0000
36790,5222,1.0000
36791,5222,1.0000
36792,5222,1.0000
36793,5222,1.0000
36794,5222,1.0000
36795,5222,1.0000
36796,5222,1.0000
36797,5222,1.0000
36798,5222,1.0000
36799,5222,1.0000
36800,5222,1.0000
36801,5222,1.0000
36802,5222,1.0000
36803,5222,1.0000
36804,5222,1.0000
36805,5222,1.0000
36806,5222,1.0000
36807,5222,1.0000
36808,5222,1.0000
36809,5222,1.0000
36810,5222,1.0000
36811,5222,1.0000
36812,5222,1.0000
36813,5222,1.0000
36814,5222,1.0000
36815,5222,1.0000
36816,5222,1.0000
36817,5222,1.0000
36818,5222,1.0000
36819,5222,1.0000
36820,5222,1.0000
36821,5222,1.0000
36822,5222,1.0000
36823,5222,1.0000
36824,5222,1.0000
36825,5222,1.0000
36826,5222,1.0000
36827,5222,1.0000
36828,5222,1.0000
36829,5222,1.0000
36830,5222,1.0000
36831,5222,1.0000
36832,5222,1.0000
36833,5222,1.0000
36834,5222,1.0000
36835,5222,1.0000
36836,5222,1.0000
36837,5222,1.0000
36838,5222,1.0000
36839,5222,1.0000
36840,5222,1.0000
36841,5222,1.0000
36842,5222,1.0000
36843,5222,1.0000
36844,5222,1.0000
36845,5222,1.0000
36846,5222,1.0000
36847,5222,1.0000
36848,5222,1.0000
36849,5222,1.0000
36850,5222,1.0000
36851,5222,1.0000
36852,5222,1.0000
36853,5222,1.0000
36854,5222,1.0000
36855,5222,1.0000
36856,5222,1.0000
36857,5222,1.0000
36858,5222,1.0000
36859,5222,1.0000
36860,5222,1.0000
36861,5222,1.0000
36862,5222,1.0000
36863,5222,1.0000
36864,5222,1.0000
36865,5222,1.0000
36866,5222,1.0000
36867,5222,1.0000
36868,5222,1.0000
36869,5222,1.0000
36870,5222,1.0000
36871,5222,1.0000
36872,5222,1.0000
36873,5222,1.0000
36874,5222,1.0000
36875,5222,1.0000
36876,5222,1.0000
36877,5222,1.0000
36878,5222,1.0000
36879,5222,1.0000
36880,5222,1.0000
36881,5222,1.0000
36882,5222,1.0000
36883,5222,1.0000
36884,5222,1.0000
36885,5222,1.0000
36886,5222,1.0000
36887,5222,1.0000
36888,5222,1.0000
36889,5222,1.0000
36890,5222,1.0000
36891,5222,1.0000
36892,5222,1.0000
36893,5222,1.0000
36894,5222,1.0000
36895,5222,1.0000
36896,5222,1.0000
36897,5222,1.0000
36898,5222,1.0000
36899,5222,1.0000
36900,5222,1.0000
36901,5222,1.0000
36902,5222,1.0000
36903,5222,1.0000
36904,5222,1.0000
36905,5222,1.0000
36906,5222,.6000
36906,5254,.4000
36907,5254,.9545
36907,5222,.0455
36908,5254,1.0000
36909,5254,1.0000
36910,5254,.9444
36910,5222,.0556
36911,5254,.7000
36911,5222,.3000
36912,5254,.1250
36912,5222,.8750
36913,5222,1.0000
36914,5222,1.0000
36915,5222,1.0000
36916,5222,1.0000
36917,5222,1.0000
36918,5222,1.0000
36919,5222,1.0000
36920,5222,1.0000
36921,5222,1.0000
36922,5222,1.0000
36923,5222,1.0000
36924,5222,1.0000
36925,5222,1.0000
36926,5222,1.0000
36927,5222,1.0000
36928,5222,1.0000
36929,5222,1.0000
36930,5222,1.0000
36931,5222,1.0000
36932,5222,1.0000
36933,5222,1.0000
36934,5222,1.0000
36935,5222,1.0000
36936,5222,1.0000
36937,5222,1.0000
36938,5222,1.0000
36939,5222,1.0000
36940,5222,1.0000
36941,5222,1.0000
36942,5222,1.0000
36943,5222,1.0000
36944,5222,1.0000
36945,5222,1.0000
36946,5222,1.0000
36947,5222,1.0000
36948,5222,1.0000
36949,5222,1.0000
36950,5222,1.0000
36951,5222,1.0000
36952,5222,1.0000
36953,5222,1.0000
36954,5222,1.0000
36955,5222,1.0000
36956,5222,1.0000
36957,5222,1.0000
36958,5222,.6875
36958,5254,.3125
36959,5254,.6364
36959,5222,.3636
36960,5254,.6667
36960,5222,.3333
36961,5254,.6364
36961,5222,.3636
36962,5254,.2778
36962,5222,.7222
36963,5222,1.0000
36964,5222,1.0000
36965,5222,1.0000
36966,5222,1.0000
36967,5222,.7000
36967,5254,.3000
36968,5254,.8636
36968,5222,.1364
36969,5254,1.0000
36970,5254,1.0000
36971,5254,1.0000
36972,5254,1.0000
36973,5254,1.0000
36974,5254,1.0000
36975,5254,1.0000
36976,5254,1.0000
36977,5254,1.0000
36978,5254,1.0000
36979,5254,1.0000
36980,5254,1.0000
36981,5254,1.0000
36982,5254,1.0000
36983,5254,1.0000
36984,5254,.6316
36984,5222,.3158
36984,-999,.0526
36985,5222,1.0000
36986,5222,1.0000
36987,5222,1.0000
36988,5222,1.0000
36989,5222,1.0000
36990,5222,1.0000
36991,5222,.7200
36991,5254,.2800
36992,5254,.7000
36992,5222,.3000
36993,5254,.9583
36993,5222,.0417
36994,5254,1.0000
36995,5254,.5000
36995,5222,.5000
36996,5222,1.0000
36997,5222,1.0000
36998,5222,1.0000
36999,5222,1.0000
37000,5222,1.0000
37001,5222,1.0000
37002,5222,1.0000
37003,5222,1.0000
37004,5222,1.0000
37005,5222,1.0000
37006,5222,1.0000
37007,5222,1.0000
37008,5222,1.0000
37009,5222,1.0000
37010,5222,1.0000
37011,5222,1.0000
37012,5222,1.0000
37013,5222,1.0000
37014,5222,1.0000
37015,5222,1.0000
37016,5222,1.0000
37017,5222,1.0000
37018,5222,1.0000
37019,5222,1.0000
37020,5222,1.0000
37021,5222,1.0000
37022,5222,1.0000
37023,5222,1.0000
37024,5222,1.0000
37025,5222,1.0000
37026,5222,1.0000
37027,5222,1.0000
37028,5222,1.0000
37029,5222,1.0000
37030,5222,1.0000
37031,5222,1.0000
37032,5222,1.0000
37033,5222,1.0000
37034,5222,1.0000
37035,5222,1.0000
37036,5222,1.0000
37037,5222,1.0000
37038,5222,1.0000
37039,5222,1.0000
37040,5222,1.0000
37041,5222,1.0000
37042,5222,1.0000
37043,5222,1.0000
37044,5222,1.0000
37045,5222,1.0000
37046,5222,1.0000
37047,5222,1.0000
37048,5222,1.0000
37049,5222,1.0000
37050,5222,1.0000
37051,5222,1.0000
37052,5222,1.0000
37053,5222,1.0000
37054,5222,1.0000
37055,5222,1.0000
37056,5222,1.0000
37057,5222,1.0000
37058,5222,1.0000
37059,5222,1.0000
37060,5222,1.0000
37061,5222,1.0000
37062,5222,1.0000
37063,5222,1.0000
37064,5222,1.0000
37065,5222,1.0000
37066,5222,1.0000
37067,5222,1.0000
37068,5222,1.0000
37069,5222,1.0000
37070,5222,1.0000
37071,5222,1.0000
37072,5222,1.0000
37073,5222,1.0000
37074,5222,1.0000
37075,5222,1.0000
37076,5222,1.0000
37077,5222,1.0000
37078,5222,1.0000
37079,5222,1.0000
37080,5222,1.0000
37081,5222,1.0000
37082,5222,1.0000
37083,5222,1.0000
37084,5222,1.0000
37085,5222,1.0000
37086,5222,1.0000
37087,5222,1.0000
37088,5222,1.0000
37089,5222,1.0000
37090,5222,1.0000
37091,5222,1.0000
37092,5222,1.0000
37093,5222,1.0000
37094,5222,1.0000
37095,5222,1.0000
37096,5222,1.0000
37097,5222,1.0000
37098,5222,1.0000
37099,5222,1.0000
37100,5222,1.0000
37101,5222,1.0000
37102,5222,1.0000
37103,5222,1.0000
37104,5222,1.0000
37105,5222,1.0000
37106,5222,1.0000
37107,5222,1.0000
37108,5222,1.0000
37109,5222,1.0000
37110,5222,1.0000
37111,5222,1.0000
37112,5222,1.0000
37113,5222,1.0000
37114,5222,1.0000
37115,5222,1.0000
37116,5222,1.0000
37117,5222,1.0000
37118,5222,1.0000
37119,5222,1.0000
37120,5222,1.0000
37121,5222,1.0000
37122,5222,1.0000
37123,5222,1.0000
37124,5222,1.0000
37125,5222,1.0000
37126,5222,1.0000
37127,5222,1.0000
37128,5222,1.0000
37129,5222,1.0000
37130,5222,1.0000
37131,5222,1.0000
37132,5222,1.0000
37133,5222,1.0000
37134,5222,1.0000
37135,5222,1.0000
37136,5222,1.0000
37137,5222,1.0000
37138,5222,1.0000
37139,5222,1.0000
37140,5222,1.0000
37141,5222,1.0000
37142,5222,1.0000
37143,5222,1.0000
37144,5222,1.0000
37145,5222,1.0000
37146,5222,1.0000
37147,5222,1.0000
37148,5222,1.0000
37149,5222,1.0000
37150,5222,1.0000
37151,5222,1.0000
37152,5222,1.0000
37153,5222,1.0000
37154,5222,1.0000
37155,5222,1.0000
37156,5222,1.0000
37157,5222,1.0000
37158,5222,1.0000
37159,5222,1.0000
37160,5222,1.0000
37161,5222,1.0000
37162,5222,1.0000
37163,5222,1.0000
37164,5222,1.0000
37165,5222,1.0000
37166,5222,1.0000
37167,5222,1.0000
37168,5222,1.0000
37169,5222,1.0000
37170,5222,1.0000
37171,5222,1.0000
37172,5222,1.0000
37173,5222,1.0000
37174,5222,1.0000
37175,5222,.7000
37175,5254,.3000
37176,5254,.3125
37176,5222,.6875
37177,5254,.2609
37177,5222,.7391
37178,5254,.1500
37178,5222,.8500
37179,5222,1.0000
37180,5222,1.0000
37181,5222,1.0000
37182,5222,1.0000
37183,5222,1.0000
37184,5222,1.0000
37185,5222,1.0000
37186,5222,1.0000
37187,5222,1.0000
37188,5222,1.0000
37189,5222,1.0000
37190,5222,1.0000
37191,5222,1.0000
37192,5222,1.0000
37193,5222,1.0000
37194,5222,1.0000
37195,5222,1.0000
37196,5222,1.0000
37197,5222,1.0000
37198,5222,1.0000
37199,5222,1.0000
37200,5222,1.0000
37201,5222,1.0000
37202,5222,1.0000
37203,5222,1.0000
37204,5222,1.0000
37205,5222,1.0000
37206,5222,1.0000
37207,5222,1.0000
37208,5222,1.0000
37209,5222,1.0000
37210,5222,1.0000
37211,5222,1.0000
37212,5222,1.0000
37213,5222,1.0000
37214,5222,1.0000
37215,5222,1.0000
37216,5222,1.0000
37217,5222,1.0000
37218,5222,1.0000
37219,5222,1.0000
37220,5222,1.0000
37221,5222,1.0000
37222,5222,1.0000
37223,5222,1.0000
37224,5222,1.0000
37225,5222,1.0000
37226,5222,1.0000
37227,5222,1.0000
37228,5222,1.0000
37229,5222,1.0000
37230,5222,1.0000
37231,5222,1.0000
37232,5222,1.0000
37233,5222,1.0000
37234,5222,1.0000
37235,5222,1.0000
37236,5254,.4167
37236,5222,.5833
37237,5254,.9500
37237,5222,.0500
37238,5254,1.0000
37239,5254,1.0000
37240,5254,1.0000
37241,5254,1.0000
37242,5254,1.0000
37243,5254,1.0000
37244,5254,1.0000
37245,5254,1.0000
37246,5254,1.0000
37247,5254,1.0000
37248,5254,1.0000
37249,5254,1.0000
37250,5254,1.0000
37251,5254,.8571
37251,5222,.1429
37252,5254,.0625
37252,5222,.9375
37253,5222,1.0000
37254,5222,1.0000
37255,5222,1.0000
37256,5222,1.0000
37257,5222,1.0000
37258,5222,1.0000
37259,5222,1.0000
37260,5222,1.0000
37261,5222,.8000
37261,5254,.2000
37262,5254,.2500
37262,5222,.7500
37263,5254,.0500
37263,5222,.9500
37264,5222,1.0000
37265,5222,1.0000
37266,5222,1.0000
37267,5222,1.0000
37268,5222,1.0000
37269,5222,1.0000
37270,5222,1.0000
37271,5222,1.0000
37272,5222,1.0000
37273,5222,1.0000
37274,5222,1.0000
37275,5222,1.0000
37276,5222,1.0000
37277,5222,1.0000
37278,5222,1.0000
37279,5222,1.0000
37280,5222,1.0000
37281,5222,1.0000
37282,5222,1.0000
37283,5222,1.0000
37284,5222,1.0000
37285,5222,1.0000
37286,5222,1.0000
37287,5222,1.0000
37288,5222,1.0000
37289,5222,1.0000
37290,5222,1.0000
37291,5222,1.0000
37292,5222,1.0000
37293,5222,1.0000
37294,5222,1.0000
37295,5222,1.0000
37296,5222,1.0000
37297,5222,1.0000
37298,5222,1.0000
37299,5222,1.0000
37300,5222,1.0000
37301,5222,1.0000
37302,5222,1.0000
37303,5222,1.0000
37304,5222,1.0000
37305,5222,1.0000
37306,5222,1.0000
37307,5222,1.0000
37308,5222,1.0000
37309,5222,1.0000
37310,5222,1.0000
37311,5222,1.0000
37312,5222,1.0000
37313,5222,1.0000
37314,5222,1.0000
37315,5222,1.0000
37316,5222,1.0000
37317,5222,1.0000
37318,5222,1.0000
37319,5222,1.0000
37320,5222,1.0000
37321,5222,1.0000
37322,5222,1.0000
37323,5222,1.0000
37324,5222,1.0000
37325,5222,1.0000
37326,5222,1.0000
37327,5222,1.0000
37328,5222,1.0000
37329,5222,1.0000
37330,5222,1.0000
37331,5222,1.0000
37332,5222,1.0000
37333,5222,1.0000
37334,5222,1.0000
37335,5222,1.0000
37336,5222,1.0000
37337,5222,1.0000
37338,5222,1.0000
37339,5222,1.0000
37340,5222,1.0000
37341,5222,1.0000
37342,5222,1.0000
37343,5222,1.0000
37344,5222,1.0000
37345,5222,1.0000
37346,5222,1.0000
37347,5222,1.0000
37348,5222,1.0000
37349,5222,1.0000
37350,5222,1.0000
37351,5222,1.0000
37352,5222,1.0000
37353,5222,1.0000
37354,5222,1.0000
37355,5222,1.0000
37356,5222,1.0000
37357,5222,1.0000
37358,5222,1.0000
37359,5222,1.0000
37360,5222,1.0000
37361,5222,1.0000
37362,5222,1.0000
37363,5222,1.0000
37364,5222,1.0000
37365,5222,1.0000
37366,5222,1.0000
37367,5222,1.0000
37368,5222,1.0000
37369,5222,1.0000
37370,5222,1.0000
37371,5222,1.0000
37372,5222,1.0000
37373,5222,1.0000
37374,5222,1.0000
37375,5222,1.0000
37376,5222,1.0000
37377,5222,1.0000
37378,5222,1.0000
37379,5222,1.0000
37380,5222,1.0000
37381,5222,1.0000
37382,5222,1.0000
37383,5222,1.0000
37384,5222,1.0000
37385,5222,1.0000
37386,5222,1.0000
37387,5222,1.0000
37388,5222,1.0000
37389,5222,1.0000
37390,5222,1.0000
37391,5222,1.0000
37392,5222,1.0000
37393,5222,1.0000
37394,5222,1.0000
37395,5222,1.0000
37396,5222,1.0000
37397,5222,1.0000
37398,5222,1.0000
37399,5222,1.0000
37400,5222,1.0000
37401,5222,1.0000
37402,5222,1.0000
37403,5222,1.0000
37404,5222,1.0000
37405,5222,1.0000
37406,5222,1.0000
37407,5222,1.0000
37408,5222,1.0000
37409,5222,1.0000
37410,5222,1.0000
37411,5222,1.0000
37412,5222,1.0000
37413,5222,1.0000
37414,5222,1.0000
37415,5222,1.0000
37416,5222,1.0000
37417,5222,1.0000
37418,5222,1.0000
37419,5222,1.0000
37420,5222,1.0000
37421,5222,1.0000
37422,5222,1.0000
37423,5222,1.0000
37424,5222,1.0000
37425,5222,1.0000
37426,5222,1.0000
37427,5222,1.0000
37428,5222,1.0000
37429,5222,1.0000
37430,5222,1.0000
37431,5222,1.0000
37432,5222,1.0000
37433,5222,1.0000
37434,5222,1.0000
37435,5222,1.0000
37436,5222,1.0000
37437,5222,1.0000
37438,5222,1.0000
37439,5222,1.0000
37440,5222,1.0000
37441,5222,1.0000
37442,5222,1.0000
37443,5222,1.0000
37444,5222,1.0000
37445,5222,1.0000
37446,5222,1.0000
37447,5222,1.0000
37448,5222,1.0000
37449,5222,1.0000
37450,5222,1.0000
37451,5222,1.0000
37452,5222,1.0000
37453,5222,1.0000
37454,5222,1.0000
37455,5222,1.0000
37456,5222,1.0000
37457,5222,1.0000
37458,5222,1.0000
37459,5222,1.0000
37460,5222,1.0000
37461,5222,1.0000
37462,5222,1.0000
37463,5222,1.0000
37464,5222,1.0000
37465,5222,1.0000
37466,5222,1.0000
37467,5222,1.0000
37468,5222,1.0000
37469,5222,1.0000
37470,5222,1.0000
37471,5222,1.0000
37472,5222,1.0000
37473,5222,1.0000
37474,5222,1.0000
37475,5222,1.0000
37476,5222,1.0000
37477,5222,1.0000
37478,5222,1.0000
37479,5222,1.0000
37480,5222,1.0000
37481,5222,1.0000
37482,5222,1.0000
37483,5222,1.0000
37484,5222,1.0000
37485,5222,1.0000
37486,5222,1.0000
37487,5222,1.0000
37488,5222,1.0000
37489,5222,1.0000
37490,5222,1.0000
37491,5222,1.0000
37492,5222,1.0000
37493,5222,1.0000
37494,5222,1.0000
37495,5222,1.0000
37496,5222,1.0000
37497,5222,1.0000
37498,5222,1.0000
37499,5222,1.0000
37500,5222,1.0000
37501,5222,1.0000
37502,5222,1.0000
37503,5222,1.0000
37504,5222,1.0000
37505,5254,.4737
37505,5222,.5263
37506,5254,1.0000
37507,5254,1.0000
37508,5254,1.0000
37509,5254,1.0000
37510,5254,1.0000
37511,5254,1.0000
37512,5254,1.0000
37513,5254,1.0000
37514,5254,1.0000
37515,5254,1.0000
37516,5254,1.0000
37517,5254,1.0000
37518,5254,.9412
37518,5222,.0588
37519,5254,.4000
37519,5222,.6000
37520,5222,1.0000
37521,5222,1.0000
37522,5222,1.0000
37523,5222,1.0000
37524,5222,1.0000
37525,5222,1.0000
37526,5222,1.0000
37527,5222,1.0000
37528,5222,1.0000
37529,5222,1.0000
37530,5222,1.0000
37531,5222,1.0000
37532,5222,1.0000
37533,5222,1.0000
37534,5222,1.0000
37535,5222,1.0000
37536,5222,1.0000
37537,5222,1.0000
37538,5222,1.0000
37539,5222,1.0000
37540,5222,1.0000
37541,5222,1.0000
37542,5222,1.0000
37543,5222,1.0000
37544,5222,1.0000
37545,5222,1.0000
37546,5222,1.0000
37547,5222,1.0000
37548,5222,1.0000
37549,5222,1.0000
37550,5222,1.0000
37551,5222,1.0000
37552,5222,1.0000
37553,5222,1.0000
37554,5222,1.0000
37555,5222,1.0000
37556,5222,1.0000
37557,5222,1.0000
37558,5222,1.0000
37559,5222,1.0000
37560,5222,1.0000
37561,5222,1.0000
37562,5222,1.0000
37563,5222,1.0000
37564,5222,1.0000
37565,5222,1.0000
37566,5222,1.0000
37567,5222,1.0000
37568,5222,1.0000
37569,5222,1.0000
37570,5222,1.0000
37571,5222,1.0000
37572,5222,1.0000
37573,5222,1.0000
37574,5222,1.0000
37575,5222,1.0000
37576,5222,1.0000
37577,5222,1.0000
37578,5222,1.0000
37579,5222,1.0000
37580,5222,1.0000
37581,5222,1.0000
37582,5222,1.0000
37583,5222,1.0000
37584,5222,1.0000
37585,5222,1.0000
37586,5222,1.0000
37587,5222,1.0000
37588,5222,1.0000
37589,5222,1.0000
37590,5222,1.0000
37591,5222,1.0000
37592,5222,1.0000
37593,5222,1.0000
37594,5222,1.0000
37595,5222,1.0000
37596,5222,1.0000
37597,5222,1.0000
37598,5222,1.0000
37599,5222,1.0000
37600,5222,1.0000
37601,5222,1.0000
37602,5222,1.0000
37603,5222,1.0000
37604,5222,1.0000
37605,5222,1.0000
37606,5222,1.0000
37607,5222,1.0000
37608,5222,1.0000
37609,5222,1.0000
37610,5222,1.0000
37611,5222,1.0000
37612,5222,1.0000
37613,5222,1.0000
37614,5222,1.0000
37615,5222,1.0000
37616,5222,1.0000
37617,5222,1.0000
37618,5222,1.0000
37619,5222,1.0000
37620,5222,1.0000
37621,5222,1.0000
37622,5222,1.0000
37623,5222,1.0000
37624,5222,1.0000
37625,5222,1.0000
37626,5222,1.0000
37627,5222,1.0000
37628,5222,1.0000
37629,5222,1.0000
37630,5222,1.0000
37631,5222,1.0000
37632,5222,1.0000
37633,5222,1.0000
37634,5222,1.0000
37635,5222,1.0000
37636,5222,1.0000
37637,5222,1.0000
37638,5222,1.0000
37639,5222,1.0000
37640,5222,1.0000
37641,5222,1.0000
37642,5222,1.0000
37643,5222,1.0000
37644,5222,1.0000
37645,5222,1.0000
37646,5222,1.0000
37647,5222,1.0000
37648,5222,1.0000
37649,5222,1.0000
37650,5222,1.0000
37651,5222,1.0000
37652,5222,1.0000
37653,5222,1.0000
37654,5222,1.0000
37655,5222,1.0000
37656,5222,1.0000
37657,5222,1.0000
37658,5222,1.0000
37659,5222,1.0000
37660,5222,1.0000
37661,5222,1.0000
37662,5222,1.0000
37663,5222,1.0000
37664,5222,1.0000
37665,5222,1.0000
37666,5222,1.0000
37667,5222,1.0000
37668,5222,1.0000
37669,5222,1.0000
37670,5222,1.0000
37671,5222,1.0000
37672,5222,1.0000
37673,5222,1.0000
37674,5222,1.0000
37675,5222,1.0000
37676,5222,1.0000
37677,5222,1.0000
37678,5222,1.0000
37679,5222,1.0000
37680,5222,1.0000
37681,5222,1.0000
37682,5222,1.0000
37683,5222,1.0000
37684,5222,1.0000
37685,5222,1.0000
37686,5222,1.0000
37687,5222,1.0000
37688,5222,1.0000
37689,5222,1.0000
37690,5222,1.0000
37691,5222,1.0000
37692,5222,1.0000
37693,5222,1.0000
37694,5222,1.0000
37695,5222,1.0000
37696,5222,1.0000
37697,5222,1.0000
37698,5222,1.0000
37699,5222,1.0000
37700,5222,1.0000
37701,5222,1.0000
37702,5222,1.0000
37703,5222,1.0000
37704,5222,1.0000
37705,5222,1.0000
37706,5222,1.0000
37707,5222,1.0000
37708,5222,1.0000
37709,5222,1.0000
37710,5222,1.0000
37711,5222,1.0000
37712,5222,1.0000
37713,5222,1.0000
37714,5222,1.0000
37715,5222,1.0000
37716,5222,1.0000
37717,5222,1.0000
37718,5222,1.0000
37719,5222,1.0000
37720,5222,1.0000
37721,5222,1.0000
37722,5222,1.0000
37723,5222,1.0000
37724,5222,1.0000
37725,5222,1.0000
37726,5222,1.0000
37727,5222,1.0000
37728,5222,1.0000
37729,5222,1.0000
37730,5222,1.0000
37731,5222,1.0000
37732,5222,1.0000
37733,5222,1.0000
37734,5222,1.0000
37735,5222,1.0000
37736,5222,1.0000
37737,5222,1.0000
37738,5222,1.0000
37739,5222,1.0000
37740,5222,1.0000
37741,5222,1.0000
37742,5222,1.0000
37743,5222,1.0000
37744,5222,1.0000
37745,5222,1.0000
37746,5222,1.0000
37747,5222,1.0000
37748,5222,1.0000
37749,5222,1.0000
37750,5222,1.0000
37751,5222,1.0000
37752,5222,1.0000
37753,5222,1.0000
37754,5222,1.0000
37755,5222,1.0000
37756,5222,1.0000
37757,5222,1.0000
37758,5222,1.0000
37759,5222,1.0000
37760,5222,1.0000
37761,5222,1.0000
37762,5222,1.0000
37763,5222,1.0000
37764,5222,1.0000
37765,5222,1.0000
37766,5222,1.0000
37767,5222,1.0000
37768,5222,1.0000
37769,5222,1.0000
37770,5222,1.0000
37771,5222,1.0000
37772,5222,1.0000
37773,5222,.9500
37773,5254,.0500
37774,5254,.7500
37774,5222,.2500
37775,5254,1.0000
37776,5254,1.0000
37777,5254,1.0000
37778,5254,.8125
37778,5222,.1875
37779,5254,.5500
37779,5222,.4500
37780,5254,.3750
37780,5222,.6250
37781,5254,.2857
37781,5222,.7143
37782,5254,.2857
37782,5222,.7143
37783,5254,.4348
37783,5222,.5652
37784,5254,.5882
37784,5222,.4118
37785,5254,.6000
37785,5222,.4000
37786,5254,.2222
37786,5222,.7778
37787,5222,1.0000
37788,5222,1.0000
37789,5222,1.0000
37790,5222,1.0000
37791,5222,1.0000
37792,5222,1.0000
37793,5222,1.0000
37794,5222,1.0000
37795,5222,1.0000
37796,5222,1.0000
37797,5222,1.0000
37798,5222,1.0000
37799,5222,1.0000
37800,5222,1.0000
37801,5222,1.0000
37802,5222,1.0000
37803,5222,1.0000
37804,5222,1.0000
37805,5222,1.0000
37806,5222,1.0000
37807,5222,1.0000
37808,5222,1.0000
37809,5222,1.0000
37810,5222,1.0000
37811,5222,1.0000
37812,5222,1.0000
37813,5222,1.0000
37814,5222,1.0000
37815,5222,1.0000
37816,5222,1.0000
37817,5222,1.0000
37818,5222,1.0000
37819,5222,1.0000
37820,5222,1.0000
37821,5222,1.0000
37822,5222,1.0000
37823,5222,1.0000
37824,5222,1.0000
37825,5222,1.0000
37826,5222,1.0000
37827,5222,1.0000
37828,5222,1.0000
37829,5222,1.0000
37830,5222,1.0000
37831,5222,1.0000
37832,5222,1.0000
37833,5222,1.0000
37834,5222,1.0000
37835,5222,1.0000
37836,5222,1.0000
37837,5222,1.0000
37838,5222,1.0000
37839,5222,1.0000
37840,5222,1.0000
37841,5222,1.0000
37842,5222,1.0000
37843,5222,1.0000
37844,5222,1.0000
37845,5222,1.0000
37846,5222,1.0000
37847,5222,1.0000
37848,5222,1.0000
37849,5222,1.0000
37850,5222,1.0000
37851,5222,1.0000
37852,5222,1.0000
37853,5222,1.0000
37854,5222,1.0000
37855,5222,1.0000
37856,5222,1.0000
37857,5222,1.0000
37858,5222,1.0000
37859,5222,1.0000
37860,5222,1.0000
37861,5222,1.0000
37862,5222,1.0000
37863,5222,1.0000
37864,5222,1.0000
37865,5222,1.0000
37866,5222,1.0000
37867,5222,1.0000
37868,5222,1.0000
37869,5222,1.0000
37870,5222,1.0000
37871,5222,1.0000
37872,5222,1.0000
37873,5222,1.0000
37874,5222,1.0000
37875,5222,1.0000
37876,5222,1.0000
37877,5222,1.0000
37878,5222,1.0000
37879,5222,1.0000
37880,5222,1.0000
37881,5222,1.0000
37882,5222,1.0000
37883,5222,1.0000
37884,5222,1.0000
37885,5222,1.0000
37886,5222,1.0000
37887,5222,1.0000
37888,5222,1.0000
37889,5222,1.0000
37890,5222,1.0000
37891,5222,1.0000
37892,5222,1.0000
37893,5222,1.0000
37894,5222,1.0000
37895,5222,1.0000
37896,5222,1.0000
37897,5222,1.0000
37898,5222,1.0000
37899,5222,1.0000
37900,5222,1.0000
37901,5222,1.0000
37902,5222,1.0000
37903,5222,1.0000
37904,5222,1.0000
37905,5222,1.0000
37906,5222,1.0000
37907,5222,1.0000
37908,5222,1.0000
37909,5222,1.0000
37910,5222,1.0000
37911,5222,1.0000
37912,5222,1.0000
37913,5222,1.0000
37914,5222,1.0000
37915,5222,1.0000
37916,5222,1.0000
37917,5222,1.0000
37918,5222,1.0000
37919,5222,1.0000
37920,5222,1.0000
37921,5222,1.0000
37922,5222,1.0000
37923,5222,1.0000
37924,5222,1.0000
37925,5222,1.0000
37926,5222,1.0000
37927,5222,1.0000
37928,5222,1.0000
37929,5222,1.0000
37930,5222,1.0000
37931,5222,1.0000
37932,5222,1.0000
37933,5222,1.0000
37934,5222,1.0000
37935,5222,1.0000
37936,5222,1.0000
37937,5222,1.0000
37938,5222,1.0000
37939,5222,1.0000
37940,5222,1.0000
37941,5222,1.0000
37942,5222,1.0000
37943,5222,1.0000
37944,5222,1.0000
37945,5222,1.0000
37946,5222,1.0000
37947,5222,1.0000
37948,5222,1.0000
37949,5222,1.0000
37950,5222,1.0000
37951,5222,1.0000
37952,5222,1.0000
37953,5222,1.0000
37954,5222,1.0000
37955,5222,1.0000
37956,5222,1.0000
37957,5222,1.0000
37958,5222,1.0000
37959,5222,1.0000
37960,5222,1.0000
37961,5222,1.0000
37962,5222,1.0000
37963,5222,1.0000
37964,5222,1.0000
37965,5222,1.0000
37966,5222,1.0000
37967,5222,1.0000
37968,5222,1.0000
37969,5222,1.0000
37970,5222,1.0000
37971,5222,1.0000
37972,5222,1.0000
37973,5222,1.0000
37974,5222,1.0000
37975,5222,1.0000
37976,5222,1.0000
37977,5222,1.0000
37978,5222,1.0000
37979,5222,1.0000
37980,5222,1.0000
37981,5222,1.0000
37982,5222,1.0000
37983,5222,1.0000
37984,5222,1.0000
37985,5222,1.0000
37986,5222,1.0000
37987,5222,1.0000
37988,5222,1.0000
37989,5222,1.0000
37990,5222,1.0000
37991,5222,1.0000
37992,5222,1.0000
37993,5222,1.0000
37994,5222,1.0000
37995,5222,1.0000
37996,5222,1.0000
37997,5222,1.0000
37998,5222,1.0000
37999,5222,1.0000
38000,5222,1.0000
38001,5222,1.0000
38002,5222,1.0000
38003,5222,1.0000
38004,5222,1.0000
38005,5222,1.0000
38006,5222,1.0000
38007,5222,1.0000
38008,5222,1.0000
38009,5222,1.0000
38010,5222,1.0000
38011,5222,1.0000
38012,5222,1.0000
38013,5222,1.0000
38014,5222,1.0000
38015,5222,1.0000
38016,5222,1.0000
38017,5222,1.0000
38018,5222,1.0000
38019,5222,1.0000
38020,5222,1.0000
38021,5222,1.0000
38022,5222,1.0000
38023,5222,1.0000
38024,5222,1.0000
38025,5222,1.0000
38026,5222,1.0000
38027,5222,1.0000
38028,5222,1.0000
38029,5222,1.0000
38030,5222,1.0000
38031,5222,1.0000
38032,5222,1.0000
38033,5222,1.0000
38034,5222,1.0000
38035,5222,1.0000
38036,5222,1.0000
38037,5222,1.0000
38038,5222,1.0000
38039,5222,1.0000
38040,5222,1.0000
38041,5222,1.0000
38042,5222,.8750
38042,5254,.1250
38043,5254,.3500
38043,5222,.6500
38044,5254,.4444
38044,5222,.5556
38045,5254,.3200
38045,5222,.6800
38046,5254,.0526
38046,5222,.9474
38047,5222,1.0000
38048,5222,1.0000
38049,5222,1.0000
38050,5222,1.0000
38051,5222,1.0000
38052,5222,1.0000
38053,5222,1.0000
38054,5222,1.0000
38055,5222,1.0000
38056,5222,1.0000
38057,5222,1.0000
38058,5222,1.0000
38059,5222,1.0000
38060,5222,1.0000
38061,5222,1.0000
38062,5222,1.0000
38063,5222,1.0000
38064,5222,1.0000
38065,5222,1.0000
38066,5222,1.0000
38067,5222,1.0000
38068,5222,1.0000
38069,5222,1.0000
38070,5222,1.0000
38071,5222,1.0000
38072,5222,1.0000
38073,5222,1.0000
38074,5222,1.0000
38075,5222,1.0000
38076,5222,1.0000
38077,5222,1.0000
38078,5222,1.0000
38079,5222,1.0000
38080,5222,1.0000
38081,5222,1.0000
38082,5222,1.0000
38083,5222,1.0000
38084,5222,1.0000
38085,5222,1.0000
38086,5222,1.0000
38087,5222,1.0000
38088,5222,1.0000
38089,5222,1.0000
38090,5222,1.0000
38091,5222,1.0000
38092,5222,1.0000
38093,5222,1.0000
38094,5222,1.0000
38095,5222,1.0000
38096,5222,1.0000
38097,5222,1.0000
38098,5222,1.0000
38099,5222,1.0000
38100,5222,1.0000
38101,5222,1.0000
38102,5222,1.0000
38103,5222,1.0000
38104,5222,1.0000
38105,5222,1.0000
38106,5222,1.0000
38107,5222,1.0000
38108,5222,1.0000
38109,5222,1.0000
38110,5222,1.0000
38111,5222,1.0000
38112,5222,1.0000
38113,5222,1.0000
38114,5222,1.0000
38115,5222,1.0000
38116,5222,1.0000
38117,5222,1.0000
38118,5222,1.0000
38119,5222,1.0000
38120,5222,1.0000
38121,5222,1.0000
38122,5222,1.0000
38123,5222,1.0000
38124,5222,1.0000
38125,5222,1.0000
38126,5222,1.0000
38127,5222,1.0000
38128,5222,1.0000
38129,5222,1.0000
38130,5222,1.0000
38131,5222,1.0000
38132,5222,1.0000
38133,5222,1.0000
38134,5222,1.0000
38135,5222,1.0000
38136,5222,1.0000
38137,5222,1.0000
38138,5222,1.0000
38139,5222,1.0000
38140,5222,1.0000
38141,5222,1.0000
38142,5222,1.0000
38143,5222,1.0000
38144,5222,1.0000
38145,5222,1.0000
38146,5222,1.0000
38147,5222,1.0000
38148,5222,1.0000
38149,5222,1.0000
38150,5222,1.0000
38151,5222,1.0000
38152,5222,1.0000
38153,5222,1.0000
38154,5222,1.0000
38155,5222,1.0000
38156,5222,1.0000
38157,5222,1.0000
38158,5222,1.0000
38159,5222,1.0000
38160,5222,1.0000
38161,5222,1.0000
38162,5222,1.0000
38163,5222,1.0000
38164,5222,1.0000
38165,5222,1.0000
38166,5222,1.0000
38167,5222,1.0000
38168,5222,1.0000
38169,5222,1.0000
38170,5222,1.0000
38171,5222,1.0000
38172,5222,1.0000
38173,5222,1.0000
38174,5222,1.0000
38175,5222,1.0000
38176,5222,1.0000
38177,5222,1.0000
38178,5222,1.0000
38179,5222,1.0000
38180,5222,1.0000
38181,5222,1.0000
38182,5222,1.0000
38183,5222,1.0000
38184,5222,1.0000
38185,5222,1.0000
38186,5222,1.0000
38187,5222,1.0000
38188,5222,1.0000
38189,5222,1.0000
38190,5222,1.0000
38191,5222,1.0000
38192,5222,1.0000
38193,5222,1.0000
38194,5222,1.0000
38195,5222,1.0000
38196,5222,1.0000
38197,5222,1.0000
38198,5222,1.0000
38199,5222,1.0000
38200,5222,1.0000
38201,5222,1.0000
38202,5222,1.0000
38203,5222,1.0000
38204,5222,1.0000
38205,5222,1.0000
38206,5222,1.0000
38207,5222,1.0000
38208,5222,1.0000
38209,5222,1.0000
38210,5222,1.0000
38211,5222,1.0000
38212,5222,1.0000
38213,5222,1.0000
38214,5222,1.0000
38215,5222,1.0000
38216,5222,1.0000
38217,5222,1.0000
38218,5222,1.0000
38219,5222,1.0000
38220,5222,1.0000
38221,5222,1.0000
38222,5222,1.0000
38223,5222,1.0000
38224,5222,1.0000
38225,5222,1.0000
38226,5222,1.0000
38227,5222,1.0000
38228,5222,1.0000
38229,5222,1.0000
38230,5222,1.0000
38231,5222,1.0000
38232,5222,1.0000
38233,5222,1.0000
38234,5222,1.0000
38235,5222,1.0000
38236,5222,1.0000
38237,5222,1.0000
38238,5222,1.0000
38239,5222,1.0000
38240,5222,1.0000
38241,5222,1.0000
38242,5222,1.0000
38243,5222,1.0000
38244,5222,1.0000
38245,5222,1.0000
38246,5222,1.0000
38247,5222,1.0000
38248,5222,1.0000
38249,5222,1.0000
38250,5222,1.0000
38251,5222,1.0000
38252,5222,1.0000
38253,5222,1.0000
38254,5222,1.0000
38255,5222,1.0000
38256,5222,1.0000
38257,5222,1.0000
38258,5222,1.0000
38259,5222,1.0000
38260,5222,1.0000
38261,5222,1.0000
38262,5222,1.0000
38263,5222,1.0000
38264,5222,1.0000
38265,5222,1.0000
38266,5222,1.0000
38267,5222,1.0000
38268,5222,1.0000
38269,5222,1.0000
38270,5222,1.0000
38271,5222,1.0000
38272,5222,1.0000
38273,5222,1.0000
38274,5222,1.0000
38275,5222,1.0000
38276,5222,1.0000
38277,5222,1.0000
38278,5222,1.0000
38279,5222,1.0000
38280,5222,1.0000
38281,5222,1.0000
38282,5222,1.0000
38283,5222,1.0000
38284,5222,1.0000
38285,5222,1.0000
38286,5222,1.0000
38287,5222,1.0000
38288,5222,1.0000
38289,5222,1.0000
38290,5222,1.0000
38291,5222,1.0000
38292,5222,1.0000
38293,5222,1.0000
38294,5222,1.0000
38295,5222,1.0000
38296,5222,1.0000
38297,5222,1.0000
38298,5222,1.0000
38299,5222,1.0000
38300,5222,1.0000
38301,5222,1.0000
38302,5222,1.0000
38303,5222,1.0000
38304,5222,1.0000
38305,5222,1.0000
38306,5222,1.0000
38307,5222,1.0000
38308,5222,1.0000
38309,5222,1.0000
38310,5222,1.0000
38311,5222,1.0000
38312,5222,1.0000
38313,5222,1.0000
38314,5222,1.0000
38315,5222,1.0000
38316,5222,1.0000
38317,5222,1.0000
38318,5222,1.0000
38319,5222,1.0000
38320,5222,1.0000
38321,5222,1.0000
38322,5222,1.0000
38323,5222,1.0000
38324,5222,1.0000
38325,5222,1.0000
38326,5222,1.0000
38327,5222,1.0000
38328,5222,1.0000
38329,5222,1.0000
38330,5222,1.0000
38331,5222,1.0000
38332,5222,1.0000
38333,5222,1.0000
38334,5222,1.0000
38335,5222,1.0000
38336,5222,1.0000
38337,5222,1.0000
38338,5222,1.0000
38339,5222,1.0000
38340,5222,1.0000
38341,5222,1.0000
38342,5222,1.0000
38343,5222,1.0000
38344,5222,1.0000
38345,5222,1.0000
38346,5222,1.0000
38347,5222,1.0000
38348,5222,1.0000
38349,5222,1.0000
38350,5222,1.0000
38351,5222,1.0000
38352,5222,1.0000
38353,5222,1.0000
38354,5222,1.0000
38355,5222,1.0000
38356,5222,1.0000
38357,5222,1.0000
38358,5222,1.0000
38359,5222,1.0000
38360,5222,1.0000
38361,5222,1.0000
38362,5222,1.0000
38363,5222,1.0000
38364,5222,1.0000
38365,5222,1.0000
38366,5222,1.0000
38367,5222,1.0000
38368,5222,1.0000
38369,5222,1.0000
38370,5222,1.0000
38371,5222,1.0000
38372,5222,1.0000
38373,5222,1.0000
38374,5222,1.0000
38375,5222,1.0000
38376,5222,1.0000
38377,5222,1.0000
38378,5222,1.0000
38379,5222,1.0000
38380,5222,1.0000
38381,5222,1.0000
38382,5222,1.0000
38383,5222,1.0000
38384,5222,1.0000
38385,5222,1.0000
38386,5222,1.0000
38387,5222,1.0000
38388,5222,1.0000
38389,5222,1.0000
38390,5222,1.0000
38391,5222,1.0000
38392,5222,1.0000
38393,5222,1.0000
38394,5222,1.0000
38395,5222,1.0000
38396,5222,1.0000
38397,5222,1.0000
38398,5222,1.0000
38399,5222,1.0000
38400,5222,1.0000
38401,5222,1.0000
38402,5222,1.0000
38403,5222,1.0000
38404,5222,1.0000
38405,5222,1.0000
38406,5222,1.0000
38407,5222,1.0000
38408,5222,1.0000
38409,5222,1.0000
38410,5222,1.0000
38411,5222,1.0000
38412,5222,1.0000
38413,5222,1.0000
38414,5222,1.0000
38415,5222,1.0000
38416,5222,1.0000
38417,5222,1.0000
38418,5222,1.0000
38419,5222,1.0000
38420,5222,1.0000
38421,5222,1.0000
38422,5222,1.0000
38423,5222,1.0000
38424,5222,1.0000
38425,5222,1.0000
38426,5222,1.0000
38427,5222,1.0000
38428,5222,1.0000
38429,5222,1.0000
38430,5222,1.0000
38431,5222,1.0000
38432,5222,1.0000
38433,5222,1.0000
38434,5222,1.0000
38435,5222,1.0000
38436,5222,1.0000
38437,5222,1.0000
38438,5222,1.0000
38439,5222,1.0000
38440,5222,1.0000
38441,5222,1.0000
38442,5222,1.0000
38443,5222,1.0000
38444,5222,1.0000
38445,5222,1.0000
38446,5222,1.0000
38447,5222,1.0000
38448,5222,1.0000
38449,5222,1.0000
38450,5222,1.0000
38451,5222,1.0000
38452,5222,1.0000
38453,5222,1.0000
38454,5222,1.0000
38455,5222,1.0000
38456,5222,1.0000
38457,5222,1.0000
38458,5222,1.0000
38459,5222,1.0000
38460,5222,1.0000
38461,5222,1.0000
38462,5222,1.0000
38463,5222,1.0000
38464,5222,1.0000
38465,5222,1.0000
38466,5222,1.0000
38467,5222,1.0000
38468,5222,1.0000
38469,5222,1.0000
38470,5222,1.0000
38471,5222,1.0000
38472,5222,1.0000
38473,5222,1.0000
38474,5222,1.0000
38475,5222,1.0000
38476,5222,1.0000
38477,5222,1.0000
38478,5222,1.0000
38479,5222,1.0000
38480,5222,1.0000
38481,5222,1.0000
38482,5222,1.0000
38483,5222,1.0000
38484,5222,1.0000
38485,5222,1.0000
38486,5222,1.0000
38487,5222,1.0000
38488,5222,1.0000
38489,5222,1.0000
38490,5222,1.0000
38491,5222,1.0000
38492,5222,1.0000
38493,5222,1.0000
38494,5222,1.0000
38495,5222,1.0000
38496,5222,1.0000
38497,5222,1.0000
38498,5222,1.0000
38499,5222,1.0000
38500,5222,1.0000
38501,5222,1.0000
38502,5222,1.0000
38503,5222,1.0000
38504,5222,1.0000
38505,5222,1.0000
38506,5222,1.0000
38507,5222,1.0000
38508,5222,1.0000
38509,5222,1.0000
38510,5222,1.0000
38511,5222,1.0000
38512,5222,1.0000
38513,5222,1.0000
38514,5222,1.0000
38515,5222,1.0000
38516,5222,1.0000
38517,5222,1.0000
38518,5222,1.0000
38519,5222,1.0000
38520,5222,1.0000
38521,5222,1.0000
38522,5222,1.0000
38523,5222,1.0000
38524,5222,1.0000
38525,5222,1.0000
38526,5222,1.0000
38527,5222,1.0000
38528,5222,1.0000
38529,5222,1.0000
38530,5222,1.0000
38531,5222,1.0000
38532,5222,1.0000
38533,5222,1.0000
38534,5222,1.0000
38535,5222,1.0000
38536,5222,1.0000
38537,5222,1.0000
38538,5222,1.0000
38539,5222,1.0000
38540,5222,1.0000
38541,5222,1.0000
38542,5222,1.0000
38543,5222,1.0000
38544,5222,1.0000
38545,5222,1.0000
38546,5222,1.0000
38547,5222,1.0000
38548,5222,1.0000
38549,5222,1.0000
38550,5222,1.0000
38551,5222,1.0000
38552,5222,1.0000
38553,5222,1.0000
38554,5222,1.0000
38555,5222,1.0000
38556,5222,1.0000
38557,5222,1.0000
38558,5222,1.0000
38559,5222,1.0000
38560,5222,1.0000
38561,5222,1.0000
38562,5222,1.0000
38563,5222,1.0000
38564,5222,1.0000
38565,5222,1.0000
38566,5222,1.0000
38567,5222,1.0000
38568,5222,1.0000
38569,5222,1.0000
38570,5222,1.0000
38571,5222,1.0000
38572,5222,1.0000
38573,5222,1.0000
38574,5222,1.0000
38575,5222,1.0000
38576,5222,1.0000
38577,5222,1.0000
38578,5222,1.0000
38579,5222,1.0000
38580,5222,1.0000
38581,5222,1.0000
38582,5222,1.0000
38583,5222,1.0000
38584,5222,1.0000
38585,5222,1.0000
38586,5222,1.0000
38587,5222,1.0000
38588,5222,1.0000
38589,5222,1.0000
38590,5222,1.0000
38591,5222,1.0000
38592,5222,1.0000
38593,5222,1.0000
38594,5222,1.0000
38595,5222,1.0000
38596,5222,1.0000
38597,5222,1.0000
38598,5222,1.0000
38599,5222,1.0000
38600,5222,1.0000
38601,5222,1.0000
38602,5222,1.0000
38603,5222,1.0000
38604,5222,1.0000
38605,5222,1.0000
38606,5222,1.0000
38607,5222,1.0000
38608,5222,1.0000
38609,5222,1.0000
38610,5222,1.0000
38611,5222,1.0000
38612,5222,1.0000
38613,5222,1.0000
38614,5222,1.0000
38615,5222,1.0000
38616,5222,1.0000
38617,5222,1.0000
38618,5222,1.0000
38619,5222,1.0000
38620,5222,1.0000
38621,5222,1.0000
38622,5222,1.0000
38623,5222,1.0000
38624,5222,1.0000
38625,5222,1.0000
38626,5222,1.0000
38627,5222,1.0000
38628,5222,1.0000
38629,5222,1.0000
38630,5222,1.0000
38631,5222,1.0000
38632,5222,1.0000
38633,5222,1.0000
38634,5222,1.0000
38635,5222,1.0000
38636,5222,1.0000
38637,5222,1.0000
38638,5222,1.0000
38639,5222,1.0000
38640,5222,1.0000
38641,5222,1.0000
38642,5222,1.0000
38643,5222,1.0000
38644,5222,1.0000
38645,5222,1.0000
38646,5222,1.0000
38647,5222,1.0000
38648,5222,1.0000
38649,5222,1.0000
38650,5222,1.0000
38651,5222,1.0000
38652,5222,1.0000
38653,5222,1.0000
38654,5222,1.0000
38655,5222,1.0000
38656,5222,1.0000
38657,5222,1.0000
38658,5222,1.0000
38659,5222,1.0000
38660,5222,1.0000
38661,5222,1.0000
38662,5222,1.0000
38663,5222,1.0000
38664,5222,1.0000
38665,5222,1.0000
38666,5222,1.0000
38667,5222,1.0000
38668,5222,1.0000
38669,5222,1.0000
38670,5222,1.0000
38671,5222,1.0000
38672,5222,1.0000
38673,5222,1.0000
38674,5222,1.0000
38675,5222,1.0000
38676,5222,1.0000
38677,5222,1.0000
38678,5222,1.0000
38679,5222,1.0000
38680,5222,1.0000
38681,5222,1.0000
38682,5222,1.0000
38683,5222,1.0000
38684,5222,1.0000
38685,5222,1.0000
38686,5222,1.0000
38687,5222,1.0000
38688,5222,1.0000
38689,5222,1.0000
38690,5222,1.0000
38691,5222,1.0000
38692,5222,1.0000
38693,5222,1.0000
38694,5222,1.0000
38695,5222,1.0000
38696,5222,1.0000
38697,5222,1.0000
38698,5222,1.0000
38699,5222,1.0000
38700,5222,1.0000
38701,5222,1.0000
38702,5222,1.0000
38703,5222,1.0000
38704,5222,1.0000
38705,5222,1.0000
38706,5222,1.0000
38707,5222,1.0000
38708,5222,1.0000
38709,5222,1.0000
38710,5222,1.0000
38711,5222,1.0000
38712,5222,1.0000
38713,5222,1.0000
38714,5222,1.0000
38715,5222,1.0000
38716,5222,1.0000
38717,5222,1.0000
38718,5222,1.0000
38719,5222,1.0000
38720,5222,1.0000
38721,5222,1.0000
38722,5222,1.0000
38723,5222,1.0000
38724,5222,1.0000
38725,5222,1.0000
38726,5222,1.0000
38727,5222,1.0000
38728,5222,1.0000
38729,5222,1.0000
38730,5222,1.0000
38731,5222,1.0000
38732,5222,1.0000
38733,5222,1.0000
38734,5222,1.0000
38735,5222,1.0000
38736,5222,1.0000
38737,5222,1.0000
38738,5222,1.0000
38739,5222,1.0000
38740,5222,1.0000
38741,5222,1.0000
38742,5222,1.0000
38743,5222,1.0000
38744,5222,1.0000
38745,5222,1.0000
38746,5222,1.0000
38747,5222,1.0000
38748,5222,1.0000
38749,5222,1.0000
38750,5222,1.0000
38751,5222,1.0000
38752,5222,1.0000
38753,5222,1.0000
38754,5222,1.0000
38755,5222,1.0000
38756,5222,1.0000
38757,5222,1.0000
38758,5222,1.0000
38759,5222,1.0000
38760,5222,1.0000
38761,5222,1.0000
38762,5222,1.0000
38763,5222,1.0000
38764,5222,1.0000
38765,5222,1.0000
38766,5222,1.0000
38767,5222,1.0000
38768,5222,1.0000
38769,5222,1.0000
38770,5222,1.0000
38771,5222,1.0000
38772,5222,1.0000
38773,5222,1.0000
38774,5222,1.0000
38775,5222,1.0000
38776,5222,1.0000
38777,5222,1.0000
38778,5222,1.0000
38779,5222,1.0000
38780,5222,1.0000
38781,5222,1.0000
38782,5222,1.0000
38783,5222,1.0000
38784,5222,1.0000
38785,5222,1.0000
38786,5222,1.0000
38787,5222,1.0000
38788,5222,1.0000
38789,5222,1.0000
38790,5222,1.0000
38791,5222,1.0000
38792,5222,1.0000
38793,5222,1.0000
38794,5222,1.0000
38795,5222,1.0000
38796,5222,1.0000
38797,5222,1.0000
38798,5222,1.0000
38799,5222,1.0000
38800,5222,1.0000
38801,5222,1.0000
38802,5222,1.0000
38803,5222,1.0000
38804,5222,1.0000
38805,5222,1.0000
38806,5222,1.0000
38807,5222,1.0000
38808,5222,1.0000
38809,5222,1.0000
38810,5222,1.0000
38811,5222,1.0000
38812,5222,1.0000
38813,5222,1.0000
38814,5222,1.0000
38815,5222,1.0000
38816,5222,1.0000
38817,5222,1.0000
38818,5222,1.0000
38819,5222,1.0000
38820,5222,1.0000
38821,5222,1.0000
38822,5222,1.0000
38823,5222,1.0000
38824,5222,1.0000
38825,5222,1.0000
38826,5222,1.0000
38827,5222,1.0000
38828,5222,1.0000
38829,5222,1.0000
38830,5222,1.0000
38831,5222,1.0000
38832,5222,1.0000
38833,5222,1.0000
38834,5222,1.0000
38835,5222,1.0000
38836,5222,1.0000
38837,5222,1.0000
38838,5222,1.0000
38839,5222,1.0000
38840,5222,1.0000
38841,5222,1.0000
38842,5222,1.0000
38843,5222,1.0000
38844,5222,1.0000
38845,5222,1.0000
38846,5222,1.0000
38847,5222,1.0000
38848,5222,1.0000
38849,5222,1.0000
38850,5222,1.0000
38851,5222,1.0000
38852,5222,1.0000
38853,5222,1.0000
38854,5222,1.0000
38855,5222,1.0000
38856,5222,1.0000
38857,5222,1.0000
38858,5222,1.0000
38859,5222,1.0000
38860,5222,1.0000
38861,5222,1.0000
38862,5222,1.0000
38863,5222,1.0000
38864,5222,1.0000
38865,5222,1.0000
38866,5222,1.0000
38867,5222,1.0000
38868,5222,1.0000
38869,5222,1.0000
38870,5222,1.0000
38871,5222,1.0000
38872,5222,1.0000
38873,5222,1.0000
38874,5222,1.0000
38875,5222,1.0000
38876,5222,1.0000
38877,5222,1.0000
38878,5222,1.0000
38879,5222,1.0000
38880,5222,1.0000
38881,5222,1.0000
38882,5222,1.0000
38883,5222,1.0000
38884,5222,1.0000
38885,5222,1.0000
38886,5222,1.0000
38887,5222,1.0000
38888,5222,1.0000
38889,5222,1.0000
38890,5222,1.0000
38891,5222,1.0000
38892,5222,1.0000
38893,5222,1.0000
38894,5222,1.0000
38895,5222,1.0000
38896,5222,1.0000
38897,5222,1.0000
38898,5222,1.0000
38899,5222,1.0000
38900,5222,1.0000
38901,5222,1.0000
38902,5222,1.0000
38903,5222,1.0000
38904,5222,1.0000
38905,5222,1.0000
38906,5222,1.0000
38907,5222,1.0000
38908,5222,1.0000
38909,5222,1.0000
38910,5222,1.0000
38911,5222,1.0000
38912,5222,1.0000
38913,5222,1.0000
38914,5222,1.0000
38915,5222,1.0000
38916,5222,1.0000
38917,5222,1.0000
38918,5222,1.0000
38919,5222,1.0000
38920,5222,1.0000
38921,5222,1.0000
38922,5222,1.0000
38923,5222,1.0000
38924,5222,1.0000
38925,5222,1.0000
38926,5222,1.0000
38927,5222,1.0000
38928,5222,1.0000
38929,5222,1.0000
38930,5222,1.0000
38931,5222,1.0000
38932,5222,1.0000
38933,5222,1.0000
38934,5222,1.0000
38935,5222,1.0000
38936,5222,1.0000
38937,5222,1.0000
38938,5222,1.0000
38939,5222,1.0000
38940,5222,1.0000
38941,5222,1.0000
38942,5222,1.0000
38943,5222,1.0000
38944,5222,1.0000
38945,5222,1.0000
38946,5222,1.0000
38947,5222,1.0000
38948,5222,1.0000
38949,5222,1.0000
38950,5222,1.0000
38951,5222,1.0000
38952,5222,1.0000
38953,5222,1.0000
38954,5222,1.0000
38955,5222,1.0000
38956,5222,1.0000
38957,5222,1.0000
38958,5222,1.0000
38959,5222,1.0000
38960,5222,1.0000
38961,5222,1.0000
38962,5222,1.0000
38963,5222,1.0000
38964,5222,1.0000
38965,5222,1.0000
38966,5222,1.0000
38967,5222,1.0000
38968,5222,1.0000
38969,5222,1.0000
38970,5222,1.0000
38971,5222,1.0000
38972,5222,1.0000
38973,5222,1.0000
38974,5222,1.0000
38975,5222,1.0000
38976,5222,1.0000
38977,5222,1.0000
38978,5222,1.0000
38979,5222,1.0000
38980,5222,1.0000
38981,5222,1.0000
38982,5222,1.0000
38983,5222,1.0000
38984,5222,1.0000
38985,5222,1.0000
38986,5222,1.0000
38987,5222,1.0000
38988,5222,1.0000
38989,5222,1.0000
38990,5222,1.0000
38991,5222,1.0000
38992,5222,1.0000
38993,5222,1.0000
38994,5222,1.0000
38995,5222,1.0000
38996,5222,1.0000
38997,5222,1.0000
38998,5222,1.0000
38999,5222,1.0000
39000,5222,1.0000
39001,5222,1.0000
39002,5222,1.0000
39003,5222,1.0000
39004,5222,1.0000
39005,5222,1.0000
39006,5222,1.0000
39007,5222,1.0000
39008,5222,1.0000
39009,5222,1.0000
39010,5222,1.0000
39011,5222,1.0000
39012,5222,1.0000
39013,5222,1.0000
39014,5222,1.0000
39015,5222,1.0000
39016,5222,1.0000
39017,5222,1.0000
39018,5222,1.0000
39019,5222,1.0000
39020,5222,1.0000
39021,5222,1.0000
39022,5222,1.0000
39023,5222,1.0000
39024,5222,1.0000
39025,5222,1.0000
39026,5222,1.0000
39027,5222,1.0000
39028,5222,1.0000
39029,5222,1.0000
39030,5222,1.0000
39031,5222,1.0000
39032,5222,1.0000
39033,5222,1.0000
39034,5222,1.0000
39035,5222,1.0000
39036,5222,1.0000
39037,5222,1.0000
39038,5222,1.0000
39039,5222,1.0000
39040,5222,1.0000
39041,5222,1.0000
39042,5222,1.0000
39043,5222,1.0000
39044,5222,1.0000
39045,5222,1.0000
39046,5222,1.0000
39047,5222,1.0000
39048,5222,1.0000
39049,5222,1.0000
39050,5222,1.0000
39051,5222,1.0000
39052,5222,1.0000
39053,5222,1.0000
39054,5222,1.0000
39055,5222,1.0000
39056,5222,1.0000
39057,5222,1.0000
39058,5222,1.0000
39059,5222,1.0000
39060,5222,1.0000
39061,5222,1.0000
39062,5222,1.0000
39063,5222,1.0000
39064,5222,1.0000
39065,5222,1.0000
39066,5222,1.0000
39067,5222,1.0000
39068,5222,1.0000
39069,5222,1.0000
39070,5222,1.0000
39071,5222,1.0000
39072,5222,1.0000
39073,5222,1.0000
39074,5222,1.0000
39075,5222,1.0000
39076,5222,1.0000
39077,5222,1.0000
39078,5222,1.0000
39079,5222,1.0000
39080,5222,1.0000
39081,5222,1.0000
39082,5222,1.0000
39083,5222,1.0000
39084,5222,1.0000
39085,5222,1.0000
39086,5222,1.0000
39087,5222,1.0000
39088,5222,1.0000
39089,5222,1.0000
39090,5222,1.0000
39091,5222,1.0000
39092,5222,1.0000
39093,5222,1.0000
39094,5222,1.0000
39095,5222,1.0000
39096,5222,1.0000
39097,5222,1.0000
39098,5222,1.0000
39099,5222,1.0000
39100,5222,1.0000
39101,5222,1.0000
39102,5222,1.0000
39103,5222,1.0000
39104,5222,1.0000
39105,5222,1.0000
39106,5222,1.0000
39107,5222,1.0000
39108,5222,1.0000
39109,5222,1.0000
39110,5222,1.0000
39111,5222,1.0000
39112,5222,1.0000
39113,5222,1.0000
39114,5222,1.0000
39115,5222,1.0000
39116,5222,1.0000
39117,5222,1.0000
39118,5222,1.0000
39119,5222,1.0000
39120,5222,1.0000
39121,5222,1.0000
39122,5222,1.0000
39123,5222,1.0000
39124,5222,1.0000
39125,5222,1.0000
39126,5222,1.0000
39127,5222,1.0000
39128,5222,1.0000
39129,5222,1.0000
39130,5222,1.0000
39131,5222,1.0000
39132,5222,1.0000
39133,5222,1.0000
39134,5222,1.0000
39135,5222,1.0000
39136,5222,1.0000
39137,5222,1.0000
39138,5222,1.0000
39139,5222,1.0000
39140,5222,1.0000
39141,5222,1.0000
39142,5222,1.0000
39143,5222,1.0000
39144,5222,1.0000
39145,5222,1.0000
39146,5222,1.0000
39147,5222,1.0000
39148,5222,1.0000
39149,5222,1.0000
39150,5222,1.0000
39151,5222,1.0000
39152,5222,1.0000
39153,5222,1.0000
39154,5222,1.0000
39155,5222,1.0000
39156,5222,1.0000
39157,5222,1.0000
39158,5222,1.0000
39159,5222,1.0000
39160,5222,1.0000
39161,5222,1.0000
39162,5222,1.0000
39163,5222,1.0000
39164,5222,1.0000
39165,5222,1.0000
39166,5222,1.0000
39167,5222,1.0000
39168,5222,1.0000
39169,5222,1.0000
39170,5222,1.0000
39171,5222,1.0000
39172,5222,1.0000
39173,5222,1.0000
39174,5222,1.0000
39175,5222,1.0000
39176,5222,1.0000
39177,5222,1.0000
39178,5222,1.0000
39179,5222,1.0000
39180,5222,1.0000
39181,5222,1.0000
39182,5222,1.0000
39183,5222,1.0000
39184,5222,1.0000
39185,5222,1.0000
39186,5222,1.0000
39187,5222,1.0000
39188,5222,1.0000
39189,5222,1.0000
39190,5222,1.0000
39191,5222,1.0000
39192,5222,1.0000
39193,5222,1.0000
39194,5222,1.0000
39195,5222,1.0000
39196,5222,1.0000
39197,5222,1.0000
39198,5222,1.0000
39199,5222,1.0000
39200,5222,1.0000
39201,5222,1.0000
39202,5222,1.0000
39203,5222,1.0000
39204,5222,1.0000
39205,5222,1.0000
39206,5222,1.0000
39207,5222,1.0000
39208,5222,1.0000
39209,5222,1.0000
39210,5222,1.0000
39211,5222,1.0000
39212,5222,1.0000
39213,5222,1.0000
39214,5222,1.0000
39215,5222,1.0000
39216,5222,1.0000
39217,5222,1.0000
39218,5222,1.0000
39219,5222,1.0000
39220,5222,1.0000
39221,5222,1.0000
39222,5222,1.0000
39223,5222,1.0000
39224,5222,1.0000
39225,5222,1.0000
39226,5222,1.0000
39227,5222,1.0000
39228,5222,1.0000
39229,5222,1.0000
39230,5222,1.0000
39231,5222,1.0000
39232,5222,1.0000
39233,5222,1.0000
39234,5222,1.0000
39235,5222,1.0000
39236,5222,1.0000
39237,5222,1.0000
39238,5222,1.0000
39239,5222,1.0000
39240,5222,1.0000
39241,5222,1.0000
39242,5222,1.0000
39243,5222,1.0000
39244,5222,1.0000
39245,5222,1.0000
39246,5222,1.0000
39247,5222,1.0000
39248,5222,1.0000
39249,5222,1.0000
39250,5222,1.0000
39251,5222,1.0000
39252,5222,1.0000
39253,5222,1.0000
39254,5222,1.0000
39255,5222,1.0000
39256,5222,1.0000
39257,5222,1.0000
39258,5222,1.0000
39259,5222,1.0000
39260,5222,1.0000
39261,5222,1.0000
39262,5222,1.0000
39263,5222,1.0000
39264,5222,1.0000
39265,5222,1.0000
39266,5222,1.0000
39267,5222,1.0000
39268,5222,1.0000
39269,5222,1.0000
39270,5222,1.0000
39271,5222,1.0000
39272,5222,1.0000
39273,5222,1.0000
39274,5222,1.0000
39275,5222,1.0000
39276,5222,1.0000
39277,5222,1.0000
39278,5222,1.0000
39279,5222,1.0000
39280,5222,1.0000
39281,5222,1.0000
39282,5222,1.0000
39283,5222,1.0000
39284,5222,1.0000
39285,5222,1.0000
39286,5222,1.0000
39287,5222,1.0000
39288,5222,1.0000
39289,5222,1.0000
39290,5222,1.0000
39291,5222,1.0000
39292,5222,1.0000
39293,5222,1.0000
39294,5222,1.0000
39295,5222,1.0000
39296,5222,1.0000
39297,5222,1.0000
39298,5222,1.0000
39299,5222,1.0000
39300,5222,1.0000
39301,5222,1.0000
39302,5222,1.0000
39303,5222,1.0000
39304,5222,1.0000
39305,5222,1.0000
39306,5222,1.0000
39307,5222,1.0000
39308,5222,1.0000
39309,5222,1.0000
39310,5222,1.0000
39311,5222,1.0000
39312,5222,1.0000
39313,5222,1.0000
39314,5222,1.0000
39315,5222,1.0000
39316,5222,1.0000
39317,5222,1.0000
39318,5222,1.0000
39319,5222,1.0000
39320,5222,1.0000
39321,5222,1.0000
39322,5222,1.0000
39323,5222,1.0000
39324,5222,1.0000
39325,5222,1.0000
39326,5222,1.0000
39327,5222,1.0000
39328,5222,1.0000
39329,5222,1.0000
39330,5222,1.0000
39331,5222,1.0000
39332,5222,1.0000
39333,5222,1.0000
39334,5222,1.0000
39335,5222,1.0000
39336,5222,1.0000
39337,5222,1.0000
39338,5222,1.0000
39339,5222,1.0000
39340,5222,1.0000
39341,5222,1.0000
39342,5222,1.0000
39343,5222,1.0000
39344,5222,1.0000
39345,5222,1.0000
39346,5222,1.0000
39347,5222,1.0000
39348,5222,1.0000
39349,5222,1.0000
39350,5222,1.0000
39351,5222,1.0000
39352,5222,1.0000
39353,5222,1.0000
39354,5222,1.0000
39355,5222,1.0000
39356,5222,1.0000
39357,5222,1.0000
39358,5222,1.0000
39359,5222,1.0000
39360,5222,1.0000
39361,5222,1.0000
39362,5222,1.0000
39363,5222,1.0000
39364,5222,1.0000
39365,5222,1.0000
39366,5222,1.0000
39367,5222,1.0000
39368,5222,1.0000
39369,5222,1.0000
39370,5222,1.0000
39371,5222,1.0000
39372,5222,1.0000
39373,5222,1.0000
39374,5222,1.0000
39375,5222,1.0000
39376,5222,1.0000
39377,5222,1.0000
39378,5222,1.0000
39379,5222,1.0000
39380,5222,1.0000
39381,5222,1.0000
39382,5222,1.0000
39383,5222,1.0000
39384,5222,1.0000
39385,5222,1.0000
39386,5222,1.0000
39387,5222,1.0000
39388,5222,1.0000
39389,5222,1.0000
39390,5222,1.0000
39391,5222,1.0000
39392,5222,1.0000
39393,5222,1.0000
39394,5222,1.0000
39395,5222,1.0000
39396,5222,1.0000
39397,5222,1.0000
39398,5222,1.0000
39399,5222,1.0000
39400,5222,1.0000
39401,5222,1.0000
39402,5222,1.0000
39403,5222,1.0000
39404,5222,1.0000
39405,5222,1.0000
39406,5222,1.0000
39407,5222,1.0000
39408,5222,1.0000
39409,5222,1.0000
39410,5222,1.0000
39411,5222,1.0000
39412,5222,1.0000
39413,5222,1.0000
39414,5222,1.0000
39415,5222,1.0000
39416,5222,1.0000
39417,5222,1.0000
39418,5222,1.0000
39419,5222,1.0000
39420,5222,1.0000
39421,5222,1.0000
39422,5222,1.0000
39423,5222,1.0000
39424,5222,1.0000
39425,5222,1.0000
39426,5222,1.0000
39427,5222,1.0000
39428,5222,1.0000
39429,5222,1.0000
39430,5222,1.0000
39431,5222,1.0000
39432,5222,1.0000
39433,5222,1.0000
39434,5222,1.0000
39435,5222,1.0000
39436,5222,1.0000
39437,5222,1.0000
39438,5222,1.0000
39439,5222,1.0000
39440,5222,1.0000
39441,5222,1.0000
39442,5222,1.0000
39443,5222,1.0000
39444,5222,1.0000
39445,5222,1.0000
39446,5222,1.0000
39447,5222,1.0000
39448,5222,1.0000
39449,5222,1.0000
39450,5222,1.0000
39451,5222,1.0000
39452,5222,1.0000
39453,5222,1.0000
39454,5222,1.0000
39455,5222,1.0000
39456,5222,1.0000
39457,5222,1.0000
39458,5222,1.0000
39459,5222,1.0000
39460,5222,1.0000
39461,5222,1.0000
39462,5222,1.0000
39463,5222,1.0000
39464,5222,1.0000
39465,5222,1.0000
39466,5222,1.0000
39467,5222,1.0000
39468,5222,1.0000
39469,5222,1.0000
39470,5222,1.0000
39471,5222,1.0000
39472,5222,1.0000
39473,5222,1.0000
39474,5222,1.0000
39475,5222,1.0000
39476,5222,1.0000
39477,5222,1.0000
39478,5222,1.0000
39479,5222,1.0000
39480,5222,1.0000
39481,5222,1.0000
39482,5222,1.0000
39483,5222,1.0000
39484,5222,1.0000
39485,5222,1.0000
39486,5222,1.0000
39487,5222,1.0000
39488,5222,1.0000
39489,5222,1.0000
39490,5222,1.0000
39491,5222,1.0000
39492,5222,1.0000
39493,5222,1.0000
39494,5222,1.0000
39495,5222,1.0000
39496,5222,1.0000
39497,5222,1.0000
39498,5222,1.0000
39499,5222,1.0000
39500,5222,1.0000
39501,5222,1.0000
39502,5222,1.0000
39503,5222,1.0000
39504,5222,1.0000
39505,5222,1.0000
39506,5222,1.0000
39507,5222,1.0000
39508,5222,1.0000
39509,5222,1.0000
39510,5222,1.0000
39511,5222,1.0000
39512,5222,1.0000
39513,5222,1.0000
39514,5222,1.0000
39515,5222,1.0000
39516,5222,1.0000
39517,5222,1.0000
39518,5222,1.0000
39519,5222,1.0000
39520,5222,1.0000
39521,5222,1.0000
39522,5222,1.0000
39523,5222,1.0000
39524,5222,1.0000
39525,5222,1.0000
39526,5222,1.0000
39527,5222,1.0000
39528,5222,1.0000
39529,5222,1.0000
39530,5222,1.0000
39531,5222,1.0000
39532,5222,1.0000
39533,5222,1.0000
39534,5222,1.0000
39535,5222,1.0000
39536,5222,1.0000
39537,5222,1.0000
39538,5222,1.0000
39539,5222,1.0000
39540,5222,1.0000
39541,5222,1.0000
39542,5222,1.0000
39543,5222,1.0000
39544,5222,1.0000
39545,5222,1.0000
39546,5222,1.0000
39547,5222,1.0000
39548,5222,1.0000
39549,5222,1.0000
39550,5222,1.0000
39551,5222,1.0000
39552,5222,1.0000
39553,5222,1.0000
39554,5222,1.0000
39555,5222,1.0000
39556,5222,1.0000
39557,5222,1.0000
39558,5222,1.0000
39559,5222,1.0000
39560,5222,1.0000
39561,5222,1.0000
39562,5222,1.0000
39563,5222,1.0000
39564,5222,1.0000
39565,5222,1.0000
39566,5222,1.0000
39567,5222,1.0000
39568,5222,1.0000
39569,5222,1.0000
39570,5222,1.0000
39571,5222,1.0000
39572,5222,1.0000
39573,5222,1.0000
39574,5222,1.0000
39575,5222,1.0000
39576,5222,1.0000
39577,5222,1.0000
39578,5222,1.0000
39579,5222,1.0000
39580,5222,1.0000
39581,5222,1.0000
39582,5222,1.0000
39583,5222,1.0000
39584,5222,1.0000
39585,5222,1.0000
39586,5222,1.0000
39587,5222,1.0000
39588,5222,1.0000
39589,5222,1.0000
39590,5222,1.0000
39591,5222,1.0000
39592,5222,1.0000
39593,5222,1.0000
39594,5222,1.0000
39595,5222,1.0000
39596,5222,1.0000
39597,5222,1.0000
39598,5222,1.0000
39599,5222,1.0000
39600,5222,1.0000
39601,5222,1.0000
39602,5222,1.0000
39603,5222,1.0000
39604,5222,1.0000
39605,5222,1.0000
39606,5222,1.0000
39607,5222,1.0000
39608,5222,1.0000
39609,5222,1.0000
39610,5222,1.0000
39611,5222,1.0000
39612,5222,1.0000
39613,5222,1.0000
39614,5222,1.0000
39615,5222,1.0000
39616,5222,1.0000
39617,5222,1.0000
39618,5222,1.0000
39619,5222,1.0000
39620,5222,1.0000
39621,5222,1.0000
39622,5222,1.0000
39623,5222,1.0000
39624,5222,1.0000
39625,5222,1.0000
39626,5222,1.0000
39627,5222,1.0000
39628,5222,1.0000
39629,5222,1.0000
39630,5222,1.0000
39631,5222,1.0000
39632,5222,1.0000
39633,5222,1.0000
39634,5222,1.0000
39635,5222,1.0000
39636,5222,1.0000
39637,5222,1.0000
39638,5222,1.0000
39639,5222,1.0000
39640,5222,1.0000
39641,5222,1.0000
39642,5222,1.0000
39643,5222,1.0000
39644,5222,1.0000
39645,5222,1.0000
39646,5222,1.0000
39647,5222,1.0000
39648,5222,1.0000
39649,5222,1.0000
39650,5222,1.0000
39651,5222,1.0000
39652,5222,1.0000
39653,5222,1.0000
39654,5222,1.0000
39655,5222,1.0000
39656,5222,1.0000
39657,5222,1.0000
39658,5222,1.0000
39659,5222,1.0000
39660,5222,1.0000
39661,5222,1.0000
39662,5222,1.0000
39663,5222,1.0000
39664,5222,1.0000
39665,5222,1.0000
39666,5222,1.0000
39667,5222,1.0000
39668,5222,1.0000
39669,5222,1.0000
39670,5222,1.0000
39671,5222,1.0000
39672,5222,1.0000
39673,5222,1.0000
39674,5222,1.0000
39675,5222,1.0000
39676,5222,1.0000
39677,5222,1.0000
39678,5222,1.0000
39679,5222,1.0000
39680,5222,1.0000
39681,5222,1.0000
39682,5222,1.0000
39683,5222,1.0000
39684,5222,1.0000
39685,5222,1.0000
39686,5222,1.0000
39687,5222,1.0000
39688,5222,1.0000
39689,5222,1.0000
39690,5222,1.0000
39691,5222,1.0000
39692,5222,1.0000
39693,5222,1.0000
39694,5222,1.0000
39695,5222,1.0000
39696,5222,1.0000
39697,5222,1.0000
39698,5222,1.0000
39699,5222,1.0000
39700,5222,1.0000
39701,5222,1.0000
39702,5222,1.0000
39703,5222,1.0000
39704,5222,1.0000
39705,5222,1.0000
39706,5222,1.0000
39707,5222,1.0000
39708,5222,1.0000
39709,5222,1.0000
39710,5222,1.0000
39711,5222,1.0000
39712,5222,1.0000
39713,5222,1.0000
39714,5222,1.0000
39715,5222,1.0000
39716,5222,1.0000
39717,5222,1.0000
39718,5222,1.0000
39719,5222,1.0000
39720,5222,1.0000
39721,5222,1.0000
39722,5222,1.0000
39723,5222,1.0000
39724,5222,1.0000
39725,5222,1.0000
39726,5222,1.0000
39727,5222,1.0000
39728,5222,1.0000
39729,5222,1.0000
39730,5222,1.0000
39731,5222,1.0000
39732,5222,1.0000
39733,5222,1.0000
39734,5222,1.0000
39735,5222,1.0000
39736,5222,1.0000
39737,5222,1.0000
39738,5222,1.0000
39739,5222,1.0000
39740,5222,1.0000
39741,5222,1.0000
39742,5222,1.0000
39743,5222,1.0000
39744,5222,1.0000
39745,5222,1.0000
39746,5222,1.0000
39747,5222,1.0000
39748,5222,1.0000
39749,5222,1.0000
39750,5222,1.0000
39751,5222,1.0000
39752,5222,1.0000
39753,5222,1.0000
39754,5222,1.0000
39755,5222,1.0000
39756,5222,1.0000
39757,5222,1.0000
39758,5222,1.0000
39759,5222,1.0000
39760,5222,1.0000
39761,5222,1.0000
39762,5222,1.0000
39763,5222,1.0000
39764,5222,1.0000
39765,5222,1.0000
39766,5222,1.0000
39767,5222,1.0000
39768,5222,1.0000
39769,5222,1.0000
39770,5222,1.0000
39771,5222,1.0000
39772,5222,1.0000
39773,5222,1.0000
39774,5222,1.0000
39775,5222,1.0000
39776,5222,1.0000
39777,5222,1.0000
39778,5222,1.0000
39779,5222,1.0000
39780,5222,1.0000
39781,5222,1.0000
39782,5222,1.0000
39783,5222,1.0000
39784,5222,1.0000
39785,5222,1.0000
39786,5222,1.0000
39787,5222,1.0000
39788,5222,1.0000
39789,5222,1.0000
39790,5222,1.0000
39791,5222,1.0000
39792,5222,1.0000
39793,5222,1.0000
39794,5222,1.0000
39795,5222,1.0000
39796,5222,1.0000
39797,5222,1.0000
39798,5222,1.0000
39799,5222,1.0000
39800,5222,1.0000
39801,5222,1.0000
39802,5222,1.0000
39803,5222,1.0000
39804,5222,1.0000
39805,5222,1.0000
39806,5222,1.0000
39807,5222,1.0000
39808,5222,1.0000
39809,5222,1.0000
39810,5222,1.0000
39811,5222,1.0000
39812,5222,1.0000
39813,5222,1.0000
39814,5222,1.0000
39815,5222,1.0000
39816,5222,1.0000
39817,5222,1.0000
39818,5222,1.0000
39819,5222,1.0000
39820,5222,1.0000
39821,5222,1.0000
39822,5222,1.0000
39823,5222,1.0000
39824,5222,1.0000
39825,5222,1.0000
39826,5222,1.0000
39827,5222,1.0000
39828,5222,1.0000
39829,5222,1.0000
39830,5222,1.0000
39831,5222,1.0000
39832,5222,1.0000
39833,5222,1.0000
39834,5222,1.0000
39835,5222,1.0000
39836,5222,1.0000
39837,5222,1.0000
39838,5222,1.0000
39839,5222,1.0000
39840,5222,1.0000
39841,5222,1.0000
39842,5222,1.0000
39843,5222,1.0000
39844,5222,1.0000
39845,5222,1.0000
39846,5222,1.0000
39847,5222,1.0000
39848,5222,1.0000
39849,5222,1.0000
39850,5222,1.0000
39851,5222,1.0000
39852,5222,1.0000
39853,5222,1.0000
39854,5222,1.0000
39855,5222,1.0000
39856,5222,1.0000
39857,5222,1.0000
39858,5222,1.0000
39859,5222,1.0000
39860,5222,1.0000
39861,5222,1.0000
39862,5222,1.0000
39863,5222,1.0000
39864,5222,1.0000
39865,5222,1.0000
39866,5222,1.0000
39867,5222,1.0000
39868,5222,1.0000
39869,5222,1.0000
39870,5222,1.0000
39871,5222,1.0000
39872,5222,1.0000
39873,5222,1.0000
39874,5222,1.0000
39875,5222,1.0000
39876,5222,1.0000
39877,5222,1.0000
39878,5222,1.0000
39879,5222,1.0000
39880,5222,1.0000
39881,5222,1.0000
39882,5222,1.0000
39883,5222,1.0000
39884,5222,1.0000
39885,5222,1.0000
39886,5222,1.0000
39887,5222,1.0000
39888,5222,1.0000
39889,5222,1.0000
39890,5222,1.0000
39891,5222,1.0000
39892,5222,1.0000
39893,5222,1.0000
39894,5222,1.0000
39895,5222,1.0000
39896,5222,1.0000
39897,5222,1.0000
39898,5222,1.0000
39899,5222,1.0000
39900,5222,1.0000
39901,5222,1.0000
39902,5222,1.0000
39903,5222,1.0000
39904,5222,1.0000
39905,5222,1.0000
39906,5222,1.0000
39907,5222,1.0000
39908,5222,1.0000
39909,5222,1.0000
39910,5222,1.0000
39911,5222,1.0000
39912,5222,1.0000
39913,5222,1.0000
39914,5222,1.0000
39915,5222,1.0000
39916,5222,1.0000
39917,5222,1.0000
39918,5222,1.0000
39919,5222,1.0000
39920,5222,1.0000
39921,5222,1.0000
39922,5222,1.0000
39923,5222,1.0000
39924,5222,1.0000
39925,5222,1.0000
39926,5222,1.0000
39927,5222,1.0000
39928,5222,1.0000
39929,5222,1.0000
39930,5222,1.0000
39931,5222,1.0000
39932,5222,1.0000
39933,5222,1.0000
39934,5222,1.0000
39935,5222,1.0000
39936,5222,1.0000
39937,5222,1.0000
39938,5222,1.0000
39939,5222,1.0000
39940,5222,1.0000
39941,5222,1.0000
39942,5222,1.0000
39943,5222,1.0000
39944,5222,1.0000
39945,5222,1.0000
39946,5222,1.0000
39947,5222,1.0000
39948,5222,1.0000
39949,5222,1.0000
39950,5222,1.0000
39951,5222,1.0000
39952,5222,1.0000
39953,5222,1.0000
39954,5222,1.0000
39955,5222,1.0000
39956,5222,1.0000
39957,5222,1.0000
39958,5222,1.0000
39959,5222,1.0000
39960,5222,1.0000
39961,5222,1.0000
39962,5222,1.0000
39963,5222,1.0000
39964,5222,1.0000
39965,5222,1.0000
39966,5222,1.0000
39967,5222,1.0000
39968,5222,1.0000
39969,5222,1.0000
39970,5222,1.0000
39971,5222,1.0000
39972,5222,1.0000
39973,5222,1.0000
39974,5222,1.0000
39975,5222,1.0000
39976,5222,1.0000
39977,5222,1.0000
39978,5222,1.0000
39979,5222,1.0000
39980,5222,1.0000
39981,5222,1.0000
39982,5222,1.0000
39983,5222,1.0000
39984,5222,1.0000
39985,5222,1.0000
39986,5222,1.0000
39987,5222,1.0000
39988,5222,1.0000
39989,5222,1.0000
39990,5222,1.0000
39991,5222,1.0000
39992,5222,1.0000
39993,5222,1.0000
39994,5222,1.0000
39995,5222,1.0000
39996,5222,1.0000
39997,5222,1.0000
39998,5222,1.0000
39999,5222,1.0000
40000,5222,1.0000
40001,5222,1.0000
40002,5222,1.0000
40003,5222,1.0000
40004,5222,1.0000
40005,5222,1.0000
40006,5222,1.0000
40007,5222,1.0000
40008,5222,1.0000
40009,5222,1.0000
40010,5222,1.0000
40011,5222,1.0000
40012,5222,1.0000
40013,5222,1.0000
40014,5222,1.0000
40015,5222,1.0000
40016,5222,1.0000
40017,5222,1.0000
40018,5222,1.0000
40019,5222,1.0000
40020,5222,1.0000
40021,5222,1.0000
40022,5222,1.0000
40023,5222,1.0000
40024,5222,1.0000
40025,5222,1.0000
40026,5222,1.0000
40027,5222,1.0000
40028,5222,1.0000
40029,5222,1.0000
40030,5222,1.0000
40031,5222,1.0000
40032,5222,1.0000
40033,5222,1.0000
40034,5222,1.0000
40035,5222,1.0000
40036,5222,1.0000
40037,5222,1.0000
40038,5222,1.0000
40039,5222,1.0000
40040,5222,1.0000
40041,5222,1.0000
40042,5222,1.0000
40043,5222,1.0000
40044,5222,1.0000
40045,5222,1.0000
40046,5222,1.0000
40047,5222,1.0000
40048,5222,1.0000
40049,5222,1.0000
40050,5222,1.0000
40051,5222,1.0000
40052,5222,1.0000
40053,5222,1.0000
40054,5222,1.0000
40055,5222,1.0000
40056,5222,1.0000
40057,5222,1.0000
40058,5222,1.0000
40059,5222,1.0000
40060,5222,1.0000
40061,5222,1.0000
40062,5222,1.0000
40063,5222,1.0000
40064,5222,1.0000
40065,5222,1.0000
40066,5222,1.0000
40067,5222,1.0000
40068,5222,1.0000
40069,5222,1.0000
40070,5222,1.0000
40071,5222,1.0000
40072,5222,1.0000
40073,5222,1.0000
40074,5222,1.0000
40075,5222,1.0000
40076,5222,1.0000
40077,5222,1.0000
40078,5222,1.0000
40079,5222,1.0000
40080,5222,1.0000
40081,5222,1.0000
40082,5222,1.0000
40083,5222,1.0000
40084,5222,1.0000
40085,5222,1.0000
40086,5222,1.0000
40087,5222,1.0000
40088,5222,1.0000
40089,5222,1.0000
40090,5222,1.0000
40091,5222,1.0000
40092,5222,1.0000
40093,5222,1.0000
40094,5222,1.0000
40095,5222,1.0000
40096,5222,1.0000
40097,5222,1.0000
40098,5222,1.0000
40099,5222,1.0000
40100,5222,1.0000
40101,5222,1.0000
40102,5222,1.0000
40103,5222,1.0000
40104,5222,1.0000
40105,5222,1.0000
40106,5222,1.0000
40107,5222,1.0000
40108,5222,1.0000
40109,5222,1.0000
40110,5222,1.0000
40111,5222,1.0000
40112,5222,1.0000
40113,5222,1.0000
40114,5222,1.0000
40115,5222,1.0000
40116,5222,1.0000
40117,5222,1.0000
40118,5222,1.0000
40119,5222,1.0000
40120,5222,1.0000
40121,5222,1.0000
40122,5222,1.0000
40123,5222,1.0000
40124,5222,1.0000
40125,5222,1.0000
40126,5222,1.0000
40127,5222,1.0000
40128,5222,1.0000
40129,5222,1.0000
40130,5222,1.0000
40131,5222,1.0000
40132,5222,1.0000
40133,5222,1.0000
40134,5222,1.0000
40135,5222,1.0000
40136,5222,1.0000
40137,5222,1.0000
40138,5222,1.0000
40139,5222,1.0000
40140,5222,1.0000
40141,5222,1.0000
40142,5222,1.0000
40143,5222,1.0000
40144,5222,1.0000
40145,5222,1.0000
40146,5222,1.0000
40147,5222,1.0000
40148,5222,1.0000
40149,5222,1.0000
40150,5222,1.0000
40151,5222,1.0000
40152,5222,1.0000
40153,5222,1.0000
40154,5222,1.0000
40155,5222,1.0000
40156,5222,1.0000
40157,5222,1.0000
40158,5222,1.0000
40159,5222,1.0000
40160,5222,1.0000
40161,5222,1.0000
40162,5222,1.0000
40163,5222,1.0000
40164,5222,1.0000
40165,5222,1.0000
40166,5222,1.0000
40167,5222,1.0000
40168,5222,1.0000
40169,5222,1.0000
40170,5222,1.0000
40171,5222,1.0000
40172,5222,1.0000
40173,5222,1.0000
40174,5222,1.0000
40175,5222,1.0000
40176,5222,1.0000
40177,5222,1.0000
40178,5222,1.0000
40179,5222,1.0000
40180,5222,1.0000
40181,5222,1.0000
40182,5222,1.0000
40183,5222,1.0000
40184,5222,1.0000
40185,5222,1.0000
40186,5222,1.0000
40187,5222,1.0000
40188,5222,1.0000
40189,5222,1.0000
40190,5222,1.0000
40191,5222,1.0000
40192,5222,1.0000
40193,5222,1.0000
40194,5222,1.0000
40195,5222,1.0000
40196,5222,1.0000
40197,5222,1.0000
40198,5222,1.0000
40199,5222,1.0000
40200,5222,1.0000
40201,5222,1.0000
40202,5222,1.0000
40203,5222,1.0000
40204,5222,1.0000
40205,5222,1.0000
40206,5222,1.0000
40207,5222,1.0000
40208,5222,1.0000
40209,5222,1.0000
40210,5222,1.0000
40211,5222,1.0000
40212,5222,1.0000
40213,5222,1.0000
40214,5222,1.0000
40215,5222,1.0000
40216,5222,1.0000
40217,5222,1.0000
40218,5222,1.0000
40219,5222,1.0000
40220,5222,1.0000
40221,5222,1.0000
40222,5222,1.0000
40223,5222,1.0000
40224,5222,1.0000
40225,5222,1.0000
40226,5222,1.0000
40227,5222,1.0000
40228,5222,1.0000
40229,5222,1.0000
40230,5222,1.0000
40231,5222,1.0000
40232,5222,1.0000
40233,5222,1.0000
40234,5222,1.0000
40235,5222,1.0000
40236,5222,1.0000
40237,5222,1.0000
40238,5222,1.0000
40239,5222,1.0000
40240,5222,1.0000
40241,5222,1.0000
40242,5222,1.0000
40243,5222,1.0000
40244,5222,1.0000
40245,5222,1.0000
40246,5222,1.0000
40247,5222,1.0000
40248,5222,1.0000
40249,5222,1.0000
40250,5222,1.0000
40251,5222,1.0000
40252,5222,1.0000
40253,5222,1.0000
40254,5222,1.0000
40255,5222,1.0000
40256,5222,1.0000
40257,5222,1.0000
40258,5222,1.0000
40259,5222,1.0000
40260,5222,1.0000
40261,5222,1.0000
40262,5222,1.0000
40263,5222,1.0000
40264,5222,1.0000
40265,5222,1.0000
40266,5222,1.0000
40267,5222,1.0000
40268,5222,1.0000
40269,5222,1.0000
40270,5222,1.0000
40271,5222,1.0000
40272,5222,1.0000
40273,5222,1.0000
40274,5222,1.0000
40275,5222,1.0000
40276,5222,1.0000
40277,5222,1.0000
40278,5222,1.0000
40279,5222,1.0000
40280,5222,1.0000
40281,5222,1.0000
40282,5222,1.0000
40283,5222,1.0000
40284,5222,1.0000
40285,5222,1.0000
40286,5222,1.0000
40287,5222,1.0000
40288,5222,1.0000
40289,5222,1.0000
40290,5222,1.0000
40291,5222,1.0000
40292,5222,1.0000
40293,5222,1.0000
40294,5222,1.0000
40295,5222,1.0000
40296,5222,1.0000
40297,5222,1.0000
40298,5222,1.0000
40299,5222,1.0000
40300,5222,1.0000
40301,5222,1.0000
40302,5222,1.0000
40303,5222,1.0000
40304,5222,1.0000
40305,5222,1.0000
40306,5222,1.0000
40307,5222,1.0000
40308,5222,1.0000
40309,5222,1.0000
40310,5222,1.0000
40311,5222,1.0000
40312,5222,1.0000
40313,5222,1.0000
40314,5222,1.0000
40315,5222,1.0000
40316,5222,1.0000
40317,5222,1.0000
40318,5222,1.0000
40319,5222,1.0000
40320,5222,1.0000
40321,5222,1.0000
40322,5222,1.0000
40323,5222,1.0000
40324,5222,1.0000
40325,5222,1.0000
40326,5222,1.0000
40327,5222,1.0000
40328,5222,1.0000
40329,5222,1.0000
40330,5222,1.0000
40331,5222,1.0000
40332,5222,1.0000
40333,5222,1.0000
40334,5222,1.0000
40335,5222,1.0000
40336,5222,1.0000
40337,5222,1.0000
40338,5222,1.0000
40339,5222,1.0000
40340,5222,1.0000
40341,5222,1.0000
40342,5222,1.0000
40343,5222,1.0000
40344,5222,1.0000
40345,5222,1.0000
40346,5222,1.0000
40347,5222,1.0000
40348,5222,1.0000
40349,5222,1.0000
40350,5222,1.0000
40351,5222,1.0000
40352,5222,1.0000
40353,5222,1.0000
40354,5222,1.0000
40355,5222,1.0000
40356,5222,1.0000
40357,5222,1.0000
40358,5222,1.0000
40359,5222,1.0000
40360,5222,1.0000
40361,5222,1.0000
40362,5222,1.0000
40363,5222,1.0000
40364,5222,1.0000
40365,5222,1.0000
40366,5222,1.0000
40367,5222,1.0000
40368,5222,1.0000
40369,5222,1.0000
40370,5222,1.0000
40371,5222,1.0000
40372,5222,1.0000
40373,5222,1.0000
40374,5222,1.0000
40375,5222,1.0000
40376,5222,1.0000
40377,5222,1.0000
40378,5222,1.0000
40379,5222,1.0000
40380,5222,1.0000
40381,5222,1.0000
40382,5222,1.0000
40383,5222,1.0000
40384,5222,1.0000
40385,5222,1.0000
40386,5222,1.0000
40387,5222,1.0000
40388,5222,1.0000
40389,5222,1.0000
40390,5222,1.0000
40391,5222,1.0000
40392,5222,1.0000
40393,5222,1.0000
40394,5222,1.0000
40395,5222,1.0000
40396,5222,1.0000
40397,5222,1.0000
40398,5222,1.0000
40399,5222,1.0000
40400,5222,1.0000
40401,5222,1.0000
40402,5222,1.0000
40403,5222,1.0000
40404,5222,1.0000
40405,5222,1.0000
40406,5222,1.0000
40407,5222,1.0000
40408,5222,1.0000
40409,5222,1.0000
40410,5222,1.0000
40411,5222,1.0000
40412,5222,1.0000
40413,5222,1.0000
40414,5222,1.0000
40415,5222,1.0000
40416,5222,1.0000
40417,5222,1.0000
40418,5222,1.0000
40419,5222,1.0000
40420,5222,1.0000
40421,5222,1.0000
40422,5222,1.0000
40423,5222,1.0000
40424,5222,1.0000
40425,5222,1.0000
40426,5222,1.0000
40427,5222,1.0000
40428,5222,1.0000
40429,5222,1.0000
40430,5222,1.0000
40431,5222,1.0000
40432,5222,1.0000
40433,5222,1.0000
40434,5222,1.0000
40435,5222,1.0000
40436,5222,1.0000
40437,5222,1.0000
40438,5222,1.0000
40439,5222,1.0000
40440,5222,1.0000
40441,5222,1.0000
40442,5222,1.0000
40443,5222,1.0000
40444,5222,1.0000
40445,5222,1.0000
40446,5222,1.0000
40447,5222,1.0000
40448,5222,1.0000
40449,5222,1.0000
40450,5222,1.0000
40451,5222,1.0000
40452,5222,1.0000
40453,5222,1.0000
40454,5222,1.0000
40455,5222,1.0000
40456,5222,1.0000
40457,5222,1.0000
40458,5222,1.0000
40459,5222,1.0000
40460,5222,1.0000
40461,5222,1.0000
40462,5222,1.0000
40463,5222,1.0000
40464,5222,1.0000
40465,5222,1.0000
40466,5222,1.0000
40467,5222,1.0000
40468,5222,1.0000
40469,5222,1.0000
40470,5222,1.0000
40471,5222,1.0000
40472,5222,1.0000
40473,5222,1.0000
40474,5222,1.0000
40475,5222,1.0000
40476,5222,1.0000
40477,5222,1.0000
40478,5222,1.0000
40479,5222,1.0000
40480,5222,1.0000
40481,5222,1.0000
40482,5222,1.0000
40483,5222,1.0000
40484,5222,1.0000
40485,5222,1.0000
40486,5222,1.0000
40487,5222,1.0000
40488,5222,1.0000
40489,5222,1.0000
40490,5222,1.0000
40491,5222,1.0000
40492,5222,1.0000
40493,5222,1.0000
40494,5222,1.0000
40495,5222,1.0000
40496,5222,1.0000
40497,5222,1.0000
40498,5222,1.0000
40499,5222,1.0000
40500,5222,1.0000
40501,5222,1.0000
40502,5222,1.0000
40503,5222,1.0000
40504,5222,1.0000
40505,5222,1.0000
40506,5222,1.0000
40507,5222,1.0000
40508,5222,1.0000
40509,5222,1.0000
40510,5222,1.0000
40511,5222,1.0000
40512,5222,1.0000
40513,5222,1.0000
40514,5222,1.0000
40515,5222,1.0000
40516,5222,1.0000
40517,5222,1.0000
40518,5222,1.0000
40519,5222,1.0000
40520,5222,1.0000
40521,5222,1.0000
40522,5222,1.0000
40523,5222,1.0000
40524,5222,1.0000
40525,5222,1.0000
40526,5222,1.0000
40527,5222,1.0000
40528,5222,1.0000
40529,5222,1.0000
40530,5222,1.0000
40531,5222,1.0000
40532,5222,1.0000
40533,5222,1.0000
40534,5222,1.0000
40535,5222,1.0000
40536,5222,1.0000
40537,5222,1.0000
40538,5222,1.0000
40539,5222,1.0000
40540,5222,1.0000
40541,5222,1.0000
40542,5222,1.0000
40543,5222,1.0000
40544,5222,1.0000
40545,5222,1.0000
40546,5222,1.0000
40547,5222,1.0000
40548,5222,1.0000
40549,5222,1.0000
40550,5222,1.0000
40551,5222,1.0000
40552,5222,1.0000
40553,5222,1.0000
40554,5222,1.0000
40555,5222,1.0000
40556,5222,1.0000
40557,5222,1.0000
40558,5222,1.0000
40559,5222,1.0000
40560,5222,1.0000
40561,5222,1.0000
40562,5222,1.0000
40563,5222,1.0000
40564,5222,1.0000
40565,5222,1.0000
40566,5222,1.0000
40567,5222,1.0000
40568,5222,1.0000
40569,5222,1.0000
40570,5222,1.0000
40571,5222,1.0000
40572,5222,1.0000
40573,5222,1.0000
40574,5222,1.0000
40575,5222,1.0000
40576,5222,1.0000
40577,5222,1.0000
40578,5222,1.0000
40579,5222,1.0000
40580,5222,1.0000
40581,5222,1.0000
40582,5222,1.0000
40583,5222,1.0000
40584,5222,1.0000
40585,5222,1.0000
40586,5222,1.0000
40587,5222,1.0000
40588,5222,1.0000
40589,5222,1.0000
40590,5222,1.0000
40591,5222,1.0000
40592,5222,1.0000
40593,5222,1.0000
40594,5222,1.0000
40595,5222,1.0000
40596,5222,1.0000
40597,5222,1.0000
40598,5222,1.0000
40599,5222,1.0000
40600,5222,1.0000
40601,5222,1.0000
40602,5222,1.0000
40603,5222,1.0000
40604,5222,1.0000
40605,5222,1.0000
40606,5222,1.0000
40607,5222,1.0000
40608,5222,1.0000
40609,5222,1.0000
40610,5222,1.0000
40611,5222,1.0000
40612,5222,1.0000
40613,5222,1.0000
40614,5222,1.0000
40615,5222,1.0000
40616,5222,1.0000
40617,5222,1.0000
40618,5222,1.0000
40619,5222,1.0000
40620,5222,1.0000
40621,5222,1.0000
40622,5222,1.0000
40623,5222,1.0000
40624,5222,1.0000
40625,5222,1.0000
40626,5222,1.0000
40627,5222,1.0000
40628,5222,1.0000
40629,5222,1.0000
40630,5222,1.0000
40631,5222,1.0000
40632,5222,1.0000
40633,5222,1.0000
40634,5222,1.0000
40635,5222,1.0000
40636,5222,1.0000
40637,5222,1.0000
40638,5222,1.0000
40639,5222,1.0000
40640,5222,1.0000
40641,5222,1.0000
40642,5222,1.0000
40643,5222,1.0000
40644,5222,1.0000
40645,5222,1.0000
40646,5222,1.0000
40647,5222,1.0000
40648,5222,1.0000
40649,5222,1.0000
40650,5222,1.0000
40651,5222,1.0000
40652,5222,1.0000
40653,5222,1.0000
40654,5222,1.0000
40655,5222,1.0000
40656,5222,1.0000
40657,5222,1.0000
40658,5222,1.0000
40659,5222,1.0000
40660,5222,1.0000
40661,5222,1.0000
40662,5222,1.0000
40663,5222,1.0000
40664,5222,1.0000
40665,5222,1.0000
40666,5222,1.0000
40667,5222,1.0000
40668,5222,1.0000
40669,5222,1.0000
40670,5222,1.0000
40671,5222,1.0000
40672,5222,1.0000
40673,5222,1.0000
40674,5222,1.0000
40675,5222,1.0000
40676,5222,1.0000
40677,5222,1.0000
40678,5222,1.0000
40679,5222,1.0000
40680,5222,1.0000
40681,5222,1.0000
40682,5222,1.0000
40683,5222,1.0000
40684,5222,1.0000
40685,5222,1.0000
40686,5222,1.0000
40687,5222,1.0000
40688,5222,1.0000
40689,5222,1.0000
40690,5222,1.0000
40691,5222,1.0000
40692,5222,1.0000
40693,5222,1.0000
40694,5222,1.0000
40695,5222,1.0000
40696,5222,1.0000
40697,5222,1.0000
40698,5222,1.0000
40699,5222,1.0000
40700,5222,1.0000
40701,5222,1.0000
40702,5222,1.0000
40703,5222,1.0000
40704,5222,1.0000
40705,5222,1.0000
40706,5222,1.0000
40707,5222,1.0000
40708,5222,1.0000
40709,5222,1.0000
40710,5222,1.0000
40711,5222,1.0000
40712,5222,1.0000
40713,5222,1.0000
40714,5222,1.0000
40715,5222,1.0000
40716,5222,1.0000
40717,5222,1.0000
40718,5222,1.0000
40719,5222,1.0000
40720,5222,1.0000
40721,5222,1.0000
40722,5222,1.0000
40723,5222,1.0000
40724,5222,1.0000
40725,5222,1.0000
40726,5222,1.0000
40727,5222,1.0000
40728,5222,1.0000
40729,5222,1.0000
40730,5222,1.0000
40731,5222,1.0000
40732,5222,1.0000
40733,5222,1.0000
40734,5222,1.0000
40735,5222,1.0000
40736,5222,1.0000
40737,5222,1.0000
40738,5222,1.0000
40739,5222,1.0000
40740,5222,1.0000
40741,5222,1.0000
40742,5222,1.0000
40743,5222,1.0000
40744,5222,1.0000
40745,5222,1.0000
40746,5222,1.0000
40747,5222,1.0000
40748,5222,1.0000
40749,5222,1.0000
40750,5222,1.0000
40751,5222,1.0000
40752,5222,1.0000
40753,5222,1.0000
40754,5222,1.0000
40755,5222,1.0000
40756,5222,1.0000
40757,5222,1.0000
40758,5222,1.0000
40759,5222,1.0000
40760,5222,1.0000
40761,5222,1.0000
40762,5222,1.0000
40763,5222,1.0000
40764,5222,1.0000
40765,5222,1.0000
40766,5222,1.0000
40767,5222,1.0000
40768,5222,1.0000
40769,5222,1.0000
40770,5222,1.0000
40771,5222,1.0000
40772,5222,1.0000
40773,5222,1.0000
40774,5222,1.0000
40775,5222,1.0000
40776,5222,1.0000
40777,5222,1.0000
40778,5222,1.0000
40779,5222,1.0000
40780,5222,1.0000
40781,5222,1.0000
40782,5222,1.0000
40783,5222,1.0000
40784,5222,1.0000
40785,5222,1.0000
40786,5222,1.0000
40787,5222,1.0000
40788,5222,1.0000
40789,5222,1.0000
40790,5222,1.0000
40791,5222,1.0000
40792,5222,1.0000
40793,5222,1.0000
40794,5222,1.0000
40795,5222,1.0000
40796,5222,1.0000
40797,5222,1.0000
40798,5222,1.0000
40799,5222,1.0000
40800,5222,1.0000
40801,5222,1.0000
40802,5222,1.0000
40803,5222,1.0000
40804,5222,1.0000
40805,5222,1.0000
40806,5222,1.0000
40807,5222,1.0000
40808,5222,1.0000
40809,5222,1.0000
40810,5222,1.0000
40811,5222,1.0000
40812,5222,1.0000
40813,5222,1.0000
40814,5222,1.0000
40815,5222,1.0000
40816,5222,1.0000
40817,5222,1.0000
40818,5222,1.0000
40819,5222,1.0000
40820,5222,1.0000
40821,5222,1.0000
40822,5222,1.0000
40823,5222,1.0000
40824,5222,1.0000
40825,5222,1.0000
40826,5222,1.0000
40827,5222,1.0000
40828,5222,1.0000
40829,5222,1.0000
40830,5222,1.0000
40831,5222,1.0000
40832,5222,1.0000
40833,5222,1.0000
40834,5222,1.0000
40835,5222,1.0000
40836,5222,1.0000
40837,5222,1.0000
40838,5222,1.0000
40839,5222,1.0000
40840,5222,1.0000
40841,5222,1.0000
40842,5222,1.0000
40843,5222,1.0000
40844,5222,1.0000
40845,5222,1.0000
40846,5222,1.0000
40847,5222,1.0000
40848,5222,1.0000
40849,5222,1.0000
40850,5222,1.0000
40851,5222,1.0000
40852,5222,1.0000
40853,5222,1.0000
40854,5222,1.0000
40855,5222,1.0000
40856,5222,1.0000
40857,5222,1.0000
40858,5222,1.0000
40859,5222,1.0000
40860,5222,1.0000
40861,5222,1.0000
40862,5222,1.0000
40863,5222,1.0000
40864,5222,1.0000
40865,5222,1.0000
40866,5222,1.0000
40867,5222,1.0000
40868,5222,1.0000
40869,5222,1.0000
40870,5222,1.0000
40871,5222,1.0000
40872,5222,1.0000
40873,5222,1.0000
40874,5222,1.0000
40875,5222,1.0000
40876,5222,1.0000
40877,5222,1.0000
40878,5222,1.0000
40879,5222,1.0000
40880,5222,1.0000
40881,5222,1.0000
40882,5222,1.0000
40883,5222,1.0000
40884,5222,1.0000
40885,5222,1.0000
40886,5222,1.0000
40887,5222,1.0000
40888,5222,1.0000
40889,5222,1.0000
40890,5222,1.0000
40891,5222,1.0000
40892,5222,1.0000
40893,5222,1.0000
40894,5222,1.0000
40895,5222,1.0000
40896,5222,1.0000
40897,5222,1.0000
40898,5222,1.0000
40899,5222,1.0000
40900,5222,1.0000
40901,5222,1.0000
40902,5222,1.0000
40903,5222,1.0000
40904,5222,1.0000
40905,5222,1.0000
40906,5222,1.0000
40907,5222,1.0000
40908,5222,1.0000
40909,5222,1.0000
40910,5222,1.0000
40911,5222,1.0000
40912,5222,1.0000
40913,5222,1.0000
40914,5222,1.0000
40915,5222,1.0000
40916,5222,1.0000
40917,5222,1.0000
40918,5222,1.0000
40919,5222,1.0000
40920,5222,1.0000
40921,5222,1.0000
40922,5222,1.0000
40923,5222,1.0000
40924,5222,1.0000
40925,5222,1.0000
40926,5222,1.0000
40927,5222,1.0000
40928,5222,1.0000
40929,5222,1.0000
40930,5222,1.0000
40931,5222,1.0000
40932,5222,1.0000
40933,5222,1.0000
40934,5222,1.0000
40935,5222,1.0000
40936,5222,1.0000
40937,5222,1.0000
40938,5222,1.0000
40939,5222,1.0000
40940,5222,1.0000
40941,5222,1.0000
40942,5222,1.0000
40943,5222,1.0000
40944,5222,1.0000
40945,5222,1.0000
40946,5222,1.0000
40947,5222,1.0000
40948,5222,1.0000
40949,5222,1.0000
40950,5222,1.0000
40951,5222,1.0000
40952,5222,1.0000
40953,5222,1.0000
40954,5222,1.0000
40955,5222,1.0000
40956,5222,1.0000
40957,5222,1.0000
40958,5222,1.0000
40959,5222,1.0000
40960,5222,1.0000
40961,5222,1.0000
40962,5222,1.0000
40963,5222,1.0000
40964,5222,1.0000
40965,5222,1.0000
40966,5222,1.0000
40967,5222,1.0000
40968,5222,1.0000
40969,5222,1.0000
40970,5222,1.0000
40971,5222,1.0000
40972,5222,1.0000
40973,5222,1.0000
40974,5222,1.0000
40975,5222,1.0000
40976,5222,1.0000
40977,5222,1.0000
40978,5222,1.0000
40979,5222,1.0000
40980,5222,1.0000
40981,5222,1.0000
40982,5222,1.0000
40983,5222,1.0000
40984,5222,1.0000
40985,5222,1.0000
40986,5222,1.0000
40987,5222,1.0000
40988,5222,1.0000
40989,5222,1.0000
40990,5222,1.0000
40991,5222,1.0000
40992,5222,1.0000
40993,5222,1.0000
40994,5222,1.0000
40995,5222,1.0000
40996,5222,1.0000
40997,5222,1.0000
40998,5222,1.0000
40999,5222,1.0000
41000,5222,1.0000
41001,5222,1.0000
41002,5222,1.0000
41003,5222,1.0000
41004,5222,1.0000
41005,5222,1.0000
41006,5222,1.0000
41007,5222,1.0000
41008,5222,1.0000
41009,5222,1.0000
41010,5222,1.0000
41011,5222,1.0000
41012,5222,1.0000
41013,5222,1.0000
41014,5222,1.0000
41015,5222,1.0000
41016,5222,1.0000
41017,5222,1.0000
41018,5222,1.0000
41019,5222,1.0000
41020,5222,1.0000
41021,5222,1.0000
41022,5222,1.0000
41023,5222,1.0000
41024,5222,1.0000
41025,5222,1.0000
41026,5222,1.0000
41027,5222,1.0000
41028,5222,1.0000
41029,5222,1.0000
41030,5222,1.0000
41031,5222,1.0000
41032,5222,1.0000
41033,5222,1.0000
41034,5222,1.0000
41035,5222,1.0000
41036,5222,1.0000
41037,5222,1.0000
41038,5222,1.0000
41039,5222,1.0000
41040,5222,1.0000
41041,5222,1.0000
41042,5222,1.0000
41043,5222,1.0000
41044,5222,1.0000
41045,5222,1.0000
41046,5222,1.0000
41047,5222,1.0000
41048,5222,1.0000
41049,5222,1.0000
41050,5222,1.0000
41051,5222,1.0000
41052,5222,1.0000
41053,5222,1.0000
41054,5222,1.0000
41055,5222,1.0000
41056,5222,1.0000
41057,5222,1.0000
41058,5222,1.0000
41059,5222,1.0000
41060,5222,1.0000
41061,5222,1.0000
41062,5222,1.0000
41063,5222,1.0000
41064,5222,1.0000
41065,5222,1.0000
41066,5222,1.0000
41067,5222,1.0000
41068,5222,1.0000
41069,5222,1.0000
41070,5222,1.0000
41071,5222,1.0000
41072,5222,1.0000
41073,5222,1.0000
41074,5222,1.0000
41075,5222,1.0000
41076,5222,1.0000
41077,5222,1.0000
41078,5222,1.0000
41079,5222,1.0000
41080,5222,1.0000
41081,5222,1.0000
41082,5222,1.0000
41083,5222,1.0000
41084,5222,1.0000
41085,5222,1.0000
41086,5222,1.0000
41087,5222,1.0000
41088,5222,1.0000
41089,5222,1.0000
41090,5222,1.0000
41091,5222,1.0000
41092,5222,1.0000
41093,5222,1.0000
41094,5222,1.0000
41095,5222,1.0000
41096,5222,1.0000
41097,5222,1.0000
41098,5222,1.0000
41099,5222,1.0000
41100,5222,1.0000
41101,5222,1.0000
41102,5222,1.0000
41103,5222,1.0000
41104,5222,1.0000
41105,5222,1.0000
41106,5222,1.0000
41107,5222,1.0000
41108,5222,1.0000
41109,5222,1.0000
41110,5222,1.0000
41111,5222,1.0000
41112,5222,1.0000
41113,5222,1.0000
41114,5222,1.0000
41115,5222,1.0000
41116,5222,1.0000
41117,5222,1.0000
41118,5222,1.0000
41119,5222,1.0000
41120,5222,1.0000
41121,5222,1.0000
41122,5222,1.0000
41123,5222,1.0000
41124,5222,1.0000
41125,5222,1.0000
41126,5222,1.0000
41127,5222,1.0000
41128,5222,1.0000
41129,5222,1.0000
41130,5222,1.0000
41131,5222,1.0000
41132,5222,1.0000
41133,5222,1.0000
41134,5222,1.0000
41135,5222,1.0000
41136,5222,1.0000
41137,5222,1.0000
41138,5222,1.0000
41139,5222,1.0000
41140,5222,1.0000
41141,5222,1.0000
41142,5222,1.0000
41143,5222,1.0000
41144,5222,1.0000
41145,5222,1.0000
41146,5222,1.0000
41147,5222,1.0000
41148,5222,1.0000
41149,5222,1.0000
41150,5222,1.0000
41151,5222,1.0000
41152,5222,1.0000
41153,5222,1.0000
41154,5222,1.0000
41155,5222,1.0000
41156,5222,1.0000
41157,5222,1.0000
41158,5222,1.0000
41159,5222,1.0000
41160,5222,1.0000
41161,5222,1.0000
41162,5222,1.0000
41163,5222,1.0000
41164,5222,1.0000
41165,5222,1.0000
41166,5222,1.0000
41167,5222,1.0000
41168,5222,1.0000
41169,5222,1.0000
41170,5222,1.0000
41171,5222,1.0000
41172,5222,1.0000
41173,5222,1.0000
41174,5222,1.0000
41175,5222,1.0000
41176,5222,1.0000
41177,5222,1.0000
41178,5222,1.0000
41179,5222,1.0000
41180,5222,1.0000
41181,5222,1.0000
41182,5222,1.0000
41183,5222,1.0000
41184,5222,1.0000
41185,5222,1.0000
41186,5222,1.0000
41187,5222,1.0000
41188,5222,1.0000
41189,5222,1.0000
41190,5222,1.0000
41191,5222,1.0000
41192,5222,1.0000
41193,5222,1.0000
41194,5222,1.0000
41195,5222,1.0000
41196,5222,1.0000
41197,5222,1.0000
41198,5222,1.0000
41199,5222,1.0000
41200,5222,1.0000
41201,5222,1.0000
41202,5222,1.0000
41203,5222,1.0000
41204,5222,1.0000
41205,5222,1.0000
41206,5222,1.0000
41207,5222,1.0000
41208,5222,1.0000
41209,5222,1.0000
41210,5222,1.0000
41211,5222,1.0000
41212,5222,1.0000
41213,5222,1.0000
41214,5222,1.0000
41215,5222,1.0000
41216,5222,1.0000
41217,5222,1.0000
41218,5222,1.0000
41219,5222,1.0000
41220,5222,1.0000
41221,5222,1.0000
41222,5222,1.0000
41223,5222,1.0000
41224,5222,1.0000
41225,5222,1.0000
41226,5222,1.0000
41227,5222,1.0000
41228,5222,1.0000
41229,5222,1.0000
41230,5222,1.0000
41231,5222,1.0000
41232,5222,1.0000
41233,5222,1.0000
41234,5222,1.0000
41235,5222,1.0000
41236,5222,1.0000
41237,5222,1.0000
41238,5222,1.0000
41239,5222,1.0000
41240,5222,1.0000
41241,5222,1.0000
41242,5222,1.0000
41243,5222,1.0000
41244,5222,1.0000
41245,5222,1.0000
41246,5222,1.0000
41247,5222,1.0000
41248,5222,1.0000
41249,5222,1.0000
41250,5222,1.0000
41251,5222,1.0000
41252,5222,1.0000
41253,5222,1.0000
41254,5222,1.0000
41255,5222,1.0000
41256,5222,1.0000
41257,5222,1.0000
41258,5222,1.0000
41259,5222,1.0000
41260,5222,1.0000
41261,5222,1.0000
41262,5222,1.0000
41263,5222,1.0000
41264,5222,1.0000
41265,5222,1.0000
41266,5222,1.0000
41267,5222,1.0000
41268,5222,1.0000
41269,5222,1.0000
41270,5222,1.0000
41271,5222,1.0000
41272,5222,1.0000
41273,5222,1.0000
41274,5222,1.0000
41275,5222,1.0000
41276,5222,1.0000
41277,5222,1.0000
41278,5222,1.0000
41279,5222,1.0000
41280,5222,1.0000
41281,5222,1.0000
41282,5222,1.0000
41283,5222,1.0000
41284,5222,1.0000
41285,5222,1.0000
41286,5222,1.0000
41287,5222,1.0000
41288,5222,1.0000
41289,5222,1.0000
41290,5222,1.0000
41291,5222,1.0000
41292,5222,1.0000
41293,5222,1.0000
41294,5222,1.0000
41295,5222,1.0000
41296,5222,1.0000
41297,5222,1.0000
41298,5222,1.0000
41299,5222,1.0000
41300,5222,1.0000
41301,5222,1.0000
41302,5222,1.0000
41303,5222,1.0000
41304,5222,1.0000
41305,5222,1.0000
41306,5222,1.0000
41307,5222,1.0000
41308,5222,1.0000
41309,5222,1.0000
41310,5222,1.0000
41311,5222,1.0000
41312,5222,1.0000
41313,5222,1.0000
41314,5222,1.0000
41315,5222,1.0000
41316,5222,1.0000
41317,5222,1.0000
41318,5222,1.0000
41319,5222,1.0000
41320,5222,1.0000
41321,5222,1.0000
41322,5222,1.0000
41323,5222,1.0000
41324,5222,1.0000
41325,5222,1.0000
41326,5222,1.0000
41327,5222,1.0000
41328,5222,1.0000
41329,5222,1.0000
41330,5222,1.0000
41331,5222,1.0000
41332,5222,1.0000
41333,5222,1.0000
41334,5222,1.0000
41335,5222,1.0000
41336,5222,1.0000
41337,5222,1.0000
41338,5222,1.0000
41339,5222,1.0000
41340,5222,1.0000
41341,5222,1.0000
41342,5222,1.0000
41343,5222,1.0000
41344,5222,1.0000
41345,5222,1.0000
41346,5222,1.0000
41347,5222,1.0000
41348,5222,1.0000
41349,5222,1.0000
41350,5222,1.0000
41351,5222,1.0000
41352,5222,1.0000
41353,5222,1.0000
41354,5222,1.0000
41355,5222,1.0000
41356,5222,1.0000
41357,5222,1.0000
41358,5222,1.0000
41359,5222,1.0000
41360,5222,1.0000
41361,5222,1.0000
41362,5222,1.0000
41363,5222,1.0000
41364,5222,1.0000
41365,5222,1.0000
41366,5222,1.0000
41367,5222,1.0000
41368,5222,1.0000
41369,5222,1.0000
41370,5222,1.0000
41371,5222,1.0000
41372,5222,1.0000
41373,5222,1.0000
41374,5222,1.0000
41375,5222,1.0000
41376,5222,1.0000
41377,5222,1.0000
41378,5222,1.0000
41379,5222,1.0000
41380,5222,1.0000
41381,5222,1.0000
41382,5222,1.0000
41383,5222,1.0000
41384,5222,1.0000
41385,5222,1.0000
41386,5222,1.0000
41387,5222,1.0000
41388,5222,1.0000
41389,5222,1.0000
41390,5222,1.0000
41391,5222,1.0000
41392,5222,1.0000
41393,5222,1.0000
41394,5222,1.0000
41395,5222,1.0000
41396,5222,1.0000
41397,5222,1.0000
41398,5222,1.0000
41399,5222,1.0000
41400,5222,1.0000
41401,5222,1.0000
41402,5222,1.0000
41403,5222,1.0000
41404,5222,1.0000
41405,5222,1.0000
41406,5222,1.0000
41407,5222,1.0000
41408,5222,1.0000
41409,5222,1.0000
41410,5222,1.0000
41411,5222,1.0000
41412,5222,1.0000
41413,5222,1.0000
41414,5222,1.0000
41415,5222,1.0000
41416,5222,1.0000
41417,5222,1.0000
41418,5222,1.0000
41419,5222,1.0000
41420,5222,1.0000
41421,5222,1.0000
41422,5222,1.0000
41423,5222,1.0000
41424,5222,1.0000
41425,5222,1.0000
41426,5222,1.0000
41427,5222,1.0000
41428,5222,1.0000
41429,5222,1.0000
41430,5222,1.0000
41431,5222,1.0000
41432,5222,1.0000
41433,5222,1.0000
41434,5222,1.0000
41435,5222,1.0000
41436,5222,1.0000
41437,5222,1.0000
41438,5222,1.0000
41439,5222,1.0000
41440,5222,1.0000
41441,5222,1.0000
41442,5222,1.0000
41443,5222,1.0000
41444,5222,1.0000
41445,5222,1.0000
41446,5222,1.0000
41447,5222,1.0000
41448,5222,1.0000
41449,5222,1.0000
41450,5222,1.0000
41451,5222,1.0000
41452,5222,1.0000
41453,5222,1.0000
41454,5222,1.0000
41455,5222,1.0000
41456,5222,1.0000
41457,5222,1.0000
41458,5222,1.0000
41459,5222,1.0000
41460,5222,1.0000
41461,5222,1.0000
41462,5222,1.0000
41463,5222,1.0000
41464,5222,1.0000
41465,5222,1.0000
41466,5222,1.0000
41467,5222,1.0000
41468,5222,1.0000
41469,5222,1.0000
41470,5222,1.0000
41471,5222,1.0000
41472,5222,1.0000
41473,5222,1.0000
41474,5222,1.0000
41475,5222,1.0000
41476,5222,1.0000
41477,5222,1.0000
41478,5222,1.0000
41479,5222,1.0000
41480,5222,1.0000
41481,5222,1.0000
41482,5222,1.0000
41483,5222,1.0000
41484,5222,1.0000
41485,5222,1.0000
41486,5222,1.0000
41487,5222,1.0000
41488,5222,1.0000
41489,5222,1.0000
41490,5222,1.0000
41491,5222,1.0000
41492,5222,1.0000
41493,5222,1.0000
41494,5222,1.0000
41495,5222,1.0000
41496,5222,1.0000
41497,5222,1.0000
41498,5222,1.0000
41499,5222,1.0000
41500,5222,1.0000
41501,5222,1.0000
41502,5222,1.0000
41503,5222,1.0000
41504,5222,1.0000
41505,5222,1.0000
41506,5222,1.0000
41507,5222,1.0000
41508,5222,1.0000
41509,5222,1.0000
41510,5222,1.0000
41511,5222,1.0000
41512,5222,1.0000
41513,5222,1.0000
41514,5222,1.0000
41515,5222,1.0000
41516,5222,1.0000
41517,5222,1.0000
41518,5222,1.0000
41519,5222,1.0000
41520,5222,1.0000
41521,5222,1.0000
41522,5222,1.0000
41523,5222,1.0000
41524,5222,1.0000
41525,5222,1.0000
41526,5222,1.0000
41527,5222,1.0000
41528,5222,1.0000
41529,5222,1.0000
41530,5222,1.0000
41531,5222,1.0000
41532,5222,1.0000
41533,5222,1.0000
41534,5222,1.0000
41535,5222,1.0000
41536,5222,1.0000
41537,5222,1.0000
41538,5222,1.0000
41539,5222,1.0000
41540,5222,1.0000
41541,5222,1.0000
41542,5222,1.0000
41543,5222,1.0000
41544,5222,1.0000
41545,5222,1.0000
41546,5222,1.0000
41547,5222,1.0000
41548,5222,1.0000
41549,5222,1.0000
41550,5222,1.0000
41551,5222,1.0000
41552,5222,1.0000
41553,5222,1.0000
41554,5222,1.0000
41555,5222,1.0000
41556,5222,1.0000
41557,5222,1.0000
41558,5222,1.0000
41559,5222,1.0000
41560,5222,1.0000
41561,5222,1.0000
41562,5222,1.0000
41563,5222,1.0000
41564,5222,1.0000
41565,5222,1.0000
41566,5222,1.0000
41567,5222,1.0000
41568,5222,1.0000
41569,5222,1.0000
41570,5222,1.0000
41571,5222,1.0000
41572,5222,1.0000
41573,5222,1.0000
41574,5222,1.0000
41575,5222,1.0000
41576,5222,1.0000
41577,5222,1.0000
41578,5222,1.0000
41579,5222,1.0000
41580,5222,1.0000
41581,5222,1.0000
41582,5222,1.0000
41583,5222,1.0000
41584,5222,1.0000
41585,5222,1.0000
41586,5222,1.0000
41587,5222,1.0000
41588,5222,1.0000
41589,5222,1.0000
41590,5222,1.0000
41591,5222,1.0000
41592,5222,1.0000
41593,5222,1.0000
41594,5222,1.0000
41595,5222,1.0000
41596,5222,1.0000
41597,5222,1.0000
41598,5222,1.0000
41599,5222,1.0000
41600,5222,1.0000
41601,5222,1.0000
41602,5222,1.0000
41603,5222,1.0000
41604,5222,1.0000
41605,5222,1.0000
41606,5222,1.0000
41607,5222,1.0000
41608,5222,1.0000
41609,5222,1.0000
41610,5222,1.0000
41611,5222,1.0000
41612,5222,1.0000
41613,5222,1.0000
41614,5222,1.0000
41615,5222,1.0000
41616,5222,1.0000
41617,5222,1.0000
41618,5222,1.0000
41619,5222,1.0000
41620,5222,1.0000
41621,5222,1.0000
41622,5222,1.0000
41623,5222,1.0000
41624,5222,1.0000
41625,5222,1.0000
41626,5222,1.0000
41627,5222,1.0000
41628,5222,1.0000
41629,5222,1.0000
41630,5222,1.0000
41631,5222,1.0000
41632,5222,1.0000
41633,5222,1.0000
41634,5222,1.0000
41635,5222,1.0000
41636,5222,1.0000
41637,5222,1.0000
41638,5222,1.0000
41639,5222,1.0000
41640,5222,1.0000
41641,5222,1.0000
41642,5222,1.0000
41643,5222,1.0000
41644,5222,1.0000
41645,5222,1.0000
41646,5222,1.0000
41647,5222,1.0000
41648,5222,1.0000
41649,5222,1.0000
41650,5222,1.0000
41651,5222,1.0000
41652,5222,1.0000
41653,5222,1.0000
41654,5222,1.0000
41655,5222,1.0000
41656,5222,1.0000
41657,5222,1.0000
41658,5222,1.0000
41659,5222,1.0000
41660,5222,1.0000
41661,5222,1.0000
41662,5222,1.0000
41663,5222,1.0000
41664,5222,1.0000
41665,5222,1.0000
41666,5222,1.0000
41667,5222,1.0000
41668,5222,1.0000
41669,5222,1.0000
41670,5222,1.0000
41671,5222,1.0000
41672,5222,1.0000
41673,5222,1.0000
41674,5222,1.0000
41675,5222,1.0000
41676,5222,1.0000
41677,5222,1.0000
41678,5222,1.0000
41679,5222,1.0000
41680,5222,1.0000
41681,5222,1.0000
41682,5222,1.0000
41683,5222,1.0000
41684,5222,1.0000
41685,5222,1.0000
41686,5222,1.0000
41687,5222,1.0000
41688,5222,1.0000
41689,5222,1.0000
41690,5222,1.0000
41691,5222,1.0000
41692,5222,1.0000
41693,5222,1.0000
41694,5222,1.0000
41695,5222,1.0000
41696,5222,1.0000
41697,5222,1.0000
41698,5222,1.0000
41699,5222,1.0000
41700,5222,1.0000
41701,5222,1.0000
41702,5222,1.0000
41703,5222,1.0000
41704,5222,1.0000
41705,5222,1.0000
41706,5222,1.0000
41707,5222,1.0000
41708,5222,1.0000
41709,5222,1.0000
41710,5222,1.0000
41711,5222,1.0000
41712,5222,1.0000
41713,5222,1.0000
41714,5222,1.0000
41715,5222,1.0000
41716,5222,1.0000
41717,5222,1.0000
41718,5222,1.0000
41719,5222,1.0000
41720,5222,1.0000
41721,5222,1.0000
41722,5222,1.0000
41723,5222,1.0000
41724,5222,1.0000
41725,5222,1.0000
41726,5222,1.0000
41727,5222,1.0000
41728,5222,1.0000
41729,5222,1.0000
41730,5222,1.0000
41731,5222,1.0000
41732,5222,1.0000
41733,5222,1.0000
41734,5222,1.0000
41735,5222,1.0000
41736,5222,1.0000
41737,5222,1.0000
41738,5222,1.0000
41739,5222,1.0000
41740,5222,1.0000
41741,5222,1.0000
41742,5222,1.0000
41743,5222,1.0000
41744,5222,1.0000
41745,5222,1.0000
41746,5222,1.0000
41747,5222,1.0000
41748,5222,1.0000
41749,5222,1.0000
41750,5222,1.0000
41751,5222,1.0000
41752,5222,1.0000
41753,5222,1.0000
41754,5222,1.0000
41755,5222,1.0000
41756,5222,1.0000
41757,5222,1.0000
41758,5222,1.0000
41759,5222,1.0000
41760,5222,1.0000
41761,5222,1.0000
41762,5222,1.0000
41763,5222,1.0000
41764,5222,1.0000
41765,5222,1.0000
41766,5222,1.0000
41767,5222,1.0000
41768,5222,1.0000
41769,5222,1.0000
41770,5222,1.0000
41771,5222,1.0000
41772,5222,1.0000
41773,5222,1.0000
41774,5222,1.0000
41775,5222,1.0000
41776,5222,1.0000
41777,5222,1.0000
41778,5222,1.0000
41779,5222,1.0000
41780,5222,1.0000
41781,5222,1.0000
41782,5222,1.0000
41783,5222,1.0000
41784,5222,1.0000
41785,5222,1.0000
41786,5222,1.0000
41787,5222,1.0000
41788,5222,1.0000
41789,5222,1.0000
41790,5222,1.0000
41791,5222,1.0000
41792,5222,1.0000
41793,5222,1.0000
41794,5222,1.0000
41795,5222,1.0000
41796,5222,1.0000
41797,5222,1.0000
41798,5222,1.0000
41799,5222,1.0000
41800,5222,1.0000
41801,5222,1.0000
41802,5222,1.0000
41803,5222,1.0000
41804,5222,1.0000
41805,5222,1.0000
41806,5222,1.0000
41807,5222,1.0000
41808,5222,1.0000
41809,5222,1.0000
41810,5222,1.0000
41811,5222,1.0000
41812,5222,1.0000
41813,5222,1.0000
41814,5222,1.0000
41815,5222,1.0000
41816,5222,1.0000
41817,5222,1.0000
41818,5222,1.0000
41819,5222,1.0000
41820,5222,1.0000
41821,5222,1.0000
41822,5222,1.0000
41823,5222,1.0000
41824,5222,1.0000
41825,5222,1.0000
41826,5222,1.0000
41827,5222,1.0000
41828,5222,1.0000
41829,5222,1.0000
41830,5222,1.0000
41831,5222,1.0000
41832,5222,1.0000
41833,5222,1.0000
41834,5222,1.0000
41835,5222,1.0000
41836,5222,1.0000
41837,5222,1.0000
41838,5222,1.0000
41839,5222,1.0000
41840,5222,1.0000
41841,5222,1.0000
41842,5222,1.0000
41843,5222,1.0000
41844,5222,1.0000
41845,5222,1.0000
41846,5222,1.0000
41847,5222,1.0000
41848,5222,1.0000
41849,5222,1.0000
41850,5222,1.0000
41851,5222,1.0000
41852,5222,1.0000
41853,5222,1.0000
41854,5222,1.0000
41855,5222,1.0000
41856,5222,1.0000
41857,5222,1.0000
41858,5222,1.0000
41859,5222,1.0000
41860,5222,1.0000
41861,5222,1.0000
41862,5222,1.0000
41863,5222,1.0000
41864,5222,1.0000
41865,5222,1.0000
41866,5222,1.0000
41867,5222,1.0000
41868,5222,1.0000
41869,5222,1.0000
41870,5222,1.0000
41871,5222,1.0000
41872,5222,1.0000
41873,5222,1.0000
41874,5222,1.0000
41875,5222,1.0000
41876,5222,1.0000
41877,5222,1.0000
41878,5222,1.0000
41879,5222,1.0000
41880,5222,1.0000
41881,5222,1.0000
41882,5222,1.0000
41883,5222,1.0000
41884,5222,1.0000
41885,5222,1.0000
41886,5222,1.0000
41887,5222,1.0000
41888,5222,1.0000
41889,5222,1.0000
41890,5222,1.0000
41891,5222,1.0000
41892,5222,1.0000
41893,5222,1.0000
41894,5222,1.0000
41895,5222,1.0000
41896,5222,1.0000
41897,5222,1.0000
41898,5222,1.0000
41899,5222,1.0000
41900,5222,1.0000
41901,5222,1.0000
41902,5222,1.0000
41903,5222,1.0000
41904,5222,1.0000
41905,5222,1.0000
41906,5222,1.0000
41907,5222,1.0000
41908,5222,1.0000
41909,5222,1.0000
41910,5222,1.0000
41911,5222,1.0000
41912,5222,1.0000
41913,5222,1.0000
41914,5222,1.0000
41915,5222,1.0000
41916,5222,1.0000
41917,5222,1.0000
41918,5222,1.0000
41919,5222,1.0000
41920,5222,1.0000
41921,5222,1.0000
41922,5222,1.0000
41923,5222,1.0000
41924,5222,1.0000
41925,5222,1.0000
41926,5222,1.0000
41927,5222,1.0000
41928,5222,1.0000
41929,5222,1.0000
41930,5222,1.0000
41931,5222,1.0000
41932,5222,1.0000
41933,5222,1.0000
41934,5222,1.0000
41935,5222,1.0000
41936,5222,1.0000
41937,5222,1.0000
41938,5222,1.0000
41939,5222,1.0000
41940,5222,1.0000
41941,5222,1.0000
41942,5222,1.0000
41943,5222,1.0000
41944,5222,1.0000
41945,5222,1.0000
41946,5222,1.0000
41947,5222,1.0000
41948,5222,1.0000
41949,5222,1.0000
41950,5222,1.0000
41951,5222,1.0000
41952,5222,1.0000
41953,5222,1.0000
41954,5222,1.0000
41955,5222,1.0000
41956,5222,1.0000
41957,5222,1.0000
41958,5222,1.0000
41959,5222,1.0000
41960,5222,1.0000
41961,5222,1.0000
41962,5222,1.0000
41963,5222,1.0000
41964,5222,1.0000
41965,5222,1.0000
41966,5222,1.0000
41967,5222,1.0000
41968,5222,1.0000
41969,5222,1.0000
41970,5222,1.0000
41971,5222,1.0000
41972,5222,1.0000
41973,5222,1.0000
41974,5222,1.0000
41975,5222,1.0000
41976,5222,1.0000
41977,5222,1.0000
41978,5222,1.0000
41979,5222,1.0000
41980,5222,1.0000
41981,5222,1.0000
41982,5222,1.0000
41983,5222,1.0000
41984,5222,1.0000
41985,5222,1.0000
41986,5222,1.0000
41987,5222,1.0000
41988,5222,1.0000
41989,5222,1.0000
41990,5222,1.0000
41991,5222,1.0000
41992,5222,1.0000
41993,5222,1.0000
41994,5222,1.0000
41995,5222,1.0000
41996,5222,1.0000
41997,5222,1.0000
41998,5222,1.0000
41999,5222,1.0000
42000,5222,1.0000
42001,5222,1.0000
42002,5222,1.0000
42003,5222,1.0000
42004,5222,1.0000
42005,5222,1.0000
42006,5222,1.0000
42007,5222,1.0000
42008,5222,1.0000
42009,5222,1.0000
42010,5222,1.0000
42011,5222,1.0000
42012,5222,1.0000
42013,5222,1.0000
42014,5222,1.0000
42015,5222,1.0000
42016,5222,1.0000
42017,5222,1.0000
42018,5222,1.0000
42019,5222,1.0000
42020,5222,1.0000
42021,5222,1.0000
42022,5222,1.0000
42023,5222,1.0000
42024,5222,1.0000
42025,5222,1.0000
42026,5222,1.0000
42027,5222,1.0000
42028,5222,1.0000
42029,5222,1.0000
42030,5222,1.0000
42031,5222,1.0000
42032,5222,1.0000
42033,5222,1.0000
42034,5222,1.0000
42035,5222,1.0000
42036,5222,1.0000
42037,5222,1.0000
42038,5222,1.0000
42039,5222,1.0000
42040,5222,1.0000
42041,5222,1.0000
42042,5222,1.0000
42043,5222,1.0000
42044,5222,1.0000
42045,5222,1.0000
42046,5222,1.0000
42047,5222,1.0000
42048,5222,1.0000
42049,5222,1.0000
42050,5222,1.0000
42051,5222,1.0000
42052,5222,1.0000
42053,5222,1.0000
42054,5222,1.0000
42055,5222,1.0000
42056,5222,1.0000
42057,5222,1.0000
42058,5222,1.0000
42059,5222,1.0000
42060,5222,1.0000
42061,5222,1.0000
42062,5222,1.0000
42063,5222,1.0000
42064,5222,1.0000
42065,5222,1.0000
42066,5222,1.0000
42067,5222,1.0000
42068,5222,1.0000
42069,5222,1.0000
42070,5222,1.0000
42071,5222,1.0000
42072,5222,1.0000
42073,5222,1.0000
42074,5222,1.0000
42075,5222,1.0000
42076,5222,1.0000
42077,5222,1.0000
42078,5222,1.0000
42079,5222,1.0000
42080,5222,1.0000
42081,5222,1.0000
42082,5222,1.0000
42083,5222,1.0000
42084,5222,1.0000
42085,5222,1.0000
42086,5222,1.0000
42087,5222,1.0000
42088,5222,1.0000
42089,5222,1.0000
42090,5222,1.0000
42091,5222,1.0000
42092,5222,1.0000
42093,5222,1.0000
42094,5222,1.0000
42095,5222,1.0000
42096,5222,1.0000
42097,5222,1.0000
42098,5222,1.0000
42099,5222,1.0000
42100,5222,1.0000
42101,5222,1.0000
42102,5222,1.0000
42103,5222,1.0000
42104,5222,1.0000
42105,5222,1.0000
42106,5222,1.0000
42107,5222,1.0000
42108,5222,1.0000
42109,5222,1.0000
42110,5222,1.0000
42111,5222,1.0000
42112,5222,1.0000
42113,5222,1.0000
42114,5222,1.0000
42115,5222,1.0000
42116,5222,1.0000
42117,5222,1.0000
42118,5222,1.0000
42119,5222,1.0000
42120,5222,1.0000
42121,5222,1.0000
42122,5222,1.0000
42123,5222,1.0000
42124,5222,1.0000
42125,5222,1.0000
42126,5222,1.0000
42127,5222,1.0000
42128,5222,1.0000
42129,5222,1.0000
42130,5222,1.0000
42131,5222,1.0000
42132,5222,1.0000
42133,5222,1.0000
42134,5222,1.0000
42135,5222,1.0000
42136,5222,1.0000
42137,5222,1.0000
42138,5222,1.0000
42139,5222,1.0000
42140,5222,1.0000
42141,5222,1.0000
42142,5222,1.0000
42143,5222,1.0000
42144,5222,1.0000
42145,5222,1.0000
42146,5222,1.0000
42147,5222,1.0000
42148,5222,1.0000
42149,5222,1.0000
42150,5222,1.0000
42151,5222,1.0000
42152,5222,1.0000
42153,5222,1.0000
42154,5222,1.0000
42155,5222,1.0000
42156,5222,1.0000
42157,5222,1.0000
42158,5222,1.0000
42159,5222,1.0000
42160,5222,1.0000
42161,5222,1.0000
42162,5222,1.0000
42163,5222,1.0000
42164,5222,1.0000
42165,5222,1.0000
42166,5222,1.0000
42167,5222,1.0000
42168,5222,1.0000
42169,5222,1.0000
42170,5222,1.0000
42171,5222,1.0000
42172,5222,1.0000
42173,5222,1.0000
42174,5222,1.0000
42175,5222,1.0000
42176,5222,1.0000
42177,5222,1.0000
42178,5222,1.0000
42179,5222,1.0000
42180,5222,1.0000
42181,5222,1.0000
42182,5222,1.0000
42183,5222,1.0000
42184,5222,1.0000
42185,5222,1.0000
42186,5222,1.0000
42187,5222,1.0000
42188,5222,1.0000
42189,5222,1.0000
42190,5222,1.0000
42191,5222,1.0000
42192,5222,1.0000
42193,5222,1.0000
42194,5222,1.0000
42195,5222,1.0000
42196,5222,1.0000
42197,5222,1.0000
42198,5222,1.0000
42199,5222,1.0000
42200,5222,1.0000
42201,5222,1.0000
42202,5222,1.0000
42203,5222,1.0000
42204,5222,1.0000
42205,5222,1.0000
42206,5222,1.0000
42207,5222,1.0000
42208,5222,1.0000
42209,5222,1.0000
42210,5222,1.0000
42211,5222,1.0000
42212,5222,1.0000
42213,5222,1.0000
42214,5222,1.0000
42215,5222,1.0000
42216,5222,1.0000
42217,5222,1.0000
42218,5222,1.0000
42219,5222,1.0000
42220,5222,1.0000
42221,5222,1.0000
42222,5222,1.0000
42223,5222,1.0000
42224,5222,1.0000
42225,5222,1.0000
42226,5222,1.0000
42227,5222,1.0000
42228,5222,1.0000
42229,5222,1.0000
42230,5222,1.0000
42231,5222,1.0000
42232,5222,1.0000
42233,5222,1.0000
42234,5222,1.0000
42235,5222,1.0000
42236,5222,1.0000
42237,5222,1.0000
42238,5222,1.0000
42239,5222,1.0000
42240,5222,1.0000
42241,5222,1.0000
42242,5222,1.0000
42243,5222,1.0000
42244,5222,1.0000
42245,5222,1.0000
42246,5222,1.0000
42247,5222,1.0000
42248,5222,1.0000
42249,5222,1.0000
42250,5222,1.0000
42251,5222,1.0000
42252,5222,1.0000
42253,5222,1.0000
42254,5222,1.0000
42255,5222,1.0000
42256,5222,1.0000
42257,5222,1.0000
42258,5222,1.0000
42259,5222,1.0000
42260,5222,1.0000
42261,5222,1.0000
42262,5222,1.0000
42263,5222,1.0000
42264,5222,1.0000
42265,5222,1.0000
42266,5222,1.0000
42267,5222,1.0000
42268,5222,1.0000
42269,5222,1.0000
42270,5222,1.0000
42271,5222,1.0000
42272,5222,1.0000
42273,5222,1.0000
42274,5222,1.0000
42275,5222,1.0000
42276,5222,1.0000
42277,5222,1.0000
42278,5222,1.0000
42279,5222,1.0000
42280,5222,1.0000
42281,5222,1.0000
42282,5222,1.0000
42283,5222,1.0000
42284,5222,1.0000
42285,5222,1.0000
42286,5222,1.0000
42287,5222,1.0000
42288,5222,1.0000
42289,5222,1.0000
42290,5222,1.0000
42291,5222,1.0000
42292,5222,1.0000
42293,5222,1.0000
42294,5222,1.0000
42295,5222,1.0000
42296,5222,1.0000
42297,5222,1.0000
42298,5222,1.0000
42299,5222,1.0000
42300,5222,1.0000
42301,5222,1.0000
42302,5222,1.0000
42303,5222,1.0000
42304,5222,1.0000
42305,5222,1.0000
42306,5222,1.0000
42307,5222,1.0000
42308,5222,1.0000
42309,5222,1.0000
42310,5222,1.0000
42311,5222,1.0000
42312,5222,1.0000
42313,5222,1.0000
42314,5222,1.0000
42315,5222,1.0000
42316,5222,1.0000
42317,5222,1.0000
42318,5222,1.0000
42319,5222,1.0000
42320,5222,1.0000
42321,5222,1.0000
42322,5222,1.0000
42323,5222,1.0000
42324,5222,1.0000
42325,5222,1.0000
42326,5222,1.0000
42327,5222,1.0000
42328,5222,1.0000
42329,5222,1.0000
42330,5222,1.0000
42331,5222,1.0000
42332,5222,1.0000
42333,5222,1.0000
42334,5222,1.0000
42335,5222,1.0000
42336,5222,1.0000
42337,5222,1.0000
42338,5222,1.0000
42339,5222,1.0000
42340,5222,1.0000
42341,5222,1.0000
42342,5222,1.0000
42343,5222,1.0000
42344,5222,1.0000
42345,5222,1.0000
42346,5222,1.0000
42347,5222,1.0000
42348,5222,1.0000
42349,5222,1.0000
42350,5222,1.0000
42351,5222,1.0000
42352,5222,1.0000
42353,5222,1.0000
42354,5222,1.0000
42355,5222,1.0000
42356,5222,1.0000
42357,5222,1.0000
42358,5222,1.0000
42359,5222,1.0000
42360,5222,1.0000
42361,5222,1.0000
42362,5222,1.0000
42363,5222,1.0000
42364,5222,1.0000
42365,5222,1.0000
42366,5222,1.0000
42367,5222,1.0000
42368,5222,1.0000
42369,5222,1.0000
42370,5222,1.0000
42371,5222,1.0000
42372,5222,1.0000
42373,5222,1.0000
42374,5222,1.0000
42375,5222,1.0000
42376,5222,1.0000
42377,5222,1.0000
42378,5222,1.0000
42379,5222,1.0000
42380,5222,1.0000
42381,5222,1.0000
42382,5222,1.0000
42383,5222,1.0000
42384,5222,1.0000
42385,5222,1.0000
42386,5222,1.0000
42387,5222,1.0000
42388,5222,1.0000
42389,5222,1.0000
42390,5222,1.0000
42391,5222,1.0000
42392,5222,1.0000
42393,5222,1.0000
42394,5222,1.0000
42395,5222,1.0000
42396,5222,1.0000
42397,5222,1.0000
42398,5222,1.0000
42399,5222,1.0000
42400,5222,1.0000
42401,5222,1.0000
42402,5222,1.0000
42403,5222,1.0000
42404,5222,1.0000
42405,5222,1.0000
42406,5222,1.0000
42407,5222,1.0000
42408,5222,1.0000
42409,5222,1.0000
42410,5222,1.0000
42411,5222,1.0000
42412,5222,1.0000
42413,5222,1.0000
42414,5222,1.0000
42415,5222,1.0000
42416,5222,1.0000
42417,5222,1.0000
42418,5222,1.0000
42419,5222,1.0000
42420,5222,1.0000
42421,5222,1.0000
42422,5222,1.0000
42423,5222,1.0000
42424,5222,1.0000
42425,5222,1.0000
42426,5222,1.0000
42427,5222,1.0000
42428,5222,1.0000
42429,5222,1.0000
42430,5222,1.0000
42431,5222,1.0000
42432,5222,1.0000
42433,5222,1.0000
42434,5222,1.0000
42435,5222,1.0000
42436,5222,1.0000
42437,5222,1.0000
42438,5222,1.0000
42439,5222,1.0000
42440,5222,1.0000
42441,5222,1.0000
42442,5222,1.0000
42443,5222,1.0000
42444,5222,1.0000
42445,5222,1.0000
42446,5222,1.0000
42447,5222,1.0000
42448,5222,1.0000
42449,5222,1.0000
42450,5222,1.0000
42451,5222,1.0000
42452,5222,1.0000
42453,5222,1.0000
42454,5222,1.0000
42455,5222,1.0000
42456,5222,1.0000
42457,5222,1.0000
42458,5222,1.0000
42459,5222,1.0000
42460,5222,1.0000
42461,5222,1.0000
42462,5222,1.0000
42463,5222,1.0000
42464,5222,1.0000
42465,5222,1.0000
42466,5222,1.0000
42467,5222,1.0000
42468,5222,1.0000
42469,5222,1.0000
42470,5222,1.0000
42471,5222,1.0000
42472,5222,1.0000
42473,5222,1.0000
42474,5222,1.0000
42475,5222,1.0000
42476,5222,1.0000
42477,5222,1.0000
42478,5222,1.0000
42479,5222,1.0000
42480,5222,1.0000
42481,5222,1.0000
42482,5222,1.0000
42483,5222,1.0000
42484,5222,1.0000
42485,5222,1.0000
42486,5222,1.0000
42487,5222,1.0000
42488,5222,1.0000
42489,5222,1.0000
42490,5222,1.0000
42491,5222,1.0000
42492,5222,1.0000
42493,5222,1.0000
42494,5222,1.0000
42495,5222,1.0000
42496,5222,1.0000
42497,5222,1.0000
42498,5222,1.0000
42499,5222,1.0000
42500,5222,1.0000
42501,5222,1.0000
42502,5222,1.0000
42503,5222,1.0000
42504,5222,1.0000
42505,5222,1.0000
42506,5222,1.0000
42507,5222,1.0000
42508,5222,1.0000
42509,5222,1.0000
42510,5222,1.0000
42511,5222,1.0000
42512,5222,1.0000
42513,5222,1.0000
42514,5222,1.0000
42515,5222,1.0000
42516,5222,1.0000
42517,5222,1.0000
42518,5222,1.0000
42519,5222,1.0000
42520,5222,1.0000
42521,5222,1.0000
42522,5222,1.0000
42523,5222,1.0000
42524,5222,1.0000
42525,5222,1.0000
42526,5222,1.0000
42527,5222,1.0000
42528,5222,1.0000
42529,5222,1.0000
42530,5222,1.0000
42531,5222,1.0000
42532,5222,1.0000
42533,5222,1.0000
42534,5222,1.0000
42535,5222,1.0000
42536,5222,1.0000
42537,5222,1.0000
42538,5222,1.0000
42539,5222,1.0000
42540,5222,1.0000
42541,5222,1.0000
42542,5222,1.0000
42543,5222,1.0000
42544,5222,1.0000
42545,5222,1.0000
42546,5222,1.0000
42547,5222,1.0000
42548,5222,1.0000
42549,5222,1.0000
42550,5222,1.0000
42551,5222,1.0000
42552,5222,1.0000
42553,5222,1.0000
42554,5222,1.0000
42555,5222,1.0000
42556,5222,1.0000
42557,5222,1.0000
42558,5222,1.0000
42559,5222,1.0000
42560,5222,1.0000
42561,5222,1.0000
42562,5222,1.0000
42563,5222,1.0000
42564,5222,1.0000
42565,5222,1.0000
42566,5222,1.0000
42567,5222,1.0000
42568,5222,1.0000
42569,5222,1.0000
42570,5222,1.0000
42571,5222,1.0000
42572,5222,1.0000
42573,5222,1.0000
42574,5222,1.0000
42575,5222,1.0000
42576,5222,1.0000
42577,5222,1.0000
42578,5222,1.0000
42579,5222,1.0000
42580,5222,1.0000
42581,5222,1.0000
42582,5222,1.0000
42583,5222,1.0000
42584,5222,1.0000
42585,5222,1.0000
42586,5222,1.0000
42587,5222,1.0000
42588,5222,1.0000
42589,5222,1.0000
42590,5222,1.0000
42591,5222,1.0000
42592,5222,1.0000
42593,5222,1.0000
42594,5222,1.0000
42595,5222,1.0000
42596,5222,1.0000
42597,5222,1.0000
42598,5222,1.0000
42599,5222,1.0000
42600,5222,1.0000
42601,5222,1.0000
42602,5222,1.0000
42603,5222,1.0000
42604,5222,1.0000
42605,5222,1.0000
42606,5222,1.0000
42607,5222,1.0000
42608,5222,1.0000
42609,5222,1.0000
42610,5222,1.0000
42611,5222,1.0000
42612,5222,1.0000
42613,5222,1.0000
42614,5222,1.0000
42615,5222,1.0000
42616,5222,1.0000
42617,5222,1.0000
42618,5222,1.0000
42619,5222,1.0000
42620,5222,1.0000
42621,5222,1.0000
42622,5222,1.0000
42623,5222,1.0000
42624,5222,1.0000
42625,5222,1.0000
42626,5222,1.0000
42627,5222,1.0000
42628,5222,1.0000
42629,5222,1.0000
42630,5222,1.0000
42631,5222,1.0000
42632,5222,1.0000
42633,5222,1.0000
42634,5222,1.0000
42635,5222,1.0000
42636,5222,1.0000
42637,5222,1.0000
42638,5222,1.0000
42639,5222,1.0000
42640,5222,1.0000
42641,5222,1.0000
42642,5222,1.0000
42643,5222,1.0000
42644,5222,1.0000
42645,5222,1.0000
42646,5222,1.0000
42647,5222,1.0000
42648,5222,1.0000
42649,5222,1.0000
42650,5222,1.0000
42651,5222,1.0000
42652,5222,1.0000
42653,5222,1.0000
42654,5222,1.0000
42655,5222,1.0000
42656,5222,1.0000
42657,5222,1.0000
42658,5222,1.0000
42659,5222,1.0000
42660,5222,1.0000
42661,5222,1.0000
42662,5222,1.0000
42663,5222,1.0000
42664,5222,1.0000
42665,5222,1.0000
42666,5222,1.0000
42667,5222,1.0000
42668,5222,1.0000
42669,5222,1.0000
42670,5222,1.0000
42671,5222,1.0000
42672,5222,1.0000
42673,5222,1.0000
42674,5222,1.0000
42675,5222,1.0000
42676,5222,1.0000
42677,5222,1.0000
42678,5222,1.0000
42679,5222,1.0000
42680,5222,1.0000
42681,5222,1.0000
42682,5222,1.0000
42683,5222,1.0000
42684,5222,1.0000
42685,5222,1.0000
42686,5222,1.0000
42687,5222,1.0000
42688,5222,1.0000
42689,5222,1.0000
42690,5222,1.0000
42691,5222,1.0000
42692,5222,1.0000
42693,5222,1.0000
42694,5222,1.0000
42695,5222,1.0000
42696,5222,1.0000
42697,5222,1.0000
42698,5222,1.0000
42699,5222,1.0000
42700,5222,1.0000
42701,5222,1.0000
42702,5222,1.0000
42703,5222,1.0000
42704,5222,1.0000
42705,5222,1.0000
42706,5222,1.0000
42707,5222,1.0000
42708,5222,1.0000
42709,5222,1.0000
42710,5222,1.0000
42711,5222,1.0000
42712,5222,1.0000
42713,5222,1.0000
42714,5222,1.0000
42715,5222,1.0000
42716,5222,1.0000
42717,5222,1.0000
42718,5222,1.0000
42719,5222,1.0000
42720,5222,1.0000
42721,5222,1.0000
42722,5222,1.0000
42723,5222,1.0000
42724,5222,1.0000
42725,5222,1.0000
42726,5222,1.0000
42727,5222,1.0000
42728,5222,1.0000
42729,5222,1.0000
42730,5222,1.0000
42731,5222,1.0000
42732,5222,1.0000
42733,5222,1.0000
42734,5222,1.0000
42735,5222,1.0000
42736,5222,1.0000
42737,5222,1.0000
42738,5222,1.0000
42739,5222,1.0000
42740,5222,1.0000
42741,5222,1.0000
42742,5222,1.0000
42743,5222,1.0000
42744,5222,1.0000
42745,5222,1.0000
42746,5222,1.0000
42747,5222,1.0000
42748,5222,1.0000
42749,5222,1.0000
42750,5222,1.0000
42751,5222,1.0000
42752,5222,1.0000
42753,5222,1.0000
42754,5222,1.0000
42755,5222,1.0000
42756,5222,1.0000
42757,5222,1.0000
42758,5222,1.0000
42759,5222,1.0000
42760,5222,1.0000
42761,5222,1.0000
42762,5222,1.0000
42763,5222,1.0000
42764,5222,1.0000
42765,5222,1.0000
42766,5222,1.0000
42767,5222,1.0000
42768,5222,1.0000
42769,5222,1.0000
42770,5222,1.0000
42771,5222,1.0000
42772,5222,1.0000
42773,5222,1.0000
42774,5222,1.0000
42775,5222,1.0000
42776,5222,1.0000
42777,5222,1.0000
42778,5222,1.0000
42779,5222,1.0000
42780,5222,1.0000
42781,5222,1.0000
42782,5222,1.0000
42783,5222,1.0000
42784,5222,1.0000
42785,5222,1.0000
42786,5222,1.0000
42787,5222,1.0000
42788,5222,1.0000
42789,5222,1.0000
42790,5222,1.0000
42791,5222,1.0000
42792,5222,1.0000
42793,5222,1.0000
42794,5222,1.0000
42795,5222,1.0000
42796,5222,1.0000
42797,5222,1.0000
42798,5222,1.0000
42799,5222,1.0000
42800,5222,1.0000
42801,5222,1.0000
42802,5222,1.0000
42803,5222,1.0000
42804,5222,1.0000
42805,5222,1.0000
42806,5222,1.0000
42807,5222,1.0000
42808,5222,1.0000
42809,5222,1.0000
42810,5222,1.0000
42811,5222,1.0000
42812,5222,1.0000
42813,5222,1.0000
42814,5222,1.0000
42815,5222,1.0000
42816,5222,1.0000
42817,5222,1.0000
42818,5222,1.0000
42819,5222,1.0000
42820,5222,1.0000
42821,5222,1.0000
42822,5222,1.0000
42823,5222,1.0000
42824,5222,1.0000
42825,5222,1.0000
42826,5222,1.0000
42827,5222,1.0000
42828,5222,1.0000
42829,5222,1.0000
42830,5222,1.0000
42831,5222,1.0000
42832,5222,1.0000
42833,5222,1.0000
42834,5222,1.0000
42835,5222,1.0000
42836,5222,1.0000
42837,5222,1.0000
42838,5222,1.0000
42839,5222,1.0000
42840,5222,1.0000
42841,5222,1.0000
42842,5222,1.0000
42843,5222,1.0000
42844,5222,1.0000
42845,5222,1.0000
42846,5222,1.0000
42847,5222,1.0000
42848,5222,1.0000
42849,5222,1.0000
42850,5222,1.0000
42851,5222,1.0000
42852,5222,1.0000
42853,5222,1.0000
42854,5222,1.0000
42855,5222,1.0000
42856,5222,1.0000
42857,5222,1.0000
42858,5222,1.0000
42859,5222,1.0000
42860,5222,1.0000
42861,5222,1.0000
42862,5222,1.0000
42863,5222,1.0000
42864,5222,1.0000
42865,5222,1.0000
42866,5222,1.0000
42867,5222,1.0000
42868,5222,1.0000
42869,5222,1.0000
42870,5222,1.0000
42871,5222,1.0000
42872,5222,1.0000
42873,5222,1.0000
42874,5222,1.0000
42875,5222,1.0000
42876,5222,1.0000
42877,5222,1.0000
42878,5222,1.0000
42879,5222,1.0000
42880,5222,1.0000
42881,5222,1.0000
42882,5222,1.0000
42883,5222,1.0000
42884,5222,1.0000
42885,5222,1.0000
42886,5222,1.0000
42887,5222,1.0000
42888,5222,1.0000
42889,5222,1.0000
42890,5222,1.0000
42891,5222,1.0000
42892,5222,1.0000
42893,5222,1.0000
42894,5222,1.0000
42895,5222,1.0000
42896,5222,1.0000
42897,5222,1.0000
42898,5222,1.0000
42899,5222,1.0000
42900,5222,1.0000
42901,5222,1.0000
42902,5222,1.0000
42903,5222,1.0000
42904,5222,1.0000
42905,5222,1.0000
42906,5222,1.0000
42907,5222,1.0000
42908,5222,1.0000
42909,5222,1.0000
42910,5222,1.0000
42911,5222,1.0000
42912,5222,1.0000
42913,5222,1.0000
42914,5222,1.0000
42915,5222,1.0000
42916,5222,1.0000
42917,5222,1.0000
42918,5222,1.0000
42919,5222,1.0000
42920,5222,1.0000
42921,5222,1.0000
42922,5222,1.0000
42923,5222,1.0000
42924,5222,1.0000
42925,5222,1.0000
42926,5222,1.0000
42927,5222,1.0000
42928,5222,1.0000
42929,5222,1.0000
42930,5222,1.0000
42931,5222,1.0000
42932,5222,1.0000
42933,5222,1.0000
42934,5222,1.0000
42935,5222,1.0000
42936,5222,1.0000
42937,5222,1.0000
42938,5222,1.0000
42939,5222,1.0000
42940,5222,1.0000
42941,5222,1.0000
42942,5222,1.0000
42943,5222,1.0000
42944,5222,1.0000
42945,5222,1.0000
42946,5222,1.0000
42947,5222,1.0000
42948,5222,1.0000
42949,5222,1.0000
42950,5222,1.0000
42951,5222,1.0000
42952,5222,1.0000
42953,5222,1.0000
42954,5222,1.0000
42955,5222,1.0000
42956,5222,1.0000
42957,5222,1.0000
42958,5222,1.0000
42959,5222,1.0000
42960,5222,1.0000
42961,5222,1.0000
42962,5222,1.0000
42963,5222,1.0000
42964,5222,1.0000
42965,5222,1.0000
42966,5222,1.0000
42967,5222,1.0000
42968,5222,1.0000
42969,5222,1.0000
42970,5222,1.0000
42971,5222,1.0000
42972,5222,1.0000
42973,5222,1.0000
42974,5222,1.0000
42975,5222,1.0000
42976,5222,1.0000
42977,5222,1.0000
42978,5222,1.0000
42979,5222,1.0000
42980,5222,1.0000
42981,5222,1.0000
42982,5222,1.0000
42983,5222,1.0000
42984,5222,1.0000
42985,5222,1.0000
42986,5222,1.0000
42987,5222,1.0000
42988,5222,1.0000
42989,5222,1.0000
42990,5222,1.0000
42991,5222,1.0000
42992,5222,1.0000
42993,5222,1.0000
42994,5222,1.0000
42995,5222,1.0000
42996,5222,1.0000
42997,5222,1.0000
42998,5222,1.0000
42999,5222,1.0000
43000,5222,1.0000
43001,5222,1.0000
43002,5222,1.0000
43003,5222,1.0000
43004,5222,1.0000
43005,5222,1.0000
43006,5222,1.0000
43007,5222,1.0000
43008,5222,1.0000
43009,5222,1.0000
43010,5222,1.0000
43011,5222,1.0000
43012,5222,1.0000
43013,5222,1.0000
43014,5222,1.0000
43015,5222,1.0000
43016,5222,1.0000
43017,5222,1.0000
43018,5222,1.0000
43019,5222,1.0000
43020,5222,1.0000
43021,5222,1.0000
43022,5222,1.0000
43023,5222,1.0000
43024,5222,1.0000
43025,5222,1.0000
43026,5222,1.0000
43027,5222,1.0000
43028,5222,1.0000
43029,5222,1.0000
43030,5222,1.0000
43031,5222,1.0000
43032,5222,1.0000
43033,5222,1.0000
43034,5222,1.0000
43035,5222,1.0000
43036,5222,1.0000
43037,5222,1.0000
43038,5222,1.0000
43039,5222,1.0000
43040,5222,1.0000
43041,5222,1.0000
43042,5222,1.0000
43043,5222,1.0000
43044,5222,1.0000
43045,5222,1.0000
43046,5222,1.0000
43047,5222,1.0000
43048,5222,1.0000
43049,5222,1.0000
43050,5222,1.0000
43051,5222,1.0000
43052,5222,1.0000
43053,5222,1.0000
43054,5222,1.0000
43055,5222,1.0000
43056,5222,1.0000
43057,5222,1.0000
43058,5222,1.0000
43059,5222,1.0000
43060,5222,1.0000
43061,5222,1.0000
43062,5222,1.0000
43063,5222,1.0000
43064,5222,1.0000
43065,5222,1.0000
43066,5222,1.0000
43067,5222,1.0000
43068,5222,1.0000
43069,5222,1.0000
43070,5222,1.0000
43071,5222,1.0000
43072,5222,1.0000
43073,5222,1.0000
43074,5222,1.0000
43075,5222,1.0000
43076,5222,1.0000
43077,5222,1.0000
43078,5222,1.0000
43079,5222,1.0000
43080,5222,1.0000
43081,5222,1.0000
43082,5222,1.0000
43083,5222,1.0000
43084,5222,1.0000
43085,5222,1.0000
43086,5222,1.0000
43087,5222,1.0000
43088,5222,1.0000
43089,5222,1.0000
43090,5222,1.0000
43091,5222,1.0000
43092,5222,1.0000
43093,5222,1.0000
43094,5222,1.0000
43095,5222,1.0000
43096,5222,1.0000
43097,5222,1.0000
43098,5222,1.0000
43099,5222,1.0000
43100,5222,1.0000
43101,5222,1.0000
43102,5222,1.0000
43103,5222,1.0000
43104,5222,1.0000
43105,5222,1.0000
43106,5222,1.0000
43107,5222,1.0000
43108,5222,1.0000
43109,5222,1.0000
43110,5222,1.0000
43111,5222,1.0000
43112,5222,1.0000
43113,5222,1.0000
43114,5222,1.0000
43115,5222,1.0000
43116,5222,1.0000
43117,5222,1.0000
43118,5222,1.0000
43119,5222,1.0000
43120,5222,1.0000
43121,5222,1.0000
43122,5222,1.0000
43123,5222,1.0000
43124,5222,1.0000
43125,5222,1.0000
43126,5222,1.0000
43127,5222,1.0000
43128,5222,1.0000
43129,5222,1.0000
43130,5222,1.0000
43131,5222,1.0000
43132,5222,1.0000
43133,5222,1.0000
43134,5222,1.0000
43135,5222,1.0000
43136,5222,1.0000
43137,5222,1.0000
43138,5222,1.0000
43139,5222,1.0000
43140,5222,1.0000
43141,5222,1.0000
43142,5222,1.0000
43143,5222,1.0000
43144,5222,1.0000
43145,5222,1.0000
43146,5222,1.0000
43147,5222,1.0000
43148,5222,1.0000
43149,5222,1.0000
43150,5222,1.0000
43151,5222,1.0000
43152,5222,1.0000
43153,5222,1.0000
43154,5222,1.0000
43155,5222,1.0000
43156,5222,1.0000
43157,5222,1.0000
43158,5222,1.0000
43159,5222,1.0000
43160,5222,1.0000
43161,5222,1.0000
43162,5222,1.0000
43163,5222,1.0000
43164,5222,1.0000
43165,5222,1.0000
43166,5222,1.0000
43167,5222,1.0000
43168,5222,1.0000
43169,5222,1.0000
43170,5222,1.0000
43171,5222,1.0000
43172,5222,1.0000
43173,5222,1.0000
43174,5222,1.0000
43175,5222,1.0000
43176,5222,1.0000
43177,5222,1.0000
43178,5222,1.0000
43179,5222,1.0000
43180,5222,1.0000
43181,5222,1.0000
43182,5222,1.0000
43183,5222,1.0000
43184,5222,1.0000
43185,5222,1.0000
43186,5222,1.0000
43187,5222,1.0000
43188,5222,1.0000
43189,5222,1.0000
43190,5222,1.0000
43191,5222,1.0000
43192,5222,1.0000
43193,5222,1.0000
43194,5222,1.0000
43195,5222,1.0000
43196,5222,1.0000
43197,5222,1.0000
43198,5222,1.0000
43199,5222,1.0000
43200,5222,1.0000
43201,5222,1.0000
43202,5222,1.0000
43203,5222,1.0000
43204,5222,1.0000
43205,5222,1.0000
43206,5222,1.0000
43207,5222,1.0000
43208,5222,1.0000
43209,5222,1.0000
43210,5222,1.0000
43211,5222,1.0000
43212,5222,1.0000
43213,5222,1.0000
43214,5222,1.0000
43215,5222,1.0000
43216,5222,1.0000
43217,5222,1.0000
43218,5222,1.0000
43219,5222,1.0000
43220,5222,1.0000
43221,5222,1.0000
43222,5222,1.0000
43223,5222,1.0000
43224,5222,1.0000
43225,5222,1.0000
43226,5222,1.0000
43227,5222,1.0000
43228,5222,1.0000
43229,5222,1.0000
43230,5222,1.0000
43231,5222,1.0000
43232,5222,1.0000
43233,5222,1.0000
43234,5222,1.0000
43235,5222,1.0000
43236,5222,1.0000
43237,5222,1.0000
43238,5222,1.0000
43239,5222,1.0000
43240,5222,1.0000
43241,5222,1.0000
43242,5222,1.0000
43243,5222,1.0000
43244,5222,1.0000
43245,5222,1.0000
43246,5222,1.0000
43247,5222,1.0000
43248,5222,1.0000
43249,5222,1.0000
43250,5222,1.0000
43251,5222,1.0000
43252,5222,1.0000
43253,5222,1.0000
43254,5222,1.0000
43255,5222,1.0000
43256,5222,1.0000
43257,5222,1.0000
43258,5222,1.0000
43259,5222,1.0000
43260,5222,1.0000
43261,5222,1.0000
43262,5222,1.0000
43263,5222,1.0000
43264,5222,1.0000
43265,5222,1.0000
43266,5222,1.0000
43267,5222,1.0000
43268,5222,1.0000
43269,5222,1.0000
43270,5222,1.0000
43271,5222,1.0000
43272,5222,1.0000
43273,5222,1.0000
43274,5222,1.0000
43275,5222,1.0000
43276,5222,1.0000
43277,5222,1.0000
43278,5222,1.0000
43279,5222,1.0000
43280,5222,1.0000
43281,5222,1.0000
43282,5222,1.0000
43283,5222,1.0000
43284,5222,1.0000
43285,5222,1.0000
43286,5222,1.0000
43287,5222,1.0000
43288,5222,1.0000
43289,5222,1.0000
43290,5222,1.0000
43291,5222,1.0000
43292,5222,1.0000
43293,5222,1.0000
43294,5222,1.0000
43295,5222,1.0000
43296,5222,1.0000
43297,5222,1.0000
43298,5222,1.0000
43299,5222,1.0000
43300,5222,1.0000
43301,5222,1.0000
43302,5222,1.0000
43303,5222,1.0000
43304,5222,1.0000
43305,5222,1.0000
43306,5222,1.0000
43307,5222,1.0000
43308,5222,1.0000
43309,5222,1.0000
43310,5222,1.0000
43311,5222,1.0000
43312,5222,1.0000
43313,5222,1.0000
43314,5222,1.0000
43315,5222,1.0000
43316,5222,1.0000
43317,5222,1.0000
43318,5222,1.0000
43319,5222,1.0000
43320,5222,1.0000
43321,5222,1.0000
43322,5222,1.0000
43323,5222,1.0000
43324,5222,1.0000
43325,5222,1.0000
43326,5222,1.0000
43327,5222,1.0000
43328,5222,1.0000
43329,5222,1.0000
43330,5222,1.0000
43331,5222,1.0000
43332,5222,1.0000
43333,5222,1.0000
43334,5222,1.0000
43335,5222,1.0000
43336,5222,1.0000
43337,5222,1.0000
43338,5222,1.0000
43339,5222,1.0000
43340,5222,1.0000
43341,5222,1.0000
43342,5222,1.0000
43343,5222,1.0000
43344,5222,1.0000
43345,5222,1.0000
43346,5222,1.0000
43347,5222,1.0000
43348,5222,1.0000
43349,5222,1.0000
43350,5222,1.0000
43351,5222,1.0000
43352,5222,1.0000
43353,5222,1.0000
43354,5222,1.0000
43355,5222,1.0000
43356,5222,1.0000
43357,5222,1.0000
43358,5222,1.0000
43359,5222,1.0000
43360,5222,1.0000
43361,5222,1.0000
43362,5222,1.0000
43363,5222,1.0000
43364,5222,1.0000
43365,5222,1.0000
43366,5222,1.0000
43367,5222,1.0000
43368,5222,1.0000
43369,5222,1.0000
43370,5222,1.0000
43371,5222,1.0000
43372,5222,1.0000
43373,5222,1.0000
43374,5222,1.0000
43375,5222,1.0000
43376,5222,1.0000
43377,5222,1.0000
43378,5222,1.0000
43379,5222,1.0000
43380,5222,1.0000
43381,5222,1.0000
43382,5222,1.0000
43383,5222,1.0000
43384,5222,1.0000
43385,5222,1.0000
43386,5222,1.0000
43387,5222,1.0000
43388,5222,1.0000
43389,5222,1.0000
43390,5222,1.0000
43391,5222,1.0000
43392,5222,1.0000
43393,5222,1.0000
43394,5222,1.0000
43395,5222,1.0000
43396,5222,1.0000
43397,5222,1.0000
43398,5222,1.0000
43399,5222,1.0000
43400,5222,1.0000
43401,5222,1.0000
43402,5222,1.0000
43403,5222,1.0000
43404,5222,1.0000
43405,5222,1.0000
43406,5222,1.0000
43407,5222,1.0000
43408,5222,1.0000
43409,5222,1.0000
43410,5222,1.0000
43411,5222,1.0000
43412,5222,1.0000
43413,5222,1.0000
43414,5222,1.0000
43415,5222,1.0000
43416,5222,1.0000
43417,5222,1.0000
43418,5222,1.0000
43419,5222,1.0000
43420,5222,1.0000
43421,5222,1.0000
43422,5222,1.0000
43423,5222,1.0000
43424,5222,1.0000
43425,5222,1.0000
43426,5222,1.0000
43427,5222,1.0000
43428,5222,1.0000
43429,5222,1.0000
43430,5222,1.0000
43431,5222,1.0000
43432,5222,1.0000
43433,5222,1.0000
43434,5222,1.0000
43435,5222,1.0000
43436,5222,1.0000
43437,5222,1.0000
43438,5222,1.0000
43439,5222,1.0000
43440,5222,1.0000
43441,5222,1.0000
43442,5222,1.0000
43443,5222,1.0000
43444,5222,1.0000
43445,5222,1.0000
43446,5222,1.0000
43447,5222,1.0000
43448,5222,1.0000
43449,5222,1.0000
43450,5222,1.0000
43451,5222,1.0000
43452,5222,1.0000
43453,5222,1.0000
43454,5222,1.0000
43455,5222,1.0000
43456,5222,1.0000
43457,5222,1.0000
43458,5222,1.0000
43459,5222,1.0000
43460,5222,1.0000
43461,5222,1.0000
43462,5222,1.0000
43463,5222,1.0000
43464,5222,1.0000
43465,5222,1.0000
43466,5222,1.0000
43467,5222,1.0000
43468,5222,1.0000
43469,5222,1.0000
43470,5222,1.0000
43471,5222,1.0000
43472,5222,1.0000
43473,5222,1.0000
43474,5222,1.0000
43475,5222,1.0000
43476,5222,1.0000
43477,5222,1.0000
43478,5222,1.0000
43479,5222,1.0000
43480,5222,1.0000
43481,5222,1.0000
43482,5222,1.0000
43483,5222,1.0000
43484,5222,1.0000
43485,5222,1.0000
43486,5222,1.0000
43487,5222,1.0000
43488,5222,1.0000
43489,5222,1.0000
43490,5222,1.0000
43491,5222,1.0000
43492,5222,1.0000
43493,5222,1.0000
43494,5222,1.0000
43495,5222,1.0000
43496,5222,1.0000
43497,5222,1.0000
43498,5222,1.0000
43499,5222,1.0000
43500,5222,1.0000
43501,5222,1.0000
43502,5222,1.0000
43503,5222,1.0000
43504,5222,1.0000
43505,5222,1.0000
43506,5222,1.0000
43507,5222,1.0000
43508,5222,1.0000
43509,5222,1.0000
43510,5222,1.0000
43511,5222,1.0000
43512,5222,1.0000
43513,5222,1.0000
43514,5222,1.0000
43515,5222,1.0000
43516,5222,1.0000
43517,5222,1.0000
43518,5222,1.0000
43519,5222,1.0000
43520,5222,1.0000
43521,5222,1.0000
43522,5222,1.0000
43523,5222,1.0000
43524,5222,1.0000
43525,5222,1.0000
43526,5222,1.0000
43527,5222,1.0000
43528,5222,1.0000
43529,5222,1.0000
43530,5222,1.0000
43531,5222,1.0000
43532,5222,1.0000
43533,5222,1.0000
43534,5222,1.0000
43535,5222,1.0000
43536,5222,1.0000
43537,5222,1.0000
43538,5222,1.0000
43539,5222,1.0000
43540,5222,1.0000
43541,5222,1.0000
43542,5222,1.0000
43543,5222,1.0000
43544,5222,1.0000
43545,5222,1.0000
43546,5222,1.0000
43547,5222,1.0000
43548,5222,1.0000
43549,5222,1.0000
43550,5222,1.0000
43551,5222,1.0000
43552,5222,1.0000
43553,5222,1.0000
43554,5222,1.0000
43555,5222,1.0000
43556,5222,1.0000
43557,5222,1.0000
43558,5222,1.0000
43559,5222,1.0000
43560,5222,1.0000
43561,5222,1.0000
43562,5222,1.0000
43563,5222,1.0000
43564,5222,1.0000
43565,5222,1.0000
43566,5222,1.0000
43567,5222,1.0000
43568,5222,1.0000
43569,5222,1.0000
43570,5222,1.0000
43571,5222,1.0000
43572,5222,1.0000
43573,5222,1.0000
43574,5222,1.0000
43575,5222,1.0000
43576,5222,1.0000
43577,5222,1.0000
43578,5222,1.0000
43579,5222,1.0000
43580,5222,1.0000
43581,5222,1.0000
43582,5222,1.0000
43583,5222,1.0000
43584,5222,1.0000
43585,5222,1.0000
43586,5222,1.0000
43587,5222,1.0000
43588,5222,1.0000
43589,5222,1.0000
43590,5222,1.0000
43591,5222,1.0000
43592,5222,1.0000
43593,5222,1.0000
43594,5222,1.0000
43595,5222,1.0000
43596,5222,1.0000
43597,5222,1.0000
43598,5222,1.0000
43599,5222,1.0000
43600,5222,1.0000
43601,5222,1.0000
43602,5222,1.0000
43603,5222,1.0000
43604,5222,1.0000
43605,5222,1.0000
43606,5222,1.0000
43607,5222,1.0000
43608,5222,1.0000
43609,5222,1.0000
43610,5222,1.0000
43611,5222,1.0000
43612,5222,1.0000
43613,5222,1.0000
43614,5222,1.0000
43615,5222,1.0000
43616,5222,1.0000
43617,5222,1.0000
43618,5222,1.0000
43619,5222,1.0000
43620,5222,1.0000
43621,5222,1.0000
43622,5222,1.0000
43623,5222,1.0000
43624,5222,1.0000
43625,5222,1.0000
43626,5222,1.0000
43627,5222,1.0000
43628,5222,1.0000
43629,5222,1.0000
43630,5222,1.0000
43631,5222,1.0000
43632,5222,1.0000
43633,5222,1.0000
43634,5222,1.0000
43635,5222,1.0000
43636,5222,1.0000
43637,5222,1.0000
43638,5222,1.0000
43639,5222,1.0000
43640,5222,1.0000
43641,5222,1.0000
43642,5222,1.0000
43643,5222,1.0000
43644,5222,1.0000
43645,5222,1.0000
43646,5222,1.0000
43647,5222,1.0000
43648,5222,1.0000
43649,5222,1.0000
43650,5222,1.0000
43651,5222,1.0000
43652,5222,1.0000
43653,5222,1.0000
43654,5222,1.0000
43655,5222,1.0000
43656,5222,1.0000
43657,5222,1.0000
43658,5222,1.0000
43659,5222,1.0000
43660,5222,1.0000
43661,5222,1.0000
43662,5222,1.0000
43663,5222,1.0000
43664,5222,1.0000
43665,5222,1.0000
43666,5222,1.0000
43667,5222,1.0000
43668,5222,1.0000
43669,5222,1.0000
43670,5222,1.0000
43671,5222,1.0000
43672,5222,1.0000
43673,5222,1.0000
43674,5222,1.0000
43675,5222,1.0000
43676,5222,1.0000
43677,5222,1.0000
43678,5222,1.0000
43679,5222,1.0000
43680,5222,1.0000
43681,5222,1.0000
43682,5222,1.0000
43683,5222,1.0000
43684,5222,1.0000
43685,5222,1.0000
43686,5222,1.0000
43687,5222,1.0000
43688,5222,1.0000
43689,5222,1.0000
43690,5222,1.0000
43691,5222,1.0000
43692,5222,1.0000
43693,5222,1.0000
43694,5222,1.0000
43695,5222,1.0000
43696,5222,1.0000
43697,5222,1.0000
43698,5222,1.0000
43699,5222,1.0000
43700,5222,1.0000
43701,5222,1.0000
43702,5222,1.0000
43703,5222,1.0000
43704,5222,1.0000
43705,5222,1.0000
43706,5222,1.0000
43707,5222,1.0000
43708,5222,1.0000
43709,5222,1.0000
43710,5222,1.0000
43711,5222,1.0000
43712,5222,1.0000
43713,5222,1.0000
43714,5222,1.0000
43715,5222,1.0000
43716,5222,1.0000
43717,5222,1.0000
43718,5222,1.0000
43719,5222,1.0000
43720,5222,1.0000
43721,5222,1.0000
43722,5222,1.0000
43723,5222,1.0000
43724,5222,1.0000
43725,5222,1.0000
43726,5222,1.0000
43727,5222,1.0000
43728,5222,1.0000
43729,5222,1.0000
43730,5222,1.0000
43731,5222,1.0000
43732,5222,1.0000
43733,5222,1.0000
43734,5222,1.0000
43735,5222,1.0000
43736,5222,1.0000
43737,5222,1.0000
43738,5222,1.0000
43739,5222,1.0000
43740,5222,1.0000
43741,5222,1.0000
43742,5222,1.0000
43743,5222,1.0000
43744,5222,1.0000
43745,5222,1.0000
43746,5222,1.0000
43747,5222,1.0000
43748,5222,1.0000
43749,5222,1.0000
43750,5222,1.0000
43751,5222,1.0000
43752,5222,1.0000
43753,5222,1.0000
43754,5222,1.0000
43755,5222,1.0000
43756,5222,1.0000
43757,5222,1.0000
43758,5222,1.0000
43759,5222,1.0000
43760,5222,1.0000
43761,5222,1.0000
43762,5222,1.0000
43763,5222,1.0000
43764,5222,1.0000
43765,5222,1.0000
43766,5222,1.0000
43767,5222,1.0000
43768,5222,1.0000
43769,5222,1.0000
43770,5222,1.0000
43771,5222,1.0000
43772,5222,1.0000
43773,5222,1.0000
43774,5222,1.0000
43775,5222,1.0000
43776,5222,1.0000
43777,5222,1.0000
43778,5222,1.0000
43779,5222,1.0000
43780,5222,1.0000
43781,5222,1.0000
43782,5222,1.0000
43783,5222,1.0000
43784,5222,1.0000
43785,5222,1.0000
43786,5222,1.0000
43787,5222,1.0000
43788,5222,1.0000
43789,5222,1.0000
43790,5222,1.0000
43791,5222,1.0000
43792,5222,1.0000
43793,5222,1.0000
43794,5222,1.0000
43795,5222,1.0000
43796,5222,1.0000
43797,5222,1.0000
43798,5222,1.0000
43799,5222,1.0000
43800,5222,1.0000
43801,5222,1.0000
43802,5222,1.0000
43803,5222,1.0000
43804,5222,1.0000
43805,5222,1.0000
43806,5222,1.0000
43807,5222,1.0000
43808,5222,1.0000
43809,5222,1.0000
43810,5222,1.0000
43811,5222,1.0000
43812,5222,1.0000
43813,5222,1.0000
43814,5222,1.0000
43815,5222,1.0000
43816,5222,1.0000
43817,5222,1.0000
43818,5222,1.0000
43819,5222,1.0000
43820,5222,1.0000
43821,5222,1.0000
43822,5222,1.0000
43823,5222,1.0000
43824,5222,1.0000
43825,5222,1.0000
43826,5222,1.0000
43827,5222,1.0000
43828,5222,1.0000
43829,5222,1.0000
43830,5222,1.0000
43831,5222,1.0000
43832,5222,1.0000
43833,5222,1.0000
43834,5222,1.0000
43835,5222,1.0000
43836,5222,1.0000
43837,5222,1.0000
43838,5222,1.0000
43839,5222,1.0000
43840,5222,1.0000
43841,5222,1.0000
43842,5222,1.0000
43843,5222,1.0000
43844,5222,1.0000
43845,5222,1.0000
43846,5222,1.0000
43847,5222,1.0000
43848,5222,1.0000
43849,5222,1.0000
43850,5222,1.0000
43851,5222,1.0000
43852,5222,1.0000
43853,5222,1.0000
43854,5222,1.0000
43855,5222,1.0000
43856,5222,1.0000
43857,5222,1.0000
43858,5222,1.0000
43859,5222,1.0000
43860,5222,1.0000
43861,5222,1.0000
43862,5222,1.0000
43863,5222,1.0000
43864,5222,1.0000
43865,5222,1.0000
43866,5222,1.0000
43867,5222,1.0000
43868,5222,1.0000
43869,5222,1.0000
43870,5222,1.0000
43871,5222,1.0000
43872,5222,1.0000
43873,5222,1.0000
43874,5222,1.0000
43875,5222,1.0000
43876,5222,1.0000
43877,5222,1.0000
43878,5222,1.0000
43879,5222,1.0000
43880,5222,1.0000
43881,5222,1.0000
43882,5222,1.0000
43883,5222,1.0000
43884,5222,1.0000
43885,5222,1.0000
43886,5222,1.0000
43887,5222,1.0000
43888,5222,1.0000
43889,5222,1.0000
43890,5222,1.0000
43891,5222,1.0000
43892,5222,1.0000
43893,5222,1.0000
43894,5222,1.0000
43895,5222,1.0000
43896,5222,1.0000
43897,5222,1.0000
43898,5222,1.0000
43899,5222,1.0000
43900,5222,1.0000
43901,5222,1.0000
43902,5222,1.0000
43903,5222,1.0000
43904,5222,1.0000
43905,5222,1.0000
43906,5222,1.0000
43907,5222,1.0000
43908,5222,1.0000
43909,5222,1.0000
43910,5222,1.0000
43911,5222,1.0000
43912,5222,1.0000
43913,5222,1.0000
43914,5222,1.0000
43915,5222,1.0000
43916,5222,1.0000
43917,5222,1.0000
43918,5222,1.0000
43919,5222,1.0000
43920,5222,1.0000
43921,5222,1.0000
43922,5222,1.0000
43923,5222,1.0000
43924,5222,1.0000
43925,5222,1.0000
43926,5222,1.0000
43927,5222,1.0000
43928,5222,1.0000
43929,5222,1.0000
43930,5222,1.0000
43931,5222,1.0000
43932,5222,1.0000
43933,5222,1.0000
43934,5222,1.0000
43935,5222,1.0000
43936,5222,1.0000
43937,5222,1.0000
43938,5222,1.0000
43939,5222,1.0000
43940,5222,1.0000
43941,5222,1.0000
43942,5222,1.0000
43943,5222,1.0000
43944,5222,1.0000
43945,5222,1.0000
43946,5222,1.0000
43947,5222,1.0000
43948,5222,1.0000
43949,5222,1.0000
43950,5222,1.0000
43951,5222,1.0000
43952,5222,1.0000
43953,5222,1.0000
43954,5222,1.0000
43955,5222,1.0000
43956,5222,1.0000
43957,5222,1.0000
43958,5222,1.0000
43959,5222,1.0000
43960,5222,1.0000
43961,5222,1.0000
43962,5222,1.0000
43963,5222,1.0000
43964,5222,1.0000
43965,5222,1.0000
43966,5222,1.0000
43967,5222,1.0000
43968,5222,1.0000
43969,5222,1.0000
43970,5222,1.0000
43971,5222,1.0000
43972,5222,1.0000
43973,5222,1.0000
43974,5222,1.0000
43975,5222,1.0000
43976,5222,1.0000
43977,5222,1.0000
43978,5222,1.0000
43979,5222,1.0000
43980,5222,1.0000
43981,5222,1.0000
43982,5222,1.0000
43983,5222,1.0000
43984,5222,1.0000
43985,5222,1.0000
43986,5222,1.0000
43987,5222,1.0000
43988,5222,1.0000
43989,5222,1.0000
43990,5222,1.0000
43991,5222,1.0000
43992,5222,1.0000
43993,5222,1.0000
43994,5222,1.0000
43995,5222,1.0000
43996,5222,1.0000
43997,5222,1.0000
43998,5222,1.0000
43999,5222,1.0000
44000,5222,1.0000
44001,5222,1.0000
44002,5222,1.0000
44003,5222,1.0000
44004,5222,1.0000
44005,5222,1.0000
44006,5222,1.0000
44007,5222,1.0000
44008,5222,1.0000
44009,5222,1.0000
44010,5222,1.0000
44011,5222,1.0000
44012,5222,1.0000
44013,5222,1.0000
44014,5222,1.0000
44015,5222,1.0000
44016,5222,1.0000
44017,5222,1.0000
44018,5222,1.0000
44019,5222,1.0000
44020,5222,1.0000
44021,5222,1.0000
44022,5222,1.0000
44023,5222,1.0000
44024,5222,1.0000
44025,5222,1.0000
44026,5222,1.0000
44027,5222,1.0000
44028,5222,1.0000
44029,5222,1.0000
44030,5222,1.0000
44031,5222,1.0000
44032,5222,1.0000
44033,5222,1.0000
44034,5222,1.0000
44035,5222,1.0000
44036,5222,1.0000
44037,5222,1.0000
44038,5222,1.0000
44039,5222,1.0000
44040,5222,1.0000
44041,5222,1.0000
44042,5222,1.0000
44043,5222,1.0000
44044,5222,1.0000
44045,5222,1.0000
44046,5222,1.0000
44047,5222,1.0000
44048,5222,1.0000
44049,5222,1.0000
44050,5222,1.0000
44051,5222,1.0000
44052,5222,1.0000
44053,5222,1.0000
44054,5222,1.0000
44055,5222,1.0000
44056,5222,1.0000
44057,5222,1.0000
44058,5222,1.0000
44059,5222,1.0000
44060,5222,1.0000
44061,5222,1.0000
44062,5222,1.0000
44063,5222,1.0000
44064,5222,1.0000
44065,5222,1.0000
44066,5222,1.0000
44067,5222,1.0000
44068,5222,1.0000
44069,5222,1.0000
44070,5222,1.0000
44071,5222,1.0000
44072,5222,1.0000
44073,5222,1.0000
44074,5222,1.0000
44075,5222,1.0000
44076,5222,1.0000
44077,5222,1.0000
44078,5222,1.0000
44079,5222,1.0000
44080,5222,1.0000
44081,5222,1.0000
44082,5222,1.0000
44083,5222,1.0000
44084,5222,1.0000
44085,5222,1.0000
44086,5222,1.0000
44087,5222,1.0000
44088,5222,1.0000
44089,5222,1.0000
44090,5222,1.0000
44091,5222,1.0000
44092,5222,1.0000
44093,5222,1.0000
44094,5222,1.0000
44095,5222,1.0000
44096,5222,1.0000
44097,5222,1.0000
44098,5222,1.0000
44099,5222,1.0000
44100,5222,1.0000
44101,5222,1.0000
44102,5222,1.0000
44103,5222,1.0000
44104,5222,1.0000
44105,5222,1.0000
44106,5222,1.0000
44107,5222,1.0000
44108,5222,1.0000
44109,5222,1.0000
44110,5222,1.0000
44111,5222,1.0000
44112,5222,1.0000
44113,5222,1.0000
44114,5222,1.0000
44115,5222,1.0000
44116,5222,1.0000
44117,5222,1.0000
44118,5222,1.0000
44119,5222,1.0000
44120,5222,1.0000
44121,5222,1.0000
44122,5222,1.0000
44123,5222,1.0000
44124,5222,1.0000
44125,5222,1.0000
44126,5222,1.0000
44127,5222,1.0000
44128,5222,1.0000
44129,5222,1.0000
44130,5222,1.0000
44131,5222,1.0000
44132,5222,1.0000
44133,5222,1.0000
44134,5222,1.0000
44135,5222,1.0000
44136,5222,1.0000
44137,5222,1.0000
44138,5222,1.0000
44139,5222,1.0000
44140,5222,1.0000
44141,5222,1.0000
44142,5222,1.0000
44143,5222,1.0000
44144,5222,1.0000
44145,5222,1.0000
44146,5222,1.0000
44147,5222,1.0000
44148,5222,1.0000
44149,5222,1.0000
44150,5222,1.0000
44151,5222,1.0000
44152,5222,1.0000
44153,5222,1.0000
44154,5222,1.0000
44155,5222,1.0000
44156,5222,1.0000
44157,5222,1.0000
44158,5222,1.0000
44159,5222,1.0000
44160,5222,1.0000
44161,5222,1.0000
44162,5222,1.0000
44163,5222,1.0000
44164,5222,1.0000
44165,5222,1.0000
44166,5222,1.0000
44167,5222,1.0000
44168,5222,1.0000
44169,5222,1.0000
44170,5222,1.0000
44171,5222,1.0000
44172,5222,1.0000
44173,5222,1.0000
44174,5222,1.0000
44175,5222,1.0000
44176,5222,1.0000
44177,5222,1.0000
44178,5222,1.0000
44179,5222,1.0000
44180,5222,1.0000
44181,5222,1.0000
44182,5222,1.0000
44183,5222,1.0000
44184,5222,1.0000
44185,5222,1.0000
44186,5222,1.0000
44187,5222,1.0000
44188,5222,1.0000
44189,5222,1.0000
44190,5222,1.0000
44191,5222,1.0000
44192,5222,1.0000
44193,5222,1.0000
44194,5222,1.0000
44195,5222,1.0000
44196,5222,1.0000
44197,5222,1.0000
44198,5222,1.0000
44199,5222,1.0000
44200,5222,1.0000
44201,5222,1.0000
44202,5222,1.0000
44203,5222,1.0000
44204,5222,1.0000
44205,5222,1.0000
44206,5222,1.0000
44207,5222,1.0000
44208,5222,1.0000
44209,5222,1.0000
44210,5222,1.0000
44211,5222,1.0000
44212,5222,1.0000
44213,5222,1.0000
44214,5222,1.0000
44215,5222,1.0000
44216,5222,1.0000
44217,5222,1.0000
44218,5222,1.0000
44219,5222,1.0000
44220,5222,1.0000
44221,5222,1.0000
44222,5222,1.0000
44223,5222,1.0000
44224,5222,1.0000
44225,5222,1.0000
44226,5222,1.0000
44227,5222,1.0000
44228,5222,1.0000
44229,5222,1.0000
44230,5222,1.0000
44231,5222,1.0000
44232,5222,1.0000
44233,5222,1.0000
44234,5222,1.0000
44235,5222,1.0000
44236,5222,1.0000
44237,5222,1.0000
44238,5222,1.0000
44239,5222,1.0000
44240,5222,1.0000
44241,5222,1.0000
44242,5222,1.0000
44243,5222,1.0000
44244,5222,1.0000
44245,5222,1.0000
44246,5222,1.0000
44247,5222,1.0000
44248,5222,1.0000
44249,5222,1.0000
44250,5222,1.0000
44251,5222,1.0000
44252,5222,1.0000
44253,5222,1.0000
44254,5222,1.0000
44255,5222,1.0000
44256,5222,1.0000
44257,5222,1.0000
44258,5222,1.0000
44259,5222,1.0000
44260,5222,1.0000
44261,5222,1.0000
44262,5222,1.0000
44263,5222,1.0000
44264,5222,1.0000
44265,5222,1.0000
44266,5222,1.0000
44267,5222,1.0000
44268,5222,1.0000
44269,5222,1.0000
44270,5222,1.0000
44271,5222,1.0000
44272,5222,1.0000
44273,5222,1.0000
44274,5222,1.0000
44275,5222,1.0000
44276,5222,1.0000
44277,5222,1.0000
44278,5222,1.0000
44279,5222,1.0000
44280,5222,1.0000
44281,5222,1.0000
44282,5222,1.0000
44283,5222,1.0000
44284,5222,1.0000
44285,5222,1.0000
44286,5222,1.0000
44287,5222,1.0000
44288,5222,1.0000
44289,5222,1.0000
44290,5222,1.0000
44291,5222,1.0000
44292,5222,1.0000
44293,5222,1.0000
44294,5222,1.0000
44295,5222,1.0000
44296,5222,1.0000
44297,5222,1.0000
44298,5222,1.0000
44299,5222,1.0000
44300,5222,1.0000
44301,5222,1.0000
44302,5222,1.0000
44303,5222,1.0000
44304,5222,1.0000
44305,5222,1.0000
44306,5222,1.0000
44307,5222,1.0000
44308,5222,1.0000
44309,5222,1.0000
44310,5222,1.0000
44311,5222,1.0000
44312,5222,1.0000
44313,5222,1.0000
44314,5222,1.0000
44315,5222,1.0000
44316,5222,1.0000
44317,5222,1.0000
44318,5222,1.0000
44319,5222,1.0000
44320,5222,1.0000
44321,5222,1.0000
44322,5222,1.0000
44323,5222,1.0000
44324,5222,1.0000
44325,5222,1.0000
44326,5222,1.0000
44327,5222,1.0000
44328,5222,1.0000
44329,5222,1.0000
44330,5222,1.0000
44331,5222,1.0000
44332,5222,1.0000
44333,5222,1.0000
44334,5222,1.0000
44335,5222,1.0000
44336,5222,1.0000
44337,5222,1.0000
44338,5222,1.0000
44339,5222,1.0000
44340,5222,1.0000
44341,5222,1.0000
44342,5222,1.0000
44343,5222,1.0000
44344,5222,1.0000
44345,5222,1.0000
44346,5222,1.0000
44347,5222,1.0000
44348,5222,1.0000
44349,5222,1.0000
44350,5222,1.0000
44351,5222,1.0000
44352,5222,1.0000
44353,5222,1.0000
44354,5222,1.0000
44355,5222,1.0000
44356,5222,1.0000
44357,5222,1.0000
44358,5222,1.0000
44359,5222,1.0000
44360,5222,1.0000
44361,5222,1.0000
44362,5222,1.0000
44363,5222,1.0000
44364,5222,1.0000
44365,5222,1.0000
44366,5222,1.0000
44367,5222,1.0000
44368,5222,1.0000
44369,5222,1.0000
44370,5222,1.0000
44371,5222,1.0000
44372,5222,1.0000
44373,5222,1.0000
44374,5222,1.0000
44375,5222,1.0000
44376,5222,1.0000
44377,5222,1.0000
44378,5222,1.0000
44379,5222,1.0000
44380,5222,1.0000
44381,5222,1.0000
44382,5222,1.0000
44383,5222,1.0000
44384,5222,1.0000
44385,5222,1.0000
44386,5222,1.0000
44387,5222,1.0000
44388,5222,1.0000
44389,5222,1.0000
44390,5222,1.0000
44391,5222,1.0000
44392,5222,1.0000
44393,5222,1.0000
44394,5222,1.0000
44395,5222,1.0000
44396,5222,1.0000
44397,5222,1.0000
44398,5222,1.0000
44399,5222,1.0000
44400,5222,1.0000
44401,5222,1.0000
44402,5222,1.0000
44403,5222,1.0000
44404,5222,1.0000
44405,5222,1.0000
44406,5222,1.0000
44407,5222,1.0000
44408,5222,1.0000
44409,5222,1.0000
44410,5222,1.0000
44411,5222,1.0000
44412,5222,1.0000
44413,5222,1.0000
44414,5222,1.0000
44415,5222,1.0000
44416,5222,1.0000
44417,5222,1.0000
44418,5222,1.0000
44419,5222,1.0000
44420,5222,1.0000
44421,5222,1.0000
44422,5222,1.0000
44423,5222,1.0000
44424,5222,1.0000
44425,5222,1.0000
44426,5222,1.0000
44427,5222,1.0000
44428,5222,1.0000
44429,5222,1.0000
44430,5222,1.0000
44431,5222,1.0000
44432,5222,1.0000
44433,5222,1.0000
44434,5222,1.0000
44435,5222,1.0000
44436,5222,1.0000
44437,5222,1.0000
44438,5222,1.0000
44439,5222,1.0000
44440,5222,1.0000
44441,5222,1.0000
44442,5222,1.0000
44443,5222,1.0000
44444,5222,1.0000
44445,5222,1.0000
44446,5222,1.0000
44447,5222,1.0000
44448,5222,1.0000
44449,5222,1.0000
44450,5222,1.0000
44451,5222,1.0000
44452,5222,1.0000
44453,5222,1.0000
44454,5222,1.0000
44455,5222,1.0000
44456,5222,1.0000
44457,5222,1.0000
44458,5222,1.0000
44459,5222,1.0000
44460,5222,1.0000
44461,5222,1.0000
44462,5222,1.0000
44463,5222,1.0000
44464,5222,1.0000
44465,5222,1.0000
44466,5222,1.0000
44467,5222,1.0000
44468,5222,1.0000
44469,5222,1.0000
44470,5222,1.0000
44471,5222,1.0000
44472,5222,1.0000
44473,5222,1.0000
44474,5222,1.0000
44475,5222,1.0000
44476,5222,1.0000
44477,5222,1.0000
44478,5222,1.0000
44479,5222,1.0000
44480,5222,1.0000
44481,5222,1.0000
44482,5222,1.0000
44483,5222,1.0000
44484,5222,1.0000
44485,5222,1.0000
44486,5222,1.0000
44487,5222,1.0000
44488,5222,1.0000
44489,5222,1.0000
44490,5222,1.0000
44491,5222,1.0000
44492,5222,1.0000
44493,5222,1.0000
44494,5222,1.0000
44495,5222,1.0000
44496,5222,1.0000
44497,5222,1.0000
44498,5222,1.0000
44499,5222,1.0000
44500,5222,1.0000
44501,5222,1.0000
44502,5222,1.0000
44503,5222,1.0000
44504,5222,1.0000
44505,5222,1.0000
44506,5222,1.0000
44507,5222,1.0000
44508,5222,1.0000
44509,5222,1.0000
44510,5222,1.0000
44511,5222,1.0000
44512,5222,1.0000
44513,5222,1.0000
44514,5222,1.0000
44515,5222,1.0000
44516,5222,1.0000
44517,5222,1.0000
44518,5222,1.0000
44519,5222,1.0000
44520,5222,1.0000
44521,5222,1.0000
44522,5222,1.0000
44523,5222,1.0000
44524,5222,1.0000
44525,5222,1.0000
44526,5222,1.0000
44527,5222,1.0000
44528,5222,1.0000
44529,5222,1.0000
44530,5222,1.0000
44531,5222,1.0000
44532,5222,1.0000
44533,5222,1.0000
44534,5222,1.0000
44535,5222,1.0000
44536,5222,1.0000
44537,5222,1.0000
44538,5222,1.0000
44539,5222,1.0000
44540,5222,1.0000
44541,5222,1.0000
44542,5222,1.0000
44543,5222,1.0000
44544,5222,1.0000
44545,5222,1.0000
44546,5222,1.0000
44547,5222,1.0000
44548,5222,1.0000
44549,5222,1.0000
44550,5222,1.0000
44551,5222,1.0000
44552,5222,1.0000
44553,5222,1.0000
44554,5222,1.0000
44555,5222,1.0000
44556,5222,1.0000
44557,5222,1.0000
44558,5222,1.0000
44559,5222,1.0000
44560,5222,1.0000
44561,5222,1.0000
44562,5222,1.0000
44563,5222,1.0000
44564,5222,1.0000
44565,5222,1.0000
44566,5222,1.0000
44567,5222,1.0000
44568,5222,1.0000
44569,5222,1.0000
44570,5222,1.0000
44571,5222,1.0000
44572,5222,1.0000
44573,5222,1.0000
44574,5222,1.0000
44575,5222,1.0000
44576,5222,1.0000
44577,5222,1.0000
44578,5222,1.0000
44579,5222,1.0000
44580,5222,1.0000
44581,5222,1.0000
44582,5222,1.0000
44583,5222,1.0000
44584,5222,1.0000
44585,5222,1.0000
44586,5222,1.0000
44587,5222,1.0000
44588,5222,1.0000
44589,5222,1.0000
44590,5222,1.0000
44591,5222,1.0000
44592,5222,1.0000
44593,5222,1.0000
44594,5222,1.0000
44595,5222,1.0000
44596,5222,1.0000
44597,5222,1.0000
44598,5222,1.0000
44599,5222,1.0000
44600,5222,1.0000
44601,5222,1.0000
44602,5222,1.0000
44603,5222,1.0000
44604,5222,1.0000
44605,5222,1.0000
44606,5222,1.0000
44607,5222,1.0000
44608,5222,1.0000
44609,5222,1.0000
44610,5222,1.0000
44611,5222,1.0000
44612,5222,1.0000
44613,5222,1.0000
44614,5222,1.0000
44615,5222,1.0000
44616,5222,1.0000
44617,5222,1.0000
44618,5222,1.0000
44619,5222,1.0000
44620,5222,1.0000
44621,5222,1.0000
44622,5222,1.0000
44623,5222,1.0000
44624,5222,1.0000
44625,5222,1.0000
44626,5222,1.0000
44627,5222,1.0000
44628,5222,1.0000
44629,5222,1.0000
44630,5222,1.0000
44631,5222,1.0000
44632,5222,1.0000
44633,5222,1.0000
44634,5222,1.0000
44635,5222,1.0000
44636,5222,1.0000
44637,5222,1.0000
44638,5222,1.0000
44639,5222,1.0000
44640,5222,1.0000
44641,5222,1.0000
44642,5222,1.0000
44643,5222,1.0000
44644,5222,1.0000
44645,5222,1.0000
44646,5222,1.0000
44647,5222,1.0000
44648,5222,1.0000
44649,5222,1.0000
44650,5222,1.0000
44651,5222,1.0000
44652,5222,1.0000
44653,5222,1.0000
44654,5222,1.0000
44655,5222,1.0000
44656,5222,1.0000
44657,5222,1.0000
44658,5222,1.0000
44659,5222,1.0000
44660,5222,1.0000
44661,5222,1.0000
44662,5222,1.0000
44663,5222,1.0000
44664,5222,1.0000
44665,5222,1.0000
44666,5222,1.0000
44667,5222,1.0000
44668,5222,1.0000
44669,5222,1.0000
44670,5222,1.0000
44671,5222,1.0000
44672,5222,1.0000
44673,5222,1.0000
44674,5222,1.0000
44675,5222,1.0000
44676,5222,1.0000
44677,5222,1.0000
44678,5222,1.0000
44679,5222,1.0000
44680,5222,1.0000
44681,5222,1.0000
44682,5222,1.0000
44683,5222,1.0000
44684,5222,1.0000
44685,5222,1.0000
44686,5222,1.0000
44687,5222,1.0000
44688,5222,1.0000
44689,5222,1.0000
44690,5222,1.0000
44691,5222,1.0000
44692,5222,1.0000
44693,5222,1.0000
44694,5222,1.0000
44695,5222,1.0000
44696,5222,1.0000
44697,5222,1.0000
44698,5222,1.0000
44699,5222,1.0000
44700,5222,1.0000
44701,5222,1.0000
44702,5222,1.0000
44703,5222,1.0000
44704,5222,1.0000
44705,5222,1.0000
44706,5222,1.0000
44707,5222,1.0000
44708,5222,1.0000
44709,5222,1.0000
44710,5222,1.0000
44711,5222,1.0000
44712,5222,1.0000
44713,5222,1.0000
44714,5222,1.0000
44715,5222,1.0000
44716,5222,1.0000
44717,5222,1.0000
44718,5222,1.0000
44719,5222,1.0000
44720,5222,1.0000
44721,5222,1.0000
44722,5222,1.0000
44723,5222,1.0000
44724,5222,1.0000
44725,5222,1.0000
44726,5222,1.0000
44727,5222,1.0000
44728,5222,1.0000
44729,5222,1.0000
44730,5222,1.0000
44731,5222,1.0000
44732,5222,1.0000
44733,5222,1.0000
44734,5222,1.0000
44735,5222,1.0000
44736,5222,1.0000
44737,5222,1.0000
44738,5222,1.0000
44739,5222,1.0000
44740,5222,1.0000
44741,5222,1.0000
44742,5222,1.0000
44743,5222,1.0000
44744,5222,1.0000
44745,5222,1.0000
44746,5222,1.0000
44747,5222,1.0000
44748,5222,1.0000
44749,5222,1.0000
44750,5222,1.0000
44751,5222,1.0000
44752,5222,1.0000
44753,5222,1.0000
44754,5222,1.0000
44755,5222,1.0000
44756,5222,1.0000
44757,5222,1.0000
44758,5222,1.0000
44759,5222,1.0000
44760,5222,1.0000
44761,5222,1.0000
44762,5222,1.0000
44763,5222,1.0000
44764,5222,1.0000
44765,5222,1.0000
44766,5222,1.0000
44767,5222,1.0000
44768,5222,1.0000
44769,5222,1.0000
44770,5222,1.0000
44771,5222,1.0000
44772,5222,1.0000
44773,5222,1.0000
44774,5222,1.0000
44775,5222,1.0000
44776,5222,1.0000
44777,5222,1.0000
44778,5222,1.0000
44779,5222,1.0000
44780,5222,1.0000
44781,5222,1.0000
44782,5222,1.0000
44783,5222,1.0000
44784,5222,1.0000
44785,5222,1.0000
44786,5222,1.0000
44787,5222,1.0000
44788,5222,1.0000
44789,5222,1.0000
44790,5222,1.0000
44791,5222,1.0000
44792,5222,1.0000
44793,5222,1.0000
44794,5222,1.0000
44795,5222,1.0000
44796,5222,1.0000
44797,5222,1.0000
44798,5222,1.0000
44799,5222,1.0000
44800,5222,1.0000
44801,5222,1.0000
44802,5222,1.0000
44803,5222,1.0000
44804,5222,1.0000
44805,5222,1.0000
44806,5222,1.0000
44807,5222,1.0000
44808,5222,1.0000
44809,5222,1.0000
44810,5222,1.0000
44811,5222,1.0000
44812,5222,1.0000
44813,5222,1.0000
44814,5222,1.0000
44815,5222,1.0000
44816,5222,1.0000
44817,5222,1.0000
44818,5222,1.0000
44819,5222,1.0000
44820,5222,1.0000
44821,5222,1.0000
44822,5222,1.0000
44823,5222,1.0000
44824,5222,1.0000
44825,5222,1.0000
44826,5222,1.0000
44827,5222,1.0000
44828,5222,1.0000
44829,5222,1.0000
44830,5222,1.0000
44831,5222,1.0000
44832,5222,1.0000
44833,5222,1.0000
44834,5222,1.0000
44835,5222,1.0000
44836,5222,1.0000
44837,5222,1.0000
44838,5222,1.0000
44839,5222,1.0000
44840,5222,1.0000
44841,5222,1.0000
44842,5222,1.0000
44843,5222,1.0000
44844,5222,1.0000
44845,5222,1.0000
44846,5222,1.0000
44847,5222,1.0000
44848,5222,1.0000
44849,5222,1.0000
44850,5222,1.0000
44851,5222,1.0000
44852,5222,1.0000
44853,5222,1.0000
44854,5222,1.0000
44855,5222,1.0000
44856,5222,1.0000
44857,5222,1.0000
44858,5222,1.0000
44859,5222,1.0000
44860,5222,1.0000
44861,5222,1.0000
44862,5222,1.0000
44863,5222,1.0000
44864,5222,1.0000
44865,5222,1.0000
44866,5222,1.0000
44867,5222,1.0000
44868,5222,1.0000
44869,5222,1.0000
44870,5222,1.0000
44871,5222,1.0000
44872,5222,1.0000
44873,5222,1.0000
44874,5222,1.0000
44875,5222,1.0000
44876,5222,1.0000
44877,5222,1.0000
44878,5222,1.0000
44879,5222,1.0000
44880,5222,1.0000
44881,5222,1.0000
44882,5222,1.0000
44883,5222,1.0000
44884,5222,1.0000
44885,5222,1.0000
44886,5222,1.0000
44887,5222,1.0000
44888,5222,1.0000
44889,5222,1.0000
44890,5222,1.0000
44891,5222,1.0000
44892,5222,1.0000
44893,5222,1.0000
44894,5222,1.0000
44895,5222,1.0000
44896,5222,1.0000
44897,5222,1.0000
44898,5222,1.0000
44899,5222,1.0000
44900,5222,1.0000
44901,5222,1.0000
44902,5222,1.0000
44903,5222,1.0000
44904,5222,1.0000
44905,5222,1.0000
44906,5222,1.0000
44907,5222,1.0000
44908,5222,1.0000
44909,5222,1.0000
44910,5222,1.0000
44911,5222,1.0000
44912,5222,1.0000
44913,5222,1.0000
44914,5222,1.0000
44915,5222,1.0000
44916,5222,1.0000
44917,5222,1.0000
44918,5222,1.0000
44919,5222,1.0000
44920,5222,1.0000
44921,5222,1.0000
44922,5222,1.0000
44923,5222,1.0000
44924,5222,1.0000
44925,5222,1.0000
44926,5222,1.0000
44927,5222,1.0000
44928,5222,1.0000
44929,5222,1.0000
44930,5222,1.0000
44931,5222,1.0000
44932,5222,1.0000
44933,5222,1.0000
44934,5222,1.0000
44935,5222,1.0000
44936,5222,1.0000
44937,5222,1.0000
44938,5222,1.0000
44939,5222,1.0000
44940,5222,1.0000
44941,5222,1.0000
44942,5222,1.0000
44943,5222,1.0000
44944,5222,1.0000
44945,5222,1.0000
44946,5222,1.0000
44947,5222,1.0000
44948,5222,1.0000
44949,5222,1.0000
44950,5222,1.0000
44951,5222,1.0000
44952,5222,1.0000
44953,5222,1.0000
44954,5222,1.0000
44955,5222,1.0000
44956,5222,1.0000
44957,5222,1.0000
44958,5222,1.0000
44959,5222,1.0000
44960,5222,1.0000
44961,5222,1.0000
44962,5222,1.0000
44963,5222,1.0000
44964,5222,1.0000
44965,5222,1.0000
44966,5222,1.0000
44967,5222,1.0000
44968,5222,1.0000
44969,5222,1.0000
44970,5222,1.0000
44971,5222,1.0000
44972,5222,1.0000
44973,5222,1.0000
44974,5222,1.0000
44975,5222,1.0000
44976,5222,1.0000
44977,5222,1.0000
44978,5222,1.0000
44979,5222,1.0000
44980,5222,1.0000
44981,5222,1.0000
44982,5222,1.0000
44983,5222,1.0000
44984,5222,1.0000
44985,5222,1.0000
44986,5222,1.0000
44987,5222,1.0000
44988,5222,1.0000
44989,5222,1.0000
44990,5222,1.0000
44991,5222,1.0000
44992,5222,1.0000
44993,5222,1.0000
44994,5222,1.0000
44995,5222,1.0000
44996,5222,1.0000
44997,5222,1.0000
44998,5222,1.0000
44999,5222,1.0000
45000,5222,1.0000
45001,5222,1.0000
45002,5222,1.0000
45003,5222,1.0000
45004,5222,1.0000
45005,5222,1.0000
45006,5222,1.0000
45007,5222,1.0000
45008,5222,1.0000
45009,5222,1.0000
45010,5222,1.0000
45011,5222,1.0000
45012,5222,1.0000
45013,5222,1.0000
45014,5222,1.0000
45015,5222,1.0000
45016,5222,1.0000
45017,5222,1.0000
45018,5222,1.0000
45019,5222,1.0000
45020,5222,1.0000
45021,5222,1.0000
45022,5222,1.0000
45023,5222,1.0000
45024,5222,1.0000
45025,5222,1.0000
45026,5222,1.0000
45027,5222,1.0000
45028,5222,1.0000
45029,5222,1.0000
45030,5222,1.0000
45031,5222,1.0000
45032,5222,1.0000
45033,5222,1.0000
45034,5222,1.0000
45035,5222,1.0000
45036,5222,1.0000
45037,5222,1.0000
45038,5222,1.0000
45039,5222,1.0000
45040,5222,1.0000
45041,5222,1.0000
45042,5222,1.0000
45043,5222,1.0000
45044,5222,1.0000
45045,5222,1.0000
45046,5222,1.0000
45047,5222,1.0000
45048,5222,1.0000
45049,5222,1.0000
45050,5222,1.0000
45051,5222,1.0000
45052,5222,1.0000
45053,5222,1.0000
45054,5222,1.0000
45055,5222,1.0000
45056,5222,1.0000
45057,5222,1.0000
45058,5222,1.0000
45059,5222,1.0000
45060,5222,1.0000
45061,5222,1.0000
45062,5222,1.0000
45063,5222,1.0000
45064,5222,1.0000
45065,5222,1.0000
45066,5222,1.0000
45067,5222,1.0000
45068,5222,1.0000
45069,5222,1.0000
45070,5222,1.0000
45071,5222,1.0000
45072,5222,1.0000
45073,5222,1.0000
45074,5222,1.0000
45075,5222,1.0000
45076,5222,1.0000
45077,5222,1.0000
45078,5222,1.0000
45079,5222,1.0000
45080,5222,1.0000
45081,5222,1.0000
45082,5222,1.0000
45083,5222,1.0000
45084,5222,1.0000
45085,5222,1.0000
45086,5222,1.0000
45087,5222,1.0000
45088,5222,1.0000
45089,5222,1.0000
45090,5222,1.0000
45091,5222,1.0000
45092,5222,1.0000
45093,5222,1.0000
45094,5222,1.0000
45095,5222,1.0000
45096,5222,1.0000
45097,5222,1.0000
45098,5222,1.0000
45099,5222,1.0000
45100,5222,1.0000
45101,5222,1.0000
45102,5222,1.0000
45103,5222,1.0000
45104,5222,1.0000
45105,5222,1.0000
45106,5222,1.0000
45107,5222,1.0000
45108,5222,1.0000
45109,5222,1.0000
45110,5222,1.0000
45111,5222,1.0000
45112,5222,1.0000
45113,5222,1.0000
45114,5222,1.0000
45115,5222,1.0000
45116,5222,1.0000
45117,5222,1.0000
45118,5222,1.0000
45119,5222,1.0000
45120,5222,1.0000
45121,5222,1.0000
45122,5222,1.0000
45123,5222,1.0000
45124,5222,1.0000
45125,5222,1.0000
45126,5222,1.0000
45127,5222,1.0000
45128,5222,1.0000
45129,5222,1.0000
45130,5222,1.0000
45131,5222,1.0000
45132,5222,1.0000
45133,5222,1.0000
45134,5222,1.0000
45135,5222,1.0000
45136,5222,1.0000
45137,5222,1.0000
45138,5222,1.0000
45139,5222,1.0000
45140,5222,1.0000
45141,5222,1.0000
45142,5222,1.0000
45143,5222,1.0000
45144,5222,1.0000
45145,5222,1.0000
45146,5222,1.0000
45147,5222,1.0000
45148,5222,1.0000
45149,5222,1.0000
45150,5222,1.0000
45151,5222,1.0000
45152,5222,1.0000
45153,5222,1.0000
45154,5222,1.0000
45155,5222,1.0000
45156,5222,1.0000
45157,5222,1.0000
45158,5222,1.0000
45159,5222,1.0000
45160,5222,1.0000
45161,5222,1.0000
45162,5222,1.0000
45163,5222,1.0000
45164,5222,1.0000
45165,5222,1.0000
45166,5222,1.0000
45167,5222,1.0000
45168,5222,1.0000
45169,5222,1.0000
45170,5222,1.0000
45171,5222,1.0000
45172,5222,1.0000
45173,5222,1.0000
45174,5222,1.0000
45175,5222,1.0000
45176,5222,1.0000
45177,5222,1.0000
45178,5222,1.0000
45179,5222,1.0000
45180,5222,1.0000
45181,5222,1.0000
45182,5222,1.0000
45183,5222,1.0000
45184,5222,1.0000
45185,5222,1.0000
45186,5222,1.0000
45187,5222,1.0000
45188,5222,1.0000
45189,5222,1.0000
45190,5222,1.0000
45191,5222,1.0000
45192,5222,1.0000
45193,5222,1.0000
45194,5222,1.0000
45195,5222,1.0000
45196,5222,1.0000
45197,5222,1.0000
45198,5222,1.0000
45199,5222,1.0000
45200,5222,1.0000
45201,5222,1.0000
45202,5222,1.0000
45203,5222,1.0000
45204,5222,1.0000
45205,5222,1.0000
45206,5222,1.0000
45207,5222,1.0000
45208,5222,1.0000
45209,5222,1.0000
45210,5222,1.0000
45211,5222,1.0000
45212,5222,1.0000
45213,5222,1.0000
45214,5222,1.0000
45215,5222,1.0000
45216,5222,1.0000
45217,5222,1.0000
45218,5222,1.0000
45219,5222,1.0000
45220,5222,1.0000
45221,5222,1.0000
45222,5222,1.0000
45223,5222,1.0000
45224,5222,1.0000
45225,5222,1.0000
45226,5222,1.0000
45227,5222,1.0000
45228,5222,1.0000
45229,5222,1.0000
45230,5222,1.0000
45231,5222,1.0000
45232,5222,1.0000
45233,5222,1.0000
45234,5222,1.0000
45235,5222,1.0000
45236,5222,1.0000
45237,5222,1.0000
45238,5222,1.0000
45239,5222,1.0000
45240,5222,1.0000
45241,5222,1.0000
45242,5222,1.0000
45243,5222,1.0000
45244,5222,1.0000
45245,5222,1.0000
45246,5222,1.0000
45247,5222,1.0000
45248,5222,1.0000
45249,5222,1.0000
45250,5222,1.0000
45251,5222,1.0000
45252,5222,1.0000
45253,5222,1.0000
45254,5222,1.0000
45255,5222,1.0000
45256,5222,1.0000
45257,5222,1.0000
45258,5222,1.0000
45259,5222,1.0000
45260,5222,1.0000
45261,5222,1.0000
45262,5222,1.0000
45263,5222,1.0000
45264,5222,1.0000
45265,5222,1.0000
45266,5222,1.0000
45267,5222,1.0000
45268,5222,1.0000
45269,5222,1.0000
45270,5222,1.0000
45271,5222,1.0000
45272,5222,1.0000
45273,5222,1.0000
45274,5222,1.0000
45275,5222,1.0000
45276,5222,1.0000
45277,5222,1.0000
45278,5222,1.0000
45279,5222,1.0000
45280,5222,1.0000
45281,5222,1.0000
45282,5222,1.0000
45283,5222,1.0000
45284,5222,1.0000
45285,5222,1.0000
45286,5222,1.0000
45287,5222,1.0000
45288,5222,1.0000
45289,5222,1.0000
45290,5222,1.0000
45291,5222,1.0000
45292,5222,1.0000
45293,5222,1.0000
45294,5222,1.0000
45295,5222,1.0000
45296,5222,1.0000
45297,5222,1.0000
45298,5222,1.0000
45299,5222,1.0000
45300,5222,1.0000
45301,5222,1.0000
45302,5222,1.0000
45303,5222,1.0000
45304,5222,1.0000
45305,5222,1.0000
45306,5222,1.0000
45307,5222,1.0000
45308,5222,1.0000
45309,5222,1.0000
45310,5222,1.0000
45311,5222,1.0000
45312,5222,1.0000
45313,5222,1.0000
45314,5222,1.0000
45315,5222,1.0000
45316,5222,1.0000
45317,5222,1.0000
45318,5222,1.0000
45319,5222,1.0000
45320,5222,1.0000
45321,5222,1.0000
45322,5222,1.0000
45323,5222,1.0000
45324,5222,1.0000
45325,5222,1.0000
45326,5222,1.0000
45327,5222,1.0000
45328,5222,1.0000
45329,5222,1.0000
45330,5222,1.0000
45331,5222,1.0000
45332,5222,1.0000
45333,5222,1.0000
45334,5222,1.0000
45335,5222,1.0000
45336,5222,1.0000
45337,5222,1.0000
45338,5222,1.0000
45339,5222,1.0000
45340,5222,1.0000
45341,5222,1.0000
45342,5222,1.0000
45343,5222,1.0000
45344,5222,1.0000
45345,5222,1.0000
45346,5222,1.0000
45347,5222,1.0000
45348,5222,1.0000
45349,5222,1.0000
45350,5222,1.0000
45351,5222,1.0000
45352,5222,1.0000
45353,5222,1.0000
45354,5222,1.0000
45355,5222,1.0000
45356,5222,1.0000
45357,5222,1.0000
45358,5222,1.0000
45359,5222,1.0000
45360,5222,1.0000
45361,5222,1.0000
45362,5222,1.0000
45363,5222,1.0000
45364,5222,1.0000
45365,5222,1.0000
45366,5222,1.0000
45367,5222,1.0000
45368,5222,1.0000
45369,5222,1.0000
45370,5222,1.0000
45371,5222,1.0000
45372,5222,1.0000
45373,5222,1.0000
45374,5222,1.0000
45375,5222,1.0000
45376,5222,1.0000
45377,5222,1.0000
45378,5222,1.0000
45379,5222,1.0000
45380,5222,1.0000
45381,5222,1.0000
45382,5222,1.0000
45383,5222,1.0000
45384,5222,1.0000
45385,5222,1.0000
45386,5222,1.0000
45387,5222,1.0000
45388,5222,1.0000
45389,5222,1.0000
45390,5222,1.0000
45391,5222,1.0000
45392,5222,1.0000
45393,5222,1.0000
45394,5222,1.0000
45395,5222,1.0000
45396,5222,1.0000
45397,5222,1.0000
45398,5222,1.0000
45399,5222,1.0000
45400,5222,1.0000
45401,5222,1.0000
45402,5222,1.0000
45403,5222,1.0000
45404,5222,1.0000
45405,5222,1.0000
45406,5222,1.0000
45407,5222,1.0000
45408,5222,1.0000
45409,5222,1.0000
45410,5222,1.0000
45411,5222,1.0000
45412,5222,1.0000
45413,5222,1.0000
45414,5222,1.0000
45415,5222,1.0000
45416,5222,1.0000
45417,5222,1.0000
45418,5222,1.0000
45419,5222,1.0000
45420,5222,1.0000
45421,5222,1.0000
45422,5222,1.0000
45423,5222,1.0000
45424,5222,1.0000
45425,5222,1.0000
45426,5222,1.0000
45427,5222,1.0000
45428,5222,1.0000
45429,5222,1.0000
45430,5222,1.0000
45431,5222,1.0000
45432,5222,1.0000
45433,5222,1.0000
45434,5222,1.0000
45435,5222,1.0000
45436,5222,1.0000
45437,5222,1.0000
45438,5222,1.0000
45439,5222,1.0000
45440,5222,1.0000
45441,5222,1.0000
45442,5222,1.0000
45443,5222,1.0000
45444,5222,1.0000
45445,5222,1.0000
45446,5222,1.0000
45447,5222,1.0000
45448,5222,1.0000
45449,5222,1.0000
45450,5222,1.0000
45451,5222,1.0000
45452,5222,1.0000
45453,5222,1.0000
45454,5222,1.0000
45455,5222,1.0000
45456,5222,1.0000
45457,5222,1.0000
45458,5222,1.0000
45459,5222,1.0000
45460,5222,1.0000
45461,5222,1.0000
45462,5222,1.0000
45463,5222,1.0000
45464,5222,1.0000
45465,5222,1.0000
45466,5222,1.0000
45467,5222,1.0000
45468,5222,1.0000
45469,5222,1.0000
45470,5222,1.0000
45471,5222,1.0000
45472,5222,1.0000
45473,5222,1.0000
45474,5222,1.0000
45475,5222,1.0000
45476,5222,1.0000
45477,5222,1.0000
45478,5222,1.0000
45479,5222,1.0000
45480,5222,1.0000
45481,5222,1.0000
45482,5222,1.0000
45483,5222,1.0000
45484,5222,1.0000
45485,5222,1.0000
45486,5222,1.0000
45487,5222,1.0000
45488,5222,1.0000
45489,5222,1.0000
45490,5222,1.0000
45491,5222,1.0000
45492,5222,1.0000
45493,5222,1.0000
45494,5222,1.0000
45495,5222,1.0000
45496,5222,1.0000
45497,5222,1.0000
45498,5222,1.0000
45499,5222,1.0000
45500,5222,1.0000
45501,5222,1.0000
45502,5222,1.0000
45503,5222,1.0000
45504,5222,1.0000
45505,5222,1.0000
45506,5222,1.0000
45507,5222,1.0000
45508,5222,1.0000
45509,5222,1.0000
45510,5222,1.0000
45511,5222,1.0000
45512,5222,1.0000
45513,5222,1.0000
45514,5222,1.0000
45515,5222,1.0000
45516,5222,1.0000
45517,5222,1.0000
45518,5222,1.0000
45519,5222,1.0000
45520,5222,1.0000
45521,5222,1.0000
45522,5222,1.0000
45523,5222,1.0000
45524,5222,1.0000
45525,5222,1.0000
45526,5222,1.0000
45527,5222,1.0000
45528,5222,1.0000
45529,5222,1.0000
45530,5222,1.0000
45531,5222,1.0000
45532,5222,1.0000
45533,5222,1.0000
45534,5222,1.0000
45535,5222,1.0000
45536,5222,1.0000
45537,5222,1.0000
45538,5222,1.0000
45539,5222,1.0000
45540,5222,1.0000
45541,5222,1.0000
45542,5222,1.0000
45543,5222,1.0000
45544,5222,1.0000
45545,5222,1.0000
45546,5222,1.0000
45547,5222,1.0000
45548,5222,1.0000
45549,5222,1.0000
45550,5222,1.0000
45551,5222,1.0000
45552,5222,1.0000
45553,5222,1.0000
45554,5222,1.0000
45555,5222,1.0000
45556,5222,1.0000
45557,5222,1.0000
45558,5222,1.0000
45559,5222,1.0000
45560,5222,1.0000
45561,5222,1.0000
45562,5222,1.0000
45563,5222,1.0000
45564,5222,1.0000
45565,5222,1.0000
45566,5222,1.0000
45567,5222,1.0000
45568,5222,1.0000
45569,5222,1.0000
45570,5222,1.0000
45571,5222,1.0000
45572,5222,1.0000
45573,5222,1.0000
45574,5222,1.0000
45575,5222,1.0000
45576,5222,1.0000
45577,5222,1.0000
45578,5222,1.0000
45579,5222,1.0000
45580,5222,1.0000
45581,5222,1.0000
45582,5222,1.0000
45583,5222,1.0000
45584,5222,1.0000
45585,5222,1.0000
45586,5222,1.0000
45587,5222,1.0000
45588,5222,1.0000
45589,5222,1.0000
45590,5222,1.0000
45591,5222,1.0000
45592,5222,1.0000
45593,5222,1.0000
45594,5222,1.0000
45595,5222,1.0000
45596,5222,1.0000
45597,5222,1.0000
45598,5222,1.0000
45599,5222,1.0000
45600,5222,1.0000
45601,5222,1.0000
45602,5222,1.0000
45603,5222,1.0000
45604,5222,1.0000
45605,5222,1.0000
45606,5222,1.0000
45607,5222,1.0000
45608,5222,1.0000
45609,5222,1.0000
45610,5222,1.0000
45611,5222,1.0000
45612,5222,1.0000
45613,5222,1.0000
45614,5222,1.0000
45615,5222,1.0000
45616,5222,1.0000
45617,5222,1.0000
45618,5222,1.0000
45619,5222,1.0000
45620,5222,1.0000
45621,5222,1.0000
45622,5222,1.0000
45623,5222,1.0000
45624,5222,1.0000
45625,5222,1.0000
45626,5222,1.0000
45627,5222,1.0000
45628,5222,1.0000
45629,5222,1.0000
45630,5222,1.0000
45631,5222,1.0000
45632,5222,1.0000
45633,5222,1.0000
45634,5222,1.0000
45635,5222,1.0000
45636,5222,1.0000
45637,5222,1.0000
45638,5222,1.0000
45639,5222,1.0000
45640,5222,1.0000
45641,5222,1.0000
45642,5222,1.0000
45643,5222,1.0000
45644,5222,1.0000
45645,5222,1.0000
45646,5222,1.0000
45647,5222,1.0000
45648,5222,1.0000
45649,5222,1.0000
45650,5222,1.0000
45651,5222,1.0000
45652,5222,1.0000
45653,5222,1.0000
45654,5222,1.0000
45655,5222,1.0000
45656,5222,1.0000
45657,5222,1.0000
45658,5222,1.0000
45659,5222,1.0000
45660,5222,1.0000
45661,5222,1.0000
45662,5222,1.0000
45663,5222,1.0000
45664,5222,1.0000
45665,5222,1.0000
45666,5222,1.0000
45667,5222,1.0000
45668,5222,1.0000
45669,5222,1.0000
45670,5222,1.0000
45671,5222,1.0000
45672,5222,1.0000
45673,5222,1.0000
45674,5222,1.0000
45675,5222,1.0000
45676,5222,1.0000
45677,5222,1.0000
45678,5222,1.0000
45679,5222,1.0000
45680,5222,1.0000
45681,5222,1.0000
45682,5222,1.0000
45683,5222,1.0000
45684,5222,1.0000
45685,5222,1.0000
45686,5222,1.0000
45687,5222,1.0000
45688,5222,1.0000
45689,5222,1.0000
45690,5222,1.0000
45691,5222,1.0000
45692,5222,1.0000
45693,5222,1.0000
45694,5222,1.0000
45695,5222,1.0000
45696,5222,1.0000
45697,5222,1.0000
45698,5222,1.0000
45699,5222,1.0000
45700,5222,1.0000
45701,5222,1.0000
45702,5222,1.0000
45703,5222,1.0000
45704,5222,1.0000
45705,5222,1.0000
45706,5222,1.0000
45707,5222,1.0000
45708,5222,1.0000
45709,5222,1.0000
45710,5222,1.0000
45711,5222,1.0000
45712,5222,1.0000
45713,5222,1.0000
45714,5222,1.0000
45715,5222,1.0000
45716,5222,1.0000
45717,5222,1.0000
45718,5222,1.0000
45719,5222,1.0000
45720,5222,1.0000
45721,5222,1.0000
45722,5222,1.0000
45723,5222,1.0000
45724,5222,1.0000
45725,5222,1.0000
45726,5222,1.0000
45727,5222,1.0000
45728,5222,1.0000
45729,5222,1.0000
45730,5222,1.0000
45731,5222,1.0000
45732,5222,1.0000
45733,5222,1.0000
45734,5222,1.0000
45735,5222,1.0000
45736,5222,1.0000
45737,5222,1.0000
45738,5222,1.0000
45739,5222,1.0000
45740,5222,1.0000
45741,5222,1.0000
45742,5222,1.0000
45743,5222,1.0000
45744,5222,1.0000
45745,5222,1.0000
45746,5222,1.0000
45747,5222,1.0000
45748,5222,1.0000
45749,5222,1.0000
45750,5222,1.0000
45751,5222,1.0000
45752,5222,1.0000
45753,5222,1.0000
45754,5222,1.0000
45755,5222,1.0000
45756,5222,1.0000
45757,5222,1.0000
45758,5222,1.0000
45759,5222,1.0000
45760,5222,1.0000
45761,5222,1.0000
45762,5222,1.0000
45763,5222,1.0000
45764,5222,1.0000
45765,5222,1.0000
45766,5222,1.0000
45767,5222,1.0000
45768,5222,1.0000
45769,5222,1.0000
45770,5222,1.0000
45771,5222,1.0000
45772,5222,1.0000
45773,5222,1.0000
45774,5222,1.0000
45775,5222,1.0000
45776,5222,1.0000
45777,5222,1.0000
45778,5222,1.0000
45779,5222,1.0000
45780,5222,1.0000
45781,5222,1.0000
45782,5222,1.0000
45783,5222,1.0000
45784,5222,1.0000
45785,5222,1.0000
45786,5222,1.0000
45787,5222,1.0000
45788,5222,1.0000
45789,5222,1.0000
45790,5222,1.0000
45791,5222,1.0000
45792,5222,1.0000
45793,5222,1.0000
45794,5222,1.0000
45795,5222,1.0000
45796,5222,1.0000
45797,5222,1.0000
45798,5222,1.0000
45799,5222,1.0000
45800,5222,1.0000
45801,5222,1.0000
45802,5222,1.0000
45803,5222,1.0000
45804,5222,1.0000
45805,5222,1.0000
45806,5222,1.0000
45807,5222,1.0000
45808,5222,1.0000
45809,5222,1.0000
45810,5222,1.0000
45811,5222,1.0000
45812,5222,1.0000
45813,5222,1.0000
45814,5222,1.0000
45815,5222,1.0000
45816,5222,1.0000
45817,5222,1.0000
45818,5222,1.0000
45819,5222,1.0000
45820,5222,1.0000
45821,5222,1.0000
45822,5222,1.0000
45823,5222,1.0000
45824,5222,1.0000
45825,5222,1.0000
45826,5222,1.0000
45827,5222,1.0000
45828,5222,1.0000
45829,5222,1.0000
45830,5222,1.0000
45831,5222,1.0000
45832,5222,1.0000
45833,5222,1.0000
45834,5222,1.0000
45835,5222,1.0000
45836,5222,1.0000
45837,5222,1.0000
45838,5222,1.0000
45839,5222,1.0000
45840,5222,1.0000
45841,5222,1.0000
45842,5222,1.0000
45843,5222,1.0000
45844,5222,1.0000
45845,5222,1.0000
45846,5222,1.0000
45847,5222,1.0000
45848,5222,1.0000
45849,5222,1.0000
45850,5222,1.0000
45851,5222,1.0000
45852,5222,1.0000
45853,5222,1.0000
45854,5222,1.0000
45855,5222,1.0000
45856,5222,1.0000
45857,5222,1.0000
45858,5222,1.0000
45859,5222,1.0000
45860,5222,1.0000
45861,5222,1.0000
45862,5222,1.0000
45863,5222,1.0000
45864,5222,1.0000
45865,5222,1.0000
45866,5222,1.0000
45867,5222,1.0000
45868,5222,1.0000
45869,5222,1.0000
45870,5222,1.0000
45871,5222,1.0000
45872,5222,1.0000
45873,5222,1.0000
45874,5222,1.0000
45875,5222,1.0000
45876,5222,1.0000
45877,5222,1.0000
45878,5222,1.0000
45879,5222,1.0000
45880,5222,1.0000
45881,5222,1.0000
45882,5222,1.0000
45883,5222,1.0000
45884,5222,1.0000
45885,5222,1.0000
45886,5222,1.0000
45887,5222,1.0000
45888,5222,1.0000
45889,5222,1.0000
45890,5222,1.0000
45891,5222,1.0000
45892,5222,1.0000
45893,5222,1.0000
45894,5222,1.0000
45895,5222,1.0000
45896,5222,1.0000
45897,5222,1.0000
45898,5222,1.0000
45899,5222,1.0000
45900,5222,1.0000
45901,5222,1.0000
45902,5222,1.0000
45903,5222,1.0000
45904,5222,1.0000
45905,5222,1.0000
45906,5222,1.0000
45907,5222,1.0000
45908,5222,1.0000
45909,5222,1.0000
45910,5222,1.0000
45911,5222,1.0000
45912,5222,1.0000
45913,5222,1.0000
45914,5222,1.0000
45915,5222,1.0000
45916,5222,1.0000
45917,5222,1.0000
45918,5222,1.0000
45919,5222,1.0000
45920,5222,1.0000
45921,5222,1.0000
45922,5222,1.0000
45923,5222,1.0000
45924,5222,1.0000
45925,5222,1.0000
45926,5222,1.0000
45927,5222,1.0000
45928,5222,1.0000
45929,5222,1.0000
45930,5222,1.0000
45931,5222,1.0000
45932,5222,1.0000
45933,5222,1.0000
45934,5222,1.0000
45935,5222,1.0000
45936,5222,1.0000
45937,5222,1.0000
45938,5222,1.0000
45939,5222,1.0000
45940,5222,1.0000
45941,5222,1.0000
45942,5222,1.0000
45943,5222,1.0000
45944,5222,1.0000
45945,5222,1.0000
45946,5222,1.0000
45947,5222,1.0000
45948,5222,1.0000
45949,5222,1.0000
45950,5222,1.0000
45951,5222,1.0000
45952,5222,1.0000
45953,5222,1.0000
45954,5222,1.0000
45955,5222,1.0000
45956,5222,1.0000
45957,5222,1.0000
45958,5222,1.0000
45959,5222,1.0000
45960,5222,1.0000
45961,5222,1.0000
45962,5222,1.0000
45963,5222,1.0000
45964,5222,1.0000
45965,5222,1.0000
45966,5222,1.0000
45967,5222,1.0000
45968,5222,1.0000
45969,5222,1.0000
45970,5222,1.0000
45971,5222,1.0000
45972,5222,1.0000
45973,5222,1.0000
45974,5222,1.0000
45975,5222,1.0000
45976,5222,1.0000
45977,5222,1.0000
45978,5222,1.0000
45979,5222,1.0000
45980,5222,1.0000
45981,5222,1.0000
45982,5222,1.0000
45983,5222,1.0000
45984,5222,1.0000
45985,5222,1.0000
45986,5222,1.0000
45987,5222,1.0000
45988,5222,1.0000
45989,5222,1.0000
45990,5222,1.0000
45991,5222,1.0000
45992,5222,1.0000
45993,5222,1.0000
45994,5222,1.0000
45995,5222,1.0000
45996,5222,1.0000
45997,5222,1.0000
45998,5222,1.0000
45999,5222,1.0000
46000,5222,1.0000
46001,5222,1.0000
46002,5222,1.0000
46003,5222,1.0000
46004,5222,1.0000
46005,5222,1.0000
46006,5222,1.0000
46007,5222,1.0000
46008,5222,1.0000
46009,5222,1.0000
46010,5222,1.0000
46011,5222,1.0000
46012,5222,1.0000
46013,5222,1.0000
46014,5222,1.0000
46015,5222,1.0000
46016,5222,1.0000
46017,5222,1.0000
46018,5222,1.0000
46019,5222,1.0000
46020,5222,1.0000
46021,5222,1.0000
46022,5222,1.0000
46023,5222,1.0000
46024,5222,1.0000
46025,5222,1.0000
46026,5222,1.0000
46027,5222,1.0000
46028,5222,1.0000
46029,5222,1.0000
46030,5222,1.0000
46031,5222,1.0000
46032,5222,1.0000
46033,5222,1.0000
46034,5222,1.0000
46035,5222,1.0000
46036,5222,1.0000
46037,5222,1.0000
46038,5222,1.0000
46039,5222,1.0000
46040,5222,1.0000
46041,5222,1.0000
46042,5222,1.0000
46043,5222,1.0000
46044,5222,1.0000
46045,5222,1.0000
46046,5222,1.0000
46047,5222,1.0000
46048,5222,1.0000
46049,5222,1.0000
46050,5222,1.0000
46051,5222,1.0000
46052,5222,1.0000
46053,5222,1.0000
46054,5222,1.0000
46055,5222,1.0000
46056,5222,1.0000
46057,5222,1.0000
46058,5222,1.0000
46059,5222,1.0000
46060,5222,1.0000
46061,5222,1.0000
46062,5222,1.0000
46063,5222,1.0000
46064,5222,1.0000
46065,5222,1.0000
46066,5222,1.0000
46067,5222,1.0000
46068,5222,1.0000
46069,5222,1.0000
46070,5222,1.0000
46071,5222,1.0000
46072,5222,1.0000
46073,5222,1.0000
46074,5222,1.0000
46075,5222,1.0000
46076,5222,1.0000
46077,5222,1.0000
46078,5222,1.0000
46079,5222,1.0000
46080,5222,1.0000
46081,5222,1.0000
46082,5222,1.0000
46083,5222,1.0000
46084,5222,1.0000
46085,5222,1.0000
46086,5222,1.0000
46087,5222,1.0000
46088,5222,1.0000
46089,5222,1.0000
46090,5222,1.0000
46091,5222,1.0000
46092,5222,1.0000
46093,5222,1.0000
46094,5222,1.0000
46095,5222,1.0000
46096,5222,1.0000
46097,5222,1.0000
46098,5222,1.0000
46099,5222,1.0000
46100,5222,1.0000
46101,5222,1.0000
46102,5222,1.0000
46103,5222,1.0000
46104,5222,1.0000
46105,5222,1.0000
46106,5222,1.0000
46107,5222,1.0000
46108,5222,1.0000
46109,5222,1.0000
46110,5222,1.0000
46111,5222,1.0000
46112,5222,1.0000
46113,5222,1.0000
46114,5222,1.0000
46115,5222,1.0000
46116,5222,1.0000
46117,5222,1.0000
46118,5222,1.0000
46119,5222,1.0000
46120,5222,1.0000
46121,5222,1.0000
46122,5222,1.0000
46123,5222,1.0000
46124,5222,1.0000
46125,5222,1.0000
46126,5222,1.0000
46127,5222,1.0000
46128,5222,1.0000
46129,5222,1.0000
46130,5222,1.0000
46131,5222,1.0000
46132,5222,1.0000
46133,5222,1.0000
46134,5222,1.0000
46135,5222,1.0000
46136,5222,1.0000
46137,5222,1.0000
46138,5222,1.0000
46139,5222,1.0000
46140,5222,1.0000
46141,5222,1.0000
46142,5222,1.0000
46143,5222,1.0000
46144,5222,1.0000
46145,5222,1.0000
46146,5222,1.0000
46147,5222,1.0000
46148,5222,1.0000
46149,5222,1.0000
46150,5222,1.0000
46151,5222,1.0000
46152,5222,1.0000
46153,5222,1.0000
46154,5222,1.0000
46155,5222,1.0000
46156,5222,1.0000
46157,5222,1.0000
46158,5222,1.0000
46159,5222,1.0000
46160,5222,1.0000
46161,5222,1.0000
46162,5222,1.0000
46163,5222,1.0000
46164,5222,1.0000
46165,5222,1.0000
46166,5222,1.0000
46167,5222,1.0000
46168,5222,1.0000
46169,5222,1.0000
46170,5222,1.0000
46171,5222,1.0000
46172,5222,1.0000
46173,5222,1.0000
46174,5222,1.0000
46175,5222,1.0000
46176,5222,1.0000
46177,5222,1.0000
46178,5222,1.0000
46179,5222,1.0000
46180,5222,1.0000
46181,5222,1.0000
46182,5222,1.0000
46183,5222,1.0000
46184,5222,1.0000
46185,5222,1.0000
46186,5222,1.0000
46187,5222,1.0000
46188,5222,1.0000
46189,5222,1.0000
46190,5222,1.0000
46191,5222,1.0000
46192,5222,1.0000
46193,5222,1.0000
46194,5222,1.0000
46195,5222,1.0000
46196,5222,1.0000
46197,5222,1.0000
46198,5222,1.0000
46199,5222,1.0000
46200,5222,1.0000
46201,5222,1.0000
46202,5222,1.0000
46203,5222,1.0000
46204,5222,1.0000
46205,5222,1.0000
46206,5222,1.0000
46207,5222,1.0000
46208,5222,1.0000
46209,5222,1.0000
46210,5222,1.0000
46211,5222,1.0000
46212,5222,1.0000
46213,5222,1.0000
46214,5222,1.0000
46215,5222,1.0000
46216,5222,1.0000
46217,5222,1.0000
46218,5222,1.0000
46219,5222,1.0000
46220,5222,1.0000
46221,5222,1.0000
46222,5222,1.0000
46223,5222,1.0000
46224,5222,1.0000
46225,5222,1.0000
46226,5222,1.0000
46227,5222,1.0000
46228,5222,1.0000
46229,5222,1.0000
46230,5222,1.0000
46231,5222,1.0000
46232,5222,1.0000
46233,5222,1.0000
46234,5222,1.0000
46235,5222,1.0000
46236,5222,1.0000
46237,5222,1.0000
46238,5222,1.0000
46239,5222,1.0000
46240,5222,1.0000
46241,5222,1.0000
46242,5222,1.0000
46243,5222,1.0000
46244,5222,1.0000
46245,5222,1.0000
46246,5222,1.0000
46247,5222,1.0000
46248,5222,1.0000
46249,5222,1.0000
46250,5222,1.0000
46251,5222,1.0000
46252,5222,1.0000
46253,5222,1.0000
46254,5222,1.0000
46255,5222,1.0000
46256,5222,1.0000
46257,5222,1.0000
46258,5222,1.0000
46259,5222,1.0000
46260,5222,1.0000
46261,5222,1.0000
46262,5222,1.0000
46263,5222,1.0000
46264,5222,1.0000
46265,5222,1.0000
46266,5222,1.0000
46267,5222,1.0000
46268,5222,1.0000
46269,5222,1.0000
46270,5222,1.0000
46271,5222,1.0000
46272,5222,1.0000
46273,5222,1.0000
46274,5222,1.0000
46275,5222,1.0000
46276,5222,1.0000
46277,5222,1.0000
46278,5222,1.0000
46279,5222,1.0000
46280,5222,1.0000
46281,5222,1.0000
46282,5222,1.0000
46283,5222,1.0000
46284,5222,1.0000
46285,5222,1.0000
46286,5222,1.0000
46287,5222,1.0000
46288,5222,1.0000
46289,5222,1.0000
46290,5222,1.0000
46291,5222,1.0000
46292,5222,1.0000
46293,5222,1.0000
46294,5222,1.0000
46295,5222,1.0000
46296,5222,1.0000
46297,5222,1.0000
46298,5222,1.0000
46299,5222,1.0000
46300,5222,1.0000
46301,5222,1.0000
46302,5222,1.0000
46303,5222,1.0000
46304,5222,1.0000
46305,5222,1.0000
46306,5222,1.0000
46307,5222,1.0000
46308,5222,1.0000
46309,5222,1.0000
46310,5222,1.0000
46311,5222,1.0000
46312,5222,1.0000
46313,5222,1.0000
46314,5222,1.0000
46315,5222,1.0000
46316,5222,1.0000
46317,5222,1.0000
46318,5222,1.0000
46319,5222,1.0000
46320,5222,1.0000
46321,5222,1.0000
46322,5222,1.0000
46323,5222,1.0000
46324,5222,1.0000
46325,5222,1.0000
46326,5222,1.0000
46327,5222,1.0000
46328,5222,1.0000
46329,5222,1.0000
46330,5222,1.0000
46331,5222,1.0000
46332,5222,1.0000
46333,5222,1.0000
46334,5222,1.0000
46335,5222,1.0000
46336,5222,1.0000
46337,5222,1.0000
46338,5222,1.0000
46339,5222,1.0000
46340,5222,1.0000
46341,5222,1.0000
46342,5222,1.0000
46343,5222,1.0000
46344,5222,1.0000
46345,5222,1.0000
46346,5222,1.0000
46347,5222,1.0000
46348,5222,1.0000
46349,5222,1.0000
46350,5222,1.0000
46351,5222,1.0000
46352,5222,1.0000
46353,5222,1.0000
46354,5222,1.0000
46355,5222,1.0000
46356,5222,1.0000
46357,5222,1.0000
46358,5222,1.0000
46359,5222,1.0000
46360,5222,1.0000
46361,5222,1.0000
46362,5222,1.0000
46363,5222,1.0000
46364,5222,1.0000
46365,5222,1.0000
46366,5222,1.0000
46367,5222,1.0000
46368,5222,1.0000
46369,5222,1.0000
46370,5222,1.0000
46371,5222,1.0000
46372,5222,1.0000
46373,5222,1.0000
46374,5222,1.0000
46375,5222,1.0000
46376,5222,1.0000
46377,5222,1.0000
46378,5222,1.0000
46379,5222,1.0000
46380,5222,1.0000
46381,5222,1.0000
46382,5222,1.0000
46383,5222,1.0000
46384,5222,1.0000
46385,5222,1.0000
46386,5222,1.0000
46387,5222,1.0000
46388,5222,1.0000
46389,5222,1.0000
46390,5222,1.0000
46391,5222,1.0000
46392,5222,1.0000
46393,5222,1.0000
46394,5222,1.0000
46395,5222,1.0000
46396,5222,1.0000
46397,5222,1.0000
46398,5222,1.0000
46399,5222,1.0000
46400,5222,1.0000
46401,5222,1.0000
46402,5222,1.0000
46403,5222,1.0000
46404,5222,1.0000
46405,5222,1.0000
46406,5222,1.0000
46407,5222,1.0000
46408,5222,1.0000
46409,5222,1.0000
46410,5222,1.0000
46411,5222,1.0000
46412,5222,1.0000
46413,5222,1.0000
46414,5222,1.0000
46415,5222,1.0000
46416,5222,1.0000
46417,5222,1.0000
46418,5222,1.0000
46419,5222,1.0000
46420,5222,1.0000
46421,5222,1.0000
46422,5222,1.0000
46423,5222,1.0000
46424,5222,1.0000
46425,5222,1.0000
46426,5222,1.0000
46427,5222,1.0000
46428,5222,1.0000
46429,5222,1.0000
46430,5222,1.0000
46431,5222,1.0000
46432,5222,1.0000
46433,5222,1.0000
46434,5222,1.0000
46435,5222,1.0000
46436,5222,1.0000
46437,5222,1.0000
46438,5222,1.0000
46439,5222,1.0000
46440,5222,1.0000
46441,5222,1.0000
46442,5222,1.0000
46443,5222,1.0000
46444,5222,1.0000
46445,5222,1.0000
46446,5222,1.0000
46447,5222,1.0000
46448,5222,1.0000
46449,5222,1.0000
46450,5222,1.0000
46451,5222,1.0000
46452,5222,1.0000
46453,5222,1.0000
46454,5222,1.0000
46455,5222,1.0000
46456,5222,1.0000
46457,5222,1.0000
46458,5222,1.0000
46459,5222,1.0000
46460,5222,1.0000
46461,5222,1.0000
46462,5222,1.0000
46463,5222,1.0000
46464,5222,1.0000
46465,5222,1.0000
46466,5222,1.0000
46467,5222,1.0000
46468,5222,1.0000
46469,5222,1.0000
46470,5222,1.0000
46471,5222,1.0000
46472,5222,1.0000
46473,5222,1.0000
46474,5222,1.0000
46475,5222,1.0000
46476,5222,1.0000
46477,5222,1.0000
46478,5222,1.0000
46479,5222,1.0000
46480,5222,1.0000
46481,5222,1.0000
46482,5222,1.0000
46483,5222,1.0000
46484,5222,1.0000
46485,5222,1.0000
46486,5222,1.0000
46487,5222,1.0000
46488,5222,1.0000
46489,5222,1.0000
46490,5222,1.0000
46491,5222,1.0000
46492,5222,1.0000
46493,5222,1.0000
46494,5222,1.0000
46495,5222,1.0000
46496,5222,1.0000
46497,5222,1.0000
46498,5222,1.0000
46499,5222,1.0000
46500,5222,1.0000
46501,5222,1.0000
46502,5222,1.0000
46503,5222,1.0000
46504,5222,1.0000
46505,5222,1.0000
46506,5222,1.0000
46507,5222,1.0000
46508,5222,1.0000
46509,5222,1.0000
46510,5222,1.0000
46511,5222,1.0000
46512,5222,1.0000
46513,5222,1.0000
46514,5222,1.0000
46515,5222,1.0000
46516,5222,1.0000
46517,5222,1.0000
46518,5222,1.0000
46519,5222,1.0000
46520,5222,1.0000
46521,5222,1.0000
46522,5222,1.0000
46523,5222,1.0000
46524,5222,1.0000
46525,5222,1.0000
46526,5222,1.0000
46527,5222,1.0000
46528,5222,1.0000
46529,5222,1.0000
46530,5222,1.0000
46531,5222,1.0000
46532,5222,1.0000
46533,5222,1.0000
46534,5222,1.0000
46535,5222,1.0000
46536,5222,1.0000
46537,5222,1.0000
46538,5222,1.0000
46539,5222,1.0000
46540,5222,1.0000
46541,5222,1.0000
46542,5222,1.0000
46543,5222,1.0000
46544,5222,1.0000
46545,5222,1.0000
46546,5222,1.0000
46547,5222,1.0000
46548,5222,1.0000
46549,5222,1.0000
46550,5222,1.0000
46551,5222,1.0000
46552,5222,1.0000
46553,5222,1.0000
46554,5222,1.0000
46555,5222,1.0000
46556,5222,1.0000
46557,5222,1.0000
46558,5222,1.0000
46559,5222,1.0000
46560,5222,1.0000
46561,5222,1.0000
46562,5222,1.0000
46563,5222,1.0000
46564,5222,1.0000
46565,5222,1.0000
46566,5222,1.0000
46567,5222,1.0000
46568,5222,1.0000
46569,5222,1.0000
46570,5222,1.0000
46571,5222,1.0000
46572,5222,1.0000
46573,5222,1.0000
46574,5222,1.0000
46575,5222,1.0000
46576,5222,1.0000
46577,5222,1.0000
46578,5222,1.0000
46579,5222,1.0000
46580,5222,1.0000
46581,5222,1.0000
46582,5222,1.0000
46583,5222,1.0000
46584,5222,1.0000
46585,5222,1.0000
46586,5222,1.0000
46587,5222,1.0000
46588,5222,1.0000
46589,5222,1.0000
46590,5222,1.0000
46591,5222,1.0000
46592,5222,1.0000
46593,5222,1.0000
46594,5222,1.0000
46595,5222,1.0000
46596,5222,1.0000
46597,5222,1.0000
46598,5222,1.0000
46599,5222,1.0000
46600,5222,1.0000
46601,5222,1.0000
46602,5222,1.0000
46603,5222,1.0000
46604,5222,1.0000
46605,5222,1.0000
46606,5222,1.0000
46607,5222,1.0000
46608,5222,1.0000
46609,5222,1.0000
46610,5222,1.0000
46611,5222,1.0000
46612,5222,1.0000
46613,5222,1.0000
46614,5222,1.0000
46615,5222,1.0000
46616,5222,1.0000
46617,5222,1.0000
46618,5222,1.0000
46619,5222,1.0000
46620,5222,1.0000
46621,5222,1.0000
46622,5222,1.0000
46623,5222,1.0000
46624,5222,1.0000
46625,5222,1.0000
46626,5222,1.0000
46627,5222,1.0000
46628,5222,1.0000
46629,5222,1.0000
46630,5222,1.0000
46631,5222,1.0000
46632,5222,1.0000
46633,5222,1.0000
46634,5222,1.0000
46635,5222,1.0000
46636,5222,1.0000
46637,5222,1.0000
46638,5222,1.0000
46639,5222,1.0000
46640,5222,1.0000
46641,5222,1.0000
46642,5222,1.0000
46643,5222,1.0000
46644,5222,1.0000
46645,5222,1.0000
46646,5222,1.0000
46647,5222,1.0000
46648,5222,1.0000
46649,5222,1.0000
46650,5222,1.0000
46651,5222,1.0000
46652,5222,1.0000
46653,5222,1.0000
46654,5222,1.0000
46655,5222,1.0000
46656,5222,1.0000
46657,5222,1.0000
46658,5222,1.0000
46659,5222,1.0000
46660,5222,1.0000
46661,5222,1.0000
46662,5222,1.0000
46663,5222,1.0000
46664,5222,1.0000
46665,5222,1.0000
46666,5222,1.0000
46667,5222,1.0000
46668,5222,1.0000
46669,5222,1.0000
46670,5222,1.0000
46671,5222,1.0000
46672,5222,1.0000
46673,5222,1.0000
46674,5222,1.0000
46675,5222,1.0000
46676,5222,1.0000
46677,5222,1.0000
46678,5222,1.0000
46679,5222,1.0000
46680,5222,1.0000
46681,5222,1.0000
46682,5222,1.0000
46683,5222,1.0000
46684,5222,1.0000
46685,5222,1.0000
46686,5222,1.0000
46687,5222,1.0000
46688,5222,1.0000
46689,5222,1.0000
46690,5222,1.0000
46691,5222,1.0000
46692,5222,1.0000
46693,5222,1.0000
46694,5222,1.0000
46695,5222,1.0000
46696,5222,1.0000
46697,5222,1.0000
46698,5222,1.0000
46699,5222,1.0000
46700,5222,1.0000
46701,5222,1.0000
46702,5222,1.0000
46703,5222,1.0000
46704,5222,1.0000
46705,5222,1.0000
46706,5222,1.0000
46707,5222,1.0000
46708,5222,1.0000
46709,5222,1.0000
46710,5222,1.0000
46711,5222,1.0000
46712,5222,1.0000
46713,5222,1.0000
46714,5222,1.0000
46715,5222,1.0000
46716,5222,1.0000
46717,5222,1.0000
46718,5222,1.0000
46719,5222,1.0000
46720,5222,1.0000
46721,5222,1.0000
46722,5222,1.0000
46723,5222,1.0000
46724,5222,1.0000
46725,5222,1.0000
46726,5222,1.0000
46727,5222,1.0000
46728,5222,1.0000
46729,5222,1.0000
46730,5222,1.0000
46731,5222,1.0000
46732,5222,1.0000
46733,5222,1.0000
46734,5222,1.0000
46735,5222,1.0000
46736,5222,1.0000
46737,5222,1.0000
46738,5222,1.0000
46739,5222,1.0000
46740,5222,1.0000
46741,5222,1.0000
46742,5222,1.0000
46743,5222,1.0000
46744,5222,1.0000
46745,5222,1.0000
46746,5222,1.0000
46747,5222,1.0000
46748,5222,1.0000
46749,5222,1.0000
46750,5222,1.0000
46751,5222,1.0000
46752,5222,1.0000
46753,5222,1.0000
46754,5222,1.0000
46755,5222,1.0000
46756,5222,1.0000
46757,5222,1.0000
46758,5222,1.0000
46759,5222,1.0000
46760,5222,1.0000
46761,5222,1.0000
46762,5222,1.0000
46763,5222,1.0000
46764,5222,1.0000
46765,5222,1.0000
46766,5222,1.0000
46767,5222,1.0000
46768,5222,1.0000
46769,5222,1.0000
46770,5222,1.0000
46771,5222,1.0000
46772,5222,1.0000
46773,5222,1.0000
46774,5222,1.0000
46775,5222,1.0000
46776,5222,1.0000
46777,5222,1.0000
46778,5222,1.0000
46779,5222,1.0000
46780,5222,1.0000
46781,5222,1.0000
46782,5222,1.0000
46783,5222,1.0000
46784,5222,1.0000
46785,5222,1.0000
46786,5222,1.0000
46787,5222,1.0000
46788,5222,1.0000
46789,5222,1.0000
46790,5222,1.0000
46791,5222,1.0000
46792,5222,1.0000
46793,5222,1.0000
46794,5222,1.0000
46795,5222,1.0000
46796,5222,1.0000
46797,5222,1.0000
46798,5222,1.0000
46799,5222,1.0000
46800,5222,1.0000
46801,5222,1.0000
46802,5222,1.0000
46803,5222,1.0000
46804,5222,1.0000
46805,5222,1.0000
46806,5222,1.0000
46807,5222,1.0000
46808,5222,1.0000
46809,5222,1.0000
46810,5222,1.0000
46811,5222,1.0000
46812,5222,1.0000
46813,5222,1.0000
46814,5222,1.0000
46815,5222,1.0000
46816,5222,1.0000
46817,5222,1.0000
46818,5222,1.0000
46819,5222,1.0000
46820,5222,1.0000
46821,5222,1.0000
46822,5222,1.0000
46823,5222,1.0000
46824,5222,1.0000
46825,5222,1.0000
46826,5222,1.0000
46827,5222,1.0000
46828,5222,1.0000
46829,5222,1.0000
46830,5222,1.0000
46831,5222,1.0000
46832,5222,1.0000
46833,5222,1.0000
46834,5222,1.0000
46835,5222,1.0000
46836,5222,1.0000
46837,5222,1.0000
46838,5222,1.0000
46839,5222,1.0000
46840,5222,1.0000
46841,5222,1.0000
46842,5222,1.0000
46843,5222,1.0000
46844,5222,1.0000
46845,5222,1.0000
46846,5222,1.0000
46847,5222,1.0000
46848,5222,1.0000
46849,5222,1.0000
46850,5222,1.0000
46851,5222,1.0000
46852,5222,1.0000
46853,5222,1.0000
46854,5222,1.0000
46855,5222,1.0000
46856,5222,1.0000
46857,5222,1.0000
46858,5222,1.0000
46859,5222,1.0000
46860,5222,1.0000
46861,5222,1.0000
46862,5222,1.0000
46863,5222,1.0000
46864,5222,1.0000
46865,5222,1.0000
46866,5222,1.0000
46867,5222,1.0000
46868,5222,1.0000
46869,5222,1.0000
46870,5222,1.0000
46871,5222,1.0000
46872,5222,1.0000
46873,5222,1.0000
46874,5222,1.0000
46875,5222,1.0000
46876,5222,1.0000
46877,5222,1.0000
46878,5222,1.0000
46879,5222,1.0000
46880,5222,1.0000
46881,5222,1.0000
46882,5222,1.0000
46883,5222,1.0000
46884,5222,1.0000
46885,5222,1.0000
46886,5222,1.0000
46887,5222,1.0000
46888,5222,1.0000
46889,5222,1.0000
46890,5222,1.0000
46891,5222,1.0000
46892,5222,1.0000
46893,5222,1.0000
46894,5222,1.0000
46895,5222,1.0000
46896,5222,1.0000
46897,5222,1.0000
46898,5222,1.0000
46899,5222,1.0000
46900,5222,1.0000
46901,5222,1.0000
46902,5222,1.0000
46903,5222,1.0000
46904,5222,1.0000
46905,5222,1.0000
46906,5222,1.0000
46907,5222,1.0000
46908,5222,1.0000
46909,5222,1.0000
46910,5222,1.0000
46911,5222,1.0000
46912,5222,1.0000
46913,5222,1.0000
46914,5222,1.0000
46915,5222,1.0000
46916,5222,1.0000
46917,5222,1.0000
46918,5222,1.0000
46919,5222,1.0000
46920,5222,1.0000
46921,5222,1.0000
46922,5222,1.0000
46923,5222,1.0000
46924,5222,1.0000
46925,5222,1.0000
46926,5222,1.0000
46927,5222,1.0000
46928,5222,1.0000
46929,5222,1.0000
46930,5222,1.0000
46931,5222,1.0000
46932,5222,1.0000
46933,5222,1.0000
46934,5222,1.0000
46935,5222,1.0000
46936,5222,1.0000
46937,5222,1.0000
46938,5222,1.0000
46939,5222,1.0000
46940,5222,1.0000
46941,5222,1.0000
46942,5222,1.0000
46943,5222,1.0000
46944,5222,1.0000
46945,5222,1.0000
46946,5222,1.0000
46947,5222,1.0000
46948,5222,1.0000
46949,5222,1.0000
46950,5222,1.0000
46951,5222,1.0000
46952,5222,1.0000
46953,5222,1.0000
46954,5222,1.0000
46955,5222,1.0000
46956,5222,1.0000
46957,5222,1.0000
46958,5222,1.0000
46959,5222,1.0000
46960,5222,1.0000
46961,5222,1.0000
46962,5222,1.0000
46963,5222,1.0000
46964,5222,1.0000
46965,5222,1.0000
46966,5222,1.0000
46967,5222,1.0000
46968,5222,1.0000
46969,5222,1.0000
46970,5222,1.0000
46971,5222,1.0000
46972,5222,1.0000
46973,5222,1.0000
46974,5222,1.0000
46975,5222,1.0000
46976,5222,1.0000
46977,5222,1.0000
46978,5222,1.0000
46979,5222,1.0000
46980,5222,1.0000
46981,5222,1.0000
46982,5222,1.0000
46983,5222,1.0000
46984,5222,1.0000
46985,5222,1.0000
46986,5222,1.0000
46987,5222,1.0000
46988,5222,1.0000
46989,5222,1.0000
46990,5222,1.0000
46991,5222,1.0000
46992,5222,1.0000
46993,5222,1.0000
46994,5222,1.0000
46995,5222,1.0000
46996,5222,1.0000
46997,5222,1.0000
46998,5222,1.0000
46999,5222,1.0000
47000,5222,1.0000
47001,5222,1.0000
47002,5222,1.0000
47003,5222,1.0000
47004,5222,1.0000
47005,5222,1.0000
47006,5222,1.0000
47007,5222,1.0000
47008,5222,1.0000
47009,5222,1.0000
47010,5222,1.0000
47011,5222,1.0000
47012,5222,1.0000
47013,5222,1.0000
47014,5222,1.0000
47015,5222,1.0000
47016,5222,1.0000
47017,5222,1.0000
47018,5222,1.0000
47019,5222,1.0000
47020,5222,1.0000
47021,5222,1.0000
47022,5222,1.0000
47023,5222,1.0000
47024,5222,1.0000
47025,5222,1.0000
47026,5222,1.0000
47027,5222,1.0000
47028,5222,1.0000
47029,5222,1.0000
47030,5222,1.0000
47031,5222,1.0000
47032,5222,1.0000
47033,5222,1.0000
47034,5222,1.0000
47035,5222,1.0000
47036,5222,1.0000
47037,5222,1.0000
47038,5222,1.0000
47039,5222,1.0000
47040,5222,1.0000
47041,5222,1.0000
47042,5222,1.0000
47043,5222,1.0000
47044,5222,1.0000
47045,5222,1.0000
47046,5222,1.0000
47047,5222,1.0000
47048,5222,1.0000
47049,5222,1.0000
47050,5222,1.0000
47051,5222,1.0000
47052,5222,1.0000
47053,5222,1.0000
47054,5222,1.0000
47055,5222,1.0000
47056,5222,1.0000
47057,5222,1.0000
47058,5222,1.0000
47059,5222,1.0000
47060,5222,1.0000
47061,5222,1.0000
47062,5222,1.0000
47063,5222,1.0000
47064,5222,1.0000
47065,5222,1.0000
47066,5222,1.0000
47067,5222,1.0000
47068,5222,1.0000
47069,5222,1.0000
47070,5222,1.0000
47071,5222,1.0000
47072,5222,1.0000
47073,5222,1.0000
47074,5222,1.0000
47075,5222,1.0000
47076,5222,1.0000
47077,5222,1.0000
47078,5222,1.0000
47079,5222,1.0000
47080,5222,1.0000
47081,5222,1.0000
47082,5222,1.0000
47083,5222,1.0000
47084,5222,1.0000
47085,5222,1.0000
47086,5222,1.0000
47087,5222,1.0000
47088,5222,1.0000
47089,5222,1.0000
47090,5222,1.0000
47091,5222,1.0000
47092,5222,1.0000
47093,5222,1.0000
47094,5222,1.0000
47095,5222,1.0000
47096,5222,1.0000
47097,5222,1.0000
47098,5222,1.0000
47099,5222,1.0000
47100,5222,1.0000
47101,5222,1.0000
47102,5222,1.0000
47103,5222,1.0000
47104,5222,1.0000
47105,5222,1.0000
47106,5222,1.0000
47107,5222,1.0000
47108,5222,1.0000
47109,5222,1.0000
47110,5222,1.0000
47111,5222,1.0000
47112,5222,1.0000
47113,5222,1.0000
47114,5222,1.0000
47115,5222,1.0000
47116,5222,1.0000
47117,5222,1.0000
47118,5222,1.0000
47119,5222,1.0000
47120,5222,1.0000
47121,5222,1.0000
47122,5222,1.0000
47123,5222,1.0000
47124,5222,1.0000
47125,5222,1.0000
47126,5222,1.0000
47127,5222,1.0000
47128,5222,1.0000
47129,5222,1.0000
47130,5222,1.0000
47131,5222,1.0000
47132,5222,1.0000
47133,5222,1.0000
47134,5222,1.0000
47135,5222,1.0000
47136,5222,1.0000
47137,5222,1.0000
47138,5222,1.0000
47139,5222,1.0000
47140,5222,1.0000
47141,5222,1.0000
47142,5222,1.0000
47143,5222,1.0000
47144,5222,1.0000
47145,5222,1.0000
47146,5222,1.0000
47147,5222,1.0000
47148,5222,1.0000
47149,5222,1.0000
47150,5222,1.0000
47151,5222,1.0000
47152,5222,1.0000
47153,5222,1.0000
47154,5222,1.0000
47155,5222,1.0000
47156,5222,1.0000
47157,5222,1.0000
47158,5222,1.0000
47159,5222,1.0000
47160,5222,1.0000
47161,5222,1.0000
47162,5222,1.0000
47163,5222,1.0000
47164,5222,1.0000
47165,5222,1.0000
47166,5222,1.0000
47167,5222,1.0000
47168,5222,1.0000
47169,5222,1.0000
47170,5222,1.0000
47171,5222,1.0000
47172,5222,1.0000
47173,5222,1.0000
47174,5222,1.0000
47175,5222,1.0000
47176,5222,1.0000
47177,5222,1.0000
47178,5222,1.0000
47179,5222,1.0000
47180,5222,1.0000
47181,5222,1.0000
47182,5222,1.0000
47183,5222,1.0000
47184,5222,1.0000
47185,5222,1.0000
47186,5222,1.0000
47187,5222,1.0000
47188,5222,1.0000
47189,5222,1.0000
47190,5222,1.0000
47191,5222,1.0000
47192,5222,1.0000
47193,5222,1.0000
47194,5222,1.0000
47195,5222,1.0000
47196,5222,1.0000
47197,5222,1.0000
47198,5222,1.0000
47199,5222,1.0000
47200,5222,1.0000
47201,5222,1.0000
47202,5222,1.0000
47203,5222,1.0000
47204,5222,1.0000
47205,5222,1.0000
47206,5222,1.0000
47207,5222,1.0000
47208,5222,1.0000
47209,5222,1.0000
47210,5222,1.0000
47211,5222,1.0000
47212,5222,1.0000
47213,5222,1.0000
47214,5222,1.0000
47215,5222,1.0000
47216,5222,1.0000
47217,5222,1.0000
47218,5222,1.0000
47219,5222,1.0000
47220,5222,1.0000
47221,5222,1.0000
47222,5222,1.0000
47223,5222,1.0000
47224,5222,1.0000
47225,5222,1.0000
47226,5222,1.0000
47227,5222,1.0000
47228,5222,1.0000
47229,5222,1.0000
47230,5222,1.0000
47231,5222,1.0000
47232,5222,1.0000
47233,5222,1.0000
47234,5222,1.0000
47235,5222,1.0000
47236,5222,1.0000
47237,5222,1.0000
47238,5222,1.0000
47239,5222,1.0000
47240,5222,1.0000
47241,5222,1.0000
47242,5222,1.0000
47243,5222,1.0000
47244,5222,1.0000
47245,5222,1.0000
47246,5222,1.0000
47247,5222,1.0000
47248,5222,1.0000
47249,5222,1.0000
47250,5222,1.0000
47251,5222,1.0000
47252,5222,1.0000
47253,5222,1.0000
47254,5222,1.0000
47255,5222,1.0000
47256,5222,1.0000
47257,5222,1.0000
47258,5222,1.0000
47259,5222,1.0000
47260,5222,1.0000
47261,5222,1.0000
47262,5222,1.0000
47263,5222,1.0000
47264,5222,1.0000
47265,5222,1.0000
47266,5222,1.0000
47267,5222,1.0000
47268,5222,1.0000
47269,5222,1.0000
47270,5222,1.0000
47271,5222,1.0000
47272,5222,1.0000
47273,5222,1.0000
47274,5222,1.0000
47275,5222,1.0000
47276,5222,1.0000
47277,5222,1.0000
47278,5222,1.0000
47279,5222,1.0000
47280,5222,1.0000
47281,5222,1.0000
47282,5222,1.0000
47283,5222,1.0000
47284,5222,1.0000
47285,5222,1.0000
47286,5222,1.0000
47287,5222,1.0000
47288,5222,1.0000
47289,5222,1.0000
47290,5222,1.0000
47291,5222,1.0000
47292,5222,1.0000
47293,5222,1.0000
47294,5222,1.0000
47295,5222,1.0000
47296,5222,1.0000
47297,5222,1.0000
47298,5222,1.0000
47299,5222,1.0000
47300,5222,1.0000
47301,5222,1.0000
47302,5222,1.0000
47303,5222,1.0000
47304,5222,1.0000
47305,5222,1.0000
47306,5222,1.0000
47307,5222,1.0000
47308,5222,1.0000
47309,5222,1.0000
47310,5222,1.0000
47311,5222,1.0000
47312,5222,1.0000
47313,5222,1.0000
47314,5222,1.0000
47315,5222,1.0000
47316,5222,1.0000
47317,5222,1.0000
47318,5222,1.0000
47319,5222,1.0000
47320,5222,1.0000
47321,5222,1.0000
47322,5222,1.0000
47323,5222,1.0000
47324,5222,1.0000
47325,5222,1.0000
47326,5222,1.0000
47327,5222,1.0000
47328,5222,1.0000
47329,5222,1.0000
47330,5222,1.0000
47331,5222,1.0000
47332,5222,1.0000
47333,5222,1.0000
47334,5222,1.0000
47335,5222,1.0000
47336,5222,1.0000
47337,5222,1.0000
47338,5222,1.0000
47339,5222,1.0000
47340,5222,1.0000
47341,5222,1.0000
47342,5222,1.0000
47343,5222,1.0000
47344,5222,1.0000
47345,5222,1.0000
47346,5222,1.0000
47347,5222,1.0000
47348,5222,1.0000
47349,5222,1.0000
47350,5222,1.0000
47351,5222,1.0000
47352,5222,1.0000
47353,5222,1.0000
47354,5222,1.0000
47355,5222,1.0000
47356,5222,1.0000
47357,5222,1.0000
47358,5222,1.0000
47359,5222,1.0000
47360,5222,1.0000
47361,5222,1.0000
47362,5222,1.0000
47363,5222,1.0000
47364,5222,1.0000
47365,5222,1.0000
47366,5222,1.0000
47367,5222,1.0000
47368,5222,1.0000
47369,5222,1.0000
47370,5222,1.0000
47371,5222,1.0000
47372,5222,1.0000
47373,5222,1.0000
47374,5222,1.0000
47375,5222,1.0000
47376,5222,1.0000
47377,5222,1.0000
47378,5222,1.0000
47379,5222,1.0000
47380,5222,1.0000
47381,5222,1.0000
47382,5222,1.0000
47383,5222,1.0000
47384,5222,1.0000
47385,5222,1.0000
47386,5222,1.0000
47387,5222,1.0000
47388,5222,1.0000
47389,5222,1.0000
47390,5222,1.0000
47391,5222,1.0000
47392,5222,1.0000
47393,5222,1.0000
47394,5222,1.0000
47395,5222,1.0000
47396,5222,1.0000
47397,5222,1.0000
47398,5222,1.0000
47399,5222,1.0000
47400,5222,1.0000
47401,5222,1.0000
47402,5222,1.0000
47403,5222,1.0000
47404,5222,1.0000
47405,5222,1.0000
47406,5222,1.0000
47407,5222,1.0000
47408,5222,1.0000
47409,5222,1.0000
47410,5222,1.0000
47411,5222,1.0000
47412,5222,1.0000
47413,5222,1.0000
47414,5222,1.0000
47415,5222,1.0000
47416,5222,1.0000
47417,5222,1.0000
47418,5222,1.0000
47419,5222,1.0000
47420,5222,1.0000
47421,5222,1.0000
47422,5222,1.0000
47423,5222,1.0000
47424,5222,1.0000
47425,5222,1.0000
47426,5222,1.0000
47427,5222,1.0000
47428,5222,1.0000
47429,5222,1.0000
47430,5222,1.0000
47431,5222,1.0000
47432,5222,1.0000
47433,5222,1.0000
47434,5222,1.0000
47435,5222,1.0000
47436,5222,1.0000
47437,5222,1.0000
47438,5222,1.0000
47439,5222,1.0000
47440,5222,1.0000
47441,5222,1.0000
47442,5222,1.0000
47443,5222,1.0000
47444,5222,1.0000
47445,5222,1.0000
47446,5222,1.0000
47447,5222,1.0000
47448,5222,1.0000
47449,5222,1.0000
47450,5222,1.0000
47451,5222,1.0000
47452,5222,1.0000
47453,5222,1.0000
47454,5222,1.0000
47455,5222,1.0000
47456,5222,1.0000
47457,5222,1.0000
47458,5222,1.0000
47459,5222,1.0000
47460,5222,1.0000
47461,5222,1.0000
47462,5222,1.0000
47463,5222,1.0000
47464,5222,1.0000
47465,5222,1.0000
47466,5222,1.0000
47467,5222,1.0000
47468,5222,1.0000
47469,5222,1.0000
47470,5222,1.0000
47471,5222,1.0000
47472,5222,1.0000
47473,5222,1.0000
47474,5222,1.0000
47475,5222,1.0000
47476,5222,1.0000
47477,5222,1.0000
47478,5222,1.0000
47479,5222,1.0000
47480,5222,1.0000
47481,5222,1.0000
47482,5222,1.0000
47483,5222,1.0000
47484,5222,1.0000
47485,5222,1.0000
47486,5222,1.0000
47487,5222,1.0000
47488,5222,1.0000
47489,5222,1.0000
47490,5222,1.0000
47491,5222,1.0000
47492,5222,1.0000
47493,5222,1.0000
47494,5222,1.0000
47495,5222,1.0000
47496,5222,1.0000
47497,5222,1.0000
47498,5222,1.0000
47499,5222,1.0000
47500,5222,1.0000
47501,5222,1.0000
47502,5222,1.0000
47503,5222,1.0000
47504,5222,1.0000
47505,5222,1.0000
47506,5222,1.0000
47507,5222,1.0000
47508,5222,1.0000
47509,5222,1.0000
47510,5222,1.0000
47511,5222,1.0000
47512,5222,1.0000
47513,5222,1.0000
47514,5222,1.0000
47515,5222,1.0000
47516,5222,1.0000
47517,5222,1.0000
47518,5222,1.0000
47519,5222,1.0000
47520,5222,1.0000
47521,5222,1.0000
47522,5222,1.0000
47523,5222,1.0000
47524,5222,1.0000
47525,5222,1.0000
47526,5222,1.0000
47527,5222,1.0000
47528,5222,1.0000
47529,5222,1.0000
47530,5222,1.0000
47531,5222,1.0000
47532,5222,1.0000
47533,5222,1.0000
47534,5222,1.0000
47535,5222,1.0000
47536,5222,1.0000
47537,5222,1.0000
47538,5222,1.0000
47539,5222,1.0000
47540,5222,1.0000
47541,5222,1.0000
47542,5222,1.0000
47543,5222,1.0000
47544,5222,1.0000
47545,5222,1.0000
47546,5222,1.0000
47547,5222,1.0000
47548,5222,1.0000
47549,5222,1.0000
47550,5222,1.0000
47551,5222,1.0000
47552,5222,1.0000
47553,5222,1.0000
47554,5222,1.0000
47555,5222,1.0000
47556,5222,1.0000
47557,5222,1.0000
47558,5222,1.0000
47559,5222,1.0000
47560,5222,1.0000
47561,5222,1.0000
47562,5222,1.0000
47563,5222,1.0000
47564,5222,1.0000
47565,5222,1.0000
47566,5222,1.0000
47567,5222,1.0000
47568,5222,1.0000
47569,5222,1.0000
47570,5222,1.0000
47571,5222,1.0000
47572,5222,1.0000
47573,5222,1.0000
47574,5222,1.0000
47575,5222,1.0000
47576,5222,1.0000
47577,5222,1.0000
47578,5222,1.0000
47579,5222,1.0000
47580,5222,1.0000
47581,5222,1.0000
47582,5222,1.0000
47583,5222,1.0000
47584,5222,1.0000
47585,5222,1.0000
47586,5222,1.0000
47587,5222,1.0000
47588,5222,1.0000
47589,5222,1.0000
47590,5222,1.0000
47591,5222,1.0000
47592,5222,1.0000
47593,5222,1.0000
47594,5222,1.0000
47595,5222,1.0000
47596,5222,1.0000
47597,5222,1.0000
47598,5222,1.0000
47599,5222,1.0000
47600,5222,1.0000
47601,5222,1.0000
47602,5222,1.0000
47603,5222,1.0000
47604,5222,1.0000
47605,5222,1.0000
47606,5222,1.0000
47607,5222,1.0000
47608,5222,1.0000
47609,5222,1.0000
47610,5222,1.0000
47611,5222,1.0000
47612,5222,1.0000
47613,5222,1.0000
47614,5222,1.0000
47615,5222,1.0000
47616,5222,1.0000
47617,5222,1.0000
47618,5222,1.0000
47619,5222,1.0000
47620,5222,1.0000
47621,5222,1.0000
47622,5222,1.0000
47623,5222,1.0000
47624,5222,1.0000
47625,5222,1.0000
47626,5222,1.0000
47627,5222,1.0000
47628,5222,1.0000
47629,5222,1.0000
47630,5222,1.0000
47631,5222,1.0000
47632,5222,1.0000
47633,5222,1.0000
47634,5222,1.0000
47635,5222,1.0000
47636,5222,1.0000
47637,5222,1.0000
47638,5222,1.0000
47639,5222,1.0000
47640,5222,1.0000
47641,5222,1.0000
47642,5222,1.0000
47643,5222,1.0000
47644,5222,1.0000
47645,5222,1.0000
47646,5222,1.0000
47647,5222,1.0000
47648,5222,1.0000
47649,5222,1.0000
47650,5222,1.0000
47651,5222,1.0000
47652,5222,1.0000
47653,5222,1.0000
47654,5222,1.0000
47655,5222,1.0000
47656,5222,1.0000
47657,5222,1.0000
47658,5222,1.0000
47659,5222,1.0000
47660,5222,1.0000
47661,5222,1.0000
47662,5222,1.0000
47663,5222,1.0000
47664,5222,1.0000
47665,5222,1.0000
47666,5222,1.0000
47667,5222,1.0000
47668,5222,1.0000
47669,5222,1.0000
47670,5222,1.0000
47671,5222,1.0000
47672,5222,1.0000
47673,5222,1.0000
47674,5222,1.0000
47675,5222,1.0000
47676,5222,1.0000
47677,5222,1.0000
47678,5222,1.0000
47679,5222,1.0000
47680,5222,1.0000
47681,5222,1.0000
47682,5222,1.0000
47683,5222,1.0000
47684,5222,1.0000
47685,5222,1.0000
47686,5222,1.0000
47687,5222,1.0000
47688,5222,1.0000
47689,5222,1.0000
47690,5222,1.0000
47691,5222,1.0000
47692,5222,1.0000
47693,5222,1.0000
47694,5222,1.0000
47695,5222,1.0000
47696,5222,1.0000
47697,5222,1.0000
47698,5222,1.0000
47699,5222,1.0000
47700,5222,1.0000
47701,5222,1.0000
47702,5222,1.0000
47703,5222,1.0000
47704,5222,1.0000
47705,5222,1.0000
47706,5222,1.0000
47707,5222,1.0000
47708,5222,1.0000
47709,5222,1.0000
47710,5222,1.0000
47711,5222,1.0000
47712,5222,1.0000
47713,5222,1.0000
47714,5222,1.0000
47715,5222,1.0000
47716,5222,1.0000
47717,5222,1.0000
47718,5222,1.0000
47719,5222,1.0000
47720,5222,1.0000
47721,5222,1.0000
47722,5222,1.0000
47723,5222,1.0000
47724,5222,1.0000
47725,5222,1.0000
47726,5222,1.0000
47727,5222,1.0000
47728,5222,1.0000
47729,5222,1.0000
47730,5222,1.0000
47731,5222,1.0000
47732,5222,1.0000
47733,5222,1.0000
47734,5222,1.0000
47735,5222,1.0000
47736,5222,1.0000
47737,5222,1.0000
47738,5222,1.0000
47739,5222,1.0000
47740,5222,1.0000
47741,5222,1.0000
47742,5222,1.0000
47743,5222,1.0000
47744,5222,1.0000
47745,5222,1.0000
47746,5222,1.0000
47747,5222,1.0000
47748,5222,1.0000
47749,5222,1.0000
47750,5222,1.0000
47751,5222,1.0000
47752,5222,1.0000
47753,5222,1.0000
47754,5222,1.0000
47755,5222,1.0000
47756,5222,1.0000
47757,5222,1.0000
47758,5222,1.0000
47759,5222,1.0000
47760,5222,1.0000
47761,5222,1.0000
47762,5222,1.0000
47763,5222,1.0000
47764,5222,1.0000
47765,5222,1.0000
47766,5222,1.0000
47767,5222,1.0000
47768,5222,1.0000
47769,5222,1.0000
47770,5222,1.0000
47771,5222,1.0000
47772,5222,1.0000
47773,5222,1.0000
47774,5222,1.0000
47775,5222,1.0000
47776,5222,1.0000
47777,5222,1.0000
47778,5222,1.0000
47779,5222,1.0000
47780,5222,1.0000
47781,5222,1.0000
47782,5222,1.0000
47783,5222,1.0000
47784,5222,1.0000
47785,5222,1.0000
47786,5222,1.0000
47787,5222,1.0000
47788,5222,1.0000
47789,5222,1.0000
47790,5222,1.0000
47791,5222,1.0000
47792,5222,1.0000
47793,5222,1.0000
47794,5222,1.0000
47795,5222,1.0000
47796,5222,1.0000
47797,5222,1.0000
47798,5222,1.0000
47799,5222,1.0000
47800,5222,1.0000
47801,5222,1.0000
47802,5222,1.0000
47803,5222,1.0000
47804,5222,1.0000
47805,5222,1.0000
47806,5222,1.0000
47807,5222,1.0000
47808,5222,1.0000
47809,5222,1.0000
47810,5222,1.0000
47811,5222,1.0000
47812,5222,1.0000
47813,5222,1.0000
47814,5222,1.0000
47815,5222,1.0000
47816,5222,1.0000
47817,5222,1.0000
47818,5222,1.0000
47819,5222,1.0000
47820,5222,1.0000
47821,5222,1.0000
47822,5222,1.0000
47823,5222,1.0000
47824,5222,1.0000
47825,5222,1.0000
47826,5222,1.0000
47827,5222,1.0000
47828,5222,1.0000
47829,5222,1.0000
47830,5222,1.0000
47831,5222,1.0000
47832,5222,1.0000
47833,5222,1.0000
47834,5222,1.0000
47835,5222,1.0000
47836,5222,1.0000
47837,5222,1.0000
47838,5222,1.0000
47839,5222,1.0000
47840,5222,1.0000
47841,5222,1.0000
47842,5222,1.0000
47843,5222,1.0000
47844,5222,1.0000
47845,5222,1.0000
47846,5222,1.0000
47847,5222,1.0000
47848,5222,1.0000
47849,5222,1.0000
47850,5222,1.0000
47851,5222,1.0000
47852,5222,1.0000
47853,5222,1.0000
47854,5222,1.0000
47855,5222,1.0000
47856,5222,1.0000
47857,5222,1.0000
47858,5222,1.0000
47859,5222,1.0000
47860,5222,1.0000
47861,5222,1.0000
47862,5222,1.0000
47863,5222,1.0000
47864,5222,1.0000
47865,5222,1.0000
47866,5222,1.0000
47867,5222,1.0000
47868,5222,1.0000
47869,5222,1.0000
47870,5222,1.0000
47871,5222,1.0000
47872,5222,1.0000
47873,5222,1.0000
47874,5222,1.0000
47875,5222,1.0000
47876,5222,1.0000
47877,5222,1.0000
47878,5222,1.0000
47879,5222,1.0000
47880,5222,1.0000
47881,5222,1.0000
47882,5222,1.0000
47883,5222,1.0000
47884,5222,1.0000
47885,5222,1.0000
47886,5222,1.0000
47887,5222,1.0000
47888,5222,1.0000
47889,5222,1.0000
47890,5222,1.0000
47891,5222,1.0000
47892,5222,1.0000
47893,5222,1.0000
47894,5222,1.0000
47895,5222,1.0000
47896,5222,1.0000
47897,5222,1.0000
47898,5222,1.0000
47899,5222,1.0000
47900,5222,1.0000
47901,5222,1.0000
47902,5222,1.0000
47903,5222,1.0000
47904,5222,1.0000
47905,5222,1.0000
47906,5222,1.0000
47907,5222,1.0000
47908,5222,1.0000
47909,5222,1.0000
47910,5222,1.0000
47911,5222,1.0000
47912,5222,1.0000
47913,5222,1.0000
47914,5222,1.0000
47915,5222,1.0000
47916,5222,1.0000
47917,5222,1.0000
47918,5222,1.0000
47919,5222,1.0000
47920,5222,1.0000
47921,5222,1.0000
47922,5222,1.0000
47923,5222,1.0000
47924,5222,1.0000
47925,5222,1.0000
47926,5222,1.0000
47927,5222,1.0000
47928,5222,1.0000
47929,5222,1.0000
47930,5222,1.0000
47931,5222,1.0000
47932,5222,1.0000
47933,5222,1.0000
47934,5222,1.0000
47935,5222,1.0000
47936,5222,1.0000
47937,5222,1.0000
47938,5222,1.0000
47939,5222,1.0000
47940,5222,1.0000
47941,5222,1.0000
47942,5222,1.0000
47943,5222,1.0000
47944,5222,1.0000
47945,5222,1.0000
47946,5222,1.0000
47947,5222,1.0000
47948,5222,1.0000
47949,5222,1.0000
47950,5222,1.0000
47951,5222,1.0000
47952,5222,1.0000
47953,5222,1.0000
47954,5222,1.0000
47955,5222,1.0000
47956,5222,1.0000
47957,5222,1.0000
47958,5222,1.0000
47959,5222,1.0000
47960,5222,1.0000
47961,5222,1.0000
47962,5222,1.0000
47963,5222,1.0000
47964,5222,1.0000
47965,5222,1.0000
47966,5222,1.0000
47967,5222,1.0000
47968,5222,1.0000
47969,5222,1.0000
47970,5222,1.0000
47971,5222,1.0000
47972,5222,1.0000
47973,5222,1.0000
47974,5222,1.0000
47975,5222,1.0000
47976,5222,1.0000
47977,5222,1.0000
47978,5222,1.0000
47979,5222,1.0000
47980,5222,1.0000
47981,5222,1.0000
47982,5222,1.0000
47983,5222,1.0000
47984,5222,1.0000
47985,5222,1.0000
47986,5222,1.0000
47987,5222,1.0000
47988,5222,1.0000
47989,5222,1.0000
47990,5222,1.0000
47991,5222,1.0000
47992,5222,1.0000
47993,5222,1.0000
47994,5222,1.0000
47995,5222,1.0000
47996,5222,1.0000
47997,5222,1.0000
47998,5222,1.0000
47999,5222,1.0000
48000,5222,1.0000
48001,5222,1.0000
48002,5222,1.0000
48003,5222,1.0000
48004,5222,1.0000
48005,5222,1.0000
48006,5222,1.0000
48007,5222,1.0000
48008,5222,1.0000
48009,5222,1.0000
48010,5222,1.0000
48011,5222,1.0000
48012,5222,1.0000
48013,5222,1.0000
48014,5222,1.0000
48015,5222,1.0000
48016,5222,1.0000
48017,5222,1.0000
48018,5222,1.0000
48019,5222,1.0000
48020,5222,1.0000
48021,5222,1.0000
48022,5222,1.0000
48023,5222,1.0000
48024,5222,1.0000
48025,5222,1.0000
48026,5222,1.0000
48027,5222,1.0000
48028,5222,1.0000
48029,5222,1.0000
48030,5222,1.0000
48031,5222,1.0000
48032,5222,1.0000
48033,5222,1.0000
48034,5222,1.0000
48035,5222,1.0000
48036,5222,1.0000
48037,5222,1.0000
48038,5222,1.0000
48039,5222,1.0000
48040,5222,1.0000
48041,5222,1.0000
48042,5222,1.0000
48043,5222,1.0000
48044,5222,1.0000
48045,5222,1.0000
48046,5222,1.0000
48047,5222,1.0000
48048,5222,1.0000
48049,5222,1.0000
48050,5222,1.0000
48051,5222,1.0000
48052,5222,1.0000
48053,5222,1.0000
48054,5222,1.0000
48055,5222,1.0000
48056,5222,1.0000
48057,5222,1.0000
48058,5222,1.0000
48059,5222,1.0000
48060,5222,1.0000
48061,5222,1.0000
48062,5222,1.0000
48063,5222,1.0000
48064,5222,1.0000
48065,5222,1.0000
48066,5222,1.0000
48067,5222,1.0000
48068,5222,1.0000
48069,5222,1.0000
48070,5222,1.0000
48071,5222,1.0000
48072,5222,1.0000
48073,5222,1.0000
48074,5222,1.0000
48075,5222,1.0000
48076,5222,1.0000
48077,5222,1.0000
48078,5222,1.0000
48079,5222,1.0000
48080,5222,1.0000
48081,5222,1.0000
48082,5222,1.0000
48083,5222,1.0000
48084,5222,1.0000
48085,5222,1.0000
48086,5222,1.0000
48087,5222,1.0000
48088,5222,1.0000
48089,5222,1.0000
48090,5222,1.0000
48091,5222,1.0000
48092,5222,1.0000
48093,5222,1.0000
48094,5222,1.0000
48095,5222,1.0000
48096,5222,1.0000
48097,5222,1.0000
48098,5222,1.0000
48099,5222,1.0000
48100,5222,1.0000
48101,5222,1.0000
48102,5222,1.0000
48103,5222,1.0000
48104,5222,1.0000
48105,5222,1.0000
48106,5222,1.0000
48107,5222,1.0000
48108,5222,1.0000
48109,5222,1.0000
48110,5222,1.0000
48111,5222,1.0000
48112,5222,1.0000
48113,5222,1.0000
48114,5222,1.0000
48115,5222,1.0000
48116,5222,1.0000
48117,5222,1.0000
48118,5222,1.0000
48119,5222,1.0000
48120,5222,1.0000
48121,5222,1.0000
48122,5222,1.0000
48123,5222,1.0000
48124,5222,1.0000
48125,5222,1.0000
48126,5222,1.0000
48127,5222,1.0000
48128,5222,1.0000
48129,5222,1.0000
48130,5222,1.0000
48131,5222,1.0000
48132,5222,1.0000
48133,5222,1.0000
48134,5222,1.0000
48135,5222,1.0000
48136,5222,1.0000
48137,5222,1.0000
48138,5222,1.0000
48139,5222,1.0000
48140,5222,1.0000
48141,5222,1.0000
48142,5222,1.0000
48143,5222,1.0000
48144,5222,1.0000
48145,5222,1.0000
48146,5222,1.0000
48147,5222,1.0000
48148,5222,1.0000
48149,5222,1.0000
48150,5222,1.0000
48151,5222,1.0000
48152,5222,1.0000
48153,5222,1.0000
48154,5222,1.0000
48155,5222,1.0000
48156,5222,1.0000
48157,5222,1.0000
48158,5222,1.0000
48159,5222,1.0000
48160,5222,1.0000
48161,5222,1.0000
48162,5222,1.0000
48163,5222,1.0000
48164,5222,1.0000
48165,5222,1.0000
48166,5222,1.0000
48167,5222,1.0000
48168,5222,1.0000
48169,5222,1.0000
48170,5222,1.0000
48171,5222,1.0000
48172,5222,1.0000
48173,5222,1.0000
48174,5222,1.0000
48175,5222,1.0000
48176,5222,1.0000
48177,5222,1.0000
48178,5222,1.0000
48179,5222,1.0000
48180,5222,1.0000
48181,5222,1.0000
48182,5222,1.0000
48183,5222,1.0000
48184,5222,1.0000
48185,5222,1.0000
48186,5222,1.0000
48187,5222,1.0000
48188,5222,1.0000
48189,5222,1.0000
48190,5222,1.0000
48191,5222,1.0000
48192,5222,1.0000
48193,5222,1.0000
48194,5222,1.0000
48195,5222,1.0000
48196,5222,1.0000
48197,5222,1.0000
48198,5222,1.0000
48199,5222,1.0000
48200,5222,1.0000
48201,5222,1.0000
48202,5222,1.0000
48203,5222,1.0000
48204,5222,1.0000
48205,5222,1.0000
48206,5222,1.0000
48207,5222,1.0000
48208,5222,1.0000
48209,5222,1.0000
48210,5222,1.0000
48211,5222,1.0000
48212,5222,1.0000
48213,5222,1.0000
48214,5222,1.0000
48215,5222,1.0000
48216,5222,1.0000
48217,5222,1.0000
48218,5222,1.0000
48219,5222,1.0000
48220,5222,1.0000
48221,5222,1.0000
48222,5222,1.0000
48223,5222,1.0000
48224,5222,1.0000
48225,5222,1.0000
48226,5222,1.0000
48227,5222,1.0000
48228,5222,1.0000
48229,5222,1.0000
48230,5222,1.0000
48231,5222,1.0000
48232,5222,1.0000
48233,5222,1.0000
48234,5222,1.0000
48235,5222,1.0000
48236,5222,1.0000
48237,5222,1.0000
48238,5222,1.0000
48239,5222,1.0000
48240,5222,1.0000
48241,5222,1.0000
48242,5222,1.0000
48243,5222,1.0000
48244,5222,1.0000
48245,5222,1.0000
48246,5222,1.0000
48247,5222,1.0000
48248,5222,1.0000
48249,5222,1.0000
48250,5222,1.0000
48251,5222,1.0000
48252,5222,1.0000
48253,5222,1.0000
48254,5222,1.0000
48255,5222,1.0000
48256,5222,1.0000
48257,5222,1.0000
48258,5222,1.0000
48259,5222,1.0000
48260,5222,1.0000
48261,5222,1.0000
48262,5222,1.0000
48263,5222,1.0000
48264,5222,1.0000
48265,5222,1.0000
48266,5222,1.0000
48267,5222,1.0000
48268,5222,1.0000
48269,5222,1.0000
48270,5222,1.0000
48271,5222,1.0000
48272,5222,1.0000
48273,5222,1.0000
48274,5222,1.0000
48275,5222,1.0000
48276,5222,1.0000
48277,5222,1.0000
48278,5222,1.0000
48279,5222,1.0000
48280,5222,1.0000
48281,5222,1.0000
48282,5222,1.0000
48283,5222,1.0000
48284,5222,1.0000
48285,5222,1.0000
48286,5222,1.0000
48287,5222,1.0000
48288,5222,1.0000
48289,5222,1.0000
48290,5222,1.0000
48291,5222,1.0000
48292,5222,1.0000
48293,5222,1.0000
48294,5222,1.0000
48295,5222,1.0000
48296,5222,1.0000
48297,5222,1.0000
48298,5222,1.0000
48299,5222,1.0000
48300,5222,1.0000
48301,5222,1.0000
48302,5222,1.0000
48303,5222,1.0000
48304,5222,1.0000
48305,5222,1.0000
48306,5222,1.0000
48307,5222,1.0000
48308,5222,1.0000
48309,5222,1.0000
48310,5222,1.0000
48311,5222,1.0000
48312,5222,1.0000
48313,5222,1.0000
48314,5222,1.0000
48315,5222,1.0000
48316,5222,1.0000
48317,5222,1.0000
48318,5222,1.0000
48319,5222,1.0000
48320,5222,1.0000
48321,5222,1.0000
48322,5222,1.0000
48323,5222,1.0000
48324,5222,1.0000
48325,5222,1.0000
48326,5222,1.0000
48327,5222,1.0000
48328,5222,1.0000
48329,5222,1.0000
48330,5222,1.0000
48331,5222,1.0000
48332,5222,1.0000
48333,5222,1.0000
48334,5222,1.0000
48335,5222,1.0000
48336,5222,1.0000
48337,5222,1.0000
48338,5222,1.0000
48339,5222,1.0000
48340,5222,1.0000
48341,5222,1.0000
48342,5222,1.0000
48343,5222,1.0000
48344,5222,1.0000
48345,5222,1.0000
48346,5222,1.0000
48347,5222,1.0000
48348,5222,1.0000
48349,5222,1.0000
48350,5222,1.0000
48351,5222,1.0000
48352,5222,1.0000
48353,5222,1.0000
48354,5222,1.0000
48355,5222,1.0000
48356,5222,1.0000
48357,5222,1.0000
48358,5222,1.0000
48359,5222,1.0000
48360,5222,1.0000
48361,5222,1.0000
48362,5222,1.0000
48363,5222,1.0000
48364,5222,1.0000
48365,5222,1.0000
48366,5222,1.0000
48367,5222,1.0000
48368,5222,1.0000
48369,5222,1.0000
48370,5222,1.0000
48371,5222,1.0000
48372,5222,1.0000
48373,5222,1.0000
48374,5222,1.0000
48375,5222,1.0000
48376,5222,1.0000
48377,5222,1.0000
48378,5222,1.0000
48379,5222,1.0000
48380,5222,1.0000
48381,5222,1.0000
48382,5222,1.0000
48383,5222,1.0000
48384,5222,1.0000
48385,5222,1.0000
48386,5222,1.0000
48387,5222,1.0000
48388,5222,1.0000
48389,5222,1.0000
48390,5222,1.0000
48391,5222,1.0000
48392,5222,1.0000
48393,5222,1.0000
48394,5222,1.0000
48395,5222,1.0000
48396,5222,1.0000
48397,5222,1.0000
48398,5222,1.0000
48399,5222,1.0000
48400,5222,1.0000
48401,5222,1.0000
48402,5222,1.0000
48403,5222,1.0000
48404,5222,1.0000
48405,5222,1.0000
48406,5222,1.0000
48407,5222,1.0000
48408,5222,1.0000
48409,5222,1.0000
48410,5222,1.0000
48411,5222,1.0000
48412,5222,1.0000
48413,5222,1.0000
48414,5222,1.0000
48415,5222,1.0000
48416,5222,1.0000
48417,5222,1.0000
48418,5222,1.0000
48419,5222,1.0000
48420,5222,1.0000
48421,5222,1.0000
48422,5222,1.0000
48423,5222,1.0000
48424,5222,1.0000
48425,5222,1.0000
48426,5222,1.0000
48427,5222,1.0000
48428,5222,1.0000
48429,5222,1.0000
48430,5222,1.0000
48431,5222,1.0000
48432,5222,1.0000
48433,5222,1.0000
48434,5222,1.0000
48435,5222,1.0000
48436,5222,1.0000
48437,5222,1.0000
48438,5222,1.0000
48439,5222,1.0000
48440,5222,1.0000
48441,5222,1.0000
48442,5222,1.0000
48443,5222,1.0000
48444,5222,1.0000
48445,5222,1.0000
48446,5222,1.0000
48447,5222,1.0000
48448,5222,1.0000
48449,5222,1.0000
48450,5222,1.0000
48451,5222,1.0000
48452,5222,1.0000
48453,5222,1.0000
48454,5222,1.0000
48455,5222,1.0000
48456,5222,1.0000
48457,5222,1.0000
48458,5222,1.0000
48459,5222,1.0000
48460,5222,1.0000
48461,5222,1.0000
48462,5222,1.0000
48463,5222,1.0000
48464,5222,1.0000
48465,5222,1.0000
48466,5222,1.0000
48467,5222,1.0000
48468,5222,1.0000
48469,5222,1.0000
48470,5222,1.0000
48471,5222,1.0000
48472,5222,1.0000
48473,5222,1.0000
48474,5222,1.0000
48475,5222,1.0000
48476,5222,1.0000
48477,5222,1.0000
48478,5222,1.0000
48479,5222,1.0000
48480,5222,1.0000
48481,5222,1.0000
48482,5222,1.0000
48483,5222,1.0000
48484,5222,1.0000
48485,5222,1.0000
48486,5222,1.0000
48487,5222,1.0000
48488,5222,1.0000
48489,5222,1.0000
48490,5222,1.0000
48491,5222,1.0000
48492,5222,1.0000
48493,5222,1.0000
48494,5222,1.0000
48495,5222,1.0000
48496,5222,1.0000
48497,5222,1.0000
48498,5222,1.0000
48499,5222,1.0000
48500,5222,1.0000
48501,5222,1.0000
48502,5222,1.0000
48503,5222,1.0000
48504,5222,1.0000
48505,5222,1.0000
48506,5222,1.0000
48507,5222,1.0000
48508,5222,1.0000
48509,5222,1.0000
48510,5222,1.0000
48511,5222,1.0000
48512,5222,1.0000
48513,5222,1.0000
48514,5222,1.0000
48515,5222,1.0000
48516,5222,1.0000
48517,5222,1.0000
48518,5222,1.0000
48519,5222,1.0000
48520,5222,1.0000
48521,5222,1.0000
48522,5222,1.0000
48523,5222,1.0000
48524,5222,1.0000
48525,5222,1.0000
48526,5222,1.0000
48527,5222,1.0000
48528,5222,1.0000
48529,5222,1.0000
48530,5222,1.0000
48531,5222,1.0000
48532,5222,1.0000
48533,5222,1.0000
48534,5222,1.0000
48535,5222,1.0000
48536,5222,1.0000
48537,5222,1.0000
48538,5222,1.0000
48539,5222,1.0000
48540,5222,1.0000
48541,5222,1.0000
48542,5222,1.0000
48543,5222,1.0000
48544,5222,1.0000
48545,5222,1.0000
48546,5222,1.0000
48547,5222,1.0000
48548,5222,1.0000
48549,5222,1.0000
48550,5222,1.0000
48551,5222,1.0000
48552,5222,1.0000
48553,5222,1.0000
48554,5222,1.0000
48555,5222,1.0000
48556,5222,1.0000
48557,5222,1.0000
48558,5222,1.0000
48559,5222,1.0000
48560,5222,1.0000
48561,5222,1.0000
48562,5222,1.0000
48563,5222,1.0000
48564,5222,1.0000
48565,5222,1.0000
48566,5222,1.0000
48567,5222,1.0000
48568,5222,1.0000
48569,5222,1.0000
48570,5222,1.0000
48571,5222,1.0000
48572,5222,1.0000
48573,5222,1.0000
48574,5222,1.0000
48575,5222,1.0000
48576,5222,1.0000
48577,5222,1.0000
48578,5222,1.0000
48579,5222,1.0000
48580,5222,1.0000
48581,5222,1.0000
48582,5222,1.0000
48583,5222,1.0000
48584,5222,1.0000
48585,5222,1.0000
48586,5222,1.0000
48587,5222,1.0000
48588,5222,1.0000
48589,5222,1.0000
48590,5222,1.0000
48591,5222,1.0000
48592,5222,1.0000
48593,5222,1.0000
48594,5222,1.0000
48595,5222,1.0000
48596,5222,1.0000
48597,5222,1.0000
48598,5222,1.0000
48599,5222,1.0000
48600,5222,1.0000
48601,5222,1.0000
48602,5222,1.0000
48603,5222,1.0000
48604,5222,1.0000
48605,5222,1.0000
48606,5222,1.0000
48607,5222,1.0000
48608,5222,1.0000
48609,5222,1.0000
48610,5222,1.0000
48611,5222,1.0000
48612,5222,1.0000
48613,5222,1.0000
48614,5222,1.0000
48615,5222,1.0000
48616,5222,1.0000
48617,5222,1.0000
48618,5222,1.0000
48619,5222,1.0000
48620,5222,1.0000
48621,5222,1.0000
48622,5222,1.0000
48623,5222,1.0000
48624,5222,1.0000
48625,5222,1.0000
48626,5222,1.0000
48627,5222,1.0000
48628,5222,1.0000
48629,5222,1.0000
48630,5222,1.0000
48631,5222,1.0000
48632,5222,1.0000
48633,5222,1.0000
48634,5222,1.0000
48635,5222,1.0000
48636,5222,1.0000
48637,5222,1.0000
48638,5222,1.0000
48639,5222,1.0000
48640,5222,1.0000
48641,5222,1.0000
48642,5222,1.0000
48643,5222,1.0000
48644,5222,1.0000
48645,5222,1.0000
48646,5222,1.0000
48647,5222,1.0000
48648,5222,1.0000
48649,5222,1.0000
48650,5222,1.0000
48651,5222,1.0000
48652,5222,1.0000
48653,5222,1.0000
48654,5222,1.0000
48655,5222,1.0000
48656,5222,1.0000
48657,5222,1.0000
48658,5222,1.0000
48659,5222,1.0000
48660,5222,1.0000
48661,5222,1.0000
48662,5222,1.0000
48663,5222,1.0000
48664,5222,1.0000
48665,5222,1.0000
48666,5222,1.0000
48667,5222,1.0000
48668,5222,1.0000
48669,5222,1.0000
48670,5222,1.0000
48671,5222,1.0000
48672,5222,1.0000
48673,5222,1.0000
48674,5222,1.0000
48675,5222,1.0000
48676,5222,1.0000
48677,5222,1.0000
48678,5222,1.0000
48679,5222,1.0000
48680,5222,1.0000
48681,5222,1.0000
48682,5222,1.0000
48683,5222,1.0000
48684,5222,1.0000
48685,5222,1.0000
48686,5222,1.0000
48687,5222,1.0000
48688,5222,1.0000
48689,5222,1.0000
48690,5222,1.0000
48691,5222,1.0000
48692,5222,1.0000
48693,5222,1.0000
48694,5222,1.0000
48695,5222,1.0000
48696,5222,1.0000
48697,5222,1.0000
48698,5222,1.0000
48699,5222,1.0000
48700,5222,1.0000
48701,5222,1.0000
48702,5222,1.0000
48703,5222,1.0000
48704,5222,1.0000
48705,5222,1.0000
48706,5222,1.0000
48707,5222,1.0000
48708,5222,1.0000
48709,5222,1.0000
48710,5222,1.0000
48711,5222,1.0000
48712,5222,1.0000
48713,5222,1.0000
48714,5222,1.0000
48715,5222,1.0000
48716,5222,1.0000
48717,5222,1.0000
48718,5222,1.0000
48719,5222,1.0000
48720,5222,1.0000
48721,5222,1.0000
48722,5222,1.0000
48723,5222,1.0000
48724,5222,1.0000
48725,5222,1.0000
48726,5222,1.0000
48727,5222,1.0000
48728,5222,1.0000
48729,5222,1.0000
48730,5222,1.0000
48731,5222,1.0000
48732,5222,1.0000
48733,5222,1.0000
48734,5222,1.0000
48735,5222,1.0000
48736,5222,1.0000
48737,5222,1.0000
48738,5222,1.0000
48739,5222,1.0000
48740,5222,1.0000
48741,5222,1.0000
48742,5222,1.0000
48743,5222,1.0000
48744,5222,1.0000
48745,5222,1.0000
48746,5222,1.0000
48747,5222,1.0000
48748,5222,1.0000
48749,5222,1.0000
48750,5222,1.0000
48751,5222,1.0000
48752,5222,1.0000
48753,5222,1.0000
48754,5222,1.0000
48755,5222,1.0000
48756,5222,1.0000
48757,5222,1.0000
48758,5222,1.0000
48759,5222,1.0000
48760,5222,1.0000
48761,5222,1.0000
48762,5222,1.0000
48763,5222,1.0000
48764,5222,1.0000
48765,5222,1.0000
48766,5222,1.0000
48767,5222,1.0000
48768,5222,1.0000
48769,5222,1.0000
48770,5222,1.0000
48771,5222,1.0000
48772,5222,1.0000
48773,5222,1.0000
48774,5222,1.0000
48775,5222,1.0000
48776,5222,1.0000
48777,5222,1.0000
48778,5222,1.0000
48779,5222,1.0000
48780,5222,1.0000
48781,5222,1.0000
48782,5222,1.0000
48783,5222,1.0000
48784,5222,1.0000
48785,5222,1.0000
48786,5222,1.0000
48787,5222,1.0000
48788,5222,1.0000
48789,5222,1.0000
48790,5222,1.0000
48791,5222,1.0000
48792,5222,1.0000
48793,5222,1.0000
48794,5222,1.0000
48795,5222,1.0000
48796,5222,1.0000
48797,5222,1.0000
48798,5222,1.0000
48799,5222,1.0000
48800,5222,1.0000
48801,5222,1.0000
48802,5222,1.0000
48803,5222,1.0000
48804,5222,1.0000
48805,5222,1.0000
48806,5222,1.0000
48807,5222,1.0000
48808,5222,1.0000
48809,5222,1.0000
48810,5222,1.0000
48811,5222,1.0000
48812,5222,1.0000
48813,5222,1.0000
48814,5222,1.0000
48815,5222,1.0000
48816,5222,1.0000
48817,5222,1.0000
48818,5222,1.0000
48819,5222,1.0000
48820,5222,1.0000
48821,5222,1.0000
48822,5222,1.0000
48823,5222,1.0000
48824,5222,1.0000
48825,5222,1.0000
48826,5222,1.0000
48827,5222,1.0000
48828,5222,1.0000
48829,5222,1.0000
48830,5222,1.0000
48831,5222,1.0000
48832,5222,1.0000
48833,5222,1.0000
48834,5222,1.0000
48835,5222,1.0000
48836,5222,1.0000
48837,5222,1.0000
48838,5222,1.0000
48839,5222,1.0000
48840,5222,1.0000
48841,5222,1.0000
48842,5222,1.0000
48843,5222,1.0000
48844,5222,1.0000
48845,5222,1.0000
48846,5222,1.0000
48847,5222,1.0000
48848,5222,1.0000
48849,5222,1.0000
48850,5222,1.0000
48851,5222,1.0000
48852,5222,1.0000
48853,5222,1.0000
48854,5222,1.0000
48855,5222,1.0000
48856,5222,1.0000
48857,5222,1.0000
48858,5222,1.0000
48859,5222,1.0000
48860,5222,1.0000
48861,5222,1.0000
48862,5222,1.0000
48863,5222,1.0000
48864,5222,1.0000
48865,5222,1.0000
48866,5222,1.0000
48867,5222,1.0000
48868,5222,1.0000
48869,5222,1.0000
48870,5222,1.0000
48871,5222,1.0000
48872,5222,1.0000
48873,5222,1.0000
48874,5222,1.0000
48875,5222,1.0000
48876,5222,1.0000
48877,5222,1.0000
48878,5222,1.0000
48879,5222,1.0000
48880,5222,1.0000
48881,5222,1.0000
48882,5222,1.0000
48883,5222,1.0000
48884,5222,1.0000
48885,5222,1.0000
48886,5222,1.0000
48887,5222,1.0000
48888,5222,1.0000
48889,5222,1.0000
48890,5222,1.0000
48891,5222,1.0000
48892,5222,1.0000
48893,5222,1.0000
48894,5222,1.0000
48895,5222,1.0000
48896,5222,1.0000
48897,5222,1.0000
48898,5222,1.0000
48899,5222,1.0000
48900,5222,1.0000
48901,5222,1.0000
48902,5222,1.0000
48903,5222,1.0000
48904,5222,1.0000
48905,5222,1.0000
48906,5222,1.0000
48907,5222,1.0000
48908,5222,1.0000
48909,5222,1.0000
48910,5222,1.0000
48911,5222,1.0000
48912,5222,1.0000
48913,5222,1.0000
48914,5222,1.0000
48915,5222,1.0000
48916,5222,1.0000
48917,5222,1.0000
48918,5222,1.0000
48919,5222,1.0000
48920,5222,1.0000
48921,5222,1.0000
48922,5222,1.0000
48923,5222,1.0000
48924,5222,1.0000
48925,5222,1.0000
48926,5222,1.0000
48927,5222,1.0000
48928,5222,1.0000
48929,5222,1.0000
48930,5222,1.0000
48931,5222,1.0000
48932,5222,1.0000
48933,5222,1.0000
48934,5222,1.0000
48935,5222,1.0000
48936,5222,1.0000
48937,5222,1.0000
48938,5222,1.0000
48939,5222,1.0000
48940,5222,1.0000
48941,5222,1.0000
48942,5222,1.0000
48943,5222,1.0000
48944,5222,1.0000
48945,5222,1.0000
48946,5222,1.0000
48947,5222,1.0000
48948,5222,1.0000
48949,5222,1.0000
48950,5222,1.0000
48951,5222,1.0000
48952,5222,1.0000
48953,5222,1.0000
48954,5222,1.0000
48955,5222,1.0000
48956,5222,1.0000
48957,5222,1.0000
48958,5222,1.0000
48959,5222,1.0000
48960,5222,1.0000
48961,5222,1.0000
48962,5222,1.0000
48963,5222,1.0000
48964,5222,1.0000
48965,5222,1.0000
48966,5222,1.0000
48967,5222,1.0000
48968,5222,1.0000
48969,5222,1.0000
48970,5222,1.0000
48971,5222,1.0000
48972,5222,1.0000
48973,5222,1.0000
48974,5222,1.0000
48975,5222,1.0000
48976,5222,1.0000
48977,5222,1.0000
48978,5222,1.0000
48979,5222,1.0000
48980,5222,1.0000
48981,5222,1.0000
48982,5222,1.0000
48983,5222,1.0000
48984,5222,1.0000
48985,5222,1.0000
48986,5222,1.0000
48987,5222,1.0000
48988,5222,1.0000
48989,5222,1.0000
48990,5222,1.0000
48991,5222,1.0000
48992,5222,1.0000
48993,5222,1.0000
48994,5222,1.0000
48995,5222,1.0000
48996,5222,1.0000
48997,5222,1.0000
48998,5222,1.0000
48999,5222,1.0000
49000,5222,1.0000
49001,5222,1.0000
49002,5222,1.0000
49003,5222,1.0000
49004,5222,1.0000
49005,5222,1.0000
49006,5222,1.0000
49007,5222,1.0000
49008,5222,1.0000
49009,5222,1.0000
49010,5222,1.0000
49011,5222,1.0000
49012,5222,1.0000
49013,5222,1.0000
49014,5222,1.0000
49015,5222,1.0000
49016,5222,1.0000
49017,5222,1.0000
49018,5222,1.0000
49019,5222,1.0000
49020,5222,1.0000
49021,5222,1.0000
49022,5222,1.0000
49023,5222,1.0000
49024,5222,1.0000
49025,5222,1.0000
49026,5222,1.0000
49027,5222,1.0000
49028,5222,1.0000
49029,5222,1.0000
49030,5222,1.0000
49031,5222,1.0000
49032,5222,1.0000
49033,5222,1.0000
49034,5222,1.0000
49035,5222,1.0000
49036,5222,1.0000
49037,5222,1.0000
49038,5222,1.0000
49039,5222,1.0000
49040,5222,1.0000
49041,5222,1.0000
49042,5222,1.0000
49043,5222,1.0000
49044,5222,1.0000
49045,5222,1.0000
49046,5222,1.0000
49047,5222,1.0000
49048,5222,1.0000
49049,5222,1.0000
49050,5222,1.0000
49051,5222,1.0000
49052,5222,1.0000
49053,5222,1.0000
49054,5222,1.0000
49055,5222,1.0000
49056,5222,1.0000
49057,5222,1.0000
49058,5222,1.0000
49059,5222,1.0000
49060,5222,1.0000
49061,5222,1.0000
49062,5222,1.0000
49063,5222,1.0000
49064,5222,1.0000
49065,5222,1.0000
49066,5222,1.0000
49067,5222,1.0000
49068,5222,1.0000
49069,5222,1.0000
49070,5222,1.0000
49071,5222,1.0000
49072,5222,1.0000
49073,5222,1.0000
49074,5222,1.0000
49075,5222,1.0000
49076,5222,1.0000
49077,5222,1.0000
49078,5222,1.0000
49079,5222,1.0000
49080,5222,1.0000
49081,5222,1.0000
49082,5222,1.0000
49083,5222,1.0000
49084,5222,1.0000
49085,5222,1.0000
49086,5222,1.0000
49087,5222,1.0000
49088,5222,1.0000
49089,5222,1.0000
49090,5222,1.0000
49091,5222,1.0000
49092,5222,1.0000
49093,5222,1.0000
49094,5222,1.0000
49095,5222,1.0000
49096,5222,1.0000
49097,5222,1.0000
49098,5222,1.0000
49099,5222,1.0000
49100,5222,1.0000
49101,5222,1.0000
49102,5222,1.0000
49103,5222,1.0000
49104,5222,1.0000
49105,5222,1.0000
49106,5222,1.0000
49107,5222,1.0000
49108,5222,1.0000
49109,5222,1.0000
49110,5222,1.0000
49111,5222,1.0000
49112,5222,1.0000
49113,5222,1.0000
49114,5222,1.0000
49115,5222,1.0000
49116,5222,1.0000
49117,5222,1.0000
49118,5222,1.0000
49119,5222,1.0000
49120,5222,1.0000
49121,5222,1.0000
49122,5222,1.0000
49123,5222,1.0000
49124,5222,1.0000
49125,5222,1.0000
49126,5222,1.0000
49127,5222,1.0000
49128,5222,1.0000
49129,5222,1.0000
49130,5222,1.0000
49131,5222,1.0000
49132,5222,1.0000
49133,5222,1.0000
49134,5222,1.0000
49135,5222,1.0000
49136,5222,1.0000
49137,5222,1.0000
49138,5222,1.0000
49139,5222,1.0000
49140,5222,1.0000
49141,5222,1.0000
49142,5222,1.0000
49143,5222,1.0000
49144,5222,1.0000
49145,5222,1.0000
49146,5222,1.0000
49147,5222,1.0000
49148,5222,1.0000
49149,5222,1.0000
49150,5222,1.0000
49151,5222,1.0000
49152,5222,1.0000
49153,5222,1.0000
49154,5222,1.0000
49155,5222,1.0000
49156,5222,1.0000
49157,5222,1.0000
49158,5222,1.0000
49159,5222,1.0000
49160,5222,1.0000
49161,5222,1.0000
49162,5222,1.0000
49163,5222,1.0000
49164,5222,1.0000
49165,5222,1.0000
49166,5222,1.0000
49167,5222,1.0000
49168,5222,1.0000
49169,5222,1.0000
49170,5222,1.0000
49171,5222,1.0000
49172,5222,1.0000
49173,5222,1.0000
49174,5222,1.0000
49175,5222,1.0000
49176,5222,1.0000
49177,5222,1.0000
49178,5222,1.0000
49179,5222,1.0000
49180,5222,1.0000
49181,5222,1.0000
49182,5222,1.0000
49183,5222,1.0000
49184,5222,1.0000
49185,5222,1.0000
49186,5222,1.0000
49187,5222,1.0000
49188,5222,1.0000
49189,5222,1.0000
49190,5222,1.0000
49191,5222,1.0000
49192,5222,1.0000
49193,5222,1.0000
49194,5222,1.0000
49195,5222,1.0000
49196,5222,1.0000
49197,5222,1.0000
49198,5222,1.0000
49199,5222,1.0000
49200,5222,1.0000
49201,5222,1.0000
49202,5222,1.0000
49203,5222,1.0000
49204,5222,1.0000
49205,5222,1.0000
49206,5222,1.0000
49207,5222,1.0000
49208,5222,1.0000
49209,5222,1.0000
49210,5222,1.0000
49211,5222,1.0000
49212,5222,1.0000
49213,5222,1.0000
49214,5222,1.0000
49215,5222,1.0000
49216,5222,1.0000
49217,5222,1.0000
49218,5222,1.0000
49219,5222,1.0000
49220,5222,1.0000
49221,5222,1.0000
49222,5222,1.0000
49223,5222,1.0000
49224,5222,1.0000
49225,5222,1.0000
49226,5222,1.0000
49227,5222,1.0000
49228,5222,1.0000
49229,5222,1.0000
49230,5222,1.0000
49231,5222,1.0000
49232,5222,1.0000
49233,5222,1.0000
49234,5222,1.0000
49235,5222,1.0000
49236,5222,1.0000
49237,5222,1.0000
49238,5222,1.0000
49239,5222,1.0000
49240,5222,1.0000
49241,5222,1.0000
49242,5222,1.0000
49243,5222,1.0000
49244,5222,1.0000
49245,5222,1.0000
49246,5222,1.0000
49247,5222,1.0000
49248,5222,1.0000
49249,5222,1.0000
49250,5222,1.0000
49251,5222,1.0000
49252,5222,1.0000
49253,5222,1.0000
49254,5222,1.0000
49255,5222,1.0000
49256,5222,1.0000
49257,5222,1.0000
49258,5222,1.0000
49259,5222,1.0000
49260,5222,1.0000
49261,5222,1.0000
49262,5222,1.0000
49263,5222,1.0000
49264,5222,1.0000
49265,5222,1.0000
49266,5222,1.0000
49267,5222,1.0000
49268,5222,1.0000
49269,5222,1.0000
49270,5222,1.0000
49271,5222,1.0000
49272,5222,1.0000
49273,5222,1.0000
49274,5222,1.0000
49275,5222,1.0000
49276,5222,1.0000
49277,5222,1.0000
49278,5222,1.0000
49279,5222,1.0000
49280,5222,1.0000
49281,5222,1.0000
49282,5222,1.0000
49283,5222,1.0000
49284,5222,1.0000
49285,5222,1.0000
49286,5222,1.0000
49287,5222,1.0000
49288,5222,1.0000
49289,5222,1.0000
49290,5222,1.0000
49291,5222,1.0000
49292,5222,1.0000
49293,5222,1.0000
49294,5222,1.0000
49295,5222,1.0000
49296,5222,1.0000
49297,5222,1.0000
49298,5222,1.0000
49299,5222,1.0000
49300,5222,1.0000
49301,5222,1.0000
49302,5222,1.0000
49303,5222,1.0000
49304,5222,1.0000
49305,5222,1.0000
49306,5222,1.0000
49307,5222,1.0000
49308,5222,1.0000
49309,5222,1.0000
49310,5222,1.0000
49311,5222,1.0000
49312,5222,1.0000
49313,5222,1.0000
49314,5222,1.0000
49315,5222,1.0000
49316,5222,1.0000
49317,5222,1.0000
49318,5222,1.0000
49319,5222,1.0000
49320,5222,1.0000
49321,5222,1.0000
49322,5222,1.0000
49323,5222,1.0000
49324,5222,1.0000
49325,5222,1.0000
49326,5222,1.0000
49327,5222,1.0000
49328,5222,1.0000
49329,5222,1.0000
49330,5222,1.0000
49331,5222,1.0000
49332,5222,1.0000
49333,5222,1.0000
49334,5222,1.0000
49335,5222,1.0000
49336,5222,1.0000
49337,5222,1.0000
49338,5222,1.0000
49339,5222,1.0000
49340,5222,1.0000
49341,5222,1.0000
49342,5222,1.0000
49343,5222,1.0000
49344,5222,1.0000
49345,5222,1.0000
49346,5222,1.0000
49347,5222,1.0000
49348,5222,1.0000
49349,5222,1.0000
49350,5222,1.0000
49351,5222,1.0000
49352,5222,1.0000
49353,5222,1.0000
49354,5222,1.0000
49355,5222,1.0000
49356,5222,1.0000
49357,5222,1.0000
49358,5222,1.0000
49359,5222,1.0000
49360,5222,1.0000
49361,5222,1.0000
49362,5222,1.0000
49363,5222,1.0000
49364,5222,1.0000
49365,5222,1.0000
49366,5222,1.0000
49367,5222,1.0000
49368,5222,1.0000
49369,5222,1.0000
49370,5222,1.0000
49371,5222,1.0000
49372,5222,1.0000
49373,5222,1.0000
49374,5222,1.0000
49375,5222,1.0000
49376,5222,1.0000
49377,5222,1.0000
49378,5222,1.0000
49379,5222,1.0000
49380,5222,1.0000
49381,5222,1.0000
49382,5222,1.0000
49383,5222,1.0000
49384,5222,1.0000
49385,5222,1.0000
49386,5222,1.0000
49387,5222,1.0000
49388,5222,1.0000
49389,5222,1.0000
49390,5222,1.0000
49391,5222,1.0000
49392,5222,1.0000
49393,5222,1.0000
49394,5222,1.0000
49395,5222,1.0000
49396,5222,1.0000
49397,5222,1.0000
49398,5222,1.0000
49399,5222,1.0000
49400,5222,1.0000
49401,5222,1.0000
49402,5222,1.0000
49403,5222,1.0000
49404,5222,1.0000
49405,5222,1.0000
49406,5222,1.0000
49407,5222,1.0000
49408,5222,1.0000
49409,5222,1.0000
49410,5222,1.0000
49411,5222,1.0000
49412,5222,1.0000
49413,5222,1.0000
49414,5222,1.0000
49415,5222,1.0000
49416,5222,1.0000
49417,5222,1.0000
49418,5222,1.0000
49419,5222,1.0000
49420,5222,1.0000
49421,5222,1.0000
49422,5222,1.0000
49423,5222,1.0000
49424,5222,1.0000
49425,5222,1.0000
49426,5222,1.0000
49427,5222,1.0000
49428,5222,1.0000
49429,5222,1.0000
49430,5222,1.0000
49431,5222,1.0000
49432,5222,1.0000
49433,5222,1.0000
49434,5222,1.0000
49435,5222,1.0000
49436,5222,1.0000
49437,5222,1.0000
49438,5222,1.0000
49439,5222,1.0000
49440,5222,1.0000
49441,5222,1.0000
49442,5222,1.0000
49443,5222,1.0000
49444,5222,1.0000
49445,5222,1.0000
49446,5222,1.0000
49447,5222,1.0000
49448,5222,1.0000
49449,5222,1.0000
49450,5222,1.0000
49451,5222,1.0000
49452,5222,1.0000
49453,5222,1.0000
49454,5222,1.0000
49455,5222,1.0000
49456,5222,1.0000
49457,5222,1.0000
49458,5222,1.0000
49459,5222,1.0000
49460,5222,1.0000
49461,5222,1.0000
49462,5222,1.0000
49463,5222,1.0000
49464,5222,1.0000
49465,5222,1.0000
49466,5222,1.0000
49467,5222,1.0000
49468,5222,1.0000
49469,5222,1.0000
49470,5222,1.0000
49471,5222,1.0000
49472,5222,1.0000
49473,5222,1.0000
49474,5222,1.0000
49475,5222,1.0000
49476,5222,1.0000
49477,5222,1.0000
49478,5222,1.0000
49479,5222,1.0000
49480,5222,1.0000
49481,5222,1.0000
49482,5222,1.0000
49483,5222,1.0000
49484,5222,1.0000
49485,5222,1.0000
49486,5222,1.0000
49487,5222,1.0000
49488,5222,1.0000
49489,5222,1.0000
49490,5222,1.0000
49491,5222,1.0000
49492,5222,1.0000
49493,5222,1.0000
49494,5222,1.0000
49495,5222,1.0000
49496,5222,1.0000
49497,5222,1.0000
49498,5222,1.0000
49499,5222,1.0000
49500,5222,1.0000
49501,5222,1.0000
49502,5222,1.0000
49503,5222,1.0000
49504,5222,1.0000
49505,5222,1.0000
49506,5222,1.0000
49507,5222,1.0000
49508,5222,1.0000
49509,5222,1.0000
49510,5222,1.0000
49511,5222,1.0000
49512,5222,1.0000
49513,5222,1.0000
49514,5222,1.0000
49515,5222,1.0000
49516,5222,1.0000
49517,5222,1.0000
49518,5222,1.0000
49519,5222,1.0000
49520,5222,1.0000
49521,5222,1.0000
49522,5222,1.0000
49523,5222,1.0000
49524,5222,1.0000
49525,5222,1.0000
49526,5222,1.0000
49527,5222,1.0000
49528,5222,1.0000
49529,5222,1.0000
49530,5222,1.0000
49531,5222,1.0000
49532,5222,1.0000
49533,5222,1.0000
49534,5222,1.0000
49535,5222,1.0000
49536,5222,1.0000
49537,5222,1.0000
49538,5222,1.0000
49539,5222,1.0000
49540,5222,1.0000
49541,5222,1.0000
49542,5222,1.0000
49543,5222,1.0000
49544,5222,1.0000
49545,5222,1.0000
49546,5222,1.0000
49547,5222,1.0000
49548,5222,1.0000
49549,5222,1.0000
49550,5222,1.0000
49551,5222,1.0000
49552,5222,1.0000
49553,5222,1.0000
49554,5222,1.0000
49555,5222,1.0000
49556,5222,1.0000
49557,5222,1.0000
49558,5222,1.0000
49559,5222,1.0000
49560,5222,1.0000
49561,5222,1.0000
49562,5222,1.0000
49563,5222,1.0000
49564,5222,1.0000
49565,5222,1.0000
49566,5222,1.0000
49567,5222,1.0000
49568,5222,1.0000
49569,5222,1.0000
49570,5222,1.0000
49571,5222,1.0000
49572,5222,1.0000
49573,5222,1.0000
49574,5222,1.0000
49575,5222,1.0000
49576,5222,1.0000
49577,5222,1.0000
49578,5222,1.0000
49579,5222,1.0000
49580,5222,1.0000
49581,5222,1.0000
49582,5222,1.0000
49583,5222,1.0000
49584,5222,1.0000
49585,5222,1.0000
49586,5222,1.0000
49587,5222,1.0000
49588,5222,1.0000
49589,5222,1.0000
49590,5222,1.0000
49591,5222,1.0000
49592,5222,1.0000
49593,5222,1.0000
49594,5222,1.0000
49595,5222,1.0000
49596,5222,1.0000
49597,5222,1.0000
49598,5222,1.0000
49599,5222,1.0000
49600,5222,1.0000
49601,5222,1.0000
49602,5222,1.0000
49603,5222,1.0000
49604,5222,1.0000
49605,5222,1.0000
49606,5222,1.0000
49607,5222,1.0000
49608,5222,1.0000
49609,5222,1.0000
49610,5222,1.0000
49611,5222,1.0000
49612,5222,1.0000
49613,5222,1.0000
49614,5222,1.0000
49615,5222,1.0000
49616,5222,1.0000
49617,5222,1.0000
49618,5222,1.0000
49619,5222,1.0000
49620,5222,1.0000
49621,5222,1.0000
49622,5222,1.0000
49623,5222,1.0000
49624,5222,1.0000
49625,5222,1.0000
49626,5222,1.0000
49627,5222,1.0000
49628,5222,1.0000
49629,5222,1.0000
49630,5222,1.0000
49631,5222,1.0000
49632,5222,1.0000
49633,5222,1.0000
49634,5222,1.0000
49635,5222,1.0000
49636,5222,1.0000
49637,5222,1.0000
49638,5222,1.0000
49639,5222,1.0000
49640,5222,1.0000
49641,5222,1.0000
49642,5222,1.0000
49643,5222,1.0000
49644,5222,1.0000
49645,5222,1.0000
49646,5222,1.0000
49647,5222,1.0000
49648,5222,1.0000
49649,5222,1.0000
49650,5222,1.0000
49651,5222,1.0000
49652,5222,1.0000
49653,5222,1.0000
49654,5222,1.0000
49655,5222,1.0000
49656,5222,1.0000
49657,5222,1.0000
49658,5222,1.0000
49659,5222,1.0000
49660,5222,1.0000
49661,5222,1.0000
49662,5222,1.0000
49663,5222,1.0000
49664,5222,1.0000
49665,5222,1.0000
49666,5222,1.0000
49667,5222,1.0000
49668,5222,1.0000
49669,5222,1.0000
49670,5222,1.0000
49671,5222,1.0000
49672,5222,1.0000
49673,5222,1.0000
49674,5222,1.0000
49675,5222,1.0000
49676,5222,1.0000
49677,5222,1.0000
49678,5222,1.0000
49679,5222,1.0000
49680,5222,1.0000
49681,5222,1.0000
49682,5222,1.0000
49683,5222,1.0000
49684,5222,1.0000
49685,5222,1.0000
49686,5222,1.0000
49687,5222,1.0000
49688,5222,1.0000
49689,5222,1.0000
49690,5222,1.0000
49691,5222,1.0000
49692,5222,1.0000
49693,5222,1.0000
49694,5222,1.0000
49695,5222,1.0000
49696,5222,1.0000
49697,5222,1.0000
49698,5222,1.0000
49699,5222,1.0000
49700,5222,1.0000
49701,5222,1.0000
49702,5222,1.0000
49703,5222,1.0000
49704,5222,1.0000
49705,5222,1.0000
49706,5222,1.0000
49707,5222,1.0000
49708,5222,1.0000
49709,5222,1.0000
49710,5222,1.0000
49711,5222,1.0000
49712,5222,1.0000
49713,5222,1.0000
49714,5222,1.0000
49715,5222,1.0000
49716,5222,1.0000
49717,5222,1.0000
49718,5222,1.0000
49719,5222,1.0000
49720,5222,1.0000
49721,5222,1.0000
49722,5222,1.0000
49723,5222,1.0000
49724,5222,1.0000
49725,5222,1.0000
49726,5222,1.0000
49727,5222,1.0000
49728,5222,1.0000
49729,5222,1.0000
49730,5222,1.0000
49731,5222,1.0000
49732,5222,1.0000
49733,5222,1.0000
49734,5222,1.0000
49735,5222,1.0000
49736,5222,1.0000
49737,5222,1.0000
49738,5222,1.0000
49739,5222,1.0000
49740,5222,1.0000
49741,5222,1.0000
49742,5222,1.0000
49743,5222,1.0000
49744,5222,1.0000
49745,5222,1.0000
49746,5222,1.0000
49747,5222,1.0000
49748,5222,1.0000
49749,5222,1.0000
49750,5222,1.0000
49751,5222,1.0000
49752,5222,1.0000
49753,5222,1.0000
49754,5222,1.0000
49755,5222,1.0000
49756,5222,1.0000
49757,5222,1.0000
49758,5222,1.0000
49759,5222,1.0000
49760,5222,1.0000
49761,5222,1.0000
49762,5222,1.0000
49763,5222,1.0000
49764,5222,1.0000
49765,5222,1.0000
49766,5222,1.0000
49767,5222,1.0000
49768,5222,1.0000
49769,5222,1.0000
49770,5222,1.0000
49771,5222,1.0000
49772,5222,1.0000
49773,5222,1.0000
49774,5222,1.0000
49775,5222,1.0000
49776,5222,1.0000
49777,5222,1.0000
49778,5222,1.0000
49779,5222,1.0000
49780,5222,1.0000
49781,5222,1.0000
49782,5222,1.0000
49783,5222,1.0000
49784,5222,1.0000
49785,5222,1.0000
49786,5222,1.0000
49787,5222,1.0000
49788,5222,1.0000
49789,5222,1.0000
49790,5222,1.0000
49791,5222,1.0000
49792,5222,1.0000
49793,5222,1.0000
49794,5222,1.0000
49795,5222,1.0000
49796,5222,1.0000
49797,5222,1.0000
49798,5222,1.0000
49799,5222,1.0000
49800,5222,1.0000
49801,5222,1.0000
49802,5222,1.0000
49803,5222,1.0000
49804,5222,1.0000
49805,5222,1.0000
49806,5222,1.0000
49807,5222,1.0000
49808,5222,1.0000
49809,5222,1.0000
49810,5222,1.0000
49811,5222,1.0000
49812,5222,1.0000
49813,5222,1.0000
49814,5222,1.0000
49815,5222,1.0000
49816,5222,1.0000
49817,5222,1.0000
49818,5222,1.0000
49819,5222,1.0000
49820,5222,1.0000
49821,5222,1.0000
49822,5222,1.0000
49823,5222,1.0000
49824,5222,1.0000
49825,5222,1.0000
49826,5222,1.0000
49827,5222,1.0000
49828,5222,1.0000
49829,5222,1.0000
49830,5222,1.0000
49831,5222,1.0000
49832,5222,1.0000
49833,5222,1.0000
49834,5222,1.0000
49835,5222,1.0000
49836,5222,1.0000
49837,5222,1.0000
49838,5222,1.0000
49839,5222,1.0000
49840,5222,1.0000
49841,5222,1.0000
49842,5222,1.0000
49843,5222,1.0000
49844,5222,1.0000
49845,5222,1.0000
49846,5222,1.0000
49847,5222,1.0000
49848,5222,1.0000
49849,5222,1.0000
49850,5222,1.0000
49851,5222,1.0000
49852,5222,1.0000
49853,5222,1.0000
49854,5222,1.0000
49855,5222,1.0000
49856,5222,1.0000
49857,5222,1.0000
49858,5222,1.0000
49859,5222,1.0000
49860,5222,1.0000
49861,5222,1.0000
49862,5222,1.0000
49863,5222,1.0000
49864,5222,1.0000
49865,5222,1.0000
49866,5222,1.0000
49867,5222,1.0000
49868,5222,1.0000
49869,5222,1.0000
49870,5222,1.0000
49871,5222,1.0000
49872,5222,1.0000
49873,5222,1.0000
49874,5222,1.0000
49875,5222,1.0000
49876,5222,1.0000
49877,5222,1.0000
49878,5222,1.0000
49879,5222,1.0000
49880,5222,1.0000
49881,5222,1.0000
49882,5222,1.0000
49883,5222,1.0000
49884,5222,1.0000
49885,5222,1.0000
49886,5222,1.0000
49887,5222,1.0000
49888,5222,1.0000
49889,5222,1.0000
49890,5222,1.0000
49891,5222,1.0000
49892,5222,1.0000
49893,5222,1.0000
49894,5222,1.0000
49895,5222,1.0000
49896,5222,1.0000
49897,5222,1.0000
49898,5222,1.0000
49899,5222,1.0000
49900,5222,1.0000
49901,5222,1.0000
49902,5222,1.0000
49903,5222,1.0000
49904,5222,1.0000
49905,5222,1.0000
49906,5222,1.0000
49907,5222,1.0000
49908,5222,1.0000
49909,5222,1.0000
49910,5222,1.0000
49911,5222,1.0000
49912,5222,1.0000
49913,5222,1.0000
49914,5222,1.0000
49915,5222,1.0000
49916,5222,1.0000
49917,5222,1.0000
49918,5222,1.0000
49919,5222,1.0000
49920,5222,1.0000
49921,5222,1.0000
49922,5222,1.0000
49923,5222,1.0000
49924,5222,1.0000
49925,5222,1.0000
49926,5222,1.0000
49927,5222,1.0000
49928,5222,1.0000
49929,5222,1.0000
49930,5222,1.0000
49931,5222,1.0000
49932,5222,1.0000
49933,5222,1.0000
49934,5222,1.0000
49935,5222,1.0000
49936,5222,1.0000
49937,5222,1.0000
49938,5222,1.0000
49939,5222,1.0000
49940,5222,1.0000
49941,5222,1.0000
49942,5222,1.0000
49943,5222,1.0000
49944,5222,1.0000
49945,5222,1.0000
49946,5222,1.0000
49947,5222,1.0000
49948,5222,1.0000
49949,5222,1.0000
49950,5222,1.0000
49951,5222,1.0000
49952,5222,1.0000
49953,5222,1.0000
49954,5222,1.0000
49955,5222,1.0000
49956,5222,1.0000
49957,5222,1.0000
49958,5222,1.0000
49959,5222,1.0000
49960,5222,1.0000
49961,5222,1.0000
49962,5222,1.0000
49963,5222,1.0000
49964,5222,1.0000
49965,5222,1.0000
49966,5222,1.0000
49967,5222,1.0000
49968,5222,1.0000
49969,5222,1.0000
49970,5222,1.0000
49971,5222,1.0000
49972,5222,1.0000
49973,5222,1.0000
49974,5222,1.0000
49975,5222,1.0000
49976,5222,1.0000
49977,5222,1.0000
49978,5222,1.0000
49979,5222,1.0000
49980,5222,1.0000
49981,5222,1.0000
49982,5222,1.0000
49983,5222,1.0000
49984,5222,1.0000
49985,5222,1.0000
49986,5222,1.0000
49987,5222,1.0000
49988,5222,1.0000
49989,5222,1.0000
49990,5222,1.0000
49991,5222,1.0000
49992,5222,1.0000
49993,5222,1.0000
49994,5222,1.0000
49995,5222,1.0000
49996,5222,1.0000
49997,5222,1.0000
49998,5222,1.0000
49999,5222,1.0000
50000,5222,1.0000
50001,5222,1.0000
50002,5222,1.0000
50003,5222,1.0000
50004,5222,1.0000
50005,5222,1.0000
50006,5222,1.0000
50007,5222,1.0000
50008,5222,1.0000
50009,5222,1.0000
50010,5222,1.0000
50011,5222,1.0000
50012,5222,1.0000
50013,5222,1.0000
50014,5222,1.0000
50015,5222,1.0000
50016,5222,1.0000
50017,5222,1.0000
50018,5222,1.0000
50019,5222,1.0000
50020,5222,1.0000
50021,5222,1.0000
50022,5222,1.0000
50023,5222,1.0000
50024,5222,1.0000
50025,5222,1.0000
50026,5222,1.0000
50027,5222,1.0000
50028,5222,1.0000
50029,5222,1.0000
50030,5222,1.0000
50031,5222,1.0000
50032,5222,1.0000
50033,5222,1.0000
50034,5222,1.0000
50035,5222,1.0000
50036,5222,1.0000
50037,5222,1.0000
50038,5222,1.0000
50039,5222,1.0000
50040,5222,1.0000
50041,5222,1.0000
50042,5222,1.0000
50043,5222,1.0000
50044,5222,1.0000
50045,5222,1.0000
50046,5222,1.0000
50047,5222,1.0000
50048,5222,1.0000
50049,5222,1.0000
50050,5222,1.0000
50051,5222,1.0000
50052,5222,1.0000
50053,5222,1.0000
50054,5222,1.0000
50055,5222,1.0000
50056,5222,1.0000
50057,5222,1.0000
50058,5222,1.0000
50059,5222,1.0000
50060,5222,1.0000
50061,5222,1.0000
50062,5222,1.0000
50063,5222,1.0000
50064,5222,1.0000
50065,5222,1.0000
50066,5222,1.0000
50067,5222,1.0000
50068,5222,1.0000
50069,5222,1.0000
50070,5222,1.0000
50071,5222,1.0000
50072,5222,1.0000
50073,5222,1.0000
50074,5222,1.0000
50075,5222,1.0000
50076,5222,1.0000
50077,5222,1.0000
50078,5222,1.0000
50079,5222,1.0000
50080,5222,1.0000
50081,5222,1.0000
50082,5222,1.0000
50083,5222,1.0000
50084,5222,1.0000
50085,5222,1.0000
50086,5222,1.0000
50087,5222,1.0000
50088,5222,1.0000
50089,5222,1.0000
50090,5222,1.0000
50091,5222,1.0000
50092,5222,1.0000
50093,5222,1.0000
50094,5222,1.0000
50095,5222,1.0000
50096,5222,1.0000
50097,5222,1.0000
50098,5222,1.0000
50099,5222,1.0000
50100,5222,1.0000
50101,5222,1.0000
50102,5222,1.0000
50103,5222,1.0000
50104,5222,1.0000
50105,5222,1.0000
50106,5222,1.0000
50107,5222,1.0000
50108,5222,1.0000
50109,5222,1.0000
50110,5222,1.0000
50111,5222,1.0000
50112,5222,1.0000
50113,5222,1.0000
50114,5222,1.0000
50115,5222,1.0000
50116,5222,1.0000
50117,5222,1.0000
50118,5222,1.0000
50119,5222,1.0000
50120,5222,1.0000
50121,5222,1.0000
50122,5222,1.0000
50123,5222,1.0000
50124,5222,1.0000
50125,5222,1.0000
50126,5222,1.0000
50127,5222,1.0000
50128,5222,1.0000
50129,5222,1.0000
50130,5222,1.0000
50131,5222,1.0000
50132,5222,1.0000
50133,5222,1.0000
50134,5222,1.0000
50135,5222,1.0000
50136,5222,1.0000
50137,5222,1.0000
50138,5222,1.0000
50139,5222,1.0000
50140,5222,1.0000
50141,5222,1.0000
50142,5222,1.0000
50143,5222,1.0000
50144,5222,1.0000
50145,5222,1.0000
50146,5222,1.0000
50147,5222,1.0000
50148,5222,1.0000
50149,5222,1.0000
50150,5222,1.0000
50151,5222,1.0000
50152,5222,1.0000
50153,5222,1.0000
50154,5222,1.0000
50155,5222,1.0000
50156,5222,1.0000
50157,5222,1.0000
50158,5222,1.0000
50159,5222,1.0000
50160,5222,1.0000
50161,5222,1.0000
50162,5222,1.0000
50163,5222,1.0000
50164,5222,1.0000
50165,5222,1.0000
50166,5222,1.0000
50167,5222,1.0000
50168,5222,1.0000
50169,5222,1.0000
50170,5222,1.0000
50171,5222,1.0000
50172,5222,1.0000
50173,5222,1.0000
50174,5222,1.0000
50175,5222,1.0000
50176,5222,1.0000
50177,5222,1.0000
50178,5222,1.0000
50179,5222,1.0000
50180,5222,1.0000
50181,5222,1.0000
50182,5222,1.0000
50183,5222,1.0000
50184,5222,1.0000
50185,5222,1.0000
50186,5222,1.0000
50187,5222,1.0000
50188,5222,1.0000
50189,5222,1.0000
50190,5222,1.0000
50191,5222,1.0000
50192,5222,1.0000
50193,5222,1.0000
50194,5222,1.0000
50195,5222,1.0000
50196,5222,1.0000
50197,5222,1.0000
50198,5222,1.0000
50199,5222,1.0000
50200,5222,1.0000
50201,5222,1.0000
50202,5222,1.0000
50203,5222,1.0000
50204,5222,1.0000
50205,5222,1.0000
50206,5222,1.0000
50207,5222,1.0000
50208,5222,1.0000
50209,5222,1.0000
50210,5222,1.0000
50211,5222,1.0000
50212,5222,1.0000
50213,5222,1.0000
50214,5222,1.0000
50215,5222,1.0000
50216,5222,1.0000
50217,5222,1.0000
50218,5222,1.0000
50219,5222,1.0000
50220,5222,1.0000
50221,5222,1.0000
50222,5222,1.0000
50223,5222,1.0000
50224,5222,1.0000
50225,5222,1.0000
50226,5222,1.0000
50227,5222,1.0000
50228,5222,1.0000
50229,5222,1.0000
50230,5222,1.0000
50231,5222,1.0000
50232,5222,1.0000
50233,5222,1.0000
50234,5222,1.0000
50235,5222,1.0000
50236,5222,1.0000
50237,5222,1.0000
50238,5222,1.0000
50239,5222,1.0000
50240,5222,1.0000
50241,5222,1.0000
50242,5222,1.0000
50243,5222,1.0000
50244,5222,1.0000
50245,5222,1.0000
50246,5222,1.0000
50247,5222,1.0000
50248,5222,1.0000
50249,5222,1.0000
50250,5222,1.0000
50251,5222,1.0000
50252,5222,1.0000
50253,5222,1.0000
50254,5222,1.0000
50255,5222,1.0000
50256,5222,1.0000
50257,5222,1.0000
50258,5222,1.0000
50259,5222,1.0000
50260,5222,1.0000
50261,5222,1.0000
50262,5222,1.0000
50263,5222,1.0000
50264,5222,1.0000
50265,5222,1.0000
50266,5222,1.0000
50267,5222,1.0000
50268,5222,1.0000
50269,5222,1.0000
50270,5222,1.0000
50271,5222,1.0000
50272,5222,1.0000
50273,5222,1.0000
50274,5222,1.0000
50275,5222,1.0000
50276,5222,1.0000
50277,5222,1.0000
50278,5222,1.0000
50279,5222,1.0000
50280,5222,1.0000
50281,5222,1.0000
50282,5222,1.0000
50283,5222,1.0000
50284,5222,1.0000
50285,5222,1.0000
50286,5222,1.0000
50287,5222,1.0000
50288,5222,1.0000
50289,5222,1.0000
50290,5222,1.0000
50291,5222,1.0000
50292,5222,1.0000
50293,5222,1.0000
50294,5222,1.0000
50295,5222,1.0000
50296,5222,1.0000
50297,5222,1.0000
50298,5222,1.0000
50299,5222,1.0000
50300,5222,1.0000
50301,5222,1.0000
50302,5222,1.0000
50303,5222,1.0000
50304,5222,1.0000
50305,5222,1.0000
50306,5222,1.0000
50307,5222,1.0000
50308,5222,1.0000
50309,5222,1.0000
50310,5222,1.0000
50311,5222,1.0000
50312,5222,1.0000
50313,5222,1.0000
50314,5222,1.0000
50315,5222,1.0000
50316,5222,1.0000
50317,5222,1.0000
50318,5222,1.0000
50319,5222,1.0000
50320,5222,1.0000
50321,5222,1.0000
50322,5222,1.0000
50323,5222,1.0000
50324,5222,1.0000
50325,5222,1.0000
50326,5222,1.0000
50327,5222,1.0000
50328,5222,1.0000
50329,5222,1.0000
50330,5222,1.0000
50331,5222,1.0000
50332,5222,1.0000
50333,5222,1.0000
50334,5222,1.0000
50335,5222,1.0000
50336,5222,1.0000
50337,5222,1.0000
50338,5222,1.0000
50339,5222,1.0000
50340,5222,1.0000
50341,5222,1.0000
50342,5222,1.0000
50343,5222,1.0000
50344,5222,1.0000
50345,5222,1.0000
50346,5222,1.0000
50347,5222,1.0000
50348,5222,1.0000
50349,5222,1.0000
50350,5222,1.0000
50351,5222,1.0000
50352,5222,1.0000
50353,5222,1.0000
50354,5222,1.0000
50355,5222,1.0000
50356,5222,1.0000
50357,5222,1.0000
50358,5222,1.0000
50359,5222,1.0000
50360,5222,1.0000
50361,5222,1.0000
50362,5222,1.0000
50363,5222,1.0000
50364,5222,1.0000
50365,5222,1.0000
50366,5222,1.0000
50367,5222,1.0000
50368,5222,1.0000
50369,5222,1.0000
50370,5222,1.0000
50371,5222,1.0000
50372,5222,1.0000
50373,5222,1.0000
50374,5222,1.0000
50375,5222,1.0000
50376,5222,1.0000
50377,5222,1.0000
50378,5222,1.0000
50379,5222,1.0000
50380,5222,1.0000
50381,5222,1.0000
50382,5222,1.0000
50383,5222,1.0000
50384,5222,1.0000
50385,5222,1.0000
50386,5222,1.0000
50387,5222,1.0000
50388,5222,1.0000
50389,5222,1.0000
50390,5222,1.0000
50391,5222,1.0000
50392,5222,1.0000
50393,5222,1.0000
50394,5222,1.0000
50395,5222,1.0000
50396,5222,1.0000
50397,5222,1.0000
50398,5222,1.0000
50399,5222,1.0000
50400,5222,1.0000
50401,5222,1.0000
50402,5222,1.0000
50403,5222,1.0000
50404,5222,1.0000
50405,5222,1.0000
50406,5222,1.0000
50407,5222,1.0000
50408,5222,1.0000
50409,5222,1.0000
50410,5222,1.0000
50411,5222,1.0000
50412,5222,1.0000
50413,5222,1.0000
50414,5222,1.0000
50415,5222,1.0000
50416,5222,1.0000
50417,5222,1.0000
50418,5222,1.0000
50419,5222,1.0000
50420,5222,1.0000
50421,5222,1.0000
50422,5222,1.0000
50423,5222,1.0000
50424,5222,1.0000
50425,5222,1.0000
50426,5222,1.0000
50427,5222,1.0000
50428,5222,1.0000
50429,5222,1.0000
50430,5222,1.0000
50431,5222,1.0000
50432,5222,1.0000
50433,5222,1.0000
50434,5222,1.0000
50435,5222,1.0000
50436,5222,1.0000
50437,5222,1.0000
50438,5222,1.0000
50439,5222,1.0000
50440,5222,1.0000
50441,5222,1.0000
50442,5222,1.0000
50443,5222,1.0000
50444,5222,1.0000
50445,5222,1.0000
50446,5222,1.0000
50447,5222,1.0000
50448,5222,1.0000
50449,5222,1.0000
50450,5222,1.0000
50451,5222,1.0000
50452,5222,1.0000
50453,5222,1.0000
50454,5222,1.0000
50455,5222,1.0000
50456,5222,1.0000
50457,5222,1.0000
50458,5222,1.0000
50459,5222,1.0000
50460,5222,1.0000
50461,5222,1.0000
50462,5222,1.0000
50463,5222,1.0000
50464,5222,1.0000
50465,5222,1.0000
50466,5222,1.0000
50467,5222,1.0000
50468,5222,1.0000
50469,5222,1.0000
50470,5222,1.0000
50471,5222,1.0000
50472,5222,1.0000
50473,5222,1.0000
50474,5222,1.0000
50475,5222,1.0000
50476,5222,1.0000
50477,5222,1.0000
50478,5222,1.0000
50479,5222,1.0000
50480,5222,1.0000
50481,5222,1.0000
50482,5222,1.0000
50483,5222,1.0000
50484,5222,1.0000
50485,5222,1.0000
50486,5222,1.0000
50487,5222,1.0000
50488,5222,1.0000
50489,5222,1.0000
50490,5222,1.0000
50491,5222,1.0000
50492,5222,1.0000
50493,5222,1.0000
50494,5222,1.0000
50495,5222,1.0000
50496,5222,1.0000
50497,5222,1.0000
50498,5222,1.0000
50499,5222,1.0000
50500,5222,1.0000
50501,5222,1.0000
50502,5222,1.0000
50503,5222,1.0000
50504,5222,1.0000
50505,5222,1.0000
50506,5222,1.0000
50507,5222,1.0000
50508,5222,1.0000
50509,5222,1.0000
50510,5222,1.0000
50511,5222,1.0000
50512,5222,1.0000
50513,5222,1.0000
50514,5222,1.0000
50515,5222,1.0000
50516,5222,1.0000
50517,5222,1.0000
50518,5222,1.0000
50519,5222,1.0000
50520,5222,1.0000
50521,5222,1.0000
50522,5222,1.0000
50523,5222,1.0000
50524,5222,1.0000
50525,5222,1.0000
50526,5222,1.0000
50527,5222,1.0000
50528,5222,1.0000
50529,5222,1.0000
50530,5222,1.0000
50531,5222,1.0000
50532,5222,1.0000
50533,5222,1.0000
50534,5222,1.0000
50535,5222,1.0000
50536,5222,1.0000
50537,5222,1.0000
50538,5222,1.0000
50539,5222,1.0000
50540,5222,1.0000
50541,5222,1.0000
50542,5222,1.0000
50543,5222,1.0000
50544,5222,1.0000
50545,5222,1.0000
50546,5222,1.0000
50547,5222,1.0000
50548,5222,1.0000
50549,5222,1.0000
50550,5222,1.0000
50551,5222,1.0000
50552,5222,1.0000
50553,5222,1.0000
50554,5222,1.0000
50555,5222,1.0000
50556,5222,1.0000
50557,5222,1.0000
50558,5222,1.0000
50559,5222,1.0000
50560,5222,1.0000
50561,5222,1.0000
50562,5222,1.0000
50563,5222,1.0000
50564,5222,1.0000
50565,5222,1.0000
50566,5222,1.0000
50567,5222,1.0000
50568,5222,1.0000
50569,5222,1.0000
50570,5222,1.0000
50571,5222,1.0000
50572,5222,1.0000
50573,5222,1.0000
50574,5222,1.0000
50575,5222,1.0000
50576,5222,1.0000
50577,5222,1.0000
50578,5222,1.0000
50579,5222,1.0000
50580,5222,1.0000
50581,5222,1.0000
50582,5222,1.0000
50583,5222,1.0000
50584,5222,1.0000
50585,5222,1.0000
50586,5222,1.0000
50587,5222,1.0000
50588,5222,1.0000
50589,5222,1.0000
50590,5222,1.0000
50591,5222,1.0000
50592,5222,1.0000
50593,5222,1.0000
50594,5222,1.0000
50595,5222,1.0000
50596,5222,1.0000
50597,5222,1.0000
50598,5222,1.0000
50599,5222,1.0000
50600,5222,1.0000
50601,5222,1.0000
50602,5222,1.0000
50603,5222,1.0000
50604,5222,1.0000
50605,5222,1.0000
50606,5222,1.0000
50607,5222,1.0000
50608,5222,1.0000
50609,5222,1.0000
50610,5222,1.0000
50611,5222,1.0000
50612,5222,1.0000
50613,5222,1.0000
50614,5222,1.0000
50615,5222,1.0000
50616,5222,1.0000
50617,5222,1.0000
50618,5222,1.0000
50619,5222,1.0000
50620,5222,1.0000
50621,5222,1.0000
50622,5222,1.0000
50623,5222,1.0000
50624,5222,1.0000
50625,5222,1.0000
50626,5222,1.0000
50627,5222,1.0000
50628,5222,1.0000
50629,5222,1.0000
50630,5222,1.0000
50631,5222,1.0000
50632,5222,1.0000
50633,5222,1.0000
50634,5222,1.0000
50635,5222,1.0000
50636,5222,1.0000
50637,5222,1.0000
50638,5222,1.0000
50639,5222,1.0000
50640,5222,1.0000
50641,5222,1.0000
50642,5222,1.0000
50643,5222,1.0000
50644,5222,1.0000
50645,5222,1.0000
50646,5222,1.0000
50647,5222,1.0000
50648,5222,1.0000
50649,5222,1.0000
50650,5222,1.0000
50651,5222,1.0000
50652,5222,1.0000
50653,5222,1.0000
50654,5222,1.0000
50655,5222,1.0000
50656,5222,1.0000
50657,5222,1.0000
50658,5222,1.0000
50659,5222,1.0000
50660,5222,1.0000
50661,5222,1.0000
50662,5222,1.0000
50663,5222,1.0000
50664,5222,1.0000
50665,5222,1.0000
50666,5222,1.0000
50667,5222,1.0000
50668,5222,1.0000
50669,5222,1.0000
50670,5222,1.0000
50671,5222,1.0000
50672,5222,1.0000
50673,5222,1.0000
50674,5222,1.0000
50675,5222,1.0000
50676,5222,1.0000
50677,5222,1.0000
50678,5222,1.0000
50679,5222,1.0000
50680,5222,1.0000
50681,5222,1.0000
50682,5222,1.0000
50683,5222,1.0000
50684,5222,1.0000
50685,5222,1.0000
50686,5222,1.0000
50687,5222,1.0000
50688,5222,1.0000
50689,5222,1.0000
50690,5222,1.0000
50691,5222,1.0000
50692,5222,1.0000
50693,5222,1.0000
50694,5222,1.0000
50695,5222,1.0000
50696,5222,1.0000
50697,5222,1.0000
50698,5222,1.0000
50699,5222,1.0000
50700,5222,1.0000
50701,5222,1.0000
50702,5222,1.0000
50703,5222,1.0000
50704,5222,1.0000
50705,5222,1.0000
50706,5222,1.0000
50707,5222,1.0000
50708,5222,1.0000
50709,5222,1.0000
50710,5222,1.0000
50711,5222,1.0000
50712,5222,1.0000
50713,5222,1.0000
50714,5222,1.0000
50715,5222,1.0000
50716,5222,1.0000
50717,5222,1.0000
50718,5222,1.0000
50719,5222,1.0000
50720,5222,1.0000
50721,5222,1.0000
50722,5222,1.0000
50723,5222,1.0000
50724,5222,1.0000
50725,5222,1.0000
50726,5222,1.0000
50727,5222,1.0000
50728,5222,1.0000
50729,5222,1.0000
50730,5222,1.0000
50731,5222,1.0000
50732,5222,1.0000
50733,5222,1.0000
50734,5222,1.0000
50735,5222,1.0000
50736,5222,1.0000
50737,5222,1.0000
50738,5222,1.0000
50739,5222,1.0000
50740,5222,1.0000
50741,5222,1.0000
50742,5222,1.0000
50743,5222,1.0000
50744,5222,1.0000
50745,5222,1.0000
50746,5222,1.0000
50747,5222,1.0000
50748,5222,1.0000
50749,5222,1.0000
50750,5222,1.0000
50751,5222,1.0000
50752,5222,1.0000
50753,5222,1.0000
50754,5222,1.0000
50755,5222,1.0000
50756,5222,1.0000
50757,5222,1.0000
50758,5222,1.0000
50759,5222,1.0000
50760,5222,1.0000
50761,5222,1.0000
50762,5222,1.0000
50763,5222,1.0000
50764,5222,1.0000
50765,5222,1.0000
50766,5222,1.0000
50767,5222,1.0000
50768,5222,1.0000
50769,5222,1.0000
50770,5222,1.0000
50771,5222,1.0000
50772,5222,1.0000
50773,5222,1.0000
50774,5222,1.0000
50775,5222,1.0000
50776,5222,1.0000
50777,5222,1.0000
50778,5222,1.0000
50779,5222,1.0000
50780,5222,1.0000
50781,5222,1.0000
50782,5222,1.0000
50783,5222,1.0000
50784,5222,1.0000
50785,5222,1.0000
50786,5222,1.0000
50787,5222,1.0000
50788,5222,1.0000
50789,5222,1.0000
50790,5222,1.0000
50791,5222,1.0000
50792,5222,1.0000
50793,5222,1.0000
50794,5222,1.0000
50795,5222,1.0000
50796,5222,1.0000
50797,5222,1.0000
50798,5222,1.0000
50799,5222,1.0000
50800,5222,1.0000
50801,5222,1.0000
50802,5222,1.0000
50803,5222,1.0000
50804,5222,1.0000
50805,5222,1.0000
50806,5222,1.0000
50807,5222,1.0000
50808,5222,1.0000
50809,5222,1.0000
50810,5222,1.0000
50811,5222,1.0000
50812,5222,1.0000
50813,5222,1.0000
50814,5222,1.0000
50815,5222,1.0000
50816,5222,1.0000
50817,5222,1.0000
50818,5222,1.0000
50819,5222,1.0000
50820,5222,1.0000
50821,5222,1.0000
50822,5222,1.0000
50823,5222,1.0000
50824,5222,1.0000
50825,5222,1.0000
50826,5222,1.0000
50827,5222,1.0000
50828,5222,1.0000
50829,5222,1.0000
50830,5222,1.0000
50831,5222,1.0000
50832,5222,1.0000
50833,5222,1.0000
50834,5222,1.0000
50835,5222,1.0000
50836,5222,1.0000
50837,5222,1.0000
50838,5222,1.0000
50839,5222,1.0000
50840,5222,1.0000
50841,5222,1.0000
50842,5222,1.0000
50843,5222,1.0000
50844,5222,1.0000
50845,5222,1.0000
50846,5222,1.0000
50847,5222,1.0000
50848,5222,1.0000
50849,5222,1.0000
50850,5222,1.0000
50851,5222,1.0000
50852,5222,1.0000
50853,5222,1.0000
50854,5222,1.0000
50855,5222,1.0000
50856,5222,1.0000
50857,5222,1.0000
50858,5222,1.0000
50859,5222,1.0000
50860,5222,1.0000
50861,5222,1.0000
50862,5222,1.0000
50863,5222,1.0000
50864,5222,1.0000
50865,5222,1.0000
50866,5222,1.0000
50867,5222,1.0000
50868,5222,1.0000
50869,5222,1.0000
50870,5222,1.0000
50871,5222,1.0000
50872,5222,1.0000
50873,5222,1.0000
50874,5222,1.0000
50875,5222,1.0000
50876,5222,1.0000
50877,5222,1.0000
50878,5222,1.0000
50879,5222,1.0000
50880,5222,1.0000
50881,5222,1.0000
50882,5222,1.0000
50883,5222,1.0000
50884,5222,1.0000
50885,5222,1.0000
50886,5222,1.0000
50887,5222,1.0000
50888,5222,1.0000
50889,5222,1.0000
50890,5222,1.0000
50891,5222,1.0000
50892,5222,1.0000
50893,5222,1.0000
50894,5222,1.0000
50895,5222,1.0000
50896,5222,1.0000
50897,5222,1.0000
50898,5222,1.0000
50899,5222,1.0000
50900,5222,1.0000
50901,5222,1.0000
50902,5222,1.0000
50903,5222,1.0000
50904,5222,1.0000
50905,5222,1.0000
50906,5222,1.0000
50907,5222,1.0000
50908,5222,1.0000
50909,5222,1.0000
50910,5222,1.0000
50911,5222,1.0000
50912,5222,1.0000
50913,5222,1.0000
50914,5222,1.0000
50915,5222,1.0000
50916,5222,1.0000
50917,5222,1.0000
50918,5222,1.0000
50919,5222,1.0000
50920,5222,1.0000
50921,5222,1.0000
50922,5222,1.0000
50923,5222,1.0000
50924,5222,1.0000
50925,5222,1.0000
50926,5222,1.0000
50927,5222,1.0000
50928,5222,1.0000
50929,5222,1.0000
50930,5222,1.0000
50931,5222,1.0000
50932,5222,1.0000
50933,5222,1.0000
50934,5222,1.0000
50935,5222,1.0000
50936,5222,1.0000
50937,5222,1.0000
50938,5222,1.0000
50939,5222,1.0000
50940,5222,1.0000
50941,5222,1.0000
50942,5222,1.0000
50943,5222,1.0000
50944,5222,1.0000
50945,5222,1.0000
50946,5222,1.0000
50947,5222,1.0000
50948,5222,1.0000
50949,5222,1.0000
50950,5222,1.0000
50951,5222,1.0000
50952,5222,1.0000
50953,5222,1.0000
50954,5222,1.0000
50955,5222,1.0000
50956,5222,1.0000
50957,5222,1.0000
50958,5222,1.0000
50959,5222,1.0000
50960,5222,1.0000
50961,5222,1.0000
50962,5222,1.0000
50963,5222,1.0000
50964,5222,1.0000
50965,5222,1.0000
50966,5222,1.0000
50967,5222,1.0000
50968,5222,1.0000
50969,5222,1.0000
50970,5222,1.0000
50971,5222,1.0000
50972,5222,1.0000
50973,5222,1.0000
50974,5222,1.0000
50975,5222,1.0000
50976,5222,1.0000
50977,5222,1.0000
50978,5222,1.0000
50979,5222,1.0000
50980,5222,1.0000
50981,5222,1.0000
50982,5222,1.0000
50983,5222,1.0000
50984,5222,1.0000
50985,5222,1.0000
50986,5222,1.0000
50987,5222,1.0000
50988,5222,1.0000
50989,5222,1.0000
50990,5222,1.0000
50991,5222,1.0000
50992,5222,1.0000
50993,5222,1.0000
50994,5222,1.0000
50995,5222,1.0000
50996,5222,1.0000
50997,5222,1.0000
50998,5222,1.0000
50999,5222,1.0000
51000,5222,1.0000
51001,5222,1.0000
51002,5222,1.0000
51003,5222,1.0000
51004,5222,1.0000
51005,5222,1.0000
51006,5222,1.0000
51007,5222,1.0000
51008,5222,1.0000
51009,5222,1.0000
51010,5222,1.0000
51011,5222,1.0000
51012,5222,1.0000
51013,5222,1.0000
51014,5222,1.0000
51015,5222,1.0000
51016,5222,1.0000
51017,5222,1.0000
51018,5222,1.0000
51019,5222,1.0000
51020,5222,1.0000
51021,5222,1.0000
51022,5222,1.0000
51023,5222,1.0000
51024,5222,1.0000
51025,5222,1.0000
51026,5222,1.0000
51027,5222,1.0000
51028,5222,1.0000
51029,5222,1.0000
51030,5222,1.0000
51031,5222,1.0000
51032,5222,1.0000
51033,5222,1.0000
51034,5222,1.0000
51035,5222,1.0000
51036,5222,1.0000
51037,5222,1.0000
51038,5222,1.0000
51039,5222,1.0000
51040,5222,1.0000
51041,5222,1.0000
51042,5222,1.0000
51043,5222,1.0000
51044,5222,1.0000
51045,5222,1.0000
51046,5222,1.0000
51047,5222,1.0000
51048,5222,1.0000
51049,5222,1.0000
51050,5222,1.0000
51051,5222,1.0000
51052,5222,1.0000
51053,5222,1.0000
51054,5222,1.0000
51055,5222,1.0000
51056,5222,1.0000
51057,5222,1.0000
51058,5222,1.0000
51059,5222,1.0000
51060,5222,1.0000
51061,5222,1.0000
51062,5222,1.0000
51063,5222,1.0000
51064,5222,1.0000
51065,5222,1.0000
51066,5222,1.0000
51067,5222,1.0000
51068,5222,1.0000
51069,5222,1.0000
51070,5222,1.0000
51071,5222,1.0000
51072,5222,1.0000
51073,5222,1.0000
51074,5222,1.0000
51075,5222,1.0000
51076,5222,1.0000
51077,5222,1.0000
51078,5222,1.0000
51079,5222,1.0000
51080,5222,1.0000
51081,5222,1.0000
51082,5222,1.0000
51083,5222,1.0000
51084,5222,1.0000
51085,5222,1.0000
51086,5222,1.0000
51087,5222,1.0000
51088,5222,1.0000
51089,5222,1.0000
51090,5222,1.0000
51091,5222,1.0000
51092,5222,1.0000
51093,5222,1.0000
51094,5222,1.0000
51095,5222,1.0000
51096,5222,1.0000
51097,5222,1.0000
51098,5222,1.0000
51099,5222,1.0000
51100,5222,1.0000
51101,5222,1.0000
51102,5222,1.0000
51103,5222,1.0000
51104,5222,1.0000
51105,5222,1.0000
51106,5222,1.0000
51107,5222,1.0000
51108,5222,1.0000
51109,5222,1.0000
51110,5222,1.0000
51111,5222,1.0000
51112,5222,1.0000
51113,5222,1.0000
51114,5222,1.0000
51115,5222,1.0000
51116,5222,1.0000
51117,5222,1.0000
51118,5222,1.0000
51119,5222,1.0000
51120,5222,1.0000
51121,5222,1.0000
51122,5222,1.0000
51123,5222,1.0000
51124,5222,1.0000
51125,5222,1.0000
51126,5222,1.0000
51127,5222,1.0000
51128,5222,1.0000
51129,5222,1.0000
51130,5222,1.0000
51131,5222,1.0000
51132,5222,1.0000
51133,5222,1.0000
51134,5222,1.0000
51135,5222,1.0000
51136,5222,1.0000
51137,5222,1.0000
51138,5222,1.0000
51139,5222,1.0000
51140,5222,1.0000
51141,5222,1.0000
51142,5222,1.0000
51143,5222,1.0000
51144,5222,1.0000
51145,5222,1.0000
51146,5222,1.0000
51147,5222,1.0000
51148,5222,1.0000
51149,5222,1.0000
51150,5222,1.0000
51151,5222,1.0000
51152,5222,1.0000
51153,5222,1.0000
51154,5222,1.0000
51155,5222,1.0000
51156,5222,1.0000
51157,5222,1.0000
51158,5222,1.0000
51159,5222,1.0000
51160,5222,1.0000
51161,5222,1.0000
51162,5222,1.0000
51163,5222,1.0000
51164,5222,1.0000
51165,5222,1.0000
51166,5222,1.0000
51167,5222,1.0000
51168,5222,1.0000
51169,5222,1.0000
51170,5222,1.0000
51171,5222,1.0000
51172,5222,1.0000
51173,5222,1.0000
51174,5222,1.0000
51175,5222,1.0000
51176,5222,1.0000
51177,5222,1.0000
51178,5222,1.0000
51179,5222,1.0000
51180,5222,1.0000
51181,5222,1.0000
51182,5222,1.0000
51183,5222,1.0000
51184,5222,1.0000
51185,5222,1.0000
51186,5222,1.0000
51187,5222,1.0000
51188,5222,1.0000
51189,5222,1.0000
51190,5222,1.0000
51191,5222,1.0000
51192,5222,1.0000
51193,5222,1.0000
51194,5222,1.0000
51195,5222,1.0000
51196,5222,1.0000
51197,5222,1.0000
51198,5222,1.0000
51199,5222,1.0000
51200,5222,1.0000
51201,5222,1.0000
51202,5222,1.0000
51203,5222,1.0000
51204,5222,1.0000
51205,5222,1.0000
51206,5222,1.0000
51207,5222,1.0000
51208,5222,1.0000
51209,5222,1.0000
51210,5222,1.0000
51211,5222,1.0000
51212,5222,1.0000
51213,5222,1.0000
51214,5222,1.0000
51215,5222,1.0000
51216,5222,1.0000
51217,5222,1.0000
51218,5222,1.0000
51219,5222,1.0000
51220,5222,1.0000
51221,5222,1.0000
51222,5222,1.0000
51223,5222,1.0000
51224,5222,1.0000
51225,5222,1.0000
51226,5222,1.0000
51227,5222,1.0000
51228,5222,1.0000
51229,5222,1.0000
51230,5222,1.0000
51231,5222,1.0000
51232,5222,1.0000
51233,5222,1.0000
51234,5222,1.0000
51235,5222,1.0000
51236,5222,1.0000
51237,5222,1.0000
51238,5222,1.0000
51239,5222,1.0000
51240,5222,1.0000
51241,5222,1.0000
51242,5222,1.0000
51243,5222,1.0000
51244,5222,1.0000
51245,5222,1.0000
51246,5222,1.0000
51247,5222,1.0000
51248,5222,1.0000
51249,5222,1.0000
51250,5222,1.0000
51251,5222,1.0000
51252,5222,1.0000
51253,5222,1.0000
51254,5222,1.0000
51255,5222,1.0000
51256,5222,1.0000
51257,5222,1.0000
51258,5222,1.0000
51259,5222,1.0000
51260,5222,1.0000
51261,5222,1.0000
51262,5222,1.0000
51263,5222,1.0000
51264,5222,1.0000
51265,5222,1.0000
51266,5222,1.0000
51267,5222,1.0000
51268,5222,1.0000
51269,5222,1.0000
51270,5222,1.0000
51271,5222,1.0000
51272,5222,1.0000
51273,5222,1.0000
51274,5222,1.0000
51275,5222,1.0000
51276,5222,1.0000
51277,5222,1.0000
51278,5222,1.0000
51279,5222,1.0000
51280,5222,1.0000
51281,5222,1.0000
51282,5222,1.0000
51283,5222,1.0000
51284,5222,1.0000
51285,5222,1.0000
51286,5222,1.0000
51287,5222,1.0000
51288,5222,1.0000
51289,5222,1.0000
51290,5222,1.0000
51291,5222,1.0000
51292,5222,1.0000
51293,5222,1.0000
51294,5222,1.0000
51295,5222,1.0000
51296,5222,1.0000
51297,5222,1.0000
51298,5222,1.0000
51299,5222,1.0000
51300,5222,1.0000
51301,5222,1.0000
51302,5222,1.0000
51303,5222,1.0000
51304,5222,1.0000
51305,5222,1.0000
51306,5222,1.0000
51307,5222,1.0000
51308,5222,1.0000
51309,5222,1.0000
51310,5222,1.0000
51311,5222,1.0000
51312,5222,1.0000
51313,5222,1.0000
51314,5222,1.0000
51315,5222,1.0000
51316,5222,1.0000
51317,5222,1.0000
51318,5222,1.0000
51319,5222,1.0000
51320,5222,1.0000
51321,5222,1.0000
51322,5222,1.0000
51323,5222,1.0000
51324,5222,1.0000
51325,5222,1.0000
51326,5222,1.0000
51327,5222,1.0000
51328,5222,1.0000
51329,5222,1.0000
51330,5222,1.0000
51331,5222,1.0000
51332,5222,1.0000
51333,5222,1.0000
51334,5222,1.0000
51335,5222,1.0000
51336,5222,1.0000
51337,5222,1.0000
51338,5222,1.0000
51339,5222,1.0000
51340,5222,1.0000
51341,5222,1.0000
51342,5222,1.0000
51343,5222,1.0000
51344,5222,1.0000
51345,5222,1.0000
51346,5222,1.0000
51347,5222,1.0000
51348,5222,1.0000
51349,5222,1.0000
51350,5222,1.0000
51351,5222,1.0000
51352,5222,1.0000
51353,5222,1.0000
51354,5222,1.0000
51355,5222,1.0000
51356,5222,1.0000
51357,5222,1.0000
51358,5222,1.0000
51359,5222,1.0000
51360,5222,1.0000
51361,5222,1.0000
51362,5222,1.0000
51363,5222,1.0000
51364,5222,1.0000
51365,5222,1.0000
51366,5222,1.0000
51367,5222,1.0000
51368,5222,1.0000
51369,5222,1.0000
51370,5222,1.0000
51371,5222,1.0000
51372,5222,1.0000
51373,5222,1.0000
51374,5222,1.0000
51375,5222,1.0000
51376,5222,1.0000
51377,5222,1.0000
51378,5222,1.0000
51379,5222,1.0000
51380,5222,1.0000
51381,5222,1.0000
51382,5222,1.0000
51383,5222,1.0000
51384,5222,1.0000
51385,5222,1.0000
51386,5222,1.0000
51387,5222,1.0000
51388,5222,1.0000
51389,5222,1.0000
51390,5222,1.0000
51391,5222,1.0000
51392,5222,1.0000
51393,5222,1.0000
51394,5222,1.0000
51395,5222,1.0000
51396,5222,1.0000
51397,5222,1.0000
51398,5222,1.0000
51399,5222,1.0000
51400,5222,1.0000
51401,5222,1.0000
51402,5222,1.0000
51403,5222,1.0000
51404,5222,1.0000
51405,5222,1.0000
51406,5222,1.0000
51407,5222,1.0000
51408,5222,1.0000
51409,5222,1.0000
51410,5222,1.0000
51411,5222,1.0000
51412,5222,1.0000
51413,5222,1.0000
51414,5222,1.0000
51415,5222,1.0000
51416,5222,1.0000
51417,5222,1.0000
51418,5222,1.0000
51419,5222,1.0000
51420,5222,1.0000
51421,5222,1.0000
51422,5222,1.0000
51423,5222,1.0000
51424,5222,1.0000
51425,5222,1.0000
51426,5222,1.0000
51427,5222,1.0000
51428,5222,1.0000
51429,5222,1.0000
51430,5222,1.0000
51431,5222,1.0000
51432,5222,1.0000
51433,5222,1.0000
51434,5222,1.0000
51435,5222,1.0000
51436,5222,1.0000
51437,5222,1.0000
51438,5222,1.0000
51439,5222,1.0000
51440,5222,1.0000
51441,5222,1.0000
51442,5222,1.0000
51443,5222,1.0000
51444,5222,1.0000
51445,5222,1.0000
51446,5222,1.0000
51447,5222,1.0000
51448,5222,1.0000
51449,5222,1.0000
51450,5222,1.0000
51451,5222,1.0000
51452,5222,1.0000
51453,5222,1.0000
51454,5222,1.0000
51455,5222,1.0000
51456,5222,1.0000
51457,5222,1.0000
51458,5222,1.0000
51459,5222,1.0000
51460,5222,1.0000
51461,5222,1.0000
51462,5222,1.0000
51463,5222,1.0000
51464,5222,1.0000
51465,5222,1.0000
51466,5222,1.0000
51467,5222,1.0000
51468,5222,1.0000
51469,5222,1.0000
51470,5222,1.0000
51471,5222,1.0000
51472,5222,1.0000
51473,5222,1.0000
51474,5222,1.0000
51475,5222,1.0000
51476,5222,1.0000
51477,5222,1.0000
51478,5222,1.0000
51479,5222,1.0000
51480,5222,1.0000
51481,5222,1.0000
51482,5222,1.0000
51483,5222,1.0000
51484,5222,1.0000
51485,5222,1.0000
51486,5222,1.0000
51487,5222,1.0000
51488,5222,1.0000
51489,5222,1.0000
51490,5222,1.0000
51491,5222,1.0000
51492,5222,1.0000
51493,5222,1.0000
51494,5222,1.0000
51495,5222,1.0000
51496,5222,1.0000
51497,5222,1.0000
51498,5222,1.0000
51499,5222,1.0000
51500,5222,1.0000
51501,5222,1.0000
51502,5222,1.0000
51503,5222,1.0000
51504,5222,1.0000
51505,5222,1.0000
51506,5222,1.0000
51507,5222,1.0000
51508,5222,1.0000
51509,5222,1.0000
51510,5222,1.0000
51511,5222,1.0000
51512,5222,1.0000
51513,5222,1.0000
51514,5222,1.0000
51515,5222,1.0000
51516,5222,1.0000
51517,5222,1.0000
51518,5222,1.0000
51519,5222,1.0000
51520,5222,1.0000
51521,5222,1.0000
51522,5222,1.0000
51523,5222,1.0000
51524,5222,1.0000
51525,5222,1.0000
51526,5222,1.0000
51527,5222,1.0000
51528,5222,1.0000
51529,5222,1.0000
51530,5222,1.0000
51531,5222,1.0000
51532,5222,1.0000
51533,5222,1.0000
51534,5222,1.0000
51535,5222,1.0000
51536,5222,1.0000
51537,5222,1.0000
51538,5222,1.0000
51539,5222,1.0000
51540,5222,1.0000
51541,5222,1.0000
51542,5222,1.0000
51543,5222,1.0000
51544,5222,1.0000
51545,5222,1.0000
51546,5222,1.0000
51547,5222,1.0000
51548,5222,1.0000
51549,5222,1.0000
51550,5222,1.0000
51551,5222,1.0000
51552,5222,1.0000
51553,5222,1.0000
51554,5222,1.0000
51555,5222,1.0000
51556,5222,1.0000
51557,5222,1.0000
51558,5222,1.0000
51559,5222,1.0000
51560,5222,1.0000
51561,5222,1.0000
51562,5222,1.0000
51563,5222,1.0000
51564,5222,1.0000
51565,5222,1.0000
51566,5222,1.0000
51567,5222,1.0000
51568,5222,1.0000
51569,5222,1.0000
51570,5222,1.0000
51571,5222,1.0000
51572,5222,1.0000
51573,5222,1.0000
51574,5222,1.0000
51575,5222,1.0000
51576,5222,1.0000
51577,5222,1.0000
51578,5222,1.0000
51579,5222,1.0000
51580,5222,1.0000
51581,5222,1.0000
51582,5222,1.0000
51583,5222,1.0000
51584,5222,1.0000
51585,5222,1.0000
51586,5222,1.0000
51587,5222,1.0000
51588,5222,1.0000
51589,5222,1.0000
51590,5222,1.0000
51591,5222,1.0000
51592,5222,1.0000
51593,5222,1.0000
51594,5222,1.0000
51595,5222,1.0000
51596,5222,1.0000
51597,5222,1.0000
51598,5222,1.0000
51599,5222,1.0000
51600,5222,1.0000
51601,5222,1.0000
51602,5222,1.0000
51603,5222,1.0000
51604,5222,1.0000
51605,5222,1.0000
51606,5222,1.0000
51607,5222,1.0000
51608,5222,1.0000
51609,5222,1.0000
51610,5222,1.0000
51611,5222,1.0000
51612,5222,1.0000
51613,5222,1.0000
51614,5222,1.0000
51615,5222,1.0000
51616,5222,1.0000
51617,5222,1.0000
51618,5222,1.0000
51619,5222,1.0000
51620,5222,1.0000
51621,5222,1.0000
51622,5222,1.0000
51623,5222,1.0000
51624,5222,1.0000
51625,5222,1.0000
51626,5222,1.0000
51627,5222,1.0000
51628,5222,1.0000
51629,5222,1.0000
51630,5222,1.0000
51631,5222,1.0000
51632,5222,1.0000
51633,5222,1.0000
51634,5222,1.0000
51635,5222,1.0000
51636,5222,1.0000
51637,5222,1.0000
51638,5222,1.0000
51639,5222,1.0000
51640,5222,1.0000
51641,5222,1.0000
51642,5222,1.0000
51643,5222,1.0000
51644,5222,1.0000
51645,5222,1.0000
51646,5222,1.0000
51647,5222,1.0000
51648,5222,1.0000
51649,5222,1.0000
51650,5222,1.0000
51651,5222,1.0000
51652,5222,1.0000
51653,5222,1.0000
51654,5222,1.0000
51655,5222,1.0000
51656,5222,1.0000
51657,5222,1.0000
51658,5222,1.0000
51659,5222,1.0000
51660,5222,1.0000
51661,5222,1.0000
51662,5222,1.0000
51663,5222,1.0000
51664,5222,1.0000
51665,5222,1.0000
51666,5222,1.0000
51667,5222,1.0000
51668,5222,1.0000
51669,5222,1.0000
51670,5222,1.0000
51671,5222,1.0000
51672,5222,1.0000
51673,5222,1.0000
51674,5222,1.0000
51675,5222,1.0000
51676,5222,1.0000
51677,5222,1.0000
51678,5222,1.0000
51679,5222,1.0000
51680,5222,1.0000
51681,5222,1.0000
51682,5222,1.0000
51683,5222,1.0000
51684,5222,1.0000
51685,5222,1.0000
51686,5222,1.0000
51687,5222,1.0000
51688,5222,1.0000
51689,5222,1.0000
51690,5222,1.0000
51691,5222,1.0000
51692,5222,1.0000
51693,5222,1.0000
51694,5222,1.0000
51695,5222,1.0000
51696,5222,1.0000
51697,5222,1.0000
51698,5222,1.0000
51699,5222,1.0000
51700,5222,1.0000
51701,5222,1.0000
51702,5222,1.0000
51703,5222,1.0000
51704,5222,1.0000
51705,5222,1.0000
51706,5222,1.0000
51707,5222,1.0000
51708,5222,1.0000
51709,5222,1.0000
51710,5222,1.0000
51711,5222,1.0000
51712,5222,1.0000
51713,5222,1.0000
51714,5222,1.0000
51715,5222,1.0000
51716,5222,1.0000
51717,5222,1.0000
51718,5222,1.0000
51719,5222,1.0000
51720,5222,1.0000
51721,5222,1.0000
51722,5222,1.0000
51723,5222,1.0000
51724,5222,1.0000
51725,5222,1.0000
51726,5222,1.0000
51727,5222,1.0000
51728,5222,1.0000
51729,5222,1.0000
51730,5222,1.0000
51731,5222,1.0000
51732,5222,1.0000
51733,5222,1.0000
51734,5222,1.0000
51735,5222,1.0000
51736,5222,1.0000
51737,5222,1.0000
51738,5222,1.0000
51739,5222,1.0000
51740,5222,1.0000
51741,5222,1.0000
51742,5222,1.0000
51743,5222,1.0000
51744,5222,1.0000
51745,5222,1.0000
51746,5222,1.0000
51747,5222,1.0000
51748,5222,1.0000
51749,5222,1.0000
51750,5222,1.0000
51751,5222,1.0000
51752,5222,1.0000
51753,5222,1.0000
51754,5222,1.0000
51755,5222,1.0000
51756,5222,1.0000
51757,5222,1.0000
51758,5222,1.0000
51759,5222,1.0000
51760,5222,1.0000
51761,5222,1.0000
51762,5222,1.0000
51763,5222,1.0000
51764,5222,1.0000
51765,5222,1.0000
51766,5222,1.0000
51767,5222,1.0000
51768,5222,1.0000
51769,5222,1.0000
51770,5222,1.0000
51771,5222,1.0000
51772,5222,1.0000
51773,5222,1.0000
51774,5222,1.0000
51775,5222,1.0000
51776,5222,1.0000
51777,5222,1.0000
51778,5222,1.0000
51779,5222,1.0000
51780,5222,1.0000
51781,5222,1.0000
51782,5222,1.0000
51783,5222,1.0000
51784,5222,1.0000
51785,5222,1.0000
51786,5222,1.0000
51787,5222,1.0000
51788,5222,1.0000
51789,5222,1.0000
51790,5222,1.0000
51791,5222,1.0000
51792,5222,1.0000
51793,5222,1.0000
51794,5222,1.0000
51795,5222,1.0000
51796,5222,1.0000
51797,5222,1.0000
51798,5222,1.0000
51799,5222,1.0000
51800,5222,1.0000
51801,5222,1.0000
51802,5222,1.0000
51803,5222,1.0000
51804,5222,1.0000
51805,5222,1.0000
51806,5222,1.0000
51807,5222,1.0000
51808,5222,1.0000
51809,5222,1.0000
51810,5222,1.0000
51811,5222,1.0000
51812,5222,1.0000
51813,5222,1.0000
51814,5222,1.0000
51815,5222,1.0000
51816,5222,1.0000
51817,5222,1.0000
51818,5222,1.0000
51819,5222,1.0000
51820,5222,1.0000
51821,5222,1.0000
51822,5222,1.0000
51823,5222,1.0000
51824,5222,1.0000
51825,5222,1.0000
51826,5222,1.0000
51827,5222,1.0000
51828,5222,1.0000
51829,5222,1.0000
51830,5222,1.0000
51831,5222,1.0000
51832,5222,1.0000
51833,5222,1.0000
51834,5222,1.0000
51835,5222,1.0000
51836,5222,1.0000
51837,5222,1.0000
51838,5222,1.0000
51839,5222,1.0000
51840,5222,1.0000
51841,5222,1.0000
51842,5222,1.0000
51843,5222,1.0000
51844,5222,1.0000
51845,5222,1.0000
51846,5222,1.0000
51847,5222,1.0000
51848,5222,1.0000
51849,5222,1.0000
51850,5222,1.0000
51851,5222,1.0000
51852,5222,1.0000
51853,5222,1.0000
51854,5222,1.0000
51855,5222,1.0000
51856,5222,1.0000
51857,5222,1.0000
51858,5222,1.0000
51859,5222,1.0000
51860,5222,1.0000
51861,5222,1.0000
51862,5222,1.0000
51863,5222,1.0000
51864,5222,1.0000
51865,5222,1.0000
51866,5222,1.0000
51867,5222,1.0000
51868,5222,1.0000
51869,5222,1.0000
51870,5222,1.0000
51871,5222,1.0000
51872,5222,1.0000
51873,5222,1.0000
51874,5222,1.0000
51875,5222,1.0000
51876,5222,1.0000
51877,5222,1.0000
51878,5222,1.0000
51879,5222,1.0000
51880,5222,1.0000
51881,5222,1.0000
51882,5222,1.0000
51883,5222,1.0000
51884,5222,1.0000
51885,5222,1.0000
51886,5222,1.0000
51887,5222,1.0000
51888,5222,1.0000
51889,5222,1.0000
51890,5222,1.0000
51891,5222,1.0000
51892,5222,1.0000
51893,5222,1.0000
51894,5222,1.0000
51895,5222,1.0000
51896,5222,1.0000
51897,5222,1.0000
51898,5222,1.0000
51899,5222,1.0000
51900,5222,1.0000
51901,5222,1.0000
51902,5222,1.0000
51903,5222,1.0000
51904,5222,1.0000
51905,5222,1.0000
51906,5222,1.0000
51907,5222,1.0000
51908,5222,1.0000
51909,5222,1.0000
51910,5222,1.0000
51911,5222,1.0000
51912,5222,1.0000
51913,5222,1.0000
51914,5222,1.0000
51915,5222,1.0000
51916,5222,1.0000
51917,5222,1.0000
51918,5222,1.0000
51919,5222,1.0000
51920,5222,1.0000
51921,5222,1.0000
51922,5222,1.0000
51923,5222,1.0000
51924,5222,1.0000
51925,5222,1.0000
51926,5222,1.0000
51927,5222,1.0000
51928,5222,1.0000
51929,5222,1.0000
51930,5222,1.0000
51931,5222,1.0000
51932,5222,1.0000
51933,5222,1.0000
51934,5222,1.0000
51935,5222,1.0000
51936,5222,1.0000
51937,5222,1.0000
51938,5222,1.0000
51939,5222,1.0000
51940,5222,1.0000
51941,5222,1.0000
51942,5222,1.0000
51943,5222,1.0000
51944,5222,1.0000
51945,5222,1.0000
51946,5222,1.0000
51947,5222,1.0000
51948,5222,1.0000
51949,5222,1.0000
51950,5222,1.0000
51951,5222,1.0000
51952,5222,1.0000
51953,5222,1.0000
51954,5222,1.0000
51955,5222,1.0000
51956,5222,1.0000
51957,5222,1.0000
51958,5222,1.0000
51959,5222,1.0000
51960,5222,1.0000
51961,5222,1.0000
51962,5222,1.0000
51963,5222,1.0000
51964,5222,1.0000
51965,5222,1.0000
51966,5222,1.0000
51967,5222,1.0000
51968,5222,1.0000
51969,5222,1.0000
51970,5222,1.0000
51971,5222,1.0000
51972,5222,1.0000
51973,5222,1.0000
51974,5222,1.0000
51975,5222,1.0000
51976,5222,1.0000
51977,5222,1.0000
51978,5222,1.0000
51979,5222,1.0000
51980,5222,1.0000
51981,5222,1.0000
51982,5222,1.0000
51983,5222,1.0000
51984,5222,1.0000
51985,5222,1.0000
51986,5222,1.0000
51987,5222,1.0000
51988,5222,1.0000
51989,5222,1.0000
51990,5222,1.0000
51991,5222,1.0000
51992,5222,1.0000
51993,5222,1.0000
51994,5222,1.0000
51995,5222,1.0000
51996,5222,1.0000
51997,5222,1.0000
51998,5222,1.0000
51999,5222,1.0000
52000,5222,1.0000
52001,5222,1.0000
52002,5222,1.0000
52003,5222,1.0000
52004,5222,1.0000
52005,5222,1.0000
52006,5222,1.0000
52007,5222,1.0000
52008,5222,1.0000
52009,5222,1.0000
52010,5222,1.0000
52011,5222,1.0000
52012,5222,1.0000
52013,5222,1.0000
52014,5222,1.0000
52015,5222,1.0000
52016,5222,1.0000
52017,5222,1.0000
52018,5222,1.0000
52019,5222,1.0000
52020,5222,1.0000
52021,5222,1.0000
52022,5222,1.0000
52023,5222,1.0000
52024,5222,1.0000
52025,5222,1.0000
52026,5222,1.0000
52027,5222,1.0000
52028,5222,1.0000
52029,5222,1.0000
52030,5222,1.0000
52031,5222,1.0000
52032,5222,1.0000
52033,5222,1.0000
52034,5222,1.0000
52035,5222,1.0000
52036,5222,1.0000
52037,5222,1.0000
52038,5222,1.0000
52039,5222,1.0000
52040,5222,1.0000
52041,5222,1.0000
52042,5222,1.0000
52043,5222,1.0000
52044,5222,1.0000
52045,5222,1.0000
52046,5222,1.0000
52047,5222,1.0000
52048,5222,1.0000
52049,5222,1.0000
52050,5222,1.0000
52051,5222,1.0000
52052,5222,1.0000
52053,5222,1.0000
52054,5222,1.0000
52055,5222,1.0000
52056,5222,1.0000
52057,5222,1.0000
52058,5222,1.0000
52059,5222,1.0000
52060,5222,1.0000
52061,5222,1.0000
52062,5222,1.0000
52063,5222,1.0000
52064,5222,1.0000
52065,5222,1.0000
52066,5222,1.0000
52067,5222,1.0000
52068,5222,1.0000
52069,5222,1.0000
52070,5222,1.0000
52071,5222,1.0000
52072,5222,1.0000
52073,5222,1.0000
52074,5222,1.0000
52075,5222,1.0000
52076,5222,1.0000
52077,5222,1.0000
52078,5222,1.0000
52079,5222,1.0000
52080,5222,1.0000
52081,5222,1.0000
52082,5222,1.0000
52083,5222,1.0000
52084,5222,1.0000
52085,5222,1.0000
52086,5222,1.0000
52087,5222,1.0000
52088,5222,1.0000
52089,5222,1.0000
52090,5222,1.0000
52091,5222,1.0000
52092,5222,1.0000
52093,5222,1.0000
52094,5222,1.0000
52095,5222,1.0000
52096,5222,1.0000
52097,5222,1.0000
52098,5222,1.0000
52099,5222,1.0000
52100,5222,1.0000
52101,5222,1.0000
52102,5222,1.0000
52103,5222,1.0000
52104,5222,1.0000
52105,5222,1.0000
52106,5222,1.0000
52107,5222,1.0000
52108,5222,1.0000
52109,5222,1.0000
52110,5222,1.0000
52111,5222,1.0000
52112,5222,1.0000
52113,5222,1.0000
52114,5222,1.0000
52115,5222,1.0000
52116,5222,1.0000
52117,5222,1.0000
52118,5222,1.0000
52119,5222,1.0000
52120,5222,1.0000
52121,5222,1.0000
52122,5222,1.0000
52123,5222,1.0000
52124,5222,1.0000
52125,5222,1.0000
52126,5222,1.0000
52127,5222,1.0000
52128,5222,1.0000
52129,5222,1.0000
52130,5222,1.0000
52131,5222,1.0000
52132,5222,1.0000
52133,5222,1.0000
52134,5222,1.0000
52135,5222,1.0000
52136,5222,1.0000
52137,5222,1.0000
52138,5222,1.0000
52139,5222,1.0000
52140,5222,1.0000
52141,5222,1.0000
52142,5222,1.0000
52143,5222,1.0000
52144,5222,1.0000
52145,5222,1.0000
52146,5222,1.0000
52147,5222,1.0000
52148,5222,1.0000
52149,5222,1.0000
52150,5222,1.0000
52151,5222,1.0000
52152,5222,1.0000
52153,5222,1.0000
52154,5222,1.0000
52155,5222,1.0000
52156,5222,1.0000
52157,5222,1.0000
52158,5222,1.0000
52159,5222,1.0000
52160,5222,1.0000
52161,5222,1.0000
52162,5222,1.0000
52163,5222,1.0000
52164,5222,1.0000
52165,5222,1.0000
52166,5222,1.0000
52167,5222,1.0000
52168,5222,1.0000
52169,5222,1.0000
52170,5222,1.0000
52171,5222,1.0000
52172,5222,1.0000
52173,5222,1.0000
52174,5222,1.0000
52175,5222,1.0000
52176,5222,1.0000
52177,5222,1.0000
52178,5222,1.0000
52179,5222,1.0000
52180,5222,1.0000
52181,5222,1.0000
52182,5222,1.0000
52183,5222,1.0000
52184,5222,1.0000
52185,5222,1.0000
52186,5222,1.0000
52187,5222,1.0000
52188,5222,1.0000
52189,5222,1.0000
52190,5222,1.0000
52191,5222,1.0000
52192,5222,1.0000
52193,5222,1.0000
52194,5222,1.0000
52195,5222,1.0000
52196,5222,1.0000
52197,5222,1.0000
52198,5222,1.0000
52199,5222,1.0000
52200,5222,1.0000
52201,5222,1.0000
52202,5222,1.0000
52203,5222,1.0000
52204,5222,1.0000
52205,5222,1.0000
52206,5222,1.0000
52207,5222,1.0000
52208,5222,1.0000
52209,5222,1.0000
52210,5222,1.0000
52211,5222,1.0000
52212,5222,1.0000
52213,5222,1.0000
52214,5222,1.0000
52215,5222,1.0000
52216,5222,1.0000
52217,5222,1.0000
52218,5222,1.0000
52219,5222,1.0000
52220,5222,1.0000
52221,5222,1.0000
52222,5222,1.0000
52223,5222,1.0000
52224,5222,1.0000
52225,5222,1.0000
52226,5222,1.0000
52227,5222,1.0000
52228,5222,1.0000
52229,5222,1.0000
52230,5222,1.0000
52231,5222,1.0000
52232,5222,1.0000
52233,5222,1.0000
52234,5222,1.0000
52235,5222,1.0000
52236,5222,1.0000
52237,5222,1.0000
52238,5222,1.0000
52239,5222,1.0000
52240,5222,1.0000
52241,5222,1.0000
52242,5222,1.0000
52243,5222,1.0000
52244,5222,1.0000
52245,5222,1.0000
52246,5222,1.0000
52247,5222,1.0000
52248,5222,1.0000
52249,5222,1.0000
52250,5222,1.0000
52251,5222,1.0000
52252,5222,1.0000
52253,5222,1.0000
52254,5222,1.0000
52255,5222,1.0000
52256,5222,1.0000
52257,5222,1.0000
52258,5222,1.0000
52259,5222,1.0000
52260,5222,1.0000
52261,5222,1.0000
52262,5222,1.0000
52263,5222,1.0000
52264,5222,1.0000
52265,5222,1.0000
52266,5222,1.0000
52267,5222,1.0000
52268,5222,1.0000
52269,5222,1.0000
52270,5222,1.0000
52271,5222,1.0000
52272,5222,1.0000
52273,5222,1.0000
52274,5222,1.0000
52275,5222,1.0000
52276,5222,1.0000
52277,5222,1.0000
52278,5222,1.0000
52279,5222,1.0000
52280,5222,1.0000
52281,5222,1.0000
52282,5222,1.0000
52283,5222,1.0000
52284,5222,1.0000
52285,5222,1.0000
52286,5222,1.0000
52287,5222,1.0000
52288,5222,1.0000
52289,5222,1.0000
52290,5222,1.0000
52291,5222,1.0000
52292,5222,1.0000
52293,5222,1.0000
52294,5222,1.0000
52295,5222,1.0000
52296,5222,1.0000
52297,5222,1.0000
52298,5222,1.0000
52299,5222,1.0000
52300,5222,1.0000
52301,5222,1.0000
52302,5222,1.0000
52303,5222,1.0000
52304,5222,1.0000
52305,5222,1.0000
52306,5222,1.0000
52307,5222,1.0000
52308,5222,1.0000
52309,5222,1.0000
52310,5222,1.0000
52311,5222,1.0000
52312,5222,1.0000
52313,5222,1.0000
52314,5222,1.0000
52315,5222,1.0000
52316,5222,1.0000
52317,5222,1.0000
52318,5222,1.0000
52319,5222,1.0000
52320,5222,1.0000
52321,5222,1.0000
52322,5222,1.0000
52323,5222,1.0000
52324,5222,1.0000
52325,5222,1.0000
52326,5222,1.0000
52327,5222,1.0000
52328,5222,1.0000
52329,5222,1.0000
52330,5222,1.0000
52331,5222,1.0000
52332,5222,1.0000
52333,5222,1.0000
52334,5222,1.0000
52335,5222,1.0000
52336,5222,1.0000
52337,5222,1.0000
52338,5222,1.0000
52339,5222,1.0000
52340,5222,1.0000
52341,5222,1.0000
52342,5222,1.0000
52343,5222,1.0000
52344,5222,1.0000
52345,5222,1.0000
52346,5222,1.0000
52347,5222,1.0000
52348,5222,1.0000
52349,5222,1.0000
52350,5222,1.0000
52351,5222,1.0000
52352,5222,1.0000
52353,5222,1.0000
52354,5222,1.0000
52355,5222,1.0000
52356,5222,1.0000
52357,5222,1.0000
52358,5222,1.0000
52359,5222,1.0000
52360,5222,1.0000
52361,5222,1.0000
52362,5222,1.0000
52363,5222,1.0000
52364,5222,1.0000
52365,5222,1.0000
52366,5222,1.0000
52367,5222,1.0000
52368,5222,1.0000
52369,5222,1.0000
52370,5222,1.0000
52371,5222,1.0000
52372,5222,1.0000
52373,5222,1.0000
52374,5222,1.0000
52375,5222,1.0000
52376,5222,1.0000
52377,5222,1.0000
52378,5222,1.0000
52379,5222,1.0000
52380,5222,1.0000
52381,5222,1.0000
52382,5222,1.0000
52383,5222,1.0000
52384,5222,1.0000
52385,5222,1.0000
52386,5222,1.0000
52387,5222,1.0000
52388,5222,1.0000
52389,5222,1.0000
52390,5222,1.0000
52391,5222,1.0000
52392,5222,1.0000
52393,5222,1.0000
52394,5222,1.0000
52395,5222,1.0000
52396,5222,1.0000
52397,5222,1.0000
52398,5222,1.0000
52399,5222,1.0000
52400,5222,1.0000
52401,5222,1.0000
52402,5222,1.0000
52403,5222,1.0000
52404,5222,1.0000
52405,5222,1.0000
52406,5222,1.0000
52407,5222,1.0000
52408,5222,1.0000
52409,5222,1.0000
52410,5222,1.0000
52411,5222,1.0000
52412,5222,1.0000
52413,5222,1.0000
52414,5222,1.0000
52415,5222,1.0000
52416,5222,1.0000
52417,5222,1.0000
52418,5222,1.0000
52419,5222,1.0000
52420,5222,1.0000
52421,5222,1.0000
52422,5222,1.0000
52423,5222,1.0000
52424,5222,1.0000
52425,5222,1.0000
52426,5222,1.0000
52427,5222,1.0000
52428,5222,1.0000
52429,5222,1.0000
52430,5222,1.0000
52431,5222,1.0000
52432,5222,1.0000
52433,5222,1.0000
52434,5222,1.0000
52435,5222,1.0000
52436,5222,1.0000
52437,5222,1.0000
52438,5222,1.0000
52439,5222,1.0000
52440,5222,1.0000
52441,5222,1.0000
52442,5222,1.0000
52443,5222,1.0000
52444,5222,1.0000
52445,5222,1.0000
52446,5222,1.0000
52447,5222,1.0000
52448,5222,1.0000
52449,5222,1.0000
52450,5222,1.0000
52451,5222,1.0000
52452,5222,1.0000
52453,5222,1.0000
52454,5222,1.0000
52455,5222,1.0000
52456,5222,1.0000
52457,5222,1.0000
52458,5222,1.0000
52459,5222,1.0000
52460,5222,1.0000
52461,5222,1.0000
52462,5222,1.0000
52463,5222,1.0000
52464,5222,1.0000
52465,5222,1.0000
52466,5222,1.0000
52467,5222,1.0000
52468,5222,1.0000
52469,5222,1.0000
52470,5222,1.0000
52471,5222,1.0000
52472,5222,1.0000
52473,5222,1.0000
52474,5222,1.0000
52475,5222,1.0000
52476,5222,1.0000
52477,5222,1.0000
52478,5222,1.0000
52479,5222,1.0000
52480,5222,1.0000
52481,5222,1.0000
52482,5222,1.0000
52483,5222,1.0000
52484,5222,1.0000
52485,5222,1.0000
52486,5222,1.0000
52487,5222,1.0000
52488,5222,1.0000
52489,5222,1.0000
52490,5222,1.0000
52491,5222,1.0000
52492,5222,1.0000
52493,5222,1.0000
52494,5222,1.0000
52495,5222,1.0000
52496,5222,1.0000
52497,5222,1.0000
52498,5222,1.0000
52499,5222,1.0000
52500,5222,1.0000
52501,5222,1.0000
52502,5222,1.0000
52503,5222,1.0000
52504,5222,1.0000
52505,5222,1.0000
52506,5222,1.0000
52507,5222,1.0000
52508,5222,1.0000
52509,5222,1.0000
52510,5222,1.0000
52511,5222,1.0000
52512,5222,1.0000
52513,5222,1.0000
52514,5222,1.0000
52515,5222,1.0000
52516,5222,1.0000
52517,5222,1.0000
52518,5222,1.0000
52519,5222,1.0000
52520,5222,1.0000
52521,5222,1.0000
52522,5222,1.0000
52523,5222,1.0000
52524,5222,1.0000
52525,5222,1.0000
52526,5222,1.0000
52527,5222,1.0000
52528,5222,1.0000
52529,5222,1.0000
52530,5222,1.0000
52531,5222,1.0000
52532,5222,1.0000
52533,5222,1.0000
52534,5222,1.0000
52535,5222,1.0000
52536,5222,1.0000
52537,5222,1.0000
52538,5222,1.0000
52539,5222,1.0000
52540,5222,1.0000
52541,5222,1.0000
52542,5222,1.0000
52543,5222,1.0000
52544,5222,1.0000
52545,5222,1.0000
52546,5222,1.0000
52547,5222,1.0000
52548,5222,1.0000
52549,5222,1.0000
52550,5222,1.0000
52551,5222,1.0000
52552,5222,1.0000
52553,5222,1.0000
52554,5222,1.0000
52555,5222,1.0000
52556,5222,1.0000
52557,5222,1.0000
52558,5222,1.0000
52559,5222,1.0000
52560,5222,1.0000
52561,5222,1.0000
52562,5222,1.0000
52563,5222,1.0000
52564,5222,1.0000
52565,5222,1.0000
52566,5222,1.0000
52567,5222,1.0000
52568,5222,1.0000
52569,5222,1.0000
52570,5222,1.0000
52571,5222,1.0000
52572,5222,1.0000
52573,5222,1.0000
52574,5222,1.0000
52575,5222,1.0000
52576,5222,1.0000
52577,5222,1.0000
52578,5222,1.0000
52579,5222,1.0000
52580,5222,1.0000
52581,5222,1.0000
52582,5222,1.0000
52583,5222,1.0000
52584,5222,1.0000
52585,5222,1.0000
52586,5222,1.0000
52587,5222,1.0000
52588,5222,1.0000
52589,5222,1.0000
52590,5222,1.0000
52591,5222,1.0000
52592,5222,1.0000
52593,5222,1.0000
52594,5222,1.0000
52595,5222,1.0000
52596,5222,1.0000
52597,5222,1.0000
52598,5222,1.0000
52599,5222,1.0000
52600,5222,1.0000
52601,5222,1.0000
52602,5222,1.0000
52603,5222,1.0000
52604,5222,1.0000
52605,5222,1.0000
52606,5222,1.0000
52607,5222,1.0000
52608,5222,1.0000
52609,5222,1.0000
52610,5222,1.0000
52611,5222,1.0000
52612,5222,1.0000
52613,5222,1.0000
52614,5222,1.0000
52615,5222,1.0000
52616,5222,1.0000
52617,5222,1.0000
52618,5222,1.0000
52619,5222,1.0000
52620,5222,1.0000
52621,5222,1.0000
52622,5222,1.0000
52623,5222,1.0000
52624,5222,1.0000
52625,5222,1.0000
52626,5222,1.0000
52627,5222,1.0000
52628,5222,1.0000
52629,5222,1.0000
52630,5222,1.0000
52631,5222,1.0000
52632,5222,1.0000
52633,5222,1.0000
52634,5222,1.0000
52635,5222,1.0000
52636,5222,1.0000
52637,5222,1.0000
52638,5222,1.0000
52639,5222,1.0000
52640,5222,1.0000
52641,5222,1.0000
52642,5222,1.0000
52643,5222,1.0000
52644,5222,1.0000
52645,5222,1.0000
52646,5222,1.0000
52647,5222,1.0000
52648,5222,1.0000
52649,5222,1.0000
52650,5222,1.0000
52651,5222,1.0000
52652,5222,1.0000
52653,5222,1.0000
52654,5222,1.0000
52655,5222,1.0000
52656,5222,1.0000
52657,5222,1.0000
52658,5222,1.0000
52659,5222,1.0000
52660,5222,1.0000
52661,5222,1.0000
52662,5222,1.0000
52663,5222,1.0000
52664,5222,1.0000
52665,5222,1.0000
52666,5222,1.0000
52667,5222,1.0000
52668,5222,1.0000
52669,5222,1.0000
52670,5222,1.0000
52671,5222,1.0000
52672,5222,1.0000
52673,5222,1.0000
52674,5222,1.0000
52675,5222,1.0000
52676,5222,1.0000
52677,5222,1.0000
52678,5222,1.0000
52679,5222,1.0000
52680,5222,1.0000
52681,5222,1.0000
52682,5222,1.0000
52683,5222,1.0000
52684,5222,1.0000
52685,5222,1.0000
52686,5222,1.0000
52687,5222,1.0000
52688,5222,1.0000
52689,5222,1.0000
52690,5222,1.0000
52691,5222,1.0000
52692,5222,1.0000
52693,5222,1.0000
52694,5222,1.0000
52695,5222,1.0000
52696,5222,1.0000
52697,5222,1.0000
52698,5222,1.0000
52699,5222,1.0000
52700,5222,1.0000
52701,5222,1.0000
52702,5222,1.0000
52703,5222,1.0000
52704,5222,1.0000
52705,5222,1.0000
52706,5222,1.0000
52707,5222,1.0000
52708,5222,1.0000
52709,5222,1.0000
52710,5222,1.0000
52711,5222,1.0000
52712,5222,1.0000
52713,5222,1.0000
52714,5222,1.0000
52715,5222,1.0000
52716,5222,1.0000
52717,5222,1.0000
52718,5222,1.0000
52719,5222,1.0000
52720,5222,1.0000
52721,5222,1.0000
52722,5222,1.0000
52723,5222,1.0000
52724,5222,1.0000
52725,5222,1.0000
52726,5222,1.0000
52727,5222,1.0000
52728,5222,1.0000
52729,5222,1.0000
52730,5222,1.0000
52731,5222,1.0000
52732,5222,1.0000
52733,5222,1.0000
52734,5222,1.0000
52735,5222,1.0000
52736,5222,1.0000
52737,5222,1.0000
52738,5222,1.0000
52739,5222,1.0000
52740,5222,1.0000
52741,5222,1.0000
52742,5222,1.0000
52743,5222,1.0000
52744,5222,1.0000
52745,5222,1.0000
52746,5222,1.0000
52747,5222,1.0000
52748,5222,1.0000
52749,5222,1.0000
52750,5222,1.0000
52751,5222,1.0000
52752,5222,1.0000
52753,5222,1.0000
52754,5222,1.0000
52755,5222,1.0000
52756,5222,1.0000
52757,5222,1.0000
52758,5222,1.0000
52759,5222,1.0000
52760,5222,1.0000
52761,5222,1.0000
52762,5222,1.0000
52763,5222,1.0000
52764,5222,1.0000
52765,5222,1.0000
52766,5222,1.0000
52767,5222,1.0000
52768,5222,1.0000
52769,5222,1.0000
52770,5222,1.0000
52771,5222,1.0000
52772,5222,1.0000
52773,5222,1.0000
52774,5222,1.0000
52775,5222,1.0000
52776,5222,1.0000
52777,5222,1.0000
52778,5222,1.0000
52779,5222,1.0000
52780,5222,1.0000
52781,5222,1.0000
52782,5222,1.0000
52783,5222,1.0000
52784,5222,1.0000
52785,5222,1.0000
52786,5222,1.0000
52787,5222,1.0000
52788,5222,1.0000
52789,5222,1.0000
52790,5222,1.0000
52791,5222,1.0000
52792,5222,1.0000
52793,5222,1.0000
52794,5222,1.0000
52795,5222,1.0000
52796,5222,1.0000
52797,5222,1.0000
52798,5222,1.0000
52799,5222,1.0000
52800,5222,1.0000
52801,5222,1.0000
52802,5222,1.0000
52803,5222,1.0000
52804,5222,1.0000
52805,5222,1.0000
52806,5222,1.0000
52807,5222,1.0000
52808,5222,1.0000
52809,5222,1.0000
52810,5222,1.0000
52811,5222,1.0000
52812,5222,1.0000
52813,5222,1.0000
52814,5222,1.0000
52815,5222,1.0000
52816,5222,1.0000
52817,5222,1.0000
52818,5222,1.0000
52819,5222,1.0000
52820,5222,1.0000
52821,5222,1.0000
52822,5222,1.0000
52823,5222,1.0000
52824,5222,1.0000
52825,5222,1.0000
52826,5222,1.0000
52827,5222,1.0000
52828,5222,1.0000
52829,5222,1.0000
52830,5222,1.0000
52831,5222,1.0000
52832,5222,1.0000
52833,5222,1.0000
52834,5222,1.0000
52835,5222,1.0000
52836,5222,1.0000
52837,5222,1.0000
52838,5222,1.0000
52839,5222,1.0000
52840,5222,1.0000
52841,5222,1.0000
52842,5222,1.0000
52843,5222,1.0000
52844,5222,1.0000
52845,5222,1.0000
52846,5222,1.0000
52847,5222,1.0000
52848,5222,1.0000
52849,5222,1.0000
52850,5222,1.0000
52851,5222,1.0000
52852,5222,1.0000
52853,5222,1.0000
52854,5222,1.0000
52855,5222,1.0000
52856,5222,1.0000
52857,5222,1.0000
52858,5222,1.0000
52859,5222,1.0000
52860,5222,1.0000
52861,5222,1.0000
52862,5222,1.0000
52863,5222,1.0000
52864,5222,1.0000
52865,5222,1.0000
52866,5222,1.0000
52867,5222,1.0000
52868,5222,1.0000
52869,5222,1.0000
52870,5222,1.0000
52871,5222,1.0000
52872,5222,1.0000
52873,5222,1.0000
52874,5222,1.0000
52875,5222,1.0000
52876,5222,1.0000
52877,5222,1.0000
52878,5222,1.0000
52879,5222,1.0000
52880,5222,1.0000
52881,5222,1.0000
52882,5222,1.0000
52883,5222,1.0000
52884,5222,1.0000
52885,5222,1.0000
52886,5222,1.0000
52887,5222,1.0000
52888,5222,1.0000
52889,5222,1.0000
52890,5222,1.0000
52891,5222,1.0000
52892,5222,1.0000
52893,5222,1.0000
52894,5222,1.0000
52895,5222,1.0000
52896,5222,1.0000
52897,5222,1.0000
52898,5222,1.0000
52899,5222,1.0000
52900,5222,1.0000
52901,5222,1.0000
52902,5222,1.0000
52903,5222,1.0000
52904,5222,1.0000
52905,5222,1.0000
52906,5222,1.0000
52907,5222,1.0000
52908,5222,1.0000
52909,5222,1.0000
52910,5222,1.0000
52911,5222,1.0000
52912,5222,1.0000
52913,5222,1.0000
52914,5222,1.0000
52915,5222,1.0000
52916,5222,1.0000
52917,5222,1.0000
52918,5222,1.0000
52919,5222,1.0000
52920,5222,1.0000
52921,5222,1.0000
52922,5222,1.0000
52923,5222,1.0000
52924,5222,1.0000
52925,5222,1.0000
52926,5222,1.0000
52927,5222,1.0000
52928,5222,1.0000
52929,5222,1.0000
52930,5222,1.0000
52931,5222,1.0000
52932,5222,1.0000
52933,5222,1.0000
52934,5222,1.0000
52935,5222,1.0000
52936,5222,1.0000
52937,5222,1.0000
52938,5222,1.0000
52939,5222,1.0000
52940,5222,1.0000
52941,5222,1.0000
52942,5222,1.0000
52943,5222,1.0000
52944,5222,1.0000
52945,5222,1.0000
52946,5222,1.0000
52947,5222,1.0000
52948,5222,1.0000
52949,5222,1.0000
52950,5222,1.0000
52951,5222,1.0000
52952,5222,1.0000
52953,5222,1.0000
52954,5222,1.0000
52955,5222,1.0000
52956,5222,1.0000
52957,5222,1.0000
52958,5222,1.0000
52959,5222,1.0000
52960,5222,1.0000
52961,5222,1.0000
52962,5222,1.0000
52963,5222,1.0000
52964,5222,1.0000
52965,5222,1.0000
52966,5222,1.0000
52967,5222,1.0000
52968,5222,1.0000
52969,5222,1.0000
52970,5222,1.0000
52971,5222,1.0000
52972,5222,1.0000
52973,5222,1.0000
52974,5222,1.0000
52975,5222,1.0000
52976,5222,1.0000
52977,5222,1.0000
52978,5222,1.0000
52979,5222,1.0000
52980,5222,1.0000
52981,5222,1.0000
52982,5222,1.0000
52983,5222,1.0000
52984,5222,1.0000
52985,5222,1.0000
52986,5222,1.0000
52987,5222,1.0000
52988,5222,1.0000
52989,5222,1.0000
52990,5222,1.0000
52991,5222,1.0000
52992,5222,1.0000
52993,5222,1.0000
52994,5222,1.0000
52995,5222,1.0000
52996,5222,1.0000
52997,5222,1.0000
52998,5222,1.0000
52999,5222,1.0000
53000,5222,1.0000
53001,5222,1.0000
53002,5222,1.0000
53003,5222,1.0000
53004,5222,1.0000
53005,5222,1.0000
53006,5222,1.0000
53007,5222,1.0000
53008,5222,1.0000
53009,5222,1.0000
53010,5222,1.0000
53011,5222,1.0000
53012,5222,1.0000
53013,5222,1.0000
53014,5222,1.0000
53015,5222,1.0000
53016,5222,1.0000
53017,5222,1.0000
53018,5222,1.0000
53019,5222,1.0000
53020,5222,1.0000
53021,5222,1.0000
53022,5222,1.0000
53023,5222,1.0000
53024,5222,1.0000
53025,5222,1.0000
53026,5222,1.0000
53027,5222,1.0000
53028,5222,1.0000
53029,5222,1.0000
53030,5222,1.0000
53031,5222,1.0000
53032,5222,1.0000
53033,5222,1.0000
53034,5222,1.0000
53035,5222,1.0000
53036,5222,1.0000
53037,5222,1.0000
53038,5222,1.0000
53039,5222,1.0000
53040,5222,1.0000
53041,5222,1.0000
53042,5222,1.0000
53043,5222,1.0000
53044,5222,1.0000
53045,5222,1.0000
53046,5222,1.0000
53047,5222,1.0000
53048,5222,1.0000
53049,5222,1.0000
53050,5222,1.0000
53051,5222,1.0000
53052,5222,1.0000
53053,5222,1.0000
53054,5222,1.0000
53055,5222,1.0000
53056,5222,1.0000
53057,5222,1.0000
53058,5222,1.0000
53059,5222,1.0000
53060,5222,1.0000
53061,5222,1.0000
53062,5222,1.0000
53063,5222,1.0000
53064,5222,1.0000
53065,5222,1.0000
53066,5222,1.0000
53067,5222,1.0000
53068,5222,1.0000
53069,5222,1.0000
53070,5222,1.0000
53071,5222,1.0000
53072,5222,1.0000
53073,5222,1.0000
53074,5222,1.0000
53075,5222,1.0000
53076,5222,1.0000
53077,5222,1.0000
53078,5222,1.0000
53079,5222,1.0000
53080,5222,1.0000
53081,5222,1.0000
53082,5222,1.0000
53083,5222,1.0000
53084,5222,1.0000
53085,5222,1.0000
53086,5222,1.0000
53087,5222,1.0000
53088,5222,1.0000
53089,5222,1.0000
53090,5222,1.0000
53091,5222,1.0000
53092,5222,1.0000
53093,5222,1.0000
53094,5222,1.0000
53095,5222,1.0000
53096,5222,1.0000
53097,5222,1.0000
53098,5222,1.0000
53099,5222,1.0000
53100,5222,1.0000
53101,5222,1.0000
53102,5222,1.0000
53103,5222,1.0000
53104,5222,1.0000
53105,5222,1.0000
53106,5222,1.0000
53107,5222,1.0000
53108,5222,1.0000
53109,5222,1.0000
53110,5222,1.0000
53111,5222,1.0000
53112,5222,1.0000
53113,5222,1.0000
53114,5222,1.0000
53115,5222,1.0000
53116,5222,1.0000
53117,5222,1.0000
53118,5222,1.0000
53119,5222,1.0000
53120,5222,1.0000
53121,5222,1.0000
53122,5222,1.0000
53123,5222,1.0000
53124,5222,1.0000
53125,5222,1.0000
53126,5222,1.0000
53127,5222,1.0000
53128,5222,1.0000
53129,5222,1.0000
53130,5222,1.0000
53131,5222,1.0000
53132,5222,1.0000
53133,5222,1.0000
53134,5222,1.0000
53135,5222,1.0000
53136,5222,1.0000
53137,5222,1.0000
53138,5222,1.0000
53139,5222,1.0000
53140,5222,1.0000
53141,5222,1.0000
53142,5222,1.0000
53143,5222,1.0000
53144,5222,1.0000
53145,5222,1.0000
53146,5222,1.0000
53147,5222,1.0000
53148,5222,1.0000
53149,5222,1.0000
53150,5222,1.0000
53151,5222,1.0000
53152,5222,1.0000
53153,5222,1.0000
53154,5222,1.0000
53155,5222,1.0000
53156,5222,1.0000
53157,5222,1.0000
53158,5222,1.0000
53159,5222,1.0000
53160,5222,1.0000
53161,5222,1.0000
53162,5222,1.0000
53163,5222,1.0000
53164,5222,1.0000
53165,5222,1.0000
53166,5222,1.0000
53167,5222,1.0000
53168,5222,1.0000
53169,5222,1.0000
53170,5222,1.0000
53171,5222,1.0000
53172,5222,1.0000
53173,5222,1.0000
53174,5222,1.0000
53175,5222,1.0000
53176,5222,1.0000
53177,5222,1.0000
53178,5222,1.0000
53179,5222,1.0000
53180,5222,1.0000
53181,5222,1.0000
53182,5222,1.0000
53183,5222,1.0000
53184,5222,1.0000
53185,5222,1.0000
53186,5222,1.0000
53187,5222,1.0000
53188,5222,1.0000
53189,5222,1.0000
53190,5222,1.0000
53191,5222,1.0000
53192,5222,1.0000
53193,5222,1.0000
53194,5222,1.0000
53195,5222,1.0000
53196,5222,1.0000
53197,5222,1.0000
53198,5222,1.0000
53199,5222,1.0000
53200,5222,1.0000
53201,5222,1.0000
53202,5222,1.0000
53203,5222,1.0000
53204,5222,1.0000
53205,5222,1.0000
53206,5222,1.0000
53207,5222,1.0000
53208,5222,1.0000
53209,5222,1.0000
53210,5222,1.0000
53211,5222,1.0000
53212,5222,1.0000
53213,5222,1.0000
53214,5222,1.0000
53215,5222,1.0000
53216,5222,1.0000
53217,5222,1.0000
53218,5222,1.0000
53219,5222,1.0000
53220,5222,1.0000
53221,5222,1.0000
53222,5222,1.0000
53223,5222,1.0000
53224,5222,1.0000
53225,5222,1.0000
53226,5222,1.0000
53227,5222,1.0000
53228,5222,1.0000
53229,5222,1.0000
53230,5222,1.0000
53231,5222,1.0000
53232,5222,1.0000
53233,5222,1.0000
53234,5222,1.0000
53235,5222,1.0000
53236,5222,1.0000
53237,5222,1.0000
53238,5222,1.0000
53239,5222,1.0000
53240,5222,1.0000
53241,5222,1.0000
53242,5222,1.0000
53243,5222,1.0000
53244,5222,1.0000
53245,5222,1.0000
53246,5222,1.0000
53247,5222,1.0000
53248,5222,1.0000
53249,5222,1.0000
53250,5222,1.0000
53251,5222,1.0000
53252,5222,1.0000
53253,5222,1.0000
53254,5222,1.0000
53255,5222,1.0000
53256,5222,1.0000
53257,5222,1.0000
53258,5222,1.0000
53259,5222,1.0000
53260,5222,1.0000
53261,5222,1.0000
53262,5222,1.0000
53263,5222,1.0000
53264,5222,1.0000
53265,5222,1.0000
53266,5222,1.0000
53267,5222,1.0000
53268,5222,1.0000
53269,5222,1.0000
53270,5222,1.0000
53271,5222,1.0000
53272,5222,1.0000
53273,5222,1.0000
53274,5222,1.0000
53275,5222,1.0000
53276,5222,1.0000
53277,5222,1.0000
53278,5222,1.0000
53279,5222,1.0000
53280,5222,1.0000
53281,5222,1.0000
53282,5222,1.0000
53283,5222,1.0000
53284,5222,1.0000
53285,5222,1.0000
53286,5222,1.0000
53287,5222,1.0000
53288,5222,1.0000
53289,5222,1.0000
53290,5222,1.0000
53291,5222,1.0000
53292,5222,1.0000
53293,5222,1.0000
53294,5222,1.0000
53295,5222,1.0000
53296,5222,1.0000
53297,5222,1.0000
53298,5222,1.0000
53299,5222,1.0000
53300,5222,1.0000
53301,5222,1.0000
53302,5222,1.0000
53303,5222,1.0000
53304,5222,1.0000
53305,5222,1.0000
53306,5222,1.0000
53307,5222,1.0000
53308,5222,1.0000
53309,5222,1.0000
53310,5222,1.0000
53311,5222,1.0000
53312,5222,1.0000
53313,5222,1.0000
53314,5222,1.0000
53315,5222,1.0000
53316,5222,1.0000
53317,5222,1.0000
53318,5222,1.0000
53319,5222,1.0000
53320,5222,1.0000
53321,5222,1.0000
53322,5222,1.0000
53323,5222,1.0000
53324,5222,1.0000
53325,5222,1.0000
53326,5222,1.0000
53327,5222,1.0000
53328,5222,1.0000
53329,5222,1.0000
53330,5222,1.0000
53331,5222,1.0000
53332,5222,1.0000
53333,5222,1.0000
53334,5222,1.0000
53335,5222,1.0000
53336,5222,1.0000
53337,5222,1.0000
53338,5222,1.0000
53339,5222,1.0000
53340,5222,1.0000
53341,5222,1.0000
53342,5222,1.0000
53343,5222,1.0000
53344,5222,1.0000
53345,5222,1.0000
53346,5222,1.0000
53347,5222,1.0000
53348,5222,1.0000
53349,5222,1.0000
53350,5222,1.0000
53351,5222,1.0000
53352,5222,1.0000
53353,5222,1.0000
53354,5222,1.0000
53355,5222,1.0000
53356,5222,1.0000
53357,5222,1.0000
53358,5222,1.0000
53359,5222,1.0000
53360,5222,1.0000
53361,5222,1.0000
53362,5222,1.0000
53363,5222,1.0000
53364,5222,1.0000
53365,5222,1.0000
53366,5222,1.0000
53367,5222,1.0000
53368,5222,1.0000
53369,5222,1.0000
53370,5222,1.0000
53371,5222,1.0000
53372,5222,1.0000
53373,5222,1.0000
53374,5222,1.0000
53375,5222,1.0000
53376,5222,1.0000
53377,5222,1.0000
53378,5222,1.0000
53379,5222,1.0000
53380,5222,1.0000
53381,5222,1.0000
53382,5222,1.0000
53383,5222,1.0000
53384,5222,1.0000
53385,5222,1.0000
53386,5222,1.0000
53387,5222,1.0000
53388,5222,1.0000
53389,5222,1.0000
53390,5222,1.0000
53391,5222,1.0000
53392,5222,1.0000
53393,5222,1.0000
53394,5222,1.0000
53395,5222,1.0000
53396,5222,1.0000
53397,5222,1.0000
53398,5222,1.0000
53399,5222,1.0000
53400,5222,1.0000
53401,5222,1.0000
53402,5222,1.0000
53403,5222,1.0000
53404,5222,1.0000
53405,5222,1.0000
53406,5222,1.0000
53407,5222,1.0000
53408,5222,1.0000
53409,5222,1.0000
53410,5222,1.0000
53411,5222,1.0000
53412,5222,1.0000
53413,5222,1.0000
53414,5222,1.0000
53415,5222,1.0000
53416,5222,1.0000
53417,5222,1.0000
53418,5222,1.0000
53419,5222,1.0000
53420,5222,1.0000
53421,5222,1.0000
53422,5222,1.0000
53423,5222,1.0000
53424,5222,1.0000
53425,5222,1.0000
53426,5222,1.0000
53427,5222,1.0000
53428,5222,1.0000
53429,5222,1.0000
53430,5222,1.0000
53431,5222,1.0000
53432,5222,1.0000
53433,5222,1.0000
53434,5222,1.0000
53435,5222,1.0000
53436,5222,1.0000
53437,5222,1.0000
53438,5222,1.0000
53439,5222,1.0000
53440,5222,1.0000
53441,5222,1.0000
53442,5222,1.0000
53443,5222,1.0000
53444,5222,1.0000
53445,5222,1.0000
53446,5222,1.0000
53447,5222,1.0000
53448,5222,1.0000
53449,5222,1.0000
53450,5222,1.0000
53451,5222,1.0000
53452,5222,1.0000
53453,5222,1.0000
53454,5222,1.0000
53455,5222,1.0000
53456,5222,1.0000
53457,5222,1.0000
53458,5222,1.0000
53459,5222,1.0000
53460,5222,1.0000
53461,5222,1.0000
53462,5222,1.0000
53463,5222,1.0000
53464,5222,1.0000
53465,5222,1.0000
53466,5222,1.0000
53467,5222,1.0000
53468,5222,1.0000
53469,5222,1.0000
53470,5222,1.0000
53471,5222,1.0000
53472,5222,1.0000
53473,5222,1.0000
53474,5222,1.0000
53475,5222,1.0000
53476,5222,1.0000
53477,5222,1.0000
53478,5222,1.0000
53479,5222,1.0000
53480,5222,1.0000
53481,5222,1.0000
53482,5222,1.0000
53483,5222,1.0000
53484,5222,1.0000
53485,5222,1.0000
53486,5222,1.0000
53487,5222,1.0000
53488,5222,1.0000
53489,5222,1.0000
53490,5222,1.0000
53491,5222,1.0000
53492,5222,1.0000
53493,5222,1.0000
53494,5222,1.0000
53495,5222,1.0000
53496,5222,1.0000
53497,5222,1.0000
53498,5222,1.0000
53499,5222,1.0000
53500,5222,1.0000
53501,5222,1.0000
53502,5222,1.0000
53503,5222,1.0000
53504,5222,1.0000
53505,5222,1.0000
53506,5222,1.0000
53507,5222,1.0000
53508,5222,1.0000
53509,5222,1.0000
53510,5222,1.0000
53511,5222,1.0000
53512,5222,1.0000
53513,5222,1.0000
53514,5222,1.0000
53515,5222,1.0000
53516,5222,1.0000
53517,5222,1.0000
53518,5222,1.0000
53519,5222,1.0000
53520,5222,1.0000
53521,5222,1.0000
53522,5222,1.0000
53523,5222,1.0000
53524,5222,1.0000
53525,5222,1.0000
53526,5222,1.0000
53527,5222,1.0000
53528,5222,1.0000
53529,5222,1.0000
53530,5222,1.0000
53531,5222,1.0000
53532,5222,1.0000
53533,5222,1.0000
53534,5222,1.0000
53535,5222,1.0000
53536,5222,1.0000
53537,5222,1.0000
53538,5222,1.0000
53539,5222,1.0000
53540,5222,1.0000
53541,5222,1.0000
53542,5222,1.0000
53543,5222,1.0000
53544,5222,1.0000
53545,5222,1.0000
53546,5222,1.0000
53547,5222,1.0000
53548,5222,1.0000
53549,5222,1.0000
53550,5222,1.0000
53551,5222,1.0000
53552,5222,1.0000
53553,5222,1.0000
53554,5222,1.0000
53555,5222,1.0000
53556,5222,1.0000
53557,5222,1.0000
53558,5222,1.0000
53559,5222,1.0000
53560,5222,1.0000
53561,5222,1.0000
53562,5222,1.0000
53563,5222,1.0000
53564,5222,1.0000
53565,5222,1.0000
53566,5222,1.0000
53567,5222,1.0000
53568,5222,1.0000
53569,5222,1.0000
53570,5222,1.0000
53571,5222,1.0000
53572,5222,1.0000
53573,5222,1.0000
53574,5222,1.0000
53575,5222,1.0000
53576,5222,1.0000
53577,5222,1.0000
53578,5222,1.0000
53579,5222,1.0000
53580,5222,1.0000
53581,5222,1.0000
53582,5222,1.0000
53583,5222,1.0000
53584,5222,1.0000
53585,5222,1.0000
53586,5222,1.0000
53587,5222,1.0000
53588,5222,1.0000
53589,5222,1.0000
53590,5222,1.0000
53591,5222,1.0000
53592,5222,1.0000
53593,5222,1.0000
53594,5222,1.0000
53595,5222,1.0000
53596,5222,1.0000
53597,5222,1.0000
53598,5222,1.0000
53599,5222,1.0000
53600,5222,1.0000
53601,5222,1.0000
53602,5222,1.0000
53603,5222,1.0000
53604,5222,1.0000
53605,5222,1.0000
53606,5222,1.0000
53607,5222,1.0000
53608,5222,1.0000
53609,5222,1.0000
53610,5222,1.0000
53611,5222,1.0000
53612,5222,1.0000
53613,5222,1.0000
53614,5222,1.0000
53615,5222,1.0000
53616,5222,1.0000
53617,5222,1.0000
53618,5222,1.0000
53619,5222,1.0000
53620,5222,1.0000
53621,5222,1.0000
53622,5222,1.0000
53623,5222,1.0000
53624,5222,1.0000
53625,5222,1.0000
53626,5222,1.0000
53627,5222,1.0000
53628,5222,1.0000
53629,5222,1.0000
53630,5222,1.0000
53631,5222,1.0000
53632,5222,1.0000
53633,5222,1.0000
53634,5222,1.0000
53635,5222,1.0000
53636,5222,1.0000
53637,5222,1.0000
53638,5222,1.0000
53639,5222,1.0000
53640,5222,1.0000
53641,5222,1.0000
53642,5222,1.0000
53643,5222,1.0000
53644,5222,1.0000
53645,5222,1.0000
53646,5222,1.0000
53647,5222,1.0000
53648,5222,1.0000
53649,5222,1.0000
53650,5222,1.0000
53651,5222,1.0000
53652,5222,1.0000
53653,5222,1.0000
53654,5222,1.0000
53655,5222,1.0000
53656,5222,1.0000
53657,5222,1.0000
53658,5222,1.0000
53659,5222,1.0000
53660,5222,1.0000
53661,5222,1.0000
53662,5222,1.0000
53663,5222,1.0000
53664,5222,1.0000
53665,5222,1.0000
53666,5222,1.0000
53667,5222,1.0000
53668,5222,1.0000
53669,5222,1.0000
53670,5222,1.0000
53671,5222,1.0000
53672,5222,1.0000
53673,5222,1.0000
53674,5222,1.0000
53675,5222,1.0000
53676,5222,1.0000
53677,5222,1.0000
53678,5222,1.0000
53679,5222,1.0000
53680,5222,1.0000
53681,5222,1.0000
53682,5222,1.0000
53683,5222,1.0000
53684,5222,1.0000
53685,5222,1.0000
53686,5222,1.0000
53687,5222,1.0000
53688,5222,1.0000
53689,5222,1.0000
53690,5222,1.0000
53691,5222,1.0000
53692,5222,1.0000
53693,5222,1.0000
53694,5222,1.0000
53695,5222,1.0000
53696,5222,1.0000
53697,5222,1.0000
53698,5222,1.0000
53699,5222,1.0000
53700,5222,1.0000
53701,5222,1.0000
53702,5222,1.0000
53703,5222,1.0000
53704,5222,1.0000
53705,5222,1.0000
53706,5222,1.0000
53707,5222,1.0000
53708,5222,1.0000
53709,5222,1.0000
53710,5222,1.0000
53711,5222,1.0000
53712,5222,1.0000
53713,5222,1.0000
53714,5222,1.0000
53715,5222,1.0000
53716,5222,1.0000
53717,5222,1.0000
53718,5222,1.0000
53719,5222,1.0000
53720,5222,1.0000
53721,5222,1.0000
53722,5222,1.0000
53723,5222,1.0000
53724,5222,1.0000
53725,5222,1.0000
53726,5222,1.0000
53727,5222,1.0000
53728,5222,1.0000
53729,5222,1.0000
53730,5222,1.0000
53731,5222,1.0000
53732,5222,1.0000
53733,5222,1.0000
53734,5222,1.0000
53735,5222,1.0000
53736,5222,1.0000
53737,5222,1.0000
53738,5222,1.0000
53739,5222,1.0000
53740,5222,1.0000
53741,5222,1.0000
53742,5222,1.0000
53743,5222,1.0000
53744,5222,1.0000
53745,5222,1.0000
53746,5222,1.0000
53747,5222,1.0000
53748,5222,1.0000
53749,5222,1.0000
53750,5222,1.0000
53751,5222,1.0000
53752,5222,1.0000
53753,5222,1.0000
53754,5222,1.0000
53755,5222,1.0000
53756,5222,1.0000
53757,5222,1.0000
53758,5222,1.0000
53759,5222,1.0000
53760,5222,1.0000
53761,5222,1.0000
53762,5222,1.0000
53763,5222,1.0000
53764,5222,1.0000
53765,5222,1.0000
53766,5222,1.0000
53767,5222,1.0000
53768,5222,1.0000
53769,5222,1.0000
53770,5222,1.0000
53771,5222,1.0000
53772,5222,1.0000
53773,5222,1.0000
53774,5222,1.0000
53775,5222,1.0000
53776,5222,1.0000
53777,5222,1.0000
53778,5222,1.0000
53779,5222,1.0000
53780,5222,1.0000
53781,5222,1.0000
53782,5222,1.0000
53783,5222,1.0000
53784,5222,1.0000
53785,5222,1.0000
53786,5222,1.0000
53787,5222,1.0000
53788,5222,1.0000
53789,5222,1.0000
53790,5222,1.0000
53791,5222,1.0000
53792,5222,1.0000
53793,5222,1.0000
53794,5222,1.0000
53795,5222,1.0000
53796,5222,1.0000
53797,5222,1.0000
53798,5222,1.0000
53799,5222,1.0000
53800,5222,1.0000
53801,5222,1.0000
53802,5222,1.0000
53803,5222,1.0000
53804,5222,1.0000
53805,5222,1.0000
53806,5222,1.0000
53807,5222,1.0000
53808,5222,1.0000
53809,5222,1.0000
53810,5222,1.0000
53811,5222,1.0000
53812,5222,1.0000
53813,5222,1.0000
53814,5222,1.0000
53815,5222,1.0000
53816,5222,1.0000
53817,5222,1.0000
53818,5222,1.0000
53819,5222,1.0000
53820,5222,1.0000
53821,5222,1.0000
53822,5222,1.0000
53823,5222,1.0000
53824,5222,1.0000
53825,5222,1.0000
53826,5222,1.0000
53827,5222,1.0000
53828,5222,1.0000
53829,5222,1.0000
53830,5222,1.0000
53831,5222,1.0000
53832,5222,1.0000
53833,5222,1.0000
53834,5222,1.0000
53835,5222,1.0000
53836,5222,1.0000
53837,5222,1.0000
53838,5222,1.0000
53839,5222,1.0000
53840,5222,1.0000
53841,5222,1.0000
53842,5222,1.0000
53843,5222,1.0000
53844,5222,1.0000
53845,5222,1.0000
53846,5222,1.0000
53847,5222,1.0000
53848,5222,1.0000
53849,5222,1.0000
53850,5222,1.0000
53851,5222,1.0000
53852,5222,1.0000
53853,5222,1.0000
53854,5222,1.0000
53855,5222,1.0000
53856,5222,1.0000
53857,5222,1.0000
53858,5222,1.0000
53859,5222,1.0000
53860,5222,1.0000
53861,5222,1.0000
53862,5222,1.0000
53863,5222,1.0000
53864,5222,1.0000
53865,5222,1.0000
53866,5222,1.0000
53867,5222,1.0000
53868,5222,1.0000
53869,5222,1.0000
53870,5222,1.0000
53871,5222,1.0000
53872,5222,1.0000
53873,5222,1.0000
53874,5222,1.0000
53875,5222,1.0000
53876,5222,1.0000
53877,5222,1.0000
53878,5222,1.0000
53879,5222,1.0000
53880,5222,1.0000
53881,5222,1.0000
53882,5222,1.0000
53883,5222,1.0000
53884,5222,1.0000
53885,5222,1.0000
53886,5222,1.0000
53887,5222,1.0000
53888,5222,1.0000
53889,5222,1.0000
53890,5222,1.0000
53891,5222,1.0000
53892,5222,1.0000
53893,5222,1.0000
53894,5222,1.0000
53895,5222,1.0000
53896,5222,1.0000
53897,5222,1.0000
53898,5222,1.0000
53899,5222,1.0000
53900,5222,1.0000
53901,5222,1.0000
53902,5222,1.0000
53903,5222,1.0000
53904,5222,1.0000
53905,5222,1.0000
53906,5222,1.0000
53907,5222,1.0000
53908,5222,1.0000
53909,5222,1.0000
53910,5222,1.0000
53911,5222,1.0000
53912,5222,1.0000
53913,5222,1.0000
53914,5222,1.0000
53915,5222,1.0000
53916,5222,1.0000
53917,5222,1.0000
53918,5222,1.0000
53919,5222,1.0000
53920,5222,1.0000
53921,5222,1.0000
53922,5222,1.0000
53923,5222,1.0000
53924,5222,1.0000
53925,5222,1.0000
53926,5222,1.0000
53927,5222,1.0000
53928,5222,1.0000
53929,5222,1.0000
53930,5222,1.0000
53931,5222,1.0000
53932,5222,1.0000
53933,5222,1.0000
53934,5222,1.0000
53935,5222,1.0000
53936,5222,1.0000
53937,5222,1.0000
53938,5222,1.0000
53939,5222,1.0000
53940,5222,1.0000
53941,5222,1.0000
53942,5222,1.0000
53943,5222,1.0000
53944,5222,1.0000
53945,5222,1.0000
53946,5222,1.0000
53947,5222,1.0000
53948,5222,1.0000
53949,5222,1.0000
53950,5222,1.0000
53951,5222,1.0000
53952,5222,1.0000
53953,5222,1.0000
53954,5222,1.0000
53955,5222,1.0000
53956,5222,1.0000
53957,5222,1.0000
53958,5222,1.0000
53959,5222,1.0000
53960,5222,1.0000
53961,5222,1.0000
53962,5222,1.0000
53963,5222,1.0000
53964,5222,1.0000
53965,5222,1.0000
53966,5222,1.0000
53967,5222,1.0000
53968,5222,1.0000
53969,5222,1.0000
53970,5222,1.0000
53971,5222,1.0000
53972,5222,1.0000
53973,5222,1.0000
53974,5222,1.0000
53975,5222,1.0000
53976,5222,1.0000
53977,5222,1.0000
53978,5222,1.0000
53979,5222,1.0000
53980,5222,1.0000
53981,5222,1.0000
53982,5222,1.0000
53983,5222,1.0000
53984,5222,1.0000
53985,5222,1.0000
53986,5222,1.0000
53987,5222,1.0000
53988,5222,1.0000
53989,5222,1.0000
53990,5222,1.0000
53991,5222,1.0000
53992,5222,1.0000
53993,5222,1.0000
53994,5222,1.0000
53995,5222,1.0000
53996,5222,1.0000
53997,5222,1.0000
53998,5222,1.0000
53999,5222,1.0000
54000,5222,1.0000
54001,5222,1.0000
54002,5222,1.0000
54003,5222,1.0000
54004,5222,1.0000
54005,5222,1.0000
54006,5222,1.0000
54007,5222,1.0000
54008,5222,1.0000
54009,5222,1.0000
54010,5222,1.0000
54011,5222,1.0000
54012,5222,1.0000
54013,5222,1.0000
54014,5222,1.0000
54015,5222,1.0000
54016,5222,1.0000
54017,5222,1.0000
54018,5222,1.0000
54019,5222,1.0000
54020,5222,1.0000
54021,5222,1.0000
54022,5222,1.0000
54023,5222,1.0000
54024,5222,1.0000
54025,5222,1.0000
54026,5222,1.0000
54027,5222,1.0000
54028,5222,1.0000
54029,5222,1.0000
54030,5222,1.0000
54031,5222,1.0000
54032,5222,1.0000
54033,5222,1.0000
54034,5222,1.0000
54035,5222,1.0000
54036,5222,1.0000
54037,5222,1.0000
54038,5222,1.0000
54039,5222,1.0000
54040,5222,1.0000
54041,5222,1.0000
54042,5222,1.0000
54043,5222,1.0000
54044,5222,1.0000
54045,5222,1.0000
54046,5222,1.0000
54047,5222,1.0000
54048,5222,1.0000
54049,5222,1.0000
54050,5222,1.0000
54051,5222,1.0000
54052,5222,1.0000
54053,5222,1.0000
54054,5222,1.0000
54055,5222,1.0000
54056,5222,1.0000
54057,5222,1.0000
54058,5222,1.0000
54059,5222,1.0000
54060,5222,1.0000
54061,5222,1.0000
54062,5222,1.0000
54063,5222,1.0000
54064,5222,1.0000
54065,5222,1.0000
54066,5222,1.0000
54067,5222,1.0000
54068,5222,1.0000
54069,5222,1.0000
54070,5222,1.0000
54071,5222,1.0000
54072,5222,1.0000
54073,5222,1.0000
54074,5222,1.0000
54075,5222,1.0000
54076,5222,1.0000
54077,5222,1.0000
54078,5222,1.0000
54079,5222,1.0000
54080,5222,1.0000
54081,5222,1.0000
54082,5222,1.0000
54083,5222,1.0000
54084,5222,1.0000
54085,5222,1.0000
54086,5222,1.0000
54087,5222,1.0000
54088,5222,1.0000
54089,5222,1.0000
54090,5222,1.0000
54091,5222,1.0000
54092,5222,1.0000
54093,5222,1.0000
54094,5222,1.0000
54095,5222,1.0000
54096,5222,1.0000
54097,5222,1.0000
54098,5222,1.0000
54099,5222,1.0000
54100,5222,1.0000
54101,5222,1.0000
54102,5222,1.0000
54103,5222,1.0000
54104,5222,1.0000
54105,5222,1.0000
54106,5222,1.0000
54107,5222,1.0000
54108,5222,1.0000
54109,5222,1.0000
54110,5222,1.0000
54111,5222,1.0000
54112,5222,1.0000
54113,5222,1.0000
54114,5222,1.0000
54115,5222,1.0000
54116,5222,1.0000
54117,5222,1.0000
54118,5222,1.0000
54119,5222,1.0000
54120,5222,1.0000
54121,5222,1.0000
54122,5222,1.0000
54123,5222,1.0000
54124,5222,1.0000
54125,5222,1.0000
54126,5222,1.0000
54127,5222,1.0000
54128,5222,1.0000
54129,5222,1.0000
54130,5222,1.0000
54131,5222,1.0000
54132,5222,1.0000
54133,5222,1.0000
54134,5222,1.0000
54135,5222,1.0000
54136,5222,1.0000
