gridID,TreeFrac,CropFrac,ShrubFrac,HerbFrac
1,.0676,.1826,.6087,.0000
2,.0674,.3249,.4568,.0000
3,.0536,.1954,.5666,.0000
4,.0208,.0833,.1335,.5351
5,.0557,.3903,.3373,.0360
6,.0108,.4017,.5179,.0000
7,.0000,.2876,.6128,.0000
8,.0477,.2100,.6252,.0000
9,.0920,.0000,.7827,.0000
10,.0473,.0000,.8073,.0000
11,.0000,.1215,.6937,.0000
12,.0000,.3262,.5045,.0000
13,.1937,.1729,.5163,.0000
14,.1211,.1838,.5596,.0000
15,.2128,.1056,.5711,.0000
16,.2514,.3581,.3023,.0000
17,.1681,.3718,.3677,.0000
18,.1906,.2593,.4653,.0000
19,.2706,.0495,.6083,.0000
20,.4153,.0051,.5076,.0000
21,.4778,.0028,.4685,.0000
22,.5497,.0106,.3914,.0000
23,.6432,.0027,.3174,.0000
24,.5713,.0020,.4120,.0000
25,.7125,.0084,.2654,.0000
26,.8309,.0000,.1633,.0000
27,.8438,.0000,.1426,.0000
28,.8350,.0000,.1450,.0000
29,.8201,.0000,.1587,.0000
30,.5970,.0000,.3737,.0000
31,.5776,.0000,.3930,.0000
32,.4884,.0000,.4867,.0000
33,.6160,.0000,.3631,.0000
34,.5526,.0000,.4263,.0000
35,.5136,.0000,.4725,.0000
36,.5597,.0000,.4176,.0000
37,.7937,.0000,.1787,.0000
38,.7900,.0000,.1766,.0000
39,.8029,.0000,.1586,.0000
40,.7947,.0000,.1796,.0000
41,.8264,.0000,.1536,.0000
42,.7285,.1010,.1390,.0000
43,.5124,.1905,.2244,.0000
44,.3223,.0959,.5077,.0000
45,.4270,.0105,.4838,.0000
46,.3507,.0052,.5387,.0315
47,.3529,.2708,.2557,.0044
48,.0191,.3985,.4768,.0000
49,.2315,.1439,.5541,.0000
50,.4931,.0000,.4410,.0000
51,.2065,.0000,.7465,.0000
52,.5993,.0000,.3521,.0000
53,.5215,.0000,.4367,.0000
54,.4816,.0000,.3169,.1579
55,.5572,.0000,.1402,.2463
56,.4727,.0000,.3480,.1262
57,.4187,.0000,.5122,.0063
58,.5253,.0012,.4101,.0000
59,.3005,.0023,.6417,.0000
60,.2594,.1204,.5478,.0000
61,.1774,.3701,.3803,.0000
62,.1081,.3605,.4533,.0000
63,.1921,.3570,.3845,.0000
64,.1843,.2286,.5306,.0000
65,.3734,.0483,.5177,.0000
66,.5740,.0000,.3793,.0000
67,.7561,.0000,.2277,.0000
68,.8134,.0000,.1866,.0000
69,.7846,.0000,.2030,.0000
70,.8277,.0000,.1466,.0000
71,.8099,.0000,.1612,.0000
72,.6380,.0000,.3313,.0000
73,.6596,.0346,.2360,.0000
74,.3621,.2442,.2166,.1014
75,.1473,.4273,.1572,.1879
76,.0096,.7447,.1253,.0000
77,.0034,.4350,.4085,.0000
78,.0190,.3498,.4615,.0000
79,.0255,.6164,.1692,.0000
80,.0076,.0883,.7399,.0000
81,.0000,.0625,.8825,.0000
82,.0102,.0514,.8315,.0000
83,.0104,.0407,.2787,.5337
84,.0055,.4300,.3128,.1290
85,.0626,.4831,.3109,.0049
86,.0000,.4579,.3872,.0000
87,.0000,.3854,.4315,.0000
88,.1521,.2728,.4406,.0000
89,.1127,.2493,.4951,.0000
90,.1504,.0913,.6521,.0000
91,.2184,.2334,.4582,.0000
92,.2791,.2618,.3543,.0000
93,.1115,.4013,.4041,.0000
94,.2592,.2228,.4487,.0000
95,.4246,.0782,.4393,.0000
96,.4356,.0570,.4716,.0000
97,.6134,.0000,.3642,.0000
98,.7920,.0000,.1854,.0000
99,.8270,.0010,.1720,.0000
100,.8991,.0039,.0970,.0000
101,.8503,.0000,.1497,.0000
102,.7557,.0000,.2396,.0000
103,.7659,.0000,.2157,.0000
104,.7925,.0000,.1853,.0000
105,.6855,.0000,.2830,.0000
106,.6540,.0000,.3131,.0000
107,.5970,.0000,.3669,.0000
108,.7006,.0000,.2782,.0000
109,.6770,.0000,.3060,.0000
110,.5972,.0000,.3886,.0000
111,.4883,.0000,.4886,.0000
112,.7065,.0000,.2605,.0000
113,.7468,.0000,.2042,.0000
114,.7697,.0000,.1860,.0000
115,.7411,.0000,.2194,.0000
116,.7300,.0000,.2416,.0000
117,.8135,.0000,.1621,.0000
118,.5199,.0531,.3836,.0000
119,.1882,.2284,.5068,.0000
120,.3435,.1977,.3859,.0000
121,.2867,.1308,.4233,.0824
122,.3125,.3110,.2874,.0110
123,.0362,.4968,.3984,.0000
124,.2008,.1494,.5773,.0000
125,.4228,.0000,.5096,.0000
126,.5196,.0000,.3790,.0535
127,.5286,.0000,.4179,.0022
128,.5137,.0000,.4317,.0000
129,.4784,.0215,.4650,.0000
130,.4756,.0654,.4042,.0000
131,.3467,.0441,.5399,.0010
132,.2839,.0000,.5506,.0851
133,.4116,.0584,.4375,.0000
134,.3137,.2321,.3763,.0000
135,.0683,.2373,.6191,.0000
136,.3349,.2454,.3437,.0000
137,.4980,.2805,.1770,.0000
138,.2437,.2441,.4651,.0000
139,.2525,.1836,.3882,.1340
140,.4749,.2305,.1986,.0530
141,.6442,.0441,.2799,.0000
142,.8271,.0000,.1538,.0000
143,.8249,.0000,.1661,.0000
144,.7370,.0000,.2502,.0000
145,.8094,.0000,.1688,.0000
146,.8182,.0000,.1598,.0000
147,.7607,.0000,.2150,.0000
148,.7430,.0099,.1984,.0000
149,.4688,.0782,.2207,.1610
150,.3728,.1044,.3209,.1170
151,.0299,.4111,.4175,.0000
152,.0242,.2860,.5431,.0000
153,.0239,.3328,.4067,.0901
154,.0514,.6261,.1536,.0266
155,.0633,.7246,.1059,.0000
156,.0010,.7438,.1805,.0000
157,.0188,.7569,.0893,.0000
158,.0470,.7714,.0433,.0000
159,.0078,.5531,.2947,.0090
160,.0017,.5112,.0989,.2448
161,.0067,.4219,.4024,.0000
162,.0030,.4954,.3365,.0000
163,.0523,.2746,.5271,.0000
164,.1039,.1910,.5814,.0000
165,.1603,.0717,.6539,.0000
166,.3930,.1101,.4254,.0000
167,.4268,.2169,.2828,.0000
168,.2914,.3852,.2243,.0000
169,.1328,.3871,.3594,.0000
170,.2944,.1988,.4197,.0000
171,.4465,.2638,.2506,.0000
172,.6226,.0926,.2399,.0000
173,.7212,.0134,.2551,.0000
174,.8559,.0000,.1411,.0000
175,.8894,.0000,.1007,.0000
176,.8865,.0000,.1135,.0000
177,.8647,.0000,.1353,.0000
178,.8644,.0000,.1173,.0000
179,.7937,.0000,.1784,.0000
180,.7604,.0000,.2096,.0000
181,.7416,.0000,.2265,.0000
182,.7300,.0000,.2391,.0000
183,.7081,.0000,.2598,.0000
184,.6298,.0000,.3461,.0000
185,.6764,.0000,.3102,.0000
186,.6098,.0000,.3706,.0000
187,.6196,.0000,.3275,.0000
188,.7402,.0000,.2179,.0000
189,.8140,.0000,.1579,.0000
190,.7674,.0000,.1922,.0000
191,.6578,.0000,.2976,.0000
192,.6916,.0000,.2812,.0000
193,.4657,.0516,.4477,.0000
194,.3063,.2891,.3528,.0000
195,.2990,.4037,.2454,.0000
196,.1388,.4057,.3729,.0000
197,.1042,.5027,.2959,.0000
198,.1637,.5177,.2261,.0104
199,.1258,.3226,.4363,.0197
200,.2964,.1331,.4875,.0000
201,.4191,.0194,.3461,.1526
202,.3635,.0984,.4771,.0048
203,.3458,.1394,.4496,.0000
204,.3417,.2090,.3958,.0000
205,.3313,.4161,.1920,.0000
206,.1218,.2790,.5407,.0000
207,.3986,.0123,.5246,.0000
208,.2974,.2022,.4343,.0000
209,.1685,.3991,.3710,.0000
210,.2967,.0978,.5563,.0000
211,.6206,.2238,.1050,.0000
212,.4956,.2802,.1733,.0000
213,.3560,.3059,.2996,.0000
214,.4056,.2455,.3099,.0021
215,.7525,.0637,.1462,.0013
216,.7874,.0034,.1885,.0000
217,.7971,.0000,.1888,.0000
218,.7365,.0000,.2538,.0000
219,.7385,.0000,.2422,.0000
220,.8636,.0000,.1308,.0000
221,.7871,.0000,.2067,.0000
222,.7689,.0000,.2104,.0000
223,.7789,.0000,.1970,.0000
224,.7592,.0015,.1615,.0355
225,.6238,.1125,.1672,.0063
226,.0492,.0840,.6736,.0000
227,.0115,.0614,.6890,.0000
228,.0271,.0697,.3101,.3450
229,.0237,.0188,.6714,.1012
230,.0002,.5978,.2295,.0000
231,.0053,.2594,.6626,.0000
232,.0076,.7291,.2039,.0000
233,.0000,.7101,.1950,.0000
234,.0000,.1851,.7121,.0000
235,.0165,.4781,.3926,.0000
236,.0776,.4826,.2818,.0000
237,.0512,.7549,.0986,.0000
238,.0073,.5353,.3287,.0000
239,.1044,.1262,.6408,.0000
240,.1010,.3091,.4664,.0000
241,.1300,.1714,.5924,.0000
242,.2258,.2072,.4538,.0000
243,.0613,.3620,.4407,.0000
244,.0870,.4175,.3644,.0000
245,.0990,.3888,.4197,.0000
246,.2571,.1993,.4621,.0000
247,.4767,.1347,.3266,.0000
248,.7963,.0196,.1232,.0000
249,.6992,.0036,.2689,.0000
250,.7977,.0106,.1802,.0000
251,.8495,.0000,.1300,.0000
252,.8666,.0000,.1169,.0000
253,.8529,.0000,.1267,.0000
254,.7696,.0000,.2004,.0000
255,.8290,.0000,.1443,.0000
256,.5728,.0000,.3818,.0000
257,.4604,.0000,.5053,.0000
258,.7351,.0000,.2517,.0000
259,.6734,.0000,.3037,.0000
260,.6839,.0000,.2975,.0000
261,.7237,.0000,.2652,.0000
262,.7665,.0000,.1922,.0000
263,.6839,.0000,.2832,.0000
264,.8032,.0000,.1682,.0000
265,.7641,.0000,.2034,.0000
266,.7285,.0000,.2207,.0000
267,.6973,.0000,.2734,.0000
268,.6656,.0241,.2761,.0000
269,.5647,.1100,.2763,.0000
270,.5914,.1795,.1711,.0000
271,.3447,.4590,.1287,.0000
272,.2616,.4834,.1719,.0000
273,.3401,.3687,.2014,.0161
274,.1024,.5577,.2389,.0299
275,.0754,.5023,.3332,.0000
276,.1735,.2053,.5267,.0000
277,.0058,.4639,.4504,.0000
278,.0462,.4602,.3976,.0000
279,.1800,.4139,.3092,.0000
280,.1550,.4565,.2954,.0000
281,.1218,.2586,.5572,.0000
282,.1698,.1663,.5652,.0000
283,.1331,.4349,.3450,.0000
284,.0983,.4609,.3816,.0000
285,.3421,.1643,.4457,.0000
286,.4255,.2545,.2728,.0000
287,.5165,.2629,.1840,.0000
288,.6186,.1271,.2246,.0000
289,.7948,.0032,.1817,.0000
290,.8879,.0000,.1067,.0000
291,.6173,.0000,.3806,.0000
292,.8636,.0000,.1286,.0000
293,.8997,.0000,.0803,.0000
294,.8080,.0000,.1720,.0000
295,.7759,.0000,.1975,.0000
296,.7147,.0000,.2703,.0000
297,.6067,.0000,.3845,.0000
298,.6970,.0000,.2830,.0000
299,.7956,.0000,.1823,.0000
300,.8058,.0476,.0973,.0000
301,.1187,.2227,.5315,.0000
302,.0220,.1326,.6936,.0000
303,.0140,.1706,.5817,.0000
304,.0034,.0470,.7982,.0000
305,.0000,.3791,.4670,.0000
306,.0098,.0490,.8000,.0000
307,.0122,.1523,.7211,.0000
308,.0000,.2093,.6521,.0000
309,.0210,.4666,.3929,.0000
310,.0187,.3964,.4892,.0000
311,.0253,.3756,.4592,.0000
312,.0674,.3875,.3656,.0000
313,.0186,.3146,.4749,.0000
314,.1376,.0494,.6456,.0000
315,.2709,.0802,.5350,.0000
316,.1834,.1505,.5471,.0000
317,.2009,.1388,.5213,.0000
318,.2226,.2475,.3732,.0000
319,.2334,.4384,.2382,.0000
320,.0878,.6715,.1844,.0000
321,.2139,.3174,.3932,.0000
322,.3909,.1720,.3901,.0000
323,.4209,.0581,.4639,.0000
324,.5708,.1774,.1876,.0015
325,.5736,.1381,.2212,.0026
326,.6789,.0550,.2339,.0000
327,.8146,.0000,.1520,.0000
328,.8637,.0000,.1067,.0000
329,.7492,.0000,.2184,.0000
330,.6566,.0000,.3018,.0000
331,.6705,.0000,.2637,.0000
332,.6601,.0000,.3004,.0000
333,.7205,.0000,.2613,.0000
334,.6516,.0000,.3155,.0000
335,.7065,.0000,.2544,.0000
336,.5426,.0000,.4259,.0000
337,.6693,.0000,.2951,.0000
338,.7416,.0000,.2355,.0000
339,.8137,.0000,.1633,.0000
340,.7579,.0000,.2151,.0000
341,.7602,.0000,.2022,.0000
342,.7081,.0000,.2505,.0000
343,.6016,.0000,.3676,.0000
344,.7413,.0000,.2170,.0000
345,.7177,.0279,.1944,.0000
346,.5700,.1869,.1821,.0000
347,.6320,.2193,.0943,.0000
348,.4662,.1683,.2392,.0699
349,.4285,.3663,.0599,.1098
350,.1671,.6714,.1212,.0000
351,.0241,.4728,.4101,.0000
352,.0832,.5211,.2880,.0000
353,.0941,.3538,.4382,.0000
354,.1811,.2955,.4470,.0000
355,.2224,.2954,.4125,.0000
356,.3216,.2115,.4062,.0017
357,.4823,.3384,.0653,.0162
358,.2093,.5031,.2068,.0000
359,.2497,.4317,.2377,.0000
360,.4021,.3249,.2146,.0000
361,.6271,.2149,.1289,.0000
362,.6166,.1195,.2483,.0000
363,.6848,.0000,.3152,.0000
364,.8211,.0000,.1789,.0000
365,.8674,.0000,.1161,.0000
366,.8285,.0000,.1545,.0000
367,.6379,.0011,.3405,.0000
368,.8519,.0013,.1254,.0000
369,.7837,.0000,.1960,.0000
370,.8944,.0000,.0883,.0000
371,.8818,.0000,.1137,.0000
372,.7683,.0000,.2119,.0000
373,.7497,.0000,.2301,.0000
374,.8172,.0000,.1627,.0000
375,.8400,.0095,.1172,.0000
376,.3731,.1013,.3974,.0000
377,.1167,.1093,.6242,.0000
378,.0174,.0520,.7325,.0000
379,.0000,.0000,.7967,.0000
380,.0000,.0588,.8129,.0000
381,.0207,.3658,.5260,.0000
382,.0257,.5604,.3225,.0000
383,.0000,.7211,.1851,.0000
384,.0790,.6978,.1094,.0000
385,.0589,.5899,.2472,.0000
386,.0347,.4638,.3878,.0000
387,.0521,.3258,.4601,.0000
388,.0659,.2196,.5293,.0000
389,.1039,.0783,.6432,.0000
390,.2198,.0077,.6455,.0000
391,.2079,.0538,.6017,.0000
392,.1217,.2942,.4358,.0000
393,.0588,.4202,.3887,.0000
394,.0150,.6986,.2137,.0000
395,.0126,.7344,.1913,.0000
396,.1181,.3434,.4599,.0000
397,.2748,.2349,.4194,.0000
398,.3565,.2783,.2939,.0000
399,.0272,.3951,.4424,.0707
400,.2769,.2343,.2016,.2029
401,.5045,.1613,.0315,.2167
402,.1472,.7291,.0251,.0759
403,.7674,.0539,.1507,.0000
404,.8307,.0000,.1397,.0000
405,.8865,.0000,.0869,.0000
406,.7001,.0000,.2637,.0000
407,.5572,.0000,.4030,.0000
408,.9504,.0000,.0351,.0000
409,.8515,.0000,.1175,.0000
410,.6615,.0000,.3061,.0000
411,.6676,.0000,.2949,.0000
412,.6149,.0000,.3448,.0000
413,.6035,.0000,.3546,.0000
414,.6563,.0000,.3114,.0000
415,.7582,.0000,.2129,.0000
416,.7572,.0000,.2128,.0000
417,.7863,.0000,.1616,.0000
418,.6789,.0000,.2924,.0000
419,.7350,.0000,.2318,.0000
420,.7310,.0000,.2292,.0000
421,.6651,.0000,.2964,.0000
422,.8609,.0000,.1037,.0000
423,.7271,.0000,.1761,.0549
424,.7716,.0230,.0720,.0852
425,.5337,.3036,.1057,.0000
426,.2509,.2279,.4371,.0000
427,.5524,.1564,.2180,.0000
428,.4005,.1450,.3759,.0000
429,.4817,.1183,.3531,.0000
430,.4773,.0635,.4073,.0000
431,.4927,.0120,.4617,.0028
432,.7210,.1015,.1006,.0250
433,.5802,.1775,.1947,.0000
434,.6129,.1266,.2079,.0000
435,.5753,.0972,.2812,.0000
436,.7953,.0038,.1993,.0000
437,.6781,.0000,.3219,.0000
438,.7684,.0000,.2316,.0000
439,.8363,.0000,.1637,.0000
440,.8492,.0003,.1276,.0035
441,.7945,.0132,.0696,.0984
442,.8165,.0335,.0770,.0424
443,.6859,.0335,.2015,.0481
444,.7517,.0152,.2089,.0000
445,.8759,.0026,.1149,.0000
446,.8261,.0000,.1696,.0000
447,.8394,.0000,.1432,.0000
448,.7267,.0000,.2489,.0000
449,.7700,.0000,.2009,.0000
450,.7931,.0002,.1772,.0000
451,.5673,.0677,.2434,.0000
452,.2591,.3275,.2386,.0000
453,.0285,.3986,.3387,.0000
454,.0130,.2836,.4135,.0000
455,.0196,.3696,.4008,.0000
456,.0028,.6488,.2250,.0000
457,.0000,.6125,.2905,.0000
458,.0000,.5834,.3251,.0000
459,.0848,.6732,.1172,.0000
460,.0452,.7023,.1420,.0000
461,.0850,.4924,.3079,.0000
462,.1578,.2265,.4711,.0000
463,.2101,.2604,.3667,.0000
464,.0565,.1959,.5900,.0000
465,.0533,.1066,.7027,.0000
466,.0726,.2040,.6060,.0000
467,.0365,.4899,.3758,.0000
468,.0204,.6025,.2910,.0000
469,.0084,.6605,.2527,.0000
470,.0466,.6093,.2454,.0000
471,.0267,.5083,.3937,.0000
472,.0448,.4455,.4330,.0000
473,.2067,.6134,.0933,.0000
474,.0034,.5909,.3373,.0000
475,.1741,.2333,.5131,.0000
476,.4219,.1422,.3980,.0000
477,.4985,.0692,.3886,.0000
478,.8238,.0023,.1542,.0000
479,.8031,.0000,.1956,.0000
480,.6635,.0000,.3365,.0000
481,.6277,.0000,.3718,.0000
482,.5693,.0000,.4140,.0000
483,.7321,.0000,.2482,.0000
484,.7160,.0000,.2600,.0000
485,.6307,.0000,.3442,.0000
486,.6683,.0000,.3035,.0000
487,.8127,.0000,.1639,.0000
488,.7994,.0000,.1727,.0000
489,.8009,.0000,.1598,.0000
490,.7919,.0000,.1698,.0000
491,.8166,.0000,.1578,.0000
492,.7952,.0000,.1776,.0000
493,.8313,.0000,.1464,.0000
494,.7674,.0000,.2102,.0000
495,.8157,.0000,.1617,.0000
496,.8451,.0000,.1321,.0000
497,.9054,.0000,.0711,.0000
498,.8447,.0000,.1300,.0000
499,.8172,.0000,.1454,.0000
500,.8004,.0000,.1188,.0000
501,.5204,.0000,.4235,.0000
502,.7895,.0000,.1846,.0000
503,.6329,.0000,.3499,.0000
504,.7386,.0000,.2444,.0000
505,.6833,.0000,.2899,.0000
506,.7463,.0000,.2304,.0000
507,.6860,.0000,.2734,.0000
508,.6809,.0000,.2937,.0000
509,.7369,.0000,.2431,.0000
510,.6777,.0000,.3023,.0000
511,.7918,.0000,.2008,.0000
512,.6146,.0000,.3854,.0000
513,.8242,.0000,.1758,.0000
514,.8792,.0000,.1079,.0000
515,.7637,.0029,.0877,.0923
516,.5082,.0723,.0503,.2934
517,.4642,.2168,.1396,.1321
518,.3063,.2629,.2481,.1501
519,.3697,.1412,.4557,.0000
520,.4814,.0577,.3684,.0536
521,.6277,.0012,.3603,.0000
522,.7380,.0023,.2550,.0000
523,.8030,.0058,.1776,.0000
524,.7521,.0149,.2100,.0000
525,.8093,.0167,.1510,.0000
526,.5615,.0750,.1120,.1365
527,.2168,.4340,.1261,.0822
528,.0124,.5778,.2166,.0000
529,.0118,.6064,.1707,.0000
530,.0185,.6450,.1550,.0000
531,.0028,.6382,.2088,.0000
532,.0000,.6196,.2759,.0000
533,.0496,.4906,.3558,.0000
534,.1043,.5832,.1854,.0000
535,.0498,.6892,.1416,.0000
536,.0615,.5335,.2813,.0000
537,.1059,.3257,.4356,.0000
538,.1542,.1813,.5175,.0000
539,.1159,.1521,.5578,.0115
540,.1210,.2677,.4269,.0451
541,.0676,.4167,.3736,.0000
542,.0984,.4916,.2972,.0000
543,.1640,.3921,.3476,.0000
544,.0972,.3668,.4626,.0000
545,.0141,.4316,.4840,.0000
546,.0217,.4572,.4515,.0000
547,.1250,.5266,.2706,.0000
548,.0251,.7621,.1438,.0000
549,.0204,.4349,.4601,.0000
550,.1310,.1604,.6466,.0000
551,.4000,.0281,.5322,.0000
552,.6323,.0000,.3390,.0000
553,.7577,.0000,.2155,.0000
554,.7940,.0000,.1914,.0000
555,.7876,.0000,.2093,.0000
556,.7387,.0000,.2604,.0000
557,.6800,.0000,.3195,.0000
558,.5984,.0000,.3816,.0000
559,.8346,.0000,.1486,.0000
560,.8686,.0000,.1151,.0000
561,.7460,.0000,.2267,.0000
562,.8066,.0000,.1650,.0000
563,.8487,.0000,.1312,.0000
564,.8402,.0000,.1342,.0000
565,.6967,.0000,.2613,.0000
566,.7767,.0000,.2111,.0000
567,.7853,.0000,.1954,.0000
568,.7191,.0000,.2609,.0000
569,.6266,.0000,.3534,.0000
570,.8077,.0000,.1723,.0000
571,.8941,.0000,.0859,.0000
572,.8990,.0000,.0840,.0000
573,.8502,.0000,.1365,.0000
574,.4607,.0000,.5010,.0000
575,.5356,.0000,.3915,.0000
576,.6258,.0000,.3463,.0000
577,.7487,.0000,.2465,.0000
578,.8244,.0000,.1756,.0000
579,.7371,.0000,.2586,.0000
580,.7998,.0000,.1927,.0000
581,.8194,.0000,.1701,.0000
582,.7438,.0000,.2256,.0000
583,.7087,.0000,.2631,.0000
584,.7498,.0000,.2373,.0000
585,.7858,.0000,.2046,.0000
586,.7774,.0000,.2043,.0000
587,.7971,.0000,.1932,.0000
588,.7840,.0000,.2042,.0000
589,.6978,.0000,.2724,.0000
590,.5655,.0045,.2322,.1326
591,.6897,.0794,.1200,.0725
592,.3366,.4506,.1844,.0000
593,.1482,.5813,.2454,.0000
594,.2030,.3322,.4267,.0000
595,.1509,.1980,.4441,.1445
596,.2552,.0611,.6410,.0000
597,.6550,.0403,.2780,.0000
598,.8493,.0443,.0783,.0000
599,.7279,.1050,.1138,.0080
600,.3731,.1223,.4460,.0216
601,.3607,.0446,.4482,.0713
602,.4633,.2814,.1076,.0442
603,.0887,.4765,.2971,.0000
604,.0211,.6403,.2110,.0000
605,.0000,.6859,.1810,.0000
606,.0000,.6981,.1912,.0000
607,.0177,.6546,.2237,.0000
608,.0483,.4975,.3512,.0000
609,.0595,.5947,.1021,.0936
610,.0484,.6482,.1516,.0000
611,.0672,.6705,.1213,.0000
612,.0551,.5403,.2647,.0000
613,.0721,.2917,.4745,.0000
614,.1093,.1528,.5371,.0151
615,.1532,.1387,.4507,.0577
616,.1399,.3078,.3380,.0000
617,.1736,.2413,.3946,.0000
618,.3080,.0627,.4857,.0000
619,.3497,.0720,.4870,.0000
620,.1869,.2135,.5181,.0000
621,.1195,.1623,.6297,.0000
622,.2548,.2481,.4039,.0000
623,.1415,.7280,.0871,.0000
624,.0944,.3157,.5081,.0000
625,.1373,.1856,.6024,.0000
626,.4515,.0281,.4750,.0000
627,.5438,.0000,.4331,.0000
628,.8309,.0000,.1487,.0000
629,.7499,.0000,.2285,.0000
630,.7492,.0000,.2296,.0000
631,.7261,.0015,.2581,.0000
632,.7339,.0003,.2535,.0000
633,.7313,.0000,.2430,.0000
634,.7615,.0000,.2145,.0000
635,.7455,.0000,.2285,.0000
636,.7766,.0000,.1962,.0000
637,.7970,.0000,.1841,.0000
638,.7984,.0000,.1922,.0000
639,.7622,.0000,.2083,.0000
640,.7838,.0000,.1917,.0000
641,.7553,.0000,.2247,.0000
642,.7465,.0000,.2335,.0000
643,.6564,.0000,.3235,.0000
644,.5609,.0000,.4145,.0000
645,.7065,.0000,.2707,.0000
646,.6034,.0000,.3766,.0000
647,.6871,.0000,.2936,.0000
648,.6478,.0000,.3335,.0000
649,.5727,.0000,.3896,.0000
650,.3421,.0000,.5739,.0000
651,.3981,.0000,.5759,.0000
652,.7497,.0000,.2351,.0000
653,.7935,.0000,.1916,.0000
654,.8404,.0000,.1452,.0000
655,.7438,.0000,.2421,.0000
656,.8941,.0000,.1026,.0000
657,.8211,.0000,.1546,.0000
658,.8077,.0000,.1720,.0000
659,.8419,.0000,.1557,.0000
660,.8627,.0000,.1367,.0000
661,.7827,.0059,.1889,.0000
662,.6215,.2271,.1286,.0000
663,.3380,.5349,.1155,.0000
664,.4391,.1618,.3692,.0000
665,.5247,.0035,.4478,.0000
666,.7392,.0194,.2337,.0000
667,.2985,.4505,.2340,.0000
668,.2613,.5319,.1886,.0000
669,.3998,.2999,.2704,.0000
670,.3121,.1663,.4866,.0000
671,.5329,.1167,.3185,.0000
672,.6593,.0732,.2311,.0000
673,.7111,.0707,.1662,.0000
674,.5553,.1502,.1939,.0272
675,.3732,.2155,.1307,.2299
676,.4438,.0196,.3977,.0626
677,.4516,.0888,.2875,.0738
678,.1258,.5486,.2092,.0000
679,.0093,.6128,.3030,.0000
680,.0000,.7069,.2152,.0000
681,.0000,.7485,.1554,.0000
682,.0304,.7334,.1403,.0000
683,.0108,.6877,.2210,.0000
684,.0122,.5797,.1799,.0585
685,.0419,.6403,.1635,.0000
686,.0226,.6620,.1882,.0000
687,.0127,.5065,.3615,.0000
688,.0252,.2861,.5414,.0000
689,.0721,.2806,.4672,.0000
690,.0620,.1304,.5882,.0000
691,.1421,.1983,.4438,.0000
692,.0865,.1070,.6107,.0000
693,.1566,.0836,.5645,.0000
694,.2553,.0878,.5311,.0000
695,.3938,.1047,.4296,.0000
696,.3952,.1535,.3665,.0000
697,.3144,.1701,.4034,.0000
698,.2935,.3372,.2889,.0000
699,.2322,.3006,.4154,.0000
700,.3378,.1340,.4704,.0000
701,.6027,.0107,.3375,.0000
702,.8126,.0000,.1550,.0000
703,.7319,.0000,.2468,.0000
704,.7187,.0000,.2594,.0000
705,.6983,.0000,.2776,.0000
706,.6715,.0425,.2388,.0000
707,.6158,.0312,.3014,.0000
708,.7396,.0000,.2178,.0000
709,.7650,.0000,.2138,.0000
710,.6582,.0000,.3139,.0000
711,.7043,.0000,.2730,.0000
712,.7709,.0000,.2076,.0000
713,.8060,.0000,.1735,.0000
714,.7599,.0000,.2146,.0000
715,.7184,.0000,.2507,.0000
716,.7286,.0000,.2402,.0000
717,.7452,.0000,.2310,.0000
718,.7206,.0000,.2481,.0000
719,.6142,.0000,.3394,.0103
720,.5047,.0000,.4496,.0125
721,.6907,.0000,.2866,.0010
722,.5405,.0000,.4302,.0000
723,.6372,.0000,.3337,.0000
724,.6235,.0000,.3404,.0000
725,.5459,.0000,.3749,.0000
726,.3539,.0000,.5603,.0000
727,.6139,.0000,.3362,.0000
728,.6259,.0000,.3617,.0000
729,.7451,.0000,.2509,.0000
730,.8116,.0000,.1840,.0000
731,.6085,.0000,.3906,.0000
732,.8398,.0000,.1491,.0000
733,.7687,.0000,.2129,.0000
734,.8322,.0000,.1635,.0000
735,.8993,.0000,.0998,.0000
736,.8393,.0125,.1207,.0000
737,.6389,.2218,.0972,.0000
738,.1740,.7702,.0451,.0000
739,.5158,.2902,.1656,.0000
740,.7199,.0045,.2462,.0000
741,.5821,.0012,.3978,.0000
742,.4361,.2426,.3005,.0000
743,.5083,.3224,.1447,.0000
744,.6539,.1173,.2028,.0000
745,.6879,.0409,.2459,.0000
746,.6982,.0018,.2746,.0000
747,.6681,.0028,.3080,.0000
748,.7062,.0433,.2210,.0000
749,.4798,.1284,.3157,.0111
750,.3321,.2336,.0432,.3377
751,.5491,.0178,.3305,.0141
752,.3739,.0294,.4586,.0167
753,.2931,.3685,.2362,.0000
754,.0555,.6158,.2526,.0000
755,.0000,.7916,.1285,.0000
756,.0238,.6796,.2234,.0000
757,.0277,.4704,.3897,.0000
758,.0027,.6692,.2378,.0000
759,.0017,.7528,.1064,.0000
760,.0079,.7580,.1417,.0000
761,.0016,.7336,.1671,.0000
762,.0010,.6086,.3005,.0000
763,.0043,.4399,.4352,.0000
764,.0503,.3807,.3755,.0000
765,.0543,.1860,.5377,.0000
766,.1021,.2705,.4441,.0000
767,.0416,.3638,.4699,.0000
768,.0399,.4711,.3642,.0000
769,.0621,.3457,.4784,.0000
770,.1919,.2241,.5055,.0000
771,.4412,.1350,.3418,.0000
772,.5466,.1675,.1846,.0000
773,.4143,.1097,.4250,.0000
774,.3974,.1271,.4292,.0000
775,.4063,.0592,.4749,.0000
776,.5041,.0270,.3873,.0000
777,.5598,.0277,.3322,.0000
778,.5944,.0000,.3755,.0000
779,.7382,.0000,.2463,.0000
780,.6487,.0000,.3236,.0000
781,.6034,.0961,.2503,.0000
782,.4501,.0774,.4411,.0000
783,.7318,.0000,.2473,.0000
784,.7420,.0000,.2408,.0000
785,.6642,.0000,.3322,.0000
786,.6283,.0000,.3560,.0000
787,.7404,.0000,.2328,.0000
788,.7011,.0000,.2724,.0000
789,.7382,.0000,.2318,.0000
790,.7447,.0000,.2200,.0000
791,.7119,.0000,.2484,.0000
792,.7206,.0000,.2363,.0000
793,.6600,.0000,.2958,.0000
794,.6319,.0000,.1655,.1552
795,.5726,.0000,.1375,.2454
796,.4950,.0195,.4386,.0240
797,.5603,.0000,.4196,.0000
798,.6776,.0000,.3022,.0000
799,.4214,.0000,.5581,.0000
800,.5994,.0000,.3777,.0000
801,.6982,.0000,.2631,.0000
802,.7513,.0000,.1884,.0000
803,.7187,.0000,.2616,.0000
804,.7430,.0000,.2570,.0000
805,.8677,.0000,.1323,.0000
806,.8124,.0000,.1876,.0000
807,.8579,.0000,.1407,.0000
808,.8290,.0000,.1499,.0000
809,.6037,.0000,.3750,.0000
810,.7656,.0000,.2184,.0000
811,.8544,.0109,.0959,.0000
812,.5099,.0670,.3541,.0000
813,.1605,.2200,.5781,.0000
814,.6230,.0891,.2585,.0000
815,.6928,.0012,.2822,.0000
816,.5863,.0000,.3911,.0000
817,.6227,.0271,.3225,.0000
818,.7029,.0656,.1916,.0000
819,.7683,.0176,.1714,.0000
820,.8030,.0137,.1532,.0000
821,.6740,.0000,.3025,.0000
822,.6750,.0000,.3101,.0000
823,.7254,.0143,.2504,.0000
824,.6712,.0495,.2501,.0000
825,.6664,.0803,.1418,.0572
826,.5144,.0163,.4103,.0000
827,.6203,.0176,.2254,.0365
828,.3915,.1972,.2805,.0152
829,.2579,.4745,.1524,.0000
830,.0492,.5632,.2723,.0000
831,.0361,.4724,.3916,.0000
832,.0337,.3597,.5113,.0000
833,.0081,.4559,.3988,.0000
834,.0396,.6730,.1948,.0000
835,.0053,.6451,.2533,.0000
836,.0312,.7275,.1518,.0000
837,.0139,.6661,.2520,.0000
838,.0026,.6555,.2736,.0025
839,.0563,.5859,.1149,.0700
840,.0606,.3507,.2998,.0810
841,.0490,.4486,.3651,.0000
842,.0210,.4830,.3959,.0000
843,.1679,.5409,.2295,.0000
844,.0370,.5436,.3700,.0000
845,.0493,.3834,.5076,.0000
846,.1978,.2517,.4815,.0000
847,.3088,.2236,.3681,.0000
848,.3242,.1072,.4914,.0000
849,.5254,.0431,.3763,.0000
850,.4691,.0424,.4233,.0000
851,.5575,.0365,.3182,.0000
852,.5772,.0406,.2903,.0000
853,.7907,.0000,.1775,.0000
854,.8605,.0000,.1176,.0000
855,.7577,.0026,.1874,.0000
856,.5983,.0584,.2750,.0000
857,.5669,.0560,.3391,.0000
858,.7471,.0120,.2241,.0000
859,.7078,.0000,.2586,.0000
860,.7198,.0000,.2543,.0000
861,.7799,.0000,.1976,.0000
862,.7378,.0000,.2373,.0000
863,.7332,.0000,.2344,.0000
864,.7231,.0000,.2438,.0000
865,.7115,.0000,.2527,.0000
866,.7225,.0000,.2404,.0000
867,.7577,.0000,.2015,.0000
868,.8239,.0000,.1468,.0000
869,.7620,.0000,.2136,.0000
870,.7517,.0000,.2144,.0000
871,.4852,.1863,.2941,.0000
872,.3445,.0299,.6032,.0000
873,.6118,.0000,.3682,.0000
874,.8278,.0000,.1522,.0000
875,.8703,.0000,.1097,.0000
876,.7957,.0000,.1669,.0069
877,.4537,.0000,.4562,.0263
878,.3935,.0000,.5819,.0000
879,.4683,.0000,.5317,.0000
880,.4585,.0000,.5415,.0000
881,.8638,.0000,.1362,.0000
882,.8249,.0000,.1751,.0000
883,.8722,.0000,.1104,.0000
884,.7137,.0000,.2382,.0000
885,.4734,.0000,.4785,.0000
886,.5794,.0445,.3007,.0000
887,.3031,.2072,.4095,.0000
888,.0271,.2279,.6886,.0000
889,.1938,.0493,.7054,.0000
890,.5270,.0002,.4315,.0000
891,.6826,.0000,.2854,.0000
892,.6809,.0000,.2891,.0000
893,.7023,.0000,.2532,.0000
894,.4340,.0149,.4984,.0000
895,.6855,.0544,.2208,.0000
896,.3782,.0467,.5359,.0000
897,.3169,.0382,.6012,.0000
898,.3966,.0342,.5264,.0000
899,.5320,.0307,.4004,.0000
900,.6339,.0101,.2537,.0645
901,.4463,.0156,.4929,.0068
902,.3937,.0153,.4499,.0672
903,.2646,.0071,.4653,.1731
904,.1913,.2524,.4602,.0105
905,.3197,.2984,.2715,.0000
906,.0382,.3379,.5230,.0000
907,.0874,.3416,.4752,.0000
908,.0681,.2906,.4917,.0000
909,.0786,.5415,.2086,.0000
910,.0471,.5285,.3031,.0000
911,.0616,.6852,.1352,.0000
912,.0199,.7835,.1029,.0000
913,.0032,.7771,.1251,.0007
914,.0843,.5024,.2100,.0198
915,.1595,.2726,.3013,.0240
916,.1232,.3364,.3344,.0000
917,.0844,.2185,.5701,.0000
918,.3112,.3398,.2709,.0000
919,.1724,.3262,.4078,.0000
920,.1622,.2516,.5084,.0000
921,.4585,.1811,.2742,.0000
922,.1367,.6506,.1649,.0000
923,.1050,.1992,.6043,.0000
924,.4713,.0648,.4033,.0000
925,.4985,.0246,.4176,.0000
926,.4898,.0267,.4184,.0000
927,.5680,.0102,.3588,.0000
928,.7432,.0057,.2108,.0000
929,.8669,.0033,.1014,.0000
930,.7906,.0090,.1442,.0000
931,.5644,.0835,.2571,.0000
932,.6047,.1356,.1879,.0000
933,.6114,.1160,.2388,.0000
934,.5935,.0201,.3330,.0000
935,.6571,.0000,.2939,.0000
936,.7615,.0000,.2065,.0000
937,.6589,.0000,.3163,.0000
938,.6827,.0000,.2953,.0000
939,.6749,.0000,.2965,.0000
940,.6664,.0000,.2942,.0000
941,.7324,.0000,.2394,.0000
942,.7607,.0000,.2185,.0000
943,.7818,.0000,.1951,.0000
944,.8239,.0000,.1583,.0000
945,.9028,.0000,.0785,.0000
946,.7079,.1304,.1105,.0000
947,.4780,.1356,.3497,.0000
948,.6718,.0000,.3070,.0000
949,.7760,.0000,.2040,.0000
950,.8217,.0000,.1538,.0000
951,.4314,.0000,.4293,.0773
952,.4592,.0000,.1662,.3083
953,.7271,.0000,.2536,.0000
954,.8736,.0000,.1258,.0000
955,.8645,.0000,.1355,.0000
956,.8602,.0000,.1336,.0000
957,.7604,.0000,.2114,.0000
958,.6441,.0000,.3264,.0000
959,.5931,.0000,.3684,.0000
960,.7015,.0000,.2545,.0000
961,.2413,.0888,.5935,.0000
962,.0647,.4196,.4388,.0000
963,.0549,.3585,.5108,.0000
964,.1588,.1710,.5856,.0000
965,.1984,.1072,.6281,.0000
966,.2011,.1872,.5540,.0000
967,.3662,.0489,.5355,.0000
968,.5646,.0000,.3846,.0000
969,.6635,.0058,.2815,.0000
970,.7217,.0413,.2041,.0000
971,.5612,.0568,.3437,.0000
972,.5227,.0643,.3626,.0000
973,.5806,.0552,.3107,.0000
974,.6624,.0386,.2432,.0000
975,.6751,.0117,.2584,.0000
976,.6008,.0000,.2301,.1294
977,.4145,.0000,.4041,.1162
978,.3705,.0000,.5541,.0109
979,.3038,.0286,.5956,.0004
980,.4863,.0941,.3314,.0000
981,.2521,.1707,.4560,.0000
982,.1386,.3514,.3973,.0000
983,.0584,.4218,.3922,.0000
984,.0898,.4212,.3257,.0000
985,.0806,.5571,.2303,.0000
986,.0344,.7555,.0850,.0000
987,.0017,.8052,.1051,.0000
988,.0392,.7492,.1131,.0000
989,.1088,.4482,.3186,.0000
990,.3381,.1938,.3171,.0000
991,.2824,.2033,.3604,.0000
992,.2592,.1252,.5030,.0000
993,.3921,.1131,.4294,.0000
994,.5042,.1266,.2908,.0000
995,.3828,.0881,.4197,.0000
996,.2243,.1419,.5243,.0000
997,.1013,.4957,.3409,.0000
998,.0617,.4008,.4339,.0000
999,.1235,.2392,.5460,.0000
1000,.3094,.1360,.4825,.0000
1001,.3965,.0370,.4947,.0000
1002,.5554,.0123,.3665,.0000
1003,.6707,.0068,.2757,.0000
1004,.8000,.0256,.1258,.0000
1005,.7561,.0454,.1347,.0000
1006,.7110,.0421,.1811,.0000
1007,.7275,.0913,.1265,.0000
1008,.4716,.2115,.2534,.0000
1009,.3134,.0845,.5321,.0000
1010,.5563,.0286,.3613,.0000
1011,.7594,.0017,.2108,.0000
1012,.7363,.0000,.2427,.0000
1013,.7811,.0000,.1958,.0000
1014,.7337,.0000,.2497,.0000
1015,.7546,.0000,.2201,.0000
1016,.7560,.0000,.2194,.0000
1017,.7945,.0000,.1841,.0000
1018,.7928,.0000,.1844,.0000
1019,.7639,.0000,.2285,.0000
1020,.8489,.0000,.1356,.0000
1021,.5906,.0000,.3745,.0000
1022,.4912,.0000,.4649,.0000
1023,.7632,.0000,.2116,.0000
1024,.7598,.0000,.2184,.0000
1025,.6775,.0000,.2738,.0009
1026,.5579,.0000,.3359,.0390
1027,.4921,.0000,.4433,.0000
1028,.6241,.0000,.3559,.0000
1029,.8128,.0000,.1789,.0000
1030,.8686,.0000,.1281,.0000
1031,.8184,.0000,.1787,.0000
1032,.6917,.0000,.2947,.0000
1033,.8274,.0000,.1431,.0000
1034,.8510,.0000,.1190,.0000
1035,.7425,.0077,.2084,.0000
1036,.1422,.0373,.7685,.0000
1037,.0356,.3354,.5774,.0000
1038,.0047,.5157,.4127,.0000
1039,.0168,.4314,.5080,.0000
1040,.0731,.2770,.5468,.0000
1041,.1557,.3122,.4836,.0000
1042,.2149,.1347,.6035,.0000
1043,.2235,.0120,.7022,.0000
1044,.5855,.0002,.3770,.0000
1045,.6462,.0063,.3193,.0000
1046,.5437,.0111,.4282,.0000
1047,.7926,.0167,.1789,.0000
1048,.8228,.0143,.1491,.0000
1049,.5426,.0084,.4288,.0000
1050,.7849,.0163,.1542,.0000
1051,.4197,.0035,.3131,.2083
1052,.6056,.0008,.1560,.1793
1053,.7732,.0000,.0725,.0773
1054,.3001,.0138,.6002,.0118
1055,.3965,.3001,.2221,.0378
1056,.3024,.4293,.1898,.0000
1057,.2809,.2359,.3344,.0000
1058,.1184,.4748,.2675,.0000
1059,.0876,.4279,.3744,.0000
1060,.0515,.5064,.3100,.0122
1061,.0051,.6765,.1845,.0123
1062,.0160,.9102,.0368,.0000
1063,.0566,.6131,.2351,.0000
1064,.0296,.2738,.5647,.0000
1065,.2353,.0718,.5614,.0000
1066,.3291,.0632,.4633,.0000
1067,.3623,.0801,.4169,.0000
1068,.4087,.1481,.3528,.0000
1069,.1981,.5921,.1810,.0000
1070,.4032,.0775,.4428,.0000
1071,.4436,.1674,.3179,.0000
1072,.1102,.7554,.1122,.0000
1073,.4305,.1218,.3781,.0000
1074,.4953,.1208,.3182,.0000
1075,.5567,.0775,.3050,.0000
1076,.5693,.0537,.3128,.0000
1077,.8023,.0092,.1414,.0000
1078,.8495,.0015,.1209,.0000
1079,.7501,.0172,.1912,.0000
1080,.6751,.0471,.2182,.0000
1081,.7345,.0115,.2140,.0000
1082,.7391,.0130,.2181,.0000
1083,.6188,.1122,.2153,.0000
1084,.3147,.1293,.4922,.0000
1085,.4353,.0647,.4523,.0000
1086,.6428,.0111,.3179,.0000
1087,.8492,.0000,.1300,.0000
1088,.8460,.0000,.1334,.0000
1089,.8624,.0000,.1204,.0000
1090,.8380,.0000,.1347,.0000
1091,.7758,.0000,.1946,.0000
1092,.8074,.0000,.1690,.0000
1093,.8023,.0000,.1824,.0000
1094,.6681,.0000,.3230,.0000
1095,.6956,.0000,.2867,.0000
1096,.4524,.0000,.5216,.0000
1097,.5012,.0000,.4619,.0000
1098,.6629,.0000,.3027,.0000
1099,.7254,.0000,.2361,.0000
1100,.6635,.0000,.2742,.0070
1101,.4822,.0000,.2449,.1839
1102,.4811,.0000,.4655,.0000
1103,.6329,.0000,.3490,.0000
1104,.7393,.0000,.2421,.0000
1105,.8801,.0000,.1003,.0000
1106,.8716,.0000,.1111,.0000
1107,.8638,.0000,.1133,.0000
1108,.8090,.0000,.1635,.0000
1109,.7278,.0000,.2383,.0000
1110,.5663,.1304,.2508,.0000
1111,.0159,.6426,.3137,.0000
1112,.0050,.4155,.5359,.0000
1113,.0000,.6695,.3012,.0000
1114,.0383,.6707,.2293,.0000
1115,.0230,.6061,.3338,.0000
1116,.1862,.1829,.5705,.0000
1117,.1906,.1916,.5406,.0000
1118,.0754,.1036,.7490,.0000
1119,.4810,.0363,.4257,.0000
1120,.7420,.0128,.2050,.0000
1121,.7968,.0000,.1846,.0000
1122,.8542,.0000,.1294,.0000
1123,.8427,.0000,.1413,.0000
1124,.6919,.0000,.3067,.0000
1125,.8360,.0046,.1458,.0000
1126,.7033,.0108,.2311,.0000
1127,.6437,.0026,.3049,.0000
1128,.7495,.0000,.2024,.0000
1129,.6720,.0037,.2228,.0417
1130,.5921,.0956,.0876,.1696
1131,.5023,.2667,.1806,.0000
1132,.2047,.3308,.3920,.0000
1133,.0899,.3951,.3981,.0000
1134,.0394,.3490,.4808,.0000
1135,.0462,.4251,.2755,.1206
1136,.0713,.5481,.1359,.1287
1137,.0379,.8636,.0588,.0000
1138,.0097,.6060,.2706,.0000
1139,.0587,.1589,.6498,.0000
1140,.1157,.1538,.5914,.0000
1141,.1810,.0238,.6442,.0000
1142,.3067,.0214,.5286,.0000
1143,.4099,.0146,.5107,.0000
1144,.5311,.1015,.2842,.0000
1145,.4540,.1258,.3416,.0000
1146,.6096,.0667,.2699,.0000
1147,.7709,.0846,.0983,.0000
1148,.7663,.0048,.1778,.0000
1149,.7497,.0097,.1968,.0000
1150,.7729,.0461,.1423,.0000
1151,.7124,.0263,.2181,.0000
1152,.8203,.0010,.1262,.0000
1153,.8535,.0000,.1201,.0000
1154,.7470,.0056,.2206,.0000
1155,.6126,.0167,.3354,.0000
1156,.7205,.0037,.2505,.0000
1157,.7143,.0000,.2480,.0000
1158,.6506,.0188,.2886,.0000
1159,.4841,.0578,.4085,.0000
1160,.6635,.0502,.2493,.0000
1161,.6877,.0087,.2737,.0000
1162,.7652,.0000,.2098,.0000
1163,.7830,.0000,.1985,.0000
1164,.9322,.0000,.0588,.0000
1165,.8489,.0000,.1410,.0000
1166,.8238,.0000,.1480,.0000
1167,.8398,.0000,.1370,.0000
1168,.8323,.0000,.1527,.0000
1169,.6879,.0000,.2959,.0000
1170,.6723,.0000,.3077,.0000
1171,.6624,.0000,.3125,.0000
1172,.6590,.0000,.3143,.0000
1173,.6582,.0000,.3050,.0000
1174,.6535,.0000,.3007,.0000
1175,.5824,.0000,.3631,.0080
1176,.5741,.0000,.2334,.1411
1177,.5868,.0000,.3825,.0000
1178,.7681,.0000,.2166,.0000
1179,.6006,.0051,.3675,.0000
1180,.8007,.0004,.1723,.0000
1181,.7893,.0000,.2013,.0000
1182,.7398,.0000,.2228,.0000
1183,.7453,.0000,.2201,.0000
1184,.7006,.0000,.2489,.0000
1185,.2812,.0878,.5655,.0000
1186,.0200,.4881,.4068,.0000
1187,.0101,.7254,.1863,.0000
1188,.0049,.7689,.1714,.0000
1189,.0111,.8352,.1049,.0000
1190,.0038,.8104,.1323,.0000
1191,.0054,.7169,.2272,.0000
1192,.0107,.6089,.3372,.0000
1193,.0060,.4829,.4681,.0000
1194,.3950,.2063,.3470,.0000
1195,.4599,.0466,.4280,.0000
1196,.6438,.0369,.2668,.0000
1197,.6961,.0189,.2437,.0000
1198,.6656,.0017,.3022,.0000
1199,.8223,.0000,.1632,.0000
1200,.8071,.0000,.1917,.0000
1201,.7800,.0000,.1846,.0000
1202,.8444,.0000,.1183,.0000
1203,.6768,.0319,.2318,.0004
1204,.5006,.0826,.3170,.0353
1205,.3828,.3544,.2068,.0000
1206,.0299,.7910,.1537,.0000
1207,.0689,.4801,.3904,.0000
1208,.1116,.2170,.5397,.0517
1209,.3000,.1755,.4520,.0000
1210,.2567,.3406,.2829,.0000
1211,.1278,.5095,.2205,.0000
1212,.0484,.7555,.0964,.0000
1213,.0338,.6267,.2231,.0000
1214,.0745,.3608,.4363,.0000
1215,.2043,.2094,.4629,.0000
1216,.3844,.0780,.4161,.0000
1217,.4083,.0266,.4220,.0133
1218,.5683,.0375,.3184,.0127
1219,.5976,.0759,.2195,.0400
1220,.5361,.0398,.3496,.0000
1221,.4398,.0065,.5124,.0000
1222,.7710,.0026,.1776,.0000
1223,.4674,.0172,.4572,.0000
1224,.7227,.0000,.2310,.0000
1225,.7741,.0034,.1825,.0000
1226,.6678,.0015,.2836,.0000
1227,.6820,.0000,.2612,.0000
1228,.6923,.0000,.2745,.0000
1229,.7001,.0007,.2786,.0000
1230,.7531,.0015,.2127,.0000
1231,.6215,.0005,.3411,.0000
1232,.8574,.0199,.0908,.0000
1233,.8307,.0007,.1393,.0000
1234,.8249,.0058,.1437,.0000
1235,.8496,.0096,.1171,.0000
1236,.7890,.0073,.1674,.0000
1237,.7666,.0035,.1877,.0000
1238,.6423,.0082,.3182,.0000
1239,.7868,.0000,.1858,.0000
1240,.6461,.0000,.3270,.0000
1241,.7111,.0000,.2641,.0000
1242,.6754,.0000,.2937,.0000
1243,.7689,.0000,.2115,.0000
1244,.9046,.0000,.0821,.0000
1245,.8393,.0000,.1369,.0000
1246,.8238,.0000,.1554,.0000
1247,.7864,.0000,.1946,.0000
1248,.7730,.0000,.2118,.0000
1249,.7716,.0000,.2049,.0000
1250,.6883,.0000,.2827,.0000
1251,.6732,.0000,.3031,.0000
1252,.7019,.0000,.2577,.0000
1253,.6967,.0000,.1721,.0904
1254,.5556,.0090,.3480,.0327
1255,.6959,.0007,.2674,.0000
1256,.6291,.0000,.3521,.0000
1257,.6373,.0000,.3231,.0000
1258,.6630,.0000,.3046,.0000
1259,.5066,.0004,.4576,.0000
1260,.3676,.1168,.4506,.0000
1261,.0879,.4089,.4346,.0000
1262,.0338,.6129,.2682,.0000
1263,.0493,.5857,.3081,.0000
1264,.0769,.7346,.1365,.0000
1265,.0190,.8810,.0360,.0000
1266,.0021,.9065,.0172,.0000
1267,.0000,.8662,.0717,.0000
1268,.0000,.8685,.0861,.0000
1269,.0361,.3505,.5615,.0000
1270,.2438,.1630,.5354,.0000
1271,.2566,.2119,.4846,.0000
1272,.2076,.1120,.6208,.0000
1273,.2893,.0305,.6245,.0033
1274,.5040,.0022,.1276,.3385
1275,.6809,.0000,.3008,.0000
1276,.8425,.0000,.1377,.0000
1277,.8568,.0029,.1049,.0000
1278,.4266,.0840,.4204,.0011
1279,.0307,.3546,.4722,.0619
1280,.0251,.4379,.4533,.0000
1281,.0333,.3537,.5274,.0000
1282,.3011,.2455,.3824,.0000
1283,.2250,.0609,.4760,.1750
1284,.5070,.1540,.2813,.0000
1285,.4386,.1870,.2827,.0000
1286,.2911,.4184,.1756,.0000
1287,.0890,.7677,.0946,.0000
1288,.1457,.6359,.1206,.0000
1289,.0799,.5166,.2867,.0000
1290,.1642,.3317,.4078,.0000
1291,.3963,.1740,.3480,.0000
1292,.5390,.0474,.2506,.0792
1293,.4524,.0271,.2832,.1350
1294,.4110,.0187,.1772,.3014
1295,.5829,.0098,.3292,.0000
1296,.6104,.0124,.3056,.0000
1297,.4029,.0229,.5217,.0000
1298,.6992,.0654,.1610,.0000
1299,.6399,.0000,.2833,.0000
1300,.6840,.0000,.2488,.0000
1301,.7734,.0000,.1822,.0000
1302,.7335,.0000,.2094,.0000
1303,.6860,.0000,.2702,.0000
1304,.7614,.0000,.2091,.0000
1305,.7798,.0000,.1899,.0000
1306,.7975,.0028,.1458,.0000
1307,.6035,.0915,.2537,.0000
1308,.8784,.0109,.0845,.0000
1309,.8643,.0000,.1015,.0000
1310,.8077,.0000,.1472,.0000
1311,.7344,.1048,.0756,.0000
1312,.5879,.0188,.3204,.0000
1313,.6677,.0024,.3031,.0000
1314,.6814,.0000,.2871,.0000
1315,.7091,.0000,.2584,.0000
1316,.6917,.0000,.2619,.0000
1317,.5843,.0000,.3586,.0205
1318,.5221,.0000,.2973,.1383
1319,.5754,.0000,.3226,.0685
1320,.8337,.0000,.1421,.0000
1321,.6720,.0000,.3080,.0000
1322,.7988,.0000,.1840,.0000
1323,.7713,.0000,.2189,.0000
1324,.6970,.0000,.2818,.0000
1325,.5166,.0000,.4629,.0000
1326,.7475,.0000,.2313,.0000
1327,.7727,.0000,.1829,.0000
1328,.5899,.0000,.2311,.1058
1329,.3993,.0000,.5235,.0375
1330,.8061,.0000,.1818,.0000
1331,.7717,.0000,.2090,.0000
1332,.7644,.0000,.2099,.0000
1333,.6492,.0000,.3261,.0000
1334,.6268,.0000,.3428,.0000
1335,.5842,.0178,.3260,.0000
1336,.1567,.2295,.5675,.0000
1337,.0360,.4788,.4221,.0000
1338,.0910,.2672,.5743,.0000
1339,.0593,.4810,.3890,.0000
1340,.0403,.7054,.1844,.0000
1341,.0469,.8336,.0526,.0000
1342,.0100,.9184,.0199,.0000
1343,.0009,.9079,.0292,.0000
1344,.0068,.6577,.2707,.0000
1345,.1201,.3181,.4950,.0000
1346,.3755,.1587,.3914,.0073
1347,.1809,.1763,.5619,.0179
1348,.0931,.1009,.7401,.0026
1349,.1323,.2199,.5771,.0059
1350,.5453,.0530,.3329,.0147
1351,.6765,.0053,.2875,.0000
1352,.6879,.0171,.2361,.0000
1353,.4932,.0449,.3999,.0000
1354,.1133,.4869,.3153,.0000
1355,.0058,.6811,.2637,.0000
1356,.0000,.3746,.5453,.0000
1357,.4134,.0961,.3797,.0492
1358,.4482,.0525,.2495,.1816
1359,.4315,.0090,.4971,.0000
1360,.4592,.0432,.4246,.0000
1361,.3585,.2238,.3182,.0000
1362,.2135,.3456,.3362,.0000
1363,.2129,.4693,.2202,.0000
1364,.0588,.5678,.2657,.0000
1365,.0211,.5212,.3412,.0000
1366,.0758,.3386,.4798,.0000
1367,.4055,.1364,.3531,.0065
1368,.2848,.0908,.3672,.1485
1369,.4011,.0283,.4664,.0000
1370,.4039,.0342,.4890,.0000
1371,.5170,.0028,.3970,.0268
1372,.4572,.0002,.4980,.0025
1373,.7013,.0000,.2651,.0000
1374,.7272,.0000,.2264,.0000
1375,.6810,.0010,.2602,.0000
1376,.7410,.0003,.2139,.0000
1377,.7850,.0000,.1708,.0000
1378,.7859,.0000,.1564,.0000
1379,.8084,.0000,.1562,.0000
1380,.8879,.0000,.0750,.0000
1381,.8741,.0002,.0845,.0000
1382,.7615,.0053,.1828,.0000
1383,.6593,.0117,.2836,.0000
1384,.7007,.1151,.1285,.0000
1385,.2153,.7144,.0499,.0000
1386,.0817,.1051,.7361,.0000
1387,.2891,.0402,.6042,.0000
1388,.7700,.0236,.1913,.0000
1389,.7625,.0000,.1862,.0000
1390,.6086,.0000,.3283,.0000
1391,.7253,.0000,.1768,.0548
1392,.5369,.0000,.1919,.2266
1393,.4513,.0000,.4487,.0463
1394,.2322,.0000,.6909,.0234
1395,.2866,.0000,.6518,.0000
1396,.5039,.0000,.4682,.0000
1397,.7547,.0000,.2337,.0000
1398,.8378,.0000,.1459,.0000
1399,.6574,.0000,.3218,.0000
1400,.4815,.0000,.4943,.0000
1401,.6024,.0000,.3901,.0000
1402,.8488,.0000,.1361,.0000
1403,.7246,.0000,.2204,.0000
1404,.5255,.0000,.4376,.0000
1405,.7994,.0000,.2004,.0000
1406,.9017,.0000,.0915,.0000
1407,.7563,.0079,.2078,.0000
1408,.5421,.0045,.4186,.0000
1409,.6493,.0049,.3092,.0000
1410,.4196,.0698,.4370,.0000
1411,.1428,.1349,.6635,.0000
1412,.0909,.4415,.4229,.0000
1413,.0445,.2725,.6261,.0000
1414,.0719,.2198,.6258,.0000
1415,.1907,.3786,.3616,.0000
1416,.1742,.5251,.2432,.0000
1417,.0561,.6992,.1914,.0000
1418,.0203,.7306,.1806,.0000
1419,.0374,.2883,.6006,.0000
1420,.0853,.2953,.5520,.0000
1421,.2092,.2264,.4722,.0403
1422,.3443,.0273,.4751,.1127
1423,.3664,.1779,.3537,.0167
1424,.0976,.5114,.2701,.0664
1425,.2072,.1941,.3570,.1787
1426,.5464,.0342,.3732,.0000
1427,.4891,.0182,.4383,.0000
1428,.5343,.0159,.3812,.0000
1429,.3364,.3216,.2590,.0000
1430,.0372,.6822,.1736,.0000
1431,.0121,.4600,.3975,.0278
1432,.2445,.1786,.3018,.2109
1433,.6600,.0409,.1253,.1236
1434,.5820,.0000,.3651,.0000
1435,.4204,.2194,.3130,.0000
1436,.3713,.2321,.3362,.0000
1437,.4502,.1556,.3012,.0000
1438,.2339,.4052,.2476,.0000
1439,.0638,.5472,.2847,.0000
1440,.0658,.6016,.2283,.0000
1441,.1157,.3574,.4362,.0000
1442,.4144,.1685,.3272,.0000
1443,.3022,.1795,.4237,.0000
1444,.3138,.2195,.3893,.0000
1445,.3860,.0402,.4837,.0000
1446,.3791,.0115,.4527,.0847
1447,.4734,.0076,.4593,.0074
1448,.6260,.0016,.3330,.0000
1449,.6389,.0027,.3208,.0000
1450,.3559,.0049,.5921,.0000
1451,.6138,.0014,.3399,.0000
1452,.8660,.0000,.0973,.0000
1453,.8005,.0000,.1595,.0000
1454,.7527,.0000,.2073,.0000
1455,.7991,.0000,.1566,.0000
1456,.6251,.0082,.3145,.0000
1457,.3123,.0556,.5722,.0000
1458,.4826,.0290,.4262,.0000
1459,.3076,.5865,.0808,.0000
1460,.0810,.6058,.2677,.0000
1461,.0585,.3459,.5197,.0000
1462,.2187,.1224,.6059,.0017
1463,.7214,.0015,.2496,.0024
1464,.8143,.0000,.1388,.0001
1465,.4206,.0000,.5110,.0000
1466,.5127,.0000,.4182,.0088
1467,.5645,.0000,.3645,.0356
1468,.5152,.0000,.4381,.0000
1469,.2391,.0000,.7156,.0000
1470,.0941,.0000,.8315,.0000
1471,.2786,.0000,.6675,.0000
1472,.5637,.0000,.4008,.0000
1473,.7990,.0000,.1810,.0000
1474,.8054,.0000,.1746,.0000
1475,.7453,.0000,.2253,.0000
1476,.5933,.0000,.3766,.0000
1477,.7248,.0000,.2347,.0000
1478,.7769,.0000,.1462,.0000
1479,.5585,.0000,.3847,.0000
1480,.8722,.0000,.1232,.0000
1481,.8763,.0000,.0967,.0000
1482,.6398,.0067,.3120,.0000
1483,.4374,.0037,.5160,.0000
1484,.5226,.0058,.4305,.0000
1485,.4262,.0963,.4183,.0000
1486,.2101,.1056,.6285,.0000
1487,.2830,.1662,.5036,.0000
1488,.0565,.4798,.4105,.0000
1489,.1154,.1853,.5851,.0579
1490,.4757,.1808,.1946,.0888
1491,.3006,.2546,.3745,.0000
1492,.0742,.2923,.5236,.0000
1493,.0417,.3621,.4871,.0000
1494,.0786,.1533,.6993,.0000
1495,.1247,.2699,.5301,.0000
1496,.1885,.2643,.4833,.0000
1497,.0553,.0905,.8098,.0000
1498,.2631,.1268,.5448,.0000
1499,.1664,.3115,.4666,.0000
1500,.2021,.1762,.5514,.0000
1501,.5866,.0157,.3545,.0000
1502,.5061,.0039,.4396,.0000
1503,.6143,.0069,.3102,.0000
1504,.4365,.1112,.3644,.0000
1505,.3601,.2808,.2342,.0000
1506,.4255,.2444,.2106,.0208
1507,.4457,.1221,.1141,.2701
1508,.8321,.0060,.1158,.0184
1509,.7425,.0000,.2132,.0000
1510,.4352,.2181,.2998,.0000
1511,.4062,.2513,.2692,.0000
1512,.3303,.2906,.2893,.0000
1513,.1902,.4433,.2521,.0000
1514,.0648,.5196,.3361,.0000
1515,.2126,.4632,.2427,.0000
1516,.3463,.2277,.3111,.0263
1517,.3397,.2155,.3547,.0038
1518,.3007,.2697,.3414,.0053
1519,.3219,.3979,.2078,.0327
1520,.3902,.0687,.4598,.0190
1521,.4471,.0220,.4701,.0000
1522,.4908,.0234,.4239,.0000
1523,.5405,.0120,.3963,.0000
1524,.5791,.0120,.3620,.0000
1525,.3598,.0000,.5892,.0000
1526,.5776,.0000,.3938,.0000
1527,.8225,.0000,.1492,.0000
1528,.7620,.0000,.1970,.0000
1529,.8380,.0000,.1169,.0000
1530,.5871,.0017,.3372,.0000
1531,.5352,.0380,.3621,.0000
1532,.2466,.0971,.5972,.0000
1533,.1902,.2315,.5004,.0000
1534,.0364,.6691,.2634,.0000
1535,.1656,.5372,.2509,.0000
1536,.0225,.3292,.5820,.0000
1537,.0313,.2441,.6150,.0560
1538,.4305,.0000,.4032,.1146
1539,.7993,.0000,.1547,.0153
1540,.5086,.0000,.4517,.0000
1541,.3361,.0000,.6131,.0000
1542,.5208,.0000,.4301,.0000
1543,.4900,.0966,.3383,.0000
1544,.1957,.3043,.3790,.0000
1545,.0257,.2160,.6900,.0000
1546,.1549,.0000,.7896,.0000
1547,.5061,.0000,.4573,.0000
1548,.6821,.0000,.2845,.0000
1549,.6577,.0000,.3060,.0000
1550,.7455,.0000,.2163,.0000
1551,.6771,.0000,.2847,.0000
1552,.7231,.0000,.2434,.0000
1553,.7858,.0000,.1642,.0000
1554,.6563,.0000,.2931,.0000
1555,.8992,.0000,.0872,.0000
1556,.8741,.0000,.1029,.0000
1557,.7265,.0000,.2316,.0000
1558,.6913,.0000,.2724,.0000
1559,.7149,.0000,.2451,.0000
1560,.4183,.0198,.5154,.0000
1561,.3878,.0443,.5170,.0000
1562,.4162,.0591,.4262,.0487
1563,.1094,.5013,.3159,.0155
1564,.0823,.3068,.4690,.0866
1565,.5052,.0000,.2454,.1992
1566,.4989,.1245,.3266,.0000
1567,.2534,.2385,.4377,.0000
1568,.1930,.3041,.4291,.0000
1569,.1027,.1121,.7106,.0000
1570,.2083,.1988,.5062,.0000
1571,.2307,.1693,.5223,.0000
1572,.0870,.1544,.7028,.0000
1573,.0820,.0505,.8066,.0000
1574,.2330,.0686,.6412,.0000
1575,.1892,.0801,.6600,.0000
1576,.5717,.0069,.3676,.0000
1577,.6681,.0000,.2882,.0000
1578,.7019,.0720,.1648,.0000
1579,.6541,.0790,.2009,.0000
1580,.7096,.0739,.1523,.0000
1581,.6627,.0353,.2393,.0000
1582,.5616,.0050,.3234,.0821
1583,.7885,.0000,.1669,.0047
1584,.7084,.0061,.2391,.0000
1585,.4812,.0274,.4267,.0000
1586,.2626,.2118,.4243,.0000
1587,.2480,.2965,.3690,.0000
1588,.2183,.3788,.3158,.0000
1589,.2310,.4005,.2912,.0000
1590,.3750,.3120,.2306,.0000
1591,.4298,.2589,.2015,.0271
1592,.1938,.3951,.3270,.0037
1593,.2338,.2007,.4843,.0065
1594,.4351,.1956,.2595,.0413
1595,.2576,.1387,.5002,.0244
1596,.3521,.0522,.5099,.0000
1597,.5312,.0334,.3607,.0000
1598,.3754,.0571,.4988,.0000
1599,.4786,.0476,.4157,.0000
1600,.3849,.0180,.5412,.0000
1601,.4953,.0171,.4475,.0000
1602,.6306,.0028,.3237,.0000
1603,.7129,.0000,.2446,.0000
1604,.7747,.0000,.1674,.0000
1605,.4564,.0256,.4358,.0000
1606,.3344,.0537,.5615,.0000
1607,.4703,.0535,.4191,.0000
1608,.3673,.2038,.3698,.0000
1609,.1697,.4888,.2896,.0000
1610,.0064,.4226,.5237,.0000
1611,.0935,.1854,.6509,.0000
1612,.0892,.0275,.8016,.0000
1613,.2257,.0378,.6760,.0000
1614,.5133,.0000,.4489,.0000
1615,.3983,.0000,.5548,.0000
1616,.4216,.0034,.5158,.0000
1617,.4186,.0085,.5224,.0000
1618,.5665,.0003,.3742,.0000
1619,.2561,.0133,.6662,.0000
1620,.2716,.0597,.6004,.0000
1621,.2628,.0860,.5963,.0000
1622,.2131,.0907,.6563,.0002
1623,.4381,.0000,.5279,.0000
1624,.7658,.0000,.2031,.0000
1625,.5914,.0000,.3773,.0000
1626,.7446,.0000,.2244,.0000
1627,.7237,.0000,.2514,.0000
1628,.7520,.0000,.2198,.0000
1629,.7500,.0000,.1942,.0000
1630,.6918,.0000,.2391,.0000
1631,.6029,.0000,.3795,.0000
1632,.7994,.0000,.1816,.0000
1633,.8717,.0000,.1048,.0000
1634,.7765,.0000,.1844,.0000
1635,.6427,.0000,.3150,.0000
1636,.6374,.0000,.3211,.0000
1637,.3984,.0391,.1706,.3419
1638,.3129,.2571,.2563,.0967
1639,.2493,.2450,.4392,.0192
1640,.2767,.1023,.4742,.0801
1641,.6132,.0322,.3049,.0000
1642,.6998,.0872,.1659,.0000
1643,.4913,.1290,.3287,.0000
1644,.2615,.1101,.5658,.0000
1645,.3833,.1636,.3791,.0000
1646,.2190,.2519,.4387,.0000
1647,.0852,.2306,.6110,.0000
1648,.1408,.0749,.7214,.0000
1649,.2698,.0533,.6138,.0000
1650,.3767,.0167,.5403,.0000
1651,.5779,.0162,.3546,.0000
1652,.6273,.0000,.3124,.0000
1653,.4976,.0321,.3324,.0000
1654,.3526,.0307,.4508,.0000
1655,.4465,.0457,.3937,.0000
1656,.5575,.0099,.3352,.0000
1657,.7369,.0005,.2150,.0000
1658,.4766,.0121,.4477,.0000
1659,.3748,.0241,.4081,.1044
1660,.4118,.0631,.3069,.1531
1661,.4190,.1671,.3509,.0000
1662,.5979,.1018,.2198,.0000
1663,.2926,.2160,.4126,.0000
1664,.2410,.3597,.3328,.0000
1665,.2631,.4122,.2617,.0000
1666,.2275,.3454,.3494,.0000
1667,.0740,.3943,.4371,.0000
1668,.2246,.2695,.4286,.0000
1669,.3553,.2397,.3392,.0000
1670,.1657,.3248,.3585,.0799
1671,.1247,.1852,.5858,.0234
1672,.2665,.1064,.4982,.0000
1673,.1913,.2694,.4326,.0000
1674,.1725,.2337,.5094,.0000
1675,.3685,.0758,.4867,.0000
1676,.3790,.0482,.5170,.0000
1677,.4935,.0647,.3887,.0000
1678,.4623,.0728,.4165,.0000
1679,.5948,.0051,.3429,.0000
1680,.4524,.0505,.4303,.0000
1681,.2520,.0826,.5954,.0062
1682,.4497,.0876,.3656,.0376
1683,.4326,.0769,.4358,.0000
1684,.2547,.3882,.2993,.0000
1685,.0313,.4171,.4620,.0000
1686,.2630,.1852,.4933,.0000
1687,.0771,.1156,.7494,.0000
1688,.0782,.2096,.6686,.0000
1689,.2796,.0260,.6499,.0000
1690,.5392,.0000,.4150,.0000
1691,.6151,.0264,.2909,.0000
1692,.2221,.0680,.6570,.0000
1693,.5754,.0000,.3887,.0000
1694,.2180,.1163,.5882,.0000
1695,.0598,.0090,.8550,.0000
1696,.0685,.0000,.8637,.0000
1697,.2281,.1209,.4889,.1260
1698,.4807,.0894,.3057,.0940
1699,.3350,.0000,.6429,.0000
1700,.2767,.0000,.6936,.0000
1701,.4197,.0000,.5537,.0000
1702,.3849,.0000,.5947,.0000
1703,.6815,.0000,.2978,.0000
1704,.7911,.0000,.1834,.0000
1705,.7511,.0000,.2071,.0000
1706,.7824,.0000,.1800,.0000
1707,.8086,.0000,.1696,.0000
1708,.8435,.0000,.1365,.0000
1709,.8403,.0000,.1483,.0000
1710,.8668,.0000,.1084,.0000
1711,.7205,.0000,.2472,.0000
1712,.5250,.0000,.2911,.1421
1713,.5179,.0328,.3456,.0387
1714,.2762,.0850,.5733,.0000
1715,.0814,.2204,.6284,.0000
1716,.3567,.0496,.5380,.0000
1717,.5878,.0000,.3770,.0000
1718,.6187,.0125,.3148,.0000
1719,.3048,.1413,.4753,.0000
1720,.2097,.0887,.6314,.0000
1721,.1078,.3227,.4748,.0000
1722,.0626,.2475,.6064,.0000
1723,.0534,.2392,.6321,.0000
1724,.0609,.2082,.6618,.0000
1725,.2171,.0683,.6569,.0000
1726,.6588,.0092,.2950,.0000
1727,.5220,.0000,.4288,.0000
1728,.4465,.0220,.4188,.0000
1729,.0844,.0594,.7220,.0000
1730,.1880,.0470,.6340,.0000
1731,.1815,.0149,.6906,.0000
1732,.2023,.0233,.3581,.3094
1733,.0703,.0761,.7206,.0506
1734,.1706,.1703,.3792,.2140
1735,.4908,.0727,.3379,.0454
1736,.5682,.0984,.2789,.0000
1737,.4937,.0586,.3679,.0021
1738,.4809,.1792,.2173,.0555
1739,.3253,.2178,.3046,.0684
1740,.2754,.4134,.2528,.0000
1741,.1607,.4849,.2697,.0000
1742,.0814,.3709,.4331,.0000
1743,.1221,.3122,.4734,.0000
1744,.1674,.2387,.5512,.0000
1745,.0727,.5541,.2548,.0555
1746,.0402,.4845,.3793,.0159
1747,.0964,.2383,.5380,.0000
1748,.2438,.3417,.3017,.0000
1749,.1612,.4319,.3265,.0000
1750,.2258,.1878,.5008,.0000
1751,.2408,.0593,.6054,.0000
1752,.2847,.1251,.5111,.0000
1753,.1397,.2492,.5338,.0000
1754,.1905,.1418,.6017,.0000
1755,.1684,.0673,.6974,.0000
1756,.2978,.0730,.5535,.0104
1757,.5188,.0408,.3171,.0596
1758,.5372,.2079,.2094,.0000
1759,.2702,.4157,.2650,.0000
1760,.1910,.2940,.3874,.0000
1761,.2273,.0000,.7054,.0000
1762,.1654,.0000,.7685,.0000
1763,.1620,.1398,.6374,.0000
1764,.0506,.0736,.7400,.0927
1765,.3639,.0071,.5595,.0120
1766,.6934,.0000,.2512,.0000
1767,.5328,.0000,.4183,.0000
1768,.5669,.0000,.3672,.0000
1769,.2257,.0246,.6607,.0000
1770,.1440,.0030,.7517,.0000
1771,.0779,.0157,.8372,.0000
1772,.0835,.0992,.7541,.0125
1773,.5635,.0813,.3113,.0077
1774,.7953,.0044,.1776,.0000
1775,.8038,.0000,.1766,.0000
1776,.5985,.0000,.3832,.0000
1777,.7434,.0000,.2482,.0000
1778,.7202,.0000,.2583,.0000
1779,.5597,.0000,.4100,.0000
1780,.7316,.0000,.2263,.0000
1781,.7633,.0000,.1795,.0000
1782,.7644,.0000,.1596,.0000
1783,.6066,.0000,.3399,.0000
1784,.5864,.0000,.3716,.0000
1785,.7493,.0000,.2194,.0000
1786,.7666,.0000,.2115,.0000
1787,.7241,.0000,.2464,.0000
1788,.5974,.0000,.3722,.0000
1789,.4517,.0148,.4750,.0000
1790,.1923,.2315,.5145,.0000
1791,.0805,.3141,.3531,.1883
1792,.3080,.1564,.3085,.1669
1793,.4779,.1181,.3544,.0088
1794,.2871,.1116,.5331,.0000
1795,.0940,.1729,.6626,.0000
1796,.0464,.5121,.3698,.0000
1797,.0033,.3754,.4969,.0000
1798,.0000,.2833,.6436,.0000
1799,.0000,.2602,.6619,.0000
1800,.0796,.1513,.6768,.0000
1801,.6236,.0055,.3428,.0000
1802,.5789,.0022,.3624,.0000
1803,.3874,.0760,.4668,.0000
1804,.0177,.2938,.6218,.0000
1805,.0149,.4148,.4656,.0000
1806,.0244,.2686,.5633,.0000
1807,.0623,.2304,.5611,.0367
1808,.0348,.2828,.5874,.0072
1809,.1404,.1377,.6202,.0278
1810,.5736,.0189,.3541,.0000
1811,.5552,.0427,.3473,.0000
1812,.5197,.1136,.2965,.0074
1813,.3758,.1684,.3074,.0880
1814,.3513,.2034,.3462,.0185
1815,.3412,.4099,.1575,.0000
1816,.2378,.5930,.0782,.0000
1817,.0591,.4111,.4515,.0000
1818,.0806,.3418,.4625,.0000
1819,.0586,.4011,.4978,.0000
1820,.0407,.6071,.3058,.0000
1821,.1443,.5561,.2290,.0000
1822,.1050,.2075,.5755,.0000
1823,.2798,.2515,.3734,.0000
1824,.1334,.4474,.3600,.0000
1825,.0836,.4723,.3768,.0000
1826,.0542,.1435,.6927,.0000
1827,.1822,.1369,.5525,.0000
1828,.1984,.3846,.3106,.0000
1829,.1041,.3983,.4275,.0000
1830,.1297,.2357,.5784,.0000
1831,.2381,.1584,.5459,.0000
1832,.4073,.0386,.4855,.0000
1833,.5934,.2864,.0804,.0000
1834,.3569,.2186,.3894,.0000
1835,.4134,.1389,.3786,.0000
1836,.2014,.0000,.7135,.0000
1837,.1093,.0000,.7998,.0000
1838,.2069,.0000,.7172,.0000
1839,.0626,.1787,.5056,.1911
1840,.0966,.0884,.6721,.0842
1841,.6151,.0000,.2664,.0710
1842,.7082,.0000,.2419,.0000
1843,.5193,.0426,.3739,.0000
1844,.1530,.0667,.6904,.0000
1845,.0291,.1539,.7280,.0000
1846,.0411,.1423,.7242,.0000
1847,.0851,.0559,.7155,.0623
1848,.0917,.1699,.6423,.0391
1849,.3535,.0932,.5213,.0000
1850,.5542,.0354,.3897,.0000
1851,.8290,.0000,.1677,.0000
1852,.8142,.0000,.1822,.0000
1853,.6151,.0000,.3681,.0000
1854,.4248,.0000,.5459,.0000
1855,.5870,.0000,.3864,.0000
1856,.4068,.0000,.5721,.0000
1857,.5161,.0000,.4613,.0000
1858,.7963,.0000,.1741,.0000
1859,.6613,.0000,.2983,.0000
1860,.5783,.0000,.3823,.0000
1861,.8495,.0000,.1034,.0000
1862,.5823,.0000,.3802,.0000
1863,.7591,.0000,.2116,.0000
1864,.6155,.0000,.3387,.0000
1865,.5975,.0458,.2803,.0000
1866,.1750,.1900,.4856,.0577
1867,.0892,.2697,.5311,.0539
1868,.1567,.1785,.6216,.0027
1869,.3825,.0980,.4649,.0000
1870,.2502,.1168,.5790,.0000
1871,.0579,.4074,.3727,.0000
1872,.0035,.4795,.2080,.0000
1873,.0000,.4741,.2909,.0000
1874,.0000,.2349,.6307,.0000
1875,.0000,.1055,.7898,.0000
1876,.7581,.0000,.2267,.0000
1877,.6203,.0000,.3350,.0000
1878,.6377,.0533,.2381,.0000
1879,.0766,.2952,.5515,.0000
1880,.0090,.5515,.3575,.0000
1881,.0036,.4352,.4358,.0000
1882,.0813,.1469,.6574,.0098
1883,.1457,.1420,.6408,.0000
1884,.3785,.0739,.4756,.0000
1885,.6688,.0182,.2535,.0000
1886,.7228,.0052,.2258,.0000
1887,.7304,.0862,.1437,.0009
1888,.0545,.6936,.1592,.0746
1889,.1526,.1529,.5070,.1379
1890,.4883,.2116,.2465,.0000
1891,.3452,.4234,.1749,.0000
1892,.2223,.3381,.3535,.0000
1893,.1371,.3500,.4090,.0000
1894,.1522,.4246,.3424,.0000
1895,.0788,.4313,.4193,.0000
1896,.1024,.3965,.4264,.0000
1897,.1155,.3073,.4946,.0000
1898,.1504,.4320,.3415,.0000
1899,.0606,.3742,.4952,.0000
1900,.0200,.6043,.3195,.0000
1901,.0878,.2532,.5676,.0000
1902,.2544,.1185,.5174,.0000
1903,.2087,.2610,.4373,.0000
1904,.1039,.3947,.4386,.0000
1905,.0747,.3548,.5025,.0000
1906,.1700,.1614,.6012,.0000
1907,.4317,.0237,.4872,.0000
1908,.7592,.0356,.1609,.0000
1909,.6284,.0329,.3004,.0000
1910,.4695,.0579,.4408,.0000
1911,.3680,.0040,.5665,.0000
1912,.1098,.0000,.8071,.0000
1913,.2150,.0000,.7050,.0000
1914,.0958,.2569,.5825,.0000
1915,.0890,.1070,.6540,.0948
1916,.4065,.0000,.4321,.1149
1917,.7211,.0000,.2240,.0000
1918,.4502,.0865,.3894,.0000
1919,.1039,.2558,.5488,.0000
1920,.0614,.3781,.4693,.0000
1921,.0782,.3164,.4965,.0000
1922,.1743,.0283,.6970,.0000
1923,.0941,.1538,.6748,.0000
1924,.0545,.3131,.5941,.0000
1925,.1173,.1868,.6506,.0000
1926,.5932,.0000,.3792,.0000
1927,.7922,.0000,.1724,.0000
1928,.6355,.0000,.3255,.0000
1929,.7775,.0000,.1880,.0000
1930,.7659,.0000,.2081,.0000
1931,.6075,.0000,.3606,.0000
1932,.7455,.0000,.2203,.0000
1933,.7090,.0000,.2591,.0000
1934,.3923,.0000,.5777,.0000
1935,.5800,.0000,.3982,.0000
1936,.7307,.0000,.2378,.0000
1937,.5687,.0043,.3736,.0000
1938,.3647,.0011,.5924,.0009
1939,.5329,.0000,.4312,.0000
1940,.6305,.0000,.3121,.0000
1941,.4131,.0187,.5032,.0000
1942,.3961,.1360,.4159,.0000
1943,.2623,.1589,.5346,.0000
1944,.1753,.0200,.7787,.0000
1945,.3623,.0493,.5234,.0000
1946,.1258,.3716,.3810,.0000
1947,.0353,.5099,.0742,.1164
1948,.0000,.5909,.0350,.0116
1949,.0000,.5607,.2963,.0000
1950,.0000,.4065,.5065,.0000
1951,.9053,.0000,.0595,.0000
1952,.6673,.0000,.2801,.0000
1953,.4215,.0076,.5101,.0000
1954,.3548,.1015,.5001,.0000
1955,.1528,.3548,.4375,.0000
1956,.1082,.2505,.5756,.0000
1957,.3337,.0336,.3964,.1495
1958,.5064,.0523,.3915,.0000
1959,.7832,.0000,.1675,.0000
1960,.7553,.0005,.1942,.0000
1961,.8010,.0029,.1524,.0000
1962,.7743,.0061,.1549,.0000
1963,.5093,.0472,.3917,.0029
1964,.4434,.0566,.4435,.0069
1965,.6087,.0148,.3328,.0000
1966,.6825,.0311,.2307,.0000
1967,.5792,.1850,.1743,.0000
1968,.4881,.1602,.2871,.0000
1969,.2208,.5501,.1840,.0000
1970,.0596,.3705,.5167,.0000
1971,.4351,.1379,.3464,.0000
1972,.3639,.2895,.2466,.0000
1973,.0336,.6189,.2987,.0000
1974,.0086,.7035,.2563,.0000
1975,.0000,.6358,.3123,.0000
1976,.1119,.2656,.5319,.0000
1977,.3418,.1332,.4582,.0000
1978,.2905,.0975,.5318,.0000
1979,.1735,.1704,.5873,.0000
1980,.0702,.3262,.5379,.0000
1981,.1638,.1697,.6135,.0000
1982,.5916,.0255,.3343,.0000
1983,.7262,.0019,.2387,.0000
1984,.5250,.0242,.4056,.0000
1985,.5143,.0565,.3859,.0000
1986,.4663,.0060,.4773,.0000
1987,.1944,.0066,.7320,.0000
1988,.0654,.0694,.7820,.0000
1989,.0767,.0253,.8132,.0000
1990,.2911,.0000,.6398,.0000
1991,.7208,.0000,.2319,.0000
1992,.6827,.0000,.2750,.0000
1993,.2715,.0000,.6663,.0000
1994,.1646,.1691,.5660,.0000
1995,.0802,.0524,.7456,.0000
1996,.1315,.2205,.5308,.0000
1997,.2480,.0524,.5981,.0000
1998,.2809,.0000,.6407,.0000
1999,.2493,.1602,.5435,.0000
2000,.3423,.1139,.4887,.0000
2001,.4943,.0000,.4503,.0000
2002,.5660,.0000,.3654,.0000
2003,.5422,.0000,.3897,.0000
2004,.8512,.0000,.0986,.0000
2005,.7797,.0000,.1715,.0000
2006,.4870,.0000,.4702,.0000
2007,.3305,.0000,.6281,.0000
2008,.3929,.0000,.5585,.0000
2009,.3855,.0000,.5678,.0000
2010,.4014,.0000,.5570,.0000
2011,.5654,.0000,.4021,.0000
2012,.4834,.1991,.2655,.0000
2013,.0938,.2100,.4331,.1586
2014,.2513,.1898,.5153,.0000
2015,.3688,.1034,.4774,.0000
2016,.3224,.0837,.3547,.1622
2017,.4950,.0087,.3799,.0516
2018,.3185,.0383,.5671,.0000
2019,.2264,.1003,.5448,.0673
2020,.5047,.0546,.2989,.0975
2021,.3009,.1794,.4482,.0000
2022,.1304,.3500,.2950,.0365
2023,.0035,.5469,.1190,.0281
2024,.0094,.6817,.1247,.0000
2025,.0000,.5906,.3140,.0000
2026,.8067,.0000,.1593,.0000
2027,.6673,.0000,.2926,.0000
2028,.7765,.0060,.1763,.0000
2029,.5862,.0329,.3357,.0000
2030,.4765,.1142,.3557,.0000
2031,.4731,.0562,.4191,.0000
2032,.5108,.0715,.3431,.0000
2033,.5975,.0294,.3278,.0000
2034,.7732,.0000,.1849,.0000
2035,.7123,.0077,.2299,.0000
2036,.5702,.0411,.3311,.0000
2037,.5185,.0617,.3596,.0000
2038,.6393,.0159,.2950,.0000
2039,.7709,.0047,.1860,.0000
2040,.7752,.0000,.1893,.0000
2041,.6461,.0000,.2764,.0001
2042,.6622,.0463,.1520,.0714
2043,.2805,.4314,.1408,.1070
2044,.0262,.7218,.2142,.0000
2045,.5247,.2640,.1428,.0000
2046,.6560,.0246,.2485,.0000
2047,.3814,.0851,.4470,.0000
2048,.3001,.3967,.2091,.0000
2049,.0385,.6532,.2691,.0000
2050,.0000,.5446,.4223,.0000
2051,.2876,.2273,.4246,.0000
2052,.3225,.1744,.3783,.0327
2053,.3976,.0834,.3686,.0538
2054,.3451,.0553,.5054,.0000
2055,.0572,.3147,.5619,.0000
2056,.2338,.1678,.5504,.0000
2057,.6176,.0099,.3207,.0000
2058,.6397,.0000,.3248,.0000
2059,.5868,.0138,.3503,.0000
2060,.4738,.0288,.4355,.0000
2061,.5045,.0069,.4325,.0000
2062,.2958,.0149,.6264,.0000
2063,.0805,.0477,.8131,.0000
2064,.0671,.0170,.8408,.0000
2065,.2269,.0000,.7032,.0000
2066,.5473,.0000,.3959,.0000
2067,.4739,.0000,.4772,.0000
2068,.3899,.0000,.5639,.0000
2069,.3906,.0000,.5460,.0000
2070,.2141,.0406,.6315,.0000
2071,.1184,.1130,.6727,.0000
2072,.3580,.0000,.5686,.0000
2073,.5024,.0000,.4303,.0000
2074,.5236,.0000,.4214,.0000
2075,.7404,.0000,.2044,.0000
2076,.4629,.0000,.4704,.0000
2077,.3659,.0141,.5563,.0000
2078,.4284,.0356,.4841,.0000
2079,.4722,.0004,.4942,.0000
2080,.6413,.0000,.3269,.0000
2081,.5297,.0000,.4307,.0000
2082,.5229,.0000,.4294,.0000
2083,.3691,.0000,.5795,.0000
2084,.5398,.0000,.4265,.0000
2085,.4848,.0000,.4780,.0000
2086,.4611,.0000,.4897,.0000
2087,.4610,.1681,.3195,.0000
2088,.1457,.3081,.4758,.0000
2089,.0240,.1062,.7739,.0000
2090,.2348,.0844,.6045,.0000
2091,.4080,.0116,.4855,.0466
2092,.2261,.0036,.6899,.0132
2093,.3631,.1531,.4408,.0000
2094,.3887,.0062,.5137,.0071
2095,.4436,.0038,.4907,.0091
2096,.4436,.0115,.5052,.0000
2097,.3420,.0470,.5455,.0011
2098,.2022,.3657,.2092,.0038
2099,.0217,.7040,.1019,.0000
2100,.0099,.8623,.0745,.0000
2101,.8331,.0000,.1544,.0000
2102,.7249,.0000,.2623,.0000
2103,.8149,.0000,.1639,.0000
2104,.7627,.0083,.1930,.0000
2105,.7431,.0111,.2011,.0000
2106,.5458,.0000,.4244,.0000
2107,.5470,.0072,.4123,.0000
2108,.6112,.0178,.3386,.0000
2109,.5028,.0063,.4553,.0000
2110,.5920,.0223,.3385,.0000
2111,.6181,.0372,.2933,.0000
2112,.5091,.0417,.3888,.0000
2113,.6460,.0055,.3029,.0000
2114,.6581,.0000,.3192,.0000
2115,.7131,.0000,.2603,.0000
2116,.7809,.0000,.1890,.0011
2117,.6425,.0321,.2075,.0556
2118,.3316,.2088,.4008,.0000
2119,.1302,.3199,.4904,.0000
2120,.5933,.1592,.1936,.0000
2121,.4908,.0128,.4449,.0000
2122,.4002,.0961,.4481,.0000
2123,.2109,.3723,.3505,.0000
2124,.0390,.6307,.2655,.0000
2125,.2151,.4529,.2648,.0000
2126,.4637,.1578,.3145,.0000
2127,.3780,.3323,.2000,.0045
2128,.3589,.1726,.3698,.0076
2129,.4758,.0704,.3803,.0000
2130,.1260,.1726,.6058,.0000
2131,.1237,.1698,.6232,.0000
2132,.5188,.0411,.3664,.0000
2133,.4669,.0069,.4664,.0000
2134,.5401,.0132,.3985,.0000
2135,.3937,.0053,.5419,.0000
2136,.5408,.0021,.4096,.0000
2137,.5618,.0045,.3802,.0000
2138,.4096,.0000,.5292,.0000
2139,.0709,.0000,.8671,.0000
2140,.0765,.0000,.8568,.0000
2141,.1674,.0000,.7682,.0000
2142,.3515,.0000,.5919,.0000
2143,.6720,.0000,.2843,.0000
2144,.5624,.0000,.3961,.0000
2145,.4989,.0362,.3878,.0000
2146,.2260,.1810,.4886,.0000
2147,.1746,.1514,.5771,.0000
2148,.2481,.1357,.5319,.0000
2149,.3174,.0789,.5221,.0000
2150,.4360,.0000,.5020,.0000
2151,.3456,.0708,.5042,.0000
2152,.1448,.1275,.6493,.0000
2153,.1030,.0974,.7377,.0000
2154,.2220,.1181,.5893,.0000
2155,.3426,.0454,.5545,.0000
2156,.3116,.0000,.6384,.0000
2157,.4214,.0000,.5210,.0000
2158,.1228,.1026,.7089,.0000
2159,.3205,.1025,.5193,.0000
2160,.3186,.0273,.6117,.0000
2161,.4295,.0000,.5218,.0000
2162,.4734,.0000,.4682,.0000
2163,.4735,.0000,.4655,.0000
2164,.1427,.0000,.7874,.0000
2165,.0613,.0000,.8609,.0000
2166,.0770,.0000,.8315,.0000
2167,.0927,.0000,.8082,.0000
2168,.0783,.0168,.8330,.0000
2169,.1507,.0546,.6363,.1034
2170,.1850,.0111,.6180,.1259
2171,.6467,.0047,.3151,.0000
2172,.4362,.0080,.5039,.0000
2173,.3044,.1358,.4438,.0000
2174,.0400,.4406,.4047,.0000
2175,.0158,.8587,.0867,.0000
2176,.7222,.0060,.2538,.0000
2177,.5896,.0050,.4016,.0000
2178,.8239,.0000,.1561,.0000
2179,.7080,.0022,.2655,.0000
2180,.7203,.0027,.2481,.0000
2181,.6957,.0000,.2825,.0000
2182,.7950,.0000,.1817,.0000
2183,.6521,.0042,.3168,.0000
2184,.5684,.0224,.3696,.0000
2185,.7027,.0283,.2337,.0000
2186,.7759,.0059,.1907,.0000
2187,.7498,.0000,.2191,.0000
2188,.6087,.0000,.3434,.0000
2189,.6056,.0000,.3555,.0000
2190,.7003,.0000,.2708,.0000
2191,.7451,.0000,.2346,.0000
2192,.7327,.0116,.2307,.0000
2193,.7465,.0749,.1337,.0000
2194,.5422,.2152,.1906,.0000
2195,.4498,.1151,.3734,.0000
2196,.4175,.0234,.4925,.0000
2197,.5298,.1253,.2923,.0000
2198,.3764,.3518,.2154,.0000
2199,.1416,.5712,.2154,.0000
2200,.1278,.3238,.4761,.0000
2201,.4560,.1897,.2563,.0000
2202,.2262,.3825,.2955,.0000
2203,.2999,.2475,.3594,.0000
2204,.2067,.1970,.5105,.0014
2205,.2615,.1351,.5382,.0001
2206,.4755,.0297,.4410,.0000
2207,.5996,.0054,.3492,.0000
2208,.6772,.0366,.2262,.0000
2209,.5477,.0230,.3541,.0000
2210,.5179,.0253,.3836,.0108
2211,.4905,.0232,.3011,.1167
2212,.5699,.0000,.2787,.0934
2213,.5396,.0000,.3984,.0000
2214,.3897,.1386,.3795,.0000
2215,.2335,.0000,.7163,.0000
2216,.0665,.0472,.8255,.0000
2217,.2612,.0595,.6245,.0000
2218,.6905,.0000,.2707,.0000
2219,.3977,.0000,.5551,.0000
2220,.4785,.0000,.4426,.0000
2221,.1577,.2019,.5397,.0000
2222,.0284,.4888,.3976,.0000
2223,.0185,.1914,.7009,.0000
2224,.0386,.3479,.5136,.0000
2225,.0193,.1985,.6735,.0000
2226,.0549,.2459,.5901,.0000
2227,.1691,.1681,.5767,.0000
2228,.2426,.0458,.6492,.0000
2229,.3903,.1452,.3872,.0000
2230,.2222,.0595,.6414,.0000
2231,.2271,.0000,.7094,.0000
2232,.0686,.3098,.5715,.0000
2233,.0686,.4505,.4085,.0000
2234,.0358,.4245,.4733,.0000
2235,.1072,.2323,.5949,.0000
2236,.2884,.1002,.5454,.0000
2237,.4536,.0147,.4651,.0000
2238,.5785,.0000,.3599,.0000
2239,.3323,.0000,.5929,.0000
2240,.1936,.0000,.7177,.0000
2241,.2858,.0326,.5916,.0000
2242,.3028,.0435,.5544,.0000
2243,.3177,.0413,.5327,.0000
2244,.2406,.0782,.6146,.0000
2245,.0673,.1132,.7575,.0000
2246,.2822,.0577,.5974,.0000
2247,.7846,.0247,.1373,.0116
2248,.6724,.2149,.0420,.0000
2249,.2554,.5291,.1164,.0000
2250,.0018,.7803,.1229,.0000
2251,.6811,.0063,.2814,.0000
2252,.5615,.0271,.3844,.0000
2253,.7362,.0119,.2279,.0000
2254,.6337,.0000,.3500,.0000
2255,.6775,.0000,.3119,.0000
2256,.7294,.0000,.2530,.0000
2257,.6540,.0000,.3209,.0000
2258,.6045,.0015,.3659,.0000
2259,.7375,.0112,.2190,.0000
2260,.7274,.0067,.2359,.0000
2261,.7430,.0000,.2350,.0000
2262,.7810,.0000,.1883,.0000
2263,.6753,.0000,.2634,.0000
2264,.6153,.0000,.3363,.0000
2265,.6875,.0000,.2764,.0000
2266,.6794,.0000,.2991,.0000
2267,.8188,.0000,.1583,.0000
2268,.7709,.0088,.1935,.0000
2269,.7625,.0233,.1773,.0000
2270,.6050,.0060,.3566,.0000
2271,.6471,.0563,.2434,.0000
2272,.6325,.0433,.2516,.0000
2273,.3995,.2495,.2662,.0000
2274,.1972,.3401,.3966,.0000
2275,.3235,.2444,.3599,.0000
2276,.5893,.0344,.2991,.0000
2277,.6991,.0429,.1754,.0000
2278,.3635,.4959,.0993,.0000
2279,.3391,.2616,.2546,.0840
2280,.4542,.0656,.3941,.0131
2281,.1593,.1150,.6444,.0000
2282,.0710,.3963,.4971,.0000
2283,.5496,.3630,.0558,.0000
2284,.5534,.0233,.3426,.0000
2285,.3695,.1050,.4352,.0013
2286,.4436,.0955,.3514,.0150
2287,.3999,.0000,.5048,.0133
2288,.3203,.0460,.5680,.0000
2289,.3488,.0944,.4764,.0000
2290,.4122,.0000,.5240,.0000
2291,.2213,.1592,.5595,.0000
2292,.1171,.2689,.5595,.0000
2293,.2981,.0392,.6217,.0000
2294,.3106,.0000,.6399,.0000
2295,.3494,.1230,.4605,.0000
2296,.1194,.5831,.2002,.0000
2297,.0034,.7887,.1229,.0000
2298,.0000,.6148,.3149,.0000
2299,.0000,.5540,.3603,.0000
2300,.0043,.4333,.4612,.0000
2301,.0311,.4757,.4027,.0000
2302,.1401,.1843,.5907,.0000
2303,.1842,.0070,.7438,.0000
2304,.3794,.0000,.5471,.0000
2305,.1995,.0000,.7057,.0000
2306,.2461,.0000,.6747,.0000
2307,.0714,.4619,.4175,.0000
2308,.0260,.5438,.3556,.0000
2309,.0013,.6499,.2821,.0000
2310,.0133,.6261,.2743,.0000
2311,.0283,.5296,.3627,.0000
2312,.0444,.3984,.4846,.0000
2313,.1918,.3079,.4357,.0000
2314,.1791,.1513,.5803,.0000
2315,.2363,.0586,.6096,.0000
2316,.2407,.1271,.5214,.0000
2317,.2362,.2009,.4412,.0000
2318,.2699,.0858,.5253,.0000
2319,.3438,.0200,.5509,.0000
2320,.2971,.0687,.5648,.0000
2321,.1358,.0440,.7839,.0000
2322,.6939,.0094,.1904,.0720
2323,.5999,.0956,.2377,.0000
2324,.2060,.4840,.2174,.0000
2325,.0470,.8627,.0464,.0000
2326,.5919,.0000,.3869,.0000
2327,.5840,.0172,.3783,.0000
2328,.6390,.0099,.3304,.0000
2329,.4859,.0000,.5088,.0000
2330,.3878,.0000,.6122,.0000
2331,.6488,.0000,.3442,.0000
2332,.5403,.0000,.4398,.0000
2333,.6549,.0000,.3187,.0000
2334,.5869,.0000,.3853,.0000
2335,.7000,.0000,.2747,.0000
2336,.7436,.0000,.2317,.0000
2337,.8126,.0000,.1546,.0000
2338,.8492,.0000,.1231,.0000
2339,.6169,.0000,.3483,.0000
2340,.7145,.0000,.2560,.0000
2341,.8614,.0005,.1231,.0000
2342,.7382,.0056,.2253,.0000
2343,.6993,.0217,.2427,.0000
2344,.7234,.0392,.1934,.0000
2345,.6784,.0417,.2412,.0000
2346,.7491,.0158,.1943,.0000
2347,.7333,.0313,.1566,.0000
2348,.4005,.1558,.3161,.0000
2349,.3117,.2000,.4157,.0000
2350,.4854,.0871,.3816,.0000
2351,.6564,.0000,.3003,.0000
2352,.5895,.0428,.3157,.0000
2353,.4536,.0644,.4123,.0000
2354,.4892,.0127,.4129,.0000
2355,.5836,.0230,.3158,.0000
2356,.6569,.0899,.1824,.0000
2357,.3665,.0472,.5326,.0000
2358,.6829,.0102,.2818,.0000
2359,.6211,.0260,.3028,.0000
2360,.7981,.0670,.0572,.0000
2361,.7222,.0178,.1836,.0000
2362,.3677,.1104,.3483,.0608
2363,.1144,.1651,.5996,.0377
2364,.0516,.0253,.8483,.0003
2365,.3490,.0000,.5651,.0334
2366,.4026,.0224,.4008,.0912
2367,.3982,.0414,.4838,.0000
2368,.1882,.3064,.4310,.0000
2369,.1216,.0274,.7908,.0000
2370,.1567,.0338,.7411,.0000
2371,.1373,.3320,.4593,.0000
2372,.0317,.6110,.2764,.0000
2373,.0042,.6215,.2845,.0000
2374,.0861,.3778,.4267,.0000
2375,.0772,.5132,.3301,.0000
2376,.0094,.7423,.1870,.0000
2377,.0113,.3417,.5571,.0000
2378,.1152,.0358,.7591,.0000
2379,.1368,.1272,.6465,.0000
2380,.0204,.1220,.7669,.0000
2381,.0467,.3057,.5659,.0000
2382,.0105,.3976,.5038,.0000
2383,.0073,.5210,.3733,.0000
2384,.0393,.6867,.1592,.0000
2385,.0293,.7968,.0786,.0000
2386,.0253,.8458,.0655,.0000
2387,.0021,.9091,.0182,.0000
2388,.0241,.8507,.0848,.0000
2389,.0591,.4766,.3740,.0000
2390,.2345,.1898,.4632,.0000
2391,.1573,.2047,.4133,.1000
2392,.0952,.2837,.4562,.0122
2393,.1609,.1940,.5139,.0000
2394,.1649,.1244,.5788,.0000
2395,.2448,.1092,.5567,.0000
2396,.2972,.1107,.5336,.0000
2397,.3686,.0350,.5247,.0000
2398,.2971,.0072,.6257,.0000
2399,.2145,.1167,.5682,.0000
2400,.2303,.4479,.2191,.0000
2401,.7192,.0000,.2703,.0000
2402,.8185,.0000,.1803,.0000
2403,.7525,.0000,.2422,.0000
2404,.5582,.0000,.4418,.0000
2405,.4996,.0000,.4930,.0000
2406,.5850,.0000,.4028,.0000
2407,.7264,.0000,.2536,.0000
2408,.7847,.0000,.1941,.0000
2409,.7618,.0000,.2212,.0000
2410,.7349,.0000,.2451,.0000
2411,.8349,.0003,.1363,.0000
2412,.7341,.0126,.2129,.0000
2413,.8225,.0000,.1575,.0000
2414,.6729,.0000,.3071,.0000
2415,.7595,.0000,.2170,.0000
2416,.8502,.0027,.1340,.0000
2417,.7374,.0259,.1976,.0000
2418,.7024,.0024,.2570,.0000
2419,.6735,.0061,.2722,.0000
2420,.6711,.0972,.1773,.0000
2421,.5621,.0359,.3237,.0000
2422,.6745,.0422,.2081,.0000
2423,.6511,.0526,.2267,.0000
2424,.5635,.0707,.3116,.0000
2425,.5688,.0251,.3714,.0000
2426,.7773,.0023,.1974,.0000
2427,.6414,.0366,.2907,.0000
2428,.5288,.0576,.3670,.0000
2429,.5988,.0365,.3191,.0000
2430,.6068,.0316,.2901,.0000
2431,.5130,.0529,.3575,.0000
2432,.3494,.0705,.5169,.0000
2433,.4559,.0000,.5076,.0000
2434,.5466,.0436,.3730,.0000
2435,.7812,.0252,.1450,.0000
2436,.7200,.0000,.2226,.0000
2437,.4716,.0902,.3646,.0000
2438,.2276,.1724,.5304,.0000
2439,.0611,.2561,.3783,.2521
2440,.4393,.1967,.1065,.2201
2441,.5437,.1295,.2759,.0033
2442,.2482,.5907,.1408,.0000
2443,.5660,.2358,.1639,.0000
2444,.2183,.2042,.5344,.0000
2445,.1353,.0000,.8125,.0000
2446,.2907,.1150,.5424,.0000
2447,.1122,.1376,.6790,.0000
2448,.0543,.2665,.5961,.0000
2449,.1345,.3369,.4331,.0000
2450,.1716,.2707,.4736,.0000
2451,.0105,.4941,.4112,.0000
2452,.0042,.5066,.3920,.0000
2453,.1101,.0591,.7063,.0000
2454,.0779,.1716,.6522,.0000
2455,.0000,.2383,.6722,.0000
2456,.0000,.3141,.5690,.0000
2457,.0052,.1815,.7039,.0000
2458,.0244,.2549,.6103,.0000
2459,.1340,.6049,.1302,.0000
2460,.0500,.5289,.3221,.0000
2461,.0093,.7029,.2210,.0000
2462,.0007,.8755,.0271,.0000
2463,.0196,.9156,.0393,.0000
2464,.0583,.5633,.2641,.0000
2465,.2205,.2981,.3771,.0000
2466,.1296,.4439,.1762,.1307
2467,.0758,.5057,.2904,.0146
2468,.0967,.6027,.2219,.0000
2469,.0315,.5752,.2849,.0000
2470,.0484,.4385,.3869,.0000
2471,.2363,.1706,.5029,.0000
2472,.0694,.0704,.7878,.0000
2473,.1213,.0188,.7898,.0000
2474,.3288,.0210,.5834,.0000
2475,.4147,.1823,.3122,.0000
2476,.7205,.0000,.2607,.0000
2477,.7520,.0000,.2269,.0000
2478,.5679,.0000,.4175,.0000
2479,.7547,.0000,.2371,.0000
2480,.7010,.0000,.2955,.0000
2481,.7621,.0000,.2209,.0000
2482,.7933,.0000,.1803,.0000
2483,.6406,.0000,.3339,.0000
2484,.8242,.0000,.1544,.0000
2485,.7278,.0000,.2522,.0000
2486,.8073,.0003,.1643,.0000
2487,.6929,.0108,.2750,.0000
2488,.6802,.0036,.2971,.0000
2489,.6827,.0064,.2831,.0000
2490,.6133,.0192,.3262,.0000
2491,.6373,.0049,.3255,.0000
2492,.7634,.0320,.1635,.0000
2493,.6751,.0184,.2637,.0000
2494,.7101,.0068,.2399,.0000
2495,.7173,.0469,.1786,.0000
2496,.5997,.0582,.2465,.0083
2497,.5666,.1207,.1982,.0320
2498,.6814,.0343,.2282,.0000
2499,.7617,.0236,.1660,.0000
2500,.6625,.0382,.2588,.0000
2501,.7158,.0048,.2459,.0000
2502,.7349,.0000,.2120,.0000
2503,.4939,.0825,.3459,.0000
2504,.3439,.1650,.4224,.0000
2505,.4331,.0903,.3783,.0000
2506,.5295,.0062,.3927,.0000
2507,.3860,.0038,.5543,.0000
2508,.4203,.0000,.5429,.0000
2509,.4482,.0127,.4758,.0000
2510,.4271,.0190,.5225,.0000
2511,.5207,.0000,.4391,.0000
2512,.4010,.0088,.5332,.0000
2513,.2236,.1428,.5581,.0000
2514,.0352,.1645,.7193,.0000
2515,.0887,.0935,.7415,.0000
2516,.2852,.0244,.6344,.0000
2517,.4590,.0887,.4101,.0000
2518,.2872,.0695,.6103,.0000
2519,.4883,.0052,.4689,.0000
2520,.4343,.0000,.5258,.0000
2521,.5876,.0102,.3619,.0000
2522,.6949,.0260,.2369,.0000
2523,.2548,.0696,.6081,.0000
2524,.0456,.5280,.3177,.0000
2525,.0385,.6034,.2049,.0000
2526,.0128,.7279,.1579,.0000
2527,.0008,.6098,.2977,.0000
2528,.0807,.2959,.5144,.0000
2529,.3729,.1678,.3869,.0000
2530,.1356,.3298,.4517,.0000
2531,.1340,.3197,.4392,.0000
2532,.0373,.4660,.3911,.0000
2533,.1176,.3429,.4345,.0000
2534,.2410,.4392,.2003,.0000
2535,.1075,.5113,.2629,.0000
2536,.0870,.6679,.1377,.0000
2537,.0770,.7139,.0721,.0000
2538,.0714,.7944,.0472,.0000
2539,.0253,.7364,.1238,.0000
2540,.0382,.7066,.1947,.0000
2541,.0309,.7470,.1609,.0000
2542,.0280,.7828,.1193,.0000
2543,.0000,.8605,.0684,.0000
2544,.0096,.9308,.0072,.0000
2545,.0073,.8374,.0728,.0000
2546,.0669,.4118,.4463,.0000
2547,.0516,.1711,.7013,.0000
2548,.1548,.1676,.6106,.0000
2549,.3802,.0429,.5214,.0000
2550,.4028,.0548,.4825,.0000
2551,.5788,.0061,.3550,.0000
2552,.4821,.0082,.4417,.0000
2553,.6900,.0060,.2640,.0000
2554,.8022,.0000,.1752,.0000
2555,.7247,.0000,.2548,.0000
2556,.7696,.0000,.2036,.0000
2557,.6698,.0000,.3065,.0000
2558,.7257,.0049,.2395,.0000
2559,.7303,.0071,.2304,.0000
2560,.6973,.0000,.2783,.0000
2561,.6587,.0000,.3190,.0000
2562,.5147,.0007,.4689,.0000
2563,.5148,.0020,.4638,.0000
2564,.7176,.0041,.2531,.0000
2565,.7448,.0177,.1959,.0000
2566,.7291,.0124,.2193,.0000
2567,.7651,.0242,.1732,.0000
2568,.5662,.0621,.3131,.0000
2569,.6718,.0321,.2485,.0000
2570,.7155,.0466,.1815,.0000
2571,.7204,.0646,.1441,.0091
2572,.6276,.1343,.1304,.0340
2573,.6335,.0563,.1952,.0430
2574,.5902,.0568,.2728,.0223
2575,.5265,.0313,.3976,.0000
2576,.5474,.0000,.4206,.0000
2577,.5054,.0074,.4091,.0000
2578,.3098,.1348,.4381,.0000
2579,.1008,.1995,.6156,.0000
2580,.6280,.0130,.3009,.0000
2581,.6768,.0098,.2679,.0000
2582,.5727,.0035,.3904,.0000
2583,.4244,.0033,.5266,.0000
2584,.3195,.0422,.5773,.0000
2585,.4340,.0060,.5186,.0000
2586,.5137,.0046,.4361,.0000
2587,.4916,.0012,.4528,.0000
2588,.4525,.1349,.3526,.0000
2589,.1058,.1474,.6635,.0000
2590,.0447,.3215,.5502,.0000
2591,.0557,.2383,.6197,.0000
2592,.1656,.1307,.6368,.0000
2593,.5456,.0711,.3402,.0000
2594,.7717,.0009,.2168,.0000
2595,.7835,.0008,.1829,.0000
2596,.6676,.0010,.2998,.0000
2597,.6822,.0000,.2820,.0000
2598,.6842,.1773,.0653,.0000
2599,.1657,.4995,.2496,.0000
2600,.0516,.3470,.4703,.0000
2601,.1534,.4232,.3008,.0000
2602,.3257,.2988,.2928,.0000
2603,.3750,.2355,.2276,.0820
2604,.3558,.3799,.0403,.1787
2605,.0421,.8877,.0586,.0000
2606,.0462,.8771,.0602,.0000
2607,.0682,.4761,.3827,.0000
2608,.3681,.3003,.2283,.0000
2609,.1743,.2720,.4182,.0000
2610,.1769,.3091,.3514,.0000
2611,.1731,.3233,.3513,.0000
2612,.1831,.3528,.2868,.0000
2613,.1742,.4676,.2079,.0000
2614,.0510,.8183,.0384,.0000
2615,.0557,.7866,.0719,.0000
2616,.1603,.5655,.1673,.0000
2617,.2391,.4646,.1780,.0000
2618,.1768,.5727,.1333,.0000
2619,.1582,.7429,.0201,.0000
2620,.0272,.8723,.0322,.0000
2621,.0141,.6512,.2547,.0000
2622,.0091,.4971,.4090,.0000
2623,.0281,.4501,.4505,.0000
2624,.1107,.1905,.5532,.0850
2625,.1221,.0329,.5684,.1971
2626,.6270,.0006,.2934,.0000
2627,.6559,.0010,.3059,.0000
2628,.4941,.0008,.4823,.0000
2629,.6033,.0000,.3681,.0000
2630,.6750,.0000,.2869,.0000
2631,.6575,.0000,.3041,.0000
2632,.6024,.0218,.3388,.0000
2633,.6912,.0066,.2697,.0000
2634,.6279,.0019,.3471,.0000
2635,.5279,.0000,.4509,.0000
2636,.5902,.0000,.4020,.0000
2637,.4867,.0000,.4875,.0000
2638,.3356,.0000,.6444,.0000
2639,.6072,.0000,.3728,.0000
2640,.7683,.0023,.2049,.0000
2641,.7764,.0052,.1926,.0000
2642,.6661,.0285,.2709,.0000
2643,.6525,.1171,.1687,.0000
2644,.7119,.0720,.1638,.0000
2645,.7021,.0569,.1780,.0000
2646,.7268,.0569,.1543,.0000
2647,.7057,.0880,.1370,.0000
2648,.6740,.0827,.1441,.0371
2649,.6194,.0890,.2246,.0190
2650,.6057,.0244,.3320,.0000
2651,.5846,.0000,.3970,.0000
2652,.5451,.0086,.4143,.0000
2653,.4833,.0825,.3572,.0000
2654,.4119,.1194,.4016,.0000
2655,.7179,.0122,.2316,.0000
2656,.6479,.0167,.2884,.0000
2657,.6447,.0422,.2666,.0000
2658,.4950,.0713,.3700,.0000
2659,.2782,.1474,.5049,.0000
2660,.2450,.0907,.5995,.0000
2661,.3120,.0246,.6059,.0000
2662,.4276,.0042,.5224,.0000
2663,.5275,.0664,.3637,.0000
2664,.1596,.2059,.5722,.0000
2665,.0142,.5234,.3961,.0000
2666,.0025,.4487,.4662,.0000
2667,.1131,.1929,.6046,.0000
2668,.3848,.0460,.5212,.0000
2669,.6592,.0012,.2935,.0000
2670,.3805,.0096,.5524,.0000
2671,.3148,.0143,.6216,.0000
2672,.4787,.0033,.4910,.0000
2673,.6820,.0814,.1825,.0000
2674,.2129,.3373,.3601,.0000
2675,.1893,.2369,.4532,.0000
2676,.3591,.2490,.2923,.0000
2677,.2739,.1125,.5590,.0000
2678,.4363,.0562,.3173,.1398
2679,.5168,.0293,.3893,.0093
2680,.4567,.1132,.3695,.0000
2681,.2288,.2380,.4906,.0000
2682,.4117,.1465,.3818,.0000
2683,.3532,.0901,.4228,.0000
2684,.1000,.2614,.4758,.0000
2685,.1192,.3773,.3505,.0000
2686,.1075,.3578,.3905,.0000
2687,.0888,.3281,.4340,.0000
2688,.0665,.4971,.3012,.0000
2689,.0858,.7239,.0878,.0000
2690,.0960,.5910,.1794,.0000
2691,.1337,.3661,.3312,.0000
2692,.2188,.1938,.4507,.0000
2693,.2032,.3060,.3328,.0000
2694,.1470,.4497,.2753,.0000
2695,.0555,.6612,.1733,.0000
2696,.0097,.5474,.3409,.0000
2697,.0014,.6891,.2286,.0000
2698,.0219,.6059,.2478,.0000
2699,.0438,.4146,.3333,.0850
2700,.0099,.3101,.3867,.2097
2701,.8498,.0000,.1308,.0000
2702,.7649,.0000,.2180,.0000
2703,.7631,.0054,.2224,.0000
2704,.5567,.0754,.3204,.0000
2705,.3380,.1336,.4664,.0000
2706,.5121,.0300,.4072,.0000
2707,.7297,.0025,.2492,.0000
2708,.7529,.0007,.2429,.0000
2709,.7496,.0000,.2479,.0000
2710,.7278,.0000,.2694,.0000
2711,.7276,.0000,.2578,.0000
2712,.8184,.0000,.1770,.0000
2713,.7941,.0000,.2022,.0000
2714,.6444,.0000,.3418,.0000
2715,.5749,.0000,.4174,.0000
2716,.6280,.0000,.3503,.0000
2717,.6685,.0224,.2684,.0000
2718,.6663,.0651,.2159,.0000
2719,.7071,.0617,.1804,.0000
2720,.6102,.0522,.2825,.0000
2721,.7214,.0648,.1546,.0000
2722,.6597,.0770,.1295,.0760
2723,.6166,.0972,.1589,.0824
2724,.7285,.0946,.1385,.0000
2725,.6881,.0261,.2522,.0000
2726,.7138,.0044,.2761,.0000
2727,.7112,.0000,.2797,.0000
2728,.5896,.0027,.3768,.0000
2729,.6059,.0606,.2939,.0000
2730,.7400,.0157,.2280,.0000
2731,.7629,.0287,.1743,.0000
2732,.6938,.0493,.2147,.0000
2733,.6548,.0889,.2019,.0000
2734,.3749,.1484,.4069,.0000
2735,.3197,.1119,.5073,.0000
2736,.3555,.0312,.5471,.0000
2737,.6082,.0108,.1830,.1321
2738,.5255,.0000,.3674,.0478
2739,.1803,.4031,.3665,.0000
2740,.0088,.8942,.0458,.0000
2741,.0148,.5826,.3012,.0000
2742,.0567,.1923,.6743,.0000
2743,.1529,.0520,.7442,.0000
2744,.0986,.1352,.6972,.0000
2745,.2036,.1491,.5776,.0000
2746,.0676,.1359,.7294,.0000
2747,.3693,.1994,.3916,.0000
2748,.7310,.0334,.2020,.0000
2749,.4274,.0792,.4262,.0000
2750,.2544,.3271,.3139,.0000
2751,.0884,.2071,.6308,.0000
2752,.3577,.0669,.5220,.0000
2753,.4393,.0045,.5130,.0000
2754,.3935,.0396,.4996,.0119
2755,.2388,.1626,.5144,.0173
2756,.2850,.1539,.4953,.0011
2757,.3291,.2164,.3689,.0000
2758,.0691,.3816,.4341,.0000
2759,.0073,.5011,.3629,.0000
2760,.0089,.6417,.2427,.0000
2761,.0167,.6818,.1925,.0000
2762,.0281,.5812,.2769,.0000
2763,.0406,.5463,.3106,.0000
2764,.0200,.5348,.3575,.0000
2765,.1380,.3330,.3842,.0000
2766,.1065,.2949,.4398,.0000
2767,.0779,.1909,.5753,.0000
2768,.1188,.3130,.4250,.0000
2769,.1445,.3243,.3938,.0000
2770,.0906,.4269,.3362,.0000
2771,.0855,.3816,.4021,.0000
2772,.0723,.5412,.2815,.0000
2773,.0400,.5557,.2553,.0000
2774,.0680,.4159,.3564,.0000
2775,.0671,.3968,.4349,.0000
2776,.7545,.0000,.2380,.0000
2777,.8818,.0000,.1156,.0000
2778,.8005,.0000,.1890,.0000
2779,.6312,.0218,.3088,.0000
2780,.4593,.1107,.3685,.0000
2781,.6890,.0482,.2019,.0000
2782,.7185,.0011,.2445,.0000
2783,.7909,.0048,.1802,.0000
2784,.7602,.0108,.1998,.0000
2785,.7524,.0097,.2097,.0000
2786,.6102,.0092,.3516,.0000
2787,.6860,.0091,.2777,.0000
2788,.8021,.0050,.1781,.0000
2789,.6617,.0000,.3258,.0000
2790,.6408,.0000,.3552,.0000
2791,.6881,.0013,.2851,.0000
2792,.4419,.0257,.4752,.0000
2793,.5046,.0352,.4104,.0000
2794,.6249,.0191,.3085,.0000
2795,.7224,.0256,.2087,.0000
2796,.7001,.0264,.2293,.0000
2797,.5659,.0556,.1960,.1269
2798,.5429,.0622,.2121,.1299
2799,.6949,.0696,.1907,.0000
2800,.6278,.0344,.2930,.0000
2801,.4461,.0331,.4955,.0000
2802,.4651,.0035,.5114,.0000
2803,.4681,.0000,.5119,.0000
2804,.5483,.0927,.3226,.0000
2805,.8120,.0127,.1604,.0000
2806,.8933,.0095,.0929,.0000
2807,.8845,.0057,.0878,.0000
2808,.5124,.4067,.0569,.0000
2809,.3168,.2505,.3775,.0000
2810,.1745,.1286,.6214,.0000
2811,.2533,.0744,.6127,.0000
2812,.5422,.0250,.2027,.1640
2813,.5448,.0467,.2540,.0846
2814,.2027,.3615,.3650,.0008
2815,.0400,.7069,.1798,.0000
2816,.0250,.4711,.4240,.0000
2817,.0244,.2588,.6182,.0000
2818,.1694,.3673,.3873,.0000
2819,.0000,.5195,.4056,.0000
2820,.0014,.4642,.4700,.0000
2821,.0434,.3767,.5071,.0229
2822,.1250,.5900,.2514,.0094
2823,.4055,.1009,.4524,.0000
2824,.5006,.0155,.4301,.0000
2825,.3554,.1347,.4432,.0000
2826,.1040,.3078,.5309,.0000
2827,.2781,.2477,.4212,.0000
2828,.5031,.0276,.4141,.0000
2829,.3255,.1035,.3971,.1016
2830,.2789,.2588,.2229,.1590
2831,.2157,.1792,.5074,.0124
2832,.3713,.1973,.3573,.0000
2833,.0862,.4482,.3720,.0000
2834,.0548,.5040,.3036,.0000
2835,.0388,.4700,.3470,.0000
2836,.0529,.4993,.2983,.0000
2837,.0492,.5933,.2049,.0000
2838,.0029,.6804,.2123,.0000
2839,.0405,.3251,.5634,.0000
2840,.0852,.0783,.7043,.0000
2841,.1964,.1246,.5298,.0000
2842,.2839,.3890,.2155,.0000
2843,.0737,.4085,.3907,.0000
2844,.1216,.3466,.3846,.0000
2845,.0990,.4229,.3328,.0000
2846,.0734,.5431,.2490,.0000
2847,.0382,.7204,.1065,.0000
2848,.0399,.7132,.1037,.0000
2849,.0687,.5567,.2220,.0000
2850,.0783,.3830,.4099,.0000
2851,.6890,.0014,.2848,.0000
2852,.8973,.0000,.0834,.0000
2853,.8991,.0000,.0836,.0000
2854,.8346,.0000,.1413,.0000
2855,.6987,.0553,.2030,.0000
2856,.6385,.0466,.2595,.0000
2857,.6026,.0192,.3365,.0000
2858,.7383,.0361,.1773,.0000
2859,.7126,.0524,.1879,.0000
2860,.4619,.0295,.4695,.0000
2861,.6736,.0286,.2625,.0000
2862,.5460,.0422,.4017,.0000
2863,.6841,.0300,.2697,.0000
2864,.7853,.0000,.2135,.0000
2865,.8258,.0000,.1739,.0000
2866,.7790,.0001,.2140,.0000
2867,.5867,.0662,.3143,.0000
2868,.5126,.1157,.3349,.0000
2869,.6847,.0351,.2455,.0000
2870,.5419,.0528,.3596,.0000
2871,.5109,.0593,.3982,.0000
2872,.7008,.0087,.2217,.0237
2873,.5953,.0240,.1566,.1600
2874,.7355,.0914,.0831,.0493
2875,.7320,.1269,.1080,.0000
2876,.6579,.0106,.3051,.0000
2877,.5665,.0013,.3999,.0000
2878,.5296,.0000,.4456,.0000
2879,.6291,.0315,.3025,.0000
2880,.6678,.0811,.2175,.0000
2881,.8859,.0042,.0974,.0000
2882,.8618,.0000,.1251,.0000
2883,.6398,.2590,.0808,.0000
2884,.5257,.1690,.2551,.0000
2885,.3432,.1916,.3959,.0000
2886,.2476,.1226,.5666,.0000
2887,.5943,.0213,.3192,.0000
2888,.6628,.0584,.1837,.0252
2889,.4592,.3008,.1524,.0005
2890,.1116,.4380,.3292,.0000
2891,.0342,.3874,.4532,.0000
2892,.0215,.4397,.3818,.0000
2893,.0029,.7132,.1470,.0000
2894,.0000,.6622,.2614,.0000
2895,.0289,.3731,.5264,.0000
2896,.1880,.2015,.5121,.0419
2897,.3856,.0966,.4570,.0169
2898,.5901,.0040,.3661,.0000
2899,.5853,.0000,.3667,.0000
2900,.4815,.1416,.3237,.0000
2901,.1588,.5310,.2330,.0000
2902,.0425,.3265,.5615,.0000
2903,.6118,.1015,.2139,.0142
2904,.4586,.1159,.2981,.0645
2905,.5073,.1693,.2441,.0248
2906,.3686,.0964,.4777,.0000
2907,.3999,.1970,.3249,.0000
2908,.0358,.5935,.2895,.0000
2909,.0370,.6295,.2218,.0000
2910,.0285,.5175,.3038,.0000
2911,.0283,.5271,.3067,.0000
2912,.0076,.6969,.1794,.0000
2913,.0000,.7124,.1818,.0000
2914,.0086,.4753,.4120,.0000
2915,.1723,.2281,.4725,.0000
2916,.2533,.1866,.4448,.0000
2917,.2078,.4000,.2602,.0000
2918,.1851,.2393,.4170,.0000
2919,.1712,.2299,.4173,.0000
2920,.1008,.4427,.0969,.1827
2921,.0680,.6632,.0875,.0146
2922,.0025,.7004,.1732,.0000
2923,.0349,.7374,.0729,.0000
2924,.0651,.6794,.1170,.0000
2925,.0620,.5643,.2347,.0000
2926,.6427,.0132,.3078,.0000
2927,.8528,.0025,.1220,.0000
2928,.7726,.0009,.2134,.0000
2929,.7446,.0131,.2159,.0000
2930,.7224,.0589,.1764,.0000
2931,.6353,.0801,.2391,.0000
2932,.4714,.0479,.4290,.0000
2933,.6336,.0532,.2617,.0000
2934,.6988,.0508,.2155,.0000
2935,.7284,.0074,.2342,.0000
2936,.5212,.0018,.4457,.0000
2937,.8062,.0020,.1648,.0000
2938,.8452,.0000,.1348,.0000
2939,.8219,.0000,.1581,.0000
2940,.7952,.0000,.2000,.0000
2941,.7227,.0003,.2718,.0000
2942,.5130,.0159,.4434,.0000
2943,.5907,.0204,.3490,.0000
2944,.4788,.0154,.4660,.0000
2945,.3816,.0670,.4956,.0000
2946,.6241,.0598,.2792,.0000
2947,.6922,.0000,.2607,.0000
2948,.6705,.0185,.2219,.0195
2949,.7258,.0669,.1411,.0072
2950,.7518,.0585,.1605,.0000
2951,.5334,.0000,.4460,.0000
2952,.5182,.0000,.4591,.0000
2953,.5568,.0000,.4220,.0000
2954,.4291,.0230,.5045,.0000
2955,.7292,.0674,.1716,.0000
2956,.7874,.0015,.1871,.0000
2957,.8379,.0000,.1443,.0000
2958,.7427,.0000,.2242,.0000
2959,.6469,.0216,.2873,.0000
2960,.5217,.0730,.3351,.0000
2961,.6242,.0668,.2542,.0000
2962,.5115,.0265,.4008,.0000
2963,.5409,.0288,.3665,.0000
2964,.6388,.1452,.1254,.0000
2965,.0867,.3653,.4120,.0000
2966,.0841,.3272,.4405,.0000
2967,.1301,.3308,.2895,.0686
2968,.0400,.5733,.0695,.1073
2969,.0039,.7307,.1760,.0000
2970,.0319,.4440,.4619,.0000
2971,.2391,.0684,.6367,.0000
2972,.4428,.0407,.4786,.0000
2973,.7993,.0014,.1781,.0000
2974,.7957,.0000,.1763,.0000
2975,.6024,.0769,.2768,.0000
2976,.1973,.6016,.1391,.0000
2977,.0760,.3729,.4736,.0000
2978,.4730,.0961,.3224,.0557
2979,.4847,.0695,.1740,.2178
2980,.4236,.1550,.2998,.0673
2981,.3117,.0973,.5067,.0313
2982,.2153,.5522,.1707,.0026
2983,.0702,.6570,.2029,.0000
2984,.0658,.6236,.2319,.0000
2985,.0662,.5262,.3009,.0000
2986,.0215,.5729,.3139,.0000
2987,.0618,.7800,.0791,.0000
2988,.0021,.7585,.1834,.0000
2989,.0517,.5587,.2919,.0000
2990,.2000,.3782,.2991,.0000
2991,.2504,.3081,.3377,.0000
2992,.2630,.1041,.5233,.0000
2993,.2887,.1642,.4088,.0000
2994,.1766,.0657,.6102,.0000
2995,.1160,.2655,.4732,.0139
2996,.1096,.6205,.1408,.0011
2997,.0521,.5242,.2796,.0000
2998,.0346,.6400,.1742,.0000
2999,.0433,.6182,.2055,.0000
3000,.0980,.4982,.2381,.0000
3001,.4747,.0568,.4022,.0063
3002,.6996,.0614,.1864,.0164
3003,.6669,.0164,.2180,.0591
3004,.6031,.0495,.2938,.0000
3005,.5782,.0420,.3281,.0000
3006,.5441,.1653,.2347,.0000
3007,.7195,.1105,.1179,.0000
3008,.6045,.0298,.3181,.0000
3009,.6229,.0639,.2773,.0000
3010,.7610,.0384,.1763,.0000
3011,.7386,.0121,.2130,.0000
3012,.6822,.0159,.2729,.0000
3013,.7433,.0020,.2327,.0000
3014,.7711,.0006,.2077,.0000
3015,.6540,.0000,.3260,.0000
3016,.5938,.0044,.3807,.0000
3017,.5740,.0132,.3826,.0000
3018,.6037,.0000,.3587,.0000
3019,.5904,.0090,.3530,.0000
3020,.6509,.1713,.1269,.0000
3021,.5888,.0669,.2886,.0000
3022,.6180,.0000,.3423,.0000
3023,.4721,.0416,.4435,.0000
3024,.4550,.0154,.4937,.0000
3025,.5920,.0029,.3750,.0000
3026,.3412,.0000,.6329,.0000
3027,.6779,.0000,.3021,.0000
3028,.5422,.0000,.4378,.0000
3029,.6693,.0267,.2658,.0000
3030,.7131,.0274,.2295,.0000
3031,.7582,.0000,.2160,.0000
3032,.8221,.0000,.1579,.0000
3033,.8306,.0000,.1278,.0000
3034,.7679,.0499,.1256,.0000
3035,.7807,.0289,.1340,.0000
3036,.8087,.0102,.1509,.0000
3037,.4468,.0914,.4172,.0000
3038,.4194,.1154,.3884,.0000
3039,.6575,.0848,.1760,.0000
3040,.1014,.2769,.5257,.0000
3041,.1769,.2608,.3800,.0000
3042,.2617,.1831,.2671,.0453
3043,.0662,.4536,.0338,.1457
3044,.0029,.7650,.1054,.0000
3045,.0157,.5866,.3200,.0000
3046,.0727,.1851,.6827,.0000
3047,.3964,.0747,.4914,.0000
3048,.8282,.0009,.1586,.0000
3049,.8733,.0000,.1018,.0000
3050,.7903,.0258,.1536,.0000
3051,.2277,.6998,.0619,.0000
3052,.2542,.3271,.3616,.0000
3053,.6295,.0606,.2310,.0342
3054,.5648,.0466,.2573,.0897
3055,.5924,.1122,.2485,.0000
3056,.6426,.1264,.1224,.0672
3057,.2035,.5958,.1719,.0050
3058,.1864,.3773,.3838,.0000
3059,.1327,.3281,.4910,.0000
3060,.2151,.3460,.3588,.0000
3061,.1634,.3421,.4118,.0000
3062,.0776,.5875,.2470,.0000
3063,.0193,.7437,.1824,.0000
3064,.0500,.5160,.3330,.0000
3065,.2698,.3472,.2654,.0000
3066,.2532,.1546,.4776,.0000
3067,.1785,.0466,.6937,.0000
3068,.3552,.2193,.3441,.0000
3069,.1455,.2849,.4762,.0000
3070,.0396,.3634,.5145,.0000
3071,.1693,.1844,.4913,.0000
3072,.1440,.1859,.4880,.0000
3073,.0795,.3381,.3971,.0000
3074,.0704,.4003,.3845,.0000
3075,.0994,.1026,.6473,.0000
3076,.4086,.0972,.4280,.0085
3077,.4068,.1354,.3891,.0268
3078,.3309,.0359,.4832,.0948
3079,.4198,.0632,.4479,.0000
3080,.2339,.3105,.4110,.0000
3081,.2453,.2027,.5030,.0000
3082,.6498,.1008,.1930,.0000
3083,.5617,.0116,.3858,.0000
3084,.5865,.0203,.3598,.0000
3085,.7289,.0255,.2285,.0000
3086,.7669,.0099,.1994,.0000
3087,.7450,.0262,.1863,.0000
3088,.6021,.0294,.3274,.0000
3089,.4995,.0107,.4525,.0000
3090,.5704,.0003,.4053,.0000
3091,.6262,.0051,.3531,.0000
3092,.7114,.0141,.2665,.0000
3093,.7372,.0000,.2428,.0000
3094,.7326,.0185,.2013,.0000
3095,.7080,.1130,.1269,.0000
3096,.7721,.0032,.1872,.0000
3097,.6987,.0000,.2828,.0000
3098,.6598,.0008,.3130,.0000
3099,.5605,.0028,.3739,.0000
3100,.5445,.0098,.3991,.0000
3101,.4443,.0030,.5213,.0000
3102,.5492,.0003,.4197,.0000
3103,.6468,.0012,.3214,.0000
3104,.6516,.0017,.3392,.0000
3105,.7364,.0016,.2389,.0000
3106,.7816,.0000,.1927,.0000
3107,.8546,.0000,.1254,.0000
3108,.7912,.0000,.1858,.0000
3109,.7275,.0212,.1962,.0000
3110,.7013,.0297,.2358,.0000
3111,.8405,.0041,.1305,.0000
3112,.7141,.1108,.1291,.0000
3113,.3513,.1339,.4503,.0000
3114,.7776,.0380,.1306,.0000
3115,.4805,.0671,.3794,.0000
3116,.1898,.1316,.5391,.0000
3117,.1146,.2502,.4374,.0000
3118,.0210,.6168,.1072,.0349
3119,.0000,.8013,.0592,.0000
3120,.0096,.6437,.2557,.0000
3121,.0367,.2284,.6641,.0000
3122,.3314,.0445,.5771,.0000
3123,.7980,.0001,.1857,.0000
3124,.8480,.0000,.1394,.0000
3125,.8956,.0164,.0657,.0000
3126,.4836,.4017,.0921,.0000
3127,.5846,.1863,.1876,.0000
3128,.6133,.0000,.3580,.0000
3129,.5443,.0000,.4433,.0000
3130,.6281,.0000,.3471,.0000
3131,.5765,.0000,.3925,.0000
3132,.4864,.0407,.4319,.0000
3133,.4344,.0765,.4511,.0000
3134,.3715,.1201,.4634,.0000
3135,.3625,.2266,.3424,.0000
3136,.3566,.2451,.3201,.0000
3137,.1168,.4807,.3327,.0000
3138,.0349,.4281,.4353,.0000
3139,.1087,.3709,.4115,.0000
3140,.3168,.1924,.3894,.0000
3141,.4580,.0317,.4098,.0000
3142,.3436,.1029,.4534,.0000
3143,.0808,.3537,.4674,.0000
3144,.0356,.4175,.4321,.0000
3145,.0838,.3570,.4671,.0000
3146,.3646,.1822,.3582,.0000
3147,.2505,.1543,.4810,.0000
3148,.1198,.3557,.4076,.0000
3149,.0303,.5434,.3318,.0000
3150,.0065,.4546,.4539,.0000
3151,.4269,.0789,.4351,.0000
3152,.4168,.0541,.4624,.0135
3153,.2932,.0265,.5689,.0407
3154,.3611,.0841,.4725,.0000
3155,.3444,.4139,.1984,.0000
3156,.3270,.1604,.4637,.0000
3157,.3431,.1184,.4815,.0000
3158,.3927,.0633,.4973,.0000
3159,.3924,.0451,.5235,.0000
3160,.6913,.0214,.2514,.0000
3161,.8048,.0013,.1800,.0000
3162,.6634,.1460,.1475,.0000
3163,.3076,.3012,.3330,.0000
3164,.2867,.0756,.5679,.0000
3165,.6980,.0024,.2631,.0000
3166,.6830,.0000,.3065,.0000
3167,.7923,.0000,.1982,.0000
3168,.8142,.0148,.1466,.0000
3169,.6121,.0679,.2753,.0000
3170,.5428,.0434,.3490,.0000
3171,.6582,.0192,.2842,.0000
3172,.5425,.0000,.4214,.0000
3173,.6729,.0054,.2885,.0000
3174,.7048,.0219,.2289,.0000
3175,.7270,.0235,.2015,.0000
3176,.7468,.0360,.1702,.0000
3177,.7553,.0072,.1895,.0000
3178,.5888,.0369,.3164,.0000
3179,.6226,.0065,.3152,.0000
3180,.5230,.0077,.4365,.0000
3181,.3855,.0211,.5573,.0000
3182,.7067,.0052,.2754,.0000
3183,.7556,.0002,.2276,.0000
3184,.7792,.0010,.1972,.0000
3185,.5997,.0024,.3739,.0000
3186,.7692,.0005,.2055,.0000
3187,.6853,.0197,.2593,.0000
3188,.4333,.1400,.3907,.0000
3189,.5149,.0188,.4147,.0000
3190,.5892,.0657,.2731,.0000
3191,.1390,.2102,.5267,.0000
3192,.1256,.2946,.4205,.0000
3193,.0704,.6754,.0791,.0000
3194,.0023,.8305,.0277,.0000
3195,.0038,.7460,.1675,.0000
3196,.0179,.3222,.5665,.0000
3197,.1180,.0767,.7307,.0000
3198,.5408,.0000,.4379,.0000
3199,.4935,.0000,.4957,.0000
3200,.8348,.0000,.1473,.0000
3201,.5794,.1216,.2672,.0000
3202,.5865,.0943,.2859,.0000
3203,.6225,.0000,.3537,.0000
3204,.6410,.0000,.3528,.0000
3205,.6744,.0069,.3027,.0000
3206,.4195,.0020,.5575,.0000
3207,.5430,.0000,.4406,.0000
3208,.4511,.0332,.4906,.0000
3209,.4745,.0619,.4202,.0000
3210,.3515,.0813,.3367,.1641
3211,.4535,.1341,.3127,.0265
3212,.1622,.4129,.3753,.0000
3213,.0495,.4774,.3947,.0000
3214,.2076,.2642,.4120,.0000
3215,.2617,.0759,.5543,.0000
3216,.2833,.0667,.5488,.0000
3217,.2887,.2090,.4121,.0000
3218,.1573,.4637,.2923,.0000
3219,.0878,.4412,.3813,.0000
3220,.2663,.3904,.2314,.0000
3221,.1177,.2693,.5168,.0000
3222,.1834,.2911,.4299,.0000
3223,.1297,.3888,.3911,.0000
3224,.1641,.3965,.3380,.0000
3225,.0686,.4760,.3574,.0000
3226,.4888,.0395,.4162,.0000
3227,.5115,.0000,.4307,.0112
3228,.4770,.0282,.3927,.0330
3229,.4397,.0950,.3864,.0000
3230,.5624,.0713,.3032,.0000
3231,.2766,.0375,.6353,.0000
3232,.3940,.0779,.4785,.0000
3233,.3973,.0736,.4840,.0000
3234,.4092,.0789,.4782,.0000
3235,.7451,.0134,.2155,.0000
3236,.8087,.0000,.1703,.0000
3237,.6349,.2068,.1340,.0000
3238,.2996,.4729,.1822,.0000
3239,.3313,.1679,.4494,.0000
3240,.6505,.0301,.2805,.0000
3241,.6884,.0252,.2690,.0000
3242,.6383,.0503,.2811,.0000
3243,.5874,.1065,.2593,.0000
3244,.4345,.2861,.2190,.0000
3245,.3394,.1217,.4743,.0000
3246,.6688,.0177,.2802,.0000
3247,.5332,.0044,.4268,.0000
3248,.7381,.0045,.2152,.0000
3249,.5945,.0004,.3729,.0000
3250,.7410,.0000,.2244,.0000
3251,.7082,.0071,.2525,.0000
3252,.7165,.0225,.2256,.0000
3253,.7103,.0308,.2011,.0000
3254,.7331,.0269,.1980,.0000
3255,.6512,.0029,.3130,.0000
3256,.4561,.0313,.4651,.0000
3257,.6673,.0412,.2507,.0000
3258,.7537,.0058,.2182,.0000
3259,.8089,.0092,.1298,.0000
3260,.6415,.0385,.2623,.0000
3261,.5130,.0236,.4188,.0000
3262,.6620,.0033,.3013,.0000
3263,.7329,.0084,.2143,.0050
3264,.6911,.0013,.2140,.0480
3265,.3924,.0782,.4836,.0000
3266,.0701,.3436,.4862,.0000
3267,.0370,.4266,.4046,.0000
3268,.0346,.8003,.0623,.0000
3269,.0006,.8868,.0226,.0000
3270,.0009,.6549,.2765,.0000
3271,.0612,.3075,.5547,.0000
3272,.3317,.1206,.4683,.0000
3273,.4171,.0372,.5046,.0000
3274,.5865,.0045,.3822,.0000
3275,.8170,.0000,.1720,.0000
3276,.7410,.0337,.1898,.0000
3277,.5348,.0272,.3971,.0000
3278,.7966,.0000,.1834,.0000
3279,.8045,.0000,.1849,.0000
3280,.7541,.0049,.2257,.0000
3281,.5009,.1376,.3359,.0000
3282,.4830,.1915,.3063,.0000
3283,.4666,.0691,.4324,.0000
3284,.5457,.0228,.3798,.0000
3285,.3467,.0279,.3783,.1765
3286,.5130,.0340,.3686,.0268
3287,.3938,.3099,.2337,.0000
3288,.0968,.4314,.3976,.0000
3289,.1833,.2552,.4658,.0000
3290,.2076,.1735,.5287,.0000
3291,.1908,.2269,.4834,.0000
3292,.1104,.3815,.4263,.0000
3293,.0205,.4497,.4576,.0000
3294,.1689,.2326,.5111,.0000
3295,.3944,.1624,.3461,.0000
3296,.1669,.3392,.3949,.0000
3297,.0560,.4057,.4617,.0000
3298,.0664,.4228,.4000,.0000
3299,.0845,.3998,.3896,.0000
3300,.0148,.3860,.4831,.0000
3301,.3633,.0276,.5508,.0000
3302,.4207,.0223,.4881,.0000
3303,.6234,.0258,.2948,.0000
3304,.4062,.4189,.1393,.0000
3305,.5598,.2172,.1775,.0000
3306,.3454,.0233,.5765,.0000
3307,.4762,.0288,.4527,.0000
3308,.5219,.0124,.4364,.0000
3309,.6308,.0252,.3160,.0000
3310,.8109,.0053,.1715,.0000
3311,.8145,.0000,.1720,.0000
3312,.7062,.0221,.2300,.0000
3313,.5607,.1422,.2370,.0000
3314,.4517,.1627,.3330,.0000
3315,.4551,.1078,.3963,.0000
3316,.5716,.1168,.2700,.0000
3317,.3931,.2569,.2954,.0000
3318,.3491,.2411,.3527,.0000
3319,.1976,.3267,.4411,.0000
3320,.2237,.1316,.5789,.0000
3321,.5865,.0617,.3097,.0000
3322,.6216,.0270,.3152,.0000
3323,.4723,.0371,.4500,.0000
3324,.6324,.0037,.3306,.0000
3325,.7645,.0000,.2123,.0000
3326,.8104,.0029,.1528,.0000
3327,.7997,.0072,.1631,.0000
3328,.7952,.0017,.1702,.0000
3329,.8173,.0184,.1234,.0000
3330,.6561,.0045,.3026,.0000
3331,.4958,.1443,.3245,.0000
3332,.5685,.1329,.2573,.0000
3333,.7663,.0105,.1981,.0000
3334,.6905,.0240,.2374,.0000
3335,.5335,.0221,.3735,.0000
3336,.6912,.0275,.2277,.0000
3337,.7725,.0125,.1650,.0000
3338,.6480,.0010,.3082,.0000
3339,.4929,.1160,.3329,.0000
3340,.0515,.4656,.4298,.0000
3341,.0031,.5100,.3885,.0000
3342,.0686,.4479,.3686,.0000
3343,.0547,.6102,.1615,.0000
3344,.0239,.6097,.1057,.0000
3345,.0000,.5610,.2715,.0000
3346,.0466,.2679,.5559,.0000
3347,.4072,.0382,.4928,.0000
3348,.2522,.0226,.6712,.0000
3349,.7307,.0058,.2318,.0000
3350,.7931,.0000,.1988,.0000
3351,.8008,.0000,.1786,.0000
3352,.5601,.0268,.3796,.0000
3353,.5875,.0399,.3520,.0000
3354,.7833,.0148,.1990,.0000
3355,.6921,.0000,.2898,.0000
3356,.4695,.1567,.3449,.0000
3357,.6084,.1087,.2702,.0000
3358,.7814,.0521,.1315,.0000
3359,.7372,.0479,.1576,.0000
3360,.5170,.0526,.3675,.0000
3361,.7568,.0163,.2034,.0000
3362,.5783,.1841,.1870,.0000
3363,.1758,.2732,.4811,.0000
3364,.2069,.1146,.6110,.0000
3365,.3834,.1360,.4257,.0000
3366,.4042,.2204,.2994,.0000
3367,.2660,.3475,.3042,.0000
3368,.0470,.3352,.4791,.0584
3369,.2357,.1456,.4907,.0310
3370,.2293,.2313,.4576,.0000
3371,.0293,.4824,.4044,.0000
3372,.0000,.6648,.2724,.0000
3373,.0356,.5704,.3058,.0000
3374,.0508,.4233,.4147,.0000
3375,.0225,.3322,.5560,.0000
3376,.6516,.0676,.2245,.0000
3377,.3700,.1065,.4617,.0000
3378,.5964,.0258,.3148,.0000
3379,.3563,.2139,.3853,.0000
3380,.2421,.1426,.5631,.0000
3381,.2153,.0259,.7070,.0000
3382,.4227,.0158,.5225,.0000
3383,.6050,.0033,.3731,.0000
3384,.7608,.0024,.2273,.0000
3385,.8116,.0005,.1862,.0000
3386,.7392,.0000,.2511,.0000
3387,.6351,.0132,.3033,.0000
3388,.4431,.1533,.3468,.0000
3389,.2647,.1996,.4415,.0000
3390,.2864,.1337,.5203,.0000
3391,.4602,.2004,.2883,.0000
3392,.1794,.5186,.2446,.0000
3393,.1391,.5717,.2565,.0000
3394,.3758,.2727,.3161,.0000
3395,.3880,.1292,.4242,.0000
3396,.5112,.1046,.3320,.0000
3397,.5772,.0541,.3113,.0000
3398,.4235,.1051,.4145,.0000
3399,.5142,.0458,.3954,.0000
3400,.6714,.0030,.2968,.0000
3401,.8074,.0000,.1726,.0000
3402,.7866,.0000,.1978,.0000
3403,.7729,.0000,.2086,.0000
3404,.7287,.0000,.2494,.0000
3405,.6724,.0077,.2774,.0000
3406,.3680,.3676,.2280,.0000
3407,.3884,.2899,.2803,.0000
3408,.7732,.0123,.1904,.0000
3409,.8094,.0033,.1791,.0000
3410,.7020,.0094,.2482,.0000
3411,.6418,.0139,.2888,.0000
3412,.4024,.0997,.4293,.0000
3413,.5668,.0219,.3652,.0000
3414,.5680,.2796,.1128,.0000
3415,.0385,.7686,.1658,.0000
3416,.0324,.6433,.2677,.0000
3417,.0154,.3620,.4919,.0000
3418,.0502,.3910,.2765,.0000
3419,.0550,.4740,.1717,.0000
3420,.0227,.7522,.0673,.0000
3421,.0157,.6214,.3004,.0000
3422,.0727,.1814,.6485,.0000
3423,.4448,.0558,.4445,.0000
3424,.5815,.0006,.3866,.0000
3425,.6474,.0054,.3234,.0000
3426,.7971,.0018,.1800,.0000
3427,.6976,.0080,.2646,.0000
3428,.5725,.0234,.3759,.0000
3429,.7625,.0079,.2178,.0000
3430,.7276,.0000,.2678,.0000
3431,.7091,.0297,.2535,.0000
3432,.7573,.0000,.2301,.0000
3433,.5595,.2883,.1432,.0000
3434,.4394,.3322,.1914,.0000
3435,.5302,.0385,.3885,.0000
3436,.6453,.0031,.3343,.0000
3437,.5837,.0698,.3089,.0000
3438,.2470,.2199,.4796,.0000
3439,.2563,.0817,.5980,.0000
3440,.2172,.5141,.2396,.0000
3441,.3969,.1813,.3544,.0000
3442,.3146,.2127,.3996,.0000
3443,.1054,.2013,.5606,.0657
3444,.2769,.1196,.4895,.0344
3445,.2233,.3234,.3900,.0000
3446,.0148,.5023,.4099,.0000
3447,.0000,.5816,.3513,.0000
3448,.0077,.6256,.3057,.0000
3449,.0244,.4119,.4970,.0000
3450,.1374,.2678,.5420,.0000
3451,.4289,.0370,.4720,.0000
3452,.4222,.0756,.4244,.0000
3453,.3856,.0674,.4686,.0000
3454,.5372,.1078,.2883,.0000
3455,.4723,.0721,.3945,.0000
3456,.3544,.0445,.5449,.0000
3457,.6237,.0268,.3078,.0000
3458,.5469,.0049,.4335,.0000
3459,.6694,.0000,.3206,.0000
3460,.7544,.0000,.2314,.0000
3461,.6596,.0000,.3231,.0000
3462,.6805,.0314,.2488,.0000
3463,.3855,.2709,.2902,.0000
3464,.0706,.2792,.5753,.0000
3465,.2863,.0623,.5737,.0000
3466,.1676,.1963,.5879,.0000
3467,.1302,.3844,.4234,.0000
3468,.3235,.4574,.1716,.0000
3469,.5052,.1228,.3334,.0000
3470,.6493,.0247,.2935,.0000
3471,.6450,.0417,.2767,.0000
3472,.4679,.0297,.4442,.0000
3473,.4644,.1127,.3689,.0000
3474,.3598,.1199,.4743,.0000
3475,.5910,.0473,.3146,.0000
3476,.7137,.0238,.2304,.0000
3477,.7250,.0049,.2554,.0000
3478,.7624,.0000,.2199,.0000
3479,.6766,.0000,.2987,.0000
3480,.7429,.0021,.2244,.0000
3481,.7031,.0309,.2258,.0000
3482,.4238,.0905,.4262,.0000
3483,.5988,.0133,.3540,.0000
3484,.6142,.0062,.3580,.0000
3485,.5637,.0226,.3659,.0000
3486,.3943,.0973,.4551,.0000
3487,.0585,.3708,.5056,.0000
3488,.3720,.0988,.4636,.0000
3489,.3932,.0154,.5221,.0000
3490,.2444,.2546,.4222,.0000
3491,.1026,.5446,.2727,.0000
3492,.1378,.2967,.4807,.0000
3493,.0839,.2729,.4387,.0000
3494,.0505,.4801,.2684,.0000
3495,.0337,.8245,.0720,.0000
3496,.0052,.7312,.2450,.0000
3497,.0300,.3447,.5963,.0000
3498,.3365,.0241,.5784,.0000
3499,.4668,.0232,.4589,.0000
3500,.4192,.0368,.5009,.0000
3501,.7777,.0107,.1804,.0000
3502,.7814,.0003,.1974,.0000
3503,.7419,.0017,.2322,.0000
3504,.6093,.0236,.3391,.0000
3505,.4971,.0187,.4767,.0000
3506,.4431,.0010,.5558,.0000
3507,.8287,.0000,.1685,.0000
3508,.8086,.0844,.0969,.0000
3509,.6686,.1421,.1078,.0374
3510,.4537,.0656,.4313,.0134
3511,.5658,.0023,.4040,.0000
3512,.5495,.0255,.3941,.0000
3513,.4379,.1051,.4210,.0000
3514,.3999,.0564,.2872,.2055
3515,.5474,.2820,.0363,.1026
3516,.6166,.1013,.2215,.0000
3517,.5436,.1057,.2703,.0000
3518,.3334,.0689,.5247,.0000
3519,.3785,.0216,.5368,.0000
3520,.3599,.2442,.3305,.0000
3521,.0493,.4523,.4305,.0000
3522,.0879,.3988,.4356,.0000
3523,.0644,.5374,.3309,.0000
3524,.1304,.4001,.3887,.0000
3525,.3415,.1908,.4038,.0000
3526,.4374,.0164,.4598,.0000
3527,.3723,.0503,.4839,.0000
3528,.1689,.1098,.6373,.0000
3529,.5306,.0625,.3414,.0000
3530,.5004,.0111,.4508,.0000
3531,.7401,.0074,.2125,.0000
3532,.5277,.0050,.4492,.0000
3533,.4510,.0009,.5456,.0000
3534,.3720,.0000,.6252,.0000
3535,.6780,.0000,.3177,.0000
3536,.7588,.0000,.2329,.0000
3537,.8232,.0103,.1393,.0000
3538,.6620,.1042,.1799,.0000
3539,.4522,.1516,.3204,.0000
3540,.5480,.1207,.2657,.0000
3541,.1662,.2475,.5439,.0000
3542,.4224,.1441,.3872,.0000
3543,.4686,.0893,.3910,.0000
3544,.3676,.0216,.5727,.0000
3545,.7014,.0000,.2812,.0000
3546,.5199,.0000,.4622,.0000
3547,.4324,.0000,.5199,.0000
3548,.6314,.0778,.2299,.0000
3549,.3506,.1076,.4899,.0000
3550,.4588,.0774,.4125,.0000
3551,.6832,.0524,.2162,.0000
3552,.7634,.0233,.1827,.0000
3553,.7709,.0050,.1909,.0000
3554,.7415,.0000,.2140,.0000
3555,.6844,.0000,.2745,.0000
3556,.6921,.0178,.2497,.0000
3557,.5531,.0596,.3376,.0000
3558,.6237,.0120,.3178,.0000
3559,.5090,.0271,.4143,.0000
3560,.3683,.0960,.4725,.0000
3561,.1661,.3190,.4438,.0000
3562,.0222,.5038,.4033,.0000
3563,.1839,.1690,.5727,.0000
3564,.3092,.0201,.5870,.0000
3565,.4065,.1318,.3838,.0000
3566,.3477,.2105,.3359,.0354
3567,.4380,.0862,.4167,.0065
3568,.3679,.1496,.3943,.0000
3569,.1312,.4881,.2736,.0000
3570,.0388,.8055,.0924,.0000
3571,.0040,.7864,.1512,.0000
3572,.0078,.5776,.3373,.0000
3573,.0191,.2341,.6405,.0000
3574,.0888,.0810,.7467,.0000
3575,.3221,.0523,.5594,.0110
3576,.6904,.0249,.2481,.0025
3577,.7884,.0000,.1916,.0000
3578,.8258,.0000,.1540,.0000
3579,.7788,.0471,.1489,.0000
3580,.8037,.0376,.1507,.0000
3581,.7130,.0243,.2626,.0000
3582,.6233,.0000,.3767,.0000
3583,.7659,.0501,.1823,.0000
3584,.6882,.0514,.2355,.0072
3585,.7841,.0124,.1782,.0026
3586,.6304,.0055,.3381,.0000
3587,.7461,.0232,.2246,.0000
3588,.6243,.0102,.3588,.0000
3589,.6637,.0096,.2397,.0763
3590,.7000,.0015,.2480,.0395
3591,.7427,.0176,.2176,.0000
3592,.8150,.0288,.0992,.0000
3593,.6160,.0056,.3224,.0000
3594,.5144,.0080,.4257,.0000
3595,.5959,.1124,.2283,.0000
3596,.2932,.3628,.2762,.0000
3597,.3236,.2965,.2592,.0228
3598,.2515,.3693,.2320,.0531
3599,.3248,.2951,.2338,.0716
3600,.5400,.1899,.2068,.0000
3601,.4871,.0710,.3580,.0032
3602,.4560,.0642,.3891,.0000
3603,.2926,.1628,.4683,.0000
3604,.2334,.1840,.5373,.0000
3605,.6371,.0301,.2850,.0000
3606,.4280,.0456,.4774,.0000
3607,.4114,.0000,.5518,.0000
3608,.6815,.0000,.3102,.0000
3609,.7934,.0000,.2066,.0000
3610,.8055,.0000,.1945,.0000
3611,.5649,.0000,.4343,.0000
3612,.7633,.0000,.2182,.0000
3613,.7214,.0056,.2404,.0000
3614,.6807,.0830,.1715,.0000
3615,.4434,.0746,.4242,.0000
3616,.4491,.1063,.4039,.0000
3617,.5218,.0514,.3905,.0000
3618,.4674,.0110,.4831,.0000
3619,.5681,.0011,.3974,.0000
3620,.5011,.0000,.4779,.0000
3621,.6815,.0000,.3091,.0000
3622,.6921,.0040,.2730,.0000
3623,.7289,.0527,.1664,.0000
3624,.5827,.0580,.2991,.0000
3625,.5455,.0286,.3671,.0000
3626,.6522,.0650,.2299,.0000
3627,.5293,.0793,.3448,.0000
3628,.7452,.0172,.1935,.0000
3629,.7395,.0000,.2025,.0000
3630,.7466,.0000,.2092,.0000
3631,.7820,.0000,.1833,.0000
3632,.7448,.0108,.1870,.0000
3633,.6862,.0105,.2382,.0000
3634,.7039,.0204,.2121,.0000
3635,.5729,.1036,.2595,.0000
3636,.2014,.3832,.3353,.0000
3637,.0561,.4126,.4627,.0000
3638,.5410,.0920,.3049,.0000
3639,.5902,.0257,.3242,.0000
3640,.4535,.0910,.3815,.0000
3641,.2525,.0638,.5240,.0867
3642,.4268,.0112,.4873,.0153
3643,.4451,.0467,.4352,.0000
3644,.2909,.4146,.2267,.0000
3645,.0425,.7603,.1377,.0000
3646,.0029,.6384,.2723,.0000
3647,.0000,.5919,.3440,.0000
3648,.0024,.5199,.4080,.0000
3649,.0237,.2887,.5944,.0000
3650,.1944,.1266,.5232,.0878
3651,.4099,.0263,.4970,.0199
3652,.7744,.0000,.2018,.0000
3653,.7581,.0000,.2211,.0000
3654,.8322,.0101,.1490,.0000
3655,.8868,.0053,.1060,.0000
3656,.6128,.0377,.3473,.0000
3657,.4331,.0580,.4495,.0469
3658,.4771,.0644,.3478,.0895
3659,.5607,.0264,.4000,.0000
3660,.5969,.0000,.3756,.0000
3661,.8009,.0249,.1421,.0000
3662,.7510,.0370,.2120,.0000
3663,.6673,.0000,.3327,.0000
3664,.8475,.0000,.1525,.0000
3665,.8614,.0000,.1241,.0000
3666,.8441,.0036,.1305,.0000
3667,.8226,.0235,.1162,.0000
3668,.8089,.0183,.1394,.0000
3669,.7434,.0015,.2260,.0000
3670,.7862,.0259,.1539,.0000
3671,.7220,.1370,.0860,.0000
3672,.5847,.1445,.0515,.1309
3673,.5582,.1075,.1037,.1403
3674,.4388,.1281,.3071,.0553
3675,.5486,.0778,.3237,.0000
3676,.4320,.0452,.3924,.0363
3677,.3688,.0437,.5309,.0000
3678,.4643,.0185,.4600,.0000
3679,.4165,.0811,.4321,.0000
3680,.3318,.0310,.5584,.0007
3681,.3118,.1709,.4425,.0204
3682,.4160,.0888,.4346,.0000
3683,.5704,.0165,.3897,.0000
3684,.4270,.0000,.5726,.0000
3685,.4678,.0000,.5322,.0000
3686,.8435,.0000,.1515,.0000
3687,.8973,.0041,.0746,.0000
3688,.8604,.0090,.0953,.0000
3689,.7454,.0399,.1580,.0000
3690,.6428,.0471,.2605,.0000
3691,.6657,.0253,.2749,.0000
3692,.6448,.0142,.3098,.0000
3693,.4204,.0279,.5122,.0000
3694,.4184,.0037,.5473,.0000
3695,.5972,.0000,.3860,.0000
3696,.6031,.0000,.3885,.0000
3697,.7696,.0105,.1939,.0000
3698,.7408,.0198,.1995,.0000
3699,.7364,.0196,.1872,.0000
3700,.6302,.0091,.2763,.0000
3701,.5848,.0780,.2650,.0000
3702,.5607,.1231,.2584,.0000
3703,.7479,.0300,.1844,.0000
3704,.7533,.0277,.1625,.0000
3705,.7097,.0491,.2053,.0000
3706,.8062,.0035,.1560,.0000
3707,.6975,.0103,.2319,.0000
3708,.7093,.0096,.2134,.0000
3709,.7006,.0039,.2324,.0000
3710,.5333,.1270,.2861,.0000
3711,.2355,.4910,.2039,.0000
3712,.0843,.3985,.4514,.0000
3713,.5766,.0948,.2798,.0000
3714,.4963,.0252,.4349,.0000
3715,.5458,.1146,.2866,.0000
3716,.3276,.0772,.5271,.0000
3717,.3551,.0352,.5230,.0000
3718,.5382,.0045,.3912,.0000
3719,.5224,.2784,.1561,.0000
3720,.1417,.5375,.2620,.0000
3721,.1157,.4704,.3261,.0000
3722,.0621,.4352,.3765,.0000
3723,.0570,.5885,.2488,.0000
3724,.0096,.5930,.3187,.0000
3725,.0000,.2520,.6816,.0000
3726,.4348,.0703,.4258,.0000
3727,.2496,.0046,.6983,.0000
3728,.7771,.0160,.1753,.0000
3729,.8778,.0047,.1084,.0000
3730,.8661,.0089,.1059,.0000
3731,.7140,.0241,.2311,.0000
3732,.2207,.0490,.6889,.0000
3733,.3022,.0497,.6089,.0000
3734,.7305,.0157,.2424,.0000
3735,.7976,.0079,.1621,.0000
3736,.6436,.0190,.3066,.0000
3737,.7433,.0135,.2252,.0000
3738,.6893,.0195,.2910,.0000
3739,.7963,.0140,.1897,.0000
3740,.8765,.0008,.0964,.0000
3741,.7780,.0051,.1946,.0000
3742,.7307,.0244,.2396,.0000
3743,.7105,.0128,.2559,.0000
3744,.7671,.0004,.2106,.0000
3745,.7229,.0011,.2554,.0000
3746,.5365,.0135,.4202,.0000
3747,.5424,.0173,.3426,.0471
3748,.6160,.0025,.2852,.0442
3749,.7212,.0260,.2062,.0029
3750,.5881,.0393,.2829,.0296
3751,.3029,.0118,.5906,.0000
3752,.4118,.0570,.4697,.0000
3753,.5131,.0423,.3947,.0000
3754,.5032,.0444,.3806,.0000
3755,.2561,.1988,.4611,.0082
3756,.2408,.2825,.1779,.2401
3757,.6438,.0086,.2266,.0717
3758,.5387,.0000,.4015,.0000
3759,.7486,.0000,.2407,.0000
3760,.7984,.0000,.1994,.0000
3761,.8246,.0002,.1648,.0000
3762,.9224,.0013,.0417,.0069
3763,.7793,.0306,.1246,.0217
3764,.6620,.0486,.2125,.0038
3765,.7068,.0119,.2239,.0000
3766,.5759,.0072,.3616,.0000
3767,.4688,.0059,.4736,.0000
3768,.5860,.0061,.3807,.0000
3769,.3887,.0005,.5823,.0000
3770,.3551,.0000,.6256,.0000
3771,.6394,.0037,.3349,.0000
3772,.7130,.0155,.2421,.0000
3773,.7389,.0056,.2305,.0000
3774,.6529,.0020,.3154,.0000
3775,.6100,.0022,.2606,.0626
3776,.3271,.0585,.4491,.0896
3777,.2794,.0866,.5843,.0000
3778,.7544,.0231,.1833,.0000
3779,.7466,.0859,.1127,.0000
3780,.5771,.1270,.2460,.0000
3781,.7747,.0227,.1594,.0000
3782,.6562,.0228,.2762,.0000
3783,.7107,.0207,.2260,.0000
3784,.6983,.0026,.2570,.0000
3785,.3542,.2115,.3783,.0000
3786,.1044,.6226,.2208,.0000
3787,.0637,.4649,.4053,.0000
3788,.4179,.1480,.3954,.0000
3789,.4934,.0000,.4716,.0000
3790,.5985,.0194,.3344,.0000
3791,.3845,.0761,.4599,.0000
3792,.2384,.1381,.5196,.0000
3793,.5361,.0472,.3225,.0000
3794,.7118,.0375,.1891,.0000
3795,.3063,.1165,.4899,.0000
3796,.3676,.1891,.3684,.0000
3797,.1473,.2005,.5522,.0000
3798,.1525,.3452,.3880,.0000
3799,.0609,.5254,.3029,.0000
3800,.0049,.4263,.4867,.0000
3801,.0022,.2660,.6576,.0000
3802,.1114,.1012,.7354,.0000
3803,.5037,.1063,.3411,.0000
3804,.8204,.0295,.1314,.0000
3805,.9256,.0124,.0604,.0000
3806,.8850,.0283,.0643,.0000
3807,.8023,.0231,.1507,.0000
3808,.7771,.0096,.1862,.0000
3809,.8622,.0070,.1098,.0000
3810,.8102,.0005,.1687,.0000
3811,.6930,.0316,.2319,.0000
3812,.4231,.0700,.4823,.0000
3813,.6869,.0163,.2660,.0000
3814,.6611,.0364,.2630,.0000
3815,.6530,.0280,.2880,.0000
3816,.7226,.0080,.2427,.0000
3817,.8488,.0020,.1393,.0000
3818,.8673,.0009,.1299,.0000
3819,.7815,.0000,.2159,.0000
3820,.8069,.0000,.1715,.0000
3821,.7069,.0031,.2579,.0000
3822,.7022,.0038,.2538,.0000
3823,.5200,.0000,.4510,.0000
3824,.7429,.0005,.2330,.0000
3825,.6131,.0414,.2916,.0114
3826,.2077,.0432,.6696,.0000
3827,.3714,.0622,.4763,.0000
3828,.3017,.0457,.5709,.0000
3829,.3453,.1844,.4005,.0000
3830,.2063,.4893,.2378,.0016
3831,.2137,.3253,.2114,.1746
3832,.0105,.0608,.3877,.4306
3833,.2663,.0000,.5477,.0929
3834,.6764,.0000,.2823,.0251
3835,.7887,.0000,.1911,.0000
3836,.6997,.0025,.2411,.0000
3837,.7002,.0189,.1196,.0991
3838,.5118,.0135,.0289,.3880
3839,.6618,.0336,.1776,.0778
3840,.5349,.0018,.4177,.0000
3841,.4210,.0008,.5502,.0000
3842,.7718,.0004,.2014,.0000
3843,.7310,.0126,.2052,.0000
3844,.4227,.0860,.4385,.0000
3845,.5478,.1154,.2607,.0000
3846,.5374,.0502,.3491,.0000
3847,.8308,.0049,.1334,.0000
3848,.8359,.0004,.1435,.0000
3849,.8462,.0000,.1334,.0000
3850,.7034,.0000,.2502,.0121
3851,.6363,.0530,.2261,.0175
3852,.5876,.0833,.2492,.0000
3853,.6480,.0590,.2135,.0000
3854,.4843,.1601,.2907,.0000
3855,.5115,.1705,.2619,.0000
3856,.7296,.0357,.1902,.0000
3857,.7208,.0082,.2304,.0000
3858,.7436,.0141,.2016,.0000
3859,.8250,.0048,.1255,.0000
3860,.4686,.2165,.2653,.0000
3861,.0829,.6306,.2423,.0000
3862,.0761,.4104,.4660,.0000
3863,.2808,.5288,.1717,.0000
3864,.7341,.0000,.2404,.0000
3865,.6782,.0069,.2682,.0000
3866,.4169,.2399,.2704,.0000
3867,.1110,.4335,.3592,.0000
3868,.2170,.1571,.5374,.0000
3869,.3769,.0500,.5056,.0000
3870,.3845,.0983,.4279,.0000
3871,.4443,.0702,.4104,.0000
3872,.2461,.0388,.6493,.0000
3873,.2654,.1760,.4825,.0000
3874,.2607,.3445,.2958,.0000
3875,.0711,.6257,.2080,.0000
3876,.0021,.5880,.3178,.0000
3877,.0406,.3774,.5156,.0000
3878,.3063,.2319,.4129,.0000
3879,.6856,.0659,.2068,.0000
3880,.8387,.0121,.1343,.0000
3881,.8419,.0172,.1394,.0000
3882,.7897,.0246,.1772,.0000
3883,.7691,.0243,.1886,.0000
3884,.8294,.0206,.1349,.0000
3885,.8865,.0014,.0928,.0000
3886,.8159,.0058,.1481,.0000
3887,.7093,.0096,.2658,.0000
3888,.7135,.0050,.2583,.0000
3889,.7478,.0219,.1931,.0000
3890,.6535,.0359,.2742,.0000
3891,.7749,.0396,.1571,.0000
3892,.8217,.0551,.1092,.0000
3893,.8291,.0274,.1435,.0000
3894,.7871,.0000,.2124,.0000
3895,.7980,.0000,.1822,.0000
3896,.7687,.0074,.2098,.0000
3897,.6294,.0133,.3533,.0000
3898,.4863,.0022,.5085,.0000
3899,.7502,.0000,.2450,.0000
3900,.5775,.0066,.3910,.0000
3901,.2347,.1119,.5527,.0000
3902,.2394,.0908,.5901,.0000
3903,.3675,.0618,.5154,.0000
3904,.5038,.1290,.2867,.0000
3905,.4173,.1537,.3055,.0252
3906,.2641,.1940,.2606,.1488
3907,.0985,.0655,.5684,.1781
3908,.3131,.0000,.3069,.3304
3909,.5046,.0000,.1744,.2860
3910,.5395,.0000,.3971,.0429
3911,.5412,.0000,.2611,.1753
3912,.7591,.0116,.1841,.0257
3913,.7212,.0389,.2135,.0000
3914,.7444,.0433,.1782,.0000
3915,.4501,.0222,.4767,.0071
3916,.7328,.0239,.1660,.0296
3917,.4566,.0194,.4763,.0112
3918,.5536,.1201,.2722,.0000
3919,.5355,.1657,.2390,.0000
3920,.3497,.2636,.3228,.0000
3921,.3146,.1290,.4734,.0000
3922,.5794,.0540,.3147,.0000
3923,.7562,.0006,.2352,.0000
3924,.7841,.0000,.1995,.0000
3925,.7275,.0000,.2637,.0000
3926,.5053,.0747,.1806,.2006
3927,.5209,.1085,.0929,.1978
3928,.6184,.1191,.1833,.0126
3929,.3153,.3174,.3136,.0000
3930,.3740,.5299,.0691,.0000
3931,.7768,.0428,.1419,.0000
3932,.7501,.0020,.2161,.0000
3933,.8044,.0071,.1326,.0000
3934,.6445,.0221,.2815,.0000
3935,.4504,.1452,.3671,.0000
3936,.1376,.5462,.2830,.0000
3937,.1388,.3679,.4479,.0000
3938,.5619,.2524,.1483,.0000
3939,.7347,.0000,.2383,.0000
3940,.7526,.0040,.1887,.0000
3941,.3863,.2167,.3278,.0000
3942,.0426,.6019,.2759,.0000
3943,.0184,.2499,.6529,.0000
3944,.1855,.0592,.6792,.0000
3945,.3989,.0398,.3842,.1024
3946,.4235,.0623,.4081,.0218
3947,.4382,.0219,.4856,.0000
3948,.4550,.0545,.4346,.0000
3949,.3692,.2005,.3369,.0000
3950,.1691,.5521,.1749,.0000
3951,.0165,.7997,.1217,.0000
3952,.0068,.6205,.2687,.0000
3953,.0437,.4993,.3903,.0000
3954,.4774,.2082,.2700,.0000
3955,.6324,.0409,.2776,.0000
3956,.7962,.0007,.1904,.0000
3957,.8214,.0059,.1496,.0000
3958,.7462,.0193,.2081,.0000
3959,.7290,.0190,.2191,.0000
3960,.7802,.0026,.1914,.0000
3961,.6309,.0363,.2929,.0000
3962,.6799,.0581,.2285,.0000
3963,.7632,.0000,.2149,.0000
3964,.8473,.0000,.1327,.0000
3965,.7782,.0000,.2001,.0000
3966,.6551,.0027,.3276,.0000
3967,.7437,.0057,.2490,.0000
3968,.7910,.0028,.2034,.0000
3969,.8624,.0022,.1350,.0000
3970,.8148,.0000,.1852,.0000
3971,.7964,.0041,.1995,.0000
3972,.7599,.0098,.2297,.0000
3973,.8494,.0022,.1477,.0000
3974,.7292,.0000,.2552,.0000
3975,.7387,.0194,.2316,.0000
3976,.2875,.1709,.4381,.0000
3977,.3252,.1169,.4920,.0000
3978,.3861,.0211,.5277,.0000
3979,.5296,.0227,.3902,.0000
3980,.4271,.0555,.4072,.0378
3981,.1542,.1493,.4748,.1131
3982,.2522,.0516,.5862,.0602
3983,.5349,.0042,.4074,.0000
3984,.3457,.0000,.1012,.5006
3985,.2565,.0000,.5451,.1290
3986,.2693,.0000,.2011,.5023
3987,.6468,.0000,.2406,.0788
3988,.5687,.0406,.3446,.0000
3989,.7057,.0624,.1850,.0000
3990,.7169,.0409,.1629,.0327
3991,.5645,.1023,.1375,.1421
3992,.2683,.1124,.4737,.0899
3993,.3091,.1024,.5114,.0118
3994,.6846,.0794,.1796,.0000
3995,.7506,.0171,.1878,.0000
3996,.7729,.0665,.0997,.0000
3997,.5284,.0943,.3073,.0000
3998,.5576,.0233,.3625,.0000
3999,.8387,.0000,.1441,.0000
4000,.8865,.0000,.1123,.0000
4001,.4286,.5122,.0575,.0015
4002,.5029,.3075,.1547,.0038
4003,.4406,.1282,.3803,.0004
4004,.3444,.1203,.4851,.0000
4005,.5540,.0990,.3031,.0000
4006,.7501,.0615,.1486,.0000
4007,.8160,.0034,.1563,.0000
4008,.7978,.0087,.1511,.0000
4009,.8234,.0343,.1005,.0000
4010,.6841,.0830,.1938,.0000
4011,.1970,.4354,.3174,.0000
4012,.1032,.3872,.4524,.0006
4013,.7883,.1093,.0545,.0059
4014,.8725,.0088,.0813,.0000
4015,.8004,.0015,.1582,.0000
4016,.5224,.0538,.3657,.0000
4017,.0327,.6497,.2392,.0000
4018,.0069,.4837,.4387,.0000
4019,.0552,.5421,.3572,.0000
4020,.3176,.2278,.3377,.0602
4021,.4510,.0482,.4039,.0124
4022,.4830,.0146,.4315,.0000
4023,.5089,.0339,.4076,.0000
4024,.4246,.1328,.3714,.0000
4025,.3667,.2986,.2379,.0000
4026,.1761,.6634,.1019,.0000
4027,.0057,.7601,.1298,.0000
4028,.0101,.7784,.1051,.0000
4029,.2510,.4116,.2661,.0000
4030,.2941,.0786,.5591,.0000
4031,.7045,.0147,.2459,.0000
4032,.7283,.0137,.2482,.0000
4033,.7419,.0543,.1733,.0000
4034,.5843,.0432,.3386,.0000
4035,.7661,.0037,.2085,.0000
4036,.7217,.0437,.1982,.0000
4037,.5758,.0694,.3167,.0000
4038,.7182,.0046,.2499,.0000
4039,.8778,.0000,.1071,.0000
4040,.7949,.0000,.1787,.0000
4041,.8463,.0009,.1293,.0000
4042,.8098,.0130,.1619,.0000
4043,.8297,.0283,.1203,.0000
4044,.8252,.0260,.1407,.0000
4045,.8652,.0000,.1322,.0000
4046,.8891,.0037,.1059,.0000
4047,.8260,.0034,.1574,.0000
4048,.8549,.0000,.1268,.0000
4049,.7424,.0000,.2391,.0000
4050,.7051,.0004,.2745,.0000
4051,.4797,.1107,.3239,.0000
4052,.5562,.0825,.2893,.0000
4053,.4090,.0584,.4494,.0000
4054,.4135,.0778,.4408,.0000
4055,.3774,.0666,.4926,.0000
4056,.3852,.1283,.3994,.0000
4057,.3230,.0200,.6054,.0000
4058,.4914,.0095,.4681,.0000
4059,.6795,.0000,.2761,.0187
4060,.7729,.0033,.1364,.0349
4061,.4705,.0163,.3963,.0737
4062,.3224,.2152,.4075,.0231
4063,.1199,.3664,.4907,.0000
4064,.4582,.0911,.1313,.2717
4065,.6454,.0230,.1037,.2062
4066,.7275,.0866,.1460,.0000
4067,.4693,.1038,.2550,.1061
4068,.5993,.0348,.2689,.0389
4069,.7820,.0105,.1130,.0464
4070,.7132,.0376,.1743,.0305
4071,.7627,.0203,.1781,.0000
4072,.6634,.1306,.1429,.0000
4073,.4971,.0909,.3298,.0000
4074,.7017,.0056,.2579,.0000
4075,.7398,.0037,.2395,.0000
4076,.7731,.0360,.1889,.0000
4077,.6732,.1478,.1462,.0000
4078,.4019,.0989,.4328,.0000
4079,.3563,.0487,.5341,.0000
4080,.5940,.0692,.2942,.0000
4081,.6414,.0806,.2171,.0000
4082,.7867,.0403,.1197,.0074
4083,.7970,.0005,.1713,.0000
4084,.8470,.0021,.1238,.0000
4085,.8338,.0418,.0875,.0000
4086,.7020,.1906,.0900,.0000
4087,.1527,.3379,.4711,.0001
4088,.4413,.1471,.3769,.0010
4089,.5324,.0148,.4128,.0000
4090,.6409,.0031,.3224,.0000
4091,.7440,.0030,.2251,.0000
4092,.3354,.4457,.1635,.0000
4093,.0345,.7322,.1996,.0000
4094,.0589,.4699,.4153,.0000
4095,.1930,.1991,.5453,.0000
4096,.5318,.0394,.3522,.0095
4097,.5241,.0339,.2618,.1008
4098,.5195,.0302,.3902,.0000
4099,.5340,.0441,.3698,.0000
4100,.6145,.1445,.1483,.0000
4101,.2479,.4544,.1899,.0000
4102,.0536,.7603,.0788,.0000
4103,.0030,.8101,.0685,.0000
4104,.0447,.4976,.3689,.0000
4105,.2168,.1140,.5979,.0000
4106,.5361,.0383,.3688,.0000
4107,.5261,.0344,.4202,.0000
4108,.7945,.0546,.1350,.0000
4109,.7274,.0459,.2057,.0000
4110,.8313,.0029,.1614,.0000
4111,.7357,.0157,.2229,.0000
4112,.6891,.0445,.2357,.0000
4113,.6373,.0372,.2897,.0000
4114,.7674,.0232,.2036,.0000
4115,.8740,.0000,.1118,.0000
4116,.7811,.0037,.1877,.0000
4117,.7320,.0176,.2142,.0000
4118,.8116,.0470,.1157,.0000
4119,.8408,.0484,.0821,.0000
4120,.8603,.0055,.1165,.0000
4121,.8620,.0031,.1223,.0000
4122,.8502,.0062,.1214,.0000
4123,.8257,.0041,.1615,.0000
4124,.8767,.0086,.1069,.0000
4125,.7991,.0019,.1775,.0000
4126,.5180,.0170,.3925,.0000
4127,.5577,.0271,.3549,.0000
4128,.5555,.0444,.3348,.0000
4129,.4425,.0937,.3927,.0000
4130,.4121,.0516,.4794,.0000
4131,.4317,.0385,.4748,.0000
4132,.4112,.0069,.5418,.0000
4133,.4322,.0068,.5225,.0000
4134,.5048,.0132,.4422,.0000
4135,.7590,.0160,.1770,.0206
4136,.8003,.0333,.0379,.0998
4137,.5401,.3532,.0430,.0326
4138,.3473,.5836,.0498,.0000
4139,.1868,.1155,.0906,.5400
4140,.4101,.0643,.0699,.4244
4141,.7302,.0300,.2093,.0000
4142,.7467,.0487,.1630,.0000
4143,.7052,.0179,.2327,.0000
4144,.7357,.0241,.0782,.1155
4145,.7334,.0223,.1086,.0801
4146,.8297,.0033,.1322,.0000
4147,.7654,.0000,.1956,.0000
4148,.6934,.0205,.1615,.0603
4149,.5830,.0445,.2686,.0380
4150,.5090,.0325,.4153,.0000
4151,.6730,.0215,.2894,.0000
4152,.2180,.6231,.1526,.0000
4153,.6274,.0992,.2262,.0000
4154,.4560,.1192,.3678,.0000
4155,.6489,.0574,.2278,.0000
4156,.6831,.0981,.1426,.0000
4157,.6494,.1035,.0422,.1289
4158,.7178,.0000,.2291,.0000
4159,.7677,.0000,.2067,.0000
4160,.7830,.0080,.1676,.0000
4161,.7851,.0793,.0860,.0000
4162,.1251,.7819,.0813,.0000
4163,.3588,.1299,.4623,.0000
4164,.5154,.0233,.4165,.0000
4165,.4399,.0485,.4722,.0000
4166,.5688,.0092,.3914,.0000
4167,.5366,.0756,.3505,.0000
4168,.3949,.2888,.2549,.0000
4169,.0424,.4299,.4457,.0000
4170,.1647,.1751,.4258,.1664
4171,.5200,.0103,.3932,.0240
4172,.6387,.0470,.2269,.0304
4173,.4706,.1049,.3510,.0000
4174,.4296,.0269,.4833,.0000
4175,.3573,.1649,.3979,.0000
4176,.1828,.3079,.3868,.0000
4177,.1381,.6856,.1051,.0000
4178,.0241,.7189,.1874,.0000
4179,.3650,.2947,.2766,.0000
4180,.5438,.0450,.3436,.0000
4181,.4973,.0279,.4035,.0000
4182,.4872,.0647,.4032,.0000
4183,.6270,.0851,.2661,.0000
4184,.8006,.0399,.1473,.0000
4185,.8212,.0013,.1759,.0000
4186,.6183,.0163,.3508,.0000
4187,.6743,.0595,.2388,.0000
4188,.6107,.0606,.2848,.0000
4189,.4846,.0769,.4119,.0000
4190,.7698,.0169,.1979,.0000
4191,.8450,.0023,.1351,.0000
4192,.7374,.0195,.2086,.0000
4193,.6096,.0388,.3200,.0000
4194,.6920,.0409,.2338,.0000
4195,.7180,.0200,.2306,.0000
4196,.7049,.0282,.2375,.0000
4197,.6960,.0330,.2363,.0000
4198,.4872,.2299,.2585,.0000
4199,.6678,.0627,.2371,.0000
4200,.7533,.0264,.1873,.0000
4201,.4177,.0377,.4891,.0000
4202,.6362,.0000,.3132,.0000
4203,.5248,.0078,.4111,.0000
4204,.3915,.0272,.5205,.0000
4205,.4012,.0201,.5303,.0000
4206,.4306,.0097,.5146,.0000
4207,.5255,.0000,.4367,.0000
4208,.6430,.0066,.3044,.0000
4209,.5298,.0268,.3856,.0000
4210,.7302,.0241,.2094,.0000
4211,.8174,.0165,.1507,.0000
4212,.7355,.0435,.1981,.0000
4213,.7027,.0404,.2160,.0000
4214,.5485,.0703,.2184,.1031
4215,.5253,.0913,.1902,.1272
4216,.5887,.0542,.3052,.0000
4217,.5853,.0653,.3032,.0000
4218,.6760,.0680,.2071,.0000
4219,.6666,.0437,.2459,.0000
4220,.6645,.0065,.2900,.0000
4221,.6694,.0062,.2820,.0000
4222,.7835,.0058,.1536,.0000
4223,.6951,.0215,.0843,.1409
4224,.5939,.0867,.1564,.0938
4225,.5781,.0791,.2893,.0000
4226,.5877,.0758,.3003,.0000
4227,.3977,.1375,.4289,.0000
4228,.7152,.0767,.1679,.0000
4229,.7269,.0567,.1714,.0000
4230,.6910,.0403,.2250,.0000
4231,.7178,.0652,.1685,.0000
4232,.6931,.0777,.1813,.0000
4233,.7248,.0000,.2132,.0000
4234,.7872,.0000,.1720,.0000
4235,.8016,.0318,.1231,.0000
4236,.6443,.0720,.2243,.0000
4237,.4939,.0722,.3811,.0000
4238,.4548,.0575,.4452,.0000
4239,.4799,.0148,.4804,.0000
4240,.6127,.0161,.3355,.0000
4241,.7839,.0017,.1824,.0000
4242,.7769,.0035,.1897,.0000
4243,.3681,.0787,.4854,.0000
4244,.1381,.2650,.5060,.0000
4245,.2475,.0862,.5811,.0219
4246,.4484,.0013,.4967,.0027
4247,.5912,.0475,.3025,.0000
4248,.6167,.1063,.2029,.0000
4249,.6587,.0489,.2229,.0000
4250,.4305,.1978,.3017,.0000
4251,.1008,.4435,.3357,.0000
4252,.0982,.5784,.2188,.0000
4253,.0836,.5216,.3275,.0000
4254,.2558,.1528,.5104,.0000
4255,.2319,.0318,.6825,.0000
4256,.4112,.0227,.4742,.0000
4257,.5219,.0285,.3903,.0000
4258,.6531,.0452,.2520,.0000
4259,.6432,.0722,.2538,.0000
4260,.7139,.1464,.1241,.0000
4261,.4261,.4001,.1696,.0000
4262,.8149,.0442,.1280,.0000
4263,.7265,.0204,.2250,.0000
4264,.6410,.0732,.2429,.0000
4265,.7499,.0407,.1804,.0000
4266,.9081,.0057,.0719,.0000
4267,.8658,.0190,.0976,.0000
4268,.7051,.0487,.2296,.0000
4269,.7275,.0443,.2038,.0000
4270,.6815,.0334,.2478,.0000
4271,.7041,.0811,.1728,.0000
4272,.6241,.0617,.2663,.0000
4273,.2301,.5535,.1909,.0000
4274,.6011,.0865,.2731,.0000
4275,.5787,.0573,.3243,.0000
4276,.2381,.0816,.6185,.0000
4277,.5612,.0398,.3522,.0000
4278,.6442,.0016,.3057,.0000
4279,.5191,.0175,.4107,.0000
4280,.4792,.0157,.4632,.0000
4281,.4211,.0212,.5140,.0000
4282,.6215,.0000,.3487,.0000
4283,.6457,.0067,.3063,.0000
4284,.7176,.0266,.2079,.0000
4285,.7160,.0245,.1692,.0177
4286,.7313,.0371,.1331,.0491
4287,.7297,.0099,.2338,.0000
4288,.7168,.0041,.2475,.0000
4289,.7472,.0196,.1768,.0070
4290,.4788,.0470,.3685,.0467
4291,.3019,.1356,.4998,.0000
4292,.3677,.1827,.3945,.0000
4293,.4316,.2108,.3065,.0000
4294,.6273,.1046,.2080,.0000
4295,.6036,.0177,.3313,.0000
4296,.5910,.0382,.3061,.0000
4297,.6414,.0358,.2454,.0000
4298,.6888,.0447,.2087,.0000
4299,.6923,.0556,.1847,.0000
4300,.6844,.0648,.1887,.0000
4301,.6564,.0709,.2276,.0000
4302,.3427,.2010,.4106,.0000
4303,.6883,.0754,.1986,.0000
4304,.6589,.0503,.2463,.0000
4305,.5733,.0356,.3498,.0000
4306,.6963,.0029,.2691,.0000
4307,.7434,.0000,.2229,.0000
4308,.7333,.0000,.2191,.0000
4309,.7783,.0000,.1849,.0000
4310,.6209,.0357,.2924,.0000
4311,.4173,.0691,.4499,.0000
4312,.4750,.0132,.4461,.0000
4313,.4548,.0142,.4759,.0000
4314,.6653,.0133,.2918,.0000
4315,.7552,.0019,.2187,.0000
4316,.7681,.0087,.1760,.0000
4317,.6005,.0603,.2711,.0000
4318,.3933,.0164,.5171,.0000
4319,.4146,.0709,.2309,.2099
4320,.3766,.1443,.3019,.0854
4321,.4601,.0131,.2060,.2330
4322,.4694,.0319,.3395,.0772
4323,.5961,.0321,.3102,.0000
4324,.5314,.0351,.3816,.0000
4325,.5166,.1066,.3090,.0000
4326,.2623,.4701,.1613,.0000
4327,.1359,.4236,.2939,.0447
4328,.1657,.4689,.2040,.0508
4329,.1214,.3575,.4209,.0000
4330,.0907,.1793,.6519,.0000
4331,.2009,.2104,.4865,.0000
4332,.2795,.1237,.5230,.0000
4333,.5166,.0677,.3277,.0000
4334,.2394,.0858,.6112,.0000
4335,.6768,.1117,.1755,.0000
4336,.6203,.2256,.1542,.0000
4337,.8978,.0033,.0989,.0000
4338,.8893,.0000,.1027,.0000
4339,.9155,.0208,.0421,.0000
4340,.8321,.0176,.1250,.0000
4341,.9077,.0049,.0723,.0000
4342,.8323,.0000,.1533,.0000
4343,.8695,.0075,.1167,.0000
4344,.8370,.0138,.1313,.0000
4345,.6982,.0583,.2070,.0000
4346,.7773,.0868,.0955,.0000
4347,.6578,.0905,.2075,.0000
4348,.4958,.0553,.4030,.0000
4349,.6966,.0347,.2442,.0000
4350,.8528,.0183,.1010,.0000
4351,.2265,.3270,.3815,.0000
4352,.5716,.2166,.1626,.0000
4353,.6732,.0516,.2310,.0000
4354,.5840,.0334,.3406,.0000
4355,.5300,.0606,.3642,.0000
4356,.3957,.0319,.5057,.0000
4357,.5065,.0075,.4423,.0000
4358,.6466,.0171,.2807,.0000
4359,.6013,.0399,.0694,.2329
4360,.5264,.0074,.3914,.0084
4361,.7553,.0154,.1480,.0231
4362,.6028,.0013,.3447,.0000
4363,.6765,.0000,.2896,.0000
4364,.7555,.0182,.1810,.0000
4365,.5473,.0606,.3291,.0000
4366,.3704,.0954,.4771,.0000
4367,.3888,.1086,.4379,.0000
4368,.4363,.1868,.2695,.0387
4369,.3743,.1482,.4000,.0000
4370,.4193,.0786,.4540,.0000
4371,.5041,.1314,.2700,.0369
4372,.5725,.0957,.2540,.0159
4373,.7660,.0305,.1154,.0293
4374,.7774,.0079,.1631,.0000
4375,.6544,.0210,.2741,.0000
4376,.5512,.0222,.3882,.0000
4377,.3359,.1080,.5170,.0000
4378,.6976,.0823,.1832,.0000
4379,.5669,.0389,.3620,.0000
4380,.6109,.0241,.3256,.0000
4381,.6821,.0017,.2800,.0000
4382,.6685,.0042,.2841,.0000
4383,.6692,.0110,.2716,.0000
4384,.7769,.0018,.1795,.0000
4385,.7023,.0918,.1621,.0000
4386,.3453,.1166,.4947,.0000
4387,.6388,.0547,.2543,.0000
4388,.3767,.0338,.5469,.0000
4389,.5468,.0173,.3845,.0000
4390,.5432,.0147,.3890,.0000
4391,.5643,.0504,.3313,.0000
4392,.5487,.0843,.3114,.0000
4393,.4113,.0714,.4501,.0000
4394,.4227,.0997,.4110,.0000
4395,.3342,.2053,.3719,.0000
4396,.3188,.0879,.5310,.0000
4397,.4150,.1076,.4180,.0000
4398,.5055,.0050,.4497,.0000
4399,.6815,.0009,.2900,.0000
4400,.6909,.0200,.2480,.0000
4401,.3881,.4317,.1143,.0000
4402,.1184,.5032,.3066,.0048
4403,.1687,.4813,.2062,.0057
4404,.1014,.4494,.3273,.0000
4405,.0621,.3757,.4555,.0000
4406,.0232,.2600,.6231,.0000
4407,.0510,.2158,.6623,.0000
4408,.3569,.0804,.4654,.0000
4409,.3894,.0214,.5080,.0000
4410,.7760,.0247,.1379,.0000
4411,.8305,.0122,.1211,.0000
4412,.9011,.0032,.0740,.0000
4413,.9499,.0000,.0446,.0000
4414,.9747,.0000,.0142,.0000
4415,.8671,.0018,.1002,.0000
4416,.8842,.0181,.0766,.0000
4417,.8810,.0113,.0922,.0000
4418,.8718,.0000,.1114,.0000
4419,.8070,.0029,.1595,.0000
4420,.6966,.0270,.2420,.0000
4421,.8224,.0240,.1243,.0000
4422,.8504,.0466,.0710,.0000
4423,.5898,.0493,.3314,.0000
4424,.7780,.0106,.1957,.0000
4425,.7643,.0000,.2113,.0000
4426,.1109,.4660,.3171,.0000
4427,.3200,.2304,.3803,.0000
4428,.5172,.0705,.3596,.0000
4429,.4111,.0750,.4580,.0000
4430,.3163,.0849,.5278,.0042
4431,.4955,.1585,.2617,.0168
4432,.4425,.0989,.4091,.0000
4433,.3100,.0540,.5691,.0000
4434,.4479,.0961,.3377,.0618
4435,.5061,.0411,.3794,.0000
4436,.6531,.0801,.2036,.0000
4437,.6519,.0609,.2272,.0000
4438,.4281,.0714,.4289,.0000
4439,.5807,.0449,.3202,.0000
4440,.6808,.0161,.2578,.0000
4441,.6433,.0119,.3072,.0000
4442,.5832,.0053,.3500,.0000
4443,.4291,.0975,.2192,.1641
4444,.3277,.0958,.4981,.0000
4445,.4388,.1219,.3556,.0000
4446,.3996,.1958,.3042,.0266
4447,.5238,.1549,.2448,.0113
4448,.5684,.0735,.2766,.0236
4449,.7629,.0118,.1840,.0000
4450,.6113,.0225,.3240,.0000
4451,.6030,.0203,.3366,.0000
4452,.6427,.0096,.3092,.0026
4453,.4859,.1393,.2514,.0764
4454,.5832,.0953,.2885,.0000
4455,.7255,.0286,.2133,.0000
4456,.6779,.0000,.2768,.0000
4457,.6475,.0275,.2715,.0000
4458,.7829,.0376,.1319,.0000
4459,.7735,.0054,.1838,.0000
4460,.7721,.0247,.1557,.0000
4461,.7224,.0666,.1629,.0000
4462,.6673,.0550,.2229,.0000
4463,.4736,.1040,.3879,.0000
4464,.5194,.0504,.3865,.0000
4465,.5726,.0159,.3514,.0000
4466,.3444,.0747,.5089,.0000
4467,.1004,.3359,.4883,.0000
4468,.0200,.4285,.4679,.0000
4469,.0417,.3071,.5736,.0000
4470,.3116,.1440,.4739,.0000
4471,.4047,.1956,.3316,.0000
4472,.5465,.1071,.2943,.0000
4473,.6957,.0041,.2647,.0000
4474,.5994,.0000,.3693,.0000
4475,.7843,.0069,.1664,.0000
4476,.4126,.2072,.3167,.0000
4477,.0299,.5688,.3409,.0000
4478,.0044,.6608,.1971,.0000
4479,.0043,.5540,.3151,.0000
4480,.0809,.3702,.4120,.0000
4481,.2094,.0654,.5747,.0000
4482,.1470,.0271,.6792,.0000
4483,.3126,.0296,.5584,.0000
4484,.4023,.0260,.4818,.0000
4485,.1434,.1887,.5599,.0000
4486,.2200,.1153,.5838,.0000
4487,.5734,.0396,.3296,.0000
4488,.8281,.0076,.1218,.0000
4489,.6016,.0116,.3603,.0000
4490,.8347,.0903,.0420,.0000
4491,.8447,.0459,.0782,.0000
4492,.9328,.0052,.0416,.0000
4493,.8100,.0057,.1585,.0000
4494,.8552,.0053,.1042,.0000
4495,.7851,.0000,.1849,.0000
4496,.8457,.0000,.1298,.0000
4497,.8647,.0060,.1151,.0000
4498,.6986,.0194,.2587,.0000
4499,.8503,.0098,.1166,.0000
4500,.7351,.0000,.2428,.0000
4501,.0538,.6363,.2196,.0000
4502,.0741,.4107,.4272,.0000
4503,.1358,.1120,.6799,.0000
4504,.0616,.0936,.7613,.0000
4505,.3612,.1179,.4365,.0135
4506,.2905,.1763,.4091,.0487
4507,.2670,.2128,.4618,.0000
4508,.3191,.1190,.5164,.0000
4509,.6080,.0249,.3166,.0000
4510,.4068,.0617,.4693,.0000
4511,.6803,.0742,.1884,.0000
4512,.7480,.0381,.1623,.0000
4513,.7205,.0680,.1555,.0000
4514,.6532,.0573,.2396,.0000
4515,.4949,.0316,.3785,.0295
4516,.6139,.0075,.3157,.0412
4517,.4960,.0000,.4636,.0000
4518,.5089,.0675,.3133,.0544
4519,.6456,.0709,.2181,.0000
4520,.5658,.1076,.2536,.0000
4521,.5324,.1852,.2170,.0000
4522,.5934,.2086,.1452,.0000
4523,.5413,.1422,.2640,.0000
4524,.5808,.0157,.3570,.0000
4525,.7568,.0050,.1982,.0000
4526,.8053,.0012,.1596,.0000
4527,.8130,.0053,.1382,.0027
4528,.4925,.1387,.2633,.0622
4529,.6693,.0953,.1971,.0000
4530,.7603,.0137,.1847,.0000
4531,.7013,.0000,.2342,.0000
4532,.7233,.0596,.1578,.0000
4533,.7655,.0381,.1509,.0000
4534,.7737,.0052,.1910,.0000
4535,.7820,.0071,.1756,.0000
4536,.7401,.0369,.1754,.0000
4537,.7833,.0286,.1465,.0000
4538,.6538,.0391,.2684,.0000
4539,.5969,.0382,.3062,.0000
4540,.4792,.0147,.4522,.0000
4541,.4535,.0723,.4018,.0000
4542,.2124,.4917,.2026,.0000
4543,.0382,.6569,.2225,.0000
4544,.0121,.4471,.4701,.0000
4545,.1665,.1909,.5680,.0000
4546,.3154,.0952,.5230,.0000
4547,.4635,.0363,.4529,.0000
4548,.7512,.0000,.2090,.0000
4549,.6483,.0000,.3123,.0000
4550,.6661,.0066,.2693,.0000
4551,.5764,.2679,.1086,.0000
4552,.0781,.7081,.1718,.0000
4553,.0184,.6556,.2307,.0000
4554,.0000,.5969,.2466,.0000
4555,.0298,.4074,.4285,.0000
4556,.1831,.3262,.3615,.0000
4557,.1281,.0672,.6457,.0000
4558,.0998,.1233,.6168,.0000
4559,.0767,.3149,.5034,.0000
4560,.0514,.4813,.3823,.0000
4561,.1736,.3909,.3420,.0000
4562,.1050,.2517,.5686,.0000
4563,.1190,.2881,.5407,.0000
4564,.2205,.1699,.5409,.0264
4565,.4345,.1214,.0924,.2858
4566,.5413,.0343,.1159,.2455
4567,.8437,.0315,.0731,.0000
4568,.7158,.0657,.1664,.0000
4569,.6735,.0325,.2488,.0000
4570,.8179,.0043,.1463,.0000
4571,.8464,.0000,.1323,.0000
4572,.7835,.0000,.2015,.0000
4573,.9047,.0000,.0865,.0000
4574,.9317,.0000,.0483,.0000
4575,.8329,.0000,.1471,.0000
4576,.0000,.7787,.1634,.0000
4577,.0053,.6014,.3391,.0000
4578,.3248,.1650,.4532,.0000
4579,.5810,.0715,.2959,.0101
4580,.5372,.0287,.3915,.0104
4581,.3854,.0670,.4226,.0789
4582,.4408,.0263,.4222,.0576
4583,.5461,.0365,.3694,.0000
4584,.4317,.1021,.4009,.0113
4585,.5966,.0663,.2613,.0000
4586,.6279,.0393,.1549,.1174
4587,.7143,.0117,.1297,.0943
4588,.8048,.0152,.1300,.0000
4589,.6649,.0505,.2363,.0000
4590,.2313,.1920,.5182,.0051
4591,.2258,.1325,.5628,.0073
4592,.3191,.0144,.6032,.0000
4593,.5788,.0333,.3446,.0000
4594,.4740,.1064,.3637,.0000
4595,.7405,.0392,.1761,.0000
4596,.8048,.0403,.1213,.0000
4597,.7245,.0544,.1837,.0000
4598,.6515,.1649,.1327,.0000
4599,.4499,.1597,.3332,.0000
4600,.3782,.1306,.3639,.0695
4601,.7144,.0624,.1399,.0400
4602,.8273,.0093,.1330,.0000
4603,.7692,.0398,.1611,.0000
4604,.7084,.0383,.2080,.0000
4605,.5815,.0166,.3472,.0000
4606,.6604,.0216,.2480,.0000
4607,.7049,.0453,.1954,.0000
4608,.7619,.0224,.1616,.0000
4609,.6815,.0411,.2312,.0000
4610,.7173,.0192,.2371,.0000
4611,.8134,.0169,.1196,.0000
4612,.8421,.0117,.1066,.0000
4613,.8079,.0019,.1582,.0000
4614,.5878,.1344,.2210,.0000
4615,.3151,.1774,.4509,.0000
4616,.2625,.0728,.4806,.1137
4617,.3204,.2973,.2924,.0000
4618,.1128,.4885,.3166,.0000
4619,.0390,.4057,.4746,.0000
4620,.0603,.4348,.4274,.0000
4621,.0079,.2958,.6255,.0000
4622,.1302,.1708,.6123,.0364
4623,.4533,.0081,.4531,.0406
4624,.5062,.0030,.4541,.0000
4625,.4379,.0324,.4797,.0000
4626,.4198,.2301,.2989,.0000
4627,.3455,.2864,.2866,.0000
4628,.0409,.6206,.2638,.0000
4629,.0000,.5964,.3177,.0000
4630,.0106,.4214,.4790,.0000
4631,.0386,.4004,.4480,.0000
4632,.0074,.3111,.5568,.0000
4633,.0588,.4229,.3426,.0000
4634,.0201,.6728,.1482,.0000
4635,.0314,.5071,.3883,.0000
4636,.0470,.4492,.4127,.0000
4637,.0871,.3830,.4563,.0000
4638,.0237,.4078,.5290,.0000
4639,.0266,.2119,.6912,.0032
4640,.0957,.1437,.6519,.0384
4641,.1093,.1259,.6630,.0363
4642,.3171,.0900,.5329,.0000
4643,.6402,.1240,.1351,.0145
4644,.3741,.1112,.1570,.3086
4645,.4217,.1060,.1132,.2958
4646,.6898,.0651,.1943,.0000
4647,.7408,.0125,.1967,.0000
4648,.6181,.0192,.3259,.0000
4649,.8210,.0048,.1445,.0000
4650,.7360,.0000,.2440,.0000
4651,.0007,.6553,.2915,.0000
4652,.0390,.4224,.4750,.0000
4653,.1780,.1142,.6470,.0000
4654,.3894,.0114,.4823,.0730
4655,.4479,.0101,.3966,.0958
4656,.4742,.0051,.0957,.3680
4657,.4834,.0017,.3729,.0918
4658,.6184,.0007,.3208,.0000
4659,.5636,.0173,.0860,.2531
4660,.4888,.0295,.4255,.0000
4661,.7056,.0342,.2050,.0000
4662,.5780,.0580,.3042,.0001
4663,.5751,.0280,.3461,.0000
4664,.7044,.0096,.2421,.0000
4665,.3688,.3463,.2698,.0000
4666,.3831,.4925,.0729,.0000
4667,.5529,.1988,.1602,.0000
4668,.4958,.1550,.2737,.0000
4669,.5628,.0130,.3697,.0000
4670,.8099,.0146,.1317,.0000
4671,.7815,.0095,.1678,.0000
4672,.6030,.0000,.3576,.0000
4673,.6967,.0863,.1681,.0000
4674,.4780,.1815,.2966,.0000
4675,.3370,.1825,.4091,.0217
4676,.7732,.0406,.1240,.0125
4677,.7761,.0905,.0847,.0000
4678,.7960,.0228,.1452,.0000
4679,.7516,.0299,.1791,.0000
4680,.6493,.0654,.2335,.0000
4681,.4170,.2338,.2867,.0000
4682,.2368,.1511,.5507,.0000
4683,.3778,.0253,.5456,.0000
4684,.5681,.0389,.3445,.0000
4685,.6047,.0186,.3413,.0000
4686,.8464,.0071,.1038,.0000
4687,.7813,.0118,.1617,.0000
4688,.6758,.0164,.2598,.0000
4689,.3929,.4351,.1415,.0000
4690,.0872,.4551,.4121,.0000
4691,.1725,.1641,.4639,.1283
4692,.3806,.1154,.4423,.0000
4693,.2968,.1809,.4421,.0000
4694,.2153,.2814,.4345,.0000
4695,.1100,.4329,.3950,.0000
4696,.0377,.5649,.3179,.0000
4697,.0215,.3857,.4648,.0712
4698,.3097,.1343,.4214,.0788
4699,.5069,.0260,.4258,.0000
4700,.4895,.0747,.4040,.0000
4701,.1863,.5219,.2547,.0000
4702,.3847,.2508,.2904,.0000
4703,.0914,.5429,.2870,.0000
4704,.0009,.5798,.3234,.0000
4705,.0123,.5060,.3871,.0000
4706,.0525,.5816,.2794,.0000
4707,.0326,.5932,.2856,.0000
4708,.0384,.6697,.2117,.0000
4709,.0650,.5790,.1046,.0941
4710,.3984,.2016,.2546,.0404
4711,.5321,.2127,.1765,.0000
4712,.1839,.3242,.4240,.0000
4713,.1070,.4578,.3572,.0000
4714,.0619,.3972,.4911,.0000
4715,.0425,.2732,.6364,.0000
4716,.0976,.3105,.5417,.0000
4717,.0617,.0924,.7713,.0000
4718,.0920,.2056,.6415,.0020
4719,.0679,.3746,.4533,.0433
4720,.0579,.3440,.4999,.0465
4721,.1752,.1505,.6143,.0000
4722,.3852,.0377,.5172,.0000
4723,.1988,.0333,.6942,.0000
4724,.4597,.0093,.4638,.0000
4725,.5329,.0155,.3974,.0000
4726,.0149,.5541,.3439,.0000
4727,.0386,.3826,.4868,.0000
4728,.1491,.0973,.6754,.0000
4729,.3452,.0259,.5719,.0025
4730,.5410,.0348,.3458,.0395
4731,.4093,.0029,.5429,.0000
4732,.3946,.0223,.5230,.0000
4733,.6557,.0109,.2854,.0000
4734,.7773,.0004,.1766,.0000
4735,.6389,.0013,.3070,.0000
4736,.5631,.0203,.3548,.0000
4737,.5220,.0785,.3428,.0000
4738,.7155,.0245,.2234,.0000
4739,.8480,.0021,.1206,.0000
4740,.8193,.0061,.1511,.0000
4741,.7958,.0085,.1699,.0000
4742,.7661,.0982,.0981,.0000
4743,.4230,.2309,.3133,.0000
4744,.5145,.1018,.3399,.0000
4745,.4422,.1424,.3614,.0000
4746,.3971,.2708,.2733,.0000
4747,.1650,.2240,.5602,.0000
4748,.3235,.2888,.3463,.0000
4749,.2745,.6291,.0755,.0000
4750,.4025,.1316,.4165,.0000
4751,.5425,.0692,.3321,.0000
4752,.7367,.0711,.1388,.0000
4753,.6498,.1387,.1493,.0000
4754,.5025,.1307,.3117,.0000
4755,.6381,.0818,.2274,.0000
4756,.1961,.2920,.4533,.0000
4757,.0437,.1506,.7528,.0000
4758,.2822,.0459,.6353,.0000
4759,.7407,.0097,.2185,.0000
4760,.6179,.0244,.3089,.0000
4761,.8213,.0056,.1374,.0000
4762,.7917,.0564,.1109,.0000
4763,.6760,.0786,.1918,.0000
4764,.2889,.6127,.0776,.0000
4765,.1830,.4769,.2860,.0000
4766,.2297,.1519,.5625,.0000
4767,.4147,.0591,.4753,.0000
4768,.4944,.0023,.4367,.0000
4769,.4009,.0532,.4916,.0000
4770,.1616,.0907,.6925,.0000
4771,.1694,.4400,.3229,.0000
4772,.0314,.5593,.3551,.0000
4773,.1919,.3145,.4398,.0000
4774,.3191,.1000,.5287,.0000
4775,.5153,.0068,.4304,.0000
4776,.3903,.0530,.4862,.0000
4777,.3771,.2773,.2717,.0000
4778,.1098,.4811,.3443,.0000
4779,.0019,.5204,.4009,.0000
4780,.0151,.3837,.5400,.0000
4781,.1093,.1755,.6491,.0000
4782,.0962,.2634,.5588,.0000
4783,.0097,.2873,.6290,.0000
4784,.1480,.1649,.1654,.4394
4785,.2327,.1179,.2725,.3020
4786,.3260,.1218,.4888,.0069
4787,.4074,.1008,.3838,.0511
4788,.4919,.1488,.2905,.0103
4789,.4787,.1962,.2603,.0000
4790,.4818,.0731,.3946,.0000
4791,.5258,.1054,.3133,.0000
4792,.3368,.3179,.2929,.0000
4793,.0293,.4664,.4217,.0000
4794,.0417,.6030,.2787,.0000
4795,.0011,.6871,.2318,.0000
4796,.0481,.4508,.4292,.0000
4797,.2559,.2230,.4504,.0000
4798,.0457,.4199,.4664,.0000
4799,.0951,.3841,.4641,.0000
4800,.1114,.3181,.4691,.0497
4801,.0269,.6105,.2894,.0000
4802,.0301,.7268,.1895,.0000
4803,.1557,.2734,.5033,.0000
4804,.3482,.0513,.5333,.0071
4805,.4505,.0174,.3819,.1020
4806,.4110,.0263,.5041,.0000
4807,.3366,.0696,.5278,.0000
4808,.4132,.0404,.4829,.0000
4809,.6232,.0665,.2455,.0000
4810,.5114,.1770,.2546,.0000
4811,.5930,.0060,.3334,.0000
4812,.6432,.0234,.2792,.0000
4813,.6673,.0257,.2562,.0000
4814,.6948,.0048,.2726,.0000
4815,.7049,.0049,.2848,.0000
4816,.5856,.0416,.3121,.0305
4817,.6842,.0681,.2018,.0115
4818,.4474,.1799,.3385,.0000
4819,.1370,.2388,.5739,.0000
4820,.3218,.1400,.4906,.0000
4821,.6288,.0714,.2546,.0000
4822,.4517,.1041,.3968,.0000
4823,.4418,.1312,.3709,.0000
4824,.1372,.1977,.6132,.0000
4825,.4323,.1616,.3419,.0000
4826,.6147,.0296,.2729,.0000
4827,.6341,.1003,.2174,.0000
4828,.1474,.7447,.0752,.0000
4829,.2745,.3081,.3427,.0000
4830,.5954,.0874,.2668,.0000
4831,.7065,.0599,.1805,.0018
4832,.4016,.1040,.2923,.1540
4833,.5729,.0352,.3652,.0000
4834,.7915,.0055,.1803,.0000
4835,.6093,.1386,.1757,.0000
4836,.5127,.0251,.4069,.0000
4837,.6550,.1239,.1749,.0000
4838,.5581,.1588,.2331,.0000
4839,.5678,.2408,.1156,.0265
4840,.5277,.2826,.1192,.0077
4841,.2571,.2449,.4411,.0000
4842,.4054,.0800,.4602,.0000
4843,.6469,.0147,.2945,.0000
4844,.5309,.0000,.4226,.0000
4845,.3641,.0266,.5518,.0000
4846,.3475,.2115,.3974,.0000
4847,.2640,.2910,.3231,.0768
4848,.2489,.1967,.2959,.2045
4849,.2219,.0914,.5819,.0446
4850,.5031,.0483,.3879,.0000
4851,.4084,.2384,.2857,.0000
4852,.1100,.4228,.3965,.0000
4853,.0092,.4610,.4625,.0000
4854,.0023,.5076,.4291,.0000
4855,.0190,.4256,.4927,.0000
4856,.0867,.1385,.7224,.0000
4857,.2236,.0881,.6136,.0000
4858,.1799,.0338,.7067,.0000
4859,.3709,.0069,.4883,.0573
4860,.4003,.0128,.2179,.2994
4861,.5064,.0472,.3593,.0249
4862,.5408,.0800,.1184,.2061
4863,.7390,.0426,.1211,.0411
4864,.7004,.0243,.2260,.0000
4865,.7914,.0000,.1607,.0000
4866,.5232,.0000,.4259,.0000
4867,.5178,.1486,.2840,.0000
4868,.0669,.5760,.3070,.0000
4869,.0140,.6586,.2734,.0000
4870,.0019,.7255,.1888,.0000
4871,.0013,.6267,.2901,.0000
4872,.0621,.4804,.3626,.0000
4873,.0090,.4342,.4940,.0000
4874,.0395,.3580,.5298,.0000
4875,.0339,.3601,.5234,.0052
4876,.0367,.5953,.2800,.0000
4877,.0541,.8287,.0719,.0000
4878,.1736,.4059,.3496,.0000
4879,.2787,.0891,.5627,.0000
4880,.2286,.0545,.6517,.0000
4881,.1894,.0535,.6856,.0000
4882,.0698,.0965,.7622,.0000
4883,.2850,.0703,.5806,.0000
4884,.3990,.2032,.3368,.0000
4885,.2605,.4675,.2263,.0090
4886,.4186,.0431,.4656,.0125
4887,.5248,.0555,.3663,.0000
4888,.5809,.0490,.3073,.0000
4889,.5057,.0187,.4323,.0000
4890,.6150,.0030,.3598,.0000
4891,.6979,.0420,.0883,.1447
4892,.7030,.0494,.1677,.0551
4893,.7185,.0083,.2401,.0000
4894,.5845,.0000,.3929,.0000
4895,.6752,.0000,.2966,.0000
4896,.7423,.0114,.2201,.0000
4897,.7738,.0164,.1817,.0000
4898,.8606,.0061,.1025,.0000
4899,.6029,.0719,.2895,.0000
4900,.3658,.1082,.4834,.0000
4901,.3616,.1089,.4582,.0000
4902,.3899,.0302,.5197,.0000
4903,.2017,.2598,.4815,.0008
4904,.1914,.3824,.3776,.0011
4905,.3813,.2103,.3738,.0000
4906,.8233,.0289,.1231,.0004
4907,.4706,.1213,.3477,.0178
4908,.2936,.0682,.5981,.0000
4909,.6728,.0121,.2909,.0000
4910,.7099,.1150,.1137,.0000
4911,.4945,.1155,.2054,.1092
4912,.5168,.1883,.2239,.0000
4913,.1899,.2315,.4968,.0000
4914,.6107,.0597,.2520,.0086
4915,.7609,.1035,.0602,.0025
4916,.2517,.3265,.3632,.0000
4917,.2306,.2310,.4850,.0000
4918,.4723,.0384,.4485,.0000
4919,.5552,.0000,.4052,.0000
4920,.5492,.0101,.3952,.0000
4921,.5373,.0338,.3940,.0000
4922,.6525,.0537,.2058,.0530
4923,.5227,.0374,.2513,.1477
4924,.4927,.0130,.4215,.0322
4925,.4843,.0559,.4046,.0000
4926,.3514,.2980,.3036,.0000
4927,.1101,.4391,.3879,.0000
4928,.0526,.3655,.5167,.0000
4929,.0360,.4387,.4637,.0000
4930,.0116,.4394,.4757,.0000
4931,.0188,.2813,.6282,.0000
4932,.2508,.1562,.5217,.0000
4933,.5244,.0264,.3792,.0000
4934,.5627,.0049,.3770,.0000
4935,.5358,.0134,.3908,.0000
4936,.6130,.0130,.3248,.0000
4937,.7443,.0157,.2002,.0000
4938,.8281,.0344,.0935,.0000
4939,.8457,.0161,.1220,.0000
4940,.7844,.0000,.1886,.0000
4941,.5595,.0000,.4034,.0000
4942,.6291,.0118,.3132,.0000
4943,.1909,.6791,.1154,.0000
4944,.0669,.3883,.4954,.0000
4945,.0978,.4134,.3864,.0265
4946,.0787,.4472,.3219,.0549
4947,.1281,.4322,.3542,.0071
4948,.0962,.3079,.5173,.0000
4949,.1677,.0990,.6548,.0000
4950,.3231,.0361,.5673,.0000
4951,.0581,.4442,.3864,.0000
4952,.1109,.5353,.2620,.0000
4953,.0785,.3310,.5048,.0000
4954,.1145,.1770,.6189,.0000
4955,.1450,.0661,.7020,.0000
4956,.2947,.0381,.5874,.0000
4957,.1787,.0711,.6808,.0000
4958,.3726,.0692,.4950,.0000
4959,.4450,.1418,.3462,.0000
4960,.3715,.1333,.4158,.0164
4961,.4116,.0931,.4123,.0227
4962,.6266,.0319,.2808,.0000
4963,.6668,.0462,.2171,.0000
4964,.5815,.0283,.3484,.0000
4965,.7805,.0075,.2082,.0000
4966,.7718,.0167,.2116,.0000
4967,.7124,.0168,.2708,.0000
4968,.6843,.0004,.3015,.0000
4969,.6417,.0000,.3420,.0000
4970,.7191,.0013,.2622,.0000
4971,.7979,.0007,.1967,.0000
4972,.7881,.0000,.1944,.0000
4973,.7689,.0048,.2039,.0000
4974,.6768,.0274,.2625,.0000
4975,.4834,.0401,.4295,.0000
4976,.7325,.0552,.1640,.0000
4977,.6368,.0689,.2464,.0000
4978,.2698,.2259,.4308,.0168
4979,.5487,.1749,.1771,.0267
4980,.2688,.1345,.5457,.0018
4981,.6556,.0664,.2384,.0003
4982,.6857,.0702,.2126,.0000
4983,.3863,.1836,.3875,.0000
4984,.4456,.1791,.3325,.0000
4985,.7375,.1338,.0874,.0000
4986,.5684,.2292,.1312,.0117
4987,.4053,.1104,.3609,.0733
4988,.4919,.1096,.1075,.2405
4989,.5604,.0304,.2702,.0804
4990,.7465,.0584,.1389,.0000
4991,.5675,.2553,.1097,.0000
4992,.2061,.3276,.4223,.0000
4993,.3165,.0601,.4069,.1691
4994,.6597,.0000,.2335,.0731
4995,.5463,.0061,.4020,.0000
4996,.5068,.0000,.4569,.0000
4997,.6313,.0014,.3375,.0000
4998,.7518,.0031,.2140,.0000
4999,.5891,.0006,.3885,.0000
5000,.6497,.0114,.3014,.0000
5001,.4082,.3090,.2495,.0000
5002,.2622,.4675,.2316,.0000
5003,.3845,.1472,.4118,.0000
5004,.3198,.1555,.4637,.0000
5005,.2648,.2870,.3774,.0000
5006,.2210,.2789,.4314,.0000
5007,.2897,.1635,.4785,.0000
5008,.6462,.0273,.2696,.0000
5009,.8118,.0170,.1224,.0000
5010,.6764,.0106,.2698,.0000
5011,.8001,.0093,.1536,.0000
5012,.8002,.0000,.1744,.0000
5013,.8378,.0179,.1081,.0000
5014,.7722,.0322,.1794,.0000
5015,.7491,.0016,.2149,.0000
5016,.6812,.0055,.2692,.0000
5017,.4369,.0243,.4950,.0000
5018,.5814,.0571,.3244,.0000
5019,.2859,.2344,.4316,.0000
5020,.5182,.1028,.1897,.1164
5021,.3846,.1130,.1742,.2668
5022,.3774,.0160,.5244,.0348
5023,.4326,.0790,.4238,.0000
5024,.3494,.1354,.4532,.0000
5025,.4570,.0372,.4463,.0000
5026,.0739,.3914,.4284,.0000
5027,.1489,.3768,.3919,.0000
5028,.1250,.3349,.4558,.0000
5029,.0640,.3036,.5524,.0000
5030,.1845,.0851,.6361,.0000
5031,.4349,.0407,.4533,.0000
5032,.3620,.0408,.5262,.0000
5033,.3492,.0397,.5414,.0000
5034,.4560,.1860,.2897,.0000
5035,.2478,.2130,.4775,.0000
5036,.3781,.1157,.4466,.0000
5037,.6737,.0000,.2854,.0000
5038,.6698,.0295,.2511,.0000
5039,.6362,.0262,.2923,.0000
5040,.7525,.0000,.2263,.0000
5041,.7104,.0000,.2777,.0000
5042,.6606,.0000,.3310,.0000
5043,.5695,.0000,.4232,.0000
5044,.6977,.0000,.2932,.0000
5045,.6706,.0035,.3197,.0000
5046,.7014,.0042,.2876,.0000
5047,.5869,.0053,.3940,.0000
5048,.7602,.0116,.2050,.0000
5049,.6616,.0359,.2722,.0000
5050,.7347,.0086,.2338,.0000
5051,.8007,.0000,.1732,.0000
5052,.5414,.0346,.3803,.0000
5053,.6210,.1018,.2186,.0000
5054,.7510,.0764,.1163,.0000
5055,.6377,.1146,.1573,.0174
5056,.7567,.0945,.1107,.0031
5057,.6122,.2063,.1640,.0000
5058,.2513,.5831,.1498,.0000
5059,.3777,.1598,.4249,.0000
5060,.1263,.7391,.1236,.0000
5061,.6892,.0545,.2083,.0000
5062,.4579,.1160,.3661,.0031
5063,.4867,.0808,.3598,.0132
5064,.6782,.0145,.2329,.0055
5065,.6434,.0177,.2932,.0000
5066,.6185,.1639,.1587,.0000
5067,.0565,.2865,.6114,.0000
5068,.0744,.2056,.6426,.0313
5069,.1591,.0877,.6794,.0137
5070,.2123,.0604,.6836,.0000
5071,.6693,.0056,.2802,.0000
5072,.6194,.0000,.3504,.0000
5073,.7457,.0000,.2217,.0000
5074,.7724,.0000,.1981,.0000
5075,.7303,.0000,.2261,.0000
5076,.6188,.1218,.2239,.0000
5077,.4790,.1685,.3138,.0000
5078,.5462,.0130,.4017,.0000
5079,.7231,.0121,.2232,.0000
5080,.6306,.0705,.2453,.0000
5081,.5525,.0723,.3214,.0000
5082,.4804,.0299,.4395,.0000
5083,.7339,.0037,.2257,.0000
5084,.8526,.0107,.0984,.0000
5085,.7202,.0035,.2438,.0000
5086,.7381,.0043,.2197,.0000
5087,.7912,.0037,.1651,.0000
5088,.6713,.0172,.2589,.0000
5089,.6266,.0102,.3149,.0000
5090,.6478,.0335,.2666,.0000
5091,.5304,.0319,.3762,.0000
5092,.3952,.0502,.4886,.0004
5093,.3759,.1326,.3673,.0579
5094,.3471,.4516,.1274,.0294
5095,.5804,.0336,.2809,.0523
5096,.2647,.0099,.5585,.1132
5097,.2750,.0024,.6760,.0106
5098,.5442,.0211,.3875,.0000
5099,.4949,.0559,.4031,.0000
5100,.6430,.0087,.3206,.0000
5101,.0464,.3245,.5305,.0000
5102,.1463,.1843,.5840,.0000
5103,.1895,.2294,.5071,.0000
5104,.0874,.5148,.3361,.0000
5105,.1509,.2418,.5417,.0000
5106,.4345,.0712,.4343,.0000
5107,.4717,.0388,.4214,.0000
5108,.3580,.0410,.5250,.0000
5109,.1918,.5534,.2096,.0000
5110,.2429,.1828,.5030,.0000
5111,.3423,.0982,.4969,.0000
5112,.6154,.0028,.3399,.0000
5113,.7050,.0054,.2597,.0000
5114,.7013,.0106,.2582,.0000
5115,.7228,.0000,.2426,.0000
5116,.6424,.0000,.3181,.0000
5117,.6053,.0000,.3638,.0000
5118,.5989,.0000,.3767,.0000
5119,.7285,.0000,.2561,.0000
5120,.7532,.0000,.2468,.0000
5121,.7496,.0073,.2212,.0000
5122,.7043,.0173,.2746,.0000
5123,.6906,.0017,.2895,.0000
5124,.6313,.0036,.3411,.0000
5125,.6982,.0000,.2884,.0000
5126,.7078,.0000,.2784,.0000
5127,.4908,.0258,.4458,.0000
5128,.6820,.0309,.2419,.0000
5129,.7505,.0170,.1776,.0000
5130,.5340,.0285,.3853,.0000
5131,.6961,.0944,.1772,.0000
5132,.7158,.0167,.2328,.0000
5133,.7445,.0566,.1569,.0000
5134,.6895,.0578,.2007,.0000
5135,.6320,.0656,.2654,.0000
5136,.7858,.0083,.1800,.0000
5137,.6227,.0429,.2709,.0000
5138,.4593,.1106,.3709,.0000
5139,.5474,.0742,.3143,.0160
5140,.6732,.0166,.2597,.0022
5141,.6967,.0135,.2476,.0000
5142,.2433,.2004,.4982,.0000
5143,.0396,.4456,.5004,.0000
5144,.0232,.3436,.5991,.0000
5145,.0388,.1802,.7320,.0000
5146,.1390,.0365,.7720,.0000
5147,.3384,.0262,.5794,.0000
5148,.6880,.0915,.1587,.0000
5149,.7647,.0547,.1320,.0000
5150,.7750,.0000,.1854,.0000
5151,.8569,.0035,.1075,.0000
5152,.8052,.0083,.1483,.0000
5153,.7563,.0017,.2034,.0000
5154,.7723,.0128,.1629,.0000
5155,.7400,.0365,.1686,.0000
5156,.6886,.0035,.2544,.0000
5157,.6909,.0272,.2183,.0000
5158,.7521,.0652,.1361,.0000
5159,.8006,.0245,.1272,.0000
5160,.5246,.0333,.3874,.0000
5161,.3293,.0315,.5505,.0000
5162,.3446,.1436,.4040,.0000
5163,.2444,.1527,.5303,.0000
5164,.4127,.2005,.3083,.0000
5165,.4533,.2386,.2253,.0000
5166,.2797,.1800,.4571,.0000
5167,.1469,.1127,.6510,.0040
5168,.4365,.0661,.2394,.1600
5169,.5022,.1099,.2595,.0457
5170,.4702,.0802,.2908,.0962
5171,.4821,.0258,.1291,.2949
5172,.5891,.0208,.3068,.0262
5173,.6860,.0000,.2787,.0000
5174,.5770,.0000,.3923,.0000
5175,.5206,.0000,.4703,.0000
5176,.1172,.2350,.5574,.0000
5177,.2100,.0989,.5944,.0000
5178,.2344,.2369,.4669,.0000
5179,.0783,.6006,.2767,.0000
5180,.0550,.3904,.5092,.0000
5181,.2644,.1334,.5317,.0000
5182,.4671,.0560,.4036,.0000
5183,.5241,.0593,.3412,.0000
5184,.2705,.3027,.3711,.0000
5185,.3574,.0741,.5068,.0000
5186,.4043,.0655,.3150,.1594
5187,.6516,.0170,.2167,.0657
5188,.7229,.0004,.2502,.0000
5189,.6859,.0000,.2941,.0000
5190,.7473,.0000,.2210,.0000
5191,.7119,.0000,.2363,.0000
5192,.5909,.0000,.3622,.0000
5193,.6086,.0000,.3510,.0000
5194,.6464,.0000,.3211,.0000
5195,.7839,.0000,.2021,.0000
5196,.8159,.0039,.1660,.0000
5197,.7218,.0093,.2676,.0000
5198,.7912,.0000,.2056,.0000
5199,.6967,.0000,.2972,.0000
5200,.7039,.0000,.2961,.0000
5201,.6843,.0000,.3156,.0000
5202,.7001,.0051,.2758,.0000
5203,.6991,.0000,.2745,.0000
5204,.6930,.0092,.2557,.0000
5205,.6096,.0293,.3191,.0000
5206,.5992,.0485,.3235,.0000
5207,.5912,.0019,.3707,.0000
5208,.7018,.0106,.2457,.0000
5209,.7314,.0054,.2208,.0000
5210,.5915,.0249,.3431,.0000
5211,.7534,.0006,.2234,.0000
5212,.7448,.0178,.1941,.0000
5213,.6947,.0468,.1956,.0000
5214,.6376,.0514,.0708,.1764
5215,.7120,.0797,.1434,.0246
5216,.8912,.0074,.0645,.0000
5217,.4648,.0802,.3999,.0000
5218,.0417,.3785,.5389,.0000
5219,.0015,.5979,.3682,.0000
5220,.0011,.6128,.3843,.0000
5221,.0031,.5136,.4637,.0000
5222,.1269,.2033,.6191,.0000
5223,.6844,.0530,.2048,.0000
5224,.7545,.0196,.1840,.0000
5225,.5967,.0000,.3813,.0000
5226,.8182,.0000,.1605,.0000
5227,.8920,.0009,.0847,.0000
5228,.9380,.0004,.0383,.0000
5229,.9138,.0060,.0478,.0000
5230,.8126,.0446,.0835,.0000
5231,.7880,.0349,.1182,.0000
5232,.8419,.0156,.0895,.0000
5233,.8099,.0285,.1223,.0000
5234,.6272,.0524,.2483,.0000
5235,.1578,.2043,.5599,.0000
5236,.0337,.2584,.5988,.0000
5237,.1177,.3575,.4306,.0000
5238,.2712,.2882,.3689,.0133
5239,.3970,.2691,.1763,.0956
5240,.3997,.2708,.2039,.0503
5241,.2304,.2381,.4514,.0000
5242,.1100,.2114,.5984,.0035
5243,.4327,.1208,.2301,.1280
5244,.4618,.1132,.2294,.1307
5245,.5997,.0814,.2510,.0000
5246,.5405,.0550,.0391,.2950
5247,.2885,.0992,.3804,.1517
5248,.5834,.0030,.2129,.1523
5249,.7766,.0000,.1204,.0686
5250,.4729,.0000,.5113,.0000
5251,.2559,.1722,.5005,.0000
5252,.2236,.1024,.6059,.0000
5253,.1313,.3070,.5098,.0000
5254,.0752,.5228,.3595,.0000
5255,.0531,.4203,.4700,.0000
5256,.2010,.1502,.5776,.0000
5257,.4114,.0822,.4333,.0000
5258,.5245,.0384,.3674,.0000
5259,.3507,.0126,.5761,.0000
5260,.3405,.0200,.5803,.0000
5261,.4466,.0924,.3148,.0764
5262,.5163,.0752,.3135,.0311
5263,.7535,.0082,.2016,.0000
5264,.7169,.0000,.2586,.0000
5265,.7413,.0000,.2288,.0000
5266,.7066,.0000,.2484,.0000
5267,.5399,.0000,.4151,.0000
5268,.5443,.0000,.4010,.0000
5269,.5996,.0000,.3521,.0000
5270,.7317,.0000,.2375,.0000
5271,.6987,.0000,.2965,.0000
5272,.6537,.0000,.3376,.0000
5273,.7227,.0000,.2742,.0000
5274,.6825,.0000,.3050,.0000
5275,.6527,.0000,.3360,.0000
5276,.6854,.0003,.2971,.0000
5277,.7116,.0071,.2647,.0000
5278,.7304,.0000,.2484,.0000
5279,.6571,.0033,.2912,.0000
5280,.6575,.0045,.3060,.0000
5281,.6540,.0003,.3233,.0000
5282,.6515,.0000,.3358,.0000
5283,.7642,.0000,.2179,.0000
5284,.6523,.0022,.3222,.0000
5285,.5402,.0184,.4019,.0000
5286,.6381,.0060,.3264,.0000
5287,.5984,.0433,.2770,.0240
5288,.5760,.0773,.2332,.0353
5289,.5112,.1186,.1918,.0988
5290,.7710,.0751,.0656,.0462
5291,.7754,.0149,.1591,.0135
5292,.4645,.0451,.4344,.0000
5293,.1167,.2086,.5983,.0000
5294,.0285,.5737,.3356,.0000
5295,.0071,.5610,.4239,.0000
5296,.0333,.3127,.6127,.0000
5297,.4505,.1444,.3520,.0000
5298,.8636,.0152,.0811,.0000
5299,.9235,.0002,.0478,.0000
5300,.8986,.0000,.0872,.0000
5301,.8685,.0001,.1218,.0000
5302,.9382,.0000,.0475,.0000
5303,.9872,.0000,.0019,.0000
5304,.8285,.0004,.1473,.0000
5305,.5494,.3043,.1159,.0000
5306,.5464,.3955,.0310,.0000
5307,.8809,.0012,.0828,.0000
5308,.8500,.0005,.1240,.0000
5309,.6323,.2100,.1115,.0000
5310,.0522,.6201,.2914,.0000
5311,.1082,.3493,.4794,.0000
5312,.3455,.3115,.2898,.0000
5313,.1809,.3177,.4224,.0284
5314,.4619,.1305,.2165,.1352
5315,.3058,.1215,.2409,.2701
5316,.2233,.1341,.4434,.1357
5317,.1964,.1294,.4648,.1284
5318,.3964,.0923,.3817,.0409
5319,.5362,.0901,.1968,.1027
5320,.6074,.0505,.2660,.0000
5321,.5178,.0783,.1394,.1926
5322,.3180,.1391,.3142,.1562
5323,.5589,.0101,.0777,.2949
5324,.4991,.0024,.2372,.2288
5325,.6786,.0173,.2806,.0000
5326,.3250,.0351,.5700,.0000
5327,.1703,.0809,.6852,.0000
5328,.0893,.4647,.4013,.0000
5329,.0859,.6334,.2202,.0000
5330,.1391,.4421,.3413,.0000
5331,.2134,.1786,.5338,.0000
5332,.4139,.0475,.4682,.0000
5333,.5380,.0228,.3829,.0000
5334,.4808,.0260,.4260,.0000
5335,.2993,.0893,.5330,.0000
5336,.3439,.1271,.4575,.0000
5337,.4137,.1543,.3774,.0000
5338,.6704,.0254,.2540,.0000
5339,.7746,.0000,.2037,.0000
5340,.7635,.0000,.2136,.0000
5341,.7549,.0000,.2144,.0000
5342,.6042,.0000,.3677,.0000
5343,.6265,.0016,.3230,.0000
5344,.5889,.0039,.3616,.0000
5345,.5444,.0038,.4236,.0000
5346,.4460,.0014,.5321,.0000
5347,.6562,.0000,.3350,.0000
5348,.5696,.0000,.4121,.0000
5349,.5693,.0000,.3999,.0000
5350,.3447,.3757,.2641,.0000
5351,.6982,.1005,.1702,.0000
5352,.7311,.0196,.2199,.0000
5353,.7127,.0000,.2731,.0000
5354,.6197,.0116,.3194,.0000
5355,.5686,.0451,.3321,.0000
5356,.6024,.0145,.3446,.0000
5357,.5891,.0031,.4078,.0000
5358,.6799,.0000,.3033,.0000
5359,.6157,.0094,.3435,.0000
5360,.4867,.3505,.1324,.0000
5361,.7653,.0178,.1687,.0112
5362,.5297,.1263,.1881,.0886
5363,.4238,.1579,.2441,.0874
5364,.3357,.1532,.4150,.0100
5365,.4284,.1051,.2859,.1100
5366,.7057,.0942,.0908,.0452
5367,.5859,.0372,.3116,.0000
5368,.3242,.1571,.4378,.0000
5369,.1058,.4400,.3935,.0000
5370,.0000,.5835,.3912,.0000
5371,.1155,.2952,.5474,.0000
5372,.5458,.0563,.3580,.0000
5373,.8851,.0000,.1064,.0000
5374,.8976,.0000,.1024,.0000
5375,.8522,.0000,.1478,.0000
5376,.7092,.0042,.2683,.0000
5377,.6744,.0062,.2797,.0000
5378,.7836,.0007,.1764,.0000
5379,.9288,.0001,.0427,.0000
5380,.8187,.0225,.1348,.0000
5381,.6822,.0314,.2568,.0000
5382,.7822,.0000,.1941,.0000
5383,.8161,.0000,.1772,.0000
5384,.6551,.2695,.0517,.0000
5385,.0757,.6033,.2982,.0000
5386,.4694,.1667,.3086,.0000
5387,.5430,.0996,.2993,.0000
5388,.3875,.1363,.4107,.0072
5389,.3791,.0368,.4984,.0284
5390,.3494,.0345,.4710,.0967
5391,.3942,.0520,.4495,.0536
5392,.3639,.1407,.3740,.0605
5393,.4093,.0539,.4678,.0000
5394,.4585,.1023,.3481,.0000
5395,.4451,.0676,.4092,.0000
5396,.6362,.0390,.2522,.0000
5397,.5101,.1264,.2652,.0398
5398,.5218,.0168,.0631,.3337
5399,.4416,.0053,.2508,.2505
5400,.5123,.0422,.2934,.1068
5401,.3554,.0252,.5493,.0000
5402,.3133,.1141,.4999,.0000
5403,.1342,.5493,.2108,.0000
5404,.0180,.6241,.3177,.0000
5405,.0970,.4088,.4184,.0000
5406,.1806,.4752,.2737,.0000
5407,.1618,.3109,.4440,.0000
5408,.2042,.0830,.6268,.0000
5409,.4426,.0509,.4299,.0000
5410,.3635,.4347,.1570,.0000
5411,.2365,.3555,.3558,.0000
5412,.3321,.0993,.4932,.0000
5413,.5808,.0333,.3431,.0000
5414,.7375,.0000,.2318,.0000
5415,.7364,.0000,.2520,.0000
5416,.7531,.0000,.2300,.0000
5417,.6268,.0000,.3458,.0000
5418,.6619,.0025,.2906,.0000
5419,.5652,.0438,.3262,.0000
5420,.5296,.0398,.3917,.0000
5421,.5096,.0077,.4457,.0000
5422,.6369,.0126,.3274,.0000
5423,.4098,.0045,.5523,.0000
5424,.4714,.0000,.5003,.0000
5425,.1758,.6838,.1332,.0000
5426,.5115,.1787,.2736,.0000
5427,.7000,.0090,.2680,.0000
5428,.7109,.0000,.2667,.0000
5429,.6371,.0448,.2200,.0587
5430,.5032,.1683,.2558,.0204
5431,.3918,.1702,.3837,.0000
5432,.5183,.0910,.3766,.0000
5433,.6342,.0152,.3252,.0000
5434,.7064,.0265,.2242,.0000
5435,.2788,.4417,.2575,.0000
5436,.7416,.0239,.1530,.0407
5437,.5004,.1635,.1527,.1028
5438,.2577,.2233,.4399,.0000
5439,.1941,.1668,.5464,.0000
5440,.2609,.2273,.4268,.0199
5441,.5360,.1572,.1317,.1103
5442,.5321,.0768,.3101,.0243
5443,.5730,.0369,.3369,.0000
5444,.1337,.4641,.3655,.0000
5445,.0226,.7277,.2204,.0000
5446,.0475,.4999,.4180,.0000
5447,.3572,.1367,.4581,.0000
5448,.7123,.0039,.2684,.0000
5449,.6683,.0000,.3315,.0000
5450,.8183,.0000,.1817,.0000
5451,.6848,.0000,.3015,.0000
5452,.7195,.0338,.2096,.0000
5453,.7443,.0079,.2077,.0000
5454,.7895,.0019,.1717,.0000
5455,.7303,.0243,.2080,.0000
5456,.8143,.0264,.1197,.0000
5457,.8586,.0029,.1077,.0000
5458,.8009,.0202,.1563,.0000
5459,.4707,.2235,.2612,.0000
5460,.4485,.2654,.2375,.0000
5461,.5207,.0863,.3395,.0000
5462,.2115,.0995,.6294,.0000
5463,.4410,.0927,.4218,.0000
5464,.7354,.0604,.1532,.0000
5465,.5456,.0911,.3142,.0000
5466,.6129,.0310,.3125,.0000
5467,.6708,.0626,.2163,.0000
5468,.5590,.0772,.2970,.0000
5469,.4713,.0699,.3711,.0000
5470,.4917,.0336,.3964,.0000
5471,.5116,.0243,.4049,.0000
5472,.5506,.1904,.0658,.1383
5473,.3043,.0189,.0485,.5533
5474,.3614,.0335,.2897,.2206
5475,.2164,.0688,.3826,.2554
5476,.2172,.0517,.6521,.0000
5477,.1083,.1271,.6986,.0000
5478,.1713,.5001,.2730,.0000
5479,.0139,.6981,.2481,.0000
5480,.0089,.5814,.3559,.0000
5481,.1359,.2861,.4870,.0000
5482,.2618,.1745,.4553,.0000
5483,.4860,.0244,.4013,.0000
5484,.5416,.0526,.3478,.0000
5485,.3433,.0590,.5439,.0000
5486,.4867,.0429,.4230,.0000
5487,.3762,.0419,.5313,.0000
5488,.4281,.0361,.4948,.0000
5489,.7346,.0115,.2504,.0000
5490,.7261,.0000,.2633,.0000
5491,.6286,.0000,.3397,.0000
5492,.6499,.0000,.3242,.0000
5493,.6612,.0093,.2675,.0000
5494,.5900,.0727,.2697,.0000
5495,.5951,.0610,.3002,.0000
5496,.4134,.0067,.5462,.0000
5497,.6823,.0284,.2576,.0000
5498,.4370,.0211,.5081,.0000
5499,.6740,.0000,.3047,.0000
5500,.5402,.1980,.2458,.0000
5501,.5412,.0654,.3546,.0000
5502,.6989,.0254,.2506,.0000
5503,.6989,.0233,.2504,.0000
5504,.6432,.0978,.1834,.0368
5505,.5896,.2157,.1269,.0126
5506,.4172,.3458,.1935,.0000
5507,.6137,.1644,.1837,.0000
5508,.6925,.0524,.2090,.0000
5509,.6490,.0907,.1785,.0000
5510,.2888,.0927,.5687,.0000
5511,.6863,.0166,.2150,.0256
5512,.6110,.1291,.1196,.0614
5513,.5720,.2436,.1255,.0000
5514,.5292,.1209,.2989,.0000
5515,.4864,.1221,.2826,.0552
5516,.3940,.0456,.2261,.2676
5517,.6693,.0405,.2015,.0393
5518,.6576,.0127,.2831,.0000
5519,.2389,.5718,.1649,.0000
5520,.1476,.6754,.1372,.0000
5521,.0920,.5356,.2929,.0467
5522,.5486,.1341,.2231,.0421
5523,.8431,.0153,.1157,.0000
5524,.7409,.0000,.2584,.0000
5525,.6728,.0000,.3272,.0000
5526,.7302,.0000,.2597,.0000
5527,.7135,.0000,.2491,.0000
5528,.5527,.0000,.4091,.0000
5529,.6684,.0000,.3066,.0000
5530,.5980,.0102,.3602,.0000
5531,.5950,.0153,.3392,.0000
5532,.6721,.0097,.2726,.0000
5533,.6583,.0044,.3022,.0000
5534,.6147,.0465,.2823,.0000
5535,.4651,.1032,.3712,.0000
5536,.4708,.0842,.4078,.0000
5537,.5063,.1318,.3066,.0000
5538,.4342,.0733,.4301,.0000
5539,.6068,.0444,.2896,.0000
5540,.6071,.0427,.2641,.0000
5541,.4874,.0118,.4500,.0000
5542,.6319,.0125,.3292,.0000
5543,.6619,.0824,.2117,.0000
5544,.4861,.1270,.3264,.0000
5545,.6009,.0673,.2757,.0000
5546,.5442,.0311,.3541,.0000
5547,.3869,.0875,.3938,.0653
5548,.2856,.0048,.3427,.3002
5549,.0917,.0147,.6531,.1542
5550,.1326,.0462,.2976,.4587
5551,.2631,.2271,.4304,.0000
5552,.2068,.2197,.4761,.0000
5553,.0833,.2223,.6055,.0000
5554,.1046,.5740,.2765,.0000
5555,.0877,.4579,.3821,.0000
5556,.2891,.1932,.4375,.0000
5557,.3501,.1462,.4145,.0000
5558,.3567,.0720,.4927,.0000
5559,.4416,.0514,.4477,.0000
5560,.3940,.0286,.5228,.0000
5561,.4167,.0294,.5135,.0000
5562,.3934,.0242,.5244,.0004
5563,.3541,.0888,.4887,.0149
5564,.4333,.0301,.5111,.0000
5565,.6444,.0000,.3367,.0000
5566,.7172,.0000,.2553,.0000
5567,.6700,.0000,.2918,.0000
5568,.6484,.0011,.3005,.0000
5569,.6448,.0084,.2897,.0000
5570,.7167,.0188,.2128,.0000
5571,.6236,.0037,.3451,.0000
5572,.7292,.0049,.2609,.0000
5573,.8096,.0043,.1805,.0000
5574,.8502,.0000,.1371,.0000
5575,.6419,.0000,.3381,.0000
5576,.5907,.0054,.3772,.0000
5577,.7368,.0204,.1948,.0000
5578,.7869,.0215,.1577,.0000
5579,.7425,.0599,.1603,.0000
5580,.6546,.1137,.1788,.0000
5581,.4268,.3074,.2208,.0000
5582,.4058,.4787,.0910,.0000
5583,.6930,.0699,.1696,.0000
5584,.4566,.1236,.3368,.0000
5585,.1767,.1021,.5874,.0818
5586,.7610,.0021,.1941,.0000
5587,.7220,.0753,.1502,.0000
5588,.6860,.2088,.0416,.0036
5589,.5833,.0496,.3277,.0011
5590,.7448,.0504,.1348,.0266
5591,.4946,.0410,.3004,.1064
5592,.6301,.0150,.3153,.0000
5593,.5475,.0041,.4133,.0000
5594,.4651,.1078,.3816,.0000
5595,.2979,.3113,.3400,.0000
5596,.3164,.3499,.2155,.0805
5597,.7167,.0692,.0953,.0722
5598,.8978,.0124,.0728,.0000
5599,.8599,.0018,.1271,.0000
5600,.7550,.0069,.2276,.0000
5601,.6616,.0000,.3231,.0000
5602,.6562,.0022,.3123,.0000
5603,.6750,.0003,.2911,.0000
5604,.8836,.0000,.1066,.0000
5605,.7194,.0000,.2580,.0000
5606,.5608,.0000,.3982,.0000
5607,.7161,.0062,.2270,.0000
5608,.4942,.0394,.4144,.0000
5609,.4350,.0729,.4327,.0000
5610,.4904,.1351,.3122,.0000
5611,.4120,.1462,.3978,.0000
5612,.6729,.0180,.2747,.0000
5613,.4824,.0188,.4271,.0000
5614,.4869,.0386,.3993,.0000
5615,.3864,.0694,.4848,.0000
5616,.4430,.0278,.4783,.0000
5617,.5561,.0086,.4051,.0000
5618,.6841,.0189,.2662,.0000
5619,.6485,.0466,.2724,.0000
5620,.6936,.0717,.1962,.0000
5621,.6919,.1413,.1142,.0000
5622,.3513,.1366,.4542,.0047
5623,.3631,.0335,.3720,.1759
5624,.4002,.0000,.3147,.1601
5625,.4270,.0071,.0782,.4184
5626,.1221,.3103,.4775,.0000
5627,.1961,.2862,.4280,.0000
5628,.2386,.1853,.4927,.0000
5629,.1117,.4987,.3222,.0000
5630,.0846,.4746,.3822,.0000
5631,.3329,.2432,.3504,.0000
5632,.4911,.1533,.2680,.0000
5633,.2579,.1030,.5627,.0000
5634,.3271,.0768,.5403,.0000
5635,.4309,.0465,.4681,.0000
5636,.4421,.0266,.4591,.0000
5637,.4863,.0252,.3950,.0067
5638,.5021,.0838,.1762,.1895
5639,.7137,.0175,.2420,.0000
5640,.7178,.0000,.2787,.0000
5641,.7187,.0000,.2638,.0000
5642,.7533,.0000,.2064,.0000
5643,.6308,.0004,.3145,.0000
5644,.4348,.0197,.4587,.0000
5645,.4000,.0384,.4867,.0000
5646,.5858,.0060,.3725,.0000
5647,.6512,.0000,.3119,.0000
5648,.6238,.0000,.3435,.0000
5649,.7151,.0000,.2620,.0000
5650,.7816,.0000,.1984,.0000
5651,.7326,.0020,.2359,.0000
5652,.7090,.0169,.2294,.0000
5653,.8037,.0071,.1417,.0000
5654,.7141,.0129,.2204,.0000
5655,.2572,.0809,.6040,.0000
5656,.1512,.3364,.4304,.0000
5657,.3056,.2422,.3814,.0000
5658,.7006,.0344,.1940,.0000
5659,.5997,.0552,.2750,.0000
5660,.4150,.0701,.4130,.0390
5661,.7487,.0000,.2008,.0000
5662,.7395,.0542,.1516,.0000
5663,.7170,.1498,.0500,.0275
5664,.6114,.0293,.3213,.0072
5665,.7762,.0216,.1891,.0000
5666,.7324,.0402,.1985,.0000
5667,.6128,.0499,.2890,.0000
5668,.5915,.0125,.3562,.0000
5669,.4038,.0712,.4854,.0000
5670,.4414,.0159,.5027,.0000
5671,.5047,.0073,.4388,.0000
5672,.7217,.0231,.2111,.0000
5673,.7784,.0060,.2016,.0000
5674,.7670,.0617,.1316,.0000
5675,.5917,.0710,.2975,.0000
5676,.6393,.0131,.3190,.0000
5677,.6903,.0044,.2725,.0000
5678,.5642,.0006,.3884,.0000
5679,.6995,.0000,.2737,.0000
5680,.6904,.0045,.2754,.0000
5681,.6722,.0035,.2892,.0000
5682,.6656,.0000,.2823,.0000
5683,.5354,.0867,.3202,.0000
5684,.4176,.1010,.4240,.0000
5685,.6202,.0792,.2520,.0000
5686,.6369,.0753,.2390,.0000
5687,.5524,.0168,.3915,.0000
5688,.5250,.0390,.3947,.0000
5689,.6330,.0657,.2487,.0000
5690,.5288,.0328,.3988,.0000
5691,.5121,.0037,.4622,.0000
5692,.4323,.0017,.5325,.0000
5693,.3567,.0717,.5169,.0000
5694,.4527,.1386,.3695,.0000
5695,.6895,.0502,.2492,.0000
5696,.7135,.0935,.1665,.0000
5697,.0500,.9061,.0395,.0000
5698,.0587,.8766,.0382,.0206
5699,.2115,.4524,.2384,.0207
5700,.4721,.0737,.3243,.0597
5701,.0760,.4503,.3957,.0000
5702,.2528,.1511,.5258,.0000
5703,.3005,.0877,.5308,.0000
5704,.2055,.4543,.2543,.0000
5705,.0946,.5999,.2368,.0000
5706,.2476,.3349,.3391,.0000
5707,.4111,.1088,.3832,.0000
5708,.2688,.0919,.5624,.0000
5709,.3309,.0671,.5257,.0000
5710,.3956,.0287,.4955,.0000
5711,.4057,.0251,.5029,.0000
5712,.4803,.0379,.3993,.0000
5713,.3753,.1276,.4397,.0000
5714,.4531,.0973,.4075,.0000
5715,.6612,.0765,.2310,.0000
5716,.7247,.0000,.2309,.0000
5717,.6900,.0000,.2523,.0000
5718,.5952,.0063,.3513,.0000
5719,.5373,.0405,.3747,.0000
5720,.7075,.0209,.2212,.0000
5721,.7270,.0001,.2455,.0000
5722,.6890,.0002,.2663,.0000
5723,.5788,.0045,.3656,.0000
5724,.5731,.0043,.3787,.0000
5725,.8035,.0000,.1856,.0000
5726,.7584,.0013,.2007,.0000
5727,.7466,.0106,.1899,.0000
5728,.6631,.0051,.2907,.0000
5729,.7018,.0008,.2436,.0000
5730,.3714,.0968,.4680,.0110
5731,.0619,.4425,.1782,.2539
5732,.2341,.1861,.4967,.0000
5733,.7246,.0144,.2144,.0000
5734,.6773,.0121,.2684,.0000
5735,.4942,.0281,.4368,.0000
5736,.5152,.0023,.3338,.0894
5737,.5149,.0162,.2579,.1505
5738,.4644,.1088,.3674,.0109
5739,.5853,.0870,.2922,.0028
5740,.6949,.0013,.2929,.0000
5741,.6704,.0129,.3064,.0000
5742,.7454,.0222,.1977,.0000
5743,.5987,.0055,.3604,.0000
5744,.5886,.0309,.3423,.0000
5745,.6421,.0104,.3177,.0000
5746,.5565,.0103,.3999,.0000
5747,.6950,.0044,.2630,.0000
5748,.6429,.0022,.3401,.0000
5749,.6663,.0931,.1938,.0000
5750,.6329,.1040,.2158,.0000
5751,.6455,.0242,.3007,.0000
5752,.5647,.0035,.3926,.0000
5753,.4773,.0165,.4536,.0000
5754,.6671,.0104,.2815,.0000
5755,.6591,.0124,.2907,.0000
5756,.5638,.0078,.3831,.0000
5757,.3128,.0004,.6238,.0000
5758,.5515,.0416,.3486,.0000
5759,.5602,.0472,.3426,.0000
5760,.5935,.0092,.3582,.0000
5761,.4455,.0264,.4812,.0000
5762,.3509,.0072,.5882,.0174
5763,.5314,.0456,.2765,.1123
5764,.6229,.0434,.2731,.0000
5765,.6538,.0215,.2743,.0000
5766,.6604,.0021,.3135,.0000
5767,.2910,.0019,.6826,.0000
5768,.5820,.0252,.3552,.0000
5769,.5063,.0328,.4203,.0000
5770,.7127,.0064,.2399,.0000
5771,.6649,.0148,.2637,.0000
5772,.6255,.0615,.2643,.0000
5773,.3828,.1564,.3955,.0000
5774,.3802,.2436,.2933,.0000
5775,.4660,.1517,.3258,.0000
5776,.0000,.5942,.3472,.0000
5777,.1992,.1257,.6028,.0000
5778,.2847,.0296,.6171,.0000
5779,.2730,.2552,.3793,.0000
5780,.1892,.4523,.2848,.0000
5781,.0918,.3521,.4760,.0000
5782,.1266,.2233,.5618,.0000
5783,.2248,.0976,.5863,.0000
5784,.2624,.0892,.5492,.0000
5785,.3540,.0365,.5182,.0000
5786,.3376,.0292,.5616,.0000
5787,.3444,.0275,.5500,.0000
5788,.3277,.1709,.4263,.0000
5789,.1446,.4283,.3769,.0000
5790,.3442,.3336,.2776,.0000
5791,.5647,.0158,.3483,.0000
5792,.4826,.0074,.4404,.0000
5793,.5782,.0227,.3396,.0000
5794,.6226,.0262,.2863,.0000
5795,.6557,.0204,.2690,.0000
5796,.6262,.0055,.3172,.0000
5797,.5997,.0115,.3192,.0000
5798,.3784,.0314,.5193,.0000
5799,.5166,.0145,.4148,.0000
5800,.5943,.0000,.3635,.0000
5801,.8109,.0000,.1641,.0000
5802,.6126,.0001,.3512,.0000
5803,.4365,.0001,.5337,.0000
5804,.6253,.0316,.3062,.0000
5805,.7627,.0412,.1225,.0232
5806,.3191,.1733,.0613,.3608
5807,.5578,.1192,.2541,.0000
5808,.8116,.0013,.1540,.0000
5809,.7472,.0010,.2299,.0000
5810,.7027,.0036,.2694,.0000
5811,.6780,.0062,.2550,.0203
5812,.6372,.0132,.2676,.0344
5813,.3676,.1045,.4814,.0000
5814,.6416,.1428,.1712,.0000
5815,.7055,.0179,.2552,.0000
5816,.7350,.0000,.2629,.0000
5817,.7180,.0000,.2535,.0000
5818,.6564,.0055,.2993,.0000
5819,.7823,.0028,.1834,.0000
5820,.7698,.0041,.2029,.0000
5821,.6345,.0198,.3174,.0000
5822,.6102,.0169,.3416,.0000
5823,.6776,.0026,.3035,.0000
5824,.7296,.0294,.2061,.0000
5825,.6749,.0327,.2574,.0000
5826,.6626,.0073,.3059,.0000
5827,.6900,.0035,.2726,.0000
5828,.4950,.0368,.4235,.0000
5829,.5476,.0239,.3785,.0000
5830,.6004,.0076,.3444,.0000
5831,.5850,.0049,.3652,.0000
5832,.4904,.0196,.4432,.0000
5833,.3195,.0248,.5947,.0000
5834,.3875,.0229,.5515,.0000
5835,.4267,.0000,.5355,.0000
5836,.2877,.0770,.5893,.0000
5837,.2747,.0059,.6258,.0476
5838,.3733,.0161,.2824,.2913
5839,.6152,.0546,.2954,.0000
5840,.5355,.0339,.3783,.0000
5841,.5105,.0057,.4447,.0000
5842,.6443,.0016,.3076,.0000
5843,.4493,.0236,.4647,.0000
5844,.7166,.0237,.2113,.0000
5845,.7417,.0187,.1896,.0000
5846,.7088,.0508,.1933,.0000
5847,.5602,.1717,.2298,.0000
5848,.4308,.1842,.3307,.0000
5849,.4102,.2525,.2462,.0143
5850,.2346,.1911,.4967,.0203
5851,.0266,.6850,.2444,.0000
5852,.1321,.2549,.5420,.0000
5853,.2652,.0552,.6170,.0000
5854,.4100,.1005,.4147,.0000
5855,.2874,.2449,.3992,.0000
5856,.1129,.2746,.5404,.0000
5857,.1680,.2237,.5402,.0000
5858,.0950,.0694,.7289,.0000
5859,.1311,.0987,.6715,.0000
5860,.2589,.0729,.5725,.0000
5861,.2321,.0526,.6243,.0000
5862,.2382,.0452,.6369,.0000
5863,.2504,.1710,.5062,.0000
5864,.2064,.3104,.3947,.0000
5865,.2008,.1513,.5718,.0000
5866,.2500,.0482,.6210,.0000
5867,.3335,.0396,.5292,.0000
5868,.3998,.0807,.4306,.0000
5869,.5718,.0767,.2850,.0000
5870,.5954,.0690,.2716,.0000
5871,.4075,.0275,.5138,.0000
5872,.4331,.0522,.4619,.0000
5873,.6119,.1109,.2109,.0000
5874,.6389,.0469,.2564,.0000
5875,.2299,.0000,.7230,.0000
5876,.6477,.0000,.3155,.0000
5877,.6906,.0000,.2833,.0000
5878,.6981,.0000,.2813,.0000
5879,.6948,.0000,.2828,.0000
5880,.6832,.0041,.2712,.0000
5881,.4294,.2627,.2476,.0000
5882,.3916,.5197,.0698,.0000
5883,.7844,.0000,.1879,.0000
5884,.7038,.0000,.2759,.0000
5885,.6255,.0095,.3280,.0000
5886,.4641,.0067,.4956,.0000
5887,.6931,.0016,.2554,.0000
5888,.5394,.1545,.2540,.0000
5889,.4766,.1670,.3077,.0000
5890,.6166,.0356,.3210,.0000
5891,.7499,.0000,.2335,.0000
5892,.3770,.4805,.1303,.0000
5893,.5930,.2102,.1693,.0000
5894,.8675,.0028,.1034,.0000
5895,.7865,.0084,.1894,.0000
5896,.6881,.0443,.2303,.0000
5897,.6609,.0620,.2448,.0000
5898,.7498,.0184,.2227,.0000
5899,.7845,.0032,.1978,.0000
5900,.7363,.0020,.2289,.0000
5901,.7504,.0000,.2307,.0000
5902,.7196,.0000,.2729,.0000
5903,.6265,.0146,.3335,.0000
5904,.6178,.0117,.3322,.0000
5905,.7201,.0078,.2356,.0000
5906,.7164,.0350,.2072,.0000
5907,.7242,.0299,.2132,.0000
5908,.5524,.0061,.3954,.0000
5909,.4747,.0060,.4714,.0000
5910,.5051,.0000,.4523,.0000
5911,.4091,.0814,.4770,.0000
5912,.3552,.0049,.5917,.0000
5913,.2741,.0038,.5948,.0786
5914,.2898,.0142,.5395,.1157
5915,.3743,.0181,.5478,.0000
5916,.3958,.0194,.5348,.0000
5917,.7055,.0000,.2360,.0000
5918,.5897,.0028,.3456,.0000
5919,.6169,.0114,.3181,.0000
5920,.5758,.0281,.3461,.0000
5921,.7150,.0388,.2081,.0000
5922,.7267,.0056,.2375,.0000
5923,.6454,.1341,.1686,.0000
5924,.3953,.2697,.1346,.1225
5925,.1595,.2145,.3353,.2125
5926,.0780,.7515,.1351,.0000
5927,.0401,.5039,.4015,.0000
5928,.1339,.2522,.5308,.0000
5929,.2508,.1781,.4852,.0000
5930,.1407,.3761,.4260,.0000
5931,.0727,.2821,.5777,.0000
5932,.0927,.1354,.6951,.0000
5933,.1316,.0955,.6685,.0000
5934,.1594,.1300,.6103,.0000
5935,.1508,.1585,.5920,.0000
5936,.1755,.1030,.6153,.0000
5937,.1664,.0346,.7249,.0000
5938,.2274,.0807,.6188,.0000
5939,.4347,.1338,.3576,.0000
5940,.4714,.0620,.4072,.0000
5941,.4962,.0128,.4379,.0000
5942,.4250,.1001,.3943,.0000
5943,.4297,.1213,.3620,.0095
5944,.5886,.0619,.2670,.0115
5945,.4762,.0360,.4220,.0000
5946,.4439,.0242,.4791,.0000
5947,.4320,.0128,.5161,.0000
5948,.5097,.0126,.4171,.0000
5949,.5713,.0110,.3481,.0000
5950,.4083,.0057,.5202,.0000
5951,.6864,.0000,.2812,.0000
5952,.7142,.0000,.2631,.0000
5953,.6923,.0000,.2829,.0000
5954,.7599,.0000,.2021,.0000
5955,.6671,.0170,.2650,.0000
5956,.5923,.0503,.2986,.0000
5957,.6718,.0237,.2712,.0000
5958,.6754,.0000,.3013,.0000
5959,.6049,.0000,.3670,.0000
5960,.7236,.0359,.2021,.0000
5961,.6852,.0513,.2322,.0000
5962,.7035,.0112,.2383,.0000
5963,.5533,.1008,.2847,.0000
5964,.6134,.1175,.2267,.0000
5965,.6997,.0368,.2269,.0000
5966,.7243,.0000,.2507,.0000
5967,.4211,.0921,.4406,.0000
5968,.2030,.0876,.6594,.0000
5969,.5263,.0389,.4054,.0000
5970,.7843,.0183,.1671,.0000
5971,.5860,.0736,.2961,.0000
5972,.6611,.1585,.1339,.0000
5973,.7761,.0286,.1684,.0000
5974,.6963,.0076,.2584,.0000
5975,.6063,.0171,.3510,.0000
5976,.6464,.0199,.3295,.0000
5977,.7388,.0028,.2584,.0000
5978,.6761,.0011,.3015,.0000
5979,.7283,.0055,.2361,.0000
5980,.8371,.0137,.1158,.0000
5981,.6894,.0456,.2262,.0000
5982,.6596,.0566,.2367,.0000
5983,.6467,.0262,.2877,.0000
5984,.7143,.0000,.2585,.0000
5985,.7173,.0201,.2309,.0000
5986,.7810,.0399,.1492,.0000
5987,.7390,.0090,.2100,.0000
5988,.6225,.0000,.2335,.1052
5989,.4466,.0101,.2770,.2117
5990,.3541,.0212,.3483,.2192
5991,.4632,.0212,.4492,.0284
5992,.6535,.0000,.3155,.0000
5993,.5811,.0000,.3851,.0000
5994,.4876,.0000,.4710,.0000
5995,.5730,.0052,.3806,.0000
5996,.6412,.0002,.3200,.0000
5997,.5975,.0054,.3618,.0000
5998,.5837,.1298,.2409,.0000
5999,.4332,.3215,.1812,.0000
6000,.1072,.6300,.1879,.0000
6001,.0737,.5594,.2693,.0000
6002,.0195,.7637,.1655,.0000
6003,.0037,.6136,.3347,.0000
6004,.0339,.4791,.4227,.0000
6005,.0148,.5229,.4154,.0000
6006,.0445,.2724,.6142,.0000
6007,.1115,.0799,.7148,.0000
6008,.0873,.0672,.7550,.0000
6009,.2587,.1315,.5304,.0000
6010,.1422,.2034,.5806,.0000
6011,.2475,.1273,.5488,.0000
6012,.1427,.0327,.7618,.0000
6013,.3300,.0577,.5405,.0000
6014,.3725,.0584,.4942,.0000
6015,.4339,.0379,.4563,.0000
6016,.3574,.0104,.5920,.0000
6017,.6035,.0967,.2292,.0000
6018,.4962,.1444,.2757,.0145
6019,.5845,.0988,.2267,.0174
6020,.5139,.0167,.4006,.0000
6021,.5583,.0123,.3679,.0000
6022,.5378,.0073,.4159,.0000
6023,.6654,.0122,.2784,.0000
6024,.6233,.0309,.2933,.0000
6025,.5644,.0227,.3556,.0000
6026,.6735,.0071,.2707,.0000
6027,.7120,.0069,.2532,.0000
6028,.6650,.0013,.3056,.0000
6029,.7546,.0000,.2188,.0000
6030,.6669,.0379,.2477,.0000
6031,.3958,.0383,.5278,.0000
6032,.5303,.0000,.4497,.0000
6033,.5319,.0000,.4468,.0000
6034,.6610,.0001,.3101,.0000
6035,.5442,.0354,.3772,.0000
6036,.4232,.0962,.4338,.0000
6037,.5535,.0444,.3386,.0000
6038,.3800,.1429,.3772,.0000
6039,.5977,.0663,.2997,.0000
6040,.6468,.0092,.3145,.0000
6041,.6932,.0050,.2804,.0000
6042,.8174,.0069,.1515,.0000
6043,.7625,.0357,.1628,.0000
6044,.7187,.0631,.1899,.0000
6045,.7189,.0018,.2581,.0000
6046,.7813,.0186,.1627,.0000
6047,.7087,.0851,.0350,.1212
6048,.4245,.1626,.3528,.0141
6049,.4525,.0993,.4153,.0000
6050,.6098,.0251,.3478,.0000
6051,.6404,.0164,.3280,.0000
6052,.5447,.0277,.4233,.0000
6053,.6840,.0232,.2619,.0000
6054,.6550,.0212,.2817,.0000
6055,.7320,.0111,.2221,.0000
6056,.3305,.5118,.1400,.0000
6057,.7080,.1126,.1407,.0000
6058,.6320,.1298,.1826,.0000
6059,.4852,.1582,.2974,.0000
6060,.5108,.1119,.3337,.0000
6061,.7452,.0784,.1415,.0000
6062,.6975,.0214,.2503,.0000
6063,.8029,.0000,.1795,.0000
6064,.7537,.0075,.1375,.0596
6065,.3120,.0364,.3482,.2391
6066,.3084,.0544,.3761,.2181
6067,.3938,.0070,.5607,.0000
6068,.5994,.0000,.3652,.0000
6069,.6093,.0000,.3551,.0000
6070,.5809,.0000,.3961,.0000
6071,.6644,.0014,.2972,.0000
6072,.5994,.0196,.3344,.0000
6073,.6538,.0622,.2257,.0000
6074,.5136,.1592,.2672,.0000
6075,.2813,.4264,.1906,.0005
6076,.1369,.1780,.5606,.0000
6077,.1118,.3911,.3687,.0000
6078,.0862,.5719,.2790,.0000
6079,.0000,.6771,.2544,.0000
6080,.0318,.6330,.2574,.0000
6081,.1291,.2715,.4990,.0000
6082,.1001,.0987,.7164,.0000
6083,.2664,.0320,.6005,.0000
6084,.3292,.0824,.5057,.0000
6085,.1772,.1872,.5626,.0000
6086,.3876,.0753,.4743,.0000
6087,.3752,.0410,.5295,.0000
6088,.3732,.0345,.5342,.0000
6089,.3267,.0393,.5590,.0000
6090,.3471,.0443,.5315,.0000
6091,.2603,.0342,.6511,.0000
6092,.5607,.0111,.3620,.0220
6093,.3603,.0651,.4559,.0610
6094,.5434,.0583,.3437,.0000
6095,.6576,.0211,.2586,.0000
6096,.6285,.0111,.3003,.0000
6097,.6150,.0107,.3189,.0000
6098,.6218,.0000,.3280,.0000
6099,.6125,.0332,.3042,.0000
6100,.6501,.0181,.2683,.0000
6101,.6169,.0301,.2966,.0000
6102,.7063,.0253,.2131,.0000
6103,.7258,.0027,.2304,.0000
6104,.7297,.0000,.2345,.0000
6105,.6865,.0219,.2444,.0000
6106,.6284,.0000,.3424,.0000
6107,.5463,.0000,.4322,.0000
6108,.6573,.0000,.3133,.0000
6109,.5918,.0008,.3724,.0000
6110,.4663,.0643,.4239,.0000
6111,.4646,.1532,.3363,.0000
6112,.5658,.0852,.2824,.0000
6113,.4975,.1072,.3157,.0000
6114,.4250,.0616,.4856,.0000
6115,.5929,.0000,.3841,.0000
6116,.7529,.0000,.2171,.0000
6117,.7501,.0000,.2207,.0000
6118,.6818,.0000,.2797,.0000
6119,.8041,.0000,.1813,.0000
6120,.8974,.0112,.0762,.0000
6121,.8011,.0345,.1302,.0000
6122,.7329,.0549,.1599,.0073
6123,.4089,.0618,.4819,.0009
6124,.5037,.0125,.4683,.0000
6125,.7188,.0116,.2680,.0000
6126,.7543,.0104,.2328,.0000
6127,.6271,.0136,.3580,.0000
6128,.7954,.0116,.1623,.0000
6129,.6418,.0048,.3174,.0000
6130,.7306,.0017,.2288,.0000
6131,.6107,.1685,.1880,.0000
6132,.7805,.0347,.1752,.0000
6133,.7608,.0606,.1485,.0000
6134,.5096,.2220,.2015,.0000
6135,.4039,.3092,.2343,.0000
6136,.6389,.1297,.1908,.0000
6137,.6512,.0702,.2414,.0000
6138,.7590,.0277,.1898,.0000
6139,.7185,.0000,.2593,.0000
6140,.4668,.0119,.4720,.0000
6141,.2749,.0436,.1090,.5137
6142,.3840,.0063,.5734,.0000
6143,.6412,.0000,.3288,.0000
6144,.6831,.0000,.2902,.0000
6145,.7395,.0000,.2395,.0000
6146,.7189,.0049,.2431,.0000
6147,.6910,.0414,.2216,.0000
6148,.7435,.0741,.1263,.0000
6149,.4784,.1894,.2594,.0000
6150,.3299,.3683,.2132,.0252
6151,.1186,.1654,.6300,.0000
6152,.1214,.2472,.5407,.0000
6153,.1259,.3284,.4678,.0000
6154,.0000,.5936,.3457,.0000
6155,.0249,.7041,.1971,.0000
6156,.0646,.4375,.3877,.0000
6157,.1623,.1688,.5671,.0000
6158,.3452,.0405,.4801,.0486
6159,.3263,.1352,.2393,.2213
6160,.1906,.1957,.4369,.0959
6161,.3789,.0593,.4996,.0000
6162,.4317,.0450,.4644,.0000
6163,.4517,.0360,.4407,.0000
6164,.3384,.0267,.5599,.0000
6165,.2993,.0269,.5972,.0000
6166,.4118,.0185,.5139,.0000
6167,.6006,.0054,.3381,.0162
6168,.4321,.0296,.4325,.0440
6169,.5444,.0355,.3564,.0000
6170,.6256,.0173,.2908,.0000
6171,.6346,.0104,.3004,.0000
6172,.6533,.0031,.2991,.0000
6173,.6795,.0000,.2732,.0000
6174,.5381,.0167,.3851,.0000
6175,.6492,.0044,.2907,.0000
6176,.3914,.0243,.5383,.0000
6177,.6109,.0308,.2910,.0000
6178,.7313,.0091,.2073,.0000
6179,.7732,.0000,.1978,.0000
6180,.6532,.0000,.3015,.0000
6181,.6804,.0000,.2780,.0000
6182,.6581,.0000,.3076,.0000
6183,.6520,.0000,.3102,.0000
6184,.3859,.0015,.5707,.0000
6185,.5964,.0574,.3114,.0000
6186,.5747,.0767,.3167,.0000
6187,.4345,.0352,.4884,.0000
6188,.3779,.0351,.5200,.0000
6189,.6635,.0055,.3246,.0000
6190,.6818,.0000,.2927,.0000
6191,.6471,.0000,.3218,.0000
6192,.6833,.0000,.2922,.0000
6193,.3520,.0000,.6068,.0000
6194,.6772,.0000,.3203,.0000
6195,.8208,.0075,.1612,.0000
6196,.8056,.0232,.1435,.0000
6197,.7888,.0147,.1624,.0000
6198,.7047,.0005,.2560,.0000
6199,.7097,.0041,.2547,.0000
6200,.6579,.0173,.2946,.0000
6201,.6174,.0205,.3519,.0000
6202,.7534,.0081,.2348,.0016
6203,.3034,.1022,.5552,.0000
6204,.4399,.0572,.4635,.0000
6205,.6475,.0197,.2979,.0000
6206,.6977,.0031,.2677,.0000
6207,.5592,.0162,.3980,.0000
6208,.7028,.0249,.2285,.0000
6209,.6217,.1277,.1865,.0000
6210,.3106,.2163,.4146,.0000
6211,.4889,.2527,.2048,.0000
6212,.2663,.6181,.0921,.0000
6213,.5746,.1364,.2226,.0000
6214,.5932,.0516,.3137,.0000
6215,.6064,.0032,.1649,.1913
6216,.2867,.0009,.3806,.2687
6217,.4790,.0044,.2546,.2321
6218,.6404,.0000,.3206,.0000
6219,.6718,.0000,.2791,.0000
6220,.6381,.0000,.3279,.0000
6221,.7005,.0029,.2622,.0000
6222,.7879,.0256,.1525,.0000
6223,.7810,.0476,.1199,.0000
6224,.5189,.1774,.2435,.0000
6225,.4612,.2833,.0921,.0993
6226,.1221,.2748,.5588,.0000
6227,.2294,.3330,.3928,.0000
6228,.0856,.2478,.5864,.0000
6229,.0958,.4057,.4179,.0000
6230,.0454,.7407,.1664,.0000
6231,.0052,.8442,.1187,.0000
6232,.0383,.5766,.3212,.0000
6233,.1143,.2804,.5122,.0111
6234,.1667,.2347,.4587,.0524
6235,.2667,.1507,.4849,.0239
6236,.2236,.0700,.6530,.0000
6237,.3123,.0155,.6043,.0000
6238,.4740,.0349,.4187,.0000
6239,.2726,.0836,.5752,.0000
6240,.1245,.0970,.7080,.0000
6241,.5382,.0102,.4001,.0000
6242,.5210,.0015,.4419,.0000
6243,.4012,.0135,.5265,.0000
6244,.2975,.0273,.6085,.0000
6245,.5778,.0116,.3540,.0000
6246,.6595,.0113,.2838,.0000
6247,.6621,.0000,.3062,.0000
6248,.6786,.0000,.2852,.0000
6249,.5772,.0000,.3717,.0000
6250,.7102,.0000,.2444,.0000
6251,.5246,.0022,.4289,.0000
6252,.5684,.0151,.3621,.0000
6253,.6650,.0094,.2831,.0000
6254,.6525,.0000,.3204,.0000
6255,.6154,.0000,.3468,.0000
6256,.6596,.0000,.2902,.0000
6257,.6435,.0000,.3132,.0000
6258,.6438,.0000,.3241,.0000
6259,.4534,.0003,.5201,.0000
6260,.4524,.0133,.5023,.0000
6261,.7440,.0294,.1962,.0000
6262,.6758,.0133,.2720,.0000
6263,.6098,.0261,.2935,.0000
6264,.6414,.0253,.3102,.0000
6265,.7118,.0000,.2528,.0000
6266,.5176,.0000,.4432,.0000
6267,.5349,.0000,.4342,.0000
6268,.7329,.0000,.2377,.0000
6269,.7344,.0000,.2493,.0000
6270,.7850,.0033,.2063,.0000
6271,.7804,.0031,.1995,.0000
6272,.7794,.0129,.1969,.0000
6273,.6354,.0015,.3167,.0055
6274,.5531,.0268,.3248,.0406
6275,.4899,.0696,.3658,.0251
6276,.6800,.0472,.2309,.0000
6277,.6444,.0487,.1241,.1344
6278,.3206,.2405,.3951,.0000
6279,.4300,.1774,.3280,.0095
6280,.6358,.1049,.2032,.0118
6281,.6397,.0453,.2742,.0011
6282,.4266,.0616,.4623,.0000
6283,.6770,.0835,.1775,.0000
6284,.6348,.0925,.2033,.0000
6285,.5211,.2316,.1847,.0000
6286,.3687,.4268,.1035,.0341
6287,.2099,.4636,.2698,.0000
6288,.2828,.2854,.3824,.0000
6289,.5985,.0807,.2864,.0000
6290,.6707,.0011,.2272,.0711
6291,.5885,.0004,.3398,.0244
6292,.4177,.0066,.4322,.1016
6293,.5594,.0068,.3993,.0000
6294,.6071,.0000,.3482,.0000
6295,.7567,.0000,.2027,.0000
6296,.6170,.0000,.3565,.0000
6297,.7313,.0170,.2210,.0000
6298,.6778,.0564,.2269,.0000
6299,.6084,.1353,.2176,.0000
6300,.2655,.5604,.0726,.0631
6301,.0496,.4705,.4393,.0000
6302,.0974,.3397,.5250,.0000
6303,.0071,.5051,.4223,.0000
6304,.0031,.7054,.2487,.0000
6305,.0038,.7892,.1454,.0000
6306,.0289,.6935,.2269,.0000
6307,.2060,.4870,.2724,.0000
6308,.0608,.4160,.4422,.0000
6309,.1388,.2884,.4343,.0000
6310,.3501,.1283,.4490,.0000
6311,.4616,.0562,.4250,.0000
6312,.3520,.0620,.5048,.0000
6313,.4540,.0668,.3899,.0000
6314,.4276,.0765,.4186,.0000
6315,.2788,.1173,.5264,.0000
6316,.4076,.0417,.4910,.0000
6317,.3528,.0291,.5635,.0000
6318,.3567,.0183,.5731,.0000
6319,.3685,.0172,.5646,.0000
6320,.5273,.0178,.4006,.0000
6321,.6446,.0025,.3061,.0000
6322,.6012,.0000,.3608,.0000
6323,.5765,.0000,.3933,.0000
6324,.6771,.0000,.2776,.0000
6325,.7011,.0000,.2469,.0000
6326,.6357,.0000,.3223,.0000
6327,.5711,.0000,.3929,.0000
6328,.6738,.0000,.2984,.0000
6329,.6620,.0000,.3139,.0000
6330,.6586,.0000,.3107,.0000
6331,.6158,.0000,.3229,.0000
6332,.5962,.0000,.3479,.0000
6333,.4103,.0000,.5536,.0000
6334,.6283,.0000,.3463,.0000
6335,.5246,.0000,.4506,.0000
6336,.7376,.0119,.2211,.0000
6337,.7211,.0139,.2294,.0000
6338,.6377,.0346,.2654,.0000
6339,.5814,.0515,.3039,.0000
6340,.6241,.0000,.3331,.0000
6341,.5215,.0000,.4287,.0000
6342,.5212,.0000,.4439,.0000
6343,.6563,.0000,.3145,.0000
6344,.7779,.0000,.2021,.0000
6345,.6918,.0000,.2798,.0000
6346,.6975,.0000,.2614,.0000
6347,.7356,.0000,.2260,.0000
6348,.7689,.0064,.1542,.0282
6349,.6243,.0597,.0351,.2201
6350,.5481,.0932,.1596,.1480
6351,.4891,.0461,.4103,.0000
6352,.3648,.1656,.4201,.0000
6353,.6132,.1060,.2442,.0000
6354,.4983,.1653,.0932,.1896
6355,.3606,.1601,.0863,.3251
6356,.4317,.0737,.3740,.0509
6357,.4171,.0746,.4567,.0000
6358,.3746,.1733,.3685,.0259
6359,.4512,.1241,.3255,.0344
6360,.1045,.2052,.6502,.0000
6361,.2433,.5151,.1747,.0036
6362,.4826,.2753,.2038,.0000
6363,.6384,.1657,.1663,.0000
6364,.7787,.0489,.1680,.0000
6365,.6598,.0016,.3201,.0000
6366,.7500,.0000,.2259,.0000
6367,.6379,.0015,.3323,.0000
6368,.5731,.0021,.3991,.0000
6369,.6150,.0000,.3614,.0000
6370,.7542,.0006,.2125,.0000
6371,.5224,.0107,.4256,.0000
6372,.6821,.0561,.2215,.0000
6373,.7195,.0668,.1676,.0000
6374,.4010,.1491,.4006,.0000
6375,.2856,.5130,.1607,.0000
6376,.1031,.5056,.3305,.0000
6377,.0837,.4790,.3987,.0000
6378,.0599,.6620,.2081,.0000
6379,.0087,.6757,.2400,.0000
6380,.0585,.4668,.3815,.0000
6381,.1065,.4160,.3915,.0000
6382,.0688,.4888,.3783,.0000
6383,.0193,.3772,.5335,.0000
6384,.0515,.3180,.3467,.2015
6385,.0974,.1447,.5149,.1611
6386,.2767,.0371,.6137,.0000
6387,.4366,.0492,.4413,.0000
6388,.2568,.1330,.5325,.0000
6389,.3365,.1843,.4279,.0000
6390,.4011,.1293,.4341,.0000
6391,.1948,.0870,.6595,.0000
6392,.2566,.0730,.6065,.0000
6393,.4722,.0300,.4438,.0000
6394,.5594,.0217,.3666,.0000
6395,.4134,.0412,.4939,.0000
6396,.4776,.0000,.4803,.0000
6397,.6795,.0000,.2828,.0000
6398,.5489,.0000,.4211,.0000
6399,.6273,.0000,.3226,.0000
6400,.5334,.0179,.3730,.0000
6401,.6666,.0000,.2981,.0000
6402,.6357,.0000,.3412,.0000
6403,.6829,.0000,.2830,.0000
6404,.7127,.0000,.2529,.0000
6405,.5759,.0000,.3819,.0000
6406,.5388,.0046,.3750,.0000
6407,.6242,.0055,.2791,.0000
6408,.3378,.0260,.5629,.0000
6409,.6002,.0513,.2841,.0000
6410,.6309,.0550,.2523,.0000
6411,.6969,.0278,.2159,.0000
6412,.7164,.0223,.2067,.0000
6413,.7088,.0167,.2245,.0000
6414,.6788,.0399,.2142,.0000
6415,.5652,.0310,.3410,.0000
6416,.6530,.0121,.2843,.0000
6417,.4002,.0285,.5186,.0000
6418,.3739,.0389,.5557,.0000
6419,.5727,.0153,.3819,.0000
6420,.5544,.0020,.3952,.0000
6421,.6142,.0000,.3286,.0000
6422,.6713,.0194,.2724,.0000
6423,.7633,.0070,.1901,.0000
6424,.7332,.0251,.1861,.0000
6425,.5729,.0886,.2840,.0000
6426,.3386,.1709,.4459,.0000
6427,.1427,.1922,.5565,.0545
6428,.5997,.0429,.2046,.0945
6429,.2843,.1211,.5402,.0000
6430,.2182,.1784,.5564,.0000
6431,.3932,.0558,.4851,.0000
6432,.3972,.0736,.4619,.0000
6433,.2676,.3150,.3544,.0000
6434,.2805,.4692,.1987,.0000
6435,.0942,.4380,.4326,.0000
6436,.5314,.1812,.1613,.0372
6437,.3304,.2267,.0317,.3548
6438,.3419,.3194,.0208,.2695
6439,.5703,.1765,.1259,.0867
6440,.5884,.0516,.3222,.0000
6441,.7599,.0000,.2129,.0000
6442,.7881,.0000,.1850,.0000
6443,.5531,.0187,.3952,.0000
6444,.5089,.0391,.4237,.0000
6445,.6229,.0035,.3402,.0000
6446,.5185,.0078,.3949,.0000
6447,.4544,.0534,.3821,.0000
6448,.3260,.1136,.4646,.0000
6449,.2530,.3100,.3549,.0000
6450,.2404,.6623,.0713,.0000
6451,.0288,.6222,.3167,.0000
6452,.0598,.5244,.3581,.0000
6453,.0129,.7281,.2237,.0000
6454,.0013,.6517,.2644,.0000
6455,.0549,.3853,.4410,.0000
6456,.0955,.4035,.4206,.0000
6457,.0679,.4694,.3866,.0000
6458,.1183,.3620,.4313,.0000
6459,.0897,.3930,.4328,.0000
6460,.1172,.2587,.5476,.0000
6461,.0635,.0782,.7930,.0000
6462,.1490,.0900,.6707,.0000
6463,.1626,.2387,.5104,.0000
6464,.3131,.2164,.4166,.0000
6465,.4587,.0461,.3978,.0000
6466,.1549,.2055,.5276,.0000
6467,.1082,.2979,.5141,.0000
6468,.2486,.0781,.6137,.0000
6469,.3941,.0148,.5318,.0000
6470,.5054,.0053,.4232,.0000
6471,.6231,.0000,.3229,.0000
6472,.6865,.0000,.2741,.0000
6473,.5747,.0094,.3633,.0000
6474,.6697,.0164,.2593,.0000
6475,.5917,.0735,.2767,.0000
6476,.6138,.0111,.3219,.0000
6477,.7029,.0000,.2657,.0000
6478,.5939,.0000,.3612,.0000
6479,.5825,.0000,.3697,.0000
6480,.4760,.0029,.4666,.0000
6481,.5223,.0326,.3578,.0000
6482,.4157,.0265,.4725,.0000
6483,.3566,.0249,.5485,.0000
6484,.5928,.0459,.2850,.0000
6485,.6194,.0613,.2430,.0000
6486,.5960,.1000,.2253,.0000
6487,.4707,.0958,.3548,.0000
6488,.5734,.0544,.2950,.0000
6489,.5454,.0421,.3355,.0000
6490,.5667,.0730,.2809,.0000
6491,.6394,.0709,.2404,.0000
6492,.5292,.0675,.3282,.0000
6493,.1915,.0560,.6879,.0000
6494,.3602,.0664,.5161,.0000
6495,.5455,.0215,.2962,.0696
6496,.6126,.0130,.2697,.0471
6497,.4888,.0706,.3951,.0000
6498,.4443,.0236,.4809,.0000
6499,.5387,.0550,.3294,.0236
6500,.3946,.1286,.3448,.0823
6501,.4556,.2539,.2146,.0235
6502,.3049,.2404,.2311,.1563
6503,.3864,.0329,.2381,.2836
6504,.3095,.1635,.4696,.0000
6505,.2481,.2427,.4731,.0000
6506,.3041,.1253,.5107,.0000
6507,.3639,.0873,.4862,.0000
6508,.1826,.3303,.4499,.0000
6509,.3414,.3521,.2600,.0000
6510,.2186,.3881,.3761,.0000
6511,.0268,.2556,.6451,.0097
6512,.0938,.3247,.4785,.0495
6513,.1324,.3618,.4689,.0000
6514,.2021,.2246,.1853,.3230
6515,.3049,.0907,.4908,.0756
6516,.7033,.0080,.2599,.0000
6517,.7142,.0073,.2504,.0000
6518,.6687,.0361,.2557,.0000
6519,.8007,.0156,.1583,.0000
6520,.7716,.0004,.2053,.0000
6521,.8105,.0008,.1454,.0000
6522,.6710,.0240,.2301,.0000
6523,.4960,.2150,.2037,.0000
6524,.3154,.2976,.3186,.0000
6525,.3394,.2955,.3189,.0000
6526,.0110,.5498,.3673,.0000
6527,.0489,.4851,.3681,.0021
6528,.0110,.5412,.3411,.0502
6529,.0257,.5481,.3403,.0000
6530,.0864,.3393,.4709,.0000
6531,.1093,.1308,.6447,.0000
6532,.1030,.2894,.5411,.0000
6533,.2640,.1667,.4899,.0000
6534,.1683,.2336,.5256,.0000
6535,.1332,.2068,.5640,.0000
6536,.0853,.2625,.5622,.0000
6537,.1317,.1436,.6716,.0000
6538,.1751,.2569,.5123,.0000
6539,.3777,.1277,.4440,.0000
6540,.3842,.0776,.4900,.0000
6541,.2009,.4001,.3462,.0000
6542,.0729,.4153,.4455,.0000
6543,.1482,.1756,.5932,.0000
6544,.3562,.0311,.5607,.0000
6545,.1151,.0023,.8401,.0000
6546,.6414,.0005,.3098,.0000
6547,.5773,.0006,.3819,.0000
6548,.6446,.0010,.3128,.0000
6549,.6803,.0020,.2694,.0000
6550,.6313,.0100,.2951,.0000
6551,.6101,.0072,.3351,.0000
6552,.5825,.0170,.3484,.0000
6553,.6531,.0334,.2640,.0000
6554,.6245,.0192,.2984,.0000
6555,.5524,.0132,.3512,.0000
6556,.3615,.0769,.4689,.0000
6557,.4707,.0428,.4099,.0000
6558,.5853,.0039,.3508,.0000
6559,.6457,.0121,.2667,.0000
6560,.6565,.0138,.2597,.0000
6561,.6440,.0652,.2193,.0000
6562,.5422,.0913,.3024,.0000
6563,.5876,.0750,.2734,.0000
6564,.5614,.0472,.2963,.0000
6565,.4499,.2069,.2319,.0000
6566,.2907,.2129,.2808,.1527
6567,.3777,.1034,.3889,.0578
6568,.5152,.0339,.3814,.0000
6569,.4307,.0439,.4702,.0000
6570,.3278,.0479,.3633,.2017
6571,.5108,.0573,.2536,.1286
6572,.2648,.0597,.6267,.0000
6573,.2015,.0614,.6966,.0000
6574,.3614,.1438,.4229,.0355
6575,.2649,.1406,.4203,.1298
6576,.4643,.1260,.3073,.0373
6577,.3751,.1967,.3699,.0000
6578,.3922,.0586,.4838,.0000
6579,.3159,.2019,.4036,.0000
6580,.0891,.4094,.4449,.0000
6581,.1341,.2971,.5131,.0000
6582,.3539,.0817,.4969,.0000
6583,.3767,.1312,.4371,.0000
6584,.5772,.0928,.2784,.0000
6585,.5932,.1726,.1896,.0000
6586,.2169,.2249,.4232,.0753
6587,.2537,.2987,.0457,.3288
6588,.5194,.3002,.1253,.0000
6589,.4337,.1364,.3869,.0000
6590,.3781,.0931,.4900,.0000
6591,.5278,.0144,.4113,.0000
6592,.3667,.0008,.5927,.0000
6593,.4585,.0008,.5118,.0000
6594,.7096,.0001,.2696,.0000
6595,.7835,.0000,.2115,.0000
6596,.7970,.0000,.1790,.0000
6597,.7619,.0017,.1896,.0000
6598,.5828,.1909,.1642,.0000
6599,.4842,.1803,.2756,.0000
6600,.4584,.1560,.3368,.0000
6601,.0533,.3347,.4802,.0000
6602,.1093,.2980,.4446,.0051
6603,.0817,.1134,.6051,.1012
6604,.1728,.0997,.6226,.0000
6605,.1867,.0793,.6132,.0000
6606,.2931,.0433,.5490,.0000
6607,.3651,.0812,.4553,.0000
6608,.3714,.0430,.5065,.0000
6609,.2737,.0927,.5784,.0000
6610,.2444,.0989,.5788,.0000
6611,.0595,.0942,.7654,.0000
6612,.2054,.0683,.6667,.0000
6613,.2267,.2256,.4954,.0000
6614,.2142,.2312,.5035,.0000
6615,.1856,.3366,.4422,.0000
6616,.1197,.4499,.3571,.0000
6617,.1511,.2171,.5577,.0000
6618,.0956,.3635,.4836,.0000
6619,.3201,.2702,.3273,.0000
6620,.5170,.0534,.3634,.0000
6621,.6532,.0236,.2712,.0000
6622,.5443,.0573,.3371,.0000
6623,.5830,.0722,.2749,.0000
6624,.6113,.0398,.2710,.0000
6625,.5474,.0103,.3749,.0000
6626,.7801,.0439,.1230,.0000
6627,.7477,.0107,.1914,.0000
6628,.6275,.0037,.3217,.0000
6629,.6771,.0034,.2469,.0060
6630,.6133,.0279,.2081,.0803
6631,.5308,.0602,.3478,.0000
6632,.5772,.0337,.1781,.1468
6633,.6395,.0100,.2304,.0518
6634,.6505,.0343,.2401,.0000
6635,.6044,.0272,.2748,.0000
6636,.5009,.0200,.3899,.0000
6637,.4388,.0670,.4125,.0000
6638,.4655,.0646,.4028,.0000
6639,.5026,.0899,.3258,.0000
6640,.3308,.2205,.3584,.0000
6641,.1766,.1974,.4783,.0825
6642,.1550,.1533,.5864,.0308
6643,.6257,.0453,.2393,.0289
6644,.4744,.0000,.3588,.1214
6645,.2704,.0663,.5228,.0967
6646,.3318,.0791,.4859,.0591
6647,.4038,.0207,.5150,.0215
6648,.3369,.0424,.3467,.2384
6649,.4328,.1399,.3942,.0000
6650,.5109,.2039,.2338,.0000
6651,.2765,.2220,.4326,.0000
6652,.3486,.2315,.3830,.0000
6653,.3306,.1369,.4821,.0000
6654,.3160,.2814,.3307,.0000
6655,.0363,.5640,.3247,.0000
6656,.4810,.2701,.1749,.0000
6657,.5291,.0734,.3260,.0000
6658,.4785,.0574,.3975,.0000
6659,.6320,.0260,.2887,.0000
6660,.6900,.0840,.1779,.0000
6661,.5231,.1740,.1840,.0494
6662,.4143,.1945,.2228,.0898
6663,.5728,.1440,.2263,.0000
6664,.6532,.2026,.1210,.0000
6665,.7022,.0764,.1930,.0000
6666,.7525,.0090,.2060,.0000
6667,.6219,.0071,.3303,.0000
6668,.5516,.0064,.4023,.0000
6669,.4330,.0000,.5353,.0000
6670,.8027,.0000,.1771,.0000
6671,.8295,.0000,.1471,.0000
6672,.8421,.0000,.1282,.0000
6673,.7924,.0963,.0742,.0000
6674,.7707,.0599,.1272,.0000
6675,.6628,.0171,.2683,.0000
6676,.0931,.1283,.6719,.0000
6677,.1465,.0994,.6308,.0000
6678,.1074,.1144,.6753,.0000
6679,.1920,.0721,.5755,.0448
6680,.1878,.0876,.5377,.0408
6681,.3654,.0580,.4523,.0000
6682,.3879,.0497,.4512,.0000
6683,.3202,.0780,.5160,.0000
6684,.3244,.0666,.5274,.0000
6685,.2244,.0704,.6366,.0000
6686,.1447,.0901,.6902,.0000
6687,.2318,.0425,.6597,.0000
6688,.2442,.1511,.5572,.0000
6689,.1117,.2602,.5845,.0000
6690,.0868,.2767,.5954,.0000
6691,.2165,.3435,.3847,.0000
6692,.3615,.2544,.3042,.0000
6693,.1188,.4638,.3485,.0000
6694,.0852,.3611,.4843,.0000
6695,.3086,.1033,.5116,.0000
6696,.6134,.0549,.2790,.0000
6697,.5089,.1108,.3032,.0000
6698,.2583,.3055,.3850,.0000
6699,.0855,.2779,.5824,.0000
6700,.6255,.0377,.2707,.0000
6701,.4422,.0312,.4700,.0000
6702,.3653,.0735,.5192,.0000
6703,.4016,.0507,.4832,.0000
6704,.5909,.0290,.3029,.0003
6705,.4301,.0148,.4905,.0039
6706,.4607,.0304,.4519,.0010
6707,.6094,.0025,.3220,.0151
6708,.6269,.0084,.3001,.0054
6709,.6988,.0632,.1864,.0000
6710,.3833,.2662,.2845,.0000
6711,.0706,.3739,.4697,.0000
6712,.1183,.3311,.4713,.0000
6713,.1090,.3406,.4567,.0000
6714,.1525,.5102,.2447,.0000
6715,.0877,.3988,.4404,.0000
6716,.3706,.1265,.4242,.0000
6717,.4979,.0682,.3544,.0000
6718,.6159,.0136,.2878,.0135
6719,.5674,.0046,.3098,.0552
6720,.5391,.0235,.3914,.0000
6721,.5162,.0250,.4255,.0000
6722,.6100,.0047,.3398,.0154
6723,.5731,.0048,.2398,.1548
6724,.5918,.0590,.3177,.0000
6725,.5898,.1650,.1916,.0000
6726,.3604,.2740,.3001,.0000
6727,.2691,.2292,.4486,.0000
6728,.4143,.1689,.3574,.0000
6729,.2951,.3370,.3109,.0000
6730,.0124,.5230,.4146,.0000
6731,.3497,.2913,.3035,.0000
6732,.4301,.1599,.3501,.0000
6733,.4803,.0771,.3772,.0000
6734,.5909,.0362,.3229,.0000
6735,.6038,.0968,.2522,.0000
6736,.4024,.1113,.4352,.0000
6737,.3315,.1858,.4135,.0000
6738,.4176,.1776,.3442,.0000
6739,.2289,.6004,.1408,.0000
6740,.6372,.1673,.1659,.0000
6741,.7564,.0125,.2137,.0000
6742,.6312,.0000,.3289,.0000
6743,.3449,.0000,.6169,.0000
6744,.6427,.0000,.3210,.0000
6745,.7864,.0000,.1919,.0000
6746,.7613,.0000,.2151,.0000
6747,.7178,.0000,.2569,.0000
6748,.7989,.0000,.1744,.0000
6749,.7721,.0000,.1899,.0000
6750,.7287,.0000,.2347,.0000
6751,.0845,.1672,.6569,.0000
6752,.0575,.2301,.5799,.0000
6753,.0562,.3178,.5166,.0000
6754,.0713,.1535,.6074,.0500
6755,.1414,.1305,.5326,.0452
6756,.1572,.0900,.6207,.0000
6757,.1981,.0675,.6322,.0000
6758,.4463,.0563,.4104,.0000
6759,.3681,.0738,.4781,.0000
6760,.1722,.0694,.6859,.0000
6761,.3426,.0450,.5360,.0000
6762,.3722,.0752,.4922,.0000
6763,.2769,.1815,.4858,.0000
6764,.1452,.3160,.4715,.0000
6765,.0921,.3083,.5415,.0000
6766,.1710,.1564,.6158,.0000
6767,.3858,.1990,.3241,.0000
6768,.2186,.4328,.2591,.0000
6769,.0496,.4141,.4639,.0000
6770,.0738,.3668,.4999,.0000
6771,.0998,.2180,.6145,.0000
6772,.0703,.3310,.5213,.0000
6773,.0768,.3615,.4885,.0000
6774,.0337,.5365,.3796,.0000
6775,.5515,.0791,.3178,.0000
6776,.0695,.2483,.6263,.0000
6777,.0135,.3406,.5757,.0000
6778,.0894,.2054,.6447,.0000
6779,.6188,.0689,.2559,.0000
6780,.5179,.0588,.3533,.0000
6781,.6073,.0770,.1468,.0909
6782,.5643,.0645,.2202,.0737
6783,.6425,.0230,.2636,.0000
6784,.5093,.0112,.4233,.0000
6785,.1324,.0447,.7760,.0000
6786,.3268,.2067,.3955,.0000
6787,.2085,.5082,.2259,.0000
6788,.0487,.7963,.0624,.0000
6789,.0404,.8146,.0781,.0000
6790,.0267,.5678,.3153,.0000
6791,.1830,.1975,.5323,.0000
6792,.2529,.0219,.6533,.0000
6793,.5122,.0309,.3724,.0000
6794,.6380,.0162,.2709,.0000
6795,.6720,.0000,.2801,.0000
6796,.6722,.0000,.2814,.0000
6797,.6698,.0000,.2801,.0000
6798,.7144,.0000,.2554,.0000
6799,.7027,.0168,.2512,.0000
6800,.6435,.1036,.2044,.0000
6801,.4052,.1668,.3767,.0000
6802,.3818,.1576,.3880,.0000
6803,.6062,.0755,.2629,.0000
6804,.4416,.1342,.3733,.0000
6805,.1720,.2656,.5229,.0000
6806,.1075,.2952,.5619,.0000
6807,.2197,.2626,.4775,.0000
6808,.4406,.1320,.3678,.0000
6809,.4536,.0766,.4081,.0000
6810,.4366,.0884,.4151,.0000
6811,.5241,.1481,.2647,.0000
6812,.3747,.2221,.3352,.0000
6813,.3868,.2392,.3191,.0000
6814,.3165,.2483,.3782,.0000
6815,.6212,.1095,.2290,.0000
6816,.6579,.0121,.3029,.0000
6817,.8068,.0000,.1827,.0000
6818,.7993,.0000,.2007,.0000
6819,.8546,.0000,.1285,.0000
6820,.6986,.0000,.2756,.0000
6821,.6009,.0000,.3753,.0000
6822,.8541,.0000,.1172,.0000
6823,.7770,.0000,.2010,.0000
6824,.7487,.0000,.2222,.0000
6825,.7283,.0000,.2434,.0000
6826,.0243,.2055,.6428,.0000
6827,.1117,.2276,.4874,.0000
6828,.1809,.3544,.3278,.0000
6829,.1392,.2441,.4989,.0000
6830,.0858,.1603,.6371,.0000
6831,.0448,.0873,.7487,.0000
6832,.1019,.0583,.7459,.0000
6833,.4974,.0651,.3529,.0000
6834,.3295,.0616,.5367,.0000
6835,.2041,.1477,.5711,.0000
6836,.5542,.0480,.3201,.0000
6837,.5781,.0632,.3040,.0000
6838,.4196,.1277,.3928,.0000
6839,.1591,.2626,.5047,.0000
6840,.1176,.3411,.4615,.0000
6841,.1033,.2366,.5894,.0000
6842,.2677,.1664,.4803,.0000
6843,.2161,.1920,.4691,.0000
6844,.0879,.2670,.5525,.0000
6845,.1156,.6348,.2183,.0000
6846,.1130,.4892,.3268,.0000
6847,.0936,.5036,.3402,.0000
6848,.1568,.4329,.3589,.0000
6849,.1355,.4139,.3994,.0000
6850,.3365,.2937,.3015,.0000
6851,.1120,.4974,.3115,.0000
6852,.0793,.6284,.2086,.0000
6853,.1944,.3304,.3874,.0000
6854,.4253,.0952,.3859,.0000
6855,.5037,.1145,.3059,.0000
6856,.2906,.2435,.3997,.0000
6857,.4833,.1256,.3155,.0000
6858,.6428,.0328,.2363,.0000
6859,.3962,.0324,.4739,.0000
6860,.5905,.0344,.2741,.0071
6861,.7185,.0124,.1949,.0072
6862,.6191,.0067,.3173,.0000
6863,.0672,.8644,.0510,.0007
6864,.0220,.8236,.0755,.0035
6865,.0043,.7552,.1501,.0000
6866,.0119,.6313,.2611,.0000
6867,.0234,.3214,.5743,.0000
6868,.2771,.0464,.6235,.0000
6869,.3829,.0092,.5251,.0000
6870,.4231,.0313,.4720,.0000
6871,.3625,.0599,.5168,.0000
6872,.3072,.0370,.6114,.0000
6873,.7322,.0000,.2339,.0000
6874,.7444,.0034,.2299,.0000
6875,.7250,.0459,.1875,.0000
6876,.5787,.0760,.2849,.0000
6877,.5447,.1024,.2879,.0000
6878,.7951,.0293,.1435,.0000
6879,.7177,.0057,.2481,.0000
6880,.6076,.0493,.3104,.0000
6881,.4266,.1284,.4050,.0000
6882,.3659,.1814,.4054,.0000
6883,.4615,.1600,.3176,.0000
6884,.4424,.1462,.3394,.0000
6885,.3904,.1379,.4138,.0000
6886,.4598,.2148,.2591,.0000
6887,.2999,.2337,.4023,.0000
6888,.4266,.1831,.3324,.0000
6889,.4515,.1654,.3348,.0000
6890,.7263,.1253,.1150,.0000
6891,.6377,.0147,.3284,.0000
6892,.7158,.0000,.2679,.0000
6893,.7969,.0000,.2006,.0000
6894,.8300,.0000,.1589,.0000
6895,.7921,.0000,.1879,.0000
6896,.6511,.0000,.3262,.0000
6897,.7831,.0018,.1904,.0000
6898,.7136,.0007,.2629,.0000
6899,.7694,.0000,.2045,.0000
6900,.6111,.0000,.3697,.0000
6901,.0793,.3897,.4251,.0000
6902,.1301,.1446,.5871,.0000
6903,.2600,.2154,.3660,.0000
6904,.2076,.1890,.4897,.0000
6905,.1968,.1850,.5138,.0000
6906,.1557,.1905,.5534,.0000
6907,.2568,.1460,.5293,.0000
6908,.4899,.1270,.2911,.0000
6909,.4545,.1206,.3393,.0000
6910,.3318,.2359,.3759,.0000
6911,.5277,.0843,.3249,.0000
6912,.5267,.0521,.3612,.0000
6913,.4543,.0241,.4612,.0000
6914,.2021,.1187,.6152,.0000
6915,.0849,.2349,.6024,.0000
6916,.1160,.4202,.3798,.0000
6917,.1106,.3210,.5061,.0000
6918,.2245,.2017,.4861,.0000
6919,.2060,.1398,.5456,.0000
6920,.3184,.1695,.4330,.0000
6921,.2445,.4282,.2567,.0000
6922,.0937,.6381,.1965,.0000
6923,.0672,.5036,.3471,.0000
6924,.2207,.3339,.3408,.0000
6925,.0847,.4375,.3910,.0000
6926,.1331,.4078,.3284,.0000
6927,.1954,.3539,.3442,.0000
6928,.4047,.2898,.2134,.0000
6929,.1232,.1285,.6417,.0000
6930,.2565,.1419,.5106,.0000
6931,.3772,.1427,.4136,.0000
6932,.6223,.0456,.2727,.0000
6933,.5359,.0457,.3399,.0000
6934,.2701,.1684,.4815,.0000
6935,.5609,.0839,.2145,.0627
6936,.6729,.0108,.1861,.0663
6937,.6824,.0083,.2583,.0000
6938,.2632,.2459,.4143,.0171
6939,.2265,.3342,.2682,.0918
6940,.1690,.5610,.2047,.0000
6941,.0692,.6712,.1345,.0000
6942,.0230,.5603,.2910,.0000
6943,.0612,.4064,.4360,.0000
6944,.0642,.3779,.4920,.0000
6945,.0759,.3702,.4670,.0000
6946,.4560,.1920,.2696,.0000
6947,.5286,.1931,.2282,.0000
6948,.6864,.0412,.2328,.0000
6949,.7169,.0000,.2631,.0000
6950,.7300,.0048,.2304,.0000
6951,.5986,.0774,.2449,.0000
6952,.6568,.1147,.1702,.0000
6953,.5344,.0040,.4267,.0000
6954,.6515,.0000,.3375,.0000
6955,.7569,.0042,.2315,.0000
6956,.6793,.0204,.2678,.0000
6957,.6333,.0716,.2524,.0000
6958,.5584,.1203,.2664,.0000
6959,.4246,.1224,.3902,.0000
6960,.5010,.1315,.3194,.0000
6961,.1994,.2269,.5038,.0000
6962,.2111,.2433,.4799,.0000
6963,.5467,.1298,.2669,.0000
6964,.5953,.1497,.1996,.0000
6965,.6983,.1692,.1002,.0000
6966,.6051,.0050,.3714,.0000
6967,.4956,.0074,.4647,.0000
6968,.6178,.0061,.3573,.0000
6969,.7695,.0005,.2277,.0000
6970,.7983,.0000,.1902,.0000
6971,.8111,.0000,.1719,.0000
6972,.8279,.0037,.1432,.0000
6973,.7283,.0071,.2353,.0000
6974,.7158,.0001,.2638,.0000
6975,.8599,.0000,.1224,.0000
6976,.0609,.2750,.5742,.0000
6977,.1801,.2066,.5211,.0000
6978,.2315,.1736,.5052,.0000
6979,.2091,.0527,.6317,.0000
6980,.2898,.1083,.5051,.0000
6981,.2504,.1420,.5175,.0000
6982,.2547,.1654,.5145,.0000
6983,.3695,.2095,.3317,.0000
6984,.3979,.1996,.3133,.0000
6985,.2346,.3108,.4132,.0000
6986,.2768,.1606,.4981,.0000
6987,.2977,.1367,.4973,.0000
6988,.2143,.1104,.5980,.0000
6989,.2432,.1814,.4826,.0000
6990,.3612,.2336,.3245,.0000
6991,.1033,.7244,.1258,.0000
6992,.0726,.4877,.3490,.0000
6993,.1911,.3557,.3631,.0000
6994,.1918,.2574,.4456,.0000
6995,.2879,.1713,.4401,.0000
6996,.3209,.2551,.3476,.0000
6997,.1367,.5095,.2817,.0000
6998,.0623,.5411,.3302,.0000
6999,.2456,.2341,.4345,.0000
7000,.1521,.3392,.4292,.0000
7001,.2035,.3142,.4117,.0000
7002,.3253,.2725,.3234,.0000
7003,.1251,.3651,.3847,.0000
7004,.1392,.1521,.6312,.0000
7005,.4407,.1068,.3912,.0000
7006,.5786,.0738,.2909,.0000
7007,.6019,.0553,.2655,.0000
7008,.1674,.2043,.5440,.0000
7009,.0171,.5135,.3771,.0000
7010,.0893,.2632,.5141,.0361
7011,.3458,.1083,.4424,.0324
7012,.4202,.0642,.4593,.0000
7013,.4558,.1252,.3510,.0000
7014,.1387,.0897,.7131,.0000
7015,.3242,.0733,.5380,.0000
7016,.5199,.1704,.2335,.0000
7017,.2771,.5240,.1207,.0000
7018,.0271,.6277,.2539,.0000
7019,.0855,.5863,.2382,.0000
7020,.0809,.4727,.3492,.0000
7021,.0266,.4724,.4348,.0000
7022,.0604,.2540,.6224,.0000
7023,.2606,.1101,.5891,.0000
7024,.7184,.0001,.2527,.0000
7025,.6817,.0382,.2206,.0000
7026,.5916,.0363,.2629,.0000
7027,.6395,.0809,.2070,.0000
7028,.5340,.0000,.4205,.0000
7029,.5711,.0000,.4027,.0000
7030,.6926,.0000,.2896,.0000
7031,.6933,.0010,.2863,.0000
7032,.7193,.0125,.2543,.0000
7033,.6417,.0383,.2885,.0000
7034,.6085,.0737,.2701,.0000
7035,.6225,.1148,.2149,.0000
7036,.1853,.2808,.4810,.0000
7037,.2732,.1894,.4815,.0000
7038,.4962,.1308,.3241,.0000
7039,.5965,.1468,.2088,.0000
7040,.6209,.1474,.1989,.0000
7041,.6365,.0132,.3174,.0000
7042,.5405,.0302,.3806,.0000
7043,.4898,.0426,.4239,.0000
7044,.5926,.0169,.3727,.0000
7045,.6258,.0000,.3641,.0000
7046,.7927,.0000,.1907,.0000
7047,.8140,.0000,.1640,.0000
7048,.7543,.0163,.2013,.0000
7049,.7529,.0001,.2270,.0000
7050,.8294,.0000,.1506,.0000
7051,.1140,.1582,.6094,.0000
7052,.1989,.2154,.5032,.0000
7053,.1884,.2500,.4858,.0000
7054,.4376,.1362,.3380,.0000
7055,.4451,.1569,.3103,.0000
7056,.3093,.1425,.4730,.0000
7057,.2907,.1550,.4604,.0195
7058,.4675,.1402,.2476,.0505
7059,.4983,.1091,.2444,.0269
7060,.2806,.2223,.2784,.1539
7061,.2065,.2826,.4408,.0078
7062,.1619,.1556,.6142,.0000
7063,.1237,.0933,.7015,.0000
7064,.3368,.1165,.4592,.0000
7065,.5857,.1480,.1699,.0000
7066,.3688,.4775,.0857,.0000
7067,.0969,.5049,.2676,.0000
7068,.0426,.4278,.4111,.0000
7069,.0999,.2615,.5213,.0000
7070,.1666,.1373,.5936,.0000
7071,.2776,.0952,.5292,.0000
7072,.1761,.2233,.4907,.0000
7073,.0447,.3801,.4938,.0000
7074,.2175,.1975,.5091,.0000
7075,.4420,.1713,.2955,.0000
7076,.2608,.2116,.4413,.0000
7077,.1793,.2228,.5287,.0000
7078,.3094,.2210,.3661,.0000
7079,.1940,.0489,.6716,.0000
7080,.3581,.1448,.4291,.0000
7081,.5367,.1299,.2631,.0000
7082,.4059,.3628,.1793,.0000
7083,.0425,.6477,.2402,.0000
7084,.0151,.7186,.1610,.0000
7085,.0658,.5987,.1225,.0986
7086,.3078,.3281,.1286,.1611
7087,.1570,.1319,.5308,.1159
7088,.2290,.0155,.6627,.0011
7089,.2681,.0567,.6006,.0000
7090,.3068,.0197,.6133,.0000
7091,.4074,.0485,.4853,.0000
7092,.3925,.0400,.5071,.0000
7093,.1181,.3038,.4997,.0000
7094,.0703,.3154,.5357,.0000
7095,.0814,.4017,.3671,.0000
7096,.0753,.6400,.1384,.0000
7097,.0181,.5605,.3851,.0000
7098,.1011,.1891,.6526,.0000
7099,.2537,.0262,.6713,.0000
7100,.1775,.0859,.6732,.0000
7101,.5536,.0806,.2969,.0000
7102,.5724,.0107,.3681,.0000
7103,.4933,.0000,.4620,.0000
7104,.6181,.0000,.3453,.0000
7105,.6779,.0000,.3003,.0000
7106,.6965,.0016,.2808,.0000
7107,.7164,.0054,.2548,.0000
7108,.7421,.0119,.2341,.0000
7109,.6939,.0467,.2271,.0000
7110,.6271,.1004,.2234,.0000
7111,.3072,.2070,.4283,.0000
7112,.1418,.1725,.6057,.0000
7113,.3845,.1308,.4112,.0000
7114,.6249,.1665,.1459,.0000
7115,.6751,.0762,.2131,.0000
7116,.5168,.2717,.1864,.0000
7117,.3428,.4030,.2022,.0000
7118,.5155,.2218,.2006,.0000
7119,.5935,.1745,.2053,.0000
7120,.6114,.0000,.3628,.0000
7121,.7198,.0000,.2546,.0000
7122,.6943,.0000,.2767,.0000
7123,.6300,.0248,.3153,.0000
7124,.7345,.0000,.2455,.0000
7125,.8543,.0000,.1221,.0000
7126,.0727,.1500,.6928,.0000
7127,.1790,.2009,.4185,.1054
7128,.2855,.2875,.3139,.0390
7129,.2435,.1964,.4392,.0583
7130,.5442,.1510,.2488,.0000
7131,.4844,.0947,.3464,.0000
7132,.2834,.1112,.5225,.0036
7133,.4163,.1734,.3290,.0093
7134,.6382,.0877,.1946,.0060
7135,.4811,.0972,.3072,.0375
7136,.2463,.1797,.4855,.0017
7137,.2826,.0502,.6058,.0000
7138,.4374,.0899,.4002,.0000
7139,.3579,.1375,.4299,.0000
7140,.4110,.1433,.3487,.0000
7141,.5053,.2452,.1685,.0000
7142,.1218,.3733,.3880,.0000
7143,.2516,.3129,.3066,.0000
7144,.2135,.2136,.4218,.0000
7145,.1904,.1049,.5781,.0000
7146,.2724,.0797,.5225,.0000
7147,.0666,.1497,.6738,.0000
7148,.0494,.2591,.5715,.0000
7149,.0944,.2713,.5321,.0000
7150,.3617,.1301,.4366,.0000
7151,.5399,.0697,.3063,.0000
7152,.2718,.0253,.6331,.0000
7153,.4562,.0188,.4655,.0000
7154,.2278,.0527,.6335,.0000
7155,.0929,.2549,.5555,.0000
7156,.3038,.3273,.2825,.0000
7157,.1712,.6594,.1115,.0000
7158,.0298,.6004,.2846,.0000
7159,.0357,.5305,.2941,.0000
7160,.0908,.5164,.2518,.0000
7161,.1525,.3606,.2314,.1424
7162,.2222,.2818,.1588,.2405
7163,.2579,.0114,.6666,.0005
7164,.2776,.0097,.6198,.0000
7165,.1243,.0122,.7846,.0000
7166,.4045,.0112,.4996,.0000
7167,.5286,.0211,.3865,.0000
7168,.4583,.0253,.4454,.0000
7169,.3131,.1019,.5037,.0000
7170,.2281,.3886,.3046,.0000
7171,.0322,.6589,.2108,.0000
7172,.0058,.7796,.1697,.0000
7173,.0288,.3806,.4946,.0000
7174,.1469,.1346,.5766,.0000
7175,.5358,.0471,.3334,.0000
7176,.4245,.0100,.5258,.0000
7177,.6583,.0000,.3004,.0000
7178,.6463,.0044,.3014,.0000
7179,.6723,.0217,.2567,.0000
7180,.6532,.0221,.2675,.0000
7181,.6422,.0080,.3009,.0000
7182,.6701,.0178,.2675,.0000
7183,.7080,.0011,.2641,.0000
7184,.7101,.0115,.2439,.0000
7185,.6125,.0904,.2478,.0000
7186,.3720,.1614,.4097,.0000
7187,.3018,.1476,.4691,.0000
7188,.1858,.2213,.5149,.0000
7189,.3894,.1930,.3418,.0000
7190,.6038,.1043,.2540,.0000
7191,.5955,.1822,.1865,.0000
7192,.3588,.3251,.2457,.0000
7193,.5335,.2602,.1498,.0000
7194,.6458,.1558,.1537,.0000
7195,.6197,.1218,.1928,.0000
7196,.5812,.1668,.1931,.0000
7197,.5853,.1028,.2566,.0000
7198,.4667,.0331,.4630,.0000
7199,.7983,.0000,.1933,.0000
7200,.8937,.0000,.0871,.0000
7201,.1737,.1702,.5543,.0000
7202,.1886,.1608,.5796,.0000
7203,.2002,.0588,.6417,.0001
7204,.3860,.1026,.4332,.0005
7205,.3849,.1318,.3994,.0000
7206,.5543,.0771,.2818,.0000
7207,.2636,.0964,.5895,.0000
7208,.3389,.1747,.4402,.0000
7209,.5380,.0842,.2587,.0509
7210,.5677,.0531,.3051,.0160
7211,.6068,.0639,.2613,.0000
7212,.5400,.0268,.3813,.0000
7213,.4407,.0356,.4399,.0000
7214,.5150,.1486,.2468,.0000
7215,.5208,.2244,.1511,.0000
7216,.3341,.2983,.2265,.0000
7217,.2289,.2204,.4425,.0000
7218,.4307,.1504,.2946,.0000
7219,.2253,.1835,.4795,.0000
7220,.1172,.2157,.5376,.0000
7221,.1028,.1774,.5990,.0000
7222,.0789,.2089,.5956,.0000
7223,.0803,.2703,.5522,.0000
7224,.0615,.3298,.5069,.0000
7225,.1128,.1519,.6551,.0000
7226,.4065,.0058,.5311,.0000
7227,.4826,.0161,.4463,.0000
7228,.3999,.0046,.5205,.0000
7229,.3636,.0553,.4922,.0000
7230,.2197,.1696,.5108,.0000
7231,.1297,.3363,.4288,.0000
7232,.0862,.4858,.3268,.0000
7233,.0552,.5823,.2370,.0000
7234,.0127,.5834,.2361,.0000
7235,.0502,.4974,.3023,.0000
7236,.0714,.3946,.3839,.0000
7237,.0949,.2859,.4759,.0073
7238,.3805,.0299,.2369,.2299
7239,.4053,.0000,.5010,.0000
7240,.3134,.0000,.5814,.0000
7241,.3036,.0231,.5716,.0000
7242,.4594,.0782,.3613,.0000
7243,.5063,.0469,.3464,.0000
7244,.4624,.0782,.3708,.0000
7245,.2387,.2194,.4652,.0000
7246,.0798,.5018,.3730,.0000
7247,.0129,.8011,.1209,.0000
7248,.0592,.5651,.3030,.0000
7249,.0650,.4001,.4431,.0000
7250,.3865,.1825,.3483,.0000
7251,.5970,.0309,.3366,.0033
7252,.6946,.0137,.2444,.0161
7253,.6408,.0057,.3262,.0000
7254,.7177,.0077,.2293,.0000
7255,.6943,.0626,.1758,.0000
7256,.4313,.0940,.4110,.0000
7257,.5218,.0772,.3518,.0000
7258,.7112,.0968,.1423,.0000
7259,.7331,.0734,.1506,.0000
7260,.0999,.8706,.0241,.0000
7261,.1267,.6462,.2021,.0000
7262,.4488,.1318,.3348,.0000
7263,.3336,.1903,.3850,.0000
7264,.5407,.1954,.1678,.0000
7265,.4963,.1340,.2809,.0000
7266,.6580,.0782,.2069,.0000
7267,.5928,.1270,.2214,.0000
7268,.5913,.1194,.2269,.0000
7269,.6383,.0547,.2394,.0000
7270,.6348,.2109,.0782,.0000
7271,.5805,.2303,.1249,.0000
7272,.5304,.1270,.2856,.0000
7273,.6797,.0176,.2627,.0000
7274,.8418,.0000,.1451,.0000
7275,.7890,.0000,.1991,.0000
7276,.1207,.2845,.4549,.0000
7277,.1880,.1259,.5952,.0000
7278,.0956,.1180,.6917,.0000
7279,.2198,.1081,.5568,.0000
7280,.2946,.0766,.5332,.0000
7281,.3150,.0756,.5196,.0000
7282,.4923,.1083,.2976,.0000
7283,.4919,.1764,.2393,.0000
7284,.4644,.1338,.2616,.0651
7285,.2796,.1472,.4845,.0188
7286,.2088,.0875,.6244,.0000
7287,.1498,.0594,.7195,.0000
7288,.3721,.0323,.5235,.0000
7289,.6059,.0531,.2466,.0000
7290,.5866,.2006,.1087,.0000
7291,.2363,.2126,.3413,.0000
7292,.3648,.1863,.2764,.0000
7293,.4850,.2003,.1852,.0000
7294,.1532,.3580,.3388,.0000
7295,.0161,.6546,.2164,.0000
7296,.0125,.6939,.2004,.0000
7297,.0236,.5265,.3842,.0000
7298,.0189,.5520,.3544,.0000
7299,.0577,.3999,.4409,.0000
7300,.1161,.2225,.5872,.0000
7301,.2435,.0889,.6039,.0000
7302,.4386,.0198,.4889,.0000
7303,.4910,.0023,.4256,.0000
7304,.4228,.0431,.4456,.0000
7305,.2627,.1526,.4960,.0000
7306,.1303,.2303,.5418,.0000
7307,.0516,.3881,.4092,.0000
7308,.0290,.4046,.4095,.0000
7309,.0125,.4174,.4117,.0000
7310,.0420,.4399,.3064,.0000
7311,.0536,.4136,.1804,.1366
7312,.1671,.2299,.3556,.0386
7313,.2749,.0593,.2594,.2505
7314,.1572,.0834,.6169,.0000
7315,.3752,.0298,.4911,.0000
7316,.3630,.0177,.5199,.0000
7317,.4069,.0899,.3855,.0061
7318,.3714,.0894,.3903,.0289
7319,.3477,.0777,.4129,.0486
7320,.3660,.0329,.4587,.0585
7321,.1843,.2477,.4990,.0053
7322,.1377,.6879,.1324,.0000
7323,.0418,.6554,.2291,.0000
7324,.0368,.7182,.1639,.0000
7325,.0277,.6471,.2575,.0000
7326,.1270,.3177,.4749,.0137
7327,.3847,.1852,.2905,.0750
7328,.3545,.0753,.5079,.0139
7329,.6327,.0189,.2944,.0000
7330,.6548,.0514,.2314,.0000
7331,.5472,.0591,.3444,.0000
7332,.7070,.0710,.1803,.0000
7333,.5879,.1478,.2116,.0000
7334,.5481,.1289,.2612,.0000
7335,.7206,.0518,.1830,.0000
7336,.6977,.0778,.1743,.0000
7337,.4434,.2233,.2714,.0061
7338,.5638,.2323,.1530,.0028
7339,.1626,.7955,.0230,.0000
7340,.4807,.2149,.1863,.0000
7341,.5129,.0715,.3172,.0000
7342,.5887,.0488,.2965,.0000
7343,.5827,.0310,.3255,.0000
7344,.5047,.0872,.3502,.0000
7345,.3962,.4427,.1052,.0000
7346,.1389,.8243,.0246,.0000
7347,.4929,.2689,.1986,.0000
7348,.2942,.0246,.6085,.0000
7349,.5440,.0000,.4106,.0000
7350,.8211,.0000,.1599,.0000
7351,.1427,.1569,.5836,.0202
7352,.3328,.1646,.4121,.0000
7353,.1828,.1309,.5934,.0000
7354,.5297,.0820,.2952,.0206
7355,.5340,.0476,.3299,.0093
7356,.3525,.1168,.4451,.0000
7357,.5564,.1280,.2352,.0000
7358,.4507,.1504,.3247,.0000
7359,.3178,.1694,.4293,.0000
7360,.2252,.5922,.0880,.0000
7361,.0555,.2413,.6209,.0000
7362,.0324,.1981,.7021,.0000
7363,.1647,.2201,.5396,.0000
7364,.3520,.1578,.4050,.0000
7365,.1039,.7725,.0969,.0000
7366,.2139,.1412,.4943,.0000
7367,.1044,.1461,.5478,.0000
7368,.1116,.2359,.4851,.0000
7369,.0933,.4207,.3419,.0000
7370,.0215,.5836,.2197,.0000
7371,.0007,.7923,.0253,.0000
7372,.0000,.7905,.1016,.0000
7373,.0000,.6379,.2662,.0000
7374,.0447,.2533,.6468,.0000
7375,.2453,.0970,.5909,.0000
7376,.2216,.0641,.6441,.0000
7377,.4314,.0585,.4031,.0000
7378,.4994,.0432,.3586,.0000
7379,.3907,.0851,.4451,.0000
7380,.3841,.1046,.3857,.0000
7381,.1269,.1394,.6006,.0000
7382,.0365,.3177,.4303,.0000
7383,.0009,.1909,.5258,.0000
7384,.0076,.1195,.7056,.0000
7385,.0358,.3464,.3244,.0522
7386,.0290,.4205,.1530,.1261
7387,.1516,.2816,.2961,.0189
7388,.3120,.1229,.4470,.0000
7389,.1357,.1746,.5435,.0000
7390,.2074,.1098,.5928,.0000
7391,.4116,.0414,.4417,.0000
7392,.4293,.0724,.3758,.0072
7393,.3532,.1519,.3066,.0331
7394,.1672,.1632,.4199,.0643
7395,.2910,.0734,.4281,.0797
7396,.0865,.2398,.5843,.0072
7397,.2507,.5773,.1285,.0000
7398,.0971,.6616,.1381,.0000
7399,.0912,.6052,.1922,.0000
7400,.0789,.7262,.1159,.0000
7401,.0459,.7669,.1110,.0000
7402,.0930,.5705,.2188,.0278
7403,.3532,.2727,.2428,.0669
7404,.5557,.0550,.3329,.0143
7405,.5606,.0039,.3989,.0000
7406,.6378,.0457,.2629,.0000
7407,.6152,.0519,.2797,.0000
7408,.4416,.1154,.3802,.0000
7409,.4837,.1898,.2460,.0000
7410,.5409,.1183,.2728,.0000
7411,.7011,.0843,.1615,.0000
7412,.7027,.1183,.0250,.0987
7413,.4368,.0356,.4155,.0508
7414,.5727,.1166,.2452,.0000
7415,.3574,.1422,.4017,.0000
7416,.5887,.1302,.2042,.0000
7417,.7012,.1649,.0831,.0000
7418,.6780,.1510,.1053,.0000
7419,.6570,.1573,.1170,.0000
7420,.2097,.5253,.2203,.0000
7421,.2657,.6717,.0337,.0000
7422,.2501,.3577,.3418,.0000
7423,.2525,.1845,.5055,.0000
7424,.4204,.0348,.4871,.0000
7425,.7918,.0000,.1912,.0000
7426,.1735,.4019,.2521,.0469
7427,.1816,.1762,.5384,.0000
7428,.0569,.1431,.7129,.0000
7429,.2553,.0875,.5345,.0675
7430,.3464,.0435,.5404,.0304
7431,.2927,.0979,.5159,.0000
7432,.2573,.2396,.4107,.0000
7433,.2362,.2404,.4128,.0162
7434,.3402,.1450,.4213,.0106
7435,.1881,.6671,.1164,.0000
7436,.0962,.2197,.5799,.0000
7437,.1545,.1137,.6552,.0000
7438,.3593,.1407,.4344,.0000
7439,.1076,.1681,.6089,.0000
7440,.4111,.0819,.4100,.0000
7441,.5947,.0722,.2538,.0000
7442,.3153,.1803,.3728,.0000
7443,.0126,.3780,.4429,.0000
7444,.0775,.3988,.2916,.0000
7445,.0227,.3258,.4071,.0000
7446,.0017,.4034,.3128,.0000
7447,.0000,.6114,.1416,.0020
7448,.0000,.5228,.3126,.0012
7449,.0137,.1866,.6722,.0000
7450,.1229,.1054,.7112,.0000
7451,.3237,.0542,.5211,.0000
7452,.3716,.0503,.4729,.0000
7453,.2348,.0782,.6085,.0000
7454,.4437,.1501,.3260,.0000
7455,.3106,.0710,.5477,.0000
7456,.4630,.1401,.2888,.0000
7457,.0837,.3310,.2748,.0000
7458,.0000,.4240,.1980,.0000
7459,.0000,.1339,.5872,.0000
7460,.0337,.3158,.3782,.0233
7461,.1305,.3960,.2308,.0139
7462,.2559,.2525,.3557,.0000
7463,.5035,.1281,.2785,.0000
7464,.3553,.1991,.3493,.0000
7465,.2281,.0993,.5884,.0000
7466,.3411,.0371,.3182,.2131
7467,.5360,.0278,.1666,.1732
7468,.3505,.1110,.3524,.0000
7469,.1823,.1310,.4633,.0000
7470,.2237,.1217,.4876,.0000
7471,.0638,.4341,.3627,.0000
7472,.1168,.5897,.1625,.0000
7473,.1938,.4905,.1946,.0000
7474,.1711,.4049,.2651,.0000
7475,.0804,.5244,.2579,.0000
7476,.0832,.6697,.1514,.0000
7477,.0130,.7069,.2197,.0000
7478,.0820,.4737,.2853,.1042
7479,.2097,.1661,.4781,.0967
7480,.2590,.0279,.6755,.0048
7481,.7261,.0366,.1954,.0000
7482,.7009,.0197,.2128,.0000
7483,.6107,.0412,.2622,.0000
7484,.6362,.1165,.1569,.0000
7485,.5266,.1506,.2482,.0000
7486,.5526,.0910,.3032,.0000
7487,.6504,.1123,.1742,.0000
7488,.4585,.1198,.3336,.0000
7489,.4090,.0756,.4368,.0000
7490,.5004,.0540,.3696,.0000
7491,.5985,.1357,.2042,.0000
7492,.5250,.2532,.1714,.0000
7493,.5217,.2266,.2112,.0000
7494,.4712,.1338,.3449,.0000
7495,.3872,.4929,.0892,.0000
7496,.0354,.9606,.0021,.0000
7497,.0739,.5086,.3856,.0000
7498,.3010,.3172,.3470,.0000
7499,.4732,.0231,.4610,.0000
7500,.7111,.0000,.2780,.0000
7501,.0007,.7061,.0809,.0000
7502,.0320,.4173,.4229,.0000
7503,.1541,.2022,.5235,.0000
7504,.3655,.1425,.4185,.0000
7505,.3557,.0975,.4937,.0000
7506,.2128,.1239,.5884,.0000
7507,.2641,.1710,.4844,.0000
7508,.2473,.1384,.4815,.0475
7509,.4536,.0643,.3778,.0311
7510,.5552,.0427,.3271,.0000
7511,.3562,.0502,.5373,.0000
7512,.1920,.1826,.5668,.0000
7513,.0351,.2998,.5939,.0000
7514,.0633,.2592,.6051,.0000
7515,.0330,.1750,.7212,.0000
7516,.1566,.1513,.6194,.0000
7517,.2540,.0970,.5881,.0000
7518,.1597,.3078,.4341,.0000
7519,.2887,.4028,.1402,.0000
7520,.0149,.4242,.4004,.0000
7521,.0353,.5030,.1648,.0000
7522,.0000,.4883,.0382,.1201
7523,.0000,.4767,.0001,.2648
7524,.0529,.4495,.2681,.0062
7525,.0032,.2040,.6801,.0000
7526,.0157,.1436,.7806,.0000
7527,.1000,.0331,.8105,.0000
7528,.0303,.1175,.7078,.0000
7529,.1010,.1850,.6248,.0000
7530,.1200,.1745,.5850,.0000
7531,.1950,.1914,.4790,.0000
7532,.0427,.4379,.2399,.0000
7533,.0000,.5796,.0488,.0000
7534,.0000,.2881,.3807,.0000
7535,.0076,.1692,.4362,.1341
7536,.1862,.2354,.3221,.0670
7537,.1377,.2525,.4703,.0000
7538,.3223,.1687,.3333,.0675
7539,.3244,.1039,.3302,.1311
7540,.2923,.0394,.5433,.0000
7541,.3975,.0288,.3766,.1080
7542,.5725,.0220,.2333,.0923
7543,.2972,.1160,.4385,.0000
7544,.1981,.1284,.5321,.0000
7545,.1479,.1778,.4484,.0963
7546,.1980,.1884,.4655,.0166
7547,.2984,.2346,.2475,.0743
7548,.2944,.2601,.2761,.0508
7549,.2275,.3117,.3134,.0000
7550,.1417,.3736,.3210,.0015
7551,.0699,.5020,.1868,.0484
7552,.0307,.6315,.1621,.0000
7553,.0452,.5393,.2151,.0663
7554,.0865,.3068,.4280,.1003
7555,.3197,.0948,.4804,.0460
7556,.6272,.0802,.1995,.0391
7557,.5642,.0621,.2770,.0263
7558,.6260,.0186,.2871,.0000
7559,.7001,.0751,.1576,.0000
7560,.4561,.3531,.1345,.0000
7561,.5914,.0997,.2399,.0000
7562,.5497,.2243,.1667,.0000
7563,.4667,.3838,.0985,.0000
7564,.6264,.1057,.2074,.0000
7565,.5989,.0764,.2778,.0000
7566,.6303,.1182,.2093,.0000
7567,.5972,.2056,.1423,.0000
7568,.6323,.2118,.1104,.0000
7569,.5835,.2391,.1322,.0000
7570,.4226,.4341,.1075,.0000
7571,.0614,.9019,.0281,.0000
7572,.0705,.5235,.3499,.0000
7573,.3719,.3711,.2080,.0000
7574,.4842,.0217,.4449,.0000
7575,.6929,.0003,.2828,.0000
7576,.0000,.6386,.0603,.0107
7577,.0193,.6531,.1911,.0000
7578,.0902,.2103,.6014,.0000
7579,.1613,.1054,.6499,.0000
7580,.2886,.0892,.5476,.0000
7581,.1668,.2049,.5488,.0000
7582,.2869,.1902,.4490,.0000
7583,.3083,.0656,.5513,.0000
7584,.3275,.0807,.5086,.0000
7585,.3353,.0454,.5350,.0000
7586,.4848,.0726,.3996,.0000
7587,.3895,.3193,.2598,.0000
7588,.1040,.7554,.1214,.0000
7589,.0808,.4708,.4025,.0000
7590,.0106,.4859,.4637,.0000
7591,.0602,.2078,.6621,.0000
7592,.3110,.1043,.5237,.0000
7593,.2172,.3071,.4037,.0000
7594,.0535,.5852,.2586,.0000
7595,.0055,.6303,.1852,.0000
7596,.0109,.5539,.2099,.0000
7597,.0033,.3778,.1525,.1808
7598,.0009,.3282,.0876,.3482
7599,.0119,.4756,.2838,.0027
7600,.0000,.4123,.3944,.0000
7601,.0000,.4147,.4547,.0000
7602,.0000,.3616,.5391,.0000
7603,.0458,.3025,.4522,.0000
7604,.0185,.3155,.4883,.0000
7605,.0383,.3228,.4465,.0000
7606,.0587,.2836,.3912,.0000
7607,.0137,.3715,.3054,.0000
7608,.0000,.3102,.2430,.0000
7609,.0000,.2604,.3230,.0000
7610,.0245,.1750,.4042,.0213
7611,.1530,.2591,.3097,.0108
7612,.0727,.3371,.3920,.0129
7613,.1915,.2457,.1088,.2359
7614,.0805,.1435,.1602,.3864
7615,.2534,.1276,.3394,.0787
7616,.5406,.0209,.1771,.1385
7617,.5852,.0162,.2967,.0000
7618,.4495,.0792,.3511,.0000
7619,.3843,.1309,.4095,.0000
7620,.1056,.1800,.5842,.0478
7621,.1182,.5742,.2587,.0085
7622,.2685,.0929,.5206,.0434
7623,.3798,.1474,.3046,.0687
7624,.2732,.2253,.3621,.0245
7625,.1098,.6334,.1951,.0016
7626,.0669,.3628,.3802,.0387
7627,.0331,.5902,.1887,.0000
7628,.0594,.6470,.1422,.0000
7629,.0593,.4289,.3972,.0000
7630,.3664,.1321,.3797,.0497
7631,.4651,.0553,.3603,.0690
7632,.2786,.1212,.4938,.0342
7633,.5155,.0731,.3554,.0000
7634,.5159,.0789,.3445,.0000
7635,.3043,.6061,.0597,.0000
7636,.2637,.4105,.2476,.0213
7637,.1087,.5334,.2958,.0191
7638,.2007,.6695,.1054,.0000
7639,.4661,.0678,.3970,.0000
7640,.4951,.0616,.3926,.0000
7641,.5921,.0921,.2684,.0000
7642,.6142,.0981,.2331,.0000
7643,.6502,.1390,.1587,.0000
7644,.2717,.6049,.0988,.0000
7645,.5598,.1586,.2054,.0000
7646,.3603,.2630,.2983,.0000
7647,.2387,.4702,.2289,.0000
7648,.1700,.7672,.0491,.0000
7649,.4692,.1706,.3238,.0000
7650,.6220,.0084,.3439,.0000
7651,.0094,.7667,.0448,.0084
7652,.0802,.5145,.2223,.0000
7653,.2902,.1284,.4974,.0000
7654,.1362,.1298,.6650,.0000
7655,.1249,.1480,.6705,.0000
7656,.2702,.1282,.5270,.0000
7657,.2986,.0958,.5274,.0000
7658,.3857,.1164,.4134,.0000
7659,.3678,.1427,.3945,.0000
7660,.2866,.0961,.5281,.0000
7661,.2617,.1538,.5104,.0000
7662,.3408,.0920,.5014,.0000
7663,.2331,.2274,.4726,.0000
7664,.0982,.3639,.4803,.0000
7665,.0298,.4504,.4546,.0000
7666,.0418,.3217,.5609,.0000
7667,.0145,.2960,.6300,.0000
7668,.1142,.2857,.5518,.0000
7669,.0975,.4534,.3854,.0000
7670,.0436,.4597,.3884,.0000
7671,.0937,.3627,.4394,.0000
7672,.1006,.2398,.5417,.0000
7673,.0770,.3140,.4836,.0000
7674,.0635,.5198,.2354,.0000
7675,.0080,.4988,.3741,.0000
7676,.0059,.2655,.5407,.0000
7677,.0000,.3297,.4347,.0000
7678,.0160,.4556,.3756,.0000
7679,.0800,.4212,.4007,.0000
7680,.1439,.2948,.4626,.0000
7681,.2119,.2342,.3908,.0000
7682,.0269,.5297,.2468,.0000
7683,.0051,.3089,.3468,.0000
7684,.0190,.2196,.3798,.0000
7685,.0555,.2640,.3251,.0000
7686,.0667,.3373,.0895,.2593
7687,.0316,.2599,.0286,.3838
7688,.0175,.2120,.0046,.5017
7689,.0339,.2481,.1008,.4333
7690,.2688,.2742,.1949,.0715
7691,.4900,.0842,.2198,.0687
7692,.5194,.0337,.3166,.0000
7693,.3280,.1028,.4357,.0000
7694,.2037,.2138,.5120,.0000
7695,.0887,.2424,.6034,.0000
7696,.2267,.3947,.3309,.0000
7697,.1022,.1694,.6725,.0000
7698,.2085,.1741,.5143,.0171
7699,.2645,.2288,.3832,.0110
7700,.1801,.4199,.3417,.0000
7701,.2321,.2051,.4689,.0000
7702,.0308,.5839,.2852,.0000
7703,.0250,.7951,.1125,.0000
7704,.0091,.6423,.2777,.0000
7705,.2062,.2340,.4575,.0038
7706,.3098,.0678,.5185,.0172
7707,.4259,.1207,.3840,.0000
7708,.5159,.1334,.2777,.0000
7709,.3125,.1316,.4884,.0020
7710,.5363,.2670,.1215,.0181
7711,.3196,.5334,.0680,.0304
7712,.3358,.2499,.3237,.0270
7713,.6037,.0578,.2666,.0000
7714,.6389,.0328,.2513,.0000
7715,.6095,.0519,.2663,.0000
7716,.5231,.2774,.1606,.0000
7717,.6644,.1808,.1161,.0000
7718,.6145,.0430,.2995,.0000
7719,.6450,.0832,.2310,.0000
7720,.4382,.2240,.2774,.0000
7721,.1724,.2897,.4732,.0000
7722,.0814,.6968,.2039,.0000
7723,.5254,.2353,.1930,.0000
7724,.2587,.0729,.6320,.0000
7725,.5301,.0019,.4324,.0000
7726,.0513,.5909,.1979,.0000
7727,.0646,.3972,.3157,.0000
7728,.1872,.2481,.4346,.0000
7729,.1399,.2718,.5037,.0000
7730,.0225,.0945,.8157,.0000
7731,.2727,.0477,.6172,.0000
7732,.2507,.0818,.5973,.0000
7733,.2066,.1782,.5311,.0000
7734,.2279,.1526,.5086,.0000
7735,.1450,.1914,.5659,.0000
7736,.1410,.2666,.4978,.0000
7737,.1317,.2440,.5441,.0000
7738,.1141,.1872,.6219,.0000
7739,.0752,.3937,.4577,.0000
7740,.0335,.4571,.4230,.0000
7741,.0098,.5510,.3548,.0000
7742,.0000,.5304,.3842,.0000
7743,.0626,.4389,.4285,.0000
7744,.1793,.2764,.4671,.0000
7745,.0578,.2197,.6100,.0000
7746,.1946,.0977,.6313,.0000
7747,.2838,.1029,.5323,.0000
7748,.2969,.2400,.3649,.0000
7749,.1091,.3528,.4377,.0000
7750,.0874,.3947,.3987,.0000
7751,.0431,.2016,.6514,.0000
7752,.0200,.2163,.6440,.0000
7753,.1073,.2242,.5171,.0024
7754,.1726,.2296,.4123,.0120
7755,.0991,.2079,.4811,.0000
7756,.0821,.2887,.3730,.0000
7757,.0216,.4665,.3011,.0000
7758,.0729,.3063,.4186,.0000
7759,.1087,.2565,.3870,.0000
7760,.1846,.2780,.1922,.0000
7761,.1136,.4014,.1909,.0000
7762,.0915,.3902,.0629,.1886
7763,.1574,.3541,.3141,.0154
7764,.3558,.2550,.2511,.0278
7765,.3266,.2605,.3028,.0062
7766,.3497,.1319,.3823,.0412
7767,.3863,.1222,.3751,.0000
7768,.2912,.1318,.4309,.0000
7769,.2019,.2463,.4453,.0000
7770,.0516,.3742,.4863,.0000
7771,.3788,.3238,.2344,.0000
7772,.1880,.2286,.5111,.0000
7773,.1405,.2054,.4683,.1094
7774,.2497,.2962,.3023,.0588
7775,.5202,.1046,.3032,.0000
7776,.1894,.0806,.6657,.0000
7777,.1229,.2800,.5279,.0000
7778,.1343,.6415,.1477,.0000
7779,.0116,.7791,.1245,.0000
7780,.0000,.5438,.3852,.0000
7781,.0715,.2641,.5663,.0000
7782,.2726,.1165,.5127,.0000
7783,.4339,.1104,.3117,.0706
7784,.2315,.1525,.5403,.0101
7785,.4559,.1642,.2894,.0157
7786,.4522,.2339,.2259,.0000
7787,.3264,.1790,.4236,.0000
7788,.4991,.0738,.3507,.0000
7789,.5025,.0995,.3221,.0000
7790,.5284,.1593,.2350,.0000
7791,.3765,.4816,.0980,.0000
7792,.4876,.3611,.1056,.0032
7793,.6003,.1143,.2395,.0003
7794,.5701,.1420,.2450,.0000
7795,.3778,.2111,.3529,.0000
7796,.2072,.2832,.4560,.0000
7797,.1894,.2137,.5481,.0000
7798,.5767,.1679,.2130,.0000
7799,.6540,.0415,.2684,.0000
7800,.6033,.0086,.3451,.0000
7801,.0206,.2213,.3704,.2277
7802,.0241,.3639,.4487,.0000
7803,.0048,.4919,.3264,.0000
7804,.0651,.4775,.3376,.0000
7805,.0575,.1284,.7244,.0000
7806,.1379,.0718,.7126,.0000
7807,.0994,.2476,.5199,.0410
7808,.0432,.3353,.4711,.0475
7809,.0722,.2274,.5740,.0000
7810,.0427,.3801,.4675,.0000
7811,.0828,.4461,.3820,.0000
7812,.0181,.5189,.4101,.0000
7813,.0549,.3209,.5569,.0000
7814,.0870,.3970,.4199,.0000
7815,.0089,.5354,.3643,.0000
7816,.0090,.6284,.2821,.0000
7817,.0204,.4802,.4081,.0000
7818,.0890,.5175,.3011,.0000
7819,.0201,.3487,.4829,.0000
7820,.0251,.2561,.5848,.0000
7821,.1216,.1469,.6663,.0000
7822,.1161,.1346,.6953,.0000
7823,.1990,.1200,.6082,.0000
7824,.2735,.0781,.5799,.0000
7825,.2390,.0927,.5820,.0000
7826,.1155,.0928,.7069,.0000
7827,.0683,.1393,.7039,.0000
7828,.4060,.0223,.4910,.0079
7829,.3681,.0822,.4162,.0379
7830,.1829,.2264,.4618,.0000
7831,.0949,.4424,.3218,.0000
7832,.0529,.4258,.3882,.0000
7833,.0861,.2084,.5587,.0000
7834,.1756,.2355,.4201,.0000
7835,.1174,.3299,.3092,.0000
7836,.0805,.3299,.4289,.0000
7837,.1815,.3887,.2610,.0000
7838,.0862,.2544,.4425,.1116
7839,.0633,.0958,.4574,.3158
7840,.4383,.0409,.3517,.1029
7841,.1262,.0139,.7832,.0173
7842,.3649,.0137,.5605,.0000
7843,.5092,.0421,.3770,.0000
7844,.3490,.1781,.4036,.0000
7845,.1222,.3137,.4869,.0000
7846,.2718,.1938,.4723,.0000
7847,.2995,.2339,.3960,.0000
7848,.2850,.3591,.2435,.0178
7849,.1051,.1730,.5717,.0098
7850,.1671,.2410,.5223,.0000
7851,.0661,.2918,.5729,.0000
7852,.0982,.2872,.5497,.0000
7853,.1564,.3555,.4288,.0000
7854,.2854,.4135,.2244,.0000
7855,.1818,.5944,.1762,.0000
7856,.0090,.7689,.1744,.0000
7857,.0201,.5851,.2289,.0594
7858,.1303,.4342,.2839,.0637
7859,.0474,.3784,.5020,.0040
7860,.2337,.1406,.5602,.0000
7861,.2605,.2598,.4222,.0000
7862,.1751,.2127,.5536,.0000
7863,.3756,.1178,.4447,.0000
7864,.3745,.0945,.4697,.0000
7865,.4248,.1911,.3253,.0000
7866,.4783,.2471,.2122,.0000
7867,.5800,.2437,.1201,.0038
7868,.6469,.1215,.1901,.0003
7869,.4896,.1192,.3464,.0000
7870,.5390,.1247,.2824,.0000
7871,.4933,.3175,.1310,.0000
7872,.0984,.3385,.4988,.0000
7873,.4391,.1894,.3162,.0000
7874,.6606,.0739,.2226,.0000
7875,.4904,.0279,.4212,.0000
7876,.0338,.2913,.4687,.0611
7877,.2891,.2623,.2968,.0297
7878,.1697,.4392,.2115,.0540
7879,.0249,.7492,.1609,.0000
7880,.0203,.4484,.2760,.1755
7881,.0245,.3295,.4337,.1232
7882,.0343,.3631,.4900,.0183
7883,.0243,.4997,.3616,.0211
7884,.0000,.4648,.4197,.0000
7885,.0027,.5147,.3718,.0000
7886,.0164,.6206,.2784,.0000
7887,.0063,.5882,.3298,.0000
7888,.0470,.4089,.4607,.0000
7889,.0977,.2146,.6050,.0000
7890,.2449,.2658,.4006,.0000
7891,.1445,.3739,.3969,.0000
7892,.1097,.2920,.5145,.0000
7893,.1535,.3070,.4489,.0000
7894,.0679,.3573,.4226,.0000
7895,.0451,.3448,.4441,.0000
7896,.0578,.3202,.5199,.0000
7897,.0696,.2421,.6273,.0000
7898,.0967,.1219,.7014,.0000
7899,.1224,.0853,.7202,.0000
7900,.2836,.0743,.5643,.0000
7901,.2282,.1428,.5263,.0000
7902,.1466,.1599,.5872,.0000
7903,.5838,.0726,.2736,.0000
7904,.4381,.1016,.3716,.0000
7905,.1956,.3056,.3947,.0000
7906,.1058,.4198,.3540,.0000
7907,.0198,.5066,.3869,.0000
7908,.0875,.5001,.3333,.0000
7909,.0382,.5152,.3207,.0000
7910,.1427,.4212,.2282,.0000
7911,.0387,.2450,.5660,.0000
7912,.2068,.3696,.3037,.0000
7913,.1406,.1771,.4650,.1169
7914,.1761,.0769,.4337,.2189
7915,.4012,.0962,.2947,.1431
7916,.5409,.0576,.1819,.1705
7917,.3006,.0776,.5560,.0000
7918,.2347,.1341,.5488,.0091
7919,.3044,.2572,.3688,.0063
7920,.1168,.4091,.4030,.0000
7921,.2876,.2744,.3361,.0000
7922,.2368,.2067,.4410,.0000
7923,.1129,.4396,.3479,.0000
7924,.0323,.3727,.5060,.0000
7925,.2253,.2735,.3024,.1273
7926,.3927,.1410,.3951,.0000
7927,.4267,.1198,.3806,.0000
7928,.3026,.1211,.4947,.0000
7929,.3534,.2744,.3086,.0000
7930,.0428,.4623,.4372,.0000
7931,.0406,.5977,.3160,.0000
7932,.0392,.7315,.1599,.0192
7933,.0128,.6518,.2157,.0083
7934,.0010,.5268,.3833,.0000
7935,.0675,.2439,.5979,.0000
7936,.1170,.3523,.4676,.0000
7937,.2495,.2088,.4859,.0000
7938,.4422,.0545,.4473,.0000
7939,.3077,.0120,.6292,.0000
7940,.5205,.0295,.3849,.0000
7941,.5365,.0584,.3423,.0000
7942,.6668,.0346,.2397,.0000
7943,.5068,.0486,.4036,.0000
7944,.5587,.0956,.3026,.0000
7945,.5471,.1468,.2688,.0000
7946,.2909,.5596,.1214,.0000
7947,.0475,.6084,.2773,.0000
7948,.0450,.3575,.5481,.0000
7949,.3129,.1470,.4870,.0000
7950,.2688,.1868,.4995,.0000
7951,.2889,.0883,.5266,.0003
7952,.5042,.0693,.3411,.0050
7953,.2986,.1738,.4001,.0092
7954,.0449,.3208,.4839,.0000
7955,.0177,.3998,.4284,.0400
7956,.1035,.3967,.3638,.0300
7957,.1417,.2798,.4568,.0000
7958,.2430,.2498,.3914,.0000
7959,.0530,.5337,.3292,.0000
7960,.0031,.4163,.4748,.0000
7961,.0318,.3360,.4986,.0000
7962,.0572,.3482,.4926,.0000
7963,.1344,.2197,.5851,.0000
7964,.3029,.0348,.6111,.0000
7965,.4006,.0482,.4825,.0000
7966,.3411,.1354,.4495,.0000
7967,.3005,.1241,.5141,.0000
7968,.2702,.1423,.5107,.0000
7969,.2273,.2877,.3942,.0000
7970,.1152,.3220,.4668,.0000
7971,.0668,.3845,.4672,.0000
7972,.1850,.3633,.3842,.0000
7973,.1016,.2229,.5951,.0000
7974,.0794,.2181,.6316,.0000
7975,.2170,.0960,.6075,.0000
7976,.2860,.2382,.3783,.0000
7977,.1756,.1672,.5593,.0000
7978,.4019,.1294,.3838,.0000
7979,.1820,.3040,.3960,.0000
7980,.1187,.4659,.2907,.0000
7981,.0684,.4668,.3373,.0000
7982,.0234,.3804,.4966,.0000
7983,.1456,.6398,.1158,.0000
7984,.0430,.7504,.0910,.0000
7985,.0380,.5703,.2514,.0000
7986,.0173,.3175,.5506,.0000
7987,.1010,.3091,.4691,.0000
7988,.0931,.4103,.3334,.0000
7989,.1489,.3183,.4298,.0000
7990,.0449,.2502,.6167,.0000
7991,.3493,.1494,.4187,.0057
7992,.2633,.1218,.4961,.0509
7993,.5112,.1401,.1676,.1304
7994,.4934,.2675,.1027,.0734
7995,.1993,.4004,.3249,.0013
7996,.2490,.2462,.4463,.0000
7997,.3111,.2333,.3643,.0000
7998,.1581,.4722,.2871,.0000
7999,.1621,.2722,.4969,.0000
8000,.2453,.1099,.5562,.0007
8001,.2914,.1355,.4474,.0293
8002,.3690,.0650,.4391,.0460
8003,.3371,.0406,.5573,.0000
8004,.2381,.1667,.5405,.0000
8005,.0925,.2256,.5859,.0000
8006,.1279,.3143,.4459,.0000
8007,.0872,.5779,.2267,.0000
8008,.0018,.7719,.0968,.0000
8009,.0000,.6077,.2709,.0000
8010,.0075,.5266,.3761,.0000
8011,.0138,.4748,.4517,.0000
8012,.1108,.2602,.5561,.0000
8013,.3450,.0461,.5295,.0000
8014,.4937,.0728,.3683,.0000
8015,.4816,.0529,.3813,.0000
8016,.6208,.0122,.2981,.0000
8017,.6647,.0067,.2560,.0000
8018,.5850,.0817,.2553,.0104
8019,.7102,.1242,.1217,.0000
8020,.6483,.0791,.2348,.0000
8021,.4540,.3461,.1692,.0000
8022,.2556,.5137,.1720,.0000
8023,.0616,.6716,.2434,.0000
8024,.1612,.2514,.5226,.0000
8025,.0833,.3497,.4851,.0000
8026,.0904,.3443,.4696,.0000
8027,.3858,.1468,.3850,.0000
8028,.2330,.0375,.6430,.0000
8029,.0183,.0454,.8306,.0000
8030,.3641,.1460,.4411,.0000
8031,.1079,.2262,.6075,.0000
8032,.2431,.1261,.5622,.0000
8033,.3242,.2488,.3480,.0000
8034,.0678,.6039,.2488,.0000
8035,.0008,.4183,.5021,.0000
8036,.0327,.3471,.5193,.0000
8037,.0787,.2279,.6176,.0000
8038,.2527,.0826,.6156,.0000
8039,.4225,.0071,.5287,.0000
8040,.4814,.0106,.4563,.0000
8041,.4961,.0359,.4146,.0000
8042,.5072,.1163,.3193,.0000
8043,.3963,.0983,.4412,.0000
8044,.4085,.1773,.3426,.0000
8045,.1650,.3424,.4199,.0000
8046,.0707,.3674,.5139,.0000
8047,.2538,.1956,.4878,.0000
8048,.0798,.3193,.5222,.0000
8049,.1022,.2043,.6376,.0000
8050,.2075,.1100,.6176,.0000
8051,.1496,.4765,.3279,.0000
8052,.1284,.2483,.5531,.0000
8053,.2642,.1157,.5057,.0000
8054,.1573,.3714,.3392,.0000
8055,.0192,.5102,.3287,.0000
8056,.0000,.4924,.3785,.0000
8057,.0217,.3383,.5643,.0000
8058,.1688,.5174,.2288,.0000
8059,.0531,.7231,.1391,.0000
8060,.0000,.6601,.2514,.0000
8061,.0385,.4405,.4240,.0000
8062,.0616,.5095,.3567,.0000
8063,.0246,.6163,.2449,.0000
8064,.0000,.5338,.3789,.0000
8065,.0258,.5809,.3393,.0000
8066,.0902,.4832,.3513,.0180
8067,.2259,.2705,.2870,.1624
8068,.3143,.1702,.2160,.2445
8069,.6281,.1078,.1030,.1136
8070,.5467,.1271,.2669,.0050
8071,.2666,.0809,.5755,.0000
8072,.2752,.1501,.4609,.0000
8073,.0177,.3209,.5438,.0259
8074,.1852,.2980,.4314,.0084
8075,.0885,.3067,.5222,.0249
8076,.3515,.1416,.4071,.0000
8077,.3439,.0450,.5039,.0000
8078,.2330,.1780,.5086,.0000
8079,.2158,.2718,.4280,.0000
8080,.2305,.1636,.5189,.0000
8081,.1485,.2927,.4492,.0000
8082,.3744,.1638,.3459,.0000
8083,.4073,.3182,.1239,.0000
8084,.0040,.6790,.1078,.0000
8085,.0000,.6704,.0970,.0000
8086,.0000,.5963,.2716,.0000
8087,.0724,.4117,.3860,.0000
8088,.1560,.3645,.3641,.0000
8089,.1546,.1763,.5743,.0000
8090,.2848,.1220,.5234,.0000
8091,.6439,.0297,.2577,.0000
8092,.6955,.0411,.2043,.0000
8093,.6062,.1022,.2090,.0046
8094,.4489,.1345,.3635,.0000
8095,.5685,.0692,.3117,.0000
8096,.6949,.0211,.2381,.0000
8097,.6118,.1726,.1672,.0000
8098,.4016,.3864,.1692,.0000
8099,.3358,.1972,.3908,.0000
8100,.1007,.3516,.4049,.0000
8101,.0643,.2249,.6246,.0000
8102,.1167,.1349,.6829,.0000
8103,.4353,.0481,.4590,.0099
8104,.4635,.0192,.4501,.0053
8105,.2493,.2284,.4356,.0000
8106,.1200,.1246,.6774,.0000
8107,.2915,.2020,.4368,.0000
8108,.1687,.4384,.3280,.0000
8109,.1211,.4198,.3899,.0000
8110,.0107,.4139,.4976,.0000
8111,.0383,.3537,.5392,.0000
8112,.0660,.2049,.6682,.0000
8113,.4160,.1191,.4063,.0000
8114,.5064,.0142,.4290,.0000
8115,.4438,.0301,.4682,.0000
8116,.5483,.0234,.3702,.0000
8117,.2632,.0598,.6273,.0000
8118,.4363,.0731,.4397,.0000
8119,.3548,.1232,.4375,.0000
8120,.0886,.3728,.4551,.0000
8121,.0842,.4029,.4463,.0000
8122,.3053,.1622,.4646,.0000
8123,.2427,.2919,.3723,.0000
8124,.0580,.2260,.6443,.0000
8125,.1304,.0786,.7391,.0000
8126,.2146,.2312,.5209,.0000
8127,.4173,.2100,.2930,.0000
8128,.3543,.1406,.4176,.0000
8129,.2752,.2032,.4195,.0000
8130,.0348,.4274,.4087,.0000
8131,.0307,.5062,.3506,.0000
8132,.0232,.4785,.4172,.0000
8133,.0831,.4603,.3524,.0000
8134,.0650,.5732,.2544,.0000
8135,.0621,.5523,.2975,.0000
8136,.2390,.3990,.2758,.0000
8137,.0644,.5322,.3105,.0000
8138,.0589,.6581,.1948,.0000
8139,.0208,.6783,.2235,.0000
8140,.1311,.5893,.2100,.0000
8141,.1285,.3336,.4410,.0000
8142,.2345,.2337,.4379,.0114
8143,.1982,.2546,.4683,.0156
8144,.3442,.1938,.4034,.0000
8145,.4376,.1007,.4102,.0000
8146,.6087,.0768,.2612,.0000
8147,.4360,.0993,.4054,.0000
8148,.1576,.0763,.5993,.1047
8149,.3861,.0341,.4881,.0337
8150,.2549,.1870,.3802,.1256
8151,.1635,.2310,.5331,.0000
8152,.2716,.1293,.4570,.0522
8153,.1565,.0446,.7008,.0246
8154,.1412,.0433,.7594,.0000
8155,.2689,.0659,.5936,.0000
8156,.0275,.1695,.7204,.0000
8157,.0711,.1672,.6738,.0000
8158,.2825,.0936,.5566,.0000
8159,.0009,.6643,.2844,.0000
8160,.0028,.7212,.1918,.0000
8161,.0419,.4639,.3858,.0000
8162,.0728,.4297,.3350,.0000
8163,.1204,.5654,.2307,.0000
8164,.0276,.5659,.3344,.0000
8165,.1974,.2573,.4977,.0000
8166,.4877,.1123,.3417,.0000
8167,.6902,.0299,.2277,.0000
8168,.6053,.0637,.2126,.0439
8169,.4324,.0620,.1860,.2435
8170,.5651,.0573,.1935,.1263
8171,.7767,.0220,.1471,.0000
8172,.6966,.0481,.2048,.0000
8173,.6499,.1039,.1919,.0000
8174,.5835,.1500,.1882,.0000
8175,.2788,.3106,.2869,.0000
8176,.1474,.3741,.3988,.0000
8177,.0727,.1499,.6940,.0000
8178,.2647,.0859,.4796,.0920
8179,.1829,.0217,.6685,.0507
8180,.1173,.1799,.6121,.0000
8181,.2179,.1405,.5428,.0000
8182,.0425,.2773,.6069,.0000
8183,.1800,.2773,.4554,.0000
8184,.1205,.0898,.6721,.0000
8185,.1441,.3680,.3656,.0000
8186,.0008,.3639,.5396,.0000
8187,.0844,.1614,.6517,.0000
8188,.2828,.0614,.5852,.0000
8189,.2052,.0581,.6868,.0000
8190,.5180,.0186,.4190,.0000
8191,.4513,.0438,.4371,.0000
8192,.5358,.0316,.3708,.0000
8193,.6191,.0206,.3104,.0000
8194,.6251,.0598,.2573,.0000
8195,.4085,.2159,.2950,.0000
8196,.2012,.2185,.4768,.0000
8197,.2100,.0650,.6168,.0000
8198,.3126,.1704,.4434,.0000
8199,.1498,.3425,.4223,.0000
8200,.0211,.2814,.6175,.0000
8201,.1251,.0741,.7515,.0000
8202,.3912,.0493,.4914,.0116
8203,.5315,.0818,.1479,.1894
8204,.4648,.1484,.3084,.0000
8205,.1321,.4276,.3345,.0000
8206,.0292,.5136,.3558,.0000
8207,.0429,.3253,.5403,.0000
8208,.1972,.3654,.3071,.0000
8209,.1558,.4174,.3193,.0000
8210,.1486,.2626,.5128,.0000
8211,.3275,.2078,.3883,.0000
8212,.1059,.4703,.3280,.0000
8213,.1569,.5406,.2133,.0000
8214,.0787,.6708,.1759,.0000
8215,.1056,.5021,.3354,.0000
8216,.2488,.2210,.4532,.0000
8217,.3598,.0218,.5147,.0173
8218,.3686,.0765,.4538,.0234
8219,.3049,.1174,.5060,.0000
8220,.0809,.1215,.7314,.0000
8221,.3776,.1284,.4356,.0000
8222,.5496,.0609,.3504,.0000
8223,.4282,.0075,.5309,.0000
8224,.6196,.0113,.3272,.0000
8225,.5102,.0569,.3805,.0000
8226,.4518,.1865,.3001,.0000
8227,.1415,.3685,.1772,.2086
8228,.2486,.2398,.3127,.0986
8229,.5774,.0501,.2981,.0000
8230,.4880,.0471,.3795,.0000
8231,.1629,.1236,.6389,.0000
8232,.0247,.6328,.3030,.0000
8233,.1765,.2455,.4880,.0000
8234,.0302,.7031,.2088,.0000
8235,.0694,.7808,.0891,.0000
8236,.0446,.6038,.2954,.0000
8237,.0889,.4279,.3804,.0000
8238,.0247,.5687,.3297,.0000
8239,.0021,.8271,.1238,.0000
8240,.0831,.4204,.4365,.0000
8241,.1273,.2009,.6183,.0000
8242,.1728,.1233,.6386,.0000
8243,.6043,.0937,.2301,.0079
8244,.6330,.0205,.2237,.0475
8245,.3013,.0314,.5893,.0267
8246,.6303,.0081,.3263,.0000
8247,.7055,.0169,.2356,.0000
8248,.6961,.0576,.2006,.0000
8249,.6643,.1071,.1165,.0387
8250,.2430,.5962,.0904,.0215
8251,.3794,.0638,.4802,.0000
8252,.2187,.0408,.6622,.0000
8253,.2315,.0913,.5895,.0000
8254,.2736,.0768,.5377,.0309
8255,.3390,.1006,.4640,.0034
8256,.0597,.2549,.5714,.0000
8257,.0370,.3063,.5631,.0000
8258,.2848,.0987,.5455,.0000
8259,.4153,.0287,.4933,.0000
8260,.0137,.8377,.1256,.0000
8261,.0000,.5496,.3689,.0000
8262,.0050,.5718,.3203,.0000
8263,.0699,.3588,.4722,.0000
8264,.1695,.0787,.7033,.0000
8265,.3950,.0808,.4679,.0000
8266,.2372,.1595,.5399,.0000
8267,.3074,.0486,.5724,.0000
8268,.5572,.0068,.3900,.0000
8269,.5080,.0058,.4143,.0000
8270,.4425,.0717,.4330,.0000
8271,.3684,.1364,.4495,.0000
8272,.4537,.0617,.4304,.0000
8273,.3364,.1088,.5013,.0000
8274,.1275,.3422,.4524,.0000
8275,.0252,.4485,.4197,.0000
8276,.0411,.2967,.5857,.0000
8277,.2262,.2319,.4411,.0040
8278,.2647,.0716,.5537,.0582
8279,.2764,.1094,.5331,.0000
8280,.2121,.4126,.2682,.0000
8281,.0234,.5748,.2844,.0000
8282,.0229,.3744,.4935,.0000
8283,.1626,.1871,.4818,.0000
8284,.1512,.3112,.4154,.0000
8285,.2595,.1188,.5423,.0000
8286,.2431,.2693,.4086,.0000
8287,.1337,.3584,.4279,.0000
8288,.2140,.3667,.3466,.0000
8289,.0483,.4762,.3975,.0000
8290,.1670,.2174,.5511,.0000
8291,.1786,.0528,.7077,.0000
8292,.3393,.0317,.5568,.0000
8293,.3022,.0572,.5708,.0000
8294,.2505,.0493,.6265,.0000
8295,.2206,.1961,.5026,.0000
8296,.0656,.3443,.5311,.0000
8297,.2374,.2514,.4552,.0000
8298,.4955,.0587,.3583,.0390
8299,.5857,.0116,.3440,.0087
8300,.6327,.0271,.2619,.0000
8301,.5284,.0943,.2840,.0000
8302,.4021,.3154,.1897,.0000
8303,.3651,.2619,.3042,.0000
8304,.4714,.0760,.3748,.0049
8305,.2023,.1061,.5745,.0238
8306,.0693,.1798,.6652,.0000
8307,.1466,.2618,.5074,.0000
8308,.2208,.2847,.4107,.0000
8309,.1120,.6231,.1763,.0000
8310,.0022,.7365,.1989,.0000
8311,.1599,.3837,.3825,.0000
8312,.2722,.2894,.3532,.0000
8313,.0426,.5065,.3758,.0000
8314,.0363,.7869,.1212,.0000
8315,.0482,.4558,.3499,.0000
8316,.0557,.2981,.5103,.0120
8317,.1958,.1721,.5280,.0015
8318,.0806,.1611,.6710,.0000
8319,.1372,.0701,.7364,.0000
8320,.3155,.0457,.5742,.0000
8321,.6175,.0073,.3097,.0000
8322,.6842,.0013,.2546,.0000
8323,.5287,.0072,.4259,.0000
8324,.6543,.0156,.2754,.0097
8325,.6497,.1510,.1417,.0054
8326,.4038,.0087,.5215,.0000
8327,.4388,.0074,.5004,.0000
8328,.4284,.0350,.4802,.0000
8329,.3753,.0387,.4332,.0916
8330,.3437,.0337,.5251,.0095
8331,.2266,.1676,.4948,.0000
8332,.1142,.3520,.3593,.0000
8333,.0151,.2126,.6551,.0000
8334,.0216,.1133,.7838,.0000
8335,.0161,.5221,.3869,.0000
8336,.0051,.6916,.2022,.0000
8337,.0000,.7701,.1116,.0000
8338,.0000,.5288,.3521,.0000
8339,.0465,.1472,.7233,.0000
8340,.1220,.0313,.8009,.0000
8341,.4100,.0666,.4834,.0000
8342,.5460,.0332,.3809,.0000
8343,.4825,.0359,.4388,.0000
8344,.3815,.3198,.2186,.0000
8345,.0731,.2932,.5421,.0000
8346,.0670,.2247,.6396,.0000
8347,.1928,.0894,.6529,.0000
8348,.1405,.7676,.0784,.0000
8349,.5425,.2468,.1522,.0000
8350,.2059,.4428,.2585,.0000
8351,.0507,.3939,.4801,.0000
8352,.1331,.1960,.6068,.0000
8353,.2863,.1235,.5502,.0000
8354,.4135,.0802,.4427,.0000
8355,.1986,.2968,.4358,.0000
8356,.0576,.5387,.2980,.0000
8357,.0110,.4697,.3823,.0000
8358,.0746,.1992,.5860,.0000
8359,.0733,.2071,.6244,.0000
8360,.2602,.0902,.5803,.0000
8361,.3515,.2790,.3086,.0000
8362,.1529,.5800,.2271,.0000
8363,.4129,.1596,.3409,.0000
8364,.3327,.1989,.3860,.0000
8365,.4303,.0437,.4630,.0000
8366,.3563,.0246,.5549,.0000
8367,.4970,.0465,.3893,.0000
8368,.4140,.0678,.3291,.1261
8369,.3273,.0167,.5399,.0514
8370,.4263,.2398,.2559,.0000
8371,.0875,.4742,.3798,.0000
8372,.2254,.3561,.3562,.0000
8373,.2503,.1809,.4615,.0474
8374,.2145,.1162,.5781,.0102
8375,.2963,.0161,.6004,.0000
8376,.4685,.0178,.4126,.0000
8377,.5145,.0197,.3713,.0000
8378,.6392,.0607,.2369,.0000
8379,.2555,.1227,.5406,.0109
8380,.3046,.0393,.5226,.0507
8381,.1347,.1053,.6569,.0000
8382,.2671,.1614,.4858,.0000
8383,.2772,.1018,.5356,.0000
8384,.2447,.4330,.2535,.0000
8385,.0883,.8075,.0595,.0000
8386,.0063,.6273,.2976,.0000
8387,.0023,.5118,.4249,.0000
8388,.0711,.5267,.3363,.0000
8389,.0762,.4012,.4244,.0000
8390,.0354,.3142,.5446,.0000
8391,.0453,.2441,.3896,.1609
8392,.0539,.3673,.3757,.0528
8393,.0960,.5383,.2351,.0000
8394,.0494,.4518,.3986,.0000
8395,.0475,.2615,.6187,.0000
8396,.0522,.2075,.6537,.0000
8397,.3098,.0646,.5762,.0000
8398,.4115,.3408,.2217,.0000
8399,.3926,.3978,.1705,.0000
8400,.5343,.0381,.3588,.0000
8401,.2735,.0413,.6294,.0000
8402,.3441,.0185,.5977,.0000
8403,.4487,.0155,.4900,.0000
8404,.4753,.0351,.4411,.0000
8405,.3012,.0253,.6112,.0000
8406,.2263,.1187,.5767,.0000
8407,.1773,.3804,.3150,.0000
8408,.1148,.3011,.4330,.0000
8409,.0936,.2747,.4954,.0000
8410,.0701,.4849,.3303,.0000
8411,.0218,.7208,.1292,.0000
8412,.0000,.8171,.0321,.0000
8413,.0000,.6953,.1641,.0000
8414,.0000,.4223,.4689,.0000
8415,.1578,.0769,.7224,.0000
8416,.5151,.0382,.3798,.0227
8417,.3122,.0254,.5573,.0611
8418,.5953,.0207,.3245,.0071
8419,.5077,.2545,.1823,.0000
8420,.1405,.3802,.4191,.0000
8421,.0862,.3202,.5261,.0000
8422,.0359,.1835,.7163,.0000
8423,.3334,.1367,.4496,.0000
8424,.3359,.1013,.4903,.0000
8425,.2706,.2877,.3625,.0000
8426,.2266,.3386,.3486,.0000
8427,.2977,.1607,.4594,.0000
8428,.4985,.0901,.3164,.0000
8429,.5672,.0403,.3149,.0000
8430,.4877,.1707,.2603,.0000
8431,.1411,.4223,.3463,.0000
8432,.0016,.5018,.3667,.0000
8433,.0714,.1959,.5907,.0000
8434,.1020,.0657,.7230,.0000
8435,.4475,.0142,.4182,.0490
8436,.4596,.0759,.3814,.0040
8437,.2463,.2168,.4722,.0000
8438,.4064,.1132,.3855,.0000
8439,.3655,.1188,.4300,.0000
8440,.2122,.0839,.6359,.0000
8441,.3900,.0464,.5100,.0000
8442,.4709,.0639,.4013,.0000
8443,.4451,.0934,.3332,.0721
8444,.5450,.0461,.3179,.0289
8445,.5687,.1088,.2562,.0000
8446,.4133,.1967,.3165,.0000
8447,.3836,.1715,.3632,.0000
8448,.2822,.1486,.4938,.0000
8449,.2354,.1593,.5132,.0000
8450,.0374,.0918,.7979,.0000
8451,.2966,.0273,.6116,.0000
8452,.4649,.0157,.4575,.0000
8453,.6435,.0144,.2898,.0000
8454,.3447,.0963,.5033,.0000
8455,.4217,.0505,.4493,.0000
8456,.3248,.0350,.5648,.0000
8457,.1002,.1747,.6490,.0000
8458,.2056,.1284,.5825,.0000
8459,.3138,.1227,.4761,.0000
8460,.2382,.2995,.3760,.0000
8461,.1391,.3810,.4122,.0000
8462,.1507,.3761,.4077,.0000
8463,.1654,.3495,.4119,.0000
8464,.1215,.3381,.4499,.0000
8465,.1071,.2422,.5487,.0000
8466,.0797,.1235,.6853,.0000
8467,.0861,.4752,.1255,.2013
8468,.0037,.7660,.1707,.0000
8469,.0017,.6534,.2727,.0000
8470,.0057,.5259,.3607,.0000
8471,.0229,.4349,.4295,.0000
8472,.0160,.2679,.6227,.0078
8473,.1961,.1044,.6229,.0185
8474,.6092,.0315,.3020,.0000
8475,.6399,.1723,.1428,.0000
8476,.1029,.0846,.7613,.0000
8477,.3329,.0390,.5691,.0000
8478,.4676,.0127,.4579,.0000
8479,.5144,.0000,.4298,.0000
8480,.2189,.0414,.6866,.0000
8481,.4140,.0967,.4120,.0000
8482,.1077,.1207,.6852,.0000
8483,.2861,.1364,.4545,.0000
8484,.2088,.2599,.3669,.0000
8485,.0707,.4654,.3035,.0336
8486,.0109,.6432,.1568,.0752
8487,.0021,.7856,.1198,.0000
8488,.0007,.7694,.0982,.0000
8489,.0000,.5918,.3017,.0000
8490,.0000,.2616,.6729,.0000
8491,.1598,.0617,.6374,.0799
8492,.2325,.1381,.3388,.2313
8493,.2051,.0993,.6034,.0264
8494,.4891,.0925,.3609,.0000
8495,.6645,.1994,.0789,.0000
8496,.4619,.2714,.2088,.0000
8497,.2786,.2664,.3918,.0000
8498,.0439,.3167,.5572,.0000
8499,.0721,.2783,.5416,.0000
8500,.1679,.2775,.4502,.0000
8501,.3817,.2262,.2866,.0000
8502,.4232,.1364,.3448,.0000
8503,.2724,.0238,.6160,.0000
8504,.4982,.0277,.4003,.0000
8505,.2570,.1592,.5047,.0000
8506,.0491,.4201,.4587,.0000
8507,.0145,.4293,.4726,.0000
8508,.1449,.1965,.5628,.0000
8509,.3259,.0878,.4987,.0000
8510,.4445,.0474,.3202,.0958
8511,.3872,.0285,.4820,.0057
8512,.3152,.0613,.5354,.0000
8513,.3844,.0954,.4294,.0000
8514,.4517,.2238,.2521,.0000
8515,.1265,.3419,.4491,.0000
8516,.2214,.0695,.6347,.0000
8517,.1597,.0782,.6889,.0000
8518,.2826,.0735,.5899,.0000
8519,.4192,.1071,.1578,.2616
8520,.6429,.0794,.2160,.0060
8521,.6279,.0319,.2785,.0000
8522,.4459,.0363,.4341,.0000
8523,.2354,.0719,.6136,.0000
8524,.3244,.0544,.5252,.0000
8525,.2096,.1099,.6018,.0000
8526,.3478,.0194,.5662,.0000
8527,.3529,.0337,.3506,.1992
8528,.3367,.0272,.5337,.0542
8529,.3918,.0252,.5394,.0000
8530,.5440,.0633,.3321,.0000
8531,.4280,.0339,.4708,.0000
8532,.2523,.1218,.5575,.0000
8533,.3354,.1126,.4592,.0000
8534,.0896,.1080,.7054,.0000
8535,.1671,.0829,.6478,.0000
8536,.2448,.1296,.5301,.0000
8537,.4693,.0534,.4084,.0000
8538,.4710,.0796,.3773,.0000
8539,.3845,.2615,.2981,.0000
8540,.1957,.4228,.3246,.0000
8541,.0265,.3221,.5977,.0000
8542,.1971,.3330,.4189,.0000
8543,.0148,.8209,.1323,.0000
8544,.0076,.7876,.1183,.0000
8545,.0000,.6015,.2920,.0000
8546,.0000,.5593,.3346,.0000
8547,.0039,.5824,.1839,.0743
8548,.0097,.4825,.2109,.2064
8549,.0214,.2639,.5835,.0411
8550,.5092,.0928,.3667,.0071
8551,.2311,.0678,.3439,.2903
8552,.4184,.0208,.4965,.0000
8553,.4951,.0017,.4422,.0000
8554,.5684,.0086,.3632,.0000
8555,.4115,.0105,.5243,.0000
8556,.5151,.0737,.3584,.0000
8557,.2482,.0642,.6203,.0000
8558,.4138,.0000,.5177,.0000
8559,.4240,.0524,.4148,.0000
8560,.1919,.3502,.2747,.0505
8561,.0123,.5422,.2110,.1114
8562,.0036,.6154,.2556,.0000
8563,.0011,.6928,.2118,.0000
8564,.0000,.6275,.2838,.0000
8565,.0000,.5098,.3968,.0000
8566,.0000,.2972,.6267,.0000
8567,.0866,.2404,.6129,.0000
8568,.2726,.2276,.4404,.0000
8569,.2211,.1815,.5337,.0000
8570,.4383,.1073,.3823,.0000
8571,.4716,.1018,.3794,.0000
8572,.2499,.1324,.5766,.0000
8573,.1737,.2491,.5184,.0000
8574,.0781,.3290,.5040,.0000
8575,.2040,.2577,.4451,.0000
8576,.1058,.1475,.6614,.0000
8577,.4417,.1059,.3949,.0000
8578,.5805,.1351,.2240,.0000
8579,.4630,.0575,.4090,.0090
8580,.4865,.0377,.4065,.0053
8581,.4454,.1006,.3833,.0000
8582,.3289,.2605,.3160,.0000
8583,.1237,.0791,.6873,.0061
8584,.4236,.0714,.4319,.0050
8585,.6555,.0190,.2467,.0102
8586,.3815,.0771,.4154,.0530
8587,.1302,.0797,.7181,.0000
8588,.3059,.1406,.4954,.0000
8589,.3558,.2538,.3295,.0000
8590,.0465,.4674,.4238,.0000
8591,.0257,.3503,.5651,.0000
8592,.0973,.2502,.5815,.0000
8593,.1666,.1460,.6151,.0000
8594,.2761,.1376,.4417,.0704
8595,.3706,.0861,.2200,.2783
8596,.2996,.0366,.6052,.0000
8597,.4356,.0068,.4977,.0000
8598,.3319,.0407,.5437,.0000
8599,.4012,.0108,.5207,.0000
8600,.3828,.0600,.4862,.0000
8601,.5863,.0248,.3304,.0000
8602,.5075,.0437,.2713,.1208
8603,.2831,.0604,.5673,.0319
8604,.0706,.0464,.8137,.0000
8605,.2958,.0418,.5975,.0000
8606,.2846,.0548,.5940,.0000
8607,.1846,.0735,.6672,.0000
8608,.4217,.0686,.4269,.0000
8609,.2623,.0803,.5790,.0000
8610,.1736,.1974,.5440,.0000
8611,.0555,.1121,.7276,.0000
8612,.3038,.0303,.6008,.0000
8613,.4735,.0605,.4148,.0000
8614,.4639,.0414,.4520,.0000
8615,.2806,.3812,.2910,.0000
8616,.0905,.4594,.3670,.0000
8617,.1590,.1746,.5807,.0000
8618,.0112,.3711,.5100,.0000
8619,.0033,.5989,.2590,.0000
8620,.0017,.6336,.2372,.0000
8621,.0000,.8148,.1247,.0000
8622,.0000,.7759,.1381,.0000
8623,.0010,.6648,.1080,.1122
8624,.0407,.4832,.1165,.2402
8625,.0465,.1987,.6291,.0445
8626,.4322,.0208,.3227,.1594
8627,.5779,.0076,.3488,.0000
8628,.5513,.0039,.3821,.0000
8629,.5819,.0072,.3566,.0000
8630,.6241,.0002,.3209,.0000
8631,.6579,.0114,.2895,.0000
8632,.5215,.0248,.3812,.0000
8633,.5756,.0047,.3547,.0000
8634,.5401,.0090,.3884,.0000
8635,.4195,.1667,.2991,.0000
8636,.1196,.4194,.3138,.0000
8637,.0214,.5161,.2939,.0000
8638,.0050,.6776,.1935,.0000
8639,.0000,.7022,.2135,.0000
8640,.0000,.6942,.2182,.0000
8641,.0025,.6244,.2873,.0000
8642,.0182,.3099,.5972,.0000
8643,.4033,.0803,.4518,.0000
8644,.2486,.1562,.5185,.0000
8645,.3575,.1067,.4502,.0000
8646,.5291,.0645,.3653,.0000
8647,.3336,.0425,.5885,.0000
8648,.3877,.1359,.4379,.0000
8649,.1622,.2752,.5058,.0000
8650,.2500,.2393,.4614,.0000
8651,.2006,.1658,.5836,.0000
8652,.3175,.0709,.5369,.0000
8653,.4696,.0307,.4155,.0000
8654,.4556,.0191,.4052,.0475
8655,.3868,.0216,.4966,.0283
8656,.5054,.0666,.3573,.0000
8657,.3177,.1714,.3870,.0000
8658,.2089,.0499,.5755,.0660
8659,.4506,.0681,.3612,.0584
8660,.5281,.0312,.2404,.1335
8661,.4131,.0487,.4552,.0020
8662,.2503,.2166,.3971,.0000
8663,.1751,.1530,.5381,.0000
8664,.3336,.0324,.5226,.0000
8665,.4421,.2156,.2365,.0000
8666,.1508,.3735,.3852,.0000
8667,.0872,.3819,.4374,.0000
8668,.0802,.3637,.4849,.0000
8669,.1024,.1846,.6359,.0004
8670,.3368,.0510,.5076,.0450
8671,.4729,.0422,.4472,.0000
8672,.5614,.0000,.3962,.0000
8673,.3951,.0974,.4280,.0000
8674,.1094,.1292,.6959,.0000
8675,.1448,.1264,.6427,.0000
8676,.4290,.0448,.4798,.0000
8677,.4635,.0107,.4673,.0000
8678,.4466,.0447,.4352,.0000
8679,.2728,.0510,.5962,.0000
8680,.2387,.0500,.6409,.0000
8681,.1439,.0592,.7303,.0000
8682,.1831,.0449,.6912,.0000
8683,.4261,.0482,.4547,.0000
8684,.4074,.0585,.4601,.0000
8685,.2989,.1649,.4508,.0000
8686,.1716,.1706,.5538,.0000
8687,.0756,.1770,.6463,.0000
8688,.1968,.2010,.5287,.0000
8689,.2537,.1820,.5013,.0000
8690,.2459,.0799,.6003,.0000
8691,.2722,.0196,.6317,.0000
8692,.4070,.0439,.4743,.0000
8693,.1879,.2326,.5058,.0000
8694,.1755,.3220,.4325,.0000
8695,.0548,.4695,.4293,.0000
8696,.0172,.7327,.1952,.0000
8697,.0872,.6813,.1357,.0000
8698,.0266,.7090,.1834,.0000
8699,.0209,.7327,.1780,.0000
8700,.0373,.5512,.3422,.0000
8701,.5775,.0025,.3769,.0000
8702,.5994,.0015,.3555,.0000
8703,.5679,.0018,.3781,.0000
8704,.5587,.0006,.3845,.0000
8705,.6677,.0000,.2947,.0000
8706,.6428,.0000,.3200,.0000
8707,.5629,.0056,.3667,.0000
8708,.5914,.0171,.3297,.0000
8709,.4379,.0073,.5017,.0000
8710,.3525,.1288,.4091,.0000
8711,.1259,.3584,.3630,.0000
8712,.0315,.4344,.3561,.0000
8713,.0258,.5081,.3327,.0000
8714,.0384,.6990,.1560,.0000
8715,.0098,.8187,.0827,.0000
8716,.0028,.8159,.1139,.0000
8717,.0012,.5418,.3676,.0000
8718,.1485,.1547,.6214,.0000
8719,.4684,.0708,.3873,.0000
8720,.4856,.1033,.3399,.0000
8721,.5050,.0308,.4184,.0000
8722,.4242,.0008,.5436,.0000
8723,.6037,.0158,.3422,.0000
8724,.4381,.0996,.4146,.0000
8725,.2829,.1135,.5566,.0000
8726,.2988,.1412,.5242,.0000
8727,.4408,.0784,.4276,.0000
8728,.4500,.0595,.4095,.0000
8729,.3290,.0313,.5686,.0000
8730,.1310,.0360,.7656,.0000
8731,.3275,.0514,.5517,.0000
8732,.3546,.1281,.4418,.0173
8733,.3602,.1385,.3843,.0645
8734,.4303,.1105,.3819,.0236
8735,.3636,.0685,.5039,.0000
8736,.2903,.0871,.5406,.0000
8737,.1175,.1654,.6037,.0000
8738,.2763,.1287,.4643,.0000
8739,.3311,.0529,.5054,.0000
8740,.3380,.0605,.4978,.0000
8741,.3325,.2011,.3672,.0000
8742,.0288,.2688,.6058,.0000
8743,.1923,.2276,.5124,.0000
8744,.0839,.2725,.5576,.0000
8745,.1919,.0966,.6182,.0000
8746,.2174,.0167,.7005,.0000
8747,.3525,.0113,.5871,.0000
8748,.4884,.0128,.4388,.0000
8749,.3661,.1782,.3971,.0000
8750,.0822,.1849,.6773,.0000
8751,.1180,.0577,.7628,.0000
8752,.2722,.0301,.6263,.0000
8753,.3719,.0183,.5426,.0000
8754,.2580,.0414,.6148,.0000
8755,.2870,.1937,.4284,.0000
8756,.1215,.2348,.5199,.0000
8757,.2649,.0731,.5745,.0000
8758,.1641,.1271,.6467,.0000
8759,.2601,.0311,.6404,.0000
8760,.4381,.0656,.4116,.0000
8761,.2671,.1104,.5396,.0000
8762,.0355,.4047,.4680,.0000
8763,.0173,.5119,.3941,.0000
8764,.0219,.3543,.5236,.0000
8765,.0199,.1444,.7447,.0000
8766,.3052,.0619,.5812,.0000
8767,.3208,.0000,.6145,.0000
8768,.3943,.0288,.5100,.0000
8769,.4515,.0434,.4378,.0000
8770,.1295,.7371,.1169,.0000
8771,.1856,.5525,.2283,.0000
8772,.2984,.2939,.3222,.0000
8773,.1374,.5144,.2674,.0000
8774,.0097,.7054,.2252,.0000
8775,.0873,.4839,.3734,.0000
8776,.6072,.0000,.3555,.0000
8777,.5691,.0000,.3963,.0000
8778,.6019,.0000,.3671,.0000
8779,.6181,.0000,.3409,.0000
8780,.6935,.0000,.2842,.0000
8781,.6333,.0000,.3346,.0000
8782,.5349,.0167,.3924,.0000
8783,.5516,.0352,.3417,.0000
8784,.5467,.0047,.3884,.0000
8785,.3486,.0783,.4862,.0000
8786,.2295,.2922,.3455,.0000
8787,.0489,.4328,.3604,.0000
8788,.0430,.3821,.4214,.0071
8789,.0652,.5129,.1160,.1428
8790,.0213,.6973,.0478,.0652
8791,.0000,.8342,.0423,.0000
8792,.0000,.6778,.2457,.0000
8793,.1229,.2315,.5828,.0000
8794,.2175,.1771,.5479,.0000
8795,.2148,.2261,.5097,.0000
8796,.2527,.1480,.5325,.0000
8797,.4863,.0835,.3840,.0000
8798,.6067,.0074,.3642,.0000
8799,.4998,.0526,.4032,.0000
8800,.2868,.1229,.5335,.0000
8801,.1631,.0425,.7398,.0000
8802,.4573,.0703,.4204,.0000
8803,.4766,.0432,.4332,.0000
8804,.5338,.0271,.3926,.0000
8805,.3490,.0637,.5336,.0000
8806,.3797,.0897,.4504,.0000
8807,.3231,.1616,.3882,.0475
8808,.3870,.1318,.2119,.2028
8809,.4490,.1673,.1992,.1188
8810,.3198,.1909,.4047,.0081
8811,.3751,.1262,.4349,.0000
8812,.5750,.0822,.2839,.0000
8813,.5824,.0511,.2822,.0000
8814,.3680,.2243,.2852,.0000
8815,.0769,.0937,.6890,.0000
8816,.0865,.1701,.6085,.0000
8817,.1629,.2859,.4488,.0000
8818,.0196,.0995,.7955,.0000
8819,.0646,.2907,.5808,.0000
8820,.0791,.2957,.5506,.0000
8821,.0578,.3764,.5008,.0000
8822,.0590,.2315,.6403,.0000
8823,.4580,.0429,.4300,.0000
8824,.3563,.0617,.5192,.0000
8825,.3850,.2249,.3028,.0000
8826,.2298,.1822,.4964,.0000
8827,.1486,.0568,.6961,.0000
8828,.2594,.0026,.6424,.0000
8829,.2209,.0062,.6833,.0000
8830,.2549,.1041,.5609,.0000
8831,.1061,.1316,.6968,.0000
8832,.2501,.0980,.5830,.0000
8833,.3162,.0811,.5450,.0000
8834,.3493,.0562,.5096,.0000
8835,.3418,.0641,.5223,.0000
8836,.2833,.0569,.5754,.0000
8837,.0432,.4110,.4432,.0000
8838,.0730,.4106,.4009,.0000
8839,.1689,.2158,.5007,.0000
8840,.0638,.1679,.6616,.0000
8841,.2111,.1313,.5738,.0000
8842,.1264,.1710,.6259,.0000
8843,.2862,.0367,.6120,.0000
8844,.4629,.0023,.4762,.0000
8845,.3347,.3521,.2842,.0000
8846,.6004,.1034,.2551,.0000
8847,.2751,.3757,.3042,.0000
8848,.3318,.2409,.3568,.0000
8849,.0637,.5848,.2680,.0000
8850,.2914,.3036,.3272,.0000
8851,.7094,.0000,.2626,.0000
8852,.7581,.0000,.2203,.0000
8853,.7584,.0000,.2208,.0000
8854,.7468,.0000,.2234,.0000
8855,.6657,.0000,.2955,.0000
8856,.3686,.3237,.2772,.0000
8857,.3639,.3444,.2530,.0000
8858,.6224,.0098,.3109,.0000
8859,.5894,.0004,.3503,.0000
8860,.4812,.0375,.4152,.0000
8861,.3636,.1737,.3742,.0000
8862,.0959,.3706,.4234,.0000
8863,.2473,.2188,.3902,.0036
8864,.2253,.2887,.2585,.0653
8865,.0388,.5117,.2488,.0314
8866,.0000,.7367,.1406,.0000
8867,.0000,.6659,.2461,.0000
8868,.1076,.1718,.6659,.0000
8869,.2331,.1245,.5855,.0000
8870,.2140,.2289,.4817,.0000
8871,.1072,.3060,.4952,.0000
8872,.1584,.2015,.5690,.0000
8873,.4480,.1094,.4085,.0000
8874,.6114,.0238,.3308,.0000
8875,.4932,.0841,.3783,.0000
8876,.3317,.0824,.5280,.0000
8877,.4418,.0100,.4951,.0000
8878,.5539,.0135,.3913,.0000
8879,.5747,.0284,.3588,.0000
8880,.4099,.0513,.4993,.0000
8881,.3826,.0473,.5190,.0000
8882,.3894,.0846,.4529,.0000
8883,.4557,.1000,.3297,.0383
8884,.4049,.0947,.3433,.1015
8885,.4521,.0700,.4136,.0166
8886,.4547,.0940,.3946,.0000
8887,.4063,.0920,.4354,.0000
8888,.4010,.0709,.4541,.0000
8889,.2680,.1830,.4579,.0000
8890,.0935,.1768,.6329,.0000
8891,.0906,.2494,.5477,.0000
8892,.1091,.3339,.4495,.0000
8893,.0558,.1750,.6698,.0000
8894,.1802,.2721,.4806,.0000
8895,.0493,.1917,.6882,.0000
8896,.1113,.2402,.5750,.0000
8897,.3203,.1669,.4187,.0293
8898,.3125,.0664,.5520,.0080
8899,.5246,.0530,.3681,.0000
8900,.1168,.0315,.7886,.0000
8901,.3582,.0450,.5320,.0000
8902,.4222,.2095,.2783,.0000
8903,.1368,.2913,.5051,.0000
8904,.0879,.3248,.5132,.0000
8905,.1758,.0843,.6603,.0000
8906,.0806,.0419,.7952,.0000
8907,.3763,.0774,.4673,.0000
8908,.3475,.0397,.5548,.0000
8909,.2569,.0244,.6588,.0000
8910,.2539,.0262,.6540,.0000
8911,.3820,.1242,.4261,.0000
8912,.0599,.2630,.5975,.0000
8913,.0783,.1022,.7226,.0000
8914,.1365,.0526,.6508,.0474
8915,.1693,.0893,.6127,.0294
8916,.3141,.0725,.5383,.0000
8917,.1043,.1365,.6900,.0000
8918,.2328,.1532,.5448,.0000
8919,.3081,.0807,.5283,.0000
8920,.2851,.0766,.5850,.0000
8921,.3620,.0845,.5044,.0000
8922,.1690,.3319,.4639,.0000
8923,.3080,.1871,.4455,.0000
8924,.1062,.4555,.3744,.0000
8925,.5266,.1535,.2469,.0000
8926,.7480,.0000,.2375,.0000
8927,.7872,.0000,.2113,.0000
8928,.8003,.0000,.1857,.0000
8929,.7379,.0000,.2325,.0000
8930,.6841,.0001,.2622,.0000
8931,.5496,.0452,.3427,.0000
8932,.4240,.0483,.4702,.0000
8933,.4291,.0003,.5391,.0000
8934,.6467,.0000,.2635,.0469
8935,.4950,.0056,.1273,.2775
8936,.2931,.0936,.4173,.1043
8937,.0572,.2117,.6346,.0000
8938,.1788,.1894,.5313,.0000
8939,.0901,.2554,.5357,.0000
8940,.0340,.2900,.5203,.0000
8941,.0197,.4643,.4021,.0000
8942,.0000,.5990,.2736,.0000
8943,.0322,.5640,.3117,.0000
8944,.1156,.1777,.6172,.0000
8945,.1916,.1585,.5710,.0000
8946,.0857,.4149,.4021,.0000
8947,.0601,.4649,.2870,.0808
8948,.2832,.2755,.3836,.0000
8949,.6780,.0198,.2678,.0000
8950,.5711,.0143,.3747,.0000
8951,.5101,.0655,.3757,.0000
8952,.4424,.0290,.4919,.0000
8953,.4938,.0172,.3876,.0558
8954,.4668,.0300,.4100,.0567
8955,.4114,.0215,.5258,.0000
8956,.2473,.1118,.5863,.0000
8957,.2159,.1570,.5456,.0000
8958,.2185,.1621,.5471,.0000
8959,.3107,.0731,.5706,.0000
8960,.4234,.0718,.4678,.0000
8961,.3097,.1236,.5085,.0000
8962,.1385,.1993,.5896,.0000
8963,.0553,.1978,.6615,.0000
8964,.0601,.2295,.6310,.0000
8965,.0681,.2888,.5699,.0000
8966,.1532,.1992,.5707,.0000
8967,.1699,.2337,.5096,.0000
8968,.1502,.2596,.4972,.0000
8969,.1041,.1475,.6754,.0000
8970,.2681,.3100,.3471,.0000
8971,.1572,.2020,.5688,.0000
8972,.1783,.0738,.4969,.1654
8973,.1917,.0658,.5613,.0996
8974,.2905,.0441,.5939,.0000
8975,.1210,.0364,.7833,.0000
8976,.4032,.0301,.5009,.0000
8977,.5036,.0553,.3480,.0000
8978,.1390,.3582,.4109,.0000
8979,.0772,.2080,.6299,.0000
8980,.2178,.1000,.6010,.0000
8981,.2907,.0306,.6067,.0000
8982,.2274,.1351,.5581,.0000
8983,.0966,.0227,.7930,.0000
8984,.2653,.0486,.6029,.0000
8985,.3315,.0480,.5260,.0000
8986,.1637,.0914,.6682,.0000
8987,.1875,.3142,.4582,.0000
8988,.0846,.5854,.2937,.0000
8989,.1041,.0693,.7280,.0128
8990,.2150,.0468,.6524,.0080
8991,.3711,.0305,.5311,.0000
8992,.1706,.0327,.7409,.0000
8993,.2318,.0933,.6140,.0000
8994,.2083,.4761,.2758,.0000
8995,.3159,.3004,.3205,.0000
8996,.2493,.1705,.5032,.0000
8997,.0747,.1440,.7209,.0000
8998,.1054,.2603,.5809,.0000
8999,.0641,.2224,.6562,.0000
9000,.2648,.0768,.5917,.0000
9001,.8096,.0000,.1686,.0000
9002,.7476,.0000,.2305,.0000
9003,.7452,.0000,.2344,.0000
9004,.7289,.0018,.2326,.0000
9005,.5932,.0273,.3379,.0000
9006,.5322,.0397,.3747,.0000
9007,.3619,.0073,.5772,.0000
9008,.5607,.0229,.3598,.0000
9009,.5221,.0380,.3220,.0496
9010,.4018,.0535,.2633,.2027
9011,.2404,.0655,.6131,.0102
9012,.2367,.1192,.5506,.0000
9013,.0966,.2771,.5017,.0000
9014,.0844,.3349,.4445,.0000
9015,.0935,.3868,.3691,.0000
9016,.0673,.4806,.3103,.0000
9017,.0126,.6431,.2321,.0000
9018,.0004,.7356,.1805,.0000
9019,.0347,.4602,.4198,.0000
9020,.2690,.1975,.4616,.0000
9021,.3195,.1563,.2579,.1762
9022,.0509,.4188,.3770,.0460
9023,.0659,.3705,.4755,.0000
9024,.3423,.1092,.5084,.0000
9025,.4750,.0181,.4505,.0000
9026,.4918,.0907,.3603,.0000
9027,.3450,.1547,.4606,.0000
9028,.4448,.0470,.4207,.0375
9029,.5742,.0449,.2975,.0379
9030,.6164,.0065,.3319,.0000
9031,.2751,.1709,.5014,.0000
9032,.1732,.1768,.5775,.0000
9033,.2577,.1030,.5644,.0000
9034,.3951,.0349,.5233,.0000
9035,.4822,.0868,.3805,.0000
9036,.3291,.0618,.5443,.0000
9037,.2443,.2233,.4709,.0000
9038,.0970,.3398,.4774,.0000
9039,.0538,.3667,.5064,.0000
9040,.0376,.2481,.6284,.0000
9041,.1052,.1733,.6467,.0000
9042,.3147,.1191,.4802,.0000
9043,.2618,.0777,.5816,.0000
9044,.1435,.0926,.6905,.0000
9045,.2139,.1746,.5396,.0000
9046,.1519,.2904,.4839,.0000
9047,.0691,.2244,.6292,.0000
9048,.1033,.1393,.4861,.1936
9049,.2624,.0190,.6501,.0000
9050,.2664,.0326,.6243,.0000
9051,.3100,.0452,.5665,.0000
9052,.4827,.0051,.4494,.0000
9053,.2963,.1758,.4205,.0000
9054,.0541,.1242,.7161,.0000
9055,.0654,.1057,.7280,.0000
9056,.0507,.1061,.7380,.0000
9057,.1507,.0822,.6695,.0000
9058,.0582,.0561,.8062,.0000
9059,.2244,.0360,.6771,.0000
9060,.2160,.0166,.7031,.0000
9061,.0545,.0789,.7953,.0000
9062,.1628,.0389,.7399,.0000
9063,.5017,.0939,.3471,.0000
9064,.2687,.0671,.6021,.0000
9065,.1857,.0691,.6773,.0000
9066,.3133,.0561,.5670,.0000
9067,.2221,.0650,.6302,.0000
9068,.0844,.0913,.7396,.0000
9069,.3068,.1779,.4674,.0000
9070,.5188,.0897,.3377,.0000
9071,.4471,.0605,.4287,.0000
9072,.2165,.1089,.5933,.0000
9073,.1115,.2818,.5436,.0000
9074,.0837,.1650,.6972,.0000
9075,.0590,.5618,.3503,.0000
9076,.7155,.0000,.2519,.0000
9077,.6934,.0000,.2728,.0000
9078,.7456,.0000,.2314,.0000
9079,.6985,.0071,.2653,.0000
9080,.3694,.0052,.5916,.0000
9081,.5067,.0032,.4488,.0000
9082,.6062,.0000,.3482,.0000
9083,.5194,.0225,.4004,.0000
9084,.3631,.0572,.5089,.0000
9085,.3027,.0608,.5610,.0000
9086,.6068,.0558,.2732,.0000
9087,.5523,.0312,.3420,.0000
9088,.5101,.1242,.2503,.0000
9089,.0441,.3527,.4841,.0000
9090,.0450,.4892,.3481,.0000
9091,.0223,.5236,.3498,.0000
9092,.0244,.6443,.1956,.0000
9093,.0277,.6673,.2152,.0000
9094,.0055,.7709,.1709,.0000
9095,.0480,.4789,.4171,.0000
9096,.0670,.2835,.4981,.0399
9097,.1668,.2414,.4684,.0029
9098,.2060,.4006,.2890,.0000
9099,.3121,.1930,.4124,.0000
9100,.3463,.1701,.3983,.0000
9101,.3059,.1563,.4663,.0000
9102,.2171,.1677,.5508,.0000
9103,.4219,.0694,.4465,.0000
9104,.6250,.0670,.2580,.0000
9105,.7213,.0087,.2255,.0000
9106,.6014,.0882,.2507,.0057
9107,.3714,.1696,.3272,.0509
9108,.2005,.1308,.5577,.0377
9109,.3985,.0475,.5058,.0000
9110,.4390,.0182,.4913,.0000
9111,.3472,.0328,.5653,.0000
9112,.3634,.0697,.5136,.0000
9113,.3412,.2209,.3842,.0000
9114,.0917,.2937,.5375,.0000
9115,.0363,.3723,.4805,.0000
9116,.0374,.3646,.5128,.0000
9117,.1350,.2417,.5500,.0000
9118,.1671,.1966,.5684,.0000
9119,.1212,.1208,.6442,.0248
9120,.1034,.1344,.5297,.1685
9121,.1423,.2472,.4926,.0660
9122,.1720,.2158,.5411,.0103
9123,.1604,.2488,.5191,.0019
9124,.0686,.1508,.6816,.0000
9125,.0821,.0780,.7237,.0000
9126,.2155,.0393,.6528,.0000
9127,.3364,.0092,.5841,.0000
9128,.2576,.0573,.5943,.0000
9129,.1248,.1183,.6521,.0000
9130,.0700,.2155,.6041,.0000
9131,.0965,.1739,.6055,.0000
9132,.1080,.1639,.5852,.0000
9133,.0975,.0821,.7214,.0000
9134,.2603,.0547,.6076,.0000
9135,.3006,.0150,.6034,.0000
9136,.4148,.0326,.4508,.0000
9137,.0847,.1221,.7206,.0000
9138,.4220,.0354,.4729,.0000
9139,.4040,.0321,.4328,.0722
9140,.2366,.0620,.6104,.0330
9141,.1563,.0638,.7110,.0000
9142,.1686,.0306,.7316,.0000
9143,.2731,.0384,.6165,.0000
9144,.1398,.1507,.6385,.0000
9145,.3219,.0580,.5464,.0000
9146,.3662,.0000,.5657,.0000
9147,.2568,.0732,.5969,.0000
9148,.0426,.3289,.5682,.0000
9149,.0549,.3246,.5523,.0000
9150,.3063,.3079,.3194,.0000
9151,.7031,.0000,.2659,.0000
9152,.6958,.0015,.2699,.0000
9153,.7411,.0008,.2327,.0000
9154,.6876,.0019,.2785,.0000
9155,.4978,.0256,.4370,.0000
9156,.6211,.0191,.3072,.0000
9157,.5614,.0007,.3950,.0000
9158,.4496,.0068,.4917,.0000
9159,.5444,.0132,.3836,.0000
9160,.6147,.0061,.3128,.0000
9161,.6047,.0073,.3218,.0000
9162,.2803,.0003,.6574,.0000
9163,.4383,.0124,.4767,.0000
9164,.2004,.0856,.5683,.0000
9165,.1511,.2672,.4072,.0000
9166,.0210,.4841,.3710,.0000
9167,.0045,.7793,.1057,.0000
9168,.0225,.8049,.0846,.0000
9169,.0000,.8306,.0581,.0000
9170,.0055,.6591,.0598,.1106
9171,.0020,.4009,.4068,.0393
9172,.2376,.2463,.3703,.0000
9173,.5149,.1254,.2475,.0000
9174,.4007,.1765,.3268,.0000
9175,.2824,.2078,.4335,.0000
9176,.3208,.3236,.2677,.0000
9177,.1483,.2282,.5714,.0000
9178,.3884,.0714,.4841,.0000
9179,.5333,.0572,.3390,.0000
9180,.5708,.0112,.3657,.0000
9181,.3410,.0421,.5370,.0024
9182,.3394,.1660,.4061,.0219
9183,.3734,.1406,.4168,.0167
9184,.4704,.0338,.4476,.0000
9185,.3366,.0034,.6201,.0000
9186,.2063,.0319,.7263,.0000
9187,.3867,.0398,.5344,.0000
9188,.4570,.0674,.4323,.0000
9189,.2720,.0924,.5744,.0000
9190,.1345,.2100,.5526,.0000
9191,.2136,.2283,.4784,.0000
9192,.3424,.2210,.3739,.0000
9193,.2847,.2659,.3842,.0000
9194,.0444,.2212,.6172,.0307
9195,.1690,.1801,.3763,.2046
9196,.2508,.1213,.4848,.0842
9197,.4195,.1436,.3652,.0152
9198,.3965,.1688,.3668,.0027
9199,.2436,.1902,.4808,.0000
9200,.0732,.1585,.6675,.0000
9201,.1838,.0825,.6540,.0000
9202,.3447,.0183,.5625,.0000
9203,.3768,.0283,.5337,.0000
9204,.4570,.0064,.4766,.0000
9205,.2510,.3844,.3337,.0000
9206,.2706,.3946,.2898,.0000
9207,.2298,.0804,.6018,.0000
9208,.0662,.0918,.7462,.0000
9209,.2448,.0489,.6070,.0000
9210,.2395,.0170,.6493,.0000
9211,.2813,.0401,.5974,.0000
9212,.0745,.7054,.1987,.0000
9213,.2692,.1514,.5184,.0000
9214,.3674,.0279,.5422,.0000
9215,.3445,.0331,.5604,.0000
9216,.0717,.0308,.8139,.0000
9217,.1106,.0504,.7465,.0000
9218,.1290,.0613,.7345,.0000
9219,.2475,.1079,.5805,.0000
9220,.2412,.2374,.4384,.0001
9221,.1822,.0000,.7748,.0000
9222,.4442,.0090,.4882,.0000
9223,.3288,.2541,.3403,.0000
9224,.0789,.4471,.3617,.0000
9225,.1423,.4158,.3723,.0000
9226,.6202,.0000,.3411,.0000
9227,.6273,.0035,.3220,.0000
9228,.6508,.0043,.3053,.0000
9229,.6338,.0003,.3246,.0000
9230,.6236,.0020,.3385,.0000
9231,.6249,.0070,.3081,.0000
9232,.6642,.0024,.2793,.0000
9233,.5830,.0000,.3714,.0000
9234,.5624,.0016,.3827,.0000
9235,.5258,.0469,.3555,.0000
9236,.2825,.0492,.5706,.0000
9237,.2984,.0018,.6266,.0000
9238,.1047,.1132,.6872,.0000
9239,.0895,.0967,.7293,.0000
9240,.0750,.2885,.5192,.0000
9241,.0309,.4233,.4384,.0000
9242,.1019,.4155,.3430,.0000
9243,.0000,.5109,.3466,.0000
9244,.0000,.5794,.3210,.0000
9245,.0005,.3855,.4679,.0000
9246,.0608,.2520,.4860,.0001
9247,.1100,.2435,.4730,.0000
9248,.2992,.1373,.4148,.0000
9249,.4529,.1187,.3429,.0000
9250,.2027,.2608,.4419,.0000
9251,.0960,.3540,.4518,.0000
9252,.0792,.3051,.5045,.0448
9253,.2049,.1438,.5171,.0843
9254,.3588,.0968,.4654,.0000
9255,.1346,.0867,.6942,.0000
9256,.0960,.1160,.7025,.0000
9257,.2519,.0963,.5939,.0000
9258,.5043,.0520,.4029,.0000
9259,.6560,.0146,.2935,.0000
9260,.6029,.0019,.3620,.0000
9261,.3351,.0135,.6140,.0000
9262,.4719,.0248,.4661,.0000
9263,.2583,.0373,.6633,.0000
9264,.2227,.0678,.6642,.0000
9265,.2576,.1917,.4664,.0000
9266,.1799,.1041,.6353,.0000
9267,.2461,.1370,.5444,.0000
9268,.2098,.1395,.5852,.0000
9269,.3276,.1158,.4905,.0000
9270,.3508,.1476,.4229,.0000
9271,.2398,.1186,.4940,.0531
9272,.3046,.0579,.5382,.0270
9273,.4342,.0863,.3461,.0672
9274,.3749,.0409,.5099,.0000
9275,.2036,.1351,.6022,.0000
9276,.1349,.1628,.6336,.0000
9277,.2888,.0735,.5614,.0000
9278,.3001,.0293,.5738,.0000
9279,.4210,.0144,.5054,.0000
9280,.4047,.0194,.5304,.0000
9281,.1398,.4839,.3490,.0000
9282,.1681,.1211,.6261,.0000
9283,.1683,.2034,.5378,.0000
9284,.3120,.0758,.5033,.0000
9285,.2931,.0728,.5105,.0000
9286,.0678,.1231,.7146,.0000
9287,.0662,.2403,.6364,.0000
9288,.0362,.4830,.4368,.0000
9289,.1661,.0544,.7004,.0000
9290,.2273,.0761,.6166,.0000
9291,.3522,.0248,.5159,.0080
9292,.2972,.0221,.5982,.0000
9293,.3125,.0146,.5905,.0000
9294,.2507,.0341,.6294,.0000
9295,.4106,.0285,.4214,.0600
9296,.3456,.0922,.4907,.0000
9297,.2380,.0319,.6426,.0000
9298,.3901,.0824,.4404,.0000
9299,.3723,.1014,.3090,.1487
9300,.5164,.1538,.2584,.0002
9301,.5519,.0000,.3950,.0000
9302,.4980,.0000,.4494,.0000
9303,.7092,.0043,.2435,.0000
9304,.6862,.0004,.2686,.0000
9305,.6716,.0000,.2881,.0000
9306,.5686,.0018,.3704,.0000
9307,.5713,.0036,.3606,.0000
9308,.4149,.0062,.5126,.0000
9309,.5033,.0060,.4140,.0000
9310,.3631,.0601,.4971,.0000
9311,.1869,.0619,.6755,.0000
9312,.1335,.0085,.7857,.0000
9313,.1166,.2028,.5903,.0000
9314,.0448,.2316,.6481,.0000
9315,.0710,.1728,.6289,.0000
9316,.2481,.2281,.3808,.0000
9317,.4393,.1357,.3178,.0000
9318,.0105,.4345,.4362,.0000
9319,.0010,.5413,.3238,.0000
9320,.0053,.4358,.4105,.0000
9321,.0224,.3312,.4789,.0000
9322,.0196,.3193,.4331,.0000
9323,.1462,.3568,.3073,.0000
9324,.0971,.3389,.4100,.0000
9325,.0595,.3249,.4637,.0000
9326,.0919,.4178,.3480,.0000
9327,.1075,.4154,.3349,.0020
9328,.0095,.3400,.5481,.0042
9329,.0404,.2656,.6233,.0000
9330,.1952,.2962,.4295,.0000
9331,.3014,.0971,.5300,.0000
9332,.2229,.0495,.6698,.0000
9333,.5713,.0078,.3860,.0000
9334,.4466,.0019,.5147,.0000
9335,.4579,.0761,.4194,.0000
9336,.5094,.0094,.4358,.0000
9337,.7492,.0112,.1996,.0000
9338,.5945,.0355,.3355,.0000
9339,.5523,.0584,.3491,.0000
9340,.4619,.0909,.3831,.0000
9341,.1423,.2262,.5364,.0000
9342,.0221,.4007,.4671,.0000
9343,.0270,.4383,.4367,.0000
9344,.2957,.1104,.5406,.0000
9345,.5238,.0744,.3430,.0000
9346,.3530,.0523,.4840,.0367
9347,.3480,.0086,.5340,.0184
9348,.3720,.0729,.4213,.0529
9349,.3294,.1340,.4404,.0000
9350,.3989,.0982,.4343,.0000
9351,.3954,.1159,.3998,.0000
9352,.0855,.2170,.5902,.0000
9353,.1710,.1044,.5723,.0523
9354,.1568,.0490,.5691,.1376
9355,.3848,.0000,.5519,.0000
9356,.3040,.0606,.5723,.0000
9357,.3943,.0647,.4573,.0000
9358,.4440,.0529,.4270,.0000
9359,.4280,.1299,.3525,.0000
9360,.2360,.2456,.3931,.0000
9361,.0477,.3217,.5294,.0000
9362,.0248,.1935,.6756,.0153
9363,.0575,.0841,.7479,.0322
9364,.2569,.0491,.6241,.0000
9365,.3151,.0410,.5193,.0460
9366,.4767,.0278,.3633,.0568
9367,.4240,.0350,.4652,.0000
9368,.3984,.0458,.4861,.0000
9369,.3854,.0401,.4980,.0000
9370,.3598,.1398,.4394,.0000
9371,.4149,.1206,.3971,.0000
9372,.2211,.0796,.6134,.0000
9373,.0333,.0501,.8141,.0000
9374,.4273,.0883,.4132,.0013
9375,.4563,.0345,.4433,.0000
9376,.6327,.0000,.3126,.0000
9377,.5617,.0000,.3829,.0000
9378,.5775,.0000,.3674,.0000
9379,.4746,.0139,.4443,.0000
9380,.5436,.0112,.3824,.0000
9381,.4563,.0050,.4660,.0000
9382,.4767,.0086,.4529,.0000
9383,.4447,.0119,.4751,.0000
9384,.4670,.0235,.4500,.0000
9385,.3845,.0337,.5038,.0000
9386,.3619,.0592,.5083,.0000
9387,.2620,.0377,.6230,.0000
9388,.1711,.1252,.6334,.0000
9389,.1268,.2016,.5719,.0000
9390,.2651,.1439,.4778,.0000
9391,.2790,.2127,.3859,.0000
9392,.2965,.1571,.4451,.0000
9393,.0919,.4055,.4072,.0000
9394,.0052,.6170,.2601,.0000
9395,.0118,.5769,.2898,.0000
9396,.0026,.4994,.3463,.0000
9397,.0000,.4923,.3613,.0000
9398,.0000,.5274,.3612,.0000
9399,.0142,.5834,.3116,.0000
9400,.0508,.4753,.3303,.0000
9401,.0241,.3376,.4864,.0000
9402,.0299,.6003,.2426,.0000
9403,.0000,.5673,.3311,.0000
9404,.0330,.2069,.6894,.0000
9405,.3504,.1202,.4631,.0000
9406,.1463,.3057,.4789,.0000
9407,.1771,.2614,.4749,.0000
9408,.3406,.0560,.5394,.0000
9409,.5773,.0291,.3352,.0000
9410,.1006,.0964,.7366,.0000
9411,.1236,.0564,.7677,.0000
9412,.4190,.0100,.5356,.0000
9413,.7165,.0070,.2523,.0000
9414,.7103,.0255,.2243,.0000
9415,.6889,.0792,.1740,.0000
9416,.3086,.2861,.3344,.0000
9417,.0174,.4719,.4162,.0000
9418,.0357,.4987,.3768,.0000
9419,.1450,.0569,.7367,.0000
9420,.3634,.0245,.4043,.1293
9421,.3767,.0124,.3383,.2091
9422,.3696,.0370,.4902,.0286
9423,.3094,.0740,.5397,.0000
9424,.2693,.1134,.5289,.0000
9425,.3318,.0596,.5297,.0000
9426,.4047,.0454,.4552,.0000
9427,.2227,.1484,.5261,.0000
9428,.1041,.2454,.4804,.0710
9429,.0534,.1011,.5704,.1778
9430,.4218,.0204,.4905,.0000
9431,.4513,.0606,.4284,.0000
9432,.3840,.0126,.5311,.0000
9433,.4345,.0224,.4815,.0000
9434,.4002,.1531,.3706,.0000
9435,.2579,.3479,.2882,.0000
9436,.0389,.3202,.5518,.0000
9437,.0365,.3001,.5033,.0309
9438,.0509,.1516,.6487,.0642
9439,.2966,.0498,.5975,.0000
9440,.4828,.0149,.3052,.1196
9441,.4593,.0137,.3885,.0550
9442,.4938,.0195,.4118,.0000
9443,.4332,.0403,.4340,.0000
9444,.3700,.0706,.4630,.0134
9445,.1358,.6318,.1773,.0201
9446,.3212,.0569,.5372,.0000
9447,.2072,.0777,.6151,.0000
9448,.2123,.0651,.6264,.0000
9449,.1078,.0456,.7542,.0000
9450,.3189,.0411,.5740,.0000
9451,.5597,.0072,.3711,.0000
9452,.5733,.0000,.3720,.0000
9453,.4381,.0000,.4992,.0000
9454,.3262,.0125,.5935,.0000
9455,.5820,.0105,.3594,.0000
9456,.5810,.0022,.3627,.0000
9457,.5344,.0034,.4167,.0000
9458,.4492,.0042,.4862,.0000
9459,.4206,.0513,.4767,.0000
9460,.2522,.0347,.6320,.0000
9461,.2590,.0136,.6643,.0000
9462,.1754,.0483,.7082,.0000
9463,.2492,.0342,.6560,.0000
9464,.3862,.0454,.4952,.0000
9465,.2389,.1914,.4444,.0000
9466,.0771,.4067,.3695,.0000
9467,.0430,.2737,.5959,.0000
9468,.2406,.2638,.4212,.0000
9469,.0203,.5997,.2905,.0000
9470,.0362,.5749,.2749,.0000
9471,.0639,.6237,.1992,.0000
9472,.0126,.4843,.3418,.0000
9473,.0397,.4824,.3321,.0000
9474,.0073,.6900,.1953,.0000
9475,.0000,.8262,.0625,.0000
9476,.0444,.6854,.1107,.0000
9477,.0000,.5406,.2266,.0000
9478,.0057,.5082,.2689,.0000
9479,.0206,.2682,.5844,.0000
9480,.2829,.0722,.5844,.0000
9481,.2053,.3567,.3756,.0000
9482,.2076,.4582,.2315,.0000
9483,.1498,.3368,.3782,.0000
9484,.3946,.2589,.2935,.0000
9485,.0092,.2674,.6461,.0000
9486,.1234,.0744,.7638,.0000
9487,.4951,.0137,.4522,.0000
9488,.6797,.0003,.2970,.0000
9489,.7561,.0049,.2153,.0000
9490,.7110,.0440,.2007,.0000
9491,.5193,.1010,.3280,.0000
9492,.1648,.1525,.6048,.0000
9493,.0168,.1427,.7653,.0000
9494,.1250,.0332,.7512,.0000
9495,.3015,.0565,.5271,.0362
9496,.1662,.4873,.2489,.0609
9497,.4151,.2594,.2301,.0088
9498,.4991,.0728,.3621,.0000
9499,.3576,.0285,.4162,.1257
9500,.2231,.0672,.4426,.1799
9501,.1434,.0867,.6894,.0000
9502,.1030,.2198,.5871,.0000
9503,.0959,.2353,.5661,.0149
9504,.0699,.1121,.6301,.0990
9505,.4137,.0668,.3953,.0530
9506,.5938,.0328,.3211,.0000
9507,.4737,.0488,.4199,.0000
9508,.4118,.0414,.4846,.0000
9509,.1829,.0913,.6504,.0000
9510,.2682,.2757,.3774,.0000
9511,.0355,.3870,.4950,.0000
9512,.0768,.3141,.5008,.0000
9513,.1122,.2908,.4828,.0000
9514,.1832,.1594,.5840,.0000
9515,.4252,.0435,.4537,.0000
9516,.4014,.0088,.5080,.0000
9517,.4152,.0082,.4978,.0000
9518,.3856,.0153,.5089,.0000
9519,.3865,.0464,.4222,.0695
9520,.3412,.0917,.3829,.0852
9521,.1502,.3160,.4390,.0000
9522,.0614,.3131,.5209,.0000
9523,.0478,.2372,.6257,.0000
9524,.3023,.0913,.5064,.0000
9525,.3527,.0702,.5032,.0000
9526,.6129,.0116,.3086,.0000
9527,.6278,.0000,.3331,.0000
9528,.6097,.0000,.3601,.0000
9529,.5954,.0000,.3751,.0000
9530,.6695,.0000,.3067,.0000
9531,.6317,.0000,.3371,.0000
9532,.6177,.0129,.3285,.0000
9533,.5652,.0208,.3570,.0000
9534,.4104,.0615,.4602,.0000
9535,.3063,.0533,.5640,.0000
9536,.3482,.0264,.5629,.0000
9537,.2549,.0282,.6569,.0000
9538,.3033,.0040,.6458,.0000
9539,.4226,.0000,.5287,.0000
9540,.3454,.0910,.4435,.0000
9541,.0990,.3280,.4238,.0000
9542,.0327,.3601,.5234,.0000
9543,.1875,.3193,.4236,.0000
9544,.0295,.4975,.3798,.0000
9545,.0255,.3323,.5269,.0000
9546,.1445,.2292,.5118,.0000
9547,.1476,.2585,.4437,.0000
9548,.1054,.3616,.3385,.0000
9549,.0262,.6375,.1733,.0000
9550,.0175,.7464,.0771,.0000
9551,.0175,.6653,.1715,.0000
9552,.0000,.3728,.3443,.0000
9553,.0264,.3649,.2904,.0000
9554,.0141,.4531,.3547,.0000
9555,.1359,.2140,.5659,.0000
9556,.3066,.1805,.4331,.0000
9557,.2027,.6356,.1077,.0000
9558,.0151,.7155,.1677,.0000
9559,.0592,.4334,.3963,.0000
9560,.1279,.2488,.5630,.0000
9561,.2657,.0956,.5896,.0000
9562,.5521,.0293,.3708,.0000
9563,.6828,.0187,.2490,.0000
9564,.6930,.0351,.2195,.0000
9565,.6191,.0901,.2317,.0000
9566,.5623,.0843,.2905,.0000
9567,.5851,.1541,.1780,.0000
9568,.5420,.1085,.2698,.0000
9569,.1696,.0692,.6936,.0000
9570,.2672,.0781,.3812,.2014
9571,.3666,.1793,.1675,.2258
9572,.4838,.1580,.2165,.0476
9573,.3172,.1802,.4135,.0008
9574,.4054,.0213,.4853,.0351
9575,.4168,.0200,.3191,.1895
9576,.4136,.0269,.4138,.0714
9577,.2531,.1760,.4764,.0000
9578,.0554,.1857,.6696,.0000
9579,.0937,.0721,.7082,.0305
9580,.2500,.0674,.5423,.0249
9581,.3103,.0341,.5876,.0000
9582,.6530,.0889,.2081,.0000
9583,.6182,.0333,.2943,.0000
9584,.4481,.0234,.4564,.0000
9585,.3305,.0627,.3332,.1890
9586,.1127,.2852,.4616,.0133
9587,.1227,.2608,.5349,.0000
9588,.1572,.3882,.3591,.0000
9589,.0486,.3410,.5226,.0000
9590,.2009,.1700,.5380,.0000
9591,.3529,.0267,.5400,.0000
9592,.3397,.0513,.5271,.0000
9593,.3946,.0297,.4914,.0000
9594,.4180,.0310,.4174,.0606
9595,.3755,.1621,.3363,.0516
9596,.0582,.6590,.2225,.0000
9597,.0520,.6094,.2592,.0000
9598,.0459,.5658,.3068,.0000
9599,.1679,.2229,.5266,.0000
9600,.4013,.0836,.4451,.0000
9601,.6593,.0027,.3073,.0000
9602,.7675,.0000,.2087,.0000
9603,.7362,.0000,.2557,.0000
9604,.7124,.0000,.2678,.0000
9605,.7299,.0000,.2476,.0000
9606,.7229,.0000,.2522,.0000
9607,.6996,.0071,.2654,.0000
9608,.7509,.0118,.1936,.0000
9609,.5731,.0325,.3352,.0000
9610,.5138,.0293,.3986,.0000
9611,.5808,.0165,.3552,.0000
9612,.5518,.0068,.3982,.0000
9613,.3343,.0117,.5927,.0000
9614,.3329,.0068,.5955,.0000
9615,.2983,.0552,.5388,.0000
9616,.1266,.2446,.4694,.0000
9617,.0284,.4557,.4175,.0000
9618,.0000,.5799,.3584,.0000
9619,.0201,.4729,.4344,.0000
9620,.1634,.1592,.5967,.0000
9621,.2177,.0644,.6234,.0000
9622,.2503,.1573,.4973,.0000
9623,.0279,.3456,.4813,.0000
9624,.0312,.5466,.2513,.0000
9625,.0905,.5469,.1566,.0000
9626,.0421,.5844,.1609,.0000
9627,.0000,.5277,.2590,.0000
9628,.0204,.3759,.3291,.0000
9629,.0287,.4408,.3207,.0000
9630,.0873,.3493,.4495,.0000
9631,.0915,.2170,.6049,.0000
9632,.2134,.4870,.2465,.0000
9633,.1628,.6222,.1529,.0000
9634,.3456,.3018,.2724,.0000
9635,.3431,.2526,.3383,.0000
9636,.1674,.1376,.6568,.0000
9637,.2916,.0408,.6410,.0000
9638,.5656,.0249,.3670,.0000
9639,.5962,.1055,.2310,.0000
9640,.0890,.3793,.4844,.0000
9641,.2036,.4779,.2848,.0000
9642,.3322,.1153,.4975,.0000
9643,.2796,.1147,.5556,.0000
9644,.5571,.0292,.3458,.0189
9645,.5474,.0834,.2103,.1081
9646,.4608,.1176,.2222,.1482
9647,.1772,.1285,.6035,.0300
9648,.1786,.2284,.5250,.0000
9649,.1203,.1031,.6880,.0000
9650,.3225,.0248,.5496,.0244
9651,.3332,.0210,.5561,.0127
9652,.3649,.0547,.5043,.0000
9653,.1067,.1264,.6821,.0000
9654,.1647,.0923,.6547,.0000
9655,.1650,.1087,.6290,.0000
9656,.1109,.1494,.6541,.0000
9657,.4007,.0663,.4626,.0000
9658,.4158,.0297,.4902,.0000
9659,.1988,.0315,.7004,.0000
9660,.6313,.0100,.1871,.1062
9661,.2725,.2182,.4227,.0064
9662,.1368,.5230,.2989,.0000
9663,.1798,.3934,.3474,.0000
9664,.0426,.4896,.3791,.0000
9665,.0406,.4115,.4544,.0000
9666,.1761,.2274,.5307,.0000
9667,.2362,.1115,.5672,.0000
9668,.4143,.0284,.4789,.0000
9669,.2962,.0625,.5702,.0000
9670,.3866,.1265,.3925,.0235
9671,.1167,.6048,.1541,.0761
9672,.0715,.6893,.1779,.0000
9673,.0968,.5621,.2651,.0000
9674,.1206,.4132,.3814,.0000
9675,.3961,.1233,.4091,.0000
9676,.6485,.0000,.3315,.0000
9677,.7662,.0000,.2138,.0000
9678,.8414,.0000,.1417,.0000
9679,.7519,.0000,.2410,.0000
9680,.6425,.0000,.3367,.0000
9681,.6820,.0000,.3056,.0000
9682,.7581,.0000,.2258,.0000
9683,.4941,.0098,.4494,.0000
9684,.4965,.0260,.4203,.0000
9685,.5880,.0066,.3566,.0000
9686,.4773,.0000,.4801,.0000
9687,.5656,.0077,.3768,.0000
9688,.4045,.0419,.4909,.0000
9689,.4367,.0235,.4709,.0000
9690,.4161,.0704,.4024,.0000
9691,.2758,.1888,.3791,.0000
9692,.0260,.4689,.3655,.0000
9693,.0000,.6894,.2300,.0000
9694,.0182,.5664,.3488,.0000
9695,.1402,.1258,.6399,.0000
9696,.4190,.0408,.4767,.0000
9697,.3190,.1632,.4503,.0000
9698,.0757,.3000,.5252,.0000
9699,.0619,.4127,.3118,.0686
9700,.1091,.3804,.3153,.0178
9701,.0088,.4905,.3277,.0000
9702,.0033,.5142,.3378,.0000
9703,.0267,.3643,.4473,.0000
9704,.0645,.2408,.5170,.0000
9705,.1242,.2329,.5008,.0000
9706,.1948,.3465,.3640,.0000
9707,.2668,.3129,.3581,.0000
9708,.3507,.2901,.3092,.0000
9709,.3931,.2075,.2960,.0000
9710,.5433,.0646,.3361,.0000
9711,.5886,.0772,.3074,.0000
9712,.4701,.0136,.5010,.0000
9713,.4312,.0000,.5409,.0000
9714,.5908,.0242,.3304,.0000
9715,.5057,.1097,.3304,.0000
9716,.4513,.1044,.3872,.0000
9717,.3401,.1196,.4684,.0000
9718,.2638,.0604,.6228,.0000
9719,.1778,.0011,.7889,.0000
9720,.5952,.0158,.3385,.0000
9721,.6550,.0469,.2367,.0000
9722,.4944,.0947,.3490,.0000
9723,.1554,.0766,.7093,.0000
9724,.4310,.0613,.4563,.0000
9725,.3337,.0267,.5612,.0000
9726,.3175,.0162,.5750,.0000
9727,.3493,.0366,.5344,.0000
9728,.2326,.0779,.6064,.0000
9729,.0659,.1565,.6882,.0000
9730,.1981,.0914,.6209,.0000
9731,.3800,.0669,.4772,.0000
9732,.2713,.1292,.5161,.0000
9733,.1082,.0693,.7388,.0000
9734,.0416,.0911,.7973,.0000
9735,.7761,.0163,.1655,.0000
9736,.4885,.0884,.3722,.0000
9737,.3466,.2198,.3827,.0000
9738,.2450,.2318,.4516,.0000
9739,.0295,.4444,.4398,.0000
9740,.0269,.4609,.4052,.0000
9741,.0638,.3459,.5163,.0000
9742,.1827,.0720,.6697,.0000
9743,.2790,.0308,.6118,.0000
9744,.2610,.0583,.6143,.0000
9745,.4777,.0389,.3900,.0248
9746,.3770,.2109,.2768,.0783
9747,.1427,.5350,.2783,.0000
9748,.1632,.3857,.3788,.0000
9749,.1816,.4356,.3078,.0000
9750,.1856,.2466,.5030,.0000
9751,.6093,.0000,.3614,.0000
9752,.7036,.0000,.2673,.0000
9753,.7175,.0000,.2608,.0000
9754,.7528,.0000,.2221,.0000
9755,.6977,.0000,.2823,.0000
9756,.7202,.0000,.2615,.0000
9757,.7454,.0000,.2291,.0000
9758,.6522,.0024,.2996,.0000
9759,.6120,.0060,.3491,.0000
9760,.5990,.0010,.3539,.0000
9761,.4046,.0000,.5514,.0000
9762,.1872,.0090,.7522,.0000
9763,.5076,.0153,.4159,.0000
9764,.4201,.0123,.5070,.0000
9765,.5202,.0193,.3564,.0000
9766,.3058,.1993,.3003,.0000
9767,.0145,.4712,.3412,.0165
9768,.0000,.6764,.1453,.0597
9769,.0000,.5670,.3506,.0000
9770,.0311,.1952,.6687,.0000
9771,.2816,.0268,.6313,.0000
9772,.5089,.0838,.3487,.0000
9773,.2539,.2296,.4163,.0000
9774,.0763,.3834,.2104,.1706
9775,.0375,.3631,.4047,.0406
9776,.0297,.3370,.4577,.0126
9777,.0990,.3942,.3138,.0342
9778,.0304,.3375,.5009,.0000
9779,.0543,.2431,.5851,.0000
9780,.1026,.1596,.6364,.0000
9781,.3271,.2313,.3574,.0000
9782,.2983,.2396,.3719,.0000
9783,.1370,.2003,.6002,.0000
9784,.2381,.2378,.4668,.0000
9785,.3457,.1124,.4647,.0000
9786,.5671,.1093,.2824,.0000
9787,.6863,.0260,.2605,.0000
9788,.6118,.0012,.3477,.0000
9789,.4066,.0127,.5245,.0000
9790,.2639,.0528,.6209,.0000
9791,.4298,.0646,.4450,.0000
9792,.3995,.0761,.4632,.0000
9793,.0993,.1532,.6773,.0000
9794,.3098,.0177,.6167,.0000
9795,.5516,.0293,.3683,.0000
9796,.5721,.0192,.3644,.0000
9797,.6456,.0177,.2717,.0024
9798,.5627,.0477,.2837,.0411
9799,.3184,.0597,.5752,.0000
9800,.2152,.0776,.6453,.0000
9801,.0723,.0798,.7685,.0000
9802,.3763,.0264,.5349,.0000
9803,.2666,.0890,.5791,.0000
9804,.3048,.1520,.4754,.0000
9805,.2313,.2186,.4521,.0000
9806,.1229,.0402,.7485,.0000
9807,.3585,.1617,.4147,.0000
9808,.0947,.0541,.7752,.0000
9809,.1034,.0158,.8077,.0000
9810,.4421,.0030,.4973,.0000
9811,.4885,.0416,.4180,.0000
9812,.6169,.0113,.3148,.0000
9813,.4530,.1135,.3799,.0000
9814,.2737,.3005,.3726,.0000
9815,.2374,.3113,.3423,.0000
9816,.1956,.4244,.2877,.0000
9817,.0925,.2920,.5451,.0000
9818,.1612,.2553,.5257,.0000
9819,.1415,.2531,.5405,.0000
9820,.2083,.1720,.5703,.0000
9821,.2145,.6040,.1537,.0000
9822,.2524,.3028,.3768,.0000
9823,.2327,.2183,.4615,.0000
9824,.1807,.4235,.3191,.0000
9825,.0416,.3868,.4924,.0000
9826,.5457,.0192,.3630,.0000
9827,.5938,.0000,.3421,.0000
9828,.4291,.0013,.5100,.0000
9829,.5014,.0021,.4669,.0000
9830,.6569,.0001,.3189,.0000
9831,.6791,.0000,.2916,.0000
9832,.7208,.0000,.2494,.0000
9833,.7386,.0000,.2411,.0000
9834,.6653,.0088,.3082,.0000
9835,.5899,.0349,.3258,.0000
9836,.4806,.0306,.1648,.2751
9837,.4517,.0245,.1720,.2733
9838,.4749,.0005,.4560,.0000
9839,.4362,.0262,.4658,.0000
9840,.3893,.0851,.4299,.0000
9841,.1091,.2695,.4938,.0000
9842,.0041,.5195,.3530,.0064
9843,.0000,.6439,.2244,.0226
9844,.0000,.5874,.3359,.0000
9845,.0108,.2871,.6241,.0000
9846,.1341,.0474,.7470,.0000
9847,.5858,.0302,.3259,.0000
9848,.3865,.2156,.3065,.0000
9849,.0731,.4090,.3051,.0696
9850,.0090,.4028,.4281,.0155
9851,.0528,.2031,.6019,.0098
9852,.1662,.2303,.4525,.0262
9853,.0958,.3742,.4003,.0000
9854,.1087,.4068,.3732,.0000
9855,.0269,.3199,.5757,.0000
9856,.0980,.2578,.5801,.0000
9857,.2224,.1638,.5135,.0000
9858,.2541,.1980,.4735,.0000
9859,.1062,.2084,.6264,.0000
9860,.2017,.1503,.5870,.0000
9861,.2290,.1648,.5158,.0000
9862,.4961,.0776,.3593,.0000
9863,.4990,.0218,.4132,.0000
9864,.4320,.1363,.3532,.0000
9865,.3273,.0799,.5473,.0000
9866,.6599,.0224,.2747,.0000
9867,.5616,.0428,.3322,.0000
9868,.3543,.0399,.5221,.0068
9869,.2731,.0353,.6048,.0343
9870,.5529,.0182,.3926,.0000
9871,.6654,.0000,.3005,.0000
9872,.5196,.0098,.4035,.0148
9873,.4625,.0733,.1828,.2197
9874,.3345,.0942,.5189,.0000
9875,.3571,.1240,.4710,.0000
9876,.3733,.1533,.4030,.0000
9877,.1527,.1561,.6354,.0000
9878,.1527,.6109,.2041,.0000
9879,.3111,.0897,.4800,.0000
9880,.2031,.2146,.3971,.0322
9881,.3704,.1246,.2363,.1943
9882,.4317,.0777,.2205,.2293
9883,.3535,.0313,.2087,.3550
9884,.4920,.0272,.2937,.1380
9885,.2372,.0134,.6849,.0000
9886,.5625,.0046,.3738,.0000
9887,.4548,.0008,.4815,.0000
9888,.2235,.0347,.6796,.0000
9889,.3516,.1300,.4678,.0000
9890,.3800,.1200,.4362,.0000
9891,.1061,.3893,.4211,.0000
9892,.0337,.6072,.2854,.0000
9893,.0557,.5238,.3625,.0000
9894,.0096,.5296,.3998,.0000
9895,.0244,.3744,.5526,.0000
9896,.0191,.4562,.4848,.0000
9897,.1205,.1937,.6207,.0000
9898,.2735,.1417,.5127,.0000
9899,.2041,.3071,.4094,.0000
9900,.0455,.4345,.4233,.0000
9901,.8008,.0000,.1708,.0000
9902,.7588,.0000,.2058,.0000
9903,.5191,.0242,.3943,.0000
9904,.4021,.0504,.4718,.0000
9905,.4789,.0070,.4762,.0000
9906,.4733,.0000,.4958,.0000
9907,.2521,.0000,.7172,.0000
9908,.2820,.0000,.6879,.0000
9909,.6916,.0005,.2751,.0000
9910,.6857,.0072,.2567,.0000
9911,.4313,.0117,.4742,.0236
9912,.3723,.0090,.5344,.0272
9913,.4123,.1026,.3970,.0000
9914,.0940,.2195,.5983,.0000
9915,.1189,.2290,.5392,.0000
9916,.0211,.4176,.4438,.0000
9917,.0000,.4613,.4647,.0000
9918,.0000,.5819,.3276,.0000
9919,.0000,.7195,.2105,.0000
9920,.0000,.5595,.3644,.0000
9921,.1120,.1088,.7022,.0000
9922,.4698,.0281,.4478,.0000
9923,.4923,.1504,.2832,.0000
9924,.3089,.1778,.3838,.0000
9925,.0397,.2988,.5020,.0000
9926,.1053,.2613,.5179,.0000
9927,.2940,.1256,.5062,.0000
9928,.3288,.3087,.2636,.0000
9929,.1700,.3307,.3970,.0000
9930,.1092,.3876,.4022,.0000
9931,.0680,.3809,.4556,.0000
9932,.0545,.2668,.5846,.0000
9933,.2512,.1197,.5332,.0000
9934,.2079,.1458,.5647,.0000
9935,.1456,.1787,.5958,.0000
9936,.1314,.2125,.5434,.0000
9937,.1788,.2273,.4737,.0000
9938,.3233,.3254,.2512,.0000
9939,.1080,.2620,.5451,.0000
9940,.3410,.0977,.5009,.0000
9941,.7289,.0078,.2161,.0000
9942,.4972,.3258,.1346,.0000
9943,.5767,.0413,.2947,.0148
9944,.4701,.0148,.3894,.0714
9945,.5540,.0337,.3706,.0000
9946,.6519,.0185,.2849,.0000
9947,.3521,.0352,.5482,.0000
9948,.3434,.1654,.4260,.0000
9949,.5164,.0746,.3558,.0000
9950,.5218,.0741,.3513,.0000
9951,.3898,.1174,.4413,.0000
9952,.4389,.1035,.4100,.0000
9953,.4574,.0725,.4094,.0000
9954,.3754,.1324,.4153,.0000
9955,.1223,.1326,.3366,.3359
9956,.6624,.0201,.1051,.0569
9957,.6305,.0062,.1482,.1690
9958,.2060,.0005,.2522,.4591
9959,.6020,.0031,.0201,.3091
9960,.6202,.0032,.2589,.0589
9961,.0928,.0334,.5526,.2770
9962,.3653,.0237,.5560,.0000
9963,.4739,.0515,.4088,.0000
9964,.2052,.1723,.5472,.0000
9965,.1999,.1118,.6370,.0000
9966,.2886,.3791,.2929,.0000
9967,.0352,.7631,.1590,.0000
9968,.0208,.5604,.3501,.0000
9969,.1040,.3841,.4289,.0000
9970,.1284,.1830,.5995,.0000
9971,.3075,.2113,.3876,.0000
9972,.1223,.3156,.4767,.0000
9973,.2203,.2106,.4760,.0006
9974,.2591,.2662,.3493,.0335
9975,.0294,.3726,.5155,.0000
9976,.8194,.0000,.1629,.0000
9977,.7070,.0000,.2660,.0000
9978,.6243,.0000,.3461,.0000
9979,.5775,.0065,.3620,.0000
9980,.5059,.0150,.4250,.0000
9981,.6116,.0000,.3490,.0000
9982,.5125,.0000,.4475,.0000
9983,.7036,.0000,.2581,.0000
9984,.6653,.0000,.3011,.0000
9985,.6224,.0016,.3343,.0000
9986,.5774,.0032,.3713,.0000
9987,.4202,.0054,.5123,.0000
9988,.3658,.0687,.4897,.0000
9989,.1929,.0806,.6599,.0000
9990,.5645,.0304,.3476,.0000
9991,.1235,.3292,.4682,.0000
9992,.0000,.4561,.4365,.0000
9993,.0000,.5105,.3605,.0000
9994,.0000,.6362,.2793,.0000
9995,.0000,.5649,.3439,.0000
9996,.0639,.2598,.5892,.0000
9997,.3190,.0494,.5672,.0000
9998,.4044,.0417,.4954,.0000
9999,.3371,.1344,.4186,.0000
10000,.1223,.2056,.5508,.0000
10001,.3807,.1419,.3847,.0000
10002,.3951,.1098,.4086,.0000
10003,.2384,.2869,.3637,.0000
10004,.0526,.2640,.5640,.0000
10005,.1983,.1387,.5564,.0000
10006,.1669,.2797,.4315,.0000
10007,.0702,.4723,.3573,.0000
10008,.0964,.2852,.5082,.0000
10009,.2926,.0800,.5431,.0000
10010,.2544,.1408,.5343,.0000
10011,.2893,.1472,.4963,.0000
10012,.2169,.2562,.4233,.0000
10013,.0493,.6356,.2064,.0000
10014,.0380,.2825,.5937,.0000
10015,.2615,.1426,.5231,.0000
10016,.4793,.1124,.3291,.0000
10017,.2407,.4909,.2122,.0000
10018,.6129,.0247,.3070,.0000
10019,.4570,.0322,.4580,.0000
10020,.4309,.0797,.4353,.0000
10021,.5919,.0446,.3065,.0000
10022,.4618,.0163,.4616,.0000
10023,.4672,.0582,.4092,.0000
10024,.5753,.0452,.3284,.0000
10025,.6409,.0288,.2816,.0000
10026,.4779,.1171,.3542,.0000
10027,.1551,.1247,.6535,.0000
10028,.4086,.1488,.3876,.0000
10029,.4193,.1362,.3935,.0000
10030,.3606,.1694,.4311,.0000
10031,.0874,.1014,.5364,.2259
10032,.2761,.0543,.1562,.4563
10033,.5434,.0105,.2031,.1785
10034,.6370,.0342,.2953,.0000
10035,.4694,.0195,.2591,.1957
10036,.4812,.0223,.4290,.0000
10037,.1407,.0523,.7366,.0093
10038,.3248,.0045,.5932,.0145
10039,.3529,.1236,.4575,.0107
10040,.2150,.1595,.1470,.4193
10041,.0714,.2040,.5763,.0766
10042,.0523,.3148,.5325,.0000
10043,.1345,.1933,.5793,.0000
10044,.2543,.3784,.2774,.0000
10045,.0463,.2670,.5854,.0000
10046,.0733,.3641,.4446,.0000
10047,.0412,.5058,.3682,.0000
10048,.0632,.2647,.5671,.0003
10049,.1105,.2020,.5559,.0105
10050,.0598,.2461,.6026,.0000
10051,.8713,.0000,.1153,.0000
10052,.7964,.0000,.1766,.0000
10053,.7690,.0000,.2134,.0000
10054,.6796,.0019,.2806,.0000
10055,.5402,.0041,.4189,.0000
10056,.6878,.0000,.2789,.0000
10057,.6407,.0000,.3201,.0000
10058,.6446,.0000,.3148,.0000
10059,.7053,.0000,.2578,.0000
10060,.6256,.0159,.3008,.0000
10061,.4955,.0432,.4026,.0000
10062,.6085,.0089,.3107,.0000
10063,.5430,.0192,.3827,.0000
10064,.4245,.0231,.4757,.0000
10065,.1679,.0934,.6580,.0000
10066,.0207,.4126,.4971,.0000
10067,.1003,.3832,.4061,.0087
10068,.1515,.4242,.2789,.0182
10069,.0291,.5944,.2585,.0000
10070,.0000,.5310,.3821,.0000
10071,.1188,.2982,.4933,.0000
10072,.0864,.1103,.7218,.0000
10073,.3236,.0685,.5344,.0000
10074,.3108,.0389,.5862,.0000
10075,.4505,.1257,.3421,.0000
10076,.4129,.1358,.3588,.0000
10077,.4679,.0794,.3443,.0000
10078,.3868,.2175,.2949,.0000
10079,.3076,.2812,.3057,.0000
10080,.2543,.0934,.5625,.0000
10081,.1742,.2529,.4574,.0000
10082,.1730,.4757,.2198,.0000
10083,.0584,.4809,.3533,.0000
10084,.3157,.1293,.4900,.0000
10085,.5140,.0670,.3729,.0000
10086,.4692,.0408,.4451,.0000
10087,.3932,.0696,.4727,.0000
10088,.0603,.7638,.1316,.0000
10089,.0416,.3800,.4591,.0000
10090,.1023,.3593,.4504,.0000
10091,.1151,.4142,.3864,.0000
10092,.1857,.2422,.4983,.0000
10093,.4752,.0352,.4430,.0000
10094,.4870,.0321,.4255,.0000
10095,.4883,.0515,.4036,.0000
10096,.5734,.0193,.3572,.0000
10097,.5872,.0140,.3501,.0000
10098,.5295,.0093,.3922,.0000
10099,.5494,.0084,.3779,.0000
10100,.5188,.0183,.4015,.0000
10101,.5451,.0433,.3535,.0000
10102,.3077,.0456,.5938,.0000
10103,.2626,.1199,.5637,.0000
10104,.2514,.1446,.4994,.0465
10105,.3478,.1057,.5008,.0159
10106,.1787,.1954,.3029,.2956
10107,.1974,.2402,.2777,.2252
10108,.3988,.0297,.3935,.1002
10109,.2802,.0134,.6089,.0000
10110,.1580,.0098,.7592,.0000
10111,.4015,.0193,.5266,.0000
10112,.3323,.0530,.4733,.0819
10113,.3651,.0479,.3731,.1471
10114,.4267,.0294,.3270,.1488
10115,.4723,.0195,.4555,.0000
10116,.4605,.1326,.3445,.0000
10117,.2342,.3021,.3895,.0000
10118,.2995,.1297,.4981,.0000
10119,.3580,.2303,.3383,.0000
10120,.1421,.3099,.4577,.0000
10121,.0009,.4187,.4970,.0000
10122,.0326,.4268,.4511,.0000
10123,.2438,.2004,.4641,.0000
10124,.4140,.1924,.3175,.0000
10125,.0711,.1917,.6466,.0000
10126,.8153,.0000,.1641,.0000
10127,.7062,.0000,.2617,.0000
10128,.7877,.0000,.2032,.0000
10129,.8270,.0000,.1694,.0000
10130,.7151,.0000,.2685,.0000
10131,.7062,.0000,.2736,.0000
10132,.7764,.0000,.1892,.0000
10133,.7236,.0000,.2293,.0000
10134,.7081,.0000,.2457,.0000
10135,.5766,.0086,.3614,.0000
10136,.5974,.0556,.2753,.0000
10137,.5664,.0328,.3393,.0000
10138,.2972,.0695,.5386,.0000
10139,.1004,.2116,.5992,.0000
10140,.0438,.2832,.5841,.0000
10141,.1921,.3148,.3695,.0000
10142,.0418,.2826,.3843,.1295
10143,.0521,.3937,.0844,.2897
10144,.0033,.5991,.2485,.0000
10145,.0000,.5060,.3975,.0000
10146,.0000,.1915,.7290,.0000
10147,.1156,.1920,.6280,.0000
10148,.4688,.0513,.4183,.0000
10149,.2364,.0044,.7134,.0000
10150,.5416,.0188,.3889,.0000
10151,.5636,.0393,.3437,.0000
10152,.3361,.0335,.5749,.0000
10153,.5078,.1201,.2873,.0000
10154,.4415,.1143,.3449,.0000
10155,.3904,.1249,.3997,.0000
10156,.2544,.2572,.3828,.0000
10157,.2357,.3569,.2917,.0000
10158,.0520,.4919,.3973,.0000
10159,.0771,.4080,.4278,.0000
10160,.1719,.1168,.6352,.0000
10161,.1604,.0914,.6632,.0000
10162,.1693,.0817,.6454,.0000
10163,.1532,.3721,.4101,.0000
10164,.0351,.5758,.2995,.0000
10165,.0291,.6899,.1835,.0000
10166,.0085,.7944,.1509,.0000
10167,.2991,.3281,.3163,.0000
10168,.1273,.1408,.6668,.0000
10169,.2631,.1186,.5401,.0000
10170,.4090,.1194,.3995,.0000
10171,.5679,.0552,.3238,.0000
10172,.6094,.0091,.3487,.0000
10173,.6464,.0017,.2980,.0000
10174,.5307,.0026,.3968,.0000
10175,.4522,.0273,.4590,.0000
10176,.4329,.0730,.4253,.0000
10177,.5495,.0310,.3538,.0000
10178,.4225,.0737,.4556,.0000
10179,.3535,.0816,.4291,.0825
10180,.3352,.0792,.4959,.0277
10181,.3125,.2195,.3842,.0325
10182,.0752,.4401,.2376,.2071
10183,.1511,.0561,.6081,.1234
10184,.2690,.0367,.6426,.0000
10185,.3554,.0313,.5450,.0000
10186,.2633,.0080,.6599,.0000
10187,.2931,.0322,.5861,.0232
10188,.3505,.0440,.4959,.0531
10189,.3218,.2100,.4116,.0080
10190,.3473,.1488,.4445,.0000
10191,.2692,.1926,.4917,.0000
10192,.3700,.3005,.2823,.0000
10193,.1643,.3150,.4569,.0000
10194,.2077,.1318,.5859,.0000
10195,.0728,.1299,.7407,.0000
10196,.1538,.2448,.5352,.0000
10197,.0568,.4874,.3826,.0000
10198,.0163,.5338,.4087,.0000
10199,.0458,.5277,.3498,.0000
10200,.0061,.5395,.3866,.0000
10201,.7543,.0000,.2263,.0000
10202,.7608,.0000,.2037,.0000
10203,.7486,.0000,.2313,.0000
10204,.7321,.0000,.2594,.0000
10205,.7770,.0000,.2187,.0000
10206,.7853,.0000,.2014,.0000
10207,.7423,.0000,.2322,.0000
10208,.7462,.0000,.2195,.0000
10209,.7577,.0000,.2049,.0000
10210,.6912,.0000,.2755,.0000
10211,.4612,.0000,.4872,.0000
10212,.4338,.0676,.4384,.0000
10213,.0303,.2597,.6090,.0000
10214,.0000,.4498,.4701,.0000
10215,.0037,.3688,.5417,.0000
10216,.4079,.1615,.3394,.0000
10217,.1183,.2731,.3894,.0623
10218,.0512,.3724,.2632,.1289
10219,.0042,.4602,.3414,.0472
10220,.0058,.5344,.2991,.0393
10221,.0026,.2660,.6165,.0000
10222,.0360,.2703,.5770,.0000
10223,.2832,.1360,.4465,.0503
10224,.2868,.0329,.6090,.0196
10225,.1476,.0169,.7978,.0000
10226,.1586,.0327,.7499,.0000
10227,.3934,.0218,.5117,.0000
10228,.5088,.0197,.3798,.0000
10229,.2803,.0838,.5383,.0000
10230,.2830,.0756,.5448,.0000
10231,.1127,.2835,.5244,.0000
10232,.1371,.2967,.4791,.0000
10233,.0723,.4404,.3936,.0000
10234,.0268,.5042,.3399,.0000
10235,.1624,.2312,.5120,.0000
10236,.3325,.1602,.4276,.0000
10237,.3148,.1907,.4067,.0000
10238,.1185,.2688,.4813,.0000
10239,.0588,.4149,.4014,.0000
10240,.0579,.4875,.2577,.0432
10241,.1309,.3598,.3603,.0302
10242,.1596,.1022,.4912,.1761
10243,.3141,.0844,.5443,.0000
10244,.2484,.1852,.4943,.0000
10245,.1217,.2311,.5567,.0000
10246,.4392,.1194,.3767,.0000
10247,.4999,.0293,.4071,.0000
10248,.6259,.0054,.3139,.0000
10249,.4660,.0107,.4505,.0000
10250,.4653,.0268,.4503,.0000
10251,.4719,.0657,.4036,.0000
10252,.4480,.0250,.4655,.0000
10253,.3359,.0360,.5799,.0000
10254,.3402,.0547,.5619,.0000
10255,.4266,.0410,.4871,.0000
10256,.4646,.0807,.3234,.0775
10257,.2281,.0823,.3689,.2528
10258,.1497,.3154,.4839,.0000
10259,.1576,.1737,.6177,.0000
10260,.3137,.0459,.5756,.0000
10261,.1936,.1471,.5768,.0000
10262,.1254,.1506,.5836,.0621
10263,.2018,.1439,.4314,.1529
10264,.0564,.6694,.2272,.0230
10265,.2770,.3666,.2959,.0000
10266,.1471,.5412,.2778,.0000
10267,.0317,.8124,.1389,.0000
10268,.4899,.3094,.1608,.0000
10269,.3060,.0790,.5553,.0000
10270,.2547,.0804,.6084,.0000
10271,.2293,.3074,.3911,.0000
10272,.0494,.5145,.3708,.0000
10273,.0461,.3426,.5503,.0000
10274,.1105,.4597,.3505,.0167
10275,.0710,.4895,.3434,.0265
10276,.6789,.0000,.2933,.0000
10277,.5355,.0120,.4039,.0000
10278,.5649,.0192,.3709,.0000
10279,.6378,.0148,.3139,.0000
10280,.7250,.0124,.2402,.0000
10281,.6503,.0000,.3250,.0000
10282,.7010,.0000,.2778,.0000
10283,.7416,.0000,.2337,.0000
10284,.6978,.0000,.2622,.0000
10285,.6029,.0000,.3495,.0000
10286,.2808,.0000,.6688,.0000
10287,.4246,.1173,.3774,.0000
10288,.1368,.3762,.3838,.0000
10289,.0052,.4907,.4287,.0000
10290,.0645,.2494,.6343,.0000
10291,.5057,.0503,.3939,.0000
10292,.4579,.1713,.2777,.0000
10293,.1516,.2437,.4153,.0504
10294,.0235,.3760,.2202,.2160
10295,.0242,.5197,.1101,.1595
10296,.0156,.2366,.6286,.0000
10297,.2413,.1372,.5266,.0000
10298,.2481,.1325,.1905,.3207
10299,.1419,.0978,.5598,.1265
10300,.3290,.0604,.5502,.0000
10301,.3965,.0714,.4568,.0000
10302,.6054,.0412,.3022,.0000
10303,.5644,.0112,.3569,.0000
10304,.4407,.0360,.4603,.0000
10305,.4884,.1010,.3228,.0000
10306,.4434,.2200,.2204,.0000
10307,.1828,.2777,.3774,.0000
10308,.2175,.4639,.1893,.0000
10309,.0478,.4549,.3932,.0000
10310,.3273,.1152,.4628,.0000
10311,.3708,.0657,.4776,.0000
10312,.1719,.1964,.5338,.0000
10313,.0254,.2909,.5537,.0000
10314,.1848,.1567,.5868,.0000
10315,.4535,.1887,.2321,.0304
10316,.1770,.2119,.4767,.0201
10317,.0120,.2857,.5527,.0492
10318,.1261,.1887,.6353,.0000
10319,.2580,.1396,.5495,.0000
10320,.2238,.2133,.5021,.0000
10321,.3525,.1288,.4464,.0000
10322,.2495,.0543,.6248,.0000
10323,.4386,.0095,.4914,.0000
10324,.2625,.0898,.5803,.0000
10325,.2160,.1023,.6298,.0000
10326,.4923,.0652,.3861,.0000
10327,.5619,.0028,.3730,.0000
10328,.3938,.0141,.5378,.0000
10329,.4162,.0413,.4930,.0000
10330,.2590,.4539,.2572,.0060
10331,.5888,.0763,.1077,.1806
10332,.4661,.0662,.3235,.0876
10333,.3439,.3074,.3063,.0000
10334,.3819,.1648,.4005,.0000
10335,.3661,.0758,.4943,.0000
10336,.2021,.2773,.4551,.0000
10337,.2391,.1759,.5224,.0000
10338,.3672,.0663,.5073,.0000
10339,.0906,.2375,.6175,.0000
10340,.0766,.3628,.5071,.0000
10341,.1507,.3480,.4506,.0000
10342,.0873,.3481,.4979,.0000
10343,.2448,.1820,.5261,.0000
10344,.2675,.0460,.6072,.0149
10345,.1134,.0982,.6931,.0456
10346,.2271,.1849,.5372,.0000
10347,.2776,.1821,.4727,.0000
10348,.0753,.1507,.7066,.0000
10349,.3444,.0869,.3287,.1799
10350,.1658,.1825,.2768,.3100
10351,.6735,.0000,.2767,.0000
10352,.4382,.0369,.4568,.0000
10353,.3000,.0417,.5845,.0000
10354,.5677,.0294,.3444,.0000
10355,.5525,.0504,.2987,.0520
10356,.4082,.0234,.3976,.1228
10357,.5923,.0023,.3518,.0153
10358,.6272,.0039,.3281,.0000
10359,.6847,.0022,.2709,.0000
10360,.5958,.0019,.3479,.0000
10361,.5272,.0000,.4170,.0000
10362,.5025,.0558,.3755,.0000
10363,.3166,.2019,.3918,.0000
10364,.0178,.3452,.5636,.0000
10365,.1212,.2342,.5823,.0000
10366,.4261,.0603,.4562,.0000
10367,.5181,.0350,.3739,.0000
10368,.2177,.1567,.3876,.1136
10369,.0249,.3774,.3669,.0785
10370,.0000,.5274,.3169,.0000
10371,.0152,.3504,.5457,.0000
10372,.2060,.1119,.6003,.0000
10373,.1986,.1107,.5910,.0000
10374,.2816,.1134,.4947,.0000
10375,.3534,.0553,.5437,.0000
10376,.4131,.1023,.4362,.0000
10377,.5335,.0166,.3949,.0000
10378,.4315,.0101,.4988,.0000
10379,.5927,.0109,.3435,.0000
10380,.7393,.0023,.2174,.0000
10381,.6563,.0525,.2435,.0000
10382,.2739,.1602,.4833,.0000
10383,.0098,.4217,.4458,.0000
10384,.0206,.4614,.4033,.0000
10385,.0632,.3733,.4769,.0000
10386,.1773,.2760,.4619,.0000
10387,.2207,.2087,.4740,.0000
10388,.0477,.3745,.4826,.0000
10389,.1318,.4718,.3546,.0000
10390,.5060,.4530,.0179,.0022
10391,.5933,.0919,.2442,.0015
10392,.3434,.3172,.2615,.0000
10393,.1498,.3418,.4155,.0000
10394,.1334,.2789,.5208,.0000
10395,.3910,.1405,.4175,.0000
10396,.4824,.1514,.3063,.0000
10397,.2751,.0886,.5608,.0000
10398,.3526,.0504,.5234,.0000
10399,.1841,.4747,.2955,.0000
10400,.0327,.4245,.4859,.0000
10401,.3864,.0972,.4553,.0000
10402,.5731,.0153,.3423,.0000
10403,.4129,.0548,.4587,.0000
10404,.4253,.0783,.4442,.0000
10405,.3951,.3494,.2210,.0054
10406,.4499,.0639,.3406,.1071
10407,.5314,.0341,.3963,.0000
10408,.3948,.0285,.5299,.0000
10409,.2886,.0512,.6070,.0000
10410,.2989,.0234,.6075,.0000
10411,.3335,.0955,.5209,.0000
10412,.3518,.0440,.5543,.0000
10413,.3952,.0177,.5296,.0000
10414,.2533,.1055,.5856,.0000
10415,.3289,.1205,.5022,.0000
10416,.4434,.2074,.3050,.0000
10417,.2094,.4524,.2899,.0000
10418,.0615,.4058,.4703,.0022
10419,.4374,.0469,.3503,.0971
10420,.3748,.2821,.1849,.1180
10421,.2683,.4618,.2378,.0000
10422,.1843,.3299,.4303,.0000
10423,.1165,.1055,.7180,.0000
10424,.2733,.0740,.5936,.0000
10425,.3282,.0916,.5185,.0000
10426,.6172,.0791,.1736,.0708
10427,.3565,.0597,.3497,.1711
10428,.4219,.0151,.4917,.0063
10429,.5212,.0391,.3818,.0000
10430,.3888,.1460,.3806,.0332
10431,.2976,.1177,.4341,.0819
10432,.2815,.0451,.6052,.0099
10433,.5182,.0470,.3878,.0000
10434,.6728,.0019,.2898,.0000
10435,.5370,.0015,.4172,.0000
10436,.5676,.0000,.3843,.0000
10437,.5811,.0020,.3631,.0000
10438,.3185,.0434,.5722,.0000
10439,.1002,.1725,.6671,.0000
10440,.0418,.2460,.6521,.0000
10441,.3217,.0475,.3838,.1912
10442,.6072,.0254,.3067,.0000
10443,.3573,.1294,.4288,.0000
10444,.0558,.3725,.4387,.0000
10445,.0021,.5744,.2280,.0000
10446,.0428,.4750,.3731,.0000
10447,.1665,.2071,.5385,.0000
10448,.1259,.2020,.5646,.0000
10449,.1252,.2465,.5193,.0000
10450,.2562,.1327,.5252,.0000
10451,.1885,.1189,.6352,.0000
10452,.2434,.0384,.6757,.0000
10453,.3974,.0551,.4931,.0000
10454,.5374,.0510,.3499,.0000
10455,.8034,.0112,.1369,.0000
10456,.5205,.0093,.4053,.0000
10457,.2512,.1195,.5481,.0000
10458,.0831,.3053,.5027,.0000
10459,.0981,.2486,.5354,.0000
10460,.1241,.2541,.5342,.0000
10461,.4733,.0917,.3698,.0000
10462,.5734,.0577,.2987,.0000
10463,.5469,.0830,.3055,.0000
10464,.4123,.1472,.3959,.0000
10465,.3557,.0516,.5272,.0000
10466,.5513,.0210,.3556,.0000
10467,.4958,.0194,.4225,.0000
10468,.3031,.1206,.5100,.0000
10469,.0492,.2304,.6562,.0000
10470,.3638,.1123,.4468,.0000
10471,.5448,.0856,.3219,.0000
10472,.3905,.1181,.4514,.0000
10473,.3297,.0422,.5770,.0000
10474,.3009,.2368,.4036,.0000
10475,.1424,.4689,.3246,.0000
10476,.1783,.1240,.6460,.0000
10477,.4961,.0373,.4173,.0000
10478,.3757,.1545,.4124,.0000
10479,.3300,.1527,.4625,.0000
10480,.4046,.0938,.4488,.0000
10481,.5899,.0196,.3547,.0000
10482,.5950,.0104,.3467,.0000
10483,.4061,.0276,.5173,.0000
10484,.2540,.0636,.6383,.0000
10485,.3624,.0887,.4904,.0000
10486,.4386,.0357,.4667,.0000
10487,.2194,.0752,.6440,.0000
10488,.3030,.1096,.5249,.0000
10489,.4341,.0463,.4606,.0000
10490,.5405,.0453,.3703,.0000
10491,.5689,.0670,.3171,.0000
10492,.3940,.1901,.3618,.0000
10493,.0825,.6768,.2042,.0045
10494,.3164,.3619,.1340,.1323
10495,.3863,.0344,.4282,.0955
10496,.1677,.3785,.4295,.0000
10497,.1614,.6317,.1835,.0000
10498,.2342,.1670,.5405,.0000
10499,.2551,.1101,.5804,.0000
10500,.6509,.0429,.2546,.0000
10501,.3732,.1691,.2917,.1121
10502,.3755,.0921,.3174,.1367
10503,.4440,.0200,.4672,.0038
10504,.4090,.0567,.3373,.1116
10505,.3852,.1294,.2698,.1446
10506,.4012,.1645,.3728,.0000
10507,.5193,.0812,.3339,.0000
10508,.5933,.0473,.3111,.0000
10509,.5486,.0031,.4154,.0000
10510,.5641,.0108,.3723,.0000
10511,.3613,.0074,.5720,.0000
10512,.4668,.0070,.4581,.0000
10513,.3952,.0172,.5265,.0000
10514,.3289,.0568,.5578,.0000
10515,.0715,.1004,.7839,.0000
10516,.3038,.0373,.4290,.1760
10517,.4494,.0143,.4737,.0000
10518,.2672,.3237,.3527,.0000
10519,.0538,.4687,.4028,.0000
10520,.0161,.4935,.3236,.0000
10521,.1791,.2316,.4715,.0000
10522,.1745,.2585,.4747,.0000
10523,.0753,.2823,.5318,.0000
10524,.0200,.4153,.4497,.0000
10525,.0884,.3404,.4549,.0000
10526,.2289,.2489,.4346,.0000
10527,.2469,.1055,.5873,.0000
10528,.2269,.1257,.5830,.0000
10529,.4775,.1510,.3227,.0000
10530,.6396,.0366,.2673,.0000
10531,.4595,.0218,.4567,.0000
10532,.4828,.0681,.3794,.0000
10533,.3151,.1480,.4265,.0000
10534,.2051,.1301,.5779,.0000
10535,.4991,.0511,.3903,.0000
10536,.5381,.0227,.3933,.0000
10537,.5369,.0098,.4213,.0000
10538,.6489,.0066,.2921,.0000
10539,.7178,.0000,.2313,.0000
10540,.6085,.0093,.3227,.0000
10541,.5324,.0311,.3783,.0000
10542,.5000,.0035,.4376,.0000
10543,.5487,.0040,.3968,.0000
10544,.5787,.0260,.3348,.0000
10545,.5683,.1067,.2613,.0000
10546,.3695,.0698,.4641,.0000
10547,.4471,.1915,.3009,.0000
10548,.3815,.1230,.4311,.0000
10549,.5118,.2096,.2075,.0000
10550,.1809,.3996,.3620,.0000
10551,.1694,.2678,.4917,.0000
10552,.3125,.1655,.4730,.0000
10553,.2492,.2782,.4226,.0000
10554,.2981,.3450,.2825,.0000
10555,.1041,.4711,.3544,.0000
10556,.2835,.2425,.4029,.0000
10557,.3990,.0456,.4865,.0000
10558,.4009,.0336,.4947,.0000
10559,.2983,.1105,.5349,.0000
10560,.1799,.1915,.5525,.0000
10561,.3326,.0459,.5540,.0000
10562,.2972,.1470,.4905,.0000
10563,.3364,.2011,.3931,.0000
10564,.3943,.0487,.4941,.0000
10565,.4173,.0941,.4383,.0000
10566,.5741,.1238,.2569,.0000
10567,.5114,.0602,.3728,.0000
10568,.0999,.8310,.0542,.0046
10569,.3806,.3885,.0719,.1124
10570,.4002,.0461,.3466,.1462
10571,.1976,.0232,.7308,.0000
10572,.4315,.0416,.4654,.0000
10573,.2377,.1199,.5875,.0000
10574,.2322,.0860,.6332,.0000
10575,.3613,.1150,.4657,.0000
10576,.3412,.1571,.4084,.0150
10577,.5128,.1185,.2772,.0160
10578,.2793,.1470,.4695,.0346
10579,.4170,.1992,.1637,.1483
10580,.4914,.1542,.1734,.1084
10581,.5683,.1402,.2070,.0330
10582,.6932,.0638,.1915,.0000
10583,.6559,.0107,.2938,.0000
10584,.5310,.0339,.3854,.0000
10585,.4542,.0531,.4326,.0000
10586,.4412,.0293,.4664,.0000
10587,.4966,.0460,.3953,.0000
10588,.5489,.0073,.3941,.0000
10589,.5332,.0173,.3995,.0000
10590,.3126,.0414,.5885,.0000
10591,.2275,.5255,.2231,.0000
10592,.3366,.0065,.5889,.0000
10593,.1537,.2785,.4862,.0000
10594,.0907,.4450,.3890,.0000
10595,.0764,.3842,.4485,.0000
10596,.3996,.1172,.4092,.0000
10597,.2904,.1766,.4578,.0000
10598,.1910,.2900,.4395,.0000
10599,.2111,.3377,.3872,.0000
10600,.3321,.3180,.2825,.0000
10601,.4917,.3451,.1008,.0000
10602,.5270,.2477,.1753,.0000
10603,.3917,.1093,.4446,.0000
10604,.4919,.1684,.2878,.0000
10605,.6220,.0174,.3161,.0000
10606,.6420,.0095,.2990,.0000
10607,.6264,.0415,.2747,.0000
10608,.2740,.0637,.5685,.0000
10609,.3298,.0734,.5161,.0000
10610,.3631,.0426,.5349,.0000
10611,.3906,.0117,.5446,.0000
10612,.3839,.0734,.5066,.0000
10613,.7101,.0213,.2352,.0000
10614,.6430,.0071,.3250,.0000
10615,.6703,.0010,.2967,.0000
10616,.5873,.0059,.3630,.0000
10617,.4949,.0078,.4402,.0000
10618,.4621,.0393,.4392,.0000
10619,.5715,.0457,.3144,.0000
10620,.5971,.0627,.2774,.0000
10621,.6217,.0928,.2326,.0000
10622,.3899,.2316,.3299,.0000
10623,.1757,.2029,.5647,.0000
10624,.0943,.3939,.4357,.0000
10625,.0242,.4778,.4050,.0000
10626,.0940,.4592,.3765,.0000
10627,.0397,.6746,.2268,.0000
10628,.0622,.5360,.3378,.0000
10629,.0592,.8255,.0898,.0000
10630,.0868,.7912,.0724,.0000
10631,.0836,.6053,.2564,.0000
10632,.1433,.2607,.5379,.0000
10633,.3072,.1069,.3029,.2252
10634,.4184,.1248,.3410,.0497
10635,.1330,.2065,.5921,.0000
10636,.2257,.1883,.5416,.0000
10637,.1765,.3810,.3902,.0000
10638,.1548,.2543,.3125,.2051
10639,.3420,.0676,.5236,.0078
10640,.3871,.0774,.4242,.0613
10641,.5167,.1450,.2162,.0829
10642,.4514,.0636,.3378,.1118
10643,.2950,.3347,.2391,.1178
10644,.3820,.0425,.3465,.1710
10645,.4690,.0716,.3726,.0260
10646,.4490,.0232,.4812,.0000
10647,.5036,.0298,.3806,.0381
10648,.3261,.0570,.5669,.0000
10649,.3685,.0739,.5097,.0000
10650,.2783,.1606,.4962,.0000
10651,.2549,.1579,.5383,.0000
10652,.0749,.2394,.6114,.0000
10653,.1920,.3541,.3927,.0041
10654,.4308,.1521,.3273,.0145
10655,.5378,.1078,.2733,.0109
10656,.6671,.0389,.2345,.0051
10657,.4279,.0291,.4956,.0000
10658,.6013,.0005,.3646,.0000
10659,.5030,.0326,.4095,.0000
10660,.4873,.0723,.3779,.0000
10661,.5747,.0414,.3377,.0000
10662,.4736,.0135,.4715,.0000
10663,.5532,.0010,.4090,.0000
10664,.4760,.0071,.4559,.0000
10665,.4400,.0517,.1973,.2641
10666,.2956,.2885,.1301,.2234
10667,.1293,.1116,.6999,.0000
10668,.1326,.1572,.6241,.0000
10669,.2993,.2147,.3884,.0000
10670,.2750,.1654,.4985,.0000
10671,.4923,.0505,.4133,.0000
10672,.3529,.0901,.5010,.0000
10673,.1916,.1867,.5563,.0000
10674,.3595,.1390,.4341,.0000
10675,.4608,.1035,.3619,.0000
10676,.4232,.2168,.2946,.0000
10677,.3860,.2296,.3259,.0000
10678,.1249,.1341,.6799,.0000
10679,.2633,.1805,.4847,.0000
10680,.4924,.0659,.3926,.0000
10681,.6316,.0252,.2932,.0000
10682,.6350,.0554,.2600,.0000
10683,.5568,.0298,.3492,.0000
10684,.2658,.1218,.5125,.0000
10685,.0817,.1517,.6678,.0000
10686,.1388,.1256,.6560,.0000
10687,.1608,.2053,.5669,.0000
10688,.3693,.1022,.4683,.0000
10689,.4893,.0574,.4081,.0000
10690,.5525,.0157,.3946,.0000
10691,.5358,.0000,.4313,.0000
10692,.4830,.0112,.4494,.0000
10693,.5999,.0249,.3102,.0000
10694,.6561,.0385,.2501,.0000
10695,.6361,.0471,.2597,.0000
10696,.6273,.1124,.1992,.0000
10697,.2635,.6524,.0619,.0000
10698,.5037,.2168,.2113,.0000
10699,.2031,.5637,.1408,.0000
10700,.0180,.8046,.0078,.0000
10701,.0047,.8721,.0060,.0000
10702,.0200,.9670,.0077,.0000
10703,.0204,.9687,.0045,.0000
10704,.1308,.7899,.0302,.0000
10705,.0453,.7531,.1181,.0000
10706,.0140,.8659,.0455,.0000
10707,.0638,.5548,.2992,.0000
10708,.1015,.3510,.4437,.0328
10709,.1177,.3502,.4562,.0072
10710,.0418,.4104,.4979,.0000
10711,.1104,.3030,.5474,.0000
10712,.2561,.3620,.3452,.0000
10713,.0844,.4454,.3357,.0632
10714,.3485,.1786,.2967,.1163
10715,.4718,.0654,.2172,.1925
10716,.4723,.0511,.3429,.0927
10717,.3920,.0899,.3495,.1316
10718,.1994,.0583,.5118,.2062
10719,.2687,.0605,.5404,.0996
10720,.2971,.1114,.3920,.1502
10721,.4366,.0797,.3395,.1020
10722,.5768,.0812,.2431,.0488
10723,.4905,.0728,.3886,.0000
10724,.4232,.1195,.3733,.0183
10725,.3248,.1664,.4309,.0173
10726,.0860,.2212,.6247,.0000
10727,.3605,.2448,.3191,.0000
10728,.4809,.1467,.3063,.0030
10729,.4776,.0801,.3504,.0076
10730,.5978,.0703,.2487,.0000
10731,.6238,.1270,.1926,.0000
10732,.4495,.0799,.4383,.0000
10733,.4832,.0704,.4101,.0000
10734,.4178,.0251,.5066,.0000
10735,.3641,.0395,.5388,.0000
10736,.4156,.0476,.4868,.0000
10737,.6495,.0190,.2834,.0000
10738,.5813,.0262,.3450,.0000
10739,.4652,.0692,.4025,.0000
10740,.1486,.1569,.5524,.0709
10741,.0820,.2163,.5013,.0638
10742,.0034,.3176,.5928,.0000
10743,.1482,.1819,.5936,.0000
10744,.3543,.1109,.4497,.0000
10745,.4007,.0643,.4691,.0000
10746,.5153,.0220,.4164,.0000
10747,.4106,.0660,.4784,.0000
10748,.2139,.1572,.5639,.0000
10749,.1734,.0748,.6788,.0000
10750,.5030,.0411,.3853,.0000
10751,.4463,.0342,.4484,.0000
10752,.3727,.0654,.4838,.0000
10753,.2714,.1259,.5336,.0000
10754,.1204,.2156,.5920,.0000
10755,.4364,.1178,.3879,.0000
10756,.6423,.0554,.2562,.0000
10757,.6793,.0335,.2422,.0000
10758,.5792,.0277,.3354,.0000
10759,.3694,.1069,.4312,.0000
10760,.2273,.1556,.5170,.0000
10761,.2291,.1708,.5176,.0000
10762,.1508,.2453,.5129,.0000
10763,.1681,.1722,.5649,.0000
10764,.1724,.1805,.5849,.0000
10765,.3072,.2789,.3776,.0000
10766,.4834,.0756,.4070,.0000
10767,.4830,.0053,.4570,.0000
10768,.5461,.0000,.4182,.0000
10769,.6100,.0000,.3467,.0000
10770,.5162,.0190,.4074,.0000
10771,.6102,.0610,.2710,.0000
10772,.6430,.0260,.2789,.0000
10773,.5708,.0155,.3525,.0000
10774,.5228,.1336,.2962,.0000
10775,.1078,.8467,.0376,.0000
10776,.1062,.7463,.0708,.0000
10777,.0572,.7776,.1074,.0000
10778,.0249,.8495,.0370,.0000
10779,.0131,.7909,.0479,.0000
10780,.0017,.8699,.0486,.0000
10781,.0067,.8532,.0456,.0000
10782,.0017,.7419,.1865,.0000
10783,.1336,.5972,.1861,.0000
10784,.0356,.6469,.2553,.0000
10785,.0016,.7963,.1522,.0000
10786,.0376,.7127,.1885,.0000
10787,.0958,.6262,.2202,.0000
10788,.0230,.6568,.2674,.0000
10789,.1318,.1707,.6187,.0239
10790,.1993,.0887,.4494,.2051
10791,.2989,.1426,.2732,.2362
10792,.2495,.1786,.4231,.1049
10793,.2314,.1696,.4483,.1177
10794,.2829,.1501,.3977,.1098
10795,.1179,.2043,.3957,.2205
10796,.3185,.1799,.4093,.0463
10797,.4691,.1942,.2335,.0571
10798,.3918,.2086,.3307,.0297
10799,.3110,.1650,.4510,.0126
10800,.4379,.1213,.3779,.0118
10801,.4043,.1496,.3771,.0197
10802,.4402,.0489,.4565,.0041
10803,.5227,.0261,.3561,.0419
10804,.4093,.0184,.3684,.1125
10805,.3853,.1058,.4355,.0000
10806,.3884,.1500,.4115,.0000
10807,.3929,.0925,.4566,.0000
10808,.5089,.0722,.3602,.0000
10809,.4567,.0565,.4319,.0000
10810,.4052,.0980,.4462,.0000
10811,.6233,.0445,.2811,.0000
10812,.5422,.0025,.3906,.0000
10813,.4929,.0155,.4140,.0000
10814,.2841,.0820,.5556,.0000
10815,.3600,.1406,.4121,.0000
10816,.3872,.1725,.3391,.0000
10817,.3524,.2027,.3440,.0000
10818,.2556,.1516,.4904,.0000
10819,.4221,.1217,.3686,.0000
10820,.4404,.0293,.4539,.0000
10821,.3399,.0257,.5686,.0000
10822,.2594,.0762,.6041,.0000
10823,.2897,.1465,.5072,.0000
10824,.1723,.1045,.6505,.0000
10825,.4793,.0103,.4669,.0000
10826,.4874,.0233,.4379,.0000
10827,.4648,.0393,.4231,.0000
10828,.4298,.0454,.4537,.0000
10829,.3751,.1513,.4076,.0000
10830,.4667,.1071,.3592,.0000
10831,.5262,.1049,.3080,.0000
10832,.5835,.0406,.3082,.0000
10833,.4646,.1248,.2831,.0480
10834,.2652,.4091,.2767,.0000
10835,.4715,.0478,.4007,.0000
10836,.4831,.0518,.3787,.0000
10837,.3884,.1716,.3496,.0000
10838,.0201,.3726,.5198,.0000
10839,.0292,.3530,.5381,.0000
10840,.0559,.4679,.4261,.0000
10841,.4834,.1171,.3549,.0000
10842,.4643,.0000,.5013,.0000
10843,.4917,.0045,.4668,.0000
10844,.5710,.0226,.3480,.0000
10845,.3226,.3201,.2990,.0000
10846,.4851,.0996,.3365,.0000
10847,.4180,.0424,.4829,.0000
10848,.5436,.0084,.3978,.0000
10849,.8025,.0000,.1629,.0000
10850,.3326,.5841,.0702,.0000
10851,.5474,.2384,.1655,.0000
10852,.2689,.4064,.2703,.0000
10853,.0562,.5401,.3456,.0000
10854,.0134,.6059,.3211,.0000
10855,.0015,.8295,.1019,.0000
10856,.0112,.8209,.0951,.0000
10857,.0094,.7539,.1838,.0000
10858,.0324,.5394,.3371,.0000
10859,.1574,.5431,.2279,.0000
10860,.0069,.7592,.1868,.0000
10861,.0204,.9634,.0119,.0000
10862,.0575,.8683,.0386,.0000
10863,.0194,.6465,.2995,.0000
10864,.2461,.3356,.3731,.0000
10865,.3516,.0709,.3807,.1443
10866,.4646,.1118,.1704,.2272
10867,.3987,.2241,.2075,.1216
10868,.0927,.3136,.2273,.3048
10869,.1366,.3930,.3905,.0257
10870,.0936,.3901,.4181,.0403
10871,.0893,.3293,.5352,.0000
10872,.2732,.2312,.4366,.0170
10873,.3356,.2193,.3785,.0117
10874,.4606,.1613,.3352,.0000
10875,.6216,.1049,.2259,.0000
10876,.3383,.3570,.1112,.1392
10877,.4614,.0633,.3909,.0276
10878,.4918,.0514,.3922,.0000
10879,.4160,.0749,.4338,.0000
10880,.1923,.2164,.5006,.0000
10881,.3198,.3011,.3291,.0000
10882,.3484,.2913,.3172,.0000
10883,.2739,.1427,.5373,.0000
10884,.4238,.0784,.4365,.0000
10885,.2502,.1207,.5744,.0000
10886,.4709,.0752,.3916,.0000
10887,.5129,.0883,.3197,.0000
10888,.4657,.0606,.3974,.0000
10889,.3963,.0363,.4925,.0000
10890,.4742,.0166,.4243,.0205
10891,.4986,.0092,.3960,.0131
10892,.4616,.0364,.4150,.0000
10893,.1609,.0891,.6730,.0000
10894,.3675,.0885,.4722,.0000
10895,.4448,.0231,.4597,.0000
10896,.4068,.0506,.4670,.0000
10897,.3879,.0928,.4592,.0000
10898,.2971,.1108,.5477,.0000
10899,.1425,.1151,.6830,.0000
10900,.5178,.0986,.3442,.0000
10901,.5560,.0050,.3972,.0000
10902,.5573,.0320,.3588,.0000
10903,.5088,.0583,.3780,.0000
10904,.6818,.0389,.2219,.0000
10905,.4963,.0838,.3476,.0000
10906,.3420,.1061,.4796,.0000
10907,.3979,.0965,.4317,.0000
10908,.4512,.1092,.3493,.0271
10909,.4101,.2654,.2786,.0000
10910,.5566,.0274,.3625,.0000
10911,.5925,.0182,.3247,.0000
10912,.3461,.0881,.4610,.0000
10913,.1097,.3119,.4845,.0000
10914,.0314,.4146,.4235,.0000
10915,.0610,.4536,.3770,.0000
10916,.4772,.0844,.3688,.0000
10917,.5254,.0000,.4405,.0000
10918,.6310,.0059,.3232,.0000
10919,.6091,.0338,.2985,.0000
10920,.3212,.4196,.2239,.0000
10921,.4394,.1427,.3487,.0000
10922,.3251,.3055,.3204,.0000
10923,.5763,.0090,.3628,.0000
10924,.6475,.0000,.3150,.0000
10925,.6912,.0000,.2765,.0000
10926,.5816,.0257,.3336,.0000
10927,.4100,.1358,.3814,.0000
10928,.0992,.3585,.4951,.0000
10929,.0848,.4148,.4463,.0000
10930,.0887,.6561,.1948,.0000
10931,.0422,.7877,.0907,.0000
10932,.0253,.9044,.0238,.0000
10933,.0083,.6191,.3225,.0000
10934,.0072,.3816,.5654,.0000
10935,.0213,.8594,.0891,.0000
10936,.0172,.7618,.1598,.0000
10937,.0057,.7549,.1560,.0000
10938,.0412,.5198,.3894,.0000
10939,.2361,.2655,.3940,.0368
10940,.3386,.1624,.3428,.0962
10941,.5613,.0755,.2245,.0857
10942,.5345,.1718,.1816,.0620
10943,.2905,.4347,.2154,.0278
10944,.0206,.5982,.3486,.0000
10945,.0233,.4994,.4267,.0000
10946,.0039,.3603,.5865,.0000
10947,.0792,.2000,.6787,.0000
10948,.4800,.1663,.3063,.0000
10949,.4882,.0775,.4022,.0000
10950,.4253,.0382,.5027,.0000
10951,.4078,.2800,.0951,.1432
10952,.4558,.0690,.3849,.0259
10953,.5329,.0659,.3418,.0000
10954,.2979,.1531,.4800,.0000
10955,.0211,.3402,.5789,.0000
10956,.1783,.2436,.5255,.0000
10957,.4705,.2899,.1838,.0000
10958,.2651,.2551,.4283,.0000
10959,.2841,.0603,.5393,.0560
10960,.5102,.0091,.4083,.0239
10961,.4802,.0306,.4227,.0000
10962,.4230,.0230,.4629,.0000
10963,.2719,.0082,.6295,.0000
10964,.0866,.0343,.7831,.0000
10965,.0410,.0383,.4046,.4270
10966,.2446,.0839,.1889,.3934
10967,.1024,.1695,.6374,.0000
10968,.3318,.0606,.3198,.2038
10969,.8422,.0040,.0535,.0663
10970,.4832,.0097,.4486,.0000
10971,.3024,.0735,.5689,.0000
10972,.2731,.1381,.3621,.1667
10973,.4029,.1083,.3297,.0804
10974,.3540,.0966,.4750,.0000
10975,.6729,.0950,.1922,.0000
10976,.7998,.0000,.1560,.0000
10977,.6813,.0051,.2698,.0000
10978,.6254,.0126,.3189,.0000
10979,.5579,.0219,.3487,.0000
10980,.4864,.0714,.3703,.0000
10981,.4408,.0893,.3984,.0000
10982,.4737,.0792,.3847,.0000
10983,.4595,.0519,.4111,.0000
10984,.5924,.0402,.2976,.0000
10985,.4992,.0154,.4066,.0000
10986,.4970,.0358,.3962,.0000
10987,.3551,.0221,.5356,.0000
10988,.3377,.0703,.4938,.0000
10989,.1649,.2487,.4371,.0000
10990,.0350,.4885,.3571,.0000
10991,.2144,.1645,.5283,.0000
10992,.3397,.0345,.5512,.0000
10993,.4740,.0273,.4334,.0000
10994,.3556,.0293,.5496,.0000
10995,.4058,.0034,.5243,.0000
10996,.4122,.0943,.4426,.0000
10997,.3724,.3311,.2585,.0000
10998,.5258,.2425,.1870,.0000
10999,.5517,.1287,.2762,.0000
11000,.4233,.0000,.5445,.0000
11001,.4568,.0047,.5053,.0000
11002,.5861,.0337,.3357,.0000
11003,.3546,.4163,.1982,.0000
11004,.3913,.1455,.4025,.0000
11005,.3381,.1744,.4116,.0000
11006,.0658,.4440,.4304,.0000
11007,.0749,.6782,.1943,.0000
11008,.0282,.6881,.2158,.0000
11009,.0445,.5843,.3173,.0000
11010,.0699,.5146,.3112,.0000
11011,.0327,.5902,.2559,.0000
11012,.0049,.6969,.1742,.0000
11013,.0152,.6789,.1606,.0000
11014,.1878,.6311,.0967,.0000
11015,.2098,.4324,.2606,.0345
11016,.3111,.3017,.2145,.1128
11017,.3774,.2226,.2853,.0634
11018,.3954,.2881,.2832,.0000
11019,.0386,.6719,.2422,.0000
11020,.0381,.6324,.2704,.0000
11021,.0583,.5329,.2739,.0966
11022,.0544,.2041,.6777,.0082
11023,.4457,.0627,.4450,.0000
11024,.6198,.0201,.3257,.0000
11025,.7581,.0194,.2098,.0000
11026,.3676,.3637,.2190,.0000
11027,.4877,.1282,.2121,.1161
11028,.3279,.0814,.4811,.0439
11029,.1518,.3339,.3827,.0865
11030,.0612,.4035,.4921,.0000
11031,.3296,.1615,.4470,.0010
11032,.5069,.2135,.1857,.0518
11033,.2424,.4676,.2311,.0302
11034,.3832,.0714,.2570,.2347
11035,.6032,.0189,.2373,.0982
11036,.5848,.0004,.3713,.0000
11037,.4230,.0000,.5166,.0104
11038,.1586,.0607,.6982,.0149
11039,.1099,.1668,.6391,.0000
11040,.0143,.2729,.6418,.0000
11041,.0687,.3910,.4546,.0000
11042,.3059,.2014,.3951,.0000
11043,.4147,.0192,.4820,.0000
11044,.4173,.0134,.5154,.0000
11045,.1206,.0255,.7900,.0000
11046,.4078,.0552,.4670,.0000
11047,.4694,.0773,.3945,.0000
11048,.4585,.0728,.4322,.0001
11049,.4073,.1034,.4371,.0000
11050,.1900,.3752,.3867,.0000
11051,.4056,.4526,.1201,.0000
11052,.7027,.0000,.2634,.0000
11053,.7597,.0033,.2038,.0000
11054,.4543,.0650,.4124,.0000
11055,.4820,.0925,.3601,.0000
11056,.6037,.0792,.2416,.0000
11057,.4473,.0425,.4537,.0000
11058,.6906,.1105,.1388,.0000
11059,.4886,.0907,.3705,.0000
11060,.5480,.0176,.3642,.0000
11061,.4460,.0177,.4551,.0000
11062,.4149,.0159,.4846,.0000
11063,.4496,.0094,.4706,.0000
11064,.4062,.0757,.4179,.0000
11065,.1473,.1857,.5583,.0000
11066,.0200,.2211,.6495,.0000
11067,.1740,.1747,.5423,.0000
11068,.1464,.1467,.5449,.0542
11069,.1801,.0878,.5910,.0491
11070,.4943,.0029,.4336,.0000
11071,.4865,.0194,.4361,.0000
11072,.4323,.0285,.4690,.0000
11073,.3618,.2512,.3376,.0000
11074,.3074,.1249,.5241,.0000
11075,.2562,.0000,.7031,.0000
11076,.4317,.0000,.5349,.0000
11077,.6203,.0025,.3404,.0000
11078,.6073,.0091,.3355,.0000
11079,.5309,.0078,.4071,.0000
11080,.4429,.0671,.4062,.0121
11081,.1807,.2192,.5009,.0305
11082,.1182,.4402,.3853,.0000
11083,.0926,.4993,.3473,.0000
11084,.0848,.5091,.3392,.0000
11085,.1780,.5106,.2291,.0000
11086,.1405,.4393,.3387,.0000
11087,.1376,.3951,.3903,.0000
11088,.0693,.4650,.3163,.0000
11089,.2518,.3799,.2250,.0000
11090,.0182,.5377,.3928,.0000
11091,.0402,.7074,.2204,.0000
11092,.0800,.4631,.0719,.3366
11093,.6626,.1573,.1314,.0000
11094,.3135,.4114,.2246,.0000
11095,.0789,.6251,.2506,.0000
11096,.0829,.5332,.3513,.0000
11097,.1377,.1058,.6847,.0157
11098,.4617,.0406,.4507,.0000
11099,.4972,.0066,.4565,.0000
11100,.3718,.0113,.5857,.0000
11101,.1427,.5263,.2706,.0000
11102,.2083,.3070,.1547,.2438
11103,.1592,.3504,.3030,.1014
11104,.0318,.7623,.0647,.1265
11105,.1955,.4797,.2854,.0000
11106,.1216,.1387,.3930,.2766
11107,.4101,.4435,.0328,.0956
11108,.4885,.2920,.1194,.0585
11109,.5619,.0408,.2424,.0963
11110,.6069,.0084,.3002,.0374
11111,.5761,.0030,.3645,.0000
11112,.4295,.0221,.4522,.0296
11113,.1559,.1344,.5944,.0425
11114,.0524,.2018,.6813,.0000
11115,.0195,.1761,.7357,.0000
11116,.2148,.1356,.5312,.0180
11117,.3167,.0108,.5541,.0336
11118,.4505,.0348,.4416,.0000
11119,.3959,.0357,.5122,.0000
11120,.4134,.0595,.4492,.0000
11121,.3093,.0946,.5275,.0000
11122,.3196,.0721,.5514,.0000
11123,.4514,.0385,.4601,.0000
11124,.4705,.0950,.3742,.0000
11125,.3825,.0518,.5080,.0000
11126,.6342,.0109,.3175,.0000
11127,.6831,.0003,.2861,.0000
11128,.7189,.0001,.2346,.0000
11129,.5949,.0240,.3287,.0000
11130,.4262,.0886,.4077,.0000
11131,.4347,.0773,.4014,.0000
11132,.1308,.7458,.1048,.0000
11133,.5831,.0767,.2447,.0000
11134,.4325,.1430,.3443,.0000
11135,.5350,.0705,.3339,.0000
11136,.7873,.0094,.1399,.0000
11137,.6450,.0164,.2517,.0000
11138,.5449,.0006,.3802,.0000
11139,.5428,.0083,.3798,.0000
11140,.2003,.5488,.2127,.0000
11141,.3687,.2478,.3154,.0000
11142,.3623,.1507,.3912,.0000
11143,.3308,.0756,.4784,.0244
11144,.3427,.0474,.4965,.0220
11145,.4825,.0437,.3901,.0000
11146,.2091,.1063,.6059,.0000
11147,.1876,.1011,.6306,.0000
11148,.2333,.1124,.5715,.0000
11149,.1293,.1312,.3726,.2879
11150,.2151,.0721,.6078,.0235
11151,.5126,.0405,.3890,.0000
11152,.4883,.0249,.4278,.0000
11153,.4916,.0213,.3298,.0946
11154,.4367,.0422,.2941,.1558
11155,.3189,.0495,.2623,.2819
11156,.4260,.1134,.3527,.0389
11157,.2901,.3116,.3378,.0000
11158,.1556,.4646,.3168,.0000
11159,.0886,.4791,.3587,.0000
11160,.1049,.5307,.2996,.0000
11161,.1587,.3590,.4298,.0000
11162,.4222,.1147,.4334,.0000
11163,.2721,.2345,.4732,.0000
11164,.2663,.3401,.3466,.0000
11165,.0071,.6351,.3135,.0000
11166,.0045,.9047,.0508,.0000
11167,.0669,.5650,.2338,.0801
11168,.6060,.1693,.1836,.0000
11169,.6811,.1056,.1625,.0000
11170,.4199,.4346,.0980,.0000
11171,.1605,.2774,.5258,.0000
11172,.3028,.0893,.3780,.1865
11173,.4287,.0396,.4784,.0000
11174,.3385,.0563,.5652,.0000
11175,.3633,.1410,.4482,.0000
11176,.2332,.2441,.4401,.0000
11177,.0472,.6754,.1329,.0851
11178,.1240,.7915,.0097,.0357
11179,.0327,.7570,.1875,.0000
11180,.3208,.2216,.3823,.0000
11181,.2404,.0790,.2633,.3330
11182,.1200,.5768,.2596,.0000
11183,.2446,.3556,.3563,.0000
11184,.5272,.0198,.4057,.0000
11185,.5919,.0331,.3201,.0000
11186,.5672,.0186,.3445,.0000
11187,.2819,.0926,.5492,.0000
11188,.0314,.2674,.6326,.0000
11189,.0430,.2624,.6142,.0000
11190,.1168,.1686,.5562,.0719
11191,.4936,.0722,.1998,.1374
11192,.3983,.0071,.4439,.0884
11193,.4180,.0000,.5320,.0000
11194,.3752,.2456,.3353,.0000
11195,.3705,.2402,.3282,.0000
11196,.4578,.0747,.4053,.0000
11197,.5119,.0453,.3967,.0000
11198,.4735,.0163,.4630,.0000
11199,.4719,.0638,.4000,.0000
11200,.1173,.1109,.6812,.0074
11201,.2531,.0641,.6141,.0093
11202,.5425,.0033,.4175,.0000
11203,.7639,.0000,.2071,.0000
11204,.6788,.0024,.2789,.0000
11205,.6133,.0437,.2625,.0000
11206,.4863,.0761,.3455,.0000
11207,.5721,.0553,.3001,.0000
11208,.4648,.1956,.2742,.0012
11209,.1296,.6050,.2264,.0027
11210,.2412,.1078,.5665,.0000
11211,.4872,.0393,.3785,.0000
11212,.6120,.0024,.3339,.0000
11213,.5987,.0000,.3217,.0000
11214,.5486,.0000,.3824,.0000
11215,.6149,.1005,.2429,.0000
11216,.5670,.0662,.3091,.0000
11217,.5058,.0276,.4035,.0000
11218,.5407,.0125,.3944,.0000
11219,.5211,.0408,.3672,.0000
11220,.4915,.0493,.3887,.0000
11221,.3624,.1181,.4321,.0000
11222,.3099,.1154,.4971,.0000
11223,.3121,.1181,.4969,.0000
11224,.3473,.1556,.2279,.1499
11225,.0856,.2577,.5144,.0108
11226,.2231,.3095,.3660,.0000
11227,.3188,.1596,.4396,.0000
11228,.2500,.0663,.5435,.0705
11229,.3715,.0653,.1225,.3637
11230,.2699,.0542,.0866,.4892
11231,.4875,.0331,.1860,.2294
11232,.3843,.4464,.1372,.0000
11233,.1585,.5355,.2665,.0000
11234,.0952,.5493,.2883,.0000
11235,.1031,.5673,.2766,.0000
11236,.2099,.4101,.3232,.0000
11237,.4001,.1569,.3892,.0000
11238,.4040,.1612,.3815,.0000
11239,.2342,.3023,.4208,.0000
11240,.1538,.6233,.1872,.0000
11241,.0432,.8966,.0299,.0000
11242,.0455,.4498,.2438,.2190
11243,.4294,.1693,.2869,.0699
11244,.6370,.0000,.3280,.0000
11245,.3305,.4477,.2027,.0000
11246,.3947,.1736,.3841,.0000
11247,.3576,.0226,.5732,.0000
11248,.3008,.0450,.6009,.0000
11249,.3244,.1206,.5130,.0000
11250,.3665,.3335,.2476,.0000
11251,.1771,.5649,.2196,.0000
11252,.2654,.4590,.2316,.0000
11253,.2900,.4786,.1839,.0000
11254,.1753,.4257,.3210,.0000
11255,.3055,.1377,.3855,.0848
11256,.5132,.0535,.3301,.0152
11257,.3246,.0925,.5025,.0000
11258,.3726,.0599,.5154,.0000
11259,.6061,.0090,.3443,.0000
11260,.6654,.0274,.2603,.0000
11261,.5308,.0723,.3130,.0000
11262,.2694,.1807,.4756,.0000
11263,.0639,.2764,.5815,.0000
11264,.0531,.2247,.6044,.0000
11265,.3248,.1259,.3427,.1154
11266,.4772,.0441,.2576,.1492
11267,.5398,.0103,.3969,.0000
11268,.5870,.0000,.3683,.0000
11269,.1097,.8271,.0564,.0000
11270,.2766,.5005,.1928,.0000
11271,.4099,.0641,.4631,.0000
11272,.4970,.0148,.4433,.0000
11273,.4304,.0240,.5033,.0000
11274,.5475,.0463,.3482,.0000
11275,.4021,.0875,.4253,.0289
11276,.3717,.0650,.4658,.0368
11277,.5416,.0059,.4086,.0000
11278,.6421,.0000,.3332,.0000
11279,.6584,.0000,.3095,.0000
11280,.6012,.0127,.3327,.0000
11281,.5419,.0645,.3113,.0000
11282,.4891,.0597,.3829,.0000
11283,.4381,.0452,.4154,.0200
11284,.2924,.1537,.4221,.0510
11285,.3233,.1479,.4433,.0000
11286,.5055,.0789,.3270,.0000
11287,.4752,.1777,.2968,.0000
11288,.2324,.5833,.1556,.0000
11289,.5873,.0000,.3378,.0000
11290,.2256,.0000,.7105,.0000
11291,.6175,.0251,.3152,.0000
11292,.6112,.0007,.3501,.0000
11293,.5737,.0095,.3632,.0000
11294,.5640,.0465,.3285,.0000
11295,.5800,.0499,.3223,.0000
11296,.5430,.0514,.3160,.0000
11297,.4638,.0844,.3678,.0000
11298,.4569,.1293,.3513,.0000
11299,.2142,.1002,.5987,.0000
11300,.2369,.3998,.2669,.0000
11301,.0808,.5289,.2969,.0000
11302,.2123,.2685,.4222,.0000
11303,.1348,.1519,.6314,.0000
11304,.2365,.0328,.5426,.1336
11305,.4074,.0725,.2866,.1634
11306,.2275,.0857,.4850,.1465
11307,.3067,.3702,.2897,.0000
11308,.3633,.3182,.2692,.0000
11309,.2687,.4249,.2441,.0000
11310,.2247,.4467,.2769,.0000
11311,.1484,.4390,.3402,.0000
11312,.2999,.3073,.1792,.1476
11313,.2181,.2462,.4795,.0058
11314,.3411,.3210,.2876,.0000
11315,.3815,.4958,.0780,.0000
11316,.1238,.8302,.0222,.0000
11317,.0735,.4924,.3987,.0146
11318,.1756,.1746,.4668,.1334
11319,.3951,.0017,.5765,.0000
11320,.4766,.0057,.4930,.0000
11321,.6153,.0160,.3254,.0030
11322,.1782,.0955,.5887,.0845
11323,.1973,.1598,.5493,.0447
11324,.4045,.0923,.3770,.0793
11325,.3343,.2829,.3119,.0129
11326,.4231,.2809,.1798,.0652
11327,.4303,.0960,.4182,.0000
11328,.3878,.2777,.2877,.0000
11329,.1542,.5572,.2181,.0000
11330,.2129,.2082,.3293,.1609
11331,.5775,.1020,.2329,.0259
11332,.2786,.0536,.5843,.0000
11333,.4228,.0603,.4521,.0000
11334,.4942,.0894,.3643,.0000
11335,.3925,.0976,.4580,.0000
11336,.3502,.1910,.3861,.0000
11337,.0925,.3083,.5190,.0000
11338,.0298,.3137,.5523,.0000
11339,.0462,.1724,.6707,.0000
11340,.4263,.1024,.3709,.0097
11341,.4564,.0666,.3378,.0858
11342,.5594,.0342,.2968,.0572
11343,.6057,.0000,.3568,.0000
11344,.3347,.4375,.1985,.0000
11345,.5538,.0189,.3585,.0112
11346,.4100,.0576,.3401,.1252
11347,.4624,.0247,.3655,.0819
11348,.4549,.0408,.4455,.0000
11349,.5537,.0236,.3617,.0000
11350,.5399,.0381,.3709,.0000
11351,.4811,.0385,.4176,.0000
11352,.5380,.0146,.4024,.0000
11353,.7826,.0003,.1882,.0000
11354,.5062,.0000,.4557,.0000
11355,.6215,.0037,.3275,.0000
11356,.6550,.0333,.2292,.0000
11357,.2262,.0515,.6315,.0000
11358,.0874,.2298,.5880,.0000
11359,.0938,.5997,.2728,.0000
11360,.2936,.2034,.4461,.0000
11361,.2688,.0593,.6203,.0000
11362,.6598,.0536,.2388,.0000
11363,.4619,.0163,.4531,.0000
11364,.1939,.0005,.7157,.0204
11365,.3474,.0000,.5955,.0082
11366,.3036,.0001,.6723,.0000
11367,.6386,.0000,.3309,.0000
11368,.6564,.0005,.3123,.0000
11369,.5978,.0155,.3486,.0000
11370,.6396,.0512,.2678,.0000
11371,.4461,.0257,.4652,.0000
11372,.5338,.0824,.3170,.0000
11373,.4692,.1188,.3432,.0000
11374,.0991,.7061,.1719,.0000
11375,.4341,.4207,.0574,.0000
11376,.1754,.5332,.2085,.0000
11377,.0687,.3888,.4485,.0000
11378,.0594,.1511,.6903,.0000
11379,.1915,.0305,.7134,.0000
11380,.2014,.1131,.6210,.0000
11381,.0450,.1563,.7294,.0000
11382,.1417,.1566,.6446,.0000
11383,.1966,.1987,.5316,.0000
11384,.2288,.2231,.4813,.0000
11385,.4034,.1857,.3279,.0267
11386,.2983,.3654,.2380,.0238
11387,.2730,.4951,.0495,.1201
11388,.0966,.3597,.4914,.0034
11389,.2275,.2155,.4559,.0355
11390,.2330,.2948,.3688,.0434
11391,.1842,.5562,.2057,.0000
11392,.0947,.4969,.3482,.0272
11393,.2541,.1793,.3084,.2167
11394,.5138,.0576,.3085,.0814
11395,.5919,.0280,.3368,.0000
11396,.5099,.0131,.4267,.0079
11397,.4733,.0646,.2424,.1665
11398,.3919,.2175,.2295,.1060
11399,.3253,.1974,.2258,.1960
11400,.3770,.1710,.3833,.0331
11401,.5120,.1029,.1052,.1791
11402,.5564,.0159,.3486,.0069
11403,.5617,.0790,.3053,.0000
11404,.4473,.2449,.2162,.0000
11405,.1911,.2498,.3886,.0436
11406,.3982,.1613,.3396,.0065
11407,.2345,.5372,.1949,.0000
11408,.6560,.0582,.2253,.0000
11409,.3708,.1207,.4461,.0000
11410,.1449,.1652,.6294,.0000
11411,.2909,.1895,.3566,.0853
11412,.0282,.3563,.2760,.2345
11413,.2265,.3185,.3219,.0000
11414,.3614,.1036,.4373,.0000
11415,.2298,.0923,.6011,.0083
11416,.4877,.0978,.2865,.0733
11417,.5433,.0486,.3001,.0501
11418,.2851,.0210,.6436,.0000
11419,.5222,.0165,.4037,.0000
11420,.5668,.0170,.3452,.0132
11421,.5189,.0282,.2305,.1539
11422,.5077,.0266,.2999,.1011
11423,.4837,.0339,.4125,.0000
11424,.4627,.0129,.4593,.0000
11425,.4895,.0143,.4422,.0000
11426,.4968,.0301,.4204,.0000
11427,.4340,.0265,.4959,.0000
11428,.6461,.0009,.3283,.0000
11429,.6066,.0000,.3649,.0000
11430,.7206,.0000,.2445,.0000
11431,.7266,.0142,.2178,.0000
11432,.5969,.0422,.2985,.0000
11433,.3662,.0650,.5056,.0000
11434,.3508,.3415,.2699,.0000
11435,.2455,.3750,.3354,.0000
11436,.4068,.0743,.4267,.0302
11437,.6424,.0644,.1425,.0912
11438,.4851,.0329,.3880,.0344
11439,.5511,.0053,.1678,.2103
11440,.2714,.0030,.5405,.1257
11441,.6592,.0001,.2935,.0027
11442,.3965,.0000,.5696,.0000
11443,.6494,.0000,.3254,.0000
11444,.6469,.0000,.3234,.0000
11445,.5794,.0001,.3891,.0000
11446,.5841,.0007,.3663,.0000
11447,.6075,.0030,.3310,.0000
11448,.5205,.1595,.2503,.0000
11449,.1021,.8450,.0400,.0000
11450,.4001,.3619,.1751,.0000
11451,.2678,.4620,.2076,.0000
11452,.0047,.6708,.2403,.0000
11453,.0576,.4192,.4100,.0000
11454,.0784,.2074,.5926,.0000
11455,.0309,.3977,.4910,.0000
11456,.0640,.2531,.6238,.0000
11457,.1021,.3046,.5427,.0000
11458,.0381,.7240,.2116,.0000
11459,.1068,.5208,.3176,.0000
11460,.3368,.2389,.3586,.0129
11461,.4492,.1859,.2902,.0114
11462,.4601,.2998,.1946,.0000
11463,.0823,.5371,.3298,.0000
11464,.2009,.4086,.3089,.0253
11465,.1562,.2875,.4727,.0306
11466,.2293,.2816,.4245,.0000
11467,.1058,.3966,.4017,.0273
11468,.1338,.1992,.4099,.2089
11469,.2355,.3673,.2802,.0829
11470,.3813,.2029,.2938,.0764
11471,.4430,.0197,.4740,.0129
11472,.4309,.0230,.5048,.0000
11473,.4938,.1151,.3431,.0000
11474,.3708,.2149,.3591,.0000
11475,.2581,.1775,.5258,.0000
11476,.3882,.0849,.3754,.0243
11477,.4389,.0385,.4240,.0009
11478,.4284,.3015,.2061,.0000
11479,.2824,.4207,.2395,.0000
11480,.1360,.6462,.1731,.0000
11481,.4979,.1455,.2787,.0000
11482,.2507,.2882,.2955,.0692
11483,.5149,.0929,.1842,.1221
11484,.6077,.0897,.2265,.0000
11485,.3800,.1441,.3758,.0000
11486,.2745,.1593,.4015,.0369
11487,.2108,.2842,.2686,.1003
11488,.5032,.2063,.1978,.0000
11489,.6177,.0711,.2476,.0000
11490,.4305,.0408,.4728,.0000
11491,.4489,.0828,.4194,.0000
11492,.4179,.0421,.4962,.0000
11493,.4114,.0192,.5190,.0000
11494,.5477,.0422,.3612,.0000
11495,.5725,.0145,.3577,.0000
11496,.6419,.0178,.2835,.0000
11497,.6207,.0251,.2951,.0000
11498,.5626,.0299,.3387,.0000
11499,.4657,.0062,.4672,.0000
11500,.5710,.0058,.3707,.0000
11501,.6622,.0091,.2935,.0000
11502,.5244,.0116,.4171,.0000
11503,.5110,.0003,.4523,.0000
11504,.6563,.0000,.3237,.0000
11505,.8721,.0000,.1048,.0000
11506,.8225,.0000,.1516,.0000
11507,.7757,.0035,.1918,.0000
11508,.6031,.0405,.2984,.0000
11509,.6207,.0470,.2777,.0000
11510,.5134,.0791,.3464,.0000
11511,.2518,.1062,.4813,.0884
11512,.1490,.0870,.4178,.2772
11513,.2802,.0233,.5178,.1257
11514,.5502,.0106,.1886,.1930
11515,.5707,.0153,.1033,.2655
11516,.4344,.0081,.4793,.0101
11517,.7691,.0000,.1950,.0000
11518,.6507,.0000,.3245,.0000
11519,.6858,.0000,.2852,.0000
11520,.5892,.0000,.3790,.0000
11521,.6676,.0000,.2994,.0000
11522,.6210,.0000,.3361,.0000
11523,.4989,.0118,.4359,.0000
11524,.1302,.7681,.0869,.0000
11525,.5082,.3386,.0992,.0000
11526,.3735,.4418,.1310,.0000
11527,.0936,.6495,.1890,.0000
11528,.0124,.5940,.3038,.0000
11529,.0065,.5485,.3429,.0000
11530,.0101,.7091,.1504,.0000
11531,.0228,.4777,.4242,.0000
11532,.0518,.4225,.4762,.0000
11533,.0551,.6689,.2255,.0000
11534,.0641,.7395,.1516,.0000
11535,.2193,.5936,.1583,.0000
11536,.4819,.2652,.1864,.0200
11537,.4973,.1919,.1431,.0958
11538,.1760,.4646,.3062,.0000
11539,.1978,.7180,.0584,.0000
11540,.4055,.3309,.1444,.0684
11541,.3087,.2495,.2108,.1752
11542,.1854,.3713,.3465,.0067
11543,.0801,.3251,.5211,.0000
11544,.2117,.3442,.2838,.1230
11545,.4075,.2053,.2239,.1310
11546,.4824,.0184,.4540,.0103
11547,.4352,.0223,.5065,.0000
11548,.3811,.0382,.5383,.0000
11549,.4697,.1189,.3697,.0000
11550,.3525,.2150,.3964,.0000
11551,.5098,.0615,.3324,.0000
11552,.3741,.1277,.3868,.0000
11553,.4267,.1257,.3090,.0000
11554,.2140,.5768,.1641,.0000
11555,.0293,.9578,.0108,.0000
11556,.6047,.0779,.2752,.0000
11557,.3038,.0705,.5526,.0119
11558,.2910,.1302,.4673,.0212
11559,.2185,.1189,.5432,.0000
11560,.1616,.0975,.5566,.0000
11561,.1295,.2829,.4083,.0000
11562,.4777,.1757,.2224,.0000
11563,.6677,.0621,.1969,.0000
11564,.7750,.0173,.1623,.0000
11565,.8041,.0048,.1540,.0000
11566,.5662,.0179,.3843,.0000
11567,.5045,.0100,.4535,.0000
11568,.6668,.0022,.2895,.0000
11569,.5544,.0627,.3197,.0000
11570,.5236,.0681,.3577,.0000
11571,.5790,.0481,.3163,.0000
11572,.5763,.0180,.3437,.0000
11573,.5041,.0125,.4249,.0000
11574,.5040,.0226,.4204,.0000
11575,.6600,.0160,.2775,.0000
11576,.6824,.0022,.2801,.0000
11577,.5727,.0000,.3900,.0000
11578,.5263,.0000,.4228,.0000
11579,.5776,.0000,.3939,.0000
11580,.5904,.0000,.3873,.0000
11581,.8005,.0000,.1795,.0000
11582,.8564,.0000,.1236,.0000
11583,.7978,.0017,.1773,.0000
11584,.8293,.0029,.1393,.0000
11585,.6658,.0039,.2791,.0000
11586,.5755,.0334,.3225,.0000
11587,.4188,.0849,.3983,.0183
11588,.3441,.0941,.4052,.1130
11589,.5876,.0143,.2974,.0616
11590,.6394,.0054,.3078,.0000
11591,.4285,.0301,.4596,.0000
11592,.5706,.0000,.3919,.0000
11593,.6607,.0000,.3125,.0000
11594,.6774,.0000,.2871,.0000
11595,.5703,.0000,.3882,.0000
11596,.4116,.0000,.5404,.0000
11597,.5736,.0000,.3906,.0000
11598,.5807,.0036,.3628,.0000
11599,.5052,.2483,.1725,.0001
11600,.3179,.4314,.1734,.0011
11601,.0654,.9094,.0209,.0000
11602,.1407,.8209,.0000,.0000
11603,.0486,.6838,.1902,.0000
11604,.0179,.6296,.2806,.0000
11605,.0382,.7265,.1666,.0028
11606,.0921,.6405,.2025,.0027
11607,.0736,.6069,.2436,.0006
11608,.0922,.3775,.4282,.0000
11609,.1660,.4573,.2860,.0000
11610,.4173,.2426,.2755,.0000
11611,.5101,.0695,.1349,.2252
11612,.4446,.0453,.0212,.4164
11613,.3273,.3137,.1769,.1053
11614,.1739,.5474,.2068,.0000
11615,.2742,.3632,.2686,.0243
11616,.1834,.3980,.2796,.0677
11617,.0882,.4918,.3326,.0020
11618,.0308,.5213,.3400,.0000
11619,.1278,.2637,.4755,.0674
11620,.1951,.1554,.5784,.0358
11621,.5013,.0734,.3901,.0000
11622,.4857,.0285,.4548,.0000
11623,.4856,.0201,.4555,.0000
11624,.5584,.0486,.3477,.0000
11625,.5419,.0924,.3283,.0000
11626,.6894,.0637,.1780,.0004
11627,.3659,.0751,.4466,.0185
11628,.3978,.1446,.3096,.0000
11629,.4218,.0771,.3458,.0000
11630,.5510,.0773,.2542,.0188
11631,.5914,.0352,.2992,.0010
11632,.5936,.0408,.2837,.0000
11633,.5707,.0467,.3111,.0000
11634,.5248,.0841,.2846,.0000
11635,.3910,.0979,.1977,.0000
11636,.0119,.1863,.6478,.0000
11637,.3351,.0480,.5176,.0000
11638,.5880,.0207,.3335,.0000
11639,.5741,.0053,.3820,.0000
11640,.3600,.0481,.5469,.0000
11641,.6702,.0251,.2611,.0000
11642,.6372,.0000,.3177,.0000
11643,.5202,.0474,.3865,.0000
11644,.4548,.0870,.4020,.0000
11645,.4421,.0569,.4420,.0000
11646,.4333,.0504,.4528,.0000
11647,.4048,.0614,.3523,.1145
11648,.2036,.5665,.1878,.0187
11649,.5256,.0326,.3898,.0000
11650,.4514,.0296,.4423,.0000
11651,.4641,.0225,.4561,.0000
11652,.5757,.0097,.3762,.0000
11653,.5439,.0050,.3864,.0000
11654,.4313,.0000,.5237,.0000
11655,.5162,.0000,.4620,.0000
11656,.7870,.0000,.2015,.0000
11657,.8564,.0000,.1346,.0000
11658,.7869,.0000,.2037,.0000
11659,.7745,.0000,.2105,.0000
11660,.5767,.0000,.3929,.0000
11661,.7432,.0000,.2198,.0000
11662,.7870,.0430,.0848,.0276
11663,.5644,.1182,.0505,.2037
11664,.6005,.0227,.0920,.2294
11665,.5859,.0008,.3367,.0298
11666,.3793,.0148,.5341,.0000
11667,.6411,.0000,.3076,.0000
11668,.6078,.0000,.3552,.0000
11669,.6131,.0000,.3553,.0000
11670,.5783,.0000,.3852,.0000
11671,.5809,.0000,.3834,.0000
11672,.6539,.0097,.2963,.0000
11673,.5639,.0441,.3446,.0000
11674,.5415,.0377,.3650,.0005
11675,.5066,.3178,.0976,.0058
11676,.3833,.3644,.2115,.0000
11677,.0962,.8266,.0656,.0000
11678,.1098,.7229,.0940,.0007
11679,.0529,.5769,.2456,.0403
11680,.2324,.3795,.2454,.0668
11681,.3334,.3001,.2090,.0775
11682,.1788,.3380,.2706,.1453
11683,.4212,.0837,.0621,.3636
11684,.4699,.0740,.2640,.1212
11685,.3593,.0416,.2304,.3083
11686,.3752,.0267,.3416,.2053
11687,.5131,.0422,.3471,.0451
11688,.4757,.0847,.2891,.0901
11689,.3733,.2884,.1069,.1651
11690,.4174,.2573,.2568,.0000
11691,.1777,.4961,.2631,.0000
11692,.0341,.6137,.2896,.0000
11693,.0317,.6867,.2057,.0000
11694,.0817,.5014,.3481,.0000
11695,.0857,.3520,.4489,.0722
11696,.1789,.2481,.5288,.0056
11697,.4450,.0824,.4404,.0000
11698,.5402,.0034,.4215,.0000
11699,.5838,.0047,.3801,.0000
11700,.5806,.0316,.3483,.0000
11701,.4533,.0253,.4462,.0038
11702,.4234,.0660,.2805,.1422
11703,.4138,.1506,.3563,.0000
11704,.4302,.1565,.3120,.0000
11705,.3840,.0957,.1219,.2801
11706,.6755,.0422,.1648,.0146
11707,.5708,.0503,.2774,.0096
11708,.1386,.0663,.6906,.0124
11709,.4100,.0574,.3496,.0000
11710,.0661,.2993,.2087,.0404
11711,.0011,.1133,.0302,.4281
11712,.0155,.2065,.2558,.1691
11713,.0402,.1210,.6727,.0000
11714,.0418,.0249,.8816,.0000
11715,.1217,.0995,.7128,.0000
11716,.5189,.0603,.3620,.0000
11717,.5265,.0145,.3954,.0000
11718,.4204,.0420,.4774,.0000
11719,.6158,.0646,.2553,.0000
11720,.4461,.3131,.2023,.0000
11721,.0898,.8044,.0936,.0000
11722,.3084,.2928,.0687,.2881
11723,.4063,.1857,.3285,.0403
11724,.5864,.0078,.3758,.0000
11725,.6941,.0216,.2357,.0000
11726,.5816,.0665,.1729,.1325
11727,.5844,.0397,.2966,.0325
11728,.5665,.0302,.3373,.0000
11729,.3855,.0190,.5332,.0000
11730,.5040,.0027,.4651,.0000
11731,.6736,.0000,.3119,.0000
11732,.6174,.0000,.3822,.0000
11733,.8259,.0000,.1741,.0000
11734,.6652,.0000,.3305,.0000
11735,.6465,.0000,.3338,.0000
11736,.7534,.0000,.2250,.0000
11737,.6902,.0164,.2528,.0000
11738,.6374,.0733,.1943,.0310
11739,.4420,.0461,.2818,.1569
11740,.3276,.3887,.2184,.0350
11741,.4594,.0073,.4785,.0000
11742,.5775,.0000,.3710,.0000
11743,.5527,.0000,.3990,.0000
11744,.5779,.0000,.3844,.0000
11745,.4716,.0012,.4933,.0000
11746,.4504,.0050,.5100,.0000
11747,.6633,.0293,.2673,.0000
11748,.5846,.0873,.2824,.0000
11749,.5080,.0338,.3970,.0000
11750,.6146,.0749,.2516,.0000
11751,.4438,.0647,.4258,.0000
11752,.4647,.1018,.3709,.0000
11753,.4388,.3436,.1455,.0059
11754,.1633,.2885,.2499,.2346
11755,.3981,.1035,.3756,.0512
11756,.5296,.0526,.3507,.0000
11757,.4558,.1456,.3318,.0000
11758,.4677,.0921,.3085,.0692
11759,.4386,.0325,.0547,.4066
11760,.5488,.0143,.1819,.1918
11761,.5090,.0097,.4102,.0000
11762,.3470,.0454,.5389,.0000
11763,.2709,.1053,.5586,.0040
11764,.2504,.2211,.4641,.0099
11765,.1532,.1586,.3923,.2202
11766,.2933,.1804,.1963,.2525
11767,.1455,.2262,.5612,.0000
11768,.2930,.2782,.3404,.0000
11769,.1119,.3403,.4455,.0000
11770,.1923,.4092,.3039,.0183
11771,.1434,.4993,.3131,.0012
11772,.0950,.2402,.6159,.0000
11773,.2913,.0964,.5697,.0000
11774,.5113,.0085,.4478,.0000
11775,.4904,.0859,.3784,.0000
11776,.2051,.3189,.4219,.0000
11777,.6373,.0301,.2786,.0000
11778,.4475,.3397,.1661,.0000
11779,.3114,.3444,.2652,.0000
11780,.3746,.0620,.4517,.0000
11781,.5436,.0640,.2520,.0000
11782,.2313,.2248,.2406,.0771
11783,.0470,.2279,.3379,.1029
11784,.1138,.2264,.2828,.0000
11785,.0377,.1084,.4364,.0000
11786,.0231,.3404,.1948,.0846
11787,.0005,.4416,.0605,.1524
11788,.0003,.4374,.2012,.0000
11789,.0184,.3692,.3260,.0000
11790,.1343,.1956,.5871,.0000
11791,.5342,.0535,.3617,.0000
11792,.3211,.0080,.6255,.0000
11793,.4819,.0394,.4369,.0000
11794,.1418,.7524,.0923,.0000
11795,.4244,.0842,.4399,.0000
11796,.5863,.1079,.2717,.0000
11797,.4573,.0478,.4056,.0419
11798,.5425,.0018,.4085,.0056
11799,.5559,.0000,.4103,.0000
11800,.4929,.0113,.4485,.0000
11801,.5214,.0209,.3788,.0362
11802,.4786,.0504,.4136,.0087
11803,.5338,.0495,.3617,.0000
11804,.4194,.0521,.4667,.0000
11805,.4985,.0186,.4436,.0000
11806,.4997,.0000,.4788,.0000
11807,.7223,.0000,.2773,.0000
11808,.6870,.0000,.3130,.0000
11809,.6816,.0000,.3184,.0000
11810,.9010,.0000,.0939,.0000
11811,.7587,.0007,.2145,.0000
11812,.6587,.0044,.2962,.0000
11813,.6032,.0327,.3114,.0000
11814,.5297,.0537,.3616,.0000
11815,.2944,.3855,.2954,.0000
11816,.4991,.0376,.3894,.0000
11817,.5193,.0031,.4204,.0000
11818,.6254,.0000,.3296,.0000
11819,.5990,.0000,.3600,.0000
11820,.5195,.0018,.4379,.0000
11821,.5139,.0071,.4364,.0000
11822,.6312,.0092,.3171,.0000
11823,.4992,.0218,.4258,.0000
11824,.4947,.0178,.4333,.0000
11825,.4976,.0204,.4316,.0000
11826,.5786,.0033,.3704,.0000
11827,.6383,.0088,.2951,.0000
11828,.6463,.0901,.2006,.0000
11829,.4614,.1111,.2888,.0679
11830,.3268,.0242,.4085,.1760
11831,.5690,.0045,.3650,.0000
11832,.5078,.0856,.3412,.0000
11833,.4147,.1014,.3731,.0505
11834,.4889,.0206,.4446,.0000
11835,.5825,.0089,.3622,.0000
11836,.7640,.0045,.1970,.0000
11837,.8637,.0115,.0872,.0000
11838,.7273,.0699,.1531,.0000
11839,.5016,.1831,.2559,.0000
11840,.1862,.2885,.4574,.0008
11841,.0789,.0837,.7628,.0052
11842,.4341,.0071,.4367,.0595
11843,.2721,.0281,.4746,.1500
11844,.2231,.0896,.6047,.0000
11845,.3668,.3006,.2452,.0000
11846,.1674,.4968,.2773,.0000
11847,.0463,.3237,.5680,.0000
11848,.1305,.1676,.4643,.1717
11849,.3403,.0514,.4555,.0834
11850,.4113,.1353,.4010,.0000
11851,.2966,.6029,.0782,.0057
11852,.7949,.0187,.0274,.0977
11853,.6292,.0380,.1954,.0522
11854,.4725,.0093,.4369,.0000
11855,.4609,.0127,.4542,.0000
11856,.5356,.0541,.3118,.0000
11857,.2512,.2294,.3018,.0000
11858,.0841,.2301,.3946,.0000
11859,.0561,.1959,.4344,.0000
11860,.0867,.2138,.3392,.0000
11861,.0572,.2263,.2649,.1058
11862,.0185,.4116,.1185,.1773
11863,.0038,.5374,.2039,.0000
11864,.0353,.4963,.1914,.0052
11865,.2221,.1998,.4006,.0612
11866,.7010,.0171,.2262,.0000
11867,.6078,.0000,.3347,.0000
11868,.5139,.0391,.3801,.0000
11869,.1583,.7347,.0948,.0000
11870,.5593,.0010,.3898,.0000
11871,.6580,.0000,.3088,.0000
11872,.7989,.0004,.1930,.0000
11873,.4660,.0210,.4634,.0000
11874,.2416,.1048,.5687,.0000
11875,.1548,.1002,.6454,.0000
11876,.3424,.0526,.5175,.0000
11877,.5258,.0168,.1291,.2750
11878,.4556,.1206,.3862,.0000
11879,.3317,.0943,.5224,.0000
11880,.4184,.0196,.5186,.0000
11881,.6002,.0000,.3763,.0000
11882,.7232,.0000,.2767,.0000
11883,.6769,.0000,.3231,.0000
11884,.7631,.0000,.2369,.0000
11885,.8312,.0000,.1688,.0000
11886,.7511,.0003,.2265,.0000
11887,.7251,.0021,.2393,.0000
11888,.6765,.0165,.2453,.0000
11889,.7060,.0719,.1606,.0000
11890,.5125,.0798,.3565,.0000
11891,.4134,.0644,.4456,.0000
11892,.5457,.0261,.3700,.0000
11893,.6398,.0000,.3245,.0000
11894,.6880,.0000,.2777,.0000
11895,.5780,.0000,.3911,.0000
11896,.5551,.0000,.4055,.0000
11897,.4961,.0000,.4668,.0000
11898,.5664,.0000,.3874,.0000
11899,.5563,.0118,.3770,.0000
11900,.4523,.0200,.4802,.0000
11901,.6430,.0000,.3242,.0000
11902,.7388,.0000,.2202,.0000
11903,.8000,.0121,.1312,.0000
11904,.6224,.0342,.2766,.0000
11905,.5214,.0204,.3838,.0000
11906,.4948,.0174,.4232,.0000
11907,.4047,.0336,.4823,.0000
11908,.4572,.0195,.4797,.0000
11909,.5547,.0000,.4135,.0000
11910,.7657,.0000,.2058,.0000
11911,.7955,.0000,.1769,.0000
11912,.7532,.0017,.2208,.0000
11913,.6322,.0095,.3307,.0000
11914,.7840,.0440,.1179,.0000
11915,.3530,.3166,.2630,.0000
11916,.0883,.1646,.6884,.0000
11917,.2756,.0009,.6615,.0000
11918,.3935,.0000,.5416,.0000
11919,.3658,.0041,.5458,.0177
11920,.2364,.2025,.4792,.0043
11921,.1236,.1717,.6309,.0000
11922,.3876,.1408,.3543,.0592
11923,.4338,.1477,.2713,.0874
11924,.4374,.1000,.3996,.0100
11925,.3748,.0913,.4813,.0000
11926,.6156,.0021,.3253,.0105
11927,.5342,.0190,.2018,.1674
11928,.3577,.0411,.4079,.0933
11929,.4643,.0195,.4328,.0000
11930,.5943,.0044,.3251,.0004
11931,.4986,.0394,.3402,.0319
11932,.4839,.1375,.3052,.0000
11933,.2648,.1421,.5104,.0000
11934,.1132,.1530,.5974,.0000
11935,.2497,.1978,.3395,.0000
11936,.1684,.1759,.3051,.0504
11937,.1414,.4855,.1225,.0791
11938,.0285,.4515,.3008,.0509
11939,.0422,.3500,.3398,.0374
11940,.1903,.1605,.1903,.3230
11941,.5174,.0198,.4029,.0000
11942,.4808,.0055,.3793,.0695
11943,.3852,.1032,.4382,.0179
11944,.4755,.0453,.4354,.0000
11945,.4373,.0079,.5052,.0000
11946,.7036,.0000,.2655,.0000
11947,.7688,.0000,.2101,.0000
11948,.5468,.0345,.3663,.0000
11949,.4297,.2076,.2781,.0000
11950,.4092,.1253,.3561,.0212
11951,.4186,.0744,.4199,.0105
11952,.3117,.0502,.5509,.0167
11953,.1478,.1321,.6430,.0000
11954,.3697,.1117,.4534,.0000
11955,.2849,.0278,.6437,.0000
11956,.4899,.0000,.4869,.0000
11957,.6786,.0000,.3214,.0000
11958,.7141,.0000,.2859,.0000
11959,.7566,.0000,.2434,.0000
11960,.7932,.0000,.2068,.0000
11961,.7852,.0000,.1980,.0000
11962,.7685,.0000,.2205,.0000
11963,.6721,.0233,.2579,.0000
11964,.7071,.0958,.1295,.0000
11965,.4286,.0715,.4389,.0000
11966,.5089,.0588,.3693,.0000
11967,.6013,.0568,.2938,.0000
11968,.6212,.0000,.3446,.0000
11969,.5097,.0000,.4592,.0000
11970,.6416,.0000,.3327,.0000
11971,.5931,.0000,.3806,.0000
11972,.5014,.0000,.4686,.0000
11973,.6417,.0000,.3217,.0000
11974,.5151,.0062,.4435,.0000
11975,.4741,.0125,.4736,.0000
11976,.4547,.0000,.5179,.0000
11977,.5846,.0000,.3939,.0000
11978,.7281,.0114,.2205,.0000
11979,.4332,.0473,.4526,.0000
11980,.4161,.0403,.4660,.0000
11981,.3503,.0498,.5290,.0000
11982,.3759,.0395,.5122,.0000
11983,.5452,.0480,.3494,.0000
11984,.5427,.0280,.3819,.0000
11985,.6510,.0223,.2896,.0000
11986,.7104,.0198,.1196,.1182
11987,.4883,.0357,.3199,.1094
11988,.5578,.0522,.3483,.0000
11989,.7476,.0340,.1683,.0000
11990,.7250,.0382,.1860,.0000
11991,.4280,.0917,.4345,.0000
11992,.3924,.0174,.5363,.0000
11993,.4557,.0037,.4832,.0000
11994,.2531,.0475,.4158,.2142
11995,.2065,.1277,.5447,.0558
11996,.0490,.0419,.8299,.0000
11997,.0144,.1213,.7987,.0000
11998,.0508,.1114,.7792,.0003
11999,.2041,.0588,.6820,.0000
12000,.1027,.0670,.7784,.0000
